x,y,theta
0.039047251278682464,0.5407749519402167,-2.1966633701553566
0.05351366425955249,0.529078001827506,-2.220567707471692
0.06895715054705474,0.5106838826573971,-2.1883439180307986
0.06816571560388754,0.5011883690891032,-2.215673889697904
0.09677354187339347,0.49127160381103807,-2.2580305029525656
0.12020241427270896,0.47851108415830845,-2.268872516455722
0.1339315130013966,0.3906105255700878,-2.322990765419253
0.17335311605590822,0.2911526062794981,-2.2266616234265943
0.021012777354152138,0.011521429884802608,-2.5109495653617318
-0.5145884081199064,0.0017185580393197764,-2.3822455319279014
-1.8945402658965929,0.010060271419227057,-3.0595759046881335
-3.4941906439187025,0.709901831708152,2.6044777613981083
-4.959630052223503,0.016541834331419245,-2.8518825967266532
-11.07640007502661,0.9855878147885294,2.87424074112554
-22.09238532481848,0.7339314478090401,2.3608478934431734
-35.97571095018825,0.9727676005790631,2.7618572241292503
-76.06244161512407,0.8459760127633815,-3.0760802733504256
-92.05319294035819,0.3282193378857446,1.8333292243096118
-92.05182882081436,0.33235310259272144,1.8459300349148844
-92.04429536625133,0.3362020391824026,1.872232712580324
-92.03652369967766,0.35357018086758846,2.0274651446839966
-92.00609553080736,0.3813262289846103,1.9999506250816026
-91.95389118854969,0.41484929366182194,1.8489208317299486
-91.91844067737384,0.5296760060043555,2.1276981889221123
-91.92225829743346,0.7055211631468757,2.3948751925556993
-92.01710921809428,0.9904717138793628,2.6772081643192163
-92.67201577695201,0.9977154434607174,2.6871882586086606
-93.76095850488046,0.9095987558077798,-2.505681948638823
-95.19030682720627,0.003359730542704161,-2.571014348550603
-97.51376543002473,0.2980861939690573,1.9361789909892266
-99.92889323933291,0.33311410646682105,-2.8243370224879305
-106.93284770191234,0.44866055679946665,2.050816834098619
-123.35212511322952,0.22276231400421118,-0.5827292100239587
-159.05570965031137,0.26308216190003597,1.8661746941969994
-177.31046382964757,0.40434327266074965,2.58392386275439
-177.30316565034147,0.404082655176706,2.5531735521094827
-177.3071637545215,0.41667437829881426,2.443380106942307
-177.2942512595844,0.422054238557557,2.4680090564672765
-177.28526120163383,0.42467952767058814,2.250107509968954
-177.25662020561876,0.46245491740901795,2.234572592021241
-177.21390755261163,0.5071589168313057,2.3083840757584113
-177.1327885914803,0.60673064361754,2.5385644643029543
-177.19129663300671,0.7808962751999893,2.8555554462425787
-177.54623035725479,0.9981296894080025,2.7303102884265105
-178.57556489461479,0.9997371425775402,2.417081014281096
-179.38581761052816,0.39455254875967943,2.37132071802045
-181.1152365840446,0.7864110713709603,2.5153470915724023
-186.43268451805085,0.29423025777685224,1.6056400844973506
-198.08673974725463,0.8415658189383053,2.8082666371113643
-217.90540407192606,0.9663167794815634,3.0858576098558075
-261.76911607067484,0.004187438260359243,-2.214741420224626
-278.36007439064775,0.019753874685966094,2.9631185625152163
-278.36822759201596,0.03195468297339548,2.9519653297505375
-278.36646320087016,0.03273953178837633,2.996398737572438
-278.375155043395,0.040782137169762187,2.828381549860752
-278.3758569245083,0.04961708831701137,2.667659591722135
-278.39563933446834,0.08155238475790803,2.271710115640545
-278.400703740909,0.17345350614832095,2.272579488213718
-278.39877852647163,0.27848483585456524,2.5231946505267118
-278.2116028950743,0.5750928983385647,2.2980112612613084
-278.469473951223,0.8656491057830924,2.960391082383101
-279.58811122164576,0.9716907579529407,2.7882594263901517
-280.17688994076235,0.12600970834720848,-3.107024105207023
-283.52045000349307,0.9724107613027976,2.8056330930359437
-289.4704675753697,0.22174094857800025,3.123301026443433
-301.64396219120334,0.9909148664238162,2.9182178567560406
-318.4884331725041,0.8050327854140981,-2.348877175721544
-353.30916481187217,0.9953859671712205,2.951230766895092
-368.5732959063774,0.5847090323123483,-2.0697063020812525
-368.5714861617714,0.5789827237812183,-2.07588181877283
-368.55864461884164,0.5653661864092463,-2.031964331298777
-368.5397496990265,0.5515448598691644,-1.9189912781015839
-368.5326456019938,0.543143270989074,-1.9076627049827284
-368.51132090268516,0.5218357852337774,-2.05102808504586
-368.45801454413635,0.44299049570076404,-2.167682063587263
-368.35932199492896,0.2864392197206075,-2.250057321425074
-368.5424967557501,0.013343602153237507,-2.5849737505828356
-369.2414417059044,0.006832682003113469,-2.5502892883799
-370.6096136531003,0.021585319176396486,-2.983447860522515
-372.3428041958936,0.0017855083494692852,-2.488202106535182
-376.27852312577613,0.9956147430616538,-2.998535161956964
-378.6636315216098,0.4480060361078222,-2.600467409043667
-388.21029732090216,0.15099038042650456,-2.898357035297216
-399.2086451413087,0.005795552056393716,-2.386778142942692
-443.6994788830926,0.9948760095013814,2.7299337047909304
-460.58619996071104,0.11258368722563762,-2.292260288817456
-460.58742614490023,0.11186850058713471,-2.3910630786902822
-460.5945256131177,0.11229021518476222,-2.485048944598838
-460.6045161677326,0.0941873950425248,-2.6331957172989533
-460.61151824873946,0.10708446833911968,-2.53091176947312
-460.6394899389067,0.07274983217779821,-2.806704511223048
-460.73437218280685,0.0022310435407499486,-2.780436100082409
-460.86586393689873,0.017152928794788032,-2.9160801111083634
-461.12688152684035,0.006490524589830557,-2.6806039546528613
-461.84220973330173,0.007156394884730844,-3.060581100110969
-463.28127654216416,0.07870442574889647,2.85391677813375
-463.8868205864252,0.8576290599337497,-2.5168936265707034
-465.3693525198508,0.949204732325731,2.7974686231468766
-470.93923129158327,0.7689178183543854,-2.7745429993312314
-476.4624704656261,0.5049200031566039,-2.664340802845831
-499.54853787754655,0.4709667555374047,2.6627977292597613
-547.2027397641746,0.4584430453435698,-2.9087957600088634
-561.230431555906,0.4694231716420464,1.8768935652768297
-561.228399389801,0.47678069684896063,1.8422646882564004
-561.2201674837328,0.49268896180918836,1.7440991875145606
-561.218427613646,0.5112658062911369,1.82483814826056
-561.1902598513773,0.5553676888263146,1.9392686261945498
-561.1763180264358,0.5896654278827812,2.0310503234429653
-561.1436168482812,0.6846263033539146,1.7407876131293065
-560.9836349301412,0.8712171848555071,2.1090228471583714
-561.1444206267572,0.9965951757823945,2.5553054719314723
-561.7532941658837,0.9984208649627616,2.8586405898525697
-563.026294127359,0.9989482831484454,2.615625771875254
-564.6066684625196,0.0038873026247585422,-2.6334618173817805
-568.4074403886357,0.3884267404822112,-2.135319661149396
-574.2678815042549,0.9806576441571669,3.1032126559584814
-583.8547938386051,0.20663029440532174,2.445974263154474
-600.1545730153102,0.9979411605513506,2.450835596899717
-634.9709543403205,0.22369561279742645,2.7411886201918367
-651.85023694252,0.9987215033100434,3.0889056502031025
-651.8503776790282,0.9987215033100434,3.118086222581134
-651.843552892617,0.9978595803026482,3.140013558484947
-651.8586355418917,0.9956691045626618,3.1235924905864874
-651.8694224131791,0.9827394054988038,3.0849411612957534
-651.894821172762,0.9854767019164459,-2.9821878239618105
-651.9726417637584,0.9341699153500612,-2.7707208299290254
-652.1425241499385,0.8228006903994539,-2.367243562657637
-651.852066407021,0.48934910191039005,-0.9910648350890758
-651.7177260396044,0.0032783864687008584,-2.828812582639236
-653.1515443184644,0.09120216577001328,2.5040219332588816
-653.7315296521843,0.5134941166867583,-1.0735239599351916
-657.2195475762287,0.9997812002664682,2.6671106306834247
-663.4872309431613,0.01434948301504237,-2.7479478104325548
-671.5394144698859,0.0693374611412349,3.091541370162931
-685.2547547754509,0.5755245268426924,-1.1352583564788166
-724.1349070608228,0.1672105755531174,2.4337155948328526
-743.882802783421,0.2268590035818908,-3.003524620474952
-743.8735652645006,0.2255166727255528,-3.080055321271382
-743.8865091952513,0.2322010643310961,-3.111066209198869
-743.9022468778851,0.23007203310143454,-2.9608656014663017
-743.9089966409722,0.21985533244418765,-2.8106601615120987
-743.9150445122525,0.24430529364359438,-2.774974687526763
-743.9096033289268,0.22842643751318015,-2.765926987434023
-744.0180322545528,0.16518343802200716,-2.4690689745437595
-744.2891506543563,8.083751806057691e-05,-2.918173476361761
-744.9903896095961,0.03440608478658211,-2.9291146248016076
-746.009491444836,0.07701841001313736,-3.0408287777023104
-747.0855933823566,0.9966007573473389,2.8757781299978005
-750.3253255308555,0.9980986913896792,-3.082852023132464
-753.8910000573997,0.5440514490350506,-2.9308993654470905
-768.8798794240994,0.33219026352844894,1.3012880029433118
-779.3722965752187,0.008168996913054914,-2.861942102433672
-816.6879445499003,0.9529738576742267,-3.101807366653535
-832.1203270680533,0.07417753517188291,2.6646551389763022
-832.1099557169061,0.07646915304690075,2.651416172912082
-832.1173457031266,0.07471638877578987,2.669362128701028
-832.1321664471403,0.06193676335503815,2.7250466476309434
-832.1401226719183,0.09797189991121795,2.408921988986058
-832.1501212113409,0.14081229156788913,2.3837596934186527
-832.1207991530179,0.22965941324756814,1.8618092019901695
-831.947356596405,0.408108392655784,1.6638461299743046
-831.6292072666428,0.784044694972707,1.9096324655298709
-832.1005277069825,0.9938017249694983,2.5607399829648347
-833.1925504014138,0.7690114545677973,-2.224137664390162
-833.0782793929632,0.5200416174612168,2.427167125087699
-834.293895876933,0.9152792966870432,-3.1252878030042046
-839.4548838952527,0.35411842196875876,-3.0113735550086043
-852.0252832982399,0.979949088128708,-3.126225473229297
-864.1075979042024,0.805647308599961,-1.7791973709372773
-903.3745291195337,0.040505789452476904,2.781962026134284
-913.2056401960331,0.2511055840435672,-2.7823139965853483
-913.2097818999495,0.25442268336756274,-2.808310788688117
-913.198150640547,0.23925952243081275,-2.7789627752088584
-913.1964811855379,0.23596320816380417,-2.778171490470527
-913.1985341831429,0.24354344882958995,-2.9465220289456497
-913.222368992084,0.2713355618528681,-2.808864240127729
-913.2687726084305,0.24667949804625022,-2.676425212866535
-913.3507130572773,0.13790889310341492,-2.6069990857542487
-913.5877011084575,0.136025389000893,-2.9023203247316363
-913.9758244682481,0.018627605885834432,-2.8845953834920564
-915.3378887319382,0.01094113664501228,-2.5636944108459603
-916.4433719671434,0.6691917636105272,1.0144481690710307
-919.4804826395167,0.33795452088044736,2.977237843857993
-916.7481351288092,0.44231281580086695,-2.9137797108179813
-926.5089306144962,0.005625702005018742,-2.9821888154004994
-948.9824242716329,0.19353556413295658,-3.0338017971031435
-985.0804368055459,0.9986096605822141,2.6085095457929564
-1002.6039018401242,0.9844735265175685,2.879849279517262
-1002.6037205825244,0.984065148212347,2.81407713895318
-1002.6092715853914,0.9910765806570373,2.800992093933445
-1002.6355405548929,0.9832911881314907,2.8431305946664818
-1002.6509676361785,0.9887046112413489,2.876883457778975
-1002.6883170119218,0.9980029362971385,2.7895194512266563
-1002.8016621516568,0.9987882114907712,3.074605076081454
-1002.9893368437894,0.959109229218725,2.7536175469110002
-1003.2467448053645,0.9947934303330647,2.7473200865560887
-1003.9356171687315,0.9965839288332622,2.994812360517969
-1005.2254827582096,0.9949901311436904,2.8772179563067457
-1006.6259027296406,0.4448717855399394,-2.4479676291746184
-1009.7616781212234,0.002139278815120925,-2.6091649451706562
-1015.6228872753471,0.9058355489851243,-2.105793061267958
-1026.393336029582,0.5912343444627772,-1.7645327140131128
-1040.745887957112,0.00010444804789073807,-2.708797298628176
-1080.9010366154064,6.138059616708725e-05,-1.9642565056046264
-1098.4314526885546,0.947140304952754,-3.0251311852725813
-1098.4265641436823,0.9431273035607013,-3.072677706903066
-1098.4206280111273,0.9521825214448626,-2.9896658039111483
-1098.4367891701006,0.9434949547455374,-2.9597313703888934
-1098.4516330409579,0.928580712698181,-3.0275813882639664
-1098.4741530574677,0.9289764999616439,-3.003685204774293
-1098.5564073194,0.9479465220769409,3.0221757400002627
-1098.6877278848642,0.8507738232468007,3.109978428511525
-1098.98662690185,0.9907340193130092,2.358277728772112
-1099.648770849811,0.986993763747283,2.912744085607894
-1100.3566535656437,0.5829519601542021,-1.9622080500800254
-1101.0207567964753,0.9958133440837171,2.063218670524952
-1103.7726556803468,0.9795332764980658,2.692751206089568
-1105.1717715963518,0.9975287644960383,2.5681240288451654
-1116.8333202776826,0.1378796856957814,2.300084607483397
-1135.3796229137993,0.5667554163750358,-0.033882669639983654
-1172.673834317488,0.9958948397813833,2.1789209486023235
-1189.7584015351265,0.7893478240241717,-2.068321151528728
-1189.7696017729568,0.7787220180312254,-2.061368482671999
-1189.7673874563854,0.7785999188381529,-2.080420218490824
-1189.7689921776225,0.7762695154316503,-2.0139583385021944
-1189.769017659332,0.7688860959105632,-1.9409831616744582
-1189.7687776412095,0.7381630726723353,-2.2185146991889377
-1189.6987765904519,0.6452469290343538,-2.089030113208715
-1189.5948872544016,0.5129405593653155,-2.139484573526037
-1189.4565971157735,0.2572443757776118,-2.321662866565427
-1189.8667654361218,0.007761495975226013,-2.796200204492863
-1189.863003163513,0.9899880653025098,2.4401669227999374
-1192.3904513059415,0.9995432105322859,-3.060145188188958
-1194.5721164958336,0.6066357488183977,-1.9821229869318278
-1198.8217104088692,0.573626431238643,2.7224586662019608
-1213.5180506172933,0.9713967258136232,-2.9497872517203447
-1233.8952919998683,0.026530623841421984,2.9240187168787912
-1274.5543476916625,0.6445286449482032,-1.7989711649059918
-1288.6382278775188,0.1702073375005639,-1.9684492199498418
-1288.6388253804269,0.1673930876995868,-1.943472536016021
-1288.6248042236045,0.16334102585518762,-2.014755944078297
-1288.6164211016226,0.1443738182392956,-2.1211544571920418
-1288.606332520129,0.12876439779975365,-2.069396079492958
-1288.6125573501765,0.07436879242684402,-1.9928457119149539
-1288.6499085906055,0.013592069358888646,-2.428178251874939
-1288.783688212376,0.005602901260764674,-2.9706726761084914
-1289.0947395628534,0.02508853780402847,-2.6646937714424346
-1289.7944893184476,0.001039830007423202,-2.92029674072578
-1290.7884998083596,0.2522170424718185,2.1231028076474363
-1292.7843768475652,0.9954652650140027,2.730930854569576
-1294.3208052419634,0.07998392618036294,-1.4100824401943617
-1297.5206730854916,0.2277994007816979,2.371838488625569
-1304.3870970011258,0.6990346717741669,-2.9138363606948094
-1320.9296774394602,0.9847708510038928,2.7185022229603915
-1364.5791373352301,0.01097846302757385,-2.474501348763755
-1371.8799086953609,0.05405565833269901,-2.5526206920095618
-1371.878338115866,0.05090964545255963,-2.610393981092461
-1371.8814544976806,0.04991007077682598,-2.614416446278469
-1371.8987778951212,0.043224682632183924,-2.4547341441254042
-1371.9138241059788,0.02765280138890986,-2.3898923459189905
-1371.9562177619828,0.017639227819737112,-2.3787092898760345
-1372.0432411474978,0.0023158837415811788,-2.2879553638568693
-1372.147380909566,0.008917503966883494,-2.952477590116035
-1372.4546150856452,0.003409160508626393,-2.9017213773644714
-1372.20477353602,0.6276809224784609,1.4983450932001698
-1372.9142006752372,0.9382282951520671,3.0427623050932935
-1374.2038103822174,0.0022702355728812327,-2.7214635981530133
-1377.0305460952309,0.9946198642932195,2.703404530283313
-1381.9128968271095,0.07448898389811197,-3.12333320406774
-1393.2937131742149,0.9488036985676357,2.9639931652599145
-1412.975752177659,0.44960280491222865,-2.1802549818653367
-1454.9362762883402,0.9997892189847936,2.5387820776958536
-1470.8871727404273,0.0007285839521178458,-2.685464715742437
-1470.8926471247994,0.0015636338124454111,-2.722629467657266
-1470.9000799946737,0.0020338151787945404,-2.7522188870428486
-1470.919533494197,0.004251583302878504,-2.764902570275791
-1470.9168413485777,0.005421427925393093,-3.051457740856604
-1470.9954036603776,0.00410490711076361,-3.085956478150965
-1471.0872287328455,0.060209100397592474,2.6799221704873366
-1471.17090712382,0.126280273501118,2.5130798340588676
-1471.3516588742564,0.26408343979649124,2.9579703124879
-1471.4223945306308,0.6161578024509262,2.484431785998554
-1472.5855642197698,0.995791013962971,2.628874489627359
-1474.3673168076082,0.017115430002962177,-3.1227250154396913
-1476.4197819030867,0.9974778436091207,2.619062073008207
-1482.5310907741195,0.09947372799101692,2.633981420891569
-1492.931941519856,0.9851535218701997,3.0685221785877728
-1509.7824778575473,0.4264487006527862,2.3044559415751653
-1547.7567034670217,0.8599938408103392,-2.4591622530989126
-1565.3133848408313,0.9348052691048345,-2.2247481291088396
-1565.3113186735684,0.9401611092403228,-2.2475300426017477
-1565.326095972629,0.9502542125146496,-2.300731231501896
-1565.3035953225617,0.9328813681166226,-2.1368474807424995
-1565.2724759403116,0.9261599733426088,-1.8930563452166518
-1565.2198453740425,0.8950134663000523,-1.9065194668665766
-1565.1934618611426,0.7976977005327941,-1.9355156542256868
-1565.0472112306068,0.6042387847686467,-1.5211747771474182
-1564.8900855005488,0.3253038723610878,-3.1395605681256997
-1565.3307560171784,0.01471841561706011,-2.815025765887847
-1566.6791603892236,0.008616404275753243,-2.82635738034606
-1569.1204591191615,0.03545074086171254,3.0032416054778786
-1572.980840655721,0.994898722585305,2.4152691825282115
-1577.7210620049018,0.8352769896316247,2.703893621026709
-1587.251824521476,0.02742338273367815,-2.3958508982544857
-1607.4229508579888,0.9413417114056531,-2.9251310835275346
-1649.1875427355717,0.012051222484690325,-2.583022589312024
-1672.2734799069083,0.018342089237697035,-2.945823527126992
-1672.2743712007536,0.01283735126629585,-2.909381627173141
-1672.2951110008094,0.003951709414390759,-2.9490449287859097
-1672.3114470741461,0.0020294591580575,-3.0346595012607462
-1672.3196758605882,0.007288116235755119,-3.093888621284849
-1672.355794668475,0.002020488492243823,-3.063012685695431
-1672.4238423245563,0.05049947381878426,-3.0962386044351153
-1672.5635712228293,0.011566386437651009,-2.8035800625337233
-1672.9843447782043,0.01918143260986519,2.9543431652197434
-1673.6951333046038,0.011475653467011668,-3.0294714469877304
-1674.711541229572,0.06585916129235347,3.0215018929904334
-1675.2162539448386,0.38122266889327444,-1.2469844682918862
-1679.374090053245,0.9947899496824281,2.4375952692887495
-1684.905249578843,0.9939856497914684,2.929206159809852
-1695.7772753572726,0.4310454725241433,2.5148882971494118
-1714.7688482069773,0.10632945453942975,2.8158881175899904
-1751.5869295733553,0.8733137031351834,2.470864102539368
-1771.8669066000512,0.9740177750785279,2.7455274127501266
-1771.867405852401,0.9751559882442332,2.788898312400522
-1771.8702657377069,0.9756491798506098,2.817521391698655
-1771.8829614271522,0.9890608235219887,2.928252908435258
-1771.9043261022712,0.9926208169656058,2.8541357891049897
-1771.9618027085846,0.9902880235336123,3.029506804641886
-1772.0843754041578,0.9956020415997031,3.1190606244833834
-1772.2261076794543,0.9145041791280962,-2.5806760495446666
-1772.2956750613548,0.559893579687193,-2.166551600136089
-1772.2699061924377,0.10242793689450029,-2.7175492556870218
-1772.7389285318006,0.5914275649329438,2.1890991579972
-1773.3199033437772,0.22806083707031774,-3.107977431256586
-1775.195215969278,0.9563666475716339,2.927574485400598
-1782.4211875540132,0.4535050278847226,-2.4923677529317954
-1789.0756569067519,0.5459631436172053,2.682417828680615
-1809.7731201872662,0.2717184495526254,-1.8906912319036537
-1846.8108072550708,0.930328287443811,2.257325280368782
-1866.8534889520702,0.8265981795289021,-2.5649855562718193
-1866.8553501906651,0.8237421922226588,-2.5654365356443964
-1866.8496146296632,0.831853984419819,-2.6567212721925273
-1866.849598912538,0.83727055966448,-2.507954005746745
-1866.8493831633086,0.8455508064785165,-2.624055118511665
-1866.8434638378444,0.808081080195643,-2.3516710425891483
-1866.8321173373668,0.7341476982872855,-1.98195611444253
-1866.6391042639013,0.4988307722395117,-1.56896231047868
-1866.4087319320377,0.1571332901560846,-1.6121015306352833
-1866.9185888681418,0.009312567113562277,-2.5578596959934043
-1867.8624014417383,0.36276611108568546,1.9976738954613298
-1869.6646324439794,0.9892555229950087,2.855104625355514
-1871.371057344142,0.7952873730071737,2.6969070127414483
-1876.148684001007,0.19705664068267828,-1.4110474594785765
-1889.7381515038185,0.9885783176762126,2.8823873559155437
-1904.8952810987507,0.4724435233730735,1.8886179933556253
-1940.7726459578055,0.18199644741570542,-2.914201292850498
-1961.6590475783578,0.2741452925945595,-1.6233190420580008
-1961.6565170094834,0.27527820005592407,-1.5953291224462638
-1961.647223357185,0.2672740081417553,-1.5696758004220959
-1961.6329278862863,0.2414648296035069,-1.514501811704117
-1961.64736299189,0.2067573924379391,-1.82206327941742
-1961.616929088813,0.17950986600649876,-1.8186949867660236
-1961.6324152045495,0.09677523126692619,-2.12785770670486
-1961.8472356704356,0.006514071252594953,-2.8363917378553047
-1962.1623463534033,0.09283993360710778,2.9403888335428885
-1962.1082312908413,0.6257939069826068,2.002078796525849
-1963.0011149386748,0.9992775667023133,2.420178907166557
-1965.6343478896322,0.9951782560422517,-3.1080319872213984
-1967.220456657083,0.008057976321866792,-2.440286017700884
-1973.392948329638,0.25790240350272997,2.2132973852654025
-1983.6464086714332,0.3140084065860676,-2.454362606239944
-1997.4834443440172,0.14649309415961728,-3.033840147008368
-2025.7694419799832,0.9967966048867684,2.501072928057946
-2036.9709841832516,0.00801052180738738,-2.713380633129159
-2036.9698960867702,0.003083907045141142,-2.640145279639567
-2036.9750408915297,0.0013929993958451186,-2.5858258111304306
-2036.993090466809,0.0018623984243062418,-2.5488948830978915
-2037.0050831172352,0.0007262447365484653,-2.4994325580072165
-2037.055333613699,0.00915792150431994,-2.714981033842927
-2037.1276835390784,0.015439056953775123,-2.9817433873211407
-2037.3569315575146,0.07762239818964181,-2.898001649082148
-2037.6996263158992,0.0023778298716721344,-2.5145475402152093
-2038.3188750486852,0.02842058348979931,-2.736266808960373
-2039.3907255152747,0.35899088300879506,2.1099820582340003
-2040.3223541511593,0.41159973359969565,-2.056432116362277
-2043.6203020473954,0.999230267645258,2.343563757147809
-2047.0080193224408,0.6652434971742305,2.9274073192206522
-2060.154465906004,0.9372753220997464,3.136213918337015
-2074.3873178951267,0.4349341171348637,-3.0437779088686057
-2114.273962483514,0.9790776542518996,2.9730589261718157
-2134.068929281707,0.42373367462856887,-1.8551290844727422
-2134.0716662314653,0.4254343040126132,-1.8613672710687084
-2134.0730597325933,0.4274236372897941,-1.9183402155175655
-2134.060266460025,0.4257737741290442,-2.048779139913884
-2134.045368272612,0.4254546964986159,-1.8877332878918112
-2134.0522464668616,0.3600593994504411,-2.021875106699069
-2134.0532212766584,0.2833021778131122,-2.157667071652308
-2134.0877800244793,0.08723903490259334,-2.460382132473084
-2134.351039294139,0.0034671282171120166,-2.2426926341069957
-2134.9009481851153,0.0078068931816324075,-2.8928452433435243
-2135.379071515187,0.6521182783117465,1.7738147896808156
-2137.0310444414554,0.679736967821117,-1.737631703778338
-2138.1639925583845,0.22556631861216248,2.543066503897821
-2144.305724632052,0.9967537592954334,-3.0782378474814673
-2155.2811475514777,0.20652849084031283,-2.072372978158973
-2174.1701337042014,0.008235686382645071,-2.791282328508943
-2195.113290292202,0.5020392150559263,1.7226147188394956
-2215.383316632168,0.6934149401031977,-2.637137583217178
-2215.3826888972344,0.6923707733190625,-2.6073344884022083
-2215.3774188543744,0.6915435145975651,-2.60323638576482
-2215.3594939795553,0.6670931628080008,-2.5996721348870957
-2215.3727831765464,0.6508119275756797,-2.838314607831833
-2215.3400275983,0.6390813043164505,-2.8609340341974088
-2215.3301336274712,0.6224582773440558,-2.8562998753109694
-2215.319763780707,0.5899143435529822,-2.908168427175729
-2215.33331022089,0.6718790541556277,2.7214156016854787
-2215.424156814215,0.7219027980113154,2.7955833171542004
-2215.3345254386672,0.27094848194666876,-2.616230276655613
-2217.7445581684515,0.0443321764905266,-2.7007226793395964
-2219.8650716849256,0.17742415198504086,2.1679800585738063
-2225.6879620988448,0.5947270869803949,-2.6468349680606305
-2234.164455170369,0.975755279702641,-3.0247375796879656
-2257.68252330793,0.4073791869670964,2.44633648284613
-2293.0320837955155,0.8708131979957106,2.739997906000391
-2307.753209304931,0.3425572859708225,1.9953630874786077
-2307.753351003557,0.35044933294569164,2.093414334227319
-2307.751572773194,0.35904901528435273,2.0528867321795303
-2307.7528659091918,0.38761138610606444,1.9638073226393935
-2307.744216030706,0.43770111554347174,1.7796976023236795
-2307.67749504187,0.5114504031187816,1.6125502577811224
-2307.609904137339,0.5861094503544395,2.0602513766634036
-2307.488151755797,0.779874422291136,1.6803087731043647
-2307.4902461339866,0.9906795008292953,2.8234160122609264
-2307.9992502755276,0.7826314313366362,-2.028512315698263
-2308.076116858283,0.05465851694593583,2.8730792629842155
-2308.9182643543068,0.7480296064680291,-3.018476626477031
-2311.537239074063,0.9879803957997025,-3.0956168738059917
-2316.172093934413,0.8443102516574115,-2.458818954749181
-2322.680894920769,0.24048578552275504,-1.5908089392085911
-2343.640198302328,0.011039731242339543,-2.797852652593045
-2366.7426540426627,0.003765304789081738,-2.5734400473640378
-2386.3297540864814,0.031769078632749824,-2.5782061597060713
-2386.3285710740665,0.027028782758304844,-2.6109403233238746
-2386.3219529608077,0.03337124914414921,-2.5116990246128488
-2386.3265592175003,0.01203358799827884,-2.3820481286193655
-2386.339412683191,0.0005127580483434884,-2.6105908016377546
-2386.404137850849,0.008925989368630552,-2.74850595441435
-2386.4765961378807,0.02095672576531401,-2.9073990701471666
-2386.629288207584,0.004548778257332506,3.006820631333632
-2387.0398806367134,0.01630232247015488,-3.1145064517503194
-2387.7212041569633,0.0015581083630566317,3.019764573558758
-2389.0554502628106,0.020971987811566936,-3.091910957614367
-2389.8195212116493,0.6889723670873384,-2.5279577663072543
-2390.635372538889,0.0022918825886838416,-2.4145741591672016
-2395.5162797328117,0.023488189525722906,-2.759712205121092
-2408.519533059113,0.9931256144948166,2.985172155112531
-2422.1311028180294,0.05425697102459213,-2.660407547185183
-2463.5920796565083,0.9961114578887282,2.728244206378312
-2479.6521902001446,0.0185697538245369,2.9005205856855056
-2479.6600264375434,0.019501091844962334,2.929400298874457
-2479.662360696477,0.019225007864785065,2.968964817904441
-2479.661547534277,0.016841795206567457,3.0410521171998433
-2479.6910134423288,0.03273665632021746,3.068807088080913
-2479.746477652901,0.03432888937333325,3.1367034357750363
-2479.8453301653512,0.007765712154843041,-2.852545073224152
-2479.9882832892035,0.0018584294210949816,-2.8402026026716967
-2480.4193415791024,0.049119872068487024,-3.0451551179073557
-2481.0241651207416,0.13333633335043457,2.687005322320166
-2481.061040049419,0.9521517889192872,2.6315061935427284
-2483.812623219101,0.9725408784872566,-3.039618063009383
-2484.801545300588,0.03193349998548422,-2.8006687668402557
-2488.9389581903524,0.7833003345652907,3.0168150938790363
-2500.1702353523856,0.016888254454326304,3.0683263781195462
-2518.638593733752,0.0018622202804192056,-2.661318561363719
-2559.131133320701,0.9031259837346426,-2.7652382443141166
-2575.762756455225,0.004557677645891793,-3.0934568985453446
-2575.7654100702803,0.004557677645891793,-3.118976932166305
-2575.7784699674075,0.01040513646187558,-3.0389155258231377
-2575.7882872910745,0.013710663922935611,-3.0906655846441837
-2575.8071061524215,0.021667014347005104,-3.072485831864503
-2575.842120497048,0.024244870642647087,-2.66815843606954
-2575.940197203909,0.0028086409650416497,-2.7938519274738662
-2576.1070917880165,0.007588825416484523,-3.1408287460954716
-2576.4235368162026,0.02790910836406442,3.096757182114338
-2576.7136418356886,0.42664109390507027,2.1644826788557836
-2576.6089910217665,0.6621077457886645,-1.8506660097809893
-2576.777652903027,0.9504534556995077,2.7645643777201068
-2578.760210413128,0.9967881924870294,2.164743685216431
-2585.395492115738,0.6653742323839865,2.347077000871252
-2597.1677376188704,0.3202539789268339,2.5605260539753356
-2612.600562511547,0.9277737330730688,1.9612403914100405
-2650.1712782972586,0.4298947127982841,-2.9294502991341957
-2668.0992534372704,0.07947726457912695,1.9042018546776074
-2668.0978907474787,0.09439932194893483,1.9259920491146305
-2668.1068583045144,0.107147606473389,1.9608490500090854
-2668.1092233038526,0.11348274524696261,2.0328304389056946
-2668.10450375463,0.13246231552784388,2.013823606052025
-2668.1017319016105,0.17787004136551213,1.9847844951697997
-2668.0181038433834,0.27771757535197833,1.8769219228293776
-2667.8848889506544,0.5122298421195665,1.9994603614134707
-2667.708639404655,0.7770941670040927,2.1004791156017966
-2668.150559757911,0.9952759198168184,2.2638594880777756
-2669.3999074837234,0.8893561454835804,-3.0502967241845838
-2671.841207551403,0.9906136332096669,2.4226355015189487
-2674.1423970917017,0.9932661451325742,2.8530069446318214
-2677.886338766915,0.9999133625102546,2.151495832085569
-2683.456148665814,0.23134181297172854,2.3472555826107993
-2697.264875216862,0.9943720435507556,2.6014623995802975
-2735.260219438241,0.7271472748509423,0.6702602348409799
-2753.218539187626,0.22849080696137092,-2.373949497036805
-2753.2175747776732,0.22273448238245064,-2.3584438182468905
-2753.2147700234636,0.21707015254721806,-2.3874636175516666
-2753.2087712098673,0.2009680044440459,-2.4145351112897986
-2753.2129218569607,0.1874261570513577,-2.3723460818885136
-2753.2030300336073,0.15847659489975915,-2.268437397811737
-2753.2462360814966,0.09221593463889219,-2.4628354758612367
-2753.328275701877,0.009250326707520655,-2.9178669118325193
-2753.6830872499786,0.0005228855889016324,-2.706691231224548
-2754.393799289807,0.009632364734700357,-2.799499353813001
-2755.7651023276176,0.19201528663514247,2.692577347083688
-2757.1805928966605,0.9551568354671968,3.115987673818185
-2759.2331854541458,0.4355068228047956,-0.05650179028464519
-2757.5703857282683,0.06505683286430912,2.9880123037605166
-2760.592931178206,0.5294538870466973,-1.7906348129320322
-2785.875765065865,0.18794132019929025,2.743162366900891
-2814.487207176802,0.9901884694749347,2.168643934838957
-2831.4060763571756,0.7877458124992315,-1.6922055530217117
-2831.4145017244296,0.7768700629499057,-1.6713332106570797
-2831.409195211436,0.7723193432143458,-1.6485971272125037
-2831.403014388702,0.7651810806347175,-1.6333886074616326
-2831.3619541486496,0.7198849897747563,-1.4961590338119626
-2831.316997854729,0.7005891219831604,-1.4593282765378421
-2831.2235566907834,0.6074483901976309,-1.1229466357815223
-2831.0250830121954,0.3548613580087849,-1.5902790756575975
-2830.923006081688,0.018973703811579846,-2.0547150336390883
-2831.483501168882,0.017094960747489577,3.1084696828804415
-2831.8787883409464,0.9553878050668421,2.452474140783881
-2833.2335105364364,0.002805340416429299,-2.7970423508166133
-2836.443602571402,0.9991695838316238,2.6572833746125912
-2841.881901403052,0.5433367572549938,2.1407077343977736
-2847.3664299884767,0.9774311325358894,3.047918756125645
-2865.1399211724765,0.7060713127361351,2.3969315114381464
-2911.5466533759386,0.047700913252584014,-3.0906053914646474
-2928.012436193013,0.7481723851858917,-2.6277735547292895
-2928.0111470216593,0.746970759682698,-2.5741338533188878
-2928.017143516084,0.735694951125329,-2.5828249598107202
-2928.028359345208,0.7352299324814218,-2.6882636390179826
-2928.027093189187,0.7406523340088427,-2.89417510355827
-2928.031676472751,0.7105437068879347,-2.9858790719500963
-2928.01151966197,0.7352687057450241,-3.0977395012366955
-2928.0639079765483,0.6803067271345584,-2.7721752300152667
-2928.07384435148,0.7123763831558049,2.770116783095925
-2928.2729764894284,0.9245344682319212,2.990188142181063
-2929.70040944494,0.9918461478621071,2.3405573250317957
-2932.184630013321,0.9239768736506135,-3.1300799207969865
-2935.8062783434043,0.0010058060242492256,-2.5899745798881915
-2941.026598007035,0.4167735483556559,-2.3278304301532775
-2951.251013064699,0.9751843332085882,2.850250087969063
-2967.7622749959874,0.00965835581770302,-2.8280694258848538
-2997.038682844818,0.9856395215076604,-3.094014801630297
-3015.8004479245715,0.012095602442414945,2.783938771887737
-3015.8026130587623,0.01270876125214023,2.8516950487638955
-3015.8022430416804,0.013764574497047388,2.79722322085267
-3015.8207647138606,0.012738462145564764,2.776519147544523
-3015.8220882578653,0.03314581564001667,2.7768777506141733
-3015.879835397417,0.038809777452860426,3.015833584698272
-3015.9258702904754,0.061882923435159075,2.8464358208496536
-3016.0359456383208,0.1574430104618986,3.0749444408571245
-3016.1411028744333,0.2947533870150012,2.4413541267086654
-3016.052366430176,0.8699841057411738,2.451365122450542
-3015.770221910782,0.20732929967155286,-0.9127025442739436
-3016.560362336101,0.444906225961172,2.5260303954995518
-3017.9202307425758,0.7144763325329709,-1.740084448180262
-3018.1333043680397,0.9748855493513995,2.7942893459078526
-3024.0736374502667,0.9922857198723145,3.0156158015684973
-3042.1726253989427,0.9356308202468855,2.391912243778428
-3085.7027630629273,0.6065759062898776,2.9594100902890963
-3100.2558519407503,0.008835287020297851,-2.624941328207499
-3100.2584674822533,0.008901654704283174,-2.6231316297307616
-3100.255553686363,0.006094590760957077,-2.5717320360645455
-3100.2683303749727,0.00731262841318974,-2.6800757820237084
-3100.298748411783,0.0002945004173501289,-2.5980738879498535
-3100.3596651163602,0.008495180308264481,-2.791575917994553
-3100.4436505884764,0.002990170393319751,-2.751662756237711
-3100.610696495253,0.03283509402506168,3.00871883846051
-3100.589494349615,0.30011839447561933,2.2660736866141953
-3100.354561507166,0.908617224483309,2.2428953136926397
-3101.6979446387513,0.9800586941159868,2.7411161021561847
-3102.4937550592545,0.12560075576575705,2.5159589825321405
-3104.9269522413238,0.21113977722786922,2.1065119540611583
-3107.1692181822086,0.898733222213055,2.3270663226209685
-3119.0664247689483,0.9421288963465144,-2.307297057156776
-3135.5200792503947,0.901847557015934,2.7094620761825423
-3175.1939947192554,0.9155879343999107,-2.7312136320980587
-3190.5527474090845,0.0029428867073142697,-2.7537331317648777
-3190.5652107933997,0.006715777565313885,-2.7533682426475323
-3190.573159487875,0.00869542561745223,-2.6404606099950265
-3190.585540449466,0.009874396232968503,-2.788379656342244
-3190.617667139637,0.02259281760491162,-2.8634823718072733
-3190.6591338241255,0.002779751739755374,-2.932385857159646
-3190.802624172107,0.012927246011291643,-2.703032583476522
-3190.9264858375386,0.018924520595444368,-2.8442327934846903
-3191.3147747288385,0.0068715046682107294,3.1183419196820186
-3191.9788018573727,0.030980930571530674,2.9515172401351926
-3190.816938598927,0.9945976625288414,2.5335921640084953
-3193.340228565686,0.9858182185035517,2.6190085927686475
-3195.6154561090866,0.6349732067880218,3.023071482876751
-3200.7361089734995,0.9592042017572892,3.0323406879192767
-3210.626252221261,0.7757588176366702,-1.6247381482687409
-3234.1915301389813,0.09881523836592472,-2.394150981259643
-3278.9736659162922,0.9910850702740955,2.991812982585653
-3294.5230368849575,0.06984177331020155,-2.8181242226130023
-3294.5343648059325,0.0691668027960094,-2.7308735831305597
-3294.5445333340517,0.060090423867578506,-2.7890664683341146
-3294.5528210175526,0.0505778700713497,-2.918671036404162
-3294.5649885601897,0.05769160725442624,-2.845672252783666
-3294.612296830172,0.04470311422249667,-2.8950179192997045
-3294.698382244826,0.05285262134007846,-3.0941085123764434
-3294.8266176131383,0.043366787585310006,-2.7985988493335032
-3295.1682346875714,0.0031298632495971044,-2.5963730036516317
-3295.833096656691,0.08710742443600684,-3.104599728521689
-3296.8253744789367,0.27111027547047484,1.4737154289018068
-3297.8496222913277,0.7073087498941569,-2.3628638078537554
-3298.972971798579,0.0037753652712271936,-2.4397305237136453
-3305.5872419997404,0.22025747757344755,2.332657906189935
-3314.9592219457772,0.17697072367409886,-2.4833157893183686
-3333.1369126175923,0.26688315559221254,-2.6524838429090853
-3369.292600779309,0.9969543689289344,2.739475720084454
-3384.6077160915643,0.9635410113089947,2.925931981032196
-3384.6074791667174,0.9642817226814515,2.8711578874531174
-3384.608439681576,0.9660391907924919,2.837445448636112
-3384.6303986533394,0.9717418826485235,2.841181205313495
-3384.667110641872,0.9702025219785726,2.916313345982294
-3384.713941233209,0.9771361026433817,2.878840696100802
-3384.8350350644246,0.9882214154831107,-3.000891038492586
-3384.9671921127274,0.9120160485207673,-3.0065426787769276
-3385.231472550763,0.9140688796149189,-3.1356596236373426
-3385.837885228214,0.903537990285579,-3.1246201687537343
-3387.314141000913,0.983356842421156,2.8171238383318187
-3389.968167659583,0.8926756671669989,-2.4260073368720083
-3392.8007823219828,0.992773718196718,-2.890052372854742
-3398.991066649049,0.6915967339546869,3.1158277178890685
-3410.8624936124247,0.998769952860747,2.8979002853275553
-3436.6585500752094,0.6876054335292215,-1.9095131181620546
-3477.202406675543,0.42090510429198214,-1.8812444997364484
-3495.6537400963894,0.9977576477560258,3.139609357696523
-3495.65671124933,0.9977576477560258,3.106844584584893
-3495.659778684358,0.9912563132682274,-3.080676481271261
-3495.658683520131,0.9968318053279314,-3.060153894793314
-3495.6875932263583,0.9760197026958765,-3.1175623642371746
-3495.7615551671515,0.9534639707529649,2.984760655738814
-3495.838561782888,0.9777320785881974,2.649782356985069
-3496.0053489593606,0.9901471943401279,2.9419093968114876
-3496.314423908011,0.9840479463415848,2.6898172310869235
-3497.0453589202903,0.9877604582264607,2.920006325344348
-3498.105544726304,0.787221114543858,-2.756693218606984
-3498.7210522629916,0.2496040839414212,-2.546070114328667
-3501.667932230905,0.4861685126570152,-2.9759438370744102
-3506.1829168445206,0.1590978750886213,3.054682084307548
-3517.2175732856836,0.9985759557267182,2.4015009424804354
-3536.100120521378,0.9931016785819395,2.8966357315034443
-3571.749094693011,0.8834088826326075,2.487943272379373
-3590.3800636783253,0.9407715644256225,-2.7684280331838127
-3590.3835371900927,0.9314983992496482,-2.79625107267233
-3590.390103523172,0.9393899378852101,-2.8421048330552994
-3590.390933246304,0.9412000614133011,-2.840916674339535
-3590.425351231557,0.940266876539844,-3.1218481119449777
-3590.4583209304824,0.9308325582571056,-3.0484162774290886
-3590.4861042904704,0.9119492262228673,-2.6346646397627267
-3590.5661797521843,0.8130465931876354,-2.86021196005029
-3590.692227041923,0.8104100385648423,-3.0371696133514914
-3590.83301708957,0.6925407763088799,2.7090807580708143
-3591.1134179063797,0.6221490891839737,-1.608090363816376
-3591.861671848119,0.0012799500361872912,-2.1630874766849804
-3596.326733246535,0.7716059533702958,2.8656268164893017
-3601.9278415307763,0.03386689919269899,-2.8959628905339736
-3613.022015921879,0.9958402374497886,2.92270947955587
-3631.011277342735,0.2479006853581799,3.0291564987059925
-3669.8586253095305,0.9584677684989652,2.69943953825428
-3688.222936354684,0.0013736743038727786,-2.5476454112945444
-3688.2349726287616,0.003991250528193683,-2.5640862158704594
-3688.237427539268,0.003991250528193683,-2.5024687032226303
-3688.2473091727215,0.0031130109874822386,-2.412007730283669
-3688.2594385862185,0.00011396320956507679,-2.3428458436273956
-3688.3001106655524,0.0004152209468790773,-2.1308878022674085
-3688.3397908125917,0.007266578558875951,-2.2323510147939998
-3688.494580125644,0.00358942766999109,-2.753840562052844
-3688.844551423162,0.029245835496401824,-2.921914437600949
-3689.234669044796,0.23072572996845944,2.8295733107972776
-3689.375026612009,0.9970882183226487,2.7156773849100073
-3689.7885779790113,0.12816172129718176,3.0887794376145496
-3693.056356855528,0.013131750321113798,-2.466437618710841
-3697.7640835834695,0.31347685156698224,-2.4021968999829566
-3706.2784694658367,0.9351637225092598,-3.1150956989727536
-3729.4893102219353,0.7255834566995045,2.576552307659542
-3767.6764210942147,0.2918918700127514,2.6440169602712125
-3775.452661011775,0.7480563415230863,2.5117732069426912
-3775.45712885421,0.7498467810294861,2.5168385960774646
-3775.4666021701923,0.7490355703315298,2.56110164033794
-3775.4584137746438,0.7399316167112219,2.624409616547859
-3775.455791821373,0.7632080444626187,2.5951251181727066
-3775.4592436619682,0.7854006462610882,2.6815767615035675
-3775.4774761587655,0.8521761097229648,2.5672681605239944
-3775.605622740952,0.9641727191220908,2.8702045176856235
-3775.980056823847,0.9454601292071555,-3.0653358844293024
-3776.6007894990794,0.985700842944038,2.773925610537998
-3776.8888470443453,0.17304916896485048,-1.9225750261446104
-3778.156881411129,0.6586257846113875,1.9814370311040737
-3781.3736977191907,0.0012941179628774195,-2.6789364345348563
-3787.5304539481326,0.6328102254641572,1.9618437203016956
-3796.409155689875,0.6545642032342018,2.850860977728809
-3815.857906560895,0.04000726363813263,2.729622695186662
-3853.8313484206806,0.9952090128190907,2.735854875757398
-3874.073916426751,0.2777517104669155,-2.463299005338829
-3874.069788815018,0.2674240019768135,-2.509242144009403
-3874.074108831993,0.2660308619422386,-2.4369515330721105
-3874.0751663354517,0.24818543875016996,-2.5657962070523705
-3874.094748793333,0.22806992933422254,-2.7250715183748424
-3874.0887340679083,0.20486623065126722,-2.9066018211655074
-3874.0909992722436,0.14603637888024248,-2.7061925619111555
-3874.17563455737,0.12662963397379484,-2.9928382081544944
-3874.4530126569007,0.0698945964924697,-2.8628602318510947
-3874.510874172299,0.4142764862805035,1.5607168723694453
-3874.799434645347,0.8393151643487214,-1.9044169045621555
-3873.0900339305617,0.006380091305860425,-2.460363571894059
-3876.1661191522785,0.03546331720016823,-3.140939515974506
-3880.5865962075354,0.13524208221022468,2.799744763944922
-3890.1975433031726,0.3288616939564643,1.3389703317764603
-3906.119887694325,0.16457596672305339,-2.5925587315267733
-3951.995476641629,0.9214945365583698,-2.456421984028412
-3958.0556628864106,0.1786885156442357,-2.9225070256222816
-3958.0579769429664,0.18229729720136756,-2.9443755269193064
-3958.0626161277287,0.17149148962757224,-2.909241747775044
-3958.0580637563,0.17122563098331392,-2.802095935648121
-3958.0590949405737,0.13114075852018736,-2.667506985204566
-3958.0580841322594,0.09032052276524101,-2.6652025079186594
-3958.0964480374278,0.04195527239047027,-2.583497780563135
-3958.226974287011,0.005175720830893922,-2.6085654961947577
-3958.5024422813212,0.005216720409937665,-2.768972130355916
-3959.194033459324,0.004788866483429259,-2.8857602734833665
-3959.6616248123673,0.52872602823468,2.913762444291109
-3959.9851429568216,0.5289674553827749,2.5395635942308328
-3962.5457631838626,0.4615132351810419,-2.7873774338857875
-3969.4808004989595,0.006879745894701754,-2.6104653885875657
-3984.0231100734886,0.9854812027188312,2.523042480808199
-4002.8089936728884,0.6447202146912184,3.1271930654029694
-4024.460700948867,0.9934224582558451,3.008578378552425
-4043.40298408024,0.07614149734602994,2.554716206989495
-4043.4047688213896,0.07608348611132436,2.537954316969744
-4043.411335282763,0.06711117331271742,2.5050160922825846
-4043.4155320069667,0.07683638505579998,2.5635766828770574
-4043.4319781379822,0.09205750819940368,2.5136768390905324
-4043.4558221833777,0.1383238807930756,2.48880637060455
-4043.501575876829,0.20984941049340922,2.6551798942820115
-4043.5327374301755,0.3320809867378933,2.8014027041358256
-4043.6049939699733,0.3436573240937362,-3.05931170751162
-4043.4175289188697,0.7276511274621554,2.1725442915958535
-4044.1773380261175,0.9640547172653025,2.8011334905212095
-4045.3839074941325,0.010118092419078182,-3.068979537218215
-4049.0936155443833,0.9922160748631916,2.8955127966382985
-4053.076869711321,0.9815009368844309,2.4403507965086044
-4064.9321760356015,0.00025870459617966337,-2.8337468910783383
-4080.8939660379456,0.9259524511190481,-2.9667398066878503
-4112.740722423199,0.6165669955681771,3.126205717135628
-4130.216824160533,0.7226377680077121,-3.00650084773526
-4130.2091220409475,0.7269186332126611,-2.970386440087237
-4130.215620951065,0.7264540955081361,-3.0018138424550873
-4130.209647087744,0.7253349466926288,-3.08987995211584
-4130.211398498749,0.73128605243424,-3.114756746609233
-4130.246052411179,0.7269072978624909,-3.031495698446808
-4130.241699544049,0.690573089316782,-2.812209477296801
-4130.245918275205,0.656355206217145,-2.7780520286101797
-4130.110774208066,0.4747401787308393,-2.311737284706363
-4130.134320964516,0.18837990126940427,-3.0314095963620664
-4131.277493744414,0.07197888412315047,2.9314772060209915
-4132.90277555978,0.9979845427265767,2.4525482297737105
-4134.983802836614,0.9832825779163427,2.8088556039673778
-4141.648322812303,0.024485387810920693,2.927624892420459
-4146.897836172613,0.9764076593178325,2.754619643105645
-4171.532046052438,0.7932126235620026,2.445271020887959
-4204.63237431166,0.3552968393381521,2.563339992953341
-4224.577857303324,0.9797803176835768,2.867859459702899
-4224.589024545148,0.9764663420101013,2.8733015905056014
-4224.599521320312,0.9642328938455308,2.877302215666856
-4224.581885811365,0.983062750465773,2.9186377996203765
-4224.582496121257,0.999424627903619,3.011479101352168
-4224.641670699376,0.9848514079208445,3.00169254038272
-4224.726669255875,0.9719447895099931,3.0370471660673104
-4224.867128183766,0.9986402164182876,2.812639240493125
-4225.300605957673,0.9563896765793066,-3.1132251159334334
-4225.835126968736,0.988445914253072,2.8373311755198145
-4226.0847505749125,0.08278072794049846,-2.3133365418556897
-4228.603066131503,0.0021438689432516323,-2.850030449839018
-4232.436476739543,0.8405670318336165,2.2460140134002033
-4237.7645896202985,0.1538467355913094,2.6977411396426403
-4246.028936885445,0.7292782938141862,-1.9768102722827265
-4265.227507197908,0.045886091561158665,-2.913133082183945
-4309.802501528197,0.9798437110247892,3.076668196781382
-4322.0415104729655,0.4588428721251169,0.8723581599101049
-4322.038378990376,0.4519586654786137,0.8524240730894768
-4322.02583164305,0.45484614967637976,0.8794160086763192
-4322.006896834941,0.46691993717783903,0.7919665885568214
-4321.974476931824,0.4680890237048932,0.9284831784725034
-4321.8963947733455,0.48133666257544794,0.8870811891387946
-4321.72959481508,0.5276518952792729,0.9319671917707346
-4321.496354809075,0.7211843117360041,0.6739989800953476
-4321.046660680709,0.9994483174453184,1.2744888559564522
-4321.265533262797,0.9976021025010624,2.27257298283228
-4322.568240261932,0.9790601501479356,-3.0939260976859018
-4325.498006247591,0.977091745544242,2.6757311232323335
-4329.147392026122,0.37729453509176003,2.153196470044376
-4334.964563096582,0.1484035982281837,-2.6592775627339678
-4341.950476003605,0.9972032500907957,2.720121427014991
-4359.8812045512595,0.2254631307061191,2.466944845649916
-4395.363723265533,0.6620761941614939,0.9938812201642646
-4420.734216859693,0.8509152812986673,-2.6641158097566078
-4420.732359815955,0.8501570844339005,-2.6141198249446918
-4420.730076496017,0.8498043947941205,-2.58112963892714
-4420.732541618579,0.8450994617487585,-2.7300349821067957
-4420.7181913448585,0.8540364298919254,-2.771130358370579
-4420.754484176265,0.8082417049375604,-2.6062781300679085
-4420.765528064359,0.7510068783778237,-2.2953139005770153
-4420.751877094165,0.6360223876406734,-2.4681269163264647
-4420.453675088754,0.2528352249196472,-1.5070108509676015
-4420.770471504677,0.012394588492194788,-2.701182476421185
-4422.095279420504,0.029095953738844146,-2.6111622324537804
-4423.452782114115,0.8146222808578305,2.3942039945683815
-4425.199442134791,0.2611784403473694,3.0478943808230676
-4428.775348038761,0.0003855514215677133,-2.7283154785273096
-4436.970489519906,0.004160864875892964,-3.02409608964998
-4457.831283492539,0.14487550578227265,2.272192151397353
-4502.839762917485,0.9928358132099052,2.3256667820873744
-4523.6077649486015,0.010090657985535125,3.138827243140531
-4523.616344249916,0.009024815783036646,3.082863994459096
-4523.627267151137,0.013837656473214019,-3.1236006420414277
-4523.636904314282,0.017746805394831852,3.082434392943263
-4523.6707450891045,0.010545814469513462,3.0704063236601
-4523.709617781458,0.01723118199813613,-2.916270107990461
-4523.859411458863,0.0034158830751590593,-2.8559905248027126
-4524.013366429528,0.0007156526933965353,-2.6094427032332836
-4524.326325988408,0.02753618959636742,3.125478767166971
-4524.561816653344,0.32782347017475344,1.8887889976284251
-4524.7097786931,0.9950542510182868,3.050308070536463
-4525.969938538055,0.09377417214954392,3.041246434850569
-4527.582560336078,0.9330351518394218,2.618843507871798
-4530.55377895287,0.0071848155166378885,-2.6059627748051066
-4541.234992608517,0.10884751711616968,2.42291418109597
-4562.335489191893,0.0007655599303636033,-2.4777407095911292
-4593.122320568747,0.059225881288371515,-2.815055066503606
-4613.235287177081,0.9978736139579647,1.9458186370043045
-4613.237158826887,0.9978736139579647,1.9704662645073405
-4613.2356635600345,0.9978736139579647,2.0415479703713437
-4613.246378884443,0.9991880312462326,2.0961778120170056
-4613.263115091457,0.9996836293126563,2.3455225250036795
-4613.317981835814,0.9963877552877296,2.275981455505085
-4613.356900119999,0.9967835425546149,2.7379146472945424
-4613.494661895055,0.9905309468653932,2.654226449074617
-4613.8153999663455,0.987679628118986,-2.989966913462208
-4613.488461980398,0.5828901836168459,-0.5389364755868202
-4611.857526037404,0.008648024861394607,-2.8900893566352175
-4613.5272077735335,0.3299927871133851,-2.786873075349422
-4616.225397057405,0.001255916279131779,-2.4954610468761445
-4624.499441940924,0.093426655310636,2.93985625555786
-4629.745918096557,0.47192917348609537,2.8883404667696997
-4650.68920587293,0.8338657787178366,-2.536570086468808
-4689.825700815025,0.0010022505812742606,-2.422762732942917
-4704.815407331455,0.9880290725575085,2.970765058092259
-4704.819385322187,0.9824715383932132,2.9653375178680825
-4704.819981508512,0.9731309996715735,2.952424532042169
-4704.8247172870815,0.976692522711114,3.0430531340035145
-4704.853878641239,0.9981353136965216,2.9786153959678963
-4704.908237237388,0.9714637095542942,2.932916322293444
-4704.977499729797,0.9772806987168349,2.851580112563206
-4705.187102854078,0.9793680251216629,2.699976913416398
-4705.518187196627,0.9653046861733761,3.1042562569163152
-4705.938689193493,0.6948726518871416,-1.9246742384676199
-4706.606789586892,0.014818316593595138,3.0334847613398024
-4708.084574052883,0.9994334636064744,2.885602851496346
-4710.630464966138,0.9686654107335976,3.0453600622938843
-4716.425009719362,0.01749354929984282,-2.68719336056211
-4726.69972232914,0.8707569415705908,-1.4485741563321282
-4742.796901044022,0.014539448857947007,-2.935935223628193
-4778.246626697358,0.002827505475745275,-2.1891652100767707
-4796.484861207623,0.01188437023131968,-2.4425989830030845
-4796.489995708638,0.006134001509665052,-2.474579381813412
-4796.492250454453,0.010509338897269562,-2.5250872944128933
-4796.501342602361,0.0031422717930434454,-2.4493333895059473
-4796.536760552868,0.004733297436210291,-2.6241085634154464
-4796.580838398759,0.011180647933352455,-2.623617401752614
-4796.682187813485,0.001997514740647248,-2.6664855768539666
-4796.876722812884,0.0013960298965853641,-2.7178502808270917
-4797.068338290151,0.012054639571217633,-2.651283904734803
-4797.766393662453,0.003281202910462203,-2.3138735687432352
-4798.541347931209,0.36816129739577635,0.9289056367596045
-4799.543496765199,0.6628218538447477,-0.9364767820158848
-4800.4864612155,0.9949962930067479,2.514715651931308
-4805.405393072772,0.9546322748419974,2.7089266999694477
-4814.8283050649425,0.07391510126464423,-2.6718072041345438
-4834.876570600516,0.9876702292217862,2.6644698976695906
-4875.047739739026,0.46400747916897656,3.049593016482687
-4889.179414676548,0.9355529314384152,1.4366026124525249
-4889.172879197873,0.9365418236264379,1.374151113327164
-4889.166069161748,0.9430030991889299,1.3364938847568162
-4889.158746069116,0.9489815019130606,1.2328701736278127
-4889.147312080025,0.9705666416777946,1.2846467708514657
-4889.16157632943,0.9936569694351107,1.5767610817627347
-4889.19443316979,0.9996052732885934,1.8554543641733794
-4889.333182344964,0.9990792076238011,2.3441393572857567
-4889.47908521766,0.9962248086910295,2.5108809163150223
-4890.091324861162,0.8083399211161586,-3.122186307071707
-4890.4118922376165,0.5425568261026981,-1.9684715930910128
-4891.7693175540735,0.25060879248808976,1.8079641358502654
-4890.2422673737665,6.936545442695272e-06,-2.4048806849898834
-4893.901197256731,0.99216613218949,3.0230616185266452
-4898.003994722038,0.7681938645549455,-2.3395115064283414
-4911.336123653641,0.9975754309433729,2.8135768843244042
-4950.954292497188,0.049822199045962835,-2.867869718975799
-4967.6446408327865,0.07291430271460075,-2.919874191890061
-4967.650331177002,0.06318300185930054,-2.9329246970137586
-4967.654096464397,0.05942304319648693,-2.90108768389937
-4967.653308304647,0.059273768918214356,-2.8324796053482664
-4967.687076762414,0.05010954712900476,-2.929218860327152
-4967.736313678175,0.0331903086062896,-2.9195991988038594
-4967.809893076042,0.02744814036071518,-3.0008078583207425
-4968.052959609981,0.02690473479131724,-2.8697817782504234
-4968.3443180211325,0.07429164904955793,2.643353490965854
-4967.7773164720265,0.6932803162984734,2.265189921142243
-4968.957064971166,0.9916312085286167,2.448786413196551
-4970.369669684983,0.15740218638552658,2.426561614945613
-4973.0194511677555,0.8700147215172178,2.711261456351375
-4978.3406196470705,0.7187257136872334,-2.705333627554171
-4988.439261093989,0.9775139836654332,2.771089714529122
-5015.7618863940925,0.8922920942360264,2.6498479482507777
-5047.126765597732,0.14049930251526063,2.7785818042033643
-5061.967742209567,0.005158415720735032,-2.2782400036092447
-5061.968079917629,0.005158415720735032,-2.274303221999766
-5061.959937189552,0.009043965380459715,-2.326705324963789
-5061.954214147148,0.010765185644159429,-2.2152319103468074
-5061.973551329486,0.0018222289599025647,-2.2161148075185313
-5061.997683756776,0.00022280246418336397,-2.5388753973719793
-5062.098555084459,0.0022084600033273525,-2.6857482594736735
-5062.2478359749,0.08378478456663728,2.6052603753975276
-5062.411726861679,0.23991354339441825,2.5568469328146755
-5062.159190745654,0.9726566527177951,1.5476808189046025
-5063.276018276352,0.9848577684691076,2.960076208098819
-5064.68135469818,0.004748651946770064,-2.62718564038358
-5067.182144664555,0.0981844660639563,-3.0734595157448985
-5071.230169690357,0.9767220574402049,-2.956365639530674
-5079.199222277506,0.15500305045486043,3.0026219790777278
-5097.549028709886,0.8096696300379135,-2.823945642326553
-5137.958974831523,0.8601442607987617,2.3336450982389882
-5160.27620026683,0.7504092461032723,-2.5308620114735483
-5160.271492357018,0.7583989757215749,-2.6090786640169905
-5160.2798624963725,0.7664643872766002,-2.5522511158094465
-5160.2871458366235,0.7572411954181005,-2.5895039386151124
-5160.309960137141,0.7405632087198698,-2.6477950712600338
-5160.323295589047,0.7101578773024575,-2.994630704450603
-5160.340187134368,0.6831545012428931,-3.1243884755936313
-5160.35001216911,0.5627542606853249,-2.9637275233374294
-5160.3894364414555,0.4577415693349307,-2.6730205847703457
-5160.383716712972,0.22526127766173856,-2.535033954054993
-5161.424768068298,0.16244238375938058,-3.11769122070306
-5162.863744758648,0.9059781703315355,-2.8102514780919723
-5163.718625721113,0.9947024034931986,2.683296342390105
-5166.301899294566,0.17102165103170863,2.8297072815540467
-5174.596655698576,0.9075692257953434,3.084904711538182
-5192.452341691087,0.9686221183216517,-2.948736205430579
-5227.156796047568,0.49022837826116733,-3.1025198833297556
-5240.488268275218,0.9913509631520567,2.5300713063782627
-5240.485920454828,0.9945340833668607,2.546242127988563
-5240.494674934702,0.9956979781168636,2.639887546211262
-5240.495627285599,0.9936052803293995,2.646028198517917
-5240.526835143559,0.9901576327550574,2.725412886433814
-5240.590128594484,0.9877499926874076,2.9873997157706382
-5240.692178792753,0.9988424758604592,3.1163453242935066
-5240.946683864334,0.9827737120189545,-2.5811277502454035
-5240.872847673036,0.6986219701640067,-1.2997531392044122
-5240.138163224151,0.012595408167446902,-2.451286394803968
-5240.47980410974,0.8423868713224387,2.6580491569309137
-5241.819952621047,0.8809658605207342,2.4881263179343875
-5242.379843823781,0.9759892030902749,-3.0778228055211145
-5242.598916946544,0.002739619988101959,-2.303389078467173
-5248.434865078041,0.9977259087063748,2.682685371310175
-5267.778169612881,0.9576589490715698,-3.0108398459702324
-5301.4423456866225,0.17590452566729617,-3.096378220387596
-5324.736067400336,0.07877908559144077,2.9565846932663122
-5324.736996585412,0.0803723645482175,2.941379687668202
-5324.7475045709825,0.07511513746455166,2.997833383588133
-5324.7465097934455,0.08382089402020895,2.9573269541198286
-5324.751522999359,0.10938799751170498,2.971605965875222
-5324.788021413021,0.09167415587335725,-3.090053213852064
-5324.874296232255,0.07406999601385836,-3.084904160523346
-5325.039545689528,0.10099203493763577,-2.946862497446847
-5325.33331072051,0.005295459597838019,-2.2987112734283603
-5325.917585583202,0.025800293343562073,-3.131979375185278
-5326.182245758886,0.8400063093399918,-3.1237526202466555
-5326.679506333618,0.12137195698347823,-2.0258781823791057
-5328.6157705295645,0.9754215053729972,3.0015415770805234
-5334.408229967459,0.24784693947556144,2.4290149986752736
-5345.451725781924,0.9946719007254801,2.164331503119813
-5368.111838660334,0.8388886489282225,-2.0834732193988343
-5395.699616385461,0.991441774825701,2.923409624585581
-5411.801184890272,0.9957062905571328,2.003950163709135
-5411.808197650912,0.9921180982844632,1.9796781589861254
-5411.7987811252115,0.9965265191302994,1.9160911949233075
-5411.798220115418,0.9988793616017652,1.8961142630485597
-5411.816800819512,0.9975649549802444,2.0772219231652977
-5411.852097229238,0.9981418028737297,2.22886649209999
-5411.9080207583365,0.9893702514086663,2.0842089857115536
-5412.074183650816,0.9975736110030583,2.554373533177441
-5412.439640408477,0.965599158378551,2.652572309587688
-5412.856596139111,0.7674250799637887,-2.0065686181401796
-5413.084949868155,0.16391774337248147,-2.6923009238290616
-5414.31745820997,0.9923547479079682,2.7450460003112864
-5416.65037380136,0.711245723111385,1.649469276302666
-5422.890683299083,0.9792996438892404,-2.926404359920383
-5428.969741077536,0.05100881978817713,2.824703000340678
-5444.679411107044,0.9355823219075772,-2.977859615284722
-5488.741409745408,0.7006265045795055,-2.831278551060895
-5501.243330336682,0.0536152915037832,-1.703638410825552
-5501.2455895627845,0.05185583700076681,-1.6739363513008045
-5501.243207472359,0.05791430723471292,-1.7660559576650847
-5501.237688367117,0.05571563742682608,-1.7499282963782428
-5501.216107557034,0.027781532079269932,-1.6898367961742806
-5501.238594530873,0.0035178020856137366,-1.9237688922991671
-5501.285186469203,0.002217093996735429,-1.994990854341525
-5501.3852843031555,0.0019193226174399817,-2.2122191890127687
-5501.652334154575,0.00424109159531709,-2.371943035856801
-5502.236052079497,0.06846688357116384,2.638891893924347
-5502.421248328735,0.7647977415873867,2.9814702322810076
-5503.234075548423,0.405227152684459,2.1929295087835783
-5504.0666702990475,0.18422707428031604,-2.606193457594086
-5507.273824175058,0.015265005624415736,-2.9453627859266858
-5521.742492540357,0.05025401377424758,-2.3702668577013926
-5543.804342726471,0.9806245508976407,3.087221466188776
-5586.808969468622,0.40182483941377745,2.5272579879853065
-5605.201575158124,0.17804587359872648,2.1352743407288264
-5605.202467635095,0.1732387165067203,2.1732430740753106
-5605.201257148094,0.1752752295739727,2.0657275470237675
-5605.194537269003,0.16691297982405126,1.9397682850310787
-5605.17189456609,0.19811834766557007,1.9616590928121305
-5605.151700268199,0.24876977410683296,1.6417759676949695
-5605.0910423491905,0.36246139209895323,1.3543323762804649
-5604.902672711535,0.532232752724191,1.6572180777775687
-5604.764907625564,0.8993580232317359,2.1715483483901377
-5605.403246870078,0.9795784665323801,2.87055641033493
-5606.583706105684,0.9996664031992001,2.7008099489808775
-5608.076655380519,0.25314652504974383,-2.0815550480209577
-5609.261534333314,0.9967282429170631,2.086680245810294
-5614.07415017445,0.9817474043218962,2.796251160881204
-5621.945125435129,0.9978310043398821,2.4206079291613154
-5637.717734995336,0.23775867875693846,2.599790557051991
-5684.305407786572,0.4070107412379341,-2.614178242752191
-5700.488724964192,0.9994327201099595,2.4520928514122904
-5700.487905621308,0.9994327201099595,2.4472474577100254
-5700.4874165850015,0.9969296838851831,2.4009372938497435
-5700.498107368908,0.998699883559236,2.3610116267653316
-5700.517491229319,0.9982579452985669,2.2771489446662354
-5700.507327650925,0.9961992369583266,2.0783852296693244
-5700.548986466702,0.9983238571196588,2.0930690902724747
-5700.697504217776,0.9981810602910443,2.7098456421190633
-5701.008133238857,0.9734241785787887,2.9066861174975163
-5701.332503528912,0.7960410089601692,-2.3712260270305956
-5701.298813319793,0.0016001264973959247,-2.7021469530963524
-5702.92972504187,0.8247477698014816,2.215199651787767
-5707.97812997885,0.9790971510623548,3.002343314522051
-5709.464581190356,0.0014503353309291886,-2.736905878242185
-5719.918218862544,0.002655726166773869,-2.8710445446672996
-5741.721442448083,0.6996114218961429,0.5861992919916492
-5778.924146382935,0.3420134174354644,-1.9887936929605148
-5793.758050734301,0.09034284436581833,2.5179135247248787
-5793.764209748697,0.08898011942178047,2.5540610819845533
-5793.761643442634,0.09247178581893259,2.433754186599442
-5793.761391920014,0.10278839486689494,2.324333507141702
-5793.779768258694,0.14198867655750602,2.1990632094641276
-5793.78681643959,0.1675778529515703,2.030922342191195
-5793.748126725404,0.24972715432280576,1.9236548758514207
-5793.597218242896,0.39223662502924217,1.179911287740624
-5793.117248349108,0.8029476892388282,1.518507127006095
-5793.226405282148,0.9103812751428407,-3.0406975845237803
-5794.415751349846,0.9829893033922296,-2.9999820171283242
-5795.746444378081,0.020367118070817772,-3.0194926046501585
-5797.41703219208,0.7660039928054833,2.1106487231182687
-5800.526774989233,0.9919622908941409,2.751663108265797
-5810.3699424446295,0.005978716595282479,-3.091329062699025
-5833.771096445001,0.06160013357421632,2.7670045328875092
-5870.221684397392,0.9996208547692058,2.7890873029694063
-5888.168252883505,0.9362220673829837,2.9074681657862023
-5888.172798110868,0.9342622295437684,2.9431149618108137
-5888.178835414952,0.9388429407350902,2.9061924790574043
-5888.19447362637,0.9432499418004947,2.7899266274024432
-5888.236408895666,0.9353313549338681,2.9337738140895766
-5888.293850814049,0.957852991053145,3.020789199547721
-5888.39451240253,0.9780082250120086,2.889604979078584
-5888.576003068544,0.999469464796838,2.4335675116233126
-5888.96498721389,0.9611858783046446,-2.9986075191344015
-5889.5783415081105,0.9945563963542069,2.6314431555393885
-5889.780515405797,0.18307983972278397,-1.9820416759155122
-5890.972344577346,0.5441076976900208,1.461018016526392
-5893.497951381601,0.0017005547105532625,-2.6093992334688036
-5898.751798632498,0.0001494497817512544,-2.7310712449975334
-5906.2359587837345,0.8685342477418527,2.551970611909592
-5921.34833502989,0.6978536514156558,-1.5889292181825379
-5957.414944331,0.6920145405236658,2.792775613691461
-5974.654205594995,0.3759213211918463,1.577752664770082
-5974.652516960809,0.38513074184301405,1.5573368943134414
-5974.645573901374,0.3886063077805193,1.5352201439564137
-5974.625811518306,0.4048378245804474,1.6387056279420236
-5974.610926792864,0.40928560128475167,1.714072709236743
-5974.599156001115,0.44633739478250756,1.6125962936840565
-5974.528678778646,0.5737255757168811,1.7313797145405445
-5974.385314748246,0.746824688705057,1.823446537826289
-5974.408073329996,0.9285887532586262,2.41116382562247
-5975.01697588658,0.9891507569564083,2.9027938984103283
-5976.297053760108,0.9994351599785988,2.7206549325062763
-5978.089576707633,0.016169732344930767,-2.529696577224062
-5981.958763389586,0.986892025694174,2.5402661741912507
-5986.166855321136,0.7380824967479275,-1.768656993635033
-5997.581175374254,0.8246951010196059,2.7831970563353465
-6019.97790660214,0.07062471799696535,2.7979357201453254
-6057.117382627089,0.032075922198455765,-2.40222752336453
-6080.492762168748,0.009542136598168795,-2.5874459447292684
-6080.496471662734,0.0069386858880747405,-2.6007397992695824
-6080.505087926545,0.0005778636817150161,-2.662530262455551
-6080.513509467952,0.0005778636817150161,-2.7620390460724895
-6080.561600464467,0.0006541333013911275,-2.6296354736623098
-6080.621160640575,0.010777847754306881,-2.9816963126608633
-6080.719203485024,0.008525332228279432,-2.9424614647401004
-6080.859600579646,0.01066637693357687,-2.959150797529112
-6081.1208785032195,0.003190004668936706,-2.0623345660703154
-6081.655024070323,0.005787498335183192,-3.13344367660825
-6081.759638079013,0.9001990117406744,2.2450627804166086
-6082.976440735829,0.0012398531274775328,-2.6279190459033708
-6085.214623061836,0.6273541089572862,1.993554675762491
-6089.402629015824,0.8724025600010307,2.761895084113915
-6101.646950956666,0.699379503122834,2.538062269055515
-6120.699350860347,0.49989862276919234,3.023985691115932
-6158.892939532076,0.9893576922063247,3.084095694962272
-6175.8266121572115,0.2697121263572763,2.6383021239510844
-6175.825322259366,0.27370077607431365,2.6212795624338936
-6175.838688096742,0.2813426738426005,2.617134317712855
-6175.848767836645,0.2845175811870284,2.5677296400817298
-6175.845876381802,0.2983562537913465,2.6633401080952925
-6175.845082918051,0.3568201449162497,2.5460273215764655
-6175.833589624303,0.42343720035576277,2.4618977728389257
-6175.742411041787,0.6436622811001949,1.9730034223440622
-6175.817943994044,0.8069430495969973,-2.973039784363948
-6175.92654933014,0.699883748481593,2.9241097869389865
-6176.0741513031835,0.6116779724624508,-3.0034920685956212
-6176.918414526028,0.8281967902667625,-1.719278937738401
-6177.828000791667,0.3367319799018745,2.8550735098738143
-6182.1797334370585,0.8037327157288264,2.849436476007046
-6190.544563303202,0.9127710152421805,3.1047986603961766
-6206.824529264929,0.005094287594412191,-3.123835409677848
-6247.642073701126,0.6301200817372407,2.7225971799639836
-6263.796590960649,0.633949495609015,2.5493225134572333
-6263.790973388532,0.6382790977140312,2.487308339170429
-6263.786581851848,0.6377700449506657,2.5090442240181074
-6263.786347133553,0.6435001143038975,2.552521636707529
-6263.794163725147,0.6369539404477125,2.548884696097236
-6263.7628992777745,0.7075263860667068,2.5284350135175675
-6263.802774533003,0.7659327108837496,2.726545330891412
-6263.75818999458,0.8631848314426505,2.1489268170285634
-6263.8774120212,0.9975777484109697,2.66165334398905
-6264.430794636891,0.8946913283623622,3.084323467771261
-6264.444304847467,0.07974305723481676,-2.940875754475595
-6266.803040059264,0.10404735998306182,-2.6482932896456055
-6269.375336889645,0.0011930684177535176,-2.70801461400597
-6274.104139850996,0.17955748903239602,-2.5212908038385997
-6282.496403394793,0.32515669053421087,-1.256400051875565
-6300.766450636949,0.14200562809756884,-2.666219273264576
-6337.96132353334,0.8846599421141585,2.6147947189062757
-6355.978793284549,0.9160931387853763,-3.135835405274368
-6355.974028811812,0.9070310411551233,-3.1025205788486
-6355.996884897093,0.899126063610417,-3.0739870445553303
-6356.01055047132,0.9160812589775394,-3.060114548717177
-6356.02657675712,0.9021134043903305,-3.0427624470572514
-6356.051754653155,0.8762250810136792,-2.9865882896068245
-6356.084221833178,0.811882738971458,-2.9964662378485447
-6356.175152472811,0.8028440334634382,2.904771131401768
-6356.290452383127,0.936914887879763,3.105913996873509
-6356.6270579197635,0.5603538942633857,-1.920808826215478
-6356.888304646904,0.2867895760462997,3.119807116779417
-6357.953861353369,0.9874525963552235,2.891443356299355
-6360.085676026722,0.9807899293775997,2.990789259008804
-6367.417117240993,0.9535457733877194,2.8171194972121327
-6378.2018150084905,0.17678043932520557,-3.1278877435212467
-6394.349417062694,0.0026065575901711856,-2.4227154043820573
-6418.479413923822,0.1638103160281828,-3.1017775734374142
-6433.327536007868,0.07138442457661891,2.5377171476067257
-6433.329020658045,0.07180340850248136,2.5104100910572757
-6433.335365141567,0.0759514885239622,2.3605535556618413
-6433.326468946775,0.09838144663491322,2.423746205828765
-6433.347187031987,0.13729935335104904,2.5650033692118743
-6433.379259221497,0.16407169171239339,2.665931873891349
-6433.418369569913,0.21847928893061194,2.4186727018002614
-6433.3837044790425,0.3476178883126423,2.486623546609608
-6433.202386313287,0.6904376408954663,1.7934305947073144
-6433.482761095431,0.8278639809755283,-1.8412354040052354
-6432.646784308754,0.004237799559982727,-2.999514383175811
-6435.433296385488,0.0013934887763493555,-2.5898628946989697
-6438.784053821949,0.7496896594835091,-2.6574087554935972
-6442.198292810809,0.0028750913458395985,-1.7688987989207532
-6453.385024748814,0.001920995928945753,-2.7011237540976665
-6476.410402101473,0.002798052538556007,-2.4272296759032113
-6510.401852892256,0.9898772688804298,2.6475699928060976
-6531.138258184283,0.9907261027662532,2.791774541141775
-6531.1338613962225,0.9945265396546897,2.780110354781785
-6531.132377930501,0.9879374336903078,2.8066224015522927
-6531.150122123261,0.9994936212024541,2.8531034113845752
-6531.173260774769,0.977318238463085,2.9019752111898027
-6531.214310393171,0.9977123785592924,3.095303228906932
-6531.3225250349005,0.9857819851564872,2.8646029556106036
-6531.487754371071,0.9993535675597451,2.5099620147098847
-6531.759753744926,0.9943569987015259,2.35416744372648
-6532.341320116871,0.9521245169397178,2.9545994269562295
-6533.74052968279,0.99781632049541,2.947520304797922
-6534.776662032583,0.37620934628853286,-2.5256415622628623
-6536.116774941051,0.9990181717080853,2.146153458376956
-6540.984216417627,0.7228969831309016,-2.6137906118007144
-6547.404091362315,0.8360454419378291,-3.0248341886875036
-6561.816449061954,0.024704380340579757,-2.8942058576345144
-6595.164636571415,0.002585689169606261,-2.331473120738643
-6604.133584741438,0.2627933242256483,-2.2690853954837205
-6604.135533901811,0.2626367961720067,-2.331115056755684
-6604.134545080159,0.2635747966819476,-2.3060669539486693
-6604.130704180511,0.24126161908957616,-2.1269984924303307
-6604.118519291218,0.22385596428713408,-2.138798643543111
-6604.1042741284,0.17640163984204085,-2.5384712559003857
-6604.185850426674,0.2071060915820813,3.046093630760927
-6604.1762420567065,0.24212812462265534,2.7962341406166527
-6604.245945849263,0.33312600181102253,2.402309347837118
-6604.160656345968,0.891585934698247,2.3678724643888245
-6605.681203366068,0.9814037877709847,3.0867342064127907
-6606.062530529043,0.1473127762642971,2.8856833279246903
-6607.7957507209685,0.9908275327320403,2.9228195150813994
-6611.722273676747,0.1390586571675667,-2.1431620359900028
-6620.307214302592,0.004155243953294958,-2.6743496143808594
-6642.530386188732,0.4419622047042883,2.724282289784088
-6675.636105873813,0.4596567743419806,-1.1330056501456252
-6697.428119973641,0.22184703310563714,-2.809167299143817
-6697.42582979419,0.22125760311318876,-2.742787516359244
-6697.427520392624,0.20631358195594238,-2.839013419442915
-6697.425218128241,0.20111305165167878,-2.72888586229498
-6697.418371213227,0.19890835667755788,-2.79727199827022
-6697.410882399548,0.192667709593499,-2.498127130536516
-6697.457795427744,0.14656511124013497,-2.176865238385728
-6697.470502125283,0.012110498645959415,-2.2486051057040104
-6697.796825887848,0.0005100314788183298,-2.4372400675016017
-6698.340625553914,0.012541599821204914,-2.8562405710655083
-6699.344999067313,0.25892670736209433,2.0024737088677664
-6700.382469597523,0.5836654941722877,-2.6650185099409405
-6702.454072934366,0.9510325378785537,-3.1228964947233484
-6705.359506521408,0.9842038259778398,-3.115335378973361
-6700.132024403572,0.6203742844778469,1.8513488688916695
-6711.196111275428,0.28806951024254385,-1.5108293156442558
-6748.027391163623,0.3306815300098012,2.314228602223052
-6765.81591324211,0.18870330712980943,3.0705001642486396
-6765.815224593299,0.19461194894083722,3.0484064458911977
-6765.811699676531,0.18748345059994223,2.9241983797360653
-6765.805886490767,0.20326090651843157,-3.099553554362606
-6765.800248138859,0.21438646215011326,-3.1329591229088187
-6765.827633884568,0.18657474275959854,2.8400998773122588
-6765.807106406077,0.2740023647126821,2.8554234409293215
-6765.771009637468,0.3463294509500579,2.4817603477450207
-6765.70580783963,0.5443579879168275,2.3760318426488993
-6765.960927334665,0.9530943091032866,-2.446548279983507
-6766.014210842071,0.005285471029664085,-2.9392004503149733
-6766.306590352112,0.4765677497533276,-1.4454332982412925
-6769.5887106609525,0.1976134249674718,-2.855319152698799
-6775.287577215494,0.6483410801396625,-1.9665916177425635
-6784.678822043446,0.9957821022731091,2.56140807314061
-6805.8764453201165,0.1063378360381757,3.00024429314895
-6846.166527168414,0.8544156030433648,-2.906837328994418
-6853.983718623064,0.0003346370358095353,-2.8726370612622114
-6853.981519836486,0.0017162874123472318,-2.870236699660679
-6853.98832541302,0.0011888389565625755,-2.8383370364563514
-6854.009025409345,0.0034918110452543463,-2.896954342660639
-6854.019070417051,0.011472466980962156,-2.8742755409878002
-6854.076789333989,0.00014903284088151796,-2.796045906910376
-6854.1401682167825,0.014092088849964046,-2.758567141161158
-6854.365325378505,0.0013103613646872998,-2.886823411650036
-6854.7486039663645,0.01009209766226575,3.12411065455591
-6855.364600652518,0.0010917592782180784,-2.2144254548753026
-6856.130138068195,0.3870606993159842,2.072482925563376
-6856.009577943533,0.5927514492065108,2.2375437277354315
-6859.341762423976,0.012763651125139061,-2.948285136702135
-6863.058737517986,0.0017346197686096965,-2.884417848580172
-6873.492536925633,0.014673122468286212,-3.1262984014810637
-6885.935533322294,0.6485578690161294,2.3294752199641575
-6925.986781217046,0.37531992777102835,3.0002008405148546
-6935.1127689937,0.017892695143082806,-3.055112711427809
-6935.121984989793,0.01784383398099993,-3.0610850016115156
-6935.133953769052,0.011803664000793287,-3.0682490440709382
-6935.130273073076,0.012834940872194108,3.0328701720046176
-6935.160296990832,0.006023075826205431,3.0000152403612077
-6935.19378202474,0.008277916236726768,-3.1171290860811265
-6935.270822253482,0.01149555119608082,2.7628934493979855
-6935.297662768419,0.16010665539501032,1.9303941480889133
-6934.832630140456,0.43727420557883906,0.40657262551703477
-6933.275125687866,0.647554392765077,0.7727629350509635
-6933.368105384184,0.9744914900909369,2.669433196289999
-6934.991617197267,0.4907890476885252,2.817156769832886
-6936.38942809871,0.4891900741634428,3.0974542278424257
-6940.532047113918,0.44266422701038693,-2.8399495303472535
-6949.382422373631,0.9976608194666775,-3.129162074708956
-6969.941798760491,0.013101672174228859,-3.049365531850148
-7017.961761184094,0.6753721503568878,2.260438910619558
-7039.80266418516,0.994375526005166,3.008413263108471
-7039.807224695914,0.9939065545573967,3.061039667275903
-7039.810829613068,0.9940457134953732,2.9894713679372487
-7039.82748114577,0.9772067817946972,2.9495563066783212
-7039.860550133217,0.9988880436892643,2.9116374855449774
-7039.8924965673605,0.9946978462959043,2.6522639172211147
-7039.926974529873,0.9970392944552575,2.618443849394261
-7040.1007999008025,0.996565394659538,2.860001033865074
-7040.406181819048,0.992358246345583,2.495925596781663
-7040.993626694736,0.9539890702230436,-2.861208246328431
-7041.439315933608,0.46803666232125013,-2.7970775973878057
-7042.4234891979195,0.9423312545442715,-3.0238222729938338
-7043.728169184406,0.954999544554308,2.6804181347686384
-7048.703415553096,0.9988454622829379,2.692643360391786
-7054.937418758693,0.9420928535185652,2.9461680263646297
-7074.948754679208,0.09142696164056303,2.2804488256749016
-7106.84618039339,0.8020669293288161,-2.327585623858352
-7123.818325769148,0.16261879131004733,2.936879239113842
-7123.816346284336,0.15930497549531492,2.9453805257296253
-7123.82035380471,0.16328385459626102,2.9700333457313084
-7123.820904281803,0.16955552664035464,2.6911272212403485
-7123.826361223759,0.17521941966363913,2.8657820343442033
-7123.840267683274,0.2034966145420139,3.0296759554886066
-7123.881047699762,0.18513129347655408,-3.0015892335751144
-7124.01407310304,0.10968830556211946,-2.7694458942908793
-7124.205925019068,0.0065084471853654,-2.5800621151958665
-7124.921275862677,0.007117578296748077,-2.7267406220335553
-7125.410905178036,0.7716164570677244,1.683383826828047
-7126.422845077138,0.017939978665401805,-2.916182766393053
-7128.039619248606,0.9831409201906237,2.9994594008684015
-7130.959745908544,0.9970351945528659,1.659809625543696
-7140.063452453075,0.9457968958315103,-3.0172989006145743
-7160.787969087293,0.11250713158410493,-3.1130234898403355
-7198.605301824483,0.012958898417681218,-2.5541689790583084
-7218.910554855263,0.04169265700820101,-3.1289531597301465
-7218.914201641503,0.0427916726686251,3.1077063496828146
-7218.907133372468,0.038670281761641764,-3.1253339920049625
-7218.938248112321,0.033728507252819846,3.1395143828453165
-7218.958097793728,0.053789117287569896,-3.054344713276986
-7218.983459792596,0.02870100013285682,-2.7668839417122983
-7219.054345364445,0.03296040078895086,-2.8220430260721505
-7219.209317380814,0.02272238509852984,-2.8477158632825366
-7219.505268956137,0.008571944603958456,-3.0600368421214807
-7220.157248680685,0.0007184153163042979,-3.0259217989896277
-7221.21589559723,0.023541091704534063,-2.5170706185947167
-7222.594546995241,0.9945738107404476,2.9791674616925388
-7224.906063447623,0.8393040253450049,-3.0318020282531166
-7230.306000094916,0.829392029251623,2.3307235787844007
-7243.503951107722,0.6736241912860061,-2.5488639547259155
-7260.176740356582,0.8084176772666392,-1.8116166951328874
-7291.888393047785,0.809371748856925,-2.726946946926592
-7305.382522134379,0.7845852913689212,-2.8649653851380017
-7305.377521842414,0.7796012454916907,-2.8463596576947183
-7305.387631209066,0.7855892814129164,-2.9037252673611467
-7305.413003909454,0.7657329332215592,-2.912690166153643
-7305.4265943850505,0.7415281336988517,-2.9828266264803593
-7305.420226878843,0.7315942664949072,-3.01508086815282
-7305.428083890902,0.7208180471456836,-3.0567419441772086
-7305.509513285589,0.6993320635725973,-2.9876193517741325
-7305.468052376769,0.7189694616828521,2.5044049401504314
-7305.693607645286,0.8680656261953116,3.006860193294174
-7306.537167188939,0.7389096756394511,-2.372033881165999
-7306.613685563855,0.8688527704517593,-2.737129631131883
-7308.853104204005,0.9958503069229375,2.613558317407831
-7314.038826545375,0.2910506503725023,2.9170606825540055
-7320.994030547844,0.9084982535595716,-2.7169888640822624
-7340.344739958408,0.9933230601749433,2.853829630050308
-7379.619172126723,0.9803950881445563,2.7990683527085185
-7396.371768918509,0.20543861410898198,2.48002647520026
-7396.36683651107,0.2018209948075311,2.473313530425674
-7396.371082652328,0.19431808175424772,2.4482791678234532
-7396.362182907226,0.19925476320775398,2.4645343190874005
-7396.33859380643,0.2311878075272665,2.7536833578913065
-7396.34633082885,0.2370323464796719,2.7406379350599295
-7396.370179503506,0.2585054400853739,2.8461323369602205
-7396.376748470111,0.38087150893035526,2.6712635480565003
-7396.438879578596,0.340080907817496,-2.9456760397080943
-7396.470398491711,0.06502475134647921,-2.3841432291824534
-7397.04154647569,0.49335574365764306,1.2165031838137317
-7398.1964477393285,0.28446534206660157,-2.8896060578382046
-7401.341399904257,0.9953783496295863,2.4874719434795267
-7407.043744752413,0.7376822612045131,-2.662561120099687
-7416.876323829292,0.0016520600654426603,-2.4916864063980744
-7433.152501023344,0.002081973077562746,-2.594502973113536
-7470.378433727742,0.9603207158476037,3.103785681230022
-7485.945292781786,0.021506779006127023,-2.5347180143398726
-7485.943374039534,0.02891079363042669,-2.51638722421103
-7485.942258490195,0.02806657545660173,-2.523742017211639
-7485.961705397953,0.02930433307380296,-2.725175992437666
-7486.005344678459,0.03379552823288806,-2.7204434942597193
-7486.037322319226,0.04029795055875114,-3.064155481469477
-7486.082794204603,0.02204286343720432,-2.6228893993602918
-7486.257161577135,0.021215756152476433,-2.3994887809309424
-7486.562111590172,0.14956139797303689,2.0597747438800935
-7486.39060629305,0.8385920412395194,2.6421572860165714
-7487.6372120645465,0.9281372630630902,3.110233185602276
-7485.558013362565,0.002095776619993009,3.0460813676845095
-7486.839631093321,0.6674109553928337,-2.882759236992464
-7492.2001642614505,0.050470423211005845,-2.759983153440334
-7501.746368961449,0.002082439430845159,-2.483410019972656
-7520.3302887639275,0.457663359771041,-2.593698079838953
-7554.463943576525,0.6243791330615226,0.661087416448153
-7568.0295507878955,0.43504994190564483,2.887765342491379
-7568.027836498797,0.4301804376461386,2.8322537781851747
-7568.019871935874,0.4219592645327101,2.7638427664871212
-7568.023462138198,0.42758832618057646,2.883388795845372
-7568.017246837503,0.43583781126405935,2.958260887541874
-7568.023892267571,0.46028209146212773,2.6908065755534576
-7568.027053926174,0.47431477948563994,3.0115665940086664
-7567.980423823964,0.46892590315719723,3.0941987558552917
-7567.9044089657755,0.3957742703738745,-2.8003586942799834
-7567.934689606,0.020230201647966697,-2.8614469223545353
-7568.982926252329,0.27929046329565843,2.1448258106933933
-7570.183970690525,0.9320970522733818,-2.7409563537472303
-7572.360686612682,0.3382702400463459,-1.1300305469169278
-7574.1058907605975,0.11086593740521998,-3.0914187226202334
-7583.192533159303,0.522975649081381,-2.599768301341897
-7608.0490649136,0.9992216296460216,2.7232906660068394
-7655.870919853304,0.0012358699836520527,-3.121512751162481
-7667.0033027739755,0.25393148692181283,-2.668530890907424
-7667.001284725372,0.25889766383602375,-2.622243560688079
-7667.001788617655,0.25002982773716403,-2.6143347839391367
-7666.999615675846,0.24683370942692254,-2.441103333927171
-7667.012839867076,0.23727859128114012,-2.4986238393420916
-7667.040880233057,0.1923951328986714,-2.526830447894678
-7667.121786618727,0.11437067148681834,-2.4636062891773123
-7667.225919686315,0.002233769889842633,-2.595761532152635
-7667.512373937301,0.00446773805668049,3.058365315347727
-7668.281253194431,0.010886194963689672,-2.653663373844948
-7668.453348348407,0.9982374771561364,2.2766979235492997
-7669.513385828631,0.8372428735764615,3.1056024387948824
-7672.172477922387,0.04438861100638003,3.1173520026439894
-7676.943772722924,0.9952962816809029,2.570641407598824
-7691.214505253764,0.9936350028781055,2.8934549429800356
-7709.943205901807,0.37320831641087526,2.213671377229004
-7744.133575865738,0.9756532271612648,2.9616602292063536
-7765.109450510308,0.06448032949477606,-3.13820248405135
-7765.111232845978,0.06193395436779764,-3.092986173145104
-7765.1113339398835,0.05130581909111213,3.1291814529971305
-7765.124117046067,0.04372142816349079,3.1226821819182504
-7765.151226648513,0.04074081705749734,-2.9827757194820266
-7765.196126824867,0.037070166457711586,2.933966191319662
-7765.293142047605,0.02935773148723131,-3.0263615818930516
-7765.565261560761,0.017572525184040698,-3.135008441958147
-7766.012930748597,0.03277730843917386,-2.9200579749513915
-7766.465345072754,0.005515866616333346,-1.9845903992691656
-7767.5873685182605,0.003458377938586787,2.975133273129787
-7767.861000672659,0.503552577530479,-1.5966711524403019
-7771.100803851702,0.9949591618504864,2.3073193504591654
-7774.7550104104685,0.6247555911455192,1.839166495593739
-7788.2716571566725,0.9654129351929822,2.8705182520333894
-7802.206860425408,0.027644090785703693,3.0966141716296374
-7847.116164797385,0.8388681918914133,-1.9182869759407675
-7861.668479664102,0.6615122248363531,-3.0052844308636217
-7861.666401392302,0.6651191960867465,-2.9766959701465976
-7861.672007834297,0.656100021432874,-2.9313306631407214
-7861.665358220645,0.6524733794171584,-2.946158625391779
-7861.675227059562,0.6575731077293122,-3.0113752896864545
-7861.679893560076,0.6489431563785775,-3.0447510896695746
-7861.716160498665,0.6068612074367731,-3.072032440547312
-7861.737856110085,0.5474623723769615,-2.2610076561455017
-7861.597293149698,0.2384194705628961,-1.7668340697443872
-7861.832063509303,0.004143279447435192,-2.350678316654346
-7862.641927410041,0.6707020217693423,2.506129495669173
-7864.033203237616,0.2764174892660577,-2.0071361942189427
-7865.502997463143,0.39990681674035433,1.4786729327780783
-7870.672490093325,0.06285867326110921,-2.465134813939297
-7882.792735300633,0.9905403490000199,3.0857900507982556
-7900.518306501849,0.992969835506501,3.0873852903002748
-7938.186687022307,0.002554444055341858,-2.4169624587562555
-7955.356162078879,0.6784415790489817,2.3192583470001864
-7955.3612988638,0.6845255197959743,2.3225583110703063
-7955.364779843342,0.6882196519729092,2.3222242963496402
-7955.346555485491,0.6946355971905345,2.3102898195678616
-7955.361434973651,0.729980460165272,2.3673060351500315
-7955.391774981908,0.7669288275192429,2.5927414860395217
-7955.432762706602,0.7958958115300845,2.744728647344181
-7955.608308840908,0.92508684372167,2.6466865573399776
-7955.8865318028165,0.9872054519635418,2.7732685168691846
-7956.589243306242,0.997773873982957,2.914384733692824
-7957.717845707884,0.9970042555463563,2.5686441862433815
-7958.083183570254,0.38037918263633524,-1.7905473270979497
-7960.310606572598,0.9979694193090192,2.6815684038995586
-7965.240315798044,0.9932832892256324,2.846512942408685
-7975.900090502818,0.30846877985683674,2.471945859415259
-7995.045727473551,0.014929911044937856,-2.7602279799386307
-8035.910096774473,0.9994340540555541,2.890893354738065
-8054.934632076089,0.9969223765769502,2.4872169531797104
-8054.936043467721,0.9969223765769502,2.5396838356726112
-8054.934754416574,0.9946807957562469,2.467079291322392
-8054.939998040588,0.990667793635381,2.4926781909931446
-8054.949660625731,0.991453500083666,2.5226431734372294
-8054.987952522664,0.9957936246121417,2.39766620004462
-8055.059871363581,0.9996390994398006,2.645160736353775
-8055.2624829878305,0.9927780602080181,2.8506237992003616
-8055.64012624018,0.9717121836202214,-3.0577260513159765
-8056.278362712542,0.9181106795214651,-3.12816414398464
-8057.5669806064325,0.9906612024039473,2.8442024286214567
-8060.155180693408,0.6509855447996902,-1.7298175068295054
-8063.138261389052,0.009220578909578265,-2.891103267689668
-8066.307395155969,0.6885906239072414,-2.5918219733292314
-8077.5177350592485,0.9866238414639683,2.3310525565868634
-8098.125102360271,0.5460787092452213,2.109209723759065
-8145.362489372565,0.007867317946106376,-2.7402176270858183
-8161.0285632371015,0.8502615065193949,2.698846984265863
-8161.027119995908,0.8507618056128257,2.7659562913379663
-8161.039659393178,0.8487073959345549,2.699299316191272
-8161.049013480195,0.8515761217155464,2.6054019243143944
-8161.04887397148,0.8485203327339752,2.652055130853668
-8161.052025260026,0.8500378232029144,2.6486668516882075
-8161.081001905556,0.8779062235186963,2.8616849168207033
-8161.171752379555,0.9244307924966438,-2.963421079099939
-8161.440230390566,0.8437881393830868,-2.489419867316651
-8161.3842099009125,0.4364599780912457,-2.658719541737525
-8161.892557577678,0.010810858747207762,-3.1267918554244925
-8162.5320121492405,0.3790914133088268,-2.9264559438536377
-8165.438400654554,0.00824857175032161,-2.8098328659296774
-8170.619419694377,0.9976030621115535,2.8011572274749437
-8178.007696268213,0.9994019724638863,2.2203994167654866
-8192.92562495447,0.11728845845333116,-3.058391165188085
-8229.04571291027,0.9957984198099382,2.516184671330488
-8245.149342355202,0.007747950133664614,-2.700674945477053
-8245.15646096321,0.008271903670752718,-2.7025254899752618
-8245.156116360082,0.010831829729847715,-2.741411974748535
-8245.149272269786,0.016898159523527214,-2.738716419478518
-8245.184479711055,0.0008599430939120849,-2.5780824217663425
-8245.218465009326,0.0021369018128374697,-2.667253408902879
-8245.34180243618,0.007208081157667492,-2.5014664816473084
-8245.473128373875,0.006059102246172248,-2.6196963946824163
-8245.776482450981,0.003979083573676997,-2.4382604802489
-8246.41464200549,0.00025291515043365624,-2.4178319183222943
-8247.586898735926,0.00465022289311046,-2.8948252428943873
-8246.515157096901,0.0091437278486796,-2.823119080127656
-8248.876174535051,0.2133493766237382,-3.070582011716437
-8253.496391362183,0.0073837751986119745,-2.1958382089399784
-8262.413984800123,0.18388216110059358,2.4752980211614837
-8283.375013696952,0.7309035524910077,-3.0537827997426787
-8316.18185680424,0.35359845249631466,-2.9183123603960923
-8336.27855370675,0.9994788653990907,2.723372732152872
-8336.284277933495,0.9994788653990907,2.688732238843489
-8336.291644569688,0.9916148316852688,2.7583674355242227
-8336.302173297772,0.9971700700610949,2.8360932557288763
-8336.320596614029,0.989242812737735,2.7969767399431227
-8336.374690849429,0.996391220332999,2.624035958791966
-8336.47228304606,0.9999138377413134,2.5105613682822163
-8336.629568790968,0.9856736066089418,2.9337012307627557
-8337.009030194142,0.9415040102625245,-2.866861629569202
-8337.701500355635,0.9352710469345922,3.126599863517164
-8338.902703804033,0.7960510520642592,3.0328692243107094
-8340.264613996942,0.2307667384585103,-2.0008999913131253
-8343.966077088664,0.9962290876488841,2.8258410985864604
-8349.53510156419,0.00033972383959339177,-2.7850372298065666
-8356.64880769994,0.9987732026102919,1.7555764455299077
-8374.121989496618,0.022899798197533263,2.998268908068706
-8409.951104474923,0.050191953864966755,2.60035006193044
-8429.779467516964,0.10431406822433707,2.9917023660431727
-8429.789562668759,0.10132253854425011,3.08408015830088
-8429.789223824127,0.11584100661255164,3.0366612645705846
-8429.784549585947,0.12145510241405846,2.9728186731926085
-8429.803979762437,0.1324598254109357,2.8758341505138585
-8429.827810527588,0.12050824956432127,2.8793881188727077
-8429.918636121696,0.10504429111617461,2.7164805386183266
-8429.974639070078,0.22414217085140065,2.3660597254906106
-8429.772003277056,0.49570575044189064,2.1248717835167312
-8429.757404254593,0.9953632162405838,2.4166149811106568
-8430.127538152126,0.3222173031660435,-2.606268517739412
-8431.173547365097,0.4742881120960311,-2.761827586432629
-8434.959995642757,0.09861253274225439,3.067920039367819
-8436.949227594485,0.9875074494644686,2.7784498923121603
-8439.822806544002,0.552711833008072,-2.6924513892230246
-8461.637520415663,0.00020639724591600683,-2.6813259396072358
-8504.80954973655,0.016827022443440646,3.074831523364862
-8517.624182561301,0.014046938646906645,-2.5189182537545483
-8517.625347056388,0.01256773856962155,-2.5297482106250984
-8517.621966604622,0.01567563467053029,-2.54441900044251
-8517.612879712306,0.005805815530683848,-2.4238700358789953
-8517.64236350076,0.007178447511983115,-2.168824173835015
-8517.672144951368,0.003302068041009186,-2.4758098310893937
-8517.761165523047,0.014624250947896673,-2.4831489365399597
-8517.872595447503,0.008671300189315133,-2.4252170057359206
-8518.16806353638,0.017490620351256175,-2.953622492952101
-8518.86172731471,0.04332450685184777,-3.0182580041750686
-8520.051807606023,0.006419931225442713,-2.4212492084826494
-8522.315682650105,0.09931131745128441,-2.955919927114408
-8525.963073631063,0.9625664386210565,-3.095195045500891
-8530.597090470967,0.4688746655547531,-2.4170226662233745
-8537.410745051984,0.008124155247347544,-2.1230008371792857
-8557.432106308694,0.8850793470038606,2.962729469729343
-8596.924117660494,0.5832847172942758,2.7303255634010934
-8615.40164596763,0.030918712267550982,-3.1329774362175824
-8615.405290949284,0.03162245169932603,-3.0749795781282034
-8615.410650549185,0.02065071927897851,-2.971429686085131
-8615.408123106245,0.0029740913670554536,-2.9016379586367247
-8615.454732979833,0.007569973508640831,-2.713491048082671
-8615.522601439254,0.008518377972163912,-2.870184034823953
-8615.633694703585,0.002131400053388207,-2.6543767279247916
-8615.78477574242,0.0004342257583901273,-3.0667539049398136
-8615.896178754921,0.17564035818217438,1.6014948129760844
-8615.343522421228,0.9993150084986332,2.0417139593259517
-8616.712410797803,0.979379646407448,2.6828998154418713
-8619.16101773062,0.9358001590481309,-2.6327757838537047
-8622.612671740235,0.010877651963229183,-2.5354352431529437
-8628.780515374989,0.9987358821602107,2.248597782675679
-8638.15337093209,0.4771603853197981,3.130591714274173
-8664.725329380195,0.9943277381992711,3.045335889454453
-8708.919409884484,0.9961353712511855,-3.1392007653018887
-8714.434850429112,0.0001286523675546533,-2.123791311355125
-8714.435627247953,0.005241952213008585,-2.1198137810797477
-8714.432808337786,0.003514075492942444,-2.1279007259900213
-8714.448013897201,0.00787499691103809,-2.1663100050650184
-8714.473807611215,0.003661575867438934,-2.2860754177508142
-8714.528751566255,0.0008325738950653496,-2.3915103327448395
-8714.630115766722,0.01746365240206764,-2.581972349992104
-8714.813431106712,0.0027864750680911213,-2.9512790368824855
-8715.188201380508,0.007354910839364645,-2.9976059211894133
-8715.780299044509,0.09572296022050662,2.9049210124248965
-8716.099590789276,0.22497105973787235,2.8037326332064296
-8717.407908361354,0.7097659099967566,-2.6092797046075
-8719.681712849415,0.4984324077901228,-1.9991865756729537
-8724.815092691148,0.007590498473774605,-2.805011929722919
-8730.686716772787,0.9982373871748204,2.672858018545778
-8750.716582235755,0.29018026930153856,-2.6969281117261485
-8787.416130598604,0.9687324272621682,2.939003287092171
-8802.330952199165,0.3127778638688789,-1.4023403875445555
-8802.326513518832,0.3130658553388032,-1.4069883800208485
-8802.3084293655,0.30810390061212556,-1.4721986647245457
-8802.296409429773,0.2879910525853782,-1.5115891264215486
-8802.28048654443,0.2638890797254031,-1.4948418490441904
-8802.257936835587,0.21986840384883735,-1.7492201623718844
-8802.258278264202,0.13236142939295567,-2.101688953668808
-8802.331758774393,3.4756424157434155e-05,-2.4138175391909455
-8802.619463495965,0.0067023104583237144,-2.440018177282648
-8803.319263366877,0.0076820084179331245,-2.8300064245413235
-8804.666215952067,0.0014163388817875044,-2.1696087897105274
-8805.81210355412,0.5829234715137629,-3.056377675938013
-8804.73247722704,0.4128461226601581,-1.7060177985450515
-8809.880364834866,0.7991157020739166,1.9111428237470207
-8820.24158369104,0.43402442547712794,2.8541342491340176
-8833.184766914905,0.002655908164492933,-2.8573834861028296
-8874.150337304074,0.9653758051674858,2.3979758473195067
-8894.28457492817,0.9886266792232421,2.8528194242056557
-8894.28637946556,0.9917691311858052,2.8811564317864207
-8894.301961343828,0.9968593708104311,2.9096469847881785
-8894.310621758996,0.9948136053948428,2.8520566168283974
-8894.333250566413,0.9731638002380684,2.9547590881980916
-8894.380358493176,0.9699631690884596,-3.0585861288703295
-8894.47073284798,0.9813987017822303,-3.0975951982245857
-8894.643368544163,0.923574219444932,-2.642947643086029
-8894.650550126687,0.6903782168299348,-1.8683640201975402
-8894.219833475232,0.0021060552989769837,-2.0209234224102803
-8894.893419119076,0.5072429312126996,0.8253031269044424
-8895.242890908146,0.031492992251506584,2.9276201155097024
-8896.743895915979,0.057994072927783656,-2.798157907857334
-8898.26237369715,0.9434012567955429,2.49099795586078
-8907.105716653223,0.2636528215088976,-2.6624041207394926
-8924.042974198683,0.9910399568154363,2.4271810971262493
-8960.98270947124,0.9321912006394361,-2.7293772076106917
-8976.77904787446,0.016293675815355173,-2.9607999465345034
-8976.789597772724,0.012256433515233183,-2.9686502575529077
-8976.802768166603,0.006874113105315532,-2.9084208859436913
-8976.810338422823,0.002878063816451266,-2.8612643766109866
-8976.81622772997,0.005976221571056754,-2.8708194133492233
-8976.865510011023,0.0029042380130624938,-3.074669730339307
-8976.932593289022,0.006048895747224273,-3.1276629607883217
-8977.086135555439,0.014271216477420834,-2.850367839393965
-8977.441740713195,0.00104822949632544,-3.0033771590623854
-8978.123730606256,0.0012108477095437737,3.034682104331301
-8978.658174959495,0.6038674562243967,1.5622131503366798
-8980.817981369615,0.9929362357696763,2.547766038260045
-8983.475223322186,0.4714697738316908,2.720228883245248
-8988.584495713809,0.99898428006707,2.685715881018597
-9001.390993477942,0.3342091723746699,-2.933024128750267
-9018.475620225781,0.08883243370095117,2.5223150481689522
-9055.731146577931,0.0021603264699010063,-2.494222831210558
-9065.384441785924,0.98820345287112,-3.0758142534004
-9065.390171950135,0.9843851664318705,-3.068013620112408
-9065.409871445087,0.9866136901551524,-3.0461612450844155
-9065.421595118005,0.9824195734680758,-2.9799806704724467
-9065.469132785425,0.9868411998387474,3.1308684108973193
-9065.506031948538,0.9771802430758455,3.0899592335387345
-9065.579157629005,0.9921679746635012,-2.7720929992085726
-9065.629129497665,0.8960580731759775,-1.6176853982926918
-9065.329152192546,0.5271147007830203,-0.8510283167010337
-9065.066249296951,0.0008066040090641395,-2.204446656758927
-9066.082466757725,0.1855377877871682,2.533041554008059
-9067.090823091617,0.9610539163212424,-2.8902527186841795
-9069.789534878313,0.939758081436634,2.8523501446239425
-9070.94025472674,0.9868852223646196,2.9204795007223936
-9080.389315573482,0.9459826048290023,-3.011626818896718
-9101.899733497374,0.9969803799729384,2.570750726977682
-9141.315676628637,0.9186693468870822,-2.7808429750927344
-9160.522177208653,0.23628109535232486,-3.0490767382392345
-9160.522820973503,0.2412222168620208,-3.0679276925268892
-9160.533186832685,0.22790792024725523,-3.0945707035229644
-9160.539630828891,0.22837309251079044,-3.1299935610044987
-9160.5433057135,0.23568724455906254,2.9060659872308836
-9160.556013115433,0.24007716767141432,2.8471529401044693
-9160.596684101307,0.2346939224027333,2.814585782901908
-9160.642416613824,0.32349226838213735,2.488490922200808
-9160.587675834597,0.5809119824964825,2.8614934020621146
-9160.50123377734,0.4863237833084179,-2.304789193798417
-9161.2375419719,0.000707253345679498,-3.1266519416773466
-9160.407268959276,0.05169225985001431,3.0823120433886757
-9161.689552828328,0.47992372113322046,-2.7991906471128836
-9165.613225743236,0.017656150353508503,-2.9459040011054816
-9177.348674167455,0.9915854147765937,2.6375773436155576
-9199.306063054799,0.9953579504277735,2.7340274808021654
-9233.82006931248,0.7537790904553765,-2.6067378855599954
-9251.775038679876,0.8663530484659394,-2.8735537488434777
-9251.782449920225,0.8758171424457546,-2.8971372693186748
-9251.788879274367,0.8785490006968881,-2.978119496191614
-9251.804746866745,0.8856409118436074,-3.002788935389081
-9251.84394791666,0.8938456181177352,-2.946627426990858
-9251.854215854491,0.9295471566582691,-2.963005683911345
-9251.869666327144,0.9204294092837307,-3.027513945651932
-9251.998722649063,0.9846754551780116,2.2592100024409554
-9252.370392245954,0.9979511385169427,2.2978263336950624
-9252.863823293914,0.9784436711656741,2.4151528123462107
-9254.132113753489,0.9082129143268929,-2.9758975119681907
-9255.647078831027,0.074278133199494,-3.0105887950149017
-9257.248440736686,0.5216051387383075,1.3643609932642997
-9258.905035358403,0.0009669870785717758,-2.43388861154974
-9267.399785518159,0.7150183652446334,-3.030107375321336
-9283.074358624832,0.0037531647211307456,-2.472233293938257
-9318.589091217897,0.6343805655807642,-1.99435754151627
-9338.15945129081,0.03776872784231273,3.1274034991266673
-9338.158939609077,0.026877259524734333,-3.0992030861445397
-9338.159461142035,0.03139445771582777,-2.9741646615737865
-9338.168892634449,0.0386919884820019,-2.9039989853188692
-9338.189088721292,0.013216038048134418,-2.8450893663744323
-9338.221023869806,0.01205455198209602,-2.7352795329706607
-9338.375684032033,0.00012923652260815767,-2.921585682604492
-9338.529243085803,0.007988556535458803,-3.042892972752712
-9338.87074659966,0.004224406490887122,-2.688593456404917
-9339.35439429103,0.20419280812432025,1.9729125285567015
-9339.138913850407,0.9872076630172004,2.8714041939478117
-9340.440110838832,0.0879687678870438,3.0909112870156594
-9343.185011094303,0.7465728240880302,-2.8920257495894646
-9345.007621056538,0.19179163188930873,2.9635070052866146
-9355.926531461282,0.952683825768468,-3.0030088127281704
-9378.865580881047,0.9527075053609131,-3.030698569285178
-9421.929972976479,0.34465177963893706,2.1434773362392265
-9439.578887567843,0.32836281064301903,2.5438547876901305
-9439.58508395422,0.3307417449680603,2.5508041972496205
-9439.584462981144,0.33782250623357274,2.4955549790219553
-9439.57469360486,0.3238441091661,2.3998712956951342
-9439.562698846416,0.33840118688926063,2.2795539642106313
-9439.53590248721,0.3637848466224859,2.3694958534682264
-9439.528469762194,0.4375879677753682,2.3683409751730427
-9439.485900585662,0.5202362766313531,2.809984999137364
-9439.456097238346,0.5908152495093442,-3.048971225107855
-9439.46969986916,0.6078817362148815,-2.9790513236031155
-9439.771024939542,0.29285448962520283,3.0163139441521665
-9441.124154462794,0.9363278540562037,-2.914556509834488
-9444.561186684208,0.005185152287552006,-3.0781031826955787
-9450.667322562344,0.07440605075623666,2.5056463644042584
-9455.404168214473,0.0067516952570082335,-2.591348573743255
-9471.13926031734,0.015789837651477356,-2.9065514559420507
-9509.627237045004,0.028544612321110087,-2.695451496711359
-9531.265103436655,0.21241044624736358,-2.999540416778023
-9531.273375133243,0.21353904771237842,-3.0029164900982477
-9531.276343820762,0.21697195963679375,3.134007388629975
-9531.279736587596,0.21190324412249326,-3.1250388228955144
-9531.293732713842,0.22658579205647522,3.104949085201202
-9531.309706729046,0.21037467416299863,-2.942540742989661
-9531.385224888909,0.18446633967598614,-2.9611698654437903
-9531.457840184179,0.14897709381687696,-3.089732730871475
-9531.745975245789,0.10475323636876863,2.6495689582531288
-9531.505308735072,0.7334841397654351,1.9074472569556677
-9532.404108950484,0.9911099789407484,2.8513300049824117
-9533.755253185613,0.056556476854494706,3.0403982834826175
-9536.37950397052,0.0019053738567739462,3.0339486408767735
-9538.264171316672,0.2906608649825438,-1.9986867561051496
-9547.621574442559,0.9917752126693712,3.0735626999167724
-9569.748698854371,0.005716074716158437,3.1205579840356323
-9607.866263622533,0.6392260561938652,-3.0621562272566853
-9628.303505995624,0.9965007408633371,2.79595191935263
-9628.29983576797,0.9994817530467908,2.824919188793298
-9628.308163021155,0.9963020901783947,2.920275265749008
-9628.329231160362,0.9883420084550875,2.9619153410120465
-9628.363980273152,0.9954019222875724,2.67926952772091
-9628.394910554602,0.9827317327935814,2.773164171369519
-9628.467292121604,0.9539849223101913,2.698398870700448
-9628.61876016724,0.9977677068389579,2.448099000146563
-9628.844582641796,0.9956628975981727,2.497684374423164
-9629.53091520862,0.9941739033352457,3.015070278568233
-9630.801912206127,0.9253418828897156,-2.5401278191952548
-9630.71399021404,0.0003698472544868813,-2.166669534213238
-9635.111816584042,0.9998551129474884,2.44799697335569
-9639.895822942317,0.05905519244601106,-2.995123386326381
-9649.146595387987,0.9922216740285342,2.925826259045831
-9666.801516603738,0.03329963622658594,-3.083020276553876
-9710.88328566459,0.02151096294803559,-2.915216203805843
-9730.365191746998,0.015767505723209434,-3.001200649767536
-9730.373006567987,0.010442418077838416,-3.0203265091729277
-9730.385665108397,0.00436547280552087,-2.861925981534816
-9730.414747659688,0.008509451522024461,-2.8553457604780843
-9730.436854989526,0.016530821642370644,-2.996694256752699
-9730.45616417987,0.04407460396245699,-3.131984303228313
-9730.486235901406,0.08415496454011778,2.295839479935796
-9730.467285645589,0.3102685770141271,2.0473874728107084
-9730.086531558252,0.6336216218316031,1.430191764841732
-9730.513396588436,0.9836978939051185,2.9099261797988873
-9731.814963467517,0.9975497195140464,2.743973774744817
-9734.360251681472,0.9459040996665941,2.9579790730647355
-9736.391455163757,0.0016583762112970476,-2.4909305460784656
-9739.444068516223,0.4440356868035024,-2.434463772891018
-9750.147694117542,0.07176109477753526,2.8642901906110723
-9763.674888133628,0.3079375648018186,-3.1146844757896393
-9799.19680722919,0.10856884593290184,2.9454150220679747
-9815.849975121762,0.03148355951299222,3.0916038571479048
-9815.854321686229,0.03532461108387817,3.1197553356825196
-9815.856719718533,0.03838984525574428,-3.1103798169084875
-9815.863267154535,0.03532177067078213,-3.135085410986909
-9815.876865345,0.030279931276583797,3.1062706130524997
-9815.920525166463,0.028400706426048333,3.0980712298634785
-9816.037384763451,0.0868808261815569,-2.8798089198245913
-9816.168029747383,0.016722591354955567,-2.9620291987529654
-9816.54343259389,0.02326297906571749,-3.1209297333276753
-9817.051170756966,0.22844021270087236,1.8737910628380412
-9816.980560866832,0.9904076852417685,-2.8934431996596306
-9817.860130555799,0.8606649447621795,2.428454438416054
-9821.230287087054,0.7632378550746136,2.2812091589091015
-9827.771451214496,0.0863845926020631,3.1105876808394477
-9840.476257367713,0.7669277255178802,2.197180493906215
-9856.920486261994,0.6493748130974463,-1.9964352420188136
-9895.568916036664,0.11943356193009401,-1.5365368069282352
-9913.891487414496,0.9641159075164655,-2.928395109458985
-9913.897190950347,0.9659595203686743,-2.960360417814496
-9913.899451815018,0.9632977907200585,-2.9757742481372933
-9913.909092392172,0.9515498284135332,-3.0681624055315826
-9913.923061504707,0.9498160005891603,-3.070687716496495
-9913.954477958867,0.9597607543559569,-2.9616975670770445
-9914.042425600644,0.9497350612929089,3.124424125630979
-9914.175458094438,0.9601803931852037,-3.0588901930033003
-9914.569988557054,0.9996140131359302,2.648132092485218
-9915.256957988735,0.9808045737992516,-3.0051835119021066
-9916.830403301097,0.9836866914770002,-3.1206684173303305
-9917.29760908155,0.5767594992363873,1.8624841339858653
-9919.322830356416,0.7936563702824612,2.206306064072103
-9922.259498645877,0.006656050050651233,-2.699791435568711
-9931.955165366753,0.016888864513555334,3.05499550423309
-9949.202342660536,0.9787386950738914,2.5761880984333487
-9989.32249165506,0.01828827993517551,-2.787065276704159
-10001.663770533152,0.0036070920785811252,-2.9222691850568014
-10001.669148025725,0.0036070920785811252,-2.9301453199841934
-10001.678718581683,0.0037382864317558875,-3.083471925765159
-10001.687135444234,0.006469821477571275,3.137693003240212
-10001.704155020378,0.002271330481289722,2.961804195495561
-10001.753830929194,0.0362401024882542,2.706077288860591
-10001.812468771059,0.044298318187270924,2.7137308934813733
-10001.981830997549,0.084568093131919,2.2770191333607572
-10001.759663501272,0.436792021164939,1.9818707860266587
-10001.717578214893,0.9876101158162823,2.6010812336568385
-10001.834702203892,0.08677893277847949,2.5293643843157447
-10001.731271878685,0.5913535740843819,-0.21378952382630834
-10002.233783071808,0.000609155006012733,-2.9824117979532314
-10006.781077138943,0.0031859498150233105,-2.4027454747258963
-10020.942333938405,0.4024150988564958,-2.4874703379397074
-10042.813584761054,0.13124905970024836,2.4458116609417777
-10074.277695174782,0.00104848791013967,-2.829655208667207
-10090.270533591563,0.9926805917699429,2.6610970205010034
-10090.27750531556,0.9910461908857894,2.64324415147703
-10090.277264527718,0.9997424259046765,2.6709052069099295
-10090.296280065215,0.9935468703145846,2.7209467008119717
-10090.316272990824,0.9879075804091196,2.8357936411114357
-10090.379156968018,0.9985598197022153,2.656471668120134
-10090.451190735144,0.9923792373235806,2.8823004069088345
-10090.614077937404,0.985806707248787,-3.00524553953704
-10090.92616292888,0.9324852890933628,-2.9620915269018857
-10090.900057826611,0.44949927414014973,-2.088504510658454
-10091.500888245824,0.008931129925307668,-2.8037642087087793
-10093.087013161907,0.9409376384293681,2.7758080336790805
-10095.391474074751,0.9886500931383475,2.1971006068403387
-10100.197564862647,0.33209177576067894,-1.9545058516114246
-10110.68166967049,0.01975066116360595,2.989401051485638
-10132.942279666631,0.8899153600926372,-3.0642279203969283
-10171.539084239654,0.9853450857559566,2.9333230572609414
-10191.513868977627,0.9566545344687798,3.0930095620547604
-10191.51784044812,0.9619006750477138,3.123969018510781
-10191.529725311397,0.9586239488264233,-3.0649929330039005
-10191.540811100385,0.9621439104512907,-3.0300070833038255
-10191.571160397105,0.9607964549079955,3.110024767337894
-10191.642259685419,0.9942086873368705,2.9208615315160973
-10191.74943488572,0.992067813474662,3.042484280406369
-10191.957653495052,0.9771671246421458,2.902396349067951
-10192.298016175515,0.982695336433348,2.880561202878683
-10192.72961404999,0.8202746384968007,2.920422493139446
-10192.31509723815,0.0063349883534610015,-2.531518534539757
-10193.785347757535,0.9995525506864442,2.780902377968064
-10195.440162817982,0.815471178700467,2.8906690547995897
-10193.359191520396,0.0665446522429796,3.1177502723288866
-10201.245566465072,0.9960710178340075,3.0844526265211787
-10222.473657083845,0.019720937463761273,3.1062885247952314
-10267.401296510801,0.8472874580863878,2.4211131707129283
-10285.751397521786,0.0033857056365441743,-2.541269265357927
-10285.753538101146,0.0033857056365441743,-2.5084696151202306
-10285.765188071618,0.005124411742344831,-2.468640081998486
-10285.764420156138,0.003583705423028327,-2.544067052429702
-10285.793906601308,0.004593065233718385,-2.590153539264819
-10285.821268709544,0.0040461479224083875,-2.5716846918038705
-10285.910997629308,0.01944872679123593,-2.440255324649008
-10286.092995640796,0.005880596993599535,-2.5538681073242055
-10286.451608763658,0.006195628922400791,2.792765694093644
-10286.488933577597,0.4002723452996838,2.1226104715426146
-10286.780811054385,0.9966447512295576,2.866500053572291
-10288.038627840628,0.6577776201747815,-3.0730713041415414
-10292.398049478932,0.522291068534882,-2.5741267927385802
-10296.317675960916,0.002232093739563224,-2.7448924429188657
-10308.592375778167,0.8849432112975176,2.593308220142953
-10333.19483307238,0.7915957486168645,2.113943837013478
-10373.459312354265,0.05627391773249559,-2.8162761510339616
-10395.934046268927,0.8284149215230742,-2.894218264478307
-10395.93957746656,0.8318547837870762,-2.9853443916857065
-10395.94702533211,0.8221073945415599,-3.0275203018282286
-10395.956641185883,0.8181593076575364,-3.0606209538764406
-10395.959395990001,0.8029644730510531,3.0807671143155337
-10395.948411183046,0.8205503785515088,3.0976594615814497
-10396.011775528006,0.8482252568572326,-3.0332997383289877
-10396.061109143606,0.8001610533655976,-2.4221766179505138
-10395.9392137246,0.5004850642161389,-2.1157710683384643
-10395.904005958557,3.619575899673432e-05,-2.8321377964877716
-10396.051235536148,0.806359261502596,2.123082627739193
-10398.26215852311,0.9388591496538986,-2.694931085366287
-10402.28188084137,0.007897782002378385,-2.6077592187381784
-10407.055440313668,0.11937523204301939,2.9922461894506416
-10416.021753070068,0.7869900875824629,3.0387700932396893
-10435.08928136545,0.9896581792440299,2.9317696338703776
-10477.387357678008,0.048160651822301545,-3.0832944570666396
-10503.567599027956,0.978339615821974,2.726120961828512
-10503.567267530201,0.9810418198564284,2.744039373838321
-10503.569993151743,0.980726633172803,2.7125214400840196
-10503.590524992573,0.9969863388778004,2.7049368603593074
-10503.608886960914,0.9838087250248452,2.7314367392316434
-10503.646019048332,0.9765641782706651,2.9433948537716272
-10503.777205470005,0.9959414956308417,2.63655400513405
-10503.89428016548,0.9938329852527858,2.940173026145306
-10504.237785470343,0.9383164893920853,-2.9871581784570087
-10504.078271010212,0.3492671092261462,-2.1222614382271816
-10505.139107113107,0.005354266231481944,3.0999627441884234
-10506.669933153116,0.769209385047168,-2.120592199262978
-10508.934549528103,0.07625843435572364,-3.023365243885002
-10514.905960898208,0.9948488528136142,3.0360134584734997
-10521.221195630696,0.8918678182808407,2.0048525131119463
-10542.265193974163,0.9526379528135669,-3.0556585441190163
-10572.912783561305,0.00823703043500327,-3.00025984752942
-10592.218600634798,0.5867166495018717,-2.581994739505077
-10592.224636776282,0.5867944571263943,-2.600757853195479
-10592.215079737916,0.5919189441195416,-2.660911598220697
-10592.21344298663,0.5822608636528466,-2.6452384472004344
-10592.223460544317,0.5440427518875618,-2.759926188461469
-10592.231180278159,0.569624680101364,-2.895924632803518
-10592.226310672753,0.6077621936205999,3.0892321237919607
-10592.246927623826,0.5240292826398425,-3.1049014236561376
-10592.278724574102,0.5602037690502718,2.8489881670767048
-10592.210855916395,0.50847747978623,-2.770240762985149
-10592.953655027412,0.1768526956409715,2.9339532489583426
-10593.978631338607,0.817293740689211,-2.3168867269308713
-10596.922243110123,0.9588972688113625,-2.918979885109025
-10601.362830911215,0.9848959390961224,2.9356578098727164
-10610.697568143718,0.18624305860453885,-2.8656215287668294
-10631.852636234093,0.3948307838432602,2.6169820328466864
-10664.186193176487,0.47031416643607815,-2.7003473970020915
-10683.7119753988,0.00857947477759352,-2.915473677993514
-10683.715937247456,0.005470676013235595,-2.971167692308389
-10683.729552944276,0.004874713685749898,-3.006514402273247
-10683.74591141764,0.017419426503631184,3.10525974350048
-10683.757744864082,0.01350895973450942,2.945343640013723
-10683.805706169685,0.04244543840337814,2.665536905648546
-10683.850540085774,0.15560049469784967,2.5735426375560593
-10683.874460164681,0.3010114750496057,2.5062417888387962
-10683.725733697524,0.6114953000502487,2.235222899672795
-10683.979425880318,0.9974516420542536,2.889841587672988
-10685.081596402777,0.6517995745053802,-2.388120494095102
-10685.99921652676,0.3920925669070234,3.1051361819200967
-10688.496468160822,0.08531870320938814,2.950384743109579
-10692.558823985137,0.637403874909224,1.285658693069946
-10703.394596494827,0.03566361947555685,3.025144388352132
-10722.523079809138,0.9976246331153449,2.9950261198177497
-10762.69600971679,0.016814523544763017,-3.0149358496655156
-10778.038366112527,0.022365250491525025,-2.9217415404015306
-10778.0347886302,0.020472822692317292,-2.9264196211001647
-10778.029449259211,0.011332645302878874,-2.914763018767966
-10778.035654975243,0.013905606852040167,-2.9699048437679525
-10778.065127115802,0.006902040164739038,-2.941753711733135
-10778.089415404896,0.014069698363352543,-2.918630883340399
-10778.17053025038,0.032966650098021404,3.1163596341967015
-10778.284925117296,0.0009361009698196773,-2.956056890678864
-10778.548858258207,0.03323294046659604,2.9362056805909678
-10778.33631353421,0.7228209724118236,1.2491813232935876
-10779.43919918845,0.7860219892067271,-2.3959606131008906
-10779.946250435814,0.28263089327116847,3.0410720343062714
-10780.843642287753,0.9973029051256759,2.30678327987491
-10785.221199280162,0.9985507334512091,2.2297037653031158
-10794.912825791613,0.024274598397845217,2.962736912717695
-10806.302066839125,0.5506746968127061,-1.81696637900736
-10844.021482804103,0.003506146683578892,-2.542372056229533
-10858.656067273627,0.02229627246832868,-3.053308322938211
-10858.653964110585,0.027083136023172624,-3.0432728117446626
-10858.652483758611,0.027565866583185133,-3.0019947947591805
-10858.669293646068,0.029142552483619827,-2.8825510276717514
-10858.671444282172,0.011988466602709318,-3.0476397389123884
-10858.740134261654,0.007195569084579514,-2.999642131249493
-10858.804348023525,0.008785289907723589,-2.9517633053279937
-10858.93006210981,0.0011511130256360675,-2.906058079632212
-10859.30766716295,0.00958237481637864,-2.593133460513406
-10859.734565747543,0.2027481052652277,2.1732380588461204
-10859.771651758481,0.9424923268433807,-2.221496426281517
-10860.834743398296,0.0038654826292112403,-2.8414212970276944
-10863.21497286151,0.00814676458643963,-2.7825036846163793
-10868.412027616345,0.639581737587898,-2.4931932329879793
-10876.235641957965,0.006713897775049236,-2.3818925085182543
-10894.003468428113,0.8146872549556307,1.9296000357348948
-10931.820213420646,0.9989777303915369,3.0207399212003576
-10945.839242272645,0.952283541133509,2.9108201920325776
-10945.852275663516,0.95986819454382,2.9170676601568193
-10945.85892204828,0.9646141667337383,2.9975116229788608
-10945.881924367513,0.9736414034755282,2.8907895053946797
-10945.882092686874,0.9886642972383866,2.823713804637128
-10945.933990079795,0.9996148720468951,2.706783272837498
-10946.018268801146,0.9870055021656989,2.528947743400975
-10946.23243908891,0.9987207889670335,2.5707544831298
-10946.512137714319,0.9874225577522885,2.883287437894838
-10947.193430166484,0.9241978584891547,3.0242963381034915
-10946.967688120536,0.007011540605969684,-2.3021120865137856
-10948.349976890297,0.9990990470292811,2.272056471436052
-10950.971476653827,0.8402642627716834,2.603272187336459
-10955.775573623914,0.8654884843224616,2.8901746317357393
-10961.119488645849,0.9897802282009414,2.5329372720117798
-10982.488785229103,0.055402787251255046,2.933894957771429
-11023.665618256498,0.9691243646305007,2.977509781533181
-11039.935634373076,0.4550625630346413,2.828948384996945
-11039.937100198385,0.4572373781813017,2.853220172078438
-11039.948066971752,0.46374878171533956,2.878609820385269
-11039.948380091835,0.4786308763613708,2.8160840946331103
-11039.945529217643,0.48103717350620173,2.849703751496289
-11039.950700024367,0.46711752028486425,3.0540111578421563
-11039.947898775847,0.44031855914304374,2.8339593524144444
-11039.916458915142,0.36866771695999756,-3.0480592780218205
-11039.978776129656,0.31086385525330995,-2.8580241895633014
-11040.222472287178,0.0805574091464186,-2.6936252606315696
-11041.56623925869,0.0009906423565578316,-2.453661803684652
-11043.945740830028,0.20197170194058028,2.481015240765494
-11041.50859565201,0.5550074766878255,-0.07409887973044516
-11042.730083004597,0.9757792968156548,-2.7534541456199064
-11051.741974524195,0.010645955193474457,-2.3407406829216795
-11066.260568781392,0.9937008809035385,2.488972482875967
-11101.583462342565,0.028305985836524276,2.900649880602291
-11114.91292659733,0.6015419925736181,-1.7434950097297153
-11114.90826803747,0.5924030952833765,-1.726539287132706
-11114.910505506858,0.5911459616240414,-1.8008246654698519
-11114.918683613216,0.596362921210081,-1.8759241677892633
-11114.89897454549,0.5599771092608072,-1.9503869516293435
-11114.869803528698,0.5696196169548753,-1.7756250034061571
-11114.80957534951,0.4721404534910541,-1.923652116426875
-11114.71151414834,0.28694520848657235,-1.7863808686474814
-11114.743325675798,0.1731552146310383,-2.8716228359607343
-11115.24764260993,0.0017543526748744816,-2.4046142750476958
-11115.89884423218,0.6055604209820518,2.70215377764248
-11116.25223695615,0.43833633408877076,2.0855628009598073
-11119.44956034574,0.19748676009352165,-1.9869581360514235
-11125.206675819845,0.7267979875953738,-2.614046490977491
-11131.022098535197,0.011637826255904957,3.125288119462544
-11149.65293792353,0.6398545797963509,1.124482404406434
-11194.606442197297,0.981015853915924,2.395121202878073
-11208.804079036005,0.03683392824061888,3.134093289365934
-11208.807656720002,0.03460920358703235,3.0768821500800145
-11208.818436527465,0.038559230899881884,3.1056183965475945
-11208.825169776195,0.04980479575915163,-3.0961101875967363
-11208.850649501532,0.03743839315204511,3.0483068716005217
-11208.892537191656,0.09018863399731221,2.8067682163518324
-11208.95325682905,0.14927361713745516,2.6411216707996408
-11208.998558617526,0.1942231299129366,2.697477803439021
-11208.843256963235,0.5185388818849763,2.0491412039635204
-11208.705252098684,0.4587334441069073,-2.9199126116929333
-11209.346169331437,0.050200028985407485,3.063563439020255
-11210.543897179712,0.8930603003179772,-2.870450692368721
-11211.044043350972,0.9868983376341861,2.309178763987725
-11217.59291233127,0.35788931556874576,2.255285879774287
-11228.238620404272,0.534827978004376,1.5496666933955572
-11251.10681546505,0.9746869829087847,-3.0123245884935064
-11288.879176408333,0.004165828952879536,-2.423802622515637
-11306.606169372219,0.9536248739073018,2.5870736000616237
-11306.602047503986,0.9628582996080647,2.599785331348615
-11306.602971935828,0.9746655421193908,2.6448424743838084
-11306.62439616907,0.9712331885785671,2.6913036732544855
-11306.630117184633,0.9730742935742296,2.7375961855144926
-11306.67708828212,0.9704615105147555,2.969734723130406
-11306.729060558804,0.949783392787034,-2.9031926939247112
-11306.885050614868,0.8665878312356471,-3.1209292837613276
-11307.051726967926,0.8873286852570046,2.9842408771781805
-11307.757083459705,0.9763821960668696,3.0639924142424206
-11309.061419376167,0.9977521754333346,2.304911106636105
-11310.488452289814,0.2788974800717322,1.9452800514879343
-11311.412055182818,0.591451719538308,2.6288335156722082
-11315.807432969115,0.7422461711450589,3.0897545782341034
-11328.628960031112,0.41666729003637215,-1.6001521233416631
-11344.415101648514,0.6439209523318322,2.343103680883317
-11382.764468903506,0.003007309046517962,-2.7318003309266
-11397.648741636267,0.9946330460615348,2.890765067099327
-11397.646252676226,0.9820918479846796,2.9236411280532897
-11397.658557259254,0.9791297996590413,2.970482720141935
-11397.667952301914,0.9787056592813809,2.845491949013451
-11397.678165507534,0.9946258919735937,2.677891208053534
-11397.731924553264,0.9827239661133005,2.7178164243668377
-11397.805827477572,0.9943303029723626,2.880426338098088
-11398.00718617474,0.9826027030394113,-2.8689063811344306
-11398.265419846397,0.961195394193283,2.974650518042223
-11398.658658682973,0.7622855825112949,-2.88518154850779
-11398.785947436796,0.35110732740189704,3.0909020898458204
-11399.417958404005,0.985709248896759,-3.0719778220081055
-11400.821552947005,0.0029309992049460385,-2.9962700681951135
-11404.381848599516,0.019522173792864368,-2.7061864647066938
-11411.484760347481,0.9944648107752844,2.6092375344715935
-11434.509181130894,0.31469552029553904,-1.115358447771444
-11465.4416287037,0.4025643803282412,-1.3792540216236238
