x,y,theta
0.06064741268084676,0.5834157486404028,-0.23999365362123282
0.07065578434351645,0.575921296072725,-0.28193693769408146
0.0853781136463717,0.5667066104440824,-0.2630997027858184
0.12336874007141233,0.5665537741674487,-0.21352114423854962
0.16826105070636593,0.5396968272281046,-0.07770314213416762
0.2597081422538252,0.5205418635422574,-0.06801556857317914
0.43960703870200124,0.5283709490054485,0.04201884662640065
0.7890134748562782,0.45087763258605207,-0.6978791005468006
1.2931673194876883,0.14493303373891916,-1.1510183948875912
0.9944243922111808,1.4070124737343426e-05,-2.5465654974654157
-0.4460619436753341,0.15396618663273368,2.9610415170111226
1.3811793028077055,0.5519802722622422,-0.6587110615733094
0.09329083129087844,0.3024433491607532,-2.2190448307611454
-7.0207796876600534,0.007311147173015963,-3.02156616105291
-11.61865885422315,0.22649856699973855,-2.2409207684887087
-29.731155965221948,0.0032490647788945928,-2.555845308162307
-72.34814983545628,0.598059448306537,-2.0524421625790255
-83.14944891447088,0.12169940917215395,3.074822186851639
-83.15019967751036,0.12419988557018158,3.0152388768411713
-83.15071299348803,0.11224809786262153,3.017821949597371
-83.15689531893413,0.11830832270712961,2.9841029343029994
-83.16056988843287,0.10380582433841322,3.0493673562938266
-83.2084717203042,0.11979633354866531,2.811898070655513
-83.23817273441617,0.2139431742927845,2.3860772894968205
-83.16402398404351,0.3174780361451783,2.1029688193987512
-82.86713215466433,0.5569368147208359,1.1243943270012213
-82.86795982310865,0.9913201946354852,2.3846384270387846
-84.16928333364287,0.9663154543583865,3.0940173449850477
-86.01198886842307,0.893087850833532,2.553855257745118
-87.9545677746319,0.4945081442088876,-1.9934519409722626
-91.81414187816229,0.00401651316300115,-2.8805203653170177
-104.33307927484582,0.9978129505897765,2.136126621409149
-116.40944098293238,0.062210874448115905,2.076603751164977
-149.9918236281799,0.9990959051571547,2.583140758728434
-161.32097388016422,0.007763000435475936,-3.0171159155313436
-161.31638768560424,0.009648037935613214,-3.044275574066056
-161.32142367895923,0.011151968110759745,-2.9998534600917663
-161.3373773842342,0.0013337101349895468,-2.927998934244411
-161.35956381141713,0.008958273432214914,-2.933799565053612
-161.41941764923052,0.005355468767421653,-2.7584851895151776
-161.5148746563599,0.030292185118238682,-3.0078333655514893
-161.65678284277695,0.08414572053347698,2.6023257614207242
-161.76130799765528,0.3973857823566443,2.1725850153690818
-161.78975033107784,0.9985507620177778,2.916104041187145
-162.2523223516361,0.28698647408167133,-2.0684389558358265
-163.32476743529003,0.6288386729511227,-2.327388159341686
-165.73480246844525,0.9683313791949594,-3.0248585293101953
-171.49657945996614,0.9702407987313493,2.768045095278593
-180.83385880398416,0.6010982123826917,2.990480746866977
-201.06193131629544,0.1399365013914159,2.8808467618810267
-240.94335844316785,0.0027762721313590176,-2.6471064195836966
-260.75290644587153,0.9452954756504229,2.983417678234508
-260.7490541883608,0.9478235350923584,2.9688169760153293
-260.7576356113266,0.9426492928394197,3.036880659623936
-260.759844916576,0.9610204277075974,2.9802240657325
-260.78969511786386,0.9629438002172337,3.038192645035692
-260.8197412776277,0.9368325199009876,-3.065295178219415
-260.8724880490898,0.9491976897928548,-2.925992941334881
-260.9938498681667,0.9629270250502358,-3.1382466585659605
-261.07983410977374,0.7516747849438087,-2.3137722344697456
-260.7666800205714,0.03992311648587609,-2.269769593660481
-262.140561091604,0.016013789143914145,3.1388835438119456
-263.38296972820234,0.7363097871561519,-2.5671078819208937
-265.3311453518103,0.004323642446773395,-2.5027530978874717
-269.98577883430033,0.9391791925734319,-2.7534785025794415
-279.3148649242614,0.2947230683176599,-1.7984416751744157
-302.0617839983916,0.016769438187412142,2.821360116507547
-341.9912047635813,0.017262059058385803,-2.7976122691111738
-364.2546565591585,0.800310609155201,-2.4354266559371234
-364.25131724002733,0.8056486157526861,-2.4227812992106803
-364.26069374381655,0.7893615956351026,-2.326834994413339
-364.27162369854216,0.7897833912353699,-2.2316577708467378
-364.2515521150435,0.7782136925142292,-2.172583617784277
-364.20562912369223,0.7357938847460649,-2.144019467466864
-364.1446765502324,0.6561338877825604,-1.872932024439707
-363.99569551413924,0.4611229612454084,-1.8770193905971557
-364.12554232920337,0.29097773258932536,-2.712695780610163
-364.4774710020436,0.11888510328688492,3.0156690770841497
-364.67848242235897,0.9565947995707705,2.609990888161165
-365.6252317320614,0.02474562932557159,-2.7805860753362963
-364.9320986434483,0.3567795943592851,2.015079377122487
-369.1651181090061,0.7602774652034682,2.9089974872753253
-376.31624746202453,0.8730432817635824,-2.7747675636397675
-392.2142204924688,0.07928841396642365,2.2970919993837775
-430.81965947609183,0.7344605165340774,2.7099951985972757
-450.2268159557568,0.007474571529579301,-2.6521453842886906
-450.2327785404058,0.007474571529579301,-2.6237930801824176
-450.2445053388264,0.008810134599049446,-2.5042857922631296
-450.2430031648221,0.004306451373429165,-2.689292986039379
-450.24717227885344,0.0050142167443863106,-2.801136198360539
-450.312109795156,0.004187897726120325,3.1000878304374933
-450.42749432267635,0.018289771381376756,-2.90557524275373
-450.63380344150414,0.012551114224394309,-3.0041760799595316
-450.9951425468041,0.031004570260021427,-3.123270916820721
-451.68028988652736,0.01185046084419527,3.0845482268889812
-452.9231649244314,0.032303584402433264,3.140227621325854
-452.5543203839219,0.9797619740424588,-2.9171183836468155
-454.4977038632746,0.003601500818048768,-3.104216951682897
-461.169075645954,0.8453114087973667,-1.9213057696821698
-471.980443627259,0.23825820913777915,2.592651523535846
-490.86318780415564,0.6918432855284147,3.0632441009860116
-526.4823890315351,0.000272753620333755,-2.6804916580897324
-539.9432550318257,0.6427983653012463,-1.3529807758531651
-539.938094637267,0.6415975480506741,-1.3238994745322235
-539.9353091650484,0.6433963939592672,-1.4594214643694687
-539.9336561753,0.639096831123374,-1.4216746987463655
-539.8939597968703,0.6125276995449779,-1.3839761954379437
-539.7984375118633,0.5726313832815373,-1.0696067019531572
-539.6914413182556,0.5204294141143117,-0.556634721742439
-539.398870171189,0.31704755629106146,-0.7073712346136545
-539.0592466532812,0.0012344589766563464,-1.5157383289258166
-539.4186776196284,0.003406873661955819,-2.4053890360126107
-539.6250797287097,0.8186325892710848,2.5798399392634757
-540.4384124185598,0.010608041268928312,-2.9616703176280232
-544.27511134907,0.9948589613816953,2.683912258883627
-551.8860318401319,0.5839969209879469,-2.304438464689409
-562.2801563348198,0.37199170131724363,3.0207419883498616
-580.0839705396412,0.9348631398618752,-2.9545534251969507
-617.2530249016709,0.9983436437485486,2.6041346572230717
-629.4259329860721,0.9912023264046681,2.610708001144774
-629.4248347883322,0.991123019663348,2.6178104366009363
-629.4340747091039,0.990873041597318,2.4802331869177703
-629.4381288862872,0.9963261610124656,2.3508595957207135
-629.4643909155661,0.9999333496888188,2.3965339504901886
-629.4706025188883,0.9993768119899308,2.2738698552026317
-629.5483205204226,0.9857400263323824,2.491579023811914
-629.7516166828027,0.9999100706381914,2.544837273446891
-630.0691120419957,0.9995273878100089,2.915361489952639
-630.6383766458399,0.9707672071366671,2.745450406968482
-631.7611464539312,0.7408211344144804,-2.390080781858662
-633.3237032601562,0.9954671259243403,2.829552954800925
-636.3812683365251,0.49153617633016555,2.5313898520272495
-641.380536497629,0.9921457733840955,2.6599719412594993
-654.1817040877493,0.9746313655291579,3.1321931647044385
-668.7353881702007,0.9892480874089133,3.0585152844265755
-711.8419519930534,0.39208949931558684,-2.915911019095838
-733.9860616774547,0.0040644591022192525,-2.5524054221098877
-733.9848497833766,0.0040644591022192525,-2.607651834716936
-733.997397499927,0.0018447752999822126,-2.6714951800250044
-734.0187592112238,0.006159823112799121,-2.639228224719144
-734.0175208530752,0.0006380777171251179,-2.408165546098639
-734.04470629521,0.008746855777212658,-2.666216431036108
-734.0977923515045,0.004867531970152823,-3.0233870429613274
-734.2754927951574,0.05621803224169437,-2.9467803420573504
-734.5468837063195,0.007396764785245915,-2.6369534204043266
-735.2191143160867,0.011731998492716786,-3.1107345905324877
-736.1275271622172,0.3348759496521797,2.3234705920807777
-737.4222727566057,0.7208827472678248,-2.391077394977153
-739.7959708995722,0.9345623938929349,2.5062301910152467
-744.9892381010545,0.9997964294660676,1.859829812640843
-758.8382086765168,0.044095102779019374,-2.697475199362057
-776.8377067139894,0.9991155853863048,1.7932661216547885
-811.5139991769438,0.005333688004985076,-2.2689255541585007
-821.1067176908382,0.02590011868916612,-2.4244316339763454
-821.1080046395206,0.024720626524842776,-2.4412480808336183
-821.1036053354566,0.031872753176593764,-2.549718094308773
-821.1178693900108,0.033379433455512336,-2.596257322749187
-821.1093709517971,0.04511514753803623,-2.631805791325544
-821.1643060929366,0.007130335638535806,-2.4566641254786346
-821.2707186230865,0.00796069961970489,-2.5114865739695964
-821.4356993624666,0.005619321796609249,-2.191134649768651
-821.7955338794713,0.11613715699402462,2.9178867068197736
-821.8856327464206,0.45192271809305745,2.7009543290262314
-822.572141415878,0.9018462075513881,-2.5141013160176535
-823.1785230741533,0.06855483958090673,2.7424768413235956
-825.7509250911642,0.8015406314171835,-2.911311240009814
-829.5223941108234,0.7870008659042894,-1.8791418524118975
-834.1462551861225,0.8991733588684732,2.226902106879029
-849.4476040059319,0.7875789356556339,-2.588192628338479
-889.9888761863228,0.16508600205909843,-2.1278025728537466
-910.5834922585967,0.6033600562661401,0.5320022947795011
-910.5701499969593,0.6108358690849989,0.4833080099979492
-910.5502026697702,0.6193097536412818,0.5869078059828672
-910.5371246960591,0.6396564428759998,0.4531777323710533
-910.485718395978,0.645994286253348,0.3328971650769974
-910.3790456022488,0.6802477977393925,0.3501880034176419
-910.2427160479165,0.7120754785471732,0.16891580225743352
-909.9330701512876,0.7720520750970181,0.17272361547564952
-909.2109176598741,0.707226083983837,-0.05444353092847232
-907.7429623786128,0.5998230911812454,-0.9591124073292363
-905.6513354089814,0.2545578878635265,0.48696827113121977
-905.2792120262176,0.8365690639881082,-2.4525219161130267
-907.447070194368,0.7076703717839777,-0.9851658517917934
-909.0665961828095,0.7163715991757308,1.2787329439153359
-918.5501425598728,0.12267259482859622,-2.598264338275288
-936.9574199194346,0.9419060727183152,2.428368104173944
-974.8948932706465,0.5840686409819816,2.3671459214606454
-990.2658912117204,0.560530422041101,1.9002901505607914
-990.2686928367901,0.567115062869278,1.87742143563049
-990.270161752897,0.5666604757402698,1.9854031277334618
-990.2651769204298,0.5882033074576977,1.9437332191856385
-990.2572062580582,0.6031692273793358,2.1316774143867647
-990.2417697813564,0.6358746650279142,2.315738930621812
-990.1964608376027,0.7335526881252585,2.1854100688171227
-990.2104684219341,0.8424282891857001,1.8647603400383028
-990.2112085363782,0.9946779377315603,2.2732902030352005
-990.8196048823918,0.9605107277980064,2.9898131740111618
-991.8252305626952,0.7906954519745821,-3.0152072495101385
-992.0782007588241,0.747572427472262,2.2129133933301146
-992.6839657451305,0.3476198628935399,-0.40399422219533143
-994.6199115208271,0.3844504484849014,-2.951154386517863
-1003.3467665530474,0.7987058536127128,0.00592904723946841
-1013.5161990973129,0.9909237005685777,2.2346765452632793
-1054.3794548859314,0.024402633531036194,-2.9581380333793708
-1070.777954991519,0.001743140227108657,-2.751292333499747
-1070.7834988987615,0.001743140227108657,-2.8650934114093505
-1070.7922869531583,8.671450825144733e-05,-2.947827600736397
-1070.800681518345,0.006834541678193865,-3.103493007605045
-1070.8292153404368,0.005970721193453317,-3.105834482747836
-1070.908544580043,0.003150757716200296,3.0817129514248673
-1070.9881575579848,0.008319531876545262,-3.0967132040922944
-1071.1878296788939,0.05275365887203007,-3.128082574858287
-1071.587628525631,0.01989316216290513,2.5628423853752835
-1071.54789216278,0.6506448308096554,2.263227140135502
-1071.1390218392712,0.010322908721339855,-2.489117434275827
-1073.567003129346,0.08131192459868847,3.075300874533677
-1076.3454654527948,0.0003511437347189513,-2.2605661627140563
-1079.98940739909,0.030032642942791773,-3.1113516643403663
-1084.142317427487,0.5719786411668757,-2.4776013565196413
-1100.4367895134596,0.8068247491719447,2.3587466417421528
-1142.4213682956802,0.15381884682299984,2.596862451852635
-1158.5718599074648,0.02326743930218862,-3.0032151557613296
-1158.5738937571841,0.015483618627699924,-3.010170895472939
-1158.5837170622383,0.010779467157253371,-3.0928277402637283
-1158.5972887657088,0.017925317829202796,-3.0075196484405007
-1158.6281650116243,0.0015436609949785554,-2.891157947571294
-1158.6894974990057,0.0053438273928834,-2.6577443514789905
-1158.761888589525,0.0001856442007511245,-3.1177204152139995
-1158.8655185443872,0.0007320604004567512,-3.1214822701937237
-1159.111573072742,0.1616504206937928,2.5503746483357688
-1159.644419381098,0.005015084791422653,-2.8483162244247433
-1160.0154244263567,0.8478735745550887,2.3518037604808075
-1161.4232518831257,0.004331990577602144,-2.689999481556331
-1164.6832697033706,0.5107094716165491,-1.4520090026234704
-1168.5566216180512,0.1797540075119899,2.8443972331471663
-1177.8921977134546,0.009305592789275908,3.0199902955978395
-1195.1798614026527,0.37255839759235954,1.0815121831604566
-1220.0021307407656,0.26225267561789367,-1.1687749229194804
-1235.213701761022,0.99957247861484,2.6964407578377703
-1235.2179449200405,0.99957247861484,2.6826108835398603
-1235.2251260511773,0.9951445481786849,2.6161845908179213
-1235.2453556802768,0.9977790088969328,2.500856523138581
-1235.2669604611256,0.9796385614627298,2.612456363732793
-1235.281073377603,0.9845345395826964,2.411323443905289
-1235.3624412836398,0.9951287958280107,2.7851510065000324
-1235.5198915170433,0.9725985405707925,2.9803277774694124
-1235.8985114460304,0.9517797034120064,-3.0756275232115127
-1236.4284664595343,0.98079128869108,2.622171969231168
-1236.4852613033804,0.1721131436240694,-1.9870053148738906
-1238.5609798062208,0.3233625203526195,2.0726326368255537
-1240.5252022901232,0.446923865311197,1.263252353398963
-1246.8585187868225,0.9896193188485974,2.7846508076247396
-1257.471541500211,0.001917941348154458,-2.5628163287412447
-1274.92430102951,0.9812123413029459,-2.9686502948499376
-1320.355254212492,0.9224335242990068,1.7823321492568525
-1334.3850064395435,0.007097128315493621,-2.8862324184547146
-1334.3899161304146,0.0061708992416016776,-2.920416687476024
-1334.4094518792308,0.0014641031354574122,-2.951850602697622
-1334.4244122248585,0.0016266601833167527,-2.8619085244811453
-1334.443252942429,0.006127984276105514,-2.7776937205512033
-1334.5025733326047,0.00886996404682529,-2.84304245531972
-1334.571364027207,0.01406281086560044,-2.7703719422296817
-1334.771482503487,0.01612626718326718,2.987911361469685
-1335.1199792798386,9.211495973781994e-05,-2.900874954102589
-1335.7103153412952,0.014799764583943276,-2.9030269268291686
-1336.57556191199,0.13691342542517815,-2.7873649560735023
-1337.7591047218184,0.8824897037996391,-2.7982280031252897
-1339.4473039310844,0.9628237630082116,2.7004408992592692
-1345.8022293747488,0.09184621787721468,3.0467535719883028
-1354.8504680912094,0.002507117570072455,-2.963003581158257
-1375.6650412000793,0.9935695677008972,2.669112064281353
-1414.211281291811,0.22888142195764388,2.8658796863675526
-1429.8483612317568,0.42967375723644335,-1.6644651260861376
-1429.8510765972953,0.43502050955220994,-1.7019119353978496
-1429.8435869392226,0.42793551819592573,-1.6765435470207668
-1429.809354175082,0.4069294978861562,-1.5517200539827831
-1429.759105132811,0.3755726989876829,-1.547910555607662
-1429.7025191969576,0.35552564149742627,-1.2899659023567784
-1429.6222282572614,0.2414348304954623,-1.5967002787483822
-1429.4857244891234,0.10714075456870692,-1.7112466288886234
-1429.6802156425256,0.005105636499795691,-2.5552074542602394
-1430.1933712705659,0.0010323153589615471,-2.7806789743455926
-1431.387132669628,0.015660515030822626,-2.710044732034366
-1432.6129682714848,0.7765864250543012,2.416408612858154
-1435.1276259990602,0.996855696631456,-3.134954347548005
-1439.2378183971857,0.1735995222415208,-3.05697953817932
-1445.2170045787132,0.0007262984121328203,-2.470974036948332
-1471.5344085822007,0.01925699407763937,-3.1364358298175503
-1513.2220275453194,0.1047300405031155,2.820876850071352
-1527.3575373772567,0.4346069922882473,1.3166719213226026
-1527.3539946182257,0.44297143730800626,1.2715363935380566
-1527.3539577965955,0.4487386767256921,1.2463607448617395
-1527.3339346516896,0.4756618231138194,1.3551440377479684
-1527.30354386869,0.47142705055603146,1.4750877957419402
-1527.2662146720022,0.5494099342431427,1.3468517246134288
-1527.142944383156,0.6829479528203551,1.2825337818791294
-1527.0511829457307,0.8385927068417198,1.7257390887611752
-1527.221962668247,0.9933291333366611,2.961512752746204
-1527.8477624185175,0.8998807995006999,-3.056604202605672
-1527.672441186274,0.0015403006453712652,-2.700957921072494
-1529.1741458515182,0.8556942745241766,2.893573418978459
-1531.6486895309938,0.7893770681093181,-2.790807326864452
-1536.5908306651054,0.6726709211821889,2.4192588362064438
-1547.4504218070401,0.8421372543983103,-2.9154260077047223
-1562.9017370995284,0.0012591272311858266,-2.7138324494907113
-1599.8280256086505,0.009516357415748673,-2.205715471321344
-1609.5702536895858,0.6472529347711187,1.3022381978966555
-1609.5629925744242,0.658529162408104,1.2746948070338835
-1609.5616733978175,0.6613526088281442,1.2004827351896097
-1609.5508093553005,0.6748159647972732,1.157254913646808
-1609.5048882208478,0.7052789186076852,0.9970130638942374
-1609.4287245947162,0.7610259927336764,1.1743604045387341
-1609.3756399123486,0.8635128097446414,1.3973381652085317
-1609.4362653433293,0.9926933222913484,2.6373678435567562
-1609.7087202469133,0.9990601100633493,2.351634808990365
-1610.3232316593792,0.9540530191305909,-3.045701157663443
-1611.1082534906195,0.6528756097691913,-1.4308578991316026
-1611.8430364109608,0.7537503433016653,2.410587694889209
-1615.4226911868102,0.37451323788030105,1.7424224732221187
-1618.9290129227452,0.00219505104569134,-2.5314687075478552
-1626.0468742809694,0.46612122307522796,-2.5912254685837217
-1646.0638223693334,0.999924138106119,-3.106927268118291
-1691.8428214389296,0.0008603236240135295,-2.1007250808074893
-1700.589562532253,0.5085111946653588,-1.968763556449362
-1700.5805009827557,0.5092550454234407,-1.8950197059357872
-1700.5932413439925,0.5065173804161437,-1.900838658242145
-1700.590379848095,0.4948649345061309,-1.857299669947065
-1700.566108288735,0.48501847551,-1.6893637808785
-1700.539673228982,0.4486289498254117,-1.5229386806223775
-1700.4512581417766,0.3884309459614051,-1.3898551885079653
-1700.2380746520919,0.1501385269401123,-1.6162311613280251
-1700.330710107364,0.015243505879178585,-2.677844828745301
-1700.8138751519757,0.0010745441693856628,-2.763794799305591
-1701.7268191364078,0.0011038438566902799,-2.640728968498027
-1702.9712918606335,0.8397754224207213,1.9021006250896955
-1705.3291235202844,0.8438040727779803,2.2445097675995793
-1712.0614707365385,0.561259439820077,-1.9486420759628764
-1720.680637844218,0.8324173769054537,2.6801922439577606
-1742.673360879613,0.09024438698272222,-2.828907114863615
-1785.0549953960297,0.049296735916488664,-2.9203688162590757
-1795.5540039032599,0.3641506621690315,2.0233679085202905
-1795.5517157182076,0.3699968063968358,2.053662372665059
-1795.5558781739048,0.3725335660243909,2.0010085409008935
-1795.557768391599,0.395046952567104,1.9115916214603867
-1795.5491126912434,0.4081284146140941,2.017527488246576
-1795.5514880089806,0.45847122959888376,1.8227098647831923
-1795.4961873179523,0.5484717736157086,1.659108035437514
-1795.3641535264776,0.7503141983015159,2.307854210312353
-1795.5985454409083,0.9978785076015663,2.6999610794715583
-1796.3219189278732,0.9582717320196494,-3.0228353455382444
-1796.1662058065901,0.12884666094318536,2.358501656300577
-1797.8221258884676,0.9815913259610379,-2.7335928311375275
-1799.9466084827784,0.9489311196654133,-2.8602505339742144
-1803.7862070403935,0.08549566787744622,3.0907609600730375
-1817.7703172400713,0.010612122619275279,-2.8229347174777946
-1840.884111796784,0.5503670620920542,-2.7219853346042084
-1881.907158452847,0.004098021989579549,-2.4403429317658563
-1894.7942329246691,0.008132413491528167,-2.6852302949010736
-1894.78783150077,0.011391401180028387,-2.725957919773952
-1894.7945587056206,0.013419157709465312,-2.7548948053985103
-1894.815863878464,0.01607067323554351,-2.6590522683496025
-1894.866165391151,0.003896231832688034,-2.7538098191485885
-1894.921222371934,0.0027926479791098393,-2.7047890631742186
-1894.9728436136281,0.012676454667271946,-2.891759243172596
-1895.136595201224,4.74053837465219e-06,-2.6103089370910046
-1895.4595907121945,0.0104019867373752,-2.8626153307456383
-1895.9277674272687,0.11944683614984555,2.8113826288073795
-1895.9237481604594,0.8490105887420685,2.721489829298852
-1898.1581015720196,0.8803189429515085,3.0288787837504065
-1897.564629457572,0.6780914565461966,2.137666951355568
-1901.3623647576958,0.7921810055470302,2.2560982473203515
-1912.5499492893562,0.07864260880378393,3.082243636324792
-1935.5659284135336,0.5346690118653462,2.92289386018195
-1975.8883229761866,0.0005908847997165183,-2.548246790449052
-1991.1687302440382,0.6747934583682116,-1.4300447522968387
-1991.1614790141953,0.6679784055635909,-1.4205661804927396
-1991.1526997197968,0.6607749401941236,-1.3042048265636734
-1991.124961272464,0.6310834364958484,-1.2948218854529148
-1991.1039615751106,0.5915678015650103,-1.3984901184046141
-1991.070619039272,0.5708265671195605,-1.4430800344743175
-1990.983747040689,0.4877086442984697,-1.2264632172022327
-1990.7891691517766,0.2981704187909963,-1.26146024370404
-1990.6899284619617,0.009022767849852339,-2.152841840601773
-1991.3284692948066,0.008584863339247406,-2.5980364680501675
-1992.3307644755923,0.2609448639680071,2.2025351588997166
-1993.3555578553255,0.603626115216574,-2.923250455883287
-1995.5574909715278,0.6592616754234254,-2.970049202972721
-2000.31146562415,0.24292630101030893,-1.443056121365807
-2011.727646948743,0.5370244791086796,1.3784330809147187
-2026.411784906638,0.9896546123470396,2.616287787406076
-2066.3762686127507,0.17345297179192867,-1.835969488575473
-2082.2952473233863,0.009495541446767619,-3.1131911451303287
-2082.2946150472717,0.0023682484818499227,-3.114721149957654
-2082.3091273645814,0.0023682484818499227,3.1179102402744165
-2082.3096084003973,0.011032634164863721,3.0758727254240874
-2082.330779254664,0.027809304602583775,3.0189545574071346
-2082.381286172173,0.02221477812281122,-2.911658603407095
-2082.457791224361,0.05472252997981193,-3.1208110952943597
-2082.549387529162,0.06206967367433394,-2.7408512990533005
-2082.8937948815624,0.011964210707429689,-3.012158635204578
-2083.4889941264055,0.21607359017721445,2.3539928070611014
-2083.8431981595536,0.9177206178122028,-3.0287365068407706
-2086.2817544254217,0.9963577199069091,2.911096533055531
-2089.955585961127,0.001736871664113067,-2.2668843908565406
-2089.0761049614925,0.008724672134290748,-2.507171293776973
-2099.1253946433194,0.3141085399090278,2.2646027767906354
-2118.970582254447,0.026656445972004415,2.919968523602808
-2162.857791914618,0.41672475129130127,1.2599629322677934
-2175.1815889352392,0.03246505158367544,-2.857808675466544
-2175.1924038651127,0.031169470255659134,-2.8820712328446216
-2175.2025210877327,0.03619567572928999,-2.87485997378158
-2175.2194596344766,0.023571202990737474,-3.012482351143312
-2175.253899411428,0.0355346322634665,-3.057162214124961
-2175.320892812261,0.045780587675994355,-3.123121436062887
-2175.3721132582045,0.03962865305545728,-2.8813896430393746
-2175.6052199273577,0.0049590354255769405,-2.9580276503819776
-2175.928051321827,0.05470868025292277,-2.666270912902153
-2176.5518938064897,0.039169050162524977,3.050786168611432
-2177.174892156575,0.4411360020871248,2.665787235344931
-2176.5778818258127,0.9944333485981652,2.073466724474322
-2179.4487982732203,0.0007907457549346903,-2.870096323479382
-2185.699695386687,0.8951556363447397,2.9120851783091126
-2198.0389100388793,0.022623116866391402,-3.0040697026359044
-2215.903598250046,0.8976101015112083,2.9858319145175027
-2255.413399709431,0.006986460209677885,-2.7786701226024197
-2273.789055795122,0.008244568340144563,-2.650517105115033
-2273.789254783111,0.005582354716208838,-2.719481477758573
-2273.8002061818947,0.0050018208071540456,-2.7680877996373394
-2273.8212795564955,0.0008830162064862141,-2.8177804376009243
-2273.8338633064945,0.0035308784039301353,-2.9100306007090704
-2273.9004441826846,0.001723062892167445,-2.9526457491722553
-2274.008229603575,0.016502805149458524,2.9650859261639457
-2274.131796884143,0.09410474246830534,2.6776007337169876
-2274.204468983924,0.22957059073217992,2.7802889898275023
-2274.1449041538026,0.641926813172123,-3.002478738623987
-2274.4718554607043,0.9920528013095987,3.0359676125798014
-2275.5389425212497,0.044426101143912496,-2.5009931648030994
-2278.957882159459,0.979211830585997,2.6795787760093086
-2282.7677092193317,0.20850107085932854,-2.607398928571036
-2292.8736250718653,0.491343078174055,1.5075133528793732
-2307.370845667151,0.644532370943499,-1.7779241239983523
-2343.8293384434887,0.8683441108838736,3.0419328510705252
-2363.479349634258,0.8820988680251686,2.8599307667042426
-2363.4852015264137,0.8893461150487854,2.8101908524844257
-2363.491415822269,0.8890263661956292,2.890661474071347
-2363.5099211225233,0.893063557388079,2.9531375508145006
-2363.5244139924416,0.8816372288577881,2.728948573289454
-2363.549195583905,0.8938275150175603,2.800338108706393
-2363.665672116947,0.9600126222181977,-3.1104331209830414
-2363.783201429948,0.9475192564009084,-3.1140562994161494
-2364.1482227965284,0.9633854950460835,-2.814891193448971
-2364.4782983816417,0.735478252406598,-3.0011223800715903
-2364.3285437822524,0.3147181526922409,-2.543218866965369
-2365.00950749451,0.251813761982859,-2.8467119334351194
-2368.595261204428,0.8826700735545336,1.5158918407366286
-2375.7595649969717,0.11560812736638935,2.632607532516384
-2383.5713396763085,0.018470516343220434,2.85901814223575
-2406.103265201223,0.8415763323269396,-2.72113304786628
-2450.245267461122,0.9993505629457502,2.118621876747552
-2463.1357328186327,0.9975602370699818,1.9141579850191075
-2463.134812363086,0.9975602370699818,1.886131496774012
-2463.1309649404407,0.9975602370699818,1.8455342650740487
-2463.1491437111326,0.9959869335380297,1.8165471340567834
-2463.181497336881,0.9925913550190381,1.9212546690180918
-2463.1979308360083,0.999292113574729,2.1252143338815097
-2463.2386067133325,0.9967038610448662,2.5037847969620266
-2463.3634161510286,0.9822755056990606,2.559077222883241
-2463.6166395041196,0.9507822485098677,2.998119313593067
-2464.1907433254323,0.9997190239227067,2.8430650003185507
-2464.4707135339804,0.12646814092833103,-2.3669253523480984
-2464.264150716233,0.7616953963335612,0.12463103489710736
-2463.0383786610637,0.021445979480803866,2.621310969233221
-2468.1395285870462,0.2456427675660836,2.606545596863591
-2477.6265380669875,0.177836481333328,-2.440889742605964
-2497.7305117546084,0.6064904722806703,1.8469716990728857
-2533.470711932369,0.3478820879661972,1.826507246630178
-2550.5468157310506,0.36012927226675134,1.6433963086437249
-2550.547277584635,0.36308155435234174,1.691679688981563
-2550.5485905608793,0.36006451442837195,1.6443648899398724
-2550.5454020515954,0.3919069543464661,1.6832556432707664
-2550.547164035192,0.4100125107444302,1.7184319603600349
-2550.530814701003,0.46078604384974736,1.7217699109070779
-2550.456313180398,0.583023700040214,1.2319761551513038
-2550.250576389749,0.6886360229797341,2.0163956077826963
-2550.3133858835076,0.9018220077456239,2.705972722671029
-2550.631936874148,0.7427330792338078,-2.8098125474336606
-2550.8375485019938,0.01636883168791764,-2.516794551053263
-2551.9256118717103,0.9365320829992073,3.0376915108714106
-2555.317601493047,0.023119773745619937,3.138457939289056
-2559.221111986236,0.026127967521122116,-2.951133026637075
-2568.083718453203,0.05048681902239017,-2.9283290752689775
-2586.3607901547234,0.009216810414873978,3.05636248092767
-2630.6972936132242,0.31672694966566883,2.85122331446723
-2645.1826443581203,0.281508577528659,2.670544894745973
-2645.1799713123773,0.27993473310484956,2.5670784936380535
-2645.1726914696887,0.293170293689551,2.6490965783605507
-2645.167035469819,0.30514565808185706,2.562623835438705
-2645.1626038485315,0.3060122276468056,2.341400313076365
-2645.1433292912247,0.3562718263613972,1.8316598668427595
-2645.113448407402,0.4549554180980325,2.0587076779384965
-2645.0444886964747,0.5884502551633735,1.8686420682554905
-2644.84218480106,0.8750738857516572,2.454103685881347
-2645.3815662892666,0.893093559811281,-2.876668068366042
-2645.712161802807,0.5417137135489052,-1.8720214351381315
-2647.212447648982,0.46939823072862147,1.0071501283945885
-2647.684468341668,0.48015539676268754,-1.179796847731128
-2652.743111826609,0.001723838966517741,-2.5373004767521783
-2663.527321519009,0.962180856793899,3.058756459009669
-2681.2131206237655,0.9966756226472465,3.0421135333823814
-2719.9177704622034,0.9114304056126156,-3.0098613969605266
-2734.305121722836,0.5095820331389368,2.933871663720268
-2734.30934900747,0.5114460472074661,3.0291289629308036
-2734.314034861599,0.509273956146769,3.0327093478482183
-2734.306687885439,0.5183526250695428,3.105781741776001
-2734.299150244074,0.5166948724546224,-3.089210330644814
-2734.3003385701954,0.5091238857097263,-3.120684771410529
-2734.2436075518035,0.5542250913936593,2.9236360558453427
-2734.2661174963087,0.5306284342183318,2.8908052541424523
-2734.1537081668603,0.6902689188759512,-2.957057926255367
-2734.3095131800487,0.9960083770663579,1.9779271787190496
-2735.34010749959,0.9645066256403204,3.1108064093616283
-2736.6899767959394,0.0050607274191269095,-2.7692418186795096
-2739.661444286121,0.7282651758596208,-1.8354135437373142
-2745.696722038462,0.02746606092507398,-2.190578534535044
-2753.701694866341,0.007078849116376806,3.0961438481351493
-2766.866661128016,0.7822549528803823,-2.922417923655721
-2809.180463320699,0.3994834336683345,-2.8180697525910725
-2821.2241911696406,0.015240988794110153,-3.051382080923885
-2821.226507530778,0.01687446233837309,-3.0297366056499153
-2821.2345659375246,0.006608433098414971,-3.027343819531898
-2821.2481964973485,0.002863518725019678,-2.936773918647896
-2821.276880341224,0.006374139851122399,-3.035621364087275
-2821.3026587082077,0.005481856680703007,-3.0971210289934876
-2821.3995574849396,0.001986780318900722,-2.866084532762211
-2821.5635867772403,0.07616195251122375,-3.1173182912592154
-2821.815460291938,0.006562757516039842,-2.779753313142303
-2822.4620863661116,0.004241826417506025,-2.4228992784912458
-2823.6350737570538,0.062146726381750485,-3.07985403083021
-2824.7603533555794,0.9807106324594234,2.5375582522784246
-2826.105076398012,0.018672862461194734,2.942400289712727
-2830.4635465693277,0.41345295409417226,1.8041071569873504
-2840.108250709799,0.0535485055477303,-2.9750159063144905
-2852.1512595954646,0.22246768637503192,-2.5758988195857917
-2887.3141539250114,0.44398589364480345,-1.9832342888645116
-2905.0792615003006,0.9963329742896693,2.6142204388060417
-2905.075426034995,0.9974195417265231,2.58562543411251
-2905.082474863847,0.9974195417265231,2.7047557855894944
-2905.092700734526,0.9966521691560508,2.611084608498116
-2905.1161857235247,0.9993732375243711,2.62098862381693
-2905.1681938223705,0.9948831963915208,2.957819226639364
-2905.271043471674,0.9790585450081183,-3.0837184931592954
-2905.398682034333,0.9859293454363407,-3.1203214081798016
-2905.550077777189,0.8085394975272532,-2.412885540471215
-2905.304251192037,0.24095342598930422,-2.660736209568368
-2906.274942245055,0.003249496804914999,-2.3252442198992846
-2907.917757776005,0.9948476593583321,2.9551997244591997
-2910.44703223333,0.9980288412595191,2.4132405187933204
-2916.4760674314366,0.07690127408494567,-2.527958606367137
-2922.9943837987494,0.7416593592368393,1.9742904932580956
-2951.8119186734148,0.9987636322281261,2.7172512747634716
-2992.7358151174803,0.0012120424361261005,-2.5383484153647604
-3012.4811302489784,0.994206902327691,3.0100467138350595
-3012.477992886286,0.9966102026657209,3.0426451947230904
-3012.485568217386,0.9952869076178702,3.1002377956280647
-3012.493713629527,0.9958321335628236,3.056432771521644
-3012.525475799091,0.9900445773108623,-2.940927116267208
-3012.5818401635474,0.9955085790785171,3.010444219916913
-3012.7174583614014,0.9906620538688465,2.86295280474096
-3012.9304410324444,0.9741528028232952,2.6554217763699697
-3013.3160288184804,0.9987927971553271,2.9072902515562635
-3013.4337208604843,0.5274281005898331,-1.0869347681913553
-3011.141960051915,0.9931641484226935,2.3035842503138086
-3012.6325636717997,0.10817281970502991,2.600573294567143
-3013.7747602647005,0.8686133892275248,2.959261294664514
-3018.7840076665543,0.9849644662814294,2.606584617799344
-3030.647996785768,0.9970898357546093,2.901661044625837
-3050.8332886241155,0.8800499290985744,-3.057133723208854
-3086.326395695964,0.7575261090461352,3.0897195958754864
-3105.560134992044,0.9687120712407308,2.8471222476211997
-3105.5561817541225,0.9733531681246668,2.8673299531350764
-3105.5582286033427,0.971246414041211,2.837732891669134
-3105.573460259925,0.9498388505334409,3.043135742539418
-3105.5931473058795,0.9432100521244111,3.089399725995115
-3105.6236076576106,0.9598442972411554,-2.9460990642057787
-3105.71757948047,0.8900748508998009,-2.861174758124789
-3105.905898912135,0.87313780612052,-3.0657954749914165
-3106.125377139598,0.8537393701643416,-2.977105806062608
-3105.8912271481813,0.3155880509545799,-2.109800488643364
-3106.0241656468615,0.720051462376065,1.8490636153092366
-3106.386337503891,0.4043264914291973,1.1409762040768232
-3108.6892417278914,0.13408479795754275,-3.112603944734554
-3112.229529903097,0.9957966931443828,2.8977486081999277
-3121.7611214501217,0.06268089619677022,-2.9505397453347806
-3136.4491622626956,0.12267176382054892,2.9385125336219513
-3176.046382201241,0.8838069389756346,2.3269688298168534
-3191.951813618988,0.6284365460336552,2.5618700490162922
-3191.951901623473,0.6247246651144769,2.5545090470811633
-3191.9537628075764,0.627008533675491,2.485976193171778
-3191.9544934917,0.6442020748462824,2.611723696635403
-3191.9421074776324,0.6482891735975358,2.683648353408664
-3191.96212486664,0.6858337935959163,2.668381623463076
-3191.9597745198766,0.7404902443450648,2.6585269212531433
-3191.9657978552295,0.6969955888392833,3.119173362443938
-3191.9717187034403,0.7692556598996052,2.509548282618052
-3192.6170378549737,0.9917220856783523,2.731220001374279
-3193.0353392830057,0.4618112870422954,-2.3329112190984236
-3194.907701357105,0.16546347155015567,2.8349747191609422
-3196.9993570481333,0.4247765194974374,-3.0238884711355385
-3203.4615302003226,0.24496134605781497,-2.1321778304774135
-3213.5120770465423,0.48648412915341965,2.6938054464326893
-3227.422977769378,0.9998991833084588,2.1714288060492004
-3265.070978243781,0.9817948228184267,3.1159387381231243
-3283.201416238003,0.053700408618003334,3.140579256651777
-3283.2105353839434,0.057556693388985086,3.102791485490778
-3283.2039144429186,0.055945590521059865,-3.1159051985110997
-3283.2001606807084,0.043037501507694524,3.1305363766977363
-3283.188595559849,0.0489652065735082,3.1382051386773737
-3283.243888021749,0.05069839630459501,3.0389642239681525
-3283.2907034205145,0.04391154830612653,-3.0871797675553303
-3283.4471821539687,0.02244937391790409,-2.986046861101262
-3283.840161079081,0.04436453911571971,2.9896142127267478
-3284.5187733940297,0.11083315659691935,2.634614325721598
-3284.2282758421425,0.9871668438908057,3.0793264370148794
-3285.690734053863,0.04242764893423981,2.9525472071886156
-3290.2061753852263,0.006209517749831216,-2.887494201767434
-3294.3790479380286,0.462591732713104,-2.0669116147363784
-3305.2795639429364,0.004004774717137387,-2.5155143280990058
-3318.55657623505,0.01784560979179787,-2.800740368025191
-3354.3017910911262,0.9940940596052593,2.7028934686632677
-3371.0871062565334,0.6549499432536134,-2.005611373405517
-3371.085392009319,0.6499055785467119,-1.9800432446795648
-3371.082394184723,0.6436290226416249,-2.019923896581709
-3371.0814488911005,0.6202137965720801,-2.1686338266776635
-3371.0866750481036,0.6016776954213651,-2.0021563629825905
-3371.0230742786894,0.5651600874737724,-2.1822889853907257
-3370.9895096461582,0.5021886926699315,-2.390950053161889
-3370.8905668743223,0.3356034514505965,-2.5205917725036757
-3370.818595582249,0.18009592394319304,-2.1218709331431524
-3371.299051594007,0.014450743353497672,3.035075741314323
-3372.805521012233,0.015240435685305793,3.1234066929122575
-3374.0132383356017,0.979374964465744,3.134931553945427
-3376.8707522124023,0.9862778113129059,1.9202923321543768
-3383.0631637267757,0.3139664990197873,2.2600750468661186
-3393.0049673785106,0.00016721295011746032,-3.081110828600143
-3410.2273686016683,0.05938639170720342,-2.6289556975046855
-3447.85971029874,0.023262938850896416,-2.8934092023368363
-3466.0024910642815,0.003012044481409262,3.0871037238358117
-3466.0029535453887,0.001958061993057272,3.0711338904509615
-3466.005965501796,0.011018490092726445,2.9016370754419434
-3466.0252927550723,0.012812580244431632,2.926449023046313
-3466.0559140554506,0.014760258819080111,2.8148682855859937
-3466.0798682028512,0.011455665362987552,3.0477085804990587
-3466.14702450371,0.04194506478974281,2.8394798217435024
-3466.2548817957495,0.11035688967124817,2.726744067511902
-3466.3381979375167,0.23280503092680369,-3.0937462159691376
-3466.6865369970296,0.02812573603815592,-2.620219843746502
-3468.0767752662273,0.021043175505030477,2.9313944908194056
-3467.9464523070137,0.3395279216079919,-0.9597597552125556
-3471.0550821029183,0.9877315400739984,2.702181076641242
-3477.212784277163,0.599820990600048,2.8896282244955795
-3488.699014916188,0.14402787604420925,-1.603668552121654
-3507.521998020077,0.0013518842844521882,-2.979548735237681
-3545.91484574931,0.0050948390487623,-2.664864155793412
-3558.893784244882,0.5218671455677795,-0.2870802456629633
-3558.885867764573,0.5245400479703957,-0.20834305150634025
-3558.8759392206834,0.5272496585207448,-0.09583204686769031
-3558.8452566278825,0.5311947819967662,-0.0580621617116277
-3558.7882270470736,0.5098983775218787,-0.2498878680221872
-3558.712856758734,0.5360907950513312,-0.2225566555861067
-3558.4901194568274,0.5326329675625446,-0.14759183807989595
-3558.121128731957,0.5205196355584564,-0.10295252176117664
-3557.3132243451632,0.48193067442452214,-0.2607849058115228
-3556.2884302086927,0.9544062281799105,2.241202095471161
-3557.4166911484485,0.869050801426148,-2.3916298115389187
-3557.776508865722,0.9279030679398802,2.668817322448122
-3556.4590017236155,0.38501291044121333,-0.519766829071433
-3560.643596845249,0.01556330179266495,3.051929125110818
-3572.3162101419966,0.005140521856473049,-3.104732116851752
-3594.350302706015,0.016282227565338685,-2.740984149633691
-3634.378395687815,0.9300135497848699,-3.0016186856180327
-3648.614720200711,0.03500702472340529,-2.986714542759002
-3648.6112197609946,0.030898800850960105,-2.9817065662823317
-3648.6121260413893,0.02243012264685539,-2.9388541537308357
-3648.6159951913846,0.025113948477600397,-2.8272394261591445
-3648.627071508166,0.027760234359648746,-2.818361008776839
-3648.696528562664,0.01087612991764261,-2.8132241880459206
-3648.7953017780806,0.0030341165076448705,-2.933562112934241
-3649.0214819160933,0.010878693924414758,-3.058649782808476
-3649.30338240105,0.005853456008826724,-3.0193469715423715
-3649.9488732384843,0.000987349434709117,-2.2251162626776604
-3650.721422506129,0.5589032416739093,1.8555642551111946
-3652.1464983039027,0.772279333704698,2.7427783642612518
-3655.0800838709274,0.2216676276522264,-2.096653987667437
-3660.7048046746227,0.004590453516843761,-2.7323423248023064
-3668.120457341291,0.7374693467660387,2.582481530635919
-3688.9954140643245,0.45049619588634526,-2.8084897922482637
-3724.9199621231546,0.1583304793780672,2.8212869786297006
-3742.0582386458764,0.8486436064485764,-3.011127130367244
-3742.0536434421356,0.8476486832028526,-3.0205279888180505
-3742.051698636417,0.857121762528663,-3.072007593330178
-3742.0463163717377,0.8646725740599194,-3.118939014837662
-3742.028001766815,0.8535930649509704,-2.9445504449709334
-3742.046716556694,0.8455905998311224,-2.8158522192830713
-3742.1123018874323,0.8234314091818361,-2.883883468777284
-3742.120772161017,0.6775796152824526,-2.44713891628277
-3742.017280343372,0.44666188770283827,-2.437466220219615
-3742.0730606838265,0.11518335560750924,3.1403401847845664
-3743.4450329691695,0.1966100574595823,2.918820859873862
-3743.609605661123,0.8218997315316525,-3.0958902745061483
-3746.155165750934,0.7295865765776859,-2.9380906573804793
-3751.631403503952,0.6761453548191952,-3.11186602228227
-3764.1012839949803,0.6584113171908809,2.1743897183784586
-3782.949172963047,0.431362640650914,2.1399694439782984
-3826.3051971893087,0.7540190184748674,-1.2017911286569378
-3840.80428262156,0.3153161609727153,-2.0488453682939496
-3840.7933422614656,0.3162759875349223,-2.0728943866686835
-3840.7923236693405,0.31763388392973124,-2.00719362912376
-3840.788681225493,0.2943160361283578,-1.9472116630923044
-3840.791206408422,0.2812705431144331,-1.894014866464765
-3840.7740564057,0.2733403762823603,-1.9301842779609886
-3840.7568644668536,0.18620773548459393,-2.2549306025299853
-3840.80277960814,0.031062840203229712,-2.38333345697612
-3841.0876138706553,0.04743843676264874,-3.137039943794894
-3840.7881257599392,0.7139497530706977,1.3754532017767414
-3841.742244333281,0.969450678079905,-3.0774252858404734
-3842.5189659840144,0.8473780906224381,3.0885329549679295
-3844.361241680898,0.9990910066173021,2.676708988105453
-3847.7200936171835,0.15195469510186654,2.6465347120371554
-3858.4654229713706,0.9029828833274153,-3.0785978285681592
-3882.091687671631,0.9932044493499342,3.055037101578244
-3921.1224281092523,0.008353305690093368,-2.5777889040414133
-3938.645095418552,0.0071584765609209785,-2.813827307635562
-3938.644560511812,0.005214548912330827,-2.8664338866711403
-3938.652448997446,0.008544385465499918,-2.8983056219923
-3938.6503804773097,0.021041587747810692,-2.83581583273721
-3938.689547966452,0.01011617552773875,-2.712804638539877
-3938.7545427614787,0.015101901350729224,-2.7093441730802996
-3938.8000843897807,0.006976343091319116,2.988755681048122
-3939.0133669831293,0.07157483249902179,2.807930563107446
-3939.3375549726325,0.11417087713717873,-2.8109979776980616
-3939.9468838139073,0.07825262752482917,2.8910805780564424
-3940.0293342026653,0.7552326777001118,2.4897064173977164
-3942.129654186608,0.9876834393112308,2.870371804950775
-3943.377966365628,0.26689612638071775,-2.0169014156175846
-3949.9424956999796,0.9983901633630524,2.861806760219376
-3960.9161414619957,0.5956436568959516,-2.048123948406181
-3976.3405708715095,0.6896174829704734,-2.5608292654816807
-4012.6181093767404,0.9678325359428648,2.64647291068321
-4030.2802768853426,0.9869317898032821,2.4491478068122365
-4030.282028096852,0.9845053573535874,2.431848590482046
-4030.28499479164,0.9787734912981823,2.4850257553757853
-4030.2747581705457,0.973690260345038,2.536207185329234
-4030.286476894942,0.9966127737854233,2.4970799119600917
-4030.33191700832,0.9921373523933698,2.413961526242243
-4030.379326068446,0.9940988914495911,2.4027218389713862
-4030.553655545721,0.9975157033424866,2.7922599468486213
-4030.886536869809,0.8794669047609357,-2.510826361408637
-4031.1673495875025,0.8348018124909694,-2.8601153180061907
-4031.279545511272,0.003015914515147089,-2.987133318816867
-4033.919895603106,0.008363111914004302,-2.7560505026301136
-4037.911669131031,0.6318414337944678,-3.122913785890983
-4039.497897757046,0.8710452760835082,3.0473592823701416
-4047.5929441651087,0.8628507635248348,-1.9061034928428096
-4063.186105836141,0.22117637414260508,1.9132442640718494
-4102.227709124112,0.025655933496411307,-2.826620608785792
-4124.660663638204,0.7464385447040279,2.6398401138646737
-4124.666209085044,0.7491042211310348,2.7301086152302725
-4124.668662633904,0.7477337617853775,2.6866508986671143
-4124.65327548174,0.7529301044929871,2.680361370727643
-4124.654550963438,0.7473102538015989,2.622423600469914
-4124.689082070943,0.7892598139367693,2.408108222613123
-4124.704254900612,0.830282206010353,2.366241498003557
-4124.8005784096595,0.8969314556344611,2.8686638818292645
-4125.017271885737,0.9993254173455428,2.486878743806491
-4125.6913656998995,0.9154736201328956,-2.9315097529541703
-4125.977149265769,0.011445948649648256,-2.5453457232314225
-4126.466075538657,0.002773685609045874,-2.629431756679671
-4128.945367690166,0.09412802212766881,-2.3969377568898915
-4133.53900220684,0.7317572900243661,3.011253498606096
-4144.154788503116,0.8230813354643642,-2.018652489062902
-4159.547197184113,0.24407188518285997,2.610060362556874
-4199.044842302345,0.07360692976357062,-2.92784353996024
-4209.243138127954,0.9966975814684574,-3.1318544141677958
-4209.248873839175,0.9925068220353951,-3.127732973696546
-4209.258487517092,0.9951176158393844,3.083837436051616
-4209.2765601818,0.9972695208593569,3.0793581091411744
-4209.310548240367,0.9999291057986147,-3.1259165305930168
-4209.356218906029,0.9897034563011441,-2.9470718102456255
-4209.4059390182,0.96062609165303,-2.7106483697867936
-4209.411046733294,0.7870813794898502,-1.8391374863612187
-4209.103387342484,0.4133088253975675,-1.9685979912179943
-4209.147830058205,0.0009143156148272889,-2.536412622850932
-4210.211387528953,0.3595294865537537,2.0626382857432057
-4210.477951284144,0.0073506698353078565,-2.776655880352343
-4214.886415121997,0.983075334444513,2.810157036319559
-4216.795022164923,0.025843490019480338,-2.682153595433137
-4223.2397246113105,0.3238802041397167,-2.371378614800246
-4243.056529934473,0.8172655831508572,-1.8570383566545399
-4265.612693046648,0.849071196327671,1.8358473763136853
-4283.38446228356,0.2646525757109105,-1.6447664996983569
-4283.391062878786,0.25659910183239953,-1.6831436253876009
-4283.382572566278,0.251505075125672,-1.7618477696511645
-4283.368407712798,0.23882476271356085,-1.7671894398189134
-4283.331748679308,0.20169728785113653,-1.7213667850533148
-4283.307460044214,0.17190184858452218,-1.848616841956299
-4283.316358700776,0.0779448316681491,-1.9785931923846356
-4283.465645917552,0.0019481723618671194,-2.3645611801793454
-4283.74363236858,0.007288009538555751,-2.568037382746063
-4284.39743777646,0.006145675413037412,-3.0568490847201457
-4285.066785586028,0.525923492143644,2.2046367428757048
-4286.059442181625,0.00727105699869029,2.850196732139631
-4290.583941220185,0.11570061392875594,2.6451155754845095
-4294.208407465606,0.6858671646982635,1.4768026676098511
-4299.81922528553,0.9979384952568127,2.176951107590181
-4321.988876505101,0.9767663291770692,2.8860855723879855
-4358.543810124831,0.9736284324648666,-2.88003613781277
-4373.564626375948,0.7609591672701312,2.3192516426077496
-4373.571732554549,0.7660301622520638,2.2760272269054607
-4373.579858388395,0.7707965011515348,2.224326179670368
-4373.581834477854,0.779785156582513,2.44565718179269
-4373.586682944652,0.8062910720395345,2.4061164057198496
-4373.585333692722,0.8705570573451785,2.3102967787552444
-4373.63770915058,0.917347956178698,2.3406516186286206
-4373.733939810654,0.9965755501752951,2.415803045933119
-4374.055980445425,0.9989810438829111,-3.027826789365235
-4374.485080630394,0.8923143672301296,3.129670654007997
-4375.637434042429,0.9827600430368574,2.6245010209697064
-4376.785764162157,0.29934868517170804,-2.5342514056229573
-4380.222983587253,0.9281034347622634,-2.782758164861687
-4387.2311951603,0.10608386645259806,2.4799002640477648
-4395.784308293102,0.15299655524733058,3.0558311083046057
-4407.424259644056,0.18721325069793177,2.503759463753731
-4442.162744730936,0.9920230878071374,2.6780005772472997
-4458.529556516831,0.2776967093552604,-2.596025391269986
-4458.528995450436,0.2860926690485129,-2.600276579187026
-4458.526953344447,0.29256954775871075,-2.5385599418731157
-4458.532072666185,0.27812856089182886,-2.6100348735845063
-4458.544905965701,0.25257286501142207,-2.3975582076411506
-4458.565833137752,0.19809238215784594,-2.1975600589240387
-4458.5689135728335,0.0837300835020728,-2.4906758948235526
-4458.694575063877,0.061079563100086755,-3.0015942016538957
-4458.971970596924,0.02158291265089001,-2.7941857474480094
-4459.134146252892,0.34744450848207187,1.4548215475130037
-4459.057634836054,0.9935378042303724,2.704800082283226
-4459.859069210819,0.8824797176824717,3.0386886813949188
-4459.931679616077,0.04323471153872499,-2.728823163387145
-4465.075411024207,0.7616374489467547,2.6460498645200055
-4476.6429064307085,0.986568917335762,3.0651283576722994
-4500.389470282471,0.6047478002679295,1.6202495108132702
-4532.1351021180835,0.001409994003779638,-2.6732085982527507
-4547.487524702983,0.09159092194959267,3.0777099938491403
-4547.491679115284,0.08227883729112417,3.0175286964375676
-4547.489626329272,0.07449400287017986,3.068707089949255
-4547.517097670717,0.08745998179132614,-3.114716869791007
-4547.522218960938,0.07694173169957141,-3.0313145959017573
-4547.583679671284,0.06502308991573408,-2.719835272353459
-4547.682225647552,0.033440460784244376,-2.700676137388868
-4547.816848399773,0.005200179194261857,-2.8639309915354247
-4548.095837277443,0.004426002072001624,-2.8624222054982438
-4548.772251394346,0.02322003229781191,-2.9256410384629903
-4548.8227992843895,0.9994522807898482,2.466869499099234
-4550.180174059632,0.04845672072137637,2.8325257135695656
-4553.028786774936,0.016879022331615857,-2.430921705510542
-4558.38307033217,0.11052431143836372,2.4929888507113827
-4563.15073741729,0.0029651887471801915,-2.620076161668083
-4581.964610946959,0.47188965378445596,2.15599583979626
-4609.925770811573,0.0021692138476091466,-2.6532492219727573
-4622.7086049172585,0.230507275394868,2.5015332730676567
-4622.707061479791,0.23221324431511234,2.4410170662293993
-4622.705651985776,0.23168409290814745,2.359273571642845
-4622.719587273615,0.22561198892866025,2.310782798120016
-4622.6937847457775,0.2655419903178164,2.483310100798242
-4622.659761594481,0.30584392241503466,2.318048478246384
-4622.604984961884,0.4507362566181932,2.175344474478953
-4622.540824046912,0.6385067596803864,2.749644352011452
-4622.5909594861105,0.8017548500428863,2.8815437933558776
-4622.921550209053,0.8357886859485365,2.95130768879703
-4623.963698844592,0.8787884533367551,-2.9327987159314075
-4625.2670008033,0.7395271586515566,-1.4738970809875986
-4626.619408708294,0.05227196473854914,-2.2793769234118395
-4629.801643251623,0.34586859140544934,-2.3156245321752786
-4635.360414705422,0.08986895903592278,2.9158746831203466
-4657.414646577639,0.8163761382700836,2.8010029125250053
-4704.429236062588,0.3373850253451438,2.7743790601087
-4721.136368051968,0.9977017828075136,2.588220430829997
-4721.137378553849,0.9977017828075136,2.574337124006137
-4721.142987001266,0.9976849085991626,2.654269708927174
-4721.161340697233,0.9931606206810332,2.5430000368636243
-4721.159604083979,0.9975101478792907,2.535386480371992
-4721.212152097311,0.9927437176334076,2.263265780327714
-4721.279170868804,0.997226553258861,2.036215110018924
-4721.385691991923,0.9950188176081289,2.1373926324934276
-4721.8095211987975,0.9951597858523872,2.7576983913996855
-4722.535712823232,0.9552280287668344,-2.565145446070673
-4722.65871789594,0.4963086659634663,2.6342064577785393
-4723.512329552919,0.2818668868597278,-3.069704533474253
-4726.9494246139,0.0038006866499483054,-2.7385991123649607
-4734.028463850753,0.9994345358253132,2.8074697389982877
-4746.964784742705,0.025300495322226314,2.933467985078604
-4764.760059454506,0.9003060692255804,-2.659542823512321
-4808.865327487572,0.9496510440350695,3.1298667187099687
-4826.747010924266,0.13102733301611516,-2.706633726148774
-4826.753677340502,0.12490428684602814,-2.6940649270801913
-4826.759004570013,0.12544175026582216,-2.714798293182907
-4826.768949145404,0.11979456869387055,-2.6731561645993076
-4826.782643847171,0.0923626202592199,-2.628743583281852
-4826.802912573364,0.038169709149301956,-2.2316314241198074
-4826.916131769252,0.0013609041765500316,-2.5438598174341474
-4827.066024425598,0.0003763609712805205,-2.9106994025159074
-4827.500017128028,0.04992609192121178,2.9015129899231056
-4827.736469656513,0.32879186404838545,2.946167116287892
-4827.6581855901895,0.32413720065565704,-2.8269146346822462
-4829.973982626374,0.12612226132824542,2.4594109962753006
-4831.176963658286,0.9858369494805896,2.9224955224211744
-4836.347281867402,0.035850131286487036,2.9020774120220025
-4846.354196168346,0.011908058773103365,-3.0858092818716063
-4873.016512054122,0.9911274683653477,2.419199909047377
-4913.604424499436,0.9394816545646548,3.0233481350108597
-4929.278853774035,0.0009417790531476731,-2.65900503018627
-4929.2845494830835,0.0009417790531476731,-2.667279675095234
-4929.2874696652025,0.0009417790531476731,-2.778937498250265
-4929.304018529764,0.0024388237687836666,-2.7430189824165274
-4929.318467678499,0.0029788124072207176,-2.751300804960297
-4929.375084920197,0.009190971693389303,-2.7087514306747775
-4929.492284055042,0.002099763879855845,-2.8684084108176036
-4929.642074355399,0.00138610992998016,-2.403484326819885
-4929.954222027257,0.011473815639172998,-2.6449498186935223
-4930.7558853376895,0.11842221803398208,2.7872457588163293
-4930.987920737408,0.23541511851435182,2.911357796256209
-4933.508010673313,0.0038823104240710985,-2.7216942005629323
-4935.187014718134,0.954503331241869,3.1250026683920655
-4940.6069729624205,0.7354921890965184,2.4911311587383818
-4949.60134149272,0.960671355485889,-2.868893397734789
-4969.957534484275,0.9885339628506916,2.440064680774654
-5019.333060283859,0.003592746754713553,-2.457234540359125
-5037.497055668492,0.019100800284579958,-2.8016850931133415
-5037.4977588887905,0.028495147224319273,-2.8334156538702615
-5037.490001828838,0.03025614088091882,-2.7868275986214472
-5037.480388195167,0.00996073145894826,-2.958442584159069
-5037.493727989546,0.011074321147967981,-3.1238086007295474
-5037.531533084529,0.035101043302942635,2.832319960280353
-5037.591388526394,0.0780081313150166,2.922835730734757
-5037.718796560593,0.022978277405624782,3.1346844393150484
-5038.067538276092,0.002764629701813761,-3.0767192948408213
-5038.421131773878,0.3637102770056897,2.3159323642265583
-5038.695665441265,0.960604960208042,2.552499160995689
-5039.920658987322,0.01802440777416532,-2.592334801328611
-5042.732071583622,0.05841275348810919,2.716842485890818
-5048.952083901716,0.00466839418082652,-2.2217526790880906
-5059.784452100278,0.14212413152241443,3.066303687523993
-5079.723714657494,0.211720589964582,-2.4385082959362405
-5125.517478580567,0.02037193301431524,-3.029297627658446
-5139.584180799426,0.1752595154812534,3.125173284083969
-5139.586997978199,0.17935437718619518,3.112286696068491
-5139.599031520014,0.17984884283242278,3.1015617489466623
-5139.614470082844,0.18018697709935833,3.0949757561953817
-5139.62578619345,0.19320595332892584,3.028121642374334
-5139.652218166411,0.1920870496782631,3.1415795119450323
-5139.687928693539,0.16732726344644522,-3.1374311606817455
-5139.751463560419,0.19768631179947532,-2.911634456507409
-5139.811212617887,0.11468619206744775,-2.720719581345028
-5140.258704398294,0.2714211976115327,2.107229452043571
-5140.515859637331,0.9338743121882511,-2.939960727773765
-5140.8835697634395,0.8339119759059384,2.121736470020564
-5143.826583958057,0.27043932711975455,-2.4516735933273273
-5149.233942528599,0.16003857800897445,2.4559840890163738
-5159.121820497228,0.9993520462697258,2.160964594359461
-5180.304298662434,0.9141735578208225,2.87528384353521
-5220.8357665239055,0.9589201520944327,2.515268641895121
-5236.7647456230925,0.0027827491296020385,3.0943729513084612
-5236.775446696754,0.0004747935815192406,3.0784914355475665
-5236.792590757023,0.0013676657996470342,3.0913506139653686
-5236.805017651211,0.0019171955320303083,3.02068531106859
-5236.8219668610045,0.022438660306824953,-3.091067625669604
-5236.853703410762,0.03645322138999189,-2.8599813683081816
-5236.9423928679935,0.02843610529682164,-2.798386893748794
-5237.136954405685,0.07169105231859793,2.7266062645433253
-5237.389441324163,0.1143806343710281,2.910860594597624
-5237.37519220747,0.37659028011293105,2.338476458186035
-5237.764519031728,0.9096688157086437,-3.0441862333065495
-5237.315634089241,0.7567215034656257,1.83822704629858
-5241.265653476388,0.11859034131178593,-2.633656096565031
-5246.7541432247735,0.9977276702090647,3.1128737471123156
-5258.185259217658,0.9852084929300189,3.0640939812385284
-5272.69418176393,0.9992898192804336,2.7651678211164317
-5314.124170288898,0.058559997871459976,-2.8979577068073157
-5324.676491553877,0.00648731433536656,-2.295001055040678
-5324.674794389178,0.005251275207391345,-2.2398288552759715
-5324.669290458911,0.003219181848982875,-2.2907044185533048
-5324.667294257553,0.007231888269497653,-2.3062165016424836
-5324.664779134777,0.004742257967857092,-2.373170093476936
-5324.692982295369,0.001931666036094076,-2.14312063695527
-5324.760217435081,0.0057891390577211425,-2.4626984631730173
-5324.956120941434,0.009900898677897996,-2.8642142061649336
-5325.2958305588745,0.0015695376649118647,-2.482314678642234
-5325.898440660393,5.573422115145044e-05,-2.4925289326613074
-5327.124414870213,0.29145967590326793,2.154927867319852
-5327.456894393768,0.019079663803023006,-2.445167975041394
-5329.84505625883,0.018297633315375633,2.588458200529333
-5332.128682933928,0.00755858857364536,-2.8984900067624935
-5343.035287798123,0.737225282044142,1.4584486503024943
-5358.251125262163,0.008769126456010645,-2.7035358346205816
-5397.016367040755,0.7219598708469113,3.0877304172543374
-5411.537315719507,0.018569582815340966,3.1022744435623313
-5411.5443324110265,0.02310498626176757,3.051966315470274
-5411.541902761062,0.022527420133529066,3.026897741820422
-5411.547387084861,0.03848965325744734,-3.095903789606049
-5411.569224793583,0.0619309795489308,-3.0750929705158754
-5411.640064681904,0.049913169028109806,-2.9927836179073424
-5411.767619719492,0.020196572640996762,-3.007988403410998
-5411.858875372544,0.0007766205509375288,-2.498934300340005
-5412.186816690702,0.011648506258956809,2.612298599333216
-5412.186319818357,0.5836631817814015,2.322699182812067
-5412.404840845738,0.641485020074861,-1.5669624941059441
-5414.256652954475,0.012594272868459063,-2.9457171518062597
-5416.885336693664,0.01445805933517335,2.959933286120174
-5421.867839098979,0.011649013071530361,-3.004619548794894
-5429.346981610625,0.0029185794490330244,-2.7706842254752675
-5444.860983219727,0.9941009795673096,2.5603624309834103
-5479.814268544453,0.9901636761734927,2.468521616781004
-5498.420557328743,0.9931696650222314,3.0329801452528837
-5498.417696480564,0.9901445170780189,3.0442903246202055
-5498.422452992736,0.9870126267235627,3.0478881558510835
-5498.430262139349,0.9763466762631663,2.9992909908154086
-5498.4624260616865,0.9719347387956112,2.8858855791605187
-5498.506426308314,0.9966261418856663,2.6378298640306213
-5498.597125988047,0.9975157718031952,2.682333429899561
-5498.726574925885,0.9944601711637474,2.3700077484008384
-5499.086681566809,0.9979562278835284,2.395263673609209
-5499.642122517587,0.9977155030089427,2.904463362268169
-5501.040422783367,0.9945659691940054,2.615091565335799
-5503.553172098505,0.9768402359088413,2.7813546340442867
-5506.555398192982,0.4570373512404751,2.2731852720388
-5508.938719153622,0.9959416872875781,2.6084688987272493
-5521.005186549027,0.8009466767687509,2.311171805778642
-5536.8198211747285,0.006000842346676705,-2.5040874050611843
-5576.066502120488,0.9888504026849982,2.7724179075672133
-5592.825330724824,0.6755783694167479,2.144993644757232
-5592.8238417247,0.6732877170987552,2.089790741582389
-5592.813015401788,0.6813500670103473,2.0087430537284012
-5592.835015484075,0.6879442105714871,1.9500224883915145
-5592.807007872873,0.7166342536071068,1.8876754804192588
-5592.793690851013,0.7586780740232978,2.2418857767564067
-5592.802660217125,0.8431545070668396,1.8275265928950244
-5592.967997515078,0.9942421866150145,2.576089685628652
-5593.176290444681,0.9847594243942229,2.7355366503265586
-5593.761605878082,0.9885619548818837,2.7494383961953677
-5595.011251861368,0.9900114222965556,2.658714550138793
-5596.256880695162,0.12303306212274892,-2.883452502837934
-5599.240887376589,0.5205467304807465,-3.000054852940073
-5600.701802276185,0.3261114014245807,2.6156937309303654
-5610.09048412732,0.9987895818462255,-2.9470574605414477
-5632.937615907342,0.018715758323737005,-2.663179751631408
-5668.509247013892,0.0027302765844422977,2.966577374826853
-5685.492835403853,0.3105699999023333,-1.6147951238397877
-5685.490889461545,0.31233346866936756,-1.6436174121950184
-5685.480503807139,0.3081224826387399,-1.6073745516360005
-5685.481600259486,0.31071839803161666,-1.559071532516828
-5685.462546976633,0.2882277237115121,-1.5198226211089896
-5685.411671753505,0.24476752329351975,-1.6967204922226593
-5685.3797085289325,0.17505277112598133,-2.075573620183971
-5685.41186809751,0.0032083283159796278,-1.9747068556202017
-5685.678900233387,0.006917517785737523,-2.5437068562941016
-5686.228071915938,0.12112180452759169,1.6901421310460298
-5685.693357574083,0.9960737362123399,1.7153341234142703
-5688.214512261821,0.9916939459708473,2.3841362981271494
-5691.175919175197,0.9972445098869132,2.2031754067799962
-5695.630105531418,0.26211678609698114,2.9085348694912057
-5706.092722634529,0.642149324053498,-1.838362013432082
-5723.839353460566,0.026515806370133933,-3.0718570482338805
-5765.574873160062,0.9883537968215346,2.2230869892082907
-5782.930619571514,0.2842003829358185,-1.7124007109153245
-5782.928512769956,0.2873094030467513,-1.7433231792636752
-5782.925828668834,0.2828816386888544,-1.7768077472668846
-5782.910122096,0.2776719902741186,-1.7110568564114277
-5782.8986535538215,0.21907726218158272,-1.6993332303016881
-5782.883306347777,0.15641774212588394,-1.5999699391323863
-5782.883421042077,0.06991152651801742,-2.2704338277720724
-5783.025230577218,0.010112793887382109,-2.3286424026894452
-5783.153514438379,0.006504489568471786,-2.18802539610211
-5783.620842975977,0.0540623184217965,3.1133559851362342
-5784.854945852979,0.0001710977874837885,-2.7595242847154924
-5786.324222874242,0.9534259253549074,-3.1240850211163447
-5789.6134248930375,0.15040864232674447,-3.1335334675623434
-5793.995814113245,0.001136271208883657,-2.7939758578300165
-5804.400937487288,0.8127390928184145,1.2302458456913916
-5821.811476650711,0.035897702906641675,3.061804957592752
-5861.004378579075,0.998847571190684,2.7847527010190163
-5880.520415878169,0.9994621416474891,2.357126833013612
-5880.517431939853,0.9994621416474891,2.337760955845539
-5880.534139307693,0.9994621416474891,2.2990727042599968
-5880.5301515562205,0.9989222862143142,2.291855405322657
-5880.550189508539,0.9987962333012007,2.3747359929708
-5880.5676950893885,0.9991157248458368,2.1072847693709953
-5880.669684698413,0.9966543358704026,2.657123203921593
-5880.830537698766,0.9968483710099577,2.9105913436757325
-5881.102583605498,0.9947892112537831,2.7100456604421
-5881.741334028561,0.9648425592239479,-3.1330782705304756
-5881.898766981055,0.0929164653273892,-2.695714784596292
-5882.974406191007,0.8005270769152338,0.954050168159994
-5883.2615886339945,0.95220110401876,2.223284468540557
-5890.271328068134,0.0008833469846476873,-2.5114770317065926
-5900.534598718173,0.9848949217021532,2.205731508407739
-5914.429101298784,0.9996982013277469,2.74764800352874
-5956.416930397099,0.013451908507692041,-3.089915913108828
-5969.964640191277,0.5873709409185166,-2.135543473674526
-5969.9563940364105,0.5849557240657007,-2.1059547050452094
-5969.947393903743,0.5921775303334156,-2.09600653914663
-5969.9393624040795,0.5709329720456741,-2.0538288612072826
-5969.892670697913,0.5467356078817348,-2.097539508388022
-5969.862702864366,0.5124182365418739,-2.093938054708188
-5969.851788730783,0.3971738033393307,-2.4107136941982845
-5969.739027680782,0.22465050790584348,-2.6470072361759125
-5969.959074353579,0.14557171599241248,-3.0492782245306054
-5970.387908263969,0.17040167772357723,2.880527948110829
-5970.517756165318,0.9999972744036789,2.303896506833204
-5971.8515071805905,0.001182401141078169,-3.041412003456945
-5972.907833469182,0.004686612235125638,3.001493733614044
-5979.531200506344,0.020153452032347856,-2.756434865875523
-5986.827559169158,0.955693247756746,-3.122218830943301
-6011.073376527232,0.0006363784610109577,-2.822732414853057
-6047.230576216293,0.09277618107701324,2.9282362960214865
-6062.412920778172,0.9998555605479506,2.603377060723936
-6062.424505021292,0.9892935186839877,2.5337936646824337
-6062.439522633633,0.9868598866324816,2.4937674713379856
-6062.4509366264565,0.997721956122979,2.5299556348844003
-6062.483437558554,0.9883142404235579,2.6127879362839064
-6062.513185617143,0.999319962947618,2.680011526863968
-6062.5907598367,0.9999913614333836,2.5010992569386863
-6062.772409298867,0.9889566085108616,2.8034745267856174
-6063.091186636365,0.98097359485771,-2.9078184827349847
-6063.21691677262,0.6130689661706417,-1.2468580451479785
-6062.6981906636565,0.014757558539760554,-2.9808777096143513
-6061.616187381829,0.23061298673152966,-1.1879122688818557
-6063.621804351803,0.002850221616888972,-2.0344776144867582
-6068.422021561069,0.3979967882572487,2.7720857552525793
-6076.379868008876,0.8238870473641123,2.201445521036371
-6101.322310104723,0.5620064914121212,-2.032235642816298
-6149.793581753602,0.9487631258788821,-2.9212223533552817
-6163.790083030745,0.30829028713809364,-1.0937901807923538
-6163.796322852339,0.3028591006874706,-1.0777639503020566
-6163.790467200462,0.3093547263179553,-1.149628004766523
-6163.77043005944,0.2907422953025751,-1.2891164916210467
-6163.7657868610695,0.2737856887556073,-1.3800512242962022
-6163.739268332217,0.22362090076027905,-1.3840814752972137
-6163.6198681656615,0.15056420155474884,-1.567804811487681
-6163.6361653267595,0.006869038006691846,-2.3833140234952084
-6164.004961197682,0.0014459760212218223,-2.7801540549643082
-6164.740096167663,0.08071993993371136,-3.0132276361293546
-6165.364011615284,0.5881945154305661,2.409759018607767
-6166.344780116708,0.36700425490495603,-1.959538313682057
-6170.635349844413,0.01948172811294504,2.946577709087011
-6175.273565979021,0.2399364207217736,-1.3549911418443767
-6180.394261442639,0.32929066966796017,2.7903306354501742
-6201.119943076525,0.9986744532453402,2.4354147968264694
-6241.328364665046,0.9955077424597705,2.442400078369758
-6259.733243406105,0.017577873745070395,2.967094073837898
-6259.729345310067,0.021240125228378863,3.0028791903097405
-6259.747081151184,0.025062584531349272,3.0453750606721934
-6259.758593617559,0.031000129735353665,2.933743172282977
-6259.770329768512,0.04735071160861444,2.876079036887363
-6259.814831253288,0.07482793179938665,2.646446112583744
-6259.888082686841,0.13149739284998382,2.4559623040065404
-6259.883901595373,0.2859456061509485,2.2324134728296148
-6259.847029672224,0.5263690997385599,2.188696874729313
-6259.867265136095,0.9988247642917363,2.4773816305533485
-6261.209741725385,0.9803042612414264,2.8833761919407106
-6260.605156010524,0.7903366476420076,1.6263624630060463
-6264.301969827876,0.012619200534741182,-2.7351447460496203
-6270.030043782283,0.11434104533752451,-3.0493049662090796
-6281.897800944846,0.8937395762167711,-2.6674893349594693
-6301.189835384518,0.9886499083849407,2.6618408553476147
-6347.0921276011,0.99876255094475,2.9314290796476126
-6363.653473019598,0.007444259920942104,-2.324653627618246
-6363.655815274403,0.003057368567008709,-2.3346760035132132
-6363.657427552396,0.004991569050871355,-2.356644648748679
-6363.664717844328,0.00314948462093093,-2.263511297132997
-6363.673543408709,0.004867841193744476,-2.2824043499807183
-6363.7093657856585,0.00961919170207125,-2.557310448580232
-6363.795991699175,0.01197906362876711,-2.6722672674745325
-6363.927473813837,0.002294082639093878,-2.587798214015538
-6364.219346027692,0.0027400769800806353,-2.687693085125297
-6365.006989285035,0.003051833312907299,-2.854280953816597
-6365.035116488704,0.7925404988036201,1.6185054641711822
-6367.243588113672,0.5942135096736455,-1.8314347326406362
-6370.163543221534,0.9864853632860698,2.3809752902602943
-6375.760341967121,0.009677575167906306,-3.0940818870672477
-6389.206144463125,0.004816316003572942,-2.874204425714477
-6409.674449217029,0.9840915713377797,2.419343029127953
-6445.613120403627,0.9793011940685313,2.789555088256483
-6465.73405085695,0.9946938820874952,2.465077438224176
-6465.73463782636,0.9946938820874952,2.4333126357415917
-6465.74334124992,0.9993986748261564,2.506191241761794
-6465.74870392254,0.9915465194810186,2.5868931759978278
-6465.7870421607695,0.9998878188969628,2.4658838865671617
-6465.844686338946,0.9939714069509461,2.660782222779691
-6465.926547586286,0.9952354012272053,3.029110805323361
-6466.125311913164,0.9674474186407216,2.822513025142375
-6466.532500006861,0.9546080907251426,-3.0095793765475904
-6466.4518701772095,0.3648882633069972,-1.9461233043233992
-6466.99126507886,0.004345136694646729,-2.5773300734483224
-6468.763036838883,0.18877244239336277,2.089861304891115
-6471.4217698096945,0.009845144835166892,-2.713524739288351
-6475.719736571752,0.000996631896779894,-2.497036080595113
-6486.47657902188,0.10872327940322846,2.8920552500745256
-6507.228527908522,0.6023272909603169,-2.994375789940942
-6535.38382539738,0.29197085005704543,-2.8355692490361832
-6547.147131670729,0.9952197244108163,2.0347914492646852
-6547.154679752564,0.9925623162123084,2.035795779968593
-6547.159642320866,0.9948112637644891,1.9846281322656623
-6547.157098642042,0.9883536582345457,1.9304722382704558
-6547.147691723575,0.9967226677523439,1.9198919103521765
-6547.162558214601,0.9967579292245653,2.3932950959243495
-6547.2442852838585,0.9916492213995366,2.4490802021497817
-6547.328446650928,0.9916173097516536,1.9195182411409588
-6547.579510546354,0.9725643428109703,2.583278444814045
-6548.2743326203245,0.9851180170538602,2.726533710498357
-6548.9588894590215,0.6207358475305166,-2.0490909328138898
-6549.711746869749,0.9790961424946821,2.6518775620014736
-6551.001878335333,0.4055999089672623,2.8804046609771454
-6555.66735485026,0.22330511544028642,-3.0827485835207895
-6564.235923633224,0.05702191003433307,2.6088546191646262
-6589.392328274584,0.0003233515982366559,-2.5042300183338098
-6624.038673942195,0.4398220967729915,-2.923216792878756
-6638.909194285122,0.00555809029094264,-2.731031400857174
-6638.913722444908,0.007075301077205883,-2.7569156093854805
-6638.913960542357,0.009057590121577001,-2.833435560257407
-6638.926923086929,0.00632985393533565,-2.834914717516224
-6638.933205910783,0.007738170234308895,-2.8494197015268115
-6638.990968988582,0.01847451616088138,-2.8018345637294226
-6639.1242390558455,0.0024665579904427828,-3.0567033012114275
-6639.282560396798,0.02344251513264734,2.887378524089483
-6639.577034499874,0.003490211140499091,-2.966359802927227
-6639.901735708558,0.45829983709044325,2.5067275616107416
-6639.928796744345,0.5535539716892912,-2.752389823871915
-6641.486532179637,0.9807502620872953,3.1385349011379873
-6644.554008834887,0.0018917934318150183,-2.5305552467916126
-6648.566506831027,0.8081777692343746,1.8181645750028643
-6659.026243182678,0.010194733023768427,-2.8281473314860954
-6674.916297166917,0.0011732426873593722,-3.050091029801604
-6714.2007269105825,0.9599849103791049,2.518816599840134
-6731.9880348421475,0.0015539348256153607,-2.2842822088379027
-6731.984860050653,0.0015539348256153607,-2.287264038723552
-6731.990847538706,0.005787862466791313,-2.3296085410065057
-6731.994229010365,0.0030730450475870844,-2.3808699852652184
-6732.024632012849,0.0024478246788893943,-2.48553999686759
-6732.071278610874,0.003999195316743706,-2.6256334714163576
-6732.181024097585,0.005030359782836382,-2.927368290950807
-6732.316075203634,0.004706487906103932,-2.75357010561761
-6732.563908778627,0.2336508589300644,2.644281444884016
-6732.7081388505185,0.26882776968375144,-2.804894813625849
-6733.251294493191,0.32938408684535236,2.578883060126362
-6733.730737386449,0.13390759509925518,-2.8575474663828926
-6736.640277774847,0.238373089971982,-1.5454528260313096
-6743.255515335111,0.9939965484597387,2.5287376500966916
-6755.950181400886,0.014209761376017864,-2.664296206788296
-6770.015875361242,0.982171532436161,2.7742967426639984
-6805.204685802385,0.37775792069283526,-1.5341945415057046
-6820.376814292218,0.003442115993217473,-2.6494043980138233
-6820.379306503126,0.009603749039746343,-2.723157447553037
-6820.372943358605,0.005482259343478544,-2.6861998641460065
-6820.364510562294,0.004202266734158725,-2.7865623379609574
-6820.390432616343,0.002399242858306747,-2.833493216172749
-6820.450560507665,0.016092721454567416,-2.8593869035983994
-6820.53536441457,0.014815403224714203,3.1181250042590136
-6820.741178080419,0.02734627584352501,-2.8973262833535
-6821.063355034488,0.026036654686676337,-3.0405635188063247
-6821.335422888482,0.4498923829119087,2.0368704185957878
-6821.902255776247,0.9988059245540264,2.5876237537629816
-6823.407411432308,0.3072622091727987,3.0373849144183414
-6824.568786162285,0.9489282110645083,-3.129229842612866
-6828.870535216467,0.9811402817398712,3.004631605025006
-6836.799448759895,0.6755181199967737,2.619225628232778
-6859.7742364375845,0.5345571843524086,-1.4455129416341845
-6905.459131785754,0.0734471509185813,2.919248785874524
-6922.900823823639,0.9678153997197497,-2.4055354288405257
-6922.903454092412,0.9695732456847328,-2.407546270026567
-6922.909464975592,0.9616857327643613,-2.4310869517588354
-6922.911467282996,0.9586970772615003,-2.500413930980769
-6922.93511268257,0.9566429256031355,-2.586927786838022
-6922.96580578534,0.9320435437020981,-2.724571227121457
-6923.057625750303,0.9187269888756903,-2.910196592278405
-6923.084612132385,0.7760401079799071,-2.8305872997836845
-6923.232534681068,0.7832499257215247,-3.032163656245205
-6923.6205341935365,0.7560230403620862,-2.0208262394470666
-6923.893614942985,0.1643920489245945,1.8605805633140413
-6924.9621330167065,0.41274036844789125,-2.550220046722599
-6927.143704978481,0.9993993695691324,2.6536024062292825
-6932.066823110578,0.9717527748497437,2.601697385944677
-6942.387478982185,0.21720182208189004,2.56250884870793
-6962.762105287247,0.8124995019118204,-2.3969451424944697
-7002.762558901138,0.5961545992694197,-1.6838542766883076
-7020.973834682936,0.9963739312485046,2.3852332185198035
-7020.971211347741,0.9963739312485046,2.375130204991824
-7020.987275478705,0.9880898698481814,2.329560226499132
-7021.0102937393285,0.9969733315430661,2.305061314531912
-7021.023746854493,0.9975651899205947,2.3295944484922106
-7021.046211615411,0.9942331437505972,2.4584632263659802
-7021.0972843487725,0.9970255436515773,2.385080205128615
-7021.277179294713,0.9975303114179366,2.878484392817331
-7021.633601599122,0.9827134037564519,2.373564596991489
-7022.118586911372,0.9668384267086312,-2.8927194919485917
-7021.956325843076,0.007056179130550561,-2.7873457537051642
-7023.1403238862795,0.9805280674140197,2.7153873204267676
-7026.939218657865,0.5316112856208758,-3.090581456663621
-7031.785322482253,0.032818357831118895,-2.7441048691536936
-7042.404931251055,0.016167004480215234,-2.773600966960132
-7063.116076281053,0.36385025133485943,-0.7663579483538063
-7093.370934528186,0.7767750411224915,1.4817631719820819
-7101.441183202189,0.9342265829859757,-2.823254854994817
-7101.44112180042,0.9268180409654729,-2.856480035790088
-7101.4388364402685,0.9242684949470888,-2.9330381598167707
-7101.436481605008,0.9061181736195375,-2.916178370647127
-7101.465481867093,0.915072776046716,-2.866833156863021
-7101.485391057522,0.9276360752054762,-2.574085092200365
-7101.514879485278,0.8556563130227072,-2.4060550175251714
-7101.561365664436,0.8098838149968846,-2.071716171016244
-7101.341750533819,0.4607561137949678,-1.8186928078249303
-7101.406071542433,0.0014558579682596388,-2.412824825583566
-7102.750063063734,0.006885867777365727,-3.0739129398372436
-7104.204399369347,0.09896497604331508,2.5591140735607194
-7105.8319606319865,0.527774073081125,-1.9448337105873
-7111.415714255426,0.8817794296674994,-2.6603173339762414
-7123.9923730228875,0.0006491846359065831,-3.0251771075314564
-7139.9087224372915,0.9951024835140881,2.6036259181244175
-7179.8872921590455,0.9974543905839964,2.89596839446712
-7198.960063641851,0.9530550132687475,2.789763458237476
-7198.968003858883,0.9623620715490961,2.767645239477618
-7198.977772427019,0.9628995140975316,2.7114336732527455
-7198.984212852778,0.9695564507685922,2.79002668803981
-7199.009146349961,0.9454337522240157,2.7873713675163208
-7199.071600682838,0.9380936598949443,2.898148381700512
-7199.136490224856,0.9910798360887566,-3.0279090121025183
-7199.371518635232,0.9908377658304918,3.049122100872312
-7199.65587357644,0.8745576897633359,3.1190560684811297
-7200.237679474775,0.9934294003862038,2.979259823442396
-7200.24635831577,0.06660832803689627,2.6797550517201376
-7201.567676275646,0.35576199989896645,2.9183503437292515
-7204.604021273637,0.9934905146229559,2.9316427442275135
-7208.025962658323,0.0004888293476954445,-2.7022139356727912
-7219.229242587972,0.32221215167489997,-1.7680703156908375
-7236.3062094571,0.022445840060218263,-3.0575744320841065
-7272.816547583638,0.8560213475042677,3.0249014209270477
-7295.083677189234,0.9697359159800663,2.989658658539631
-7295.092997973904,0.9773076570551718,2.833006003632404
-7295.083313754431,0.9803521161406251,2.795873973642329
-7295.093518042158,0.9888867872993221,2.7926018057810715
-7295.112550555831,0.9886530498540883,2.970036777229679
-7295.1710001168585,0.9985889790021053,2.5958761947972366
-7295.217394964807,0.9965884536156409,-3.040597009127292
-7295.360547714771,0.9981363414916387,2.7162516572638538
-7295.655258059496,0.9984000085318446,2.3067586963964706
-7296.328907192844,0.9709981742435088,3.0119014718978594
-7297.76367662635,0.9960307562380775,2.707158667933818
-7298.984393885902,0.007173452286457348,2.9581588634485403
-7300.927180325669,0.3032271490898497,-2.7605853121412056
-7306.91037585502,0.9808629127978127,2.810016306054602
-7314.392838221154,0.4201146914053398,-2.271109695096314
-7338.127435742675,0.9958466313406843,2.8941784058700772
-7376.963611006234,0.9567236765246787,-3.087983752426445
-7389.31288132766,0.0013968985432865268,-2.6726393195861315
-7389.3130858964505,0.0016022190232221158,-2.6910529951019435
-7389.319871232856,0.0031807611893872193,-2.7097644968543912
-7389.332422111855,0.0008030707861384411,-2.5879767526117607
-7389.371782873748,0.004933190871311921,-2.586892653670124
-7389.412773878424,0.0005946865270054247,-2.6073376381450077
-7389.491902917244,0.0064963117259183665,-2.9282037910096825
-7389.6488270364525,0.014537269240690483,-2.5800401829610546
-7389.956797822651,0.00038853322008190966,-3.0666539645177644
-7390.554930019879,0.005183849055612932,-2.8870398040097904
-7391.780871613824,0.11997156489169941,2.8003144649340825
-7392.13179713137,0.008743040524172248,-2.674762105506565
-7397.203843106881,0.005431309714537972,-2.7548029643586442
-7403.316397197405,0.9769659667834936,2.8832326930376624
-7410.442315797939,0.7696634812739432,-2.9438039930495736
-7429.671307757056,0.014280192135881626,-2.7881600108753326
-7476.847610121183,0.005328821829960451,-2.588611634106666
-7496.666701541922,0.7133275749036244,3.0402805210392465
-7496.664502188286,0.7101543051353382,3.0510812416665463
-7496.671738367062,0.7111819860895944,3.0058483495561257
-7496.680366614314,0.7094370374829034,3.1326542389371426
-7496.69287676031,0.6942130202846172,-2.8762965606366677
-7496.716717545388,0.6752091472055783,-2.7841982765200877
-7496.744736059689,0.6310807372715121,-2.39091849575165
-7496.640594094189,0.5137941216159517,-2.963008330396447
-7496.541776171789,0.5874493156979781,2.805631751920327
-7496.456451853747,0.4141210194103244,-2.744466295066806
-7497.013795017845,0.1698989983614911,2.7331616209106526
-7497.042730492252,0.2562870541385568,-2.673660935786252
-7497.583351211241,0.9533770389181303,3.076176298637627
-7501.2473852587245,0.0002919656300501487,-2.427773984838626
-7510.74876729215,0.4225858111950495,2.4897939295589993
-7535.510235483346,0.904135456293425,3.0895069325560893
-7569.322042468426,0.9658171470835596,2.184764561570976
-7581.996122407514,0.11518062172615691,-1.0205994373346998
-7581.995983354295,0.11199488651741434,-1.0836115473266474
-7581.989713432083,0.10895028022667558,-1.0951677820284265
-7581.989020826756,0.09108194987815897,-1.1100121672996774
-7581.973263689562,0.07829023524558314,-1.3184080773506446
-7581.963636120978,0.028722234861068972,-1.5722889405688314
-7581.986731958956,0.0034562477210375074,-1.6543970474412186
-7582.035579817697,0.0015730750020279713,-2.3848660028422346
-7582.369311805654,0.018060666335070134,-2.934184662094899
-7582.967334435402,0.0013375248173150972,2.909006234602299
-7583.104800521791,0.7313494411598583,2.1709577270943594
-7584.692670836289,0.016382038012987887,-2.968032207770384
-7586.327803346116,0.8501550028938114,3.0753591719203612
-7592.150661736849,0.3959382284399118,-2.4522373936350266
-7599.563675117745,0.016582141522725906,-2.5573645985659614
-7612.018032638198,0.00028355693997260574,3.015910716924303
-7652.412055941127,0.33021705967423004,-2.2775846004656395
-7669.068709456268,0.9983572559146583,-3.1344581918195438
-7669.064646937333,0.9988982411342543,3.124595778645965
-7669.0675192111175,0.9988982411342543,-3.139748683009996
-7669.084805708895,0.995005500543178,-3.1357323440506333
-7669.1159699228065,0.9885725914679373,3.1057420812105327
-7669.18207776917,0.9867429112571882,3.0931594844406725
-7669.258432451497,0.9941936454692303,2.619510809407866
-7669.432997159577,0.9942432099591738,2.4022883619391493
-7669.737254273116,0.9883487880670344,2.6894809761714935
-7670.44478274639,0.9977822702090801,2.651335499910969
-7670.790475386871,0.48722428509360494,-2.1721984108613714
-7672.567475948094,0.022514090511877343,-2.9345809811057575
-7674.249467001421,0.9967127614416769,2.5206914901746096
-7679.390252090775,0.2866672837445005,-2.7462823214414196
-7686.278947020255,0.2932627486938361,1.6629367673176256
-7704.855009048461,0.9524134748864174,-2.841523689767138
-7745.0064974250035,0.9985569434637943,2.501573094954381
-7760.757133424745,0.1251501417569768,2.661512229960959
-7760.756904958073,0.13037307870110357,2.603942368768961
-7760.7575920136715,0.141569775541037,2.592690293886541
-7760.762632115605,0.14284341706756515,2.508262758160839
-7760.768428425082,0.17063718072950945,2.4823013824899043
-7760.771367183977,0.21908686177625797,2.5283551518637504
-7760.781888392715,0.25477131494322974,2.3361710393857393
-7760.690920655668,0.38226204186436114,2.14713347272835
-7760.5774496755585,0.6828890901460025,2.2470832495833815
-7760.793025156123,0.9276396220597278,-2.963392210531868
-7761.088354931117,0.003590477566152336,-2.226342991010466
-7762.124596181579,0.9955580960921091,1.7890127374693954
-7764.187973914758,0.28010116509841787,-2.7001069075170587
-7768.942999812865,0.6782030417988477,2.5304348669213503
-7777.501651408942,0.2907782529334373,2.5016638296909175
-7795.157496087084,0.97533471508719,-3.106713363013947
-7831.45898507415,0.007513844848645402,-2.706010358550407
-7845.9818912727405,0.996005305149597,2.4663796451442366
-7845.98317469919,0.996005305149597,2.462208668773952
-7845.9903651159975,0.99363300425131,2.465586213199643
-7845.986448226966,0.9947938831326953,2.4506517950994864
-7846.010191749036,0.9840940220460015,2.3180615926391646
-7846.060976378279,0.9899135416112914,2.573613944877035
-7846.151211748614,0.9925566539996851,2.8127443049442826
-7846.325071812015,0.9780610113682067,2.8016822971653337
-7846.662645102907,0.9753672649363191,-2.941766122596198
-7847.123912650934,0.9335085691991283,3.103999030358045
-7846.849003413827,0.004773641030460969,-2.337013864555639
-7849.4603197518645,0.17509573862911842,2.484318298255003
-7850.838934486285,0.9958061855099951,2.9446030716471263
-7856.70548831606,0.28521584028919844,2.8600596888388923
-7866.461081836913,0.2470751938416,-2.727671365317739
-7883.912883995852,0.1010148183215442,2.744388642973755
-7918.134742860529,0.060779724755102245,3.0670642034552102
-7936.04866805097,0.3282679646652631,1.9332476780127665
-7936.04758572752,0.32761049433485073,2.0043041693648123
-7936.050207559983,0.32005534757720694,1.9966903791959059
-7936.042459569944,0.32652231116170793,2.0416250310684507
-7936.054463075269,0.34717581213783194,2.2408657601586217
-7936.055715228049,0.3848545507173715,2.461800737983035
-7936.024086678725,0.45969157119161225,2.113706739497605
-7935.911146574775,0.671543660088927,1.830270558412371
-7935.949248520026,0.8673260265848073,-2.859730842848721
-7936.003646137431,0.5858828600789219,-2.7618937867744346
-7936.0728821445,0.7522765959449049,3.069239502781156
-7938.581462274556,0.992002339325889,2.8695718754596555
-7942.099501711633,0.07109708838372865,-3.0596014412724446
-7946.915009188416,0.9969952567663397,2.6637045676085105
-7956.347465077351,0.00183203878412342,-2.633403777824739
-7973.054369768606,0.17773118161084334,-2.8833772047770823
-8018.435831141948,0.5273388862884892,-2.345669008776953
-8033.677824164095,0.7849484725358377,3.0272806201190336
-8033.676722440752,0.7910668472679201,3.0967057321241693
-8033.680044355905,0.7993760481350687,3.07516951813812
-8033.669284454412,0.8188984108812963,3.051310346822662
-8033.678805861053,0.8307021126122904,2.9637368449710078
-8033.693544630876,0.8133681708174297,3.09341059377301
-8033.737569225588,0.7909571484240582,-2.386885853980497
-8033.723926054226,0.674121163419869,-2.4294479647489875
-8033.661986583028,0.39807957802393185,-2.513428300232504
-8033.686788763713,0.004006896364486251,-2.313171197152721
-8035.105675109455,0.006821265937173403,-2.5695807592681152
-8035.420768663754,0.9994196692604314,2.0330521119914113
-8038.27058755738,0.12368054236693678,-3.1154134591651195
-8042.837687927375,0.9978228078816158,2.5094670049911736
-8051.619228234167,0.9806584728562935,2.712831738351995
-8069.8369164260175,0.7384887781356789,2.298561075164013
-8103.580492762962,0.9898531749217261,2.9321872257373442
-8124.743890522383,0.5559039329921575,2.749683453439305
-8124.747014977834,0.5570409439668284,2.715684866274204
-8124.740456258695,0.5568605055408745,2.7174699026989213
-8124.750289880044,0.5782396376807409,2.647197899038524
-8124.766537881111,0.5967673708901772,2.8193292042960527
-8124.766566684182,0.5875963663213774,2.847079970372489
-8124.796273016274,0.5690082740271847,-3.048386786357825
-8124.718827475765,0.5535373355322732,-2.7054929478962424
-8124.63207801001,0.3032232781208002,-2.0555925716773644
-8124.981656547886,0.004584315799454788,-2.517240691781677
-8126.198062995329,0.0537992045814385,2.8198875112853887
-8126.804245159714,0.2907038095082656,-1.4379777649230014
-8129.0663932068055,0.024903503078295558,2.922657919250791
-8132.256751824622,0.9890709077607641,2.5346649459232076
-8142.455248671025,0.9865979466330309,3.1392337721599377
-8167.841480119929,0.9615598711359634,3.0573045946245045
-8192.0867421983,0.8665260778759403,2.5796879339126466
-8210.671399049528,0.19299897921413542,-1.9959418327190461
-8210.670548176411,0.1855771516260233,-2.056561443675337
-8210.68656503897,0.1821121733058528,-2.06710273398389
-8210.673562626893,0.1668362390372518,-2.1288084202452553
-8210.688637380481,0.1626169367719177,-2.257904455502805
-8210.673343570534,0.11868618641588237,-2.37752503028982
-8210.692058034694,0.05443405320496527,-2.301769692851781
-8210.7621322832,0.0031260226208165874,-2.562302180126585
-8211.015526114988,0.00016565287864600976,-1.7749878229366847
-8211.388354668157,0.0019544582451146843,-2.74226839583351
-8211.333995487785,0.8386397714765781,2.216510649888736
-8212.956805754307,0.10407596676946963,-2.1349281366696617
-8216.567537083443,0.7080424842503105,-1.9572217668007024
-8219.509452967539,0.01790425670207049,-2.4941493202631015
-8228.574189940402,0.009878900771810906,-2.880411859485514
-8250.842503569296,0.05538637899913914,-3.012086739291067
-8289.234675776563,0.004922583024069141,-2.648273862821778
-8308.477194233288,0.003887957995845289,-2.530897952601708
-8308.48281973204,0.0059056176095291825,-2.543058199898332
-8308.48990159044,0.013940661575821741,-2.4598501534010597
-8308.495606944885,0.0029116742892168696,-2.4025676860665417
-8308.512786268444,0.0006746589749059228,-2.374066183871653
-8308.577045338507,0.0020773640111288825,-2.5733825711331013
-8308.633181336776,0.01892124739715291,-2.391060535141056
-8308.805686940574,0.006155831191360142,-2.3330745613678774
-8309.0582739152,0.007566456618443166,-2.723903145726224
-8309.651462102629,0.06547363153998051,2.8751380262315935
-8310.017688371723,0.8486587953775628,2.0165115010782078
-8311.304420440849,0.23643839788322596,2.9334175750020908
-8312.323309486814,0.9864526573770317,2.8109243852099635
-8317.822882414319,0.00833736980333055,-2.961921276659597
-8325.071708391406,0.24857395630141155,-1.107464948447486
-8343.997142084974,0.0021734869145415103,-2.875213942096293
-8388.641441152746,0.008701492387885685,-2.5239540199055983
-8406.175841062804,0.5077970325853527,-1.2705532500007453
-8406.174409780633,0.4943735618665557,-1.2647952104345064
-8406.16675335596,0.47090993505340495,-1.1277419336829113
-8406.153914024257,0.4558022578038272,-1.1229632499302369
-8406.127242256298,0.4365161271146279,-1.3218411611242136
-8406.044693047825,0.39070292802688195,-1.2607146250364727
-8405.945835827564,0.26418301327517857,-1.4177360100095393
-8405.917278562045,0.04609153782971601,-2.164529296309395
-8406.140254222486,0.006923476399074358,-2.6529845977736684
-8406.769609692568,0.009997304927320243,-2.700395434515537
-8407.396133546024,0.27519404838046163,-2.998154774947762
-8408.176860729844,0.6617567068975794,-2.6448454749185832
-8410.945903406415,0.770333947701481,-1.576630424574884
-8415.989550063541,0.9984007981499048,2.664684892413595
-8425.63563787593,0.997608880817334,2.3429571939943674
-8437.519866883149,0.9823969082395964,-2.7417962261364726
-8469.714857333302,0.44865043113912306,2.9420504686917512
-8485.336200056621,0.6726106679621583,-2.367146282800578
-8485.332644427144,0.673070751753139,-2.373232942075255
-8485.334822570961,0.6731591119502239,-2.389235831237702
-8485.330537894668,0.6529165496214216,-2.308405516556634
-8485.329779263287,0.6328319178433938,-2.3444913638096785
-8485.31309241438,0.5871730101131774,-2.013050209343901
-8485.23127694312,0.47818165446788646,-1.5882511036419598
-8485.101851995885,0.27728768949996924,-1.5024133096965533
-8485.058493219143,0.009687794241635893,-1.8687075874593404
-8485.499147125725,0.009153111287663118,-2.539584044959342
-8485.712454466759,0.898551560694427,2.587643710628626
-8486.996961572857,0.15988982162219556,-2.1776800352293164
-8488.190992971437,0.7109930744699402,0.31954314352930835
-8487.989439657686,0.413288213526174,-0.7720446377853696
-8495.28659193114,0.28319374427669525,2.528112277106416
-8511.870289356764,0.25557149363141196,-1.9996157081579629
-8553.577061732682,0.8341559641272805,-2.930365586694361
-8567.883945703961,0.08613602447909616,3.0384737231375087
-8567.889061962487,0.08473961699707058,3.0161660185673655
-8567.908366002483,0.09082903306300794,3.0056546632826695
-8567.917305006891,0.09297451073672298,2.9084973377807923
-8567.941289118333,0.0825306610042906,2.941990585821916
-8567.953497672186,0.09515772599773063,2.678599830477612
-8568.01765834094,0.15586289197453565,2.4085235544455
-8568.02894730965,0.3696910623785073,2.4441467606643146
-8567.985720237,0.6213912949010726,2.242244949737401
-8568.184271588216,0.9893459036157422,2.7635482314284836
-8569.22207447014,0.9933165541954668,2.6770683046586825
-8570.32247816653,0.12292741554721068,2.999008692815062
-8572.702532999601,0.3344861581806192,-2.486267489888328
-8579.01027341481,0.9999091648574119,2.1237613402153297
-8589.369588547232,0.0049174544102951415,-2.455714969811134
-8602.734072877203,0.1406676636465766,-2.9610193189612737
-8643.549888048068,0.016244226209698856,-2.4012262021115287
-8662.64572252513,0.5955573116132628,0.7480064517309275
-8662.637917272883,0.5984364603153306,0.7064708813136837
-8662.62559744638,0.6033944710928335,0.6763285513324719
-8662.62215756014,0.6002862600279526,0.6126589617424005
-8662.565113902068,0.6253195398498161,0.4759888574210964
-8662.47859123857,0.6596117183591522,0.748152260214721
-8662.388843354483,0.7132559742828635,1.119647648399111
-8662.21920490193,0.869149307383557,1.3123679483887916
-8662.327997355862,0.9993071209429396,2.6067060272182427
-8662.851541807993,0.9892265956718381,2.3034807938082
-8664.0932569404,0.9944006592813598,2.6245076991273626
-8665.42786254371,0.6452670446961963,-2.9315478069480423
-8667.935356085263,0.6647361762040446,3.1374414905234786
-8672.080074090321,0.9945627825641371,2.6139356632093236
-8679.250833515636,0.002031521427404762,-2.796091908463321
-8697.612338726507,0.018657010733596675,-2.9364391075666094
-8732.85702073045,0.04689807465873281,-2.6996302671379295
-8756.138734039729,0.7644453191074304,2.536954422728769
-8756.137142416748,0.763712025492207,2.542252694018053
-8756.134452207032,0.7612010654169784,2.5880036038865484
-8756.15579531588,0.7699634164936802,2.7811276234038385
-8756.139115392642,0.7664419640416148,2.6548954656264456
-8756.175569935214,0.7688734846512311,2.44957008856424
-8756.180816162125,0.8573777893999158,2.6806621965208084
-8756.346384960785,0.9481482460139683,2.702733447260461
-8756.64781468372,0.8954659832628634,-2.65719781499897
-8756.201386840052,0.17082589223220274,-2.2010092214895582
-8756.837016185766,0.4046596114509771,2.1672408871223157
-8757.324793038588,0.13773630335112125,-2.490898810588694
-8759.723841506791,0.12194559973076351,-2.6910838918868074
-8763.488478321879,0.9549730114982204,2.5603023310522275
-8768.778208956766,0.503630994326825,-2.802970713467391
-8786.589574772828,0.602249173009861,2.9411749781264884
-8825.18270703737,0.4885535574414081,1.9281728394869653
-8846.249925011829,0.41967327583506836,-2.207335590713949
-8846.251342913854,0.4178474293378182,-2.144196651396993
-8846.248495495132,0.4142396884570946,-2.0840792689280607
-8846.237276655078,0.41061160027852156,-2.0555162280247448
-8846.227402514458,0.39392973509130264,-2.042127425759078
-8846.176258647094,0.33757094964762313,-2.01233020391004
-8846.157196038137,0.2615468773243652,-1.3741945767098152
-8846.00475730665,0.039043315237697544,-1.562506431132353
-8846.203198924093,0.0004746441009878155,-2.600648133279114
-8846.754797951437,0.004896601023355244,-2.5065875226609258
-8848.009234757914,0.020535380831597908,-2.74584649369077
-8849.638430671874,0.9870395679236839,-3.01366395051643
-8850.442841259084,0.9967489110714768,3.0393830234960024
-8856.406870669472,0.48344833538406,-1.117953592008127
-8865.883539437566,0.004660593362173815,-2.5447944662977324
-8883.120807149244,0.013554950594763353,-2.5633472572346
-8928.608907060636,0.27680153234912974,-0.7722464147019985
-8939.546822448778,0.010813110612539539,-2.8598031424787167
-8939.546578440772,0.006010994814790789,-2.9192639506863554
-8939.557791568726,0.002093055614178911,-3.0077797869812986
-8939.565050663077,0.008823835812455933,-2.955464826316347
-8939.615708053912,0.010482036583150783,-3.0228435076574116
-8939.67171134769,0.027174936385586778,-3.028756745697729
-8939.736612816361,0.056320812652718676,3.136359540818237
-8939.90373379982,0.05184697206994225,3.070049186689382
-8940.042190606724,0.08391885930245152,-3.127509166144698
-8940.380182897803,0.23121981467091604,1.769969035605551
-8940.086721903172,0.9957834498961021,2.612599573511609
-8942.380550540089,0.9995880348298868,2.7960559531256237
-8943.636332977358,0.042461570587396656,2.1866573072323288
-8948.279494496222,0.988851303466904,3.076086670605899
-8960.990817484038,0.9963336246770281,2.4307786322128813
-8981.105193687943,0.3968826302244417,-2.4042465834694076
-9026.834893985098,0.00639496282957807,-2.46804052672715
-9041.461059415773,0.6398953727880717,-1.8552588126425535
-9041.45895251134,0.6375953787091861,-1.802708723000399
-9041.456191340541,0.6289901341178515,-1.7931164705020208
-9041.4621319536,0.6156686841183057,-1.634555575774783
-9041.455954230949,0.5883448166132622,-1.680992661462504
-9041.408300466857,0.5673636467728361,-1.550611935917207
-9041.323494189834,0.4600685644221046,-0.9632410994179388
-9041.00630677657,0.2868985689333832,-1.0598133065571922
-9040.874373394252,0.0036948475988948554,-2.1892244116939557
-9041.584529783095,0.016240130599711505,-3.01498394240526
-9041.71604703106,0.837460313218256,2.056220928814362
-9042.650953384453,0.009707221734546115,-2.8137381146374216
-9045.05255398326,0.06831729118688949,-2.950431034055848
-9053.32828387798,0.43984137729366085,2.9598555410739467
-9061.401471618376,0.5927330967700819,2.8530865940217343
-9080.114762802348,0.8295696395290995,3.0347981446588363
-9122.131660538893,0.1543179150974693,2.038574373499145
-9137.952891056226,0.008655534889916832,-2.350928134484758
-9137.954111154228,0.008731147336803063,-2.2891147525349718
-9137.960081544288,0.006910290323806017,-2.4854030005392524
-9137.959971572667,0.0022000921113704774,-2.470425039195481
-9137.938122997242,0.008408029203835828,-2.5518091176470543
-9137.978249110456,0.01012339997859054,-2.61101306164981
-9138.038536590097,0.005407661532303286,-2.767521440379702
-9138.241410605706,0.012431728819148183,-2.7808737378692996
-9138.54475046697,0.1270629127545638,2.5679010750926903
-9137.508756103762,0.7501196736728891,0.8152720632257018
-9138.182429009126,0.8211409970805748,-2.4941490789869105
-9136.624699712605,0.9913459206908131,1.981355025869279
-9141.308139588682,0.9771741470579387,2.8909042535902616
-9147.945122835948,0.014299062808032184,-2.7332712245625106
-9159.249840168943,0.5582252565085047,1.9879508719490877
-9177.098437046592,0.5546451159329221,-1.4254102254811363
-9211.67870073231,0.06674624525478988,3.0896165601187713
-9235.003989263261,0.00460784805592602,-2.4855071917315468
-9235.004766166234,0.00460784805592602,-2.478878745339877
-9235.013208356337,0.0009077982248907861,-2.552752819317954
-9235.030420151508,0.0009077982248907861,-2.6142282535157895
-9235.06123092897,0.0009077982248907861,-2.5270037458684467
-9235.097367754712,0.0073799528505408465,-2.6060220607219193
-9235.208206942922,0.002587664135696612,-2.6461273950667077
-9235.447617649004,0.055181805138869056,-3.132715360882681
-9235.817827851204,0.009356252073393669,-2.6636315102597097
-9236.458068159156,0.08362919073572937,-2.847983443342979
-9237.013841266107,0.30782185763178005,2.872070029504334
-9237.674963221401,0.251249007184351,2.325991981150854
-9238.966078679277,0.6772924038644549,-2.805760957481014
-9246.283643342567,0.3169511991502832,-3.0077919815714553
-9254.72224411658,0.7475335697546142,-3.1107626239763246
-9277.06068265213,0.5031896508691776,-1.9602787576138083
-9308.239114287897,0.8645318547487428,-2.866770205214192
-9324.344163665364,0.005943101188718415,-2.598651269874717
-9324.344366694959,0.010286121261585436,-2.5551436574136046
-9324.351457066532,0.0026701508838361844,-2.5052880064574636
-9324.358817372164,9.832338066402633e-05,-2.4988228797742913
-9324.39386402112,0.0075683933584383915,-2.3973414027781983
-9324.43863772876,0.0005598187484251346,-2.185078078013729
-9324.490916663995,0.005395505555127927,-2.452035179718895
-9324.65025318903,0.020601354999429354,-2.925657925553872
-9325.00645097025,0.011303529611487995,-2.7491694378687828
-9325.06244272358,0.4510630137122966,1.5382532887933422
-9325.272731318679,0.9932887178180704,2.6419729559459864
-9327.965729113637,0.9964450234270643,2.670720322690859
-9332.200776097197,0.44065670594758155,-1.064614507386124
-9334.412577184097,0.5407554286153883,0.8660051352876916
-9336.751194529326,0.323487015598964,2.2183796922354517
-9351.02551759753,0.17886740546233665,-1.520491228720543
-9392.66357658648,0.9918522881508399,2.6948560734566094
-9407.998650389733,0.7545949328898605,2.1145239117090133
-9407.99521722625,0.7628529294797348,2.0947594191297743
-9408.00374734631,0.7784144338269061,2.1217480870118735
-9407.993025954185,0.7843233328424472,2.023680626084653
-9407.980205220021,0.7913509767291714,2.083568855416564
-9407.983614477653,0.8190603441332954,2.3170145788900784
-9408.017005191816,0.8350671429696306,2.4228066519293234
-9408.074590114275,0.9362603800190539,3.114561765726714
-9408.412260900934,0.9422562187319109,3.098462606073676
-9409.150776505252,0.9840861007852821,-3.0677060496270503
-9410.404802690073,0.9717778356591508,-3.133537206651395
-9411.533391133456,0.01894411605513374,2.946355908842797
-9413.666006253592,0.0073138094395896365,-2.560090803576243
-9420.919376771428,0.07831407479333,-2.9057656414534647
-9420.126983959102,0.9813190412271668,2.8399536973792774
-9435.832453883113,0.9988949204853749,2.815702461971254
-9478.380965649516,0.9973173560435723,2.2925172961975493
-9499.242691438843,0.9812189556363419,2.7551841400971693
-9499.244354543565,0.9821400649032467,2.746037332815268
-9499.242128326287,0.9829323656527907,2.5321113871861582
-9499.240409224987,0.9984069369629983,2.582490008622706
-9499.287095267402,0.9847443201152398,2.5235354504833882
-9499.317203776849,0.9885176980303737,2.4645673643235657
-9499.364751512456,0.995389166040347,2.4622124353404526
-9499.529241351032,0.9974496436521274,2.449923672002578
-9499.865030345238,0.9968936866683601,2.686064529679822
-9500.410248963388,0.8937052965297044,-2.821468773391358
-9500.666688238776,0.0009383446504881141,-2.275147283381902
-9501.296132949,0.7429369751065166,-2.9417680326734126
-9503.402606714491,0.9976598030826191,2.7598635831376424
-9509.59481697545,0.956743952564462,-2.930030129579423
-9516.96936465641,0.8712063816846766,-2.824710135157608
-9537.34296424811,0.8352471154776627,-2.329388923707222
-9575.7852396748,0.016193818379243795,-3.052675902981117
-9591.380411822849,0.6452933540393975,-1.6517905741890315
-9591.372838608568,0.6355871979512668,-1.7271210727233453
-9591.368564513972,0.6274494928217808,-1.6767595776751922
-9591.361875224913,0.6158489940546527,-1.754667324850593
-9591.344874745448,0.5914048761362523,-1.8056857718919594
-9591.326503731842,0.5089056154894014,-1.7289267553259402
-9591.262188504013,0.41589986759490094,-1.7246506039819076
-9591.139841630618,0.21342631746120339,-1.5581066547565643
-9591.07236065693,0.0034480670299583535,-2.3608477263845087
-9591.425777504945,0.34020350624883156,1.9579951793386616
-9591.576830653672,0.8731741496415676,-3.0779152816452964
-9593.720670780898,0.6811842692897546,-1.5046900902951925
-9595.523178161635,0.00289520193048717,-2.984675682145647
-9600.693560814163,0.9859893558213524,2.9598383123668004
-9609.662446951812,0.9962615859436633,2.8778609179300343
-9627.84541930578,0.999342711332452,2.722251402899847
-9668.126094056192,0.04713775025589641,-2.5298968421105017
-9683.433534443062,0.003712615862736984,-3.1306570924974193
-9683.440319659532,0.00876911448773132,-3.0123024738832984
-9683.4534374623,0.0019018864153390528,-2.993907410084979
-9683.471501914792,0.00662135508865651,-2.9961090761647466
-9683.505453677704,0.01700348552443119,-3.0692267785846212
-9683.545654740577,0.0022164094708577884,-2.8354124356158716
-9683.682615301212,0.010474784641997933,-3.0793537137944593
-9683.805181957843,0.06842786746731441,2.8287377471866417
-9684.091612677184,0.008632730506555827,-2.540795224795034
-9684.706500611188,0.06101140556853415,-3.129584462729108
-9684.614225426329,0.9354608380745436,2.1271398914304456
-9686.05440381362,0.005798740243068016,-3.073132246164655
-9688.297615630037,0.3085862552334134,2.0965843077807778
-9695.527188522681,0.2622210904864162,-2.837609052521924
-9708.29778374581,0.9947501606918117,2.705635319062514
-9729.15188116622,0.9884685265125243,2.8742024219439593
-9770.10546298767,0.07322105136833798,2.4510148080830163
-9792.24216691199,0.3318119582109929,2.198237013785901
-9792.245652516669,0.3408573780028058,2.207638158292408
-9792.250000278582,0.3426274253791675,2.237623044538857
-9792.247790670233,0.3621217760499236,2.0509715408317186
-9792.240055153838,0.38217699579346653,2.1735247074944652
-9792.21748440323,0.41482390378023976,1.9693526473932748
-9792.165404023133,0.4898256080549046,1.7265278340540275
-9791.990050686816,0.6859995776432531,1.7765842651125787
-9792.000866886288,0.9646272195610323,1.9361582823951053
-9792.507847975445,0.9552126516322971,-2.976404338669477
-9792.659061992812,0.007855276413013843,-2.8609346407893343
-9792.176599279104,0.24589720939113696,-2.9553945292044284
-9795.597990111939,0.961033740312988,2.9115729358925897
-9800.023482576778,0.6066912219612037,3.0029511116050234
-9810.917777073957,0.10180111192175058,2.9559625975344623
-9835.506131540209,0.03143564093149436,3.1085919064457688
-9872.19055873578,0.009004921591835855,-3.102142706776675
-9888.507693650301,0.7245137627010194,-2.526870586935501
-9888.506931219496,0.7205605637094166,-2.48424000833759
-9888.508990334452,0.7183331542413849,-2.5126223111642294
-9888.522116293796,0.7312979516805,-2.607498904658942
-9888.519110565976,0.7202821693543446,-2.359268233051237
-9888.510795068967,0.7124388860289744,-2.446182511026371
-9888.548522784513,0.6652744108378403,-2.9730828941666516
-9888.52590178538,0.6508280917431787,-3.0980032057776414
-9888.499231873146,0.614132640846935,-3.0354495948644544
-9888.70536013165,0.995794923728619,2.7201906019425586
-9890.070270499316,0.8956192213066705,-2.1233654027655673
-9891.436948420329,0.003074362160324997,-2.5581455550006527
-9893.900365906518,0.016532455939236933,-2.940739719569511
-9898.431123452348,0.17763183045975642,2.9076650081914197
-9907.716498327594,0.07133509489511303,-2.0033283369813213
-9930.145388957111,0.8951727286764393,-2.4099212989610574
-9961.156549653857,0.3424922075169928,-1.8082862824639965
-9976.64535099618,0.9867954413251717,1.9162757348601165
-9976.652878545381,0.994400821379796,1.9218999682257252
-9976.644502277264,0.9997307011606165,1.9133591130740237
-9976.661519603918,0.9997307011606165,1.9156324410483867
-9976.676861316333,0.9997399729589657,2.345856748613029
-9976.69307682375,0.9981075364156031,2.501423167467136
-9976.757095514438,0.9933917906129673,2.3220102996077916
-9976.917833220647,0.9994711690612039,2.939105199357927
-9977.24837466123,0.9080795733571998,-3.1260223561284777
-9976.647279653725,0.3169336025714333,-1.2100429595490938
-9976.977318037149,0.008569675196410633,2.866109733622263
-9977.36976733125,0.5445916231174552,-1.8595153735740362
-9979.499845163193,0.007047069439909825,-2.367030994310524
-9983.067519490096,0.046544427076531364,3.1362744070429667
-9988.060153461565,0.7488441115433737,1.7009682763035352
-10011.789318042904,0.8298019938006652,3.088959058465182
-10050.062115219313,0.5945063916099624,2.6504024666808945
-10064.438692605154,0.9992627122147796,2.339097975867153
-10064.436818731663,0.9992627122147796,2.3462540698943233
-10064.44019396836,0.9980529294879096,2.3094395537912655
-10064.450320091208,0.9981558636371506,2.3613851796377645
-10064.462843107929,0.9978565290135266,2.4166242340439252
-10064.500951720202,0.9997405821125516,2.2638316967505645
-10064.522175940478,0.9914879950546642,2.3551782182871746
-10064.686593806728,0.9834211580937597,2.803690883050832
-10065.05437834365,0.9568043385251335,-2.912844039848725
-10065.593888509782,0.7973471981113351,-2.3954473524192
-10065.95232873246,0.004339426772852075,-2.489843183767079
-10066.385533063247,0.6744007079515894,2.558803619399889
-10069.269716660163,0.2797749247259109,2.5921913112735018
-10070.443043393254,0.005457392238779144,-2.5268237761769967
-10074.07120152547,0.20275183788715415,-0.2500761656530295
-10092.747954446913,0.23209031575707614,2.5621776606470537
-10134.806540134461,0.02513351566243663,-2.928331056909989
-10147.388927597578,0.6747190849363659,0.31891870183866056
-10147.387738205092,0.6828445108564719,0.4007958992789624
-10147.37458430746,0.6876348714306372,0.3331060898771372
-10147.365487789395,0.6951631726510833,0.10954825273442914
-10147.342433300071,0.7008723252954001,0.13488358658755928
-10147.247743705066,0.7264597128160604,0.21174555608276346
-10147.097054415191,0.7921825134499949,0.6198058886942133
-10146.828938254634,0.9122459466407163,0.6502266257748914
-10146.532077627779,0.9998202528930529,1.7393935898503141
-10147.117086547798,0.996166280838253,-3.1346302821504217
-10147.473675210616,0.01712136459447055,-2.701711722775022
-10148.997271857552,0.9908587989215256,2.737857969040439
-10152.984576745579,0.011867691653249739,-3.001918818098201
-10158.899012291648,0.20496857690139436,-3.0218926804435995
-10166.954762201703,0.9859637134365373,3.123656936909976
-10185.228158732958,0.4643709897676335,-2.5510127725557323
-10226.636243430823,0.4299101967581869,2.010812407829624
-10239.766154197201,0.7735443766171969,-2.6774436557077874
-10239.765546194023,0.7706334958942557,-2.6632202491031807
-10239.759230420437,0.7693983186725156,-2.525534111434401
-10239.76362667022,0.7724782838183212,-2.655272243722031
-10239.781873896854,0.7675824602559826,-2.859503002575174
-10239.783829412734,0.7489288919552504,-2.951765559673858
-10239.79198370554,0.7472840907516629,-2.6289732179494543
-10239.787319833074,0.6274686391435167,-2.7254426028729424
-10239.799289690733,0.47418940360254125,-2.5600758520670523
-10239.823362953712,0.3947605664152295,-2.9676512664611328
-10240.364901615949,0.002490570196231516,-2.6302392597021487
-10242.087251387386,0.7037274835997697,2.3605327636730404
-10244.5918867413,0.9566005208735303,2.987162206607426
-10249.857940126438,0.3648987954593177,3.080791780651275
-10260.666868630833,0.001423466840383312,-2.8910318623101117
-10281.854125679112,0.492083374443998,1.8612825663919708
-10320.95037093794,0.2660938491704675,-2.2328758481181907
-10335.806820759615,0.9207374230638261,1.5106300164020734
-10335.809863604632,0.9274681699430671,1.4416117489484064
-10335.803690405535,0.9327647746285019,1.4241461020667225
-10335.799870249637,0.9500105442115752,1.5132935306851802
-10335.804502470435,0.9949740433765452,1.4037479984533574
-10335.803081435926,0.9966957901565917,1.3725328936334087
-10335.785248979848,0.98910942727341,1.877805297914378
-10335.867535091946,0.9949699806480191,2.6625990097103855
-10336.15749175472,0.9754645474541083,-3.020321749856386
-10336.574361663359,0.9914097113597058,2.258727903600975
-10337.852351564348,0.9965272853068616,3.0495889291821223
-10340.072473154709,0.868306457982715,3.0649546590103665
-10341.111872557925,0.9964639499112352,2.7101065176537134
-10347.353133976447,0.5371228215379868,-2.532841150938384
-10355.666717125354,0.8437603366985109,3.0370032752040217
-10378.348655393504,0.9952929908841395,2.8906066018953798
-10412.096595749616,0.010791474957166237,-3.1160421167147274
-10431.6174393689,0.9908281156898252,2.7853701419244095
-10431.623339145992,0.9938139555259567,2.760535428486646
-10431.633222598572,0.9891568332632846,2.7004530460076186
-10431.634712105377,0.9826683345885069,2.6839989498287498
-10431.641199119076,0.9987394368882956,2.8554410635521776
-10431.678868679543,0.9933462751123464,2.8278999389863007
-10431.712271814236,0.9977840679456581,2.9826844408074873
-10431.902738757308,0.9875871716008233,2.9579901099091863
-10432.28433094354,0.9759917257055054,2.898105445923642
-10432.910498176527,0.9202378634939904,-2.638420554277072
-10433.30495020605,0.01479523961741766,-2.671018391939773
-10435.73179291633,0.040917752613410345,2.675413029127723
-10439.132158849032,0.3500061044866585,-2.5883619285747548
-10442.351855641296,0.921068461557817,-2.9640851634647656
-10449.590018639283,0.36541380562756526,-2.6409456203484596
-10468.861723609483,0.9966744145763767,2.1106428961914965
-10512.234147539688,0.5911057326244334,1.3687558760368015
-10530.136990955581,0.6675595638462386,-2.84290137126705
-10530.141797846218,0.663560124913972,-2.817910956787685
-10530.14504896636,0.6656764471781982,-2.9759958288534913
-10530.163223355003,0.6582350006958367,-2.963194645211871
-10530.157335459018,0.6542607985964597,-3.075344850517768
-10530.156975790458,0.6864005497239749,-3.0843275457055026
-10530.172825709878,0.677034146537092,3.0598246518199144
-10530.218223736309,0.6422398195566058,-2.909473740307972
-10530.244326107866,0.48425576730329295,2.7734476121929994
-10530.185986949025,0.48810816155280135,2.5582440098431514
-10530.179556588897,0.80450700511286,2.9358005716883433
-10531.193181498327,0.008822802137226523,-2.7918715289243616
-10530.879502093954,0.004393164801707103,-2.411652596050314
-10537.474078971607,0.06449527633421867,-2.9311091343002786
-10544.565982112064,0.9988993007867648,1.8989041069139763
-10566.250664379244,0.25098956519762294,2.05052049353434
-10610.113100674756,0.3423551659406886,-2.0810412694570206
-10628.453299292687,0.9951013233141347,1.8972740507968506
-10628.446934930751,0.9951614849611449,1.8969050914509529
-10628.449510813965,0.99470663944299,1.8812579467219326
-10628.44593906831,0.9972571590698819,1.988901024365327
-10628.443096998886,0.9893073209659531,1.7964799198463988
-10628.440060997664,0.9982660741776019,1.8778444801739012
-10628.518302514307,0.9938644662399736,2.3868682939591856
-10628.70951566234,0.9913461499897274,2.8839440559053324
-10629.12350895945,0.9903476803667448,2.6590474412301814
-10629.181968500761,0.5013656013054192,-2.234236347605846
-10628.794893275815,0.7451910456982545,1.9727438233588916
-10631.293986642515,0.9952095118192811,2.8807290707475435
-10633.027141626388,0.28432860812712596,-2.302595978273873
-10637.626863929567,0.03688445734247653,-2.6579419985868347
-10638.57374941248,0.15888977986884875,2.2369698699753364
-10655.835821186372,0.6300429544439682,-2.568644176302496
-10691.49379209234,0.9864404669398689,-3.0888775174353196
-10706.440566226824,0.011459157302630285,-2.713224888522759
-10706.44490132144,0.007644404003665988,-2.734566914875986
-10706.447391341815,0.004997560227129605,-2.6716998726524683
-10706.451157094163,0.0035317624746318793,-2.64014617618145
-10706.449971152353,0.00586686880265796,-2.5057516353630698
-10706.486112325194,0.0018837669696598596,-2.780020736954774
-10706.589308686038,0.0018571088390010764,-2.520466476329696
-10706.773048591174,0.011745677011922605,-2.5160315285526327
-10707.070500583037,0.034805159073848575,-2.8969639914132896
-10707.682899056743,0.0035497311119992696,-2.649100736315687
-10708.515182347035,0.29010435960049524,2.374783721713257
-10709.716351335763,0.959355491051751,2.870414195773755
-10713.009454806537,0.16686724648791992,-2.933469892273565
-10716.079183021708,0.6440214522687239,-1.3547760690704205
-10723.89845336145,7.52788775345882e-05,-2.3195301992332813
-10736.741002589055,0.0011317143222079405,-2.753676985581183
-10779.83089542587,0.9903099876676764,2.303090888337005
-10804.044588602279,0.0017065259089657414,-2.6924394970840804
-10804.046152608029,0.0011328287135867025,-2.6935431429141925
-10804.048412112179,0.00022706451441791253,-2.6742543780551657
-10804.068571966252,0.0010279382549584345,-2.7283302795078823
-10804.092112808577,0.0010297539714778287,-2.7561780358985084
-10804.1148536581,0.02992668989691971,-2.7077774361578837
-10804.160157155171,0.03240398421356844,-2.5444121665936437
-10804.373257177336,0.022949878712600742,-2.8521082443615167
-10804.56615658962,0.16518485386893517,3.000238032517597
-10804.621293806733,0.5603983294080968,2.1857536853113
-10805.309169092086,0.9949573015450374,2.890815060888662
-10806.371244684735,0.9527328478759249,2.6299301377514714
-10809.269527925762,0.4769920216724828,2.222744055738474
-10814.95367922737,0.06000215731460155,-2.7926852653421705
-10826.855756993773,0.006622846286375697,-2.560336382629631
-10851.050750982706,0.7589123078490381,2.66475024986004
-10891.863345133586,0.34343619256376695,2.599074794147999
-10913.018064455373,0.06364086325381399,-3.0893327349137003
-10913.022661542223,0.06056584573082328,-3.087748259088304
-10913.018735141191,0.06847474247911049,-3.0457056672286624
-10913.018781189845,0.07201443454528288,3.0805007370436908
-10913.02603591586,0.07740066967422997,3.078389092479938
-10913.054598415047,0.07610907418859966,2.9090335780640313
-10913.141857560233,0.07594962578429282,-3.1021747729956113
-10913.23505994332,0.06644698149462287,-2.7604828402925383
-10913.437794304375,0.034792081890562945,-2.8468560984436424
-10914.189299488993,0.05065897604242218,2.553430461716327
-10914.401333943828,0.9717522662593028,1.977877408989296
-10913.493455503987,0.006709830056419239,-1.476368513555042
-10915.130923655302,0.0013019731405943733,-2.531321158050905
-10921.65861847494,0.7691268968264766,1.7883177042680014
-10926.822520537713,0.8386112878262091,3.0801160775740577
-10944.282654834366,0.990785941937307,2.632932555390208
-10971.591770678624,0.0005520882653878658,-2.1817566967727435
-10988.65411733918,0.002683146773615459,-2.7468423136053604
-10988.663182847979,0.002683146773615459,-2.7943311004994897
-10988.670706050269,0.00013595678873694382,-2.7446227651974597
-10988.681567448977,0.00023117045307309613,-2.59367382897283
-10988.693697578981,0.0019111764689403973,-3.018964691085172
-10988.73543833024,0.002379540053518458,-2.8518141316884047
-10988.85475378957,0.0006335193993825825,-2.57619639560856
-10988.980576204494,0.005118773130949235,-2.5188187439712038
-10989.232203512389,0.08252151759429374,-3.056939351169044
-10989.319277745757,0.4240729495074312,2.469163276633343
-10989.98135252721,0.859131435133202,2.9597870929511796
-10992.270956518687,0.9945296325493629,2.6098576218608294
-10994.611005846098,0.45961425618871155,2.6115055095732895
-10997.714201298933,0.26950168609482167,-2.6484217119558755
-11005.96921380448,0.0015885712247046243,-2.8335370553596437
-11030.01065878897,0.21405503516145083,-2.7375597248487713
-11070.661215145423,0.9992013429320611,3.1050311258192345
-11091.283313111277,0.11493907275986046,3.114888232823601
-11091.287026462636,0.12017996128279307,3.0294484558050954
-11091.286083141304,0.12320605617302653,2.9575595417322775
-11091.29131118176,0.1372485558611249,3.0707658166194847
-11091.302452310896,0.164727453029945,3.011869344316878
-11091.303504561809,0.16012043119540503,2.886862475082637
-11091.370632029784,0.2101547669526893,2.753472407517969
-11091.386238666028,0.25838091902207966,2.8011568958127775
-11091.37260313979,0.357938688784216,-3.0967313817670874
-11091.371403731746,0.6873288832146,2.340881053507486
-11092.485082163252,0.9817103585904946,2.7911624800515504
-11093.117721113977,0.00570674766224237,-2.4826277342420338
-11098.553175495883,0.045389501693938065,2.9869369924051687
-11101.196076939315,0.6090060424156115,1.666888908102786
-11109.67606034713,0.9953095754635023,2.5394980467384567
-11127.068034450034,0.0007204641478767695,-2.471635964005764
-11174.073625547104,0.2648367974634478,-2.304267193893677
-11195.494177957125,0.9444594832391596,3.127576002900196
-11195.488248990063,0.9398901728569933,-3.0496640053049724
-11195.490459432049,0.9281612440535747,-3.12721489943366
-11195.513292146828,0.9230482349378895,-3.0553654642836374
-11195.520479186385,0.9261147853885361,-3.0486780580951067
-11195.568221169597,0.9058568579895065,-2.85433505552119
-11195.637687059943,0.9175647774593122,3.1061945509857836
-11195.810068570205,0.9453858699848962,2.8504235749353235
-11196.088767632737,0.9987635659171301,2.3818618703155394
-11196.648564574214,0.9776817743079863,3.0697744174208825
-11195.8296567173,0.3752418789370004,-0.6412364760236384
-11194.497297862958,0.06424306907007118,-2.993967491932791
-11196.45319595697,0.6951776738922096,2.239755237512659
-11199.263364697925,0.950524796285354,-2.9876334800126334
-11211.344302475884,0.8801532890287717,-3.0421147929214016
-11225.686297389118,0.996642158377426,2.41365336290448
-11266.77768104268,0.980059797468696,2.9355901670173417
-11282.913693939243,0.058458074387008736,2.5937299382580523
-11282.91735506273,0.05702302631625259,2.590177956868432
-11282.915294645767,0.06726184477301193,2.5232663058662403
-11282.918842717932,0.052318494289379826,2.507232866292653
-11282.925504144641,0.08549390338180138,2.505829963947912
-11282.94670016725,0.08668089030169585,2.286873404830878
-11283.004358264581,0.19200992861403102,2.324726629231712
-11282.955546369129,0.34955310531089656,2.576510966165179
-11282.901064444659,0.6017240891768231,1.9525920050107004
-11282.987029245742,0.9930463038912047,2.5415883116783347
-11284.094958668133,0.9706478225804258,2.6224738043571687
-11286.514967659135,0.9110439765329942,2.7986694621426302
-11290.710445901874,0.0105679667762444,-2.6186409215378914
-11296.343889392401,0.23946190111369814,2.459166185046305
-11305.257973638345,0.9635719571835192,2.9473873644956345
-11320.706606138288,0.5599057355884562,-2.9914378061301865
-11365.088296413225,0.1601675075273467,2.4517873041910088
-11381.472951561795,0.6709104045702675,-2.307665465585349
-11381.46892676813,0.6678246451554102,-2.321848666098616
-11381.460993079854,0.6617287320791327,-2.36239613715875
-11381.453897373425,0.643090332094523,-2.4188460022412865
-11381.451498197213,0.6146696130951091,-2.482608122716478
-11381.424788878927,0.5885127543807341,-2.5870081847349096
-11381.37036891905,0.49243052568248136,-2.1837343412842265
-11381.265555764983,0.375351344860994,-1.7881223500483592
-11381.307862214433,0.07746587467507682,-2.588364133361682
-11381.794165473491,0.0015650049216517283,-2.4738585900742076
-11382.375624043465,0.6419360959083006,2.3961720360094443
-11383.070953718869,0.4703039488045056,-2.4607928249697513
-11385.596917517956,0.0853284854839636,3.101358623077024
-11389.108443408099,0.3373225178647484,-1.99025676688447
-11399.143774603132,0.012348755281153999,-3.137942378332019
-11411.441307958788,0.03342443373717241,-3.052685577133947
-11441.986006114259,0.776962080127793,2.588076912716083
-11456.13406930862,0.5223619558051619,-2.2703146363340174
-11456.142003708292,0.5261330880004057,-2.2900919416795915
-11456.144361016608,0.5238839642898763,-2.3217540345895595
-11456.146955886887,0.4997152678518793,-2.257663794656368
-11456.128054574194,0.4963687108182391,-2.2812305881135804
-11456.070855210093,0.44916522603645664,-2.4442870532414793
-11455.997517067894,0.41441597262252516,-2.5329013538415492
-11455.954773224123,0.2864159293823732,-2.316287621401537
-11456.131781396574,0.014665053994931777,-2.5665450472451727
-11456.882064084508,0.0146470672786406,-2.331951624327987
-11458.117047688509,0.2412490061676943,2.205425257434457
-11458.261077031751,0.2791220885570913,-2.989526945616429
-11458.589238923405,0.9998237694786781,2.8818587873901107
-11464.200126726704,0.05507650845809625,-2.787465291980915
-11474.36647962455,0.13420526416066167,-2.96810240266137
-11484.998389295566,0.9906811658754705,-3.0487883285873045
-11514.376726361765,0.16662404107230835,-2.6454557655223043
