x,y,theta
-0.11085808753074963,0.6064576433082062,1.195810942828997
-0.09980773061854412,0.6142068565345383,1.1886200859598217
-0.08918761251715702,0.6417910504516939,1.2506301257464987
-0.050617470250833525,0.6630365668682262,1.3175739087648468
-0.01034344713265556,0.6801902833062266,1.3576541019290884
0.08375011185432027,0.7487674005173719,1.6888016278597835
0.15282972511195292,0.8426692012906339,2.5398086875005994
0.193452017051156,0.8587593877783017,2.604320853165481
0.4126902586575457,0.8017668565906355,-2.627115991814486
1.448186671568643,0.5100771404628781,-2.7876239047205833
1.696409404782403,0.048426092657866945,2.9152114481641913
1.14588345137632,0.3949634881862697,1.0548675188830003
10.626826939827241,0.17832269145439172,2.5818215565550755
25.96195051528783,0.9538718646746193,-2.971737132656664
49.65030778415605,0.15845889001517333,2.805782713522955
86.26892402932933,0.39314022325218484,1.8526947418839441
175.90103850926613,0.0870219564464634,2.6281521423138816
221.39145652809577,0.31561057441561013,-1.0199399350601381
221.39605662430756,0.3193056111995833,-1.0951150938686833
221.4091961044393,0.3194402716332034,-0.9970418043127882
221.43700221685918,0.30741907959161763,-1.0686001076308433
221.4934596691938,0.294990695861824,-1.1378867018750407
221.61883719342202,0.2834795874866161,-1.0494704991181267
221.81523969384844,0.19302596033966224,-1.5502753013958068
221.81999314232812,0.07264468530972157,-2.8456867411186364
221.81383736673808,0.0692661671004319,-3.09138060260012
221.62647298113896,0.08499848593372139,-3.088777122753811
220.82241385135637,0.007149300336325037,-2.9527074970776224
222.4218008896179,0.9920440794144482,-2.86260466909097
226.85928486675544,0.6004875116950634,3.0672364490953026
236.21559879408682,0.03484588179626785,2.913292251731728
261.17297474181515,0.9897578614026996,2.6798408215278062
301.32713983035546,0.4457105238686122,-0.326991193502177
381.30622079642666,0.9888766256961137,2.984034243245505
419.34666103086846,0.9634488449817593,-3.1379302419163153
419.34459422952324,0.9608494358264307,3.1127574006980323
419.3369183519301,0.9544557242817454,-3.05985318702895
419.326609413491,0.9542952581352188,-2.889119206069273
419.33033074782196,0.9670750923678647,-2.7437613704777584
419.2872764050803,0.9438047326896528,-2.7099619939386286
419.2765694829088,0.9023643205180221,-2.0690117161471813
419.4843566661772,0.8133129432141715,-0.45969142771433225
420.48788163837366,0.7012458881223067,-0.10161593121905454
422.5741475402722,0.7042117889166936,0.5044565982998672
422.87729108695896,0.805090375870935,-0.8031431658460999
424.844797790867,0.8645175589514201,-1.4697403430107652
429.7089523307468,0.589862116712398,-0.3712546307977669
438.9262222603733,0.18903008336195973,-2.4159946578051463
451.54885711283475,0.8120729683204423,-2.6472189168996456
487.5929785624516,0.9826516422254983,-2.996524166681601
575.9956506633922,0.9717367397163504,2.9863337777556644
611.0346783190257,0.08974414520180699,2.726175391657648
611.0408318445874,0.08687738332540079,2.7635672720084585
611.029814433156,0.08971363550810141,2.7959619071511685
611.0452601466693,0.10047970676569808,2.789994529163997
611.0411976701006,0.10824394354186952,2.8390563483784543
611.0602335075381,0.1384068663688727,2.757729108914213
611.1231244123157,0.18901591292377254,2.639947511226149
611.2529131172857,0.24378123880963107,2.855061984996622
611.6844986071824,0.33507322922538957,2.918177525462612
612.8932695197691,0.7579105936021634,2.3520310925492387
614.9732626552961,0.5641662155074146,3.0953171667205384
619.5141404395816,0.18856652138305632,-2.556731424343047
626.5660924196188,0.44602125719254276,-2.6684133321253425
636.2494575444869,0.7312660168260481,-1.556216110653156
661.1149764051021,0.22551451551052362,1.867796287673288
713.92008874867,0.5824776216413684,1.7635247476799822
805.9835162624311,0.26070039027788006,0.7423348792135047
833.9029298411139,0.145481608917835,2.6321382877647412
833.9003824054589,0.14356965183783432,2.682769515616359
833.8940866686225,0.14557264962999752,2.608824736719919
833.8954368204188,0.1438335595441682,2.656068564296322
833.9031096951768,0.15586531649831273,2.7545946001520605
833.9181846354168,0.18569681416283446,2.9908243644555066
833.9754664381862,0.1957378105452252,2.6059456103839302
834.2460534584279,0.33498295351686774,2.059485241608508
835.0476360445509,0.6862509472020357,1.5342981993480578
835.7738818325668,0.7081170897160837,-2.9267524460444445
837.9982457639678,0.2758678219249182,-2.7963108521631606
841.6478619392439,0.3772830897616977,2.862610689040064
849.0051042068101,0.11377715236529157,-2.519622423462959
855.834882440529,0.8721377187543535,3.130496348750331
877.1688164353271,0.9848070610432872,2.9807206338907406
924.4134949807279,0.28725133037549494,0.2350623419071094
988.3974685136117,0.9783981105542777,-3.126500194084077
1024.5357290587203,0.6780089490198895,-0.979408405428829
1024.5401068107515,0.6749236150869153,-1.0053190704309358
1024.5526484728302,0.6839528724094459,-0.9864337886680326
1024.5833456274358,0.6703827296510468,-0.9749334708669841
1024.6539752469002,0.6526986659755345,-0.8829641946038871
1024.7934192785624,0.5996559816095126,-0.7521827460420458
1025.0550962009395,0.5424282479490196,-0.7202222683669568
1025.6508008013607,0.47493827470372424,-0.7242902329770162
1026.358602441568,0.284788065000633,-2.595900543883196
1027.093691104981,0.2752902469464301,2.941732312442859
1028.0695530590715,0.9662392270978205,-2.4265727946368787
1036.498109691479,0.34891305585223137,-0.02502921635350175
1039.9246310294577,0.36165469050867877,1.1940769918729348
1051.7538838753305,0.7777827887624917,-1.5037566491651522
1073.5069606442653,0.03004961148571315,-2.8831491155945814
1129.1780415401936,0.35033132359583696,0.16884799602254041
1231.8232652819977,0.131344011553409,2.3172120052420464
1277.2928746259781,0.9984347351208017,2.567077212287943
1277.2772361344385,0.9984347351208017,2.541554588889639
1277.279065016544,0.9984347351208017,2.5315638355416645
1277.2691688044397,0.9983502330046892,2.6540399043046126
1277.2672151156332,0.994452913772996,2.5819714238062783
1277.2348682475215,0.9991395536013536,2.664848553762331
1277.1571024355305,0.9992969287212334,2.802522517258284
1277.0358059943014,0.9944792727802761,3.010360812245276
1276.6922484736394,0.9905166608854584,3.026232317312566
1277.215851869438,0.7897366853581297,0.03202703891881109
1277.8910787868635,0.975408866935539,-3.0890752726305286
1280.5841126224116,0.004697931386340691,-2.642924856291034
1283.3574623498291,0.2940622643084982,2.096833827131759
1293.9011895536398,0.7107402960416789,2.5241152966194225
1315.0193081534608,0.666324873195874,-0.9591644418981087
1359.9292070060021,0.18485844707930132,-1.1284279856820496
1444.6932052846787,0.011526739873932561,2.835968297530278
1483.2877254169612,0.9961109351404839,2.9065731072213215
1483.2868820432927,0.9961109351404839,2.9238458182279476
1483.2863665818484,0.9938106903721593,2.951446890409107
1483.2849164212735,0.994698056924676,2.9282420246772
1483.2749923808767,0.9936169075478588,2.8796363615017295
1483.2108181959018,0.9857076852602484,2.7264275231685353
1483.1496525731231,0.9587883231728918,-2.9218921011322343
1483.0765341376584,0.887000652025034,3.0566023012397245
1483.0740563469249,0.9250287413052668,3.1052559800561
1483.677355142188,0.561626823854461,-1.127876679245587
1484.8016561826705,0.019574049007868955,2.7962286002929018
1487.8960420618207,0.9783104414835507,2.999699955483541
1498.9664656126013,0.22479450018293845,0.4472502491978094
1508.5310368672942,0.5912960248614734,-0.7188351518746581
1528.5907508887894,0.9482287372619422,2.6163177932623096
1550.2988064712235,0.34560249464126785,0.37430074606971253
1647.5433084106542,0.4713377435505992,-0.038429810868256364
1686.1143405621638,0.853917755558824,-1.2996829073612293
1686.1165115747594,0.8516653800845666,-1.2953564176791383
1686.1177761059478,0.8449351271494014,-1.3451921302145762
1686.1279474570601,0.8472864804009327,-1.2331441758923876
1686.164370222704,0.826128140537594,-1.1229899080423076
1686.217240013347,0.818540170816764,-0.8330554521611031
1686.4419180668006,0.7800655538602591,-0.4173154520297415
1686.884354010209,0.7060356098685656,-0.35598196027024054
1688.0487618446841,0.5860121708529226,-0.23572198067001082
1690.320137190373,0.7680278154261014,1.2404860835191789
1689.7572785429322,0.8307787074194837,-2.4922468852372655
1692.8174790892995,0.9240650076078162,-2.7424430603229926
1695.2445110919514,0.013445528388763657,-2.817962478905969
1704.1623266722327,0.023398398500880945,-2.561007369661921
1732.3800963452948,0.043555863904989535,2.8244895817304005
1768.3972164917664,0.7711562559605716,1.5111440552921813
1859.4724974704086,0.1083296593413345,1.1387502710674209
1902.889180017662,0.967697795455917,-2.7649806516804163
1902.881283949647,0.9636595289403272,-2.766699520654967
1902.8894940623686,0.9631441241732487,-2.85219542142899
1902.8799844926498,0.971449840324464,-2.8049571999673755
1902.8823014700906,0.9440484759064803,-2.7334102129829425
1902.8554566607868,0.9303042735437501,-2.7710261233813696
1902.893906988023,0.8565632462514176,-2.050916145203474
1903.2431786259406,0.6939026973866677,-1.3214206825307635
1904.1356417672334,0.3640587810655093,-1.5060581864598397
1904.576494063742,0.023182430193528475,-2.818929450775002
1903.5649710513194,0.015608052550500129,2.507628998026048
1906.1260431234705,0.37434514226560994,-1.8102878699406606
1910.0499848828074,0.20907999188673196,-3.007165057828297
1918.298675271664,0.2904554436260897,-2.134252766584026
1934.4208064345326,0.5050219110925837,-0.23292898607072043
1978.523099959808,0.6192122553804122,0.11125351772235037
2053.093140028647,0.6140545659172264,1.4413958780073335
2089.229891869385,0.5591862717823947,0.8790242169418185
2089.233941068661,0.5653230293481998,0.8602721696546958
2089.251886732393,0.5634630536804954,0.8208386389887083
2089.2787371099103,0.5606551587272803,0.9050113291189126
2089.345925140428,0.5566401437832019,0.879287147257072
2089.4902669429307,0.5779750853921719,0.9049349924359325
2089.7849275522562,0.6651383714395075,0.9408137370149721
2090.0969641707616,0.7980038427802124,2.123312516878907
2090.293938729447,0.9809828253869552,2.8344542096995493
2090.0445023378184,0.8435530027067961,-1.2717124556844341
2093.7516996602208,0.11714781278874845,-2.4988067471956734
2093.1981180089024,0.32811417593511993,0.5018491528186129
2102.362676476982,0.4494557939700552,-0.41058120620869065
2110.7861284872415,0.9988764949524781,2.853293727399752
2130.029619086124,0.08620164842960516,-2.948418705274072
2169.819123250991,0.017272548585846516,-2.843250893504644
2241.1718514894083,0.05593944840711585,-2.956659214336743
2275.3223064204944,0.20775153384456269,1.5586162718086207
2275.329910291227,0.21364038343469974,1.5190181359884853
2275.3536162220744,0.21420515227291098,1.506847637823939
2275.375899969706,0.21887564429545026,1.3871244599316412
2275.4245879734935,0.22904392284047614,1.1884211365087278
2275.5297198733365,0.29048236902786373,1.2053683025924897
2275.7626419931266,0.3298969332207728,1.089690449176203
2276.2320976972774,0.4394648586611522,1.337255508390773
2277.0891313334964,0.6556034204678413,1.7057026285242376
2278.0795654488347,0.5666163810058865,-1.4103564174192045
2279.2948405552047,0.11514040359280814,2.848449151453078
2282.247119170879,0.7782744686061557,-2.8588393289219427
2289.8171724081917,0.8692536767634869,3.0070999315727756
2299.120132539644,0.961927858554124,-2.9515387639057358
2318.207558867621,0.34445918318769575,0.15296383976782746
2363.118621407328,0.3017053700749216,1.641972300166037
2452.107477605015,0.011219500133621023,-2.8125830539308474
2498.5526124519206,0.8155951882219545,2.6337095848641674
2498.5449160736894,0.821813516261499,2.713582486893076
2498.560139342517,0.8207540365595513,2.738168292027636
2498.5771313378596,0.8273453057186261,2.743921498306701
2498.5945433639804,0.8151906539783226,2.7042554334144002
2498.586429191105,0.8674273889547599,2.866540118760935
2498.6190633799038,0.8760650361818358,2.9502885583530603
2498.69845482511,0.8096344153814484,3.117183734822599
2498.74454780823,0.959384705954032,2.7766916268004156
2498.358938769022,0.96477442528681,2.81198181820304
2497.746297777888,0.9970962716353643,2.9512821838780763
2500.9104362218022,0.06153992322152845,2.5050876379035643
2504.070941888067,0.5719088376628546,1.441701658446359
2509.290773375944,0.6327884484265112,1.0270972971151187
2530.9398211119583,0.9171661775173277,-3.0924758321159596
2559.7621963630045,0.004608015068733033,-2.7636397980723335
2625.567897025961,0.7913794850579995,1.7866034181961528
2664.185354100831,0.9939959123281459,2.8980216666651515
2664.17990598537,0.9962540169873139,2.8698480099952883
2664.168803549134,0.9972189116274445,2.8340956580822096
2664.162354433617,0.9956841887050148,3.0015089165861504
2664.1452544205267,0.9906732118669884,2.9400118398998956
2664.132566921617,0.9893628258800655,2.933996955720735
2664.0396974091036,0.9672421255356201,-3.0963249054800595
2664.0116857737844,0.8852256410090056,-2.9096750748886997
2664.054363026144,0.844111031517857,-2.969621213930142
2664.3943606018966,0.795433195183664,-2.2607369255167544
2666.585556869013,0.347802968652061,2.3787848620518073
2666.9985861906525,0.7754117938542948,-1.8288270247950977
2672.751412169506,0.3977510508761635,0.7694473894961593
2684.1838520399842,0.4911895312821324,-1.1379689206916468
2701.5130664128533,0.7967696719768219,-1.3717257351840142
2739.973047008434,0.3663572734191561,-2.1882985764490743
2827.319376846419,0.6013461178346706,0.6844472324696844
2858.2017276778065,0.9471037620182792,-2.972577837557497
2858.2036407901087,0.9473888832136724,-2.949867769008546
2858.204895735549,0.9357088711264343,-2.8397924380546833
2858.2068130582693,0.9384621754192,-2.807307382863524
2858.1858731630423,0.945292697736488,-2.6747615768815023
2858.134930523404,0.9281515536611284,-2.44105948022928
2858.208100752671,0.8566475865997211,-1.361349867991806
2858.5590168410367,0.7430713959065667,-0.6086874021420221
2859.6959864673627,0.6247375800022164,-0.1608345483128435
2861.9265550369846,0.34329998002133955,-1.0921289885553422
2862.057474877095,0.3204503123113869,2.49109502405714
2865.6109638111416,0.4035103338697779,1.0049065719955612
2873.4413268822054,0.5983936779542759,-1.7028837598408337
2884.6630256860917,0.9914282713643783,2.8924100305356832
2892.1359422858277,0.008006010850642198,-2.9332284983187353
2942.1982096588977,0.9593260117301616,2.9738043531229303
3025.235581641474,0.9598136280258353,-3.0409336046416398
3059.0490910366098,0.22207427049434636,1.8220282361759166
3059.051003954194,0.221765196330919,1.9040525906506112
3059.063099030871,0.22282631185793467,1.938831062342099
3059.08297393607,0.24697640462569326,1.734254956341605
3059.1270671797874,0.28111835284638215,1.4816957427571804
3059.265826020781,0.3242878157898189,1.2916036595547
3059.492875164597,0.38161104264197643,1.1917555142781309
3060.0061979393026,0.5285743336586088,0.5125897567048678
3061.1985596995014,0.6496324274600764,0.007516764182981195
3063.502824231502,0.423099720128668,-0.15692859543556992
3065.4723077204876,0.9884636748877342,2.6142880660352965
3066.0292119368714,0.7648021827504217,2.757864833692082
3070.5332365712725,0.9945171498544733,2.479473571548837
3084.9615668220736,0.6614566837377885,1.7988616329319207
3110.6126251896767,0.7825166509150121,-2.276067126037223
3152.6922935857356,0.4935082299937503,1.2111137242988956
3241.6928161123233,0.7448609559339389,2.948684325326578
3285.259686647379,0.11648360071797303,-2.8069658217024185
3285.2638214724825,0.11191307355939392,-2.7723169422873943
3285.258916735689,0.11829017214838393,-2.7741713690770244
3285.2677147115965,0.11339297998085698,-2.72493042169457
3285.2722649750135,0.10463899620127971,-2.76590211947729
3285.2821614131994,0.10340531177878186,-2.86199017300252
3285.227415693282,0.04583640380792757,-2.870191650142533
3285.0778570200227,0.002328544164651454,-2.836772017788243
3284.8855210226634,0.02629821970304977,-3.075078552783182
3285.61855368072,0.3572773554790565,0.6385724510772106
3288.1052048351953,0.019934266656457332,-2.981725770491911
3292.4129153275644,0.13436053176666926,-2.433275029106627
3297.132172350383,0.174153463505362,-2.9024105228687556
3308.655751261638,0.5416799399103795,0.8060504575134537
3329.8985723239643,0.9427009392003752,-2.7545235339173453
3369.436897186021,0.6250179815396611,0.11409464501999844
3458.330636201099,0.10585968774013739,-2.5859201903570153
3494.2971830668466,0.9923247620171233,2.693791665585458
3494.3012896031673,0.9917726701542497,2.5958703380737047
3494.300270177524,0.9979063254207546,2.599351162344991
3494.2983599059635,0.9948426025486062,2.635340178253106
3494.2787060720707,0.9952449524722373,2.592336395872927
3494.2407921316453,0.98758827254075,2.835159218900362
3494.170647292957,0.995665335219228,2.8743490042437116
3494.034895746041,0.9819048840451545,2.911698070397466
3493.705595655463,0.98946556080514,3.021662825445259
3495.003654111645,0.49441749265004453,-0.5793262090686433
3495.5691313212774,0.014116478995092847,-2.9297679838290787
3498.549049055303,0.550263409950518,-1.168852310191031
3501.8821152987325,0.6989257706948051,2.1858184236628944
3513.034308212915,0.4257072983944007,1.4576801403991766
3532.158145193767,0.003961342056801589,-3.0699198474188805
3585.4706556728943,0.36759899725811856,2.7996237289813735
3655.199188384837,0.6868948511234542,-0.4147356755146139
3699.204281651851,0.9608911970896318,2.809195899116556
3699.2046308609874,0.9585026257881144,2.8632141781176843
3699.2130653605345,0.9689940676511075,2.9513322235720203
3699.206789276466,0.9654058475697251,2.89646873920886
3699.1798445160307,0.9885285568554892,2.8492610145781887
3699.1457641100064,0.9983603827988665,2.949210079962536
3699.095443868771,0.9912924487371154,2.899094525399793
3698.9081331731554,0.9997892288875069,2.894928492069429
3698.650503620742,0.9877352805604014,2.8390421957377665
3698.0259765683963,0.9901891072527937,2.8578091467561864
3696.816049502765,0.9967801484363835,3.0620550631155803
3698.7090456851556,0.07955352774369968,2.8314153475377974
3707.0174892412188,0.4666580653156408,0.5656188933735304
3718.791861174777,0.9744697914559756,2.923469097585759
3743.425282837051,0.01676930726138156,3.113062370707354
3782.9533404268673,0.07543886401662915,2.29653778470703
3882.013777110742,0.9722984245635794,-3.128763808249798
3911.5817591461328,0.3662580212132529,1.2218854804484858
3911.590004012496,0.36194501257459394,1.2580463512304627
3911.5877025113828,0.36611054295054024,1.225670906163983
3911.6215057759737,0.3689193839341993,1.0230812402919804
3911.697721033424,0.3960873395568602,1.038872288974943
3911.84563093813,0.42748439868337657,1.1516345659355496
3912.1118914216604,0.46490082354721834,1.0199400014134898
3912.6803793943973,0.6138352911440886,1.1112728108731966
3913.315981537061,0.7771355095187007,2.3754552099045956
3913.4472218965493,0.8256919643448786,-2.049027791200865
3914.9839441776458,0.019284140488668094,-2.8290635895347602
3915.593782851821,0.38796694295310846,0.3830833367482991
3922.1183890006696,0.6071848068824548,-0.4202434362297316
3946.2045269628743,0.5098891483080061,0.38969605880299474
3966.6165639013693,0.07610750624223828,-1.6141441532329948
4013.094103761906,0.9530550752181709,-2.3658977372991283
4094.5381392719105,0.9039699633686615,2.5794655472558254
4126.314180762285,0.6105347028129973,-1.1051857578354212
4126.325165669538,0.6113029955428317,-1.1303677563764891
4126.349977373436,0.6030852906449502,-1.0376645723869955
4126.369906046049,0.5828811423917877,-0.9014105734431452
4126.432596419152,0.5667417681576649,-0.6556957473294243
4126.5638820266095,0.5713568633307509,-0.45524358367238804
4126.82021505574,0.5093349644315326,-0.6509454638938621
4127.424470435765,0.47133583265254575,-0.17525640199098325
4128.579229919182,0.43437637048475686,-0.34554180209461505
4130.900336616144,0.4724146420984508,-0.289003163702259
4135.047837680795,0.11169683452336274,-2.348255086312619
4137.078787042777,0.9984138564060525,2.944410765819015
4138.736767547388,0.0028915104779044945,-3.0266146397975042
4146.035171223773,0.9313959236257974,2.8745091473997846
4159.729040537462,0.8870952012207345,-2.074310170900151
4194.854471031074,0.46639769033039985,2.64035550306738
4278.3611033204725,0.0020969575175431663,-2.8405005449202214
4309.03428932343,0.9710326743088538,3.0656447150169495
4309.032217074305,0.9705150678686509,3.1354116173784936
4309.029052912357,0.9757137074258951,-3.1391585144407754
4309.032862685455,0.9678847939932451,3.1267033700557327
4309.033223821553,0.965919629560708,3.1349149545268267
4308.997358745559,0.9677544564891405,3.0532230853824576
4308.96669614644,0.9087115710635028,3.1369396376908867
4308.9381992064855,0.9701281377269686,2.975219320462597
4308.807272906014,0.8944182874107187,-2.181662645941351
4310.130261288408,0.24943415337774877,-2.398070223477049
4311.367162530184,0.14407431087063294,-2.5250772738328506
4313.079891994703,0.886536081593556,2.487159757421672
4315.828035835364,0.7974483851580955,-2.1847149971794715
4324.297166611789,0.964450615119438,3.134940880912235
4339.193695445836,0.030408503475854293,3.0478397847931618
4388.73164261652,0.35704459045466114,2.8155581721762397
4466.300361153386,0.8975099655485429,-2.7588822407015545
4507.0015560702095,0.013269246918348411,-2.616466580316243
4507.004954061492,0.011650872589247591,-2.634995676938448
4507.007604178414,0.006016973093300248,-2.6150874238897917
4506.996467766103,0.010497931651965567,-2.644107587168063
4506.963185522603,0.005899914538052233,-2.806988762827939
4506.9258664152985,0.013613342823298487,-2.900644084525887
4506.860826592394,0.033713819959714064,-2.9711616537005874
4506.726660017336,0.01640176652492437,3.0967567690189846
4506.635345663058,0.04734829737810396,2.6658724331929076
4508.194091818695,0.5375507785820515,0.848583352643872
4508.557353495637,0.9905583021811641,2.8246735998820025
4511.673387113395,0.6692301641092818,0.7347759501726658
4514.485063682199,0.7617781278667629,2.305837906498729
4526.067904449156,0.09660118119738187,-2.1372736231165503
4545.117693313081,0.8759541311179048,3.11004456786611
4599.79914590589,0.0016375544909777986,-3.0453944717294674
4701.475507606931,0.4347426399181701,0.2320765513369274
4742.8923374212,0.9981055059566237,2.991741993267679
4742.887077360178,0.9888121785192013,2.918191098828099
4742.8863551428,0.9866417253998089,2.898205315414266
4742.875828713965,0.9911521876332846,2.938709627511237
4742.879244965331,0.9980754049357867,2.7953329925788672
4742.8542203258885,0.9939080934216586,2.894420197545788
4742.797915962459,0.9796979738018501,3.076395280475131
4742.704131790288,0.9928129519711811,3.0213529984154928
4742.577051278847,0.9431623893314666,-2.9530080135301326
4742.882037816109,0.618983675188909,-2.197352133666284
4744.041328310598,0.2289502450530409,0.9715452662477286
4751.129644989538,0.03447818856712071,2.9923814897887535
4758.562807722846,0.9619663937079772,2.516151805691715
4764.205059653849,0.44234713645134877,-0.05882287639374528
4784.682394530541,0.7305965073094836,2.5772991198098048
4831.14015494327,0.03410600141828898,-3.0181811625573425
4927.404399886007,0.6634063840781075,1.2414950726862521
4968.6470503518,0.09059831987075552,-2.7837491200840656
4968.643147192674,0.09475181142270568,-2.729093684433038
4968.6514938601795,0.09401692096908373,-2.734990415694651
4968.646662403554,0.0719468653275922,-2.5902593596883614
4968.639761283454,0.06780674729303711,-2.7383074971000623
4968.620737752879,0.05742336931659968,-2.832601987698027
4968.603347569334,0.022268887393592514,-3.0183416966854786
4968.4906426618345,0.005159468353137127,-3.021750971620305
4968.246133735827,0.0470177463958079,-3.041976250653579
4967.890440237681,0.03933601915341684,2.8744746226259608
4967.88508378466,0.052630703746887254,3.0913431467744807
4966.48356996945,0.02583134034067957,-2.952443146256632
4969.160158156725,0.3028284036429734,0.775724172214677
4984.643406570675,0.8828879291800356,-2.82374231695594
5007.162850255916,0.03261056110874148,2.937092892274623
5044.758350509878,0.034432007986938566,-2.6366097348878563
5107.179895483743,0.4878791898769016,-1.6006710332482135
5139.850471816173,0.08474891325986328,2.802697593830322
5139.851675538929,0.08467078763824319,2.795695515723869
5139.863975564504,0.08804108172787745,2.770950679835039
5139.87645054771,0.0726045773071279,2.6652622743610497
5139.89084995649,0.09313904090599398,2.5579842949673885
5139.891064205527,0.11004796321249671,2.7045500424717845
5139.931627996291,0.1436346033353807,2.550328686865539
5140.157094570251,0.24182029995590548,1.558315331589255
5141.090231269912,0.46105756021861155,0.40975754094052297
5143.140657199315,0.833594788071222,1.7121693305258852
5144.300293125439,0.5019309714723309,-0.7704042224806189
5144.990349491618,0.005993319627842794,-2.9032781641961107
5150.9071057055235,0.7023163208679155,-2.8947135064369034
5165.451247366488,0.4659608245550454,1.6527065905372016
5190.92545635037,0.17141030751894873,-3.0628865215878527
5222.137465583689,0.9391686954138475,2.6756710686270377
5304.906894642066,0.815861764919252,-1.3291019734469036
5340.764524282089,0.983165976006872,2.569393441835097
5340.763154625442,0.987191340116435,2.592347227745714
5340.766198264909,0.9786937971593962,2.6267599314896346
5340.7573166698485,0.972721141685818,2.659272348584172
5340.7404954868625,0.9837524395154267,2.6606466358786562
5340.7104596096315,0.961745873166169,2.971253407333567
5340.634305958529,0.9959435790812754,2.9742459548128135
5340.497648456798,0.9361662193502401,-2.921125725834089
5340.901333776539,0.6998174928184582,-0.999260045711686
5343.117835674717,0.39922277771626,0.4553730040553794
5347.695612036331,0.7944230031992235,1.2072364152189472
5353.288788121198,0.37464678434655635,-0.7167428477471169
5355.707558158494,0.9734849092191505,2.7874742271315416
5366.208561870539,0.9906730628405555,2.730204913979245
5389.858195030267,0.7683390051737188,1.0056433860656595
5430.298511707584,0.09050195915125142,3.0899392836175554
5516.036949611305,0.1873896461105005,-1.8844065969660377
5553.775040941207,0.0010186182259266739,-2.678419477397657
5553.774449568962,0.006907083515103542,-2.7029505961436953
5553.767266195853,0.008283709804452255,-2.698948334182433
5553.756106701629,0.003225827878479301,-2.691814770692613
5553.7248758162505,0.0050336302676831125,-2.7320284613420003
5553.699304396844,0.016096035326158897,-2.68012184482987
5553.643699379256,0.036000270742288974,-2.733074984783015
5553.486538309731,0.004410312004752804,-3.0101778655640445
5553.166224917847,0.0026373699162043824,-2.7289433056505983
5553.42073583421,0.26163295155980887,0.7058904701412372
5555.135368184861,0.9525801928300172,-3.087403717221376
5555.0910721089285,0.3678617071335735,-1.7064027873930816
5562.617981464165,0.20212038325414017,-1.020958698555912
5570.597707423808,0.8353771561082495,-2.861571131593458
5585.725755750175,0.3861400763572579,1.3505764042700665
5629.134273188934,0.20234749130279395,-2.3401595357293483
5698.557397047239,0.10547420325797603,2.9269965279113235
5728.266689203736,0.03251487514479519,-2.664241361476743
5728.266356189183,0.029033178929792063,-2.6149532407091858
5728.26994690105,0.022248128950317934,-2.549782765611738
5728.254872237879,0.006441997955512707,-2.5393442192182176
5728.240730722315,0.0036083197489458095,-2.396042861078684
5728.199987297464,0.001298051509962964,-2.5124878187137933
5728.1538947491645,0.013927034263574683,-2.553349112489632
5728.055950715748,0.017880599679941565,-2.878076848349531
5727.76125454975,0.009580818694885135,-2.853557133970466
5727.163629327662,0.009409704691889363,-2.8626287409322635
5726.508130104183,0.19493457981533857,1.3255763060940984
5729.289801375605,0.08172524696797918,-2.8727366980257045
5731.222046923089,0.04724334296699502,-2.8998949341071394
5737.8712521014095,0.00017644824018495962,-2.9694095663574425
5761.054429367149,0.5076756001277727,1.8057624309316163
5802.173982949061,0.9836843891050103,2.9371793348142274
5895.131955481127,0.48800538846149083,-1.508890646871652
5923.318150682312,0.012092654448410673,3.1360609080060042
5923.321859556684,0.00037067633924796513,3.074817944408707
5923.314784864947,0.0004270163704761693,3.0364459850064307
5923.28128264431,0.0045101393000267845,2.953964298302976
5923.270899011275,0.010790137293205474,2.8375116263414455
5923.24997290723,0.02387603440518859,2.792957440720615
5923.192347135309,0.011942926505311521,-3.0747654747366986
5923.113025250695,0.005395773404867375,-2.7660756386285046
5922.949872787349,0.12778922941765108,2.8688178919379794
5922.864886992558,0.09133866209883053,2.9189994230235854
5925.123751863791,0.5593515022952873,-2.800163579968751
5928.299155567904,0.7543632035690514,-2.979910183008231
5934.619847990367,0.37078697305888997,-2.0320477930379495
5953.499951762994,0.996970731608043,2.9276387656405802
5974.748677909275,0.9804346029997184,2.8373936658429173
6027.863116386726,0.7461611031519523,-1.7955819583875865
6111.07882866167,0.23816353528993184,1.331721403600124
6153.510052124271,0.08875688065310375,-2.652470911257752
6153.50896979006,0.0854499244532929,-2.6926706406716243
6153.505315557793,0.0841226500575595,-2.8120432871623806
6153.489733447758,0.07272416451746948,-2.668135199168054
6153.470339530933,0.05751879753235411,-2.8268656295427683
6153.41755132029,0.028846344398349193,-2.8026061502946438
6153.387373424378,0.005492277355103034,-2.665657869015046
6153.2814020909345,0.03024288690719123,-2.8557547301836643
6153.023945601441,0.00492117675999559,2.9268661502715796
6152.64698203442,0.015947178798952848,3.131011071633825
6151.584345736425,0.07405457022373332,2.476068440697926
6155.685044496893,0.06753968080163994,-2.5668091791788203
6160.27622560496,0.547762463722709,1.150021034905011
6169.6404894898105,0.4528332751481974,0.36893980027691065
6190.029081199324,0.9970539207679562,2.6830332107094206
6240.439683504772,0.9794868731450543,-2.8878880332427026
6319.212554684313,0.27181616707817174,2.699117714560182
6354.65707089511,0.593758144186898,-0.0405735031401262
6354.671069312285,0.5977039611317633,-0.05040438189940888
6354.689551744754,0.5921039149290844,-0.003948807111394892
6354.723970679498,0.5920919693135214,0.01665751130949289
6354.824281901375,0.5817053926436913,0.03294751850637434
6354.967097847213,0.5748679776649307,0.09182818435703233
6355.26487386761,0.5437004768204815,-0.051012688856803656
6355.880485032063,0.4948425183282606,-0.5054700419626839
6356.708110567336,0.25957620374852036,-2.183090339380536
6356.900153281844,0.01591294637360377,-3.1383348443241275
6357.976302107419,0.7293913427900435,2.044616708521917
6357.606523619321,0.9875085644848047,-3.1127275418917746
6364.272097703206,0.6182310292602479,0.48126659710879593
6377.480256813224,0.01017406729915047,-2.829658036499908
6400.160199164724,0.08461947009773894,-2.4985491871523897
6439.268916721906,0.04252299812992563,2.8001400376564654
6532.179767413207,0.845547858508705,2.6557978408833858
6560.698301402079,0.32613329322521595,1.183380472226819
6560.703922980647,0.3217185006424754,1.1091390922812874
6560.71709004012,0.32567353318294645,1.1471005790353264
6560.716448000913,0.3341110912016305,1.0801883658792963
6560.780228650186,0.34279829314026244,0.7950404593451501
6560.9087275040065,0.40776041459646073,0.7538145897301822
6561.179576167494,0.48018526882981794,0.8753818737182568
6561.687343922642,0.6451892059793382,1.2795208688512467
6562.065603590917,0.9905559041135478,2.5046583525118216
6561.6144221353015,0.9846536719730975,2.6194348394903706
6562.207513951815,0.7658357251402331,3.0926549772122245
6566.445816563084,0.515764165588507,2.866552359164114
6573.69018344793,0.1548868345388365,-1.5659354093573181
6588.367320575553,0.5759922878790684,-0.37502523213188477
6605.856653522402,0.17131480776924274,0.6508387622556349
6653.99704444271,0.6711345447551973,-3.0344575771711755
6761.536106661133,0.1356111552748744,-3.005290814195271
6789.190756782411,0.21154156221258585,-2.5516761249692714
6789.185827985564,0.20493946370687494,-2.502305242401399
6789.183312875514,0.20402975169532264,-2.458063618561823
6789.188944399768,0.20339187202255302,-2.4240166536061043
6789.201208274366,0.19769656650995818,-2.5648942638093057
6789.264374407079,0.1767944792722527,-2.304972829500832
6789.287740798687,0.11368542470900145,-2.4243205435332604
6789.271080784394,0.02977824788308414,-2.7812654321927006
6789.052841839616,0.008917380924797687,3.0632952534188567
6788.606692299671,0.029261364008460185,-2.9228731261917758
6787.525995915731,0.0016966270047108023,-2.5048606928736543
6791.237087078289,0.004800708172668924,-2.949743249849469
6793.4523779620495,0.09823170135268892,2.6757272472934712
6807.014744758316,0.9570310582541717,-2.2901946884530813
6841.773850109773,0.2866708718178162,-0.31792347146813293
6892.064803634765,0.23849054271700712,-1.5924999671166538
6978.611972263107,0.6182491598283747,0.029152878520941616
7020.653970767716,0.6260035665364032,0.057112675453312
7020.660125798428,0.6274905175839328,0.11304490692793223
7020.6636976514765,0.629911334138728,0.09416613136512364
7020.686893996942,0.6357850610394201,0.023576136802140546
7020.761034405239,0.6293325548863117,-0.16261625732042262
7020.887522054286,0.6251659693879045,-0.35727606632736597
7021.17804679159,0.6094455530643863,-0.4092589003815701
7021.780111976856,0.5013411260820134,-0.23918554033400552
7022.659329017495,0.2224140073549452,-1.9183624341814376
7022.64070523688,0.05651934466536251,2.6011401621743957
7025.679209994753,0.1021647718509478,-2.78962430146602
7029.93892426406,0.9270535532662053,-2.35316061626277
7038.541661802878,0.4910483381945466,0.6937674564645198
7048.38842110928,0.016245864684536544,-3.0375437660802413
7067.21002611776,0.7145684052495224,0.2830136499788378
7107.718124218666,0.4985230892087973,-0.5004989195683471
7179.409776179651,0.926870406367408,2.8179846315781276
7215.967805489087,0.5439723327192206,0.813793323137376
7215.9817602191,0.5460228590000287,0.7333745221868582
7215.985087994676,0.5619055643197697,0.6879283296551475
7216.025616575146,0.5629942965284609,0.5406800517710235
7216.115023720574,0.570196472291779,0.5414057040052072
7216.273761099547,0.5641961795662828,0.5036407350746468
7216.583213395096,0.6386179603289563,0.7412713372590378
7217.11500871911,0.8174680235430875,1.0310919397805387
7217.314912972578,0.992442103171574,2.8821476967773663
7217.1996206391,0.8228815722360944,-0.6569431337173599
7220.5490447829325,0.0648598164656207,-2.4556542104602865
7224.593596180788,0.24040039553113934,-0.03759841542394948
7231.282849725693,0.06391300621840408,-2.7802855983010066
7237.6552192419085,0.02422640412348987,-3.080755224930528
7264.394722141375,0.0012080357442730903,-2.9220160981748875
7311.709278243329,0.7182924512454232,0.8441573382371534
7392.5043034886685,0.18635918980089625,3.1286024205793677
7417.591159254277,0.4329073097695395,0.2098872554752087
7417.6010705487415,0.4309170110945536,0.18902368659916302
7417.619051822474,0.42291075621115365,0.14346801960805244
7417.652013030488,0.4193679227091921,0.03415564640443369
7417.7457480211215,0.38521412092198526,0.04496425234067525
7417.858402177354,0.362215246853939,0.1587534911172197
7418.13183781658,0.37764440274672295,0.4410622186950359
7418.688213528791,0.4145675613445645,0.5495231494660988
7419.837704805193,0.5760574275884367,0.6629486356055478
7420.391117305438,0.9973372155239043,2.861931548482694
7421.830774375777,0.2645949028303606,-2.6546091354508174
7422.494887126717,0.5565743706120355,1.3003655693832172
7430.958331470183,0.6011936181654988,-0.3956270921004643
7440.657689939457,0.3351170788132212,-1.4783512816057953
7460.163362369198,0.6749909681587919,1.3551182829605786
7495.025610261364,0.005132499103085971,3.0336191075408294
7590.9084937714815,0.9976825003959852,2.6933728247684163
7622.57989084621,0.010526761401421615,-2.4040309014723444
7622.57789813174,0.015767372853277267,-2.386552729348261
7622.574929237295,0.017311333747994307,-2.316176065761333
7622.573966017517,0.006706976621312926,-2.441520042772009
7622.576484054566,0.002249835335755018,-2.580218518169908
7622.549181119411,0.020621003811749562,-2.8350971611415163
7622.546947994622,0.00889051208273817,-2.677418741048155
7622.464069197279,0.004471293769133242,-2.8957174086125943
7622.231202213765,0.02179031709274875,-2.927604636692642
7621.606199557715,0.010433474742938665,-2.783566363598068
7623.55566416485,0.9123233034730706,2.5768061787723298
7622.734501048979,0.5084603942247601,-1.2284199492336831
7629.115160140265,0.7476857030580312,-0.9770015539512582
7644.345734862211,0.14322501363225276,-2.834114658860196
7672.029787623535,0.25323722359456524,-2.423839997887789
7720.68147628999,0.40964849388725255,2.6546274004538493
7797.511215504919,0.8222092172076411,2.7095978860880487
7835.854929133865,0.024577410497148698,-2.402298798901898
7835.849792709597,0.023610511326594738,-2.351359335142997
7835.842348443829,0.013841033631802802,-2.2991245303586343
7835.831153661417,0.0050157803497752305,-2.458551252785328
7835.8130712338525,0.001649761074719093,-2.420567655565718
7835.779143891419,0.005686480132906056,-2.446000778674281
7835.746732693976,0.0037251934979108136,-2.4770078549149335
7835.660122748178,0.010666739628562625,-2.9958145422262565
7835.343363980652,0.004592455940668272,2.889881854904681
7834.817578502937,0.08059567695333147,2.8526166344680703
7836.662324818763,0.5644369878815577,-2.910257336177016
7840.455483594904,0.5152001993189648,0.5567662957785808
7847.182886440761,0.7634886083661487,-2.911325664951321
7858.362131148606,0.7918302567603616,-1.2392039539947783
7878.999135965845,0.9831306481137566,3.1130986593685517
7915.0995350625935,0.4324002513627604,0.23861286078452304
7999.3057669809905,0.18225732677200293,-2.0055113696695086
8038.530210269666,0.5909388235072096,2.934414638283693
8038.5375891837875,0.5933701509152631,2.97730000596121
8038.547850794774,0.5867041539235627,2.945458197086767
8038.563585394378,0.5950007389584827,2.961278726024922
8038.583880210303,0.5958072977124975,2.8291139512197194
8038.705716249495,0.6238008819958791,2.6101794111657366
8038.788281530985,0.6143073380248454,3.0001870992640667
8039.080382248083,0.7005056186544174,2.6572813827414254
8039.575300117854,0.6461048491121698,-2.9611063843665777
8040.926098596831,0.3115591377844174,-2.308390331830415
8042.919660671988,0.8304091381860138,2.545315400464461
8045.465561719537,0.12460961290975249,2.9493921185449654
8050.477311977122,0.40197847549096305,-0.8836571887832498
8056.551311662424,0.0014677915424826755,-2.764892609177781
8075.644334336785,0.9905467475161573,-3.102644798797301
8118.266158639508,0.09026989009400146,2.6847736790804877
8196.45710151511,0.7420887266853528,-0.8761365143057285
8226.161751003585,0.4075759993239753,-0.18357031240324018
8226.16758032467,0.4070243483014375,-0.28086035148657196
8226.178058789039,0.4061676548062195,-0.2722372688999428
8226.20563937246,0.4138070789101743,-0.302313918645583
8226.279410005185,0.4132010447816846,-0.2746702602271709
8226.44069217685,0.3989823478244384,-0.016111367234924234
8226.734536054337,0.4360802454736448,-0.03038594083816637
8227.283458999016,0.33652057726000195,-0.3113633988632918
8228.269574270287,0.22812728819033404,-1.6326182710590598
8228.327397046512,0.0025210123712699002,-2.7465309047627544
8231.304929602304,0.25253521232697024,0.19687078315134787
8234.52930784955,0.3741859292902811,-0.366673031980266
8238.358274153476,0.5862957803235583,0.12576414889602416
8250.96619069527,0.29950921810414294,2.9213765270359477
8266.10787592628,0.9824896808692221,2.859539094927209
8294.525954057306,0.9993270880686683,2.7240334761259986
8363.127756569571,0.08537092572750178,-2.4585916314548384
8403.941133561488,0.5496728614816552,-0.040016593439292425
8403.945474677697,0.5504846796806456,-0.10068205576693634
8403.962774333602,0.5539754255769181,-0.1554447501356222
8404.000226070257,0.5464389524818739,-0.13842708351046973
8404.082378092444,0.557396973478957,-0.10924389368578336
8404.213676443609,0.5458717851541315,-0.1585822718440255
8404.494680796486,0.46781036026718203,-0.4046305919570523
8405.052686597808,0.3317123795877234,-0.6654409022370671
8405.642922982091,0.13521825833499343,-2.5903872919023745
8405.736364638047,0.2537191153552848,1.2523543644934527
8407.162140700806,0.9852725636619919,2.6266851229277073
8407.83584558042,0.009307853828129677,-2.8513353137561217
8414.050437266424,0.6177158504116304,0.47676542840629654
8419.17672806124,0.5836915252492135,-0.44513383783046967
8445.618281113351,0.02003956505718967,2.8782295840425878
8506.584456097207,0.5267198332893042,0.7192086945494172
8599.947087399389,0.9632691544497055,2.991923464388651
8632.853651764926,0.8167006538687777,-2.9415651919711125
8632.853977774792,0.8124390761604086,-2.8945240910239662
8632.850581113915,0.8175695918702021,-2.996299689048528
8632.858597720515,0.8052080771588928,-3.008322829155501
8632.885158429555,0.7803484690532372,-3.071497468411177
8632.921292893996,0.7843594872295268,-2.53747863410974
8633.02673921137,0.6913227427883029,-2.437873106428828
8633.212340990349,0.5916643404867175,-2.5791480218460263
8633.863167953099,0.38030913348663553,-2.519158310827513
8634.435059644999,0.045589758416975525,3.032783034474078
8633.476621924416,0.05021945744834211,1.9250997304068367
8638.443990625483,0.20976684839621898,-2.8918048732891255
8647.398602032537,0.6671419595538567,0.7985028588954721
8652.963985996523,0.4638093165519166,0.028036720513409108
8669.385365833377,0.8215724445946404,-2.7003978727624527
8718.394181330164,0.31039570893136476,-0.8619894369743033
8811.893264603035,0.23628152886369624,-1.0582257791610719
8839.444492736391,0.3105559063464432,2.3501555179799105
8839.444554967924,0.30884382992940745,2.3682945499974686
8839.45929547587,0.3088754466892182,2.322419930751442
8839.485992716785,0.32319250591578075,2.166084634789989
8839.517884678049,0.33377916899146504,2.0701239743397233
8839.598885527323,0.34913289388405755,1.849789146017983
8839.797652651521,0.4268327410898349,1.4600476456411382
8840.250894570789,0.5270035275455548,1.1882955468888428
8840.808889629743,0.8231465187133853,2.8591886202283643
8840.724155034273,0.9986795206798866,2.950268897699214
8840.636673783103,0.8328394679014465,2.6481899880871005
8844.460757800533,0.3705822056359192,0.3015732679044931
8848.88999577937,0.9929334331455967,-3.103602054432714
8862.957608732027,0.8985545072295991,-2.731395235414816
8884.505163679405,0.5466900920953209,1.7875711731402895
8935.988766206347,0.6701469784981186,1.575614298480362
9023.032366914555,0.4166556181347881,-3.017410190501222
9065.688057518659,0.706131927037843,1.2203397324769938
9065.700830724429,0.7045483083922072,1.326237217065251
9065.70668786622,0.7134979627330809,1.3164899519500617
9065.734386130942,0.7396480384096313,1.332032763710103
9065.790401880098,0.7644826144656994,1.3057154192041072
9065.830098485832,0.7841459614040006,1.673283771358279
9065.96724325731,0.8616972298542712,2.235989502692674
9066.045420230048,0.9542841027204487,2.745020474985907
9065.869637774349,0.986065568324392,2.95669332666868
9066.06165800029,0.8825163289088065,2.622921798430694
9067.600421147508,0.00312238967642803,-2.6351540173748185
9073.165933653212,0.5973652486497094,0.6540912167661697
9084.872193973048,0.927304821793157,2.2071803678052557
9088.958262502063,0.0015249514572036147,-2.7640881744162993
9101.375493220621,0.11075235265454297,-1.024936666412951
9144.285102115899,0.9811896590643651,2.9275046854559115
9221.11666234152,0.4104458600045046,-1.650677651179277
9264.963588379447,0.3178248644421326,0.6034393259033228
9264.973953499804,0.31491002974125765,0.6019115389754712
9264.98489486843,0.324443398765119,0.4624751315637994
9265.007122779105,0.3250209608547721,0.5473551892143056
9265.087008109042,0.33746816554194514,0.4462158071955047
9265.234951792196,0.3535131440697518,0.2587628079770923
9265.552210777074,0.3494191669789786,-0.1396854701500554
9266.112195679087,0.32664248245675676,-0.06732478240952489
9267.261028838619,0.37180681713488845,-0.23062795743615316
9268.852191281263,0.00768531713939442,-2.292295001530791
9267.94446269326,0.16054409932475133,2.151485443235112
9270.151780242042,0.7297644196642388,-2.0381429853095274
9275.51236027255,0.9923432640183251,2.9799220563689195
9282.466342577003,0.2632678874990174,-3.0442679136192807
9308.997713702942,0.3526535908016503,-0.4872208660236077
9346.869186363705,0.023038423176770212,-3.0548654060914378
9420.124499451078,0.992269949173574,2.7000373502332025
9454.986206342708,0.017868795415930352,-3.055659433920631
9454.987806954185,0.004750203222956346,-3.098945988563604
9454.977350891339,0.006820577398157659,-2.983102634478734
9454.955945061614,0.017525290152680336,-3.0584298456526873
9454.93878837898,0.022859416042919065,-3.0216158615271094
9454.884396248257,0.01199675320966956,-2.9559135806605292
9454.826748081594,0.01637830968519348,3.074531003080452
9454.662116546331,0.005051251831793923,2.4938151143817926
9455.134817535762,0.3342691058011008,0.707036553049404
9457.276942487691,0.19231946815757459,-1.0423279785604773
9456.879628375393,0.06684249814970085,3.011484285055201
9462.468309592503,0.31600006141589254,-0.08905093959173982
9469.660604771172,0.26935865382762775,-0.3370720403238181
9483.595583339305,0.9968838856480681,2.649174095132068
9503.242939205164,0.1757068032010159,-1.2983497758046865
9533.652443103007,0.3577237287415199,-0.21735191524979136
9626.401584706127,0.6978928607515488,2.728947075943762
9669.765859727,0.7417022726510708,0.7191849794469443
9669.773654034818,0.7441979842325459,0.7973963917599116
9669.795666518612,0.7487415335235781,0.6796342910582793
9669.811529755798,0.7584596998903468,0.608410069837273
9669.856929475276,0.7516082652829211,0.7864948646238967
9669.972989006674,0.7727880590129075,1.3627818991452063
9670.167379602946,0.8239612874764933,2.058529708170722
9670.348992762727,0.913589546227762,2.728382499545109
9670.14658386222,0.9999172115626539,2.8108494417031284
9669.53263502968,0.9720087021926911,-3.0176729895152694
9670.573695131703,0.005797303364758515,-2.6710076991181233
9670.965714345537,0.8457662930948281,2.67240151022237
9672.77818071848,0.9195049095535277,2.612713412060833
9678.498989632286,0.9435771470766264,2.8162549562297663
9697.057689264524,0.01184234302563596,-2.7203436923643505
9745.475257125587,0.5104657916212267,0.3626422291794982
9811.606218323499,0.20975490273943218,0.6857610735636186
9848.765721383796,0.08308430425317853,-2.803910677622622
9848.761077494044,0.08162754224691529,-2.8758661338015727
9848.766572766206,0.08467111373217703,-2.8498820834191885
9848.748097834965,0.07706987075941679,-2.878108871093
9848.750175019024,0.07114375380723868,-3.0870393636309936
9848.73473256671,0.04950990777122724,-3.0931509765185243
9848.71866914826,0.0415864003496107,2.6937147789945115
9848.616959020675,0.0975696488903052,2.5011346826254197
9849.126383668143,0.3521098563238396,1.1618898071197101
9850.994592885365,0.7840729813653815,2.426058372173337
9853.20027453167,0.32870874669308625,2.631498857884055
9856.432283031741,0.069069129937021,-2.81476722400504
9857.394471906884,0.7284605385946685,-0.6414333880803946
9872.431235521944,0.9835242660156661,2.6725335272513746
9890.874168977858,0.07927314459151752,2.6617255442349776
9921.774270049336,0.3062163688670069,-2.685601259725667
10010.524660502246,0.3997956184095594,-0.99661941410187
10049.568831141849,0.48615467726251443,3.038787240512442
10049.57029647979,0.4902708706331735,2.974501667772353
10049.585402977247,0.4795210443760987,2.926905481429106
10049.598313860437,0.4909621600526777,2.766378310687589
10049.62961711424,0.5117654779492667,2.449115409587802
10049.710737034766,0.5199068298726052,2.3318827147805887
10049.890735384013,0.5673929291505105,2.0009095181282746
10050.203288742761,0.6951087169737543,2.082006589900315
10050.528330224415,0.8857137041858133,2.78183135958294
10051.187350518867,0.5623686299563021,-1.8961216907028329
10051.832545466303,0.021576565063977034,3.097264886405412
10055.916180321097,0.6335465942115042,-0.76896352764664
10062.088039538712,0.7742267806338219,1.2091094579619401
10076.781415499227,0.9971781470985007,2.7307420417695107
10095.411385578747,0.90655646815178,2.3451808173135102
10133.180784810733,0.21864571586736842,-3.1089109530356476
10232.78441926827,0.42197611947068325,-1.4245485186151936
10263.053391170393,0.06289260082951072,2.499186259572559
10263.059082675241,0.05898519849324291,2.50625171801659
10263.052534351116,0.0649082854128898,2.4161617164302847
10263.058274405596,0.07530774455346285,2.351847537584815
10263.078256195984,0.08852705553808943,1.8420291313131427
10263.092060928122,0.13577732109180504,1.521265789383933
10263.253427125353,0.2099136229560012,0.7012571968744554
10263.717914580537,0.29057252594875566,0.557210974233
10264.855110242812,0.5208137257986315,0.8056238992628124
10265.842068542072,0.8923922737384936,2.5991248424448123
10268.356897508811,0.10901565807710563,-1.4983394181994754
10270.14603022799,0.9732383061662788,2.8744207285551973
10274.189305434602,0.20481105744822617,-2.4052703127575144
10281.614721594258,0.9986635043506175,2.6644696062459428
10297.8452211581,0.9373813143834432,2.9725622386421406
10334.2006818265,0.3957727544916059,1.3675924108403539
10435.623546162942,0.43193164975725057,-0.7386456174812932
10461.616529785675,0.9353116694200474,2.9153567082636433
10461.615244881323,0.935290389742145,2.950312837850455
10461.615536269657,0.9380295093351918,3.0137060885235734
10461.58765473693,0.936016140661293,3.024047353743775
10461.562791905413,0.9412354548398262,-3.140311113049828
10461.534653457893,0.9581866093681917,-3.029992302783856
10461.48214563916,0.9889530770187307,-3.0574894068457033
10461.365806665422,0.9655484219554287,-2.976713388509784
10461.151514528445,0.952780675448561,2.82060726840068
10460.68310476181,0.9943534057239435,2.9170624283018256
10460.462931968794,0.8518730459981095,3.075258319786805
10462.454428740886,0.6847752815431509,0.08169842829834639
10468.97008263043,0.7106525823534671,1.831834074864636
10479.98565456708,0.07234967394738506,-2.968069794252531
10488.029393127068,0.9956911631118065,2.957585352209989
10529.736478027757,0.9962220663078085,2.869939046441229
10607.829280993095,0.6205963887615802,2.4457693643965364
10645.48449821003,0.9994164120567691,2.2832612953514113
10645.484162207078,0.9994164120567691,2.2660397750463677
10645.478506344236,0.9994164120567691,2.3183721614854855
10645.479858425231,0.9951518588456356,2.2239302239453966
10645.461625952697,0.9888294296485579,2.339352667178611
10645.459010425731,0.9877705467942337,2.5897655124590617
10645.421805557406,0.9980505916938754,2.831948218028927
10645.293920503731,0.9765893327724807,2.540229624644317
10645.108137964779,0.977601032098191,2.948011230316812
10644.720665630994,0.9886239691583902,2.6697704090481427
10643.717527821831,0.957266767624116,2.7861634867850755
10647.021700764795,0.2901531288832776,2.990725653563125
10654.617999830542,0.33359574888713284,1.462121111567039
10665.26839126806,0.7841543771260998,2.09663698707213
10687.331741052403,0.8433636547604503,2.8514056349280867
10724.687007728835,0.3078903608524694,-2.0118986729623156
10803.634328213639,0.9932159084764194,3.0344667815884616
10842.01881045765,0.013519231917906317,-2.6253770064362816
10842.017502325982,0.011626516907923039,-2.6447560645655646
10842.009804403295,0.012527470268216047,-2.6740294658508663
10842.000370187603,0.004117681326945566,-2.6323000231503215
10841.988214302955,0.007049087914270213,-2.4466676739680944
10841.94818571876,0.007505476577059993,-2.562589527614653
10841.878323923795,0.01854050318662343,3.128223423927679
10841.786590198142,0.03392921472412903,-3.08710769803223
10841.567918687893,0.06798053263983245,-2.879841175170473
10841.19639532759,0.0004049815924273134,3.0200792628642628
10843.68543224968,0.6523769917270383,1.7704298826069973
10848.920858798208,0.647068565125641,-0.22456736569054092
10851.673300108743,0.1361657471466286,-3.0435174927243738
10860.873040192922,0.9906028783468676,2.7708804994809437
10887.036193835185,0.9776655730591199,2.5509275972345176
10922.118073820735,0.8602408035038147,2.338444434836969
11001.30119548951,0.7345621055325026,2.2904291449264464
11043.15669022824,0.18101441515914485,-3.0151215187281437
11043.159714463087,0.17897815150113724,-3.0208217522798217
11043.16459199142,0.1815333721869109,-2.99736673160478
11043.179374277788,0.19169406743402914,-3.053073375379748
11043.21014383458,0.17041726401992754,-2.839925089223671
11043.234097962055,0.14823400352043392,-2.9070287511760777
11043.2651211155,0.12448306755069695,-2.7183276034097315
11043.338524167566,0.09183470930195917,-2.6634895842597524
11043.246885919867,0.07826076035066058,2.540995020488328
11044.815379207444,0.5014358427244612,0.23326183661637856
11045.991444889916,0.9956887358762474,3.1045184267243524
11045.016350402435,0.6325638907907316,-2.8167718239075943
11045.158352914263,0.9454907041023792,-2.5174681339439484
11053.305625087529,0.9854584086628903,2.823874135638002
11072.682536319762,0.07400611806843536,2.541455698072914
11113.877920176896,0.6275039636240732,-2.965646992439401
11190.719586478275,0.5168975964617064,-1.5487586495677759
11222.304959586048,0.46258007432059056,-0.12463187283698263
11222.323942019071,0.4600456439673544,-0.12749846305682233
11222.331806705346,0.4534260539792299,-0.17574527380030824
11222.375114348648,0.46247335602943607,-0.15392541536658477
11222.46680106896,0.4487249351103578,-0.012050507341886618
11222.6208488998,0.43002921222713697,-0.1876694102205283
11222.887828564657,0.4177525541551539,-0.19048899910303607
11223.412996036866,0.3787116803903899,-0.034072669769377395
11224.439396409787,0.35664395326278564,-0.08461819548966565
11226.751852285153,0.6262443384156272,0.14799614383025395
11228.133377808106,0.459454888159922,-1.8436744860339898
11230.854679329852,0.884659738568831,-2.08595478650439
11238.264291519747,0.0048798785840453475,-2.4749639992027186
11242.320324250342,0.7605192085639878,-0.8032708467498546
11259.103677041883,0.9327202529251664,3.105245486768222
11304.77539505367,0.04688334833014003,-2.6159800196569027
11412.519123594042,0.5805815638911213,1.1239895727645974
11462.663925722389,0.2666538783561156,-1.1427467817942836
11462.664102479626,0.2660176766963075,-1.2282606032209789
11462.666964814449,0.26492845668414156,-1.2193646044052149
11462.696792853807,0.2430915548867155,-1.260439812427119
11462.745380569007,0.2068143232455381,-1.3508027303841679
11462.82294347643,0.17945374444934759,-1.4701317925380004
11462.896543481194,0.10877671653502118,-1.9802904519135214
11462.9130031602,0.05038153358928761,-2.7489681409927966
11462.687865749846,0.007336336400565763,-3.037714108871517
11463.405230048522,0.31125916087216793,0.5120823012571702
11465.809690736669,0.9902050374424393,-3.123733436394552
11468.690139334089,0.5650474964006483,-0.2307591245582694
11475.505254272917,0.3950635756468384,2.913488149580864
11484.559466748187,0.0988574550454122,-2.601024648767321
11500.375329439821,0.8494914682013642,-2.124537730593528
11546.227412824395,0.7877229130592605,-3.1232770970980597
11623.707458414532,0.2775290970155768,-1.207530996569076
11655.89409284273,0.3978010812294229,1.9638353473244203
11655.905289825943,0.4000611381112637,1.9889805010887889
11655.920559982766,0.40272768959367655,1.9900797653603322
11655.95031983861,0.3966231473454093,1.9244517559205683
11655.998502330927,0.42077590615410115,1.826073257005131
11656.07986580707,0.43024294522105033,1.6266367406104507
11656.31520894771,0.5123356709397,1.13986470281563
11656.881891904917,0.6724637404150773,1.0237427555732967
11657.2053495591,0.9690952244094647,2.7250003009630763
11656.931950334987,0.8364260463923486,-1.9852105561520885
11658.619773832808,0.9203403634168142,-2.807176177309875
11661.760890681488,0.944536546804452,-3.089902113712557
11665.598132245726,0.9136250952037823,-2.279824983515118
11672.674896371804,0.4483683136325974,-2.695941793417433
11701.309202771014,0.10835545891220882,1.5719675120146386
11746.706261590618,0.9898961626299453,2.8241610423875
11820.893226976228,0.6393717609809759,-0.8801287441157095
11851.356122749376,0.43335838903320323,0.34562191832771694
11851.362826417262,0.432053881572837,0.33709292286017556
11851.378994946468,0.44131403244487916,0.3403029593523734
11851.407338456174,0.4383576706088724,0.3524455042746739
11851.48284383229,0.44383700660496933,0.21885582359930789
11851.650458633096,0.4380392520862602,0.23002815218618045
11851.94167032417,0.4403695456539851,0.398208156083935
11852.553537859618,0.5412129833014727,0.03633200445912843
11853.59610769141,0.6953491773362156,1.5811877742998668
11853.98583494929,0.9244929242227989,3.0610460509295763
11853.528028389628,0.9758322401342471,-3.0192405918948
11856.39183401902,0.7189393278628249,-0.46520222802620737
11863.343586950075,0.9968518166054501,-3.1048841867564176
11870.861655850047,0.0069726187830722215,2.837843748018935
11898.126181605188,0.2969813700990489,-0.5673282634452557
11935.658915226044,0.2147447444961554,-2.7254753166055186
12025.89894769906,0.9040707695585654,-2.9661043328724293
12072.462933284844,0.005593452572580531,-2.792193340553783
12072.464946674369,0.005662494419243288,-2.778729209490105
12072.458561336376,0.003994228194000867,-2.6815702383097264
12072.45021700516,0.003400883710209662,-2.737218747641338
12072.4142050418,0.008180521886761681,-2.600947894132343
12072.347989986194,0.0026204368179454825,-3.081042379053584
12072.283223326138,0.04722801379103363,2.7325922093705426
12072.353901513678,0.19891606939974588,1.7508626649767063
12073.322212300931,0.42814323232849516,0.6126506192518772
12075.344390214688,0.8187088431258036,2.2803573361302227
12075.206643512389,0.7624684248456921,-2.334490945054441
12079.221241400877,0.7291964389727513,2.547894166975338
12083.16399047767,0.9908099606084237,3.027155710755655
12093.930222561765,0.13489878091848503,-2.8094047949103502
12116.86085091099,0.044556496534961715,-3.096871705112695
12152.03681754856,0.3245544656879481,-1.104732920243416
12222.448253827502,0.9661462673685616,-3.135671181202128
12258.921131558596,0.6141814685091842,1.256517320386707
12258.925882095933,0.6155289842140035,1.1680375066919915
12258.948681114623,0.6110804241552518,1.2224037589193184
12258.962210436544,0.6119151340231292,1.2422070907027223
12258.988585840933,0.6260426258328494,1.1898480156929487
12259.081352601233,0.6677065238768899,1.4467262366542721
12259.239652039398,0.7010490254044526,1.8827346720981772
12259.419232324039,0.9006478679139739,2.7087412567279667
12259.215398824363,0.9999462039241351,2.8321225621697197
12258.683187417793,0.9962639079349873,2.7667637803316527
12260.173944532622,0.20637223960465015,-1.975927623015609
12258.777944485557,0.06977969679945366,-2.723890042055361
12262.681300673947,0.014974388896659334,3.0691646183136356
12275.609139085202,0.9988211071753436,2.6256121210616534
12294.488580119672,0.009005875391975636,-2.6293752777763584
12332.47317875459,0.5060289181145425,2.3941011818302522
12427.250956424323,0.9733209484049605,-2.6809660480312902
12460.75231620989,0.45653169253101755,2.423574521480859
12460.768351505267,0.45737031608336526,2.4196641535102117
12460.786314708352,0.4544098818504911,2.522867058764982
12460.807836043,0.44607774933952243,2.633316820984076
12460.843411562159,0.45994719019827623,2.6042131056915903
12460.9467697704,0.48162283622539587,2.557679178588061
12461.120027220413,0.525747253366182,2.72196017809153
12461.469404937749,0.588975412127889,2.1516977115786524
12461.898783977082,0.8482644756300713,2.7708375647009866
12461.708091068977,0.9635594829539982,-2.763992617735549
12463.466213002284,0.004687663528453241,-2.8719206996882067
12465.09172402224,0.6350405999930101,-2.5676771076069476
12473.438682289981,0.2231949500994205,-2.6703237064799925
12484.214921433562,0.9954603057667051,3.130996061771828
12498.70491938596,0.4022713798570382,0.6434223711615696
12531.350777371581,0.042440591290835966,-2.109467218103789
12622.006426447077,0.47029883035009806,-0.3878546509339569
12641.00670854455,0.9196765332119303,2.7658902833583863
12641.0108244604,0.9286738881982735,2.756962594731247
12641.005048111983,0.9226008226205515,2.780615482256481
12641.010747179635,0.9212449955807788,2.694595332993183
12641.03001798587,0.9235642562037741,2.6485758866676488
12641.045478484513,0.9915315514055596,2.5828766534294143
12640.970175915078,0.9849724893705393,2.9221467295496737
12640.797953592304,0.9811672557356143,-3.1226430542459394
12640.5057060821,0.9882618137156479,-2.851414413139119
12641.781024673484,0.7009110320743833,0.3587109591750277
12643.092243365847,0.650077676738819,-0.03192316521225669
12647.35165736378,0.010210997298403614,-2.877074596268039
12650.6110506361,0.6543586723442871,-0.07614663442855418
12654.372392516805,0.5640678432370336,-1.0929682012941901
12673.41194977755,0.04657110628031293,2.9009593280525765
12722.878066468804,0.14255917209883648,1.814155757572288
12820.209244228383,0.049351004070013436,-3.0704502573433112
12864.086022190677,0.8259455865007432,-3.136671196179062
12864.088378592956,0.8287781589692665,-3.088278414017451
12864.091624223996,0.8224768879061487,-2.936753783295291
12864.105904101743,0.8268584423221299,-2.8278290867902682
12864.111458229316,0.834076622748055,-3.007819534475232
12864.12177460482,0.8188888545066578,-3.017748555531974
12864.186040518209,0.7828521961300031,-2.9577292459270725
12864.328629748268,0.7478138598481419,-2.562519193875776
12864.916508954846,0.40890067077567904,-2.38133398494728
12865.699480067255,0.07797947633104642,-2.939843684880306
12867.278405476838,0.7651754583985081,1.4469927836324024
12866.560304162507,0.9710171820339448,3.0921033014413
12869.339355561773,0.36690217473820685,0.3154771178388849
12877.293076807482,0.004751445276399979,-2.8858536892503506
12898.010929166927,0.1317062611024032,2.737224062809899
12934.270120485698,0.9567017433155035,2.869131851462674
12998.25694319595,0.846792795414778,0.849478124826629
13040.488945561758,0.05052215562490778,2.720943671869094
13040.491059789425,0.05423899912172309,2.6755074139557538
13040.486414684376,0.0563504253300507,2.596586340149317
13040.49808583917,0.07154244665524352,2.4787198641104675
13040.480304174327,0.09422029590257273,2.3484576955010183
13040.46414999438,0.1350416230637759,2.2326540015896335
13040.579729406778,0.20131343404074378,1.6351645143297588
13041.001124560664,0.3375360624802991,1.1503340816618728
13041.877157053319,0.6651451116964052,1.875137945036209
13042.097786012686,0.999974575938827,2.7998583186843202
13044.995044482828,0.26192442837168484,-1.7895310269166878
13046.021873378815,0.3422063610231996,0.4967524020798484
13047.711069000752,0.02241814911791756,2.968774804775057
13058.881063380097,0.01407703748051532,-3.086772761842305
13074.074880432767,0.8393809370598123,-2.1795809920877804
13124.41681874405,0.015851947843623197,-2.424124670466625
13197.886790702327,0.8619788335303792,-2.3119347368086953
13227.588174725232,0.3133635926209201,-0.8859828167386725
13227.593932282596,0.305695942812878,-0.9193683598814362
13227.607048677803,0.30794814118128894,-0.9371681864508403
13227.626130787028,0.31161910748711535,-0.8706645725865223
13227.679493634949,0.31335872866928116,-0.7633824419703239
13227.800811116733,0.27062389494320055,-1.0646564710901925
13227.978887227204,0.18333623137020244,-1.672985743280193
13228.060968903628,0.029728881069052984,-2.4956023157579237
13227.814960712243,0.007435684641991382,2.9522352754021277
13227.315560538833,0.05648509633589134,-3.0083159664304637
13228.471024761711,0.6697909563115999,1.5661343154904568
13231.999505481415,0.6619016777003588,1.8746034244000134
13238.754234930346,0.047823805467227386,-2.855560156272404
13240.479133388933,0.7508712098481538,-1.1299468903623229
13262.466731766408,0.15928446621337328,1.1809727622986763
13304.414036196193,0.47800499866635854,-0.87658036374622
13395.895052941654,0.002622016163163653,-2.815473450234792
13430.84793629504,0.0587190806790709,2.4412607001018625
13430.849949272442,0.06179174207068854,2.3555228130659946
13430.848474251758,0.06481151983390081,2.268256939925987
13430.854283679506,0.08484373593223006,2.2812331764349123
13430.857715862056,0.09159826580323843,2.067996462360936
13430.924501591564,0.12213124850953605,1.7295225348696643
13431.062261030162,0.20250862564490615,1.354415079043724
13431.507888646991,0.35930152248619124,1.100080191750651
13432.657536684581,0.5854162095206249,0.8935822937216864
13433.868419922417,0.9978546317534975,2.949613147162136
13434.328486407485,0.7145570333279726,-0.16752141273067123
13435.181350891871,0.017465052725435935,-3.061358148026468
13439.678334010448,0.19656075441818519,-2.713237691373925
13444.117479526956,0.0228622366991022,-2.787643865206318
13457.77687804021,0.2556704875056125,-0.17619874223566523
13492.390536790936,0.007081818171842823,-2.7596147929769925
13568.689006383167,0.016572115712790384,2.887540825216444
13614.001136347082,0.4381354462087766,-0.17005340037950978
13614.011611145928,0.4366292957950384,-0.21058472036226528
13614.033950403998,0.42889137837155594,-0.2152013057782236
13614.074123590484,0.42554162778509386,-0.37532413609629245
13614.133431457009,0.4329325212599776,-0.33715009422892495
13614.261079088594,0.4334680221810236,-0.2914892170943473
13614.54307019684,0.39037763908211215,-0.3858097295576779
13615.169112715605,0.36118545025743576,-0.9256772397004989
13615.562824156314,0.00402924447613766,-2.6858468357538383
13615.015022834019,0.05059919548706389,3.040385246123825
13617.604618905423,0.9945083396089285,2.3715837651781246
13621.065751966538,0.3798783582360399,0.5904436083449447
13630.221594485763,0.8283421650187078,0.19411582115956882
13641.326698098717,0.8519004962652337,2.3130352207556877
13660.913980007164,0.9504029927357038,-2.9762635962685975
13712.516499672334,0.6506045068530211,-0.6842139658254687
13799.99854713588,0.003285818845479441,2.9971027576677542
13826.48722535678,0.9859786354880541,-3.1249661085648643
13826.491628251877,0.9806321263828855,-3.1084930829052992
13826.485702714275,0.9927015022647319,-3.1284446680884237
13826.466938811267,0.9815501396544957,3.1112742244018676
13826.465127391908,0.9908262753215302,3.1345679036122824
13826.4312990092,0.99847904487548,-3.0229245462146843
13826.354506336218,0.9532107647884068,-2.8897794475723697
13826.374904023778,0.8851441245914516,-2.925828682214632
13826.381043173677,0.899258947395898,-2.293202651648117
13828.09788886901,0.5714694445917762,-0.9969891315453099
13828.896163948066,0.061556352224452784,-2.7750194801765744
13829.891714199533,0.8777533755628087,2.72451736349643
13832.741926353407,0.9993261162402616,3.1393223756323634
13837.58665622206,0.3095544578759946,-1.7734955456402979
13849.967112247954,0.012783888920265763,-2.9960022942391746
13882.146724814278,0.564901529015631,3.0125942367031247
13974.427756382454,0.006283191569010805,-3.044530396673508
14005.361999587241,0.7088361640531223,-1.4393213149918604
14005.372640659683,0.7066717840556311,-1.4852497869235473
14005.378017343874,0.6901073219537873,-1.4435500352537463
14005.421191821028,0.6817891576189233,-1.3513420569081205
14005.478762883688,0.6552901096214373,-1.3608550190541164
14005.614255759823,0.6142155961781152,-1.0128802128285925
14005.917247769268,0.5464777030754971,-0.5992894393498527
14006.515533987116,0.40966777232631435,-0.19907053953571818
14007.621687797446,0.2842469442007305,-0.4652625235677075
14008.173800329958,0.011648289971694922,-2.775049032824884
14007.688399900102,0.05298267904494793,3.0676449379761825
14011.350548772933,0.39610716529305623,-3.073113362220464
14017.636768402897,0.7130951116461699,3.0385319014429175
14030.214737892828,0.5450535301603359,-0.14608350495878408
14046.232739779043,0.30252409434740224,3.077943170450742
14095.661882686456,0.9736868018516788,2.94880391836133
14170.54448508846,0.9665702668018074,2.960303000693907
14216.090230434083,0.49413845731127015,1.0270579730899811
14216.105438351957,0.499161823520592,0.9894499235368626
14216.117397829894,0.5011487771563194,0.9007066867684896
14216.1600264447,0.5057677491808292,0.8439870704660044
14216.2305712033,0.5265883379901442,1.0265127461644816
14216.379449696335,0.562191560043491,0.9467465637074435
14216.66916216734,0.5783057584846591,1.2149368481167215
14217.021765869584,0.7925764251587825,1.8465420951893403
14217.068975731869,0.9943374628426698,2.451287384841107
14216.483871172086,0.9901796656959978,2.802965617251801
14215.695875557325,0.9346854639303186,-2.402238840115812
14217.631585756795,0.4074005860769606,1.494383387019349
14224.927683778289,0.549426532448558,-0.7944143766142235
14240.830595736808,0.9992335198413378,2.8515507945060614
14257.68776931534,0.9595399549630158,3.073702651950436
14296.63688866918,0.9999434246624305,2.5919922957384003
14371.33720419051,0.07100483722244434,3.0081327364717314
14407.710600473409,0.0003472446594859083,-2.8288161282431594
14407.712061665057,0.0003472446594859083,-2.8513766301342853
14407.70347221959,0.0003472446594859083,-2.885119134262504
14407.68645232464,0.0024113382237547637,-2.9165629926130663
14407.678008928533,0.010890177079663417,-3.1230874941387987
14407.662119340075,0.014477408944912798,-3.135159434828043
14407.581288159929,0.03196463121772383,2.81640313809441
14407.54507106349,0.08227255195530168,2.6934223973239515
14407.925744712225,0.28297182627869216,0.9649833733271871
14410.264202744354,0.5651321174597456,-0.07537789521257832
14415.077405472595,0.7614049709840577,0.943631176186221
14417.49987753922,0.32828026500188995,0.9949533290954644
14424.761726841713,0.9217890671305339,-2.9802077904035023
14437.609806657216,0.3541874564554474,-3.102525507244061
14462.025250753348,0.45512083499458117,-0.8125853707597361
14503.73173620187,0.9405425326398724,2.231518728098509
14592.023376408595,0.8025968992965763,2.049409464518818
14630.637085333032,0.5552477307569006,-0.21280202587573438
14630.643707039302,0.5528800043811233,-0.1890217297540877
14630.669125367964,0.5400193399788691,-0.1501169265046145
14630.70455446178,0.5378723717644381,-0.24259969518248958
14630.782396317933,0.5359877579458814,-0.4466872162439435
14630.942426652156,0.5176967213338607,-0.3120911441605685
14631.206231657388,0.49014813008503083,-0.3959970757943738
14631.812985896211,0.4403356683390017,-0.8805420955432357
14632.530480427,0.16664382845812414,-2.5221239757941842
14632.554355029524,0.03175616678509776,-2.981661208330419
14634.108278546684,0.9759501553612447,2.7108889502889717
14635.681871795574,0.00416894339607349,-2.842134802687193
14642.790959245694,0.5268362773492405,-3.0108854253270247
14654.3574938176,0.3071712339881683,0.21750203052009187
14678.192390211401,0.9413852692669802,-2.7606631722092856
14717.108280177277,0.003022370049012569,3.0392413299478687
14784.782400122156,0.2108715299263798,-3.1315278209625124
14819.687124027765,0.4049148922259346,-1.0346028773291192
14819.694027497193,0.39741768946856587,-1.0061584701710546
14819.709032864026,0.3865009636173322,-0.9916189966706241
14819.743502228152,0.365906991409292,-1.1085588324749862
14819.794711248393,0.3369792838041301,-1.1211707873426056
14819.91334928337,0.29280576716251255,-1.1931997258891809
14820.089652725614,0.1906225055084664,-1.4741437740629033
14820.20705067488,0.051221214908277544,-2.2677108888681916
14819.99478577407,0.014734014416387407,2.4920304640526467
14821.468783189728,0.37018249121306174,0.1810458306626015
14824.5725163809,0.0015614651093985672,-2.651289414719719
14826.15105347019,0.8475191698031891,1.871027940291091
14838.347386685018,0.6944771059814724,0.11234040002268575
14848.678529927567,0.7320379146577609,-0.21821172819476953
14874.93993621364,0.753525615375764,-0.4882264191634267
14926.737007133288,0.29922191135453585,-2.130709619990412
14996.36189702134,0.08718194323733851,-3.0215496497410097
15031.063696452995,0.48214066409166934,0.9221143864702732
15031.066171465938,0.5007175775257826,0.9357376992503257
15031.087142554965,0.5072553713996519,0.9394833918989036
15031.107790172757,0.5239980959395287,0.9871394969491369
15031.156767985385,0.5552818509682974,1.184539781086178
15031.283275084892,0.6202324393779636,1.4822545990946114
15031.505914802903,0.6882485773724828,1.69480026684308
15031.762930303386,0.8600911465530666,2.506699480746253
15031.740498129886,0.981926426324596,2.803735369810778
15031.27699747401,0.9646182639226933,-2.9014088815824657
15033.67806296085,0.1382068477865882,-2.375874536446605
15034.93080955724,0.9060643268615742,-2.531869302486247
15040.5953510384,0.0027639808384537783,-3.0164945290899086
15045.897262250002,0.009428037627309763,-2.9537705809219914
15065.246060168309,0.5028722726907346,0.2317616230315891
15117.83603828136,0.164555642215331,-3.0815108756683536
15220.649541886694,0.3092185782696902,-0.9382817392123859
15257.517089718853,0.5896878298794671,1.5720505439480368
15257.527253666876,0.5960330065737354,1.5509355995143315
15257.542172915313,0.6052529381572284,1.5763565174425498
15257.562277844805,0.6182482207095678,1.641028006924567
15257.618155114387,0.6329317853853952,1.6433613129962135
15257.69590233833,0.6871035274906618,1.7985662913038096
15257.800532551051,0.7330701620923894,2.0918149543650486
15258.002690741927,0.8132746992032373,2.513504543083182
15257.958597803501,0.9719472165745481,-2.9021608033851662
15258.95354759321,0.8625651771854436,0.09859561613677714
15258.866653359544,0.9617941294270568,3.118469704957615
15262.55172997869,0.2669575372590153,2.381884166561859
15269.053755573777,0.49337109352753994,2.4382993340212824
15276.3421751316,0.014170317274808832,-2.6877858876403695
15298.671917802025,0.010661816773231464,3.0574716885819013
15337.4378906079,0.3377690606444539,-0.19859535680270302
15423.565396964668,0.7289014695496984,-0.7089974736384841
15472.273610881277,0.44782562635127904,-0.20763671304689657
15472.286059274265,0.4566609580296356,-0.1873258524647179
15472.311662557038,0.4603939831152918,-0.1349914087601829
15472.36836852744,0.4561268023805283,-0.16744423926796115
15472.441177560755,0.4426323048508258,-0.057351961037209076
15472.570509874746,0.43885994019114405,0.15605269228112784
15472.890353620824,0.46437760601288663,0.03571144272177573
15473.538427851961,0.43819553978402004,0.14228672904997408
15474.755530349996,0.4903438713854955,0.12983993415124973
15476.529143285876,0.11354793971581685,-2.146303477752548
15477.869692376666,0.4679237130649915,0.5237878397168219
15483.046844687811,0.20016062741715493,-1.8010946390505203
15490.706523959017,0.31909606946339836,-1.1004960889395834
15498.739042277959,0.06897143607795313,-2.996805957726222
15525.395792612642,0.2782411283331825,-1.1504789628905672
15565.566446927776,0.9647386534650637,1.172083577694945
15655.540414435589,0.6460321521227917,1.1771119979105489
15683.642511232883,0.9990020149722807,2.4396245219211874
15683.629525382321,0.9963055252281162,2.467288536894192
15683.629148099797,0.9986855748855986,2.505226737218374
15683.61947083867,0.9994365446495866,2.5091159413187345
15683.597866398517,0.9997724587235244,2.505835430903822
15683.579546179937,0.9988356729222799,2.582792485430538
15683.532975277149,0.9989762602512572,2.714729939334129
15683.297894624544,0.9965693422321057,2.4670525288511076
15682.982637710451,0.9972703107524894,3.043170549548532
15682.39915221334,0.9738603161966257,2.7826118729715237
15681.239244591357,0.9845592782313998,2.8116234198684973
15682.223246802325,0.6548214333318065,-0.3548644559653451
15689.733972931825,0.9848484735998825,2.931225247789956
15703.470843502795,0.5082909086734908,-0.22516004165572223
15727.799058447066,0.8129275826810579,-0.7659977829809463
15773.938387947419,0.004960768003135123,-2.409362213416382
15831.778381834145,0.03061812601362248,-2.6180365403085997
15856.064922075542,0.0434357313132908,2.808486226935269
15856.066957053192,0.04322526553223913,2.7406241311167854
15856.070371162847,0.039078135322820125,2.675011880522111
15856.075888081945,0.04301862930562429,2.5681835246893385
15856.056780758283,0.044516250411867644,2.44968741136133
15856.073363086649,0.09806636101470716,2.0782849989956187
15856.160355613787,0.1898485671374604,1.517788794641337
15856.56573848006,0.3259922850279126,0.38011639754547355
15857.607635722594,0.34133717883477144,0.15463636137002235
15859.77959950817,0.6884514846458462,1.5659585244443486
15860.771512587118,0.32693669446407114,-2.5956321765024564
15861.408375963347,0.35081356437512856,1.7037317796310152
15859.944481345843,0.9357605673063992,-2.8818742131222006
15870.937709604972,0.528743220687367,-0.26614357967323077
15889.307120839492,0.9823864260241116,2.859237892372434
15924.004103401778,0.9935610578878684,2.8307230339533866
16005.99227935444,0.6025326031034497,0.7561618059919235
16031.053944308538,0.5801137413550116,-2.404022887621401
16031.05726702296,0.5730045874001093,-2.447441341202006
16031.061812346046,0.5693478619540183,-2.5372511774124975
16031.078735257368,0.5408873023147059,-2.6229641275766293
16031.121222491573,0.4989252937661979,-2.682338130294993
16031.21089490804,0.4955999137919703,-2.5096199177117215
16031.378778096298,0.45753164624696646,-2.5303866762885896
16031.677785161659,0.3715521947726759,-2.523816446529038
16032.159126197212,0.23529514448076042,3.049898229192995
16033.337018965816,0.6250218169878304,2.3187492768902676
16033.686767727066,0.964715304352194,-2.2569770746359294
16038.00631588844,0.933506895970986,-3.0456982667533077
16045.946776306679,0.7770788953685883,2.3410078309425995
16052.623893588752,0.9996609939632323,2.642854243194834
16062.98513736795,0.9797402374061464,2.7190315114666985
16102.064131233517,0.009251589897439395,-2.6986526426265605
16181.557195198347,0.22870866439128532,1.4732078151504115
16227.484096554082,0.719873018189771,2.354691129939722
16227.486663580046,0.708766334846936,2.3110466370686193
16227.498310641065,0.7156574358496539,2.4234495632700934
16227.507441896707,0.7443127041043341,2.498841298483968
16227.540447544134,0.7520368085534787,2.4945192855187726
16227.61537100696,0.7391197307056665,2.5485499754816843
16227.732200511828,0.8096502396717441,2.3019019058473624
16227.660303795898,0.9439348116813704,3.087201043425825
16227.485438440037,0.9671598229480447,-2.8695893919278097
16229.115902075939,0.4259258040536395,-1.5636786822261473
16229.650159901901,0.19889632763179535,2.424734572214927
16233.955796027361,0.31599505019917906,-0.11664018860142766
16237.487323397027,0.25020254171807615,2.9942127476215203
16251.25160588823,0.041029875380783856,-2.859528343747939
16274.31389146581,0.22637253209276725,-2.660718974907851
16321.370817808101,0.23977699702136365,0.5164913238568092
16410.012981529366,0.5182414674016288,-0.10571276408311236
16447.849361699853,0.08395167539230956,2.467413472258988
16447.854510134897,0.08389654365864396,2.4816827577839167
16447.864812465334,0.08135046939499581,2.4161428349015743
16447.86837708685,0.08693551314284892,2.4330968710932037
16447.861768652987,0.10884128319150907,2.379413957508378
16447.878587357794,0.13530594173863794,2.031957106948952
16448.04108763906,0.24648455139573747,1.3653755229780344
16448.535347798464,0.4088724334392871,0.9051442587862057
16449.448705917916,0.6061091063917237,1.4914560600663682
16449.915809680504,0.9960405734556982,2.6596515937471104
16450.619621436308,0.5979281769356362,-0.5005002707625232
16454.013614057993,0.4092791470617231,-2.0675818242998556
16463.62596348064,0.14023330404414214,-1.9507466287999715
16468.863486754046,0.02496134955677381,-2.893164027511003
16490.069197436515,0.9798828616694295,2.934069118311828
16526.252275462768,0.15476279425053233,-1.6297463316028298
16621.734638360198,0.9560755764900108,2.7199259128101305
16650.394778958413,0.555336182991918,-0.3092689961185995
16650.40741707439,0.5562131499515092,-0.2896812112859344
16650.426262842382,0.5609748740742035,-0.32519757677845273
16650.46616224428,0.553966166786097,-0.3219428592438307
16650.552284681344,0.556319625929416,-0.2387613445142347
16650.69737238884,0.552468428294024,-0.2227521156970207
16650.993291432867,0.5814929716183952,0.2750642528390581
16651.658713159817,0.7300657126339012,0.7769719354401583
16652.008927444578,0.9941519449978232,2.6105482550323487
16651.483229419162,0.9858510405335816,2.717024604922143
16650.986537478275,0.7454124644243828,-2.5033792288232872
16653.15120929278,0.881657403569577,2.8952349147512866
16655.908370064055,0.9946884868086187,-3.059684049264747
16664.831271004896,0.7203054932764497,2.867790691956497
16681.17263577472,0.20824276809975736,1.2141305834826568
16724.46028016618,0.012509486141601762,-3.1128464000480083
16785.375997175634,0.45516392902733005,-1.7634085946263518
16816.331703000105,0.5899974387926602,0.19060536810760498
16816.352149736173,0.5891800069351284,0.16427033940478086
16816.36800202417,0.5902913453248559,0.1535708802183109
16816.41240439612,0.5936136060312711,-0.0018502350375979582
16816.470123523184,0.5917583356658801,-0.1663260414601866
16816.59801910785,0.5711876090762822,-0.43989291749501724
16816.904077264637,0.49193887592737034,-0.5941155647041763
16817.46454466875,0.4062024825082944,-0.5497272796155106
16818.5218433041,0.2945709325979216,0.24640376460098778
16820.70114920564,0.4043713870897103,0.035754697651674494
16822.15892760552,0.9915601876204351,3.121979903452699
16824.028778057,0.006929782137815348,-2.8526014329782257
16825.026734083265,0.45935444429492184,-1.0035451106929671
16832.492813975605,0.9646462946904596,2.5458339732758883
16843.90422239154,0.9867520611431826,-2.949341286705718
16887.250976848667,0.783656968135962,2.5130321435499425
16957.90297444992,0.7455419203316302,-0.5512172341897394
17004.26257554068,0.6974586952041811,1.2212874238463494
17004.26826525874,0.694268883410473,1.1207994393067366
17004.279942277793,0.7033111713074534,1.1037111438089644
17004.312754873914,0.7055044308371401,1.1883278676040199
17004.378849728782,0.7155735137263336,1.3368935753371574
17004.493716212288,0.7394699988226234,1.6243180483946622
17004.67725162628,0.8233202962679866,1.9133199568638473
17004.77298702456,0.9908548548903503,2.431004213125589
17004.500857093324,0.950575432072171,-2.7356263993108465
17004.99836258184,0.6894214543726674,-0.9215164907576225
17008.26833945437,0.08394281174835216,-2.503260261511279
17011.998666350497,0.23223062443470155,-2.566516939066272
17016.916476060756,0.26653353248998274,3.1412437187028175
17023.64240420087,5.627303401338165e-05,3.0763925432635855
17041.847724653166,0.15075424200632656,2.7274051686426724
17074.871091541812,0.6338034522418522,1.5438031130317187
17155.18043713238,0.9673698265998284,2.8296046189932653
17202.41186863004,0.010268079277914514,-3.054360126290082
17202.41538181247,0.010750941756027928,-3.0354148606311924
17202.41911141286,0.024193164494089328,-2.938272484378172
17202.412576064697,0.01811758162990388,-2.900356471543213
17202.387191929898,0.020787326665197406,-2.8713502297558353
17202.37693346577,0.004824684395930267,-2.717163325319901
17202.314541934593,0.0024971656546150718,-2.8589776982070036
17202.19502741047,0.08123924305855658,2.956870475591173
17202.026750001496,0.06623790635271873,2.577670522517904
17203.535209826106,0.5002318707378435,0.6626156903226121
17204.929276572297,0.7254786604814487,-0.5930661466735065
17208.746080313427,0.6691330714205587,-0.2570429098855507
17213.510837310863,0.6829041581061467,-2.000421467881503
17220.927285003403,0.042988878687179106,-3.005901744616981
17229.719717845397,0.12279100577195001,2.3758350762667915
17275.44729289917,0.1806532967433412,2.228466120545731
17345.26992075626,0.942371674349943,-2.9778985939502833
17377.30334818982,0.3432651725369661,-1.438261121596251
17377.30711743653,0.343764080482595,-1.4930005390856187
17377.319884949164,0.3310761463953602,-1.4331853439500855
17377.337300513995,0.32375738279042654,-1.4445200080818266
17377.411296461236,0.2815307108732706,-1.6457364700298214
17377.484008770505,0.25436124045351755,-1.738303324324566
17377.591438178515,0.15070615561259465,-2.360468924521982
17377.59963970043,0.0021963184042328625,-2.9888551814526436
17377.55807944828,0.14199714820281545,1.963295314983954
17379.41282484477,0.576859428681057,0.9504524787200337
17380.68376194694,0.6212491172791899,-0.8388679143660998
17386.06010464192,0.27120350769494944,-2.372452108930546
17392.275762244062,0.4883733126424181,-0.6993307022234863
17400.292592817583,0.22123955456015962,-2.321254150843255
17430.073068923622,0.9754734521384337,2.9070537023698533
17467.356883996577,0.005373245087590096,-2.787901810957792
17550.117762329322,0.22202492461118795,-3.0078955050744502
17581.49298339374,0.960257824941311,-2.823300342835117
17581.49016311462,0.9589754418183343,-2.7881058957013356
17581.491988087713,0.9581971490462556,-2.7509162584193687
17581.484934190645,0.940018742880275,-2.7015882130085824
17581.470344757956,0.9330760820979489,-2.5889113703763007
17581.483997177886,0.8819051795608089,-2.1221889387702575
17581.55515045621,0.8065332354230368,-1.5279334456986169
17582.032321951545,0.6771113641604883,-0.1911669665115001
17583.15435631458,0.7157498210603763,0.03049548551068515
17584.1545255315,0.9987622605039991,2.5573848532331382
17586.774071984117,0.305915024816796,-1.5295418431461856
17589.333718587408,0.9998680354796349,2.5621544562292398
17592.375362419818,0.9193069057746224,3.13256838724428
17604.2899310358,0.9988179854176711,2.8192181536742993
17620.94275580254,0.9250188035342314,3.0098715920253696
17658.899548436544,0.11840979752482647,-3.002792957480814
17750.96541574993,0.2102080888901903,-1.2302222997262515
17785.451471177912,0.2103178110438498,-2.118062997087095
17785.459047138644,0.2011665259455583,-2.1134485921206823
17785.465622933567,0.20133022410185009,-2.2920224911088187
17785.480909331953,0.19119071252709124,-2.3393076159130506
17785.467247796623,0.16379078936641617,-2.528971192210397
17785.48525087561,0.17521521593671613,-2.6565624237168537
17785.559812053245,0.1731242964583226,-2.7925012750358182
17785.578161962603,0.113905989736583,2.804638806394136
17785.982327716134,0.3711860937372825,2.1392307653056886
17787.670560127597,0.8546292861561002,2.5807760491813374
17789.46914189066,0.35499341221923353,-1.1182496823273858
17792.102574297198,0.882380949584196,-2.9914657004986935
17797.920770586148,0.22487234643338141,2.6491409031239623
17806.372827103125,0.11262840005967703,2.258371187906401
17833.003503853764,0.22893220849139406,-0.9565082130608404
17869.906915896587,0.8586681924198555,-1.0448928195483833
17955.10985635131,0.6572711300098819,-2.8046019605519072
17986.588582137872,0.9788774161903886,-3.1161880120546037
17986.593871566773,0.9726543603069929,-3.0213304175824063
17986.587358738518,0.973215579889207,-3.048753248865294
17986.59082018825,0.9756328901354127,-2.914228453854629
17986.562440586178,0.9899466853986749,-2.7600857070663025
17986.56689421291,0.985855198938896,-2.8516989926088407
17986.51503474469,0.9690334357011823,-3.055134563472155
17986.442048384983,0.9276148605337932,-2.7235852472071875
17987.116314331302,0.6821806835345244,-0.4424700949253566
17988.77245677227,0.9330517149134095,1.9753246102340958
17987.73741096217,0.9819832875177951,2.9846102203155898
17995.166239970084,0.30612927631683673,-0.8667193918434908
18000.873176904614,0.9245660670546993,2.9328889531139417
18010.021195653626,0.641784057894112,2.7569501478740674
18031.26516272767,0.30469350240779614,0.33129357238990265
18088.298205922347,0.5299889171857318,-0.8722791029738168
18161.297282438834,0.6607072958044058,2.989361245667955
18196.497012009575,0.29452914214611764,-1.565321032726571
18196.503998540244,0.2890196576936897,-1.5560707551442237
18196.522708956276,0.285195371295108,-1.5375837999095807
18196.528788116233,0.27659261610316077,-1.5599486645757845
18196.565486050164,0.23484735582869998,-1.6324140244547984
18196.651196085913,0.20665480726600063,-1.7599664078923385
18196.747450162897,0.1510141866833365,-2.079775253922648
18196.767179959174,0.012640153412558836,-2.7107731684408183
18196.493161782077,0.018579362213476253,-3.019085312139677
18197.112615114333,0.5005012106355106,1.4833473298864455
18199.424014474273,0.4696747408522428,-1.0282182341617574
18202.785178103422,0.9082566678467338,2.2872032453746582
18204.220566611773,0.16317512189620978,2.028163517158017
18215.362039559648,0.27937841753368886,0.539867222459586
18237.336641404003,0.0040966993529921135,-2.8917201430459576
18275.73363988056,0.9952894748179835,2.695884325296242
18361.6474146742,0.01885212018436682,-2.8016130763289326
18395.192298965405,0.025443944200679625,2.7473825307184416
18395.18988676994,0.03305186656333987,2.7868267522204775
18395.179386654323,0.04365681711028891,2.8895792385271832
18395.18445021995,0.037961755165519744,2.8981016428783564
18395.162583235546,0.05255306058706468,3.0729934214829973
18395.139258403917,0.018923406894500668,3.061660245575231
18395.115943264344,0.0648867306023611,2.612381075151574
18395.234468616894,0.15896739991980685,1.3908625540175814
18396.140282813987,0.3815569714483798,0.3378130606712526
18398.41920662399,0.6389346927167355,0.339453588375056
18402.31651426048,0.14913077423702745,-2.114479465992061
18404.68475924337,0.7030472594974799,-1.1665492458003865
18414.99482017541,0.9871355221610889,2.5801263441918305
18428.020703302715,0.808452427967854,2.0972361018093792
18449.57464305894,0.09661357149442801,-3.1227116099425327
18482.519215110337,0.007010510469927395,-2.825543175661936
18562.28248842203,0.08205551406432685,3.1179582026112573
18603.67344062647,0.7289225649902374,0.9115614013366207
18603.685072046323,0.7315388771287387,0.9065662367174232
18603.702104429714,0.743308136075238,1.0490061623315245
18603.719720833666,0.7600298040856364,1.064961239796986
18603.76760817365,0.7727048784185923,1.1738117940554353
18603.83585865383,0.7904945671860012,1.2795273989647766
18603.975221559976,0.844797049972706,1.9975913501431126
18603.94949580039,0.9567557279380864,2.620409776955902
18603.633397653975,0.9780252827804229,2.6936491084135543
18604.203254770426,0.6843493135203039,-0.3870314242890367
18607.663797637342,0.11363607184472342,2.9829152274275677
18612.635972026816,0.6195748872193383,-0.3629900375638746
18616.32676193129,0.5128871593720247,-1.0293687877004039
18630.225725049997,0.6084916551949398,2.2651287920528027
18645.70284153872,0.9740662131727827,2.1972927158693114
18690.51355711107,0.6891122414942445,-0.5099866089928686
18757.925137403483,0.5499068162965075,-0.558329935455431
18807.735108424284,0.7098389587195699,1.3894285117080898
18807.750657963836,0.7132826440320664,1.4522677062484224
18807.754790779018,0.7091709164233349,1.5305617048938966
18807.77334479557,0.7208244862789634,1.5743625938435555
18807.79150460178,0.7512211978351234,1.630973150759603
18807.842653980868,0.7623742518513821,2.033645181864017
18807.91940204039,0.823024497329069,2.524281755872577
18807.922240911364,0.8626957561932647,2.966615942396631
18808.015117023722,0.8516066340491262,2.748227613426973
18807.884158323934,0.9545186841759794,-3.0912219558085594
18809.506392233758,0.35046088482943566,-1.2542091875480172
18809.955698896407,0.5406349359532393,0.7454050511262715
18811.086456514342,0.03966113571303716,-2.6433250753831516
18821.60360254724,0.38319437675279033,0.7228945202994179
18844.702975764136,0.9631156620860909,3.1377106248281468
18881.37607164753,0.14067617459320342,2.8587363530285677
18969.59635166319,0.8194496435730975,2.95913908169495
19006.75315250392,0.14468616603009973,2.948935429412842
19006.753974081108,0.1566205194642642,2.957750862768709
19006.752209638064,0.17184064282948136,3.0603532029162617
19006.75121191129,0.16128683010622466,-3.087672517546224
19006.770047084363,0.1648962384746868,-3.0509469860254894
19006.790331448632,0.18822298361521853,3.0395283558417514
19006.845521106436,0.1719734777058792,-2.865563263783995
19006.923121610555,0.11171658206138284,3.0043422082849354
19007.518021364078,0.42661148531874205,1.2366590051329176
19009.0290965941,0.9711602732028396,2.2579443258168794
19008.13464169198,0.9839930194672223,2.778908023688844
19011.303199846836,0.37769910037483123,1.4191294096903198
19020.46543507618,0.7411100139620485,0.7816685776518892
19031.776828017846,0.5610076625537043,2.0189375227323065
19050.63384957739,0.31749976235057403,-2.561422257711627
19095.570973513717,0.9842037405055037,2.8371245890370673
19183.15102485541,0.059294952932099465,2.8024449574555463
19232.068822582125,0.00499601599428429,-2.9526211191087652
19232.074886343773,0.005077366133698267,-2.969700553499058
19232.062156610584,0.002954643542413762,-2.9105794732473598
19232.06212307656,0.007316019094802833,-3.005108431666575
19232.046933853562,0.023393963558273514,-2.933545358149319
19232.016063199208,0.021769387533389525,-3.0125846487773242
19231.93039682178,0.0029047233311875337,-3.081610065807387
19231.812143144307,0.023708827244102157,2.1775717044076304
19232.340226182638,0.23561769651510628,0.7186646495172062
19234.59148017154,0.4900850757038027,0.6871403524267099
19239.509913821243,0.4081514730895716,-0.6001142747901156
19243.803901990937,0.24946188240877065,-2.647318048212304
19246.58703184587,0.0271749236293398,-2.877666750497993
19255.258451127687,0.028255318605029528,-3.091488314782945
19274.426790187004,0.9646350454301692,-3.0554103746989454
19320.064653632024,0.00686182922608621,-2.8652021624337083
19413.929421783723,0.16855558192757508,-2.544818834601125
19444.374524444658,0.4210061289114242,0.5307738458942954
19444.385346774623,0.42933696393417015,0.49796309479428436
19444.417510052597,0.42688233030573747,0.5108063695988516
19444.46185818387,0.44118552663791866,0.4865844487009512
19444.55616872045,0.47031413364955965,0.6688740045125505
19444.72176605103,0.4873433879263065,0.9099507741615698
19445.03229662342,0.5704581612853874,1.009743236691972
19445.467517569035,0.6942664939597475,1.869381075893516
19445.80447072546,0.8425423492770038,2.836234492665678
19446.616780112403,0.595829185045095,-1.1814841407332857
19448.889167355777,0.5400815172272513,2.4833762040942187
19450.70261732138,0.002951168375225733,3.1271862270594495
19460.946853153244,0.009551861121525418,-2.59859944805028
19469.555594652702,0.7743451899807676,-1.1231868952281907
19501.039247160097,0.36622432797064325,-2.762310449393511
19552.191202764807,0.5151488716855385,-0.35472584123159656
19638.99304420508,0.6267868378424932,1.1320684830185428
19675.552610992367,0.11010517165005121,-2.799045994087476
19675.551296812555,0.11001924059251789,-2.7695540767439284
19675.549864058346,0.1005715927924106,-2.7585463445439378
19675.557686807922,0.10196113717738955,-2.697652662992796
19675.54646927565,0.10185713142166139,-2.825353426198764
19675.544186282645,0.10148175165170825,3.005299719307664
19675.570873351644,0.11519408854188376,3.0964476514105073
19675.683460192602,0.2582074254342254,2.4320463126126706
19676.2989141055,0.4363896716467256,2.9043272009780905
19677.413793037394,0.7945182303895515,2.4997734135012575
19678.96344369975,0.25112692688267096,-1.613831897019177
19679.80554316251,0.39176149148933537,-3.0156775089438903
19687.776707420133,0.4221434938298238,-0.9300595674099981
19695.621089328426,0.7317523678051936,2.146786025546068
19715.563890089597,0.5484079936215529,-0.0995709935869491
19763.135422391417,0.23183149009704793,-1.2463528481241222
19856.59689737965,0.20465061893705339,-2.6919294172523394
19890.34456115505,0.10925585837969287,2.973530315080616
19890.348661833785,0.09997987105785654,2.9791309180051746
19890.34961363205,0.10905461465697457,3.0282688063061656
19890.36858094165,0.11175769119226778,3.0824730875766218
19890.36203642079,0.10689925723312105,-3.1235027598406013
19890.370591601553,0.11893625893886114,-3.140456463100978
19890.33619837594,0.11665102093711992,-3.029440835455027
19890.260953585792,0.0175830866891008,-2.84869178388835
19890.045791151595,0.028614857445952664,-2.908657815254976
19889.48289244395,0.018134380511842903,-2.9641130982552033
19889.918063274272,0.3916008578030093,0.447695028921395
19892.764746003788,0.8255582459409538,-1.3162536528301523
19896.780736034958,0.6720013559032986,-2.924185676630519
19903.603710565858,0.17658333532785825,0.566493314476542
19928.336030143284,0.2427239307648322,2.550889096230372
19966.19702024986,0.77647120675356,-1.7282569249049125
20051.319344365183,0.7833487852003407,1.4465687155968912
20094.88117761225,0.8474910102581358,3.0758282754977415
20094.87598884981,0.8439905148821686,3.058495962050105
20094.880582635258,0.8525979691353691,3.1381901503844416
20094.88370126102,0.8720098820905744,3.0209139885814436
20094.887988550112,0.8931155339745789,2.8509749249468515
20094.883995930497,0.8872928915307791,2.8730201523551298
20094.878288741464,0.8990198228600432,2.94577503749764
20094.8347143538,0.935344613383949,2.771977983145348
20094.70781320579,0.9502343696329466,2.7906973977919742
20095.47133012912,0.6296013216384138,-0.9832449499316152
20097.990241847405,0.05059808628592215,2.8685863877555278
20102.26262978977,0.1129546536197949,-2.661181329550924
20110.098929278298,0.34822974001244084,-0.05399904025551949
20120.501110707264,0.7928887404422807,2.5240469875460594
20144.389584136457,0.005713818118579248,-2.991701407371661
20188.831723261985,0.47963986588375995,0.8029188061138415
20271.140056246262,0.894440691533295,2.20411801229665
20311.245191034122,0.6756647121099446,1.0329613378083433
20311.249934238098,0.6797775429997102,1.004294131349937
20311.26713159985,0.6827911420721078,1.1492988826649864
20311.29612515606,0.6937754753475779,1.1647088596354518
20311.347545905835,0.7145664924430682,1.2660913210524347
20311.414445683225,0.7471002049662728,1.4871340776643542
20311.520310515993,0.8022402958383423,2.0849852713941406
20311.601811683242,0.866970660441827,2.6339349687690206
20311.539159386277,0.9544527317890523,-2.750215513847697
20311.7274805671,0.800359140695913,2.7643349446947045
20311.75733892338,0.7274824987059847,-1.7805343556556883
20317.58041784477,0.7058358233001686,1.2436701509817887
20319.81727804682,0.9281596844047337,2.6392529901971518
20330.613836847155,0.019711718866588717,2.9410605520303346
20348.441498541815,0.35778751663010633,-0.6720317154009647
20388.8998737176,0.3792806844911931,-0.5146373542733262
20468.88942347248,0.9504908511991792,-2.825423976115107
20502.116694672965,0.997268390020737,-3.0513963473045265
20502.119831258013,0.9973499579701067,-3.0512322589565937
20502.122771732524,0.9958180088938278,-3.0719813205937685
20502.123000675536,0.9907238683472658,-2.9764004119356433
20502.09889676405,0.9955205536804607,-3.0850488108930083
20502.073202569074,0.9784146891287304,2.8996277565248683
20501.99261964397,0.988770589760541,2.4452727777646537
20501.872757179506,0.9879567371685845,2.593147519975762
20501.628830667447,0.9680412690267991,3.0441955989829568
20502.527195026283,0.8058976951194313,0.19002928512290085
20502.868338246928,0.8614753097610347,3.0228021502312057
20504.56738429243,0.5945616391351652,-0.584895308320518
20513.941497066455,0.5994410101041696,0.3650436901622429
20526.308166185718,0.9810855807600904,2.9424231987823912
20535.646913182398,0.8247421028092368,-2.77384857277407
20572.382777821196,0.9999664081810101,2.6839737026907073
20662.4451855375,0.98051022983953,3.122451476777422
20695.701816012268,0.009772886865755835,3.0953982323300444
20695.70849369929,0.009968570238448528,3.112817381434888
20695.703100979274,0.007587104725040422,-3.140552112836504
20695.692517511052,0.0017785959562875266,-3.0806577142149036
20695.685362311313,0.01831729641816998,-2.9296337584258554
20695.64926675339,0.0018130434579524003,-2.916847985894547
20695.617811079956,0.005760986886649295,-2.832840505780494
20695.487490530257,0.025339026983412404,-2.935062515147742
20695.284899357248,0.0297422083378142,3.1226503528525855
20695.08972991594,0.24857002254943605,2.2795745991495906
20696.146240381364,0.9432718407810264,-3.116291912566744
20698.615702700234,0.6929089948075866,2.3292529996179816
20704.460767686665,0.5544898594145998,-1.8598699367187783
20717.92893924367,0.8242789048499394,0.26387508525741366
20745.010953927936,0.4218775083946439,1.410811789532083
20789.578651005588,0.20711205917487266,-1.1477748883177947
20870.555449119045,0.7169699968431613,-0.7495500875727945
20910.28532205425,0.4895021238137586,-0.5589540903974335
20910.289440551747,0.48776244281442604,-0.5715333249204742
20910.31121834764,0.4912540610374,-0.6540459708832227
20910.348042373607,0.4859643248512321,-0.5494616558489396
20910.43828205412,0.47954332704164243,-0.7897871377323606
20910.53888489842,0.45011188978605665,-1.0794456915626327
20910.780636105563,0.37879055956275565,-0.9799760274984615
20911.197935105094,0.2414798549040298,-1.7634751439488472
20911.38035858311,0.003453929146936882,-2.715892542256533
20910.975083611887,0.04243451656450207,2.9241525639731165
20914.662109850673,0.4082349903498808,-0.40123415484662095
20916.86356952828,0.012784356753079401,2.82673833204844
20924.444341316208,0.6132229292773269,-2.3870600112775
20929.311455354517,0.6102173695195451,1.3735436013201374
20944.556920954266,0.019917630840510896,-2.3103154164966857
20999.334765295363,0.45817633552226344,-2.46618228302657
21080.953750928104,0.18848746924317908,-2.4901375459613875
21118.871685126596,0.37978356594758617,0.9833382910762349
21118.876670433314,0.38541685724139224,1.0016993883265517
21118.896822441486,0.38408407936632005,0.9105527019264894
21118.9265976147,0.39145419294573686,0.9178302065061805
21118.99143929823,0.4278648772362302,0.7232620797478644
21119.102677412906,0.4668050303718387,0.8676271612283344
21119.362089062048,0.5196515803324672,0.46474680799108103
21119.899845029893,0.6464470754705831,0.9993637229351648
21120.52262289042,0.8303073614325314,2.6480717785702383
21120.62790014087,0.9911986724304553,2.979702335039783
21119.72530828943,0.9244542580267594,-2.4079431602919423
21121.08687642987,0.04228490075656244,2.316657692748594
21127.01309799718,0.9429385454753706,3.0310420575425328
21139.234544984745,0.6798525314674534,1.9077635426917077
21163.374980618864,0.4392665001646793,-1.2207076492308941
21193.91475500818,0.3012343941344697,0.04262886088342688
21263.848547799702,0.3592488586253515,-0.7517010846366832
21294.808252236253,0.9896577973973244,2.5986699584853383
21294.80495828366,0.9904336078139755,2.5646019899639523
21294.79045801195,0.9998019716589811,2.4605074890895473
21294.769658202513,0.995046245984954,2.78606576452545
21294.773421332484,0.9977928503010516,2.82774950953368
21294.773457374256,0.9991004293829906,3.010257621917935
21294.723659270087,0.9906568654839447,-3.057329029357613
21294.612093038315,0.9914931656457957,-2.812920057542231
21294.320106756837,0.9676213129692962,-2.4974248603775657
21295.966877419007,0.5112299062532875,-0.2766873796889744
21296.660632789954,0.0014663147153616196,-2.8356088288360533
21296.85038372589,0.9945928386429833,-3.078164168298061
21301.805335676803,0.47116705476721876,-1.6903508937945937
21315.16721261696,0.7170971177161211,-1.7941218756290649
21327.105425023605,0.45075965465501994,-0.32219191086845944
21373.306067240304,0.002381316087855677,-2.540320977241323
21451.166480093816,0.9936969269520025,2.9897155857667883
21482.475362282734,0.3231806795242798,-3.1257611227771274
21482.478698036684,0.31827477463921355,-3.0806353051768744
21482.49370491195,0.31528137075511753,-2.983422871849554
21482.51232297455,0.3092127644029372,-3.004343343337203
21482.53300901273,0.31773977804894127,-2.920050601682612
21482.612382760744,0.29680851541281367,-2.587458114348955
21482.734445194554,0.24341224363303438,-2.4287227776199707
21482.889699828243,0.17925223537175541,2.847727087170494
21483.118227800158,0.25160840138063467,2.6978930250190363
21484.17517000761,0.5241590878273655,2.9900287900334197
21486.431592467656,0.41395911701333366,-2.7153114779965386
21493.002976609696,0.3736012410448613,-0.31030053852969885
21495.507599370565,0.1309136877964302,1.9730049930591917
21503.053634630567,0.4523744036567393,1.3530679719848075
21523.628761212654,0.8013579167174013,1.3473110285890169
21573.674533401012,0.5432692118765098,2.570852227232443
21656.744608943194,0.635222558744738,0.9646832117433375
21686.88158277527,0.695741418815514,-2.9444224373578662
21686.88121062138,0.7017963060635124,-2.9365679118835226
21686.884184766193,0.6947144634517759,-2.946392418872734
21686.904625023137,0.6904019081347861,-3.0971789203768476
21686.93106128132,0.6957228170052446,-2.858938880212734
21687.00880220698,0.6824133275896959,-2.698073338302462
21687.146269176275,0.6306790731109541,-2.485024514455617
21687.4530574971,0.5412028379714493,-2.2238131123463356
21688.18034514067,0.25244575030185085,-2.3404617319176197
21687.820933631014,0.0005793399488463035,3.014638313464655
21686.980963805847,0.17959377748880345,1.7193816765583758
21689.936716144086,0.5077036477102221,-0.8806497032619549
21690.50717123406,0.9927127863784472,2.747598649703143
21702.692569642142,0.8741386513184484,2.6588964031847
21721.44299243627,0.021220808207336374,2.44082050442497
21746.180329462095,0.08663769199777013,2.2104523455150487
21808.737014141145,0.2961303327270285,-1.8883512383855448
21850.65770336646,0.9888023274594303,2.9109719169355426
21850.668319121134,0.989605045393978,2.823452485015645
21850.66027155168,0.9887170442792507,2.753996327611544
21850.65579127564,0.9831696895155697,2.8827916030293217
21850.653644901002,0.9804503145817038,3.0405575042339983
21850.614397170964,0.9888216169950642,2.8954926071433205
21850.575995120646,0.9916367699692806,2.978646869012471
21850.43563367169,0.9986627156308998,2.5304118727622544
21850.138284665652,0.9857023778166515,2.8451269258270706
21849.997019169834,0.8171273584199645,-0.9702822376510669
21852.431887339542,0.18168091289837385,2.272166192829709
21856.405552581502,0.19664998770540734,2.5922676803289413
21859.888400228698,0.7248864765551749,-2.2441791890384173
21873.22474069392,0.9402487176728181,-3.051232796072483
21886.792996946842,0.8618064168369929,2.1864377110856834
21918.896488700007,0.0021162472537508796,-2.9073131174803843
22009.45372775725,0.605064124914723,2.2096257768708965
22040.358172340057,0.9564727604080183,-2.8249735188491054
22040.357529144196,0.959616687777355,-2.828950982029498
22040.34588191152,0.9689344779035453,-2.849633748608483
22040.34028999074,0.9552570618949418,-2.8014355259731683
22040.321392747665,0.9289915076719829,-2.4692394630781274
22040.34165619527,0.894438313687806,-1.9303515042517738
22040.40586399659,0.8309119710549567,-1.4847718382641255
22040.747889582566,0.5829554876338805,-0.7267317324943567
22041.790561054215,0.3348061877451608,-0.655320206503637
22042.432326732465,0.0030462516223709723,-3.055203692614493
22043.957831383887,0.8346829089154405,2.629992972157077
22044.568360977664,0.0008446936191129137,-2.5282911183950776
22051.74897752225,0.35076137856330686,-1.8856574456829367
22058.335492225146,0.8079059516152285,1.706103242949009
22082.52367540608,0.8651513371134479,0.8290170871765881
22115.896784352473,0.9320892505335855,3.0135911567793014
22217.682102510225,0.8387978492306172,-1.1596915012509068
22264.18555469836,0.029948197162112413,-3.048187462093676
22264.1918674566,0.026025375652158185,-3.0566275884772063
22264.18546371837,0.020663199795444308,-3.0914885458734926
22264.186386865942,0.026509534671384172,-2.9764009732968795
22264.180089594953,0.03141072757193734,3.0811512068549174
22264.131747245763,0.04696308647413583,2.956651378718492
22264.106187230012,0.12051724824170669,2.7167932890283897
22264.206068724747,0.164669758157498,1.915386324802129
22265.103262117365,0.40169302853894795,0.8935141280091772
22266.490435682113,0.9366520061195946,2.513040491489642
22266.663886960294,0.5074379404485061,-0.8372255580415291
22266.20275697886,0.04992261679374578,2.718861206964773
22273.843373322426,0.7475615568681483,2.5083756297993567
22277.30125470827,0.03743010656688417,-2.6225404998046042
22293.181437038882,0.5151095131425709,-1.3179172735691507
22342.970693560557,0.059136820483430365,-2.7533531412130574
22433.457513155674,0.9782891083940112,2.770025804727611
22469.93340028494,0.9481640182652948,2.7750972992797056
22469.93007784416,0.9535872894250068,2.7269546474776645
22469.92882208318,0.9575538007146925,2.7989768540889806
22469.92688932488,0.9645839874255496,2.8000580974952776
22469.907381963665,0.9450721440735644,2.9292553443661715
22469.875182831456,0.9685113221219362,2.977299959550521
22469.82081851397,0.9710864243525317,3.139047368446356
22469.690625970026,0.922156330357946,-2.8188165337636635
22469.53722872324,0.979564721011554,3.108101356057583
22469.474036119074,0.7913561054089402,-2.4522496160296523
22471.29269161168,4.570854771673242e-05,-2.847865228821872
22475.3284166324,0.010133208959914698,-2.871899942947718
22477.829610949557,0.11304801582413124,3.079792283500323
22482.51512827565,0.012833166633498073,-2.7623220237878274
22497.62934136409,0.5600761243390411,-0.5671446257967405
22547.257687219524,0.8804984828813668,2.9286623258031828
22630.415140553363,0.036010320603559076,3.0343801516081195
22659.201341639666,0.8696265350251399,2.9997816561944965
22659.20948199902,0.8644996473042347,2.9566732751364473
22659.204750198176,0.8698565448565484,2.9616759890418134
22659.207495659317,0.8830246595587209,3.020263691309359
22659.203507346316,0.888825130311324,2.936642034465086
22659.219133412334,0.9093873000825878,2.6096204736428437
22659.20310786577,0.943979983737787,2.861103382316868
22659.10599433977,0.9464959794072004,2.803101638688365
22658.853942603826,0.9999170517225697,2.9331418636173234
22658.414130699945,0.9752468528782728,-2.8748615543340104
22659.031758256468,0.5506415532011825,-0.66277112843275
22662.251464410474,0.002073818742520837,-2.593732275244924
22663.40978230785,0.15911333324348134,1.153391123304628
22675.936995770757,0.6924874136083479,0.19361169729656513
22695.93533633461,0.8408904146508588,-3.073541626542211
22746.521701405076,0.5310933444257234,0.312409439537531
22814.838453585056,0.7422836636162031,0.016869684869144308
22853.101274329783,0.06960405354932284,-3.050703491920197
22853.100329821274,0.07039429509946425,-3.1204817443857173
22853.09846540156,0.07433791954014629,3.1271492203106384
22853.087303032135,0.07671273814235341,3.078985093989581
22853.069454471555,0.07801825006316034,-2.964021012956356
22853.07848305042,0.0787115556558418,-2.684917857051942
22853.073697802476,0.04450774159744591,-2.708132741901874
22852.985862994956,0.017002820092682742,-2.9397438595859766
22852.746658257245,0.004992668932175792,-2.6294519924272475
22852.21794902159,0.02896375614815028,2.7946744350936576
22855.004368625032,0.972864766865647,2.6776878508250093
22854.46204993589,0.7477108361486653,-3.0607191379934666
22861.476690252202,0.5985668880050524,2.4777682447785647
22874.307132821486,0.6853783925334714,1.408917782373301
22900.137838966788,0.022426981180859503,-2.7749351207941957
22938.66611635242,0.005756248892960863,-2.986546045076718
23036.50036144803,0.9882756566613442,-2.674827494514349
23072.82528244394,0.8728592429205498,2.610575935181485
23072.832580413226,0.8772898366989375,2.6496506571151377
23072.834253158602,0.8804629565019795,2.6013624908723507
23072.846961318362,0.8861322010779326,2.6047380098264323
23072.842660816452,0.8947574012690931,2.8417786845498316
23072.81109449599,0.9182489413584635,2.799410758802032
23072.80371268857,0.9129298419456294,3.1139259526519787
23072.797775491028,0.9157943089103623,2.905404395034859
23072.718282700735,0.9627736213819468,3.1287818159932392
23073.883143026225,0.6934234852418973,-0.18249883566136127
23078.069404778973,0.6564409140555667,0.0729004971746039
23077.421327236567,0.9904193102515914,-3.110179876483988
23080.684798756356,0.4495273874345751,-2.740530022734165
23088.57650990464,2.0113550566660786e-05,-2.8924707166362436
23112.866092178818,0.9629828778271704,3.0313013058819296
23151.210941401765,0.9991786902817315,2.600075861953961
23226.28966853083,0.11757755948905337,-2.8366313367857257
23255.511135227312,0.9932022518090277,2.740382863021118
23255.504434109618,0.9963507064475968,2.73510145135631
23255.49963229081,0.9878162830464635,2.6628701395913774
23255.498272227975,0.9971809606041535,2.740325027534931
23255.477688340176,0.9991765190710704,2.7499177859161072
23255.435951471984,0.9843303539537808,3.0549489630413724
23255.426561944016,0.9606439699025346,3.0372552659548173
23255.355825557406,0.9843224389240242,2.7292812659125696
23255.012443808835,0.9975564333182402,2.909766839401482
23254.379498502418,0.9729736768020701,2.7927082564439587
23256.291397858793,0.4631521462978194,-0.7935883023588182
23255.889271713255,0.00160409406429017,-2.9581211245043537
23258.062283254952,0.36928806867177966,-0.9221707785967981
23267.08340334759,0.572789370428225,0.7540700773823201
23293.60829787757,0.96640641265849,3.1048353326155453
23360.762648991644,0.974067685359757,-2.7685377445991706
23439.066931883826,0.575507737441846,-0.717594654452355
23471.408745983994,0.08980339889184467,2.801301601017295
23471.411339764192,0.08772618403398723,2.772563671173634
23471.407991025462,0.09326298711839952,2.7772799247136106
23471.412296699185,0.09907572773375715,3.0829691777432933
23471.43525067519,0.09581170094808839,2.995070271950551
23471.452949563973,0.08241192408222281,-3.0535091046953253
23471.425227132415,0.06668130605789462,-2.710559055837982
23471.36046083222,0.08115977878362328,-3.103333362596217
23471.33650135659,0.08595337838453677,-2.810216692745003
23470.970883783117,0.017058541379171708,-3.0207927572799944
23471.69931409897,0.6375379226491551,2.4766495122957153
23474.997652983493,0.030230290450743453,3.047962163263122
23487.157973286914,0.6742655747692059,-0.5070974652832563
23499.855545773637,0.18779339544474974,-2.0136739036661955
23517.19166460719,0.9706970439809094,3.1071129463922045
23573.852731109782,0.6608710855994713,-0.17236593976520753
23648.933655191697,0.47842848636247914,0.6228886547272445
23689.35226199783,0.8548259167898749,-1.85163818541038
23689.3611881393,0.8506134689556178,-1.8475258913698591
23689.360817756162,0.849534393477684,-1.9344521140062976
23689.38015900499,0.8546713327679617,-1.8849992131591429
23689.41260033396,0.8402224555620115,-1.70197336237461
23689.460131328782,0.7792751689223297,-1.634632859811916
23689.67257806722,0.6948601515831582,-1.0123250874983474
23690.146310603977,0.548978034052451,-1.1005368277278098
23691.19060139982,0.2763217657903928,-1.4376855749716217
23691.18093369809,0.0024698070464424004,-2.672531466883617
23693.330321326313,0.9230235252681209,2.576396903068086
23696.408712419237,0.1943985284949795,-2.744343001072844
23700.31379804149,0.654775654091667,-0.7755870047602138
23710.259278264177,0.9721288829264343,2.891558896734301
23727.01899209239,0.9897308313207565,2.9427514069145104
23759.389639139605,0.8528467092966806,-1.4676600994636313
23838.3258740678,0.9900955559836396,2.953074387493171
23881.211454205382,0.37700026910438783,1.6206805801284538
23881.220573825347,0.37745531651320197,1.4864862769868097
23881.22959161259,0.3800870479240655,1.4855494200667128
23881.268001334738,0.3937536426849787,1.421022784100094
23881.299100221324,0.42701170168563185,1.4159567305597438
23881.416354410725,0.4768357700163934,1.19292711020924
23881.677828791842,0.5213597217943003,1.4641347819852308
23882.171764426686,0.6679403507354883,1.3931835099330492
23882.496793319388,0.9155157435491409,2.7373213656297652
23883.227887342706,0.6872393771798079,-0.5962715834736305
23884.74470487449,0.005018275152425576,-2.8656150801426383
23886.916446827345,0.8642672699734519,2.4699212725998283
23892.589923437394,0.4016131930279846,0.09510473893894211
23904.131947786198,0.7893563693217872,-1.523785241268324
23924.717408959372,0.36887931957160597,1.8705134990206282
23965.692753283096,0.10583469818338075,2.8925875297916965
24050.49358081019,0.0533444046353788,-2.8864712938182024
24087.67118659421,0.3340656761961096,0.060426790852182055
24087.68094465504,0.3372944190552031,0.01169987636953973
24087.7085182509,0.3338385555477822,0.08940720141791658
24087.74876352782,0.3427391326600349,0.11245212478217059
24087.848512362358,0.368625394089899,0.0802276566096145
24088.02532699673,0.37148030990419595,0.11036570417802327
24088.326331235683,0.34293364638233276,-0.03307852553420876
24088.9474713039,0.30371309492431164,-0.2937008182106098
24089.599879096175,0.06506458200327729,-2.0137126179378377
24089.103932728874,0.0016170883372662384,-2.8606590497794575
24088.369994833203,0.052148280096421834,-2.9676111133920187
24087.60276220739,0.35238418820182793,0.7865026934993322
24094.37686054995,0.4825518708683213,0.27608031248456566
24111.337384317594,0.0067404723495061054,-2.532224064444888
24128.616459528763,0.04559363045813627,2.1305129615285168
24160.144771727595,0.021126848827630308,-2.6190402640530563
24245.558141357167,0.9975324709359924,2.6790262148811195
24284.746820008168,0.7692768779644868,-1.293094595880615
24284.744788720356,0.7679926964063026,-1.2606928507548225
24284.759840989307,0.7490403167080903,-1.310666432685645
24284.77491015586,0.7449709378728722,-1.1767999605148707
24284.822072179733,0.7312471730573827,-1.1188327739476716
24284.927996075017,0.7057743741545428,-1.2060330567278454
24285.199424403505,0.6676439918516996,-0.5583654194179282
24285.747952422033,0.6164800526057866,-0.4016827923938715
24286.73266437692,0.771446004447394,1.2023935268685815
24286.793214383593,0.8987016009937999,-2.758741874196743
24288.400230657608,0.011507510806839347,-2.395019747592667
24287.479185308966,0.14305864021892367,-3.038340236664951
24291.6382651173,0.2948990513021148,1.8285545148174496
24299.137137785237,0.008669157720004372,-2.8944448044566267
24317.832675153877,0.027227417996639785,3.138855424470913
24350.423611412923,0.9275934270116835,2.3475458925634216
24449.934014198734,0.3550589016857891,-1.6515607114455688
24484.50841460557,0.033857294948930416,2.017356037431264
24484.505260682006,0.03950083147896964,2.044057640371131
24484.50413201859,0.043887903018652336,2.0269251129607753
24484.518158536255,0.05278281435583447,1.8458620610858585
24484.526768080235,0.09450942522403541,1.632725025977777
24484.59058560884,0.1240225068279571,1.592156990194253
24484.70132847893,0.18681371107940828,0.9860283664848559
24485.119802352023,0.2753253534765477,0.4977348212720103
24486.212847781713,0.24656188243919555,-0.1985751990836233
24486.787216163095,0.009666861309268658,-2.6408901983897004
24485.792295676314,0.009479268199945339,-3.011210976194168
24484.962041634033,0.02031423368921383,-2.7002628117131318
24490.597697927187,0.010441647229315747,-3.0930410330550653
24500.168814008626,0.8259143927006554,-2.417055561904605
24517.450256410357,0.0015267815796574337,-2.8725583247283493
24562.315613204264,0.8475696360070831,-1.261436999691641
24640.33165276196,0.8174920530894523,2.225079816073335
24671.380005039162,0.9151434264008713,-3.051905886709381
24671.37547098869,0.9174222038133172,-3.0582788104873235
24671.372742024316,0.9161861825991444,-2.9920808116597475
24671.379636016285,0.9115961868473043,-3.0377848816758837
24671.35374456036,0.8959305612170179,3.0100774903908203
24671.33810455713,0.9528357013803492,2.776002045404633
24671.298444347067,0.9640050427291339,2.6837755840244686
24671.210816532162,0.989891052253357,3.077621124355728
24670.915293073707,0.9599504845128786,2.9506048046329933
24672.053729886735,0.5523954024518295,-0.7737763882770388
24676.387776523417,0.6938191437712815,1.7298244658043487
24676.98104958737,0.7041625584310628,-2.7846415294298166
24686.51462111146,0.6716429904908559,0.13717641833587946
24697.636723884527,0.6757674908677989,1.3940476502021477
24719.840740538868,0.03020749357742886,-3.0190071487374976
24773.64207366934,0.1597908116625162,-2.660021862451887
24871.05102845363,0.22989905557954568,1.475519803356578
24909.156772257214,0.9691627933503729,2.7340456465374565
24909.159369135414,0.9751052158078303,2.7671376123790115
24909.155334097097,0.9812171818384586,2.689747466361089
24909.140878027934,0.9808540213399002,2.653194239787524
24909.147287256663,0.9789947974423795,2.690557263885779
24909.114936058395,0.9966179068611202,2.715872825919356
24909.05457713254,0.9985630953173156,2.600670483781661
24908.902989843755,0.9817674451441982,2.537846423166245
24908.67782232029,0.9977319413369,2.4908130791576717
24908.46224848605,0.9336559972393333,-3.0023498328183122
24910.135894638828,0.3619990982639629,-2.8248531928293157
24913.468235905315,0.2815349909932772,-2.776908417254838
24919.196807651675,0.4788680032801824,0.33615241459651646
24925.447534948074,0.1397920019238203,-2.2994022509977263
24940.30569105212,0.5981588710652728,1.3422138131678114
24981.861248308214,0.7639037450772176,1.1651348696928503
25073.832559926952,0.054392849271396614,2.981055298375491
25110.3445178245,0.4834892557821691,-1.5399660465745812
25110.35627490249,0.4756983766344274,-1.540928256065219
25110.372894557226,0.4768071691117379,-1.5195771875395154
25110.394795322565,0.47577213083352243,-1.5487036272054588
25110.431900367108,0.4543222011922498,-1.5297643191098005
25110.511751615286,0.4458715602943284,-1.4022226193096605
25110.735058581184,0.3634364090761477,-1.3945212899513248
25111.080435385094,0.19795431553041462,-2.265171789460378
25111.109129235014,0.053014717603429094,2.903903810307191
25110.732609949082,0.014393648282271767,-2.8427526317571563
25111.403608258985,0.5127701024964357,3.0698579761613995
25115.22371379899,0.43792998427595553,0.6988347391738325
25122.76491727681,0.6598895983177759,0.1381274907407657
25133.10585746332,0.24986736363386197,0.9966981622177933
25162.004109260706,0.6431151248152296,0.17795817736222785
25198.91510842868,0.7786681951024572,2.352720207858395
25277.35232234739,0.49919608946224636,-0.5307277743492782
