x,y,theta
-0.09368401144803752,0.6101133793574903,-2.9013440141891493
-0.09028304996306338,0.6108621816667735,-2.8888114482741565
-0.08657854997771136,0.6078919188221007,-2.8521058403340667
-0.06370657157605547,0.6034046131352243,-2.9424008316579773
-0.023059213373144948,0.5760680295933389,-3.1129277018594053
0.05440571402759027,0.563314181036537,-2.9858212415930288
0.20556334843645063,0.5853067931588882,-3.079834739064896
0.4986968273953272,0.5188991539090808,3.0007438013155614
1.0680464714105888,0.6152393808117544,2.93302467072889
1.7494560839338378,0.9478496742822066,2.857479923424406
1.9068475557704205,0.6433174733327395,-0.7841907336586367
7.700402528149363,0.07478998520475363,2.7654829314608635
17.895903999600435,0.9107124217616928,3.0771248892565257
23.79255033098291,0.10192549306371655,2.962206934592653
40.47925132951937,0.37341415970805053,-2.907111342354476
74.8087141847849,0.9720520405167383,2.4052179257249016
150.03850557824234,0.6939160722888146,-2.8155838002154883
176.8364046653222,0.004920846896725705,-2.580362589371159
176.83031668441518,0.004920846896725705,-2.550673994134893
176.81809627936738,0.009418689271751539,-2.5475961518600863
176.81317182568404,0.0058114799276564036,-2.5157605393849596
176.8038628992933,0.0062549072763913955,-2.4179225725237905
176.76199553961098,0.003915443644433655,-2.5884196589738315
176.72344352260887,0.04641405711603346,-2.7306301945443168
176.6292569367646,0.01713229859065065,3.12129045251201
176.37014436642164,0.007016409608934387,-3.1118609974278293
176.5349751154678,0.29118044846252455,1.193666564856569
179.7043686712845,0.9782093824589879,2.7872694626960683
182.72141452996206,0.004478282504972549,-2.8079915271213505
187.64711364912452,0.8285320205585286,-3.120563850603535
199.12251286831733,0.0058421112642519524,-2.667855145825292
223.7640149959013,0.030853161385692354,-2.72474889734979
258.1506608866827,0.44492346480590067,2.7329116087799443
337.82436328949,0.9715098837233571,2.842967428691816
374.0173542240176,0.6775917141386991,-2.128236256459694
374.02265888385836,0.6752698505926347,-2.1184628920187327
374.0318947592823,0.6744020348963445,-2.1222335341906935
374.0561651012379,0.677043035140204,-2.0394060943526107
374.10803111152217,0.6704810399351842,-1.986683468661757
374.20942432442786,0.6469993823294744,-1.8654485746884975
374.39363812499636,0.601441400941778,-1.5566626332472624
374.8891959114558,0.45049320929820863,-1.5709947412190173
375.59074024134463,0.17467444583098904,-2.065230910419807
375.32964348122835,0.08866048708173485,3.0285396773982356
376.82382355636173,0.9961866905125264,2.6312419536690115
378.7339451549062,0.10445931129479716,-2.791664120568891
381.15383724759624,0.06637998346310953,-2.38469820729104
391.72485975574125,0.3316169702837324,-0.708514479130399
409.1250482762651,0.24706805599945847,-1.1314155922068712
446.24419810126966,0.29964559887264525,1.8059099433563466
510.43690289756705,0.28905721729917694,1.9070211690473542
542.2872725527751,0.7801554738280885,-0.555375158697657
542.2937423380129,0.7707971883403663,-0.4831334890114749
542.30480665306,0.769988532425331,-0.4345358950049869
542.3313164616084,0.7729219409916567,-0.44723616810271727
542.3932454572799,0.7540795337138195,-0.4263225294104527
542.5250073671012,0.7443833259330155,-0.5299253727421651
542.7961709230648,0.6934826087802402,-0.6317023444250043
543.3388201140332,0.6229012523649908,-0.4111647055905827
544.5413798647119,0.42549215079118957,-0.4386156512718462
545.032624276917,0.003120780914324941,-2.7249391387070343
544.0907847650004,0.03549516552668459,-2.7381932760067413
545.33377339937,0.9202468720282155,2.6644712289658052
545.1411465451046,0.05049043830925708,2.455227055840732
562.2327347640189,0.010754121797709843,-3.088831034022682
584.0213719535246,0.22862040442327242,-2.274885738881879
603.9010273192903,0.009644526114877122,-2.9937785709468856
700.2857280041012,0.10944378833949522,2.8901592627274066
733.7473143108969,0.7659305273589623,-1.1760513864430675
733.758810238249,0.7678793559367062,-1.1777825169157674
733.77376016223,0.7618760789339661,-1.1279740267625749
733.7825983413661,0.7510704844350363,-0.8739706021723812
733.8336002146575,0.7623871320505563,-0.6360855610410123
733.9517332931715,0.7340692191870135,-0.42573079179000706
734.1850168643939,0.7259834265761741,-0.4839915232468899
734.7454209426337,0.6193155745283241,-0.35818615889271355
735.8395477538699,0.5311140424289911,-0.1481302508256075
738.3653477767499,0.6111393939653255,0.04358524858262003
739.825720684147,0.9678844272954253,-2.9746867573199074
742.6559288788856,0.6285611580571705,0.001124951874778013
742.28710505314,0.7074505945716566,-0.9093937325356314
757.808939724367,0.9189641037810172,3.1392674685826307
775.0439896679229,0.559223391079935,-0.8190637669262237
806.8648421536348,0.9632888208340193,2.78194425717785
891.4056180758894,0.9564723502232839,2.934581792708639
925.2109688838381,0.9816764357948731,-3.098208655642713
925.2121674936701,0.9778925763169724,-3.049217234715886
925.209833076786,0.9792603237555181,3.0888518364877964
925.1980828834826,0.978169589209027,3.057664589705678
925.1722053276318,0.979883387484314,3.066083627211766
925.1302279900824,0.9849189274190886,2.829241104455785
925.0711314671149,0.9903608037207421,2.9127533916487396
924.9829756214168,0.9982731043365378,2.6977221216840883
924.8434861920273,0.9948063715891099,-2.8110278508077045
924.4214119421522,0.9680189466102368,2.9368443789277645
923.5062902601285,0.987980734279706,2.5948964901215383
924.0591299451005,0.1812652523145459,-2.1351278838535843
927.6074603579009,0.14809311713699688,-2.788639603583974
941.1410684576479,0.18811245886856415,-0.965226409062828
961.8135363434966,0.7883435287031857,2.920061592999156
994.5215401852018,0.6738038364975646,-1.324096535617737
1075.126522799833,0.9771631576575336,2.6086416741169174
1110.6182987781579,0.09463678688430074,-1.6121994235855948
1110.6176115722005,0.0913112739315022,-1.5613957535230822
1110.627782217778,0.08466988534710403,-1.600417788957398
1110.6174529816867,0.08242819380382632,-1.5980439367162587
1110.6313414586737,0.07122209879102322,-1.715155001101046
1110.6062167593718,0.046284522986349795,-2.243924327831292
1110.5575465790375,0.004638350341551486,-2.435252501443558
1110.4521718934423,0.039536987419094234,-3.024884524600214
1110.3821936908232,0.2285345729650076,2.167078159479173
1111.8430136786944,0.788431223435495,2.0077553273589253
1114.458087446886,0.2514685799676196,-1.2152994625969993
1114.5271981008077,0.13542258502601476,-2.9664805012904996
1118.1835469063865,0.3603507275113269,2.0744676851198722
1134.221046638002,1.413898645928228e-06,-2.668306953972006
1158.9321885827742,0.0147680191145656,-2.5022050022519373
1199.0381760339483,0.8407803172175319,-1.9743791322904494
1289.1542478306133,0.21668536014522408,-0.4744947064740299
1335.03970690119,0.842702353990084,1.6962926232740028
1335.043984895676,0.8469923212774045,1.7116749115851535
1335.0530511050868,0.8555932252820999,1.5819657468187582
1335.0497526587899,0.8521719432779543,1.6946426166110395
1335.0769963503735,0.8921539986066545,1.790837920095405
1335.1198977400452,0.9342145266989491,2.3222688810302206
1335.0971808705792,0.9390065265633267,2.628717105049059
1335.0284807282685,0.990353290564274,2.6907300736901725
1334.8403172876717,0.9881190456558531,2.6635266424494652
1334.4277056114472,0.9450523898592259,-1.6028607377866422
1337.706756358583,0.9965188309455336,2.3304750878276073
1339.7642801847708,0.4429258599392506,0.5627338439672438
1346.4010401454277,0.9627693667425042,2.5646344666117287
1362.6671781006567,0.9834589617701088,2.6436151094595584
1383.4821612082355,0.7386492569344111,1.4068117100935265
1423.48269909514,0.9988157382226722,2.8147703596922105
1499.072716997798,0.9741004808562315,2.7257437733824235
1540.4440460848916,0.4791097059230872,1.6101283631899115
1540.451674545352,0.49149892256763683,1.6174955357223642
1540.472138323324,0.49435281132448367,1.5205528524664969
1540.5083704991139,0.5129839112810858,1.4806522064774912
1540.5704230289984,0.5411039494875525,1.488565547347421
1540.6792974368448,0.5255500481938694,1.519398095636964
1540.8917616258254,0.5935236326640633,1.4724786702018626
1541.2406593565358,0.8555040291014119,2.1151208622247406
1541.1606890490232,0.9924801802881195,2.6705868051844845
1540.9229250648639,0.8789469047872975,-2.456011863996926
1543.1114543515487,0.039852680610544505,-2.9351563821271744
1545.5473029991347,0.2530958224168582,-0.6030368967675024
1551.6198919981648,0.9553621836180944,-2.3424642167597605
1562.944252168084,0.8513669351956238,2.5773669441621516
1579.062602516234,0.24026541160955828,0.22811843237357854
1622.4417950212007,0.9874590961175184,3.033705021993984
1699.37538032165,0.8269099674335616,1.4326095379659964
1719.9328539236117,0.040852780409167094,3.0942086072337016
1719.9349844853598,0.04112485452941186,3.1255628236884947
1719.9236538934351,0.04181502954022173,2.960300753020732
1719.9185646919218,0.040232148635727355,-3.0823908581636417
1719.9071882272679,0.05882118005221801,-3.0287818539834026
1719.8825994146612,0.06648416729947988,3.0714000615220787
1719.8790331078987,0.13162197288152955,2.1091217236414286
1720.1021750531447,0.2717826895803156,1.3284050992192444
1721.126655609319,0.5575814018230288,1.068276133863538
1721.8447055693605,0.9955253718070834,2.659659661434791
1722.8633686808064,0.5206202124517144,-0.32362995702767217
1726.5994255271937,0.04146661600704598,2.9314239660605192
1736.5852454618214,0.5438067649419617,-0.12288719980934637
1749.7022806123455,0.8162263640933771,-1.9331468571514467
1759.3086435434589,0.7356133993087717,-2.7712321284184123
1795.1447899212355,0.40833136832279954,1.7553735867880427
1888.7529774668035,0.6768035463245542,2.427246603075689
1930.8687442579308,0.8541235338207874,2.9651430951343976
1930.8642767668123,0.8486132989289715,2.9671302216931785
1930.8651083567745,0.8578325846073683,2.9775676053425784
1930.856942618726,0.8700189564508908,2.8406424159306294
1930.8649095660949,0.8556630286765052,3.0647518298590146
1930.8955412472055,0.8285200883809715,-2.7032309635616976
1931.0154981851742,0.7582042663327744,-2.1200922160169657
1931.352331101893,0.6009732194672865,-1.6182568469038783
1932.100945053134,0.19620757710032627,-1.9289581736332941
1932.0185191744488,6.336001826849104e-05,-2.6085514596046666
1932.9647368977207,0.5381111634774296,1.2252482863196716
1935.3145932421826,0.10649949598950137,-3.0286873809938344
1940.9142788448114,0.2470536149493381,-0.7090732718975583
1951.53651578819,0.8873524574694419,3.053942823126663
1978.1309452042688,0.3223561522648582,0.7914537340007568
2021.1818270294655,0.5095612712662829,-0.41093352934106964
2083.6473650011253,0.9934470689639849,2.7543959395234943
2116.770681405813,0.9562813426179733,-2.9895642902135924
2116.7662689407443,0.9517811190575968,-2.9596794370619883
2116.7670400786783,0.9530623837117924,-2.9363423191636038
2116.7606955939914,0.9522334463279696,-2.870038530189351
2116.7532460602924,0.9715081088975853,-2.9110366724000336
2116.700213452424,0.9917185240805682,-2.8271223912507626
2116.6620000927214,0.9264335252753721,-2.694867314716292
2116.684023511881,0.8719141816245868,-2.956143868620031
2117.001679955183,0.7462331587007986,-2.035175832339832
2119.0138754133045,0.3637765036518461,-1.1240441370884433
2120.0035679304387,0.12348506628599112,-2.878611534815317
2123.416596074064,0.9700670717989889,2.760646183521046
2126.5549600802638,0.963484254171951,2.9064488405553774
2143.6764460240884,0.9287176599833198,2.8788535111879057
2163.8001219324456,0.5614384030798869,-0.9691340162344995
2197.2492506161293,0.2908433217394815,-0.08586432723844561
2278.545519879714,0.07927869497506362,-3.072250138887266
2314.111617182495,0.11656943905346394,1.2382074519745592
2314.107296314675,0.11654422747820778,1.1735900534078771
2314.1159538237193,0.11391955836950972,1.063395101571226
2314.124377205772,0.11302008815061126,0.893874263802835
2314.173221774881,0.14231750875863597,0.6215795513755467
2314.26826603466,0.13217164421533523,0.5867374739753757
2314.4585350806387,0.17194163118661607,0.3401143589905007
2314.9228990326037,0.30736957192178227,0.6164925640730368
2315.9927108576508,0.34987431682410913,0.21329970797481934
2317.601716117726,0.852515722797715,2.050655508605284
2316.757094217118,0.8992794098981636,-2.832011961928481
2317.5784666661184,0.5191515302627656,2.930786890943775
2324.177349601099,0.4564289059022868,-0.18418393096941266
2342.194698928113,0.7340462567270364,0.3439952091671796
2365.6948296884125,0.02978582470789149,3.0714343339494885
2402.43969350625,0.9646371713578537,-3.0789127662702382
2478.3269829244523,0.9867340630398856,2.4652495719490837
2508.435068260088,0.002453053686150252,-1.587225026983241
2508.434646202216,0.0058010066962571145,-1.4569048523644885
2508.435183713729,0.006125955737584813,-1.5024813118711082
2508.4353600203954,0.003508374809792854,-1.5243477732050839
2508.4351730841545,0.0006680097879148827,-1.6545828505759017
2508.4264166982657,0.00969802973005704,-1.9002924241175398
2508.3429357816008,0.0036563215421555367,-2.52065773557262
2508.2099204849087,0.009386655550577558,-2.961673764098497
2508.0002802376243,0.03550407666434856,3.0955125802195873
2507.6238589219465,0.013489152708220847,-2.9184256599601004
2509.0906815420926,0.6092963203973706,0.9552821535821607
2508.2242890370817,0.9440644553473639,-3.1191426340819586
2512.1691969762123,0.29516567408804223,-2.036216467447395
2514.9193343376164,0.15038350264055708,2.0010275427340147
2533.0051184815,0.2738147930053307,-0.3717337290413747
2564.671695057725,0.12454090403184521,-2.111966317246725
2638.4863806103695,0.9799329142979927,3.0489681049982646
2676.378841376484,0.19742925601742006,-2.818007964683883
2676.380801887692,0.2035535780074558,-2.7767346740361507
2676.38004477025,0.20158962373596565,-2.669634889905209
2676.3887543742903,0.18807218111666793,-2.6704569337190263
2676.426444618591,0.19211307662705845,-2.742830763429111
2676.4811714879393,0.17115082289118091,-2.721178624717762
2676.494279845214,0.1348431195395505,-2.9292653646863887
2676.3567969257524,0.012274795918068905,-2.6907321380207225
2676.0352041351753,0.013533926132365986,-3.1384652483382123
2677.484421342737,0.3601459778903032,0.4660979921369819
2680.143479133342,0.9803609468730701,-2.93530824214215
2679.8824227078126,0.5659842557885013,3.058023776539885
2685.9131536723057,0.5790301690338486,-0.3639655843299212
2696.361467980178,0.2508614862493811,-2.2341798333266416
2730.0289853798286,0.7803314586275422,0.043340338725961214
2772.5416400186778,0.016797742566406496,3.0332936896291116
2835.165926573059,0.47812721044105505,-1.1275251382790215
2874.795876054691,0.012923805287304718,-2.6814759488471354
2874.7959768647606,0.018363735385109888,-2.6236050072030177
2874.7854620862495,0.031017664723616247,-2.680600671097488
2874.8009550082047,0.012154599733510563,-2.685848362367761
2874.7941280794926,0.0004850199278838053,-2.7734868671529758
2874.7784204343525,0.004419958643048975,-2.588863803819456
2874.7493683208236,0.005575658647524227,-2.9281914631903327
2874.6384165321383,0.03900567241629817,-2.7494273834203304
2874.4020678259785,0.05723341038449456,3.0389395187220103
2874.761992845235,0.3201734824550966,2.6583960319900424
2875.9031378799004,0.9536494702490534,-2.716803145560878
2878.49876083489,0.01279661438793629,-2.885209499431984
2881.64393610993,0.3940391087845747,1.2976298912438091
2895.003783261271,0.013159290910257842,-2.8314049984893246
2913.199496364943,0.9530555163474528,3.1268694770634733
2965.9887100766077,0.9884182654240186,2.6835302478523344
3055.6153321769957,0.9892973517145794,2.8482736739058208
3098.389452600691,0.9999382580722074,3.071908708365992
3098.3911631082424,0.9999382580722074,3.0562019382682344
3098.3899247837558,0.9963822695734165,3.0965231141778666
3098.3615441395086,0.9896834563427989,3.120952687666435
3098.34510360571,0.9980430855403392,-3.107096940993108
3098.3027239237786,0.9930877306496602,-3.107794944660139
3098.281593251767,0.9963544492780473,3.0701569848349957
3098.1652947250723,0.9942370851911596,2.726302047460451
3098.030335285049,0.9905655870951635,2.5297133491593
3097.658579774641,0.9760824360160181,3.074449630095737
3099.592665466116,0.8466405041054897,0.8428411213608928
3101.7333209700814,0.8809359072531274,-3.1330417840669966
3105.3879828403146,0.2266108071788896,-1.8535243752406791
3110.531448252711,0.005346645279829083,-2.6355698533520897
3136.6351077447102,0.171205823941086,-2.268625104673503
3178.30355916786,0.40818507430985507,-1.0259384677724368
3250.1020165435725,0.6352163691582485,0.026366181210958572
3287.6997080793894,0.6109566281258834,-1.3548272425779488
3287.7029981187225,0.6099175020753905,-1.403078485551045
3287.735393932705,0.6047746042482942,-1.4022260670239164
3287.766256986284,0.5880663614886554,-1.371579806371638
3287.830791729063,0.5772230110644583,-1.3911393898928837
3287.9384454133174,0.5584788713167441,-1.3170915686584785
3288.214916500416,0.49426507299557076,-0.9665351937762621
3288.718365250238,0.32838184284083277,-1.6066119265573688
3289.0590729971696,0.03245948049686574,-2.6090319034840457
3288.5041999559635,0.02531059054520237,-3.1377002713125344
3288.435625571037,0.4333873570634738,1.1862919878923597
3288.8475476156777,0.8884313781209007,-2.710198953893594
3295.541981235642,0.30306477321374964,-2.7678464330608947
3300.4761662783208,0.6676105322528323,-0.8734933761693888
3325.069017332039,0.9894786767090968,3.0424247533632602
3357.112757649123,0.9582138469364421,-3.1275710892924122
3423.8169897209873,0.10583924281540912,2.987321153700691
3454.5645747966178,0.5080177546165827,-0.4568009739331238
3454.583941148272,0.5033166907889879,-0.48296038328865887
3454.5956885438027,0.5061879538015887,-0.5453544044139114
3454.6317005290066,0.5026922097167109,-0.3892049501414103
3454.7001822411225,0.5253811220314407,-0.34431672401320323
3454.8359300137545,0.5309351490071543,-0.28542989041014843
3455.1829608878625,0.5330599544354796,-0.5290875937211723
3455.7571775726037,0.5053977129326637,-0.39320931153060057
3456.8307271667477,0.2572663587065577,-1.5565984314287522
3456.827150211554,0.0025902778605891006,-2.98219742595357
3458.571252583309,0.7459678914680009,2.894556626076225
3459.9548844838396,0.010170872208453977,-2.7839883267643666
3461.6057805985656,0.006743239151353668,-2.8854177457461847
3468.689752839012,0.9785507770909987,3.124623381523592
3488.423855119328,0.3930595039426938,0.39553927074231776
3525.5207740153583,0.703888854005784,-1.3848929743332496
3604.923215938772,0.9985360074381027,2.811868650631773
3643.790055121981,0.4774514191985295,0.6356749417953491
3643.798406337867,0.4799824474058789,0.5822632364954394
3643.8119046053707,0.47894177255727444,0.4926332816005625
3643.84177182885,0.4879651804576192,0.5134884156623452
3643.911807436318,0.4951455595629881,0.5261809684910901
3644.0480411725766,0.5531805118006805,0.8785755053683548
3644.280431802952,0.6489731120621808,1.1647515186888553
3644.6013612869106,0.8544070887731181,2.0452342793968956
3644.6204287901487,0.8732386397865959,-2.857241129920004
3645.9019494125937,0.39675432761400276,-1.064933543688904
3646.9709903584876,0.3383429015210167,0.5418270188298733
3649.9872395743646,0.005601827667111541,-3.0065619769064615
3653.1913302386315,0.03221583283785093,-2.7243091292084514
3664.9595855646016,0.17569759922711434,2.2720675111713664
3691.0113031678275,0.36097259326833214,1.4380281411338123
3729.422317502078,0.3203995360897959,0.30498520890368797
3801.1730785162285,0.011470030175143033,-2.9367732287191246
3831.608505886773,0.08767444649606546,3.0082953014836242
3831.610994429632,0.08800126389023148,3.004146375224984
3831.612138313474,0.07948828184495273,2.948929319712211
3831.610423041469,0.06398019559931457,2.9454266600606864
3831.6219483969685,0.07327792561026177,2.9162528746791185
3831.5989710291237,0.08474249928708516,-3.05636944855134
3831.593034264665,0.07944185673752821,3.0573244984910515
3831.5398275341745,0.13692665448640773,2.3633593884476367
3832.2674201016434,0.36400075132541393,0.9610786730377363
3834.444379903309,0.7029950046663599,0.05910185596406681
3834.893521498742,0.9987832906272623,2.7681843401016204
3835.907497644543,0.1153953017474974,2.49904012613953
3837.833780451723,0.09204345761128083,-3.0701823422476373
3847.62161641052,0.9857944476072479,-3.0825534393001286
3867.1729151551476,0.09056308905325276,-2.7811937106572735
3909.3858239467877,0.08099882908649164,2.9323781138348313
3994.9292770914853,0.5611693881313118,-0.9083147935614022
4035.7056612241067,0.7377134542983077,1.6437743096096344
4035.709260385633,0.7335655309851979,1.666340141124417
4035.7272443926076,0.7421804230113139,1.6913139139097204
4035.75176954415,0.7554631790586499,1.9045305007629043
4035.7649653446447,0.7589646618381647,2.0676177429774434
4035.803572700958,0.795054100068251,2.246801205971532
4035.850089139606,0.867783046384153,2.669997537000434
4035.873884785167,0.88731219249024,2.8706347420889298
4035.860049156437,0.9410535214795686,2.945887450539903
4035.3264395282745,0.9965760496307584,2.7925211600365696
4035.962196080797,0.5589783671238986,-0.6257824797646534
4040.1287969804434,0.7011453283486243,2.556356395690294
4050.096707618623,0.6032711960222095,0.8993249209999323
4057.72736707001,0.42945872311432404,0.6627593124299835
4076.950747261547,0.04146653155297798,-3.0551148073636485
4110.023431265779,0.9812060381803258,2.823074705154127
4190.828182799322,0.0060910825505549075,-2.6848660778955646
4228.177397451559,0.045462323759186005,-2.8252905584722834
4228.176040759232,0.04092200348211579,-2.8519842132624564
4228.172445588451,0.044683859334047234,-2.8720483699752264
4228.162011086735,0.038413950780798296,-2.7454261591078843
4228.163430101266,0.025601028892912436,-2.965264110257672
4228.126954898228,0.02719510257646267,-2.8576660361588853
4228.063984061042,0.016685359042672494,-3.040339578469259
4227.9253073569735,0.0022653069553311327,3.078720639896238
4227.7475229946385,0.04043757450744777,2.471302080261399
4229.3530718323,0.49060223215376436,0.2108166949545356
4230.719423414418,0.8252110834024988,-1.769545846639369
4236.708968722509,0.3447168943357681,1.1976949696591443
4243.773717737391,0.20080385697220707,-2.9153422531375064
4253.1873434038,0.055839318309794946,2.7825893168413955
4271.665114473809,0.7113499689346684,-2.852046649059977
4321.289046763798,0.6950207344910946,-3.137225652569228
4430.190275807188,0.9920288147559366,2.843556480252934
4467.151342169483,0.8658079031255814,2.772511368034783
4467.150528416774,0.870689569582363,2.737544286189646
4467.1476205983145,0.8722190984843821,2.740386466496677
4467.168301102514,0.8806653042933523,2.8932293870504555
4467.160045571236,0.860170618138614,2.877301054623927
4467.189259392997,0.852202041823351,-3.1171126722489584
4467.213481597851,0.8578724059952532,-2.8625198987502496
4467.277205639587,0.8196874556717012,-2.4492417381337486
4467.991141052125,0.5699783412510954,-0.3426505942080036
4470.179510258233,0.9071117456961094,1.2329598243113278
4469.411568932995,0.9463846529981161,2.9841450424017975
4470.242461612688,0.01562850445516248,-2.9061175818323095
4473.0178876839345,0.9432374344719137,3.0010189234142386
4481.167844445031,0.011231102031723898,-2.7025244808761597
4502.6796881196915,0.8701291259595262,2.9692557209197954
4529.02079716145,0.7725665480458108,-2.879814458151461
4610.998787356129,0.879674446140083,-2.2456355300255493
4638.4518982336285,0.2934602229546559,1.941102604663472
4638.45661863702,0.2914288772707136,1.9444635267043502
4638.466538811048,0.2852371773606746,1.9728448184095244
4638.490838160458,0.29494323077362417,1.9899094181459578
4638.5398431455815,0.3140341203309628,1.9241357435942934
4638.606474744977,0.38371163947275005,1.8977549431870617
4638.7153099574025,0.44289397682632886,2.0999514873945397
4639.188088013271,0.5258978505724923,1.6284967399241248
4639.898763587,0.7656243051963761,2.8377740172536274
4640.023360468054,0.9648210965868748,2.528719262031551
4641.086838915271,0.7578469532042321,-0.07056753430945717
4642.563558826365,0.9787649711608374,2.6928560364989007
4646.075439669328,0.5510180326406514,0.1787034351832122
4652.406110378069,0.4098299779099607,-1.54324325266185
4664.348773466083,0.006058101836946042,2.963755424084871
4712.184145203297,0.2444360541436903,-2.8318614399935798
4793.5421389343255,0.04847461725853624,2.896621907741851
4834.30503173635,0.2002105856944509,1.926513706806026
4834.309575796,0.20381562748974116,1.8519600448719533
4834.318624169935,0.22439199112775346,1.7874831193887237
4834.325609472461,0.24400463153566962,1.939254843001338
4834.368392483077,0.27862059426100766,1.7904017485345092
4834.427095227064,0.31170288857382034,1.5692560378008436
4834.655843107071,0.3606377151737946,1.1377061617782296
4835.143080907853,0.46961388192420855,1.1558234209511173
4836.104410070618,0.7012984695585188,1.4754220848100843
4836.121809163919,0.9630825107212847,2.456833863203709
4836.739796733845,0.686456869660894,-3.119768747447179
4840.9071706663835,0.6964557421428106,1.229246160846495
4842.989194716673,0.6630545588927431,2.124490411332082
4850.3616583663925,0.7955213296575796,2.722519114022724
4870.462835344607,0.32342778034615066,0.6091979718937979
4907.311543900174,0.8505069609778354,2.6020789875305876
4998.343408468718,0.8978319867254564,2.3649445010920775
5041.69756736233,0.13075117804505895,1.5126942085814834
5041.697330374798,0.1285859778715664,1.4954986745440477
5041.693377404014,0.1296814988669427,1.4675065334342552
5041.715693285754,0.14132761416280062,1.279422617190927
5041.747248972915,0.15173474955610797,1.174915798187107
5041.838982174223,0.18218495786064687,1.006147623349995
5042.035045444101,0.25071729929662007,0.637386802925298
5042.499776668521,0.278740711803866,0.46477580000319607
5043.610503671362,0.3824004270327357,-0.018787413850094303
5045.749580179709,0.14372235303298206,-0.5273618914285763
5046.35144197811,0.3742402992740326,1.3332830056593554
5051.8027545874975,0.8646840571083865,3.0799761430998025
5054.486589401599,0.4925250513276948,0.3871201991703388
5071.743322622264,0.5360053965561182,0.06556427461995584
5098.435988966053,0.989751001056139,2.8391108161905283
5139.839474929048,0.0013293937812018778,-2.8773024510231253
5213.957093728367,0.007906376749737608,-3.026995000332968
5259.6011681196715,0.9128285690484768,2.8302350758152084
5259.601597277028,0.9042569854952287,2.812811089103711
5259.599463624077,0.9031314437067117,2.8468452968919653
5259.6017649135765,0.903211562987794,2.9098522857163713
5259.613905193601,0.9176201507809103,3.035915727143248
5259.6378730087745,0.9180698069391701,3.032190917211963
5259.643576427053,0.9184794478381452,3.0756989379060347
5259.631893630418,0.8768369984002161,-2.712697883462068
5260.183010567649,0.671046280497852,-1.259792079269505
5261.914422490863,0.20382130294074863,-2.6229878898016854
5263.21872240873,0.5270457592442032,0.55634469871748
5264.829785146411,0.3297919493779054,-2.789365353583848
5268.042691368165,0.10495029740984485,2.9578663976658532
5277.533114543971,0.463874856737331,0.12478691978680212
5304.223965095121,0.667581414561225,0.30314921455896693
5337.027228739889,0.03721871004052534,-2.7732341406937406
5410.20909721961,0.10561574856106176,1.7032413734625607
5442.091359425009,0.3428249211694449,1.2514822842158422
5442.107260331986,0.3512738297876136,1.2974588239674612
5442.132568537096,0.34616273110514123,1.219365861033939
5442.1573730797,0.3489379063001515,1.0813201979094345
5442.221619690096,0.3534434413937485,0.8787101620857767
5442.331430809037,0.3906227842217432,0.7654666491533644
5442.559381669215,0.4461971169663624,0.7481269475787893
5443.018848476081,0.5815409392902977,0.8675761374368491
5443.619602610716,0.8904351909306458,2.211354441888048
5443.12246839033,0.9789871854808643,2.7402136961878334
5442.183144158203,0.9802343768332483,3.06417746371565
5446.279169503344,0.0030451781233075174,-2.9180099980679706
5452.311468390309,0.5613706541205934,1.3852808336431899
5463.037126516418,0.0031298842629265966,-2.5527766952764814
5484.973319983593,0.7497296409037588,-0.621457360836768
5516.223314018578,0.007463875450415466,-2.788200907750763
5600.685339202525,0.5698404908170033,-3.0980910512103828
5642.044842052935,0.6292075749289218,2.748644542317834
5642.049584217149,0.632744803801278,2.7288401158272446
5642.044402723617,0.623719699834171,2.789149821025614
5642.057469235612,0.6369972698625703,2.7016844247209564
5642.08354598305,0.6688746310121176,2.829846149196789
5642.112002351343,0.6865371498587404,2.8876158819651323
5642.228694453781,0.6893190191217403,2.965344903296417
5642.414658340996,0.7636384745292215,2.6792464681247985
5642.708188240184,0.7638585593011943,-2.8107445661794643
5644.268589210199,0.2146552674317924,-1.4704417209364098
5643.691746007723,0.11563938721751893,2.5084470753572665
5646.751354732785,0.754664295004393,-3.0468974158481443
5654.030558178683,0.8970644602545929,2.620636692143459
5656.75595254787,0.6287779612989107,-1.4647669446282994
5692.555253075116,0.36391445529566097,-0.09906866478264087
5722.345668203651,0.46223147089515076,0.7737033196918439
5781.6154788450285,0.9650350650072194,3.018089532313466
5820.304464226393,0.640303272666488,2.471034275576499
5820.305121475904,0.6377605381082433,2.494139413392258
5820.309291139553,0.6483378974183536,2.4295017804946735
5820.324674818966,0.6662847812223157,2.4537392075362403
5820.33990893356,0.6797642682683447,2.274942259841053
5820.394083362781,0.7005990723625066,2.48647194994561
5820.514814581467,0.71908712472954,2.4420878570626687
5820.615102310217,0.8443196825996274,2.5942725069694017
5820.680955335426,0.9144866857271915,2.9196095238691058
5820.2226491627425,0.9825121724220629,2.807380433250259
5820.86966365357,0.5152670548278636,-0.9345499820382264
5823.860658785283,0.9963151226788749,2.724521477775667
5830.014749966123,0.48262163515217105,0.7594672585925908
5842.239338417431,0.24251851458339885,-2.662230124434404
5856.114542157028,0.9605070085750974,2.7588927661351654
5892.397093148593,0.28732809774780027,-1.911694332843468
5973.881787993595,0.007150996090290031,-3.130224222754679
6002.00344693792,0.0013271350323541022,-2.8271675221953743
6001.999285074896,0.0013271350323541022,-2.837185045419711
6001.9948053226,0.0013271350323541022,-2.823051260804234
6001.994013326939,0.002749518613103762,-3.0544267368231566
6001.969698684533,0.010024954724672606,-2.808156733316992
6001.910654841305,0.01792746202838278,-2.775255459597049
6001.828280882147,0.007456730811662102,3.1198333189443366
6001.708502538286,0.06543369388203764,2.9669191349229624
6002.020274536133,0.2857339029509711,1.913337797142871
6003.298921234022,0.8303745268174482,2.6181729770251625
6002.557444391756,0.9997607203049118,2.8059308752779044
6007.166697602391,0.06389581388063638,-2.160599723334696
6012.321095838832,0.9950345334338085,2.8712498802960305
6026.509042191344,0.5433230525632607,-0.15804509978755732
6050.600135295078,0.3447811121084016,0.41247399822338693
6092.27056522998,0.0822353214143644,2.863081108569677
6191.761626175996,0.9873881270095658,2.7225655367294905
6232.3748877575035,0.9965121807125014,3.0508630210100307
6232.372040274965,0.9922819968210191,3.0429214572959964
6232.3606629600445,0.9968792374844131,3.021822980343397
6232.350337269945,0.9942813178420635,-3.1259755581353605
6232.328396244655,0.9867202334467312,3.126788607368047
6232.290362156615,0.9976407257146677,-3.0128959852566717
6232.237479590872,0.9708324393448629,-2.647022928168312
6232.21693353604,0.9029609666114571,-2.4340615560854126
6232.932688069073,0.666212183136356,-0.6632230935308936
6235.24837509902,0.6999095570336076,0.808849877271455
6236.1925839258465,0.5912425084608127,-1.4407680431956351
6238.478191583283,0.4381864509441588,3.122459061812757
6240.220041811959,0.0688885756778974,2.548187859278988
6251.762210533742,0.33084247131437916,-0.18469950432546423
6263.645337433755,0.07382390429117962,-2.9185150205637447
6300.731186955215,0.0033847962673173525,-2.5469033213269867
6387.6015400544,0.7856555934640335,-2.8270815296562786
6420.926766541401,0.8784861752116424,-2.528587081871902
6420.922404482065,0.8719699223935862,-2.4764795891554683
6420.9298916150965,0.8767173277582748,-2.3925713349019277
6420.914793578473,0.88334645435462,-2.316047066221505
6420.897328873324,0.8733733442081716,-2.210152665978815
6420.925803335645,0.8148105721449317,-1.8010376158179433
6421.054525113377,0.6879084524144358,-1.379106919291703
6421.490191771239,0.5098498215604185,-1.456614118505523
6422.1645594312295,0.1675594988014737,-2.224264868114854
6421.944175828866,0.07257928059138344,2.8986916097450965
6423.539218719576,0.9436045314728321,2.4277688148516106
6426.5174909316775,0.033099141418731284,-2.773611391526797
6431.9023163297825,0.3722257429100802,2.8876888361924227
6442.613252098791,0.5288908826679087,-0.1639966614374413
6459.880570425933,0.02064866601514328,-2.917475031606855
6503.541958916607,0.949487797568194,3.0034045166157544
6574.868003677872,0.5302497606067383,-1.9453504152865082
6603.089727375934,0.30509562317239236,1.1437276109363337
6603.099841968906,0.30637214534705576,1.1564171412057593
6603.110315465938,0.30495744443134926,1.0848509871689727
6603.142684688944,0.32256530477028095,0.9768261404501404
6603.211613769166,0.3415114678494353,0.8168036433126078
6603.35787265491,0.3681354893177983,0.8780019562882835
6603.624002729509,0.4186136566318122,1.0041457107265988
6604.1222416739065,0.5639510218069315,0.8043897053086884
6605.045466525659,0.8203700553550842,1.4568154205459463
6604.983016448618,0.9076726383670939,-2.447312608464359
6606.8575527982875,0.007269642372228522,-2.841471079756264
6608.250326969779,0.8457434927420393,-1.787504273759061
6613.664575213693,0.9562068282699236,3.094899748118567
6621.914999764732,0.6877014897897016,0.6045295542025655
6641.521830959816,0.7904792292866544,-1.4176305940411542
6682.92800172708,0.8765293839473477,3.0043155569778524
6763.231701865729,0.9953354390592877,2.933734783747462
6805.442177543681,0.9550611693377093,2.75112168422452
6805.436172568612,0.9567652903300945,2.7537509305064374
6805.436956571929,0.9578365136823137,2.734988007196269
6805.415174907317,0.9653008276741766,2.6520716855112028
6805.387197831856,0.9834137873753752,2.859862799892502
6805.333811289258,0.9986576669215725,2.799656212309916
6805.290796782248,0.9829107245325743,2.825292182152749
6805.169400185013,0.9972258594452493,2.902379719926625
6804.993798086717,0.9988624401155116,2.3895941708194837
6804.95719837928,0.7159459472341801,-1.1209769409861248
6806.942027514054,0.0006435736276303735,-2.954172866931296
6811.420449968386,0.0006800109138934774,-2.5904950360569314
6816.676769271235,0.07406527874807556,-2.481677978553465
6823.206185582837,0.006822921108270266,-2.7487471186930503
6836.804403603361,0.9753774649746718,-3.012974772474046
6890.24953724869,0.570184855427665,0.912464606216691
6974.284921649709,0.8318463233673804,-3.0193156029827004
7012.55172013494,0.7340362769148348,-0.8606092723348429
7012.558704496675,0.7373159377019914,-0.8096588800600144
7012.5678714815385,0.735080342289301,-0.9241975724226261
7012.598444525806,0.73522978546776,-1.0387301563248252
7012.67158842246,0.7131283498088862,-1.0376022072588937
7012.751127638099,0.7259421357132307,-0.9319960490827146
7013.039442786135,0.628176119851456,-0.8195319580934597
7013.583858670733,0.5391557306249828,-0.9782761987477642
7014.506571747905,0.31549448386897483,-1.4766487156478332
7014.364082307026,0.0031998979800920216,-3.092167353889307
7016.107349370467,0.9142829342975163,2.936064550054117
7016.672659201909,0.26588836071807687,-2.305182899131268
7020.805831652359,0.5540671017428397,0.7753122310233627
7039.637403877938,0.11537757224327556,-2.907596787271096
7062.67747396758,0.5751712919271676,-0.6348370290434815
7096.034287471398,0.36356459305723887,-0.08770667004118105
7195.8904540338635,0.6710089422098482,-0.47103233695250957
7233.339212123789,0.3138141525645458,-0.10506513616053015
7233.353400100726,0.31029563575912655,-0.06431250640808006
7233.3639966434075,0.30369329834206393,-0.016025562626219347
7233.396011927692,0.2904059902850385,-0.08529167869664622
7233.463297077142,0.29087483391369884,-0.06944499042042107
7233.571981332541,0.29233814423719845,-0.25024112043128266
7233.810544913482,0.26193008255838435,-0.38320254654436026
7234.269889888692,0.15502290541654865,-0.7745162771643748
7234.304247357953,0.01168440143958897,-2.684311524901798
7233.7348173118435,0.05055588850827501,-2.9407011400958485
7235.287394931363,0.6111561464711667,0.7172949229357064
7236.668743053721,0.08966885520854448,2.17668692000238
7247.683425920589,0.9996418740992354,2.672366789306663
7260.368655145263,0.0740184143235143,-2.9071874186845563
7281.117125421995,0.5530514975154458,2.4959610556153553
7325.600610822175,0.015281088281575862,2.61903403151544
7400.1760427232575,0.9834012885664306,-3.0407380517525566
7453.448301663569,0.29843547282293087,-2.540564615732856
7453.446930883791,0.2963464715433994,-2.5153231678378383
7453.460540001074,0.28654653318234596,-2.5094333500740165
7453.467628473744,0.2641001715538008,-2.5546115837927026
7453.47407941918,0.2623343560038417,-2.2730266304366045
7453.524139108223,0.24926940754187293,-2.465681925040293
7453.635818242448,0.2313505278370712,-2.7276179258204305
7453.794053734246,0.1315557576334394,-2.3643384498347864
7453.643514208942,0.012233372345000406,3.131000754934833
7453.0285242104,0.01289847147914721,-2.5203101400738634
7453.249390915306,0.3051269780271168,0.7827928908521486
7455.988136103805,0.10681339366502843,-2.847654688512907
7460.969687528913,0.7256825726010933,2.0883865027177944
7474.457817700223,0.4103528927372941,-0.03990993659233988
7487.718062980654,0.024295002195330526,2.9308867167483026
7539.132924383346,0.00894997011813101,-2.8957641040867745
7608.513922087443,0.20803653511799491,-1.2998134068573828
7641.340523598871,0.7273138373488355,1.2394520113700471
7641.341278380639,0.7270899106176588,1.2554187115949649
7641.352180901492,0.7349442705654804,1.2378158024967867
7641.373636019436,0.7330089925631382,1.191808793507593
7641.439031484885,0.723918074399229,1.0802819190527462
7641.5572158268005,0.7508291105369435,0.9832667747123098
7641.750879822627,0.8296428445192716,1.653324009329335
7641.914036189904,0.9086077060092105,2.4928840226022526
7641.848027508944,0.9390983589318568,2.8515305026022526
7642.163322430156,0.6658988236169349,-1.3093938624610038
7644.007070043106,0.14440299171764012,-2.8553771836853774
7642.620655676142,0.2521154712054106,0.7608446311457873
7651.428240744961,0.6397776283589038,1.0950352580303697
7660.943615614713,0.981634304942527,3.0619781632037473
7678.162134585127,0.013782946724767032,-3.135329134405684
7724.304477983686,0.4580665811304233,0.15551801708340873
7813.553880847393,0.7018171904631232,-1.3480444756638255
7854.416682863235,0.4397516470378368,0.38856416597184484
7854.423322424158,0.44454926669205697,0.3792831893574595
7854.436665676148,0.4504903045286797,0.28203778983652006
7854.499841445039,0.45362068416231194,0.3177924562198342
7854.573669495035,0.4781477101653654,0.23586758999354496
7854.764154714951,0.4807132523441913,0.3982039140207223
7855.033765824763,0.5201505913027967,0.10987363481351764
7855.664844868436,0.49153631157541355,0.0644585799934374
7856.901043097473,0.6827694167766521,0.7421933983269788
7856.802691415125,0.9960322734653403,2.6137437178152823
7855.855572436066,0.9835506930543373,3.0046345420813045
7858.740672109497,0.5913292671773999,0.9695338011569037
7861.502029617291,0.9686802726222,3.064676565947514
7869.1691387417995,0.4933400319912066,0.27183740574201387
7887.783032944211,0.0039309402773310105,-2.734156765539317
7921.94034929991,0.16880822223652053,-2.499713283768551
8010.981345382039,0.002611522790102275,-2.571353267062314
8043.729265482479,0.9985599451405562,2.5425840159421593
8043.725353999984,0.9958873338943404,2.529640897426342
8043.726788528377,0.9979588248317346,2.472167276824985
8043.707494860153,0.9984962912829023,2.5257587365029703
8043.680763351643,0.9980105850755222,2.552063370588561
8043.656404805774,0.9975509893839225,2.5003884084183543
8043.624662109991,0.9998087858933863,2.7386401892937773
8043.432728509438,0.9938604964672497,2.4199917806598634
8043.126142199702,0.9794851182189126,2.4968939798846392
8042.712027230565,0.8938374256387362,-2.118186515649954
8044.816382915656,0.06421941823260435,2.0143025619088863
8049.192893468922,0.09901098383789475,-2.457453996293231
8052.353030505137,0.21194240010835474,1.4623251140476476
8065.925696785177,0.9783033288642538,2.661972153233002
8083.984414282508,0.7910237210141667,2.566925911707468
8120.890301358358,0.9913447533714587,-2.886182442751991
8213.145593265923,0.18848593575404565,2.581417370654558
8237.82772458499,0.9645978840958185,-2.787943747986352
8237.826610271526,0.9634468428356635,-2.8102846489232047
8237.840911743153,0.9614786550354674,-2.773197425011763
8237.833829023195,0.9581881450628292,-2.7731195525050407
8237.816078039556,0.9543428474964462,-2.7247910661982915
8237.824077707091,0.9473945958761415,-2.8287557150693043
8237.769409562901,0.9167156400778891,-3.0358684311756625
8237.72429139013,0.8992581144706674,-2.9742152217270723
8237.732432723733,0.9290898240692875,2.8260370063178684
8237.30272135682,0.9838963026930767,2.675844684792514
8237.469868558259,0.4517708963749998,-1.5845586118322603
8239.467388662828,0.16247246420883085,2.432582611703399
8251.60023700122,0.41582767061016507,-0.22834370456546127
8260.356207028599,0.12352851631683588,2.9539707075194688
8272.560836460356,0.9626156226245216,3.0015592570816505
8305.644546752914,0.9837576902532005,2.9068320850022946
8401.78716744841,0.5193416860015198,0.8960063279384274
8428.558615581253,0.3018772002072494,-1.6662268292190172
8428.562684567049,0.29769755070907367,-1.7199751104972327
8428.578175944058,0.30197979793496454,-1.8222412767525045
8428.58128337933,0.29045609409285483,-1.9793814214142242
8428.591619509116,0.29370745684900135,-2.274815061680162
8428.657413994219,0.26505899551452505,-2.7405527967450123
8428.74540615175,0.26971280592345914,3.066725682402744
8428.925510469047,0.22737957705371944,-2.6497932783088163
8429.072526968554,0.0026258397590418468,-2.5758436231783124
8428.545677583352,0.005021155270531532,-2.5212689607625416
8428.050199600359,0.13039297298203384,2.6061351830445023
8431.12923018393,0.97840309944774,-2.7345601045556895
8438.700866570192,0.007784759194089948,-2.685877333955578
8443.400847656982,0.9281009331363135,2.4550749368100115
8465.29793351954,0.9331459786742548,-3.086672609624076
8502.103053609117,0.1093731729543581,3.1027890491098358
8573.317140747584,0.4640979017263782,0.187598770113222
8602.3329570096,0.07299040825289604,3.0865208163312925
8602.33369777929,0.07155493140069721,3.123006703787219
8602.332575983817,0.07781513905667818,-3.119286743565212
8602.345953971557,0.08958580536248245,3.1351028915244274
8602.31080426076,0.093539009094555,3.0495363271936196
8602.295516510078,0.11025665416994589,2.9999546698714177
8602.242499560882,0.11502293051398751,3.0659520034861094
8602.21799025399,0.05371260191453102,-2.8828271910638206
8601.905152069641,0.012259644378996046,-2.76823228205835
8602.063245308804,0.224573945407562,1.867831208583227
8603.975897006054,0.9719447955907116,2.466626260889983
8605.820961952693,0.05951144837974034,-2.6614558206499663
8607.805440933427,0.7158235071760093,0.0491420064569037
8617.225624224313,0.0174239324994623,-2.8289022371782955
8635.798525107828,0.990526065605084,2.729946896810576
8680.973244740126,0.24865657579965714,1.0627578170560543
8763.46329824075,0.5396556119965175,0.8153285270618209
8795.25728285194,0.5102331530737805,-0.6565225192399669
8795.26426019261,0.5094335949555254,-0.6861105845465971
8795.288144160346,0.5004517905866447,-0.608714085386727
8795.312490966737,0.5015977922097237,-0.6905598950650349
8795.417660649187,0.48000800721899095,-0.7624544089061018
8795.56788390071,0.4385048460868376,-0.9234319097034893
8795.829386344145,0.3619869706846896,-0.8343642121386146
8796.319071245785,0.22670864482137829,-1.2680573800832018
8796.474710925566,0.004017868778140393,-2.641544017243822
8796.012078312948,0.029978407442910145,-2.946868379248239
8798.02938207974,0.852299669593907,2.807189698585989
8796.439943258163,0.8749653114987399,-2.413967053824017
8801.530561885967,0.9981024801538029,2.035109379219012
8815.493375971815,0.006767060697151769,-2.9250913126839495
8828.258060969538,0.395064965046989,-0.9726955954726284
8874.152026166641,0.9851866858306564,2.8421482911386704
8946.157292479365,0.9299789507994113,-2.9094771325018822
8981.713016843521,0.0002364067890914624,-2.636789252012342
8981.708772162556,0.0002364067890914624,-2.654242344101092
8981.686639483078,0.0002364067890914624,-2.6028583796767917
8981.682457898618,0.0022018928594453933,-2.556427555256493
8981.691235243163,0.0016748353213375342,-2.728219289736724
8981.651033869051,0.0012675441950127573,-2.72195401497798
8981.551284545943,0.02342692289857997,3.0961413356503975
8981.452688906213,0.01524245374977405,-2.990394708752865
8981.250210466249,0.045650988165692165,-2.910407860490525
8981.61601099793,0.381607841061109,0.9108418820968964
8983.292047984121,0.5280771895951674,-1.6806165153188815
8986.72296628818,0.27025487980004315,-0.38234233048218025
8988.397334151512,0.9714786890522966,-2.7465548181029042
8999.714151787486,0.7236850701955794,2.9784577455265495
9015.29295430704,0.8641188672041524,3.060523421257539
9039.81835075857,0.5344033115477874,3.141275337004455
9119.15235507883,0.7669441464923572,-3.0306583484130076
9169.27147619707,0.4498363137760706,0.30253605586607435
9169.28079968803,0.4492594395185364,0.2791836329069213
9169.303211530345,0.44873804569184383,0.3563676421894444
9169.331599485633,0.46123393280139263,0.20184895265607894
9169.409765255512,0.47006200686048666,0.2577279227879985
9169.549245120019,0.48707000823195495,0.34632250895381844
9169.841761199381,0.4902362602018551,0.5068120751769656
9170.4516936923,0.48228674040338587,0.009511883301603241
9171.660974918475,0.501758603955882,0.49031505798401076
9172.990422207205,0.825525124602977,2.880121199043062
9176.559055208443,0.383643610328427,-0.7438124964750452
9179.909694675222,0.8510010877170459,3.0004272922394666
9185.854068744466,0.9902076786697941,3.0889408328137122
9199.001660615093,0.1577100360362651,2.3819265585688534
9215.96660843992,0.49460492307570153,0.7323939074769146
9256.58465201599,0.8125063785451877,-2.809649643418409
9345.89481024971,0.0067234783358721475,-2.759670138465366
9373.283715682284,0.6273634155702377,-0.7042472744416144
9373.293559558328,0.6205603071650966,-0.7698466503892081
9373.304221048917,0.6124092405983865,-0.8023360231290804
9373.34180492483,0.6157767161422131,-0.7679504175214458
9373.413252933995,0.6004240784595749,-0.6071502412837884
9373.572334574475,0.5783954821109771,-0.2103651922302543
9373.865952647911,0.552651620159706,0.00810689383872365
9374.428976781766,0.4776963277885246,-0.3082379164082494
9375.559745503739,0.3379739462813279,-0.9153035417010069
9375.963211951257,0.00798568755702335,-3.0816565487619374
9375.052966988093,0.004306480117050042,-3.0975505363606968
9376.999668294355,0.8544617149570097,2.8141324969307853
9380.513634231545,0.0007955778738218931,-2.991278580710579
9387.890230426892,0.47000261881209143,1.771243522434986
9418.781202737357,0.8834866877067066,3.0334887694315142
9465.518639760841,0.9743354796717877,3.0609391364496537
9560.27083512565,0.6619874054116762,1.6448826916327928
9594.38913601537,0.637082575061622,-0.4079496906541853
9594.401214755966,0.6370822403845103,-0.36443488368274135
9594.429873484016,0.64187601653251,-0.34593106874176227
9594.462531679023,0.6436783269509241,-0.30971955351423963
9594.552104157956,0.617171554040243,-0.30422150754459176
9594.677752038666,0.5884128766963768,-0.4347998610840422
9595.004561868196,0.5487919883128191,-0.5322964510761219
9595.6044546062,0.4622613362175031,-0.4261903713335986
9596.830331256686,0.4359993410349074,0.07329933373237729
9599.32959664937,0.27150319277818913,-0.48169247827563044
9601.47946900529,0.07050100306882659,3.0505620339178234
9605.876357413219,0.567235197388976,0.09606084399494819
9607.208095221546,0.04334557425171619,2.999380293698847
9615.819008808674,0.6627154173356505,-0.8283742158496481
9632.60646844672,0.04217971580047634,2.4040996332143516
9669.135630016532,0.9741084236220591,2.792396109596382
9770.398262195054,0.9135232367054228,-2.759268240176013
9814.460944959843,0.8427519688847974,-2.5432356572260795
9814.460029986703,0.8441959289644471,-2.499006187443038
9814.450483550163,0.8425838752524961,-2.5590774820547026
9814.448724073416,0.8295593598836206,-2.513106854302407
9814.463123329033,0.8208571805074805,-2.4570006750209927
9814.527991415474,0.8063912283480641,-2.927248837600225
9814.600181155924,0.7735282809352874,-2.57763305105363
9814.819190641387,0.7697411669406405,3.091189284798351
9815.18625360866,0.5840294733857705,-2.849305210864609
9815.95969301797,0.810245982431267,2.7372519355811047
9816.824467931883,0.46961272026005985,-0.7813380458600192
9819.262148413212,0.9233383980037982,-2.510325636143592
9826.3841112853,0.044699766778020934,2.8009142931688285
9839.792308450096,0.8917358019192791,-2.68276840501521
9860.521597201048,0.4462493744976278,-1.9314446666460772
9903.197234819463,0.1680934518923862,-2.1318666465183838
9997.738147520855,0.067101619767366,1.4177652686690587
10044.683385810798,0.4935415810482817,-0.41616377611339184
10044.699169762735,0.4917382998627322,-0.4176186952546175
10044.727928917118,0.49887843025290785,-0.4320192605197022
10044.762306424398,0.5008445647141265,-0.5425928105796118
10044.80717909853,0.5001276415613086,-0.6427581733776848
10044.947576247047,0.4889874200119811,-0.6655162801309462
10045.272591451258,0.4102908449845602,-0.7836488446724892
10045.744588405923,0.24613920093106728,-1.0818973555221714
10045.974980752715,0.00514354305159718,-2.7279541242760863
10046.376401551692,0.4465768894999416,1.0746071029985753
10048.037480029669,0.9365268257395244,-3.086739570574928
10051.770087650302,0.7114762016832146,2.729043875286841
10059.37647510975,0.9927484495893852,3.0056827724501023
10069.848005861244,0.4091198283807268,-1.4723423932690485
10095.634759119892,0.5021131256667195,-0.013774014984087923
10135.44015663473,0.06738948029287714,-3.109935636046478
10230.476788536185,0.9020961674421673,3.068802079421088
10259.070600404235,0.3585174871225333,-0.14520756328255935
10259.081136443876,0.35000014908701615,-0.11452342614982847
10259.093766551812,0.3534253851336438,-0.2037279591890946
10259.128568525188,0.3503692171427925,-0.20846401537695947
10259.201576458461,0.33180219328654603,-0.19782517209692374
10259.304240989923,0.2825439449165297,0.0818057136189334
10259.575424133724,0.31557865766172194,0.08561630864984604
10260.15115870008,0.450785711540142,0.6432219685091081
10261.36787713197,0.5826334108919409,0.7123355442518982
10261.889466730598,0.9710532329712146,2.801725525469841
10263.01395032008,0.489151831849445,-0.29239684221431217
10267.612448278554,0.9272402067252297,1.037924043004291
10272.641603130252,0.12857003706536727,-2.848811670674718
10277.296093278434,0.2592417132051561,2.4294685164790053
10293.648757272977,0.12490957031288523,2.828291676585579
10340.515197967663,0.3990678342229022,0.07004292083857822
10413.111060308229,0.6459343189341337,-1.0437210487481545
10446.371559153993,0.6466928589747813,1.6278987695096543
10446.369255940936,0.6521888897496813,1.6597846371665712
10446.384034755607,0.664852171269628,1.6328735123366949
10446.397799487017,0.6744212175840079,1.6471644264643484
10446.437957834776,0.6971512299132782,2.0498676524529262
10446.545040383799,0.7219286662445797,2.18673501762035
10446.655553356633,0.7251988780805636,2.811696858545341
10446.855465179571,0.747920912044135,-2.820604283523516
10447.359336318468,0.5447016108599163,-2.4216736883762264
10448.563524289988,0.43997847413235724,2.7340040896258992
10450.697319734008,0.6433002400503455,2.7595844630509347
10453.819858971752,0.1422153473826084,0.955123353466103
10465.121639973015,0.0036447958459121083,-2.577318281408763
10470.76938194974,0.08393215464097821,2.866173355651396
10492.56273477345,0.5655627766107894,-1.3933383802075943
10538.94822870638,0.047559599352711396,2.5608946085876845
10616.714836452524,0.016874542335474575,-2.9268569018827115
10653.800727643606,0.5420681231931305,-0.45321095008520196
10653.80721474528,0.5423383315952811,-0.49802857777194065
10653.81857438655,0.5343378561685425,-0.5312142095772954
10653.85064069129,0.5536821726092457,-0.6063782280476588
10653.924300464823,0.5399633369777457,-0.3789956626270228
10654.045567933203,0.5203458120487848,0.022053796306969797
10654.343735330305,0.5111840033436054,0.19542972516170432
10654.960206955086,0.496206551278879,-0.4325743421609669
10656.041838812014,0.4800737143182853,-0.3267840966720805
10658.366092124514,0.7373143744177302,1.7284468186744588
10657.938738026178,0.9993443230852198,3.0124682808283696
10661.251936844594,0.3930739407539611,0.5789030176356991
10663.773470098598,0.6918447187711869,2.2425720512185148
10672.311588131843,0.5046032108896018,0.5670193263592171
10694.920702471807,0.5686284419476759,0.04989141307600731
10737.091873162992,0.3155758590756632,2.576409149158165
10820.803722050921,0.6134089183493124,-0.4541132452848937
10855.759959190209,0.0010429151032187545,-2.912109598658974
10855.756984649197,0.0010429151032187545,-2.9596667486918204
10855.745162683359,0.0028947068950667043,-2.9740033864243536
10855.757103888425,0.0011195068967180923,-3.1099465577422096
10855.74900706096,0.007299223279322356,3.0052766914977562
10855.730191382361,0.012833509832797118,2.613584206278465
10855.677989800592,0.019867646126666902,2.7924414859562496
10855.641472235751,0.052858550321679465,3.028533243632987
10855.404484794506,0.020747884188126838,2.91433078138434
10856.702606887497,0.35485263310734416,0.3170734090357237
10861.450062799262,0.4790918482637375,-0.5812386186728706
10862.304793230513,0.006045589362206923,3.1010997377663587
10867.686228856108,0.28860220425841826,2.104423384317701
10883.180111113646,0.9773909355151252,2.9777178060102223
10907.707655632983,0.008420999668142252,-2.9344947351637467
10949.214227094157,0.9888470186520378,-3.043534520604922
11042.79715080234,0.8450007271390033,2.971857582502798
11095.448503429376,0.5538785559426921,-0.9882437986697119
11095.460503481534,0.5550160140256173,-1.0089298887004121
11095.466305975264,0.5524200298051539,-1.0298065583402272
11095.498701980634,0.5492675138099051,-0.9729110134715966
11095.539666085711,0.5188230911442957,-0.627792880925425
11095.699065618222,0.4733001186198762,-0.5610896167828678
11095.979144809864,0.44218772852203886,-0.26037640246123184
11096.59895882235,0.4381898096459481,0.2918307923935153
11097.836807164578,0.4581902773989682,0.20949560417117485
11100.189044552284,0.6031705952204021,0.8916584696013379
11100.617942633473,0.9856969568110313,2.802407095455033
11104.722311400119,0.820349797523387,2.19617653172649
11104.566249925596,0.11587790780516062,3.0788585562896156
11109.21070916335,0.576865193657184,-1.8791248891282128
11124.84822208213,0.023008754922627023,2.8515640037112036
11171.725453943436,0.9916220939429481,3.0722475999380805
11255.766295670734,0.00030522311694537946,-3.1162551763675927
11300.46094165354,0.004137730466247718,-2.495155250052513
11300.457227723353,0.006586562963395138,-2.48589955925983
11300.457711494717,0.0019112924204181389,-2.428737451117042
11300.442794153345,0.0019112924204181389,-2.4149807378337034
11300.436354307183,0.01629514956510517,-2.530098500597653
11300.393106359454,0.00872984422696194,-2.9623887343721984
11300.332026181824,0.004426022154687334,-2.727009145586474
11300.237409311316,0.0005811794790847027,-2.795432063196185
11299.995775990625,0.04604695317245409,3.0760431029039585
11299.649069536064,0.06103749164383336,2.178983640032625
11303.413366361281,0.9921566571080362,2.1923384780190425
11304.42813481969,0.928580517412046,2.6842370568096605
11308.130490273448,0.9699821621225939,3.132251959906018
11322.26372538033,0.6752118064987394,0.41785677967425006
11343.066794593937,0.09729903493792334,-2.273775394270329
11391.110856351794,0.6194478676682376,1.2816412837088018
11436.443533154554,0.7121746826800052,-1.3684957335722
11475.700034123882,0.7958534677829948,3.0312766600007324
11475.70406280592,0.7925066054657299,3.082864277332483
11475.704006965501,0.8053321790954109,3.0871689241043523
11475.70555670298,0.7848382820683781,-3.0655140444696922
11475.720633521098,0.7724689458523161,-2.9991385731679903
11475.755966409768,0.7442956692987881,-2.867238418813496
11475.824517159052,0.7248396227699349,-3.014350275616144
11475.968369180186,0.7579482730822122,-2.7447681992461583
11476.709418746945,0.4893879669661259,-1.444645005987097
11477.332891663713,0.10623387059014151,2.8386638337586687
11479.84948337422,0.6397140833701304,0.55578365099172
11481.42579597483,0.626791909741162,-2.6201335781774717
11486.341686412869,0.9620549776312664,3.0414285032988424
11497.008722521721,0.032667085735747774,2.694550897868975
11510.942072296177,0.5662350547715135,-0.3374931787582858
11555.236677213188,0.5165321746751409,-0.38525647145931385
11650.192909097625,0.3319495530354571,2.098593124840251
11689.666805483703,0.19819943981038274,2.918940536896116
11689.669595918258,0.19530061593568118,2.909374842137556
11689.66913460293,0.19967555622780667,2.8825757839578836
11689.658976412391,0.17581181495362413,2.9299074472254096
11689.668246525844,0.19257778412173335,3.0735868246950844
11689.691155060875,0.20297553349426178,-3.119176528590551
11689.748838074638,0.17073625274027468,-3.0414533634862235
11689.82113310702,0.19383949728762637,2.5652266792329463
11690.567745282167,0.5287010757204658,1.0337967295721633
11691.094588195925,0.9741002669578164,2.8684105957278145
11690.15243730354,0.9871998349254889,2.9690108049054107
11694.257347906223,0.016134540253024916,-2.786418786028838
11697.292941484264,0.01660733375752891,-2.7453487649867117
11705.805362162495,0.0014878026871481221,-2.6252780993867377
11725.88890105378,0.9908009692041212,3.0477998303093923
11756.160340103906,0.11099778905639028,3.0547699032150817
11845.063559597254,0.73248331562613,-1.101171954931917
11883.890019996943,0.10698422810817416,-2.530668458596111
11883.8945689017,0.10431164438113878,-2.5579723400375203
11883.898099914391,0.09997005563283538,-2.508114243908908
11883.905215564999,0.10022671610434114,-2.492737261257018
11883.927087293645,0.10385647103993717,-2.5433161733771223
11883.941887764351,0.10059796230863294,-2.7328227728972028
11883.926284467843,0.07234321942721894,-2.8878830311654955
11883.868005161126,0.07344400952633497,2.997510815227992
11883.880733519274,0.1897743795417917,-2.840542385893982
11883.770488993376,0.04905385955045101,-2.5978601142891296
11882.811620499822,0.06265130854849918,2.3558685228120435
11890.3797067522,0.816121014020694,2.1296257553809737
11895.380658133141,0.5160051026828151,-1.1663092037029172
11905.889105432247,0.3517777120220803,-2.8400989899199853
11923.680021319697,0.050391100021138904,3.000573257389064
11954.942743937827,0.7868572066398875,-3.092317028716756
12030.650547577166,0.8414841479693235,2.9152042283838107
12069.960620567206,0.03481941190014084,2.939889699721202
12069.955274728187,0.02915854377849196,2.9467909595611115
12069.961171669465,0.032355141248834186,2.8493874132366592
12069.956909274886,0.04080858355266203,2.975906104081961
12069.958228531448,0.04997196814833324,2.9770147178105724
12069.947997862775,0.06517475721206048,-3.1059542376676954
12069.970045723034,0.08723968707069929,2.4310625572196507
12070.113972803372,0.22064151603744575,2.1045155571643797
12070.779814844527,0.44278327925871175,1.1929674935001042
12072.131006076645,0.80998410084691,2.5379695073091213
12071.475705739045,0.9882586491881246,2.967741694197283
12076.628266153093,0.46437605141136273,-0.017012148377629988
12082.003347915206,0.13157101246693062,1.0986724701261483
12094.433994113573,0.112494520063694,3.1181982913878823
12112.567672324256,0.834062330880919,-2.8457369890096627
12152.727205339183,0.3975645099339437,-1.3066023531609863
12222.130649673902,0.8275317413910058,-0.9333792096021067
12244.405840346775,0.9997993744884385,2.8215079188651355
12244.398684311585,0.9970040513060278,2.8976169828123925
12244.39064886219,0.9984239674797916,2.8182057760529613
12244.388061852384,0.9988927871214356,2.785970969246309
12244.38430064289,0.9871776058403905,2.8542722698360645
12244.362342921491,0.9946089281111483,2.772382849619369
12244.30888213727,0.9938797788986016,2.934477037396282
12244.162690452833,0.9547411815408281,3.0786465130009164
12244.203507539933,0.8079095533828583,-1.1062394636614519
12246.178838422993,0.35100533813519086,-1.171469044746926
12247.027911755029,0.38904509407345333,1.7719568909076813
12250.086128561632,0.005168880278580218,-2.6369038980506443
12251.521700281692,0.005169060758184156,-3.038399359042799
12265.024570539315,0.8657145716265565,2.4953873380330407
12282.006630794303,0.39218778170390844,-2.555650045266168
12324.678038450646,0.7689877881470221,1.1034206054438638
12396.72792159815,0.9486343438089454,2.8198785284061714
12429.712304602941,0.913928344345522,-2.7820297327665746
12429.716447754294,0.91394450208323,-2.8228450839045673
12429.71818587148,0.9132171127779645,-2.8545612384637775
12429.724195978739,0.9023314535031637,-2.8317236204030305
12429.71794538927,0.8804028330022616,-2.602905859103932
12429.708265433575,0.8380663952924641,-2.3512140393492316
12429.770072799249,0.7670953121406054,-2.437683392968557
12430.066125699555,0.6339689361905175,-1.8596975706801973
12430.992257384865,0.2640364989796502,-2.020130565555733
12430.920129739558,0.030327761023644713,-3.1336413448120726
12432.68099671668,0.9884110796039011,2.6042485693724062
12434.484779038532,0.21986376373319,1.906670351870103
12440.423830423857,0.3821649906295719,-1.0685078410025444
12448.83227219691,0.9681698623530598,-3.1173290945767564
12470.709821186872,0.19132862993738703,-2.300095628821117
12522.493418926639,0.24977224815921645,-2.797227642827648
12599.643298245377,0.20708470192853723,-2.5599450544677045
12631.154253245712,0.14598764357362154,-2.9663988928896883
12631.154461775986,0.14957049667789968,-2.996186042507812
12631.152210849863,0.1455321288496746,-2.9578240371250364
12631.152501416065,0.1407726246617802,-2.979886663326939
12631.164510868804,0.12853435848016914,-2.8774961444205345
12631.150056082904,0.12213155638079139,3.132004840452767
12631.124353468595,0.05838872121463526,-2.809256413624378
12630.962532919219,0.03377292960448478,3.0473091911990835
12630.823981721756,0.08556928099926975,2.7537490225281704
12631.936206811028,0.6445144664226622,1.9321035384120062
12634.517993151898,0.3377396285100369,-1.2449375623970658
12636.910870737129,0.9295503552307319,3.0525160279175205
12641.299960405926,0.5800940905747854,-0.9061872849156742
12658.381010273839,0.4208709770102438,-0.7194571304171369
12673.963268319292,0.9584472546145507,3.028613559414965
12711.478157650801,0.2800568737826859,-2.2875450207038557
12789.073693967728,0.47037865652707683,-0.08017284038790073
12828.66993824989,0.31353967199411487,2.3822456216970913
12828.671590271453,0.31890311274918864,2.373843578402001
12828.676922554156,0.32203418378225307,2.3314158956551205
12828.685941611888,0.3209619353621756,2.3821009885079985
12828.73867675394,0.3321101026269546,2.275231434770265
12828.792993921208,0.3524354468063422,2.1918386856842282
12828.992647911808,0.3953499736395744,1.9315907079062296
12829.449130796356,0.5347331455793732,1.58330119638648
12830.100227738869,0.7941995755246952,2.2109385348736836
12829.933862823113,0.9863003861311228,3.0497026622414554
12829.111532324341,0.9071947356138184,-1.8275312244500697
12833.618344834284,0.5902702500010047,-0.3446025082426507
12839.006448881262,0.9898008298621541,2.99250256059349
12853.5514661345,0.180240727326397,2.162362556425938
12878.046262936821,0.002880561756240718,-2.903175777400124
12908.71519065714,0.062212367360291794,2.4800102659499164
12992.153654627533,0.4430288420376581,-1.746662423935068
13022.205548703227,0.01495909169116862,2.9704026150855185
13022.20582312054,0.01611641109556772,2.959482061188881
13022.206322090125,0.012252498740782459,3.018807830215996
13022.20040484293,0.03131594103657667,2.937748335683743
13022.204308297525,0.015479736352925433,2.819490958416827
13022.194067570766,0.00782114162702113,2.818936961240893
13022.206881265884,0.021956801129016733,2.4360678650450467
13022.378637654907,0.25947247685533936,1.4521807742707047
13023.272866908093,0.5309859699926179,1.2447540729473907
13023.822705294588,0.9850658506153246,2.8837943800040247
13023.869676292728,0.4867951623997337,-1.4882748178571352
13027.887978450595,0.8574996889416805,2.3417522495854737
13033.134959406838,0.6238116120267101,0.2746356728417747
13043.19418396672,0.8611855497675873,2.369178527429197
13057.652659970325,0.6976971628163258,-0.5535620638533927
13108.987779677727,0.10504443131618398,-2.0445372736184453
13174.362501700818,0.2468953993291728,-1.1490267755369088
13205.228482255727,0.09498866542805244,-3.0859578273548935
13205.230269163994,0.08600237478158057,-2.9784517537812603
13205.220699497802,0.08139740792792209,-2.980509441107039
13205.218547503353,0.07211485422520887,-2.887064573852232
13205.214697528438,0.06318163957784896,-3.133695808169397
13205.174104268863,0.019765140558627728,3.0387835063801303
13205.153266804171,0.06203948254106727,-2.767944710154181
13205.052194649847,0.031325680288699066,-3.0504324291174827
13204.878239976657,0.019720344537591205,-2.84339121848005
13204.71943681187,0.024625792716367792,-2.851880325087599
13203.882902284686,0.003955804398636296,-2.5534544280422136
13205.299617314267,0.9650058364372721,-2.7253979633508547
13207.809276833188,0.029922644577107204,-2.9674717966247255
13217.60911150097,0.31125009168584733,2.97544945231241
13236.75309635534,0.959104141221491,3.1155557102154274
13279.547970534974,0.09746643013594378,-2.293467406568901
13340.531302880534,0.996194212031293,2.7774205758614343
13364.889822113602,0.8630453610535629,2.6126475542632797
13364.89322292324,0.8639449584504747,2.6316907658905304
13364.894335789266,0.8592553650032024,2.655209280240423
13364.893453996669,0.8602464849352336,2.801180618991383
13364.890882678888,0.8916662597187495,2.926820096085768
13364.895593668656,0.8820317930790993,3.043134459306554
13364.944253757689,0.8301255985351129,3.1405074815502703
13365.000100383006,0.8465531689127673,3.0912821674208786
13365.327536297858,0.6584673830024095,-2.081874229242342
13366.621091496378,0.2845193501525874,-2.572513949076179
13366.363913012814,0.09695022297725801,-2.921484526597109
13367.124720856133,0.026538667528791356,-3.1298718215180914
13369.618440207612,0.06108198898917015,2.017685241712819
13378.576913605724,0.007303429723739671,-3.0917752664322
13392.627625388632,0.20719858813164527,-2.6810193232339197
13428.709977216276,0.33008431437439045,-1.403230612699342
13514.968611700857,0.8380474807049392,1.4917419769062246
13557.747994833671,0.61431869036125,-0.5130068237843792
13557.755126158907,0.6137037529526472,-0.5714444135884986
13557.781662888861,0.6100745585467234,-0.5630830678074483
13557.817299388926,0.6011615151559998,-0.549540065103987
13557.866215008484,0.6050163573954088,-0.3611499936523246
13558.034561056178,0.5927023982565937,-0.20828239031300955
13558.3149600667,0.5660915832762691,0.10103153449427849
13558.961491752223,0.5550648643697439,-0.20139062244725636
13560.140169654404,0.47945469966247856,-0.37235414870834216
13562.009218615825,0.17801542841055676,-2.3990510772794136
13561.258807056929,0.01655921203777716,-3.016992007671307
13562.513421012549,0.9895756023937136,2.754888280435555
13563.649434996863,0.1798864851047822,2.7634804377585622
13571.034000055695,0.8794059553704948,-1.6648465293618284
13600.244601104287,0.9684609786290183,-2.901164074707758
13635.939144762231,3.405793767218034e-05,-2.5644481810568602
13713.752166698938,0.9900157425488554,2.9036978514996505
13742.528686146401,0.001060491457146105,-3.036491388089888
13742.522666888664,0.005913760979862332,-2.97012819575435
13742.523446627963,0.01066692171370167,-2.9307722459302656
13742.51574694802,0.006452107629259603,-2.9065876285059606
13742.472307610558,0.02421679005029861,-2.8664107947923094
13742.425916506952,0.02013535468271433,-2.898298937408668
13742.35403931822,0.005902279824068812,-3.094591382582395
13742.214765111446,0.026096609822907235,3.020993958751844
13742.076005660754,0.06550492777314142,2.901556459150445
13743.348664309247,0.5672887688389244,0.5938425883151628
13743.924178629046,0.9537646492421973,3.0210815696834334
13746.949734300064,0.0031675489477738534,-2.958929637230025
13749.54475014996,0.013556871390461108,-2.545824456861771
13761.011931135396,0.007333338106200434,-2.9903586439301564
13779.16779329311,0.41634592188201774,1.2491861248266307
13824.597792363642,0.4047339635549087,-0.3554209744816541
13918.105201189821,0.848603708423003,3.028820124622417
13951.24832092201,0.45592996484770515,1.6619734787563099
13951.25411439181,0.45916583530906546,1.665057249095165
13951.262032783314,0.4527648215195263,1.6482972944222603
13951.292958435042,0.4597518580662724,1.5458626217896194
13951.334231495586,0.48883255854752794,1.6401652267309954
13951.437021745338,0.5156307206884506,1.383064494850058
13951.682432103224,0.5974141816104419,1.4924668154002596
13951.982090913792,0.8219476270454479,1.7665506180667458
13952.142405376544,0.9702808171153077,2.5498513167339727
13951.635610298717,0.9965737475121919,2.6195012944256657
13951.201364665481,0.6650319568613027,-0.972671377983275
13953.63323477417,0.8289199125410945,2.569260934735933
13957.419723584058,0.6184000226415516,1.5313372936886571
13970.598320845796,0.3203870243549917,2.02121729836709
13997.610969010622,0.003161431264693544,2.799059069257007
14034.56604194278,0.511958594309367,-0.3531688137404907
14114.709947837793,0.9806174404434717,3.0203357743521018
14142.812526421245,0.04846516684958327,-2.9354412787889776
14142.812134789365,0.047019983833122315,-2.9209337263744284
14142.815343860915,0.050353835129819,-2.8635036526949533
14142.822957513501,0.04212756680194117,-2.8009642415283245
14142.812939277159,0.046426866638151716,-2.6872039084867287
14142.79985111626,0.032298722787612276,-2.6874163790628844
14142.749506620621,0.01831394455464493,-2.9340618692862592
14142.608870687285,0.008151551619653655,-2.9587747454744586
14142.384669201043,0.01266668390776626,-2.737811465657802
14141.990204974605,0.013136229367635708,-2.8230050621827605
14141.762341383628,0.25131830160863844,0.6481417678846606
14148.04632258937,0.9981413899808005,2.6447850371247217
14153.225886502989,0.22291643222184163,-2.7535214762643863
14162.823455233574,0.015865752595588117,2.9358928570034877
14193.463002163879,0.9902426321933092,3.0641100631473925
14233.423356410976,0.47730627981493623,0.03915495649734346
14324.611083128977,0.5309304783935063,0.2957628597919326
14375.941024087404,0.15158569738070132,-2.5969756464655394
14375.941592073372,0.14177953715770725,-2.6499307498698634
14375.944781377848,0.13268726888720667,-2.758623522544779
14375.946497250812,0.12486459005199636,-2.8384550700220665
14375.964342843143,0.11019445066172681,-2.7742392134690914
14375.941805400817,0.07351980957472569,-3.0554326027849816
14375.920205201188,0.012155711093832776,-2.9760149046089084
14375.740033089953,0.0025975334665406706,2.8848200193632625
14375.954157573718,0.2847104212402872,1.495215180869394
14377.42560952795,0.8691815042092174,2.4266080111318864
14377.81784220629,0.5754790557902243,-1.432090241581677
14380.436727812232,0.9552421929182398,-1.867111676449116
14388.385732520608,0.9972585143557797,2.4939419228652593
14391.285236290638,0.8260917266629706,-3.0721830034066127
14405.000710084587,0.8527119177257692,2.5114034309966566
14452.788155241416,0.20424597973230674,-1.1368020426447574
14546.57925560287,0.9851719182499921,2.7560463623546196
14591.1443160983,0.896076332468209,2.9173377274747665
14591.143799492307,0.8924081603575961,2.991028568259111
14591.15246809637,0.9010694484250344,3.037458537366234
14591.163430215329,0.8999980409887675,3.090557503127762
14591.159617323221,0.8993219246431997,3.0635902788841314
14591.156022341114,0.8734704853710759,3.051629272479518
14591.164629745137,0.9240979738180182,2.546652224718221
14591.044350216825,0.9783711938536561,2.8475560938304216
14591.088420589826,0.8082027683888413,-1.7340126698224316
14592.991850280538,0.43970234102839,-0.5165469654540997
14593.731405018203,0.03580475135801456,2.706628853996812
14596.457153570182,0.5636096668082957,-1.3287907453513406
14599.32952134815,0.9797029472609825,2.949787424133339
14609.887560961293,0.9686549731568176,-3.0923742226074484
14630.413978535262,0.7489251354621245,-0.5327856075388384
14668.475979604726,0.12726571111534743,2.591342263026707
14748.545039808829,0.8970472606803089,2.4867620403814863
14778.371319231148,0.6330591967104726,-1.7987333307354398
14778.370207788446,0.632044994145245,-1.8196930949280334
14778.378000819946,0.6269509611664774,-1.7643561747859366
14778.39353968155,0.6121516317521076,-1.824130994704711
14778.461992831033,0.5895464093556418,-1.734513824358189
14778.569823150323,0.5479909252890152,-1.6157939985211986
14778.782676944682,0.4792130570146216,-1.5446391728602205
14779.238129069485,0.33749470436851303,-1.6014792646983889
14779.624019181743,0.04066659749557465,-2.6844751084298744
14779.715057850683,0.2637723273133976,0.9668840870622146
14782.565664339401,0.335228161349508,-1.05287435488182
14784.284349042688,0.16706900424859786,-0.5450409594222361
14787.890864432638,0.9971977199550712,2.692619819587849
14800.319426174456,0.5621622708474483,0.0031143230855157356
14820.094710307976,0.03575460236129491,2.9104178867634714
14853.225355996721,0.5411702703206748,1.910134153434905
14917.935971544463,0.0032902053323641974,-2.4231136842419185
14946.479111743221,0.067357042775774,2.5913594689262247
14946.478939878627,0.07076546392663889,2.5629863574569427
14946.480887875667,0.08608920867721438,2.433996753226076
14946.476507342653,0.09091301315041436,2.6192833683742496
14946.478460915077,0.10188106852106808,2.3010681325994833
14946.495686978056,0.10447402692610233,2.105102880422711
14946.588357454868,0.18509919881527706,1.8347877173800722
14946.96302332036,0.401399098669582,1.4029364664444683
14947.806939564813,0.6549108772768052,1.9107209285082707
14948.134161862814,0.9802949664708509,2.69744389607998
14949.309604428645,0.575243000018647,-1.0288609270075737
14950.180344315575,0.0863963647233612,2.90699988065367
14955.272040956937,0.8607842455994451,-2.392204747130874
14973.514361200781,0.21762088323673176,-1.7612878085918686
14992.64776267714,0.7671810675074465,0.35527736403103694
15038.435390692552,0.5327090968173154,2.015053799672941
15121.458761359623,0.18810408911819232,-0.8883373893591582
15151.678386380503,0.19754630332277484,2.670437563724718
15151.679090887184,0.2011869765739609,2.7428470833000347
15151.675973390285,0.2082943633817949,2.7841176374847425
15151.697721775872,0.1942110188852882,2.908540569421577
15151.724498720605,0.2002501124465946,2.8188427107356873
15151.770216018216,0.18510412606860346,2.88586306621737
15151.84313918918,0.26231765260310186,2.6466034891155594
15152.066713286604,0.38555809342019676,1.7238506710216859
15152.901173923578,0.6497981875803952,1.9591023872644255
15153.49802200611,0.7368897072424225,-2.2088296305986677
15154.959543633064,0.005360290679199848,-2.889266269489118
15153.24478463666,0.21012880717437324,2.1999313277729744
15161.470925060026,0.8859778816509474,2.841712231008019
15173.080687269774,0.9926255044030009,2.7137003062120577
15199.62556857232,0.9947328589219446,2.3085144398715034
15232.782950628954,0.9842381949258815,2.9553259357170196
15311.156373044063,0.8175163258805848,-0.7856733755382801
15351.259395857143,0.01941137892784985,2.571089859301914
15351.257135952015,0.014048131599739446,2.636772813657987
15351.24790129238,0.012121052929475053,2.6657990097426536
15351.233614547364,0.015341070900551696,2.708801950765004
15351.219296943726,0.016111438338194416,2.70734738038775
15351.18611403797,0.03080056444607774,2.574778217084903
15351.138606195134,0.03298862648010594,2.4911727255526124
15351.215212958969,0.1669935282568239,1.3544729329260896
15352.076799711116,0.32678219882237725,0.19826338768942353
15354.407676369467,0.6110541112581627,0.7538959333199742
15354.385330862893,0.9580690676136688,-3.134400506652846
15358.074953934742,0.41457269126046264,-0.042793176601256366
15368.000373040635,0.5373112932733366,2.003454202496526
15385.475287323,0.9501743805456068,2.6325676780679803
15399.356709969292,0.37857915002538134,-1.62942778713173
15444.562188407619,0.35533156932634896,-0.8425005979602305
15535.39487838639,0.07596294097293597,-2.7365280267080716
15579.324084874735,0.48460746743072813,-0.12430440189509495
15579.334716355379,0.48917370361114915,-0.1489611825539474
15579.351415170504,0.47283134488502615,0.0251801452350926
15579.375012164772,0.46605194422786983,-0.05384288091854739
15579.453536911562,0.49376184599674655,0.017888585945462054
15579.600258448158,0.5171393587179928,0.18033670678785318
15579.911021892756,0.5279411294226197,0.21786188652846317
15580.459485664747,0.6654869673672849,0.6368203813873508
15580.842790878476,0.9183442502174386,2.4488930044220103
15581.395989071189,0.7422718591898844,-0.5272002760921577
15585.743348129567,0.1916710832517323,-1.2684064505347128
15588.087305754632,0.5482645370849029,-2.357391651454049
15595.103371383702,0.5489960702079281,0.9093807522582518
15599.206713050135,0.19170417563925063,-2.198563850074243
15610.16483029569,0.9038070266183661,-3.080247050718868
15652.782655380934,0.4417743249061857,-1.1153729945085238
15719.737822191193,0.9950586697779753,2.9920464135534868
15764.194383835158,0.3818380397359654,-1.2181460516458167
15764.19786809465,0.3836090852879497,-1.2102073524438146
15764.207404420664,0.3823516760891678,-1.263559024632256
15764.22570718188,0.37590833208060753,-1.3219139985870183
15764.297041807771,0.3498025120630308,-1.4076831620079349
15764.438435570279,0.29656764669823094,-1.7452693109774007
15764.572234619349,0.23047378401906785,-2.238056644114668
15764.61615934152,0.11065935230454504,-2.868831386733445
15764.514798619726,0.03775818698730272,3.0907100163046497
15764.033616225006,0.021989629411574493,2.9418804632602296
15762.948809476116,0.01409438352919393,-2.707731503245687
15762.853541534088,0.6414232689582393,1.4742667390566009
15767.61044507049,0.9756456167061501,2.846602616351772
15781.79977299418,0.44762150790907806,-0.02331666975918001
15803.215945647915,0.4586466699085963,2.894468906306111
15848.902588680918,0.9801185301592609,3.0845393838055344
15924.048568693994,0.07096419077160332,-3.134219637645103
15959.116695462208,0.6784262636254687,-2.2198347266021745
15959.117243883167,0.676943526361429,-2.195660609800944
15959.120299114415,0.6739727897545564,-2.2479310453272108
15959.130065648542,0.659982172820116,-2.4359396331003285
15959.15977898965,0.6452409609422783,-2.190694155153197
15959.278978657587,0.5719372267399195,-2.183275630798392
15959.413112911227,0.483976193504273,-2.807158491834356
15959.664240896596,0.4689471815716979,-2.873829522343736
15960.151268822927,0.40299011681770575,-3.0430967225757453
15961.323291407683,0.3925472017412374,2.5106672840858906
15962.652806838381,0.9173665240874581,-3.034904853949426
15963.954668346943,0.025599547725050232,-3.017054664006644
15972.772931511136,0.56615294817862,-0.16226597230385753
15981.78626124077,0.28199715042953777,-3.048783133940632
16006.435280093918,0.006335211673010533,-2.9088895905756584
16039.91461004304,0.9490758007191641,2.874850095337816
16113.309959323537,0.969512865285164,-2.921544659485888
16147.637767997663,0.07126170398471797,-2.920916801582338
16147.641364136874,0.0756094001299804,-2.9297989645919205
16147.644916951609,0.07315442561302876,-2.9512970786837647
16147.662604897821,0.0631288730342581,-2.988738222087591
16147.64877625052,0.06315059214218058,-3.015278114988903
16147.641047797353,0.07770128793599158,-3.0976724663081394
16147.640528942666,0.0781121001796027,-3.029661606893007
16147.609065520573,0.12354969451384114,-3.112796840422152
16147.93847554106,0.3213541362534701,1.168712574510713
16149.891240653647,0.8335610535675111,2.2163007029216715
16151.724748676359,0.5182001542282305,-0.34944595963451697
16153.794922064964,0.907478766164718,2.9022862646357357
16162.454043757509,0.9623685659481483,-3.067434999984359
16173.080238165274,0.4786846921555474,0.4851106886363561
16187.680996269419,0.7939261297406196,-0.6684200627500632
16230.765352009514,0.4998893409594561,2.0044918002597534
16326.639202102317,0.6562563235702474,-1.9724722172510412
16351.645714055912,0.7029169334059222,-1.2443211008688528
16351.649840731841,0.6942235670029421,-1.315072703316419
16351.67219142124,0.6908416081189471,-1.294550089575659
16351.690974910898,0.6844266826687582,-1.3161118902502236
16351.744498420101,0.6480221527109483,-1.073687277403966
16351.862791331983,0.584057252077388,-1.0164788994669314
16352.119547769198,0.5048864789515979,-0.9969349601963939
16352.599745616897,0.33953544298019,-1.2476705145039746
16353.13506546544,0.16553591507976578,-2.712561020721176
16352.943226015057,0.021634584503533897,-3.001847160395578
16352.309848541743,0.0052264198740153145,-2.61626079910536
16355.06794371238,0.879916003147152,-2.8175575544376397
16356.893145767428,0.9496619693726317,3.133822685040302
16359.953720392,0.17073685617579257,2.4489648698154483
16383.142790719707,0.9595566272305934,3.0046938118342563
16428.215285329105,0.39113823346002163,0.5292447595438832
16513.428842438592,0.9803407828501302,2.8911154327863393
16551.030351408775,0.40792515032482374,-0.7788367129715179
16551.03859422381,0.41406986650311584,-0.7644134943852756
16551.07079172406,0.40954020547991976,-0.8336814890858566
16551.109664162734,0.4101611187543993,-0.5913572262246909
16551.171511189572,0.40285662584992954,-0.3420403329770205
16551.31079287008,0.3488698141188872,-0.6434017232170484
16551.576194061592,0.31450327125422434,-1.0262675157320098
16551.88701695983,0.1350377570848305,-1.7902758578805509
16551.987157164283,0.057054114715160406,-3.0842931355466883
16551.680299811076,0.00449728842832756,-2.6158534014873416
16553.357615149773,0.44991021439621404,0.0025182326340122962
16557.991645590275,0.12257823781130056,-2.9167133695620335
16562.547579991013,0.8359099424175296,-1.3976036804426524
16575.670040680896,0.36140860080946724,-2.1162293417468017
16589.162385139945,0.5616556333217911,1.7055453739712974
16637.007032055077,0.09956894622915667,2.6866581080991185
16715.51508385334,0.9778270624032052,-3.086329235913868
16748.712977312094,0.9463742325823765,2.972630739902142
16748.71287704745,0.9443134805578675,3.018795545578742
16748.70868178583,0.9483821005065575,3.0423075278509906
16748.714479182567,0.9598386682599807,2.9920301216587113
16748.692117259925,0.9545173556709875,-3.118801607550374
16748.687900894485,0.9607596643880549,2.6652162479362556
16748.6620701764,0.9483517665730702,2.6930579784822957
16748.503074910237,0.9538640368294186,-2.920004869183593
16748.491801884,0.8144608271305139,-2.971527705291986
16748.88884313325,0.858662123739445,2.892090562119207
16750.36959472615,0.319068048289291,-0.7836484985174366
16752.936007743418,0.8300099862128038,1.8893400896708155
16756.224135244738,0.8354890774368288,-3.0347078378370402
16767.366132028263,0.4197968756592125,-1.0119447702881317
16781.51670831664,0.09854879189199524,2.7861245465882147
16819.809567518325,0.4510012685315145,0.09211275832781896
16910.528912300215,0.27275440260450673,2.314601115990822
16943.909702255445,0.28149309451989046,-3.0708227174653935
16943.91548063806,0.28050801895952626,-3.0570622444833755
16943.92172590156,0.2736821986795041,-2.9871009916720848
16943.936573253468,0.2755561661164817,3.10006220889575
16943.950122275408,0.28055157147168597,3.0989357359529333
16944.027668056995,0.2867869529994352,3.0846559210570916
16944.141856092865,0.2947493594002804,2.945762171188253
16944.397392471612,0.3535390355512939,2.4970677680828226
16945.051220271976,0.6061994117730304,2.30942593304888
16945.41006027731,0.9974904025667336,2.9939846365307057
16947.294519485047,0.2000337106359045,-1.6127700584404454
16947.91081632941,0.6489633006539339,0.7769385888907583
16949.44923885854,0.0019483624470417054,-2.498100289809572
16959.19038150121,0.4742465843254617,-0.5669690427361029
16976.949821286937,0.38388311636146133,-0.4164101066697201
17020.406217171316,0.9963060506936268,3.1188007075900828
17106.502122424616,0.9972567489689919,2.8224055316930254
17141.252943813775,0.9957983732430635,2.85726228873796
17141.25600939753,0.9976562648412091,2.8630103958469313
17141.263943272024,0.9953568182294281,2.7519053677457164
17141.271308795895,0.9828279371486612,2.7218410135109803
17141.271967628072,0.9996054967494299,2.8881483810575928
17141.26170846316,0.975512427052494,3.0416401849011887
17141.209207435993,0.9887520944060268,3.0860557557900696
17141.084560617095,0.9887101361268917,2.8613753640391035
17140.790104338,0.9966165504947258,-2.8828176172528224
17140.338898553186,0.9894084976917733,-1.9712201599235937
17143.658097372863,0.12836753458721728,-2.845484249174359
17149.297630098405,0.40606892968654695,-0.8313461766766781
17156.826285407606,0.3791826469923959,-0.29038265041017564
17169.199800087667,0.918909195628468,-2.9664715575683367
17186.080123099106,0.009812423511166122,-2.5080665582395563
17238.054151885695,0.6553057235248275,0.39611025780460896
17332.64445313942,0.003805101683309748,3.0471363178245365
17379.394101020192,0.2596389979701325,-2.025809224863089
17379.39805372316,0.25858099532428513,-2.0114788574932794
17379.41334848962,0.24821099835647709,-2.119355756054374
17379.43305246103,0.2598880337966878,-2.027143622366707
17379.48832340777,0.24460707885420213,-2.0241417363200447
17379.5303974323,0.18688724295345618,-2.1863889958855576
17379.636702854066,0.12964930232571936,-2.525277645258485
17379.67752247287,0.006270950566250682,-2.576919550776289
17379.420194160622,0.001835593580213752,-2.543927238011498
17378.986116362965,0.08413686504201102,-2.833269122904465
17382.11771195032,0.15057380866999168,-1.5793349289696723
17382.958235618546,0.8657530682303892,-2.5800485714213974
17385.952207450995,0.051944062876118066,-3.1200433404707884
17396.86921569384,0.9831553137782941,2.8143294609698426
17426.128548954588,0.62684806458603,-0.7690034863979176
17463.56176417724,0.7700394268272704,2.021190948454165
17552.49589264752,0.012324526130873467,-2.7755810507236514
17588.118964885005,0.998767077648889,3.0776850848637185
17588.115668269653,0.998767077648889,3.1226670226682343
17588.111056250717,0.998767077648889,-3.0983658322628997
17588.098675345333,0.9903581208588279,-2.947522298655761
17588.081190412508,0.983777676223448,3.0888795000667493
17588.02996093347,0.9953675066786093,2.9821131704407717
17587.966890478103,0.9987608943320534,3.01144158496113
17587.76299041796,0.9905597569020755,3.0994340948538976
17587.43969899997,0.9979103487434046,2.963416877251177
17588.26601352036,0.6114701682350374,-0.22990687665494614
17592.910688412507,0.5980978501547304,-0.13106443143425084
17596.17021052485,0.779590887355012,-0.8404047981712344
17605.54756437257,0.14587782872850388,2.597504543506899
17612.979698324292,0.7486660535320722,-2.961492794756295
17633.205463933675,0.031677701725514686,3.0450719645887103
17668.85261966477,0.8224927925799773,-3.02810053793993
17758.47715527836,0.7623983042071996,1.3769335079409561
17803.212474275908,0.3948608297770236,1.2965579092140702
17803.220944834935,0.39414179604635746,1.3786376621301821
17803.23431800712,0.3952809402258561,1.3911488824799738
17803.258732151095,0.40973286930348374,1.4459280656756963
17803.302373715615,0.44526339872449694,1.3017927453005633
17803.451270357204,0.4829335411899865,1.2335036872605496
17803.70263607113,0.5458473253524254,1.2964595017301663
17804.190246142567,0.7180149174518995,2.5437995068385835
17804.60749998492,0.8100726515344083,2.749287689853136
17804.450963781255,0.9875318888668654,3.0729498288871913
17806.463600424155,0.57062829905857,0.2369878605510043
17806.80760979329,0.7735467762302862,-1.8197281242973442
17806.851280020717,0.4000528591858947,0.5174665878460787
17825.216420855704,0.049553931930503434,2.9282426590803414
17850.656664444432,0.10690389848309981,-2.614523131797332
17893.573925809145,0.575933827654583,2.977940253572376
17977.152143281324,0.3655599839150357,-1.391348079231154
18017.375406063053,0.0007285457014980529,-3.077927780689087
18017.38610774477,0.004890772139531825,-3.073780628148263
18017.38064480636,0.007283839843848513,-3.1226047325888056
18017.36903306861,0.003140526480701178,3.137131708209939
18017.350543035074,0.011621778127708367,2.9467589758601456
18017.320679134784,0.033435160612684055,2.8727155697460756
18017.27023835278,0.0790911422200901,3.1337000813872447
18017.271143227284,0.048143875062319146,2.9412270131375493
18017.117890338108,0.049862055264577355,-2.8988023246830847
18017.27795778063,0.2966006542281092,1.261724598700205
18019.160446260103,0.7036635329464407,-1.2979353521233485
18022.38035158086,0.9992891775546986,3.039346595164358
18031.763271152537,0.36167434891815364,-0.6187486580455115
18043.774941536478,0.0009480525128067394,-2.6325754860478945
18058.72349258214,0.004500073200672956,-2.700415237382361
18108.100084492395,0.6141754821048998,1.52820063404942
18180.87798224063,0.004925031292773161,-2.987310899777142
18210.47016472056,0.9575147437134299,-2.6345740071176924
18210.471369270777,0.9527051335207243,-2.598898447134142
18210.456701698768,0.9542251118706181,-2.5445926998125565
18210.459982534652,0.9450607137797097,-2.4896310965233877
18210.452336256512,0.9603667576197771,-2.176618092512966
18210.437363770958,0.9169136018487533,-1.4981487102570785
18210.564246018672,0.8541849130133863,-0.9516468807218539
18210.97613020579,0.7035272636035074,-0.3034327951657163
18212.158172681775,0.45868684058922843,-0.5696411690394552
18214.299436233778,0.20851132316357812,-0.11178953692112481
18215.34772427648,0.09884934438613965,1.3579554282634385
18219.664928147642,0.05511782090271597,-3.0921536497595845
18225.870334851115,0.9853637987916751,2.3891359747535788
18240.089350716167,0.5131066137665381,-0.7155981368716287
18278.725374199523,0.9043810355027292,-0.21742858693192169
18326.399377656107,0.23436207563961128,2.8219888212201
18411.487224672175,0.13841947869871649,2.2557181492635934
18452.33790265423,7.688359874083819e-05,-2.4998267104020226
18452.330145705437,0.0063703635577062705,-2.490535782284582
18452.317111120166,0.012273683005452785,-2.4741113080413077
18452.330424947333,0.00800133748701491,-2.616109196973613
18452.326668832713,0.02688109689778133,-2.671042583508974
18452.296992818094,0.003542064521137471,-2.709947890517774
18452.215004928807,0.0003908052401280296,-2.8624906940739905
18452.118847981852,0.005672487875409024,-2.713911694112295
18451.994463610154,0.05343611608099162,3.042731602152182
18452.111942861866,0.26638596351277455,1.0523633628597624
18453.500528741788,0.9878430295248506,3.078242258159068
18456.326084633976,0.18015018862262341,-0.29931686081808895
18456.631722983195,0.9895100664977892,2.895881305209162
18469.971346126837,0.2942326860716475,-2.3645219106919613
18488.542799686464,0.002351228201900639,-2.3495542447414324
18531.82794111119,0.7630859114641296,0.04561038099069492
18598.641250750872,0.939823644151707,-2.9899742344620797
18635.435735484927,0.48606579062656796,-1.91431287931063
18635.439000172733,0.48580081467156916,-1.9844045185747095
18635.457177760036,0.48579957935852985,-1.9972198918637178
18635.480997333452,0.47571855697487836,-1.9070328145926299
18635.529621133097,0.4501798067682836,-1.6883855104183711
18635.65528084642,0.4255586441096964,-2.1491082325527087
18635.79104977745,0.3491328917231503,-2.1609551374478313
18636.072717347117,0.19893388847445784,-2.6851847412535714
18636.215096267573,0.05432044777709404,-2.822220584891307
18635.776798907256,0.11119668163244938,2.4308706943290055
18637.729552532146,0.626038068479828,2.1438021893482446
18641.282856533213,0.6209068928246503,-0.11657565109113843
18646.34510755463,0.10569423617408602,-2.591873518516458
18655.59835274295,0.015409789799979097,-2.9315308243494806
18679.153702601852,0.012365972532390487,-3.0567575521085284
18724.7609785487,0.007332038484012969,-2.5319102455855726
18802.305446950304,0.821919886686121,-0.2740625584574401
18846.06271830827,0.01247236305083746,3.1227816797264616
18846.059879348508,0.008412658251663442,3.049627417101984
18846.055593348858,0.00993635414915628,3.0231248447901438
18846.059553909156,0.008408631025890739,2.95946547818558
18846.02199957764,0.004247834112184838,2.8627979949365887
18845.98577002385,0.008464839984682174,2.6533869451379957
18845.89786328065,0.00755354881729287,3.084516140455877
18845.812053070753,0.018283303532969974,-2.901487007554066
18845.606080761176,0.025306851397237835,-2.8126117171437603
18845.80290040225,0.3420735312508189,0.837159016629978
18847.57239566218,0.6357745226376913,-1.5010880792537
18850.684281985545,0.025369425833369114,3.0319891155633005
18859.485817534816,0.5453162485685659,-1.1456670640735598
18866.490297719978,0.9219589288599036,3.000271439854198
18887.77492228402,0.760476279381273,-2.4220737718779106
18923.220805360797,0.643073719311845,0.7588821542939588
19017.764107799405,0.23195374774330693,2.082371095917132
19052.43014124069,0.002165971767235135,-2.708935697225235
19052.421189621164,0.009690877936538214,-2.722112317883069
19052.414084196254,0.013949672477073127,-2.7655491764800413
19052.3929214396,0.011349783354542136,-2.766601855995324
19052.378579265744,7.60462309048764e-05,-2.8081362673592953
19052.349336587937,3.882735800765668e-05,-2.6496914059036727
19052.330385986403,0.006487955868235893,-2.6202513911850147
19052.20870030378,0.00036878059380435007,-2.982452407064279
19052.002814113006,0.038009225293829114,3.06944294466439
19053.405084757414,0.3539334181899718,-0.13030281639606534
19053.638802743193,0.022183392689525933,2.8012437785958877
19054.882710894915,0.9840452115996154,2.899809082489094
19060.80056754967,0.9935335550358678,2.763830279395995
19076.55791744358,0.942160460653981,2.651450724367985
19092.850742898445,0.984080488828471,2.795186039747236
19133.317963748745,0.14993898929716115,-1.6378916774369918
19233.716407145475,0.6885200248567178,-0.3687489723291719
19279.6894371664,0.9558878437489887,-2.8582184441800966
19279.68734777517,0.947838795153307,-2.863508043308674
19279.680896009104,0.9418765016209344,-2.88315829864596
19279.692668123927,0.9332917854173762,-2.9183586235391306
19279.675165103137,0.9091494334723795,-2.7114514068772126
19279.671969009585,0.8914824848913024,-3.016493377951653
19279.646261500937,0.8757711683079011,-3.1336395819370324
19279.743045242973,0.8421364069808511,2.6008316299482743
19279.86970001079,0.9482376087990839,3.045861079177275
19279.66165625005,0.8261275480800438,-1.5767681644952716
19281.97110279018,0.01285671954506111,2.886783866564251
19285.677378056345,0.18497699128727893,-2.8242068470214665
19285.708507463183,0.9455487817436548,3.085527317180917
19296.669193564372,0.1372921955959124,3.0505141560871385
19320.875373115807,0.7283232011816113,-0.4530669904052722
19364.709497286756,0.9486154443819641,-3.0663589758804695
19446.91618766725,0.0473453217334991,2.9569453872690232
19481.362922093784,0.9924886292380396,2.7808629493030192
19481.352315031218,0.997304089790818,2.7655900361862145
19481.3425721009,0.9949395139977808,2.708208595220917
19481.354344691288,0.998990172924319,2.7456292373711912
19481.31958530675,0.9991733345623773,2.8083006473381573
19481.26047289349,0.9940694073916124,2.9842783969137816
19481.187939643125,0.993111989989913,2.9284125925638964
19481.0453085121,0.9825485009921682,-2.933186832062769
19481.498169674574,0.691264602487085,-0.9635374705479438
19483.294329800287,0.17437594968930475,-2.7208129312048532
19484.95854668676,0.6856617054125183,2.1732435843720292
19483.48054361457,0.9078670683464679,2.5693022048364016
19489.193892003816,0.020837647293695385,-2.967917994672651
19499.613651797048,0.011211782817264562,-2.997951952334083
19517.4273715926,0.07663458460270942,-2.5236733027034646
19564.968319983676,0.035092552416770256,-2.0283868805734433
19647.749886054426,0.7239000374960965,0.09308101905978239
19682.46996149197,0.19283006943101183,-0.9500644297584389
19682.470676475412,0.19501381357708278,-0.9044149292087829
19682.48649910772,0.1858103699113166,-0.8297669783131933
19682.498861242755,0.20108213921063506,-0.859560791580809
19682.576382617764,0.17518688210033093,-0.8794270866515665
19682.681547125518,0.15503389639005993,-0.9378742808260876
19682.78769970865,0.08784700842656394,-1.8951835105092454
19682.714992350877,0.008966549368865227,-2.6001491018614327
19682.407402092762,0.005794134582215671,-2.67080760912364
19681.81821422172,0.01671913762895676,2.940022863498804
19683.741705771776,0.8042453692982049,2.4490957315949817
19686.47366268858,0.5248677915213615,1.2326079523530264
19687.429000696146,0.14078216377820613,2.3580404650087052
19702.900080513456,0.19730971371840664,-2.541276492157298
19722.27592298284,0.7708375220649258,1.5576680736650586
19783.41358417164,0.039333539932396626,-2.4045837583646517
19864.477013913383,0.24309909830999285,-2.2932685785497364
19896.31114630704,0.8045534724794146,-2.4603972611246174
19896.31351856651,0.8049709634016063,-2.4630407619183914
19896.320507896547,0.8090140472801147,-2.433320920173905
19896.323730928696,0.7999785876198019,-2.384080932938265
19896.347816237114,0.8012331267196529,-2.286931791947261
19896.401429534493,0.7690316971231328,-1.72577629560852
19896.60587966875,0.6880593058407242,-1.3362932336490334
19897.041826472603,0.525840013097229,-1.251623910631734
19897.989077412458,0.30725688996133343,-2.127914091132835
19899.08217846801,0.4635171813704587,1.0454278566526867
19900.202856244952,0.9383438206866643,3.0387620102872157
19904.073310027747,0.5159708839309456,1.7143713530292732
19909.333122898963,0.9582885458909264,-2.1837556939886804
19926.877934899636,0.08859203072903904,-2.1834494641513182
19941.719880191282,0.12251201345730774,-2.8260081628262457
19974.003731244713,0.08248538213753334,2.957248802073069
20068.629533655057,0.19477303699743975,0.26639766017752375
20115.46905496462,0.6592668178033888,0.6817395772225621
20115.476179195575,0.660431220738543,0.6541042791893412
20115.47807506793,0.6577684037198408,0.5767320209835187
20115.52194310656,0.6666121904711797,0.4693680453464313
20115.599569709924,0.6809854771386277,0.5971058856081415
20115.720282744027,0.704782530048969,0.4706193297602437
20116.00200718148,0.7163657557928491,0.5617343017448224
20116.50769925626,0.7279205599159583,-0.34119826820081434
20117.61702449859,0.6238453638892579,-0.3685468701553378
20119.783462867643,0.2980657949424655,-1.1410862426496347
20121.58030275088,0.6039728126874897,1.6501395534972945
20122.855661864618,0.013416196922881136,-2.9356517278384175
20126.169475063754,0.9200138029360014,2.276185401936135
20136.563099968447,0.0019810681991147844,2.9897842173171867
20160.551959465472,0.978828656060892,-3.009642992213318
20208.219349009723,0.9934765184082885,2.5358813901762236
20277.51264978216,0.05320053114257812,-2.9719073396571676
20311.927723807577,0.4895452333467872,-0.3771838813933215
20311.929273317743,0.49298740052670503,-0.3489071926424345
20311.94548302808,0.5006096812216826,-0.3369748781203068
20311.9855016111,0.5061040607678418,-0.348196147898574
20312.051886419824,0.49773483332116863,-0.42555264204922194
20312.158565344598,0.48248923530366583,-0.45850288043340814
20312.430519969184,0.4181033973225467,-0.26220501493218906
20313.101591482184,0.4216920528537357,-0.04613219026271764
20314.34077362045,0.46684689522549294,-0.1053232126364243
20316.782783193525,0.483747307658275,0.3884679097528174
20317.62241301127,0.8054012031423354,-2.1979867363496957
20320.80706522236,0.5514858973928666,1.0462404721764589
20323.245250362343,0.9383913609038754,-2.7356414588485567
20339.15408351865,0.8351752741238416,0.18258982181814343
20369.681260408204,0.9110151468917544,2.958447540152804
20422.258703868232,0.8470450927907619,2.409719984947798
20515.840579890017,0.06031807171042038,-2.9321223449386924
20543.68985096959,0.5396034939210745,0.7800578596029064
20543.70247726807,0.5412678929692131,0.7391329512197373
20543.716212333464,0.5443946382455463,0.9265323584433123
20543.755117255292,0.5765713631587467,1.0679317082072357
20543.79644059437,0.6050856279330237,1.261015648629714
20543.89164626309,0.6427224027885514,1.4207415238184424
20544.107622114625,0.7343775746109694,1.4318329922027777
20544.259988264523,0.9058973044040228,2.768253226111856
20544.207953595127,0.9272281975613583,-2.8439254969680325
20544.340643195927,0.8112082649629523,-2.775642633969294
20546.131069627496,0.07529118471367459,-2.9676650664848703
20548.848136458906,0.09679362362779409,-1.6955789381852657
20549.956328669396,0.847975830922184,-1.1895501260287598
20555.930899942206,0.35406014419569337,-2.5450910497038977
20578.4235235111,0.7237682096954763,1.4641715784702978
20619.52455844489,0.024319216028175356,-2.9332440331533522
20691.993004014697,0.728203980483627,-2.8241417204088033
20734.931190438445,0.08711573200741153,2.196353807593015
20734.926748885835,0.08547976967691652,2.1779211482036134
20734.91996186038,0.08440545202824457,2.152085319681907
20734.92912773827,0.10880359680957731,1.9411001369610128
20734.93741785739,0.1217428490644548,1.7210322486501495
20734.99692982602,0.16905358347544172,1.2136621746266352
20735.15714289863,0.22085453487024406,0.8307931309377734
20735.574742040535,0.3116817729634698,0.8556354155009767
20736.760409135488,0.5428374937856395,1.1296375217203138
20737.357088367757,0.9041751341102552,2.977781403113866
20738.427061655995,0.6283506063950508,-0.14145418596715587
20739.658785745833,0.977383230413593,2.8536708324942595
20743.821144339738,0.003014703426535895,-2.8693763079896044
20750.912860385964,0.4360025629557139,1.5914091231275966
20782.01747621611,0.989730192211788,2.868493313869947
20825.43694493709,0.094084938141537,2.20365973424334
20899.56938241384,0.8732229154697548,3.0383901932048065
20932.34553715174,0.7239394048317108,2.0940190236389586
20932.350414992823,0.7301966648058963,2.1001836860094087
20932.364264762684,0.7259916601786149,2.0868093162526202
20932.380280916845,0.7446157370201975,2.15858626157271
20932.40949804127,0.7714293840811897,2.243852124532731
20932.486567817297,0.7828753007319028,2.2476539608637234
20932.579278524376,0.8221402059331951,2.6925168144114373
20932.604524811584,0.9205557101663286,2.8297566992129664
20932.47213597248,0.9053190686628245,-2.7133174313160837
20934.068393703135,0.3886713944872173,-0.6057073009858476
20934.44479243207,0.07916417790988285,3.0897509278530038
20941.604662121532,0.441881289515899,-0.02107371175328998
20945.883076673566,0.6219687121804461,-2.271429789003761
20955.09590548485,0.7533399812998228,-2.896316772026322
20979.966580395136,0.49082345291567236,-1.3450109403748691
21040.164615417998,0.6237900726429938,0.8360324297857198
21117.702896779512,0.1782855977077162,2.295748227711451
21164.410402905814,0.31475822659035146,0.6067261267270383
21164.416632124423,0.3192495387449372,0.5674504432232812
21164.441082008572,0.32249571900961554,0.5049712953775605
21164.487017895684,0.32272738292635234,0.3273621201782806
21164.54138436497,0.32307679013951796,0.7053568659637541
21164.681830965845,0.34311619544897504,0.5325647622921581
21164.94706512636,0.37638226589972984,0.3678494802701371
21165.554905816454,0.3621267187203932,0.08326738180411164
21166.69903376489,0.39298878720099195,0.4156443670075416
21168.82974220763,0.8133420758903955,1.460839730985711
21169.16197198251,0.6371699260997432,-0.3815690729299206
21172.456475821113,0.9911368650537072,2.8077252972915314
21180.049107919072,0.19670192340284948,-1.9478311318758565
21189.814606172324,0.4275335045781137,2.482249476658387
21207.377770150608,0.9605771652131058,3.0737519315903272
21257.124416196955,0.7425030937992749,2.8700843413927295
21347.330738664234,0.763781895295443,2.811844353054564
21384.83865469663,0.9673248752737604,-3.0165674923996604
21384.845196212493,0.9672918286697237,-3.090395797847454
21384.84276001878,0.9773013672050891,-3.1052097615500363
21384.848206633902,0.9747516679884471,-3.1213236369347506
21384.838489814632,0.9661369434158509,-3.011923105314622
21384.794807487207,0.9705416168273314,-2.9315582067339943
21384.7262050175,0.9441646176660361,-2.7019064465333247
21384.841291770503,0.7675116013075096,-1.257015046414409
21385.758391640993,0.45567438605319927,-1.4060470344416578
21386.72166480626,0.21917464862823294,-3.121115729193986
21386.60806135526,0.11533149644418077,-3.138716771226227
21389.746034413034,0.23621380437922687,-2.3936037523380707
21391.367557435937,0.05790520568465794,-3.128507879345813
21397.950567133517,0.9897972885948573,2.698358019321324
21420.437985104127,0.574175231457367,3.062247040676467
21467.049226469477,0.7838246546469108,2.7677926625071247
21545.991360718224,0.9856133477054269,1.833997113267257
21583.81429838428,0.19252820584019137,-1.1754518858230218
21583.830421346553,0.18855672453554806,-1.161627660402593
21583.85432776879,0.18276106990823415,-1.1809875880662526
21583.883624259106,0.1812636623289661,-1.3530636773002356
21583.913755896367,0.16690533102384558,-1.353125178495322
21583.967709157954,0.12295470819959217,-1.796143978516447
21583.96607626899,0.044597584211144355,-2.2055948731098756
21583.89074281295,0.00928634286281689,-2.682091129356182
21583.674497379016,0.039239053485521896,-2.9193379160446153
21583.324390632923,0.14355292848909704,3.0825169060345132
21582.98535867079,0.01627869762576513,-3.0809193499637533
21585.096723697963,0.593478590725433,-2.069810502711436
21592.484984876057,0.6693680485406112,-0.2637667889056061
21601.625787731216,0.17997256752575197,2.7562303285376464
21617.117382344033,0.8167794515515833,2.187491374478512
21648.663246800865,0.0058375963411010125,-3.098570528889578
21753.700466717906,0.7571351766175844,2.2170002233948285
21794.36042282283,0.7590611839802844,-2.0425952054568066
21794.373548759057,0.7569686546972503,-1.9980608171528471
21794.395027597373,0.7700058977084853,-1.9719615522271403
21794.39781658121,0.7726444419644048,-1.9135091873011516
21794.42467132131,0.7471918490053422,-1.6573725427818629
21794.550972589423,0.7077365958176803,-1.3838496747269295
21794.797296132227,0.6193052971785815,-1.052878853284592
21795.2721157891,0.49403093976189477,-1.24656041967997
21796.075226655452,0.22630078628907252,-2.0847423221652677
21795.935881353667,0.04546972421569927,-3.0673630560867373
21795.127014869893,0.12456813511108704,2.8913669582211226
21797.671132383883,0.8337409192682396,-0.8315772745144638
21803.249969227396,0.008932044189546077,-2.542835340018406
21808.89717362808,0.0015786793495992566,-2.5150302994054528
21835.987487022703,0.9979621658868774,2.5032495512738118
21873.306271484667,0.7037290709125692,1.082860138821859
21965.337494535695,0.03875280463095379,-3.047631035293256
22013.86768009925,0.6415567798588852,-0.763660836925145
22013.88107225493,0.6381734579288291,-0.770059677459729
22013.903534717712,0.6401850574724759,-0.8024837710531423
22013.932339846964,0.6468180311948843,-0.7754389524744933
22013.98389732623,0.6355540324433353,-1.0549038248123384
22014.07620840913,0.6055533275981605,-1.2201387835795656
22014.317877102552,0.48962741694601614,-1.4254697867809156
22014.755491345037,0.3133679737484022,-1.482560608227441
22014.99513302348,0.044442778067904094,-3.0701360721286264
22015.09812491392,0.1728780483585229,2.4898971950879876
22016.87783978244,0.781229754119957,2.9320984865332136
22020.294701871313,0.4969478218996669,0.6718239671694355
22027.806428061383,0.03256318644070581,2.618914806855294
22050.135253353474,0.11609464431578113,-2.518443675879908
22071.914555086732,0.12481512060487567,-2.0285656839882855
22107.22289359441,0.8276641327237557,2.8382064586467166
22197.538132960657,0.9395056709432461,3.0124181252352598
22244.046734303338,0.32960448948760773,-0.44110453081816914
22244.06245730159,0.33176275039328174,-0.46689022599847885
22244.078409064725,0.3332880799656564,-0.405006867034571
22244.106398944466,0.32634806201484756,-0.24774128504049386
22244.17111013147,0.3250091951785251,-0.39423679269746525
22244.297193146293,0.313787486769594,-0.10502426972619583
22244.568532591366,0.31406932900151113,0.2639812591821258
22245.19283194481,0.41845261034906156,-0.1615386569181254
22246.33778530106,0.3668932840842837,-0.1491048442020011
22247.06996624347,0.009225836525632395,-2.7304939616406765
22248.902858396596,0.5395056757011468,0.6355639899111476
22251.814167765617,0.8294213628786451,-3.063482545256239
22253.822750701027,0.4747497725289951,-0.27371015346291605
22263.05752494469,0.4539350277691415,-0.28250053174824075
22280.061252033112,0.993375553029916,2.862322175284559
22323.778133718843,0.7212495242501992,-1.7363113566596913
22410.241448360408,0.5850103691041153,-1.6147857800879728
22448.293292058774,0.5150206589733901,2.327255184714634
22448.29783610129,0.5191446086292658,2.3237954638276106
22448.303660936777,0.5257479627794233,2.356755944698371
22448.30700707031,0.5346423548235255,2.425259310639732
22448.341219285256,0.5510320367524031,2.5442206518512034
22448.381990181115,0.5792978241051377,2.448223241542692
22448.54873435587,0.6406493593737491,2.355112370958685
22448.810306346928,0.7780755623478974,2.747020639135769
22448.978074966715,0.8573210179397245,2.9010813180917374
22449.009733463146,0.8996844028442663,2.7604630300960427
22451.438206880695,0.2581555777562554,-1.7364153555029271
22455.019738634957,0.843014874924197,-3.0032764011971613
22461.774552785795,0.22442641762573212,-2.5494774671121974
22473.164326670154,0.04170648871822406,-3.112828902675812
22489.580673709745,0.8343990809176237,2.725601385854908
22525.36046448609,0.21872300067756764,-1.4462546445749551
22625.074658486865,0.1337308571696789,-2.847763391405437
22663.843664359898,0.5154409097197665,0.4983956699585552
22663.85012459703,0.5101647825142326,0.4794278299335417
22663.87366717766,0.5138595962541472,0.38440606325210114
22663.913585890426,0.5132952386396223,0.32610805794269115
22663.966405632047,0.5233684008108974,0.2706854169436035
22664.103607937945,0.530486765178448,0.43213250736539033
22664.424856242276,0.5609072763962573,0.6243159779668823
22665.00667727229,0.6773351763109536,0.14507044564827298
22666.099279150356,0.682338034800354,0.7160073056537235
22666.569024946726,0.9391387131503535,-2.846742829186379
22669.944264505473,0.567353263279832,0.4713560999928261
22676.20336486579,0.6586628171484022,-0.7933741030412342
22681.90540114704,0.8131501871633339,-2.920985627448175
22694.58219892292,0.9318961119266415,-2.8350892347720804
22719.802682413756,0.9149838895590412,2.5953232107553132
22762.86596542133,0.034031246762539054,2.6159034614404373
22859.897154976534,0.532648215637883,1.545241342982294
22888.171875500968,0.832685954544703,-2.8438678352615687
22888.17087865813,0.8326657959037349,-2.8280519268737083
22888.16957152527,0.8378730156719774,-2.939292767492678
22888.151475726412,0.8316203088200914,-3.04242031051877
22888.13649290276,0.8354644346346557,-3.0014368131139046
22888.14870355567,0.8289740880088572,-2.912798777709909
22888.17681198732,0.8303434046833124,-2.7911331134035082
22888.334623584884,0.7380685435379105,-3.1284566045775346
22888.69707833358,0.7620687653949461,3.0303350605350268
22889.762351763566,0.436808515802897,-1.9489714124974584
22891.278513230278,0.1184810614984566,-3.034578878090862
22895.04042952654,0.4163688748584927,-0.08662558790203079
22900.50293504308,0.9604856022277389,3.1108778259726932
22908.579566912922,0.25080857682215935,1.8129389348784777
22928.151738114855,0.22898470413353464,0.952706797200257
22964.102074993454,0.004467025889446983,-2.443764090500475
23047.17907858581,0.19097217117040843,2.939596614120042
23091.997220401634,0.01315297844025091,1.9451028344862085
23091.994498484186,0.018325277573275598,1.9346217149267435
23091.99297882856,0.014151180854829502,1.8009900798806857
23091.99968891941,0.014364994655565918,1.743649705641948
23092.007908904085,0.024808207543845252,1.6814581575712024
23092.038995283492,0.0825893860529667,1.2927960304951966
23092.17763512616,0.07332225082721891,0.5639964120153254
23092.410278643318,0.13233123826505072,0.3258821426595766
23093.23850494241,0.15529126794207418,0.38085786419431367
23095.045963380355,0.27251429886946094,0.3840027477813246
23097.068024911474,0.00636650958584921,-2.7116813157656696
23098.485336914688,0.9582993950479585,-2.7779804590051658
23102.26809234651,0.2561149431409377,0.5349112626676362
23115.722188523025,0.0033296582347099317,-2.9090393786995685
23126.706250494295,0.003560921824385128,-2.7701680315318815
23162.717288578573,0.06039481817762166,-2.9637227517386253
23249.965049053313,0.9335987341161756,-2.9438480505216815
23282.434908404255,0.8946296567460468,2.5186987827880944
23282.440712760457,0.8964317088340188,2.512447778548074
23282.436834850636,0.8923818378434204,2.5362212183364967
23282.44306482752,0.8763539744551945,2.533847127176914
23282.457591019356,0.8998550473952931,2.6277657812444275
23282.445428721265,0.9061487539081929,2.587101636886004
23282.384969403338,0.9379569920938706,2.8425467083962737
23282.251573984973,0.9761168594160768,2.7794318467434023
23281.966591625744,0.993188440869742,3.037248682456978
23281.49005694727,0.9588994295252184,2.677109554050972
23281.362178236617,0.7301925048917604,-2.7666138688201882
23282.500928814494,0.3304217498591684,1.1941938361028699
23290.504323414934,0.07673951601040865,2.8171692534133843
23296.97459974635,0.005561256208517044,-2.87619281487037
23323.048106978975,0.5274819273330082,-2.64669603961561
23374.80753469844,0.9173199749933898,2.896871196045703
23427.439503388865,0.1575039095488135,2.8634319370770625
23468.797662356286,0.34702594219770333,0.46433443829408194
23468.799446301146,0.354982631756843,0.5039096752864634
23468.826948070768,0.35758398166367344,0.5545836848122914
23468.84738376341,0.36513243455877964,0.4306084231591596
23468.90599646348,0.3667609790687501,0.4538405206063789
23469.063507594998,0.370810663683797,0.35095193758604326
23469.321082882154,0.40188526414966075,0.3246229457945371
23469.937333010446,0.4205069269090848,0.12395142116820068
23471.18080114169,0.3504089289719101,0.07999633636906234
23473.13224407969,0.7286474366959012,1.4502087521277875
23474.377781425537,0.5892327440105403,-0.5886131965092334
23476.648070895255,0.41667674933895515,0.5265364697905532
23480.301139939886,0.30052655285424335,1.879549685153254
23486.6215380769,0.2525656158785653,2.6555340776014464
23499.140819688477,0.9783117039549604,-3.110153337015089
23535.15945958461,0.4060652194348451,-1.0637051050467319
23631.724257534104,0.123670372542075,-2.537921746745339
23685.74755628997,0.9758870797994641,2.9425241816976495
23685.7459120463,0.9739177449584896,2.9262966028328083
23685.752345290734,0.9744148201972342,2.9229467656041246
23685.74569877674,0.9664549195750466,3.1051145485351714
23685.767159004827,0.9656394425468201,-3.0066192767680193
23685.755339585612,0.9911030154464731,3.066515235701445
23685.728948105083,0.9815968608729717,2.937695391325347
23685.623611628922,0.9988076485733463,2.7260615476440453
23685.31868615837,0.9561983075725552,2.939427051628659
23684.974081215045,0.8743342700599149,-1.53757976498845
23685.76600129454,0.8720347672090811,-0.6212141172899281
23690.119776071155,0.6819483928789728,-1.2174411238072438
23692.47021466262,0.8441624412986208,-2.6260480776908657
23703.114786596594,0.01789600713798008,-2.5707904363271497
23711.814556072895,0.9945520755960476,2.346852841738725
23751.946411850167,0.38840684546890003,2.6477478153358387
23840.233285192764,0.024806335506399012,-2.709951630273648
23883.357237454664,0.006625748735651224,2.915234066987999
23883.35469915913,0.009196217437741915,2.8598978592602577
23883.347463443642,0.010385439620085219,2.8850400229120154
23883.334353924176,0.0035638458860362218,2.8588475870368546
23883.31760886659,0.035955287088687775,3.0957259693776624
23883.27171878161,0.02909636074487336,3.0722507684166516
23883.195234984236,0.024827905144441692,2.769801641717054
23883.1260034303,0.10800927964386024,2.035697657700318
23883.83621537315,0.4110551170653206,0.6455674316161248
23886.156888016285,0.6400582753129498,0.08452317479469285
23890.373183725722,0.11298901117392997,-1.4067284020353596
23890.50459744286,0.47852451637242,0.01066631991621847
23900.3718540534,0.8744972728854281,2.8339908669474854
23913.370856546895,0.7686575289795602,-0.09548919863450589
23934.384306576536,0.36056764568807603,-0.5095528805682723
23963.57930893016,0.6291821102721653,-2.3331759512479713
24074.068900927028,0.5123397530264299,-0.7321637193482582
24114.110716536154,0.006064531480914955,-2.7805784366486423
24114.10936836537,0.014192487356455582,-2.7590422866092994
24114.105299844574,0.010568311651399945,-2.637258298087938
24114.07860811343,0.010650911392534868,-2.6076823558449163
24114.050700165848,0.010124738735637469,-2.7057026481767674
24114.01563916323,0.010794707929643543,-2.9342634811268926
24113.90297728928,0.013877373304815518,-2.98851711370237
24113.777916118073,0.030209772758973432,3.089747075348475
24113.599148298395,0.005386297799140947,-2.486763119414171
24113.397789765422,0.1540429788181223,1.6286886462336154
24116.6031559776,0.01375196492659709,-2.5801705865334505
24118.45389175686,0.775400567689764,-0.887258301504823
24123.978675258462,0.5454739917125537,-0.3532172420616866
24138.286339677117,0.7047141069923494,0.3084609054571503
24158.506503845212,0.2380924895789822,-1.6660535702182635
24183.83152155319,0.9300780089119176,3.006152717306045
24278.740697681005,0.009611424951173496,-2.8016011492405704
24308.895985288458,0.8867044415643238,-3.02264684399242
24308.897465468657,0.8845645079367273,-3.0296108202583576
24308.889869795974,0.876973009025022,-3.021165113197558
24308.88672647934,0.8769217263067234,-3.0333044077645313
24308.899352069555,0.8653128745375134,-2.8883421531516893
24308.900185482085,0.894082199821171,-2.8568049766203174
24308.913626908936,0.8398836588239836,-2.9396537025087053
24308.990362958837,0.7526671003337052,-2.458078456072853
24309.685352092525,0.5290096851695535,-1.8752083163663644
24310.87113324801,0.32384441600001296,2.884757251699453
24312.116610064808,0.36480422917688154,0.8250720116755526
24316.3945496405,0.8514123789218007,0.09175981119204746
24322.93393159758,0.805092610663091,-0.5673201742416012
24336.194259887074,0.588463206978737,2.566133509700647
24372.887253525147,0.7914617516696297,2.484159451528484
24420.484562965008,0.20498160940026022,-1.9821946811705957
24500.37391321478,0.03061073418132506,3.1275184261833697
24531.920753908198,0.9667578596763502,-2.975378779365271
24531.91897819498,0.9658859910726059,-3.019348287616384
24531.913659191483,0.9674747526029714,-2.958554144320718
24531.906071238915,0.9596526349824477,-3.03047804752709
24531.902324722163,0.9426361752183371,-3.0428072933609043
24531.892798916302,0.9142619875751672,-2.9592612720964664
24531.917674408956,0.9359831082376427,-2.8415536501138403
24531.91423109394,0.8569454197299518,-2.7684601846999644
24532.177289628202,0.6921746364972935,-2.1516877238580068
24533.321978154505,0.2554514609646462,-2.865384678244457
24535.456800040272,0.5706620022772011,0.7012784296183954
24537.774610599048,0.0032154363348008645,-2.825048102987458
24543.241789407453,0.9994557169749394,2.946481967011998
24555.76581045839,0.73504327630128,2.1926330346008926
24575.726950678683,0.32942874699096836,0.3644674552830365
24605.288597844046,0.016512750241361864,-2.8863120672953118
24673.29488881808,0.017094572102529407,-2.6190019645137115
24717.00153918896,0.9966380418355754,2.635462340876299
24717.00428900843,0.9966380418355754,2.716365885539812
24717.009422477375,0.994373763587354,2.659491053472105
24717.002314443627,0.9778911781994805,2.7448724519107195
24716.990970831983,0.9925786274056683,2.651599367700876
24716.955546854675,0.9869780833750695,2.854152878957123
24716.866770783032,0.9753492458200289,2.9419077914969805
24716.759928412943,0.9772953330549562,2.8801802730594277
24716.651007267024,0.9054574662342034,-2.9277642623884765
24717.37793395814,0.4978019377099921,-2.8343147388978482
24718.807092645256,0.07429495164724005,3.031486201384072
24726.603007480087,0.4732034677469276,0.0735686697016833
24731.425163222484,0.007769326542848974,3.0098039848371325
24742.682056530997,0.6270528377717041,2.2268075060509886
24751.25734126173,0.004786842251688399,-2.7028052626204215
24786.266865501828,0.2788602450905803,0.3241215683429468
24865.964923021682,0.001592144662050021,-2.8604616925334336
24907.654437014746,0.8754278794414082,3.0584751263836907
24907.663435197454,0.8775409762871623,3.0108974585745294
24907.66066165967,0.8731102523284678,3.0280042408101666
24907.672362492383,0.8801420987442434,2.8226758263590757
24907.684291503392,0.8940646482157157,2.8988340588622803
24907.708006171775,0.9083865553779704,2.9258654433834828
24907.68476706769,0.9690997566482695,3.1118990569736287
24907.591126420335,0.9529765214978522,-2.7780303010420986
24907.94697421387,0.6714275539086351,-0.8977952987979316
24910.38166148672,0.492482352120292,-0.061439285079869954
24915.138394870086,0.5123642555365002,-0.026793736198727824
24920.65315008503,0.825129505098429,2.326583213549288
24922.23066385872,0.09517038767581754,2.505535903866541
24940.194864580044,0.6907695262729321,-0.6612992033330602
24952.18808826606,0.8561947174260653,-2.3350969683241916
24999.638344852818,0.7405073646674789,0.16839417843774163
25073.990193781305,0.7808909352725568,-1.0185803178493211
