x,y,theta
0.07395424840646084,0.30668661855367724,-0.770515349249004
0.08473385864345684,0.3039483624590325,-0.7846336854810056
0.09308314196269567,0.28927260842320923,-0.6280666899413587
0.11524901812664529,0.2857176207766592,-0.6735663747103251
0.20563642480079758,0.2877332831068528,-0.7639331200476702
0.3089747285449513,0.22979267462835393,-0.8251853498187476
0.478879003053792,0.14109781663862178,-1.029249698699216
0.5375504648005727,0.05792900585095166,-2.566294020019109
0.28424726023458396,0.004250158564846178,-2.8408437257826087
-0.17029775444223344,0.017996200824034587,-3.1223759125849058
-0.643577506745198,0.15990587941688184,1.9103205728935722
2.953070812003327,0.09727392991415933,-3.1211910326718524
10.160693024072623,0.3763946148190886,0.3014880890178153
28.20063929187832,0.9942567180755963,2.8412759852000056
49.34637098986804,0.9937594815806364,3.118271871817898
75.93236431749793,0.29119573342479166,-1.4619145013004409
158.68140692521501,0.967846102013626,3.011335847387773
202.0651113409352,0.07304320864539897,-2.872232775049957
202.05208472937557,0.06928650418184659,-2.875945763438508
202.04690674288574,0.07930787194028292,-2.9752955845608424
202.03362203043505,0.08507659588653319,-2.8940010165861794
202.0336020251551,0.08667683052713904,-3.0229646115209916
202.03078903518949,0.11296270458044146,-2.9312006136811752
202.04343848619962,0.08219048206293515,-2.9871605365321554
201.99726297317932,0.00036733111308805827,-2.9212862630243985
201.75289773721912,0.0009690131190798418,3.1098839053043017
201.16066896605244,0.00028362564120918516,2.8777177264745886
204.9152525011126,0.41225453708957527,0.2939227855451514
212.15864966129502,0.9994195416647775,2.6704300085472417
216.63664596967774,0.0024558870892540047,-2.755835567669032
221.43498583573694,0.5432435389318806,-1.250209593578836
232.83568075384736,0.014168974404359701,2.9872860005679955
266.08526037627007,0.06957143719387725,-2.9961372596171576
361.2636930815837,0.5667233024297322,0.9972235084178607
393.7409146826798,0.8329320791165664,0.31339502961920696
393.7446344623563,0.8255612916982324,0.2807186873848355
393.75297640562957,0.8198483067299929,0.2163771988942389
393.7780299743053,0.8260536838856987,0.10099612309755157
393.82102467284034,0.8312952516611819,-0.011719742250657195
393.927642106888,0.8283846414028254,0.27784811185214275
394.15785615937153,0.8059736171562848,0.03628438207729934
394.5259913455475,0.8429632681845177,0.9300043629305215
394.54883653537024,0.982531189519548,2.979546868216868
394.1012048170568,0.9334874656495515,3.031689652062955
395.49239829852866,0.28186446896206135,-2.2414697894536957
399.17528357422333,0.09000751322630123,2.6276171751877015
401.74639396765457,0.007884146397268067,-3.1332961215764947
409.4472610931982,0.021770353308717797,3.1065257599318503
420.6471881303341,0.8922576779386802,-2.940595689508756
472.8388735184858,0.974359075003161,-2.8935966215066022
574.1728083978121,0.894949729147297,-2.872726771121161
617.3573497706011,0.47117435129142426,2.0525349248769427
617.3636399933717,0.4715831562797947,2.0295914607056895
617.375571295363,0.47336145405310187,2.0903087525708113
617.3913835013877,0.4783613437944543,1.9115822995637641
617.4307009658099,0.48481417017704675,1.6346144769413335
617.5296179808489,0.5267953153595534,1.6803115924131689
617.7430985580579,0.62716751379154,1.5965808356789637
618.1650060351247,0.7143403829788646,1.7227258619856283
618.319716658668,0.9959558761010606,2.532552293417565
617.8264767764815,0.9931940267698931,2.8762310328618117
618.5522582039353,0.4438045083019513,-1.12415106779373
621.0116198627103,0.92052947382893,-1.9454574196241388
625.5673651759824,0.884186584089366,-2.681294079676854
636.4187818891281,0.24742347338600593,-2.9659134941431042
657.2031562308445,0.9155156391563148,-2.0563420933836234
710.0486032302936,0.8930184196533827,2.9353460783984096
768.7671800526928,0.5926919142122814,-0.4626131275766139
801.0181122669071,0.009739725669247823,-2.6051352252085342
801.0093843087983,0.0036480460408911093,-2.5767113525596725
801.0039035548384,0.003908745061621771,-2.537515469504214
800.9860845714209,0.005883510969148386,-2.6294945243417556
800.9685438072546,0.011113586159974244,-2.8858977478326873
800.9270615805254,0.03977612700918097,3.1408926767668026
800.9097051279423,0.04642653652342545,-2.6947921322257113
800.8407628171627,0.023327374946774917,-3.005063303444962
800.7190408750322,0.03354145418391134,-2.9960409788166396
800.1922400430034,0.028206846388287313,-2.691349526892487
799.3950207326457,0.0009310179678695338,-2.4021184715902817
800.097922508723,0.9642053388214811,2.997091725849348
803.4277179690542,0.975343742375129,2.793846622812846
809.0638327810738,0.023142146437868636,3.03975628539349
831.5616115343937,0.9961858995826668,2.897439125864919
869.385945918284,0.1656582933750664,-2.589123033723913
972.1995606595113,0.05618088254689777,3.0167816802356313
1010.9235593518914,0.08360065443319085,-2.78117398639005
1010.9273499504415,0.08041629891177786,-2.772413714054228
1010.9224202602139,0.09607099789387305,-2.7674586950173485
1010.9180142385087,0.08993054179635057,-2.925943900273019
1010.9243779882428,0.06850661716212102,-2.971752306517329
1010.9098026985786,0.06471969536143905,-2.84050454371626
1010.9075654943101,0.0739556097215443,-2.9964607119707383
1010.9412925576141,0.0875039219962409,-3.0169420968462304
1011.1301584813626,0.25222790509615606,1.091471500177576
1013.3111108040364,0.4042890513237581,-0.0015130260001563478
1017.8486456174797,0.24905427405303565,-0.9192789586425789
1019.3794369416598,0.9831636021736574,-3.109514760786212
1027.39611859928,0.4456898947941883,0.3689114242132514
1029.8868409360352,0.8195913466338145,-3.047235483552693
1049.7858437580824,0.022708047176535098,-2.9998007745158435
1094.2037272372097,0.4779407089136911,-1.6585709486615041
1179.2679316743556,0.9532224641992488,3.0229103440807537
1207.5850746689412,0.3840964633460916,0.8532300440304641
1207.5895189459472,0.3875501046278748,0.87820364570221
1207.6061228144629,0.3883443406723677,0.9207455177121986
1207.6341434036042,0.4025262001527735,0.8392807009429184
1207.7119522254775,0.4240889856317992,0.8895181987861598
1207.8318262696375,0.4814646540136316,0.6293173943569785
1208.134582356748,0.4890386594782789,0.05198366991588177
1208.6522208321114,0.5811694185861795,-0.07361351241438419
1209.7687240023747,0.5858010003174108,0.3789665965312419
1212.129586440216,0.5202537337890288,0.28294832828543015
1213.6331150034298,0.9831675760520195,-2.6729564426307504
1215.4574257044317,0.33795232882155274,-1.9727917578234389
1221.5656073157486,0.23409096356590492,2.6876614117767375
1230.2310347127748,0.7676175723723779,-1.6106464091938986
1248.4985049809186,0.602620485852975,1.475581020217394
1264.5722810109762,0.16525380333104162,2.186238751090414
1335.505718992564,0.9926791917614463,2.4667201615649414
1379.7393636822533,0.9695404460806532,3.1285969627922157
1379.7390966906187,0.9638861027843425,3.140790095463652
1379.727867763186,0.9606184986516177,-3.0493036113818905
1379.735541446953,0.9492919145908033,-3.1087725428669
1379.7229210128708,0.9579415239295687,-3.0750966294209694
1379.6859306412878,0.9920812505381393,3.05014514411822
1379.592634151389,0.9959805269509168,2.8174135359098544
1379.4274517079455,0.9652049438359388,2.9978347870881823
1379.1910653569648,0.8999745871906103,-2.089849556465079
1380.9779315101769,0.6994339961627903,0.22091685424558793
1384.8809386166552,0.4829555461265835,-0.9126498628134239
1388.0221402702246,0.8486347289055788,3.044037998520479
1397.2514198132885,0.21466874441610978,-2.463913734661111
1403.560082854782,0.9105276847549892,2.6438358991490896
1424.1307318358804,0.4982614632439311,-0.6095245999231764
1478.9284118752853,0.993127771743054,-2.9281378869772197
1559.4475960015805,0.9976844066783542,2.8621171253451756
1591.3557108438763,0.00554855284795937,-2.553282206140212
1591.3494569818479,0.00554855284795937,-2.552726052058058
1591.3415199830215,0.00554855284795937,-2.5478060252073567
1591.3305393012658,0.010259869026058969,-2.589222546716243
1591.309627855463,0.0009768979897223893,-2.728771178095835
1591.3055487636639,0.00729399719853473,-2.7506280981190128
1591.2462472782715,0.00205061089514425,-3.1021530172516933
1591.1128365853447,0.016939878419995304,2.924495144082382
1591.235144784598,0.25442168413076743,2.685803679670176
1591.90073442253,0.3262459102311044,0.9569976214473339
1593.100657803624,0.993847936492588,2.839851722942848
1596.2158284223515,0.868308738021886,2.3878285918781224
1604.1508981048357,0.4260276492802108,-0.2827509494782996
1614.1211655889065,0.007768708563556013,-2.6514372328465647
1633.7578324511226,0.08009220624644575,-3.099185023951113
1681.6823202713615,0.015942128912221125,-3.0782305586737504
1759.308771447509,0.854439350121975,-1.3211144732403661
1791.810464693875,0.41133716250303015,0.8917492796933946
1791.8265491824636,0.4164700306438763,0.8915792278030645
1791.8508741329647,0.42339340489035954,0.9925312148986194
1791.876582604473,0.4304800592349624,0.8042828139657376
1791.9353470134781,0.44049202362690343,0.9486272351064926
1792.0422503480956,0.5099596651884919,0.8530369310085577
1792.3573608799127,0.590842670269727,0.7589417230196638
1792.8856266086686,0.740933880240917,1.356669367691003
1793.0181025393015,0.9815901656535357,2.783245817620962
1793.1635716010987,0.7044518516733487,-0.9612258623255716
1795.3147721356625,0.1209488526002998,-3.1203059109130837
1797.0364674556633,0.9566343739952453,2.6151480673210488
1798.886171339788,0.9271508149412869,-2.3362752003850336
1807.8963244737051,0.44103988727619714,0.049092906831829985
1830.6610898428426,0.3167450914892359,-0.26652439008443984
1874.809549537706,0.9894858514089919,3.0723201055140663
1957.0455936706137,0.5866325937688867,1.2956328621826891
1988.9255087844747,0.9814172960716558,3.0377555843601236
1988.9301088503848,0.9912965756146428,3.0332918249421326
1988.9188270753352,0.9867361840293403,2.954240718966469
1988.9136683181264,0.9830318767187531,2.9246407219842805
1988.886514384523,0.9916101484635259,2.9207829992692975
1988.8826750266571,0.99110921775641,2.7916524998671344
1988.8324435717932,0.9961566440001749,2.9166878324340857
1988.7368650424821,0.9570832555733927,-2.9662653514305957
1988.6568567403674,0.8408576773402411,-2.7086104937721935
1990.1420212450637,0.3469265260753556,-1.518579156395691
1989.5763907090643,0.042127208210970345,-2.7127428835091827
1992.4238507377213,0.9976618630903363,3.112314395557507
2000.4173122408322,0.04397919736282004,2.975736540268116
2007.6369315652485,0.0006509218372363825,-2.3518876458866202
2031.5233314654045,0.7583229034467305,2.0187707205858434
2071.745243011459,0.8544115118088835,-2.2984363472049876
2151.6537165345517,0.36852397591386754,0.5478546134453244
2198.970876863169,0.24732449963899605,-2.588854934272175
2198.970738940098,0.248716326062474,-2.659750279959497
2198.9747028811435,0.25269132796490396,-2.519871887649128
2199.003414763561,0.24894108730921655,-2.5344297484763016
2199.0260652128786,0.22825238898990818,-2.3441162364680777
2199.0759547927737,0.20905475744030208,-2.4701343588478863
2199.150437195136,0.16973325637522632,-2.4883309794769906
2199.1763912332676,0.0460627421308748,-2.7628200985286178
2198.8943883916013,0.028174789624951766,3.1308149448347544
2199.3867388653202,0.22870075733642115,1.2850189009039106
2201.3210048721216,0.965228328618419,3.012207263195191
2206.9039349311975,0.07304242146959135,0.3604370374569683
2218.31247144356,0.5922725013978415,0.9872237747309853
2219.3731992893813,0.004684739964829563,-2.7964360344376975
2233.0202042246788,0.018357319078571743,-2.813237715819304
2274.585628763757,0.9804571094620719,2.5739810727452586
2355.9754799131756,0.8514349818059146,2.655774513010538
2401.033396525106,0.974683204199742,2.9315968459054407
2401.027792781619,0.9777932817028747,3.0816439804106643
2401.015380875189,0.9813395701714989,3.126287829704787
2400.9928221253454,0.9773972083544543,-3.1063651781236334
2400.9687215632744,0.9996399186924649,2.9573784305968864
2400.942634967089,0.9933003042980264,3.0314297501001217
2400.905405638078,0.9980878357684857,3.08303838883781
2400.853753952887,0.9931096842585135,2.6282241735422414
2400.6058522888025,0.9971767236101644,3.069830040280033
2401.148411741012,0.811147520642081,0.019291433146151782
2401.7010316565106,0.7680029361813815,-1.4016192465467805
2404.9201119553227,0.9643313818537426,2.9698113688136942
2412.0029206239624,0.4348629138962073,-0.5664226324318702
2428.3470305250626,0.6729229834600768,-0.47181112058542585
2449.699881109222,0.9926751494294311,2.8202940670060075
2487.6194385300105,0.23899670839771525,-0.7266421016220832
2573.5430963654157,0.9948879718660762,2.7029091547835478
2622.4553609872605,0.002386601509859973,-2.462706630225097
2622.452947769667,0.002651054456238861,-2.448775501843914
2622.443166969566,0.008011864952781033,-2.5698738734038837
2622.4416565174197,0.000981583018159162,-2.7697915814035112
2622.4301075912435,0.008268537541412567,-3.013319850530022
2622.404394201014,0.0064003503220721215,-2.869243088501037
2622.355860129659,0.005343053715485365,-3.1046665815844565
2622.194727455253,0.03619084521432626,3.1053899759364487
2622.0651473153243,0.09600289012775762,2.9657193406649176
2622.7050497986706,0.36665791841858764,2.455184013515792
2624.6368603215333,0.6354421786915251,-2.602584010241487
2625.6915877281813,0.09208818806086723,-3.075487069170612
2630.4541027344153,0.33029266924965023,1.0209411260347707
2642.1936827601717,0.5441590074872321,-1.2861674759460322
2662.4443234503283,0.009438917802821328,-2.773221383387995
2690.455839764485,0.17644968303821607,1.7013856117868196
2787.907612861819,0.815808873561756,1.38113388134306
2817.1909719376504,0.09333588511431648,-2.907209356835271
2817.1893174055344,0.09310879032099065,-2.8374289030224067
2817.191125700532,0.09299099345318568,-2.959614437258622
2817.175481333403,0.10720139493549988,-3.1217324757809966
2817.189313144453,0.08219938836879431,-2.9661417529737917
2817.187341623481,0.08153969124446739,-2.9216183922593055
2817.154490040409,0.09140533544419367,3.077393261995889
2817.159385420286,0.05057612513609966,-3.027722319544094
2816.936128827646,0.14669601028963733,2.152150979295321
2818.809573980181,0.23106242826918752,-0.6976413462822952
2820.6889679462324,0.7509500414755105,1.4472807026600378
2824.2441472450864,0.1828863452764864,-0.6602316199988789
2832.461529631927,0.8902477321735425,-2.4983532536904844
2841.7407544246794,0.0734553454621244,-3.034067787373692
2868.9855322467715,0.4908458003390901,-0.09052015318960827
2910.7615673391347,0.9064616767926528,2.7678938020267907
2989.5435794659297,0.004165728548581437,-2.7179437009004093
3030.4892609606736,0.6697962784496952,-0.12184361975974145
3030.4983581775186,0.6684464764879618,-0.1388541408944084
3030.5147515584345,0.6578916280061101,-0.21986295177133952
3030.546684776256,0.6591577211626244,-0.2305316257617358
3030.604172880979,0.6756437403047318,-0.1908355704012954
3030.7418402619105,0.6715939119249623,0.03470732621050132
3031.039703867934,0.6493067242160111,0.44885806927602667
3031.590655098865,0.7264018440956143,1.3892793102610907
3031.834901746063,0.9066331811331806,-3.006354090502857
3031.6583432280304,0.9922343879767405,2.85134201714755
3030.655666296974,0.946042411227281,-2.6551958935902054
3035.602825246067,0.9982540769527997,-3.0681857673966175
3043.3512741338,0.7339963415401055,2.984680209616709
3058.743040932441,0.0003773892807925252,-2.7199151897393974
3083.523217327117,0.25807132734710664,-1.9546742050048636
3126.4715038869213,0.9977969294558529,2.704297241110468
3207.5354436355324,0.6495749487272097,1.0061353410370595
3239.404236877946,0.2719189339186807,-2.80340425095738
3239.4021273067815,0.2705652472828268,-2.8743696964862098
3239.409089433875,0.2783142965886433,-2.7912617270671323
3239.408541703517,0.2788057771387345,-2.82523300651899
3239.4540014887334,0.2712879700060741,-2.888958739825833
3239.5041694238685,0.2613647178756874,3.057344520010073
3239.6208642296274,0.2771873418871369,2.5888729331149927
3239.8372784721637,0.32042657230013766,3.1051885625388245
3240.352551337749,0.2946350853429627,-3.094011273192887
3241.492022384662,0.6712403129759643,1.9551224622498218
3243.3698871366637,0.1651273356008442,2.7895316770442697
3244.3205687916925,0.9963833362525674,2.990522207332922
3251.745835443984,0.05457401936721794,2.822734565104934
3260.7351606928623,0.5329647167903657,-0.24184371790174541
3282.413535025564,0.9869438866165493,2.942921764781733
3314.6964899437953,0.8296260332387689,2.03050579612213
3388.8307588076896,0.11100940799920869,2.015496406235192
3417.7770815510207,0.07557812379677213,2.460459870854722
3417.779343383475,0.07696757635889293,2.4694495503334943
3417.769900159325,0.08039530621169082,2.4092547146695082
3417.769897406204,0.09158183979353533,2.3108394562242136
3417.772649398039,0.11826157942667549,2.0263553862186674
3417.79687164215,0.13390464181812015,1.8087479197572804
3417.8927196641766,0.21402729942457202,1.4001262807206647
3418.3174368326568,0.31990456711957926,0.5861347816680222
3419.3259645671474,0.5362111963450858,-0.010082430115213814
3421.829795417668,0.5036584327777572,0.4727944989536468
3422.6485958579215,0.9640666162509877,3.1012307931088614
3426.0077154075907,0.4845233190124101,2.922495011258354
3428.826653738299,0.005147472794584319,-2.9966040471015867
3442.0167409238697,0.6890683537183863,3.0841760833245946
3464.4660032437278,0.4871238905994953,0.7252342495398802
3505.9151909324005,0.780834166607626,0.8066733410325151
3583.284142823614,0.9907485105479067,3.085872158850128
3628.9048796948964,0.9942778376735087,2.6070257801018055
3628.904683825594,0.9907214996794175,2.559436194240245
3628.895839100289,0.9810917879601212,2.5547953278143964
3628.8913015297276,0.9777838555357209,2.6136136591845496
3628.8765580503596,0.9787262205734992,2.5423495958961437
3628.8591358874005,0.9970719751582239,2.516277371850073
3628.822470293903,0.983867754995406,2.6975448851692416
3628.7292417384892,0.9607064347595589,3.0317304484526026
3628.486301363888,0.9551723272647912,-3.0277417731541947
3629.8262648034693,0.27400209076916127,-1.7618645952539753
3629.873904298727,0.04585560998840674,2.9262930292005276
3633.285932224725,0.24676754582037497,-2.505572726006858
3637.6104861042736,0.2559363114925074,-0.4384352618727281
3645.429248931453,0.5468077668910895,-0.01309658835307248
3670.3063430903426,0.011122177429087417,-2.812359740355687
3715.409885377577,0.034983073353505395,-2.8423290002426262
3792.4812372271695,0.5649678176295573,-0.5788593587284607
3822.4828221860275,0.0024294833398865344,-2.642615393373456
3822.480550933455,0.0006657291493860722,-2.7482774694444965
3822.4889762170374,0.0037618008835431597,-2.7323371371620064
3822.4767793997316,0.00889959422447767,-2.6959020746690547
3822.463237422296,0.010313634046327435,-2.6960323904893646
3822.4330074662053,0.0012365584235953717,-2.8605561050404154
3822.3666669729423,0.012232533311084337,-2.86250918309836
3822.2695325985146,0.0022790263472110225,-3.121926112294462
3822.055844698729,0.08638581769817233,2.513785362459039
3823.885989481018,0.46158863683268864,-0.0650856686086434
3827.8509752195546,0.050897355912554315,-2.271755286243107
3835.2618776077957,0.4322462973760689,-0.8341342265386729
3840.0406342091287,0.9913624320063807,2.990585014086731
3855.0469530168807,0.004118543104050758,-2.796523757641516
3870.6770171166218,0.009243155127733065,-2.873824988551063
3907.3586670573154,0.8882237157048564,-2.187844898914828
4002.4564555663565,0.08850571155782627,2.2724095500011963
4041.707750537118,0.7505491365991583,-1.4630529093497129
4041.70870043227,0.7521190043574164,-1.5749583093697892
4041.728320040885,0.7370195412067383,-1.4652833409733448
4041.7699843559394,0.726909097744183,-1.4950274945205368
4041.798011725027,0.6952508727978061,-1.5060780969839547
4041.921219364765,0.669012038459208,-1.5327715063084413
4042.185352835534,0.6218560285462986,-1.0122027819348953
4042.7181395302878,0.44560537640806297,-0.6352880872265003
4043.40799278566,0.18521030495796567,-2.4185931201565745
4043.0741538931547,0.008393994803353493,-3.111316603519502
4043.6431808053962,0.6054725730974464,2.138308771607015
4044.4890121481626,0.8046157019945526,0.646634066414578
4051.687970604459,0.709517422386068,0.5942767715550552
4056.551725487037,0.9979632829437972,2.5932947734181173
4078.3981030621403,0.011514845738746098,-2.7131693355579674
4118.388769816007,0.00521076605056768,-2.5817131149660963
4197.272105150496,0.28742440888163595,-1.5789249091404027
4239.078991726613,0.6267689416140402,2.624575679666096
4239.0768814396615,0.6336513227280205,2.5633442287322428
4239.081436542491,0.6405647642399528,2.555970181284639
4239.090832549912,0.6559294223588892,2.5948492663955127
4239.137525543864,0.6695517253821669,2.5464640817163495
4239.226685790892,0.6665601682033445,2.460105089677862
4239.33190368638,0.7292298060700779,2.1355395230510803
4239.486503763873,0.8045585603113763,2.628740272438381
4239.585958203972,0.8792542551494855,3.10694722222793
4240.2455579553125,0.544254950632095,-2.164695607178432
4241.240822431434,0.09515592916894978,-3.1177058100552535
4243.573899713801,0.9314055827613915,2.9701847331666364
4251.867392287863,0.469842657790158,2.6538810594664124
4259.406965589938,0.9648734565218652,-3.0920793959464623
4266.358275629482,0.1131603135627598,-2.791784807902032
4293.2911269201795,0.9295870963898965,2.8090233228335038
4377.197353793318,0.8977402492356592,3.0377935951162396
4420.576061787172,0.9100291242410413,2.6012538915014733
4420.577447260656,0.9017967286758005,2.6178866301103056
4420.5789476762075,0.9138397018326851,2.7690094495890403
4420.580703595951,0.9183885357374223,2.676520090763809
4420.5645935520915,0.9249594376206755,2.7520755516815463
4420.5722160491505,0.9096892926316522,2.734066735121875
4420.544092683373,0.9371223092981608,2.35410371058102
4420.411499685372,0.993088438727023,-3.138746196069439
4420.270844671504,0.938807813667748,-1.9567929629055913
4421.94093000362,0.6859784064471677,-0.6474668834399249
4426.326946848836,0.7478797059320506,0.2803458064377997
4429.675305900473,0.6260470582610378,2.981672684600291
4434.017358014404,0.27175603646250895,2.4127529140003663
4440.798393878544,0.8011237690139774,-2.704530660880112
4463.457834366682,0.726594391699389,-0.293036445464391
4506.874995197676,0.3741065193705326,-1.1106994629802358
4596.849740383018,0.6219523966305149,0.6428803270501842
4631.098043405088,0.7166366041861305,-1.710419872056463
4631.104766714294,0.7154425417804955,-1.6203845007835023
4631.118160509563,0.7080406375404547,-1.6463707905419058
4631.13155970847,0.6979547269011193,-1.5955534283184105
4631.184357505357,0.6695608101061274,-1.5612684762396027
4631.309184158197,0.6288908494317835,-1.3757663779693239
4631.546591129837,0.5443240251684826,-1.4591518609054785
4632.009593124994,0.4306670295121352,-1.5084949220511479
4632.6786800918935,0.11810016917719295,-2.7928130024006728
4632.61988600371,0.10008417657364413,-3.0778725073758335
4634.430536448615,0.8177588169752906,2.527483829778511
4635.850194913019,0.034503374518057045,-2.983645972346679
4642.690850769649,0.046009985640548985,-1.3552580718174203
4654.31802963443,0.24607418519757798,3.117529681823571
4673.675785841727,0.8004127005260208,1.741946603117631
4716.197610395892,0.8692121250893643,-3.0624877815556584
4794.35894020779,0.15075577791344072,-2.6617980709829343
4842.572116478405,0.997127660428858,2.4739677778334794
4842.573375909535,0.9936704088405325,2.479691149176454
4842.563701717407,0.9918870249627572,2.616213962636893
4842.545040791225,0.9989355600283469,2.5274769333446843
4842.543140546592,0.995929025043585,2.6556354226358536
4842.5179653680225,0.9925870491216818,2.286225934128284
4842.473060403615,0.9971491109197789,2.3872780171409547
4842.327587283499,0.9840517508812584,2.7693655303608473
4842.111318746632,0.9732093469473857,2.870871800853706
4841.4566468524645,0.9874933128823988,-3.1330745370127477
4841.883671149089,0.940044406520636,3.1315109840746267
4846.200757674698,0.49363119725584137,1.0628174293908925
4850.400894983996,0.8946904739140461,3.094278247271454
4865.42509728514,0.15098826528336556,-2.85109277000379
4895.7929602092545,0.3095788197069281,0.030409160572357763
4945.389094245663,0.9970833074595562,-2.9349542675362947
5022.016070728156,0.3001343476190094,-1.1648095933949703
5063.115344800447,0.03678786156445372,-2.878546160604824
5063.118091762311,0.034712843534623915,-2.9490899035979434
5063.1133793451745,0.030658530452584962,-2.9324556445358203
5063.107539392034,0.027576721288288867,-2.910078070637847
5063.099724365414,0.0315941454986423,-2.911758491387523
5063.07501686508,0.006253999728710945,-2.959471083648479
5063.034211598045,0.030061913153182098,3.0876828532449663
5062.96895148348,0.059820706152741335,-3.1114317305785995
5063.075820242817,0.2520703746844448,2.1673016683205333
5064.566600266723,0.8463363482834583,2.1866948154079386
5065.792073185727,0.6462105735769917,-0.03375112542398773
5067.383086147453,0.6935366276222882,-1.1069670424111697
5076.243591307022,0.8423409692957602,-2.9666062416764496
5084.743669828252,0.13964602708932006,2.470391077123063
5101.525715867709,0.6301414551110369,-2.146152850564778
5134.891007784767,0.007049679281989882,-2.9479465293338065
5209.856310994721,0.008584101997896726,-2.7423265111485415
5251.1093222078025,0.948926823403674,-3.005108826103447
5251.10823287968,0.9512678201873652,-3.0563991278076394
5251.103366363788,0.9595968699561143,-2.94778848878924
5251.095939969306,0.9511298009627924,-2.9633993665195186
5251.064366650011,0.947712037100861,-2.9279934163407972
5251.073455815092,0.9597286290997492,-3.1086266669018965
5251.052586887234,0.91319734598728,3.1306041921478904
5251.028452563415,0.8399054557861552,-2.836194481907588
5251.514421908963,0.6097233435270257,-1.8624543596265586
5252.739649030124,0.10314093990970126,-2.7156408539467645
5255.69299499273,0.9477455396169756,2.152236033195363
5257.981167510268,0.23175634396329514,-2.1985164306385165
5259.590416711886,0.3773695632276245,-2.2818693626063045
5263.19195491639,0.43972598013349734,1.1768044483934688
5277.318607746586,0.00995378472674574,-2.9813449665780185
5324.020790173069,0.6694477356905906,1.6851620720815683
5409.800295608742,0.2676368061805776,-0.3603954564357261
5456.489783816954,0.008865334797566788,-3.056460265621403
5456.4865493104135,0.006057985578235568,-3.056438256264557
5456.472512142975,0.007398601976150203,-3.0338283944068376
5456.460239027719,0.004137178477993296,-3.069946999962512
5456.461630403319,0.008082592105283682,-2.912445947148542
5456.382050411574,0.002051281187028937,-3.1374108930050264
5456.337785463089,0.048414994902717993,2.9540437557884855
5456.371333032317,0.11925352529575979,2.5165052870886466
5456.975484041361,0.4254689849762024,1.2856270558100693
5458.137891227858,0.9178796740981363,2.953437508435748
5459.183958495916,0.4149990379360304,-0.46710631331149477
5461.50604089334,0.10362662541552511,-3.1188701695900445
5463.552198644867,0.15895361559897234,-2.3943411853862666
5478.48181234407,0.5964538212778537,0.032694015857658076
5504.456034598964,0.3362052791069663,0.9891900574705854
5538.336285907293,0.0026123723413619543,-2.9958243477250597
5612.184197956465,0.42834922079520965,1.7936932579194913
5646.499312168445,0.7545646484837424,2.193576557415164
5646.512905950182,0.7544255553697454,2.1873626985162495
5646.509048709558,0.7664069491838114,2.1573070658699782
5646.520157104233,0.7538648275958318,2.169546773522459
5646.528303070306,0.7706023185445098,2.256671433670758
5646.574652519367,0.7757002378106441,2.385533296737872
5646.645779066134,0.8653491740761888,2.684784076561731
5646.741184401551,0.8568727116754978,2.8158244749480925
5646.824786588855,0.8541126233047922,2.9973353908874802
5647.644769795927,0.5416284409821417,-1.5025729504310603
5649.391116915661,0.14080393414842127,-2.5098317764294134
5651.8172111921485,0.7205464193271237,-2.0548019914961513
5657.986150990615,0.7007556467474191,-2.2362630170983895
5662.111378290929,0.9994263452964574,2.7952605650798477
5680.5029566129815,0.2959688668764767,-2.747700978743648
5716.226862364599,0.6411113766419672,0.8868712482730432
5776.1779276794305,0.5850881581069787,-1.7765700830290903
5803.452115659715,0.9441476666805574,2.816344394176621
5803.446860999167,0.9439448912190453,2.7509977914723125
5803.447177042389,0.9464160651742146,2.6771298967341846
5803.434200329585,0.9579671832353575,2.732264226918863
5803.427203881272,0.9811266399444991,2.821774407303897
5803.392824767958,0.9953795991136123,3.0854644294660645
5803.316272458586,0.9988251442804312,2.805627706612274
5803.158490085748,0.9866822428328835,2.9042558725824446
5802.9084748793275,0.9970456055159035,2.898640815107271
5802.329694179964,0.9769549358903372,2.6011098274222295
5803.1279510454115,0.3732223430294211,-1.2753091309932598
5802.931894436154,0.37146518692828007,0.7928252458647882
5810.4346903056285,0.24431547820596852,-1.7865929715837543
5822.970991370521,0.5904593837611933,0.46813230930935124
5831.797327929225,0.008793058808087704,-2.516435537648292
5885.858317242115,0.9931886707667476,3.0569333861708765
5963.486147838657,0.7194781287339772,-0.3439366450199697
6000.494453816246,0.031008453855827418,2.4609499109017143
6000.491951379921,0.03451890746967437,2.507186378092907
6000.493070930471,0.041715605699176525,2.4910345363334994
6000.4840219281605,0.0362986456825968,2.5070130429395796
6000.48064176902,0.08150055145279206,2.601271494266907
6000.505939782844,0.08019886749665257,2.439655283528687
6000.564122391126,0.1908163853406627,1.5584409209132133
6000.940807814072,0.33785874539286703,1.3028717032230457
6002.032928689189,0.48498426410504747,-0.3913271159843772
6003.868565120202,0.8256930418477929,2.4360512040691598
6003.696863236181,0.6910588161429941,-2.7415156720199465
6004.125324154214,0.01233756700144363,3.080185157631041
6005.772915724151,0.7705223872674893,-2.6625896688441117
6011.605300655633,0.0018592854178341074,-2.535723076793814
6025.609141571475,0.03470646812708551,2.9452426957419346
6063.82768344309,0.38977453868371387,0.40454179479319574
6151.564812065844,0.006514526601849171,-2.9010952350920127
6192.232080606679,0.013673865431856929,-3.042239335274358
6192.227831811959,0.016681713124413973,-3.047776729030164
6192.226739017831,0.01791185294562886,-3.077842600471169
6192.220365923291,0.028057576094151188,-3.1202996172801543
6192.213407779875,0.015478162593897145,3.0665187068423725
6192.173498122098,0.019138745479015055,3.089536698474202
6192.10052440634,0.02587781826661253,2.9070164280338258
6192.102487522848,0.14092883994854227,2.676447221459499
6192.523585619473,0.3742901035575025,1.2966495708939112
6194.018916429911,0.9825487181145881,2.659672020680458
6194.7651915901,0.3678540627650893,-2.7991610743447874
6198.058788072992,0.9980996434159719,2.3831813455044255
6198.913326019074,0.4143702719087565,1.8407780839508296
6202.498968651297,0.030497248700277285,-2.700789353852583
6227.747803388417,0.30304587048868936,-2.833692181430856
6286.608766125204,0.7763887924335634,2.4034333980070866
6353.163668310255,0.39353902878081976,-2.759484290054215
6387.58568894641,0.9509315410063792,-2.7878276077646515
6387.581055660699,0.9534311463186602,-2.7363831917730685
6387.572515126461,0.9470180407587567,-2.7067260960834556
6387.576636686269,0.9342984408760854,-2.585404634282666
6387.582646863444,0.9311340686629284,-2.35706526830111
6387.578067965139,0.9153183978569962,-2.355449529058218
6387.622851949656,0.8559266163706734,-1.8614769187008349
6388.04657098373,0.6691213756021704,-0.842141858619665
6389.16252639104,0.3476312691432212,-0.6143740813741667
6390.12178126107,0.022130649004922173,-2.89842453907009
6389.061513346563,0.0800999335536227,-2.9178871241310946
6391.413543190548,0.45835197066220007,-1.0397157445775935
6396.052971881472,0.04726265595986175,-3.062558154506455
6396.7932033648185,0.2579825106406174,-1.1351015488030978
6419.857826935918,0.36980762693049246,-0.08716401018977615
6456.934633708743,0.7955219772246847,0.9408176207206065
6537.375243802655,0.7324943303416823,0.5916703720243475
6581.758481650832,0.7568688740759272,2.1951896995250735
6581.764344267641,0.7575886944421324,2.1933526003671195
6581.7762453118885,0.7586038473799376,2.309093840592862
6581.800965115769,0.7689098518915598,2.312411862729112
6581.82870337033,0.810761089292995,2.508324282200018
6581.855957008619,0.8329670843160388,2.5543424013864815
6581.917436180393,0.8593368457888149,2.9869561409989815
6581.9903863117115,0.8232969577836374,-2.4994320318293832
6582.548954114807,0.49098245295016735,-2.173814073081901
6583.702580523155,0.17909672560068082,-2.9768690793210255
6585.2799046703985,0.4845155871279866,0.7800130995060441
6587.2056519325115,0.6101209384575577,-1.9464216473096436
6589.777116284299,0.9682545091823017,-3.071088517212391
6594.045324599782,0.845343764514371,2.9754402766629404
6604.463461963953,0.7656179600590832,-0.9788106833759609
6630.652000319027,0.058399775881970956,1.366168133047224
6716.8933274396795,0.32299663397911477,-0.16704092059365827
6759.970795018785,0.9855827849856974,2.8692231413658966
6759.971835868157,0.9820812599990579,2.923785689582381
6759.972999239375,0.9808827746061378,2.9842265656235005
6759.965348093397,0.9818139945557265,2.8051690005756234
6759.937026300453,0.9868363130330082,2.8399243118053086
6759.913557557206,0.9985825067235569,2.9277722074640167
6759.853196073268,0.9636027666746328,3.1257567149457106
6759.757812083637,0.9538571923934358,3.0908432834046513
6759.600970020579,0.9634284564098193,-2.741193151079373
6761.195931224717,0.4114402386932283,-0.2604339914961993
6762.845715389601,0.009639360241038489,-3.1037526640473923
6763.076357758125,0.9977410510671237,-3.0201264074632688
6767.660679471089,0.616194595021303,-1.5295752887678133
6776.556832669145,0.29513712313934554,2.586846440036669
6787.602638041982,0.33708114137792683,0.5656978402642983
6823.414513035907,0.7379805609158179,2.8843871680767412
6941.820586204668,0.9782591281362976,2.9530963199753364
6977.3686615881425,0.2663191344597078,-0.39000749093600007
6977.373867906026,0.25843468209799403,-0.34667587600263783
6977.386468861525,0.25922299907105356,-0.414804990683034
6977.429823272364,0.2543403706681265,-0.49180409714932516
6977.467920643147,0.22530442597232211,-0.5699679624484002
6977.545858019922,0.20987805788222777,-0.40373196578783777
6977.757333624832,0.22411209150043274,-0.3152052557081868
6978.1115054460615,0.08396065983473824,-1.3619212824156701
6977.930678310458,0.04181797309266102,3.09051431955716
6977.799574723548,0.05516127352038024,2.943628874640929
6976.945135404059,0.015124575943794127,-3.068073436456602
6975.786175441316,0.04233769244826705,3.093317347484982
6980.887150835236,0.3752298143572772,0.9948544036237505
6988.885974651312,0.904028802013557,2.795796915753117
7002.105121558829,0.07386216180693785,2.8324609225454473
7033.434769228364,0.8155650947124432,2.86728143821876
7094.491053714969,0.9870797523287852,2.7564778366153817
7125.74554189863,0.8670324875206037,-2.8513831338882225
7125.750367425706,0.8616782182080037,-2.875225290073913
7125.7604845596825,0.8616559658119013,-2.8444674118242905
7125.776732829939,0.8567285141174785,-3.0572108338229356
7125.78692109046,0.8534319229697147,3.1415510192674816
7125.807935446639,0.845611509636642,-3.128453110427964
7125.83839047281,0.8149089181717862,-2.9931599187362723
7125.952682664953,0.7139414123178153,2.8821954388987265
7126.257127484403,0.7026066334826102,-2.917856778945547
7127.364776054007,0.3066529144784674,-2.4782979985830833
7129.682639307904,0.8707064829422043,2.763577113184609
7133.044295828344,0.44112666905366626,0.868863037758187
7137.4613103613865,0.15215749585281926,2.137781565461336
7152.126741326952,0.8322476591500041,-1.2056687343798338
7186.412623539777,0.3587332281120767,-0.466824865900314
7220.3901025001705,0.002630528495076852,-2.7492495404457657
7315.333886988939,0.03462233067251748,2.842072237129356
7349.16534602173,0.24293172925431414,2.1311974331956467
7349.1701121635,0.2474101500584037,2.0635973250071338
7349.1669770313765,0.2589942036657596,1.9311951585465845
7349.169513527605,0.2539170923377524,1.9053568443025757
7349.1684776708325,0.2705159368856437,1.9244261402155027
7349.229690989456,0.28193904967647654,1.6785295535148022
7349.4745230747685,0.4167857007542281,1.1123959861961428
7349.99148954306,0.5417448475028805,0.8670873348352677
7351.035202129905,0.6782682280677723,0.8300774390303749
7351.23248833189,0.9891831252533739,2.861050617554862
7350.262497859872,0.9986657683328559,2.644127931579334
7352.596064799118,0.14559283853139668,2.4725622223188104
7362.34392138749,0.5658042827631069,-0.3166134637668532
7381.030158657784,0.45164316488227474,1.5664684897703802
7403.538372931666,0.0010549604201945126,-2.9570719640961074
7437.70012936259,0.9387753722057729,2.746905727856271
7523.940453888829,0.8506101637649798,2.579158688027297
7566.956108454828,0.045111528707498315,-2.890817956858692
7566.951666593531,0.03851274432681186,-2.871039398472925
7566.953263733461,0.031225631605169203,-2.834954627255155
7566.952259860985,0.03229221608478985,-2.9042124563129077
7566.9587453755385,0.035230161568913954,-3.13531341762162
7566.962822987369,0.03759559294464256,-3.131866592875797
7566.905854368396,0.019323864120871587,3.0336181367251145
7566.794143905159,0.025474624630586872,2.7244876095392216
7567.111567077479,0.2679015197664144,0.7364702704657979
7569.074619645283,0.8104157701322732,1.8584897519440915
7569.465402600525,0.6736316836166735,-3.0032031762913762
7572.245972000646,0.05708106974243171,-2.8316224548193523
7577.108723975761,0.0808814519218393,3.1029206193901455
7587.135087426247,0.2094352584813075,-1.911923897207514
7608.280523311801,0.7707706969023063,2.114034915971758
7637.8156229925435,0.019094434681901144,2.838195344939762
7723.333796160544,0.37267675321145494,-0.6084035899991891
7762.669149072877,0.9919399641282759,2.9262005505290105
7762.66832041853,0.9918611946314941,2.9420800643542986
7762.673276984681,0.9914366076172229,2.8841221437362385
7762.655385447426,0.9932156582064484,2.838382197715026
7762.619646746295,0.9805373011436658,2.8465061647188445
7762.59763661643,0.9967515322258269,2.6674603341715013
7762.560734306975,0.9868451628490004,2.749788429792111
7762.472303415292,0.9897094871771172,2.7788856266842705
7762.2049776449285,0.9752596114326219,3.0527719631464656
7761.898566838371,0.8928566508081727,-2.097111429326933
7763.359155070664,0.06468562111852967,1.7038152554417056
7765.469995302615,0.9960805572151831,2.7267065443209457
7768.289597637173,0.3044678250323662,-0.2003203929645987
7779.695600229549,0.032371452105396076,2.9696146531701846
7805.091307382298,0.9706710273513528,-2.3870970958764186
7851.061474974343,0.7323105265460169,2.9753994836527173
7939.122965457919,0.5186014272136491,-0.32993041946189683
7981.249961728566,0.07145582931713945,2.4655173721052535
7981.254404244615,0.07363777469713183,2.4728015220618946
7981.26425875106,0.07914224879888936,2.4785598413955814
7981.256638566029,0.09272225460601889,2.5417489026954216
7981.278902849226,0.1142133999337838,2.4981614435477066
7981.294950843387,0.1410837869786052,2.1779020167945378
7981.382940879894,0.22414980737475493,1.8614974357477863
7981.676395163488,0.402140555912429,1.5615030056937753
7982.70989227606,0.6930641179770615,1.4913718259757625
7982.816848270112,0.9257916258780752,-2.8045358852609823
7984.416826345867,0.979385587099709,2.78713137868404
7985.39218282242,0.13912898642132648,2.4107381563572563
7992.1068703626715,0.798627542334144,2.304404784736512
8001.431671173659,0.44059484164700974,-0.703067190360493
8021.891328572161,0.09037337732226337,-1.789746359424929
8062.748079685924,0.48209354349753414,0.5982970767863929
8134.792120477525,0.3327265601715987,2.781689670272481
8172.980583770486,0.4915113712206187,-0.7992019329363451
8172.9879718372895,0.48985512403738257,-0.8185396985558664
8173.005122841217,0.4777307574830994,-0.7756483483601375
8173.030832226957,0.4700193168416183,-0.7771668178496394
8173.104066610646,0.44191691563087404,-0.6487205221272232
8173.222495494498,0.4162535798816421,-0.8351916347680359
8173.481028461996,0.38005140211086547,-0.846866358816941
8173.943722473101,0.2998607619899262,-1.347258042292455
8174.309254142152,0.025425640462527,-2.233157056174798
8173.760841142689,0.023506404706241987,3.1091084778699996
8175.903832621991,0.7995595305185759,2.776594162314021
8178.309348184764,0.009369801302979326,-2.8204120501681023
8179.558874225226,0.7289861821756776,-0.15800265560637872
8190.93043933769,0.2377253232997659,2.1140592463117773
8205.345086059719,0.09898342433059666,2.5970111926002417
8238.554658168816,0.2220813715104396,-1.160745098094765
8320.305914630735,0.6280332646010056,-0.36429153040626217
8353.418678092543,0.9945463709559941,2.536919262170847
8353.42136577811,0.9945463709559941,2.5878163855188108
8353.416687168554,0.9900507935042112,2.6177310186485343
8353.409388836928,0.9961349615994718,2.559655049947321
8353.409589038423,0.9955994321532673,2.6040034868815702
8353.384645225578,0.9987325156976044,2.6130667787025335
8353.340397065605,0.9763468174033749,2.587453817041773
8353.203582326354,0.9947411281071532,2.576930228152511
8352.97065236573,0.9801083510138126,2.870301890399351
8352.778737329476,0.8262963591231749,-3.0485082414599565
8354.672431246227,0.1659560214796661,-2.9619155158098924
8355.957411047479,0.9732377491696501,-3.125985292802224
8363.135434175269,0.15126078201939405,2.788006140714474
8377.835296420828,0.33426577030194765,0.09624955823221049
8404.58864596069,0.9953662807857049,2.930599908303426
8433.703648685698,0.9759469698704966,-3.0808395907068364
8514.3502232588,0.40158262300107034,0.7297334035529404
8559.496699495843,0.7411690592057344,0.7432448554128763
8559.498612821966,0.7447896069104961,0.8364507231546927
8559.522381168681,0.7537163136398741,0.8626991468886178
8559.546974261162,0.7635721486385401,0.845186477297398
8559.600701157928,0.774996756384705,1.1959630253324791
8559.689251584321,0.804644230940141,1.1906719890853044
8559.8206495805,0.8765388727962807,1.8160209812127963
8559.797304043688,0.9730339340904256,2.658625857572038
8559.476531425275,0.9633447321654635,-2.98519853027584
8559.004867392565,0.9887741156676262,2.810615726998938
8558.866401631123,0.8145104092865161,2.830156138154747
8559.767058619815,0.7019217097726531,-1.758823789919687
8559.291220784198,0.0023332820188105897,-2.7889669286097445
8574.82436837254,0.015330408216431796,-2.512389839180441
8597.967089310547,0.8794498662360036,2.0674023492796296
8637.931117316633,0.9661961505593685,-2.850421649072156
8723.089158626275,0.989893986710368,2.654296927985052
8761.933494565465,0.9530433966666908,3.0198131676463253
8761.932943493679,0.9545228424993755,3.0472536310579468
8761.926498253764,0.9574723790144609,3.0709747490281565
8761.933719973169,0.9567796057326815,3.0818796817396485
8761.933294939105,0.922768881622674,3.1391736508976527
8761.925919420972,0.9302381348065005,3.0907014995711313
8761.930506698618,0.9025942369060438,-3.035714978801305
8761.976499694947,0.8705590870199276,-3.102616725996966
8762.403935515184,0.6169056840697907,-1.831820491483354
8763.558053378156,0.06415113561926826,-2.452937138588523
8764.849020922238,0.7169989360183161,1.3395466843142945
8766.557705565496,0.007008078245129583,2.991704726937151
8769.327747965339,0.007060247187951348,3.07518403293452
8774.81349800191,0.9990705765881125,2.8678334652502837
8793.890882326055,0.979291824590314,-2.890001167824315
8826.798354559562,0.023615794464313444,-3.1359311919100614
8904.27202204476,0.5243120375536733,-1.2204860241158397
8938.825723960288,0.10664795133631229,2.460030229178014
8938.828095683784,0.1159583533020595,2.399022570018211
8938.823158045574,0.11304379652506213,2.24398172946258
8938.837111784074,0.12154827994042658,2.197817846233563
8938.865980842698,0.12448763961254994,1.7294668915251856
8938.919240555719,0.1848796075694482,1.5249752085464356
8939.056473981498,0.22373774180183323,0.5730933857105627
8939.587000396506,0.32838295024420283,0.29311419417966
8940.703257679414,0.3906069267872796,0.3209137575770109
8943.013086658544,0.5940105987208018,0.16012705351802925
8945.521063174969,0.002305401349528666,-2.5219736488865525
8947.099345347871,0.7958908296088458,3.1111468969264457
8950.391243538266,0.5533321174213254,1.21134808399401
8964.210021127037,0.5200840177332875,0.7902908774223665
8990.501140620372,0.43395658585012586,-0.871693570390117
9028.959864004848,0.6327625877515242,1.3492586390956074
9112.665915143887,0.7217418884118089,-0.8380066165382356
9155.026101046395,0.7885873769150381,2.5694600931165095
9155.037544174103,0.7901090526612193,2.621712345755429
9155.048149443035,0.7843238550930466,2.685193385532404
9155.071240216996,0.7866964292009587,2.8193544114888764
9155.084167893894,0.7940254685118295,-3.0932633825486615
9155.123643134233,0.7913038212177064,-3.084452330269291
9155.216877972178,0.7535908063327864,-3.0176337061660816
9155.374176912304,0.812036179219174,2.672189273136535
9155.560141944177,0.9696807525044655,2.6797145260731448
9155.062575477326,0.98290430081053,-3.0862132353266465
9157.647987693184,0.11551047951575938,-2.730283060831046
9158.37711843928,0.41340624054797065,-0.4592275052485011
9166.111105850605,0.0068340783676227035,-3.0336196537998954
9174.018282273939,0.5192998974973818,0.09324999008218526
9194.413526122622,0.006278192703799998,3.082140903774416
9228.822710580607,0.01001934752479853,3.124738086819608
9299.49616053076,0.9768814566314801,3.115303913252328
9340.527803191153,0.32203943609098146,0.8918133314359631
9340.527447305847,0.33578112510478986,0.9253087146619441
9340.544535913274,0.3399941655440446,0.8262543251763494
9340.5714336148,0.35906047423704157,0.7450593017059832
9340.640372391463,0.37030756664660625,0.6494636272557477
9340.775887235812,0.3797753371289355,0.8046214729857937
9341.067646096331,0.4122813356030312,0.7089772893665103
9341.61652325491,0.5390881609107929,1.0498455794944714
9342.41149021016,0.8786317776472463,1.9912749126532132
9341.961887284684,0.9703271766810947,-2.904009977449715
9345.687972947127,0.6185406464085992,0.6083489205125434
9344.899791194295,0.9765138382285997,-3.122270808953287
9350.993065146868,0.5989357480937285,0.33451225272904317
9365.669175852536,0.40384675744996185,0.7808600175146543
9381.871809260503,0.905796385015764,-2.783094952843107
9422.656764051682,0.08804667149312154,1.573930723142297
9502.347189534607,0.8126252580136473,-3.0293395941315917
9533.528031329797,0.024474853083622513,-3.014463021452798
9533.531313080864,0.01973732765267498,-3.046490355941465
9533.534375141066,0.02611760745927954,-3.0114743140238867
9533.527440429161,0.022621112907142454,-2.927828684650461
9533.494259901303,0.03076427298390757,-2.863037774029045
9533.474581057686,0.01909278274111665,-2.961519582795594
9533.389342167053,0.026300450911848613,-3.041692509977439
9533.307204710676,0.007485987593822831,-3.0696484409955476
9533.210358333565,0.07688349315131889,2.7614902858405097
9534.718025350827,0.49056059356326986,0.4631232889706087
9537.317361235624,0.931283745893955,-2.1895102267582454
9541.669353580579,0.013865765967880061,-2.255912502972305
9546.573746488582,0.012617397516147428,-2.6067866561992448
9556.627727249957,0.057091226372430165,2.949821992311861
9577.45468639761,0.8671108576446712,2.7052587837424564
9617.930198743737,0.5791915567208548,-0.5094973071253408
9693.300189296635,0.7040777631076145,-0.38426459992895046
9729.533121392315,0.7165188992578624,0.09128554476435502
9729.549317029523,0.717096784429673,0.10210122463742621
9729.561497670433,0.7174321102732396,0.015461020516881696
9729.58778429042,0.7257702617839906,0.0807228519494867
9729.648307152418,0.7063407322903051,0.20083366916780054
9729.743831704853,0.6846752433603401,0.004661825733482061
9730.01743490459,0.6962292726212248,0.057379829909864455
9730.542670573204,0.7143407261715287,0.5949087292517441
9730.933322595674,0.99921310614323,2.311495435572989
9730.59385317339,0.9306313402749272,-2.6554135128519594
9734.35238826891,0.3425990130423906,-1.0291727190096878
9736.61981680154,0.7220627313719847,2.6639471131046024
9743.252274388069,0.36811783150846716,-1.988490972507601
9759.502025225009,0.0006184295999941065,-2.5445449094185375
9771.904348860819,0.9304609536167986,-2.603152347134685
9812.18614851877,0.0073878743272105035,-2.513693190233719
9891.609703335138,0.9526662089748654,2.6507347389634646
9920.463264071832,0.15904145887754334,3.058456899466478
9920.459384874384,0.15730369942007813,3.1149169932265046
9920.45739077048,0.16533925217223602,2.996653411194302
9920.467369263064,0.1724391558696002,2.9486908593027863
9920.49013618875,0.18464707917237497,2.8774950140514726
9920.532082000203,0.22782326114509552,2.860945047617311
9920.632697517774,0.23792429498501194,2.670719233850667
9920.931679160203,0.3512179864044927,1.4966486305267352
9921.788686153262,0.7580224715137244,2.1668978554571945
9921.721557150202,0.9858807450334209,2.6036197061933404
9921.61209394597,0.6690687226827106,-3.0266600741879026
9926.225215498864,0.7207186621756123,2.5820819780263697
9933.77346806933,0.7845398354357863,-2.084684037722183
9943.510905504845,0.0427078522121574,3.1001705302447577
9953.96808719242,0.9978206901784833,2.9733497537367644
9997.640658555105,0.6509761988969462,0.2039299978999094
10092.014521778072,0.3132453293671627,-1.170526530780843
10134.670447206741,0.054862766380799725,-2.3938637658578465
10134.674651150852,0.054127187527462435,-2.3744017100492205
10134.666809873164,0.0535767905143853,-2.4257204964422536
10134.673341279558,0.05849219260080685,-2.430426123046663
10134.669922754803,0.04061668076012987,-2.592992767310805
10134.66981398609,0.005274928854711916,-2.811020181481889
10134.595369804256,0.003487706071126112,-2.711326340015218
10134.499282305935,0.012330141814650235,-3.077819945093489
10134.453652560329,0.14073884186759333,2.128434015774932
10136.328412920144,0.5983266090563956,1.1704991483199505
10137.749197597459,0.649370650797556,-1.5523064280966847
10140.106685853452,0.9913937545005764,3.125303480658012
10146.798828538556,0.07609505895763925,2.9904750809810565
10156.959006836203,0.7976320517431603,2.974349101666405
10166.882068100284,0.03629281600740179,-2.9027924470883186
10206.86229954267,0.1373421891281898,-0.3788231574324774
10288.951751220424,0.1257553320226096,-2.9101816754183663
10312.574538360697,0.15090561961238697,3.0498131115094376
10312.572679230569,0.14734970424727287,-3.1346096857475736
10312.577935814486,0.14364591639803295,3.129470187406884
10312.586026174657,0.13758864682675015,3.093390381533851
10312.606408202408,0.14812936687570796,2.9876828711678405
10312.625183568118,0.13678022238779897,3.1115344362472612
10312.64349719997,0.1609430918882361,-3.1198857391682533
10312.661352777539,0.13849620871360097,-3.0634337918148202
10312.839976251753,0.20764095856709525,2.3852275949520703
10314.313953909266,0.7201829317553178,2.092921457076385
10316.113950579249,0.27013067323161793,-1.3940032685782893
10315.607336286661,0.4183696320420431,2.121702068883268
10316.896608663521,0.27851636727282014,-1.7704653821621554
10324.827684048762,0.0038821178974984445,-2.5987524028430062
10348.86981262882,0.09624271866756215,2.9171158972943037
10392.157033245147,0.029738675257652485,-2.774439640228255
10450.334136791995,0.061909932378635145,2.4131225134666474
10491.163237236224,0.48793099218699715,1.508744410226507
10491.169150426485,0.47925741789533416,1.509641864640395
10491.187612670434,0.48532913095557023,1.6334249039360778
10491.219824934293,0.5111761853332705,1.5634962649534785
10491.269759587793,0.5422740178375545,1.588914793168306
10491.407749676186,0.5702108795458554,1.8215974880160202
10491.650977942103,0.6065460753086112,2.3878408363118826
10491.873700503027,0.7353333004648258,2.3918063931789524
10491.986516156318,0.9092005596333709,2.5960555471902094
10491.971521655527,0.7457623780785892,-1.9297536477511206
10493.289249054455,0.04266210437338286,-2.6791664363118657
10493.871683193343,0.9867428991750522,2.8835498321503596
10503.933729347415,0.3745072739995762,-0.3803447125756083
10516.171354707205,0.9884620090912254,2.9252376324772342
10544.995899358137,0.2138095327552562,-2.982153788453857
10583.126449534606,0.12466258618964371,3.0239089582565155
10668.30615571007,0.996384973236595,3.0015744813341376
10703.046665701313,0.6632223409834663,-0.700584636362751
10703.058403182384,0.6695523208181995,-0.7247151619072683
10703.070128498888,0.6617468550044915,-0.6723967832914712
10703.112145623705,0.6623530805637833,-0.6061668219894001
10703.192200867443,0.6581117680092656,-0.8542410491904171
10703.31997739881,0.6024276824023315,-0.7265553382733989
10703.590951238006,0.5300695947126789,-0.8888413057765518
10704.163372926949,0.37666541949941124,-1.1351058418471336
10704.630236229144,0.12544404142701715,-2.7885314017945873
10704.704913232468,0.1485991980779901,2.5444516345197306
10706.09684092863,0.4343814600432882,0.14634285746396403
10710.672862824746,0.7023712856131106,-0.772570333785684
10717.604080671255,0.8692640723821566,-2.8986392673254557
10724.245444903312,0.021837877186842908,-3.121299911748888
10738.634133326263,0.023733912320223666,-2.8327039136550245
10753.83074982046,0.9450966689200107,-3.131970025356093
10827.838730224774,0.4544592308164376,0.3175727967654076
10864.238557151075,0.013012698035879183,-2.8722528796231463
10864.22916896378,0.011220683286129787,-2.842368172579607
10864.234161562617,0.007724626862109295,-2.818140246929012
10864.220526998346,0.004111592562723237,-2.735024878985447
10864.223286777049,0.014086714155151229,-2.6532536472970683
10864.18496494569,0.027522056949213787,-2.9022501632508675
10864.141801160167,0.05345873860893694,3.132613999675133
10864.146165986289,0.11947811842722382,2.7312987815227894
10864.655421238765,0.2967530485982,1.133998009855592
10866.892810382307,0.7528377009816661,1.5738047688633854
10868.98250477489,0.06909309368880956,-2.341613837845474
10870.266271902032,0.16172922851450355,-0.31975137037650336
10876.226200451549,0.572179595134149,-2.7995981216148498
10892.010764707196,0.6093863897259693,0.42421000289427546
10909.304150794369,0.048041880130075924,-2.722918663946866
10953.047434993934,0.4613616194797739,0.0867678419153326
11042.217444005893,0.9741311605321961,2.8195578003045423
11089.638655429526,0.031700209871983145,-2.741339839798474
11089.638891284241,0.02724921284299639,-2.7582957691863945
11089.624983055717,0.03132295803783608,-2.862259470091406
11089.630768014973,0.025919810587080233,-2.832653120699696
11089.617789018772,0.022508742983635643,-2.7527886710406673
11089.571323599625,0.0029659301971373345,-3.072807028416382
11089.458199875522,0.005135543116618821,2.873731213693059
11089.380324728185,0.014636307798938705,2.981523576660514
11089.706200004304,0.21271779399484855,0.6673028281597642
11091.889671252753,0.5410267532612903,-0.07863035993264056
11095.608728720648,0.9658070329240867,2.692639683961736
11093.404630387571,0.9796255611318241,2.9137306105946
11101.289027371959,0.9120403915879773,2.8850327793784283
11121.67506737811,0.48162178849720244,0.29622381229993344
11136.741664596559,0.9537987661186756,3.052146254140217
11172.891821400593,0.09542276266709762,3.0941779334358053
11241.800061810443,0.9938277462308838,3.0019872137524413
11277.537966985354,0.7990629949278459,-2.0052245379102756
11277.52414968299,0.7957207139437484,-1.9390775768492767
11277.532469849202,0.7885092386667725,-1.88039921363768
11277.53544748288,0.77718406244237,-1.8828676760192233
11277.547727321044,0.7581704982647117,-1.809708436145606
11277.646149219028,0.7301314329504808,-1.597481175575477
11277.882056345707,0.702206082494474,-1.0291103829356167
11278.428448486822,0.5894595266384741,-0.6517302394426516
11279.528993203954,0.4472207776746261,-0.2712754420460577
11281.053462220345,0.018938340444382803,-2.3967732452606683
11280.09845465042,0.0026703022352259154,-2.5655593274886375
11281.623176647458,0.5824722261093342,1.1593667750521233
11285.088401382389,0.9836113352288746,-3.0510397518520858
11296.354917416807,0.41131207291941374,-0.8195580126952113
11313.10733301241,0.29678085130782583,1.7133437254969373
11352.716810285576,0.3709956242689559,-0.7008641811481553
11431.96478690271,0.4655444486024758,-0.8586603041411212
11468.2214679979,0.4834353946877631,0.2040200504070464
11468.233441817061,0.47995462342273615,0.20554596497512723
11468.240348514288,0.47618188143606566,0.1769959701207906
11468.28290594306,0.4675962531540098,0.19100190746113643
11468.364357934666,0.47377384807571055,0.16973203404099513
11468.498272623116,0.4669363715776343,0.20789393571614534
11468.809089500799,0.47305046216458246,0.10304387411076465
11469.426200373564,0.46782298768087544,0.08877388472811143
11470.66867862406,0.46954683681106424,0.05253229989943353
11473.057919590494,0.6267129397254741,0.3273802328261137
11474.074902287308,0.9835004572091673,2.844309092158981
11477.380279221285,0.7081038773541828,3.0950675029277654
11484.125682905356,0.08296835558288912,-2.1096908520077715
11498.480363826106,0.3770711668037902,0.37474281766239104
11517.805187543487,0.4555861519714014,2.4745705822742554
11565.12097954842,0.47949457413213276,0.43025033143999014
11643.153927142343,0.9501859164722577,2.1984097450455486
11677.42050967084,0.9706107632580969,-2.8508759862915953
11677.421735632119,0.9642364002087449,-2.854973786987655
11677.408357943248,0.9675256174275443,-2.8403464387178285
11677.38495450519,0.9622075468068293,-2.9084351090633858
11677.344760028422,0.9838355328865822,-2.8024182004874514
11677.33578333923,0.9326157905616496,-2.638735056561557
11677.313641855213,0.909384937489276,-2.962105468400287
11677.26900657116,0.8488985811687124,3.103111420522901
11677.440008888465,0.7455972897070462,-2.7231670426524874
11678.761056757028,0.2789455749450015,-2.0735199347695756
11678.696356805387,0.02082617214217556,2.560200766453187
11679.494027676361,0.8859339211433084,-3.0430411040520084
11684.619035192052,0.9605113381806337,-2.857036978571022
11695.161497741146,0.008814762648428655,-3.0219096410901867
11719.244742692264,0.9711199518147796,-2.6666764936791836
11770.100616901782,0.5803889204375082,0.13341399359212636
11857.941009072407,0.8697387693012302,-1.7521051806608932
11889.620030540309,0.8021080069129768,-1.151709215219057
11889.620185789725,0.806292083987132,-1.1323397468778578
11889.634770041128,0.8011095948782427,-1.0483494000183446
11889.66356281189,0.7862771517787421,-1.198581380407495
11889.720418677502,0.7411293595544468,-1.0832040225705546
11889.800711748858,0.7354013123044234,-0.8536214852452746
11890.087122567147,0.6758270189290672,-0.7565201978734004
11890.642875382879,0.5704279938785258,-0.6362644010955649
11891.792730631349,0.4028187119337053,-0.5112378251352014
11892.73519228066,0.0020086584824064264,-2.886640476091863
11892.570310352281,0.3210819540293866,0.6221708654071385
11894.269787038917,0.5415856840592973,-0.6737503260682227
11901.36597887693,0.9541888641989819,2.2240747504060625
11907.89432040501,0.9957120721623132,2.6712697655253255
11925.92119835653,0.8070772136012135,-2.596160063793319
11971.33770813225,0.47651292125850836,3.0816843062551147
12054.734943098036,0.012335127986610439,-3.078866418882666
12074.600432454687,0.1260120660973436,-3.0391862558543132
12074.60030274694,0.12055793336703112,-3.1013836825315324
12074.59677592634,0.1271117942722496,-3.078690985968637
12074.586859408088,0.10942462771713447,-3.1081153139993685
12074.588416959738,0.10157585857506851,-3.0374521450403082
12074.587333760875,0.1303410019829847,2.8648670492926973
12074.614893204165,0.15264311387100743,2.585411419285503
12074.669323647775,0.23442124557476932,2.8673815440480226
12075.033428779709,0.23915492609574918,-2.683898213755798
12075.153454681677,0.003560240454242215,-2.7689954292238546
12075.179877827384,0.32031905148287204,1.4871838916948725
12079.441235789513,0.025289439835849668,-2.9595817956314288
12083.497568159577,0.41884135025047964,0.4151177391826413
12094.785518282706,0.5685487858861469,1.4587381616523647
12111.463014526447,0.9880279400694241,2.8624937432684945
12153.927316395551,0.7235451695009211,0.6969615662293549
12227.477984551724,0.9438448697155982,-3.0964859621643552
12271.791826661207,0.9912084188463063,2.45276927847023
12271.801060399323,0.988701895853141,2.414495071225063
12271.788443708492,0.9943701109446412,2.467995925649422
12271.77582109061,0.9968529042477461,2.5000898006904366
12271.743342960357,0.9887707368025013,2.6195897765022833
12271.699883615996,0.9797361822795438,2.481984999990205
12271.653318492163,0.9962529617239654,2.721408937222206
12271.519291058146,0.9848882662363282,2.836889837061544
12271.380737130703,0.9566333683165672,3.051476832387772
12271.150293367158,0.8986156257948337,-2.823375151649412
12275.17641758113,0.5681889778343342,0.30051832794123046
12279.40284083544,0.007841093328125635,-2.8551371136753056
12287.154972507326,0.7937348271200736,2.72371718763583
12299.11814806503,0.4793920400689382,-0.9353391918225418
12316.821401000945,0.05543999683173223,3.0914699166271875
12355.950003529926,0.8472585227596511,-1.7592629052453557
12443.00230716036,0.9926734340865287,2.6389405818045155
12485.090717091676,0.5121740839629471,-0.9548358604151121
12485.095068950368,0.5126784021718671,-0.9090249457384787
12485.106544580653,0.5133375517309016,-0.9796650904157778
12485.148521840287,0.5149468709809577,-0.9282967383765253
12485.217713466465,0.49298862330534116,-0.9406918120428038
12485.331174953848,0.5000926450575487,-1.143519948701921
12485.63790514178,0.449280881478534,-0.9631105287984436
12486.07274241124,0.2905367774016447,-1.8791194861172635
12486.335208426424,0.09171434584004548,-3.0452245586566233
12486.042472514797,0.08708605063796385,3.0254752139625687
12487.593368768607,0.8670118745239833,2.742194401481729
12489.399510699894,0.2101604867103921,1.8896525272480718
12490.08786781327,0.2566154880165057,-1.819480677381426
12502.720463487718,0.2884126252619963,0.052753398289630216
12523.130068571356,0.9991729773908449,2.7658486594866325
12562.700137181038,0.6822214353394467,-1.7503243269486068
12657.221228666815,0.0023430906868054328,-2.700605797430766
12697.115729939456,0.5575447718633088,1.4964743684258988
12697.1255983896,0.5575516508443902,1.5348649372321983
12697.134204678216,0.5595572279091109,1.5888981433437248
12697.162892342667,0.5492759135702894,1.694848043548351
12697.228387782443,0.5863955585060973,1.5851076797838246
12697.322946295062,0.6293116613291398,1.5471634982067588
12697.542338576823,0.6516831810317949,2.032097140025445
12697.854110407943,0.8015763245489154,2.4543471375339667
12697.915175087808,0.9701369788201565,2.6206136392224053
12697.494568643218,0.9830874896992846,2.875175763671316
12696.75263134669,0.9985328476185201,2.731000974375174
12699.598922177216,0.018962910162284862,-2.939468193683703
12702.471622806985,0.8184071678704337,2.225546426664952
12707.11735007634,0.9833043570906954,2.681322061830434
12723.68194714143,0.6670431718981811,-1.951123183508416
12767.77789321036,0.9366000475708988,3.0742453163768797
12849.876463721344,0.35444518989045587,-0.25739784439233704
12881.458821045886,0.6342125521302471,2.263657476221061
12881.458867606767,0.6380404245237431,2.296319380622184
12881.461550809558,0.6411928024080579,2.4252511759466397
12881.476205554382,0.6396622822341208,2.332677382921374
12881.518345496785,0.651488902203308,2.370495047064673
12881.584407992284,0.6922630189143164,2.2699916132193287
12881.694499339988,0.7219297461780024,2.586430903211391
12881.847024012251,0.7610847774053492,2.8533386508731953
12882.071592303777,0.8773829767906399,2.546582536503683
12882.31712349809,0.7551497119911086,-2.2539415327387005
12884.397655975175,0.18454607919277843,-2.521720348400792
12882.826874541666,0.03865098627776292,-2.7467100314639197
12882.709850429133,0.7343276305174011,-1.1032317256893522
12897.474586991086,0.9947349775155865,2.9486030717980736
12917.321254568447,0.9375218439156946,-2.8529573375429385
12951.400423439949,0.9885494306878858,2.782456004994385
13049.409132358967,0.35545831869344324,2.2582034981820405
13097.55691548387,0.15360864112283978,-2.800268362031238
13097.555271498239,0.14512461711680713,-2.8532927904504106
13097.561256208237,0.15228223551737274,-2.735337109283008
13097.557439620636,0.14333618258946815,-2.7934757648742656
13097.549177970983,0.13480932343734517,-2.61163396003183
13097.565591219096,0.1147880290380047,-2.908532916333758
13097.582610587906,0.12712160505265996,-3.074002984105075
13097.546304568292,0.016255169704582684,-2.8387541146522226
13097.315277868502,0.011448743903910184,3.1301747620559492
13097.901724111212,0.3484547992378766,0.02406112802303051
13101.940959762322,0.004833466527085009,-2.544470533445242
13104.302952947532,0.9875107852339782,2.9583573911271337
13107.689212251278,0.9260221720758399,-2.428300825515391
13123.977905492484,0.03496076552633053,2.9749883993893604
13152.50204027458,0.12135916146179382,3.108540463032874
13195.549872657433,0.9854411131463445,-2.903502643418501
13290.641184218588,0.9032038378471208,2.3154655138768643
13329.873673734435,0.9648618623519546,2.7321060558869386
13329.872130457134,0.9653078051181443,2.7153757150986966
13329.877545919839,0.9553421400497067,2.7507738034717084
13329.886897618331,0.9438041141656206,2.7956366510518427
13329.865741273552,0.9593348959867389,3.107870305297138
13329.849410415825,0.9514492002273801,-2.8930487989499563
13329.826594153461,0.9156920260245422,-2.737382447840163
13329.940852512413,0.7793596124279184,-2.0471231739112894
13330.63506241481,0.5277141146603064,-1.6225371275575036
13331.563186814114,0.016460778769447064,-2.4482651435881926
13333.145306638457,0.8427570756959716,1.809262768832693
13335.19422991936,0.19785180502823302,2.980942178764364
13340.230227876371,0.7904396805596109,-1.0276558359756218
13356.906160959505,0.032533317568022246,-2.751186862144424
13386.800938614266,0.8941965551786986,-3.0777726554308495
13420.392005573347,0.8102144416182575,-3.135900306591169
13503.614915535274,0.56610068739936,-1.9625868732457046
13540.15092139541,0.012305067693860835,-2.504277678587567
13540.151687777614,0.01317000071263728,-2.439050212596714
13540.146803223284,0.0025763987678380715,-2.6313923769682446
13540.13755760859,0.0012405065739540288,-2.6355536517453904
13540.121595082594,0.00894574354628652,-2.7888119008706727
13540.109914271958,0.036534414604066846,-2.7053108335123954
13540.030325903179,0.038872765693729563,-2.8677034600547366
13539.958013455633,0.007891866018526554,-2.964648550129014
13539.794486178102,0.026508079424132764,-3.1198803847234142
13539.38715190288,0.04688593676378517,2.929919053898624
13542.353329575259,0.763120834855437,1.7933306405291471
13544.739114101118,0.29001063130365473,0.1859903866666346
13554.281745466576,0.46967820205562366,0.8467734874806458
13568.582864564665,0.13454314679092788,3.0914321353463805
13596.53699496229,0.3896101117139887,0.09753024724514514
13640.41731481108,0.0007868353027218773,-2.4297820418088274
13719.317648176499,0.039093050849259105,-2.8667762630728664
13746.18384700125,0.6862218882446819,-1.8437087998365584
13746.187246995205,0.6856266398018704,-1.7892106649886699
13746.198226763434,0.6831777416510066,-1.7552913831903318
13746.215320956067,0.6776863349717197,-1.602818226320149
13746.265894344322,0.6620915466246581,-1.5153343099700167
13746.378517696097,0.5969970071479029,-1.3143073308311468
13746.616608394146,0.5416555953309641,-1.0478255135178554
13747.116196972782,0.40366012885680375,-0.9914024545391915
13747.930797199017,0.11326166389296727,-1.3472263182308497
13747.533515153056,0.07506733285906536,2.9726030566215282
13747.740795870179,0.20087222356340959,1.6204019751552323
13755.914336951613,0.0472230732937731,-2.5833093631736057
13760.249040400136,0.9658521046378127,2.9574255804248937
13764.01542628647,0.7003695728015152,2.8741846863635807
13781.502015688515,0.2922091651305683,-0.7477188520191471
13820.133290089598,0.03116156547731466,-2.954182921375634
13902.635836061956,0.10629352406645334,2.2684887414163057
13945.012348084718,0.22422336942178134,2.904907226292978
13945.009714790787,0.22321390379299103,2.9074671993999157
13945.02057420887,0.22468911256978988,2.886085331244269
13945.038414733612,0.21769135602494025,3.056443851957674
13945.056426861871,0.21981527850393176,-3.0440908341049164
13945.075210847863,0.24336783179325852,-2.9932458622691427
13945.139968339654,0.2931568130077246,2.9498651371313827
13945.333254793177,0.2847693933816314,2.921348127081526
13945.77939716111,0.34663148079162415,2.553993608869355
13946.994658672704,0.8311940789819801,2.4915963396275504
13948.249721433853,0.13108400611235113,-3.070178716820883
13951.006195718915,0.9200345387210819,-2.3010647641812847
13958.201381092196,0.41377697887796067,3.138397079839848
13965.900835054767,0.28087864517413363,-1.8415258986454248
13985.586657326201,0.6554413436582932,-1.9970979542300697
14029.537503770804,0.9962764403105738,3.012007588847079
14111.08231677033,0.974695532520285,2.719557481963781
14150.949202853524,0.7113664570867008,1.104651237327845
14150.957927240568,0.7086419771604163,1.1472922029547643
14150.972320099423,0.7108377064995568,1.103616912557296
14150.997696483768,0.7171971117239174,1.021434560730528
14151.067417427555,0.7502960726491618,1.008535270923387
14151.19106852919,0.7948747676927795,1.066699161840142
14151.378223664795,0.879165417364986,1.1522779940562184
14151.440731630328,0.9964913486503328,2.345568827190262
14151.259203462121,0.9501693205572184,-2.9029044653823197
14150.871530153527,0.9795661187807857,2.864267481087059
14152.769862834952,0.30078614333448034,-1.9935511375623944
14154.51470992602,0.9274067490611723,-3.0696477638729904
14160.14293243132,0.0008108081270531788,-2.711255307589974
14166.989726096903,0.0483447675442817,-2.898623761143401
14177.404912382062,0.9465851873535076,2.8198991766484873
14226.335895315151,0.41513509731579656,-0.39691208652370946
14320.286390276573,0.8884096374143543,2.3533716961133138
14349.122129752852,0.31931434251349955,2.686643464241782
14349.124391169356,0.3145808793410905,2.639565399589376
14349.141256692219,0.32337914877034346,2.584399144458228
14349.154908140252,0.33230828820189234,2.394200597131288
14349.18389759812,0.3237437911899205,2.1898651534229128
14349.266098547681,0.35867156839567116,2.050332148900427
14349.432547838149,0.41820908915448546,1.4641813775057306
14349.88932045745,0.5798843220785665,1.4677180337088211
14350.433212853088,0.8632435561580096,2.374556234418705
14350.061236504442,0.9995212988796468,2.4741422792236794
14351.886184430308,0.04816516358877323,-3.024003904121305
14353.858682125063,0.9914449747818314,2.754963483515171
14361.259094313375,0.4875295013346654,-0.9357731517356793
14372.185835626224,0.10930481999222819,-2.9386644019052612
14391.855555453243,0.022717372599007093,-3.1068086974702775
14431.66585907135,0.17176933765007654,-2.786733475509139
14511.43184689135,0.5950825797343274,2.0088777930117274
14536.421815907404,0.3950839822879482,1.4235878172532628
14536.434891489977,0.39148343187154455,1.536538047297963
14536.439134900202,0.40548899524075704,1.324237445700379
14536.480059318019,0.40999137021573123,1.3215684899759363
14536.514961808285,0.43020781695422716,1.3129744479640184
14536.635019381843,0.4712046031993579,1.147273106287793
14536.929700616813,0.520965264234223,1.4150773216165655
14537.358263652584,0.6575983541870177,1.9250276141645175
14537.792158857286,0.9458502068778649,2.3501516523281794
14538.479382387413,0.7298634100452185,-0.5493788104006221
14540.336254137703,0.034199128791123454,-2.882837479209359
14544.038189720348,0.5717280371458994,0.2585065918883087
14545.590601130492,0.15770930928986632,-2.9477046730165073
14556.50532088949,0.15600734988644938,-1.9339924019942747
14574.993896616448,0.5961779490324995,1.3407667953418079
14610.200589801614,0.3310445042215012,1.7881062453172643
14706.205461352027,0.024090549581437692,-2.802343956387987
14769.641822940031,0.9904424002981193,2.8199415825783873
14769.638141159805,0.9934562959342985,2.822281076830942
14769.633812705195,0.9860472695097878,2.972373053357975
14769.636719473754,0.9922059059639321,2.863448428474017
14769.58992713878,0.982017476592447,2.939220417419035
14769.555169508065,0.9628020254582045,-2.880026819935378
14769.506197818791,0.9546598736530314,-2.983859596434063
14769.371602195624,0.9890491318345891,2.9998303157329147
14769.069359295832,0.973649972407864,-2.836076052010535
14769.264037377407,0.6974854646044258,-2.4414379567850877
14770.252420508023,0.08976484784808411,3.0935047057105702
14772.816577090087,0.849108560817653,2.9920250624695885
14771.675488162073,0.002082129102084047,-2.706330036114421
14777.155985661268,0.5281238903292743,-0.5551732603980866
14793.723404802615,0.707203489279411,2.408201204466387
14831.261635932713,0.9879567411239073,3.093660897381203
14917.651102244583,0.1323478176311387,2.4325478647174714
14955.863231493011,0.8819616441826386,-2.2725126194794085
14955.860978914674,0.8790480032598523,-2.208995414499452
14955.876548100385,0.8847118086266328,-2.1002818610563994
14955.870522887453,0.8687266757874754,-2.182014459421412
14955.881329893456,0.8710583178322525,-1.8917190523777525
14955.91621999555,0.8467430089121053,-1.813076655678711
14956.080064325566,0.7196777143021749,-1.5463823920658188
14956.584150578521,0.5514804065451828,-0.7712740355356829
14957.757003260489,0.39830705249728676,-0.3208971924863011
14958.581878358385,0.009542661067481951,-3.0501721465919016
14958.184569336725,0.00331571030818191,-2.7229338735371846
14961.231952636272,0.9208078850510389,2.5744628936242373
14969.092459327376,0.16209296351440933,-1.1066845408852242
14979.293365225878,0.31417142736965586,1.459160916363028
14994.516775061938,0.12464875979117723,-2.879530447167356
15018.822462222613,0.07101910919095493,2.022495277246864
15108.942436530682,0.47316623476068287,-0.7148497895773844
15142.92895195327,0.026091967453511486,-3.065191754884698
15142.924254229385,0.025561934581325177,-3.0910523581882634
15142.921389552506,0.028746295453319647,3.1237543317448067
15142.923089554542,0.03716581101454193,3.0827680567484945
15142.90803325511,0.01990858885116635,-3.048364441035498
15142.874279567865,0.007129058338248943,-2.84608840233584
15142.767176654279,0.004157906236726314,3.018935289756758
15142.705818355054,0.07134521708795863,-3.1008466157518138
15142.588193698062,0.04015258276729901,-2.909025581280514
15142.230129804051,0.014740648355263373,-2.955440550050156
15143.672064324399,0.6188680254419968,1.7391492630986072
15145.976836513824,0.05827027464424939,2.821615773894278
15149.718300156948,0.023076466740797236,-2.7769623275102453
15159.146597492614,0.9926865672407498,2.7098162160210766
15180.418393891685,0.9433227309286567,3.0736189029351753
15215.743730635626,0.7779968760464816,-0.5224822137962644
15300.410718367064,0.8148475988322518,-1.4364519764784067
15337.288772078935,0.6323478686486536,0.180725595626547
15337.305784503715,0.6297062699832201,0.1901763370135554
15337.322532743667,0.6305119580545774,0.17863279407512778
15337.357517908296,0.6288212369268854,0.36710739440013285
15337.440992183525,0.6462436129049729,0.2977620429877925
15337.594111399096,0.6361332429296352,0.0536617488844322
15337.921227788574,0.5633898364231429,-0.4053220708513039
15338.530339426115,0.49532215228945004,-0.20314035888239967
15339.772690183712,0.5726355113740905,0.27153411379401327
15342.031320775744,0.7376098551139041,0.18953109432114124
15342.295429060754,0.9975250430589379,3.0046943458885753
15342.99560312676,0.04672932451078518,-3.050594615848619
15346.280535091673,0.02629031976066828,-2.7473916440562833
15352.519231565593,0.002309955898941467,-3.0444892109812742
15364.921710201228,0.35729957777459753,-2.8186279022041023
15415.772726054856,0.5608932071083647,-1.3125161633106337
15499.711724670133,0.28074869969048033,2.1026590583376343
15540.163801529507,0.7856955196754115,-2.5789789794611964
15540.164956107677,0.7857093864099421,-2.574284362601877
15540.177350118753,0.7914791148333674,-2.3412526234944613
15540.191687128716,0.773200261909262,-2.351693089282024
15540.220574147932,0.7814231041463082,-2.396170744063803
15540.281554540024,0.7537722281566556,-2.2621045028785356
15540.388763335432,0.6981041992967982,-2.506257213364179
15540.790669100763,0.5393914454472611,-1.8238635487757198
15541.49238620496,0.3263504270948684,-2.8060833579428017
15542.023862335649,0.17794296554650077,2.810786367738822
15543.971311567659,0.750283816435847,3.091312887537777
15545.269654893373,0.05345470696586821,-3.1151328107663057
15552.271294871709,0.48602760599096106,0.6127670535259435
15557.053950463805,0.04227811184939327,2.961176930832316
15573.852049373212,0.0035769827196682163,-2.7428658225216034
15614.652931735553,0.6793207576157118,1.729547795960368
15699.214649020976,0.07848501892972955,1.7309892844627273
15742.884887596556,0.03862636837350045,2.8345875679982004
15742.88657627723,0.04604273728120453,2.8853555846013705
15742.892559130543,0.036924260509126464,2.79383490662927
15742.875035136904,0.04335196379471705,2.7373186386211428
15742.873158396851,0.05384789070192211,2.5920964775665922
15742.890561043643,0.05885462066464349,2.7707446907436335
15742.913802895511,0.113012495049241,2.3142779337603665
15743.124913342916,0.20263669828190148,1.3351594617902327
15744.05487946123,0.3994310557414797,0.9407816233057567
15745.089007343619,0.9926438583796613,2.718397537981442
15745.853148229333,0.05992032898672684,-2.6742792975896075
15750.192886139295,0.21831997481981802,-2.718824214867294
15756.996717163891,0.5618915276422883,2.1270949897382625
15771.623712021095,0.03254320197434584,3.057782138557748
15784.233999253309,0.014158724343049617,-2.7822739439819824
15820.050049643824,0.2503455048491275,2.7866826497397303
15892.146023330417,0.19717731250909817,-2.610628676555058
15921.922477542996,0.000248454000780874,-2.6822711517642195
15921.923550485104,0.0006892389646797196,-2.701444324681397
15921.930742793695,0.0006892389646797196,-2.7552790456496794
15921.909179175664,0.005215266186913374,-2.786888496214107
15921.882507085145,0.010242669999964319,3.1399808451517455
15921.82514173451,0.008555863184476847,-3.0569773680395684
15921.73647942891,0.00820091931822883,-2.8736863350465778
15921.629474754542,0.02211302272937992,-3.019266678470493
15921.515209282019,0.05548044646436823,-2.7127160417572633
15921.107973326183,0.06473788555764691,2.281297318745601
15924.813494715498,0.8733516324026985,2.4722394084188686
15926.021383240708,0.257486610270268,-2.2654319417759026
15929.831913901975,0.31488973726635916,1.6766392984133196
15943.18291979034,0.1743832312703504,-2.8232201673132735
15957.799965816332,0.7127212724511334,0.15684236076004243
15994.15858177516,0.2533723019190836,0.7790376774099226
16084.819331799374,0.9996176911820003,2.54198841686045
16115.580981832816,0.0017436921712836984,-2.7590693612766106
16115.573765070278,0.0033149711926837265,-2.8186400896794206
16115.579350570635,0.0003617665759361199,-2.8533208114681563
16115.574743763973,0.0031922489403877537,-2.8160993018404614
16115.573378805162,0.0044444205316282095,-2.7532750145814426
16115.530244142727,0.014256576248783123,-2.5892970119994585
16115.501059523702,0.0024486989711046563,-2.902611778685668
16115.40771586431,0.03589547233157614,-3.0950056925538423
16115.105785705175,0.024590296364579187,-2.995532885751678
16114.591915941382,0.011596207759555754,-3.0546596990308648
16114.930105056166,0.6255475550238283,2.3825247164670973
16117.023273451954,0.1847105863413874,-2.8307795964034694
16124.905439185939,0.9544465083179093,2.850461051365219
16138.32743706838,0.9620768211173443,-2.807595675889423
16155.210876205621,0.8316685483464794,2.5274018860799554
16190.777330555486,0.07880409969812924,2.5131073349756523
16267.382213846611,0.10488564029293881,2.8485679720266024
16282.129441271041,0.8424458085846389,2.478181522152404
16282.13796882991,0.8439841981599403,2.5499415893128052
16282.137336793028,0.8416284053600476,2.484348240855109
16282.141449150624,0.8540892951564663,2.4582387018390826
16282.15080670301,0.8407883864101376,2.3674400452143693
16282.207689391877,0.8799028189992212,2.665408982527701
16282.279283923071,0.8844714581314107,2.532549622988914
16282.34159022092,0.9022720584490829,2.7460823743607126
16282.318490809994,0.9338158169856937,-2.9882907028298957
16283.232562094932,0.5060006179107102,-1.0905259952752693
16286.079833747815,0.5372124358266276,0.24144009990730986
16294.438202387806,0.8145116398206467,2.28572522892755
16295.080640486658,0.8171820006673439,-2.605338442720806
16306.778268388016,0.05634650521419621,2.297198520743155
16325.20982643141,0.6276200678566729,-0.6343080519932887
16363.510724129732,0.03600171284640311,2.604695292755192
16450.532840161402,0.6857202868148101,-0.4547569656067587
16487.034661142676,0.00641884820758448,-2.7508051756636407
16487.02984755041,0.00641884820758448,-2.79580370399325
16487.021855763847,0.0010039849835478953,-2.8478907710026053
16487.02153767682,0.016329490674509006,-2.9175486443607497
16487.004140231464,0.003644964743782463,-2.916599213928583
16486.97465685965,0.009680038766410113,-2.836524797141044
16486.927591821295,0.00755285423205671,-3.0210181681408943
16486.83536430173,0.026017618839770155,3.0599987461113116
16486.72279992092,0.0026592866121805483,-2.8363848168124917
16486.250257099804,0.04102031962784816,-2.908877924351828
16485.176244057497,0.0012701460058826572,2.99562834667727
16491.5123063428,0.6816282909530712,-0.22599513819623995
16494.379617430484,0.03110522087245448,-3.0567497384158093
16503.35210269783,0.3662289526701897,-0.6314910634240145
16527.054855604696,0.2455832365528057,0.3359520242608456
16566.04874783004,0.0018858141994291561,3.0544370905460756
16620.795481466543,0.933623140350334,2.665465409434243
16661.603820612538,0.7492299504777128,0.9183523487276943
16661.618104364443,0.7448988822764396,0.82809041529989
16661.64024078109,0.737091591772404,0.7254421204783092
16661.660846146275,0.7415013154318925,0.573671393721157
16661.72816679161,0.7657904999285019,0.6485497163053422
16661.84193805922,0.7973962247887181,0.537380610920625
16662.029218067753,0.8538287577254473,0.7733746700701234
16662.16447254091,0.9926493276778791,1.7525220630144407
16661.923810608132,0.9740509037540666,2.9629834533597954
16661.47529039798,0.8557953067135757,-1.900434906909391
16664.118227994433,0.016445507686437925,-3.1018861958485737
16670.21869405635,0.0048321901920682754,-2.9117694549571556
16671.258791124477,0.06704502964668686,3.1190341907761496
16675.216550998557,0.30754696464068126,-1.9552201895044117
16690.59114794565,0.8341275792277689,-2.3730084514948535
16735.733277175572,0.6982333208282078,-1.2675821101302311
16817.57451071068,0.9973697531581132,3.0395227711176673
16853.747087852134,0.93951266391698,2.430077214895528
16853.75249908887,0.9465224329412774,2.4057151809785715
16853.75044704718,0.9463127706586041,2.355331400712659
16853.761007965077,0.9563950756489008,2.4048421120207237
16853.748541323108,0.9714242936586602,2.5371315524006217
16853.740042502148,0.9938150115715256,2.594219009629189
16853.657652178,0.9634031588167874,2.6399771135296266
16853.527671581687,0.9590324385462891,-2.7340895967528422
16854.016683392027,0.7258673501373969,-1.2306988018706302
16855.579980051,0.15719242684405124,-2.509845479423632
16857.763845855327,0.7861323695027753,2.075994580914667
16859.020766666024,0.025364855452705046,-3.0811831495121784
16868.47928087565,0.0612229026162215,-2.7477336161258217
16885.0407376614,0.8010631884690641,-1.9825174055260286
16903.012209559096,0.9715379397953919,2.9376558156343195
16926.222292760813,0.37946981618779924,-2.95466206134043
17017.399216670314,0.23045243929892276,-2.3558531699082796
17045.62566397182,0.8494333390666796,-2.6981594840826917
17045.620754641546,0.8477468038275194,-2.7346290541309886
17045.630727728432,0.8482346179765239,-2.709565743716999
17045.634267771948,0.844332322348329,-2.539771358119908
17045.65133681017,0.8406087804925177,-2.578443233854984
17045.67526402425,0.8483142199741932,-2.514762520523581
17045.765008871862,0.7881690923596012,-1.7935981407177293
17046.168224267574,0.6244749892470652,-0.7353107416110878
17047.308206369155,0.3051627494557831,-1.2684547506593735
17047.25569832172,0.0159359512589499,-3.0525514423346616
17045.980630706097,0.009242384883849413,-2.78447588824562
17046.77671852679,0.7962354905129874,-3.079370308018887
17047.97368310939,0.00830440650601526,-3.054550841302158
17054.383328854587,0.8397878736826746,-1.651350051099717
17082.9626962522,0.11643790959419,-1.0338205040255435
17121.10846963333,0.5530140135031323,0.81182220913472
17207.116082390487,0.4676380402833015,-1.4219568708244144
17245.61251393301,0.9460607368886963,2.8638075208630767
17245.614848432284,0.9464339745808639,2.881987739999543
17245.61380499071,0.9544857270033247,3.0245925042153363
17245.611299075383,0.9520333806317186,3.042788136016436
17245.60034085059,0.9483239332155708,-3.01282327378322
17245.58019522679,0.9393433844377331,-2.8893316882386597
17245.58591402644,0.8812430524488268,-2.427988667482676
17245.677618951322,0.8045951362303232,-2.8164327274283685
17245.955196997314,0.8392643385137506,2.9779856993133116
17245.672675141795,0.999761164531047,2.6804606850249435
17244.94423720714,0.9216956043559291,-2.321948099465648
17248.92079280949,0.7542739450471703,2.290726449719113
17253.642071400634,0.2868090063564993,1.5309810826129766
17269.37784873041,0.6091754171440232,-1.0070977307509028
17280.129196065656,0.5858055593291766,-0.689898286500803
17317.547840214804,0.009810798407181253,2.9782869889768033
17392.212116976938,0.9954618539373843,2.723692356557791
17430.02234810304,0.46030315122201276,-2.3934139890683817
17430.027790428805,0.45735087217185577,-2.3716228571366798
17430.042296254596,0.45515593146681704,-2.358656299844222
17430.05354480161,0.4381773934088807,-2.4110626994507807
17430.105330694332,0.42586958169531053,-2.297756178775652
17430.186728285753,0.42500245761758787,-2.215162978558432
17430.34049885847,0.34105708935281304,-2.5568125452918573
17430.590142111458,0.26985006464976447,-2.966681189916026
17430.942163710293,0.22447165879202802,-3.041608589261818
17431.602760281574,0.37584092379532197,2.36834945250839
17434.11562128875,0.3678468169151376,-0.9510468828683303
17437.298112464614,0.23581583324604308,-2.0835039290043933
17441.03340360401,0.9271939809302149,-2.567637618745563
17456.947127176572,0.6066210691862323,-0.0902548526634317
17479.582018612047,0.4821934857523364,-2.300285938300205
17517.520056974074,0.054772273673585996,-2.8028692206326515
17612.12934030821,0.5699601307254045,-0.10919883992650892
17650.940780476983,0.8123502034896389,2.582758194583029
17650.948919711816,0.8097524520669533,2.5034460956969626
17650.946137570627,0.816715272243261,2.5936120821241655
17650.948289633587,0.8142708338906736,2.54516415132173
17650.952444332273,0.8302547151095306,2.592781184058474
17650.962059429243,0.8658176921409046,2.6803003411060384
17651.022538154422,0.9057888872742205,2.803457804762491
17650.999513532355,0.9315896508179654,2.659767157122241
17650.781365126582,0.9770978980534135,2.6860141556154398
17651.00784517608,0.6670539153121671,-1.2472663347192772
17652.224222984067,0.01952691784308892,-2.8542970797302547
17652.074849111046,0.2852562605309533,-0.030787092765918178
17658.629137574604,0.5647256901924764,-0.9039199600231052
17669.409783790543,0.9985715188656183,2.856710385479185
17685.393912667376,0.08865073350312846,-2.943254538726211
17714.950831841732,0.17331920304449655,-3.0665494482846674
17793.131068731647,0.003679311375253446,-3.0775092843169585
17824.131154329803,0.20163567649053393,2.1486900930324406
17824.136523584326,0.2003109788619229,2.0891901712063365
17824.130273349372,0.21447144012814964,1.9878632804735155
17824.13592076046,0.21665134675495507,2.10718606534102
17824.176237828975,0.20736056256469623,1.9981181971102462
17824.275504787012,0.2528573685109714,1.7577300381417205
17824.493784094695,0.34086725877286467,1.3465177419033836
17824.93231640763,0.43609184144152646,1.4922205516089981
17825.67733072691,0.8250942342570239,2.357725093449506
17825.40314115376,0.9964439841785133,2.5291455557225078
17826.305054691064,0.3837873818931121,-2.298502951203621
17825.72288543242,0.0017241533048610496,-2.746500371652277
17828.64693346095,0.43908210212134574,1.320347145857066
17833.737103596137,0.9901246897762298,2.799318698391847
17847.735814404958,0.638141732630052,1.9453097269675723
17885.583832555254,0.8390880928637241,2.414354653565489
17980.05261860533,0.4890520315555743,1.4269785649347364
18010.04888722531,0.250388673395578,2.133010249401302
18010.05837546359,0.2490398349116129,2.1783488508591997
18010.06275423262,0.2549206079145932,2.1164162207589605
18010.07964282651,0.25903151049687,1.978668594180184
18010.14184170235,0.27619974454598284,1.88620534561956
18010.247735390465,0.30661280869803575,1.342294891004471
18010.49255153957,0.4028913530039168,0.9946973885187864
18010.96636498678,0.5009860228664058,1.1711123736936075
18011.72573392941,0.7534539919021169,2.0310619527423253
18011.85451208679,0.9206382895631007,2.9923516455363037
18011.571371875616,0.8330735021139,-1.3621940132746206
18017.21066073325,0.9982891115319518,2.959505926188738
18019.78497328375,0.9701279604617308,2.7993500123801347
18025.72553417916,0.16234888610129863,1.515435650716622
18054.96502804884,0.8199005736071933,2.2066419804318143
18100.354500330563,0.3883595184907917,-2.0887950543255607
18193.683957504818,0.9827620020141378,-2.9724238277865354
18230.803893457865,0.13228108784413967,1.4406924839535282
18230.806568371274,0.1384753931170467,1.3940836319508634
18230.814268658076,0.1542857652937894,1.3510540694902469
18230.83257589733,0.15957317650716832,1.3789777614963201
18230.87167315759,0.17903951194037482,1.4053615793311884
18230.944334102423,0.22873340034128128,1.3566330794515684
18231.1646327855,0.32043145611936974,1.23335341285817
18231.661857695388,0.46576891482809035,0.6037691788957242
18232.66999045276,0.716227929334807,1.8448774083504569
18232.911920143666,0.981337240040815,-2.828243249425421
18232.187487481373,0.9895583650420728,2.70318147264598
18231.521853516035,0.6408212066642142,-1.0189134713737493
18238.716905704117,0.2792765111149626,2.226563489335744
18246.900640438424,0.07979481578764164,2.7791959677620106
18274.609988043198,0.9012055192509001,-3.097330033576151
18315.452170451266,0.01993086028538821,2.6408795397734792
18390.70294923665,0.06701516501186654,2.965227603437695
18423.71419738493,0.7561380136647005,-0.6659986210828639
18423.72726470077,0.750077122990339,-0.690954677363552
18423.749951535938,0.7392347665480629,-0.7584615027448072
18423.78168370276,0.7355826439038845,-0.6980802130983386
18423.84160784263,0.7232904462158793,-0.591999951038086
18423.97610047326,0.6769223479142901,-0.5837826267123409
18424.25510847171,0.6275100448722299,-0.2321043605654256
18424.78083882867,0.5640116422459787,-0.20532992229966007
18425.90479750213,0.5581164652852979,0.03627246718452337
18428.194628093184,0.7074972292640196,1.7345319843686902
18428.258269504906,0.9596424040766607,-2.9941384925948444
18435.454933765894,0.5068729654170455,-0.6374883480324582
18437.890309403236,0.9916611651265532,-3.061448550346976
18448.823371038423,0.9943528806177763,2.9210415659889772
18462.147057799088,0.9965354546196333,2.6867435879991852
18514.502568299034,0.647051252600953,-1.9342710992113663
18584.666978415084,0.16446026981775508,2.839578809958253
18620.053943801584,0.021131194046507547,-2.982478205809924
18620.051656212727,0.016924520741007067,-2.9831935436203834
18620.044177976008,0.021069525855190112,-3.0569102314437804
18620.03549353742,0.017707093578587525,-3.1165371612680715
18620.014112850906,0.010239256342886164,3.1166141382455272
18619.98295132012,0.025231412496731463,2.9147583281300395
18619.941020050865,0.038926877806887625,-2.939046435777327
18619.89597867407,0.010149868183433967,-2.5494817131389738
18619.55041274195,0.007893501115828202,-2.625428117552117
18620.611403695133,0.4080686235905879,0.5816506011733553
18624.97237365747,0.22412357743394795,0.4045490329136934
18630.579809588544,0.39424497995085045,0.19199102348731856
18637.198468048722,0.904843059308849,2.8613593812630462
18653.385886015298,0.04978433450521657,-2.0520309672907215
18670.51075656851,0.46120701480879917,-0.6979860305246355
18705.831840608735,0.7567809785070917,-2.831638518764702
18792.005102275747,0.36881076432471155,0.20192371805198883
18832.608791367853,0.13607272532961598,-2.989161316829824
18832.60238942556,0.14089625797869934,-3.0242262193321503
18832.600013741252,0.14164031132142255,-3.006960097123503
18832.591993251823,0.14748809914714833,-3.0656661159017187
18832.59667418778,0.1369086236949631,2.969307214021569
18832.60637126285,0.1019686546732993,3.072654122723945
18832.64463866194,0.11740915199833236,2.842917371560996
18832.669135664477,0.16318352030069078,2.5119425158660365
18833.22624610841,0.36132968000794,1.0362724572860396
18835.28160122501,0.7738243592680838,0.8381824776344171
18837.314468786728,0.4298215012547456,-0.9198862468290487
18840.46021366,0.06920369135486537,-0.7523777475476412
18842.808157002502,0.039954049490090605,-3.035319938400282
18852.725710300863,0.0021227169564432824,-2.9914475064428054
18869.333634087754,0.9775700505741095,3.0210823294206346
18906.690130734805,0.6896463778200381,-0.9783619465661451
18988.50229347451,0.769649728749259,-1.0409506006225033
19020.282388304975,0.6303418928700352,2.542076465235505
19020.287392324262,0.6339314434627615,2.480597039961248
19020.302224716248,0.6312010924427256,2.5259126077744485
19020.30931138055,0.6371375761701205,2.566472939567218
19020.347807671707,0.6341292597774633,2.4939390268714057
19020.408763528474,0.6333329532902222,2.7399987533789663
19020.569491184113,0.6376568559613214,2.8571098014727223
19020.801222018472,0.6599860908190596,-2.9370994781684434
19021.339528346583,0.5570422579724251,-2.8001947761236043
19022.530752561215,0.3350077368067191,-1.98275811449655
19022.386079742628,0.03575013068517401,3.048779871194629
19023.030125805042,0.988648369595873,2.9411177199725254
19024.98245695447,0.8580894921775306,2.790279912902248
19034.9660590099,0.693840264719846,-0.1549396539508865
19060.076167703945,0.9576648364849195,2.995795348489148
19110.22032908621,0.31389801517740895,-1.9797258783505984
19190.483793931948,0.0008618640474105099,-2.4096145529533377
19232.226932931208,0.5083158000529231,2.3962141655651266
19232.22604171436,0.5077500763956205,2.3860447845316335
19232.237137939654,0.5157930575028566,2.272101360868282
19232.24970348875,0.5117850586596842,2.366243219203639
19232.30672601807,0.5284242524292949,2.1229763107047868
19232.415444516966,0.5670021075574394,2.202915362903471
19232.595598066317,0.59472208042864,2.4645406285134905
19232.93426357161,0.6908749676394165,2.488088467850041
19233.354953527556,0.7600615125906065,2.6331182096826335
19233.24949289612,0.970240742980941,-3.0716794481101117
19234.75804449092,0.465113461522835,-2.868642295610755
19238.473708102327,0.10763051509404471,-2.2331301337826033
19245.374031925145,0.6959670301226888,0.9128704551952156
19257.280758441826,0.5523782167891577,0.8229527107146457
19275.609856035266,0.10764743797831176,2.4520561753054455
19322.290991899434,0.7832013310043732,0.7313701699026582
19419.13307511321,0.013390830758850768,3.0942365304304102
19465.338182154745,0.5555893301885633,-1.558352346108853
19465.34557598514,0.552797557128273,-1.5907771018505517
19465.356092535214,0.5506828728383468,-1.590867644160763
19465.38180925447,0.5277848956239263,-1.6726673258018907
19465.45135076893,0.5254966121863903,-1.5473322613026403
19465.55363220989,0.46783969263896036,-1.5481252794494795
19465.801774092994,0.38102968039124624,-1.7049631177425042
19466.082828656035,0.17065278067580333,-2.1764289930117036
19466.06831861656,0.0462957205629303,-3.1294875325589984
19466.848134829903,0.571648541189841,1.4549210792763656
19470.061195826675,0.4639860576972157,-0.38515973895564937
19474.524379913244,0.5843090213837335,0.8660908731222747
19481.401302380964,0.957143092325703,2.686793697454628
19487.16603349979,0.1758325445153834,2.4333276406433377
19494.126626154226,0.8811207291329957,-3.0981114694936127
19531.438297088953,0.01211495487444551,-3.0811108084108816
19620.60186587389,0.12790549595525103,2.9305022182925367
19654.166322035086,0.9531947475406399,-3.0916306504546585
19654.162541450205,0.9539967529653508,-3.138936917051492
19654.151018028067,0.9527631315009024,3.120987095972861
19654.15381058706,0.9712872126182456,-3.0995638047096237
19654.153692935433,0.9708609834043145,-2.9321612291942802
19654.09379990529,0.9973297351009386,-3.0516598933663825
19654.039729374115,0.9965117776193374,-3.0010177630531176
19653.89806809497,0.9518739522055962,2.9790686680815854
19653.707461097976,0.9822304829540754,-2.812950074220883
19654.175842904016,0.5845622799436649,-1.9628106253402406
19654.794152600483,0.06975447488818413,2.962513267589909
19661.41772962385,0.997237699788001,2.9999360573105394
19669.01959531089,0.9936837487322384,2.982031761034751
19674.442145053392,0.9127159654626534,2.8231012603770935
19700.7892224397,0.5765591996563431,-1.1098446512822568
19738.473484188078,0.06096300794578549,-2.981351292600927
19841.294284973064,0.17331576095092072,2.896823751855935
19867.25622599024,0.009710163589144432,2.936299568255956
19867.241860484824,0.004178423504321001,3.06513345858962
19867.23684754328,0.008865954260846316,2.9982702837587443
19867.224325734504,0.009329030193254421,2.999105940018941
19867.219950027753,0.0074257852746125175,3.1094627896366376
19867.206098009105,0.009374769215052328,2.98008135614472
19867.140535381706,0.059808756222263226,2.912191466851743
19867.08723880487,0.0950679286721601,-3.0397956262058634
19866.98455284268,0.10408123214720895,-2.961698119036316
19866.832448559944,0.21030339985030916,1.434769736041857
19870.526930247386,0.9903811672108062,1.9745909919891105
19871.21696039267,0.16502166240794158,-3.0406646035960154
19873.640013931585,0.676214401926088,-1.1829636444569587
19881.163677937315,0.997107886450099,2.9393555563267624
19915.452438649143,0.7970968474382139,-3.1415228098557453
19938.513755244545,0.0512167913263444,2.9606515591825966
20019.436264297365,0.053445400065296675,-3.1179704018840706
20064.575277702857,0.9340021410854807,2.7579139580950045
20064.578414965694,0.9364049882679105,2.7650072815610134
20064.566688752395,0.9332767059219977,2.797734507080502
20064.57166716373,0.9415723821185624,2.7377428166966977
20064.548158196834,0.9680950288966348,2.640493638616123
20064.544137737506,0.9766398808197264,2.7606781656751167
20064.503943981723,0.9802766667507165,3.019967117596038
20064.400141793325,0.9901304115892087,-2.8948300214051805
20064.3315282535,0.8934904475982975,-3.1373482933765544
20064.990902470203,0.5667607955900398,-1.6572765997454417
20065.854537679385,0.23611209311851825,1.4510111419462985
20068.641708006417,0.2601392007534028,-2.3164906781107057
20078.032043573072,0.003452672782725167,-2.864081589255077
20091.57847311332,0.7684563325501558,0.5093530000128821
20110.49493156906,0.12094948992530238,-3.10011744932647
20153.464369250476,0.15777931544342064,-2.287621853674396
20233.111438194926,0.9872251741549238,2.9562197387244513
20274.977592029863,0.44600073237672855,-1.0190380936284482
20274.981447564704,0.44168431930122865,-1.0070915687521254
20274.993013324103,0.4373795075709848,-1.0257406391404498
20275.027134286574,0.43070848003680673,-1.13902570858134
20275.072153021425,0.40418259419882985,-1.225522619680918
20275.140270743494,0.3464618828246025,-1.730097755723169
20275.3039102217,0.2949377322237686,-2.2024968819246094
20275.521434430375,0.22152972070484744,-2.8109163553597774
20275.75724230358,0.15174464606829827,-2.8596892845815542
20275.743832229506,0.0014752961593525642,-2.8759799992325
20276.368220233235,0.2969504267942007,-2.812908766684425
20279.127186123536,0.38346051728029246,0.7577821629340868
20286.930787610247,0.7995943502314337,2.686208986763626
20299.864553730193,0.017061701937146245,-2.9112855506571615
20324.263400168493,0.3887953672243542,-1.0360373014265654
20361.035079098576,0.9615150875574489,2.7079045950986984
20438.7434914136,0.2025360102067046,0.16214933550265753
20470.451586852894,0.10126281815714577,-2.424187716568877
20470.45425227192,0.09978517681034195,-2.426626314620148
20470.45462891538,0.09592416946728914,-2.3930036002835036
20470.451029523472,0.08022164859975608,-2.385457532760672
20470.421777899097,0.05228361185904008,-2.536760336468638
20470.376769478284,0.04120496697787954,-2.5574188527683837
20470.26999603055,0.012114897759204643,-2.8747962390251742
20470.12436280536,0.01518778104958279,-2.7159984909381705
20469.889676881463,0.04927596250772144,-3.1223138984766834
20469.44178954628,0.08399762912910695,2.5059056556176724
20471.30532704982,0.9912605853029404,2.7690971002125817
20475.69165816665,0.0104084677158439,3.1158978987765984
20482.10567063566,0.21835099265693017,-1.6847031110301551
20487.62960055613,0.9418084462203238,2.8676449313968924
20504.708958901327,0.5536127043274487,-1.476545826769866
20550.611395439144,0.7683832091676301,0.8116205704380741
20629.692894849723,0.04003594752123351,2.9906572267139087
20656.553586567683,0.15335740702665113,1.2567058599430778
20656.562423084164,0.15778033544618777,1.238024660777814
20656.561386593767,0.16979228416264977,1.2428823763254009
20656.567393824815,0.18760022556320544,1.0842713206326495
20656.607605646353,0.21293466095434815,0.9647939888186565
20656.73419320087,0.2533637102564308,1.1105100192625414
20656.946309079427,0.31331714873459093,0.6761274394149179
20657.466388727407,0.3607502462214916,0.5446596807127904
20658.512966900318,0.6297032090582197,1.694840939508003
20658.978172651423,0.9972300777924327,2.8971773933531004
20659.03329666957,0.6950198343031241,-0.4331800659520151
20663.628255475833,0.01644257594906719,2.759269510015878
20670.574451302276,0.8253604820095852,-2.905065880619267
20677.427444611196,0.9499876014337856,-2.6489249301588345
20706.74334924893,0.663716631319559,-2.1874693405908467
20749.63040415812,0.895452012979493,3.1153995420667346
20817.26781447364,0.04097184269207508,-2.8800555241155026
20846.133120575385,0.634330682377198,-0.4060119982917998
20846.134882458868,0.6306192882311176,-0.47602529865258614
20846.153834174318,0.618863261053679,-0.4839818138885521
20846.1955547438,0.628554617716318,-0.45786204954380993
20846.258489377888,0.5923197554641374,-0.5468148428078052
20846.35727533847,0.5892616380828162,-0.6033329710200546
20846.615052902827,0.5410991812040294,-0.6002395100486306
20847.181193825254,0.3690358300852378,-0.8727119666733407
20847.77623197942,0.0394013889685709,-2.45893378989288
20847.350760155176,0.06897781045098751,-2.7243525249629448
20846.987744235335,0.23733969383489067,0.7578919302667226
20853.36473561739,0.4974416426399607,-0.7307654077501144
20868.3701047147,0.006491453072691135,-2.4131779859033142
20876.027774695332,0.84973821453612,-2.804743201755203
20901.731590892065,0.8463297866278973,2.0446702996572537
20944.3468538908,0.2307799360223311,2.995200704021868
21022.794440449677,0.4505672356850937,2.7159680623945404
21071.470784818626,0.96461026291798,2.8892366951047155
21071.45806479541,0.9651613435178164,2.867279238263878
21071.450183544934,0.9715133057779377,2.884336398562537
21071.44438299609,0.9761646692328927,2.964510232958066
21071.45818867082,0.9667449395204442,3.122734379025526
21071.441419054026,0.9406601859665779,-2.944425976633212
21071.43539032002,0.9483203338696127,-3.0735574755988373
21071.431914376302,0.9210112464381033,-2.726922923885112
21071.852331007456,0.6630194207430713,-1.4857215398373884
21073.667662577856,0.11976772552343865,-2.054860292071507
21072.88481302192,0.0017818616379251687,-2.880302427010128
21074.759619104843,0.9972249665495109,2.922497867009719
21076.750253401027,0.9888255812831621,2.757207605293697
21079.507489258038,0.01330181663540498,-2.6716881990341945
21108.620387970164,0.14458435382832446,2.676254719751899
21140.5708169922,0.02931867220187318,-0.6966641662070616
21223.037560900615,0.029255717087826313,-2.7528992385954365
21254.313249576317,0.9774073351317102,-2.854053669512851
21254.317192168484,0.9798341007633375,-2.835156173048031
21254.31823038586,0.974220765914157,-2.8669004299328567
21254.329017767348,0.9576547558634453,-2.7465992663365544
21254.31523875874,0.9512963337711349,-2.525641874530377
21254.293003324787,0.9120161861048842,-2.6013155182668832
21254.28153795475,0.8926423545154135,-2.4520602159112888
21254.35132778884,0.7668207396619765,-2.664226822562587
21254.940686326358,0.48416315624229145,-1.2227577533922196
21255.991382318876,0.23737104260642594,2.9267237035878946
21258.221611970966,0.4321286023631254,-3.0001378084476276
21261.700217194713,0.2588378060559602,0.035045361231530237
21267.49066032749,0.9114972098022365,-3.031210236555156
21277.96750731769,0.1419693176253907,-2.8646779785732734
21295.41568727649,0.3682294373812864,-0.2121704269782243
21342.05212521161,0.010385363210076519,3.035316911007909
21439.280956418348,0.9229963621311613,2.6218185100739433
21480.856033506407,0.02407174852962588,-2.9657282298719223
21480.851967762326,0.01709590733034573,-2.940164003924749
21480.843884750433,0.01481836941849761,-2.9634925425376886
21480.82662897547,0.002133525419992073,-3.015122632505374
21480.808756927043,0.002984778367143147,-3.010257911973717
21480.755063760193,0.036063107438387476,-2.7679358454034433
21480.701221284944,0.025151644435612838,-2.6813158071691916
21480.619019934016,0.049948448349723104,3.0669423609070314
21480.608439441185,0.09342271907186593,3.020578633022768
21480.47392634452,0.01435046690926357,-2.904567631189279
21483.00294535744,0.5501219090897078,-0.02553957173322452
21487.18591583422,0.9449611636902058,2.70481420270354
21493.7254392273,0.5781398595181884,-0.2099713850427518
21505.882353483757,0.5328052717692425,-0.9355988723715996
21517.217068278776,0.022231333430077868,-2.8637765554446704
21553.16162833728,0.23813501359501982,-2.6849127818005005
21641.279760074955,0.5793068002987999,-0.2959656577674372
21679.66892962588,0.04150746472394722,-3.0469772123592516
21679.66266676721,0.049525034446357134,-3.0708127757146655
21679.66088421761,0.05798134922275649,-3.098964357186776
21679.63991292789,0.07034123226407483,3.0939635638173186
21679.624495094435,0.08036882626659321,2.878831228221852
21679.613042404577,0.11328434270424934,2.882366481649659
21679.62854463231,0.1459259249976538,3.0912927619274395
21679.679330988285,0.1635747894885141,-3.0621649576075054
21679.963243301685,0.14471289704633405,3.110793835478786
21680.139006136316,0.16748415816347229,2.990806970768017
21681.58765457988,0.9786965117454041,2.9307170827948763
21684.585732050095,0.0005097037085032414,-3.046679652081576
21683.398178068004,0.9995368608861056,2.829781175167313
21693.469302021094,0.8221392753999952,-2.921737791370682
21727.41420494571,0.0004214720683486475,-3.013633239115758
21763.370971668894,0.1638706927234024,2.7392440732771473
21848.578699136506,0.44854250419955494,-1.1226310555171524
21876.945587149672,0.737370025869548,2.49113056847258
21876.9526244138,0.7343526310896303,2.4789512107565574
21876.948415016726,0.7461542665996412,2.571139554365435
21876.954816225643,0.7647637257984702,2.7038225476352507
21876.968793335247,0.7831792755668145,2.7851730961609675
21876.998243062713,0.814042624865021,2.8180190610804132
21876.97420498352,0.8965206745391137,2.8987635202473427
21877.07435028878,0.8509430487584905,-2.497306894033676
21877.663040912455,0.5551687189674636,-1.5666688919680856
21878.786391275793,0.08718983116494186,-3.1221288649822796
21881.15378705788,0.9594373742356387,2.4161988554503786
21884.12817030784,0.9020472140383254,2.9562720581133775
21884.19813943712,0.002797200334793529,-2.969802660436763
21891.003799272137,0.019080478705797356,-3.0815796820685075
21911.53523937489,0.007809330272369704,-2.6774162010288562
21951.206153229497,0.19780047660757202,-2.075621852272188
22030.638143430835,0.3343323999238979,1.145606548316855
22067.0429294258,0.9731823724370349,2.7889601142839826
22067.042953839387,0.9798764556698861,2.780348282818366
22067.03202899076,0.9763973678812136,2.808610350387694
22067.019222232586,0.9886301424938964,2.7411969104085916
22066.97838025668,0.9870202038845892,2.7514182721787286
22066.933995705,0.9808300003343771,2.93349304027564
22066.933163242935,0.9495248582093275,2.8962036570057643
22066.84395878873,0.9503608294700021,-3.124978344550657
22066.905227334966,0.8604997913228624,-2.6244268104961845
22068.248200887927,0.3971425946334089,-1.4592568583121304
22068.917198659503,0.040275896372481475,2.909883366288023
22073.79982856488,0.6860373933844792,0.600172933438361
22079.99232078809,0.35525963023870605,-2.083687774453577
22088.668180310797,0.3713231507940742,-2.6828576393397223
22105.664784545683,0.9806693914341419,-2.838562896857287
22154.309677346264,0.12718016027344173,2.7732841493872904
22262.361641612708,0.4625747936274186,-0.2353225841068065
22300.845964948625,0.990666730392489,2.8363626809437132
22300.849805405753,0.984810353159459,2.938214449389556
22300.848991934494,0.979670075317546,3.0089405017884596
22300.830914528262,0.9554942337026535,2.8969740948708846
22300.836959037497,0.9554891823976731,2.9642076900816043
22300.816010562346,0.964004059595405,2.9729856165788666
22300.792170874138,0.9806907064154415,2.859003855969391
22300.63076937432,0.9625848917654078,2.9546165397461532
22300.419090545303,0.9988249970199726,2.5876598675357556
22300.114873494982,0.8166359221256659,-2.1038013257584063
22302.41790789381,0.003874491970722543,-2.3660794452376477
22307.945636701097,0.10444966340622319,-2.7830582746170878
22313.97844255177,0.5891851394019252,0.7595378159887956
22322.07648315273,0.02663553743665541,3.0144936824816693
22334.4166482607,0.958091749681346,-2.716593802339116
22371.499872832414,0.8562024670632946,2.743853527732993
22458.773353376993,0.23040922421209084,1.9912358911857435
22490.219722959504,0.31807650173013435,0.12018674838004406
22490.23079490718,0.319048452358337,0.15250743612302564
22490.245118707968,0.3332584606701991,0.10687803236438942
22490.281983699988,0.3343891679745997,0.005818075741236939
22490.357008900937,0.3350554450310307,-0.18066041494061436
22490.48130255076,0.3272909945438242,0.0267119920242469
22490.74361708414,0.30813305285299347,0.09713361414012578
22491.301060491125,0.4407256970667462,0.700293513641502
22492.43564116606,0.6405933335013085,1.3457585820661242
22492.504429212167,0.966537701666176,3.007549339095892
22492.666298376127,0.6727282209102885,-0.0978134578308909
22495.925931849793,0.985623075293755,2.8947355651266715
22500.054837860553,0.9655072462116863,2.5327253861521974
22504.06194529128,0.7925355377961603,-1.4754930081824096
22520.284705915623,0.0533027209678748,-2.883854385404456
22570.504428512697,0.0008209021036780999,-2.845936003429285
22650.220155570383,0.8148236605899158,-1.940665566701919
22697.50620689794,0.5371257078149438,-0.5815860413455454
22697.51878126685,0.5373785674933033,-0.551628113310759
22697.544435608892,0.5436762665629798,-0.49345550420543116
22697.58897231068,0.5377749312590965,-0.5326239573263947
22697.660938564826,0.5309475083145109,-0.5520627855068936
22697.84349102356,0.5319920833009772,-0.8804660150674919
22698.091652410425,0.5064746341541546,-0.38333720301787544
22698.62948874475,0.3207249325940151,-0.808393827142643
22699.53335765029,0.20134534218173197,-1.3402032265617245
22699.260250450036,0.059020589244552724,2.9686768379984967
22700.788439220592,0.9593856175796746,-2.9715482988269026
22705.33965659701,0.8738667565951441,-2.2613762584812167
22710.79776271513,0.705610718063753,2.634445823681105
22719.859738342933,0.42767959492730356,0.21744078264733258
22740.390463289415,0.3111908187018353,2.352351445612289
22782.32024100106,0.5587774019919642,0.3653131524938269
22878.562806992766,0.6257398484689489,-0.7884462789576157
22915.960678789535,0.7448266492276796,2.475299419316105
22915.963562155142,0.7497203794986553,2.507923033894155
22915.955841278388,0.7512437698097837,2.5445368716999806
22915.966050898227,0.745683264894834,2.5461250723735347
22915.99863402309,0.7517780651814097,2.507808403919886
22916.046219351134,0.7520132340948859,2.5548746942830256
22916.119930645695,0.7350705929601482,2.6838342665458637
22916.336065864467,0.8166659845292964,2.567667763290645
22916.432064844586,0.917093264102027,2.8698056599007575
22915.976073260525,0.8560540355573869,-2.8827758383663546
22919.526366154525,0.8997695624731781,2.403474881521424
22921.661222283878,0.020208255352059272,-2.8534063484960615
22927.91890819459,0.09548535045748656,-1.6600207068400328
22929.85036094497,0.1573662346672728,2.6246910924939133
22954.27252697105,0.0011115098959221864,2.685803846168298
23015.346742354934,0.8460877641657554,2.6872971977569673
23103.271381969254,0.4294653064631222,-1.1361504059657577
23153.961394413865,0.3858089905848471,1.634945764950566
23153.974248926264,0.3904989225878469,1.668139335428048
23153.97946491942,0.39514525644978116,1.692223622599923
23154.006962168933,0.4040050808758223,1.785909346119615
23154.0629925834,0.42550550812488563,1.8359702633729977
23154.160582859473,0.4775620400423976,1.8378305906014347
23154.3545942007,0.5205159371514014,1.8377909908182932
23154.716281460736,0.6378877086090611,2.3273713370793985
23155.058346597896,0.8457708396018955,3.0917944273080558
23155.464839495486,0.8504011570670568,2.883496272607143
23154.63460917917,0.9573194894365612,-2.8858668343024974
23156.844358736937,0.6862236379992903,1.0148204063134667
23164.21257259394,0.2815768865245342,-0.6173445823249799
23175.151688373462,0.9679501404569136,2.5729096397958378
23196.508417375782,0.2437122938676083,-1.8453751909384981
23223.22406232507,0.49708711084236323,-1.5055171930999207
23322.06704622115,0.9180606052277266,1.8788260824559124
23361.766464867873,0.17389252043685935,-1.9783980871930602
23361.777083499117,0.17083328858566127,-2.0119322877459442
23361.781318892132,0.15364307373922617,-1.9396669700731934
23361.80100566182,0.1497829262621519,-2.0895066582025965
23361.81081296926,0.15772867584378944,-2.1717138123562285
23361.836811031215,0.13338824198507357,-2.410693995743327
23361.853817665356,0.06058074572714542,-2.4851407049317404
23361.747285214125,0.0342469598160862,3.109777897506774
23361.489382158234,0.002788245984672852,-2.912296541340362
23361.35360125911,0.23997151805530212,0.7890129980123994
23364.13881181417,0.006344959366267853,-2.4959284368987085
23363.191345384985,0.2376818392283057,2.1185891348147727
23366.83387817552,0.43579443398561224,-0.6104285130127511
23376.805015917187,0.24429372723013767,3.129999729192578
23405.443033901236,0.030708589594452808,3.0375498142080923
23446.132605233015,0.32073469883734607,2.9983977965115276
23534.383916271312,0.6632747070168235,-1.1358111357746044
23579.335245548562,0.9951571732927451,2.4895002202713545
23579.336180251248,0.9951571732927451,2.4686432006443075
23579.332382924364,0.9975008049341327,2.52404272083204
23579.33476049675,0.9960079737540362,2.583962543426604
23579.308322841556,0.9949881401211901,2.6581038964713475
23579.25337241484,0.9964591259310444,2.595146440528427
23579.208857145866,0.9922843043991841,2.777384519859072
23579.07066303128,0.9860698649971016,2.945537363219053
23578.945595749166,0.8719468835699784,-2.954069826066049
23579.91091404686,0.48981386526121584,-1.4524001221789915
23580.342009812422,0.0003829429373563465,-2.8698335728147315
23583.657828177213,0.9950152427058259,2.7235289063792454
23587.9314922219,0.7573606444974382,3.078892805974318
23599.832099363914,0.1095494144095801,-2.7696574335185504
23622.02125178398,0.6459075233715347,-0.7144822390212102
23657.551123497764,0.601234332445897,1.0802391168829706
23737.824589604203,0.9877451633551644,2.537280131484885
23762.809322877376,0.9888066755143826,2.8658517052496073
23762.80506164623,0.9917496951156468,2.836709820465968
23762.81201527496,0.9994681236779726,2.924682841892994
23762.80016994986,0.9892215976905248,2.8920884757091905
23762.7646426792,0.9984933758550651,3.0818540960882306
23762.70499203367,0.9986578792512109,2.706537224841254
23762.65455251623,0.9992137318542057,2.751188811945239
23762.518066167355,0.9408477055135385,-3.0634942728839283
23762.913945633994,0.652275936653157,-0.6711134157106908
23765.385685343637,0.6303388274626782,0.9867578648641171
23765.803859176092,0.9813518417751544,-3.0928603162125614
23768.46556761734,0.8151614218434464,0.21257816657359507
23775.989516287962,0.0033467252968608554,-2.561131708187617
23790.293432370512,0.488039227543545,-0.7964358656177453
23803.70512241917,0.6431338016241578,-1.9878647247149615
23855.962044131145,0.4523297937655887,0.8575277657673785
23921.637773570183,0.13181466902214858,2.6421011575342295
23963.627609863346,0.9915963506972268,2.6703891673276345
23963.636121954543,0.9842890560908933,2.61810464364871
23963.625590890402,0.9883309484021926,2.6910375506784936
23963.616674343848,0.9974759186663155,2.727321500853974
23963.59758448757,0.9969806504844395,2.8251645551044176
23963.582101359865,0.9987023714209248,2.7654753716793152
23963.517750811345,0.9838903468998718,-3.0712572071641784
23963.41419442853,0.9376786747825424,-2.558404770767403
23963.647098217964,0.758014419456778,-1.7974839755946208
23965.24706843082,0.19185434440829408,-2.284447173222434
23967.294178052933,0.62252541208467,0.7045995450501747
23969.94103931183,0.05420148370063261,-2.821995723520571
23973.714951213147,0.0657537526368592,-2.886575131073885
23990.176412265064,0.9532120742509815,3.0858304736776283
24013.4816700429,0.9830419184119317,2.5507155227307736
24069.96042795529,0.007927864379179292,-2.901193431393604
24148.79328255134,0.5590595861733574,2.140215688064984
24187.863467006235,0.4963133711878291,-0.5382038535487457
24187.873039939983,0.49447882739337,-0.5098143263591721
24187.884415729142,0.5010855209789595,-0.4727201034071413
24187.929070465656,0.4977582762872511,-0.4232148879065294
24188.01795365898,0.4713676509994144,-0.22335196404553415
24188.158733445474,0.48486814373476644,0.28186199583831195
24188.442057732056,0.5334840251952488,0.5790825106093953
24189.013880660415,0.6375068682871525,0.7257339757390557
24189.746136096295,0.8969614371653727,2.287779447432884
24189.38538910156,0.9917719091024844,3.014044199876139
24188.413539217214,0.9972023239726236,2.7077318525170186
24194.15210416072,0.19339608059313998,-0.9568008997983384
24205.009603765226,0.5092464734498766,-0.1248277213095319
24214.82605642036,0.8603537134261716,2.870279223034288
24227.729471771134,0.2939368039946312,-1.7885746949850703
24271.94303733566,0.384983685194,-0.9837786897709191
24345.198036465474,0.06315185882806426,2.8090469545981893
24380.035860713797,0.9965156050004842,2.8840785017087924
24380.03726861778,0.9968277619405641,2.88808409159137
24380.02984665617,0.9880210733777639,2.811590723571501
24380.023546509805,0.9980341559674226,2.875054029408796
24380.00766200518,0.9979984106156381,2.9019726270687993
24379.973954518722,0.9898645546659891,2.9116886217606712
24379.88080721557,0.9945347733976703,-3.078216319498299
24379.76877858823,0.9726559649827734,-2.9368529864885846
24379.59655781911,0.9392390859365215,2.6851903575332905
24379.093307546114,0.9611880260458912,2.782037199219273
24380.948322613473,0.28338087235313436,3.1358851486127026
24380.96176923086,0.05399379509628931,3.091786947180397
24385.64245690853,0.5237510529476941,0.7577831781807798
24393.13083692164,0.9258049895668532,-2.923169437664756
24416.92849204797,0.6626443096904865,0.7624430618834097
24466.289607541967,0.48969785995469906,0.4743806438438303
24540.07633944438,0.9884123762266814,3.1319332231709067
24572.86877754471,0.05280219136403136,-3.0827525764142454
24572.867950001862,0.05774767795681607,3.13797004040107
24572.868131442636,0.053638115408954544,-3.1192057476382224
24572.862305173225,0.05820462416216706,3.0194973943860397
24572.84713257427,0.06699083850942056,2.8297968323162177
24572.862180883403,0.06094163823412726,2.8425785281419476
24572.865864162373,0.11843400726489484,3.0904023559271874
24572.984291773984,0.1707521200095121,2.0531836014880067
24573.712695181337,0.5900473348861733,1.5125526060052987
24574.258558858608,0.9301704876014977,2.837649160972954
24576.070627451267,0.7431824948361195,-0.013498373267121
24581.73887697172,0.6426571259472265,-0.6887205017617082
24589.409555605445,0.9727753299715379,2.809269738262884
24596.096851429014,0.9805047917927608,2.6428111030813533
24615.561391939693,0.006251392921991723,-2.694141646603563
24644.76068662007,0.9846115265684378,2.5857344471873276
24722.859045098212,0.006881295854399177,-2.9339593210228614
24760.00497291614,0.37294498304258134,-0.7178873288699181
24760.00978712323,0.37413532869190963,-0.7506076142419724
24760.035440189564,0.35735708662782134,-0.8214353813662738
24760.074930648116,0.35977316489069205,-0.9866112441750108
24760.13202653549,0.3550089278359065,-1.3596025969139196
24760.252028646362,0.3200523325958659,-1.6478600349426065
24760.4165871082,0.2372735883512924,-1.5483750381183428
24760.538297879517,0.030221040312707007,-2.0415593530916927
24760.359067130434,0.021326789019078914,-2.8031267248380827
24760.148564213003,0.2203652541305017,0.9605905957773384
24763.69611790216,0.9976394886468397,2.4938367767722607
24766.374305027653,0.7583157499012019,1.590569497217456
24771.22710338276,0.030581896373734478,-2.868395719042776
24783.690675856404,0.1333483382384025,2.986627514156199
24813.211037977962,0.004361988508744219,-2.9304019762579903
24862.90335222999,0.31614778302096647,-2.3119649087243843
24928.495104529164,0.9854328349913226,2.912213247355769
