x,y,theta
0.20555648390513512,0.26429534933401116,1.9688002892852419
0.20389728074550484,0.27513706767807455,1.9185061189140722
0.21742264651137236,0.2790341703625363,1.8920934044909359
0.23396370728539037,0.3045587303944342,1.6626995494239765
0.27961754974116376,0.3162164493548322,1.7314471829104416
0.3752415545253019,0.34871877960681763,1.5906466794164258
0.5841854343101429,0.4260733262046453,1.2933468142879825
1.143286207602254,0.5756868292264411,1.13751676484703
1.722538686657033,0.8071190650156094,2.73933586959739
1.6617680282183,0.9931460399084302,2.9430518328938113
1.62000973886388,0.830748453603353,-3.019888620254792
6.022775735808965,0.9243587095942825,2.5938908176167885
8.073309892703437,0.44561234974618197,0.07926431574781478
20.053033007380005,0.02355711584755023,-3.0020586218520946
38.030244027043864,0.7525695356368675,-2.4894796949857816
76.75412205942527,0.33453266998540576,-1.9172732341267504
173.74561686481536,0.8581274110776793,2.6644396406387996
209.22779930850743,0.6548233096355712,1.8445770495917957
209.2278569498994,0.6562364104054585,1.8797046490621403
209.24600205192212,0.6644859912440034,1.84678741524184
209.27447972371303,0.6639908140886182,1.8882883269054638
209.32902063260684,0.6778537811035934,1.7468479949856137
209.44226088740277,0.71673779653225,2.1977378418176823
209.57974952539251,0.7632998648389328,2.5519022866831396
209.76174891802418,0.8761954216437999,2.6479247124605045
209.68409349031214,0.958538889708141,3.1273343506220366
209.21892151801822,0.9225529928407088,-1.6990658650250272
211.5146663483854,0.021427433939189843,-2.757525941415917
215.03497704946838,0.9584130462955398,-2.584080309056373
221.28492796985378,0.09765661185921448,-3.053375394140451
232.52158592297639,0.6770431695090828,0.565369270280669
256.2382600873295,0.991103759701487,2.7271505642369815
295.46314549482,0.07386224447807647,-2.71402873477432
374.2616728489422,0.21515764487966102,2.5735568790831422
406.509175452442,0.7246284884991756,-1.073630259270078
406.52191940340794,0.715846096743622,-1.1008809175227379
406.53657357693584,0.7107269901210417,-0.9898833351646754
406.572024143577,0.6847876995881811,-0.8349681312643096
406.6516339916354,0.6875821338005644,-0.6627161565214501
406.7716843277735,0.6627981857904754,-0.4798288954916501
407.0587646933164,0.6398345512278175,-0.4815668232555912
407.63651035729026,0.5309017582678872,-0.21344920432347703
408.8063241555184,0.4237361362097736,-0.49418293103935973
409.48315590304446,0.0010600109791719567,-2.8420491336735774
412.26542443053455,0.4313003436228519,0.38929607129541477
417.09744339986077,0.19692315809808147,-1.8467970051648481
422.26090783260605,0.03353226095670588,3.0701548051486096
436.5009738435396,0.6937504821457496,-2.04816590437436
455.71687226466804,0.9164538791758429,3.0815018646701215
497.65541814053904,0.6021447583461806,-0.6799028944517493
580.3304915146416,0.6372678390042974,-0.021168662471670263
613.518654844948,0.3677527230996771,1.240879126266904
613.5215979130134,0.3681276722159598,1.2230355471005785
613.5355611228838,0.37019265504003646,1.2097417027546804
613.5552090895006,0.39372574786520526,1.2155153850909066
613.6177175154775,0.3956078687474675,1.2742613186823206
613.7248691262621,0.44190020575075944,1.409777017442206
613.9399203448124,0.5218151020071584,1.3668544166022043
614.4398598814831,0.7338603610719163,1.7069567263663892
614.6274967097354,0.973498234374695,-3.1333050522813832
614.4800599159023,0.8083165612267305,-2.509519128649836
616.2916586574538,0.8072608121782036,2.69912816723079
619.3116412360619,0.21752911264256702,1.6995890974277916
629.9912038306869,0.8365059659628254,2.2853749964166736
642.74198807524,0.8485102211122694,-3.092547418665715
674.9074114085016,0.09099188412040579,-3.0988767235992363
715.2288899956949,0.6587430589471983,1.8412531129170757
788.6828195483446,0.6469940666628969,-2.3200714359120322
825.4981945546916,0.9368575879139072,3.0410235671595656
825.501482905805,0.9377102397536067,3.0162166498499268
825.4987050227121,0.9312541687437426,3.04007316811434
825.4849092658592,0.9510697970992772,2.9541306894211186
825.4627730392775,0.9539307981924475,2.7133878222800973
825.4102148645935,0.9664776313072804,2.7929180355956227
825.4110031654408,0.926773068586836,2.8852285614080975
825.3778327481106,0.9974966095129498,2.386898062108946
825.0558300090057,0.9846430053611019,2.5593446164435107
824.5788394396089,0.9875994805763423,3.075336287687544
827.2877316309789,0.1064559362374799,-2.449536543103928
827.5376934201594,0.7932715372162826,-3.116721365476644
834.2147123006431,0.07450414794523336,1.9311174514222227
847.3838886664685,0.9961551624822882,2.8674616194018663
867.2790241624152,0.9785251470527468,3.0350150884139415
908.4814774451711,0.8770795994193898,2.9866198207448944
994.4022773186659,0.4647146306864687,-0.27515858273155924
1043.258829957204,0.24537393673600633,-1.2400777795098346
1043.2595815238947,0.24811832086048274,-1.2368689931361734
1043.2664223791987,0.24632736399678495,-1.2613767269662324
1043.2960451539257,0.2453898232394781,-1.2569841320859472
1043.328856684966,0.2214928006691523,-1.3096883330072282
1043.406567384969,0.15605873459235503,-1.8041891237102254
1043.4204392316265,0.08273656013980345,-2.4764894936135624
1043.3802984210745,0.03379814436216199,-2.882700334238087
1043.1226583523412,0.014025526321866169,2.9886834432471616
1043.088297024832,0.059323631374887886,-2.630325075827818
1044.241077798593,0.7333313233112332,1.4114093996008457
1042.7164326333693,0.9982302270704005,2.948225820436976
1045.6069856632346,0.7822862594770679,-1.1530151920394336
1059.3070540009426,0.35766182447454875,1.1950331901770106
1080.3063717261568,0.28222530305962795,0.8608382058221009
1124.4112611535409,0.006722566035839827,-2.720094671473182
1187.0197279032548,0.9095103011514964,-3.037968465331577
1225.7836791935574,0.6054398017632052,0.1665274747102452
1225.790670033684,0.6094432513666641,0.1810295382410283
1225.8096275782013,0.6016983803495193,0.25277721703843214
1225.8405456978867,0.6042551511567489,0.1118893736790798
1225.9335710001237,0.5886865133363645,0.15029408111434028
1226.1120226719122,0.6131259801812549,-0.12382879490992371
1226.367758806377,0.5921351512678958,-0.37719026906972397
1226.9346416826224,0.5303503463235549,-0.436520108194439
1228.0824752995147,0.35818795712490387,-0.129877866357893
1228.7041282690902,0.014340593205793591,3.0035960291905983
1231.5994430617789,0.9995874508498053,2.577005109270435
1230.8844756955266,0.4969372107390955,-1.0662174801779774
1235.4499807827874,0.004248988108253523,-2.9788184498817114
1237.3609327782904,0.8174795353704082,-2.0593668323326826
1259.9931651532725,0.9352560842196724,-2.787754724946718
1307.5592139239645,0.25952558361000455,-0.3432374981433881
1380.6559723577657,0.05035103220825006,-3.0043961914604767
1415.7078829502987,0.3257407317292001,0.11090649631144167
1415.7106201348254,0.32739700271714434,0.11170149012115171
1415.724193463642,0.3258014237879901,0.14503562634059763
1415.7595872362144,0.3378855316363935,0.09179647649745926
1415.8457193112613,0.3330109316764478,0.11766010713934305
1415.9688621993319,0.3284904580046728,0.21562287510600253
1416.2860709128393,0.2786708350932507,-0.5602724890023847
1416.6283310745014,0.10026636625545948,-1.491482913681993
1416.542737286253,0.006388588335878114,-2.6095845925324124
1416.045938972045,0.06336229962617772,2.754321867970157
1418.015447800712,0.9627610354885159,2.7891996650123767
1421.9244612903917,0.6997782041511452,1.8525328385397835
1424.6393354435006,0.037969427187265224,2.8725394114512426
1435.1227750168898,0.4828313462733005,-0.07254319889920824
1447.526304855033,0.9941838599122335,3.0224283414847894
1495.0465085598782,0.24967868583429711,-0.46156014796176636
1564.2178776871956,0.055598416391096306,-2.8949474762100307
1593.5786634996632,0.9535726874541287,2.7853710374838974
1593.5859162597576,0.9618158674810802,2.853343424940615
1593.585613829318,0.9617070418054,2.8667762521558338
1593.5809649460157,0.9548004700402537,2.982015346863321
1593.5673234988158,0.977342814868329,-3.1408491428036447
1593.5274885476695,0.995392741172037,3.130361726355467
1593.4504628369361,0.9970375825976285,-3.066028342414076
1593.3207119141875,0.9997009390756907,2.758476327447587
1593.1909214008324,0.8923480645723827,-2.8281166663191026
1592.9970925086332,0.9937664386873989,3.060460633666084
1594.9230394635074,0.347504955785918,-1.0325057088274088
1598.2109863216747,0.7915518797946434,1.0318293883884557
1602.3290654696364,0.25980289368632004,-1.098857240317043
1612.702314016552,0.30475311957165924,-0.0942425688396269
1640.86301953212,0.8620645566764008,2.5230150194685237
1677.9833839527187,0.14668276535963987,-3.106954716610524
1764.3639306342982,0.8658626421912647,3.0211677300609487
1809.750969386228,0.4117991335682544,-0.9204294039949024
1809.770552903984,0.4096116736797618,-0.8692696459615101
1809.792556981531,0.40563376730056455,-0.7998811672601738
1809.8277740337803,0.39223585133027355,-0.8904124477619639
1809.889831751884,0.38944597222407973,-1.0908946306870928
1810.0066748702698,0.3797523802673461,-1.2094200371008905
1810.2189483324978,0.29781050475064375,-1.3547122144744415
1810.4212808131201,0.14571277212762884,-2.6031451722502195
1810.267547224766,0.008197425125907043,-2.850271395380152
1810.994143543724,0.36089128141537785,0.7079537795963438
1812.4723229237406,0.8147674808099947,-1.9422102842856557
1816.4733254815837,0.9796106723947803,2.9068807819751905
1820.7926075303656,0.24082080993560767,2.5335135759771337
1833.7487631384358,0.5411978103191631,0.4103775627660191
1853.3236437630712,0.2129900116086225,-2.8405403627766974
1905.7517076166932,0.8633233806430011,2.4943419893431535
1998.0026059520699,0.026543120201920893,-3.02797537311781
2032.132060926575,0.0034346410652209168,-2.6795094959462795
2032.1292982023201,0.0021765925048929046,-2.668848857370104
2032.1121444947469,0.002661120772937975,-2.754949645782775
2032.10101475661,0.0008270783104864785,-2.7676965871568338
2032.0737421490355,0.011354694636655076,-2.9736807079390037
2032.028235187598,0.006824855228425878,-2.8335846868854686
2031.9983598120432,0.01755634245093568,-3.0264316165781113
2031.866557713975,0.04851462397261596,2.871545557178724
2031.9229885674215,0.2508716210280345,2.6603368789766106
2033.178481486051,0.8123514532262454,2.406338175076762
2032.6727727378438,0.9499485347875595,2.938740804859359
2035.3126305339401,0.3525001684529119,1.5628856726504043
2040.3685063722219,0.10786818511320936,-2.490740040769949
2048.3861405652137,0.3241122112310618,2.658661858499195
2073.9265742074845,0.15854647487576617,-2.504351030195512
2104.6780285181344,0.9822392435490451,-3.061971155709367
2161.405753516525,0.0007135367721352727,-2.5551798978604556
2206.337995519699,0.5277280774916,0.9980388613865925
2206.352377655243,0.5359093834550779,1.031017990053992
2206.3689639603726,0.5477670171108138,0.9460170232825087
2206.3987572144615,0.554733007454207,1.0099969312887849
2206.460690926884,0.5750862268891832,0.935214141460043
2206.5929852875306,0.6179967888972655,0.9940030051974693
2206.8472642602646,0.6982829026518529,0.9998785846381697
2207.239786424127,0.8342092405406958,1.3289846339906806
2207.164163742153,0.9579248698092534,3.1277039049910123
2206.753519980487,0.9827833856380551,2.7689659910221387
2209.8311027150103,0.2264130977876351,-1.0052328238644623
2211.1678202495395,0.9929101121240353,2.855011741668454
2218.421503227355,0.005710006777792174,-2.7341530774289313
2232.952861886906,0.16448490202972332,2.7341705043744797
2254.6108870057546,0.6579633851741309,1.0211263873121892
2295.979988052125,0.6673023394464992,-0.396210909086784
2385.6247937485027,0.6976717521828365,2.4566333509178104
2423.309649825655,0.8804370082945294,2.9519002296944494
2423.311993459279,0.8799270840730846,2.925542111559861
2423.322336476189,0.8713364192374616,2.883944741974047
2423.3150428020303,0.8718239385953684,2.8764418029844485
2423.3386411157326,0.8697827429458214,2.60236598243936
2423.3629397376762,0.8614001246262046,2.978252174241039
2423.3698018654527,0.8788614231162094,2.68618292871198
2423.3871870398707,0.8990963737165346,3.027972919473479
2423.3090276304565,0.9087634867458142,-2.4608614303116947
2424.9771146235034,0.458157766006977,-0.9090269717149124
2426.1342180631773,0.07563404282487268,2.266027678832666
2428.5949497463293,0.5514457893927511,-0.08032900853788716
2437.378043997359,0.007791479831721116,-3.049030059163015
2447.267508766801,0.9934729866047383,-3.078088356938645
2477.8407858053,0.039652387908537895,2.5483158946800675
2524.648868181248,0.28637257986413484,-2.0098396286740527
2598.199619569126,0.45005685052912847,-1.9257970133657865
2621.4791436227106,0.007080136337763852,-2.8962000735560367
2621.4784719620857,0.012539965008468823,-2.8706734098405513
2621.4718888234943,0.009952053429271088,-2.7829847684872018
2621.4679608663164,0.0029614910139171145,-2.7313481155557455
2621.4538809696887,0.0021841626971236703,-2.9120286754975724
2621.4462972807296,0.00492539777683252,-2.947146843468041
2621.4280796232383,0.007815620498042065,-2.7479580751219763
2621.345106740979,0.03777156225851599,-2.8974983751436425
2621.1401035492177,0.11116291291065956,1.8942035718135557
2622.933488983647,0.7029460406552418,0.5566272103126173
2623.089271619616,0.9945607309747274,2.6849802429799254
2622.2702856441583,0.5987178377702438,-0.43566908674871074
2629.3395052811265,0.10876481666817896,2.946646560822412
2643.109837175351,0.13264308166893124,-2.888342396601455
2660.4430922780457,0.27043631806654816,0.9085720524968162
2711.997312900677,0.6665368894594063,-2.0690680844212705
2780.6467534563444,0.9992404252675914,2.584831919591857
2815.271296602703,0.03308282148203132,-2.737103828778128
2815.270404235467,0.03237353163955877,-2.691922374392399
2815.268927243284,0.029488594030317564,-2.6527988555579434
2815.263430978418,0.02080917541458588,-2.6503788530102126
2815.261282094412,0.010680888559427105,-2.7385980672748738
2815.235456747117,0.0015829625932647683,-2.913236258969004
2815.1786720792556,0.049629287896826975,2.9425871032836675
2815.1172865594353,0.0033060577386109006,3.078414539440816
2814.908671233108,0.09503836670664537,2.684624328009593
2816.327808101009,0.5818682397130812,1.1761940519226854
2817.030648212823,0.8527718751671958,-2.9271496340357395
2822.1950747754277,0.2838424370544738,-0.017705951280917898
2834.584757123595,0.7621169490763609,0.15278237903606184
2850.7693630809686,0.21992384388784625,-1.4966529158185515
2868.1672997712276,0.7472475338015299,-1.1216948635159714
2898.470464488757,0.03451590888245398,-2.6675777216035583
2981.048382445841,0.6286385410854451,-2.7469247658262756
3016.8758592617933,0.994452001638512,3.0056393314981538
3016.8790381951976,0.986450841596074,3.0288686640648432
3016.8813656374095,0.9829933160330574,3.0294040328512537
3016.867107709272,0.9865324415757736,2.9507839714755075
3016.8574222366933,0.9983647823786763,2.98137987237903
3016.8174014807983,0.9963207914607204,-3.0569756913632755
3016.7737313804423,0.9975874527639392,3.072812556653801
3016.7154091229013,0.9650801702477381,-2.998957542016591
3016.738421317226,0.8176325880804203,-1.5540607219659581
3018.6874717498254,0.27568668826699744,-0.5056098795432429
3019.044227537951,0.1009786563108935,2.663761275912778
3019.7016324510787,0.743718456797332,-2.7443093987836655
3026.10056257875,0.9667986753385722,3.0421252419713607
3041.418869303791,0.3501119731929617,-0.8725573655558598
3073.3636444079907,0.7093734526145526,0.23088942466652096
3115.7223189952747,0.9880236594570846,2.8710130192576457
3203.5057547366923,0.2617125602451662,1.216086686557306
3245.5946082162795,0.6887884249547604,-1.3256003395476552
3245.6046034439414,0.6875743799751642,-1.3436762571336036
3245.6127360578103,0.6844247704669459,-1.3822030194161554
3245.6421146986354,0.6790921485374702,-1.35149821386041
3245.674745156249,0.6702252989551852,-1.3682774729090124
3245.7728342618975,0.6062487799840642,-1.4921524143791283
3245.9727599368,0.5525251375516995,-1.4045109341660458
3246.448327774308,0.3507843190880416,-1.7836289645570613
3246.8626296601965,0.16185993183324415,-2.9482000698970023
3248.0850890711545,0.5814553240780037,1.765810778229688
3250.3839056330426,0.4969718385490729,-2.8183930191941315
3252.7423332331077,0.9878525908271382,2.937827697903023
3258.8291331871656,0.17677461588691823,-0.608054176113872
3267.2917316058188,0.585123381874055,-0.1659543501820946
3285.853774927527,0.014629384515497135,3.0474952654302516
3348.0571545616613,0.5897582820981067,0.12745533112211893
3427.1409788608184,0.5536227924345045,0.8957877746347425
3463.456351160749,0.8022310984693566,-3.116704228662586
3463.4579920687647,0.805873534484248,3.139797637107624
3463.459065059453,0.8069736465706224,-3.112461020206953
3463.462663300759,0.8215618057140799,-3.0813857421314865
3463.475958786939,0.8293318741578113,-3.1243702271280624
3463.482138423164,0.8236583693738196,-2.999937401038751
3463.5397205105787,0.8155083333472231,-3.0268446000871236
3463.694808879385,0.8024474593247801,2.941131252364709
3463.9585297418216,0.8101932894760591,2.6035360162589782
3463.697199492953,0.9879900026529492,2.9820303353698883
3462.9411757694984,0.9720582968481194,3.059923950164821
3467.5543014035557,0.856477499989366,-2.12891779986296
3474.833335701302,0.00169246080754188,-1.606644720419498
3484.972426328429,0.25504583636867856,-0.6222502059925255
3513.0858353649933,0.9340157548577309,3.122689834264527
3548.0947505668546,0.04867881273046304,3.0690896357958515
3611.6497395514994,0.616592575895426,0.9861641771208101
3655.60247406681,0.6509946011574989,-0.5844902125441815
3655.607683610888,0.649794264181643,-0.582366340931451
3655.6276433815774,0.6432508825757385,-0.6180317159103863
3655.656967777277,0.6217581565168897,-0.5334678036510012
3655.727985637052,0.6033124211111938,-0.293990267463514
3655.88791574628,0.5802578392796105,-0.5076547073446136
3656.1962622168858,0.5416772508082919,-0.2645296848272367
3656.78263806519,0.5156115216173779,-0.045645408033313295
3658.018354284722,0.43997394139351964,-0.628784301013984
3660.111668738626,0.1991106170094145,-0.4443256855569855
3660.147031430313,0.043440558083371925,2.6722192699347076
3661.0565681839557,0.9762079516012618,-3.1057378615049305
3668.750621203064,0.12902786581945394,-2.6335756344179186
3678.4119528927145,0.9270449630603647,2.969645963148319
3691.2211277159763,0.9996791026755358,3.1346974171128394
3737.963469534948,0.2673633139661038,1.3036657746972944
3819.787270230787,0.5447782470586874,-0.05468976771938072
3862.2809943104485,0.020404866892835057,-2.6203871670100884
3862.280407419647,0.010091775097331435,-2.7142265916170514
3862.2773180812765,0.007462166042330722,-2.6430032421178624
3862.2687168530197,0.012055433758915135,-2.7436864180060008
3862.2430854314734,0.0005335134524477839,-2.789388641094766
3862.2034216663906,0.012813348928788196,-2.7727964313708795
3862.1116809254527,0.010878898189421346,-2.6346324041206346
3861.992986692184,0.016997392906630302,-2.8253981070365946
3861.71952151069,0.01166335178753623,-2.9874659370113186
3862.8373817310235,0.5130465002942196,0.48855966128985484
3864.0029204980833,0.8171132645636185,-1.2235395649833154
3868.358587790443,0.9302781805075861,-2.957973192187935
3876.5074832515406,0.878580121488542,2.781164928525339
3886.951028469048,0.9589122568554961,2.165855568764165
3914.1657006471414,0.8867256507805742,2.6847877446672186
3953.9971985545003,0.9719681059802394,3.0237326986484376
4019.8288862681,0.7916546571245825,-0.06961629672938141
4038.276429086988,0.8702676687188899,-2.167466987623146
4038.28181223348,0.8687838518726244,-2.1740105509893404
4038.2914878025895,0.8602427677444483,-2.0194700704345876
4038.2992290408492,0.8451084398847623,-1.9275497094246001
4038.3046046172444,0.8236662523169572,-1.7350653502366593
4038.352356854889,0.8025950651291582,-1.7190277988776552
4038.522626716344,0.7350741746028903,-1.0983743578128475
4039.0264266211548,0.5914623852709262,-0.7658526740370597
4040.177352523636,0.47323590191764964,-0.6311556316430291
4041.29730348498,0.08248428659163602,-2.944352794479665
4043.0958350339597,0.8419282774697409,2.171495236397697
4041.780572170068,0.8200455500413288,-2.920553703562174
4045.426772109653,0.8838708740453131,-2.394463214055812
4050.043966648236,0.021587538952092294,-2.7263144720676564
4079.2061467486988,0.6365230643773411,0.9707748984008111
4129.416808576649,0.5609430061840631,-2.842155453532485
4210.485637080112,0.7718008619718366,-0.14300826716988668
4243.132296448004,0.10837473535178985,3.0284843293215165
4243.133100225446,0.1091120189944688,2.959780295353516
4243.130635623273,0.10759952542566444,2.931450110328612
4243.124194436839,0.10138894504875753,2.958413285755281
4243.12475681982,0.08758211010046642,2.9577569824934873
4243.126640123129,0.10610284049659947,3.0194774733198813
4243.135567264471,0.1779631327611838,2.734743486173917
4243.352651041473,0.30990662680015607,1.888913559918172
4244.2445880002915,0.6399313958497771,1.324744342203596
4244.6595744181295,0.9380613007804095,2.741674691430953
4243.833629524871,0.9244914675083984,-2.530044081231381
4248.068315239977,0.357844289548827,0.4747123069380441
4253.490154174147,0.008121417477391818,-2.8184744086941635
4263.411362653152,0.11785472935989917,2.509304443212857
4280.865023275001,0.9795778874190382,2.31769206492279
4322.537203459235,0.999668001194621,2.6910801231246317
4410.062594511707,0.16247713411420323,2.803481959635403
4455.31560964954,0.9776516183208874,-2.964732358467841
4455.317332538068,0.9730888432164831,-3.016108790289244
4455.316396929661,0.9704287319057883,-3.1116777377544906
4455.310897670803,0.970879065500759,3.044278749826047
4455.2913669626,0.9617419811166527,-3.093820617575912
4455.229946000002,0.9459782907986217,-2.4927804634266977
4455.2628589039505,0.8986812202958857,-2.2372295672847033
4455.590097474323,0.6710478299679539,-0.8131413888553976
4456.7102003788,0.39002326151696504,-0.7317427914906824
4457.803052344873,0.03611754172712369,-2.916686920460277
4456.779997163696,0.06775836370822479,2.2232106148024755
4461.861167180625,0.8246714405852745,-2.299940304487913
4466.7273646451695,0.015352476921971404,-2.90242621811832
4476.148097851282,0.14614512605343974,-2.4117108459200054
4492.13604703921,0.019688407710647865,-2.928560699192943
4527.515909834216,0.011748635880114598,-2.7180020057654852
4621.181787636596,0.48048095054497286,-0.875565548765409
4661.464088104611,0.5587058225693102,-0.9083452431855883
4661.473121167778,0.5572946543766327,-0.8971624040254818
4661.49447116712,0.5552794119938346,-0.9256936642455234
4661.528428163137,0.5421568307156601,-1.0152184516249836
4661.592215159929,0.5247782570509749,-1.1101211622191203
4661.697064040697,0.47954355983717406,-1.026585576372284
4661.921883163174,0.35536959486812664,-1.2337278758246528
4662.27271626991,0.29045833425033635,-1.697008666981188
4662.468987507451,0.0029486511066198584,-2.546661952093559
4662.466305824746,0.1894661777327945,0.7325725805277941
4665.1775328303,0.00040382757151167815,-2.693991678774269
4668.626763444913,0.8289027493381538,3.1402871145406888
4669.479528834596,0.153215125916259,2.458809494227795
4678.181446011029,0.9923207267877711,3.085483475895604
4701.178694000985,0.1935815590512722,1.2019616849600254
4750.596983054545,0.9313718523036357,2.739634961526008
4846.656539761776,0.2030724945322005,2.822728254281217
4872.907231799831,0.27360947387775686,2.424649493230654
4872.904691714205,0.27949007699485456,2.4258700700895215
4872.897715858411,0.28568264638537716,2.4123651579348433
4872.920213714998,0.28495751287203436,2.240402810990883
4872.951928286482,0.3104154804586558,2.137643299119402
4873.036575483394,0.352573198625916,1.7795743858458586
4873.213544399495,0.4565594844160323,1.3891567419314388
4873.619540808516,0.7218285008840797,1.9832036173167573
4873.956448653706,0.9518481346426728,2.8845839943424485
4873.867933793295,0.9159145688193266,2.7043615018889913
4873.228559861267,0.9959635995601439,3.003358908317413
4877.099811787569,0.9752822214001747,2.7637902035866233
4884.364839641244,0.32783310166634033,-0.47951149764304324
4899.1066919789455,0.5695894420413781,1.8725467799799116
4917.735839922234,0.5476017171034621,0.6089066971103354
4960.452234919141,0.19460033903501517,0.9959556037645179
5039.232541517466,0.6842533869912488,2.050732268190183
5069.975990937107,0.826067285722851,-1.8840639717789418
5069.980955082677,0.8257460639943793,-1.81518135440204
5069.964929448133,0.8340426138418134,-1.8078295199330217
5069.990657777484,0.8086339820701495,-1.7589917755102338
5070.045061690649,0.7718718988365328,-1.6874767424843402
5070.115887393116,0.7326091770198383,-1.7310647570103521
5070.317228123255,0.6409944544215292,-1.5745194244715477
5070.692541828031,0.44629866503895094,-2.861288605700031
5071.268785834342,0.34104396232681067,-2.8558207212306086
5072.16571037944,0.21289208358190273,-3.076329774383398
5074.052274069059,0.8574991207729166,2.884982896591188
5074.800537873042,0.531025464733097,-2.924126916843804
5080.563802120067,0.020588933538783445,2.589979195326956
5090.538016346208,0.0026441905008188415,3.036942683586611
5110.367131910884,0.9939115899456016,2.529192272981028
5159.1653690599305,0.7326877393212847,-1.1936352972279871
5255.905549741887,0.4176097576001729,-0.7273025565450588
5292.441099952923,0.32056976311998453,-2.658052488507057
5292.443586952008,0.31892502129143085,-2.647320601016155
5292.450850410097,0.30960948548510686,-2.772585071336098
5292.464930254934,0.30152818696380157,-2.6956465185485174
5292.506676762353,0.32437083256206456,-2.8299831558134367
5292.576346996782,0.30304864965878175,-2.807342654517675
5292.701242031351,0.27857917255036924,-2.8005763764540577
5292.838835014569,0.24182288048619607,2.977704011957038
5293.305409483652,0.32440933185090853,2.270264783539222
5294.513589510912,0.6613106440407593,2.8050462436037495
5296.050359525207,0.7316413565385382,-2.2544153465127765
5299.575627570771,0.9944630760943751,2.6983169819679915
5302.862050053304,0.42291125245501077,0.9506021383698497
5308.776469801479,0.4114939653668733,0.20325567868269578
5326.291467992373,0.003690537259088817,-2.942909880035607
5367.986342414469,0.5534284658661432,0.7559247798411199
5452.8928614213655,0.9667740905648694,-2.5863172263061083
5495.7377146886,0.9930334376009871,-3.1040613187714876
5495.734432458694,0.9911925735115104,-3.060657059098348
5495.73009768872,0.9850982565222756,-3.0680273627343855
5495.725196991152,0.9799296685532219,-2.9448725210256335
5495.7183443399,0.9944056732669618,-2.7154897829463187
5495.706710557658,0.9578649725205639,-2.7252010616912368
5495.709023293637,0.9247780780945413,3.0727566198735445
5495.639614620702,0.9265777988241379,2.746598255415363
5495.471205917956,0.9801465038478873,-3.0473813833456096
5494.940980769448,0.9568757553621441,-2.6165278450135028
5498.628371362557,0.3467739968903452,-0.8069670243881122
5501.013560370328,0.5655059179049039,-1.4515599944338058
5510.818545840165,0.039100588162794526,-1.797752371626964
5525.055680531276,0.6515777021176371,-0.9935709186913013
5545.72663848341,0.6001167171181715,-2.5972118866299194
5587.26203243996,0.6198774226300117,-0.8987886164160521
5681.745450455551,0.010811765880935888,-2.9861690346392846
5716.712519310555,0.6493026857792208,0.7961448799822857
5716.720658209227,0.6531306612592924,0.7946636514913217
5716.739230342018,0.6561744208336677,0.7624098439872258
5716.772441267114,0.6505755229780779,0.8540886555143965
5716.824641195874,0.6841592975206944,0.7588983330370787
5716.980166216244,0.7126070525572419,0.7192176185175319
5717.278519855187,0.7640387465658117,0.780424758702249
5717.648010400839,0.8819345163118614,0.6698677631745906
5717.737444514583,0.9796935756390008,2.9597710157252006
5717.290499771822,0.9386376136075378,3.0268722494270417
5716.733744628306,0.9697819769057101,3.02702101793572
5715.186788278646,0.7725581933272316,-1.7163293864158833
5723.738088926843,0.5109164280140215,0.2951339473124581
5735.888004283962,0.23812519208691757,2.8718176824693593
5755.153978875164,0.6799845408167695,2.8490621179510836
5791.187681485669,0.993833965282768,2.9804932062133993
5873.3929437494,0.4500058042178788,1.5001239968033415
5908.688555411137,0.7218591421893512,-1.0785545350008974
5908.702972428019,0.7222079556774874,-1.0894075451451233
5908.710691483383,0.7095892425286666,-1.0891684831347872
5908.737133387717,0.7152906019674086,-0.9843514483535332
5908.793357451744,0.7017139631719124,-0.936039921450694
5908.913118889431,0.674988165901369,-0.8034182760472204
5909.1951611363065,0.6218656150581686,-0.9527120870240706
5909.776532020099,0.5317869255520171,-0.893867760754536
5910.734533663945,0.22659318480014579,-1.9731282188875978
5910.6918818851955,0.06135219214567946,2.890575953933623
5912.600834515309,0.8661286973269631,2.995529257696104
5916.038189838245,0.025392076054514923,-2.9363250331233584
5918.341157999797,0.13530354006313372,-2.713512722218147
5931.198716853701,0.9988053606240125,2.8567875197086563
5946.538189095893,0.033351658125204874,-3.0598991108991584
5984.458939290469,0.004061906821462801,-2.610236457007417
6056.202042599017,0.8851406577087826,3.008190627069091
6089.3058880174385,0.0352412591231507,3.0389030724074093
6089.303863191608,0.028648503394215864,3.056620640052234
6089.299085976746,0.02941340626737521,2.9996979543517472
6089.30410238137,0.0163020845962333,2.872472297633335
6089.290470154454,0.029921433251687182,3.063698519173494
6089.266609275227,0.01716141442366364,2.9729809350383185
6089.196083651564,0.028008562318446346,2.6814696767026085
6089.283815163598,0.18880313233051121,1.3705732141784983
6090.240003480202,0.3271948419906865,0.14292933029205424
6091.807220499338,0.10593883717457295,-2.6244617510173804
6091.562693507796,0.09471481036815904,-3.0287146990371467
6095.556845640801,0.027239859490101933,2.6586988575847297
6099.776615329309,0.033756218258861784,3.1102521888254344
6108.049440541685,0.06618580489868132,-2.8948500389321583
6142.4125847611185,0.27942624857379716,2.1624817336992948
6173.204169197388,0.0019906527710724506,-2.52857919622936
6255.473816758342,0.755437859761962,-0.7493373966338579
6286.995891658873,0.948424243997256,2.697872168664304
6286.988969002003,0.9518659421624392,2.749831473595865
6286.9819396436305,0.9544254882098708,2.6981342692239334
6286.996968720667,0.9622890344684777,2.6463281583691867
6286.977289922677,0.9966882922885836,2.4693036037159786
6286.960072366275,0.9935940043558282,2.7016442589935474
6286.850639896326,0.9679907944871055,2.9888189147903184
6286.754201071459,0.9823256574843094,2.810966987358432
6286.422044688364,0.9548698005934256,3.0800955868280457
6286.8915322985395,0.7571573044231125,-2.6674160859673073
6288.200165764651,0.00686312583493802,-2.9881996002611526
6290.378952443723,0.4928589175851884,3.0417347953221565
6295.464850279935,0.001556938163779115,-2.6908926082139826
6306.008720333414,0.445359449299789,-0.2950245128531179
6328.733077713089,0.9831589527070885,3.0294835305908983
6361.806696477268,0.9962455126844417,2.6197033088378205
6452.147035082133,0.02702975066630673,3.0784074589518653
6499.434381720893,0.001115184989281857,-2.886163248872604
6499.432253844349,0.001115184989281857,-2.8830696014378083
6499.42295956214,0.0010094389033173212,-2.8863951380558475
6499.410116456875,0.010930520791785591,-3.040002772151474
6499.400638135073,0.002408275463039822,2.9831049009691917
6499.372818238015,0.005612851631420248,3.122963663898643
6499.304909500132,0.06007021858403443,2.7820220123409714
6499.23564402911,0.08270220286491864,2.2871395531057566
6499.830598763395,0.239404292907523,0.6577569634657441
6501.909811002895,0.5202259152401575,0.14539298119667343
6505.101096575604,0.8900723854816209,3.092049532942757
6508.268614301368,0.9886093016506156,-3.0850789541754793
6513.139267042315,0.9941227057259422,2.777563929982919
6518.596448391906,0.995177148085673,2.669723544965816
6538.1594530765,0.915257387452648,-2.6721610071360473
6575.142469389488,0.2709287039869653,-2.2641310065990505
6655.661699961721,0.7656394534975146,3.057008761340958
6694.006175558325,0.9517024800942325,-2.718123616396233
6694.00537717376,0.9602074426430048,-2.70358294673131
6694.001058453256,0.9543803882387488,-2.696078779069903
6693.986880718849,0.9404209624777038,-2.610111814441495
6693.973513560811,0.9356207652653485,-2.6082102522291093
6693.996136774266,0.8714521043822683,-2.1650159020526427
6694.120761987952,0.8347906175537315,-1.7073612233804398
6694.49420593637,0.6291160389334304,-1.0628542374548005
6695.516758092909,0.30529837375619434,-0.6469695680925227
6695.975628155027,0.15508791868786728,0.9444920475181346
6698.915515182512,0.0005770258951568463,-2.7596023792607407
6700.224365080492,0.992299238295185,2.714325597612792
6703.17019218976,0.6625486463590937,-1.0358800770428918
6712.977795768279,0.07552257696125948,-2.8137446554545154
6732.63624210674,0.38303832700283746,-1.7422800606275883
6762.228931673058,0.1702895275967044,-2.452325648538406
6831.9920194228425,0.2809393627962361,-2.5784425996451383
6875.549464604521,0.3102615519564707,-0.004874693560703136
6875.555629272556,0.30662648605770343,0.004520611600785429
6875.568260442187,0.29271792283361714,-0.01814967228650266
6875.576587783477,0.2996327132542525,0.02451915189116738
6875.639481308369,0.2965962728726564,0.2510804772307056
6875.795810306556,0.30180044688984903,0.08124843450007768
6876.043488838385,0.2901675374635694,0.12429514195994917
6876.5958797644,0.2583246790506146,-0.093331258195827
6877.455865431264,0.0839059642625592,-1.229957496951986
6877.227010416959,0.0015425764412817472,-3.092178023209113
6879.867015275531,0.6695069512575625,0.7039250036607712
6884.487196674697,0.15452042981326453,-2.803112180287672
6889.1142559261025,0.918737462945525,2.791709283697795
6898.643133735392,0.0030904290066230337,-2.694379781791754
6921.842324589052,0.7323174344346577,-0.5589071053559795
6964.323771840834,0.8896392357461359,-3.0000506798410456
7049.262256477566,0.3778087767554224,1.2663084500926054
7089.684262182746,0.45928880683160755,-0.0063515957722981575
7089.6955638735935,0.46151636546571284,-0.0170344901373487
7089.719375846873,0.4547420151153586,-0.0719105905987063
7089.748351260487,0.4716855102280471,-0.12065256477247388
7089.828088420013,0.46060062091059545,-0.15795527558974687
7090.005091801788,0.45764906744529066,0.00987365330063028
7090.299676410334,0.4621793912334338,-0.27499172743942735
7090.908481757713,0.41617147315419806,-0.5230248780329925
7091.471374494693,0.06462236142946438,-2.3742777385653318
7091.6203258821915,0.2635910370388023,2.205658971185988
7093.386196750222,0.9535152697376609,2.841047905356181
7101.840170864953,0.5042201435972044,-0.11147598180572205
7107.431243222541,0.623647807914498,2.6524320565019206
7119.777767219115,0.4172824961236929,2.571412233024991
7140.041779206644,0.11457844221508338,2.1061397088249425
7187.646695765001,0.7424561080273128,2.5066509077411663
7271.58482229941,0.9057228821407133,2.970600600319271
7313.459855330724,0.19231848040491714,-0.907587262395325
7313.4677612161095,0.19701108932341907,-0.9453326041768495
7313.474254733124,0.19830964745137994,-0.9348506472831213
7313.501530083627,0.19185175169391547,-1.0386776854870519
7313.566645459125,0.199351339370213,-1.2362152672214473
7313.627077060392,0.15296056433748367,-1.4110180593412416
7313.688245765423,0.06205294716670604,-2.112154357213304
7313.5573476549325,0.010932785582917163,-2.710752418474487
7313.372032518899,0.05046134495120513,3.098262813230815
7313.416181526711,0.17734600761314304,3.140138554282899
7315.142490229606,0.8590418247122044,2.9840254221565834
7321.00717032185,0.534906954241624,0.5365262375147788
7324.201484201397,0.9825925574457831,-2.706199323992929
7335.056692906806,0.989906385710524,3.0198013893554894
7357.560588250953,0.029955812920488784,-3.0016205404866185
7401.516768422577,0.0663511643589689,2.730444449059582
7485.417239062558,0.5299581200578546,-0.21506714441164299
7531.642623842205,0.8499820057697481,2.7323175178226276
7531.647402932919,0.8493059379268377,2.7006879685319536
7531.651976413956,0.8545528486913103,2.627489447060954
7531.656114677832,0.8502865122783881,2.6493775461026576
7531.657581115321,0.8697205693984928,2.512146081437411
7531.680291305734,0.9002723995127198,2.61008405353909
7531.66619840863,0.9484701482606336,2.9297104143946857
7531.514653455983,0.9783233097817207,2.9298746389291868
7531.320018906779,0.9430782413465967,-2.623306846999791
7532.655141929849,0.4239556076320778,-2.024399303231658
7534.568768772363,0.34144666047319205,-2.8392237784595213
7537.714769303486,0.6184309770946912,0.7275607923736009
7547.819282851882,0.5308066886456951,-1.8724841559227756
7558.161961868808,0.36139278209815084,-1.4630521768627651
7571.711241581475,0.21908313726035702,3.1184778757947207
7612.59995542303,0.49605152854324663,-2.0961638853033917
7693.625150865442,0.08502027417297246,2.4695357747521136
7733.644931364923,0.044241690356983394,-2.604501046863027
7733.6437416940735,0.04325911800885228,-2.687899722872154
7733.6365506507955,0.04783415213844833,-2.6508988218713276
7733.643148893934,0.03171190443973757,-2.7174336349795825
7733.64326174278,0.026156133126329306,-2.561904739601524
7733.601145124611,0.04437562307209726,-2.442074057290151
7733.563710384046,0.0037351122917638198,-2.5864589607573305
7733.449262444878,0.013207589596599005,-2.8397920800530785
7733.090040161944,0.040532814610935636,-3.1336711774241186
7732.6836858479965,0.01059352931089396,-3.1136372573673397
7732.859188060271,0.10738566500105352,2.7944241052072742
7734.693865492476,0.7040395798164111,-1.2875854224053438
7745.036206296236,0.4805717782911527,-0.10022458288254299
7765.536728411225,0.0752148502379028,-2.1944357486044175
7779.101873405812,0.6167505278477005,3.0438324183284733
7820.036675393779,0.03400443212370107,-2.9630277347372855
7903.684695828071,0.00906010849987264,-2.8416445479812307
7941.52770163963,0.06895131972279962,-2.8571759112681847
7941.521644615658,0.06730446700383061,-2.871134039387871
7941.534388082437,0.06851439018304073,-2.9677362192292156
7941.516547076063,0.06994038852220706,-3.059427736757464
7941.520162284523,0.07849729582865063,-3.053074438004199
7941.501758468255,0.08230283286200163,-2.9807044863607275
7941.4781298733005,0.0975886011622824,3.1092655608621245
7941.5280609009,0.08971801986942277,-3.041433380127255
7941.405948568841,0.0766337892473849,2.6016244728532616
7943.158943270896,0.2518443052074132,-0.09373568498600982
7944.157460299529,0.025633785931330387,2.7782738446501014
7949.247063682394,0.9632544905122007,-2.846076262210135
7952.800242281406,0.9866031602949876,2.684666281348913
7963.159223858336,0.5245030549799125,0.3344388286282429
7979.770622818402,0.09716899209647613,-2.8037026305740382
8016.298192576704,0.47041939972613267,-0.9971421710551129
8099.1414949507125,0.9268639967943966,-2.7354087476758187
8128.355503605912,0.5160567302821288,-0.8868750720728729
8128.362056143153,0.5146628496297344,-0.8935062142102388
8128.375651907872,0.5097364728052629,-0.9240042767854613
8128.404181338724,0.5021745464718526,-0.9389502504432903
8128.472291989841,0.5142291998846363,-0.6793771480641668
8128.617553354178,0.48047510228530843,-0.8507101194078226
8128.929700801747,0.4115517301593799,-1.0708944496144523
8129.3983503060435,0.293404136539925,-0.7246944596486524
8129.88431314102,0.04390161058575529,-2.335260357340107
8129.399185945935,0.023771500147461738,2.9322372527316
8130.486180025125,0.541368171244001,1.8185936230033581
8135.185442827255,0.5728335845575427,0.6587789333189624
8137.6193782309565,0.819266949650339,3.0287622679133506
8144.574590955071,0.4176863192068813,-1.6482699758071435
8161.5326456639705,0.8507017302563215,2.7943816744654955
8207.404072686466,0.9935713612655956,2.8053584558877054
8282.401473840715,0.6721540109864573,-0.42954532796025546
8320.66584433744,0.9706666878673545,3.0868634314681955
8320.665861799873,0.9760790573445675,-3.107193863100484
8320.65278267444,0.9752572481662726,-3.1291605547841943
8320.639992651628,0.9565252268971566,-3.1054491310611643
8320.607235878484,0.9507303602214768,-2.9357667757228274
8320.571498800831,0.9300641347765767,-2.798714460062474
8320.607614595887,0.8978509964381314,-2.918446942512371
8320.585838161276,0.9030032729685039,-2.388956362741864
8321.219501351754,0.6630714631090261,-0.1453310634454117
8323.290163744487,0.8508698146331335,0.8757652193542214
8325.38550250171,0.17790544439450326,-2.208504801975157
8326.042548998375,0.9778832265068106,2.8172319317939634
8331.228024684804,0.5333376843375287,-0.7483596718798888
8346.053179040373,0.3612665339361247,0.42959225179712845
8368.426090550669,0.48958007470732423,-0.06805163073761111
8410.633877394368,0.7667458354535329,0.29270144111231877
8508.169995036718,0.997992658373697,2.620600008807754
8547.500675523866,0.02877364392979173,-2.788298184785521
8547.500900131494,0.028758316290457657,-2.769810928630724
8547.500453316472,0.03469313340499758,-2.798946590590009
8547.497143253982,0.042528487898876845,-2.988071588841067
8547.495878501357,0.022786631913411674,-2.8105633537191266
8547.466416204461,0.008019097015770922,-2.773155660297046
8547.396348950942,0.005317588295940959,-3.0119515629395197
8547.270253394845,0.001461495797591638,-2.6941718447935337
8547.041193502913,0.00038712734708325463,-2.6607005411189593
8546.67114601456,0.052159723554889535,-3.0087147319854126
8548.672473367207,0.5339257032055823,0.26799737759239006
8551.656301037345,0.00621223051636836,-2.7297397418321214
8557.390686138615,0.3054688342292415,-0.7197671988453047
8559.31172260956,0.17011275331947368,1.0078035296251464
8588.2119422064,0.23343925830658685,2.4579846976415727
8629.981422962142,0.012309844959570583,-2.8850828338093186
8734.34232184703,0.0003184624404755662,-2.8322050109154944
8777.636202534506,0.4406471791649824,-2.614325909462777
8777.634954323632,0.44224124991263153,-2.5527886415417465
8777.656992871687,0.4354031165255827,-2.52959018806712
8777.698982146383,0.4404635349455646,-2.515480511362948
8777.745936695968,0.42181945045424374,-2.568338738054606
8777.810076733831,0.4227612817203676,-2.7095022995471676
8777.96341731456,0.38300367757969844,-2.9190590899660993
8778.15399184901,0.25528911316497366,-2.491040639723629
8778.45119979215,0.12675292280542869,-3.141156682585545
8778.03048671673,0.030460325663717005,2.986422885362785
8776.970424892495,0.042531940574630014,3.0582365865270997
8777.248350289025,0.7942795102227763,2.0110021747444016
8777.680734921785,0.04005622854077444,-2.905691312896488
8791.321002332134,0.6086528505781122,-0.11860604631584692
8817.920920302695,0.1148779451229393,2.451756000924961
8853.260403546035,0.3069200415663455,2.412439465494609
8940.634785591754,0.6925763803136152,-0.04476745293694728
8969.09748124379,0.010229599597390292,-2.687259410782287
8969.090062009656,0.009727619359624887,-2.7532285462554693
8969.08886718266,0.009607683268840489,-2.75722014100788
8969.074826001173,0.003935828265125868,-2.629616350851565
8969.036030462941,0.007163946762064367,-2.794318153220937
8969.034929962814,0.028978021137202162,-2.858275036945702
8968.97163942194,0.016432538143588114,-2.8065448846120415
8968.854476007175,0.024881050453385057,2.9784699910374197
8968.682553058623,0.07136019730398575,3.0229869014142334
8968.276655557658,0.05596347212571263,2.960004092896968
8970.33979035158,0.6378363316172145,1.944927643297297
8973.658136989083,0.2971527686967113,-3.052291703084335
8976.4344212361,0.9928868333343804,-2.6653439671203736
8992.351411084137,0.842359592507806,-2.343760026089375
9024.676318591055,0.737252483188521,2.696695314204148
9067.054336085435,0.472920082287103,-1.259361681462684
9129.704313723018,0.412036166572127,-0.36081152145988593
9167.74537943627,0.6219021083654883,-0.007794172199470761
9167.749602889911,0.6204560468004295,0.054528216490520975
9167.755555064583,0.6152435379780223,0.1479182272592645
9167.788430320816,0.6348478137557321,0.0872829232895076
9167.865485633518,0.6269845031646526,0.1029084656724959
9168.058431111667,0.6321499360611279,0.3628084165890719
9168.350897707805,0.646650546288359,0.48790052138490925
9168.84915418276,0.6684532782077669,0.8340170563645257
9169.486530100734,0.8800571870640553,2.4860142500069227
9169.150814996265,0.9380063250491849,-2.8710429551215917
9172.675172781239,0.2541897859409505,-0.8118695234754529
9179.49145055872,0.6892947735718798,0.9794911236041486
9184.285429429752,0.746832387244627,1.097239657552584
9198.7777385418,0.011264444643532174,-2.6890049108985443
9213.193458764457,0.9805326596719837,2.833109601347635
9244.081379467325,0.26545847911395876,0.16658389257161943
9320.444426090773,0.009717942688588107,-2.858758810558562
9355.79470310535,0.5783998568030604,0.19318389646203338
9355.801345588232,0.5706803397520698,0.12173979779446853
9355.80246839009,0.577626090607753,0.2542285670365687
9355.840077081597,0.5775073293400698,0.12405367066926631
9355.92133930355,0.5594809481351747,0.028983523077267037
9356.108408630345,0.5478532898022962,-0.12799952640296786
9356.407235039103,0.4935824997243859,0.06740115565655946
9357.03296063904,0.4706313461773988,-0.11681504687915067
9358.192905802214,0.42045670390944295,-0.2664677888923901
9360.011679225763,0.7748081528181975,2.596246394428869
9361.72058881655,0.007238318712240287,-2.678673547309611
9367.246079480583,0.7402913561417904,0.9710734661564517
9371.681784857954,0.9950885378095765,2.760233670397098
9380.410755614212,0.835135827967258,2.4041255538690027
9401.577442771539,0.48881778272708926,-1.5051986215781397
9432.116885825199,0.9119680314327583,-2.6992947646216843
9510.396263095347,0.1449721265069445,1.8160454766667709
9549.28203782111,0.9290343252677173,3.04720314183926
9549.282565461313,0.9325042358816177,3.0050652652467704
9549.292957607482,0.9318385298006308,2.9713570567026606
9549.28931664923,0.9429903565294951,2.962263355321044
9549.300290456653,0.9554240003909203,2.883934493971438
9549.280144621242,0.9580681425597064,2.6832752092608523
9549.224135036227,0.9996899036391744,2.6316538702682966
9549.174523945196,0.9854104475934125,2.8779794267024483
9549.01867503653,0.8970141859188725,-2.0646195126404474
9550.999428959914,0.4829441185542944,-0.6323928659900555
9551.56099823328,0.011656120423022137,-3.112041593065624
9553.689500515971,0.8442913366571386,-0.9084028927367029
9563.596629274894,0.1864797184168905,-2.612356603605966
9564.95051516215,0.087826842105856,3.0338268241310775
9602.41985927403,0.33486398764982417,-1.0902084517973316
9639.703636242695,0.0034583505557015076,-2.9911120539396707
9713.506321075347,0.8926409810996198,2.0233649246636274
9732.801415967007,0.4241430666443739,0.03984224887462595
9732.807921703557,0.4148848811755383,0.050068060907011436
9732.820540629073,0.4137062700258494,0.061672121291932225
9732.873879092966,0.40960142358328755,0.15786461302351906
9732.93993307701,0.4117611837122424,0.0871258206684602
9733.085533752921,0.38487379601597943,-0.0682908455723017
9733.383518606242,0.40411616238993575,-0.37716965013136194
9733.952995701058,0.3724138706102384,-0.041284375986305744
9734.969081214354,0.27206961833723753,-0.47985809392725143
9735.377156630766,0.03794923322806329,-2.7470250081389715
9735.310600224035,0.35910997403101597,1.0930701988011808
9740.814983421627,0.6841386427009066,1.2240018287833827
9740.348652992323,0.13536451756149834,-3.014308434687837
9747.417336541375,0.09536260071304599,-2.916581352914414
9770.42014748669,0.5589963233078187,-3.005686392283514
9815.344532935902,0.015922541468903605,-2.8068525433107303
9899.537365146045,0.8089988902740859,2.5626806502587085
9944.84493772561,0.001559411420550166,-2.65895709134895
9944.84820910428,0.001559411420550166,-2.603819113859352
9944.847804308474,0.0054039479019572165,-2.5628085492453048
9944.841393069612,0.0024858925998652703,-2.6185809704779697
9944.82955517471,3.4537420541547507e-05,-2.6086768065814345
9944.783245021878,0.0027102308920992704,-2.7733372589676626
9944.690600938173,0.03684057458165078,-2.792135374626955
9944.555777495592,0.014472346990277513,-2.571798281078155
9944.254428454273,0.0027571932124567195,3.081819534013521
9943.744416410012,0.04005750957441602,-3.0656382383818497
9942.62414564874,0.026677700712071126,3.0736632249658573
9944.074777840997,0.9974128775248001,3.0198502112547994
9943.437673821489,0.269184583872374,1.0443547839723548
9958.126081645001,0.9880837549825126,2.933159874801653
9980.800042231052,0.8794723995192357,1.2376038985599935
10028.528253761431,0.6803002259786894,-1.7040758924069856
10117.302312657263,0.019591426450488798,-3.04913719274384
10146.822212943323,0.8221761292003837,2.9914163909446216
10146.820587619257,0.8271997929685674,3.015169563988163
10146.816520787035,0.8192002094965752,3.000508667079644
10146.82712980784,0.8172367428996354,2.944945312375875
10146.85355458597,0.8259229622614533,2.9308843657973416
10146.860486042578,0.8476133922099721,2.847733270624122
10146.840899010434,0.8598483703152956,2.963776556687563
10146.912998281869,0.8326814291618546,3.1044542818156184
10147.241205024577,0.7804901538184456,-2.9765513477065544
10148.42144220072,0.35770565100446233,-1.9675159624596925
10148.415919287205,0.03962689749993858,-2.9503736109919463
10146.770877848416,0.040578151267205424,2.951258653769374
10148.94149517009,0.052541152453784774,2.7166800013604853
10161.673809182124,0.13716604343538744,-2.8600585527192517
10181.783351531358,0.04719862242148931,3.059888676261851
10229.936389349787,0.14043624219170758,3.0781193788024126
10308.214102228263,0.001093018634623299,-2.645195607110953
10345.029762236347,0.012033461488083395,-2.9733631594008907
10345.026031478068,0.009667257833911423,-3.066280121241203
10345.017713421792,0.01184885004259731,-3.0013798533730247
10345.015826383249,0.0033064355657506533,-2.836540078641048
10345.007739715422,0.0006714108823560334,-2.6342731453095363
10344.959585773464,0.006382911814206424,-2.71935168812381
10344.847963693393,0.0019158630084721098,-2.726152327636671
10344.691570153176,0.0014490310893366855,3.114643736932864
10344.50389651879,0.05006541687852687,3.0419415832732275
10344.079880058402,0.02590085150138385,2.917245986414267
10343.578260935952,0.19503493467135521,0.45931374171795003
10347.3003657508,0.5040798711554443,0.9963735190339778
10354.939636190025,0.7739708018528959,2.5754393479553084
10355.389049787325,0.967641010024227,3.10374493365509
10369.51045628116,0.6207752452713458,-0.5525448264360895
10404.27307709113,0.5691051068752414,-2.767184161519804
10462.585656057092,0.29822947402495426,0.4796124254328422
10494.196321238875,0.6030257809055029,-0.07934675976369299
10494.205373608638,0.6105841595457976,-0.11427446945170106
10494.21126549058,0.6095723998177447,-0.1337669542975526
10494.243136632405,0.6082246683471986,-0.1565277808022576
10494.342525395039,0.5912833976529556,0.04643385377362508
10494.474891435626,0.5861997303170764,-0.2812081963422064
10494.793714345451,0.5986167196655747,-0.34156585543362583
10495.34627465531,0.5152639834308127,-0.48652920549361944
10496.524333254763,0.47097850001939273,-0.15090465108724027
10498.996681075112,0.46569647759510147,0.024155086077884302
10500.97451932191,0.11005303595942664,2.902958444223147
10504.007989072677,0.0008184518536568674,-2.934421750645106
10505.76527833267,0.08842604372934065,-3.111177164131358
10512.469066495762,0.9207612303519415,-3.1011202110428298
10528.777174975388,0.48381852977316403,0.5761524637887971
10561.065433420452,0.003154636586016531,-3.105119298572571
10633.247420716412,0.03498006735795228,-2.8968149313574227
10655.17527766638,0.42021176032846463,0.2796299576019181
10655.183506867339,0.42062138397658727,0.34521072245473183
10655.20211631481,0.44056237645834323,0.31531383596640694
10655.240588189215,0.4423585795289866,0.1426563321954344
10655.300792751994,0.4465073992677499,0.032715797159667215
10655.453771183988,0.4593708502333209,0.04210860870146238
10655.750376353468,0.43304858336986307,0.5842016279272193
10656.346687845977,0.46212876678937903,0.2885346241631268
10657.50884206814,0.5844700091706433,0.497337398717447
10658.660359450727,0.9169739971315402,2.9630258617638123
10660.663464834732,0.022147596428476073,-2.6455397607415905
10661.095481767676,0.9935435187358586,2.5942171877162483
10669.619243066158,0.14405929071478854,-0.2787887192852634
10680.18101948952,0.48151468021166843,3.0825102233419885
10694.372647578968,0.9915007773269912,2.911382534774435
10728.56655088484,0.8458949053601302,-2.734709361420834
10822.529739005728,0.9573397731055542,3.0596736517259737
10852.781190581669,0.5895464424527791,1.2053106148769945
10852.793113982243,0.5949460818921609,1.2248754621471178
10852.815165579561,0.5945119656675452,1.3135528751248797
10852.834581609824,0.6077881206745868,1.3593180814038686
10852.898939004666,0.6186443117127483,1.474661584019862
10853.026601202908,0.6557512739058828,1.6615149879795954
10853.180826260263,0.7398209474679087,2.184158586554835
10853.35464903087,0.8739639695676256,3.004156141271091
10853.281037300243,0.964576024629569,2.773330454896672
10852.713885303858,0.966321766702435,-3.0684976834733093
10853.20664005737,0.5827861427609159,-0.6458745319846826
10858.897928159226,0.9209069586385673,3.085034627402324
10864.639104994709,0.594716456054092,0.3508676348166304
10879.560027701036,0.571683038840349,-0.28311091420203915
10898.845908310122,0.5739770136119487,1.2139935534184758
10953.342286736697,0.2030723952804108,-1.1665436109501388
11042.614380501042,0.9147836961038116,3.0932181098766467
11064.026722933755,0.0021768030390375455,-2.7433589725871146
11064.018199540013,0.0021768030390375455,-2.7449054616180875
11064.013722754355,0.0005852966563495045,-2.7661075472121537
11063.999940868462,0.0005852966563495045,-2.8004554148336602
11063.967899865927,0.006400552864591306,-2.7303018451167724
11063.930495919034,0.0024812610285981614,-2.5562371695157204
11063.847029487153,0.034540443728427864,-2.863257203211846
11063.717848520253,0.03562486951952624,2.8919069798530437
11063.478798848037,0.0034045490882353632,-2.6498596037138875
11063.062182780863,0.03471387062173786,-3.045129491192401
11065.39081858836,0.4762082545693316,0.2134159502158659
11066.711025311604,0.9879323860492024,-2.7039166697376857
11074.548283813898,0.31888546340744217,1.6375738157775865
11088.013706526168,0.4545138752321833,-0.9519853715899371
11112.587638070134,0.13435023756515208,-1.9121256863377805
11157.775428684672,0.11104972509395167,-2.806762163437922
11242.184022660666,0.8681833326278482,2.594135230661429
11281.01258294208,0.10900839487179209,-2.276172948265895
11281.026286300115,0.10601103586788564,-2.292441320937729
11281.023779315525,0.09990295955679702,-2.249057063509806
11281.027452556233,0.08467332237145803,-2.3336159333707553
11281.015375893294,0.06586442485721092,-2.4466190457395367
11280.98032097987,0.040127933782611376,-2.3529817552869865
11280.953640422178,0.0021652349217140348,-2.7614355630486447
11280.804474852146,0.00902114236329077,-2.445608120196256
11280.517994752656,0.05069329963287317,-3.097909509033215
11280.30219068783,0.053687167504316104,2.8253196584310665
11283.045711942854,0.8479428120422124,2.391935347261123
11284.080813208237,0.010165421335504351,-2.6767011248841674
11288.381643876017,0.6860172414659677,1.8237605163571784
11295.973679536295,0.3274824054770484,-2.7068676693628086
11320.73309490339,0.5879599421459203,0.1620802944593711
11376.916764756777,0.6148098448507989,0.5832430693492325
11468.846130296917,0.31838945221171727,-1.8373538848445707
11507.245231170189,0.016456729975238567,-2.7722388251407297
11507.236989680732,0.021243038522323877,-2.6845284269252203
11507.229940524532,0.025070101895002354,-2.7036988061755123
11507.221122858375,0.027602646977411487,-2.626319173868042
11507.212024597746,0.012938775116087037,-2.5371234988036586
11507.200577738562,0.008831469975506026,-2.6359203127929947
11507.160255502573,0.0005140951499906226,-2.5198358502825426
11506.957725841252,0.015463351430250712,3.1402190444070115
11506.728542797167,0.0002349106910507241,-3.070447088743383
11506.322024395771,0.15878046494568637,1.5150411683525427
11509.605955345565,0.9963086666660819,2.9617236255803068
11512.642765014474,0.9964353093867546,2.5708078474531266
11518.398656901782,0.18532083989971307,-0.059739409350349604
11524.758883413046,0.9880924969039847,2.9316903093719446
11553.364373904458,0.04989019925168177,2.7440034689964605
11592.51109930653,0.004571956594141531,-3.1297576254065156
11670.85702350499,0.13341682506141875,-2.930208482128779
11715.98367101221,0.9587818164955071,2.7511415367431082
11715.989076376038,0.9560308607798773,2.758450167573809
11715.99108882246,0.9564350971324614,2.7399383583999626
11715.991718289957,0.9732520278852458,2.650335327910291
11715.988693990204,0.9842663424784566,2.717746645535435
11715.965378550534,0.9875559255916084,2.5905308611786424
11715.918470445542,0.9557121288548596,2.8040338027006095
11715.8052146773,0.9924613143663181,-3.056077424544109
11715.527023031695,0.9701464433494603,2.7934907627879397
11714.943424235436,0.9974511296185113,-3.116439856120863
11716.999159274357,0.21028390037661354,-2.9491312253289004
11719.702316736613,0.7633673272372125,-2.2748724840561483
11721.710246463454,0.9776094714587208,2.9002882738938567
11727.02179531006,0.9809259947484663,2.881083517148941
11750.289669315584,0.9948691056722673,2.901825857687303
11782.404699739418,0.868178817977096,-3.079728474309386
11861.076959991413,0.6137390269344476,-2.5953335468883925
11887.557983953551,0.37256121358150035,0.6884329018467592
11887.565688382145,0.37587237082021224,0.627295383315293
11887.57522576275,0.37721634042718005,0.6102552677307811
11887.606395012142,0.3766537811459837,0.5776052945647008
11887.6801420966,0.3846257214147094,0.6348862749849977
11887.828344874324,0.3789215275009284,0.038080301386816284
11888.14991450798,0.40769577218417996,0.29892937169794775
11888.737249958369,0.45104108332103393,0.11401759195498062
11889.947753618068,0.5550278632067837,0.02928229323349374
11892.474899610286,0.5011930923603762,-0.033338063661535244
11896.153301683256,0.1301590569124808,-2.8720397462053695
11897.350643232132,0.12722503863433107,2.366562740790302
11902.105495706943,0.7999720042343781,-3.0267898555380612
11912.871054642314,0.023072265908453807,2.9087116030927156
11936.759116760133,0.7883053953271878,0.41363342306362094
11982.073283599024,0.2105244298964987,-2.4615628590255354
12077.004976777374,0.4332767578029103,0.3103580436615938
12122.304669414569,0.031210409273802368,2.8230518005418155
12122.302472579333,0.038868571984824386,2.871904842431656
12122.300058822344,0.044156823139174066,2.8645765244596397
12122.28518717259,0.04637576365917911,2.922512898774781
12122.289467789125,0.033252361870231145,2.964816491232309
12122.260782318102,0.038307637981621734,2.8884557802595587
12122.182503409827,0.04662134524407391,2.6557458329983668
12122.322919135151,0.173023647218632,1.2657326407502847
12123.214417422787,0.4220533072914656,1.0003853722219604
12124.413639364473,0.8805485593773356,2.633728020241753
12123.807940811506,0.9906244515687447,3.1070856197726284
12127.99288825894,0.28552280273500863,-1.5058401847893692
12135.151139082946,0.3913400578937162,0.8257891675305169
12142.437963271635,0.0025548712519453667,-2.6495780777724818
12169.651978751357,0.1284201460451861,2.279570043601976
12210.299447058367,0.9921998936614249,2.6731410363103523
12283.688199517424,0.20318365916848477,-2.5586322800456953
12310.029603877709,0.9695424481756434,-2.8786670885320307
12310.02390205789,0.9656700777149124,-2.936696441610269
12310.025917746798,0.9705155262464469,-2.888039918431742
12310.017553355541,0.9602035086145655,-2.888532375004662
12310.015486328402,0.9508250414311545,-2.866268358004106
12309.971596343901,0.9726834862020712,-2.6011792732824177
12309.958989771147,0.9583672291616169,-2.222545633628443
12310.147729039581,0.8144186708784839,-1.1147232979343054
12311.157365411813,0.5940985858341525,0.05878686160426083
12313.596891490064,0.603147971966542,-0.11560306100818929
12318.198628026237,0.5173357070183747,0.16070825722190873
12323.260207076026,0.9794583949733489,2.6730258698744738
12323.14426567148,0.013497978960657624,2.9632645908869844
12336.102664429929,0.8051109265180187,2.2533031798630763
12360.76905020575,0.17061196327057107,-2.842826475733639
12407.11424154305,0.8199094179134223,0.5492875929340935
12479.262375818163,0.06152910898686635,-3.055392010457765
12517.936236688323,0.4044182771008725,-0.4033061949331529
12517.937012270557,0.40167858129043515,-0.46930388472368634
12517.950109492522,0.3980423236803002,-0.41142187593578594
12517.996709923587,0.39788455519564314,-0.3829059927740124
12518.068991178365,0.3991517885170405,-0.3891207711533533
12518.20471566453,0.37420158051602453,-0.517937122487738
12518.521062306845,0.3607710377118031,-0.7511173223147951
12519.051306289928,0.3237459367509083,-0.7678834173306379
12519.608924395092,0.15113748340011712,-2.6821918029978926
12519.637128314394,0.13742798827719732,-2.9069686576634677
12520.718642126847,0.12952801841792383,-2.992433035712386
12523.583255875388,0.979481441344989,2.8291483161179904
12529.392000231903,0.6047648431588893,0.6531396630621722
12532.463747798563,0.008529112246908208,-2.8390042099201405
12555.885871923047,0.9893957168992367,2.826504432615101
12600.128997477344,0.9921418176464131,2.835153614111441
12681.529013266878,0.40455161541273454,2.455409522140985
12724.063481770412,0.43669028472835747,0.8791887424811851
12724.079898196407,0.44924333860078236,0.8589851668604283
12724.095857520024,0.4529095410470063,0.8918420415098307
12724.128126545953,0.4581390903618632,0.8829318923615128
12724.199545481668,0.4708857967519469,0.7622113963897217
12724.350584500664,0.48036723235805323,0.605810986733212
12724.65443523759,0.4974987687117562,0.2534896350641658
12725.251301408247,0.47311672728858895,0.5096878530812585
12726.34306995395,0.67871344392493,0.6404054591318507
12728.410551367182,0.5508031008600186,-0.8852170344082135
12729.709441241042,0.04617660015159425,-3.061848034444645
12727.871085786766,0.05264952075417779,-3.066824324981578
12733.627936126159,0.07267197842192923,-2.7981185264987842
12744.232040786117,0.5156611012967289,0.5803190035269985
12768.502252513788,0.7392407308195624,-1.0671405864176569
12816.060640159618,0.6870527859887865,-0.6326693392594906
12907.112398361645,0.009691395773769413,-2.911268478458163
12944.966049869545,0.6913404722710662,-0.8843151898693842
12944.971229738088,0.6959296645048082,-0.9252217065700195
12944.99120583382,0.6940454128742073,-0.9691275661000383
12945.018749857187,0.6759052700552975,-0.9222910764639085
12945.074068594053,0.6417968212758859,-0.9320929133572515
12945.207359724784,0.6413964770133915,-0.4339303296456305
12945.483167378654,0.6336940358786575,-0.3349319801918389
12946.04722534137,0.6282664159121015,-0.13861463556269404
12947.227119660485,0.5921709891372823,-0.516874173558985
12949.483744193403,0.2889659662119065,-1.0946612804449907
12951.186221171332,0.6819546250109731,1.3260788030710868
12954.782157472813,0.999702600543438,2.5054114552539524
12959.901357047735,0.9956508120407702,2.86260440714155
12972.068045827944,0.9865882941243834,2.908822156853108
12977.385918566877,0.3658843740866837,0.7322839192412691
13024.15775736761,0.6421320544279051,0.42657877551777323
13104.701089108226,0.16509962577435958,1.6685212460993002
13142.598235877733,0.29122046008061975,1.1347719240330747
13142.609569974315,0.29549934372287046,1.041940227571506
13142.619672824983,0.30178487728304454,1.0501416861409147
13142.660895700052,0.31091224816157115,1.0871843132759338
13142.711124135803,0.3274353959604646,1.1841512176206628
13142.851896612965,0.3717361510300852,1.2777456783057435
13143.078237721267,0.466174874029023,1.158860610861442
13143.602898480633,0.5764845104429076,0.6835075242225948
13144.599219354073,0.885435745742341,1.3133489042945223
13144.35787641775,0.8595971023455762,-1.8331505664901648
13145.701353299673,0.025180084410003023,-3.079796825782992
13147.304519933941,0.03731416245624926,-2.9597234959996253
13151.649801823101,0.006349256606524614,-2.516864053304255
13163.000450894613,0.2415040982922216,-2.4282900849782707
13183.474737096698,0.28820850586031804,2.436741427919091
13216.571562557208,0.006635472148664416,-2.3826817083882585
13292.918504894391,0.28649959634026684,2.4477118146260146
13324.263865719187,0.561518059666612,0.25162493782781503
13324.273172757283,0.566868978253119,0.24496704650244938
13324.289752512193,0.5650520073028048,0.29536276627862
13324.322181142814,0.5760208723832121,0.1157441594356019
13324.378466038997,0.5813231149298941,0.2524732382505346
13324.483346121195,0.585215189289813,0.1503819093829386
13324.776763511318,0.5828319163871684,0.38898066540133236
13325.282091338788,0.7076673357152367,1.0785379942659388
13325.67339027163,0.9786129527811727,2.357753791724363
13325.189375288157,0.9907608080859146,3.0338157124284937
13328.654407194694,0.6630952953364269,0.6612796392460334
13330.029650026365,0.5833324161620894,-0.6958765103671558
13335.12953708595,0.07861084137071533,-2.519627053591492
13342.486760440785,0.1591581812753617,3.104439862462348
13359.361241791295,0.043345305712092934,-2.5206226598496264
13403.030305133521,0.9947641603044005,2.889169843668041
13471.879927118975,0.02000522740035223,2.936838756665569
13518.814116857362,0.4740510102994306,0.9687359930242216
13518.81718580408,0.47487911856065745,0.9702345149232441
13518.83109255844,0.48368933171263784,0.8712832289841916
13518.879534280282,0.4939576267722909,0.9337502054325357
13518.958034464058,0.5192850619874879,0.9739441130022968
13519.09334879033,0.549518694502294,0.9293147612544228
13519.318362241582,0.6696764972425666,1.4240454945598868
13519.64177417668,0.8157040978769542,1.9494794493268852
13519.681852899175,0.9851491898948453,2.9640759101332694
13519.52212050035,0.779567453657259,-2.820878737034269
13521.481007294782,0.03638036881374448,-2.6543628589688084
13522.535265602482,0.8527714437814887,2.9509012943044297
13533.284949011773,0.0010482442348123183,-2.5542975465415427
13541.29701180403,0.7405208068584347,2.9248746942297856
13571.739871525584,0.9873399195441979,2.5368638476670853
13602.5001917779,0.952443502344409,2.9391399067931214
13675.657654070148,0.702238732527368,1.3741205399907734
13712.36650311758,0.1025626384689074,2.332685250430396
13712.368449296893,0.10671197228071175,2.317200903806423
13712.376347226156,0.12362687544819516,2.2953909265166637
13712.37595036714,0.13641322218096047,2.2715851996132415
13712.369794706174,0.1251195729089884,2.2900345279707306
13712.401461465746,0.16182031568251554,2.112476417154948
13712.467122012893,0.21344893864126238,1.9103210413220335
13712.840878175384,0.34674334371772636,1.1302956593430302
13713.76964470401,0.609983274529331,1.8182655867392832
13714.371134220397,0.8746947715622605,3.1084169034185294
13715.168260048073,0.7973251628597859,3.0766237099022167
13716.423358826725,0.029207537895806712,-2.786131054988846
13715.305771064293,0.9871406980367566,2.541488761700249
13718.938994969129,0.9279595995280956,-2.9993247620710735
13733.587637060273,0.8393842854132075,-2.3809259354523777
13775.813346566856,0.012529250462208845,-2.964112775337447
13834.839494282414,0.008659423805566367,-3.0010362451653223
13875.278680845026,0.00013551840722538172,-2.611093233495893
13875.270653495367,0.00013551840722538172,-2.632149302980761
13875.270862413432,0.0012415530182606277,-2.7314682770003555
13875.265744954857,0.001187212971359852,-2.5888029617656527
13875.269822179544,0.0037034981556446768,-2.556638484242604
13875.259584556461,0.0017680591115686465,-2.6920898591317437
13875.191120992007,0.0043691683214440915,-2.5587582569184577
13875.151947954104,0.05669772672447908,-3.11661305332055
13875.182732187443,0.1901513511165207,2.8900372806811134
13875.55329002911,0.04765106286217025,-2.79785857544306
13875.99131481062,0.37872654797849836,0.6253155913076527
13880.05267240392,0.14846134980260384,-3.109520168773115
13884.943959923148,0.9084102879681647,-2.2948056667370804
13888.130722671376,0.972545655498327,3.046704754738135
13899.357698238504,0.8321972974814806,2.826752882364608
13937.289796182915,0.10175859794690992,-2.3956006658939586
14046.553982801417,0.07717169786220573,-2.6003549668639194
14089.353627654878,0.4134383770193142,0.49599125635522157
14089.362587290983,0.4137388674281442,0.4895760178878854
14089.39333688502,0.41639933626347037,0.4536811171220285
14089.432966097058,0.43006028006483066,0.6086614631457854
14089.485406490312,0.4452322251054804,0.42638399602827004
14089.603539187889,0.4622232628246899,0.5244139671265708
14089.887340831994,0.49962961675441475,0.4341949074615319
14090.535317120984,0.6334205338830052,0.7727621884779454
14091.13018723263,0.914771443618152,2.746286868682132
14091.887826558303,0.5555785630433568,-1.4784557370002522
14093.143984081453,0.38976230981376564,1.6542408900642958
14097.563234733898,0.7359809025686095,2.8645095734914596
14104.405860394376,0.5336641946332434,-0.887647136433614
14108.202601561201,0.9957742475960417,2.723249406203644
14123.491125060244,0.16132165623857175,-2.5632841071473123
14159.90609468749,0.9849087963478764,2.6537892040874427
14258.367275141505,0.1341974139099634,-2.83661957041548
14298.931872669134,0.9956533904480385,2.6539471323974047
14298.92717596966,0.9916617790397534,2.7238602761133075
14298.92228720485,0.9948169274640823,2.6546789806739666
14298.904032151255,0.9922476233726502,2.7029181734669034
14298.893657757813,0.978270601516055,2.5551537245859812
14298.833659080587,0.9928157449997007,2.759268934438616
14298.784956243331,0.9992283654771997,2.827985379040258
14298.647666573574,0.9794748364594195,2.9725825989171994
14298.685651902559,0.7793711349588344,-2.356611557152392
14300.371479024692,0.26895194009524603,-2.424809019963168
14301.58743020359,0.27899806118910747,-2.9203451708408927
14305.951488856977,0.517324332842795,-0.8310047240006786
14312.038924304074,0.8093166836714673,2.5161004885305136
14320.611449842345,0.9166654453372104,2.694236998148426
14345.162576846758,0.6621537921371675,-0.12490608563845784
14394.367086693703,0.43771377153757257,-0.5291636341989916
14485.753325184402,0.8095501598367965,-2.3728178562095774
14513.783468822956,0.5839220766139559,0.8808672562517641
14513.78945446741,0.5871009044233203,0.9063447551377655
14513.802510625077,0.5853953042670224,0.8521844429674243
14513.847278127116,0.5992812752119027,0.8327357682248282
14513.935202429391,0.6340986536593689,0.7729050362271499
14514.070557386627,0.6804092728425702,0.6581490104267234
14514.326620019614,0.7281149063452538,0.7228217546273301
14514.805799371969,0.8001519697954927,0.6937841458265472
14514.905252039756,0.9963824799430505,2.7922980595554368
14515.220309619062,0.5704901011737539,-1.8128478148174902
14516.076453388714,0.006947879157582362,-2.6666361281211657
14514.749168538614,0.09814875371177177,-3.084391002024134
14520.945885698262,0.7106630610264997,0.0478401135962212
14526.949429357457,0.9987975083802464,2.7191920461683363
14541.974847941921,0.9399265993399591,2.652209869930026
14584.082271083538,0.1067232290660493,2.77657814890079
14673.2909395646,0.7792219910899246,2.9864460910854156
14701.640682717394,0.9955060569579605,2.9938426021474447
14701.637348749846,0.9941878801816797,2.979228549395005
14701.633352170837,0.9882265041534883,2.985394712042991
14701.633762084224,0.9978458092431199,2.9952829351329058
14701.628613693734,0.9906863012734228,3.00088191432641
14701.588862856768,0.9616513991518837,3.0975697360811107
14701.500933868103,0.9986031436757397,-3.046838265730402
14701.335106450679,0.9689057875218869,2.915778537305262
14701.168165554709,0.9984042119585371,2.4970378868318903
14700.612977002422,0.973658525649575,2.896036461585239
14702.224159129206,0.265229461476725,-2.2922226127344185
14705.064519079984,0.9642842113775418,2.6416146642222316
14709.533618827925,0.41486705463964935,-0.9788997026990804
14718.162361811479,0.011652686266504507,-2.928541407291082
14740.713765576247,0.9056210864299759,2.824303321152536
14786.363211403326,0.006937292674943856,-3.0655454328508402
14874.71371926097,0.1459790963186638,-2.963765880154103
14904.649079794335,0.6925303821383673,-2.57186810012866
14904.652603151255,0.6931663488551608,-2.602819461953428
14904.651334698503,0.6909509882744038,-2.6555188868600212
14904.684982077628,0.6841348717999792,-2.5604218538462047
14904.717305605498,0.647845883287569,-2.537698179560365
14904.80458507222,0.611241708084767,-2.617720723393881
14904.907380001245,0.5708113272672652,-2.743720888281567
14905.211293808805,0.4523127290303903,-2.6969804820375374
14905.674905501475,0.22964140544150108,-2.6902766220208716
14905.584677614674,0.015506892656514495,-2.7966295762029225
14906.870823334133,0.6523944963603725,1.7066234536924423
14909.426319259981,0.002984893463259883,-2.8527953822707235
14910.233984326356,0.8014825326321171,-0.6990582645878685
14916.172768981989,0.953409769426966,2.9215274939380613
14943.047447521261,0.2473835130546444,-0.12374451129810993
14982.163132760288,0.6467336024511029,-0.47313986393603136
15071.840645469032,0.4112596142409747,-0.900800861412288
15120.79019510846,0.35154213629127623,2.8738326254471485
15120.787649605069,0.35302217680175074,2.922013106424142
15120.798328400764,0.3446266623919656,2.982391460523271
15120.829711479992,0.3411373536462763,2.8634406236180876
15120.835727685437,0.3487886809100417,2.8942944405348685
15120.908694272355,0.3797575676784012,2.97059709806374
15121.059442541378,0.36716978586225607,2.8319505505255176
15121.394876160428,0.45613372344064684,2.1745205122140927
15122.07351344266,0.7105465826611708,2.3996733727367783
15122.71124881811,0.9563636264898758,2.9666908272964427
15124.596566995966,0.39570377961355424,-2.9289107922622417
15127.094566658632,0.9971402424012975,2.5085180444572366
15131.219993866787,0.6329776571064867,1.3444115431257053
15149.08713358719,0.7776640697664307,2.4518829034681167
15162.784481676754,0.94339565317821,3.048244860378162
15210.74154423573,0.6347138301346372,1.809903809279703
15298.693792963413,0.27529434123650287,-0.21612613953186965
15341.436067286857,0.9680353955894521,-3.048887601400236
15341.431250433905,0.9755460290386989,-3.069488590369004
15341.429220048682,0.9663180392741403,-3.05206601999617
15341.416716087135,0.9807527441177661,-2.9438452394720542
15341.407107145402,0.9750604715323781,-2.8803887734378493
15341.427894846753,0.9721827545942513,-2.791546253503158
15341.368862379284,0.9392742406816992,2.985364716673173
15341.301628748075,0.9292633132571021,3.1407168091285858
15341.13863717912,0.8711384061478751,-2.9298196594826096
15341.575035296742,0.8711089893657802,-3.070091439878075
15344.177606241348,0.5853700560493162,-0.5845780350454528
15347.912017812543,0.5867429572704141,2.0457061765036446
15354.157150509564,0.6553368495199554,-0.48148899449417826
15367.286008773808,0.8242091992753864,1.6308158706602383
15380.121926007721,0.933818550817449,2.8803399269855348
15413.728024132079,0.0021141423376983765,2.854858171330262
15518.39294385957,0.38955816773356505,-1.0387747103309897
15567.380860611403,0.8014407437710043,-2.8457665005878576
15567.383602565771,0.800164800716185,-2.8378790309024575
15567.39106677135,0.8073730009003993,-2.8935303731731845
15567.401547097066,0.8039436776066943,-2.8665914198863813
15567.405909984549,0.8178023509488591,-3.0780956959805565
15567.454543179674,0.8278760157614374,-3.098479438784933
15567.514372239806,0.7809498545324624,-3.130253936278341
15567.65628344935,0.7375783602178435,-2.772351777585203
15568.088485845983,0.6658801528235467,-2.7586240443030836
15569.321968409884,0.3061175462925823,-2.415494043644869
15569.50262179981,0.05984512432047118,2.766776688396492
15570.897361852982,0.871932542424093,-0.12163587905100881
15578.276963481741,0.1629130136489091,1.2819456958056028
15587.137728185948,0.6676546446577266,0.44312487706839576
15617.058381974131,0.05735947874831635,2.830488810444665
15660.733763349432,0.6645061683797195,-0.2964006204767067
15746.32606502018,0.0009658644543330533,-2.930701666706821
15778.026698273175,0.005680229051026425,-1.4137000004726052
15778.024433227674,0.005680229051026425,-1.4020504113777998
15778.014232198355,0.005996840806401919,-1.3489737776818727
15778.028064829612,0.0026022046947481903,-1.4851838417639496
15778.043682291305,7.978420353844766e-05,-1.6635303070608398
15778.032893468053,0.00043585720804323693,-2.0462500852233103
15777.988820281651,0.0008465934290060035,-2.217296436687222
15777.807921870619,0.015296249795640217,-3.034314469196067
15777.487891178389,0.013223431685024555,-2.6073994272643275
15777.00094373409,0.04150811067615184,-2.580094093733833
15776.645005004213,0.2605755226510105,2.4170684809049794
15779.530348051025,0.128077560222099,-2.850243454089274
15783.872404816775,0.7507780257307786,2.4309948589503367
15797.39320667248,0.8641853650568802,-2.8077854034934364
15816.599450700058,0.635327302133368,-0.3252791152656225
15853.711010223717,0.5541433493377557,-0.34887943215530814
15929.301345647435,0.9186411619346759,-2.950600836679805
15967.170945986742,0.8147935953570948,1.263087315009975
15967.176979172114,0.8188898264436136,1.4026946694426927
15967.183158837744,0.8243663165922797,1.5268850277093255
15967.216602212897,0.8353549590319108,1.6371021537082546
15967.246105512255,0.8717297372520509,1.635130031777063
15967.266097348729,0.9047424961849959,2.3710137536842737
15967.250701559777,0.9741379263222114,2.7271605683162736
15967.076148473658,0.9850253559354595,2.9342164007701887
15967.183656563773,0.7014697069120402,-1.936378041510712
15968.538412859987,0.2631459331428439,-2.948277715634732
15969.247664475452,0.22869872412512002,1.5987489431428212
15975.120246360095,0.4289716277633976,-0.9676557245124187
15981.339234411475,0.2080900029594647,2.7261313065011947
15995.390780167878,0.7358099939293635,-0.1564768861466228
16019.160711986076,0.007560276319608069,-2.8355762182155138
16057.19183293426,0.5072455353935902,-0.6589508134444375
16156.349598325567,0.11904791126205029,-2.6088156930566284
16204.26533766515,0.4660193095190665,-0.4446752121078652
16204.27568008528,0.4682009398203508,-0.48162875937094407
16204.291285838075,0.46845351416092984,-0.4282876319863269
16204.332568297761,0.46744337417612264,-0.35431960256020645
16204.410096149135,0.4723932632358557,-0.29669281718903306
16204.574502547091,0.47394324113216263,-0.33831022818858614
16204.862494198393,0.4497141713420683,-0.6740705469153654
16205.317377066473,0.3538189460223036,-1.8918303597048214
16205.659935913718,0.17842100197867455,-2.678467967441186
16205.621009346021,0.020432110419000955,-2.8254321158438738
16205.064961374937,0.16890676881643535,3.0207834134166527
16209.258318482858,0.991005011093979,2.450839061182613
16214.176480855796,0.26718199698137823,-1.5497371859151732
16226.905003296766,0.7205563449795269,1.0116200421981754
16255.689746146716,0.5306822798244292,-0.08464844572407193
16295.359886024717,0.2954510888022731,-1.497382486642273
16388.459887095934,0.395478936170567,-1.4003972378308251
16422.351066832103,0.16624516712072607,0.2951266974944602
16422.36494075532,0.16282253815768374,0.35258265668482913
16422.38604872107,0.17166624145175693,0.3651384631271366
16422.41124618173,0.16855541009127312,0.30601379892638736
16422.480645236785,0.18292901775116996,0.1830967533736798
16422.562596799435,0.18700355796301288,0.09373367949683864
16422.81097871169,0.18194984976367287,-0.2897776920950763
16423.234130008797,0.12408572323663913,-0.9755329378919546
16423.1832536611,4.537504762612771e-05,-2.99522543545778
16422.753052257653,0.15137949308234036,1.9990962557516294
16424.622935233852,0.9587793340696658,3.1038549387495626
16425.79029334147,0.00033621867657986277,-2.5407821592920716
16430.096886084073,0.7735334893682052,-1.0556228904893494
16447.030607305078,0.7710736078795838,1.253371883051873
16463.70538593672,0.6513187872178184,-0.4081480482495752
16507.9847810269,0.38078324999771224,-1.8744363397435682
16603.463258323427,0.35456501525097134,-0.4599384441356844
16639.643720107004,0.02536035045474953,-2.870317018106712
16639.64369148657,0.025801217453412132,-2.856213082963433
16639.650954731063,0.025886814519954275,-2.887722360397342
16639.656817269195,0.013166099674401537,-2.9004301388044937
16639.63092405393,0.01872377831530922,-2.7878925497195794
16639.602377751227,0.0047609315575084755,-2.783711439793055
16639.546226654733,0.021507377408123966,-2.81718535370278
16639.448273202404,0.08105998967100607,-3.036013906719886
16639.619504133476,0.21315417730061348,2.283188818442788
16640.848704923406,0.6625743751083213,2.8669906222870933
16642.153525113667,0.001648173617728432,-2.8648547094738515
16640.159402660796,0.05674461244362354,-3.1414982463994985
16644.350172382114,0.8103738905898834,-1.2161715617674687
16660.471250158393,0.18903611030200798,2.838064950923826
16676.641311380256,0.9825942596718158,3.0172537949275373
16705.104267354738,0.7324392953608841,-0.21955623673172475
16792.12838477719,0.9362848233073687,2.9503458350128717
16829.970292232945,0.08946111488096056,2.3873903298694366
16829.975091267723,0.09067160116904863,2.3709896336377714
16829.97389939395,0.08647914673129248,2.3843679666837527
16829.970561665836,0.10208139224289768,2.4484487687905014
16829.98379597056,0.09848118831183357,2.1985909073531094
16829.998998324056,0.1270588799429825,1.5045984724315797
16830.130593019738,0.22521102439739274,1.0231027962836494
16830.584764891315,0.39050099541115096,0.9860300285056924
16831.686717887715,0.5699022044015053,0.48569582284388213
16833.043958800266,0.9986041510335534,2.7481996056964064
16832.319294195586,0.9577144556802397,-2.8891708144455985
16836.27459153829,0.4659143921908206,0.469453680259027
16841.486579123386,0.8941710433588429,2.6839169164372088
16850.652647098173,0.08207415917915091,-2.6559205014537577
16862.835035627875,0.33243889854317954,0.41619634576036235
16897.679818196822,0.26162236130509253,1.0365373623930783
16990.06835026599,0.14938230396476845,3.091670665699792
17042.594002150807,0.6428776993710871,0.374436302709626
17042.617542582673,0.6391952657204605,0.2960571802227543
17042.636015411335,0.6481403663497661,0.2839996832924059
17042.683327450475,0.6680797523717207,0.3239966763844171
17042.755042808476,0.6485358554889645,0.20271948394644568
17042.88284130783,0.6710089998028368,-0.0039070871395128215
17043.166343242916,0.6553400227870703,-0.07426106464857618
17043.745140118153,0.6047067518591358,0.02714918980983727
17044.796801782733,0.7784370928582954,0.9615428483423845
17044.736010384113,0.8849681347074236,-2.6295583472257777
17046.545159750407,0.4655200130435902,-3.1363712228025964
17048.538830320886,0.014106383376732153,2.931072017351264
17059.469912316134,0.318617258428092,-0.2116188383603692
17073.658002716646,0.8352514521220444,-1.17068660127349
17096.5861920307,0.6238526264090386,-0.5368634008658022
17122.945405596103,0.9335454085434483,-2.576477016085157
17195.99375641789,0.5795709495584199,2.3034340120174424
17230.00760295428,0.01981934128440071,-2.815402471647099
17230.012032572315,0.013064807955963882,-2.7268561954923074
17229.995781814858,0.0059778625404819895,-2.6054499244612908
17229.978680379336,0.009299688282128168,-2.6648431535215096
17229.96048718679,0.0019983336554153536,-2.707191142518867
17229.944076523156,0.0023643417866298887,-2.4365070442441943
17229.910537604,0.006811035651118892,-3.012978888956048
17229.769573324793,0.013898442400098984,-3.071052879064786
17229.725537678165,0.16056482381655054,1.6715956884139525
17231.548472071714,0.2046749465286309,-1.2206003966138506
17232.293020623332,0.4122120105183768,0.7815136495940243
17236.271471226177,0.8347170636652737,3.073762671415735
17241.183333368077,0.09970946798604488,3.119315829140451
17252.064328821136,0.3972341956112951,0.6331961167398594
17272.603040135655,0.5986446806826651,0.5052993952565457
17316.84420776213,0.696999833336809,1.5226593870718972
17376.415450232806,0.6151768990205339,-2.2686624731705756
17409.116272425534,0.80673322950579,-0.15412051242753577
17409.121180459646,0.8006607178706984,-0.17343288794951972
17409.13924030465,0.8060474066191443,-0.05991047511339609
17409.159378448316,0.8115174681883638,-0.0801671904124528
17409.240048373387,0.7901388966105678,-0.0843562546654848
17409.34290195476,0.7467921951103558,-0.2861256661941405
17409.554007693252,0.7653550458368529,-0.6493737557477877
17410.064933667196,0.622319674443931,-0.4738145832231573
17411.162564386083,0.5305430565895437,-0.06159421890667183
17412.86959435676,0.06534311444872096,-2.440726130059106
17413.370089174296,0.392511662788498,0.4726984468699369
17417.02899846942,0.15711589610782972,2.4738173518007134
17424.39949435467,0.5431337526734865,0.10487979441531348
17433.536068995105,0.5153397332446318,0.6123232781630716
17460.810701486556,0.6313908345258089,0.4370242335822083
17498.91101807441,0.5960555439576121,2.5632038894107723
17563.849671653727,0.5905616638214152,-0.12487870542049917
17604.01137024897,0.9940282926366648,2.6766098603215536
17604.01850658857,0.9998874018305625,2.6978715070352965
17604.00652479313,0.9998874018305625,2.772458717615601
17604.008190878576,0.9998874018305625,2.895950545634947
17603.968218717007,0.9965946218367355,3.1182394470375865
17603.970326964303,0.946520390036209,-2.62601036652644
17603.95468699092,0.8838138443789538,-1.7916085732179017
17604.32027637153,0.7252996520748947,-0.8428005542185373
17605.509998909387,0.5641375126041223,-0.30875133876068084
17607.558664920187,0.09280310598248719,-1.7205771703768855
17606.660024158926,0.006984242352102042,-2.9044188396027626
17609.671242692337,0.42713236493538487,-1.3569697496609239
17620.283383068705,0.4521838032819117,-0.08957824591731534
17628.7202764415,0.06143060433127764,3.1116679957563598
17638.90621004969,0.293143008874655,2.095226378761792
17688.85609154329,0.3633897149233944,-0.05591667491992158
17773.937211109525,0.27028144628740375,2.9041257172022092
17815.280652898895,0.4280679086401634,-0.13015182972157024
17815.29068881753,0.4259842713254372,-0.0916002958872717
17815.302142317683,0.4398731475591073,-0.08454080540489173
17815.33105455134,0.45186961517152185,-0.12583421336488776
17815.399775969912,0.4491224918528012,-0.1624051217777489
17815.543896865496,0.4045980416831954,-0.387401996285599
17815.809479195683,0.38226141080066484,-0.34739595084322517
17816.394521727187,0.3328534512411269,0.5178071791132566
17817.568901258095,0.45422278472418837,0.12541544547276695
17818.93674875277,0.0017317098246657277,-2.690835425212317
17821.62337860575,0.7177309273435728,0.5986562870258001
17822.728889375558,0.1857226645395524,-1.9506776659936962
17826.86540392777,0.9960831505315845,2.623640348719494
17837.79577387468,0.5701088455176672,-0.18474546720698637
17852.868617404707,0.014060192534616753,-2.9204966486909467
17881.931642643365,0.5837591544274799,-0.030763208896096295
17976.04091717754,0.32656709595731814,-1.2273690304405305
18001.1061436859,0.9714290488406933,2.9043265333952064
18001.10541115672,0.9765916992126813,2.9594646073265274
18001.0992364081,0.9825121294749471,2.8578990182187827
18001.08425302081,0.9971137439435599,2.8263872713361486
18001.0743784832,0.9975622028427386,3.0795749675284885
18001.00863109248,0.9944038082700588,-2.9553437365907587
18000.945850877295,0.9483441815386527,-2.6574966304651
18000.943364758314,0.8766419472475806,-2.3806993105693595
18001.631681661747,0.6032959566098758,-0.829312981995268
18002.712667567383,0.028055188212554292,-2.6326125900228514
18001.697393733863,0.03935884257343746,2.7904509913664075
18009.027267945054,0.466440001453805,-0.8363409254981233
18009.90298691009,0.9936159023992108,-3.0432089573786394
18023.251797228542,0.28061743223338836,0.7867489906146679
18040.226325978936,0.010551205679295194,2.5811726608896652
18082.5536598019,0.9960188857931166,2.7667728487926153
18163.008750394605,0.9881669260648118,2.8039780039982514
18204.585862750748,0.12652213093252423,1.2143755884263925
18204.588367010154,0.1223387515457313,1.2196261447922065
18204.58613099044,0.13557703253554595,1.1007481870336289
18204.60753635256,0.1433632862216988,0.9683819976829815
18204.638271998952,0.14466661292750702,0.9292596683922492
18204.73051761917,0.2269484120707503,0.9107574753326828
18204.901850839622,0.2547353766539011,0.8742549167557092
18205.36473743541,0.3622486440123815,1.4532235287558795
18206.29839137798,0.6048741983549508,1.2310334136080536
18206.917711621616,0.9957843022737609,3.048897650989783
18208.147161404686,0.25778257275989636,-2.6674923670802824
18209.757582980983,0.05520030391780094,-2.746704936226966
18216.3312747252,0.5533555633722502,0.3276878936051135
18226.840262323843,0.2036264356920202,1.4899308783056409
18253.363804455505,0.9538823812251683,2.2646076290239048
18288.22257626101,0.773937890035125,0.5844550162258444
18364.2934681826,0.04097620714377194,-3.074906148763313
18403.21942114554,0.47149834684279857,-1.6667306693383666
18403.216047466256,0.4647705464666301,-1.696019462087014
18403.224621524612,0.4652762838674289,-1.740000910153533
18403.243841976924,0.46192789516506605,-1.9434414960205648
18403.27779634307,0.40811834822926235,-1.9461936947725773
18403.367359123753,0.3619261445649329,-1.6788807361136964
18403.560941060816,0.2644451911965654,-2.0302011577708736
18403.720750234435,0.1368117649390238,-2.5644552555062674
18403.806544678053,0.09120296598379664,-2.8317751891694005
18403.605162494317,0.004976418382638697,-3.0788803036311068
18405.239188652966,0.9285147578670492,3.0709294655684483
18407.022251665407,0.14764733360954338,2.7652377001543496
18413.344930821026,0.8677118757870311,2.2683844075521886
18411.47152337494,0.14936470807626978,2.264095380635572
18430.31860443708,0.964999762082107,-3.12909279574715
18461.583316219498,0.9830621195511738,2.677147643662267
18536.774266945704,0.9863770462353189,2.7175234314011885
18565.433535711083,0.008071013745684526,3.058190974337542
18565.4371001928,0.010998712097814306,3.075431295106819
18565.43889303534,0.0025765420877104737,3.046007165281633
18565.425779845962,0.00694054315631655,3.0479548565567605
18565.4047669966,0.027351350269540112,2.894913456375539
18565.365287306886,0.05915754440719736,2.9193291370665726
18565.335140209027,0.08035373361620261,2.7749439421598403
18565.43754080394,0.19886692585084717,2.344453574388517
18565.9875596718,0.5358085541718984,2.1001299847297155
18567.027320734433,0.8234485306768072,2.9568184067678835
18568.55419240164,0.42013083392452644,-2.2197085334788
18569.772212619016,0.0018815299453123775,-2.706724028592373
18575.125498130452,0.4141500949905156,2.4125546841256718
18578.893515943488,0.01909271624971273,3.11793968245585
18589.562643083853,0.6864344650775446,-2.247235731417678
18629.894214842512,0.06006911999215899,-2.933884885767226
18718.255497118003,0.36263913696724653,0.3018508879701036
18756.008239836665,0.971278375500159,3.0193410313459257
18756.010749312834,0.9778749938334985,3.059968720690991
18756.00819815017,0.9787891017224046,3.1355195257015787
18756.008954956065,0.9833132055648415,-3.135310477921581
18755.982483073385,0.9872145114365111,-3.080466007304673
18755.931856034375,0.9588184006679794,-2.8635626634810727
18755.872655048992,0.9569946552521971,3.043045254241167
18755.711080276174,0.9540175359928023,-2.9967076855272943
18755.857352662344,0.7836914772844119,-2.202309977979165
18757.062397155303,0.21297975496302704,-3.126576422876221
18759.186804470144,0.641834450606303,2.925473394629627
18762.962093374284,0.8921225353186327,-2.6759192762384307
18769.89040027282,0.006678689002474127,-2.975833785033193
18777.91591829027,0.008006471291649872,-2.7580987470485523
18800.859788882062,0.3552425039031011,0.4145930979186119
18834.299980634165,0.9996093431634643,2.2885894053001694
18921.208170455964,0.3025425084419696,1.3098787179401548
18957.158190913644,0.002219409827691334,-2.8343447069218244
18957.160113600865,0.0005666586994165025,-2.8583392399935774
18957.143563203692,0.0005666586994165025,-2.8957236444697845
18957.12874613003,0.0005666586994165025,-2.9072261986972925
18957.120299155933,0.005893239926093939,-2.785284473615764
18957.06966822128,0.005916284469123616,-2.8799372005274217
18957.02512164397,0.03367542205549728,3.138519594943224
18956.829299549452,0.0194511680686899,3.1157832365707527
18956.814888656103,0.12459340379456255,2.647395363862783
18958.12614233193,0.7309185510472531,2.1483111638143333
18957.222616732382,0.9611692432151211,2.956311039745583
18963.209353447637,0.9352780164208156,1.9815908461619127
18969.24352876551,0.48976330652421923,1.6076404774605573
18979.86911896568,0.2221742782035806,-2.266257166178434
18997.394322414173,0.023732537397661013,-2.9278702154408243
19037.803300975742,0.6251516615691465,0.6771310320332957
19141.748309942435,0.04608336515530412,-2.947983536012471
19160.4749596926,0.5156131288808188,0.320732127964793
19160.484079496327,0.5150812372939342,0.3296883842955536
19160.504455781364,0.5168917193541667,0.38136949794876607
19160.518136926366,0.5178393764217426,0.30279302533672325
19160.574652825875,0.5389736165123795,0.48653584622443624
19160.712709625954,0.5717361120060607,0.45763156481414446
19161.05231055567,0.5820358755246166,0.07378101315558716
19161.564924822458,0.6695119104883295,-0.11530478521150744
19162.720298979908,0.6377498957248319,0.3868672307873986
19163.01232727708,0.9598128494352519,2.7833933397105923
19162.579275127217,0.7212682067361246,-1.1114949711201465
19168.102748644655,0.6885051335335255,-2.6060837292164867
19174.360654984102,0.09242257151321356,-0.9522086053997869
19179.73250289994,0.13256092701213282,1.7170260408233506
19200.58646707744,0.821147562090681,2.029407265964587
19244.12110343217,0.43400227383641815,0.5112372629101247
19313.271921153715,0.2676270681740295,-2.450377024086578
19342.450198784336,0.7941643885906828,3.0806938405421027
19342.456320146914,0.7957777272450817,3.0715257949918087
19342.448352696698,0.7979723392924176,-3.1381214591128224
19342.468394201376,0.8127862579284901,-3.042402058637592
19342.492007863624,0.8310670090196749,-2.8343754226088507
19342.532568291725,0.8510892537421405,-3.125017280547212
19342.552018979055,0.813528485862155,3.0271002462058965
19342.76268122687,0.8128771009182033,-3.1298368245544044
19342.89178634494,0.9663546033924553,2.8147287597268047
19342.51068143908,0.8408947793658664,-2.375681086624912
19346.954039512355,0.6210750625302327,1.0987129617829652
19349.0240425502,0.02296009749318675,-2.7362128914702444
19355.611826612836,0.24646682408578247,2.7123586168582143
19372.20531358192,0.14738229070035133,-2.369991335086585
19392.65263358768,0.0023613369150201425,-2.995145194133022
19438.60179651791,0.981782080445937,-2.5143478864352735
19544.552130037722,0.7357587477241232,1.356812423258372
19603.161213414012,0.8469606508935194,2.908373014473531
19603.16899100384,0.8441631708841011,2.92071177947774
19603.17139343896,0.8496113651939784,2.779807184615489
19603.170381357155,0.8784919875970567,2.8146138803913594
19603.1486023797,0.873663070751833,2.9141654617023303
19603.138850101317,0.8761442699249239,2.9048137728033865
19603.15331163686,0.8872234009805153,3.0194619903961843
19603.159880908213,0.9067935493130098,3.0029998599671544
19603.135224200603,0.9004540721392125,-2.3483329412943186
19604.78059825432,0.6075853707228174,-0.19273958491596366
19607.73223839139,0.004193156924182691,-3.0573227198601485
19609.16969076031,0.6432248952059925,0.5898138049675854
19613.05855256083,0.7079241513920108,1.6497672993491417
19620.70212388407,0.6972581572051461,-1.8693213753199323
19642.439988324975,0.9413028149356916,-3.0865285804916
19672.894514343177,0.05693684278558713,-2.4888091444596414
19740.414959125726,0.007946307238322932,-3.1260805407792067
19772.275854471984,0.9983748951781877,2.672930462737116
19772.278115050503,0.9983748951781877,2.69335843016293
19772.27329493259,0.9983748951781877,2.7028320490625717
19772.266593235756,0.9834013931877594,2.7030937756036906
19772.2443760644,0.9883765169846356,2.872192626567255
19772.202553435258,0.9973306765034918,2.7481909499663857
19772.129711444508,0.9687972832997093,2.735530197239026
19772.029058014312,0.9613656173036034,3.0468209259347
19771.969214876608,0.9126081674662665,-3.0007283571570356
19772.891097432406,0.611097355776367,-0.36133782632632316
19777.474482224672,0.46651635302662137,0.4921807545712693
19781.387280647396,0.948384067522604,-2.346966523463593
19787.137927482458,0.0007035212212081363,-2.357302674689319
19792.795868891822,0.1705580711526433,-2.5990375902711507
19802.42541793835,0.91085527269222,-3.132718542089654
19839.519608151444,0.9976321856905814,2.650678956697126
19918.985688964003,0.007624004637466597,-2.2033217374766356
19952.694605895846,0.7063177941165715,-2.698944316056537
19952.69393543993,0.7068644304123701,-2.638539492729341
19952.694969112155,0.705306899899189,-2.4972319459971115
19952.70637883025,0.6862385365897186,-2.574081959571557
19952.7305041166,0.6661309637210524,-2.540438254851852
19952.790361563075,0.6536092596747535,-2.6430369020079123
19952.97573482892,0.5545846272146692,-2.3789544713247874
19953.316762365972,0.4915268447080358,-2.8060172784385506
19953.837729616782,0.4795747226163797,-2.8833361135022235
19954.645598968556,0.20680377677090353,3.0931520911675072
19953.93796309048,0.019932015108888076,3.0927835071706236
19952.15958111009,0.06573308462814012,-3.053747586703107
19956.641995766702,0.7440592302303555,2.0520791741106272
19969.858113280356,0.019589610362258272,-2.8044977706683993
19993.11965529694,0.06849969109802194,2.940349019658208
20038.560015728573,0.9870919614571544,2.950116120825614
20129.916075634654,0.9974652017968678,2.794466970062344
20158.321803852745,0.9688154863398255,2.966973633837087
20158.32298861407,0.9636227676147978,2.973901173170608
20158.319444495402,0.9664575468262423,2.991641621794039
20158.314886330554,0.9710847334582471,2.910759528095329
20158.287137536598,0.9920902179833334,2.6223503170141367
20158.253933217395,0.9803365903970949,3.0771762381995096
20158.166285883985,0.9907931576855351,2.839428102961776
20158.019114290284,0.9730968171491239,2.8493174316947094
20157.761029060563,0.9790237271602575,-2.8809795293607325
20158.243592083672,0.6272822594431433,-1.7542510776765856
20159.009778451455,0.015205064887755452,3.0760817885451264
20161.07347264954,0.984212329726405,2.459860743521112
20170.23777903214,0.7372861698025005,1.1611560984501246
20181.737978375182,0.9637658259865457,2.7399488330747817
20187.669347576168,0.03923782325342868,2.8009421970296318
20227.827979116086,0.7841912313089602,-0.5752721116733532
20309.076982794388,0.021844769890160806,-3.0177468984463096
20349.267741208394,0.760946509532334,-1.1009981717422281
20349.27437024593,0.7584001659201725,-1.1408312667951663
20349.29118273528,0.7498579032112047,-1.1934666311187692
20349.327232810574,0.7603636406370619,-1.051479104897246
20349.396864765225,0.7410733979424331,-1.0028115374156918
20349.507117359542,0.7131503812568465,-0.6857781447539839
20349.715399689507,0.6610189501429619,-0.765377882479763
20350.262169805235,0.5664788005577026,-0.5470640543761371
20351.39728076441,0.48896166048751427,-0.005238625916417217
20353.733691071164,0.45088170733679905,0.15428530995926026
20357.382601807993,0.024297583556539704,-2.4368223367140454
20359.05877822325,0.8330864484569106,-1.4646371016401534
20367.357582635625,0.9824023673960078,3.0045427592946963
20378.23184119899,0.0006608472440543859,-2.905078456494761
20398.88388764046,0.23880484842405125,2.1196784997116263
20444.06671558418,0.20059451175429727,1.2201171481963495
20536.53334637582,0.9927265773665218,2.508650531938189
20575.005363518772,0.9770947538141095,2.374063410110626
20574.995967990522,0.9883126308648402,2.3871933664513563
20574.999402239457,0.9953801771288874,2.34548498680664
20574.9923333773,0.988925388879625,2.4752428839797194
20574.985559897836,0.9990041671401332,2.7179440397189127
20574.970607258423,0.9935844671724997,2.6938652985812936
20574.886110351912,0.991736161535747,2.5942887669340022
20574.771945599787,0.9829761313360985,-2.9536054337089537
20574.78872854227,0.7968284252572878,-2.7446236792689755
20576.07025676595,0.23959427476977838,-1.8321287069647365
20576.60487063949,0.3271837528310048,0.544068420669825
20581.89723952628,0.9958195568327772,3.0157613490917266
20583.800269089763,0.3934528263604015,0.9701293283598815
20593.937005484706,0.11151312603997303,-2.110616108269567
20608.978033992986,0.5860144553241451,0.017282176410612582
20648.844752350506,0.8826644562692116,-2.922846918946739
20722.676299343075,0.039539312068718774,-2.551769550586411
20768.688120353574,0.518926102965038,-0.07429669747039913
20768.701840255468,0.5228593928774083,-0.20229184916870935
20768.723684585508,0.5185349720168084,-0.09873683866912453
20768.74838430354,0.5194799359241953,-0.09183803453270967
20768.830704563807,0.5029383947310669,0.04621521699106612
20768.990364814486,0.5240388892095402,0.1004443956224681
20769.294370012398,0.5093535604736649,0.0652098086496049
20769.80826790722,0.4520298920489167,-0.7736927311368196
20770.715814953994,0.16127515871235232,-1.4934430333961726
20770.438721358958,0.018099957611555716,2.9354884116790974
20772.254853631395,0.5747083923867028,0.6571919814510752
20776.090978877997,0.12322288860177556,-1.5875697949244107
20777.92996594479,0.06588968253274839,2.9801510999881593
20793.09902943493,0.011409961245459269,-2.618630554405489
20805.036952000733,0.4807959281699359,2.1298063765980118
20856.51632093766,0.06844898101312773,-2.4596704836631256
20933.150956997157,0.4563173692216951,-0.29702342743419097
20966.727728793023,0.8153455598206816,1.8445405011117924
20966.731424389196,0.8121443154591098,1.930717522939661
20966.734960312362,0.8022727796111124,1.9885448312571183
20966.750909964674,0.7894734551664914,2.0161999409318287
20966.78019266571,0.7979999730565615,1.921235362982669
20966.82157936423,0.8280825522391533,2.1135172695163877
20966.852576974434,0.8734020678394296,2.4496470710535423
20966.70598386059,0.9976040305876199,2.5036890431628542
20966.39676227518,0.9776972099100695,-2.9854921550485307
20967.24380189731,0.8706725075643057,0.07015124321413335
20967.24398808279,0.8557610494582912,-1.2927086121130764
20971.021636906426,0.6399798982278793,2.218983562066663
20973.73665454054,0.9999555791834951,2.556398991903989
20978.435038715757,0.7961179130425579,-1.9834171256726296
21005.043379137896,0.6570058231403108,0.13481097885368598
21032.789097177458,0.31709288683372294,-2.3332741305701155
21126.027625342405,0.42217441861661475,-0.22082891536328209
21164.89290899743,0.7894303358031377,-2.8167250118166725
21164.89589804542,0.7914274730820073,-2.7806324833482523
21164.898172693534,0.7878639807055551,-2.777653211264206
21164.901648931096,0.7874574195124935,-2.7625925150027095
21164.90591755226,0.7890151401245918,-2.9192379221391893
21164.968909089454,0.7753799969221228,-2.8926514613656815
21165.068628537538,0.7372242949507632,-2.8517646219972326
21165.355075935477,0.6541846422102585,-2.390653299269345
21166.00436305969,0.47899818312759956,-2.5942175574827893
21167.07503099715,0.2269099695997826,-2.324861937054576
21168.76088888719,0.7509164793446389,1.4418950706384246
21171.030594185937,0.12842645248099627,-2.8602636037480402
21173.100646537416,0.40317662889802863,-2.201569365043068
21182.954727438573,0.29230989887847625,2.9093579704757566
21200.453627465755,0.20410450543784467,3.067957827721468
21246.00492586491,0.9906639388939414,2.8760274993048007
21331.783866743477,0.9843269913682315,2.918541519290047
21376.746401927085,0.019602995425558753,2.6715356655256794
21376.7430896974,0.0200325694167126,2.6895844002521905
21376.736046984144,0.025408733008286104,2.639118752848063
21376.741022296574,0.025344715751472742,2.6236355315835613
21376.7269009153,0.030065502584876315,2.8455265222646577
21376.708081967845,0.09052732187553147,2.5881174367880977
21376.679874013946,0.129288846605588,2.210801913663941
21376.971021176974,0.2646636388209948,1.5374348409694898
21377.857791493596,0.6486536634104858,1.5097754717793261
21378.180668584006,0.924433363413058,3.0111950972264223
21379.485957362238,0.009721937545248943,3.124192508320019
21383.16925927389,0.5334440040721544,-0.16651846269281378
21390.147559697743,0.3253591402421499,-0.5355693768045531
21404.707981719464,0.4917595440563686,-2.9204787660510947
21418.89476809352,0.12066102023004202,2.856457572866468
21455.968548850688,0.6658057072334963,-0.06979232579706185
21531.179929579688,0.4669138017831489,0.039308213389389834
21563.302315171288,0.9954734205348648,-3.072143425072119
21563.301197856745,0.9900238461116165,-3.003009494890824
21563.293117223737,0.9874270094440255,-2.9627067090036254
21563.288980534246,0.9877084944133954,-2.869976473906905
21563.29001625741,0.9922798929927882,-2.7823954687419072
21563.284616359957,0.9662024172756899,-2.4494864964414758
21563.27758922115,0.8436597960970421,-1.372102751165968
21563.567938748623,0.7141501360604181,-0.5431482830551735
21564.605892817755,0.6884378551604319,0.2224354453120263
21565.079336785904,0.9984628236635567,2.7834650425491594
21565.25898219059,0.593972431294393,-0.9855680409591399
21567.581561567105,0.9860010318866008,2.940067229331275
21572.722507799124,0.1561562299601104,-2.490542496695903
21578.943684617065,0.7344044914486371,0.9914909232554301
21597.11677087561,0.3117888929044038,-1.9593870647852498
21636.536553198905,0.06572111662745947,3.0353229482523787
21723.15512633477,0.41434055661652985,0.46810759015662917
21755.166072409065,0.3821283558848069,-3.026139377802468
21755.16572319582,0.39212967967928386,-2.9803351183097044
21755.171025378826,0.3925685527199813,-3.00287245059443
21755.202324836122,0.375970394930193,-3.048719728601033
21755.22524384376,0.3680073047345889,-2.946070420765931
21755.3018625362,0.3823226024945972,-2.928312922719014
21755.44442770766,0.3550593202036129,-2.7835346146329716
21755.642914669985,0.2519048437791499,-2.7357611830541106
21755.946761008505,0.15302070064811285,-2.764854370113002
21755.772090424387,0.027126109102806467,2.858493017294311
21758.296480182602,0.7268869710148602,1.3599305893164502
21761.996483332623,0.6056566573185095,-0.6733450131748202
21767.702035321425,0.8791066140097632,2.5396607937634883
21773.01034133751,0.033602721905968164,-2.943305603525579
21786.46334903748,0.3001469553584883,2.596918210554283
21824.4151009598,0.9827155366806589,-2.9982386021092604
21897.440148175625,0.6630448656544701,-3.07806477407715
21935.840938157664,0.5901103766266828,-0.17192795221697255
21935.85092315485,0.5843235556423634,-0.19052099520317567
21935.863005297757,0.5969847967157105,-0.11941037120776965
21935.9045204192,0.5996044283852279,0.0014696750450036156
21935.99327619432,0.5867040947368559,-0.26001423690410075
21936.185448477467,0.5665105849971376,-0.12483074221595425
21936.4752393298,0.5733081060134861,-0.324332394552302
21937.099552437936,0.5053586393388635,-0.3976950475285004
21938.27876143606,0.4804634158206034,-0.616730781287623
21939.411935666034,0.00029785225325355304,-2.524504893487462
21941.072630429473,0.6631161059600911,1.029526772592547
21943.22268707122,0.13257877746779512,2.2104938286673432
21953.088070428963,0.9602357734718059,2.9945878984858014
21961.92678174308,0.014975972508186264,-2.7347507951065397
21976.436585741012,0.46393845698822805,0.8559605091886802
22021.762717340815,0.986261267824974,3.046935649524201
22107.039018930987,0.2627909336460466,1.91306023785976
22141.022968273963,0.7011783520842215,-0.06710482852783395
22141.035209987574,0.6994028169261197,-0.06274579749017306
22141.056902663473,0.688529552965153,0.046698930797930416
22141.092650834977,0.6970846455362395,0.04393895699637618
22141.162381697446,0.7041857488089244,0.097217434281331
22141.290675648237,0.7346241120420592,0.27965941507395975
22141.48306749973,0.7750904510065676,1.1478734950337621
22141.749285523507,0.8954896446750689,2.477993062966096
22141.700878575888,0.9994647679416199,2.5611995562700764
22141.1261691415,0.9974099036437625,2.913548814768144
22143.224917468626,0.3902763439974516,-1.701005357041318
22146.43795241713,0.8596534211384005,2.854460702220722
22151.74509766796,0.01184868209825994,-2.6123162138732043
22156.801326725887,0.11186926231547355,2.9659329601682707
22174.209870107723,0.8862035692877477,-2.732222683302555
22225.090062646013,0.7105726595720534,-0.4748786456150138
22311.024682015086,0.2725827808533356,-2.984627725038759
22354.452478103805,0.3988448614324154,-0.08485382542721887
22354.46340847199,0.3989244787191569,-0.07684773147651036
22354.487847880933,0.39147831720409054,-0.0670237596562746
22354.54267976208,0.3860572862434211,-0.019008918500867278
22354.624793377003,0.4212795322358863,-0.09894813745336428
22354.768151841243,0.4168341039815541,0.16809146880916703
22355.09709447332,0.40937520932066424,-0.17865128619254156
22355.66867421048,0.38175713569296066,-0.7623459322138557
22356.28649217039,0.1869353787378396,-2.834910959514675
22356.74980878415,0.1396880973910186,3.1074934361688094
22356.83875448312,0.1300773177420871,2.7460986486267975
22358.923613437975,0.6771918886534222,-0.6040069650612825
22365.325503185442,0.21066836384056983,1.5572413414126123
22383.93024646198,0.47524895262763645,-0.19419382219768355
22404.968234598808,0.03871946353258174,-2.9141852435219584
22438.92178372664,0.8438680685188604,-1.9297967549833837
22508.105206659267,0.009800978870821393,-2.909011297182583
22534.44125101449,0.8216165725117162,-1.3102664644785904
22534.441067997028,0.8230594387034567,-1.3560313234768593
22534.45834846503,0.8256165087651548,-1.2419406776758868
22534.47971721438,0.813405542655583,-1.282845556432656
22534.532301364132,0.7874209330697377,-0.9234530666593286
22534.649229976214,0.7415490006045274,-0.6487617646677335
22534.890109782613,0.653590187509664,-0.5967014237141375
22535.42947010551,0.6068911678638013,-0.32992623480537775
22536.574623450528,0.5865051252322916,-0.20003595275601693
22538.937873711082,0.514784379529954,-0.1355454232366693
22540.379501687246,0.018788272953947534,-2.7433848909151823
22541.198348248883,0.9869127719866616,3.0297592921755516
22545.085015283345,0.024458590810194997,-2.7698252881132
22556.574235655647,0.23594362281634013,-1.2802180805826142
22578.224658302028,0.12630841895691922,2.0601510100142164
22630.562332287,0.12215230336651148,2.834447607767574
22696.895731836532,0.001769542054545564,-2.747280210416363
22730.651823498192,0.08653168328906052,2.941039519704649
22730.65290414495,0.08354053790710785,2.919416187134555
22730.649278321765,0.0883387710299795,2.93509020560077
22730.649919517607,0.08098541141011557,2.949930197806781
22730.64372541512,0.08935232086919946,2.7662771830267765
22730.638988305665,0.12202379376486755,2.6556293277215817
22730.700016909428,0.13975356411804002,2.6818582892958673
22730.92362835247,0.2977620448848601,1.8421952776050858
22731.72754040271,0.6369148737287784,1.4381419866360643
22732.010372456152,0.9577065400402257,3.008213237750965
22734.411185737757,0.1000830300039457,-2.408141044419606
22732.831609255205,0.10540105868712493,2.2913331038039484
22739.624075729636,0.5795571913079305,0.04867497470750415
22747.42155270908,0.7964927590137867,-2.845924669188461
22767.463243618287,0.4624097396001347,0.27818855580144675
22800.296866041503,0.4390144652085335,-0.16360996466563726
22896.201627779454,0.9861352767511881,3.047447609026687
22925.89090355338,0.9844733233217466,3.075550839513692
22925.895408770255,0.9849005028132711,3.0914540565152135
22925.886253094144,0.9853696934387575,-3.141563718880075
22925.868147813708,0.988221621393344,3.120760223361173
22925.861256064338,0.9658238592017927,3.0121511931554243
22925.861015120976,0.9626158421031489,2.8891959627121135
22925.81948192138,0.9494069523736781,2.9688392554970022
22925.720286914064,0.9425794408761916,-2.6844501442559072
22926.10690129098,0.6826618744123758,-0.9712545552746743
22928.071138794287,0.13678327851431424,-1.796604237523842
22927.25820121369,0.00046802539204105886,-2.8807993997297037
22929.619584861222,0.8097701455595454,-0.12076826541242625
22937.77926224843,0.1959743108316228,3.132314028992809
22953.63457106922,0.912210509767312,3.0592765511136664
22973.3272214364,0.2373375513061748,-0.14615648949762106
22995.182511434243,0.700901888567888,-0.7475949393151335
23066.012101541022,0.33671279257117936,0.49200496934889726
23105.023821222778,0.740036817980635,-0.9692874052462903
23105.033568719122,0.7370809432001613,-0.9243925245779474
23105.04587165008,0.7298781785757759,-0.9499563390202788
23105.07529798865,0.7330900427759625,-0.8413387394166656
23105.135163278417,0.7288483070644034,-0.8324750536399086
23105.247629604215,0.7098613978718039,-0.8407978746862792
23105.568410493815,0.6560509852679264,-0.7937478393319815
23106.145228338755,0.5316300687143906,-0.7584126754235578
23106.90185471748,0.20033032550096266,-2.1959111839619405
23107.2756657218,0.20751378827505657,-3.1153008141929854
23109.2068166809,0.5631042291492174,-3.0991348934533636
23109.233967317476,0.9102399768840216,3.052930175629742
23114.498584435576,0.031517324371168304,-3.11720174316628
23128.173747950557,0.25296782881948554,-0.7221870306810905
23152.50049803117,0.0024288224651157183,-2.1517903069748407
23202.392478643924,0.8787435514926533,-2.498868981329815
23282.131073197204,0.2523049716546036,-2.455061014556843
23309.58432402679,0.9803527855717593,2.9306563856121457
23309.57911137615,0.9810254160914496,2.948879943895337
23309.58781256895,0.9716272830306579,2.9408176727777118
23309.59755530354,0.977288936379527,3.034001758393309
23309.562906353643,0.9605458699441567,2.815641034151737
23309.539595591075,0.9745244874139707,2.9149627914652125
23309.498605470406,0.9673034524246578,-3.0174791113039023
23309.401052481706,0.9376877572694495,3.0768246389103684
23309.301257615643,0.9746532001252586,-2.849368703184985
23310.270003862242,0.6360661845928139,-0.2232774363193717
23311.304721875462,0.9940722416910979,3.1260349825949234
23309.34520150068,0.8264711348259375,-0.9200076801123411
23323.90430455145,0.987157507275449,2.925210147172832
23329.566894064457,0.984973421111367,2.7236065162352903
23352.5875890167,0.994311932269006,-3.027210305357798
23389.600313720657,0.00481979097943077,-2.850419411270482
23465.32900061558,0.9869859128380408,2.922588369645382
23507.778326751297,0.9605120492087302,2.185497696153532
23507.773849948277,0.9619045898524379,2.162100979291912
23507.77840223901,0.9635570403517307,2.2084383417816866
23507.771748560288,0.9706719411610449,2.201905326744371
23507.7785641825,0.9733756232828258,2.2570573805777574
23507.751235708474,0.995606769541807,2.6648237865748694
23507.711956861465,0.9893319859402043,2.5537751735143654
23507.5712260263,0.9944492832348909,2.77727197594517
23507.487160951583,0.8459233736754932,-2.5843505003700575
23507.92007834903,0.8368069462046555,2.8898841009596303
23510.041517147445,0.03905089646472916,-2.937095337099968
23512.17324325429,0.6084911953277541,-2.3354015735313505
23516.503297007737,0.45380074695244305,-1.0289761241466815
23530.829765438888,0.5104900488197316,-0.40598062687358905
23551.790611963395,0.8457345075713606,-2.664538100120628
23594.263607189056,0.9510243338652389,2.84830829204902
23681.1089752519,0.36651357827090214,2.223789150542128
23709.982930181523,0.16139057278136743,-3.0734803434100204
23709.977593324023,0.15436017956781792,-3.0730255408435667
23709.98293602754,0.143678579090841,3.121470293745957
23709.970857143886,0.15524387763920172,3.075677484008149
23709.975214434635,0.15783055024384787,2.805879528122385
23710.00250446918,0.19366138102179573,3.0726163649559135
23710.039890254844,0.22585052585680865,3.050041481891994
23710.206789982167,0.23947517723680437,-2.873631013383523
23710.536473883974,0.1442765630139088,-2.758122643081313
23710.3649851664,0.0038765179054093624,-2.7861830165780734
23709.650738586064,0.1759894441205914,1.6866392842429594
23710.918854169602,0.9668620702546421,-2.5133145257049425
23714.198225578748,0.9867767046423959,-2.909079423497614
23719.291117546112,0.0004360569438597796,-2.7709692811703346
23743.28236948925,0.0025171598520752226,-2.391516053728135
23778.247854935114,0.9998546559936268,2.954533800367267
23857.91746464807,0.9510256368754647,2.4846811841140557
23892.57772041961,0.9019396041607812,0.6111532015188517
23892.589377803943,0.9063047665437077,0.6911478019690516
23892.59703806723,0.912190501240767,0.662292368411098
23892.62057033135,0.9097637806716843,0.5988704388505677
23892.668575627205,0.9086247326063723,0.720630751015229
23892.74172039371,0.9301034761827648,0.6090034902415713
23892.793089504758,0.998927726607856,1.04544207878069
23892.78394161909,0.9981376337038363,2.138671278961713
23892.601945515235,0.9692376194531181,2.641302580989107
23892.316391452805,0.9881376072787884,-3.11741207580609
23892.763186324097,0.593925083905658,-0.7745126358821848
23896.775984818792,0.8747388415089687,-1.7579305430509797
23902.115698647387,0.2693623723579932,2.6160342258690577
23916.119922513535,0.550479571930369,-0.5020606770097693
23935.665170607794,0.4888438964665134,1.7813216112012062
23978.979192242794,0.013751461576733487,-2.7526404279987426
24058.30948731372,0.018981187834576738,-3.013275068551691
24085.360307400933,0.4702730820918791,0.7022555561566399
24085.37221735536,0.4732759964932554,0.7762897973302891
24085.387927763986,0.48157479975828066,0.7865676466710605
24085.3961219943,0.49212238210482234,0.7457262342896138
24085.4553646808,0.5008815234613355,0.9472200208353287
24085.62168724793,0.4892085153302555,0.7119748873221576
24085.92946073993,0.5049594340290702,0.5263125042045949
24086.513356433792,0.5790101536864891,0.8344726633033606
24087.146210727744,0.8930042073443258,2.4541119663618733
24086.77530728451,0.9503174399555967,-2.9284413113428154
24088.672469340643,0.1301306965222882,2.876901285133984
24091.36089643523,0.9011523814321318,-3.1363627288815663
24095.24800791199,0.9159721294531835,2.5723643714361746
24105.96579748415,0.9774251762176667,2.857996327651944
24135.324614708,0.7748665297761449,0.8126024734974959
24187.84544441681,0.0018874884867614771,-2.751503711680119
24287.803699830256,0.9452898195517953,-2.8825842683502367
24312.387362634414,0.9850812915975486,2.750377378065081
24312.384668658357,0.9916780076492775,2.7125978480082296
24312.38326790046,0.9897823307134441,2.761528116932567
24312.38091630928,0.9942782175438359,2.8008182111825795
24312.33624988067,0.9908583705243791,2.8281639032835173
24312.31370242296,0.9953594807645595,2.847152874543479
24312.26619245396,0.9585679473351678,-3.128353258749496
24312.123240512843,0.9620879555689402,2.778879458063976
24311.91216915588,0.9903837259263729,3.0783299743165795
24311.832212209934,0.8185811010557644,-0.6743596452119043
24316.015503647555,0.10166981776877201,-1.0466651661474615
24315.17072099328,0.3274505470865779,0.6354203456816387
24324.39559166206,0.983980421608032,2.1915563443843293
24331.473573179712,0.7259231456950288,-0.596576354420209
24364.379065903406,0.48462274423984747,1.4850919790642596
24402.500307500803,0.5006214386822337,2.683913386778519
24490.910586880113,0.3866144482299786,-0.43023779483103564
24521.286321296047,0.16542375810836152,-2.905772718836783
24521.28871053891,0.16245624536599884,-2.7622072312890276
24521.30234193676,0.16482109530245787,-2.766426590988698
24521.30389434126,0.16328090865249897,-2.680519101765343
24521.329436132342,0.15237686176378454,-2.735424455748071
24521.349974300676,0.15086048019742873,-2.9680386410146475
24521.374711256063,0.08853670715742716,-2.9030443135447404
24521.350230110445,0.118929075900228,-2.8190057614400486
24521.36474059961,0.17635211147326993,2.027431918269804
24522.67311637448,0.708333684237293,2.6966475963769065
24522.871822530502,0.9443132725687501,2.64276350280881
24521.147678441608,0.985772919877094,3.0366878022730495
24524.07711842082,0.9135512993931334,-2.7715706770513364
24537.027785755356,0.6870250617439925,2.608839339364269
24554.298757145218,0.4777535999506199,-0.03211194317332122
24598.978714354464,0.6549631619363084,-0.7029441288395541
24697.343823811636,0.8292032765924991,2.0232075045112543
24733.81178542171,0.6958473805632716,-0.3065995361369853
24733.81632424356,0.696507135465825,-0.30262373243868
24733.83065533493,0.6956863191227345,-0.3933903230279556
24733.863464480804,0.6890235060764963,-0.38441143119913823
24733.92510155944,0.6792771373280533,-0.05190122425582233
24734.06136254986,0.6323217221478555,0.03482306860814388
24734.305454130703,0.6048841601005513,-0.5130265533225344
24734.869719850085,0.5779762146881681,0.39281431771205266
24736.020857739673,0.4677973573808004,-0.6206636988882201
24736.797448470785,0.015988089926287922,-2.9350600606659842
24736.1503248394,0.043976642691470086,2.5866133388915706
24740.43880058508,0.659819875664728,2.9288414461024406
24746.64883514467,0.12383493550313586,-2.9664453098521886
24756.26306061235,0.655991939897387,0.328182100592449
24778.20972947334,0.8137764058252703,1.2132633429912039
24823.6534646423,0.9178132047254884,2.962354380669412
24916.220689020578,0.9947235093479623,2.7572874507725205
24941.930284034504,0.9222101788682842,-2.492103466344665
24941.926810493824,0.9186939905198817,-2.4398317923976
24941.927333827527,0.908070523785605,-2.3615129988378336
24941.935247588062,0.8979562350085123,-2.4735793851606727
24941.941353502523,0.8975595802494166,-2.2508415333417546
24941.975824333313,0.8584955163319868,-1.7869494556717647
24942.125324648576,0.7727019377949926,-1.1886677834140325
24942.616656479033,0.7067020193787142,-0.6858725773998167
24943.74120816704,0.6432375100826033,-0.030932808168906423
24945.97083447831,0.7346676326668876,0.2395660486780029
24950.25115545965,0.590673885872059,0.057783473098520055
24954.565443497868,0.7264642569181675,2.2199849660577
24956.97624727243,0.11190041443382437,1.4718520955341283
24974.71969345139,0.2284824171114541,2.6399472234539427
24995.836965087514,0.5333349957991305,-2.1387980574720986
25032.369363397196,0.2985383159610592,-0.41165878441480874
25118.028975877343,0.4093498409045976,-0.227103923561089
