x,y,theta
0.08108635926103448,0.7130167316120396,-1.5929584243537867
0.08999763560330414,0.7145067030064084,-1.6070112151058404
0.09608913553552782,0.7109307292792271,-1.4947867958980963
0.13292180137474874,0.6949313682251639,-1.577514079226592
0.19594297940405983,0.6622657706703274,-1.366480166554875
0.3296841172392593,0.6048433558268267,-0.9946196710156778
0.5893261382556052,0.5381483373293922,-1.2450163084413464
1.1314514160990923,0.39573852865182235,-1.6657827369246538
1.5697957961126499,0.1557677910830168,-2.802197222141795
1.8321711353401013,0.1778113410135586,1.8196531789726968
6.451832723006948,0.49728686333209693,-0.17432865010398357
10.287023932512897,0.479594834387151,0.6985918561636604
15.370519563825848,0.9670390580122656,-2.65013501973675
23.502706606264425,0.24334134572255275,-2.8689124962514034
41.7407941978568,0.0009405429871446702,-3.0062371602986886
84.42823433162924,0.9841318490324105,3.088560246351001
150.01224171321292,0.37640437177373676,2.626853160689759
195.14883366686675,0.5659005683418697,0.18871839228934073
195.1614798226469,0.5674409360173331,0.12200308331437526
195.1854515088467,0.5548575653378891,0.07170681775271293
195.2297219612663,0.550546659874136,0.011606200380299025
195.31283012063244,0.5473205576322477,0.12863260902252538
195.4658178564464,0.5367589259981039,0.5830354222591101
195.76843245976428,0.5704687671090379,0.5191276062422916
196.35184450669772,0.6317273540284826,0.9550715117461985
197.0020209613108,0.9537936074522209,2.3745211904198475
196.61534394789072,0.8996857116674356,-2.6844252551093515
198.06590150974432,0.12762340665733013,-2.802934840545673
197.41788289149244,0.5616343630813193,1.5730175340737942
200.2777304373612,0.9931701080035416,2.9323507348409192
209.38334088602647,0.1582720905641601,1.775235078657996
236.5379390677862,0.006322584938155256,-2.6891143328518066
282.1373886175429,0.8411453734694547,-2.659246019385318
343.290836486127,0.4657238089727774,0.44423280256966624
370.9180341953584,0.07972383973832409,-2.6050708218014336
370.91970581882197,0.07763280578410604,-2.5822549434175897
370.91006025906887,0.07637655481010988,-2.5648872167230277
370.90131314495335,0.07429424234626662,-2.6561787987142766
370.90321792166236,0.07232679899081204,-2.6041226627528475
370.8848307390585,0.042206854580867224,-2.6702274590235406
370.8270344386231,0.006077822046631339,-2.8572231221584237
370.70401554915213,0.016219080611935367,-2.834328368902997
370.5066008700037,0.05494586728843407,-3.1147794915603146
369.934923786039,0.005247047951545148,-3.065941222283078
369.98690296332484,0.31168874198991575,1.325938231796001
370.7773001991825,0.9755881953512047,2.8454020142122864
375.53513617850814,0.4831907122959494,0.18354536190840776
385.91279654329105,0.7712465650620801,-2.5599629181791195
400.7292134601927,0.3106101584036525,-1.459270073935473
432.02709450603635,0.9998521449347351,2.409741096064458
503.38687533195593,0.014950356873298808,-3.02251241447036
535.1678851385075,0.825922379820013,-2.4157208888359745
535.1670087580612,0.819856397778989,-2.409917182563721
535.1725349766316,0.8067824223006574,-2.305779278916102
535.186114764524,0.813243527030988,-2.199742033853237
535.206556720066,0.8062393733794048,-1.8630574008487193
535.2878476172469,0.7461750247700456,-1.3790218721189826
535.4939009469254,0.6228020622722593,-1.0482627985972615
535.9424362360836,0.5127212477987825,-1.4570858753517344
536.6144980298141,0.23362989720028282,-2.053731765628818
536.4568255469201,0.006383323339643293,-2.9707189087987147
535.4077286821123,0.003117614758091503,-3.1042504458654188
538.1143779124155,0.612335285660202,-2.137183600093895
543.2127267361581,0.676878068495963,-1.3614354810290348
550.4854669644498,0.16389546396553276,2.701123339937343
569.69726564232,0.0030956194252042797,-3.0402510265144556
599.220589501594,0.7182302721274155,2.5340584771659236
692.8328878661454,0.07277637577356648,-2.2524528682928344
721.9232394564078,0.7607438376973438,2.7027837988309997
721.92801534864,0.7548164232537817,2.7084773962703537
721.9318523789772,0.75971262613599,2.7136328612269054
721.9412928276965,0.7735378756587036,2.704316439116093
721.9521561972267,0.7589702705881483,2.5483708191179844
721.9929711639203,0.8025654742660597,2.7224799482752386
722.0623761169722,0.8381087685419215,2.76280559039
722.1327387514879,0.9107257835951942,2.953253131797755
721.9947254746452,0.9625227511631034,-2.2785681102928863
723.718096282429,0.43621549779898616,-0.8796279714102782
723.6927829156837,0.048511339639359434,-3.0110674748394035
722.7379346931065,0.04012642618751323,-3.0757827009704894
725.9339623551716,0.11478702631253082,2.8680127881099686
732.8848203825752,0.2698656506116353,0.4305387513366079
756.1151047677131,0.4275482051327721,0.4212186655345129
792.5710514023393,0.8827025965156841,-2.466050659034935
897.9700729911912,0.4668265878933152,1.3348575850274402
937.8294608135628,0.42276307641189215,0.6586147813550971
937.8390503723058,0.4275211326703377,0.6100073216546185
937.859110296331,0.42321151235972404,0.6178194700694579
937.8915823082457,0.42926248422738417,0.6373997229770785
937.972927799722,0.44159274892020456,0.5514349069509557
938.1114292637533,0.44118931596801064,0.5825319863253555
938.4630917826365,0.4785522962486427,0.4106307113311032
939.0868698959699,0.5251792500624084,0.5368234080788437
940.3106860588113,0.5873693965748913,0.031903845180656365
942.587281958818,0.5246455838539353,-0.7053408370031047
945.9608941755889,0.033752575050278844,3.113875177982795
946.7677803849575,0.9528802807383887,-2.642378231280533
953.8832499972825,0.5331903296947934,1.6831033253684673
960.7303548765524,0.2823036160237637,-2.317255200581609
975.2577474640814,0.8710000498828355,2.3181329377703737
1033.577548539534,0.9931339063380651,2.11323889948525
1101.8003326198577,0.2605845037792007,0.9439046784936274
1148.4975396284656,0.32771612713972825,-0.9262742277575367
1148.5004788048268,0.3227836333352954,-0.8615870313079901
1148.5129074823155,0.3161693908923747,-0.9673373437152475
1148.5467560315717,0.31070644503111383,-1.14178364765306
1148.599291896521,0.2825786460726199,-1.3330481629674416
1148.695974516679,0.2589370285403803,-1.8309720310324613
1148.8294985498299,0.18216073474987746,-2.351374475061555
1148.9110805322757,0.09411712438323404,-3.0052561711352412
1148.9094085494373,0.01648917651856374,-2.5968316750302813
1148.3755956466744,0.002863748411830936,-3.085348362514589
1149.1487462488585,0.5020672998669959,0.8268647387680836
1148.9791335597183,0.9751710445840356,2.7203231281691753
1152.8753935420896,0.12393066679183466,-3.1099999498766246
1166.5827550987456,0.9179533420086141,2.0156219390084793
1178.3597528172418,0.7012765348188803,2.3803724995449222
1215.3695292849968,0.6492303375062323,0.9599539354278477
1306.2631567313067,0.07685711474168092,3.0377002843747647
1336.1055814298259,0.17320134538805496,2.7233001737137457
1336.1106355806628,0.17391001718601973,2.7363518594525207
1336.1121409252394,0.1703332517820221,2.6527567063319184
1336.1187167102887,0.18036798899021803,2.7449761263898758
1336.1515667532542,0.18315800930333778,2.6268062778513883
1336.1823637652635,0.20833096831676692,2.7483536706762033
1336.266893849546,0.23190173100986672,2.823458201292013
1336.4841173332197,0.3582868665126939,2.2741606579134146
1337.0683454903617,0.5550479874843353,2.376358056354789
1337.8558331838046,0.8071617991742687,-2.5862508624077876
1339.7019130998774,0.4536599182324616,1.2771502236787065
1344.0942248470567,0.37688092955138464,1.440610062462901
1352.7225632478821,0.4234983511917555,2.0910081775261897
1361.041776455364,0.7124894315957682,-0.2079026275213529
1394.7478009807674,0.5002328669541347,-1.1077049156514556
1442.6012667435473,0.8434219102525826,-1.9568001300026698
1512.9717383463078,0.8566522820393747,2.39334140199351
1564.26874984898,0.8227288004801426,-1.3177906529375332
1564.2800533167174,0.8264891978126887,-1.229301177472413
1564.2872031880856,0.8142002374874223,-1.2255594932611287
1564.3224910678273,0.8090497962010966,-1.0997164600139033
1564.3799807296734,0.7797746978338184,-1.1281091564925028
1564.5132024674763,0.7434554116462587,-0.9570771717689981
1564.773942664652,0.6432725082872465,-0.9712663783036639
1565.3626996747116,0.5166959830164072,-0.2979511930428509
1566.5867738876677,0.2585431892655762,-0.90173192463552
1566.4515781837513,0.010239352032262386,-2.569579901194447
1567.1612092591756,0.6561884802399596,1.4854370397795646
1570.8404014071277,0.9922390872130948,2.764935776685439
1575.5390845127347,0.9851502142436022,-3.117469486996793
1585.7990160638813,0.9195540384018281,-1.4459491517578569
1615.9598059943369,0.8670470876512425,2.5112865858478646
1648.8758561849477,0.030297918099844466,-3.0660740808762497
1733.483575536636,0.47986838031467327,1.5658896662465995
1763.0622321424657,0.08868462985754566,-3.0281862865228972
1763.0612545091985,0.08918788830820941,-3.044374888020769
1763.0560082843601,0.07955795743443048,-3.0266583882456977
1763.0470344785588,0.06794536512638769,-3.0568720269297467
1763.0347518547976,0.0531953576589981,-3.0056863650512797
1763.0440058806623,0.04670506443498954,-2.9805515345914193
1762.9724513851397,0.012835222061516318,-2.976628786298361
1762.84241692988,0.0034830201245104483,-3.1393736655380264
1762.7533194761563,0.18666906757749366,1.4552640969029582
1764.9215684829733,0.37664307385835327,-0.614346317246695
1765.989555907786,0.23537464862620144,0.4829043299922069
1768.0166244188229,0.996223195247332,-2.693879717094106
1778.2610212619622,0.22022280142858264,-2.6521103576160496
1793.54710957467,0.08089972693359497,2.7918929356412656
1804.9730943428108,0.0013138866381505992,-3.010793693694639
1844.5956338303,0.003909013189246333,-2.8917274593837243
1941.5930701555296,0.8687198313278962,2.53912515165462
1985.2317727278296,0.6809546128785742,-0.24883207361808024
1985.2484039263804,0.676286342764296,-0.25464222026115824
1985.263627299824,0.6771520248107011,-0.2727884884006544
1985.2993502667634,0.6988681961562653,-0.2606562228533287
1985.379580342378,0.6981317556033867,-0.2904427866732666
1985.528051411084,0.6972025365203129,-0.1301570915775656
1985.7774943401143,0.6912499904317226,-0.07887855079019301
1986.296130161957,0.7189297118033404,-0.27735771558580424
1987.2738759369245,0.7614205231385713,0.16932553878610523
1988.1745321408555,0.9981880438833624,2.5757138129556463
1990.127515306413,0.4215482064355998,-0.007211462941475677
1995.660856404683,0.25526960229991774,-2.727554359011689
2002.2882120471045,0.41899612730364133,-0.26318225143034146
2018.1880163392896,0.8079016298415554,2.012826481699072
2042.3719346081912,0.6807536433662058,0.9428656113691654
2073.7766633347355,0.32634656925479544,-0.5857758823067982
2154.067364264185,0.5293046392086189,-0.725328669435934
2190.917703124321,0.002747099950839974,-2.7285913888299524
2190.9036846368954,0.0043946801239169875,-2.7315960013886524
2190.893787635581,0.0037209060442942995,-2.678465919755137
2190.8870773278245,0.0072245357243061244,-2.7046328016491037
2190.8695694579287,0.011336887450127793,-2.9256903487168993
2190.8480357334106,0.007593382155171319,-2.8746241749622397
2190.766139390301,0.022669086333721836,3.122366859359878
2190.596426456162,0.014275952428124392,-2.825346503880199
2190.3290888061256,0.005337325400157894,3.106153847388078
2191.673631696364,0.28909349332510503,0.07025026294426029
2195.983861969599,0.5698828365832836,-0.04061907591295988
2200.3051629885244,0.22571380736646818,-0.9452079602345909
2206.7441725984654,0.7070507600881912,0.5887364164387603
2212.8873343230757,0.18569616057987637,2.681839448150039
2235.909655067329,0.07502044519398024,-2.0846685018433995
2281.6733015400096,0.10317949895380898,-2.5364345325533506
2380.4181688448884,0.2807994947142809,3.0378283104901556
2412.7910976909843,0.9944138549787155,2.983449059514771
2412.792614127713,0.9926885831364665,2.9715258451630993
2412.788578605462,0.9836493830023765,2.9031186585515183
2412.7864548982043,0.9862912609274623,2.8219053975059367
2412.761653259195,0.9801929734918218,2.643631000445735
2412.7078880080453,0.9874454460323911,2.4989407922648965
2412.656796533186,0.9931579301231398,2.7415088188656966
2412.4866034025317,0.9986239905466551,2.2509233569728178
2412.281382175967,0.9371121695658811,2.5488241541955405
2412.6011578757943,0.5446840744123571,-1.2244334071603384
2416.6669534673156,0.054360043356054766,-2.6193052605200875
2417.4299931877704,0.3297576464031529,3.050873742175865
2425.4308615694467,0.6984185837745274,-1.6177267308648382
2438.1154265644595,0.4441390138520154,-0.9009092583164273
2463.5650379456492,0.9801273360623104,2.7936031395500525
2506.0065953126796,0.8045477268653252,-1.882385466903695
2580.6469048572762,0.15975879787196673,-2.6552149097845823
2627.515731912503,0.9868950124128241,2.754477644427448
2627.510378698372,0.9854154083613719,2.81942086930567
2627.5099271252025,0.9843786929644565,2.9187464893925217
2627.5098347741496,0.9934046030622166,2.9761900495148073
2627.4931611777156,0.9986576951951787,2.761587065922466
2627.4502143467953,0.9979366687842768,2.417480847807571
2627.3916793216727,0.9926461476709633,2.51429334809424
2627.232688783471,0.9802141680415614,-3.090804457054248
2627.22038711336,0.8544244984649068,-2.376562401896411
2628.9179919889834,0.31966774324012304,-2.3773064158597284
2631.1842862155736,0.6295649365504264,1.4778777934638576
2632.7331264659565,0.21713978720511554,1.7670618298559262
2638.0225682135865,0.9800301600446157,-2.8722236663672693
2645.087854311514,0.14350872594963363,-2.691957960654065
2665.6404324803825,0.6165089745317569,1.6742332593656046
2698.9325227833274,0.07389349100670996,2.9167639664973546
2781.6425297282944,0.38840500515664217,0.5036122583049343
2818.31211352718,0.9130499072806634,2.681144108654429
2818.31376214319,0.9199720240451775,2.706317456102677
2818.317829643857,0.9156426564980172,2.673064314116086
2818.3230719124804,0.9242712272815847,2.8296638097103006
2818.3220953793243,0.9334496850284438,2.9190304148831085
2818.331229085638,0.9544227125475143,2.781919789951581
2818.2611093573,0.9769140869216894,3.014378271713797
2818.0770068476004,0.9809503669095135,2.6790756066251262
2817.794713717761,0.9991562870757368,2.74605786743205
2817.392991767226,0.9895399573449328,2.656601485763405
2816.2823942129003,0.9878252822908414,2.6996947522179955
2819.1622170426385,0.0720634608513458,2.917090000146292
2820.9506076839493,0.01679024894486931,-2.9400775948415045
2830.0601222984023,0.6601548394408089,1.6847782094432935
2861.632790346802,0.9831048408979143,3.0482001187802457
2905.48642629527,0.30679587766923494,2.696596127681488
2994.272809204064,0.9056877870118855,-2.4382466150796263
3029.5228732446635,0.07340520802388856,0.70647140949273
3029.521590837294,0.07690424639687862,0.7434819630302112
3029.530964260367,0.08988072380041373,0.829929746359082
3029.5611557924362,0.08998584772994497,0.933956821297862
3029.6015558073705,0.093439598813458,0.9543264389987849
3029.6916887945613,0.10770768559408862,0.7688979844670931
3029.8549605886333,0.15888103101857598,0.4268639774421308
3030.325024970512,0.2601329120223533,0.09289239482713008
3031.4019715335844,0.26125895366004376,-0.7963466176736231
3031.8718259437437,0.009528690582283627,-2.6595250085795534
3030.5478917450696,0.050220757016238696,-3.063193188038288
3031.5517486347103,0.9986859571222669,2.6609762993109474
3036.9294838922415,0.3232577437994359,-1.7574442554203222
3047.513333615282,0.508860526856978,3.128873975407309
3071.048554471419,0.3610152205123665,0.21653968468423068
3118.2261458657267,0.29777332208764046,0.6506264770647547
3200.9450878107355,0.5293567915519697,2.737187952441528
3242.755016954772,0.7969316585643096,2.6271006762071707
3242.75929310427,0.7945351739556683,2.687865582593756
3242.766801747889,0.8070417205364969,2.7038013950568676
3242.785311754117,0.8098454907174919,2.731059055602408
3242.7953094294066,0.8232915368545961,2.899334397765278
3242.843164642856,0.8203551908053506,2.4553967910826113
3242.8568341348005,0.83076602055172,2.761850523117543
3242.9357066226785,0.8823340712510135,2.627588102389903
3242.821892823461,0.9980719107031237,2.8434370792649997
3242.7805589028108,0.708644124835619,-1.1768985248777888
3244.5174898542377,0.19481191497796274,2.666202231943739
3248.37501867914,0.33919938630303065,2.1047572164799373
3255.2972602069035,0.6109755930065809,2.9183185698233185
3261.698237179832,0.7606327727749255,3.1116810381338116
3279.109778763907,0.9986608382090616,2.742113886082901
3323.6642883635704,0.5488857323499237,-0.2981818687491873
3419.545990506784,0.9920271677768747,2.613305608251162
3452.8275161393467,0.03840147927174513,3.1226526183234453
3452.8305574588885,0.03346842937129314,3.0584958633090924
3452.822450309399,0.04156466527995086,3.126979667351055
3452.8109353127115,0.017901843942422852,-3.056000383265151
3452.785472449253,0.031101209969111004,3.066277011373913
3452.766918532066,0.019069297586532554,-3.0029533632483414
3452.6651666733833,0.035373241325313894,2.7259731420400293
3452.7626112204102,0.1901630844207972,1.8225250858744397
3453.648261580777,0.26735806497482095,0.4602843038412052
3455.7409652899773,0.7022328058698806,2.20910372593643
3457.5490383564343,0.40106923543916634,-2.3113404573560072
3462.9873292250654,0.4619526803860525,0.1479215179768425
3475.4238633538366,0.02051781702591195,-2.8765603575936307
3481.635654522613,0.6141077350062963,0.7383768884042339
3499.980358925268,0.08519199237900492,-3.038393388650024
3533.7637808909303,0.3546958985142867,0.7795216141960273
3624.291201362378,0.11442312659544686,2.8350643542844756
3664.454266617211,0.19183594337326335,-2.670569187996129
3664.4495646158944,0.18061786389491905,-2.6524474320115754
3664.44603612957,0.171433764876248,-2.715062203437593
3664.4709071437123,0.17167269865706214,-2.8268795697786464
3664.4849455714284,0.19196759706584499,-2.9249540593264514
3664.527288442467,0.1787896812974786,3.077686527308998
3664.5571211336683,0.20695917206828263,2.9842785470414217
3664.742400462772,0.2894160196288565,2.882238662486335
3665.2772216501503,0.548765797801035,2.36450752534068
3666.427561858824,0.4818086707252372,3.0657678805345725
3668.0348627037383,0.9047488101848029,2.7610590146534406
3668.997595241475,0.013299582232053467,3.1258116793369
3679.8700373660067,0.36319922024339424,-0.825714434461652
3690.489644203275,0.2383558548935931,0.468315149481318
3710.6173727737237,0.6630067754713255,-0.32211219413086933
3750.347645757375,0.9939663065668011,2.810695340001441
3836.595699733468,0.015333254551120251,-2.1583707610316623
3876.0169998922715,0.6070636116311298,0.7522471254651704
3876.0277030541197,0.6089900928421622,0.8547252815841215
3876.053365295564,0.6126070835951825,0.855902522836721
3876.0661707187146,0.6191948372239009,0.8770041962313568
3876.144919630742,0.6281979115559714,0.819795520908813
3876.2949971880876,0.6433236419901216,0.8184257156308958
3876.5181218761177,0.7258992893440164,0.8773071049094492
3876.8352846566063,0.8766573728943505,1.4091684531239483
3876.6749742246193,0.9794839761810207,2.875465174939152
3876.329795740309,0.8955115276390793,-3.0461550077156163
3876.8034137766563,0.799493637450294,-2.155149312935426
3881.1079851298955,0.2299643473812109,-2.3650339679252967
3884.55356444876,0.9879080975794257,2.8702290300660103
3894.640789188029,0.8750576323406634,2.559099193442769
3905.221751068447,0.7778125530819711,-2.960995745764236
3954.263608961131,0.4388888013654923,0.33217606734713456
4038.1469478323975,0.12555131909301556,2.4436926649096806
4075.144222820203,0.23503540845656354,2.400455906605801
4075.1432868974325,0.22923605791708127,2.5146231563155883
4075.1546521897744,0.22821809738558593,2.5601824867167924
4075.1672355122796,0.22641952163499698,2.3147694407941026
4075.1896653834583,0.23676125038514537,2.2646294425454165
4075.2379906084952,0.2689824927842192,2.4289017335722125
4075.403949031461,0.34872901594449407,2.0661827915545468
4075.790162349015,0.46246638007548646,1.7563381005867011
4076.5145957169384,0.790084409647263,2.8167428830311767
4077.0411318898923,0.7984147218249864,3.016406549058848
4078.5659896746147,0.01248834942862942,-3.1064532523412143
4080.8324964460135,0.41521163368691943,-0.024141726957412235
4085.010094601483,0.6899416621217735,2.9142038206739196
4089.5792914481867,0.04047977641770125,2.963124988249861
4106.400267882378,0.22473504081315465,2.484044779342664
4152.75671880703,0.8848209436744271,-1.6065666867062498
4250.920188967586,0.6864339042403623,0.9557691631247103
4288.422519733019,0.934012752624833,-2.7521106867934453
4288.424142674996,0.9365747373986169,-2.6985538519964662
4288.422171513373,0.9429865800179821,-2.624376460779546
4288.426377814856,0.9289144865200016,-2.7083014220772808
4288.428989912932,0.9225063139606716,-2.5906734625843515
4288.390923472313,0.9295037065151112,-2.6397532513054434
4288.379255792741,0.8847559507859363,-2.149535467746324
4288.624246024204,0.7006797035744013,-1.043371519853587
4289.673776043148,0.5215262598899584,-0.3820723750946149
4292.002329816004,0.4652936502962189,0.25680297895512805
4295.411180900341,0.980035579873826,2.8079763375059112
4295.80089069938,0.45406822295256216,-1.294970080849982
4298.49229178795,0.9966215151579592,2.6195107254460233
4305.985710535211,0.23315593206729635,-1.4649086227247814
4317.588272880554,0.031971260080273026,3.022448660174125
4370.116184583366,0.006965708793432623,2.9144661742126274
4456.854519526259,0.03169547828123286,-2.8191066014484254
4499.269976102136,0.64078040027924,-2.714398033941899
4499.270906679933,0.6444072663069241,-2.7899800963506345
4499.27917258195,0.6384829420424997,-2.8462609181527307
4499.295986003296,0.6368660170160271,-2.9569343007921916
4499.351096542832,0.6214073897135155,-2.917976952296738
4499.381968320107,0.6138949897327238,-2.699008772393515
4499.535766650847,0.5156890467214046,-2.3511903081370757
4499.873475166802,0.4627645277289104,-2.2895276693323674
4500.4752109174,0.29497840456845503,-2.613785054034868
4500.877495797299,0.03496451432557366,-2.9786777571223872
4499.970676718682,0.041891210753783145,2.945310818524769
4502.085101138471,0.5880894376001795,-0.7039071634908938
4509.663599971643,0.8299006845472391,-2.737671390347812
4515.567724580372,0.9906007263600567,2.7010867054580183
4523.722858825827,0.9453088790207245,-2.9919481350647987
4568.799273376982,0.3199518905876412,-2.163853589657806
4643.954953946543,0.14405230196179472,-2.8937688206139396
4682.03854280909,0.9523718123340136,-3.062770556196104
4682.041339326891,0.9518340332039006,-3.020281541019694
4682.037007290644,0.9565215404604823,-3.0037532866086214
4682.031180331645,0.962705099591466,-3.0720557878754695
4682.035219604047,0.9799011661984117,3.1132937229412994
4682.006843601381,0.9980256686962169,3.0404570792191663
4681.985468820742,0.989063891090898,3.04329783970233
4681.897867345941,0.9713966131962927,2.901435452049159
4681.77456285968,0.8640721731777848,-2.6428003028052576
4683.419614328867,0.3105065952828085,-0.9691674711915477
4683.493846599886,0.18157253090047917,0.9431448922620609
4688.119146987519,0.9587571158635599,2.987527264069893
4691.761981862942,0.7257395481056591,-0.4891841318226837
4711.13926990029,0.8679187628152526,1.3793889398346462
4728.294686763255,0.9925398656332204,3.0673539358607655
4771.033230822065,0.9362152105578003,-2.7415534895284503
4847.238494545804,0.9331549947529766,2.709173071911449
4882.7050656608235,0.0973328951469554,2.8865729852429993
4882.707156952785,0.1003786848290976,2.9461984087440634
4882.709360007483,0.09671776217240323,3.0207690553306605
4882.711990524394,0.08750632483264373,3.1035204589243133
4882.715452695296,0.08682625163290823,3.1351611051305355
4882.6902439385785,0.0784903261895176,-3.137050862199219
4882.709752010758,0.10988896554353522,-2.9274632383174164
4882.7131697644145,0.08086724073044282,-2.9159705251666086
4882.583093131879,0.05413360778028826,-2.845226863800865
4882.172756562327,0.1984522443914962,2.475497021409314
4883.530443614789,0.9669203313072927,2.6089569874655654
4885.384634468888,0.04296447342109709,3.140295107633804
4889.643726321097,0.9938441243866748,2.9521945553672566
4899.624625837508,0.6327219364296929,-2.8009393287441924
4927.131279591103,0.13961403573593198,1.6035911694347647
4962.227441297841,0.19912658253467508,-2.3367331923478285
5066.8707357189805,0.6816765577832199,2.6007686608707727
5102.702607983147,0.11899759823748624,1.153634244632065
5102.704905819782,0.12955156566726045,1.0492299787101373
5102.70975256309,0.13625836024612686,0.9823741600656124
5102.732451511208,0.13423470150465172,0.8628329318477599
5102.782060760468,0.139493643487318,0.8566790491753555
5102.850000184463,0.16783358205743543,0.6416514443436987
5103.031765803325,0.18850604221701048,0.5475673339198224
5103.447353112802,0.24660362914061143,0.7312784680015678
5104.481249882424,0.326675609088723,0.3259782568507421
5106.804259133249,0.3535892707589511,-0.23101689818471716
5109.206903558479,0.3822333187915267,1.4024009136565114
5109.16012932698,0.9959951996695363,2.8466957671344257
5116.400941663917,0.16829758061857536,1.1219892883051132
5123.799981975193,0.33182739211560464,2.7514730329314077
5154.01784457986,0.14017632221225165,0.3152843435738957
5188.961889080952,0.9941997239050457,-2.9868453819968233
5264.608394091206,0.44189284724307987,-0.2165939522077629
5307.514643117732,0.5535359166383269,-0.2824263408609968
5307.516944051579,0.5533153429363715,-0.2469449202221523
5307.540132475711,0.5446067971387979,-0.20039153965073542
5307.572799208759,0.5380946981063474,-0.18600178828453995
5307.643884772177,0.5264275020717385,-0.30444367098539615
5307.805608371481,0.5044644069876135,-0.2726319218445097
5308.120485987416,0.4876520126682861,-0.41058260474829833
5308.656097674788,0.3678456701861553,-0.7033287352423847
5309.320095249384,0.00786204704119151,-2.023519524732897
5308.816917372089,0.033021771865434396,-3.0601458972603006
5309.713757767178,0.22816664936404438,3.1403045393131066
5315.033227404453,0.32617101843479135,0.07769822080175048
5322.141481729867,0.004814491604005821,-2.529112809679864
5323.744521955334,0.9884303041161099,2.8917536900192884
5343.252008488147,0.7542974192886016,-0.8086371996691035
5399.412239199278,0.6651205356264263,-1.0923483169726094
5473.777157108544,0.9505162146233199,3.061224156907702
5500.463918926072,0.9602187009607261,2.9378273186805117
5500.460028996825,0.9578312669119992,2.922431324436852
5500.4527998022095,0.9614697723657962,2.9604764039569984
5500.45097683402,0.9673497752631953,2.958665626352147
5500.449085092727,0.9788249701783417,2.899940512905977
5500.395969390633,0.9981213003225385,2.8615029301886956
5500.30740702349,0.9630053054250588,3.138987438251359
5500.268465039455,0.9691777749164826,3.021733576468977
5499.977163778833,0.9843770032565443,3.0813279628692776
5500.4885316637565,0.6757169589738431,-0.553853336985501
5503.925585024931,0.09389592915970775,-3.032395864288942
5504.266653501101,0.5216854722072246,0.8133862728603258
5511.461864097786,0.006900186595226681,-2.687086481472171
5518.123012220279,0.004729928755656327,2.9817967984823968
5534.997459293673,0.49261236648059686,0.36178980092452173
5580.591503055097,0.9940715537390167,-3.1314942685774154
5666.260710681554,0.3564330285918845,2.5449933610589373
5705.898144529326,0.0015270616726045028,-2.254103773981825
5705.900003293558,0.0015270616726045028,-2.330338559326937
5705.899860695783,0.003233986200428474,-2.3888716038802826
5705.879975006213,0.004452887939715421,-2.512589253381997
5705.872920235496,0.006630734930397867,-2.595292553807252
5705.826243552261,0.007469078419416214,-2.720832011692831
5705.788410639809,0.003319402056558134,-2.831646761555117
5705.689662776232,0.00036131354179141803,-2.6208792233914107
5705.49603158401,0.032698334055683,2.8513631680801046
5706.517179303938,0.6344383919524378,1.5457755919157172
5706.122224077725,0.9941486209782517,3.0058678949984508
5710.491783660571,0.009856985150250549,-2.87484677643565
5716.884476636965,0.9966450631245025,2.4839018274672213
5725.835971645181,0.9974336787927918,2.895255963185141
5752.23147291988,0.3874009597499592,-1.8002966649023808
5791.109154455389,0.7978767054991207,-2.0511278361221184
5874.488222547293,0.9983914217378957,2.969740559147561
5906.368256290442,0.9455754044978107,2.7785291881690233
5906.370772304127,0.9463345281028502,2.8312702325266406
5906.374741359502,0.9453286866540653,2.7387520867471125
5906.380779498039,0.9493365444016839,2.805730003512533
5906.356166734594,0.9613556231293459,2.886002453712078
5906.3174993003095,0.9532636807335795,-3.126732710956332
5906.282322959159,0.9814459763973087,3.135739748475695
5906.124267124818,0.9851096255877657,2.575478624265159
5905.875629761572,0.9644866188462605,2.8680308588620447
5905.651961662175,0.7782184202107857,-1.3400499329532458
5907.6006216987935,0.21452616623994847,-2.6553453449126834
5908.961145202344,0.41094895707241014,1.070332651653036
5907.152200606283,0.9794650153697319,-3.06798697557018
5914.119661536377,0.12453522652800335,-2.61379948006645
5933.911128688175,0.988839001822937,2.8552215996299495
5972.03307781062,0.9922247638428078,2.1238363257413484
6053.8202500692805,0.9944177421718173,3.0260386077423878
6082.660902677611,0.9826939686625841,2.994070638771108
6082.660377917253,0.9852240417930942,2.9993319351606162
6082.66973309081,0.9926137526450408,3.0466862894816096
6082.654487125176,0.9966283170077024,2.937467957658196
6082.642994533915,0.9787820538099041,2.7609169322481
6082.601538559678,0.943789231252909,2.9604913261999535
6082.61689734983,0.9211133825819279,2.6373372185561195
6082.616575750406,0.8947497523490703,-2.8760552094226197
6082.871696273215,0.7126019273171493,-2.499675342276977
6084.139130305187,0.26783331464759547,-2.1528777631024085
6084.239567300205,0.019648786317377497,-3.080412048187408
6086.320515989618,0.6042259562003345,-0.8783588291134699
6092.955825343392,0.0025602172952336405,-2.8495341259618656
6102.531517796239,0.63156254172983,-0.4776177480559767
6125.815482563259,0.37583485458927723,-2.5538365753154717
6166.715463483012,0.5584189314809367,-0.5241833401428782
6263.239924221017,0.5154156889849724,-0.026040892791463044
6294.891093988951,0.12592257073581956,2.5176099370723133
6294.892475543706,0.12921380691583148,2.5869268651388353
6294.907858413113,0.12354034866878955,2.66401057293617
6294.91396909134,0.13099162632321756,2.6651275786333226
6294.916433381252,0.14972861869120965,2.7158864226363413
6294.920889712109,0.13732928633674296,2.873357578468056
6294.98509433417,0.17752750283781202,2.6934059975268205
6295.239833943874,0.3247081233661142,1.6365682995867452
6296.0687214222435,0.6648856380328397,1.6790373330499424
6296.5352339472,0.9648966093201802,2.89606696311842
6298.590454359049,0.41035412602134047,-0.6366699629100276
6300.560648917332,0.8482268895165548,2.776435394333131
6306.4934545261,0.9990806900773095,2.7796027716606027
6317.504428321921,0.07290039785909848,-2.2342059861036327
6331.617289862278,0.11517136398105395,-2.7318444307235166
6362.492331354942,0.018988697700725175,-2.666419429406543
6444.549954589611,0.8887630101075829,-2.979166924746378
6474.766206783783,0.01559013018418554,2.979198564270062
6474.7601923168195,0.011780943899403989,2.973250734498781
6474.758060657361,0.016634750898666253,2.982571977784957
6474.760189810578,0.02812005788055215,3.0592776696235937
6474.770137179797,0.03439544716751919,-3.137708543613721
6474.741396580409,0.03690958549792474,-3.080170553789156
6474.647489383025,0.057181464286146455,2.8153127827712945
6474.552182073101,0.10461763468740369,2.61737360056555
6475.225008754125,0.4298695423102397,0.9086613028457915
6477.292188357135,0.8174984862720108,-0.22006110287815828
6477.830605986243,0.9856561014937244,-3.0134592533180453
6480.390061864972,0.02719393131913085,2.841115658408161
6490.5542829347105,0.4023730492524106,0.9767629217916118
6499.82228112644,0.4063198025734904,-2.5345858404198482
6518.482779979665,0.0023363313453235103,-2.9263287078394193
6558.138161627365,0.9598795836483999,2.8828810136068865
6642.846268433338,0.6137413114697179,1.5792648346550076
6680.076375174007,0.008229641986423255,3.051659688123978
6680.073298367196,0.008931017393652353,3.0576296599671817
6680.069067474395,0.0027668435436878054,3.0183963871507773
6680.061459117492,0.010381056742962476,3.1068708183102762
6680.059711352204,0.017285800171650885,3.0334251167321593
6680.053724671243,0.04526297542321876,2.928715244756363
6680.047301158516,0.05367131425706085,2.880278845432999
6680.024663224299,0.12679798102149004,-3.0626167371276822
6680.232659035134,0.25900554727539665,1.9460544445830417
6681.830919964875,0.8895533410574696,2.3612607452010224
6681.236684009569,0.9212770078321422,-2.783429859262403
6680.725293008032,0.9860939571953181,2.8251781268056515
6682.087119695931,0.0660961386106829,-3.10678931991045
6689.848799723345,0.49062968803487955,-0.22600093315467795
6711.580563175366,0.8772975355493289,2.6470314087385525
6751.099650065205,0.19409920422290688,-1.3680782466822752
6850.103943088413,0.49812727745575003,-0.05208899937071898
6884.836745766535,0.16264515161036003,3.0841194812596484
6884.836916660371,0.15952494205215578,-3.1248217170340737
6884.837824763184,0.1730955325850864,3.1286435041490854
6884.854271327954,0.16848787384180022,3.104296248751856
6884.860039506518,0.18507990644515632,-3.038151274171705
6884.89845792245,0.16984359576643945,3.1387471963594376
6885.001715144849,0.15346043028265566,-2.955102735096806
6885.0799829811385,0.17184910919380653,-2.9299664351330055
6885.1411883785195,0.13084333688936983,-2.8761323019184393
6885.162751283609,0.014653632229792133,-2.6124811406581636
6884.469318397131,0.09223365747298638,2.9106820516632403
6888.651824795885,0.23446236819816066,-2.2541283383254527
6894.740864819617,0.2131225314731078,-0.3543409785022731
6906.976620388302,0.75934400850594,-0.6063353878238917
6922.041009080808,0.9587885568395524,3.0980388206442724
6963.654524627617,0.4225809727247358,-1.263585017093109
7039.900044360393,0.5547656338867751,-2.0643728689690293
7077.165894672988,0.23180988450548856,3.1212635601692043
7077.169066085263,0.22934540523710778,3.1375039437468466
7077.177251090359,0.23290521492886923,-3.1238084839337996
7077.187489587248,0.2252880824299674,3.0428930105457255
7077.192873539299,0.23873795255138117,2.9848561247951206
7077.25594915889,0.26845193650056454,2.9143767700435586
7077.381070678566,0.2988294490408618,-2.905843680162525
7077.602946658653,0.31723283190187773,3.029231844253709
7078.129045393098,0.40069405628938437,2.3123081540982398
7079.399502155067,0.7500338445688313,3.0258643305551995
7079.604558877727,0.8508909567317675,-1.46785946173951
7084.777611562425,0.5435023059327985,0.8122035443769424
7089.194414457646,0.9461779646753394,-2.769734370375344
7101.258427568308,0.0029838113350976418,3.131898533694563
7123.548021866944,0.06584945285200645,-2.784555705889833
7155.989881724906,0.9596399973834958,2.651741695805173
7231.215593361731,0.017233206641098696,-3.0913740971206303
7268.399925472297,0.20726015327604477,1.474521026881372
7268.402524318597,0.20579108076311323,1.423712929697432
7268.415257311858,0.2016928883755363,1.5242942130857973
7268.438842497813,0.21118722074170712,1.4630562476622568
7268.472131093111,0.23153136296678628,1.3905543403311418
7268.558709289831,0.2633316659647158,1.1394436593436588
7268.825993169077,0.3137612119820258,0.8607120780891249
7269.4071475806995,0.46877526573091843,0.3630544257507218
7270.65690213126,0.5805221386487824,0.3443089434408999
7272.042821238673,0.9290227657389227,2.905122405391234
7274.453119698633,0.4743394266891605,-0.6960337193175308
7278.672979384444,0.08987862253004313,2.9035273169530775
7279.011603505559,0.919468669185179,-2.9427071477451174
7286.998332960283,0.02335806368266839,-3.114459674088688
7301.124392165932,0.8035248745741915,1.6644851842013768
7331.564253978006,0.003496873232983729,-2.7382373416758043
7419.74708273135,0.42862936739677776,-0.9317424796369447
7454.986398822664,0.8418670682859095,2.9640019591534976
7454.992823044975,0.8434300560560418,2.9639956170187727
7454.993346237687,0.8423568622552114,2.9706588059491814
7455.003272317515,0.8489171159117601,2.8749707340895316
7455.00144858911,0.8451386867343207,2.857663825721745
7455.020025059134,0.8621100113500871,2.7435691523174075
7455.021922781781,0.8546500461106948,3.0186772174281735
7455.078205181824,0.8535895991904409,2.4181102512542356
7455.12655339971,0.9221484976384671,2.7037271929707005
7454.739592853483,0.9944032212434475,2.789498394399489
7453.965881796247,0.9520669593620281,3.0315478414762076
7455.416065216774,0.00321457503162266,-2.881967058280743
7457.69268536371,0.0006691572313945735,-2.6940270783112465
7470.9316530322885,0.9421164004975046,-2.6342748497649193
7485.767223075075,0.18513552650558227,0.6193687004968798
7525.756405868191,0.5360492615350104,-0.7821398518052503
7611.698459571161,0.7049286605762994,2.3078376234611433
7641.641947773137,0.32035138038177374,0.7066684005429664
7641.655580963961,0.321697398339468,0.6628961971513689
7641.673088485316,0.33058663355312856,0.6686665528834257
7641.700730580322,0.340493139759242,0.6799354192878546
7641.775615864661,0.3575366252002722,0.8230583514167238
7641.921231021899,0.41530828110154683,0.8058278839789201
7642.159914403017,0.47871536169763607,0.8311143370383638
7642.710713015583,0.5694465353116808,1.1141955857591208
7643.381018581934,0.8753228804097297,2.4681607439737334
7642.831176556622,0.9912126205443996,-3.140844772707206
7645.799015485986,0.6506099956237738,-0.2776080502904055
7654.165838063773,0.1677999728008796,-2.8197467232618214
7662.0052385236595,0.07333062305621353,2.846743752171175
7676.945051070742,0.633497458192285,2.292569009266786
7694.658147181685,0.40588126043321854,-1.4680673278572174
7742.2590153570045,0.3538142327409603,1.6412705755022525
7828.05073069224,0.9551569646537449,2.217653859244777
7870.507372668257,0.5851649705747245,-2.4142224900313844
7870.512494041327,0.5859926237397249,-2.35283396440399
7870.530565813321,0.5963054274575936,-2.457901339242433
7870.545122896939,0.5903293469324591,-2.5228187864690232
7870.589259677043,0.5747392808070554,-2.388043297441159
7870.692858449536,0.5717279125716356,-2.493389133253093
7870.840850040925,0.5409543980303271,-2.361161956642175
7871.205575467144,0.4742753192451985,-2.847734836666349
7871.7306769186,0.47215084240103294,3.009896040092828
7872.900913878068,0.4824926679484245,-2.8373432977950435
7875.020052717378,0.7581252175265196,2.869787978007402
7880.4008954411465,0.2554620004937854,-0.8246199322292544
7885.344417570524,0.719456483607478,2.1422126597530067
7895.716076221107,0.8301566196191756,-3.0584471211391024
7919.738427647993,0.5044660215107066,-0.41775192363364555
7952.205123181048,0.0016298093253138107,-2.8454520311903098
8033.75406380663,0.6830943910776586,-0.5534416971480591
8067.130789664908,0.8015035941788842,1.2269355535093052
8067.139878524917,0.8006839086438384,1.2207391509933672
8067.138614406668,0.8090311308168907,1.382387663879502
8067.148891710801,0.8328757287105016,1.5272739967367626
8067.170078836611,0.8572548228735143,1.4467880683733227
8067.22002078444,0.8651291117212787,1.8968133409511871
8067.278411770379,0.9558587934468222,2.4710008908579653
8067.127012043155,0.9998947787569856,3.0094323597975157
8066.937076752215,0.984123287342752,2.7358827976296425
8066.488192638437,0.9872649960108875,2.993475529427327
8069.055459780166,0.7217712509095164,0.2119731797605664
8071.541264112348,0.003642908240723188,-3.0266048937061973
8074.120667684237,0.028536901055624366,-2.2500313741308027
8085.716198160268,0.17326277667427126,-1.3251939398936432
8118.058318066065,0.3556815357116659,2.667587567336115
8168.777559814982,0.6050780427181252,-0.4560664369003544
8251.559625450716,0.49461526586072124,-1.5343682388294737
8293.043453737377,0.13388546891769637,-2.3412276217246544
8293.042939079756,0.13613928061875194,-2.318231865135096
8293.044532569527,0.1377845885773467,-2.4317100223470667
8293.050766439164,0.13264097089175636,-2.362342422442074
8293.06194191094,0.12489480036690831,-2.485080870055677
8293.0898056167,0.08951793322564135,-2.6936596989763952
8293.00258925892,0.06276684143399874,-2.85551829188829
8292.950350647043,0.07959571039222617,2.730128695441641
8292.963723388262,0.0979635489867089,2.9130907776710444
8293.051169660203,0.14000195331222082,2.6268989171842136
8294.550782125727,0.9923635905533581,2.8889770227646263
8293.5449565548,0.8939767972280532,-2.9000296718584653
8300.7747236234,0.04197985126838835,-3.0391573621845644
8303.864568919325,0.00031029830836511434,-2.6815161227851787
8323.783420725575,0.5712809410670685,1.0829311199504996
8360.109357164072,0.05092561795118575,-3.1096004089849685
8444.824521192646,0.6283469657752175,-1.1047955917023113
8481.568536503377,0.046536171690681236,2.8165842583331093
8481.565515920787,0.04581972551004418,2.7755704548025095
8481.561246955722,0.048046873999672855,2.7717936714791165
8481.566775201833,0.05936127650347983,2.87222991031728
8481.53865941582,0.04172790009549422,2.8545709596920332
8481.520646902081,0.060311129422690055,2.970669919662308
8481.546413335149,0.10726911139642624,-3.125990971200201
8481.576656797592,0.15296979439226546,2.480459769450552
8482.323346544988,0.5140132196832841,1.6273435244827006
8483.206850012033,0.6522689965185708,-2.6526895794403127
8484.451772197765,0.12732299054686624,-2.856186569813504
8486.101029986896,0.7700085108831722,-1.4624097836054812
8490.15759339024,0.5665455779536298,-0.1761333421953597
8499.51019924886,0.6384556387269672,-0.1831814068705926
8520.20930875498,0.5463150752429327,2.1156797511660805
8559.798081348948,0.7370682028190941,-1.4117433925402714
8639.334818398485,0.6080303920416931,0.4112537547902977
8659.964172948019,0.018740923295121,-2.4712265234893263
8659.958209340104,0.007874465409293603,-2.4174209059861536
8659.95205247764,0.001327402398370839,-2.49608331972473
8659.94995218433,0.00038868586848326376,-2.5502777564168633
8659.952656734044,0.00046830238009452083,-2.7398666150982596
8659.89719585239,0.005927748370957,-2.8198601463590496
8659.824638809452,0.02443326572987336,-3.1412657880258497
8659.7716442875,0.06540455991365844,2.2811455850465077
8660.430425687493,0.40344532585639403,1.2058528329545464
8661.64159177819,0.7338703867362117,2.646689635565897
8661.321935298436,0.9459197417913175,2.459176388762377
8660.660871910177,0.9900324110720163,2.856144112570937
8667.68651253914,0.9750368237107252,-3.0993419050435778
8684.713895650457,0.9788474392013822,2.4317042911041007
8713.101444559588,0.6535435631359793,-0.5159308774192946
8769.903720899487,0.9812782842628425,-2.911568895230205
8868.433955535955,0.45398090816588776,-1.4899613695024054
8893.359943784772,0.9606904958897261,-2.9220308789220755
8893.35797707401,0.9518058272774189,-2.9558306784639297
8893.357493107691,0.9457022233029184,-2.939873304827229
8893.36411226735,0.9375755608105873,-2.847954413903493
8893.341715231569,0.9456149182043851,-2.6455025541635155
8893.316707030197,0.9226330020726774,-2.588447508317917
8893.282572470967,0.8615863451144833,-1.9884171743342849
8893.590239256795,0.7224010273063954,-1.1076925618052123
8894.681538847131,0.4577598762109102,-1.2196764894120102
8895.438506118628,0.015652554904269974,-2.521551936683807
8894.560857160901,0.042023323245163655,2.5392259504028676
8898.319775484379,0.6174810978572185,-0.8897434890129636
8907.34325923372,0.4637793964933241,-0.24172499717438223
8919.26379210038,0.5336887993579168,-0.17175635499643205
8933.393442194758,0.9807728809862517,2.910374684749595
8968.387260672487,0.07720225248826275,3.021888110260024
9044.33118739547,0.01217982248140459,3.08865116054106
9085.080581987959,0.6686875733976223,-0.46529049176063886
9085.091803368405,0.6664804898280945,-0.4485283071985826
9085.105035021874,0.668511546000317,-0.5169596776666374
9085.147817037554,0.6508652512305154,-0.589789679765977
9085.200385850318,0.6431731222895474,-0.5816004110828672
9085.351491985799,0.6242209617310215,-0.7969579727825069
9085.664436852821,0.5697414919880047,-1.023004224815434
9086.22549317073,0.4299390017385265,-0.8477448584934906
9086.877084975988,0.1316226380887365,-2.2077980681815816
9086.406122069606,0.02326416115717633,3.032827347390983
9085.797589818221,0.004365599005247514,-3.1193522009357264
9086.923704625506,0.9960021491947298,2.831801029487032
9087.175333816449,0.4444676575330282,1.2235182535823128
9097.2727722569,0.05628738392434745,-2.1102027851509773
9118.409441312722,0.8329956054990743,2.246294872354591
9168.95029014168,0.9756538270496212,2.678206478842374
9261.1471815731,0.4299502914851986,0.3647929432283976
9289.176244733037,0.42517320355472027,1.1102479132480134
9289.19109620782,0.4238478600020536,1.1497932783172953
9289.211222483065,0.43177598844604237,1.1607717727632867
9289.240130446091,0.43108743296317936,1.146285301869339
9289.323187921289,0.47206325665767235,1.0970196263598995
9289.435845606438,0.5039580105765198,0.9864709433267151
9289.723020226234,0.520157342724927,0.7768822036034573
9290.217049541898,0.6333516606596628,1.7016555712761656
9290.639623002082,0.7440393703740901,2.9015916468386456
9291.390299038221,0.6079941963249567,-2.7847814458937576
9292.819546142937,0.054988022434907864,-3.112444587745958
9294.006182597093,0.9942971524384339,2.9251972877307946
9301.561257264655,0.6358831523198284,-1.2279114141115302
9311.298485438389,0.13301652794994054,-2.5868780854880344
9344.574086499406,0.9599458426590121,2.765416973464049
9394.388822825467,0.5126050050110571,0.6616076559777628
9458.387510535924,0.15586917613907134,-1.3984648716081005
9486.195346177003,0.10976745258306075,-2.0894201897555824
9486.2020976373,0.10986743778370851,-2.0933106482500263
9486.209920967325,0.11453031754572418,-2.139488343351349
9486.228349393288,0.110815309450855,-2.45386456325311
9486.233167293789,0.06314676573210232,-2.372566003949704
9486.224153220563,0.011704615603380748,-2.617318966818888
9486.192276041844,0.0034310870798826007,-2.4340558857424535
9486.100223103478,0.0025360939822006295,-2.9875900140688993
9485.871888939317,0.01030887412790018,-2.813005848457602
9485.389394786129,0.002417100738478448,-2.714302934876012
9486.334931483123,0.935092135943163,2.739131168098881
9486.88343731202,0.12505814252810615,-1.6568316212182226
9489.93196630137,0.008524532981538461,3.1141615216540783
9496.818452239018,0.4405059439289431,0.3868588998899356
9516.232892023356,0.992791777064865,-3.1363565755040543
9565.217010835737,0.9361165647291866,-2.7909825295391038
9672.559697454055,0.9988891123027984,2.750768334315288
9722.240705289261,0.013893033043631533,-2.7613753965540595
9722.238179767477,0.013268695195004081,-2.8065631517819987
9722.229899257061,0.011684663202266767,-2.777118638807442
9722.227100830345,0.006552301489639363,-2.8265615751697304
9722.217972895352,0.002779498939632785,-2.7949131843617163
9722.175481991337,0.0012258878565104834,-2.985589838789585
9722.091271278437,0.0015763652172672469,-2.732762322376664
9721.899064813273,0.01778656212087375,-3.0731617333644508
9721.635246586891,0.004699967506216996,-3.064246460998954
9721.383665907972,0.1394653123665728,0.8393341296706684
9724.782027787713,0.9305300948771728,2.2866049462626385
9726.96921971934,0.20989127983405959,-2.8873249713111315
9731.999188229014,0.3787709410012528,1.576119669496352
9737.262003857377,0.9130204202451602,-2.8674025105379086
9757.062695554832,0.47857955986166184,2.222957452850504
9795.477614821015,0.9943706927074291,2.793424099404441
9873.387389344,0.6039782229878979,2.135206451978336
9905.05150693918,0.7479051624716586,0.46244538118878076
9905.049731275816,0.7541817541877585,0.5355235473239168
9905.073011819957,0.7550273581964548,0.3885723565710868
9905.11695729571,0.7540976097798148,0.49641244680583263
9905.172657685542,0.7541000840325488,0.6284846922718339
9905.270342028649,0.7708711104940897,1.049948490167096
9905.400189863001,0.8664084508207198,1.3851653430499251
9905.423194466377,0.991128218078486,2.5582559549790416
9905.12538215297,0.9912437739711887,2.4876597613325053
9904.940810576185,0.8426070506143216,-3.0924207951282217
9906.786057882478,0.10262823901571289,-3.1309329385726405
9911.525219492103,0.0058843494861881805,-2.8224679048328345
9918.14030126402,0.5413241994050294,0.47832232755056836
9924.908293384573,0.9232422718820456,-2.8969029869679193
9938.98627040318,0.8553258149661885,-2.6721973533843784
9982.234421661473,0.9711409380366651,2.820305283112557
10061.427335779748,0.005568909595364349,-2.771758628854607
10103.022212066993,0.014605452725011405,3.0122623471870824
10103.016217283963,0.013858400176959423,3.0208667588135976
10103.018171315724,0.008765667571611891,2.989541022221113
10103.01171415554,0.012998544224128286,3.055893297530308
10102.987451782377,0.01471798165922731,2.890454844417535
10102.921295072758,0.018889756015555766,2.6678072483226805
10102.934800752198,0.04663400214354935,2.396853428655339
10103.109270643099,0.21743563359828083,0.6577409181153531
10104.156515660792,0.4359139623364403,1.0778932312323724
10105.725474068184,0.6028727159913302,-2.995254599120756
10107.79465781317,0.6918261808185479,3.0901483671497676
10110.653228295623,0.6813565996275508,1.0077437793229942
10114.840942530887,0.16483954048738322,-3.04227438945959
10125.559316709689,0.8232090362422629,2.0165154933364704
10139.966380095564,0.8016990480220717,2.70373828283849
10173.498279696016,0.0009156185511307005,-2.85801503901948
10253.370605564109,0.2288460008389899,0.7659215995152322
10298.201809911847,0.003687678656416505,-2.603476662031158
10298.203260605058,0.005023542645549519,-2.6042463863830494
10298.205186470363,0.006072029981271075,-2.58629121835014
10298.208151517649,0.007599461408885638,-2.686956191878824
10298.199675125501,0.010413974578903295,-2.8324054860345376
10298.168688001771,0.009463199357984276,-2.8361190643951004
10298.116257405694,0.003227227676907105,3.0818200682365386
10298.011595572003,0.07485721311820992,2.9743477277389916
10298.508209507176,0.3505413987422809,1.0637432014077914
10300.26495294688,0.8435394946304423,2.404691739679066
10301.382692184403,0.19818934014980927,-2.8843447694849034
10303.506134346471,0.9962345000222003,2.679364828987678
10308.530699200539,0.9912997181874507,2.7513035310930727
10318.002342463551,0.37446977943488013,0.8271460287418568
10344.825876762485,0.4872836494150545,2.4760315821485372
10380.863998257864,0.09607679030560132,-2.4305537159099018
10484.846629329419,0.5247160087888736,-2.8761108310852177
10509.612682850364,0.023609613286866907,-2.934124475807955
10509.612111688784,0.020578579682976342,-2.933389840262448
10509.618645382405,0.018683582937113506,-2.8615803895726697
10509.612293418844,0.013153311405235579,-2.6787063212733484
10509.581191403968,0.008875357445261923,-2.5584731900083977
10509.516664501754,0.0013344152577976177,-2.6682006488980896
10509.449416389358,0.0016397833015320334,-2.80490083464085
10509.337651941358,0.00668812665351366,-2.988329431066215
10509.06191285732,0.00019730704799632217,-2.859630307320202
10508.623398905682,0.06687056137389275,3.055710742356104
10509.545974675444,0.7718919153223852,2.4922865742365623
10512.15493825128,0.9995061831347772,-3.0828351566950856
10515.66129075493,0.6224945162440028,-0.7828275365428925
10527.201714022105,0.29102452422952063,-3.076873306810229
10545.362407145021,0.05863916148176239,-2.5966207834186736
10592.808045926036,0.33967914808111893,-0.26272415893756484
10675.445894549688,0.32268738752363535,-0.16738423094880783
10715.012013663483,0.7325435282421643,-1.6305942099000228
10715.027340054487,0.7224450606587002,-1.6310661758605498
10715.039109022617,0.7222306068388215,-1.4746345490048502
10715.05710662329,0.7183178963308887,-1.5161392012117016
10715.099621286348,0.6899717606641155,-1.5639489750508888
10715.191938237052,0.6565657153906411,-1.5330642716736018
10715.403059440661,0.5629936982562602,-1.401955621740951
10715.913772320273,0.4366571589834567,-1.2574310145935155
10716.590779294129,0.13123534894742372,-2.069808917937834
10716.23209944191,0.022127688660790387,3.031310988582913
10719.137054037046,0.4656459117433639,-0.07463962613512898
10723.632445129802,0.4955119730071626,-1.712935153321357
10725.893843091004,0.6672106319004005,-1.394779507517587
10735.021372621506,0.00593651909016311,2.994311628982925
10757.517918459509,0.12416799774714102,2.6846300679610042
10806.32509417565,0.8245910319006073,0.20003173808301256
10889.757518098879,0.9782003551021693,2.9704532560192716
10925.069267557246,0.050479259824119604,-2.497792665857675
10925.065787253081,0.051663334639035934,-2.5268029745833305
10925.063413345213,0.05957368953709769,-2.619901465388508
10925.070160468576,0.07013994514929656,-2.5361390167127236
10925.074090387427,0.06383869926015538,-2.479949092969102
10925.078813640692,0.03809049740711208,-2.6209786968599738
10925.05727717966,0.021430554844944803,-2.7208374185492685
10924.877827542989,0.025563333943757826,-3.0266535911141936
10924.7058096039,0.09052981163554452,2.816299998916479
10925.817222009393,0.6670392039542913,1.82005323823945
10927.351776023952,0.26498218139434615,-2.173628000065718
10930.273291982938,0.9917770504514615,2.8258898060906077
10934.280926690803,0.7778344621046909,-1.9224502398511119
10943.986747352948,0.9714156737283132,1.8217148975569941
10969.46041189151,0.02279367099547091,-2.738988993699624
11008.962123690015,0.006181620227997699,-2.7579879950470403
11089.789681760554,0.10028671878046638,2.29191669195853
11134.322616906902,0.34141068188409124,-0.9368394893903478
11134.32248510858,0.3390092325456994,-0.9717928822062594
11134.332627077538,0.33583748236195826,-0.95802277409254
11134.353131953965,0.3329051086059445,-1.1898403869813066
11134.388836813841,0.31914544786437143,-1.1967953776527096
11134.500084609419,0.3131762460187885,-1.1188948960074478
11134.752273975882,0.21312634523083446,-0.8745825218200709
11134.93214844669,0.054076372735200995,-2.351740436154702
11134.715440356895,0.00201161245592341,-2.7534231191483745
11134.294627269683,0.01415349804108169,-3.0592778512935586
11136.464223392195,0.8064818077544955,0.9272895454539434
11142.370217035066,0.6553502854695497,0.6685179333129723
11147.210788304312,0.38363018155552775,2.273810375421853
11155.178859632859,0.314995059911964,-1.2115569979877259
11170.550655596066,0.02258623742849182,-2.96486887795844
11189.798346325833,0.01661691129065563,-2.9106389486237263
11273.043335162449,0.020076197293995336,-2.7540584635394585
11306.89524774541,0.007425687688480684,-2.853827929874249
11306.899693488645,0.008947268777097785,-2.891830116860323
11306.891207241264,0.003311007585324921,-2.7349016626071934
11306.885339648796,0.0010720300029426696,-2.6358673468069087
11306.88071019594,0.001334236206792701,-2.428040676070063
11306.884426786542,0.004425142600920891,-2.622909225138879
11306.792218167686,0.009045856215225094,-2.8281845770744396
11306.633647885774,0.012455965741381268,2.926464872677988
11306.53972179005,0.07747540346198767,-3.1293977962852955
11306.337056791564,0.11216777358348796,2.766563122235709
11308.58524006737,0.33285856513574374,-2.070779055934536
11311.527667363542,0.9375887069123822,-3.1000549680735636
11317.27548797846,0.2499690532426124,-3.010292790295238
11329.264671022964,0.2796158889484657,-2.923456798208285
11349.065488270653,0.9364478739110896,3.0441664329443388
11398.097391001444,0.953578367902857,2.7475004102857525
11488.949886968956,0.520543420928135,-0.2046330615989076
11522.466144920674,0.8722073970147918,3.126387524935388
11522.459695878082,0.8686199478663487,3.118392641046734
11522.463860007863,0.8632648563251214,3.0838711301856323
11522.464079295443,0.8508020214646917,3.0479264657753706
11522.477878245722,0.8429976161668248,2.9950731331317666
11522.449669896077,0.8947442019630997,2.688979204827123
11522.432489804483,0.91159485851556,2.9251120330376876
11522.383394062015,0.9898920314062342,2.639545944904804
11522.125580105288,0.9706192746440281,-3.108255010138692
11522.110786675832,0.7361825659084569,-0.6290357214413955
11526.350444667578,0.1032395762553572,-2.3480648908162816
11528.481286658624,0.11329129989625641,2.8455678332635923
11534.416594601664,0.9840962769639012,2.780503031755371
11539.816516818755,0.9960981089432361,2.8272127489293677
11569.06064361896,0.6836664737985564,3.1378925547379515
11607.44754740999,0.9351793986684817,2.261763596247354
11701.986919252817,0.8069802908818254,-2.417185723322623
11741.235810383172,0.9719496351409094,3.0374975015881702
11741.231713605903,0.9736772430621534,-3.104071084502708
11741.238917918778,0.9666810294339512,-3.115129911072534
11741.221693852907,0.972126716292185,-3.1176760354283855
11741.210873300315,0.9616384643313629,3.1248553648306077
11741.206167538197,0.9157604791410542,-2.907258035892588
11741.175294482635,0.9275514210816639,3.110875459767998
11741.108266024734,0.9463853774054373,2.9071548153548097
11740.833986709054,0.9999876175852908,2.512812521196363
11740.457906343247,0.9986961435602234,2.863184311955969
11742.428175351173,0.22603309456129028,-2.178691749750008
11743.148050117285,0.9944786048203098,2.591446204362307
11748.330356863004,0.25902016530247185,0.9668979920875893
11763.277306094187,0.9810631987522077,-2.9001021151485182
11783.429966881391,0.005975549870115516,-2.864713348917958
11828.380456991608,0.12352732578338907,-2.479964333602234
11903.372915957872,0.7019167868831289,-1.5635821084980115
11944.229288825873,0.6517231747484326,0.843620521807189
11944.232522841463,0.655165785915773,0.8839802926246172
11944.248318338148,0.644413594513967,0.9065209363608675
11944.284640571492,0.6532058880468529,1.0269651797082222
11944.356245779729,0.6715096006115306,0.9423840245501758
11944.478600440878,0.698710163527062,0.8559442721789439
11944.69863674387,0.7619190919044264,0.9080844959093959
11945.007451409017,0.8526230129186979,1.3810946214768158
11944.927310579538,0.9988935879634437,2.5136076739832465
11944.21320174983,0.9994104658180321,2.7639759831923456
11944.05364889429,0.7481223024241025,-2.7761768237601543
11948.371894630587,0.23776930372398336,-0.07051460912646412
11957.24344144064,0.009491651203657473,-2.8078855339811297
11971.273181917699,0.5807397663531352,-0.009214478994648001
11981.879166455414,0.7980801225138335,-2.8821822729131745
12029.351652114538,0.9943382551057571,2.736802062558837
12129.819916668612,0.008835266228136508,2.803039575489053
12157.48251915041,0.968801480019364,-3.132745948810877
12157.478355418441,0.9686135354670129,-3.121890261024412
12157.481923025865,0.9577538977366108,3.1389371751035657
12157.477974338472,0.9472375670204246,3.0706705778738606
12157.477429619996,0.9313206172679144,3.1119914167327236
12157.465787971176,0.9155405343284247,3.026170042514301
12157.487879927763,0.9272013852455506,2.63869418789609
12157.381377171288,0.9959658312314963,2.595745742320779
12157.078259456908,0.9710992505968293,-2.8728834258793725
12157.875837617681,0.880044135008767,1.026913072516371
12157.235542587825,0.9227995484567567,2.748730013476167
12161.097708137846,0.05378448053435453,3.068037345191983
12164.376919774699,0.08091550600784507,-2.920541757711456
12168.901102704534,0.034401187614521975,-3.101630576431377
12189.951914876608,0.7225881101120154,2.2090510301032964
12239.08896212245,0.535327136743828,-0.2447008466992271
12317.228848111323,0.10703591154203762,-1.517607930543969
12347.575386007078,0.7218078561055388,0.182729695839559
12347.583935999191,0.7206391586533172,0.11044057445932509
12347.611793568001,0.72157209540425,0.04992415140911133
12347.641785549782,0.7374368563683024,0.023422585897144632
12347.688425490483,0.7546894436451562,0.028828433057181524
12347.829605655073,0.7644265246633916,-0.16281018144812487
12348.062152656114,0.7818470825797531,-0.19828576250371777
12348.582001817938,0.628289762661104,-0.6101655112155262
12349.554868010713,0.37564691891661234,-1.6184930166710203
12349.836831108143,0.010587747511938445,-2.853115260115437
12348.866935785443,0.11927489405768218,2.927876971925274
12352.06021264583,0.5975984775241177,-2.228843602733623
12352.782087357547,0.5983642160749186,-3.0629475961606913
12365.486083473244,0.05078293854504251,2.9605260982819903
12400.084206070767,0.26552138256648566,-0.2806739905731024
12444.472309861469,0.9715520335425164,-2.703637029212649
12527.843821929895,0.32154565613934283,2.4925197474373073
12569.2498565181,0.2823355008184953,-0.8130708107957285
12569.256582121867,0.2768257023074964,-0.8111211942088921
12569.256495779644,0.27316322156230277,-0.8465149157190428
12569.286674916271,0.25831621070472666,-0.9224360230928821
12569.316575894407,0.24131320972884526,-1.024536759773362
12569.409941822096,0.19305185642119155,-1.2086611905228888
12569.530236648203,0.09081907396049813,-2.20622807292927
12569.45342638224,0.0072986458137534104,-2.422034245910768
12569.201365778532,0.029856285729724118,-2.799716626910257
12569.841996036448,1.3648388761721873e-05,-1.1737611100442182
12568.79904874475,0.022775315135288438,-2.7915999117309216
12567.798633654656,0.2751439988606339,1.707888408632538
12574.86344915112,0.8900144878532342,-3.0827485275117965
12589.235033485995,0.995420719996641,2.6651063896681375
12610.8376742047,0.43125130300183073,-1.7243378249403578
12642.383177024263,0.9894843122830477,-3.1100510604706972
12750.106349336958,0.9586031591215913,-2.858019944306805
12778.927493486848,0.10316077900595501,-1.2415834762669817
12778.93812011344,0.10262904444386656,-1.2736793792996757
12778.938745019988,0.09146525147607348,-1.332491691646295
12778.96005143518,0.07746744716646334,-1.3759685485382318
12778.973682169444,0.04291913367623348,-1.464776829535125
12778.981491226421,0.002610643010359636,-1.94183700901863
12778.964382687025,0.010968365345806445,-2.5882802822291606
12778.861847837325,0.015094725914700166,3.1306874932159037
12779.049288370908,0.19321221983592604,0.32429594126474104
12781.138059162851,0.3753273471859617,0.7314111523509501
12784.2007957092,0.994990268102093,2.4830110123711915
12782.940527430655,0.7022524810293447,-1.7503999875521292
12789.380804415192,0.33045999291534295,3.042100723836321
12797.110413490971,0.14938107164355266,-3.106160257836859
12815.807711160776,0.9180538473655661,-3.075220464090733
12849.758402193034,0.9706969055189307,-2.927087197720477
12940.126907411439,0.09363378662715881,-0.26422969190418844
12975.03673170097,0.005519722050083733,-2.7979308434487393
12975.035888505632,0.006846230204200131,-2.847598583411825
12975.026245425826,0.0014769152217617805,-2.807164905760467
12975.014935390946,9.422880939434757e-05,-2.9142677822799556
12974.987863084754,0.0024392571016777984,-2.7467254239509646
12974.937266839463,0.006539289126052403,-2.787654722991648
12974.92370901945,0.01916556876369367,-2.8982307220421903
12974.839276338174,0.03132863266043231,-2.719212091222114
12974.553481684861,0.024794533580075245,-3.084361136228842
12974.015902539106,0.003919919525809717,-3.0557334649289625
12975.421857195011,0.7878041525505247,2.314295707305405
12978.114281578857,0.0038098119892875735,3.1353383057390847
12986.279088816342,0.6333675041200072,0.040433085583073236
13002.854201194232,0.9985128668964628,2.587277781310668
13017.135801329587,0.9864490751168428,-2.9706873777200546
13050.011308990042,0.15142591781750575,-2.434121287675329
13145.462540405388,0.965685483378791,2.8076920676122707
13181.562144491587,0.00014183295298610663,-2.8316209499776237
13181.560393910315,0.00014183295298610663,-2.810256795211683
13181.569661183212,0.006222812928431818,-2.784082981524698
13181.581401893303,0.0023667080319329653,-2.9063223434644283
13181.575865452805,0.0017186476820737918,-2.9369247599391928
13181.549468481957,0.003224341699281731,3.026239760051931
13181.4895756833,0.04002098296657948,2.825430961263656
13181.355638407966,0.044482649914995134,-2.9006548182923524
13181.610675502918,0.2668650265922113,1.3016743465058003
13183.247321559353,0.8336790935487721,2.248000699654157
13182.422264686757,0.9797050901191203,2.930612222845979
13185.108782963032,0.19848528649528654,2.6155499131504296
13192.830127176869,0.11091312180218442,-2.45679838116812
13204.320671377882,0.0005412816016631674,-2.8740931632901727
13229.16753791932,0.9138511613656263,-2.2850536519754483
13268.824346081221,0.8739949594822608,0.48937179599847
13353.468495509262,0.5958930773947405,2.804003656173066
13387.110718033278,0.26547914245426485,1.9884585672493449
13387.106707813942,0.2670779338449954,1.971905099270411
13387.112194581994,0.2797599381719407,1.8984776882306713
13387.129921560256,0.28519446940550486,1.764996099465435
13387.186369619703,0.287277956787827,1.931474114919138
13387.260095361667,0.35909430025823424,1.705308572453112
13387.479418359486,0.45021950262075805,1.633097089277305
13387.937267590745,0.5979360734461795,1.566256101880942
13388.558439827828,0.8812488935933619,1.9314741248885348
13388.103070067025,0.9903366508766465,2.9952971972568347
13387.652707136862,0.6827527813253694,-1.5365353991802946
13387.331526481903,0.02204349620493873,3.043796343566787
13390.468102464594,0.020241460670077593,-2.9814189783818907
13399.265821672712,0.9906686389044738,2.885846766931211
13421.970110960223,0.5522294453665679,0.16545243878989746
13462.697425063001,0.5139868907985622,1.0498978524018518
13552.910608045398,0.6336948361808853,2.94310286844708
13574.634900271949,0.8785793561599258,-2.062033329397812
13574.634793402565,0.8776819762126556,-2.06306273251288
13574.644958843006,0.868030857191795,-1.9501250566161512
13574.662885879501,0.8593610327727167,-1.8990108733287374
13574.706871830816,0.8546523628122449,-1.7513758388498817
13574.7739978129,0.8076083000968981,-1.4830220124542035
13574.934660382654,0.7162288548326274,-1.0860288821135509
13575.449469926147,0.5982774499877103,-0.8296448888445758
13576.54385903685,0.384650297349049,-1.1553418514706448
13577.02099370803,0.1465393682071232,2.6212865484344485
13579.35754694881,0.689628144151827,-2.6701279280834638
13582.380833696257,0.4846230501935918,0.9692515393286705
13592.251468238252,0.2606501336256991,-0.7714294087187676
13602.30190956593,0.8122714542232172,2.718347610472616
13620.91925779126,0.5759057132142092,-0.3642492930811607
13659.99697645464,0.8123073604355093,2.6885105655163954
13727.095777082002,0.9689239515899126,3.1101314187584475
13761.496094035838,0.2161772890638546,-1.689552986097481
13761.5013390164,0.2100421885983895,-1.6647599362446397
13761.52007817211,0.2053513160058905,-1.6157187359705967
13761.527034156996,0.19571292688803152,-1.7951884130229148
13761.555161616296,0.13771947752272884,-1.8810587297046601
13761.617159909294,0.09145816331886779,-2.2513184769716728
13761.608453387902,0.04710718703151334,-2.680323022456731
13761.444993052797,0.007712109503650627,-2.881992099091322
13761.248591929183,0.002610539775797651,-2.728461018363266
13760.671217032956,0.041371144817892766,-2.7699697769180647
13761.51990596127,0.6145636973122108,1.3087626130533065
13764.998765370046,0.4340055757386159,-0.37665378495155366
13770.098855547516,0.6688178748560241,1.306470986620174
13777.433282627386,0.9884514311941914,2.6760265360700437
13793.210486500504,0.10042660204232157,2.941275851718233
13833.703082961887,0.01204032727071189,-3.137578640524901
13909.082860334274,0.9990918948076277,-3.082376650397775
13947.971784428146,0.9795044502880668,2.760843858675539
13947.967518515607,0.9806824745524646,2.7803847567584654
13947.963920279819,0.995540518116081,2.74654259928446
13947.946749235403,0.9960111928220752,2.889655052716831
13947.911190015055,0.9971650340313918,2.70851973449129
13947.870809324442,0.9999583468760461,2.7310563868922575
13947.799517177831,0.9808575146347449,2.7592362077200425
13947.659528724973,0.9985566394185257,2.8597270990510824
13947.419173960161,0.9783915647771743,2.823903341508995
13948.253036487964,0.647594173668934,-0.4940238281459468
13949.985724045791,0.9963039026398988,2.732102930023742
13954.503077088584,0.7750797356725321,1.0220647499733753
13959.875668773784,0.4532851791604736,1.56466775018594
13964.77456411443,0.3766435112185602,0.3574062046182487
13997.426566594166,0.9318801101400023,-2.9293978760977857
14049.18494199609,0.9756813155012954,2.6287083423644475
14145.54539286506,0.3916695817597715,-0.1551089377270496
14188.778042855363,0.7617610966187437,-2.7652219097083037
14188.77684409048,0.7629833501593776,-2.785546722068913
14188.777942765711,0.7777646500246852,-2.749615246544547
14188.775185038385,0.7760104863734301,-2.703359986091268
14188.808812294965,0.7599310557442464,-2.6414892687443365
14188.855957355312,0.7429673212075277,-2.425541154345156
14188.972110842382,0.6687382130629271,-2.558365373436372
14189.275698711599,0.5696525370782715,-1.9059642746985102
14190.273561818653,0.40191007769408577,-1.259616054512495
14190.494410193804,0.007590566644805532,-3.1090919650696285
14190.933760287082,0.5182725746889294,1.276764244527267
14193.911975717558,0.05888911252897153,2.908370721433397
14200.780819946696,0.46974166177230975,-0.14575741566098
14214.521661778934,0.099875471140187,2.418115363711225
14229.718482293365,0.4732651781904794,0.24177644144115895
14277.43055792162,0.23971072813682484,-0.8157395437851922
14360.528384934936,0.011114593897544215,-2.9451747479814827
14405.800762521814,0.07662640653585749,-2.3479882136859356
14405.80789116433,0.07465389833652165,-2.3745313221790556
14405.808309903492,0.0651415128569896,-2.4373179398525977
14405.803163874823,0.0635321852802903,-2.375285324499565
14405.805063500497,0.05938336168518168,-2.608095184879302
14405.793356026541,0.03517141766855407,-2.6830715280106587
14405.735255294045,0.03466422648956527,-2.9813401813408884
14405.581991641366,0.010084807360952068,-2.5492318173703725
14405.34483177515,0.0021214510473149756,-2.4227320600250786
14404.989661928747,0.11157112212757135,1.5146943269011315
14408.106228011198,0.00330452236315046,-2.1280200315238957
14408.47360179317,0.5667235671102265,1.4239260368184592
14415.132216133268,0.35863616127756354,0.4544379725022676
14430.222241450749,0.7519295092308368,2.4894668990478426
14448.35381079202,0.9685116428888163,2.7090347246465374
14488.216112228954,0.9973971052130866,2.780321507536213
14580.762376894118,0.9986113790153883,2.6440116751919103
14615.15714957517,0.831179974101875,-0.04615385504665248
14615.170302221262,0.8330833211759735,-0.042731345332691184
14615.179344616161,0.8378981821069279,0.018757908981893223
14615.227027175133,0.8440727849056129,0.11939384298564226
14615.27109429596,0.8574564473554406,0.2687962984959049
14615.378878741296,0.8813177463959306,0.5262967293942125
14615.556969306961,0.9632836569320173,0.5098102319986269
14615.746926841775,0.9918177744256546,-0.0017317729394639159
14616.100776503594,0.9965160925293673,1.4251529108049716
14615.54658416388,0.9813849966329575,3.0744526174635123
14615.709441782843,0.6541296427210216,-0.5016816816833214
14620.017684999802,0.6052238927210903,-0.9075340373439311
14625.385424617542,0.4055357252780251,0.4233144910414346
14636.044502310471,0.8825399850534366,2.59789837911749
14655.043483324798,0.46580042293821766,0.822478365050753
14701.819371384192,0.7950670820698613,1.0617472806601072
14801.556543281189,0.48621519859944684,-1.2594963429487842
14837.322954788682,0.6816514116905129,1.0720831791896668
14837.3299799868,0.6901958681862315,1.0625156666048055
14837.338718773735,0.6848060097269265,1.0679215359932694
14837.364127017485,0.6785214838067795,1.0860269181274615
14837.430424043123,0.6883652091122822,1.2887832343206442
14837.514147835001,0.7490607741087145,1.4858610461552528
14837.660058739133,0.8156336207164148,2.0172591405491413
14837.786753158736,0.8861171047461075,2.6063994138095445
14837.555715463464,0.9946887095202118,3.0157946401490374
14837.734261410407,0.6890327938744039,-0.6821631132459038
14839.441857227157,0.015425121304973078,3.1320471899489
14837.445862232273,0.005517169418821094,3.037394399887516
14843.175481200431,0.025608416933865057,-3.0016247750461837
14847.846314536548,0.6930732030056125,0.4054068991466053
14863.35734989036,0.9976271980511795,3.0181205150886505
14889.419668791505,0.009689287890483688,3.097406919939033
14988.429007728417,0.00871807084325522,-3.0135963850365055
15012.609758721223,0.5684279928663581,1.1478758428540115
15012.611254835447,0.5717138454811904,1.1639501870805953
15012.624010278058,0.5788970960990186,1.197287672477879
15012.653871347084,0.5892065882695632,1.2590812595309684
15012.71592206527,0.6032137678195152,1.2304271193329734
15012.847519241886,0.6480156905919833,1.2108465024367998
15013.050114695434,0.6962158682492233,1.6123503329184814
15013.236345952713,0.81022297453555,2.6330458830463623
15013.390667894904,0.8801142149690565,-3.0907906334080577
15013.692734185337,0.8066548426017508,-3.0133663863364872
15015.324102354176,0.7325545659539635,-2.4697863037293226
15018.280772252434,0.6342581217153047,-1.1686986382245874
15024.004906412323,0.001668393251254191,-2.9784374267157276
15028.97587519551,0.009932777091394972,3.028868797101687
15050.259249594814,0.9863544012794767,2.954237143994453
15093.477252689794,0.9873072681411337,2.308585135335835
15184.311452522512,0.8964520394725503,2.7632080973788833
15224.316699194957,0.9195902390459468,-2.964548485029156
15224.314374059457,0.9146504476563165,-2.9897879615747573
15224.31589150521,0.9095215575038188,-2.967519322695903
15224.318043033409,0.919567323773848,-2.9415596798879124
15224.323780647,0.9158074615614266,-2.8466011156501874
15224.326939812274,0.9129354326623172,-3.068871819210934
15224.340830978794,0.8932512726648726,-2.5790435625953956
15224.447024698018,0.7749688976648249,-1.83757262948883
15225.300886536017,0.49773139953896217,-0.6823572956732193
15227.22691261015,0.10870857966532885,-1.2671604180589193
15228.444148677027,0.8357781924935215,1.989922124342753
15230.336647933787,0.8056314290428904,-2.468706309099332
15238.858225951279,0.375495797872851,0.24126904252030057
15248.442203996785,0.43727263779798003,1.8873541228095139
15270.563070016766,0.19149345691416245,-1.5559119194286246
15319.657064197712,0.6058802843768909,-1.78750008950489
15432.729512600117,0.4608969061919452,-0.9167455549705998
15445.363834511269,0.13717290734565438,2.699079262011126
15445.364817574939,0.13771342273743986,2.6729169524789897
15445.372563571394,0.1454309172832699,2.644394093474922
15445.37902100307,0.14765109992304207,2.772433164100091
15445.381746020688,0.1558509729595385,2.6384299575428383
15445.408878757371,0.20321091605308034,2.3786384632093913
15445.550954150416,0.2250715879388909,1.819646480807247
15445.956087669285,0.39610051722023343,1.3466085613463212
15446.965185158797,0.7087244079611955,1.4647462801134976
15446.879582033314,0.9797752774805261,2.8779054694300363
15446.175062465414,0.8816590681196785,-3.124266236460252
15446.936415715269,0.9517258381618119,3.0181057841429038
15454.300215330804,0.018176073658904036,-3.1135634905404532
15468.85975866806,0.9003692521619371,2.6401356089960064
15489.254837696097,0.16495581196272713,2.8497776733915936
15524.704418981984,0.5094950960118859,-0.7735080904122857
15623.452615121505,0.000436196534169155,-2.588149886930105
15653.0566803459,0.0046410921786375035,-2.9999157638146037
15653.052930419266,0.0046410921786375035,-2.960441750376971
15653.051304307339,0.004057198558739468,-2.947929285914349
15653.040902954092,0.008502883629846518,-2.9722242776472405
15652.999246475692,0.0018471474699221606,-2.9624347840660192
15652.931350901039,0.01360075991098146,2.9042463366122178
15652.85095413186,0.029298907208570604,3.113065970886601
15652.758235461883,0.020907757405274986,2.9414856743337072
15652.505333154953,0.005986657953124161,-2.964948308054469
15652.096453070613,0.015408316706500209,-3.120231370222848
15655.139772178043,0.19462964127967144,-0.7286837982569683
15656.046437453313,0.9906335970192554,3.075453582452658
15660.748607286352,0.3363813860424027,-1.6024449379733279
15670.77825958516,0.9987657254882996,2.68218978038462
15697.898075307176,0.22868437260079616,-2.1664885831995346
15722.714491031944,0.9828238124451685,2.6609965867261103
15798.74904624941,0.5966790269433018,-1.442542361011155
15834.471258567173,0.4182411527250009,0.6573672247707028
15834.473075995174,0.4117023642816241,0.7377226768453973
15834.484458457106,0.4072910830793535,0.7396963047853116
15834.523421346745,0.42244016385334676,0.8345495946938413
15834.57376376857,0.437582350485481,0.6236872235944135
15834.689501285762,0.4488357658650085,0.7645368598749833
15835.04057246657,0.5017945409545125,0.3202619205286319
15835.64147794056,0.4645729782659707,0.06428339392121396
15836.897217589147,0.5089299204214071,-0.025451747280716308
15838.704863040724,0.10055351601806306,-1.9372594385107123
15837.83468944231,0.04923887624868097,-3.0159813679356455
15839.23273246446,0.9263860402418028,-2.0892836376196917
15848.618324915738,0.150611965394603,-2.468549545450512
15861.947997720967,0.372101912814625,0.6669252920583459
15885.241551876248,0.020903251317153117,2.7044289353514523
15914.269916299107,0.09834128751164056,-1.97487006840586
15993.384696420393,0.9266086804191217,-3.00330697460949
16041.74083838975,0.9566465548256425,-3.140469449865317
16041.74065165338,0.9641467627808642,3.1073849859413443
16041.730773566083,0.9640174353634078,2.973475575271892
16041.723110800425,0.9530290581936877,2.9669605749658237
16041.71549497216,0.9719224621418613,2.989392925364532
16041.676425931333,0.9621541218680735,3.006732498214161
16041.611954718268,0.9757870844633574,-3.075494564727408
16041.495343773087,0.9563898964507168,-2.819667286945157
16041.636770815167,0.7498258945226741,-2.9455977326841563
16042.179553908063,0.8360346442320125,2.9534734224386625
16043.863601383764,0.10270664704938584,-2.465183876127858
16048.527834123108,0.004364441398417616,-2.766739301978755
16056.973401547419,0.8370582503576551,2.4975109161317572
16066.69937493622,0.0008741075045244833,-2.6771104392458818
16089.015110489961,0.578746119683265,1.1852360731507874
16133.974820804287,0.00024150182945471312,-2.728536925754155
16226.148627913155,0.9390569342158916,2.9218550674506867
16256.703330690323,0.9888619452970632,2.7383132714361444
16256.705503374014,0.9901272634483361,2.760393013341325
16256.703615619763,0.9899582323901291,2.876427103958096
16256.687906419604,0.9965630570100251,2.8030260853708064
16256.660922872601,0.9885173389817542,2.8747058355565454
16256.609100796673,0.9987343966202822,2.779077914826294
16256.523114818765,0.9981219990884149,2.890802271831724
16256.418895912137,0.9923232873033515,2.9959718656614047
16256.177913933287,0.9990754335322831,2.7329424659582555
16255.635206163655,0.9815000322467052,-2.909462276536363
16255.83876279055,0.5731890767269973,-1.4454191034360422
16259.081139646076,0.2457132880657007,-1.1169819881372791
16266.715741792344,0.847696764783876,-2.9697869633591836
16277.489927453575,0.02593587315796816,2.5661369887321044
16285.225222256804,0.13881102586013955,2.202973726633842
16327.395572640264,0.9897284490379732,2.957823511683836
16419.66163331866,0.006901718455569426,-2.9922800334771535
16461.794008287925,0.41193833803290875,1.8484647614811927
16461.80125241244,0.41179721293681687,1.8821117556320583
16461.819745965666,0.41559279244855696,1.8216633422687831
16461.8418591725,0.4293659233976971,1.9524534588410853
16461.89106192263,0.4557484051058733,2.0269951719458703
16462.032588848648,0.48244794063507274,1.8477739935942168
16462.225358059484,0.5608372264915235,2.0552970297288145
16462.572697979936,0.6672404654395958,2.170961446438282
16462.940179128975,0.8129976542972479,3.1387279692210646
16463.98474004285,0.43506624813769185,-0.7188165490763914
16464.1555224065,0.023561632666273088,-2.469436161379855
16466.760905778305,0.8621240560693725,2.210563067381786
16473.967005262715,0.020286530410072917,-2.925202583124365
16484.1067441031,0.9967923241542945,2.960968578474543
16510.745545929956,0.9706960308700854,-2.2288447499950164
16558.1546360921,0.8392888857114048,-2.455500366863511
16619.05451127902,0.9955169228001354,2.453311342016061
16649.90916084261,0.20212968573710768,-2.7833761496603184
16649.913867220195,0.1945204069030962,-2.6797286944220815
16649.920260817973,0.19703580783166424,-2.7111715987417573
16649.932596153914,0.18613073291569496,-2.8155406784804167
16649.948536787742,0.18544641214386315,-2.845348891235862
16649.972590789468,0.1704432203303944,-2.7496213416953053
16650.041737879346,0.16313942073602225,-3.1054352663649607
16650.17210208835,0.21910317486183173,-2.9855567167011623
16650.354526233183,0.08821667013177029,-2.831765367171574
16650.033854731293,0.043329350920566216,-2.800307932137836
16651.79403180672,0.2234855369766692,0.14103906436061875
16653.003485938047,0.16980138367346753,-2.9437244864074676
16657.223454711548,0.953059890894041,-2.509621097425998
16660.068780848982,0.3521713466121176,2.443309951792961
16681.617350953315,0.009183360833292489,2.974053111866535
16705.67960797353,0.908789568220421,-2.4944958013854084
16768.093301898007,0.847497480365763,-1.3579139013548638
16800.99464689652,0.6076719131680752,0.16629370640686236
16801.006140730165,0.608693799192233,0.1265686285872465
16801.03723679116,0.6063536362887237,0.1306279529302743
16801.08240070157,0.6017567380191731,0.1645742352406021
16801.158342042287,0.5975637562151982,0.07579695817329801
16801.288544286945,0.6426464799538891,0.07923858479595802
16801.553329881437,0.6306361849761198,0.09549188792107044
16802.062719530422,0.6606747674696231,0.38349341836883166
16803.008356187936,0.8102716833415244,1.261087386354566
16802.76765244007,0.9844274924107244,2.875737690454594
16804.101524436777,0.2159348254167021,-2.460152083236576
16806.018923006814,0.987870940497479,3.0398213455087326
16809.150592558355,0.9987003630638744,2.7359739114001407
16819.913595029902,0.9604424201228146,1.9695083428442768
16841.116929571188,0.8756585875920501,-1.3357351196215455
16876.54542336618,0.49748337265895226,1.8372663799079918
16958.404663613106,0.3214755982737629,-0.43282021516642466
16996.30148092037,0.28527165024530066,2.234298428869314
16996.309405631095,0.2857196075661988,2.2647401429540386
16996.31258515211,0.28564663543935725,2.222934061160796
16996.326932809545,0.30541630427774724,2.1425860239172785
16996.360104340056,0.31846856710951693,1.9336143843376217
16996.47210689145,0.3502016749012401,1.6579153072968111
16996.660095644656,0.4133964339685894,1.5029417376489196
16997.171977221766,0.5128360716427306,0.674583300927825
16998.143063440122,0.8450925862952556,1.917520849666717
16997.65592581832,0.9977232474140902,2.9012787836459335
16998.623597746056,0.4634017328832969,-0.9353464272781555
17000.639127883187,0.35608022448840676,0.07273593464531336
17003.358495943296,0.006693080160798743,-3.0480400601737325
17013.858830829387,0.04529701211936878,3.1136841111264726
17041.9611498591,0.015025569186520725,-2.6638204551495313
17065.350036020118,0.19713731307214222,2.98284352600224
17131.57682185849,0.005367154223828737,-3.118192880222067
17180.094616885097,0.4452206048175812,1.142773266240943
17180.107439947824,0.44885855961702203,1.1513075263012915
17180.120548332878,0.4473042244483701,1.1766754808531408
17180.153197082876,0.45652855078949545,1.1999731889182463
17180.203172911464,0.47076477861314603,1.172657920827615
17180.349644025173,0.5192182839748466,1.128934793923646
17180.625671526934,0.5819455777711849,1.0820657642213805
17181.02023198923,0.7370782074263892,1.85613022881466
17181.285723222492,0.9727326114647745,2.9016593689830277
17181.488441266458,0.590301272926431,-1.670869496287055
17182.863710951427,0.165417665771592,0.5698339167948463
17186.11373981193,0.13416773117359695,0.2002147720548595
17192.620882904488,0.6014910892111918,-0.6880411103446238
17211.26224103533,0.002791659461485064,-2.9847380686388383
17227.69869448856,0.9988320858360376,2.895201656562487
17260.582490531222,0.9923908359222172,3.0623942461977167
17350.68227942139,0.01105057597158847,-2.9295140630952776
17381.7961891828,0.024079178187227844,3.043733240075606
17381.790899842785,0.018078456129930413,2.9414849982037516
17381.784925779342,0.008817110384278414,2.9101976662416478
17381.787566395877,0.02705224245102999,3.0182159854062043
17381.786309509625,0.032125487862938555,2.9920201776330497
17381.762474806354,0.034783542395400276,2.7673478660841724
17381.719496364574,0.1089910014571559,2.776206202513416
17381.866420626797,0.3155422835623571,2.4300379234555063
17382.450088544494,0.4846260562581248,2.3562129744230855
17383.429815752253,0.7665933507903504,3.105836483547071
17385.237852554746,0.14217067189299706,-2.881296745609666
17388.35501062177,0.041022200594733896,2.6434877617682195
17394.875746122794,0.38254915983346016,2.278103074261441
17406.211660880268,0.05890414163970623,-2.7558399359185444
17426.009174306717,0.16441289654026267,-1.7694108120647907
17465.693406131737,0.9931014352633886,2.7262426577911585
17547.915175908984,0.009482976179684306,-3.011417046515964
17575.595607451924,0.4300311615297499,-0.6706304804210266
17575.60664422346,0.4332262383933426,-0.7477382711996152
17575.621299449704,0.43019800230249367,-0.719724493351197
17575.666330966655,0.424632423686426,-0.7921371660463628
17575.74223176467,0.40657211113231634,-0.9700160200600187
17575.86115455031,0.389108020682641,-1.1643707250454454
17576.08868274617,0.2883176336984415,-1.1457168845350418
17576.406309938662,0.09859829001246545,-1.5477609485310913
17576.286604704226,0.01085069243465424,-2.789264663277495
17577.193168542024,0.4600003101483628,0.777258487217769
17578.669669775318,0.719764218468856,-2.6071389822025797
17583.101240392818,0.8820956500211331,2.4720682351671632
17586.541361022224,0.6970625239563848,-2.0647532140918616
17605.815560757004,0.37303652625317535,-0.5514116362510206
17630.53570227916,0.002350817591025908,-2.8374749678365703
17680.90379696565,0.1317768973635891,2.7867096914298983
17749.983130435525,0.048075489070318514,2.7924026679231844
17777.9655203087,0.9927184326443386,2.9072940529910856
17777.960001182997,0.9976948524830668,2.9590807614690906
17777.951677668392,0.993476868398917,3.052025496679197
17777.92316259423,0.9992743529317065,2.9296287842216007
17777.902973021,0.9992255821302646,2.956178719027939
17777.86375954665,0.9838173856738025,2.9709022184843272
17777.76049661581,0.9874956731094748,2.793261570049742
17777.590857087565,0.9598422076105303,-2.748237499605849
17777.675394610495,0.7471266926797349,-2.101888549578465
17778.910067218003,0.1913573198368871,-1.9092260448254326
17778.593599334497,0.23067731073617218,1.4198143113278139
17781.267626302284,0.090403009549294,2.399996122979813
17790.416112094463,0.9789207751806149,2.2725858281962763
17796.839035155346,0.9183353903364798,-3.1121832059093903
17821.10281822521,0.16863091709589326,2.4543394214270435
17855.598238431332,0.9824052206961261,-2.9187995704915624
17946.70074537873,0.9951120704878317,2.7179783262571675
17988.35338860982,0.8088297701478948,0.24655062065394207
17988.353373817317,0.8118888799346539,0.28432530434459746
17988.354283370925,0.815495197252406,0.27697283670049044
17988.382793984863,0.8219969544079375,0.3119968032354139
17988.43363162082,0.8316472980152512,0.2945056618644779
17988.52356328644,0.8464193309517991,0.3410111103242679
17988.701731441495,0.865996833816806,0.5078222401526977
17988.93091210057,0.97696582294988,1.878223284334462
17988.686030528996,0.9386310089186362,-3.099210830193181
17988.588394606002,0.7795387685773557,-1.8722603416672423
17989.977770306778,0.07702135315487,3.114945981891439
17994.366411364426,0.003240990737631652,-2.874579632322058
18001.86036441933,0.8628032034885172,1.9826486397726057
18008.562308039393,0.24988237683536338,-2.943443354039687
18028.199537741733,0.015090709935755103,-2.821333302559322
18076.09328500624,0.9326102206111426,-2.6454159114123903
18164.3318738083,0.5262672261817053,-0.0789061757157885
18194.14236646682,0.9466288719228761,2.988683321251088
18194.13472456649,0.9497354677558261,2.934221889279195
18194.13887410663,0.950645715792559,2.962642010897822
18194.140630357124,0.9549875479325625,3.005654409981908
18194.12498624768,0.953502840592033,2.917097456879281
18194.080938495714,0.9633828301232148,3.0164415780666634
18194.037023287732,0.9981007647177649,2.931381338334603
18193.97976302394,0.9446818032371076,2.9243751082506995
18193.93612422618,0.8964753557778675,-2.4730951311702385
18195.523594833892,0.6113582158118365,-0.04515230140344606
18198.081754316216,0.0906752005221537,2.767572387203561
18203.392516200067,0.43294230331023886,0.122134302435144
18206.55133226898,0.035923598873033036,3.0187805336342715
18217.18084125436,0.9466129239883185,-3.0686895443381825
18235.6489323537,0.9930310267701921,3.0133017447912964
18292.100185925392,0.9889221641766,2.9484376386562445
18393.773102825286,0.9960491588637145,3.0350173407944823
18423.864824889173,0.9720782403376043,-3.1312881003732547
18423.86250753116,0.9708195687637071,3.100192753626777
18423.85918207816,0.9925253641010209,-3.121023881080479
18423.846564043808,0.9832938257860909,3.1394040353946027
18423.834303190117,0.9933023537215112,-3.062478373442304
18423.82166343913,0.9843082517506502,-3.1371690631446656
18423.714124923114,0.979778622166232,3.117832336614132
18423.598939446125,0.9918036936259785,-2.802190096122445
18423.480412467503,0.9161469590890926,-1.3064615429893005
18425.194638473677,0.6005031529334012,-0.7506426864116449
18426.161133819325,0.08707226994467243,2.6753913062922248
18428.407620688824,0.8844504503669195,2.9194627300955434
18436.1569069382,0.9307243338813124,2.538940233537617
18442.231825250565,0.9751601639386364,2.8538412531897492
18460.938466581927,0.1654572459898393,2.479554496096231
18503.249492034298,0.9808633177510288,-3.0778355451771895
18578.032715180238,0.9958490268558254,2.8984048782860565
18610.48443592076,0.2484846750809565,0.27732014001324545
18610.490933721525,0.24326375947564535,0.24169962165336
18610.50446266223,0.2527708899735903,0.2845644905755984
18610.53134573056,0.25691793833109716,0.18772459204417835
18610.591714037197,0.25895130023833546,0.4067482100704183
18610.713324016364,0.2835350482323878,0.32275465482006327
18610.988921839475,0.2533786086944782,0.19882946844510352
18611.52573489684,0.239877345280138,0.14106166220881322
18612.38673908045,0.1425030132892714,-1.7339546087457107
18612.07351660556,0.028749284812798717,-2.875928893331792
18611.927981768953,0.353174382995183,1.0154879480158474
18615.809348050116,0.0003711746312113559,-2.5570672949068425
18622.05628346536,0.995788405568451,2.7324638362908384
18638.321264667946,0.004535993197791222,-2.2672731412709903
18661.40064042283,0.2421146453837387,-0.36805212786226527
18708.313282491505,0.9998131714901519,2.4420712441843797
18804.73487121323,0.4956075596508931,0.875828374890804
18831.192836401005,0.01923695159855182,-2.93871023291239
18831.18878663075,0.024507767161196757,-2.886551130842799
18831.176513210055,0.011242590864105197,-2.8640928242567183
18831.177504128853,0.003858526483998141,-2.9259677365162124
18831.150541095096,0.02550093630819788,-2.879024893233751
18831.162825023363,0.010355116607693355,-3.0632769350651974
18831.13590163001,0.03167815499748905,-3.105046477752406
18831.034400687993,0.09017617444772699,2.320726901362807
18831.344571056903,0.2665155164611331,1.115869497886294
18833.577432367052,0.6540686795391379,0.42508699443223197
18837.344312192134,0.8675325322465793,2.1653899731497726
18840.07096550423,0.5091834925990095,0.7999806570450243
18845.740975473338,0.46296960046486524,2.8872223630034757
18859.434095055698,0.988999163481659,-3.051223337829993
18876.611863017217,0.9953279823295524,2.884653918689856
18909.726490977635,0.3501340718893438,-2.079234500077911
18978.45305878634,0.5227254695777049,-0.32359443992732384
19022.942329611502,0.3963373946438166,1.355489971578967
19022.950487616516,0.3912595118549153,1.3280995758987277
19022.949458053525,0.3905141192461999,1.3688655380331838
19023.000398907585,0.41766912650919347,1.2768619314792735
19023.082484676106,0.43792034708825484,1.3218064568247616
19023.221924252535,0.4881264434664536,1.2200326031658992
19023.495832988272,0.5633332892495397,1.0199234319022707
19024.020692967737,0.7303127164537488,1.5004800578516218
19024.257563294846,0.9063196623428484,2.5951436494651166
19023.756091565723,0.9799062162384907,2.777615597506947
19022.790540174978,0.978863044234553,2.875172964680144
19025.223652778164,0.18011418920969607,-2.6251267131315976
19030.968715122377,0.9516237809924464,3.1271848249909358
19039.327936120168,0.5864399920105918,-0.12097266279739305
19060.96065964461,0.2885204747611667,0.8388376759426426
19106.176968413754,0.7221426564361326,1.9518395029250808
19196.555275269915,0.04057263806607018,2.716322564481729
19246.72179053719,0.6669556037122548,-0.6843065972895861
19246.735615700192,0.6788958164391641,-0.6626413654013117
19246.762296107925,0.6729564886902126,-0.6670559200930093
19246.788980920814,0.6621993990876047,-0.6792178739381116
19246.8350743095,0.6593690683975252,-0.577314807739818
19246.966725576556,0.6160457375795244,-0.5577610367351995
19247.25982917599,0.6024536387159108,-0.4278982472975126
19247.869237324896,0.48583432065034104,-0.48946771717094695
19249.051579270563,0.36810081022509583,-0.7909186805176929
19249.761858526355,0.003932546623376206,3.1074010891293202
19253.006910808035,0.3487917543331336,-0.9967766462191969
19251.74895117218,0.007558218857485569,2.707046477247207
19259.71665956813,0.4189685055119843,0.001423627302147512
19269.374785818305,0.9991103043172915,2.9388858365857615
19281.676548474647,0.6736483631086406,-0.5217226292908252
19330.368624223916,0.2038076488442361,-2.9294218939823855
19417.849808318144,0.3233139001098767,-0.7780751148693277
19441.44300483041,0.520047782314773,0.9575960684527463
19441.443191663457,0.5307502951032996,0.9934875075261669
19441.454090618838,0.5277223823475579,0.9912510646871864
19441.485020716438,0.5431723265242662,0.9796423958874421
19441.55893935018,0.5534372227813774,1.0266770051043466
19441.673319256213,0.5701244743380038,0.8600665699906695
19441.912754726058,0.6051814307042495,0.39653217694390985
19442.45261189567,0.5505563296513649,-0.020406048191860204
19443.746812994108,0.5366573776254081,0.8653404262286326
19444.735348533814,0.9770559801169449,2.8772172852736073
19445.846605751914,0.326981231202707,-1.9615139019837164
19445.27506760609,0.1344208921143941,2.390544264929657
19452.930894774563,0.057149597344650346,-2.6316762413114283
19458.76780659392,0.2919709236106572,-1.3004635205755661
19488.276737866254,0.0015457014609982834,-2.4975203113040867
19535.118414922767,0.9968429893251514,2.6273810383884726
19618.45307241531,0.8429081243701178,2.9595825611679913
19651.852819904187,0.7452088860868297,3.132312548164771
19651.852655092713,0.7440358078415343,3.1174173884030623
19651.852141963533,0.7424472144567508,3.0915389686174137
19651.858637215573,0.7646176057187387,-3.009199629379029
19651.894891908305,0.751687723142329,-2.964280198151229
19651.931846530955,0.7216453305407979,-2.8362724725362103
19652.03742552927,0.709957377612219,-2.871776433403911
19652.2384711853,0.6607224946236941,-3.1144829994820387
19652.852333453076,0.5796300137628428,-2.8611008087331173
19654.04042651867,0.3414059651931388,2.6721074770498054
19656.1269328233,0.8546965954259895,2.5904218777073247
19659.06860650697,0.004154983470263346,3.0946106864763196
19663.062994272273,0.24179585963302938,-0.11160238704763126
19671.29905210059,0.5086535037503801,1.658058898785396
19699.973810396175,0.3997927200764139,-0.5225451951146445
19741.744350265664,0.9209482791788767,2.6616649657451994
19825.236659992846,0.5419361326121381,1.7339029002726072
19857.12472599306,0.9939572153086047,-2.81495577496493
19857.117942205372,0.9849895289729378,-2.781804347189741
19857.12167604379,0.9915411515355816,-2.7979838966208144
19857.10189401269,0.9801970089620996,-2.910710188768389
19857.08453205839,0.9810586855041538,-2.90411102011669
19857.07356646122,0.9821543812678978,-3.0540990584839625
19856.988226484176,0.9631747769965695,-2.8764816839724716
19856.92171864074,0.8751493261761455,-2.864106519259461
19857.351532820045,0.6109187123847706,-1.8865774480916964
19858.536206192846,0.10645474261372315,-2.564782685615682
19859.46522590581,0.6590075617606499,1.4764054786398884
19866.264281558637,0.516119672809629,0.09064677867155257
19872.101082862202,0.0009064731691079283,-2.600172451091904
19882.44188313244,0.015396828736097693,-3.051333681250141
19905.53348906834,0.11943332682093111,2.437076893289884
19947.209261449472,0.019315053729070823,-2.815204406834984
20016.92486611274,0.5011451745958363,-0.13966616595056403
20052.965958068096,0.6835000913888907,0.254235586229997
20052.97787377573,0.680452720426141,0.2543210830470315
20052.99425934063,0.693210018774268,0.2101738391422998
20053.024806527137,0.6919775982871439,0.1474791924236869
20053.075004815506,0.6862064390790588,0.21994427857036092
20053.20911750143,0.6885654952695395,0.4265920855810865
20053.45372564368,0.6768175451515963,0.35377765303084985
20054.019229387988,0.7954797623604417,0.5751448160178376
20054.788482573782,0.9221826182502806,0.5265502750582503
20054.515994828816,0.9975767939007395,2.7342832317091226
20053.719090630904,0.8667583428252335,-2.230286997699347
20059.554879258583,0.0037551332231645107,-3.002111363138898
20062.405090887878,0.21372705483792528,-2.470417247771374
20073.637722704523,0.7694133609700687,-2.644902140082114
20091.490572303337,0.9979673593544107,2.7473539521767707
20128.743590935712,0.11990367665174306,1.3672303735362927
20209.975468183882,0.36351948588454613,2.181433474408289
20262.59754357071,0.9961215914038761,2.7464422052260105
20262.59078876277,0.9961215914038761,2.735592636347274
20262.589357034292,0.9937445437382296,2.661535123485507
20262.59393141624,0.9955718750446698,2.663996745475747
20262.577687105306,0.9896896790656321,2.6781798251198925
20262.57276842969,0.9709573911482798,3.075734671198255
20262.56070113997,0.9655219620926471,2.978412810433806
20262.49042171655,0.9941614727925636,2.9278978764758303
20262.531600643048,0.8434530663134878,-2.7038654177033288
20263.934926950893,0.20369846032659564,-1.8206271019011946
20266.34276427101,0.5371881396085497,-0.5471166132187362
20269.178550770215,0.07185679433624376,-0.7410529276500544
20271.71691477037,0.0677682772331172,-2.4392048793070176
20294.783043766194,0.6661577687180581,1.2925893589693258
20318.626458298804,0.5028117346455332,0.6945348050038165
20366.854709963445,0.013608842585784932,-3.0902130486864934
20456.77530251089,0.4646729971783894,0.9767808749544509
20492.15502228306,0.23606191850257494,1.619567155039066
20492.16019555253,0.2357383514073145,1.6658751381569825
20492.165997714943,0.23844698100383893,1.4984808387759587
20492.189889783353,0.22525423857486193,1.416410018623142
20492.224221208453,0.23886245380470617,1.3055000774728889
20492.341663743122,0.2978604332023836,1.1873186347622946
20492.595361265223,0.36746308719618404,1.029766944906216
20493.10615282274,0.4602767068891331,0.6779165962717033
20494.237542636787,0.6312196624440197,0.5151893983191069
20494.98313346021,0.9777362347382147,2.9057204329492228
20494.207528938012,0.763766729881965,-1.358379159821633
20496.49648779305,0.0012708791512898888,-2.625837170420055
20502.4004579429,0.1042266312763732,3.0268531943350254
20506.454963971817,0.9807235468694774,2.67436342456301
20530.60744735928,0.9587599617165833,3.1211001261540767
20565.839724773006,0.4985963282550141,0.49742608142714717
20640.250682260485,0.39897479524886853,0.6940648570212606
20675.538420433088,0.21576221071830037,0.1072155919241986
20675.548371131576,0.21504176931873314,0.08702131322305329
20675.563849846258,0.2239708171396591,0.24904480633313364
20675.595740300218,0.21825818121014617,0.25951278767218877
20675.659606336125,0.2156250426162915,0.21894263491922183
20675.75217346906,0.22941679796141295,0.18367358036570547
20675.98578958298,0.24193129231369565,0.41114215707281865
20676.458047705666,0.231589774043302,0.007218913309058106
20677.41191142212,0.2728406766258651,0.5205668928203981
20679.636698685757,0.33881591788845655,-0.37320420905794816
20680.163589348755,0.0728101277274738,2.9399956400294993
20682.423199554265,0.5345161345221816,-1.0761229114497812
20690.25186641464,0.4128448814706372,-0.8876623971784348
20699.25361441101,0.8547266441868249,-3.1271407981688406
20718.367690609273,0.16191215810093562,-2.6763074095798767
20761.72758527302,0.3228219570751517,-1.0144669201535161
20835.738234270866,0.9109725648698136,0.7363601911131541
20866.670505153645,0.016893094681538743,-2.835132230152384
20866.662842970938,0.013683352051192763,-2.879161153017257
20866.652875845106,0.017353050737396482,-2.8597900518295845
20866.652773871807,0.012859557917268054,-2.9636653250874576
20866.647213465323,0.00781211574402246,-3.0515031271177393
20866.632466052397,0.0034216849746219434,2.979224440107097
20866.561151218517,0.00338170945275353,2.8562454879060457
20866.3858525565,0.022868917967778103,-2.8872813255456693
20866.09855521874,0.034553515476586596,3.0296057104213006
20865.753564751623,0.11152408952690039,3.0141195517086308
20867.78641686258,0.7363483642019474,2.6926223983956605
20868.275826859728,0.9576527256301286,-3.1095053734262406
20875.23876452857,0.2480170824736832,-2.81521916502387
20883.318031032195,0.8559086135717702,2.526321347607709
20901.321955567375,0.16582688537953863,0.8384071599339982
20941.431667731875,0.4574073424187486,-1.9167047099915464
21034.135469771103,0.010513413714117622,-2.98371694394511
21066.175216118467,0.008922576693621348,-3.019646708052927
21066.171145582535,0.013721845383401057,-3.039233200468893
21066.16597428465,0.019430676987815768,-3.0961486961684557
21066.161550547407,0.027687905917252897,3.106934615250749
21066.172778766493,0.02876358276317176,-3.0365337453285863
21066.173737850895,0.039961880287664335,-3.024551244852581
21066.10258681384,0.0027137318414217505,-2.7935824145120685
21066.03207450562,0.039323749481816495,-2.991786997985035
21065.82102810283,0.010247840356559942,-2.7431093111883067
21065.814830051415,0.19459022470199108,1.0942783548754278
21068.4728938627,0.9113024310718917,2.6309892017013823
21068.093990819198,0.7539459963468248,-2.829938073338009
21073.717405911204,0.6607527771051165,-0.35188438736080796
21091.604841780525,0.556010411729395,-0.10165799856383817
21114.3117786123,0.15226172123328202,-1.6763423937498687
21143.008628131774,0.7106266628815294,-1.994560862366888
21224.81258490279,0.9699355072563727,3.0125866442607716
21259.522520604853,0.7731147731778641,3.136496410563131
21259.53299715123,0.7752219428372112,-3.0794431650336085
21259.530053488113,0.7704088735935921,-3.0837346905165997
21259.526980830902,0.7633892149310935,-2.956175284832721
21259.558737181764,0.7737877389864732,-3.0879004474344267
21259.61317549299,0.7307019785442906,-2.9114664753759842
21259.717738418953,0.7037704102157316,-2.166167369073722
21260.03237165033,0.5717566645846728,-2.3524207218321154
21260.7155143801,0.3655380183226549,-2.5716313392561223
21261.690996509282,0.4092809777424246,2.5970093018427667
21263.889331522485,0.7024248432261474,2.614699478060815
21267.962085394458,0.20806941732331766,2.9130880020581067
21270.79135755009,0.015108970595268749,3.0898525347538346
21284.852433825174,0.1657664521369777,0.1548767484284399
21305.044803330136,0.3678008959349599,-3.0419741532076583
21341.861031559,0.17999357613032532,-2.0942687667524873
21411.523236377103,0.8310203816876387,2.7557885787544123
21445.156372237427,0.519702060815112,0.9110208097377592
21445.164082638545,0.5234410800991238,0.9694349841387382
21445.178532142163,0.537702662186773,1.0495245211861945
21445.21216857667,0.5474237885890986,0.9130545771506293
21445.28074256335,0.5610090592024679,0.9301609789401688
21445.414231604354,0.5957510785819827,0.959298075921919
21445.64857198909,0.621909204762077,1.3833593887342959
21446.023408992038,0.7846194137465284,1.9907873779655718
21446.072452699405,0.9878505622434874,2.699751020970554
21445.904525638653,0.7900538925616466,-1.7023434426284774
21450.312991972216,0.7448854032404345,0.2107804550311272
21454.907836927334,0.45571108724152887,-0.304297845208231
21460.880000076373,0.9857570068010938,-2.892813230468257
21471.954440611076,0.006857469314459429,-2.7122771008266215
21492.465581156786,0.42512808742767183,1.551666382395151
21529.203096998746,0.011413901945711801,-3.068785632939542
21608.854625791355,0.13605253637252773,2.1346604695992646
21644.94919036674,0.0007756036604242616,-2.712509713365553
21644.950563993814,0.0007756036604242616,-2.6744890839458373
21644.948006804487,0.0012925426068963553,-2.5920977835057912
21644.948305465754,0.009339456614677024,-2.5733150299670977
21644.94100892348,0.016185895614754715,-2.6577087620567195
21644.930926405043,0.00966100308228477,-2.8696345913300765
21644.85353269911,0.08157900808646432,2.94120046902495
21644.830427482364,0.06292205894250462,3.083621620780275
21644.58073376887,0.012034370015991662,-2.7263283102313927
21644.083266667374,0.044638881875817465,2.945847318804483
21645.534043688433,0.8878907055668972,2.720525243977667
21650.094040393036,0.4515201173411301,0.13339786679371768
21657.137474767304,0.690161368587786,-0.2517263979183193
21667.903725902084,0.0016382330358254021,-2.560532872485655
21688.325112492363,0.6091242967166305,-0.07861739407548063
21724.726277167618,0.3242791766567978,0.7266450479332893
21822.202005636074,0.05347170304820643,2.281237073868853
21862.37431242201,0.021518285557560347,-2.7782293205732524
21862.380819033286,0.025390654741629423,-2.851794524098342
21862.380673953478,0.021884521017063223,-2.8462216562766622
21862.386399106595,0.0317309087496924,-2.8971357763023553
21862.368980283292,0.018736628585328242,-3.028030328972167
21862.334697409424,0.024100515197984167,-2.8425651832696626
21862.251790800918,0.013202337794397109,-2.910812236906552
21862.126962922306,0.01775045277063359,3.0298763290905697
21861.91133597012,0.07724427758896037,2.552336970991954
21862.204996140066,0.14451017277277392,-3.110153355208297
21863.61941404328,0.044033785063686375,-2.910665863130463
21865.78409397769,0.8337585249372793,-2.6759754041309862
21875.343533746815,0.9951813887699615,2.4865313399990807
21882.611092857755,0.24528849826320936,1.221772989679879
21909.807772686876,0.6674061740221797,2.0764336528515024
21949.823692352213,0.9900838577632216,2.64995778283617
22030.14853670249,0.0036338695088383604,-2.6571330739120174
22067.732199652182,0.36667224933350023,0.10832730941020596
22067.740813917742,0.3652416206991257,0.18128560096045776
22067.758781510238,0.36802741820738005,0.15559624367471603
22067.805614045577,0.3725967038255177,0.28064298185616066
22067.87777706391,0.3716160742740988,0.2425660498808475
22068.033965350674,0.417960421120702,0.1871648779480668
22068.324275622894,0.4431187088411909,0.6925104493266434
22068.925350834616,0.5396290917503944,0.5268054369678228
22070.012970018048,0.6838806995763828,1.028020453035099
22070.253038220955,0.9259970497087558,3.050673393790106
22071.44339186226,0.4522051358301443,-0.9991184357205727
22074.018206694076,0.7207986121212412,1.318122142692471
22078.14872477403,0.40162874698332546,-0.2111981354556991
22090.001777259287,0.270973791501368,0.7136355786796638
22099.024812951262,0.04539049967928532,-3.098540926144569
22142.195810176796,0.011872386356400833,-2.7700601343520153
22228.013385232,0.6554301665505758,2.7687967196847802
22268.10231573026,0.11596701090242831,-3.088018682304957
22268.108363775245,0.1132921098534183,-3.0644022103500115
22268.11472829294,0.11245740249825688,-3.123402603698016
22268.105061519578,0.08827737536016937,-3.0930085125996523
22268.1083219652,0.08360967166925017,-2.9426435539473967
22268.09911388388,0.09071667612483887,-2.8880654970905293
22268.150987847665,0.08401072439071357,-2.4697927870059364
22268.12781879876,0.0625699305638794,-2.8748323204430175
22267.844833646108,0.03694732831854209,2.757952062193647
22269.251425196388,0.7626201157207164,1.215302116829065
22268.47857670194,0.8973109580664558,-2.928692957681894
22270.967589941425,0.0004709477693563826,-2.605382824054975
22272.950126731805,0.9845485603342234,-3.0914751312924196
22291.602173771782,0.8792864344289915,1.9056300313530246
22318.28357248514,0.45368985063342127,-0.36131626065896993
22358.71136437816,0.35841867456096077,1.8672640522615556
22442.185775208134,0.3578968427351976,-3.137266040580242
22471.505085321052,0.6735175292674134,-0.062478003765931156
22471.513464296917,0.6765333665225798,-0.07026085984357566
22471.53048153562,0.6822968712064625,-0.06308712255277316
22471.55871858679,0.6908415824584913,-0.17989334572857452
22471.627959948724,0.6752388268225984,0.005898469597596989
22471.765765011573,0.6693518471798563,0.22068461918447024
22471.998381914113,0.7396063371516456,0.3119983286319665
22472.498769165715,0.7678743505813105,-0.12909804794743884
22473.404218940086,0.7016470091787003,-0.5327223824139304
22475.4443083293,0.1934204619474343,-1.78280163189864
22474.700040694373,0.020986644221456276,3.1340297267552923
22476.1458165846,0.9664618529749499,2.974274632461798
22484.82555115637,0.4294290999052455,1.5086422327728144
22492.329587343367,0.00013974082564343477,-2.5912366094227397
22511.088216123848,0.13523173582461115,-2.0998046048536834
22552.79428898562,0.31589735092944615,1.5388948899101793
22636.667327024996,0.04750915949982629,-2.853091025069789
22679.119569687155,0.06444641260681101,-2.7028628741103344
22679.120567607504,0.0643013094767677,-2.70294561949626
22679.109613737022,0.06952363493118224,-2.669735210470286
22679.120827324972,0.06250186149505373,-2.7300116640519763
22679.123728341554,0.07067190257967408,-3.089927303765759
22679.12467599214,0.04273824846612246,-2.892202589126206
22679.055249835892,0.019151030238215624,-2.726492122372458
22678.963343620002,0.015495860952687538,-2.705841863080524
22678.74615094301,0.012187153857574979,3.05306578702516
22679.973648294443,0.4609248358167434,0.43310090199156326
22684.66781015838,0.329884874070055,0.02386002643363927
22685.730512140963,0.035663185886771254,2.4673130812087036
22699.008035223585,0.9975742387966453,1.941715592053793
22703.17260010743,0.9918901471161774,2.876177696507546
22723.413160837834,0.045803592459683275,-3.109878552412423
22758.959930538134,0.9908411176512282,2.738590021657469
22832.827538494028,0.48342327518648703,0.28326852957546
22869.105461558203,0.06582125142895125,-2.9009349576749868
22869.099033815648,0.06714869421992051,-2.9492924982413866
22869.094619454714,0.06417459585814252,-2.8874358637937956
22869.107337712172,0.06273700013780367,-2.862830102163636
22869.11563504028,0.06939905032466105,-2.985204536581641
22869.08148855315,0.061151946186667666,3.079295218880116
22869.09555091047,0.10620359389372512,-2.622493969755249
22869.126358767302,0.03826048131303134,-2.9747539312532285
22868.82957812612,0.029558283734213035,-2.7918636485120305
22868.365836823097,0.0470589592244679,-2.8498431896765006
22869.416719477354,0.40315393038459246,1.2708804617432303
22870.119579003993,0.9956687261886779,2.6248634171267557
22877.15853045703,0.7709382410490587,1.3069516965857062
22893.75040829876,0.05223203070996852,-3.042599069357858
22916.73199415578,0.12871760899509188,-2.3155748938718177
22949.83748124219,0.3712672323340938,0.8306272449625527
23023.275284677078,0.9937721369980215,2.87442994009053
23070.465714823287,0.8986341265352019,-3.018914660018838
23070.46682010217,0.8952292087604202,-3.079407256651876
23070.464466921483,0.8952003016674617,-3.0191334034195942
23070.46276265235,0.9034198595126905,-3.1295987557908567
23070.467760242394,0.9071459479797817,3.0696732721470745
23070.4521358444,0.8748234789982721,2.887219844330672
23070.409776257442,0.9118909052769909,3.0916181982308304
23070.45314175469,0.8408287313151063,-2.6574935565929305
23071.15342974429,0.49635224925775207,-1.2888910975654273
23072.004198972805,0.001698941162004649,-2.6139268908710234
23071.957673933473,0.3256340869607902,0.9868480925814698
23075.855035373308,0.4743679120842939,-0.2285992856491954
23082.213886351925,0.31271052254579507,1.4737007922579863
23097.617670185544,0.30028925967250064,2.9895566795127086
23123.907051351143,0.4842018701851948,-0.1280879244447326
23155.573912674197,0.9937209396481231,3.0279614312223675
23242.980101010122,0.9576686270131919,2.995757018067816
23284.405741886432,0.5345042726441306,0.5079555610999851
23284.414170961252,0.5295851269068784,0.5766844887244509
23284.42463194138,0.5321666384691744,0.6081496412763907
23284.473974294953,0.5326527572689823,0.49328493416339203
23284.55575574417,0.5325440088359623,0.655635295114954
23284.74256860877,0.5759319642535383,0.47311780466669795
23285.027133553365,0.6653198571908575,0.48817461428570574
23285.525159867677,0.6736233428727759,0.28109713983042006
23286.166593809776,0.9601305550846426,2.2539361216829246
23285.887393608213,0.9106853592603446,-0.6384807571035425
23286.80523485819,0.8813709987091217,-1.7285786069216595
23290.56163021058,0.4468688113423156,1.005236421172425
23294.90305259566,0.9897880948134428,2.7675627736927346
23306.301390996225,0.9774735272810378,3.024411530002646
23316.397612213135,0.4041902344815499,-1.625534526153755
23369.423690588923,0.6298898920739212,0.3452215845390767
23450.12925750024,0.7880427369004982,-1.9714126012768192
23473.290849771874,0.906024205704004,-2.8589405448117464
23473.293051058605,0.9065648356416821,-2.7910440138502013
23473.30662487904,0.9042615088551342,-2.7674628737301914
23473.31282801863,0.8949342283121698,-2.673285779843501
23473.316599333808,0.8999520411241434,-2.9460577988427468
23473.30983252943,0.9296020034399731,-3.06905758143858
23473.24093532342,0.9417089667598147,2.9121489839702015
23473.20026486649,0.9785622181508199,2.7933303095677795
23472.943455873963,0.9958217565413506,2.6605070408325595
23472.524246660505,0.9750875713420725,3.0515698300487903
23474.356028660022,0.26236205345057484,-2.1890036660242878
23475.02454481876,0.8194906479391308,-2.698902514291582
23480.080645061153,0.10696239176274906,-3.0286272492092197
23493.553711543304,0.16561174279375981,-0.23170691488641948
23514.228083985756,0.6005140511201437,0.07642145510192755
23558.259490971144,0.21841728667954172,2.3479221556245182
23645.180491203922,0.1518813843144538,-0.8490095500233021
23684.968915984828,0.5876470177921997,-0.8961401647904368
23684.9785590413,0.584351576939881,-0.8453985895706193
23684.997704389498,0.5810974698588666,-0.8412037473354541
23685.02859659854,0.5746072879602515,-0.8764172275146485
23685.117799432544,0.5598413172601638,-0.7718093507430583
23685.27009440187,0.5307398541694363,-0.531410569666126
23685.557438264936,0.4500454036875155,-0.4913082331891383
23686.05323722666,0.28947491368593975,-1.2795979543124412
23686.279798556334,0.0655164683387637,-2.477891683971776
23686.184202047854,0.26601263731875135,1.5356415425088858
23687.621057518085,0.8219816864030994,-2.51865024691535
23690.584989736668,0.404568005665966,1.179816565741004
23692.840178167793,0.37911587301217803,-0.4928076571383029
23709.718058660106,0.9947079149223824,-2.8781838548256466
23734.83092271464,0.9910447199925987,2.523639706834981
23762.237038534546,0.9929430344174731,2.980537589711453
23848.35822877052,0.9938015935830506,2.9241691804654106
23876.156034475818,0.9611345470761493,-2.9416062490787036
23876.152622271158,0.9610932349359236,-2.889367156608019
23876.150176837302,0.9613382813413794,-2.945821234702355
23876.14743891851,0.9652093728806113,-3.075414538000206
23876.13300757735,0.9617277781325805,3.0976826597522242
23876.10885491485,0.9418512828615639,-2.969490240359117
23876.100678597482,0.9186477685588404,-2.529340650972418
23876.313505792576,0.7542132635679106,-1.1581575380325142
23877.29247331011,0.6343271411504812,0.2341923518588005
23878.769950076086,0.9716545126245271,2.141285202744248
23878.477933262246,0.7983008418651905,-2.298370766523782
23881.600593545023,0.5357587454365239,0.49059230392485764
23885.709087034404,0.25529091105935303,-2.3139313297070228
23895.402660641812,0.24367129922311723,1.1313076234077295
23916.85533163264,0.1682743768200071,1.959629792162243
23956.513075170857,0.5755335625037796,2.287218613982466
24051.43490176003,0.9350396701141437,2.644033299381892
24080.431384498163,0.6427740247090504,1.6508792051210595
24080.43341117006,0.6477834390471962,1.6316409776974563
24080.44870286255,0.645278121834573,1.6922009326144254
24080.47279510494,0.6519741321558025,1.6628457695359486
24080.5052912457,0.6353671338927382,1.7348157798805612
24080.589553622278,0.6517776968324284,1.9061824741357896
24080.733270153112,0.6533091334910397,2.237334846469933
24080.960996128884,0.7271603364061375,2.9436663080383223
24081.293736391144,0.7648067878219249,-2.943407362935835
24082.415716824577,0.24480302267938922,-2.182926897923098
24082.581486387502,0.26740983156755926,2.584157053766546
24086.719510644878,0.387197793280606,-1.2868888389513022
24090.116506472787,0.6320434385818577,1.31701714771462
24100.949743728725,0.9859616063707022,3.0952470502103804
24121.444296004724,0.952786522492053,2.620003250285899
24156.203900873836,0.13777828130391248,-2.453435774752691
24226.488778668765,0.4242891700447336,0.898536027384246
24267.48961539172,0.5772909205341233,0.009785664859974563
24267.501157584764,0.570380349081729,-0.021032494309271677
24267.51393773828,0.5697774107711272,-0.016731877409602358
24267.539368792925,0.570380770959478,0.0030205317039890822
24267.599471257607,0.5818717748889701,0.1920096511459728
24267.7419524064,0.5556464022767386,0.009019133386415135
24268.018195034205,0.5433223623501787,-0.22770074225500547
24268.660788593428,0.5191236133519529,-0.31969523434187774
24269.852565480127,0.5567644109112837,0.107742460829654
24271.867487843418,0.8690611455130096,1.8349116266302339
24273.259783910657,0.3789438108377152,-2.4674599958881163
24276.59362643578,0.9942720642077687,2.9152234357768325
24280.968702852417,0.051504239651097496,2.6343999593803975
24285.512574698463,0.04901271279429053,3.0402002812051903
24306.165320078893,0.10208633595786805,-2.7287604595659958
24348.94956493624,0.07189020765629403,-3.1272361963158772
24444.68069055429,0.14117955794485562,1.8554862422921854
24483.22158974775,0.9837745916091785,2.928445123060083
24483.220010039604,0.983825893824763,2.8531041111856634
24483.212911914594,0.9840846256699345,2.913771155283846
24483.196892658867,0.9786001387364648,2.87026374032145
24483.188249216222,0.9824805970356698,2.83524145376382
24483.143067778165,0.9859755939517533,2.7379324208527986
24483.064166063636,0.9762000253688853,2.87962349115742
24482.937737011955,0.9491396146606389,3.007878072992643
24482.768340693154,0.990504293582994,3.04612021245464
24482.600912519494,0.82305488425241,-2.1838065929423762
24484.31334286381,0.23795010162298746,2.0320339257159414
24488.685034491602,0.9239695145954786,2.8761980371972324
24491.183650561943,0.9898224911886883,2.4879659953823703
24503.640712191394,0.1521510103501829,-1.7913626485558558
24524.11198686101,0.9597092062073223,-2.155502456058162
24564.149731806283,0.6643130672135128,2.226430776872318
24658.43592746328,0.7346043686397337,2.715784846531978
24683.251910104806,0.8571816540301058,-2.8410283078233545
24683.25591037817,0.8598580508736837,-2.822408987300246
24683.254776994672,0.8510646522087246,-2.8277852920437616
24683.268511750797,0.853013860014866,-2.884718659935151
24683.280574202483,0.8410883592153029,-2.66462570663322
24683.29662414792,0.8205170588754944,-2.3206774375777672
24683.403548463222,0.7403196796322019,-2.0850030425440274
24683.767619660663,0.5877452914896883,-1.5476812773745647
24684.5878958861,0.28374586695076476,-2.5031776964294665
24685.04384734606,0.21971956299805454,-3.1407238554290586
24686.9256022509,0.7181117404787798,2.6220967318688295
24690.020270027977,0.34114285133685707,-0.3951247416023458
24698.08566254225,0.18926721096244306,-1.6441696440672982
24706.29292903479,0.501269685709873,-1.9353678803359258
24727.7650603254,0.009485783030457074,-2.921348161510388
24768.555020675645,0.7776957336262114,-2.6598947153411756
24847.33948734981,0.6695632297753781,-0.2821799820373374
24870.923389731397,0.10705144378036993,1.4553413362353727
24870.921425086446,0.10902488854239326,1.438222329380932
24870.93005731682,0.11264203822783832,1.3701245744294344
24870.949587899304,0.10960200181313863,1.275836658936008
24870.973153977546,0.11165345606417575,1.2095259447940636
24871.036555367155,0.16579702641758343,1.1543193969697327
24871.23237649048,0.17337541107259105,0.7743153921698118
24871.653158194695,0.23782921488745126,0.6260763907889118
24872.625950801812,0.38561481209311715,0.4517793465060067
24874.977457104593,0.4023421103443347,-0.052487875383754545
24875.954064365993,0.024089971029672617,3.124832207861937
24878.24804944194,0.35564755688923755,-1.5311844458227823
24879.800404628702,0.36040515250175603,-1.4734748596835172
24889.35608679476,0.06038044449889607,2.5236179348134913
24908.628764350142,0.0005847609718024906,3.1304469579383705
24942.889844348487,0.8704107827706961,2.713844037809043
25033.447158778945,0.339748534288135,0.1306065163981711
25060.598861004208,0.067134672762703,3.0374617272617632
25060.602591602357,0.0674132563276237,3.067172010775506
25060.598686194844,0.07375464328664878,2.938868932217601
25060.597304224255,0.07819796734884071,3.0344229258355426
25060.592736218154,0.10173132013005053,3.0337115393841554
25060.58791251974,0.101424216914958,-3.0100000594987075
25060.54158340754,0.04722175066365691,-2.9167311112223238
25060.44073664663,0.02018817079188266,-3.1225863260181104
25060.431991992056,0.14393693968769433,1.4137729921606361
25062.496644686216,0.32195744177904817,-0.37099010087760487
25063.172116213336,0.020681043693913492,-2.695689434989418
25066.318358623485,0.4017988920772243,0.7614779248762433
25071.997567829916,0.5336172429524747,0.43135909313052956
25080.923136975765,0.9883119954374228,2.604165904677698
25106.327972944156,0.8306888434802195,-2.5716098412436885
25145.7399315617,0.005417997216372456,3.067532565023569
25226.767635496228,0.48784401404561073,-0.8480692565628574
