x,y,theta
-0.06571125170801495,0.4706926738284536,-1.3230885755184234
-0.053597679294044076,0.47170459337131065,-1.3316080322100854
-0.03670147669372936,0.46843513088280103,-1.37124741891408
0.000526579855409339,0.4569605216379774,-1.4190858671372641
0.0599554017065635,0.43707353829489226,-1.3743778279117365
0.14856368492003952,0.4151723670073752,-1.5222894134736784
0.3621201194287478,0.35274815207514737,-1.8375405363811428
0.669770652259356,0.2079311522637938,-2.280321622531731
0.8860781489322992,0.23953114582655868,2.589543712194427
2.104225730625774,0.7865628728055827,2.3950361480566116
1.4914051010178793,0.9315632711177745,2.654428066459312
3.6720419946492484,0.288483377350766,0.6995565772786527
10.642491180751044,0.6883729671099421,-0.03276664338790791
25.080103291317048,0.9885842898938251,3.129945081297354
42.806161536110295,0.11391312584404747,-2.423378508698654
84.97999217514149,0.19036698317727002,1.7035832621297384
171.09453222369257,0.5619869706285701,1.2615255404613075
207.02200051208683,0.5777137220089001,2.1629812453795267
207.02579074481164,0.5826850972547695,2.2095109416605077
207.0395354367887,0.5787332527582396,2.2638949291920767
207.0608505435462,0.5882706308518622,2.2640433559252786
207.1118003901324,0.5931043045280409,2.3742501519701795
207.19415336762674,0.6181802501661123,2.1846030342728673
207.33199810637436,0.7070399384109198,2.437889852698362
207.51039802599797,0.8463320101582825,2.8164686855297205
207.57169746491059,0.8551753099029218,2.8077288286832385
207.33634367736593,0.9129031763043062,3.0550603817748865
209.09874236873523,0.047582617002136667,-2.9001817253009508
212.61332697435878,0.024109316231522585,-2.77325872474367
215.19446509647474,0.27524639341999607,0.5218079778024691
225.36343147502492,0.5781204880524444,-0.5249637508318417
245.62588406840482,0.04843511788227664,3.117029538774319
285.4785675889324,0.7135490058746792,-2.3487258629127794
355.4066437581536,0.12583291841326172,2.675445349799036
395.60486326424797,0.02473532339725983,-3.0159253795837473
395.6027946581075,0.03300451258116398,-2.9655720286736864
395.6172139229877,0.037446283610762875,-2.992505920292377
395.61288517464664,0.05650480507693139,-3.0222747461393915
395.6115285261355,0.06692494437613178,3.1033130588580766
395.61827625642303,0.07629458730423105,-3.066141297014671
395.55616874286466,0.06799140722876114,-2.7936444650061194
395.5011719098888,0.00013914760548308473,-2.801653005902821
395.3047265530023,0.1308674192624792,2.9815163294398204
395.92880586541554,0.15141567788940177,-2.784379276764491
396.37428167481283,0.4141593893254643,0.46600159813889386
400.01725145880084,0.05470156120386517,-2.7752256831785274
405.10656480515956,0.0014016101551609093,-2.594090341927401
412.01826823898875,0.216836403043464,1.1028475467035141
436.38082270906864,0.009854529173714828,-3.044329129383924
465.688524310861,0.9961139402024421,2.69669255436882
566.6987921197211,0.9975587691176159,2.6252651985086244
594.2999145924533,0.1824379111667634,0.7728935729726047
594.3060171171251,0.18900129516255762,0.701901563004796
594.3129201380639,0.20083531591606288,0.7235976928682164
594.3391290229579,0.2225312883490648,0.7382512287047183
594.3886010863137,0.24620161109092684,0.7022062300753324
594.4925794803436,0.2815766352683882,0.44122766743689823
594.7708212870642,0.3239707270282525,0.48755901745678765
595.337172123686,0.38730898468988195,0.49084092956096237
596.4862585984094,0.36391578200797936,-0.04376413426347625
598.8935389738326,0.35325771255926075,-0.38689481370657264
600.6695376994962,0.0001494979677861023,-2.905387940474488
603.8326396269371,0.12832901093706955,-3.029384525978759
607.7835082916505,0.9839389291695532,3.100484904707244
611.2098527822889,0.9949361228326005,2.5398580313976984
637.1207489174839,0.9855338793732045,3.09157833127761
669.5627375807837,0.20181036659253876,1.1209931616331748
747.6833788603307,0.010163190977343764,2.893568542864271
794.6945055672012,0.6538489938925353,0.22248027240380974
794.7037365163688,0.6572760432132271,0.22510849581986037
794.7231843650698,0.6572001354103987,0.21269168378779701
794.7480734723391,0.6627603836987175,0.0834911838263217
794.8330606887936,0.6752576128192462,-0.04085737061773864
794.9729858058414,0.6737371603442796,0.09626820090560262
795.2802247968234,0.7034201323075256,-0.06082952738473013
795.8324637724344,0.711985862280295,-0.3791028743029865
797.0083819482765,0.5430145093463583,-0.2686149602312433
798.6786026831605,0.11359574995041297,-2.3496078924921715
799.4374775546545,0.48469984014267,1.816145899925921
800.1167626113619,0.6085112070392846,-1.360929596305107
803.6055295852137,0.31874979317032665,-0.9582614844097406
806.2638842163105,0.48555750732568026,-1.9244563138042934
832.0704565348249,0.44222686881369766,0.15197474632312957
873.4179343885011,0.016348559738757477,3.039272193294239
955.4023032131769,0.11628679398047544,3.0475248531900343
998.5268750870329,0.3355788207023675,1.148012664343912
998.5321937422798,0.33138671966004685,1.129651093956193
998.5430891720599,0.3272936904702465,1.06192583662264
998.5764034604184,0.3323619188347871,1.0899047832381266
998.6231489054502,0.32893429191337814,1.0776735271408322
998.7728537245599,0.3868966948311659,1.2830183126092862
999.0545861511924,0.4840149355452139,0.8067146231232663
999.6109965531582,0.6327102716760146,0.8626158147954515
1000.0423747627939,0.9552804291401885,2.6074653011282383
999.5236057457291,0.9955285083110502,2.8961892519340457
1001.9629804830413,0.5750904935616148,0.09271064588219646
1007.3286569177008,0.8846914024957828,2.601357397785393
1010.3779146271745,0.7643848307301393,-1.9762134016004038
1017.899753916843,0.0032253572083142975,-2.8514098104990877
1038.4637030282674,0.9450050814267347,3.062703718175653
1084.8721351249894,0.9814184643394815,-2.663990040870273
1169.803069513528,0.5315226913630224,-0.07219619487534734
1208.2892677013128,0.3322178723471133,2.638001409031239
1208.2880337063032,0.32574346317072334,2.648786988952481
1208.2921185148523,0.32578177533189995,2.5694717736717276
1208.307851232019,0.3504870093719864,2.462313093755103
1208.3470530384757,0.371612029292502,2.4570929621454276
1208.4064631357437,0.38070905187048076,2.4988730794236114
1208.5440625431079,0.4007154499632579,2.260013818194249
1208.9504008058593,0.5622035508613956,2.195365116820641
1209.4716194673124,0.7556823658577176,2.598975227442459
1209.648979394704,0.9799578381446092,-2.981816507436793
1211.081392267828,0.11713287067087905,-2.789880511328096
1215.7160144429724,0.01206386286700257,-2.5894819878500965
1219.673981893166,0.06505835290747322,2.476069438125478
1237.857208962972,0.9907654666641388,-3.139898087300894
1258.9372526495458,0.648610319172121,0.18151899578869735
1293.1345031608764,0.6774487305219389,-0.5677740216142948
1374.8793161521141,0.34129480261164913,1.794953586986674
1415.36917695904,0.5854971892662444,-0.7367609093193028
1415.3750278435625,0.5869223144121971,-0.7964461701713295
1415.3908771854947,0.5834614740846759,-0.7097176943565886
1415.4248897323394,0.5807258105306725,-0.700235747363458
1415.4954182052252,0.5585263725783371,-0.9502831006377277
1415.6492144206277,0.5157285757769492,-1.114308087510559
1415.8740406284596,0.40418847830484617,-1.359303325588708
1416.2995867083316,0.2640068822400839,-1.6360238029165777
1416.510935717189,0.026567602041843618,-2.4057529417286974
1416.0370808156442,0.06420627177323847,2.8481605430728614
1417.6477818961275,0.8722864142311522,2.492744269351002
1420.2234552005734,0.38074960447887796,2.2154078318804995
1421.8130472945427,0.026757535840776617,3.1301860192309956
1432.187959166632,0.013307531563405008,2.856371320740445
1460.030016385003,0.0006880743225444077,-2.73538353470898
1509.5813261997475,0.9540658162761355,1.7925028458680785
1596.5382841628007,0.21563151215971285,1.8556249865849264
1639.4950078629265,0.9608008816399707,2.7512705268165156
1639.5005934254257,0.9610947115655551,2.730272360551318
1639.5026729792576,0.9668096934279824,2.7905808750616803
1639.5058500764,0.9680923819288192,2.7825249523819586
1639.4996856893733,0.957257676303488,-3.1251190130105804
1639.4490856557568,0.9955148474667685,-3.094206242699033
1639.3725252558727,0.9953959384505604,-2.9652342801050735
1639.3087036710074,0.9705115929107946,-3.042764273424946
1639.2972378558486,0.855824347849572,-2.367842257979228
1640.9225767410396,0.7331690092265971,0.5815839708068031
1640.5746840077982,0.9812084903188504,-2.9988446845329975
1641.6142122820972,0.022713074692455888,-3.0996767862907237
1647.0624203024283,0.9998676848721576,2.8447961931979755
1659.758612315411,0.6413673170388,0.3221385016600511
1682.0769380661025,0.9996953154282958,2.861254212405047
1716.2476896084327,0.9986140178967606,2.9928418842442
1799.1291841608052,0.9977724784299961,-3.1234830653820205
1828.2862857012108,0.490895688629768,2.234816095635362
1828.2946780110294,0.4849674090844693,2.2789931372982117
1828.3069349102368,0.4899854805898738,2.330388992671528
1828.3209953830592,0.48951840164382765,2.4459524255619325
1828.3506977196682,0.48466263842495416,2.419525017635845
1828.4381866574495,0.5208164420276579,2.363732696582856
1828.5527145524884,0.5622931459119631,2.4655245765801697
1828.8554970831062,0.6093786693686767,2.751864172238685
1829.400358830956,0.7039180001865212,2.8093896039320425
1830.1090686496418,0.7224174259384579,2.7678955553704014
1831.919022959283,0.5087338656625421,2.9749662069381184
1836.2252529267655,0.2579270661275146,-2.8331010364578693
1838.4018830527461,0.00568292313578561,-2.6560862549205533
1845.3627108325327,0.8295180864287558,-2.04045907633854
1865.9044783001907,0.54543378190409,2.200885863401755
1922.9932014801027,0.6425992107570231,-0.32594596503437856
2008.0367574053384,0.12427724338765836,-3.012169274815143
2035.1770335757676,0.1589023686339593,-2.7167295099013287
2035.183655539195,0.1575496967740231,-2.737954651348524
2035.1776325346154,0.16128098953241388,-2.792283802783286
2035.193781906643,0.16608215147942187,-2.8346442393496147
2035.2214274149912,0.15339945183647527,-2.831970926323793
2035.2498354933787,0.1551507837800789,-2.7217241392468843
2035.285278352227,0.12244326798721984,-2.8268945772941345
2035.3393058408612,0.1265980945644441,2.8959471493730717
2035.5688866541252,0.3149800818465371,1.950976005491107
2036.692223494602,0.883223726393141,3.014434204969243
2040.063929262048,0.5464389116643876,0.17149241807721927
2045.4594614463829,0.8021370044172648,0.8006243820742993
2051.2853983160867,0.01649250874489656,-2.671833804129384
2058.666759610188,0.2805559161884932,0.8467131288726795
2077.2037312337925,0.007157282465593042,-2.9076606032685257
2124.281571310939,0.08165617743996503,1.4258811615545284
2210.4394368853123,0.02865746234335135,-2.8938820331699406
2240.871930651619,0.1512899083285537,-2.910600559265487
2240.876576470498,0.14937041948762653,-2.9380965130783787
2240.879882469995,0.14647327821934453,-2.977333517228024
2240.891098272782,0.13732176673514693,-3.0510856442103114
2240.88326807541,0.12594575368495609,-3.0671444970329294
2240.8865129651144,0.12294233621825702,3.011586327183137
2240.937333587231,0.1574874330628245,3.123676516137845
2240.9730804589726,0.17725939462127377,2.784296217634287
2241.483882739802,0.39604003373322133,1.9564442440638619
2242.600183523585,0.927752753367694,3.070336504383846
2243.4447143906104,0.7619803109254968,0.08799520971201513
2243.012089101241,0.9473709244747838,3.0523446624514037
2252.432167943052,0.12522356715702324,-2.6536702709282496
2259.040978833021,0.8375292054713681,1.5621558298951541
2273.110099421052,0.952366585195791,-2.671588284144246
2312.8975538971936,0.06383995891958592,1.9501896997847563
2409.6312509707673,0.8612957450490497,1.542657270750981
2436.6918526337986,0.981857427598437,2.7737481411647016
2436.690545435021,0.9846615164600129,2.7662397283075
2436.6874868158775,0.9871924513060666,2.783982912923637
2436.6726230323266,0.9979103560979115,2.926382900085428
2436.6452493898805,0.986671409726077,3.109556764277624
2436.6012027830616,0.972870269131958,-3.003391218209689
2436.5976824798367,0.9031528507557266,-2.7465628052506026
2436.641928588971,0.8611036501112042,2.5852143159148877
2436.6353211670994,0.9767331586429886,2.555688425718488
2436.6140880884013,0.8162281370838104,-0.5875865100266227
2440.6020172062063,0.835986281203008,-0.07569008746072514
2442.6176936305405,0.3332941789005402,2.91527356195097
2451.7896854493515,0.40173162632737053,-0.32942366734333905
2458.837000146609,0.9077319938231249,-2.805762533573165
2488.8338634445504,0.487622997689666,-0.16414009327674828
2535.7917894220677,0.054033890356141596,2.6922173519075336
2617.075698556409,0.0021595636595872856,-2.587516115926633
2652.524486146213,0.9482845115145508,-2.7037461345904084
2652.5224440203046,0.9562532025615179,-2.731564984057615
2652.5256092996533,0.9482772330948012,-2.779243495906741
2652.516960864463,0.949357503065071,-2.835987081364722
2652.5019716388706,0.9426890723177475,-3.042900132175889
2652.4884030843637,0.9573769032000847,-2.999172911514618
2652.4345228467014,0.9171284363086305,-3.0357899923239042
2652.469318407976,0.8565008575681871,-2.537345363550181
2652.764777116419,0.6807857070551606,-2.3141179748029903
2653.9743769262445,0.26420149074654536,-2.714066218987752
2653.750274096413,0.1041500352964663,3.066332432967317
2655.5491931875436,0.9627988849819468,2.460389638624582
2657.3928443651835,0.11232893399460443,-2.2627624554819583
2670.208771593372,0.4802196934712062,-2.650285482249557
2693.3659386878194,0.9980490293448477,2.7454973145737878
2720.572613692883,0.012958867528992168,-3.0535464706046556
2813.52831812125,0.10618316181671433,-2.8638804346442046
2855.6468973012234,0.9846851346239587,2.7243299178183173
2855.648579890405,0.9759946279014031,2.685048865641763
2855.642623020095,0.9766985851558088,2.6688636752015658
2855.6353598525284,0.9693952645985991,2.6725144571306068
2855.6137325924888,0.9894178289310944,2.7031689182191423
2855.5566970403493,0.9878381710578431,2.7306938838912442
2855.443167874078,0.9966697434564094,2.8914912599918825
2855.3377384468135,0.9914340291002371,3.0311333098191744
2855.138966422917,0.9869576456257713,3.1230170538130047
2854.4467482093246,0.9993552748039429,2.9270858543369247
2853.7241365129207,0.9628603796337939,3.114171226174693
2852.057644954647,0.8760044158596563,-2.880857978314064
2857.701506366129,0.8825101161453367,-3.129785098918382
2862.40796707265,0.7130595154310108,2.137559216021952
2884.018314248538,0.40361128080841285,-2.8398935594985217
2916.594844482051,0.9786596213319396,2.7612126453294037
2980.5743135043595,0.011949173941972535,3.11817500167011
3030.8431237362083,0.688789648279265,-1.916482081784953
3030.85040631174,0.6865272029091797,-1.9319296132688017
3030.861980714177,0.6758208107348618,-1.8785391430700333
3030.8815558652527,0.6533118383021923,-1.7916626888515337
3030.9147331686218,0.6331639608651676,-1.899103335434562
3031.04111108407,0.5846143509747603,-1.5473329022516096
3031.2650592433383,0.510734328607641,-1.2743640194842945
3031.783203783817,0.36601350207509864,-0.9646076835329085
3032.447666643961,0.10172199794050914,-2.5704717579816494
3032.101834402957,0.004143886375246471,-2.884430599941932
3031.265163609375,0.07994783111474815,2.910211844907594
3033.8475994761275,0.6264868045977062,0.5080114036008658
3037.300736831236,0.817107149393728,-2.6336538693419365
3051.7158729097014,0.015479439015778921,-3.0125479441083356
3065.8970461074973,0.8275360636075569,-1.4868089073772244
3110.9886547347464,0.0734194216747954,-2.986997662968569
3197.4691798916565,0.6595564471335762,1.4740043901417526
3230.6024003730336,0.04089263456843194,-3.094400051019495
3230.6032722555865,0.04557717717628066,-3.094082243032608
3230.6075759408627,0.051951574957172404,-3.0676280431196403
3230.616731591242,0.05802362291698622,-3.041562377600407
3230.6051743494922,0.050183913462179874,-3.104473055000766
3230.5761132550597,0.03748733792296843,-2.8738000299619237
3230.5322389598596,0.03851454085741767,-2.9737216423507755
3230.4973300104643,0.10767414489586982,2.221634659202639
3231.2251343592593,0.374451090126613,0.5951546888415651
3233.3795555963984,0.7174170200053015,1.2356439415954759
3233.3328932707436,0.802847824010172,-2.9048254664313116
3237.837599613958,0.3363063863044348,-1.589643342164293
3240.8809242239727,0.2130525186754758,-2.844898953115883
3247.5387421100454,0.7331251661941227,-1.474300407607736
3274.2845469661197,0.7891237569650578,-2.2192398791239647
3323.984846826434,0.5516580883054208,-0.5661676417918717
3390.841698628981,0.6806225628835741,-1.010212691349479
3424.2294028924716,0.23208911045420008,3.1190100075950395
3424.22915403434,0.22818987288922188,3.084373990146032
3424.2230273861032,0.22032880434778407,3.0280379942926627
3424.2311649813996,0.2117187813065923,3.058140509832068
3424.245255007347,0.2072984114612143,2.8769352301920783
3424.2737761930266,0.23503623336719587,2.6748684007963277
3424.3520614264894,0.2967669338240673,2.9763618460493273
3424.649448997826,0.3711447972932179,1.7715554515234189
3425.544358578218,0.7067163699139319,1.7963203973925186
3425.4566160151053,0.9915483147856258,3.06154615619187
3426.4841713834035,0.6323689758578848,-0.14209647758754196
3432.4471523561374,0.9821543210643239,-3.140036663522242
3436.231039962163,0.9094044441927834,-2.4160424098993714
3452.7698891973378,0.02723280991638485,2.9514880587412815
3469.607616123376,0.8299680449344796,1.328035205998316
3515.1758268776334,0.05504827835293463,-3.0503116212141013
3605.7129325350734,0.637079888250782,-0.9646279468360257
3640.9953053083395,0.3624490548024957,2.700241407261508
3640.997441536969,0.3733001890765736,2.678110992455329
3640.997645114432,0.3857359328075887,2.763431659681072
3641.0059012205893,0.38570946809832085,2.7939927293073463
3641.0369648331966,0.39772226202360056,2.857658142452845
3641.0927403046535,0.4444323953759668,2.8313246872669318
3641.2376849710836,0.4831125665085873,2.9301343510373883
3641.6162493610595,0.49019245177969506,-2.9326858377255114
3642.2259387812333,0.2170128023024243,-2.793607424759278
3642.014990242091,0.02481785253397304,2.9447898367982424
3643.13530703517,0.44331242463611253,0.6091494108751507
3651.3667677840294,0.9439295612105381,3.0138319509082567
3655.723181295601,0.43210159065137027,-1.0055702922987537
3665.2611728353386,0.010716083251283835,-3.136098133312334
3685.1474354527995,0.49073708081624545,1.495956954190648
3717.2866166328404,0.598387050292846,-0.7015969859322708
3795.0681374923315,0.25307463971118893,1.7475839344050046
3838.054877869787,0.981131108115006,2.8954263635543924
3838.051472830937,0.9818052639100581,2.906697672360057
3838.0513887964257,0.9910929226760454,2.9788262140568262
3838.047920594255,0.9972824746844625,3.019129188665853
3838.036529932925,0.9995994153156622,2.877810856343494
3837.9802998582704,0.9804460679716956,2.8435227811826334
3837.8768913255776,0.9754159675974651,2.685038823818596
3837.8142514652804,0.9931266828035716,2.644759971519811
3837.604994280217,0.9835350780331349,-3.0965175876169635
3838.4485233848714,0.5963306622438785,-0.4845323613177621
3841.8261203255056,0.005053131958094304,-2.457982696627987
3846.9465878861724,0.5361236360526048,1.2052851784071432
3852.2954713574172,0.32372305708335836,-0.06438974048452994
3862.018171748918,0.01861375062813577,-3.12332153326048
3878.4888890412053,0.7790988137727578,2.7258955950871506
3912.1587924786986,0.6600030259665886,1.2628655727221636
3985.7641675697714,0.7136671295712361,-2.544053452598962
4011.3378146175896,0.9749118290344253,2.8494614453986546
4011.3295756314506,0.9748209227119266,2.8543977478695375
4011.313531155608,0.9787336556685289,2.7294764487579375
4011.3207973512026,0.9687238322252719,2.813754257379089
4011.299552939018,0.973383711322412,2.9467480802201544
4011.254941928651,0.9738477632666469,3.1228293543038976
4011.173079362828,0.9632471642231032,2.884035893638668
4011.130650784586,0.9129378006384647,-3.0420040562164914
4011.163478822066,0.8177612335370104,-1.664268465878581
4012.8690511092072,0.20169033005985798,-1.9726467234513978
4014.8427265953605,0.433324521872041,-0.18227121708356897
4019.327179818017,0.9978908731428203,2.743225795982724
4023.272830150126,0.6919197785956144,1.9292874499706798
4035.8103527983512,0.7541478007652483,2.778031738695957
4056.4249468230755,0.5240730469805255,-0.5452072457352681
4110.902950352371,0.6679244700810191,-0.5784130304562942
4197.697838820942,0.6512604990508033,-3.0236194726536736
4243.649246664689,0.0494495701903648,3.110485301282184
4243.655127348243,0.038799953243024356,3.1284133607089633
4243.636042009415,0.043779038081981136,-3.0755983289950626
4243.636947298251,0.037299799922971,-3.0569711658629712
4243.609519892225,0.0255524151521734,-2.9459278056872114
4243.5742790051445,0.023865158946024364,-2.8685083400976663
4243.50617564441,0.003391136427987445,-3.023123321432933
4243.422902347287,0.016984704905782584,-2.9559043543657806
4243.3431126085725,0.12685548256534315,2.350992369253291
4244.872229861273,0.7413236140830237,1.6977966386791916
4245.885153069424,0.5596527570304248,-0.8983791567305159
4248.895043857103,0.07660538865660785,2.876787184911116
4256.617050732344,0.2937919002140049,-3.0046854265521072
4265.774213803389,0.9560437505149542,-2.1436347487931458
4276.61479945683,0.30796780121238504,0.1871302345326442
4314.071721376009,0.4349151594462889,-0.8522740540480642
4381.410104527058,0.919898821677186,-3.122292375475395
4417.291089603887,0.9586362248371365,2.8133845445681622
4417.293557929038,0.9573593290117905,2.863855977773727
4417.297678789532,0.9615325415602809,3.010429186166043
4417.288023888344,0.9587462289819885,3.0630670858936444
4417.276861419688,0.9550762361865647,-3.0790891834053133
4417.251700542067,0.9223692763513163,-2.76740494336128
4417.283244070345,0.870187412038864,-2.5309505510490635
4417.518064085492,0.7424907856046542,-2.3338892645373637
4418.180795785612,0.40816817436215097,-1.9556631094243382
4418.689510857092,0.19344835310741398,2.8205130137405927
4420.451459621377,0.8951805407725679,2.99289510866506
4421.9015064564555,0.020583801854999167,-3.0459936142109862
4423.591018508659,0.11419103636923025,-2.9302467090612576
4435.120178853733,0.0007042054397460454,-2.9833416534583823
4451.388134359568,0.8696915177611457,-2.097473453394505
4495.696501621231,0.49605927545543893,0.8855002339684042
4588.00708588891,0.0004682814689887325,-2.654147038144749
4622.213307697954,0.08649544249847854,2.3779828581368907
4622.208946232906,0.0875128843570337,2.341009158789273
4622.217636888866,0.08149135728250906,2.287573573672092
4622.232424225039,0.09700375184261814,2.168238010350918
4622.239834192484,0.10443888553482586,1.921080194424416
4622.282433889857,0.12139751899571792,1.7676452330961787
4622.366148763233,0.20762890798824057,1.134820170188461
4622.835932931129,0.36872378286179325,0.6437030136299469
4623.95648316151,0.5290279553121368,0.7616658202627868
4625.0609839226145,0.9960617502232086,2.7268627950436333
4624.227653615834,0.8575603973427108,-2.156176407346323
4627.829461599714,0.9957531918421054,3.0686682979320974
4635.028227794517,0.03437529003476901,-2.6488503379793835
4649.235602987403,0.07718566866304766,-2.0813749799272645
4678.722086977959,0.0011207234426390393,-2.9440938420929417
4720.673760085626,0.9625770040745302,2.5728179822100836
4785.732299750586,0.41053593421954604,1.069505924292696
4812.362807941233,0.3613668103535955,0.012726805267554653
4812.368488406498,0.3571699556715433,-0.08439038960850542
4812.376908370626,0.36074910147437317,0.015366835088880482
4812.402595769621,0.35481019839781985,-0.1115939608797647
4812.471656989668,0.3431259203477832,-0.12246740384791721
4812.650361052246,0.34986153092023564,-0.014400648821750739
4812.937613141716,0.3288911649469103,-0.03585742634372613
4813.590880036843,0.37794501435575684,0.09622893714378522
4814.710320482617,0.420078458852694,-0.041742314478840026
4816.827407929287,0.28858266567389257,0.02250474027528382
4821.351010305649,0.48866008214073403,0.21527175278603172
4821.202729890296,0.08706981837462917,1.9172109308422876
4829.371237129484,0.8741369810740933,2.9056688815359877
4844.66655464134,0.8937975070811045,2.687172856043132
4858.438917549472,0.9973343773900918,-2.937283020497613
4898.32992555161,0.3184073093045614,-0.8447261190673085
4979.880882884035,0.7466799528564532,2.662601985765617
5017.540488669683,0.9810629583547442,2.983665958911022
5017.528107212234,0.979791930314107,2.984279771237479
5017.520484351819,0.990571611270834,3.0179835259052155
5017.505685641752,0.9829740634334682,3.02305963495513
5017.479480225561,0.9906179936315692,3.1043988247800893
5017.460584209433,0.9941613071232552,2.7381352632035227
5017.404510279752,0.9900555879145547,2.669793774714294
5017.287341109545,0.9949499100449709,2.9192021970003825
5017.017922791004,0.9967836205654331,2.560196903663277
5016.807651713696,0.7982345410818784,-2.571832503741127
5018.392364490095,0.030502123540467937,2.7176819034162776
5019.418617916161,0.9788378183382546,2.653946399631815
5021.832004692502,0.9949594502929359,2.948562075876599
5036.0799244782065,0.7978552418279876,2.2010269272604877
5059.177476770856,0.8597341073320347,-1.8833417765814797
5112.14792459126,0.0007201387319829872,-2.9879199402668895
5184.305656667981,0.683604002188228,-1.3894513969357567
5216.112882502084,0.7830383412030407,2.8141592879606767
5216.114016120691,0.7869471089568892,2.8685341438273113
5216.118780265255,0.7917007787286324,2.891909582471044
5216.119272536438,0.7970152997177485,2.900372252446229
5216.128874648626,0.7821351471813172,2.828659672069856
5216.1505459125065,0.7636739273327937,2.7668365526465717
5216.238767676857,0.7728790408518817,2.6366270780776766
5216.421640441603,0.857761444062283,2.491888384740923
5216.199667143628,0.993368784985299,-2.931456494699232
5217.613261228017,0.6182223567293319,-0.21724321531626645
5222.408083106045,0.44392838229131343,0.5343968801034698
5225.46978166844,0.010451835338976603,-2.1762856139491813
5233.108815254739,0.6055938282284596,-0.8294821677946
5243.012770409079,0.978889560752253,2.872392273662861
5255.137433105855,0.9755675431818897,-3.1114328433869267
5298.82204295396,0.8295487831066374,0.9390821453835105
5393.453766796278,0.933490073183673,2.8193801903584017
5418.144935915827,0.09055586770077496,-2.383658319571195
5418.143923525127,0.09242689131440847,-2.418218752190022
5418.145278589797,0.10131935012626474,-2.387932065073006
5418.129281572181,0.08831584627831916,-2.430029404544156
5418.137361193553,0.07534898486838724,-2.2614296386326025
5418.0994231080285,0.06080294943706179,-2.4649727111178965
5418.09796573648,0.03598445818443046,-2.897352904559665
5418.041196882295,0.002331591232250274,-2.9869321785249165
5417.778375310195,0.05702303637809763,2.9223596599658093
5417.506066226522,0.005479204312376563,3.076102236486225
5420.779493155838,0.8396825428975742,1.7110549114569746
5423.238667472323,0.18027335847526715,-3.0826299961762986
5428.415609099311,0.00417409993610534,-2.828340160914134
5436.4495417702365,0.98366034825138,2.8910813588991235
5458.063373902312,0.493700311021606,-0.7805427317015496
5510.697239726442,0.6291532160970609,-0.7416350153109859
5594.4321703501155,0.09384133114204328,-2.2527626627666564
5623.940381828962,0.9411002199427391,3.1348441903822764
5623.9417095635135,0.9449251615034829,3.1408631618678102
5623.940951808721,0.9526407159393561,3.1165094988298048
5623.935143431955,0.9628404111399003,2.9319290535938034
5623.913071326733,0.9499848051313619,2.974713791916308
5623.889002520734,0.9617818941313668,2.985463138393216
5623.822983034961,0.9808987815577654,2.8058291566344566
5623.765063224345,0.9770657481672272,3.048933121943909
5623.5084919734345,0.9765896438079406,3.078792417275017
5622.799909493772,0.9924473134926222,-2.762734817626715
5624.686114115034,0.060791199277012806,-2.8082737702943423
5627.532152222576,0.08635048402452879,2.768787726836716
5634.180729750803,0.39890483197484644,-0.7323701677809291
5646.452874433711,0.5504964164616123,2.6727523156663473
5664.773105257,0.8220212522216188,-0.9638710285960408
5697.479377982532,0.022479701286389077,-3.049643424948594
5769.490484991157,0.9952096562047859,-3.020880601615629
5805.222182881314,0.025711262919159147,-2.88936155150328
5805.22439277087,0.03398374118304469,-2.8868776566131165
5805.225920613018,0.02885057235637833,-2.88375321220946
5805.209246823589,0.01687844404283074,-2.769836307539959
5805.198258602056,0.01269417568759551,-3.0347337079878773
5805.186437204343,0.015987204119804848,-2.931225827554081
5805.0984836638945,0.014102340350190872,-3.1240837347304353
5804.927096274964,0.03731759352508009,-3.1373850492892537
5804.62948865362,0.00524574549574882,-2.9363840201871168
5804.227059082487,0.08043485209980776,2.91818179495848
5805.901796526441,0.6870754456150319,3.063893552789901
5807.542961152965,0.8182505061430726,-1.6297043578973416
5818.682160299673,0.9671051507121601,2.697288462663021
5830.870765752262,0.849540807450252,-2.061960949300198
5853.28096404153,0.5750242903585293,1.0128950111852832
5885.304524479516,0.9781792702706074,2.848558299190808
5958.292238670361,0.12345738838184242,2.6913054706430355
5982.782116536265,0.8827691369276612,3.0209013016442885
5982.788752802545,0.8807527034234388,3.0127385113688376
5982.786066144034,0.8790625511554805,3.058492262227432
5982.795068004909,0.8714765566832819,-3.0468692897754868
5982.804713061828,0.8661057002903222,-2.9649807885053012
5982.834746302072,0.8689379330564556,2.943705230829778
5982.904339206097,0.8730661985102268,3.077726258669907
5982.954816183523,0.8347469396488438,3.055861871762847
5983.180947029147,0.7567732272068656,-2.501521133261145
5984.313767364575,0.30420646128454437,-2.2934972390266095
5983.959075869901,0.06301745935182627,-2.948342942276739
5987.3822149628795,0.5077667355368585,-0.1422561606744246
5995.694835281809,0.9510831814051959,-2.911675180770248
6008.256935104307,0.02083419991817963,-3.0622178552604997
6025.487160330895,0.6018154676853239,0.3152795320335491
6055.4096989023565,0.37843698691356803,-1.991453542488876
6143.2084572240565,0.0031472564237004707,-2.8898025183786697
6175.082712217814,0.14772778869119219,3.070584894687201
6175.083782056771,0.1428989933971786,3.0986093081935433
6175.07710869353,0.13682099029866115,3.08364521158754
6175.069088481501,0.1368310845709049,3.1107251452551665
6175.07356180628,0.11871169162505973,3.0295366543575915
6175.078875983085,0.1044405325376842,-3.0996611185615524
6175.11932064819,0.06668811447544457,-2.8936071210971
6175.0710556866225,0.07107187068259642,-2.8048574926009175
6174.944958850978,0.0714257389846817,2.6361031383539952
6176.588646653464,0.6292538474676589,1.5420213480154796
6176.67647496494,0.8355031085914577,-2.2105160185496806
6179.6105541735105,0.9849076468263821,-3.00054873567761
6187.969274799301,0.9849511974461896,2.8730650604489387
6205.5293606393825,0.08001129345990299,2.9370336879365304
6224.743489841988,0.9939702662789124,-2.8353082997004004
6262.476365127856,0.055629989506823664,-2.733236398750176
6336.301213072075,0.9947601233447768,2.699600230598411
6364.140433250091,0.4138983671535037,-0.6247010992565079
6364.143199594097,0.41035193385611346,-0.6761992998413016
6364.162189336486,0.41092292798329955,-0.6514964237685348
6364.19054977158,0.3937743167076051,-0.5981815253381777
6364.262016899673,0.37813394366732617,-0.5817915705268888
6364.417779337825,0.3448322654672086,-0.6873577406034941
6364.604731353588,0.32821302354941717,-1.1840127218305587
6364.844489642911,0.13076408273934825,-2.158378070082176
6364.706792494156,0.010105263697712674,-2.75483352300572
6365.101770204767,0.3735536115752924,0.5334042597622424
6367.793651763515,0.997930049012032,3.0954599675316317
6371.389728011184,0.6421654298868491,2.8644163710515365
6377.726637244465,0.9902868753863177,-2.813406752069497
6387.153495780711,0.07388124907867291,3.062694812962553
6395.746189453265,0.186185969625061,0.3355355483146809
6445.86473104838,0.269464004398338,-0.2216771921056595
6544.780634274141,0.017956181809528876,-3.1103339856930274
6585.627784378493,0.8977813675684244,2.859323992058809
6585.6340910910685,0.8976638338505201,2.858614774197857
6585.631416080904,0.8985367668640448,2.9042928098138177
6585.639240762301,0.9098063556733395,2.9140834839882253
6585.654090339992,0.9035818029654185,2.7185616631257936
6585.654915799555,0.9286031625160448,2.736296294112508
6585.6323338484335,0.9958537333163154,2.728281055655949
6585.513614991505,0.9921939507117516,2.9868887036144276
6585.2769225595575,0.9963229460091632,2.8563045051839264
6584.830341760691,0.9838489873761527,3.0872573613075076
6585.973198426157,0.3388313082594704,-1.6045620257439182
6585.085614744295,0.19569776279016454,2.705268310725863
6589.264435605725,0.9974958037095062,2.786441783715423
6595.6217730721455,0.9970562926683588,2.906798401546707
6613.03220447404,0.8423210737268396,-1.5740792175992144
6654.183391616984,0.04619970324146063,2.7788908946253876
6726.897267263284,0.08891602444508549,-2.6128371549333216
6753.687442621789,0.7503335119711407,-0.2143661607678804
6753.700572337109,0.7501936678780595,-0.18910961897044398
6753.709142544507,0.7477691837601878,-0.2348237336001251
6753.739477805215,0.74941717300239,-0.14032000878043283
6753.808832091416,0.7459220606558461,-0.2634066997022475
6753.964686945726,0.7332426953731396,-0.3941510309466727
6754.189352292232,0.6930421033722436,-0.1645345397099911
6754.668262720438,0.7365783359347319,-0.23911929568466572
6755.717341030037,0.715417180232753,0.20877537132885626
6756.963987464018,0.9996399895641903,2.6586182354275127
6755.949273629366,0.9076577699400662,-2.2202183101036614
6757.39425670351,0.0013440872290793693,-2.755846964603765
6760.9355298332775,0.0662117871355499,3.0535818222138813
6768.972623129266,0.8315021520821637,2.9786154610062328
6786.310837697168,0.9936643171633072,2.6609210452923673
6837.828289461359,0.9542726151930639,2.8112244731788785
6921.241570451871,0.03089729304772719,-2.825616184526995
6961.429291732047,0.23113072897893247,0.1833626378836839
6961.440123903203,0.22613562058278683,0.17031015189319643
6961.458434624202,0.23445339092573886,0.13023140105176223
6961.480748654709,0.25231142252034344,0.12131739971731426
6961.5690847219275,0.2504747063176448,0.1254479056029707
6961.705160658964,0.25113159508686295,0.03494989686530525
6961.948725156911,0.20207672250666428,-0.01856099195760974
6962.317869182057,0.12497161563671526,-0.3419072364248583
6963.01257468384,0.13944443507489876,0.06533996736489112
6964.677184661471,0.18204561313032835,0.307644484081921
6966.724505527439,0.008364255850995728,-2.9503850313100077
6968.57163050111,0.9354232530645963,-3.0134166840634773
6974.680332188343,0.9978543699274548,2.3677966008175018
6989.192929870498,0.5675703603163119,-0.019913020007424898
7013.522900957287,0.11331525944397833,-3.050350927353623
7055.061685610356,0.32659366015321484,-2.9138218671947227
7129.250021889789,0.6748563970999443,1.5734083673680956
7169.088121144936,0.06806055695271036,3.0820249866307314
7169.0876863052645,0.07632450191486398,3.0423510245692675
7169.079888880787,0.07842053177548665,-3.1279194312265357
7169.077241121765,0.08550865245822227,3.102692536503824
7169.072851494352,0.10862696539656487,3.042428068487494
7169.071156331365,0.12017342201608519,3.014184872834294
7169.115506116425,0.12462401629943422,2.3556564212884297
7169.328639261561,0.2900101338981084,1.3054305021904256
7170.439587217971,0.45622444736655615,0.06262972339038919
7172.889487501582,0.4295409850310996,-0.14559561433426582
7175.426710976121,0.9869994311557089,3.1184128762593026
7182.497254322154,0.6088031182551082,-0.06478506050787214
7189.692971316766,0.9990659505266188,-3.1027696366986657
7204.91835966027,0.8375326358711654,2.626234645798
7222.32583387668,0.7205999062299663,-0.3062282780149328
7257.803065433121,0.3963430132876813,-0.7413458713753731
7349.75874466117,0.0910280813852157,-2.841979106959948
7385.037852734618,0.9893056067480929,2.643663508506105
7385.034123793898,0.9890030418419486,2.719843984887536
7385.024066427543,0.9945789464212096,2.736516546141525
7385.00585162481,0.99696611928057,2.7652205924760542
7384.991085365603,0.9834887039340579,2.772664599003777
7384.951471985914,0.9971262473651717,2.994975981516795
7384.866790279136,0.9945691398271129,2.973024231661917
7384.725396135687,0.9894588010129628,2.868941851244079
7384.544045876662,0.9601123933166971,2.9225267173205847
7384.044199323421,0.9900795804882098,2.798450228341091
7386.125798102027,0.21990104193774623,-1.2314276100130133
7387.8121406445025,0.869854714301643,-2.880822303554742
7395.983207592327,0.7786982632025188,1.6348334005018827
7404.050885975112,0.02485884920367361,3.0384111263265137
7425.847732354317,0.9383514774256604,-2.7182260304447876
7471.355868201118,0.16686818342549958,0.9628713959758741
7563.742810489303,0.44088449102699734,-1.3634800572239085
7608.516275299529,0.4728085202188204,0.4127065996148733
7608.523430389602,0.4690267245303721,0.3650114837433236
7608.536114390253,0.46444858415448925,0.3029526955604531
7608.575584354732,0.4766067842560773,0.35986628888473815
7608.645649241909,0.49059768434913553,0.5113831699478113
7608.762529175185,0.4860770878913621,0.35581074813774594
7609.065166915582,0.5308446634806573,0.6575081099438784
7609.559189722975,0.7212610612091426,1.554681128936645
7609.74767582062,0.9717521946317967,2.8166102820692203
7609.378817922477,0.983815308348722,-2.5203492390380093
7611.720581647238,0.12198952232051684,-3.0256431609082783
7615.884672645656,0.13612380174669475,-2.843743935646845
7626.951074928872,0.5765104994032951,0.7780771580855848
7637.643984692256,0.12617980658551534,-3.1310789971491326
7655.1488496513175,0.024604820572124417,-3.1113674247411627
7698.952505101493,0.32570591075436983,1.1545974672297437
7775.065791733315,0.9207471986518061,-2.832245809936626
7809.12187587615,0.04565203249739499,2.949045542639243
7809.120308394481,0.04670949863524245,2.883890052075742
7809.112132552429,0.061969205258964065,2.9290808807470565
7809.110152760603,0.06686793021454841,2.98175959820108
7809.067388469991,0.07906344544242734,3.015272997912774
7809.060631374429,0.06284225027333137,3.0586870754688764
7809.033592521275,0.026788194246973988,-2.8974660120196134
7808.9429641785455,0.0020239968687171123,-2.6761885344689396
7808.560143845243,0.010232554443479983,3.003379985191118
7807.947950729466,0.0387975668990005,-2.8821119562655264
7807.970531903429,0.21281839584967624,0.26485131420228303
7813.278473481365,0.467200202032965,-0.21062956789972542
7818.574084834556,0.8798738618415357,-3.009892293793579
7830.438010542803,0.42684857480312616,1.4284983601183665
7857.147553040227,0.005484419648430134,-2.750319451819572
7898.194829309915,0.12910176804297174,-2.90661344746809
7972.964162816862,0.04517746165859239,-3.023853477637744
8022.616037433635,0.9001703942701086,-3.004155057709731
8022.611247502908,0.9035797314427177,-3.1118903160255758
8022.599370373857,0.9109992984549165,3.0440139086102533
8022.590423572266,0.8990143287130818,3.049008772416034
8022.604594650118,0.8935648315059199,2.924036967399225
8022.621056694903,0.9221583120121924,2.7896532081755145
8022.589049837968,0.9537166761969388,2.827566740821613
8022.4987556863825,0.9098804258215523,-2.366904124495158
8023.142915828758,0.687208869598892,-0.6551463939432103
8024.39152927508,0.1219668424881237,-2.8825995717999695
8024.532334796792,0.03839077664074621,-2.9525469969529734
8025.931574124946,0.7058911642946692,-3.1328871484415064
8033.553106271905,0.15385959711838693,2.328090081752176
8048.723453783275,0.8789558154523489,3.055108865573229
8066.560420545231,0.2044397675485435,2.614851407522618
8115.548372572827,0.6254640206116298,-0.3156609558813872
8196.476858125012,0.9416861996238005,-2.2948862497300233
8238.39517024522,0.3821812157553409,-2.7146101639664417
8238.40544830279,0.3828587935558038,-2.725769279417469
8238.413778139957,0.37379830747497295,-2.714981845008644
8238.432351497338,0.3817031435176175,-2.586752135617318
8238.474764454437,0.3809228857114272,-2.518626699861378
8238.532451705621,0.36538412212353255,-2.498112198842279
8238.654618089984,0.3438974235232489,-2.750206092546354
8238.933335965172,0.31340645572648457,-2.5558584255698293
8239.290026031249,0.18662791456942948,-2.72476334579709
8239.35527893266,0.02246975979105009,2.879315571980154
8241.221220285812,0.9338074975904763,2.9776037800524113
8244.823173382241,0.9242246213685748,2.0900496965733337
8249.368031433045,0.5117888319004774,-2.021845955259679
8261.91103308037,0.25957023948342184,0.12514804928076018
8278.695224863586,0.9864818312241076,2.915882944608599
8314.001373546822,0.48867776785933864,0.7611137822379299
8396.309555010577,0.4680997601067562,0.6623897179899103
8436.683290509995,0.8081205852140277,-2.6911904110730034
8436.689375973543,0.8078099813999932,-2.636339600998835
8436.699963740266,0.8027389670356783,-2.6481858523882527
8436.698607366752,0.8030173329845929,-2.632667268427967
8436.712810876805,0.8110012439609275,-2.676436507284768
8436.751538683398,0.8015181268225172,-2.3933109638717878
8436.90112453116,0.7336598992682953,-1.7876307902104658
8437.326344692314,0.5646238582686639,-0.9794562831631257
8438.345127336956,0.30725110948309914,-0.8538785474352006
8438.582062586609,0.11004682444108393,3.04191658586619
8440.503003955544,0.994910495809743,2.8796517012446063
8442.424184088042,0.3313719499935457,1.8172207668102018
8447.32299894603,0.6846478211480086,0.9228288695544649
8455.068640484857,0.7973551700279415,-2.023486428193775
8478.438009589372,0.3122816082727178,-1.8168620748358475
8530.965888623077,0.3891116202517685,1.2153358708244042
8623.932067081421,0.7548509940670591,2.192012694101426
8669.944703734966,0.5623035697126719,2.3219553664328503
8669.95753599057,0.5670804649256879,2.333694904071087
8669.960248139505,0.5677609730639173,2.347528432680031
8669.996694783977,0.5663570717805978,2.444821220578085
8670.028050182696,0.5912472204740867,2.513945092021518
8670.108564945349,0.5927217228252697,2.670044003206545
8670.199770864114,0.6310912337403131,2.813839376217965
8670.496020774835,0.6707223462462241,2.395685520964509
8670.85497458414,0.8014592281068416,-3.0865960434556268
8671.95659565854,0.5527761225255663,-0.7916792687619254
8673.871697034763,0.12983279660171,-2.852610173784817
8676.071976347095,0.9336083040848188,3.0708155098788392
8679.240899877645,0.010941978239845648,-2.6953656891306355
8691.275890509749,0.018597432676267133,-2.8613877540737866
8709.406717872333,0.8486714833279337,2.6792737206289043
8760.106488312333,0.0015215694831104969,-2.9441144956881344
8867.674873281683,0.446978192400657,-0.18432750407936327
8895.503015515402,0.21593423142890997,-2.695082105562077
8895.499022911528,0.21258300359606278,-2.7200694464563107
8895.49965183513,0.20737558037395826,-2.6609789123131566
8895.522640936164,0.20650230742910944,-2.698046624371154
8895.540027851475,0.18350326224309585,-2.772129536641673
8895.548379516178,0.16543686402429258,-2.7920455172842598
8895.586427983553,0.12224691421840826,-2.683344633966315
8895.546255940353,0.07982598016642965,-2.7905001249583536
8895.662112184624,0.20296826867200302,2.4829003943290058
8896.968965832904,0.6635726425847139,2.7417760079507225
8899.140395180104,0.7960637567355231,2.974098865541757
8900.650372422127,0.6091882933683684,-0.40123468275873586
8905.643372281216,0.26461341500537855,3.0700342216209826
8911.420245014446,0.061812895372459695,3.132094866362058
8931.113503610812,0.9544489028185025,-2.9532788632414855
8986.026448486795,0.45028513135140646,1.7603324102247795
9058.488560228203,0.2623541810452726,0.41630787973461114
9088.778453359073,0.8580331127479883,2.591891186629752
9088.785759112585,0.8564081685093022,2.63975121262812
9088.796502094032,0.8630208185606649,2.5631056821402876
9088.801872021828,0.869326826480058,2.4372524250171903
9088.822614033685,0.8742365576249753,2.4236293473225903
9088.83233488188,0.9187227486513819,2.627931196989657
9088.8275372388,0.941146123225857,2.5593826118870524
9088.740717426213,0.9783212215993914,2.9033924585791038
9088.521049902056,0.9938178498169213,3.1347737932034514
9088.158483278332,0.9100946242113582,-3.0979180044139056
9091.337287617547,0.08654723731519291,-3.0028519790922847
9091.967235075366,0.8002766584419315,2.0258633949842606
9097.781086891337,0.008914441390391879,-2.9991745507481005
9107.101443558495,0.9832326140616781,2.7414457762431397
9120.431100216261,0.028158121839372996,-2.9642601165794877
9172.539020320915,0.3682202069401779,-0.9883763469800257
9242.468818415502,0.5852236618331006,0.3718061924532585
9275.420324472776,0.03932330031546461,-3.024920251018284
9275.420703969847,0.035853545647255215,-3.0239087694352125
9275.426014593895,0.022269359608045523,-2.955819609566168
9275.420773120404,0.004118010660664676,-2.933571375435063
9275.392134491714,0.0031986786067132334,-2.958434473174237
9275.344620378602,0.012039557375975127,-2.8774911936565433
9275.311562081775,0.0013173745225800158,-2.8660490048169454
9275.23918130164,0.02199231672684672,-2.8682422353652415
9275.152497098634,0.10397113640926059,2.494852140716869
9276.858020313088,0.6771127337218327,0.8395575971857068
9276.510995692897,0.9931112206646457,3.0793435048722078
9277.65793456828,0.5937381147722637,0.02518929449738483
9278.876040854064,0.08739090015689244,2.574554783122033
9298.226404641102,0.17886380775108437,2.3524795614901377
9311.693719294992,0.004504192202166368,-2.530590886018357
9343.507065327378,0.30384859726979896,-1.6158078003851366
9428.043960490004,0.00108468847238608,-2.931112597125551
9468.708994693003,0.8930158562604664,-2.376938205187676
9468.712178223106,0.8885068955326111,-2.3686461479162486
9468.699293669079,0.8792413882618964,-2.3264597811884524
9468.702216870946,0.8865510124436825,-2.3557716936768993
9468.686992453382,0.8586718947022993,-2.4074310020632
9468.74460810221,0.8263226891722486,-1.7678539681493608
9468.94506085019,0.7201727225175126,-0.9555429589246147
9469.408061765958,0.6123326521892439,-0.558175137295557
9470.486642009573,0.4110505589379019,-1.6353718204381205
9470.79821278035,0.006180282953998402,-2.7194972192282347
9470.01305351313,0.060454804493635224,2.3840712168228837
9474.772391718789,0.5525760369817843,-0.584447144311949
9482.427243155773,0.919957054344073,3.1012236148202064
9493.121098648679,0.918325728496213,2.4051739376957926
9514.046787106536,0.453596360810078,-1.8668965068630452
9562.462129256211,0.7591858566246363,2.967809028097993
9629.329427528533,0.954721996781918,-3.052699056840031
9667.889405357666,0.6322117136487506,0.49192021995621804
9667.906741512863,0.6356614952141532,0.5084230493680963
9667.916052230545,0.6357936452830347,0.4797881467664178
9667.954248171256,0.6421091590659891,0.5243317965668499
9668.01289952632,0.6623355611691791,0.3796428934373397
9668.114348335117,0.6922099320617839,0.3288014519713047
9668.43185784282,0.7440456829383892,0.8749046414437007
9668.6739694142,0.9362537425007824,2.2977582949851127
9668.54382789025,0.9661872441037053,2.930592292421972
9667.95595889681,0.9771475983697401,-2.851713336275402
9669.816423953656,0.004793835919272316,3.066428617726336
9670.999724280746,0.9979029092461014,2.9983344023420724
9674.271752096032,0.3110843740636521,-2.2798328852127563
9677.786289709875,0.6371322901120515,0.8506003165150329
9699.257920923923,0.3254172042274987,0.6937710385682458
9742.71882297374,0.29567793303982154,-1.408810645774865
9842.953681542629,0.931973604833312,2.105852763066591
9865.351809805883,0.19171776967919213,-2.9487151407088312
9865.356203186426,0.1966682777967337,-2.955507875365947
9865.361961594299,0.2090916899119853,-2.9347105734220067
9865.363056242739,0.20290021875710537,-3.023645113629095
9865.364790527356,0.20556346195275776,-2.871683362745494
9865.401167010396,0.20741356782411216,-2.8457385908655985
9865.442011492863,0.19747010507993293,3.1099420477949202
9865.51546018164,0.14530667078678933,2.755593843348864
9866.26725547666,0.34336122781491424,0.8916128779364376
9868.574699258643,0.3281567933533103,-1.5695373693921035
9868.180926569466,0.001254921746311065,-2.9738154280394857
9868.999665779262,0.9514810855685453,2.793419864441084
9869.493378286803,0.40267384871106104,0.5881676019004307
9878.192785459933,0.1288798625668283,2.9271505374426763
9905.95674020355,0.20290876776167774,1.5904624521527904
9961.101251321292,0.8920872765690792,3.030289902414318
10034.35593572169,0.5735580873008165,0.1210661857659785
10079.845147271646,0.28446966711590227,-2.7981411331152297
10079.853356175878,0.2805618320588632,-2.71031743029463
10079.856806216741,0.2765584538580796,-2.713688563714991
10079.86659088204,0.2647576039651656,-2.755081669013506
10079.889192363464,0.28179774362052956,-3.0456797362771426
10079.935928132722,0.30489473512238435,-3.138486352198152
10080.063915282974,0.25311314416146297,-3.1275248562951203
10080.183304929933,0.20134373550235118,2.851969008083959
10080.7915497321,0.4723138379543718,2.334859392117658
10081.752932810474,0.9014999108796431,2.4884945876446816
10081.280964174832,0.7520649411840764,-1.1853141100509694
10085.510968503422,0.8433652068212498,-2.2244183514878726
10090.683686999624,0.9942383070463243,2.6629177481355697
10099.344729603808,0.07812704245855741,-3.0989276671901425
10113.62167109573,0.16388703796120574,-2.886852206160901
10161.210431895986,0.5300205107577712,2.381407712414921
10239.865733031425,0.06005098392780311,2.9091462811958326
10270.779278328748,0.4792931524593905,-1.9652643080623835
10270.788274132905,0.47471748178852585,-1.9365566478781469
10270.800405686723,0.4647805528306386,-1.9232950532466924
10270.830847830246,0.4646291780568493,-1.9150688751140612
10270.862476535605,0.4476131757828634,-1.9636739110227754
10270.969976489434,0.45025361806030845,-2.005188828404662
10271.116922006207,0.37390504829194005,-2.501867807130236
10271.452598115136,0.34258554222326537,-2.4803594435408636
10271.941105128759,0.2451567336187627,-2.9576962812797185
10272.808212062528,0.6296348311361946,2.3281439048364803
10273.07638827969,0.9365109784044587,-2.9653974221124315
10273.439290177841,0.2341115707349826,2.9514721605100354
10272.580728664561,0.9766160032348045,3.0788597371173143
10276.475288876443,0.02315689987862899,-2.652881733586029
10301.576232112535,0.040001592405585235,-2.9725232740163654
10333.65676354545,0.8426447906124828,-1.5425516786717524
10423.431268358845,0.4311458031588426,0.09685547760577773
10473.905818461162,0.008924522459003634,2.8913162007302775
10473.897462789027,0.006138129343200389,2.992042966167606
10473.89744657419,0.00256867918583757,3.1051862200400606
10473.8659679372,0.0043704091829074,3.042961494410955
10473.8592234044,0.005071480960807447,-3.109790319355092
10473.832247911754,0.023756858858005478,-2.970199145326873
10473.828426600274,0.03871589944528702,-2.5804462089942466
10473.729424725772,7.316856349703449e-05,-2.7789584644442735
10473.389089975099,0.002471120921709015,-2.720380984664838
10474.339140062259,0.504591866205997,0.5600378555890622
10476.209349415278,0.991275532777702,-2.74118868741164
10479.514519314524,0.39214731437267925,0.5446318415358049
10487.51931020958,0.40238755460319087,-1.3809176111933763
10492.181145785975,0.9990609596858664,2.517073197526422
10509.08775134246,0.30990925060298885,-0.7555877803919717
10550.569399134989,0.9327454986500149,-2.9845148523039358
10672.75171703692,0.02366391527388007,-2.2738416500427934
10698.938393183858,0.6470837309193623,0.2685707654939038
10698.943618978778,0.6484768878464352,0.3096585514449286
10698.96056322015,0.6498831758260307,0.3472215352459411
10699.00219130378,0.6365632327898217,0.3850702063004383
10699.055662708719,0.648495283946787,0.4972838426078532
10699.166358357408,0.6747002542904206,0.7911284486307744
10699.409335982358,0.764491480339066,1.396004921628843
10699.580829379225,0.8925895409568093,2.490463144378851
10699.538961749418,0.9776259372269333,2.949369316066389
10698.973347446954,0.9871432238587272,-3.049905102662477
10702.50414125441,0.6391146801628287,0.11904821475550076
10706.839126694642,0.2752120407010017,0.03123686828622274
10713.037132669642,0.9342717579804096,-2.39777682708674
10729.769130049415,0.9571223792449579,2.670750330891285
10733.836401888319,0.9942051520749661,2.567093576665954
10775.4552283148,0.39213345541546524,-1.2723040216551145
10875.12098235311,0.28918601599812555,0.5997414927712157
10917.514683449052,0.1967516440571998,-2.581732414054159
10917.514819013875,0.19216226402558714,-2.6012795438680314
10917.506009733175,0.18656753197804926,-2.5128208609920017
10917.513533655982,0.1862333881060757,-2.5973494056325217
10917.53130606074,0.15298853611885274,-2.724493917721652
10917.575780242883,0.09802080868240293,-2.986303216375624
10917.577688762702,0.05160162888843374,-2.3898102973505813
10917.407065020836,0.0014700165932469095,-2.663572418219549
10917.296385731994,0.07071748246131433,-3.093353770138723
10916.942101425346,0.09408887175714521,2.955919567187138
10920.530846075439,0.7010051497922659,1.0384505292418682
10921.186432854289,0.07918461855124476,-2.8265469826851453
10922.553849236965,0.9600018986868256,2.976184343292494
10934.596187991583,0.4270135730989432,0.12089242177848725
10950.468140323348,0.0062611594689274165,-2.858177058495488
10985.368586649276,0.9853446240816677,-2.827533841635511
11070.204579866799,0.002280008910400962,-2.872357008743891
11108.329310327228,0.9614497372293724,-2.8529540894698857
11108.326086047347,0.9562563898930468,-2.8609321235217684
11108.319894702505,0.9481967670547787,-2.994054369297351
11108.306770224652,0.9497074028352918,-3.013953272755843
11108.312047416279,0.9465848895992506,3.0918652129239588
11108.296683612001,0.9449562801442546,2.9381078048547433
11108.292819890137,0.9543528115085167,-2.921513012039892
11108.244419202512,0.9232016102936601,-2.655585343964753
11108.629326285893,0.659584854206654,-2.0097365276295527
11110.19760584007,0.15689675266115402,-2.5044016790891193
11110.359289730377,0.3364534447677541,0.7429586459395567
11113.19581481683,0.01502292104315431,3.003138325665333
11118.92525112585,0.215696081027296,2.888394170176852
11128.51095586144,0.24136235634754036,3.106078628825008
11151.191345589461,0.5634239350227311,1.4929604396058815
11191.549353849372,0.47916980114919555,2.562793664295933
11267.924930880414,0.39511289798769345,-1.2013926225858451
11299.624189574548,0.8601508018450963,-2.3951795436783314
11299.63462035497,0.8618503558635424,-2.381986893913201
11299.632134949114,0.8497879074217866,-2.3459381176556344
11299.62718477976,0.8459396017816486,-2.44150467219814
11299.622444787095,0.8098253951892705,-2.286812838691144
11299.680844953935,0.7837818921617854,-1.8618183176630534
11299.826301159172,0.6844718593826928,-1.4589644430252633
11300.273877141146,0.5375720374764745,-1.1482115977957656
11301.026749038088,0.23487463125625796,-2.227900683520022
11301.544442843124,0.14087315353101226,-2.8663144666898983
11301.122085907526,0.1355447692314406,1.677344453628832
11303.946936440632,0.7615529032543004,-0.8218930921611465
11310.680295915905,0.1957491868601482,-2.448175797310628
11325.014355225734,0.9951207510207686,2.895862760078451
11339.555964431938,0.9978973261669866,2.6307138798727188
11378.597883527042,0.9887726535255673,3.035325077926583
11455.97637122478,0.537548777445869,1.2192803931184404
11496.348324684506,0.08557928911850139,2.581184534328097
11496.34853366846,0.08864994309374867,2.529470348772411
11496.358605504516,0.10081201181319994,2.4455170365413537
11496.354206147527,0.12964088706867474,2.333775988711409
11496.36195439281,0.14269760709618262,2.2184195033726084
11496.37994485144,0.21609636904808013,1.9559927869420228
11496.560285210462,0.2646432687083276,1.3756556192031812
11497.066032475346,0.41760578137192267,0.28394565268567495
11498.215846216008,0.5560506530105775,0.18433918834846663
11500.474119919621,0.33178515659674024,-1.2203900783334118
11500.401469044336,0.006668080155140103,-2.6184863506546767
11498.48340112415,0.035237358472649555,-2.804425024525634
11504.565760128202,0.6711076940240622,-1.903992813661615
11513.683306434168,0.387562476007499,-1.5221512390887535
11534.95039472144,0.018696835771815707,3.079125655258003
11569.38746256839,0.150949252761404,-3.0460399066563784
11645.765757197358,0.22638207779450958,-3.0793252510593088
11693.13242121757,0.9940348641310239,-2.9366032679414107
11693.130288397237,0.9917463972846783,-2.9921767378360156
11693.123812646516,0.9995823615248657,-2.8683426032171737
11693.113883589811,0.9936099459388583,-2.8708746583880265
11693.08294927885,0.9747370470950644,-2.925434936485535
11693.028751483997,0.9342936229082338,-2.5792374847022073
11693.039817445013,0.8812300602134996,-2.7388671391747454
11693.072418717788,0.8708860290756746,-2.2807674334810786
11693.437169650888,0.659826367999887,-2.405614252999999
11694.53553434235,0.29242513065116055,2.968896188553222
11695.57109496089,0.08983001048913866,-2.576244868848129
11699.660632594627,0.987205864259986,2.66469502520709
11701.060555856171,0.9967857475301938,2.7425023478109214
11708.852443688284,0.8731004453371685,2.7841937738885676
11731.95027293776,0.009028193403002593,-2.836631005386063
11775.732684275843,0.07309466683865645,-2.7768943318517874
11854.863522111124,0.1493313834409289,-1.9594479759898742
11888.227541082164,0.0037169944114016874,-2.7060030668860535
11888.227763770454,0.00523996718484813,-2.7648768370841754
11888.226858525848,0.0021298678377590138,-2.7524381945788416
11888.220567822458,0.009445298292417295,-2.729541652082933
11888.194522806625,0.010771770696137774,-2.8486825479730693
11888.150027187794,0.007267434636528215,-3.084956319321929
11888.050954554077,0.026452071453377773,-3.1144776163453316
11887.981102393904,0.020855460481984157,-2.670522800733786
11887.754009964696,0.01631084063283343,-2.816498913446046
11887.572173380084,0.24658126210899847,2.6376999775885874
11889.402043654174,0.3946995770963778,2.0392143375156664
11892.03731243346,0.017745459071759298,-2.870493451820051
11895.100373071964,0.005756876078906929,-2.646188357333543
11908.457904693289,0.3308416453986978,0.9341229502438804
11936.255542204863,0.04590239288186513,2.984862865896906
11983.49531392427,0.575371216192098,-0.3943066744246311
12058.042631376766,0.7661084515683809,-2.849719952033272
12101.28407744481,0.002155871358873257,-2.6732486234430106
12101.2879981363,0.002155871358873257,-2.7217880332364324
12101.289951166851,0.003970480860065005,-2.789752204967977
12101.270997649162,0.0013312465907747307,-2.77565828466972
12101.24292089323,0.0028190842300783612,-2.859853336116197
12101.194312867254,0.02775877777382916,-2.924680474938102
12101.131286700904,0.022301455554001374,-3.091499187105074
12101.050798848282,0.029778498609077275,-2.953571444752943
12100.712641352311,0.003916025617622069,-2.470920506379103
12100.222925003858,0.02193931030471868,3.0529448725984834
12099.779213231302,0.1800991010620214,1.1428086648899898
12104.45824101745,0.7049578161331127,1.5552760270035177
12110.91552399411,0.7396288777638025,-0.9337539988869561
12125.710008648995,0.9843244866599409,2.793219756877777
12143.585024902704,0.06890451320344462,-3.0541012358904482
12186.066736454242,0.9076768717283628,-3.0430574030174093
12282.0609247999,0.010252869796803461,-2.5494196559173927
12318.297570991203,0.9575193014033122,2.6748847031143654
12318.299046783897,0.9621056390673984,2.706765601210992
12318.298545629077,0.9556587185040578,2.722415387830564
12318.29956743837,0.956879334068556,2.720154093854868
12318.293374074525,0.9365799531721265,2.667142284675437
12318.27536475185,0.9708653004377207,2.685287081600503
12318.222529946912,0.973893508336754,2.855770455888746
12318.099539627554,0.9849977878269701,-3.020389738143723
12318.313254879871,0.6868754955724432,-1.6271083415523055
12320.345560698466,0.22915017998881082,-0.622195070411899
12320.003308159185,0.09840097041174858,2.5801255509197265
12323.267388577096,0.27913732659569507,-2.5365541613311704
12328.339590352134,0.43784428745145193,0.6927698573426428
12339.846085991552,0.15869465530313231,3.1061548005287145
12365.42530480005,0.9069645676505171,-2.142330691531107
12422.528115578098,0.006295400251652159,-2.6578417472417195
12506.19829380401,0.0415080143221473,2.5794877324422085
12538.420268995174,0.5975027380153901,0.09164001492385143
12538.431642225501,0.5903475885653535,0.09876908036755117
12538.45068230724,0.5895450588800268,0.17683215850970635
12538.479045257302,0.5898716279355434,0.3567588608358254
12538.556774132785,0.6111393090936738,0.37179195718916835
12538.726187839175,0.6076596898624411,0.30088615968045485
12539.017657278697,0.6019581679148026,0.22283156295070938
12539.591166014943,0.6241415499479464,0.1554250830934616
12540.56630102389,0.7299051207998055,1.711051785572022
12540.580942809722,0.9597409918389317,-2.7842226747454704
12542.0531271038,0.030033545342394392,-3.0538333960871626
12546.913331688425,0.017771923768522054,-2.8171764957671193
12551.200598780904,0.6051703013318483,-0.7733974513135324
12558.002561993493,0.29721301732278077,1.532572630873771
12575.48134183909,0.228714058518169,-3.106614813153533
12626.058878784923,0.5833898227826579,2.7600071664205306
12695.965357286372,0.019858331373452394,-2.800805101508554
12740.406128840774,0.9219297092237496,-2.9713298856020613
12740.41176205683,0.9264989603270999,-2.8722534343770416
12740.415874282104,0.9270911203777263,-2.952649945456201
12740.41305600955,0.9130501959024335,-2.8774292659526375
12740.410568985832,0.8912805458354017,-2.9448673351492283
12740.433687564579,0.86795420208235,-2.7022810678759006
12740.448744702495,0.8736549052259901,3.0709241565520093
12740.536994257225,0.863911833333558,-2.419410354216468
12740.836723757524,0.6225811321734713,-1.3696750862632248
12742.697564539458,0.037541656022025825,-2.516055403783851
12745.664834365858,0.5980897530852846,1.0740181867237224
12745.427702935674,0.7348024904148435,-0.6201991545396033
12752.733268655276,0.5243697018405205,1.0781954868083528
12766.589282135936,0.16290502831093687,-0.8803356000403046
12790.201904762622,0.3817970066545142,1.2269768060234822
12836.293031703042,0.3666665991549827,-1.1835604527280132
12919.299589443408,0.9781376416116828,2.8652042066773653
12954.640219669178,0.0055428819163586334,-2.678523009735511
12954.639644334467,0.0016673760036215266,-2.6545679109410565
12954.636048925107,0.0029417495535106666,-2.624362426121865
12954.630914676327,0.011290301347757176,-2.497833829686705
12954.602631118,0.006349166030248851,-2.4458066248203503
12954.58329047472,0.0010064802287243673,-2.5720527205826977
12954.499220861007,0.01782203411916961,-2.7174011599779315
12954.426018137292,0.004114415364971462,-2.5951127419815507
12954.204253459662,0.01627835759510489,-3.028391036661937
12954.435334123462,0.31731470389573657,0.35538612311942064
12958.820593839133,0.47845973148496224,-0.14708188254855115
12962.594676312108,0.020542974883033173,-3.1158989879933956
12963.977690628482,0.4787274303198692,-1.4214432743518164
12975.317545175541,0.6494061146327826,0.38823103245954327
12993.621557454346,0.98015321723416,2.9591511941701167
13031.174637705208,0.4009234766271696,0.29927059230596376
13123.348905812212,0.7106830634059452,-0.8371569820151477
13170.097726157843,0.6493748098810105,-0.9162704347641024
13170.106983825552,0.6470421815631858,-0.9022178049071288
13170.121812460418,0.6396987116222899,-1.010299526745663
13170.147160316623,0.6277006546990855,-1.0650412425161324
13170.201749765913,0.5799682427951395,-1.241871468349368
13170.321172259934,0.5433589456697068,-1.3718846240926013
13170.596788279265,0.5034394550695457,-1.2951599799459215
13171.093129527182,0.400920178356919,-0.6469471086954286
13171.944926821576,0.13270454925874703,-1.896214251904889
13171.544714340898,0.019996370262613018,2.8504977256143036
13171.08799901743,0.2132229273456191,2.615373022664837
13174.851586295186,0.7380339231483127,0.7094861808524611
13177.855418173249,0.986863029325124,3.047003252831815
13191.505047856104,0.9989793305649971,2.875568497754152
13215.619878625626,0.16647815791598947,-2.9513516719089967
13248.783760843808,0.9956873073086073,-3.018515464270294
13334.476622310292,0.8839836981934862,2.7057370220854082
13376.112263991592,0.7696514530024748,1.7613580168149365
13376.114566152259,0.7762946403907632,1.7690766041876227
13376.121393161255,0.7834259611609231,1.814965702499701
13376.132812610413,0.7861955212220426,1.783287762717248
13376.173326674416,0.8334427604869036,1.7540512013248701
13376.219082200983,0.8805922763846536,1.8883557536495514
13376.245517129983,0.8926242026853538,2.194884222601881
13376.277026380336,0.9412079731000824,2.6971170662915878
13376.115508190445,0.9580687464935019,2.696878092528788
13376.700098673413,0.6320161434116262,-0.10057934709411498
13381.374794140029,0.4933001922037978,-0.5290779384073976
13387.264410932728,0.7803230371557126,-0.5315590927410376
13395.956277421155,0.5843086871864759,-0.9374037884262791
13405.627546393822,0.4831495353429456,0.5190065850774523
13431.036290623733,0.9229195685706304,-2.8123558301287988
13482.583560048966,0.9811091698410735,2.857485050019532
13559.661781733232,0.1683770975562051,-3.0458714263746223
13590.33303774544,0.02103980169596469,3.0731337475007265
13590.324682741155,0.020444436715793258,3.067526653447284
13590.33200542983,0.026226275568111173,3.08788523947692
13590.34674319565,0.04303126086445534,3.048494930244865
13590.338412791898,0.043102061222353466,3.1106803621209336
13590.373236408986,0.05172573379515244,2.9540119902783655
13590.338016174273,0.05774747409843662,3.0225828819038956
13590.320770880873,0.10351682983700426,1.7380974020218787
13591.177662475202,0.42887217966295554,0.7564246803397867
13593.255021890905,0.8069326968932751,1.9651295470955503
13592.497157796895,0.9977133532109178,2.804087071814518
13594.547860887387,0.989162840898157,2.703401382838411
13597.76962040206,0.8069649837296354,-2.5407985413605565
13609.630864786795,0.9975874217320744,2.6472280233291254
13634.221225511756,0.9816933968294174,2.9706010869625388
13678.988698137895,0.6238635526127376,1.6064106712000212
13759.56926332042,0.14866074880372382,-2.2757635222657395
13788.002177135728,0.8418955396953914,2.841090341140113
13787.999528263259,0.8465728714603378,2.859859700022941
13788.006321551635,0.8530641375627616,2.82634319075298
13788.00399618986,0.8695399637740261,2.7785175969314313
13788.02946702596,0.8658736240808562,2.7049218878340433
13788.032436675256,0.875724660884218,2.853161591196118
13788.04942422158,0.8941799403708983,3.073144925893618
13788.021773998062,0.944426530404606,2.9717650595217115
13787.85947731433,0.9625384986719956,2.91882515563198
13787.227849280547,0.993532933699248,2.507547620338123
13786.217162160048,0.9888978577343465,2.757345278203071
13790.567269801068,0.47524972886677264,1.3803120471077683
13791.898557251305,0.056401431113298414,2.635168358738879
13803.377456961945,0.019847741375890036,-2.7988730471402614
13822.28450732444,0.4925057456078493,0.3958087494363518
13873.799070939322,0.03333708309218919,-3.1090853995265344
13954.958324059171,0.013834575374697374,3.1307988221850866
13989.121705589989,0.1777059858488782,-2.3298991582907767
13989.131092586602,0.17831125257646532,-2.3509935232786163
13989.132142943183,0.17934574959272168,-2.3375064323484396
13989.139120876185,0.16966744586564725,-2.3242264916482216
13989.16868741775,0.15799027043279737,-2.484417107949357
13989.196959333372,0.14712205929684144,-2.5297443444508008
13989.263473326495,0.09065096894511669,-2.586018472117578
13989.19875743126,0.0014882160049180474,-2.618517630470116
13988.930169999507,0.010340518517921693,-2.92188053542599
13988.563879221927,0.013492853628052425,-2.9567126223144378
13988.024859993278,0.19611924074915607,2.2834831866659115
13989.67796406051,0.771437159722374,2.126630438438788
13996.621141188569,0.5702111893442546,-0.44105460317034684
14008.902158221616,0.6775645673985284,1.0993189228999327
14015.80249967818,0.9545844331706084,2.480884129141038
14052.257231902613,0.8254508195412757,1.6848892271486715
14114.9735116326,0.8800581380376168,2.9021854673248173
14160.957313533941,0.9784655531605726,3.0461644384912994
14160.96291546612,0.9763136813403971,3.086020379186781
14160.966599063164,0.9845709511668611,-3.1042766835338345
14160.94931190979,0.9706305652306926,-3.075409496963929
14160.937836592519,0.9840036054632281,-2.931648317945709
14160.899491559036,0.9517146002885216,-2.8702123358591973
14160.888785461222,0.9034612177651575,3.1148189904969508
14160.814918806756,0.9712215822071093,3.0907249499276075
14160.792668291222,0.822201819777496,-1.8153437705021391
14162.83707229738,0.33727210054520473,-0.7458664035370162
14162.785230054784,0.11681987768392466,1.8775324021797273
14166.288848237005,0.5980473882275662,-0.10321604843427767
14173.266907351997,0.9917475843569791,-2.946787134088092
14192.294218693123,0.5970297271044952,0.9713002245007498
14200.29532466196,0.9812968958552301,-3.012926823495504
14236.330173168188,0.9934952157941732,2.7103825581472574
14320.48950633712,0.0016721310588684903,-2.873940657170199
14343.992335887504,0.544962546647115,-2.247879774265386
14344.00001993492,0.5432811701397317,-2.2357552769420788
14344.01324989169,0.5349471432741588,-2.1913224847440422
14344.030641585094,0.5290310543928756,-2.0088017344270788
14344.107316930673,0.5165173220374198,-1.874874457247979
14344.2077390353,0.46292679779323803,-1.9184466461651921
14344.449712297504,0.33675699118212055,-1.9663034686453178
14344.764284191455,0.24167600032496767,-2.074577728326976
14344.913536013606,0.11028182562658449,-2.9916034534046756
14345.259770785646,0.21136471158202208,-2.7418632001782455
14346.981289711903,0.7649824042940365,2.6636815442677095
14350.760582476258,0.8891345060578602,2.7398232468285784
14354.411643702271,0.8079816576604291,-2.3304985900887716
14364.453946950549,0.9607623807048772,3.122849855400778
14384.853345835842,0.04779068325225688,2.5875067905017755
14424.20367602667,0.01449478455099377,-2.9870395248751005
14508.928400632913,0.9350068706370781,2.827316743809236
14553.854486700902,0.023755740241640844,-3.043502586181526
14553.8521948555,0.02406399402890989,-3.0502767034103893
14553.855610078626,0.02818081199702725,-3.0114447041548122
14553.85664966141,0.02645559549355679,-2.915609888084978
14553.853263653727,0.012471512713369316,-2.760193233263071
14553.797459642652,0.014948257479166185,-2.7259187053476124
14553.742131681747,0.027126034560473147,-3.118193275858509
14553.669418126636,0.006323674976416211,-2.958776683434618
14553.497765821916,0.1041759871548834,1.3516153538641404
14555.240967957241,0.24565528181408972,-0.46594195743696654
14555.318106780804,0.025781115338143257,-2.899334212416649
14555.93913222648,0.998531140722817,2.513541855390889
14561.758983088082,0.5868213371854037,-0.6506173331179372
14577.288064146207,0.9175391004318683,2.8921389716111747
14593.549606914885,0.5171732798827667,-0.05396282116140272
14627.49627281492,0.5522355906000418,-0.6772367060773554
14729.01220764183,0.6409708695210915,-1.2304359347739795
14753.600521488414,0.6015527094392993,-0.433145251444623
14753.611166375424,0.5998317582480458,-0.4990212056936314
14753.629604976195,0.5950979647804158,-0.5564470607763812
14753.66007336535,0.5852985187723582,-0.6469694576028804
14753.745935210958,0.5806783817769762,-0.6045179025150849
14753.871227957958,0.5514914018246406,-0.4901700000896465
14754.184064997555,0.5563086762388385,-0.5968205491726413
14754.776664514891,0.4392939084457586,-0.5976633987740754
14755.797904302572,0.2724128575885417,-1.0636287711319588
14755.797272554326,0.0031579526836427586,-2.72183094066081
14757.660395529021,0.8913471797355709,2.891316942627844
14761.044748483999,0.9667471793108013,2.9278090394424767
14764.979208258897,0.13250465852219528,3.014999386577763
14779.11810503986,0.11900284497938095,2.5885038022951914
14797.815613926961,0.037460734553333416,-3.1292163140276434
14842.30601190324,0.9772025966876721,2.351798763257049
14939.691677858742,0.05065684173915134,-2.75341276517486
14972.800336552813,0.1928542671702758,0.06603999015296003
14972.807485102525,0.19624840206841337,-0.0012360595953091469
14972.830555693346,0.18788284346744552,-0.035445000931234816
14972.851919781358,0.18073110224683184,-0.05502912537751126
14972.890186120854,0.18524466144996388,-0.020546579136989873
14972.991188317586,0.15012314113926165,-0.18197282128036285
14973.158884608534,0.11379823422012522,-0.14636176938185175
14973.567037297697,0.195858860692113,0.07366327798761496
14974.571857065479,0.3006296494813386,-0.20360769586451255
14976.772848875997,0.5111530518350984,0.6766318571997583
14978.031700466872,0.9685522792091301,2.9184305544924385
14980.107012137089,0.12946188751230808,1.682519481684566
14992.112107793664,0.5001385114547668,0.8659983041042416
15005.368902779725,0.9810042576361642,3.0982764354398604
15016.516676491916,0.4566602882512994,1.9586046472454335
15064.158699900343,0.06949632367471782,-3.054752747989926
15151.826793246904,0.010911019614593814,-2.555597910858584
15194.053660464378,0.31405192191304027,1.3119754196356048
15194.058579610719,0.3115115498017037,1.4411390432601294
15194.064134400578,0.31066405392471197,1.35763857892091
15194.087038284517,0.2981944554299596,1.3269928258266237
15194.154217483776,0.3107952776045061,1.2438853727166848
15194.257250755845,0.3314546715735457,1.1842730668068349
15194.502411684136,0.4454352909625351,1.0816227994937329
15194.93865714821,0.575820567417818,1.6376829920913902
15195.39065075035,0.8873249814526539,2.4521242768524676
15194.934311743762,0.987838520238151,2.7295749666801017
15194.939292147692,0.5131588932440136,-0.8093880639649513
15199.10197720137,0.0018532040908365993,-2.946870952770313
15207.025923896517,0.3784789874084266,-0.8567273031971929
15222.994272018574,0.9770617859452012,2.668416392613855
15250.751736181475,0.7881884140528164,0.04557832463885081
15291.807054594386,0.45481815982446044,0.8681441406342074
15381.29932823314,0.9963871223183939,2.612074733180627
15420.915385215558,0.0726657376764189,3.0366563758546388
15420.916585561508,0.0823267097198973,3.015291538817541
15420.917879388895,0.07517647188808863,2.8817712784285145
15420.919553113534,0.08761157872553946,2.958906072931944
15420.907922450406,0.08831813321843386,2.7322350628491634
15420.924569163919,0.08695669582594001,2.754250064970222
15420.938642896474,0.10683925309825983,2.865980259995644
15420.981712851668,0.13138371641054078,2.8299809032060956
15421.375784383335,0.37563330422081553,2.135995517286986
15422.463404475266,0.7562205180627216,3.119006371073125
15423.691642463036,0.08269198956794245,3.115462897121466
15427.171063540152,0.054285818330891994,-2.529186938189076
15430.702263301306,0.1445665039393144,2.43406175264791
15442.614331997129,0.3975040864314877,-1.554835966004071
15472.607750559098,0.4560531433902161,0.6989900121526675
15513.142665116991,0.4078501415738242,0.47186646735357485
15597.797192637745,0.7356914197466551,1.9322591053037712
15630.997499034896,0.39104040504385773,0.803677862466837
15631.00010557084,0.3885129876051647,0.8228498958686803
15631.014079507206,0.3893279589709726,0.8254497957047615
15631.061383977813,0.4054938098173181,0.8758828937042846
15631.142268916281,0.40816161412427465,0.858347485508244
15631.251064930953,0.45226623967952995,1.0365941431036587
15631.465033869586,0.5349971016025387,1.0587477381155104
15631.975020675236,0.66183152917621,1.096216397252113
15632.741469510958,0.9427544776520428,1.5981203145119265
15632.306211304174,0.9718947878118072,-3.108358043541079
15634.400725325682,0.11034369107150703,-2.264495920430448
15634.681595510761,0.22079310058643847,0.20228526168112548
15641.325197669103,0.006363917708580785,-3.0219714897323042
15652.579388287517,0.8594910773278718,2.7120895313827047
15669.454915770775,0.00027558899147410985,-2.7415966560579
15705.103500682757,0.8492795179551834,-0.9403460373769734
15778.96663442334,0.4670020015326079,-0.2929582881947992
15817.737856690168,0.05194062158839761,-2.9212788625674415
15817.737014478793,0.0469518396675348,-2.949261919185659
15817.728888096746,0.03486066733447265,-2.8970436201212793
15817.70939895702,0.02849365070562082,-2.8201613038769526
15817.694159806559,0.0314347844561348,-2.806101188353829
15817.645659595304,0.020705085070510557,-2.6651049476649917
15817.61369979756,0.012556186841661163,-2.930047094841143
15817.501912475653,0.012958576685675922,-2.742776542716124
15817.311919858754,0.07832684936218771,2.809697520214251
15818.759547943955,0.583850330826118,0.818822659577104
15819.128317970011,0.7201612390596268,-1.291934511015828
15822.616195933193,0.7041290520913251,3.0169646022467873
15828.294253731898,0.2438837998228133,-1.7753272819981483
15835.0685279826,0.06299551830313659,-3.06265337060968
15859.205532831895,0.03294303346652669,-2.932706502453924
15898.984543976072,0.9617795904087849,2.839548256635962
15984.24698846071,0.26997294781627784,0.12631887446384837
16022.130981848433,0.10902838859206479,0.3310476162794873
16022.140693153515,0.11560051345312071,0.2946797249237898
16022.156106469289,0.11976434913266644,0.3534386794087956
16022.176019753455,0.12005543328124826,0.22991950473439315
16022.246006043622,0.12398738629471108,0.02722695583154522
16022.350907222792,0.13897854652489625,0.21334362007656482
16022.58859250078,0.19663743604534104,0.32881826918064405
16023.097150589181,0.21740624172443962,0.25854992599715976
16023.977671684861,0.31227555794116474,0.41329136090758434
16026.18775805238,0.5545802035516244,0.5777293150045817
16030.723819159535,0.5870941150939603,0.1451542572134441
16035.308337703696,0.40326545171001876,1.4748398404365508
16039.969718615639,0.006629640522112894,-2.7252605238761727
16048.307918426202,0.8910420279279202,-2.9814354106798944
16076.975968728542,0.13946737224306724,-2.7071638571869605
16114.171568957468,0.8288239081466132,-2.448866689062711
16200.74330668416,0.9718151516317634,2.82399672696973
16254.975238239325,0.11739174026286854,3.124974160984909
16254.980300323028,0.12268776093601873,3.1251330914196886
16254.979883912134,0.1246362031635226,3.1381768319720713
16254.969330677959,0.12883225235004722,-3.1240353702036074
16254.970017731053,0.13609116935841115,2.888627480620766
16254.994182868562,0.15018803538625405,2.6411796466184363
16255.03855449972,0.17168222707160283,2.5574580960304116
16255.213993919053,0.31050733360765054,1.9556129069163806
16255.998181274825,0.689465970208904,1.213205619612518
16256.13455929689,0.931113894472816,3.0371883488488773
16255.531324973961,0.9956049931937975,-3.0545843783081503
16258.568644366958,0.7164601660288474,1.308763182571905
16265.532121134114,0.07780018480353193,-2.391236268524506
16274.843837015558,0.005742620501997572,-2.903630784170462
16289.823392881792,0.9764456918926127,-3.114653222287817
16336.126425708806,0.9830930762847877,3.124935297327463
16420.06510105124,0.813396161215223,3.0210347744734385
16443.602121528234,0.058270103102601147,-2.9683551088417826
16443.59493523824,0.0680138767555328,-2.937963620924487
16443.598345050665,0.07162016036996534,-2.9727090859054064
16443.582160167338,0.08396516599278017,-2.9105950479514595
16443.546992560547,0.07942833305253044,-2.955794659609003
16443.535798538804,0.08500215440682934,-2.780938388791435
16443.49032148089,0.0808267450435395,-2.806681851898324
16443.46823004381,0.0365955576338938,-2.9514157061083792
16443.205314196628,0.016104312706005187,2.949008702631623
16444.022793113643,0.2983684246396471,0.25836487169223776
16448.514018195892,0.6960946317248498,1.5017784954114566
16448.223195851933,0.9858526607469713,-2.992201536912602
16457.532287022772,0.6346580038869927,0.7287636886655453
16464.548783088245,0.0634730992600695,-2.89715078590736
16479.47293707155,0.5643945809058569,1.3105387335108354
16509.818392732923,0.9730104351176527,-2.92823488422496
16591.852348032342,0.38577088347483124,0.973136111479171
16629.473016866927,0.05279078220597834,2.4474156806988114
16629.470614748145,0.049465429111258265,2.446886088416803
16629.472880078847,0.051035303713064396,2.4139830881978384
16629.487852094233,0.04805478846021237,2.2714659922294924
16629.471628812276,0.05803089775497282,1.9379363065117836
16629.467550298905,0.09212778171437745,1.695160268692522
16629.588896203855,0.12549734295937,1.3768273035094474
16629.915569879562,0.17596540074241376,0.6604641199690886
16630.820333105625,0.19611823392353747,0.04864912184800563
16632.817996235823,0.5347051286632267,0.5060156532381708
16635.36296814674,0.9857949546290528,3.0032612036784325
16636.48900586296,0.23292398002796755,2.9610859955550994
16640.927431812575,0.0013177262667309288,-2.518310127828701
16652.673945709772,0.021056480382662134,-2.8238302965910163
16683.360250156802,0.013855368536241669,-2.789968652880957
16731.23754826856,0.21829938540582844,0.8612466277193604
16825.40184430907,0.3707275939553239,-1.269607985065256
16871.50454092487,0.6973730159239101,-0.6970464020392462
16871.51199369568,0.6956598688610003,-0.6807628116368534
16871.533441564163,0.6862279166168704,-0.5867420415860423
16871.54686885289,0.6806368313070252,-0.6129895289933933
16871.62907741727,0.685963788079529,-0.7007546546807619
16871.75813931343,0.6621337083053463,-0.45227420223587345
16872.049598657537,0.6130888704138107,-0.3195189957586111
16872.57180297724,0.470675367109503,-0.8572403494020882
16873.496116580394,0.1953681805683728,-1.2462970525713255
16873.25225688622,0.015778119301889795,-2.974435259030989
16873.29957957583,0.38819217934496497,0.6580242208941014
16877.89642085879,0.8975344642739481,-2.4613537800725407
16881.756452813865,0.17400509845648682,3.071635592034017
16889.82862992277,0.6139943649828861,0.02097939115528602
16911.334238032818,0.07900047547123425,-1.842429101102367
16952.85857137201,0.9521790295805714,-2.8770433592396216
17029.577383113803,0.12197058797185709,-2.7513001060203996
17067.803684546187,0.6633131756294849,2.9073796755918853
17067.808557888322,0.6625243194027702,2.8859953116550754
17067.817866733054,0.6621192368516404,2.867677739062069
17067.83395461674,0.661017514476083,2.938830851584446
17067.859242493963,0.6560716540192175,2.77047103216594
17067.90889427722,0.6556041061872581,2.7911369657567233
17068.04351277054,0.6691767712759666,2.84004148001035
17068.27473421143,0.7216702254394969,2.7575993686264617
17068.59349911249,0.8259268979555456,2.573011182756325
17069.220960671657,0.6499064090832589,-2.790166481050719
17069.605736169648,0.937723300767885,-2.983257613153647
17078.196403509428,0.3248540891996883,0.26208433357045235
17086.444218979883,0.9639461834236424,-2.766253331818111
17096.828893078033,0.09878895795576481,-3.0744150850958616
17118.997097919404,0.5709021642302607,0.16271567980177437
17154.944427415197,0.4502173962110657,-0.3931622494646758
17244.100080801552,0.43705574659753255,-0.0316826830292829
17277.668766143797,0.6051624004693534,0.3487253881413017
17277.68034266729,0.611987467364849,0.35273354332599105
17277.695968248667,0.6075720695946887,0.36550576662638523
17277.73379961368,0.6003709405343282,0.30122388012017653
17277.827509668954,0.5954063945375463,0.043431124309636804
17277.986787168928,0.5797289170539373,0.3666529013032944
17278.25131133858,0.6420298068381708,0.7395437710932811
17278.718886332677,0.7924064444018933,0.4637014251044631
17278.944297960425,0.9886132714210251,2.7182687376718935
17278.48871161914,0.9981891231151402,2.7475697118019955
17278.600022516606,0.523317909226151,-1.2037579724253031
17282.678407162206,0.05018557960147833,-2.4553292924655934
17289.10402272224,0.4743671680707308,0.8424782736162753
17299.877504811997,0.9549162398982094,-3.0825825805925984
17322.1840253123,0.5398879104964424,0.7521278512554543
17361.91561901039,0.9033366135218703,-2.8993019393483532
17467.505254093045,0.9877813016786001,2.955557106982063
17494.693194979245,0.6714137974596056,0.41609615606013994
17494.69658282678,0.6818077777476602,0.5213471288352372
17494.720633669443,0.6834184425409384,0.49696836318579685
17494.75629722339,0.6904787219884514,0.5812686379043521
17494.82309879376,0.7093037248425977,0.6809452450407489
17494.950700799607,0.7346205060868761,0.9994365837457035
17495.079646560647,0.7970953974753783,1.381578273678386
17495.277329425506,0.8948354200012129,2.5335973818353104
17495.260880103764,0.9394465577974103,-2.8231211966514635
17497.013811405544,0.49960180458535236,-0.6759117742327154
17497.84580914766,0.08330602132457164,2.5073216332782273
17501.585335246615,0.24900642129924494,-2.997770299836991
17501.330369371095,0.9795015598696414,-2.955246842816667
17507.39013724969,0.38375162053727213,0.08160381265630834
17532.5702753864,0.972679106591143,-2.9745892802961644
17577.920632131503,0.9775658736948545,2.8492773090378947
17663.974935968872,0.9975385004236366,2.8214377314865446
17695.85760577264,0.03682677465770318,3.020486355137111
17695.85925841445,0.028908261283746156,2.9985005008088184
17695.854410754982,0.02649760410893826,3.016332811966139
17695.845769489908,0.024365363925238984,2.894072051082583
17695.847014121722,0.027012659537171718,2.9602683116639668
17695.812889524666,0.03184416292575614,-3.07173998625791
17695.753240623482,0.003598441190003707,-2.812343490365777
17695.57141553603,0.00169321548333989,-3.133224765986591
17695.369049922516,0.015033392255337443,-2.7367428092563837
17695.412326748974,0.2406973689446154,0.7272769584624275
17700.21674324267,0.5814363550732133,0.14544672996221752
17702.853882097257,0.908538035537901,3.0378592250889938
17707.746271716223,0.034084050866768884,-2.793122116422363
17718.17734276611,0.4153051749432876,0.3358033494843604
17735.3586696197,0.0007252020207054156,-2.8344677150139956
17789.181673530955,0.6374736508390476,1.1913530519356534
17874.395738303334,0.4060765753018657,0.4478701132550764
17899.53968158658,0.014797546508791731,2.975927816933563
17899.531579252,0.01658610022920332,3.0318223555975443
17899.524109653554,0.019320309020317908,2.96073621391751
17899.508639360316,0.015035007183492414,2.9790007968153773
17899.48540519006,0.013771883709181473,2.793921296919212
17899.45054726334,0.03528041140060663,3.03306969623382
17899.415979520913,0.053648102868539334,-3.0930261909804795
17899.248924513402,0.026046990548125634,2.957040359218981
17898.932843657247,0.006592228365562923,-2.551343764885353
17898.40181648903,0.040406681386824524,-2.8452856449394592
17898.50897267733,0.2942993761583198,2.4493161075286984
17901.373322216186,0.02831817722354317,2.801481233919313
17908.828717415476,0.022228720422470993,-2.555748023855253
17918.772653274194,0.849515180383792,-2.3583488079226758
17939.583910452617,0.34980589465698775,-1.4426750828742307
17981.058609003474,0.31763993959490544,-0.07858928793113185
18067.26922027095,0.7423397406479461,1.1003004162341155
18104.340362209332,0.22741323522923834,1.652228102805446
18104.344170500077,0.23631099642189135,1.6216928381195714
18104.358896909067,0.242776756114061,1.5969506808306253
18104.384375789305,0.2646435661685092,1.60909140097775
18104.44187257705,0.2857574073030462,1.5966919010901313
18104.526036991916,0.31271657424969534,1.2303736733126938
18104.72090679182,0.42449367941617827,1.3924697218835291
18105.235409553596,0.5349907189074272,1.3766477558524324
18106.133920124517,0.8192442214928066,1.5696055739303247
18105.778423397154,0.9879503536864127,2.8644392113302963
18106.968538774727,0.09452855846158806,-2.7844723437016
18108.39830437469,0.7886495780065752,3.044349548284467
18117.205137241162,0.45241216775959714,-0.3926939509727432
18132.508106742476,0.9553363339018965,3.090709019343832
18147.50783594696,0.9937651057580706,2.97175542948151
18190.067008530037,0.5324074421480838,0.6954390311542915
18270.25109842504,0.009461207751966873,-2.6532442079906104
18294.652513389156,0.14150114851667056,-2.7121697300993453
18294.655799315733,0.14443319074412542,-2.6852397843083815
18294.664121222802,0.13751829538873248,-2.655702758300394
18294.66934366354,0.12190062862673741,-2.6830557056763933
18294.667142299757,0.09919482488771153,-2.7370833610244913
18294.690300357994,0.07992346732832414,-2.87334674889687
18294.642040451898,0.10896734138374284,-3.060348058176279
18294.67460462418,0.02945323411260336,-2.9249795552798643
18294.38909409896,0.014586080088144352,-2.842230062497687
18293.905805296326,0.0075586240906690885,-2.7878641855366784
18293.101334041483,0.0009529170588943132,2.9531675334301077
18296.01760269273,0.06259815043988971,-2.544934206972236
18303.326396164954,0.8518085161989944,-3.0725669801907958
18314.198383822204,0.040143964395181156,2.699380956602858
18333.061982966487,0.08982131296326597,1.5642118088047052
18384.0923194205,0.396285925585224,-1.803121044483446
18462.39515687148,0.9406049173094213,2.946487290016327
18497.14784706889,0.11496900851280796,-2.649084075952583
18497.143779464786,0.11792068215038584,-2.648537220965113
18497.1397203465,0.11463400487054493,-2.6943529067112593
18497.14114512156,0.12010733597872192,-2.7108291802426896
18497.141731424508,0.12118459893185898,-2.8450558067157985
18497.162698894197,0.10177823833982952,3.089303521762459
18497.166843717616,0.12187543214769159,3.0708453966542617
18497.139944060782,0.08672414098134852,-2.7804667611974576
18497.058271096874,0.011986117193730387,-2.544065516600379
18496.82965105159,0.10440443970721837,2.921324248081363
18498.53967124094,0.7690826255093798,3.0694673431445185
18500.112387948313,0.7069484330302254,-0.04016325103022167
18502.183690494287,0.20030355051502705,-2.560551899942661
18508.78805159779,0.7287808699943114,-2.962328276419917
18529.229833636546,0.0072989444594595615,-2.834657018159524
18584.948066742436,0.1336723649380468,3.128530191958478
18671.631544278647,0.3836832607026073,-1.5134595558016517
18704.177560999786,0.7983702509477213,-2.2307194721991253
18704.186072957567,0.7990071446324676,-2.244934188517896
18704.191054892643,0.8006096883651879,-2.2822659185220195
18704.198118235985,0.7979410902807311,-2.239016124177011
18704.20694045571,0.7717120017971764,-2.2105420013827564
18704.25856142009,0.7473102120065684,-2.2217014351422097
18704.399906005016,0.6955551686183036,-2.259918972008512
18704.721402907428,0.6051042873388895,-1.6273108528619482
18705.486093260024,0.3241929322310735,-1.9249670373370478
18706.393802644394,0.32999508155230534,-3.122145643300242
18706.991348880954,0.33817537916326257,2.0844906300596193
18709.542037766943,0.3245136334786368,2.019023222210725
18715.149741381756,0.5990330760979399,2.3792775919031826
18726.085872846936,0.42496452481578884,-1.80097768745871
18747.0072357002,0.5342924528507447,0.47633172187526585
18782.804254089253,0.5483246140447898,-0.3397570147190345
18867.14873679399,0.033746142290916076,2.9655550830762447
18912.831499785767,0.2525166971163371,-1.414345007021873
18912.838345502736,0.24685385759793566,-1.4016113072413952
18912.844404461754,0.2507556131428611,-1.4229022357316006
18912.874072564762,0.23602797637058948,-1.3482938322775881
18912.930522593957,0.2129659654963845,-1.2483291960389151
18913.002597185718,0.197969440082281,-1.8013456796142286
18913.085469921454,0.15773330057476334,-2.6528847050812696
18913.117516026967,0.11435230808829615,-2.6353168916588707
18913.10673870369,0.06033081417769858,-2.9295361138633638
18912.72297239767,0.015290274627613738,-3.0898799376987016
18911.6268678403,0.0724325616061177,2.690521251280158
18915.791283014256,0.5669111669158805,-0.8325910395195235
18918.35309288873,0.9951353319850934,-2.9344971096510766
18935.86435748716,0.8257190722414538,-2.2300446957859474
18969.733495302822,0.998766058850432,2.8738412585127513
19009.401240766143,0.5225590751121006,-0.7092132148239041
19105.248831431534,0.24167449618570763,2.9620759041347426
19156.98512391964,0.012034430441991767,-2.5967028993775396
19156.98216742786,0.011252528329661518,-2.654882456546119
19156.976442861196,0.009810206963814771,-2.725971506371012
19156.9539027098,0.0029001009825251447,-2.810245481275856
19156.947291500666,0.002724894585617737,-2.8887028136992217
19156.920568529764,0.008223194697527237,-2.9188622656126033
19156.845629453615,0.022456093825016267,-3.1002973849888322
19156.691433559572,0.06544382002443966,2.790278319578002
19157.097875518637,0.3868005282778527,1.4709808633719659
19158.548374782717,0.9069917257431781,2.7995720826593793
19159.499108618907,0.6592218348352156,-0.34997588618974795
19164.713253821224,0.5510973427781038,1.2276194025531755
19171.19375157981,0.467404199313471,0.5670559545990543
19178.94101673864,0.9991711515989787,2.7190157098143857
19194.643343390722,0.013066289023660577,-3.079229219846838
19238.452214170222,0.20856699377589052,-2.640293317321496
19300.819279053037,0.747283948997469,-2.8571638745905297
19338.277557523823,0.2827444113699923,2.119382668805436
19338.277941364853,0.280328036556938,2.0819454062200284
19338.291847753884,0.29086070294548727,2.0761530716822367
19338.320263387148,0.29489250911151305,2.0839790040010033
19338.367211021578,0.2936213736941091,1.9131635862050844
19338.451328171235,0.3364472204269762,1.790619803254895
19338.600693263415,0.41954137261151564,2.0333995229103934
19338.949493407585,0.6086087169248955,1.5661339936696335
19339.450047829923,0.9246674370877466,2.9113434387667887
19339.01025332659,0.9957508200577175,2.54946645862396
19338.6915327474,0.6670621366251477,-0.576286217753597
19342.812568522426,0.7732427718686508,2.937797733774426
19347.593681860097,0.9563272064912803,-2.7890239009824915
19358.521800417027,0.8295678800045687,0.9558760663345751
19376.530048323017,0.44284432972642856,0.38958653762936546
19414.58398159555,0.01784521844623406,-2.945338925372433
19480.030024426822,0.019809487285588394,-2.7487125308973694
19517.226274748788,0.9947051964900394,2.9115060327938593
19517.2289392664,0.9931745334769675,2.892162886365094
19517.22269608682,0.9937981024858891,2.8700545444999834
19517.22642659768,0.9971615130800738,2.93191825700596
19517.215743225348,0.9924825951822476,2.9053783999144365
19517.16279560442,0.9990870297810739,3.0143830848560045
19517.125131678804,0.9622251161368496,2.881126060103103
19517.057907734797,0.995546133012832,2.5488041162324393
19516.73268180785,0.9991791287718191,2.908536264033957
19516.755215587822,0.7932934467545539,-1.8915100662917703
19518.39358760599,0.010867381140214414,-2.632636044778918
19522.13790252938,0.2556365118478895,-1.4480531891509762
19531.17807436648,0.6154606865757359,0.2519737771606434
19534.992901055895,0.0007291330949620429,-2.60668481699058
19568.502358358895,0.03535707389921313,2.957437271269492
19611.26987978767,0.5228853437463807,-0.767600378357784
19688.502526873366,0.5777111528147195,-0.17325876748312385
19720.795861356946,0.8872314898305491,1.3008639946546365
19720.79767474825,0.8868198168912167,1.271895135155379
19720.804482173255,0.8978256793617005,1.1175958788625007
19720.820297850518,0.912207823677192,1.2044914947138627
19720.837465209617,0.9500870052187399,1.415490967993584
19720.839394169816,0.9905247147452072,1.6400911627176615
19720.81475501059,0.9928682837488959,2.5408978925535735
19720.632567554254,0.999174818169129,2.8385743928517204
19720.38078354311,0.9714774648943119,2.8074263425673376
19719.763540846307,0.9694912165972391,3.1204529534406475
19721.45438749844,0.05964146194668347,-2.936240602562285
19725.092682021066,0.36696008599558516,-0.8844519892914464
19729.18919614478,0.1375731772257796,-3.0561074450315977
19744.349036796153,0.10327583069207157,-2.491955193580607
19769.973012421735,0.9326357650044984,-3.1376302111717536
19803.427493085455,0.20696020598330686,2.135326023048014
19902.13369316174,0.7931720140218659,-1.128187059939047
19940.82588116541,0.0049597563955270365,3.128072104524467
19940.831842151176,0.003224351613024634,-3.090094635843352
19940.81741271431,0.003942741400171637,3.0837005936647337
19940.803385289797,0.018867744894490467,3.0876558901387217
19940.787291183682,0.0650129707584504,-3.076920848899859
19940.778919503635,0.0575241866065738,3.0768290954620516
19940.77197334325,0.05855790536194455,3.1290229804105483
19940.81740915926,0.14363492821916324,2.9979665173509336
19940.94128795914,0.18416694729063735,2.5592369814503524
19942.743169676043,0.5077928591689218,0.2584862902454179
19943.34084348979,0.9923887492930253,3.021615183674607
19944.549400031876,0.15817493043271474,2.7442806899901253
19952.00883264815,0.7205313247118913,0.3809423608813951
19951.778671899545,0.5765628968131528,-1.0521035187966383
19975.31427781725,0.19652483900977988,-1.7367694995542817
20024.617337218933,0.7483212768142291,1.706864147418445
20104.879309420692,0.596276913316273,1.5345201260999826
20138.911160346837,0.9702959371473359,2.480242015334767
20138.91149869386,0.9738547385634908,2.539552981691008
20138.907256421437,0.9686407845873157,2.6333570676539217
20138.90078041301,0.9653647901530044,2.6461686384464267
20138.888536703504,0.9721832459284185,2.6894624229232402
20138.87163807742,0.9855899152196577,2.7979000243775776
20138.83127158098,0.9831452742226976,2.703699518824642
20138.75279678709,0.9541469746170109,-3.1385621487437496
20138.56481875494,0.9845252203805299,2.7967631388134198
20137.973845129764,0.9589776140888897,-2.9753281663765674
20141.226493365783,0.5161003759464435,0.18249562361584548
20144.322813404186,0.38291480614983164,1.8167683124491774
20145.16639776319,0.09310686112854134,-3.064691889220487
20153.943676002644,0.3671108284972598,0.5494488281536327
20177.864259514845,0.03029638830708477,-3.048071071422606
20223.332104021894,0.9574255163802531,-3.025278156688383
20307.859387428267,0.2766526172035103,-2.460419628792506
20351.16944419282,0.4927108658241717,-0.6371589828281552
20351.180551850048,0.49115969435315454,-0.6303417774433946
20351.193443567943,0.49053145423207184,-0.6601863490950604
20351.22002163224,0.4813012079192026,-0.7628221606426617
20351.28401178904,0.4407276193285269,-0.8233225565215587
20351.39776602415,0.37227338184424474,-0.8553950680266897
20351.60814606012,0.3369124432409535,-1.1815481277687805
20351.9324864905,0.1456313155749071,-2.1858765976590124
20351.875174001823,0.005184353381286862,-2.959981771575833
20352.01576234395,0.27263582610304765,0.5155428423005355
20356.668414380612,0.539145580008589,-0.14029845120524698
20359.919024014205,0.1537050827676357,-2.6933415736754527
20361.351845976278,0.973912343905646,-2.8298151185862523
20371.893655983084,0.22348398162692096,-2.5914253616530156
20386.026173788185,0.0008103062870130351,-2.7397983511234782
20417.43540304298,0.2688150551732736,0.9678167055413667
20508.624545169558,0.5485210837805736,-0.6075794002703758
20561.860077341305,0.9935824941083071,2.9154003943590956
20561.85754038576,0.9997613723250138,2.9264121077234737
20561.86183172485,0.9962308038599572,3.021563152150092
20561.85887664948,0.9739282161922221,3.049463231270157
20561.86179265904,0.9816653698698694,2.9335594908933427
20561.827177206094,0.9987431019284589,2.784190609648979
20561.733316787093,0.9970950335293625,3.0356665622046552
20561.581792169072,0.9954149441680995,2.864523534323329
20561.498710218486,0.8938043432717021,-2.485336535588137
20562.62331071358,0.43028461561035647,-1.781010480933144
20563.023109209007,0.0331997431322497,2.832503173186833
20564.126875467864,0.8210353894654621,2.604167770243593
20569.586829536504,0.7050494877078384,-1.5444513624051266
20583.838046575493,0.9780117114728615,-2.987509616912323
20604.63378663331,0.5801307359812368,1.4432904133612912
20642.474282689538,0.4157333969462356,-0.3392679198013213
20739.968216648438,0.6187543309161183,1.717336904783405
20784.478354863135,0.6375352128344067,0.10239076301397576
20784.492649897427,0.6321440298014552,0.09377437238684339
20784.51491375046,0.6236148720158515,0.0994154210376168
20784.547231430493,0.6351312351741422,0.23306777872851692
20784.600654201673,0.6345506247513805,0.2507765494444705
20784.74823008617,0.6272240606549437,0.23515380233927763
20784.971290249185,0.6590300556792648,0.9738849848749931
20785.415333901205,0.8067070194374448,1.6487341722444766
20785.486369303486,0.9846583902686821,2.477827923067439
20784.93195875937,0.9850177212102869,2.87578847272167
20785.69304984386,0.30001998245301414,-2.1566821552767257
20788.114929438147,0.9301827060810317,2.589453596431527
20798.834583774493,0.8757349391817932,3.1233206053890346
20818.947679618293,0.6218833778170044,0.4709552009837976
20838.7690073642,0.6914980502753796,-2.9338211522316002
20872.617464786534,0.8895924184589251,3.1273285212901403
20940.354654345716,0.15054221389785505,2.0844582585277625
20982.3631363616,0.1764560286050773,-2.2606143649191686
20982.37107295014,0.1755093380400661,-2.2795626221207352
20982.37944238685,0.15967299785596142,-2.4451794910409923
20982.370289675226,0.15676480540838358,-2.420039976596472
20982.3891842962,0.1293709100629243,-2.2986330114375977
20982.395535184685,0.09142150261581619,-2.228446670139509
20982.43226955358,0.03853604576991931,-2.3957372082309245
20982.30555107779,0.007224652117817043,-2.982148214282118
20982.006389128488,0.0012792761040465491,-2.919726255733806
20982.434922159886,0.3117698502739558,0.4606179232505019
20986.780804557704,0.18387227041254037,-0.6219418079735259
20988.347938377792,0.9752021693591693,2.8011964966352316
20988.109691199952,0.0005247183523746458,-3.0136717507610498
21003.809227318296,0.33577925134537157,1.1973415183205427
21022.097036348798,0.42725980671342495,-1.6250443995898458
21065.656442110947,0.6818030117671541,1.618700557714286
21138.45634934703,0.9359213605124046,3.099069974421794
21168.827896933915,0.03393800374373959,-2.776440222207823
21168.826845551324,0.031157680866002044,-2.7347165812302046
21168.821932553496,0.030041224911792334,-2.7664064341810204
21168.81821804283,0.03375315226640282,-2.828245199566472
21168.795070058877,0.022639634056829748,3.0892905046761534
21168.754431235357,0.029848239315045138,3.052655425425769
21168.704695352913,0.0345966759544438,2.986705548516964
21168.65949540468,0.09109967004078169,2.3728099646279386
21169.309797175185,0.2979857823022018,0.5933066380309815
21170.32846068566,0.0029362878118227007,-2.9373532078745677
21171.87950798441,0.8599071995259339,2.8771948517744477
21170.322755621848,0.9336549916114155,-2.4516788077704805
21178.166831126346,0.45792466189741904,0.5121904614569828
21192.358744010686,0.9955282087628009,2.469045616253446
21206.959157497262,0.26633558438028593,1.3063137119617991
21244.21810306859,0.2546016047188775,0.38697671949824475
21318.193072484606,0.5880686220626673,-0.4877758236120169
21348.094349076662,0.9888798891852731,-3.0953372950064244
21348.093863362632,0.9891122359271128,-3.0487891713623356
21348.0870291712,0.9956131513885381,-3.118748843594919
21348.062669474955,0.9874433040949997,3.1067363888949613
21348.057733582675,0.9860842537667387,2.883147430403598
21348.02216848714,0.9938918911897042,2.9285363788575562
21347.911228306046,0.9895485483955563,2.9769052925290165
21347.813075820486,0.9685652517660538,2.8238998441282064
21347.721043313428,0.859662270832785,-1.812327565571041
21349.767448391514,0.3752993816195447,-0.707059855391948
21350.530447911508,0.0037312134631955194,-2.8577943302316138
21349.818944596802,0.242831093071129,-2.9261312586024943
21351.328837198394,0.9111498045145746,2.8022189085141083
21359.90314893666,0.803102226348071,-0.006291005929205173
21374.555349154954,0.9640168388184175,1.7855919120491066
21410.93343840576,0.32563065956608805,2.9132149245703944
21506.44798853278,0.8336215324835452,2.045975066077961
21538.754988400506,0.295613191199403,-2.0457530700130784
21538.749680726127,0.29497296479999163,-2.0389100779753626
21538.759967558082,0.2917360563639524,-1.9658116957643328
21538.783507930406,0.2720636726956408,-1.9832847700945164
21538.83407356656,0.2304636457979524,-2.0224911082416814
21538.88787736593,0.20604297966555243,-2.3978303300279196
21538.976380848933,0.1737462528518877,-2.488427844927148
21539.068607050056,0.10980248228717124,-3.126730792556469
21538.93483252989,0.06485195104700901,2.473109437558392
21539.1840407447,0.12474365970894238,-3.135903472700548
21542.193730964587,0.8982613769422989,2.675129337217033
21543.256119384947,0.04231123295005396,-2.913234257540216
21548.62815396541,0.7641427973524252,-2.060720837860397
21566.192481885086,0.9955318152660997,3.0058088680825783
21588.81306617788,0.5923946621972709,0.19168237058259985
21626.77876717128,0.10478937898242563,2.8543062457259767
21701.421318793353,0.05288676441232231,-3.058362281564595
21732.636280625244,0.07709148871261771,2.7435825271490604
21732.62769028797,0.07895768974032294,2.7599916749075355
21732.621946842464,0.07783302348760718,2.820792590907823
21732.614392912765,0.07843651797365571,2.5411660219934475
21732.599051741574,0.09427758468031076,2.5893507632824253
21732.59480971966,0.1177182169529071,2.394139571188793
21732.63044190303,0.17009243795215606,1.8049783033073217
21732.914007604904,0.251744125761756,1.1394915707106197
21733.992421121755,0.3416681069055774,-0.3508307099899879
21735.619150238275,0.06451677824336888,-0.26449337766379655
21736.280891402024,0.4283863826135226,0.7857769538154744
21739.688661496373,0.1414091308380875,2.587024483726486
21740.83387203958,0.6901305836209414,-2.607141046972904
21750.3607928407,0.2503736453169975,-0.7332281995940106
21764.31492351345,0.4145139399894703,-1.0578801737743122
21816.044491702327,0.19575893676883369,-2.5642723391773408
21905.279218006734,0.94503511014918,3.010127232348804
21941.763002326512,0.19522087067102264,3.1101015847263707
21941.75797979821,0.1944429514609271,-3.1111112388529385
21941.761193562656,0.1920163026703524,3.1255999363376974
21941.752416713993,0.18986392721176704,3.089382080020888
21941.758368831765,0.1773696207975337,-2.9825188810467047
21941.78140416629,0.1654124289597271,-2.7890060760829503
21941.841407672422,0.14445926330227787,-2.567317599588599
21941.769642579377,0.011100141232739148,-2.6747335414457227
21941.63810221321,0.037522996170215345,-2.5900482053143703
21941.26159741191,0.0066673214556774284,-2.7991734278022373
21941.780138029924,0.5833684081564023,0.7829143531311242
21942.02823683759,0.7530582952609832,-1.292075518887472
21951.343029623633,0.9157958492597751,2.594449207266427
21958.106686075655,0.0061492022660153715,-2.41859748795683
21974.800165959048,0.9959530658387953,-3.1258146114672325
22011.479135779577,0.0854821388064761,-2.8694736389328366
22088.124922377214,0.007543290727081237,-3.10401684580869
22136.33361875036,0.0036078752022707275,-2.926581075003685
22136.323618076494,0.0036078752022707275,-2.8647902499238067
22136.302974824914,0.006027114916751269,-2.897813079947915
22136.29806718839,0.0004741360528311483,-2.969216614449523
22136.281335110358,0.013118092414842153,-3.084093385666558
22136.258168295473,0.015527289066602477,-2.8881127749239064
22136.22999848199,0.00863976160452795,-3.0219694627244267
22136.13102291216,9.204423378218664e-05,-3.0334249632099013
22135.78707759293,0.036915037380918524,3.1067235528678614
22136.60420107676,0.6125064705850963,2.30166779082613
22136.822838620614,0.9811151683827621,-2.679201904395639
22140.945622936568,0.2828028823504733,-0.2029020687415981
22141.97685068559,0.8359453211575498,3.133081251340471
22153.755625514703,0.9856759553943016,2.9174712687588107
22172.320880892712,0.6027857915904923,-0.48371295598442643
22209.96458425641,0.5568051723193438,0.46613002408191173
22274.786183874425,0.42953103476437127,-0.8508812603525788
22299.104762491213,0.7307817929696165,1.742155190013385
22299.115323874055,0.7327403566521516,1.7206891009705991
22299.117341626064,0.7486663549539782,1.6293742583860586
22299.141738088903,0.7476062179819363,1.5606749564069746
22299.2060667088,0.7620322108698185,1.5676631968692272
22299.345415095628,0.7761835756204697,1.6248449907169524
22299.4683967885,0.9041815235576943,1.9416748856574841
22299.44721049158,0.9984895110348199,2.7221546621771644
22299.134443586645,0.9736783931477105,3.022322495237722
22298.708822439676,0.919976076932359,2.9359906283039603
22298.4235751089,0.7889312757221802,-0.6486664275359746
22301.829634656915,0.015706993106452818,2.7761870355007057
22308.6991443665,0.9415616017953222,2.774210006797124
22320.34001560885,0.8794043906255734,3.0597488653839546
22332.111330080133,0.007272073595673151,-2.847374953227358
22369.726571578918,0.8164041124053965,-0.9270658505172737
22456.142338701557,0.9867175489042903,2.8173474850223377
22490.756151196332,0.9694518211913327,2.2841243975423016
22490.74910136459,0.9778817302594932,2.3758123762231254
22490.740708976005,0.9712207749550616,2.3144445391930795
22490.738925364436,0.9810764332701981,2.3969834848460714
22490.718248709745,0.9856578569272955,2.41697280435295
22490.68561302033,0.98930761602778,2.4146239771306472
22490.652409057406,0.9900447150355144,2.6124348685210386
22490.45564476256,0.9949036808730264,2.812420525624564
22490.041923938938,0.9848214589871855,2.8715059854725844
22489.344173247493,0.9595377480542601,-2.866127575902004
22491.159913558717,0.016862978505451053,3.138810962911432
22492.053780911025,0.9848742797171816,-2.7818946466807057
22493.02783311581,0.9395389086081456,-2.850214621860203
22507.636726452954,0.6544437393041621,0.8776150358438501
22518.541893502366,0.9847458024041571,3.0014908909162425
22548.611936224275,0.7046478346967661,2.080593677026764
22617.406015913246,0.4262015335680259,0.6004815423541672
22662.957176383632,0.9353844308093757,2.8340531424870683
22662.955098339327,0.933563606012869,2.8707686306501063
22662.954411398478,0.9289360060356368,2.8633079116515416
22662.95068569931,0.9340535857257416,2.9061589140419546
22662.935500397612,0.9322163175103507,2.957515733894436
22662.911069867416,0.9484292613105172,2.9963886599635376
22662.90692716295,0.9608796581605729,-2.969374377141871
22662.79683355995,0.9301261479373629,-1.774098266051753
22663.649285733998,0.6528744370375539,-1.0464740149024374
22665.17582070546,0.08721042676124414,-2.450108409483282
22666.707227093724,0.45780705190211646,0.29711453895722784
22671.950435523668,0.2319346794379626,-1.8861768020671683
22675.32271791542,0.10989199709469087,-2.8913968787250286
22686.159329613238,0.9011449565236994,-2.531220184278609
22706.67912577654,0.9906269962145451,2.823145853502293
22757.291906072664,0.5886507583449252,-0.5405930834524626
22833.93376031131,0.43168404061382154,-2.7441466185436423
22874.595181596596,0.6430667602518634,-0.24600480345782483
22874.602160337083,0.6442989546314977,-0.20135633521848462
22874.61148393291,0.6460728042860411,-0.1368257516100302
22874.659677126885,0.6609594849106265,-0.16324548148395124
22874.721603778802,0.6583249091642157,-0.013441458028682352
22874.860839634588,0.6572770618407203,-0.20803986543187714
22875.171115817197,0.6321966406915976,-0.05611117394451037
22875.78850485006,0.6306691690370089,-0.31767993938318684
22876.807197028756,0.7050461409848477,1.1944321846234018
22877.026071865104,0.933926210672567,-2.915501611192095
22880.807932608303,0.7171830090553941,1.2198775935404997
22884.184842313996,0.7044059326995948,0.415942161366063
22886.28690143776,0.9791186702128276,-3.055159267050478
22899.950575642823,0.9966184417924707,-2.987769520218319
22922.445023481472,0.08839180447436723,-3.0547940625828196
22962.252975732048,0.19877250557692513,-0.8818637875933257
23060.949280715336,0.04513258930121798,-2.5239575308242466
23086.801278206087,0.563745777820986,-1.1437555876843528
23086.80970433896,0.567440915120218,-1.1425832613503961
23086.82487384518,0.5643501756318656,-1.0828767615953199
23086.85730978904,0.5558450262053657,-1.1504396955924865
23086.903223274578,0.5433258292766476,-1.136286149653528
23087.02964968656,0.5055531679667821,-1.094317348840569
23087.354846293394,0.4306932444276727,-0.8568855683147958
23087.890287950733,0.3180881593497252,-1.2714819481145732
23088.221410118556,0.008927845810755956,-2.4983268912704624
23088.086407576167,0.17290498886861974,0.9583662368290424
23090.71999766049,0.9897052776157046,2.4580396899289285
23091.864608938777,0.08464644318803764,2.242023963847413
23098.846521076706,0.8730731620545619,-2.917031449420827
23112.868626807944,0.7118526064612023,0.735180141233247
23134.616834784083,0.788582418220295,0.5309338621002482
23173.146111768867,0.420510397024338,2.8199665157198384
23258.453328759773,0.05335787994802197,2.731235745551576
23293.41544499891,0.9920104522171773,-2.9069488671715544
23293.39847384604,0.9905697502812546,-2.9084717058572562
23293.388277089452,0.9988268204039551,-2.9678861576133406
23293.38161293541,0.9968178949015234,-3.0186649131404484
23293.35686029511,0.9992518321065339,-3.0854512246109618
23293.2929152566,0.9773768261368715,-2.916946587429764
23293.274336391496,0.9416085544478731,-2.2830085329177408
23293.52467319437,0.7662881621532479,-0.92643970615201
23294.49033641035,0.7177172662481897,-0.10324111540081615
23296.5828356999,0.7430194588773692,0.10610052679407556
23299.874143288544,0.05885705294022334,-2.687346384861432
23300.463423357076,0.9422712628707313,-2.8289702200961253
23300.712958808122,0.3837602748851773,1.3119723178860276
23309.392364609022,0.058053947469408756,-2.8921402741634963
23320.680366596378,0.05161196120833903,2.690492841851281
23365.644482070846,0.0949142335153637,2.874128042061347
23449.75170249602,0.20403346830521393,-1.9660411956947323
23489.59142685829,0.9905746857500206,3.0293622256063717
23489.581305005882,0.9885302931746658,3.0756622540434737
23489.58624264448,0.97937581415848,3.1115035048698996
23489.586372029808,0.9969243378233746,3.116363338486897
23489.579485600723,0.9953180902419746,3.082864356619706
23489.54241411943,0.9700662995591479,-2.9282023721922332
23489.503599176194,0.9600808502257552,-2.535659697731754
23489.619812533234,0.8318568603039268,-1.4149804014520098
23490.59278554893,0.6068626442477958,-0.3679125379044721
23493.04926356451,0.6064487460035467,-0.20484627636164454
23496.070781773567,0.012852894191266711,-2.9957284513098577
23497.60894541612,0.8531241904683834,2.9742696575647924
23502.850018620928,0.5766177684329094,-2.2770900516106245
23514.61260529857,0.9802009892140608,2.976750599830572
23531.134715313812,0.9917606012308475,2.632162461216586
23563.43755409899,0.9604854707213258,2.756200815987725
23664.404711924853,0.48102507436232883,1.1652127142518616
23707.727904140298,0.13858421889042682,-2.8896779884578256
23707.732608346018,0.1359032032433254,-2.8708204366434975
23707.7334456634,0.13625578348450712,-2.9132480600172803
23707.744744262218,0.1204443076505036,-2.7482764806849005
23707.73166059651,0.12340162930834518,-2.751751783523264
23707.753564137165,0.13926335690763283,-2.7131350176598854
23707.747913329044,0.17316332285126054,-2.958491765803352
23707.869577144244,0.20401971612738692,3.0800263180439726
23708.344645167068,0.34875674418039576,2.1739692030290145
23709.668711686936,0.8208737124378006,2.690349882282148
23709.015742634867,0.9339137006685314,-2.7381026112506595
23712.34168009864,0.655416155474894,1.9347014560867901
23719.743011734525,0.6955233872611107,0.5934550036880495
23732.643759552524,0.7098304838012605,3.077003683156102
23755.97405150121,0.9770400058623898,-3.057487127036963
23797.908776674074,0.984077713734196,2.8736513057489397
23888.93613363326,0.00020388380809259997,-2.6859120717575524
23931.510481487054,0.9155997748687832,3.0447401701508046
23931.50441175668,0.9184117992047804,3.0416694671439766
23931.509285760058,0.9219432379853905,2.986347515236874
23931.49237138204,0.9351750729423878,2.929140725523795
23931.515274777063,0.9344221119682876,2.946819318590177
23931.470700928283,0.9611350707439413,2.7558652559336956
23931.43451096253,0.9981622754671347,2.741649403256398
23931.365879965993,0.9928722217112791,3.007236255376105
23931.028355362825,0.9824256086049198,2.883039175021093
23930.55972892501,0.9818153533210158,2.8401857534866712
23930.50087202467,0.8677609023652979,-3.0946718672041205
23929.862690070397,0.6470780557021285,-2.3811931549917253
23934.902181396217,0.13214186023354255,-1.647139871959276
23945.27122531087,0.9755355074116747,2.812700068555608
23964.076183902038,0.6815081722515248,1.624265925516343
24002.432262859653,0.003987587325859425,-2.9532259762692004
24075.046182929374,0.03704167918891064,2.955005935719404
24108.839518179833,0.9087197699283537,-2.900963915443497
24108.835651932353,0.9089825064419267,-2.899721167930863
24108.834247630995,0.9113688733975487,-2.762605239360608
24108.836348136403,0.9063236107967494,-2.7907632870955585
24108.842601348995,0.907206264456125,-2.9962698305675355
24108.8320296412,0.8820971825017552,-2.869599338044932
24108.848714617267,0.860755801332335,3.0201100624755313
24108.85480224908,0.9616703606575612,2.957576716930541
24108.650276571912,0.995283278476839,-3.010372734379118
24109.043038602693,0.5564340936082076,-1.1523801784065735
24110.251809933994,0.16134155429178512,-2.9605738258476317
24111.99500104638,0.21532361992626245,2.2196498615445766
24116.086561303662,0.00759214891821134,3.024299252944436
24126.85427807517,0.6496955480653643,-0.6597848577307186
24144.93785528594,0.8620752099402399,-2.527995039513292
24180.387129067476,0.021511173728754496,-2.950547054172872
24267.734287387564,0.22481930631058988,2.257197440576501
24310.26634014291,0.007145096784932239,-2.7222959215532696
24310.261380527343,0.002918281903353078,-2.657219291893224
24310.26088031189,0.0028188833270308736,-2.593427569144475
24310.250861088243,0.0019546511879940907,-2.4751453805474517
24310.247157643924,0.0002691331444267396,-2.465670045427186
24310.25384167239,0.0034972015705163366,-2.5164121605513534
24310.20520468327,0.002455735679283898,-2.450395546027141
24310.033081812708,0.006707247072091915,-2.9340521119344394
24309.878558628592,0.10941711517757122,1.7326409408194836
24311.878616452905,0.4671064477188548,0.7110888317773556
24314.56879204212,0.15489186549164002,-2.2214567509595557
24317.424572004424,0.7008260530667841,-1.779660839823957
24318.987943921482,0.7439680229460555,-1.4704740628936404
24325.69364947717,0.0002870817635529111,-3.0007399506071004
24346.37070188823,0.6766412318007571,-1.0137254285743484
24387.373410479348,0.19595872510769494,-2.896320252690561
24481.898378773207,0.3126881981706483,0.232255704278435
24531.7149170481,0.4329794846518998,-1.0448504036698996
24531.726543917142,0.4372809449508434,-1.069070947226752
24531.74676468908,0.43207370269126305,-1.126078996407438
24531.754703924857,0.43431168529250264,-1.2499321154889307
24531.80329639755,0.4115956450916436,-1.3097896893303254
24531.919259819126,0.38009301197559886,-1.1952393303406823
24532.131509517923,0.26485811771811674,-1.5183915032369393
24532.356769916012,0.06177740343344031,-2.441083677798266
24532.148443141574,0.04657455250052825,2.8064902912648453
24533.54501497556,0.5086826323385125,0.3307214612651408
24535.07980738722,0.9925183009827035,2.81217961913633
24532.84506973276,0.9964856171893913,2.646129301163132
24539.0988517788,0.016588627866768672,2.670862828886702
24555.010608134184,0.5075115696156653,-1.2207774896419255
24565.706237492468,0.9788125408338284,2.7471843588128397
24608.483294809612,0.08659180202998516,-2.8469494027763744
24685.808194299178,0.06008908789096128,-2.993842847608982
24722.060488700405,0.009748622841332981,-2.604754976831223
24722.067296409714,0.004041556063321688,-2.542644262948332
24722.06452274934,0.0032636351550054347,-2.7119803469185766
24722.06339262303,0.013977688321994836,-2.709222206948582
24722.05844710859,0.00017258407075779268,-2.78502637845612
24722.046363057732,0.0007162156128492987,-3.0403830315068245
24721.959615711974,0.018576902810475304,3.1084080577608013
24721.81649835513,0.006006597507180866,-2.830792716014391
24721.563649884858,0.1197525358510111,2.84065010336934
24721.637731406972,0.1149274038747492,2.7816305187916956
24723.262534228368,0.9578447785304322,-3.077654368718799
24726.18765127346,0.8423680475887526,2.007670989895318
24729.680931534043,0.28303087472672206,-1.528325076094714
24733.9099406165,0.7869329696685445,-2.755687099740828
24756.319437954873,0.9574326966904771,2.910249837738262
24786.90842214854,0.028405372389967754,-2.8833569413472215
24875.267739135285,0.05764675344129272,-2.8527711729626004
24904.671113560617,0.9984094611139005,2.5819909800858767
24904.665454233294,0.9984094611139005,2.587765296222492
24904.6718638469,0.9951556488850195,2.6103009721124923
24904.663486123485,0.9976165463416348,2.67159512140792
24904.629300945846,0.9936069233368299,2.7661357403891538
24904.565474004266,0.9982241565616375,2.7254582476775226
24904.447317915437,0.9762974200258477,2.6332745815381946
24904.309756554998,0.998096492951776,3.0281250436628726
24904.484512768628,0.7904054653451765,-0.8992104469301929
24906.389023735283,0.9152464174994278,1.6753846472290679
24907.14096202307,0.47151643530582565,-2.8868020912612593
24909.627654867196,0.07342922780224179,2.770422147271413
24915.9388675594,0.11590909383458999,2.3675684814974183
24924.481402672056,0.06054955729377002,1.9475764509237425
24945.664806506335,0.971219692595273,-3.0302522138377417
24978.247295031957,0.994921850318298,2.845083329484213
25044.257551183622,0.6628722789056567,-2.2528940967703224
25082.0481481753,0.9935965846421584,2.833882799915262
25082.043642077457,0.9935965846421584,2.802994429157999
25082.04482142187,0.9934471707247085,2.82662743838978
25082.04270527442,0.9949124493007481,2.9096647702494636
25082.02980934513,0.9778269848195186,3.044053108356364
25082.005867814718,0.9633611121934761,3.0607057157785684
25081.96477359712,0.9567108495353094,2.9810330649769545
25081.84469537621,0.9308631082370995,2.976011068223004
25081.73157662629,0.9599275181177758,-3.1101640643836563
25082.668238103917,0.5919415956869486,-0.8584692887289718
25083.89359125897,0.026824562264976114,-2.9430131345070696
25088.058909663807,0.8890005716711024,2.695658777398715
25093.071786582244,0.0495980848449907,-2.9937493332536684
25101.848135547047,0.9743275343655196,2.864821989054313
25120.50643885845,0.009408956466368119,-2.5382420333992806
25145.218206322686,0.13626434881582428,-2.980707985829645
25216.54587103945,0.024690390465559556,-2.6448072646827576
