x,y,theta
0.1512657385069544,0.3298494589197707,1.0672455397272866
0.1593851045720032,0.3330954832546659,0.9853022103193592
0.18024876459602632,0.33926935736613884,1.0396909495580768
0.21429478180366657,0.34519515598322476,1.0727865983180624
0.29380025010436545,0.3473737453182707,1.1966218975549063
0.3905654364922153,0.38155844430987046,0.7465199153888662
0.6376279372261817,0.4800148542078474,0.7541219457084187
1.1784531915191345,0.5899159261901212,1.33654232852827
1.85063148009517,0.886537618531867,2.440576397652446
2.81909157704703,0.377746130998958,-2.385845754037228
3.9068460773841105,0.35247619822497733,1.0732564366973758
6.018821375086498,0.7524633839884142,-0.41179409036784387
13.882331936841444,0.8745818033404947,1.8800974559387917
23.48605219170734,0.3213125444037557,-0.6640144691607657
44.00940822318162,0.000864774212703231,-2.951399748311408
80.57347670471904,0.5995010776936203,1.3383251349874854
184.49885326382375,0.9314026570619601,2.428833847892326
222.72742395440977,0.04808757705707119,2.780610165215599
222.73861693339217,0.04962201219546629,2.7432984341954025
222.73505794500613,0.0478423463591451,2.6937615738273175
222.7295647948929,0.04108789446025312,2.6604678031150035
222.73199600900494,0.038728728694520424,2.603436060477529
222.72584027380603,0.09308786712526028,2.112125710490872
222.86476802481414,0.17620907926468915,1.5412867203543668
223.21787707571883,0.3368487043818036,0.7363476208670741
224.44508732372705,0.5103875200657138,0.9298780156420845
225.18824323138793,0.9978020001675499,3.028131022726984
224.6086484388033,0.8287065633828642,-2.367457232839843
231.29925330826092,0.9945575559601273,2.442724310030152
234.30920885643437,0.8644979338021915,-2.83585727002241
246.89541592404893,0.9982062134631928,2.7294697309673683
262.7632783418764,0.8982022765283837,-2.8441945069022925
314.3798658120631,0.35268541487343563,0.27079065295528126
394.5195423663014,0.9835588132491841,2.9939689660877464
431.5459376024906,0.9800311374295213,2.9532856260578306
431.5398431042364,0.9815265456531296,3.0496194477574807
431.5389384331483,0.9850609954580027,3.062887515736165
431.52389272877525,0.9772900585198824,2.9250024487967234
431.54078837460395,0.9873682550384062,2.860523384457279
431.487265106718,0.995091280284063,2.943627913830838
431.41988309075015,0.9998529539160739,2.6736250379850475
431.34442534968355,0.9561536137041949,3.085926085562358
431.3187147323097,0.8797598404319061,-2.1542232775913477
432.6560525320126,0.9946202667689377,1.4766609978272367
434.03132528441466,0.35350569166479784,-0.6838258031425539
434.9038286194379,0.5038821408877279,0.03493683788003343
440.3882899156907,0.16095110694835102,3.10768162968248
449.68826559857763,0.5544326090486524,-0.5445514782831475
471.26850473840784,0.9635508990784266,3.02387977255958
512.9817663469898,0.3068604051434862,2.6606250949406958
591.1261116057117,0.0005242029222690516,-2.7577616228267483
634.0554007142506,0.1695895884893802,2.358020504072501
634.061925804859,0.16524916007034335,2.2631487778827175
634.0658342508556,0.17086251078426792,2.267448696931276
634.0736932702881,0.1786095901388339,2.303628994976254
634.103878964947,0.21088840214592533,2.0327771418528027
634.1628965190421,0.2512802203106031,1.6234314311869502
634.3181347335955,0.2898269266105176,1.2758131140359685
634.8322717405557,0.42707315160746545,0.4569359270754507
635.8789701056695,0.6512641363760663,0.8080296137487601
636.4179196698778,0.9240792037744373,2.840264508928028
635.565926145667,0.9008751597624659,-2.1561146146919037
637.2362705601464,0.16969630556528298,-3.0511758243527343
644.5062201428493,0.9972256357493821,2.6148272836662096
655.8987689707252,0.7757773756264839,0.4476890980426971
685.1808799269788,0.9961067322636261,3.0326992086008904
742.8527267453295,0.576388347791963,-0.7867097428876293
818.4960226155229,0.44139100112322494,0.006450580371797354
860.5319525212108,0.7883929258810144,-1.8168092461066578
860.5356841547923,0.7798741592753459,-1.836920992002174
860.541231327479,0.779410122981862,-1.8464860657099815
860.568252264178,0.7611203172737264,-1.6911125159376486
860.6062401367403,0.7246412118131702,-1.4643508882951857
860.6902669760058,0.6836237857274479,-1.2588791538701989
860.8941629132524,0.5871797791794913,-1.104140147987839
861.4096093779054,0.4215735621971468,-1.163041336474754
862.0365733389874,0.1267771164615129,-2.4223985193994384
861.665789729884,0.032862855002152844,-2.8701097623925413
863.7790832033822,0.16431900069126854,-1.609631680265442
865.3594659333392,0.6879411346110162,-0.8163813379161744
876.1536357078506,0.25302372864780454,-0.7050133128436453
887.2748048635779,0.5229823503433185,-0.5340266457625744
907.9142568604564,0.2749150381878114,0.41542978565603805
951.5755174182661,0.014291781681510346,-2.886341893486378
1031.0530988039463,0.85940407764795,2.5713785009110026
1064.0321581560795,0.8652446932294088,2.453071821229699
1064.0328947678813,0.8725526764386334,2.4843764765115157
1064.03532896783,0.8967802366232656,2.535634498613973
1064.0376639913418,0.9221284553915117,2.465168732655698
1064.0398305541974,0.9371875244599273,2.6625761089839175
1064.0500894547447,0.9415969346517041,2.7849668906100113
1063.9801554532776,0.9360414758681641,3.0847968031013924
1063.968422102321,0.8104282298756518,-2.0230110670948274
1064.6852379636905,0.5088599250853058,-1.5901096467087845
1065.5758697003912,0.16687610921992682,-2.8877563893685987
1065.3649275795863,0.20642908740849525,0.9390223423239368
1069.0733176739116,0.9990563234524863,2.8268049814211613
1076.839307297029,0.031903661160539665,-2.837373318606304
1091.7677548420143,0.7476809505666354,-2.8187021898132767
1117.3899724710511,0.00025158393617494106,-2.980763383474869
1149.7528873290514,0.97663823214217,2.41067267527157
1232.0992128641158,0.163850168426674,-3.1290028040466855
1267.963440723219,0.9094326237745655,-2.887505325461276
1267.96010914641,0.9144489780985889,-2.8538120464029344
1267.9519320227053,0.9001320441727096,-2.9765436927618354
1267.9402393258824,0.8872626989023702,-2.91616110156525
1267.9572409924133,0.8623214078242333,-2.6487422050321423
1267.9558922235217,0.8602195889330745,-2.340726504905436
1268.0518393609925,0.8063616627378857,-2.497316952208362
1268.307236391499,0.7245100986069918,-1.5713989771326173
1269.2559177026822,0.4335352966540714,-0.8701729643615153
1269.8180600725186,0.04159094697751065,-2.8628174555757884
1270.9508694927906,0.8584179998642009,2.0544627584085378
1274.5595865333773,0.003906660109818631,-2.938511318465236
1276.8200234935232,0.34231445607942235,-0.35523757377290277
1276.7547443389144,0.1766245395525409,1.1305976830407678
1299.6241430577932,0.03097474331961463,-3.0772343960164434
1326.280477512019,0.6380120404204402,-0.9194188728668351
1426.7873842956633,0.07860955517957076,-2.5627720917723025
1475.4565036624203,0.6749241776790508,-0.6591809658293313
1475.4719671918176,0.6729625565291054,-0.6006750621017223
1475.490148386574,0.6755375318566156,-0.5614797772228939
1475.5108390229861,0.6683885191058244,-0.7217090820220671
1475.5948989481258,0.6530961516242939,-0.8116156460000585
1475.6922685639015,0.620742966052513,-0.702095780609779
1475.9704286431202,0.5795899055750016,-0.463374808645324
1476.507803626665,0.5613528420265056,-0.22460463574543343
1477.7294143860504,0.3558939085133205,-0.7234964220180649
1478.5497956546546,0.0017842402562531212,-2.931652428936983
1477.7853638947133,0.0036839964244380742,-2.9267019492816155
1478.2561691447077,0.5457059237948497,0.22880907569275966
1482.2883190848381,0.7844487610457292,2.510432579879887
1498.296364262839,0.9858381538984299,2.572193733118697
1520.6182177416874,0.5348258997859077,0.11697692058420817
1548.7316580818836,0.5802877107783679,2.249277698431052
1646.9479421193705,0.0050395643050548,-2.959081895008494
1695.0095561303924,0.9500363839869554,3.034591322156114
1695.013790941834,0.9550023078512885,3.057700330892029
1695.0089805358448,0.9513474737253426,3.0446266299166656
1695.0208498824024,0.9538305357398379,3.1258999728096786
1695.0141979864782,0.9698855056446838,-3.098198030170973
1694.9550898857754,0.9833501320407124,-2.9689285410475854
1694.879228739346,0.9396841059991801,-2.4121739431591993
1695.0818101783534,0.7560311374151681,-1.6578574586309167
1695.9436059219015,0.4954285604694206,-0.7987255814513867
1697.4921413016496,0.00045069922945825637,-2.5171691319773477
1698.4188217023811,0.6304397143574411,0.8686198061164703
1703.2557961031898,0.6818300942814763,0.14876072236939963
1708.1444099705661,0.999649282778219,2.825090775989164
1717.0832542698547,0.8625633083798306,3.01432846015459
1739.2699490577747,0.014198252575024233,3.0724362139489223
1778.842648202081,0.5668722039583965,1.7059490146792031
1852.9109603589295,0.2829245580915424,-1.015220433049259
1887.476211188052,0.26175590285699796,1.1224310601887018
1887.4887862132,0.27367911591687993,1.0962969148108952
1887.5014317479513,0.2816734424824131,1.0724557784845823
1887.5248885803064,0.3018610916262001,1.1410487015120863
1887.5595510308115,0.342933850212597,1.0184007668346267
1887.6606385556386,0.38374224884950364,0.84955164381353
1887.9789518084608,0.442124973809202,1.0477246423139892
1888.5129641736341,0.5732221450535351,1.5943897374022162
1889.08846581799,0.6854446003496946,-3.1239159002639654
1890.2609928891627,0.4117300661510303,-2.2769041178777227
1890.1176518872842,0.08070911175255599,2.971345265821613
1892.3257627041276,0.3522177490026518,-2.3599497810480266
1895.8991343710795,0.00727669232601978,-2.202626906368526
1908.2759820106876,0.6270010385731742,0.05649790173825853
1929.1454681792745,0.2210978802900309,3.083428275282671
1967.7822375146304,0.7055141971869856,-1.0386780918463003
2075.117223210808,0.04682268120902454,-0.39947153756274334
2121.1551124987,0.22005798058919762,0.29907512089147703
2121.158046821333,0.2182318640194832,0.26009266809919485
2121.183485910151,0.22230042606241507,0.23924546432993576
2121.213372845241,0.22362251262806046,0.19036599440622926
2121.262439257495,0.24035835066551892,0.3675207584448774
2121.3569461037573,0.24527149402093174,0.455105339299136
2121.5573041870707,0.2698991749948609,0.8388357879260537
2122.129199869056,0.36568399275675045,0.135244946440487
2123.218786030685,0.31698575675805163,-0.1603290741059502
2124.2440784784553,0.06971330930658026,-2.8113448729189314
2125.5806834586597,0.8742219471846431,2.507348312408153
2124.992032459267,0.7963205364117019,-2.8268192812024497
2130.452708029749,0.9822076299116186,2.649769868717833
2141.0958999251757,0.9937824222184736,2.5418691893132888
2159.5452146172615,0.21263869481870867,-2.648137988628693
2198.164070862599,0.9985728167523976,2.695669400487545
2279.823584317156,0.21651382458855414,-2.182242271049892
2321.9782002142615,0.7479934308127983,1.3562443482401596
2321.9806712062637,0.7505802068441663,1.4138456831072634
2321.991698856066,0.7702316045793313,1.331815499548897
2322.0167880244826,0.7727035298102605,1.5212223538757916
2322.0427629900973,0.8054404501946598,1.4946577059890238
2322.110842383712,0.8475884901109271,1.6943826119750138
2322.1926266587743,0.8978821317479064,1.9610768145186457
2322.1096057069058,0.9963051954775183,2.6863130876249315
2321.7222976003573,0.994505235323455,2.88632614600259
2321.2864801116043,0.9939169161039435,2.3111575743648647
2321.7215341476754,0.6863813744188016,0.47336002195835825
2324.640659230673,0.0023077445578363826,3.0021027709402546
2336.480329442326,0.0551529892139595,-2.947335898012024
2347.6096688240855,0.8721075787230332,-2.191871186713018
2362.877470060536,0.35525283634834015,0.9470632440215168
2399.854559266095,0.5296024628025154,0.7254549051174748
2463.759415417264,0.6610447979232794,-1.048111055951959
2492.4372254058762,0.4159172356189698,-0.16024578078489915
2492.4475495893184,0.4213735141623805,-0.23808189463814866
2492.4669535973126,0.41497502860037055,-0.1848985936232932
2492.516374415222,0.41248686100173043,-0.1708105199481551
2492.6010951446806,0.3847384318646109,-0.1412105624385136
2492.747580660631,0.4025351222537174,-0.26063613781931183
2493.0751200090003,0.3966665906459361,-0.41265699205041795
2493.536291845636,0.20849555353004165,-0.74750661192365
2494.04463051267,0.009158005591603128,-2.0387099920625857
2493.8057321083265,0.1950913995776559,1.1022160052713472
2496.758956231294,0.9196322415171645,-2.8434429869540283
2496.153468551819,0.9947247981753081,2.699159023873559
2501.47385794687,0.3924465362942014,0.028049363744929945
2513.1179615187225,0.06724467194038772,2.906913040511732
2531.6707260163107,0.38634831995247754,-0.6895952511551475
2559.2384563269097,0.8432264785845651,2.826641514741315
2642.8399939427513,0.896114285529772,-2.536174377305182
2687.248856659175,0.5037200884517354,0.3987018257274517
2687.2609954672057,0.5027533357062149,0.5170038192375057
2687.278816271592,0.5014305933601894,0.5054693981585094
2687.3232399845024,0.5144390220590283,0.48171140618732844
2687.3901380972093,0.5046468298747754,0.45849125810455194
2687.5058148152093,0.5420966393278258,0.526809426353056
2687.7726210319033,0.596536991676354,0.6072735966079605
2688.279563691641,0.7252750829727869,1.3474174314535343
2688.641798924367,0.9501061337659862,2.8188755479543763
2688.145225401992,0.9969735229669408,2.9602328638817443
2687.1301897076096,0.9742995523590118,2.988352108148934
2691.0982019096687,0.6525568248804204,2.8068663140917867
2692.570029178135,0.9292936930779625,-2.905570403936659
2706.453957860156,0.5623127301321368,-0.8530383305961946
2737.12942439195,0.19249663745073364,-3.084679173858329
2770.3449282584716,0.3933753615950512,0.6308224755399099
2859.0355832734654,0.8160762695608994,2.5746997122383597
2902.7361755511124,0.5605452982382727,-0.665581544386634
2902.744886600661,0.5605063023150262,-0.6187453825844642
2902.7619493275624,0.5510319897732213,-0.6687271709176557
2902.7879611070375,0.5548945604228072,-0.43589256015364963
2902.8668051285836,0.5597033462819686,-0.68112034936222
2903.0105091996506,0.53982973639916,-0.9723963141514065
2903.2140258178774,0.5074978314537968,-1.0648563020874446
2903.6336307539154,0.3735699592992499,-1.3819318914116132
2904.0811398974206,0.1577188873319746,-2.6215540562928332
2904.3059368204376,0.18347122022133341,0.25923432245810707
2906.394038040455,0.07872254119741405,-0.2408076599093958
2907.8714883590806,0.9903737513084206,2.877836221216006
2912.7368643543455,0.9062301772554178,2.1197137759975915
2924.537223144938,0.7635837375404385,-0.24217252879643025
2939.5443027453016,0.0014971925281672463,-3.105565442271881
2981.8089333674725,0.011033210957249354,-2.7642640801304252
3062.7525447172075,0.45446038120312116,2.2433357412614257
3092.67331330518,0.5728181000251447,-0.32082144141687063
3092.6774165877264,0.5652050652761808,-0.30403905703672107
3092.6906491399554,0.559034522723969,-0.37222127523766524
3092.719033962811,0.5509375497812637,-0.43949302931460066
3092.8092971467127,0.5410922281703839,-0.20569800309110553
3092.9590805022513,0.5061925794884872,-0.39336430556737545
3093.270607853585,0.465641489559481,-0.5897270874263865
3093.816608021279,0.3395279111930051,-0.8930243862128089
3094.5895265489407,0.08333839751478112,-1.8624338287055962
3094.5499782603106,0.10413634090116403,-3.03021093619504
3097.0436360375456,0.8061395021347874,2.4280748304217292
3097.765502105294,0.10074588741624055,-2.9220054099702737
3097.65157637911,0.859562358256737,-3.0789062726023317
3104.7102169588225,0.0043353613829208775,-2.405766455404815
3118.7224253641507,0.9735122073815923,-3.060501246068462
3155.688330586069,0.00406611595628683,-2.8734042392233907
3231.637409642083,0.06400641560933974,-3.0615762797754136
3271.6782464462685,0.9827090334149375,2.7050093975583813
3271.6773229248824,0.9846001795530352,2.7001941573593076
3271.692120623988,0.9770365003072793,2.7585690761890094
3271.6797500522075,0.9878684305448154,2.837135678360644
3271.650815965589,0.9977047658991328,-3.106525148035269
3271.5958776605917,0.9971911117284331,2.812129537955009
3271.5390197175016,0.9902933434355448,2.8957724392802007
3271.3796047603655,0.9606289173934043,3.1150429190705626
3271.170917173718,0.9444573719781133,-2.9798418891175826
3272.7808478859893,0.6273925525797382,0.5121301857159057
3276.2101180325362,0.9946938195288204,2.5267313185141376
3277.8723652243066,0.07978433098582666,-2.791271794940519
3283.5964216935226,0.9796386242238164,-3.119789827248256
3292.402098118726,0.953536851496516,2.9695150365275182
3312.919706677837,0.5517136398071453,0.47647984422170486
3346.6854752761096,0.1131768348997372,2.1558810493811915
3439.3059870415136,0.2362683747767139,0.17746908659112748
3476.035604750224,0.9985659422511659,2.7234846415188123
3476.0375853041996,0.9988692358498888,2.706010298762317
3476.0228753233046,0.9873945485718604,2.727007532079945
3475.983957026022,0.9911403427583492,2.8132830231715884
3475.960571379122,0.9965351980601559,2.634613979944639
3475.950369887908,0.9904905285998136,2.599589320484027
3475.927130261715,0.9726841078033367,2.8726261613565196
3475.8299962558503,0.9618711316347077,2.851606162403735
3475.5642611932835,0.9947541479306842,2.8058977647148016
3475.7068819884785,0.7649122043579396,-0.45781681451053924
3476.279231968732,0.9468122482258389,-3.0397795929757585
3481.027740394917,0.4580053684746392,0.15231586920478657
3489.1501878666572,0.23824061982049186,-2.6745605123946414
3504.140821307836,0.682451162189454,-0.8836613221500804
3526.2418183354744,0.5717916407457003,1.1959116202016968
3573.624978296321,0.45781383160699074,-1.0456213135658055
3656.213668083483,0.07022397187636475,2.4082702418222492
3691.42097577824,0.29282328630634774,-2.0080231990493855
3691.4248937877082,0.28736890369095,-2.100270203337333
3691.4258712779747,0.2776017012394059,-2.2294934240405424
3691.439350943965,0.25970503282312296,-2.1270282706648307
3691.4913798372113,0.2656769690052071,-2.3088856808473874
3691.5341221017356,0.2179595773818394,-2.2310636767680814
3691.638561319336,0.15268875701330242,-2.4473495606228424
3691.708899262718,0.11603976178580283,-2.7179418115584832
3691.6642002663725,0.007726288449198928,-2.8585996528249455
3691.2443193111626,0.1453598186405479,1.4219815852673534
3692.2054054430287,0.007241657921178983,2.8535381851312973
3695.5728724543446,0.7954851345348346,-2.1744989507989874
3700.1935100676837,0.38397360917054796,2.356799397528043
3713.152522301332,0.9977877375099423,-2.9558654953235277
3734.4178068239175,0.23163214007235666,-1.8354144804896113
3777.1858396199314,0.6385614353516988,-2.058605139390149
3869.9626116260897,0.9573869861035075,3.093472705647889
3919.019018311191,0.884364397985064,-2.685037711991726
3919.0227084162607,0.8835372307724081,-2.7663289785870693
3919.0345681850354,0.8839122394732136,-2.8340155196900043
3919.0406706148287,0.8860305389328587,-2.8224392022674616
3919.0365493507693,0.8616852443334279,-2.8477631757078834
3919.062464099205,0.8262909266191321,-2.420325527671776
3919.17622549104,0.8123770821790138,-2.265774129715945
3919.4282467102094,0.6001142626975583,-1.8909542303279554
3920.1280255117404,0.3624632493721039,-2.0789455732159965
3920.5824585623855,0.0922193807966177,-3.0113016242482744
3922.246718470583,0.8917463525722835,2.029610700029288
3924.095361089154,0.6666840087156928,0.4105822335864313
3930.857471094516,0.9635013103063151,2.7927665303380858
3933.5907536873597,0.0034725285990057954,-2.8635169226393997
3953.3612594196607,0.44387642840367375,0.1564386154574584
3987.7223571365075,0.3306955928844821,-1.0698633895352234
4059.240498874518,0.04485817954732175,2.717539046538514
4097.2229543798,0.9890852011447133,2.703630030796438
4097.220786157262,0.9975703342631858,2.7275374151323772
4097.22634454014,0.9975703342631858,2.7869117733315285
4097.205646239919,0.9990492203419524,2.7770649834520196
4097.168932088461,0.9937080134606305,2.802536000148555
4097.166027740612,0.9948913865057308,2.935499261566889
4097.068039267714,0.9828147013160777,3.125208065850277
4096.915596420686,0.9741495883176721,-2.8035460600916307
4096.793284250453,0.8903402746890693,-2.204361751043965
4098.712354399991,0.3461053376424115,-0.873873265935976
4099.259590398878,0.23666216244243932,1.293140027678275
4103.357129960876,0.6277178117241455,-0.5931358816929104
4109.649948292057,0.043214892822147424,-2.9483670439270235
4117.5067310963595,0.3610586459647658,1.0978049213511616
4140.89550425346,0.09619537833425121,1.955614281808228
4181.931030918346,0.737032918757117,-1.3116350477409917
4266.476025550671,0.17695082252510858,-1.8063352945727456
4293.176455696574,0.04864974481228591,-2.9410256877923255
4293.177385277138,0.05115708511414005,-3.062867761894972
4293.176524758027,0.049011791551951955,-3.115699090005398
4293.183573080529,0.05588399276527576,-3.0807704175859922
4293.178132729961,0.042964949255551894,-2.9550243298825447
4293.160979980644,0.0311288124191093,-2.832219877993245
4293.082631824748,0.023447450744692417,-2.804176563423806
4292.998975653526,0.010905161886911052,-2.8428646544465694
4292.852108413699,0.04314667090920226,-3.011369766947287
4292.3094600489885,0.0384133050307274,-2.9373251073318714
4293.1149484580255,0.6124644883010267,2.2126480241165307
4297.456019030138,0.7092381369459912,2.435778487359478
4303.331625148629,0.5741730909604237,-1.4562979360306947
4312.076093279762,0.7744310179678638,-0.6693188329046471
4335.188101088939,0.7348204545226679,-2.3135376199893476
4374.979674174554,0.1521645148215205,0.41290095058557696
4473.77017034205,0.03769314379873855,3.0913565876690186
4508.8823546800395,0.19476006378628136,-1.9793360426083917
4508.884307422368,0.19138721627805652,-2.0444753522128103
4508.899728218351,0.19293019121627092,-2.1409049044056276
4508.919531179045,0.18400756975767038,-2.1366528839181216
4508.933428568618,0.159634139369646,-2.043225692897525
4508.94350042969,0.15140277943528774,-2.359564312762703
4508.96195434591,0.12753072253349731,-2.951937900671701
4509.020263198976,0.09642491535172662,2.960316793824332
4509.106870916876,0.055792879806814535,-2.858184315989518
4508.569482003102,0.004588743623511464,-2.9289675536111206
4510.35313287776,0.817802599616958,2.708263048903399
4511.369502570656,0.018360622094656012,-2.7312197670276386
4513.959056714287,0.23620857359462652,0.8235978842723406
4529.830724021528,0.665943762531833,2.3060831534189363
4545.193071363147,0.2266667556499029,3.074036857714077
4594.601219339425,0.006051352034424147,-2.861547212010592
4673.407315967329,0.009514770774292523,-2.51906841800767
4716.840015769264,0.48100305085075,-0.9941398260281114
4716.850412371126,0.4730253128738754,-1.0307915511430394
4716.853710237875,0.4709590361888451,-1.0170856278444784
4716.885338117627,0.46542896047891213,-0.9745730460728037
4716.944347113425,0.4360325871306747,-1.0456240715230134
4717.072497486232,0.39379935565403307,-0.805067685390441
4717.372645885467,0.3444499861561639,-0.8639885178845144
4717.810869704815,0.2488347468774759,-1.7682727483879104
4717.952830327848,0.013253576672432252,-2.473113931263219
4717.88580317133,0.1322187502501303,2.594764048383558
4719.432502343761,0.9792546981145119,2.9391103821031273
4718.431239821975,0.7092981103434032,-0.9421355439662777
4725.622226826893,0.9985033861515584,2.7752073419130117
4734.372893139845,0.08869296807945554,2.3888128290109716
4763.567178916849,0.2001954680650956,-2.1452096894260744
4819.784368116924,0.023334541722976804,-2.6013763827448755
4894.873732953586,0.9837508255242974,-2.2568109357916093
4923.396558931453,0.7891351640002814,-2.7293477925562732
4923.399148256159,0.78831752007071,-2.7522524211398873
4923.400269783025,0.7943087965907858,-2.7725632653576002
4923.404234036436,0.796224368977157,-3.055564914237976
4923.426021827946,0.8010414025976942,-3.118761235997238
4923.4733010216905,0.7961030246982673,-3.062771621637394
4923.563152325973,0.7886078024733196,-3.049004245904016
4923.655368348366,0.7504144816426167,-2.7619026952388803
4924.058417455058,0.6690126803636252,-2.8284095967426084
4925.210782496996,0.37109306802114206,-2.6271843265380648
4925.799859665167,0.04509168736236724,-2.598409003904738
4927.58532106309,0.9901071913260908,3.028917153895631
4930.839837540599,0.5537628172487388,-1.3053232433938033
4941.607122972088,0.9964361964549822,3.0074640132083204
4961.244610972824,0.9985756850319515,0.3247447697295245
5000.212057185996,0.2819981515746354,0.31917888802208605
5080.412484156772,0.05057987214773828,-2.931308238082478
5112.4002799119235,0.45697836651592233,-0.626856036927709
5112.4098891038875,0.4602618492260853,-0.6532110821251225
5112.426671034032,0.451995371112146,-0.5464926967929058
5112.476290282722,0.4463148214388893,-0.5205902407184633
5112.555603359039,0.46189806901804065,-0.24033264356985695
5112.698281935263,0.44395141200474697,-0.43256737457684036
5112.994191232366,0.41865349374192323,-0.4073175435340679
5113.594510955781,0.39468131751893126,-0.5699205869814277
5114.284124728164,0.12200356986153736,-2.5224366864788847
5114.585735840553,0.3001347561074206,1.0373331677799342
5118.842428755114,0.054854298953597086,-2.4252093330154025
5120.622378819464,0.048102555399061435,2.9165113232970263
5125.227916872803,0.5878276523059867,0.4175841193712073
5137.319147165348,0.4614791526562018,0.6019765954678586
5159.278452173366,0.10247160745091305,2.6913014698412656
5204.747888794967,0.4818529760599152,-0.8032608652115343
5290.563347037026,0.47368435263260483,-0.909835102937739
5322.160746096562,0.7236118773367316,0.4110156060083865
5322.172591047815,0.7214851815581668,0.4515252367101179
5322.184070421948,0.7302618077000693,0.52468100788054
5322.203157240371,0.7351369931494407,0.5586559207455597
5322.2613978359095,0.7335925009240065,0.5355166061310896
5322.397330179496,0.7168612100362004,0.35150789408036553
5322.635119997175,0.7514313678365813,0.7382025473600882
5322.921151165599,0.882982238774455,2.2616124113162837
5322.702062083607,0.9976651588746909,2.8406631500406405
5322.29031521557,0.9570604573488419,3.077064855596781
5322.1424001122205,0.6640900483131579,-1.5005203263126003
5324.99201959802,0.7909806039978639,-0.7786266813427996
5333.011815073766,0.9914684021151078,-2.8897848679884666
5343.405745860987,0.3867389301465581,-0.9012922188850876
5364.614245335836,0.8573181581989299,1.1812021202862697
5400.995822288883,0.9863170672727922,2.900553644203746
5483.996858540931,0.40145052540305154,-3.115841920730972
5516.021921081599,0.09494083412329964,-2.4850947282637486
5516.016460685781,0.08516071607337997,-2.6018615824161695
5516.014379107998,0.08118756645360999,-2.6664623054990098
5516.032805628155,0.0765688366538907,-2.8220889318849847
5516.027576771791,0.07187066615386593,-2.988790466189465
5516.043742145786,0.09710979428423319,3.1006372839961394
5516.040039742451,0.08193927693824653,3.035029932921576
5516.050394357557,0.10277330010423842,2.890061428088332
5516.277501828452,0.19973608876382198,1.6573203135135284
5518.069613681046,0.6772592113484333,1.7647377006154148
5519.2126352751975,0.941306454503028,2.791817360150718
5519.595442546266,0.9992662717955065,3.1337519779787133
5519.61725093635,0.7826152014748909,-0.09694306116287743
5522.350671745979,0.9831714550600236,2.5667505508406663
5542.424339906432,0.07454718731686301,-2.530007230872858
5579.143390811705,0.2457125281131782,-1.2734278530157306
5641.509848939393,0.9617034235123196,-2.811824314543614
5688.808359476499,0.7923271007156343,2.6879783023064654
5688.817195607687,0.799879770375627,2.659793548139424
5688.820685359179,0.8125014454472124,2.6552663807456067
5688.837672194639,0.813493588480522,2.667274763968492
5688.860888557262,0.835704587848357,2.6644072931823324
5688.900425620945,0.8371315630575612,2.7658802866608525
5688.888521011525,0.902475957208282,2.8059705038240175
5688.952781038923,0.9266323040169555,2.8106715419414297
5688.755527716339,0.953069143657721,-2.766846481180423
5688.62366585659,0.8273352416548956,-2.785738131489082
5690.276586377948,0.041869438204969585,-3.005913331934988
5692.114717922947,0.8435228194306995,2.628090020433844
5700.349733701387,0.9942291114170508,2.879158202750956
5714.556140280995,0.9425979494809998,-2.603710976402699
5748.434021961907,0.32138072735823664,2.846243588306862
5793.766856767435,0.9249038056368111,2.9311523054482924
5885.206127107458,0.46261241881015835,0.32800687820972696
5916.5931972852,0.9969298867840773,2.9427363891593927
5916.596658229764,0.9969298867840773,2.9775768323292873
5916.59672341256,0.9923901988353383,3.0404228392367534
5916.578106554825,0.9938329229243746,2.8629006113580164
5916.556020724127,0.9898193894299303,3.0675361362208378
5916.513414873819,0.9995128124380397,2.986337270330443
5916.446500314023,0.9910820723862822,2.7672552305821387
5916.344833964157,0.9137269089208172,2.8323427634298355
5916.206482372733,0.9677309650867167,2.7989357730963524
5915.613534362468,0.983783414626286,-3.0332616251043802
5915.539528961918,0.6693094542136461,-0.5889719729336917
5917.360038365909,0.07299353479808011,2.6966258226519333
5923.419402623369,0.7159966289367122,2.7380393929921905
5933.75309589329,0.0020392759677755664,3.0832008320944215
5963.186780726946,0.03876776037150829,-3.109998273150276
5999.928623702464,0.5630161170803903,-1.1589276073745147
6071.526602235304,0.06446883957920767,2.364971694337733
6100.473486161752,0.46149085495834163,-3.047871232343893
6100.479564052036,0.46928919391349133,-3.0799053203078963
6100.488411297624,0.47299054020979503,-2.8845967852744994
6100.50888601301,0.47644916527797837,-2.7843274723420843
6100.532742231673,0.4885626180336157,-2.615806052339348
6100.5912570554565,0.47378526985764785,-2.9308665936851805
6100.726087040168,0.45769201684300354,-2.924425073022301
6100.971242164552,0.4501591337011517,-2.8976291179677167
6101.466651722748,0.3235381690491467,-3.059782543594525
6102.254822424982,0.2950282893938338,2.3182892490762743
6104.388102878124,0.44457191237148463,-0.5319659340035301
6106.578205461699,0.9872186868695753,2.94980637106137
6106.593842578927,0.010629572409470565,-2.9634684927096986
6117.122029396473,0.19089578639991428,2.6388249220689914
6135.863928221825,0.006885300116786846,-3.006806033375526
6168.811001607804,0.02592643529679121,-2.9437674367913127
6276.305299032205,0.9585295492908578,-2.1695449853613726
6312.718721907741,0.45091464208186355,-1.4401685154242758
6312.718461826158,0.44463556451390607,-1.3932510038893167
6312.73877597507,0.43406063246255655,-1.3861654143933988
6312.770071136357,0.436333343712106,-1.41031351959513
6312.836658826299,0.4130983995623303,-1.451130863903581
6312.9478000033905,0.3966882225090404,-1.3353730884448425
6313.190861469914,0.3139559047260138,-1.1960073723452123
6313.562352374086,0.18900592406622405,-1.550806848321271
6313.493026287613,0.0068209518201194285,-2.7801040094147287
6313.5058519754175,0.22041231256375357,-3.0558137644796477
6315.1234116332,0.9843916797769059,2.8822395361255086
6318.542968095961,0.03818357709846404,-2.2055791154529882
6321.474798256807,0.009856120266515089,-2.8554638218325983
6328.755558205235,0.8834577377118433,2.2996951675055755
6347.075451851723,0.6199666194535451,0.2298815731645263
6382.289008344679,0.01541955410264836,-2.9212614198000932
6454.044048402359,0.9324340398194154,-2.4000823537033207
6487.409251761205,0.9574091368622092,2.4048477357110656
6487.412354200861,0.9591736357979513,2.392501696166092
6487.412401677455,0.9679669349322033,2.4437017206600444
6487.409941709513,0.9739949829351655,2.436631222744783
6487.386122465973,0.9956294842715824,2.466644563498555
6487.3796215578905,0.9977606032426605,2.411967514190401
6487.333776127947,0.9967663042431263,2.7774431048518142
6487.209062504121,0.9726260334420044,2.831776044965494
6486.925094345323,0.9843645715565295,-2.9526206658134115
6487.160293976642,0.7210697396075239,-1.252764990734507
6488.8407506267795,0.03270875555929687,3.05523388748343
6491.867551544999,0.9715762110275173,3.0356142172784466
6494.867196884765,0.7829521537512054,-1.9128408641558863
6506.195129368355,0.10286689016410734,2.347407894920414
6529.237729531452,0.5863657061018718,3.0550044198499053
6574.120081986218,0.8442171673813658,-2.070435905472119
6667.466955736774,0.817852954758402,1.9031816541458175
6695.303426403776,0.18982393660339522,-3.003561973160937
6695.2986361522535,0.19360393909527918,-2.971273741248713
6695.3033331652005,0.19670256162132138,-3.094608899842192
6695.31552580226,0.18241849838596047,3.0755362343209054
6695.310111639053,0.1612075978833943,2.906378289435894
6695.3317649066275,0.19935884203084,2.7994063674450107
6695.401513222283,0.19697691337900136,2.987650249814757
6695.57645571252,0.25084077211016764,2.367774706248566
6696.157280677151,0.6282391811727942,2.3148220468298426
6696.835196226061,0.7592114802110203,-3.09447622408827
6696.947211930459,0.997659231683156,2.807222041034686
6697.683724616123,0.0019240536281186398,-2.778818683269962
6704.7711920589,0.9617218166081378,2.747136698895483
6711.947291270833,0.9495574984391996,2.9127077652796523
6727.894609894862,0.4420043146939364,2.9606946304779047
6767.200190684408,0.4742280905057676,0.01617902915014824
6884.3581274538,0.7684233235466886,-3.1232720056853744
6914.72060432531,0.054960526456000657,-3.089058732526601
6914.72352025131,0.05661824165656714,-3.106405634908244
6914.730564192483,0.05675920572471943,-3.032931294378257
6914.729138560502,0.06783599712794834,-2.8703761762922086
6914.744146651504,0.06856912214482525,-2.9288393170828724
6914.731704298862,0.02223868074651198,-2.8145787602730428
6914.688689043904,0.0004392383099926576,-2.84113731054111
6914.508112544991,0.005894085299391717,-2.5852339523397916
6914.214366340963,0.001954121982670992,-2.710686490002152
6913.76947879696,0.010024172167962121,-2.799297167684732
6914.302964565208,0.24979126114905517,0.1588910292159893
6918.060192683743,0.9984882651422345,2.737926160427328
6922.431096771401,0.6472001923937328,-3.0310231324716757
6936.08637573843,0.9896734403357249,2.9335528938977724
6953.971819981546,0.9967569498486168,2.592250848867679
6990.153324353984,0.6317249397913047,1.6206432810033444
7071.800523020661,0.17989580632242472,1.1751258637529425
7098.149199244948,0.10901448566419197,-2.925144467018723
7098.148040690064,0.11038167693521082,-2.7884697457715024
7098.145870554716,0.10805732528110999,-2.8503266463647203
7098.14754977535,0.09823935106258115,-2.803894319760685
7098.117031087121,0.0788077003763257,-2.713814858907118
7098.102718653935,0.0821547885987776,-2.6614831835612254
7098.114393247458,0.06120149600213144,-3.009370725090757
7098.06862042824,0.07016954543147753,-3.005588902200224
7098.098328879523,0.08614119530233035,2.9148324314746956
7099.398144953742,0.6713305062503451,1.7037356173406577
7099.219644889663,0.9729731071066275,2.9536061866287433
7100.118006712799,0.00647401131949353,-3.1313984048966255
7107.425425349914,0.9969428800441493,2.7469216903580858
7113.7286612445405,0.9776242960681278,3.0905342710127925
7131.570534776556,0.5728534629186048,0.3799647254476577
7177.96820775018,0.6634380917693367,-0.509960339043956
7273.422271762358,0.057297724992622825,2.4273013209642738
7306.90953452152,0.41867355628383196,0.16736729325063981
7306.918860281302,0.420857902840837,0.21507367936418742
7306.936441624084,0.4250094799114119,0.16608402075945383
7306.980707426153,0.4177067123622042,0.2694728340675976
7307.0615079364115,0.4275543383699132,0.31798161421801385
7307.173892127036,0.43130202315145305,-0.19181397835813963
7307.482482772022,0.46098406465033087,-0.2820918218716151
7308.056331734223,0.42028309621271087,-0.5940325218090958
7309.168184462671,0.26731363329154656,-1.3297680168899486
7309.206983954401,0.0930726657629612,2.659811217064491
7310.304248149506,0.28998071567378847,-2.6856228087703258
7310.915203188905,0.8920616629159779,-3.108578414440318
7314.278162174442,0.6767037150976274,-2.9890549809937124
7326.462905005337,0.513171898242893,-1.537622478976218
7343.287387724182,0.19684511566442298,1.2554327549164483
7397.613291457961,0.5811130458770221,2.1836478816988016
7486.292781612311,0.32251243982362765,-2.1336205783891797
7524.784760605001,0.825966979060547,1.8135181978891604
7524.789540932579,0.8273555896096392,1.7861198979715285
7524.7958451224185,0.8312832011791282,1.970121732855615
7524.801768601279,0.8382582071146636,2.058997594212858
7524.836532255062,0.8512857940433971,2.232337098845809
7524.874022852763,0.8866578113300498,2.257572894125504
7524.896507142125,0.971075239939955,2.444017111440404
7524.776249970805,0.9962795837054624,2.6987482383784434
7524.523017611637,0.9702166760037947,2.5560872208987266
7524.0235848505245,0.9904434269897515,2.769047365770718
7523.079771935604,0.9652579502366422,-3.0467717722240932
7524.374756124847,0.1571459413694739,-2.985051341193831
7527.176998841045,0.9837886860979784,3.068252978952671
7539.468934218627,0.9907094696295984,3.0904850823673504
7556.025405758504,0.9780840481375466,3.0799928058816946
7598.549079252239,0.04877951191987103,2.9347904502195767
7678.796818786533,0.7672330519971232,-2.777868908439157
7709.9550909976515,0.7608160988701721,-2.1789127105393127
7709.953191157826,0.7618191590109326,-2.1572534738208087
7709.962507715775,0.754053073317008,-2.1451170265306776
7709.976841244854,0.752194246911143,-2.0001469010991646
7710.0290575436375,0.7199137134560746,-1.7730197621331087
7710.133501448634,0.6771356625910357,-1.3703642587024487
7710.356472840069,0.5734287238503795,-1.0395671451673092
7710.865713078073,0.451647521523151,-1.3596983637581508
7711.543052032086,0.07344738785942456,-2.411693030035968
7711.31043141596,0.10220701815139352,2.445493870135005
7715.684123134456,0.7062851107129071,0.6583763173573396
7717.526390141206,0.006323734663610627,-2.5431905766573335
7722.632352470051,0.48761061009302353,1.1249881820282948
7733.549984919848,0.0003300270644639024,-2.638447402724931
7752.866998830706,0.5774183940646987,-0.07867763801505712
7784.456033057308,0.641352080917877,1.5149483801837231
7873.287883149114,0.8887688614978101,-3.0720648485977664
7908.74041121717,0.15507598408745638,-2.856599863685764
7908.74294249164,0.15633823978669165,-2.917947541651291
7908.737921678184,0.15277492741848775,-2.87583497814428
7908.74833868174,0.1537613614390829,-2.7465971789989756
7908.774661858973,0.15563033277587843,-2.59310756644894
7908.782771210031,0.14386344372476903,-2.597267003262713
7908.846986793566,0.1615613408725866,-2.826180829874986
7908.832077671427,0.11575503639147916,-2.6793886727810063
7908.694412001965,0.006049735028517126,-2.8271340436633143
7908.313867303931,0.11301194427160466,2.3926500913315323
7910.594870650816,0.9911191834704388,2.718094156711002
7911.8990064546215,0.13221253231501054,-2.8326562839142957
7919.921459930704,0.42779749010692314,-0.43293383444308153
7927.725356470949,0.1973208106775772,1.8995063058783632
7951.882258886435,0.12505333926963363,1.3264670203827098
7996.944591789905,0.6369224910910687,1.9315705493340882
8078.400716278512,0.0049607152166806995,-2.7275031211187395
8108.234847208663,0.887181930507609,-2.6710788933384944
8108.232581661783,0.8792199652571812,-2.6793602614447654
8108.233015480553,0.8766214589295088,-2.742606570801668
8108.238019828864,0.8679196744684597,-2.765813903023722
8108.243683188545,0.8819942177376089,-2.8437184044760264
8108.259395247883,0.905623662181454,-2.676934379346121
8108.298834779683,0.8695869924093141,-2.4114773439951467
8108.5049518898095,0.7163229707983476,-1.268701457346541
8109.523842508007,0.5297572761118124,-0.16670062322226276
8111.754300560539,0.20170795570724642,-0.5143268572075517
8111.899342036166,0.088980557257053,-3.0774913437736426
8113.584676098517,0.7653789959250318,-1.1037459343054712
8122.152561161613,0.08099614890469384,-3.005524090391842
8132.405491780949,0.39428110014851236,-0.7282993965934379
8150.186350093717,0.9866361695753628,2.9456338327299267
8200.372893505642,0.9638319735048123,3.1145280405948528
8285.004860263194,0.48517709663852915,-2.1992948531922405
8320.988855138734,0.2754538284778674,0.27243357713882865
8321.00385219138,0.2772968104550819,0.2304450309850563
8321.013851558137,0.28585031850278636,0.2509382876096753
8321.054438136527,0.28789933008032975,0.243029501534322
8321.11046957268,0.27842731725916975,0.03831290385022168
8321.248103136983,0.27003956611955454,-0.05684629197655955
8321.484660799671,0.24646718243245866,-0.3084677921264243
8321.947588021148,0.1599323159327317,-1.2999603680813674
8322.015955055234,0.003711404450144685,-2.7231828251505097
8321.511700667945,0.06455418762857243,3.0017012838326513
8322.395442052224,0.2836533657527227,3.111820374969211
8322.895251588452,0.9761965642775075,2.8627021594312048
8324.940353806282,0.606156303780954,1.0411589478865082
8334.403087057657,0.029760205746468406,2.5713085706874113
8363.662295905451,0.2751737514109546,0.4819055243547883
8403.506110026383,0.9988373926411472,2.9386204848039554
8482.637593875637,0.24019680345776764,1.8788267869883724
8530.892357903409,0.020879718664373676,3.1177594347316067
8530.882476825735,0.008695133122264396,3.026622625819737
8530.872587542734,0.010673693007693278,-3.1179773095767738
8530.856537218899,0.008025537546827437,-3.1199922184304105
8530.83104978587,0.013318321236942546,-3.0195522946646274
8530.798456099412,0.019241404462572272,-2.8470968533451058
8530.745524877042,0.023572560530096237,-2.9970889389449074
8530.560639000842,0.006834324833226341,-2.8811385763049984
8530.242830388188,0.003214810083868735,3.0482210465986634
8530.8611633429,0.4472653794611807,1.2845450055472654
8531.655324556326,0.9817454820088481,2.9958858382794133
8532.87992218406,0.00964649279986226,-2.639064138229166
8536.737962842823,0.012100461147779828,-2.6264572817723892
8549.65032662314,0.9782434740052142,-3.1135328500970387
8576.194997618935,0.9043014244431118,3.0862932191203063
8619.450834174524,0.9701790301377141,3.00529251594263
8707.737939839184,0.2831686510268398,-1.0667654242392866
8740.974802009607,0.04287174600908677,2.225352081487034
8740.976423188968,0.048459307852835976,2.212806309642529
8740.976732378185,0.06098675188426053,2.1604068726518904
8740.949972090619,0.05245519584963198,2.2042125651910123
8740.963731975113,0.053900909135857294,2.1471304286478343
8740.960976281483,0.09386345741057464,1.7206958619287347
8741.011145068433,0.1370843390486591,0.7734253124317632
8741.43432842047,0.17634228553604614,0.1024942845112049
8742.140984850972,0.05100031046276043,-1.2152758943914914
8741.641372591374,0.021373004697863553,-3.138859103913232
8743.312772628464,0.3998185882138873,0.22688695866594744
8750.669560249715,0.018476869589093843,-2.8114554576133406
8754.885182987617,0.922632383781583,2.9928454735638814
8762.942888774363,0.34601934014479474,-0.9419904427498764
8787.365101240792,0.299332120223548,-1.1910327518982122
8825.966356177965,0.9996746934505307,2.5696973781758494
8898.917833974427,0.01179939512723695,2.911571631261518
8938.534899584636,0.03246752968721381,-2.98317020007701
8938.538380884258,0.031444552464234436,-2.9668070990205613
8938.523129153258,0.02177702737735276,-2.9395399660389017
8938.509438661948,0.029320287814700446,-2.789037201153066
8938.483792951018,0.028454067222662492,-2.832429721958145
8938.458758734387,0.011500321768264668,-2.5429662096121675
8938.395948888836,0.0012423573205019422,-2.584901806291413
8938.21914185707,0.005927925634812932,2.8251271270955947
8938.521117980834,0.22631994647148126,0.6203142370442407
8940.661522911863,0.3701012306376353,0.4169039179606915
8943.957881437578,0.9340071031680065,2.7227299718535773
8947.61560868706,0.8954163967689389,2.497546025335174
8949.950525837894,0.9755405864064627,3.0684616762911787
8952.352370175298,0.16010276062547396,-2.7003980993039822
8974.102413145945,0.8616910781102256,-2.946651267508158
9023.855045694381,0.4160959664908952,-0.746640829795647
9115.675175208136,0.4457119181202164,0.28288907268689734
9157.002221586676,0.983285474314331,3.1141295610325255
9156.996073265604,0.9912714077549638,3.134144344192322
9157.00192646237,0.9840288203081218,3.1294987294176018
9156.999494537898,0.9984831035809092,-3.1184185890457456
9156.970699671445,0.9990767844613719,3.112938402705449
9156.914012203533,0.9932424067400002,-3.101487172789013
9156.879220669825,0.9550167091572739,-2.8978321804611835
9156.875992245221,0.8686432912592545,-2.554471765477727
9157.410805245698,0.6263802684576744,-1.107292168177901
9159.617975093033,0.41301607777968696,-0.6920248113348895
9160.091617223143,0.01923198662188089,-2.9699718785133618
9161.597377747681,0.9913688655095636,-2.8782191602778027
9167.043100813491,0.988092522416103,2.9744829497911276
9180.39569084727,0.004431055679469928,-2.8058189714523905
9203.030212347137,0.45654337005293616,-0.4548572896191132
9249.633383224322,0.1391018653463212,1.9408336811184377
9357.978203827432,0.794591761714659,-2.748903108898624
9391.603540778277,0.0636741480475669,-2.936763825671805
9391.592836722515,0.06014585358995204,-2.964430183532108
9391.60125009633,0.06352297321530805,-3.0281315448607247
9391.596396310952,0.06195053370994177,-3.022401100463943
9391.57966057538,0.05448797815695937,-3.0531391858169297
9391.569873355658,0.03841312563019249,3.0674004807722834
9391.568640449701,0.04693941738407558,3.1311839522886977
9391.535288100828,0.11417480734589096,2.8319473062898046
9391.965065874001,0.270051885476232,0.7157343643150833
9393.857935948423,0.8314337403409695,1.7761919326538056
9393.138975688675,0.975078616278266,2.971127206705132
9391.389592899184,0.996049531478506,2.5464200883932815
9395.764350368498,0.04324921653471012,3.0086766795741138
9405.76229367246,0.41080019189630884,1.3215434559594321
9424.985554502273,0.2617148589874388,-3.113238812506214
9476.387583503734,0.8897727768742869,2.78181914324556
9577.201365549727,0.06895476444292316,-3.128257369032003
9617.810331172239,0.00823744247132893,-2.7265936882856057
9617.805250917932,0.004800815470678238,-2.729865367463485
9617.810066587397,0.011556036076455296,-2.6338177253808404
9617.804526944594,0.00602238917240886,-2.650170716744112
9617.77984836144,0.01873231741352771,-2.5125231514529065
9617.760401175216,0.013171162240782106,-2.825162201423776
9617.698555763925,0.041050462582023196,-2.9275830786435573
9617.548230211707,0.005822473982746982,-2.7255103391874624
9617.403987895805,0.06193776486762456,2.5031170555515914
9619.176179639473,0.6386189823934627,0.7853095085978428
9619.943121348782,0.617407993807385,-0.4564987271473555
9622.7181119177,0.29649558367705786,3.0884459044906807
9628.911251801677,0.3619294934126936,2.8966952127075523
9635.275937164726,0.02069306090832683,-3.0147936211609476
9653.068317092728,0.5819269649205873,-0.7168906646129094
9690.613586499614,0.30241785534896715,2.092439135351725
9786.348661993678,0.3066041077333559,3.006099977732452
9827.736647034335,0.005251838346153826,-2.9959786466963885
9827.737369804849,0.009897237280844384,-2.949042265175981
9827.729756510445,0.008245200175404813,-3.0634603651785826
9827.725260847023,0.00849389945246824,-3.0858960924369754
9827.72265730246,0.00906175744032855,-3.1039519997563008
9827.64557984706,0.016337002540880302,-2.921231922935408
9827.6022738784,0.05252963418011592,2.9992701834601334
9827.531095206652,0.10946986070126909,3.046782872952482
9827.563227585204,0.02159585590481687,-2.7175598964232894
9827.297357321728,0.1660599394771169,1.0283343572035664
9831.662072511364,0.4994801336993442,0.04201944776452704
9833.198616710022,0.611662497132228,-1.1425496246047728
9833.852865148809,0.7948756760939237,1.7102367159731555
9840.557746812745,0.9734828391344896,2.7885061224124073
9856.56531244181,0.011839350633313464,-3.0910641603081745
9913.400950819614,0.6096787309953615,-0.7459571655646178
10008.9070373671,0.6972244621820464,2.3547021240352795
10035.78412284158,0.9049182469607342,3.0830516573971236
10035.787183044498,0.9133863742807949,3.0659570755591403
10035.78670203477,0.9040765868319183,-3.118861948724563
10035.788199110595,0.9085971499769794,-2.9754652730642746
10035.782052248824,0.9268554352575252,-2.9867268791233372
10035.771235786036,0.9346775949866621,-3.0214790012665405
10035.728859064298,0.9587395738325537,-2.639304682096523
10035.801772905386,0.80963823103811,-1.777852157073265
10036.696656091615,0.47731111629039225,-0.8234942311046245
10039.062492475536,0.25626791260326803,0.10008590309349286
10042.48859708193,0.17198625987996574,0.13762648650793974
10049.894226697576,0.5482769930852104,-0.06561148301140474
10052.157134016,0.3126422783882191,1.4019137381633442
10066.577875926965,0.47307315344867645,-0.37068548388080735
10081.808914757,0.5291480580928607,0.27882396888633254
10124.910547852136,0.054288285256468255,-2.8996243020917563
10193.954493599595,0.05843398959653817,-3.1356638531733267
10228.358404439918,0.9363646101233647,2.9874290127129353
10228.358497644507,0.9349388344934974,2.975496902819705
10228.355384865425,0.9299005057558672,2.951079091302737
10228.364179627211,0.9291876478056874,2.9235541210674505
10228.339781312377,0.920138535689871,2.8275416356229375
10228.305351440908,0.972899430707117,2.5704912370245925
10228.229329156782,0.9861151688538549,2.952673734656006
10228.05678802745,0.9542061081480707,-2.7715112763304806
10228.008324857796,0.8753502118870493,-2.9042898770295538
10228.622262028688,0.6673463695219697,-2.468861086913488
10230.584510247569,0.21858957873558932,2.506801108277612
10232.661072815805,0.9564099847457543,3.075351900319278
10238.852503061677,0.3702363360265352,-0.6138082511599166
10239.36292911386,0.005027824734914246,2.7231565399134414
10264.572241272124,0.7905236196411488,-1.6348804980958966
10303.707805901628,0.006187945829907153,-2.764942241941858
10397.915292147582,0.1948781549534963,1.520667680289554
10439.227429395394,0.48469769862296247,-0.27965765405992693
10439.232055671251,0.4803183145994233,-0.26175667538324987
10439.248840851269,0.4684757320290243,-0.14438685953346075
10439.272360151874,0.4617459326633485,-0.18838905987270804
10439.341913547274,0.4429888851319819,-0.1671738913776002
10439.482553212969,0.43481802730089925,-0.14786228361016862
10439.820465881396,0.38690560880245345,-0.2852198850663421
10440.321737925835,0.25428466624118873,-1.0597141547253415
10440.540131137017,0.04441591862250957,-2.6947603663593243
10440.341905951393,0.005749096568706891,-2.8731322455435975
10439.513025996734,0.10704466661991838,1.9034201605881567
10445.253927087708,0.0017128539757773403,-2.7842793008946902
10453.531707034523,0.8680781434972727,1.2170446023869061
10460.76097310064,0.9979679096899485,2.590312049388518
10481.709470548938,0.18778632480052646,-2.107526076036135
10533.078158255003,0.2169887826040716,2.4640163269009028
10629.071777907226,0.3186425978786402,0.5107897747881562
10667.958123645109,0.09088993017383058,-2.9133553044955582
10667.948108393319,0.09424269716280549,-2.890605652882711
10667.955709790898,0.09349444266069107,-2.9070785414630027
10667.949851848232,0.09091996507006872,-2.8236585310048583
10667.94728436542,0.07346767808422565,-2.983619463294128
10667.951109398093,0.06614689287617341,-2.879107783297939
10667.91477097041,0.054194530121366435,2.6227125771602253
10668.05178654497,0.16464917637701262,0.8937317812650312
10669.066604496362,0.37077201477729166,0.9510461450136747
10670.838874615187,0.9255800791202171,2.427051059210056
10671.516407694797,0.6530738707135811,-0.7135076623600671
10675.274847680477,0.6939810307423089,-2.5067695409937896
10678.250654100199,0.9592666983421999,-2.967146799179454
10694.000121225501,0.995098378901195,2.8336072631066713
10713.051576768496,0.9563474847033875,2.927439790478214
10763.935586378622,0.40720914390268675,-0.5001396638696081
10842.298430293871,0.9172961050513889,2.7383697992543237
10881.052825759109,0.12987343219216302,3.035449758380123
10881.060589000997,0.12773816752117573,3.0330427533491946
10881.065121108923,0.1213822155936724,3.0530168781032696
10881.04659089426,0.11502593350007767,3.0047580012703285
10881.04695037432,0.13156653390789932,3.0198622102506825
10881.063441145396,0.13976706770773342,-3.1312402992582133
10881.07058447557,0.1270275418616224,-2.9082918111760065
10881.074031141277,0.12998728889678862,3.138011609080463
10881.24155438756,0.14454050960138992,2.984533952124777
10881.262643376771,0.07003090451618518,2.738224560196999
10883.163034623734,0.9798211764161271,2.6120599384549728
10884.84759817308,0.007914367171995038,-2.888172209468233
10892.908786384487,0.29785328647956594,-0.22694956063999783
10902.62532464787,0.9876102520369948,3.038709391203037
10921.909786034232,0.39790669464555195,0.5120833689749169
10966.172502184883,0.18459766945689773,-1.879596550914134
11045.599000093069,0.04715553213915671,-2.709313881134085
11072.6688636432,0.5318042998726809,0.7113606848584482
11072.670987958816,0.5323481497578999,0.6484057012361539
11072.693794350835,0.543841633480659,0.7269615128359854
11072.722924994348,0.5668466586319689,0.8065380892810876
11072.778877770703,0.5747078711478099,0.7993437101286043
11072.918698029529,0.5924732711208375,1.0925323643594407
11073.20671275053,0.6612461538944855,1.2139355886550511
11073.486646668898,0.8576774827725965,2.3102456456693377
11073.384789848298,0.9809227356523055,-3.068482561361297
11074.024416516893,0.5503825631793196,-0.892846770496547
11074.570959611836,0.12864581599240424,2.037664495897637
11077.520251467266,0.5496114817186701,-2.724154191367227
11084.51222448171,0.34360078553534423,2.767877301514777
11098.153799156702,0.8512020383436995,-1.823483975219188
11136.005676418368,0.48484748215884177,-0.29702123868975105
11182.392081475586,0.9566652568310404,-2.669922600239885
11272.208031293589,0.9633505719263602,3.0784260403418546
11304.165446043704,0.0540810707162334,2.949708341649395
11304.160957443824,0.05917156297466508,3.0215978659852
11304.148990328275,0.048212055347953614,2.9932730745417606
11304.131422442351,0.04578040079671799,3.069453902558217
11304.112376856925,0.03426317501643705,3.009537863353083
11304.080388942179,0.049682698957431944,3.035907848586052
11304.051116077164,0.08179639717555087,2.7198203679279622
11304.046809433528,0.1065398588971638,2.6689666493920523
11304.232482306856,0.2810015675034984,1.7036014126927972
11305.929835839448,0.8501764340077076,1.605605018003386
11305.80884516482,0.6003184817831194,-1.467309186571927
11309.1652707013,0.4497489278959057,0.6443610575091259
11316.131098953583,0.0038946184149956506,-2.6398245109870495
11327.43770787541,0.11127542853581479,-2.9062207023797173
11344.888479957604,0.412327409292054,-0.6379202457223858
11389.766453250882,0.017243303106421224,-2.802824327596599
11471.403866720988,0.9193752199159072,2.9630861431004982
11499.885989933731,0.9859850902526713,3.0870833471089485
11499.873853081779,0.9832855778283233,-3.1068847381376354
11499.873878618386,0.9845164472976126,-3.083912183529632
11499.865228191276,0.9895233041551761,-3.0183046802163283
11499.850445407164,0.966471686509074,-2.814867840453934
11499.83470027205,0.9895488491301443,-2.8770054228095234
11499.739157228598,0.9704069926637626,-2.8204373445989726
11499.623609986045,0.9647698131528556,3.1034603296847383
11499.453385549014,0.976836797047038,2.73762716148373
11498.883338187774,0.959118038453718,3.0110379360348727
11502.135719058248,0.6683981505290529,-0.33971277701152847
11507.752774157147,0.2999219522658512,0.8470475860469842
11512.356523082872,0.6494537778275137,0.75148011533549
11518.23766728308,0.9935400456678142,2.4482952883075866
11537.521731068811,0.0008626363407646928,-2.971539854126867
11584.018663592196,0.00828262864662075,-2.9637930482159596
11664.319485413378,0.46936666860654513,-0.31291215944683426
11705.14242061096,0.6010376434358731,-0.3311057471599632
11705.154424300612,0.5957118750064188,-0.2848753989522823
11705.168728482071,0.597765078492597,-0.2545759366758693
11705.19421782529,0.6104240104356907,-0.4288707748042513
11705.276037339734,0.6126334170654965,-0.4695021789963816
11705.406508457245,0.6116540922044718,-0.47308063169723935
11705.694532940466,0.5731610659973527,-0.15507445179048185
11706.256414187925,0.5732026322924865,-0.23185809445362437
11707.364425922708,0.3785667451103031,-1.119504703559648
11708.384970118343,0.27423088387482336,3.0486581128772468
11710.162876070808,0.19102124619987815,3.0313571404102007
11712.749700597169,0.7636232193571609,-0.11331184578819764
11717.878202086746,0.975828924241522,-3.127574619537951
11722.950986694526,0.15636691019556095,-2.9672649777730395
11735.080632315947,0.25974069997981913,1.7589231377273133
11779.00123509879,0.2901462722770518,-1.8325318637820562
11847.301481489192,0.006564473897446826,-2.726297321941875
11889.659234140376,0.8880503436087164,-2.9090621346356538
11889.65557886718,0.8887991771335757,-2.921364012472129
11889.655708670914,0.8852791130742492,-2.8835751165581867
11889.66037105933,0.8827917172264307,-2.9675609867878827
11889.675918080196,0.8716629085131574,-2.834133284439043
11889.686315286532,0.8840935574912266,-2.9401361996065356
11889.763927345142,0.8488632740710981,-2.905911434951095
11889.896082451703,0.8210582502177851,-3.01569383924697
11890.193801951262,0.7913838171124746,-2.9076768773428947
11891.373955436264,0.2880075568977246,-2.0399707699348752
11893.336671439009,0.5813482809728278,0.6927653401535379
11895.802418664125,0.5065364926864517,2.430174424528291
11906.766345976783,0.9930440872364834,3.042972771320165
11912.159045550628,0.011421836897877962,-2.842101752843344
11934.0743635669,0.4061043092110556,0.78949036922128
11974.125965386718,0.7212688128241953,-0.23167204682757125
12068.759382037706,0.005234400930435401,-3.13820241157247
12094.839632369347,0.47603340318526005,0.08144115262813978
12094.851884607393,0.4785228293326098,0.07363446569045173
12094.861744685964,0.4663056869891117,0.08658350710119489
12094.892871892987,0.46633425877884666,0.014935539999873626
12094.97535945844,0.47112222854385954,-0.018479177816505654
12095.12368690423,0.48881038183368075,0.05142386345316474
12095.428428015472,0.4715879077806531,0.15082399334083352
12096.067512469215,0.4520446799825766,0.2594994797886825
12097.203142080807,0.5372251155831204,0.5739683114672451
12098.707429326376,0.9949152194670761,2.538609110125538
12098.92868555199,0.5081665082508541,-1.1165934861239983
12102.457966060136,0.48671298830772997,-0.9466966783501349
12110.627756447768,0.7599547351822747,0.6505115115436797
12126.69328120241,0.8434327641179807,-1.7302275514207046
12145.17008088249,0.8287461250256608,-1.5763102588109585
12181.535441481836,0.5323285276337955,-2.1433538752255377
12248.880688540175,0.35433563627985526,1.7307530801286681
12280.844981938395,0.024641596908683935,-2.75974849096237
12280.840211635685,0.026537866076783805,-2.770274903622284
12280.837215416963,0.014916545355673662,-2.8158866176909165
12280.824227686831,0.013142809238931942,-2.777424409226873
12280.793556020184,0.0031611617526528055,-2.7080379673218453
12280.742362039678,0.009642894775034737,-2.8260846950225913
12280.665220167988,0.0012813859965341685,-3.129179699336456
12280.543628938076,0.02310794668225228,-3.0715612075653005
12280.455375415215,0.14283141137175673,1.2741235981004664
12282.572973123162,0.3611050614302959,-0.22359922817996658
12284.156330702072,0.37831283643243047,2.527855877984596
12287.03556216208,0.4414499759118384,-0.7816087117383637
12291.906635999427,0.4946710360777395,-0.147586792149061
12300.217629019404,0.8110653248523849,-2.949589822448421
12319.14319165298,0.013923724126143648,-2.6547644602459224
12360.82101549404,0.8608144848906017,-2.0772545096222714
12443.626043519891,0.7231324088944749,-0.21436343124663715
12485.001154480562,0.9950720857164501,2.998470890033089
12485.00384180765,0.9988205576034237,2.957652706757546
12484.994139030407,0.9988205576034237,2.914999505027869
12484.984114885496,0.998074759638413,2.9091584484986557
12484.943556858707,0.994266582215634,2.7926711268434614
12484.890331959827,0.9984862361459864,2.884371645517172
12484.844322224457,0.9845870099509391,2.97650600662444
12484.69278772501,0.9633976755876713,-2.7928053054596775
12484.719234434378,0.8563093293291043,-2.6056237482440094
12485.778273248241,0.3655882381604333,-2.5519928721130567
12487.78596849801,0.5193360798039163,-2.9032632547302164
12491.880948867878,0.5713476666355366,-0.6622229212155357
12503.135195932822,0.4717738631279613,0.0952428618270238
12516.530620504542,0.23934996009120874,-1.506123890131789
12531.152682822936,0.608274235947939,-0.2733217447044156
12569.405592510231,0.7287770385133252,2.8532625400475684
12655.089470415447,0.7931230978812417,1.1912344980039826
12680.789664547678,0.004916502925121625,-2.8270986233952473
12680.795591374039,0.003512346480347652,-2.781736293685505
12680.79056243912,0.001658652742478341,-2.868072945199038
12680.767216909073,0.0008047598432967295,-2.9133670858254663
12680.75779670901,0.0013137721366695099,-2.798238213563479
12680.739932911307,0.00018104552651406082,-2.9304678286663997
12680.670372226048,0.006239220513632842,-2.8551603154545226
12680.553877060296,0.010229899369081454,3.1030477345499365
12680.442436186488,0.09867546769421073,-3.092562164628439
12680.20798600328,0.14212409135580195,1.3183672412872092
12682.672669645532,0.9638602583708226,3.111406625369984
12682.783353520466,0.8063039903712316,-3.083786939829161
12687.92520618269,0.2649625412538184,1.4108412972944953
12699.653193780385,0.9905788596625534,1.9457483472300883
12716.149114754911,0.9905194680471799,2.8105561550689178
12747.82809200323,0.923373928174064,2.7017605283821924
12838.379551022133,0.014455726761040937,-2.9483331004760482
12872.025190126193,0.012955772895613914,-3.0568637223509327
12872.024875487494,0.007342334513005147,-3.022859657864721
12872.019299992142,0.0003474741142501694,-3.119098359521966
12872.004830155553,0.006905425816154526,-3.131790566143339
12871.986049444215,0.012272961872316406,3.0929214799140423
12871.975300313994,0.003426356522116804,3.028470562076473
12871.89640422492,0.07524614456543594,2.811928724362745
12872.018872197055,0.17601490358707275,2.65584889522132
12872.423340003847,0.35814872947543563,2.9390771260387893
12873.4719580427,0.3719344232041802,3.134883394233869
12875.647137166778,0.8364066555282778,2.4416630572343045
12876.327550372167,0.6878409980750064,-0.3669466540184736
12884.18332444222,0.5564474693359526,1.7633014599063879
12894.826249651858,0.2190175663773199,-1.501703765203927
12915.546596459286,0.1628634897825554,-2.6132737692353367
12947.846410976654,0.9712276359075206,-2.907484699617178
13035.466196996276,0.1774697716706587,-2.7701711881043383
13074.463396741703,0.8690422498711597,2.5861561456320006
13074.46912652326,0.8756535804314356,2.6479486789015887
13074.475457205384,0.8824829098047847,2.659806664375475
13074.497542471197,0.9013393399285657,2.6449894322673124
13074.490504584383,0.9069784519433319,2.603687534402221
13074.465803821251,0.8968097264389945,2.6425308822682556
13074.480427738496,0.9368320931936231,2.630177473438147
13074.408282248474,0.9741054154517976,2.5785691563816338
13074.223676966294,0.9106831199335379,-2.5395331612426015
13075.542645769689,0.2553031201289431,-2.3368174383046783
13076.137526281189,0.2403914446766027,0.08291183400667101
13080.41629753813,0.012462651626086242,-2.9048568034055458
13083.29876041066,0.5280834991193187,0.9875090207364305
13097.164182194336,0.10810673885895153,-2.920577894184492
13114.929709597845,0.03199959419318792,-3.094403504876751
13151.153823886325,0.16041777651460204,-3.0285493194950814
13217.435655718407,0.010224396404774681,-3.0172389508012394
13258.101756247586,0.6007205600366499,0.310333887558798
13258.106017067976,0.6076031847597194,0.24957238061469145
13258.118993156273,0.6167567316937773,0.23364599375271222
13258.135875925786,0.6221151519379955,0.1764676904548801
13258.220456464493,0.6349555134646796,-0.043903078646389204
13258.36611060568,0.642769204948076,-0.0002300062510354195
13258.674138137761,0.6206458481231748,-0.24480824991947348
13259.234939979076,0.6086467103375183,-0.02629605271943225
13260.32590666368,0.41490938645012315,-0.6782234895409411
13260.900216243948,0.00390734822401579,2.9579151462408895
13260.178474557379,0.09379401307333536,3.113672211772233
13260.967083886087,0.939852415775613,3.0141128210549724
13266.280158793994,0.3782516844780919,-0.5271941949278434
13272.973715953083,0.8585495557880942,2.8151143043520896
13287.229416416345,0.04914139789612651,-2.8152041983442615
13322.993692734046,0.3448401044059165,1.995409048726943
13398.367161190228,0.49268856535758765,0.5749811510179246
13437.03173095151,0.9778848464058156,-3.0897722787071618
13437.02695392128,0.9753295547360783,-3.0856868611899855
13437.027728083907,0.9791596961251344,-3.1309000518941104
13437.000222030581,0.9835231744844217,3.140729148407315
13437.013215008184,0.9749476965208604,-3.041461756635229
13436.977697835504,0.9877187140671427,-3.082208783396256
13436.917770946062,0.9828890583162799,3.0623020706735096
13436.785791365994,0.9929409035156151,2.6485454417821686
13436.65409562409,0.9896008302354788,2.9745175624133617
13436.067576133662,0.9057273099636635,-2.8595839669562686
13438.715308844825,0.2069915419486942,-2.741255031410132
13439.750600392414,0.36612969926197375,-0.12785098658644056
13445.105068973031,0.33567164436750013,2.325767758291925
13455.639665299024,0.27951435975311595,2.411353616720655
13475.546405162664,0.02584960174422255,3.139697715316758
13527.478462791165,0.8669390758812878,-2.399268259735837
13597.666245142047,0.2547047615464927,-2.356956480877441
13624.223688842012,0.9579327080666727,2.865904571692867
13624.222930494592,0.9626535746485824,2.8909076014593396
13624.224478059614,0.9764623614589775,2.9352692258699573
13624.209532150724,0.9907876010818214,2.9555132299803795
13624.187253639708,0.989906238824425,2.9774927269864104
13624.158724694506,0.9905428856781117,2.861685971955115
13624.13056015032,0.9962106730833904,2.995090236094322
13624.017822039526,0.9685196941044614,-3.0532966500750454
13624.03446745118,0.831352055665618,-1.3223436840092408
13626.170706574323,0.41433375502272907,-1.1394565839872293
13626.386520935173,0.025093540371122935,2.9859834266977714
13634.345244039294,0.2908530934841361,-0.7815771350100764
13639.297423025457,0.8743838367546057,2.604637986046252
13651.958249422149,0.9558917260010374,-3.121589597629535
13677.180683017474,0.9956182568828471,2.8069092136859517
13714.500590923604,0.10502722167063466,2.8263312501289093
13807.91282081668,0.9229312642472871,1.0272584913717289
13845.871421803327,0.9879915052909312,3.1047053456772957
13845.868628729315,0.9914443387340003,3.0839335545388273
13845.858823882076,0.9915010667132886,3.117420378090152
13845.85824765368,0.9894584738782977,-3.048609073797757
13845.819653768282,0.9963022503722877,-3.1070075799440033
13845.799477307091,0.9880990256399629,-3.0253399442843847
13845.719838203235,0.9893093896428844,-2.925139402156829
13845.550102887526,0.9737631396745815,2.8704091989176366
13845.32696997694,0.9187973101803129,-2.889031202951698
13846.486416262844,0.43696366413018267,-1.685012120953191
13846.704456114332,0.035685455343888,3.0932908815518267
13848.244999606224,0.14127370056662558,3.0551023607340113
13850.15336886649,0.9314893591184717,3.0439212665625845
13866.092915887903,0.9063005970094838,2.4754616276376264
13886.838249085005,0.16197210783870217,-2.9380214379608596
13926.679738619941,0.014193435532463421,-3.084529542386218
14002.83720422158,0.9614094641007233,3.0427895579310267
14037.502587689447,0.8125666697908916,-2.909300218703518
14037.507107459276,0.8124752998468315,-2.9447684850717897
14037.508113209306,0.8112348840995505,-2.8977325792739634
14037.505470920054,0.8163174980628835,-2.9823992553349243
14037.529515000322,0.8109334436576916,-2.903033032976223
14037.577611018089,0.8006469058184206,-2.7478549813184
14037.632602901533,0.8307107716084248,3.05963852832026
14037.739363720859,0.8994236134818022,3.0957218743714057
14037.94535716793,0.761510319912789,-2.0973709922451307
14039.152499871267,0.06269703939776301,-2.820842686784756
14038.579085846794,0.06063859313214682,2.8478616984524674
14039.958451554534,0.9983110294358004,2.6162564634264642
14045.574123069095,0.5267390335525075,1.6827096368679033
14056.56220852154,0.992450689996847,2.7526223212610956
14076.845637620421,0.5942421145508742,-1.6704976841990318
14121.806052331278,0.9407245746512306,-2.61844965872162
14220.238077235503,0.8053923744612007,-1.369958511944988
14257.539867561252,0.06776673407961042,-3.028888215062554
14257.540393282781,0.06121423599930336,3.1348600912712
14257.554645123626,0.06138149243222713,3.0668658431679727
14257.551543013076,0.07195318743216651,2.961795212512733
14257.549846620532,0.0749667101847852,3.013189857998424
14257.528263557646,0.07924473938474925,2.986468344689084
14257.508424841348,0.07952620215196286,2.82260350840836
14257.451577684236,0.0616042480731803,3.069178241148479
14257.410856772249,0.10029868128235887,2.4783784482311155
14258.750965118872,0.769900192241583,2.2454877699859495
14260.849618205875,0.5783347547164088,2.934324180576864
14260.643412597306,0.9865858073191084,3.1061140406382357
14266.48149360996,0.0521870399847467,-3.009448585896213
14279.727610242933,0.009706425303781284,-2.58136896958733
14303.995450844688,0.0024655209585484087,-2.7453925346780546
14340.191849915787,0.14201455066611926,1.868678346708557
14426.441323629635,0.41525803789443333,2.4306880731879517
14469.361543164006,0.14145784584611978,-2.6666790704252277
14469.36445738474,0.14269652119253046,-2.6473693409126096
14469.366938757821,0.1488861498840296,-2.672706908801938
14469.377811544417,0.13432381151103082,-2.641234979962231
14469.39181993397,0.11031819287549471,-2.7627021686891746
14469.399193428937,0.10372532660544721,-2.916373758495626
14469.388174877147,0.1550421589179757,-2.897420474832936
14469.445261204404,0.10672032354550802,-2.479462766252484
14469.12419084563,0.011408323419176167,-2.731852975647586
14469.020219565504,0.22372415387365985,2.8441860060699895
14470.215604959234,0.20486225285059445,3.1346300101919287
14473.037090091595,0.8269764499062582,2.2810183936922224
14477.672751177324,0.3171145410455666,-0.5082929502003077
14487.389121009453,0.98916014336273,2.7471097611676054
14504.969637196204,0.041209341339102826,2.829789287209879
14552.934291414364,0.9712395232241126,-3.0361470791263168
14631.981837789363,0.09860820086613396,2.7649627796706913
14672.098034287543,0.26021105754228746,3.079600794477665
14672.106148949471,0.2633649263986478,3.052475370849468
14672.127115664562,0.2668866403608306,3.0766221079350204
14672.144994137467,0.2841090026876676,2.9734162682174663
14672.170771073766,0.2999046555947256,2.979526352192586
14672.21663524709,0.2690074284268827,2.7650154250467684
14672.309139359655,0.2855887315864947,2.3608634566821207
14672.597829299812,0.3990210535375088,1.5778636130389847
14673.28641746145,0.7695696324349539,2.296320244232877
14673.452124034708,0.8877637298004103,-2.144426143525653
14677.680030889294,0.17044308923287574,-0.9021297981258307
14681.589636222161,0.7480675858010817,1.4826326633431872
14686.04269010501,0.46407066961500854,2.303390311711855
14689.07592483817,0.952540410149811,-2.7668601693372477
14708.374190222563,0.3312048936402927,-0.11067370332895488
14752.52610901559,0.4218232180998292,0.4233507425672305
14845.079264784015,0.5181895720420898,0.2957241438093883
14894.370839981164,0.015563437410589999,-3.111828114035906
14894.370718849315,0.010482153310768391,3.122847659092715
14894.373961102798,0.005672082367806494,3.1118083990250787
14894.376588549052,0.006043389831484654,3.1150163347606785
14894.329978638585,0.011325895369529774,3.0856991349627716
14894.297355907402,0.037435773140550146,3.00185277021978
14894.243370225535,0.12261589550739103,-3.0333603656243064
14894.3855987949,0.1220277083544526,2.5571477184299756
14895.144992920597,0.4470763112053914,0.9729624029928701
14896.192762357914,0.8333284051169749,3.141304259439922
14899.514042098339,0.23897804093149488,-1.4368139658349761
14906.069213308941,0.2032932879021048,-1.2167394530250344
14912.6734733282,0.8727533487833035,2.9374801584220958
14926.87397440745,0.468174977331125,-1.0897232172973172
14944.543566671651,0.906560882918719,3.1182620129187537
14988.304059343891,0.9178729260027487,-2.1233355189292986
15083.317859362842,0.46540491282066093,0.2984418491754983
15117.828194985366,0.598486507488147,-0.1461494359264539
15117.832326977797,0.5927471562285609,-0.23909646654837102
15117.852118791428,0.5903050725852375,-0.19259719214352744
15117.87777238684,0.5787147305067489,-0.26509256773230705
15117.975634314398,0.5847051586448996,-0.3055671058525613
15118.156469698917,0.5813962411354257,-0.4097142646769467
15118.455411892646,0.5253293070310675,-0.6133816362308924
15118.996127985387,0.43861527610984563,-1.2673998160532849
15119.882591957537,0.1711867027225982,-1.2924703002212574
15119.76002072852,0.09951877245012462,1.8118976522586347
15123.871169879152,0.5558533354456235,0.41555543488284163
15124.860024113194,0.5010133060495092,-3.0304670989531135
15127.606662143027,0.011778951993512086,-2.4950501405714585
15132.66479668924,0.9220268485264572,-2.837915910412383
15164.411431958493,0.7204713946859529,2.945398026453578
15213.053147432762,0.202967018929558,-2.310988364842818
15307.447952742015,0.2678037653246976,-0.898905201641337
15339.7677743242,0.8222155769102123,2.3487203137193085
15339.776993872483,0.825083863488761,2.285345450346477
15339.782249521515,0.8229120159598253,2.321511100636357
15339.781274298728,0.821834608216903,2.4705688351275814
15339.811772143243,0.837545278271791,2.558754040143736
15339.84426824799,0.8775287885859553,2.6354593206840615
15339.823359957882,0.922042296041275,2.9664127479424156
15339.763239274565,0.9840622952219297,2.783971628937655
15339.521598055919,0.9927843117626588,2.5814580037657784
15339.027775365956,0.9753255138283948,2.7899383723009645
15339.319807338528,0.6300659086967335,-0.4994846330572065
15344.222754553359,0.11082901971133996,-2.535420603762517
15346.20893631331,0.38614360000257325,0.5380228338439732
15361.216055071893,0.6735824567001734,-0.42007365705040245
15379.077245173161,0.7241202328925488,1.439983768994054
15413.641845625285,0.8407605116099592,-3.0799526503234067
15513.992760247684,0.3485218126823331,1.3805494081975054
15548.173598568726,0.4840819257083969,-0.4524011498351941
15548.182110838416,0.49070386106074726,-0.5125471065249694
15548.188819532146,0.4872167042948525,-0.571325748152324
15548.212056440265,0.4659666461303252,-0.7598302450338346
15548.26363406517,0.47051245704461175,-0.7414971193205444
15548.419632074894,0.4501882576755272,-0.38626652817042917
15548.712336023915,0.4110984644161968,-0.45271207307709593
15549.267298707595,0.2902317780700298,-0.9189039276184126
15549.574386510665,0.015028813612330633,-2.435774098409489
15549.171566116109,0.06340394589006441,-3.1034378456154106
15551.84069764454,0.9177083726292831,2.736457054451119
15552.95364664412,0.07689614127222562,-2.78590333224554
15556.95534533044,0.6103239608958921,1.5377514767794187
15574.22428010276,0.5196088800602789,0.23006310338080427
15594.33818548276,0.5884882938239075,-0.6917067627756324
15633.976956263254,0.7144260578515811,1.6021940371539767
15724.361065685709,0.1588822230818579,3.117148789553407
15751.458202898204,0.13473833829372422,1.5619864115746376
15751.462136334265,0.1410795164627336,1.4842908851205703
15751.468305403201,0.13918353107882556,1.492134234076909
15751.48266594034,0.16401853663115845,1.384154251384377
15751.508602728713,0.16124999422617,1.2755932875381202
15751.600510616681,0.1924641728707067,0.7605481739987088
15751.85098006728,0.28243646774202713,0.5755984473543094
15752.364054400561,0.35453166619189996,0.24432210336701798
15753.569492569917,0.4636079492632662,0.1801784729150233
15755.628123058112,0.1740416780993308,-0.9654398797405075
15757.404679696367,0.7324433624422384,2.145372378290187
15760.116895860363,0.3406212390776804,-2.952519107393552
15764.58499096971,0.05850334720819947,-2.7812997861204085
15772.246133122742,0.9712103152994603,2.971569196198706
15792.474117906862,0.6327681069521658,1.2881590634798625
15818.936783249725,0.9988785957775883,3.010481726277436
15888.027476182891,0.9512408158659361,3.089437425391953
15923.164826379701,0.9593967622537583,-2.806963438872408
15923.159233682456,0.9560803578225695,-2.7978805840695724
15923.171777410502,0.9624075332177218,-2.745180719459076
15923.173953938916,0.970323762796719,-2.7711976063441712
15923.137947344603,0.9757140795940804,-2.8683678162393553
15923.117862665244,0.9562477743121296,-2.856711659706935
15923.077855015434,0.9405397619942972,-1.7851642975001016
15923.271635200863,0.7971893706345433,-1.0948234529111014
15924.357041351926,0.6301211823203098,-0.20494276679436663
15926.422888544683,0.3344714162163603,-2.1049896114575786
15927.033720988595,0.12333921218865573,2.941410275018426
15928.458665988492,0.8653599808320674,2.918061620447059
15933.351549104314,0.5600610829800795,-0.4133618789633484
15944.535905321607,0.9979204902960314,3.001134278351617
15962.115930390843,0.1098147067964143,-2.825891083646371
15995.031345935737,0.9684600725621346,2.5905756801309954
16093.56398868114,0.6003461197785119,-0.7652400197071354
16131.559303265705,0.663416315054642,0.9405325799590241
16131.563493971496,0.6655168894731485,0.9038951885530988
16131.573904002822,0.6633238702985041,0.849539059047411
16131.620156086949,0.6696509154475989,0.8327463319649233
16131.64610261531,0.6697263169011684,0.8598797479784306
16131.799702550898,0.7100503862580475,0.9795933977737681
16132.010498901058,0.7696421103316311,1.3133096554918628
16132.207559669801,0.8856383628494383,2.2200698371473813
16132.002792209245,0.9867145352616359,2.629819604762684
16131.43325469264,0.9939930315655882,2.3412519892364596
16130.273380854047,0.9914285386541434,3.076761133621865
16134.037213270547,0.8574498012773875,1.0718875053708805
16137.756554512232,0.31119450419767675,-2.9908715284126672
16152.181027150973,0.07157059415676749,-2.9710592793933523
16174.126052479141,0.01781531459233177,-2.878134836265398
16217.807840014662,0.061406872664824946,2.8327365274964293
16308.295879072377,0.05793000266880327,2.2868978144344982
16342.388761698547,0.8318852183877542,-0.6245170652436611
16342.39160738623,0.834905241129801,-0.6564586956975673
16342.407549077807,0.8397239976285366,-0.558317922417841
16342.429988308144,0.8353109165433018,-0.4490133296405481
16342.489445502077,0.8425700413420404,-0.4352617235900431
16342.611169242298,0.8395710102080883,-0.15623103396579108
16342.846146981094,0.7989946750660154,-0.35814161903653785
16343.36654804303,0.7475344681304987,-0.16861192791768387
16344.413101120608,0.645698236663193,0.005881802036637573
16346.927666928279,0.2766888693671246,-0.7419267867007151
16346.600816018483,0.035508162628722036,-2.7120043752060634
16350.893739714345,0.41466593894102455,-1.6435634897209752
16355.270868914584,0.6222651046670601,0.9301828329833475
16370.2625850004,0.9435884976475313,2.912352965663832
16398.728057951048,0.1186144253310865,-2.9724672752553025
16432.0199007812,0.41819042834062653,-1.033254480644235
16521.549402222794,0.3296165259820666,0.4823320980610619
16555.247514255723,0.9968264664047546,2.479324839963514
16555.251233108018,0.9936541150687145,2.5207809849969207
16555.239995717504,0.9877840013421493,2.5595118416574314
16555.248079700614,0.9990085228954229,2.5268731820770167
16555.237687077602,0.9988118232301538,2.6038502698589667
16555.18068281483,0.9874320969541219,2.7699720551017535
16555.10774648189,0.9990766000594712,2.82042819180918
16555.02168053904,0.9890596181460234,-2.7344079012812244
16555.059481902907,0.8143070593448658,-1.6781307218329706
16557.103481268354,0.6036280648669433,0.32609468350789284
16559.03458905942,0.6663471597280105,-1.1172197140567741
16563.102504203453,0.3950312326133584,-1.5264912612365262
16569.416307682543,0.0023888287900424056,-2.734947886580793
16584.33570252789,0.9921869306224544,2.7050818539839128
16612.772228878788,0.4770241870798837,-1.027703802811173
16636.260328337874,0.040700765349402854,-2.967211791738797
16723.879708073408,0.7487588548901268,2.8380760629678825
16770.2831864242,0.9842357968694763,2.2659502620327183
16770.287087078585,0.991209233535337,2.254746024898788
16770.28625338511,0.9913079971753161,2.3179678197791116
16770.27345834498,0.9921741969462365,2.4316870009150637
16770.27272331951,0.9941135104084635,2.530237393448651
16770.26299384299,0.9940021443741934,2.478371683133452
16770.18360693777,0.9966762291377912,2.7259393915143795
16770.11907378602,0.9762248211539111,-3.072902560568697
16769.90021237883,0.9741677440770511,-2.6902233229568977
16769.51715588187,0.9639269589798952,-2.9435395344369133
16771.50727191071,0.009847104156929328,-2.5200926795763037
16769.839300041687,0.014679570957509495,-3.0323140473927737
16778.179992823814,0.5570749018480098,0.36750664450334636
16788.58131791973,0.9945696829083829,2.7164245857823506
16808.517208967063,0.7209044421079679,-0.7066961985737139
16850.222367257866,0.8543775537529646,2.769473655469872
16918.056144893784,0.1010783948964731,-3.1088922153810987
16943.663556882828,0.9201399616131348,2.8428341011040903
16943.66179008324,0.9205990503197754,2.804309466336484
16943.65676787389,0.9223934836354877,2.7579948771634424
16943.665435554554,0.9375620105404491,2.6505605492823037
16943.666882660465,0.9515546582950087,2.621564803789319
16943.67372178917,0.9780282520004043,2.8553367965380048
16943.603351148155,0.9901479245579423,2.6295225901393486
16943.528181847214,0.999402492817311,2.452442932967358
16943.361199548188,0.9944461065373718,3.0753845076587893
16942.88471314092,0.9947035926899256,2.649269233560675
16942.153144746593,0.7655221559407999,-1.1737771562728265
16946.57710233718,0.8751925411144507,-2.6378638520792075
16949.927156368994,0.7879024526430314,-0.5440381202025919
16964.763085014063,0.1615756083105991,1.940163917063881
16982.002959032685,0.009125054220185093,-2.9818362191480663
17015.739540596504,0.9027014269510191,-2.678340807032679
17084.44675801044,0.14074274646439727,-2.3565438939951115
17127.881773803536,0.08190925376802832,-2.86426937184272
17127.88094135098,0.07964813949269792,-2.8359646640257483
17127.88648390025,0.0734595755951412,-2.7774552626087803
17127.891073706945,0.07522761604346015,-2.7152593922678725
17127.88474765245,0.06674342523374101,-2.663335035180071
17127.910399196888,0.055255997608877755,-2.716996240968833
17127.826423503586,0.032541657571027345,-2.804891155120848
17127.699488449834,0.02355074047692298,2.753225924561203
17127.67629864285,0.10055730452621153,2.7236293106988096
17127.705281870876,0.1389252528473525,1.9570508671383013
17131.09872633501,0.10924917235101081,-2.4881547258114405
17134.193283673078,0.013840538144483057,-2.7660629033631183
17141.013348435303,0.3142832206872015,-0.41276015709224456
17148.98094138482,0.6700332380071721,-0.7978698805899258
17169.372194298463,0.02662946110038089,-2.7219006677093947
17228.93618910761,0.3801168330519508,0.6086991372327994
17307.60272054495,0.5128097747692864,0.5626793760982687
17340.150176611492,0.008729396668795141,-2.87445542053472
17340.15663625381,0.012375131008231425,-2.88384787232523
17340.14827599063,0.008179475717597591,-2.9415081089260693
17340.152634140595,0.03182557585835763,-3.021453620121349
17340.147400394668,0.0360276941488808,3.0255536033211206
17340.1464941703,0.06435217846033024,2.779711908658535
17340.15073204187,0.11246371070046171,2.398195493293901
17340.384824389814,0.2964558407041424,1.3857317472065747
17341.361033207846,0.620501742498642,1.4544208556448517
17341.43107725631,0.9698320702329847,-3.0362497370862753
17341.31511250014,0.8544676725203084,-2.322765101118328
17346.283846986833,0.3017476920118209,0.020103257895768945
17349.930802209743,0.33812714303102376,-0.39841918928664377
17362.31232625886,0.8315290895575999,2.787147984680681
17382.74293550211,0.06048754488112148,2.629667671718586
17416.19609851194,0.5098680884624327,-2.8056215967200235
17511.527799151678,0.7690299091863786,-2.9881575317921896
17554.12102387153,0.9552946823233066,3.0362255379580887
17554.123608067675,0.953411723262227,3.0729815112874883
17554.11331408775,0.9517491646963631,3.031034633566544
17554.083516671744,0.954046693492632,3.137807876257007
17554.07439892299,0.9382344851180039,-2.9581869756546095
17554.10088067287,0.9501736636683755,-2.9452630064620626
17554.066220286786,0.9121546143839012,-2.918126357331927
17554.053023228083,0.8894865534695535,-3.0721607431227986
17554.132787780036,0.7460914390202539,-2.4939353632098946
17555.437066914365,0.2782764535992629,-2.5858863679197253
17555.63075539976,0.009867235617243862,-2.9371320679636224
17553.538384167125,0.002778302462163068,-2.5868490542337588
17556.89243357304,0.32349945073690795,-2.06313650685529
17566.369460459835,0.9517135432834125,2.844298894753786
17577.731334084117,0.30011503348677065,1.601909934123979
17611.038275706815,0.5846723942811786,-1.2625009025596965
17676.19022503677,0.011114106954165008,-3.061626620095639
17708.43434642838,0.7439547243675076,2.354841302810268
17708.43720122855,0.7419417150635206,2.3889607341366563
17708.446077783206,0.7324834004461795,2.3887021611688954
17708.450107387405,0.7431722420993223,2.3067986874335684
17708.476473371655,0.7594085060980827,2.3352978613974003
17708.543449960984,0.7832195563479535,2.5409475194872977
17708.611842236136,0.8200945287985575,2.574589878182138
17708.676630264417,0.8491728596044015,2.6289374755646087
17708.862528694714,0.7480964792495259,-1.543710643428033
17710.882787434613,0.3169669432998071,-1.5845020342129736
17711.59777104537,0.43354358940646864,2.9805238848424676
17712.768634407126,0.9518883315164856,-2.901676934397921
17717.40646536047,0.016594913614872954,-2.402635680210616
17726.92703586915,0.7168105952494551,-1.0688320155131485
17750.668912187473,0.9214933612160074,-3.0242175666898077
17785.35559151633,0.015211338911095282,-3.1344873673700584
17844.476543910896,0.41150963990355366,2.6608864133371206
17874.006597337248,0.4326121341177869,2.0297668285702146
17874.007533514694,0.43188063892667694,1.998690930578304
17874.020111116653,0.43885803348300223,1.9417997516887695
17874.05705195787,0.4490051403157919,1.9073056547248015
17874.11283951547,0.4492215116318516,2.043030778949671
17874.255013025442,0.4794055275966428,1.6484058718116774
17874.46826594598,0.5468168456169543,1.6772129008514671
17874.83478397485,0.6807788561141611,2.1011966909317206
17875.219059468684,0.8370554770567687,2.8794215546524757
17875.206302227194,0.9908851546022392,3.0802589394296387
17877.474612568047,0.19224424761868517,-1.434038128310437
17880.52768880312,0.9864422846568924,2.7206618106277896
17882.374603101824,0.011363316744122862,3.0016243284167743
17894.44473416143,0.10208423670734179,-0.6658901091377016
17908.32940871281,0.5615613589908343,0.43808485157413246
17948.21893736074,0.5998884504170765,-0.5237285495962949
18037.471695755274,0.8846980779299859,3.014063258637254
18071.382919605105,0.4958677765282386,-1.2571123626998961
18071.392263390193,0.484816580774925,-1.3242584179190457
18071.398722418853,0.4892529332524904,-1.3828488247488218
18071.415096819073,0.48831086672244695,-1.3318673564878767
18071.458499183616,0.45773855120259876,-1.4351323211945666
18071.57319030836,0.41237685112315364,-1.5665247786553356
18071.70795559688,0.37413771810391316,-1.6449428129386066
18072.018949496673,0.20884265451186723,-2.0663961573169782
18072.241400784755,0.006687049628917095,-2.7390310559787023
18071.70280100866,0.02985083654763806,-2.815314156768073
18074.168706250948,0.0109383592271845,-1.1621260117526375
18073.366974751254,0.3689709618438252,0.6020530326398981
18081.342367586753,0.4842946151338376,2.153768243840826
18093.623518065608,0.8891946193598622,3.043585370914724
18127.44161497774,0.07088571550674476,-2.639290456597903
18162.634254743996,0.42459742854262283,-3.0982720438679157
18242.868177491102,0.7155920488840932,-0.5634192955902653
18293.762684939036,0.1066528250083682,2.9098747658724218
18293.761243664285,0.10309282179813624,2.905496496748343
18293.76509581582,0.10746507923355013,2.874448878456027
18293.75792737971,0.10524960933022828,2.869258689286844
18293.76660582322,0.1050061212696288,2.869255333579823
18293.780473612187,0.08318671774545658,-3.1179087223574062
18293.781410229618,0.08928326709792118,3.0270152780314774
18293.81873476637,0.10844819368491702,2.820799391195451
18294.2619920608,0.3212209952235865,1.9997840154083821
18295.52692696675,0.7022453242614248,2.906050654503848
18297.67859114377,0.1967972131454221,2.9760619331994125
18300.500294360816,0.8722655773823349,-2.5989009707096566
18305.20306301694,0.07151948770780205,2.64903404534952
18319.07845972917,0.026401252221360368,-2.8248385786981056
18338.33815268298,0.004024983928362291,-2.7601142891298887
18373.80784143456,0.013599399827625152,-2.8264995764535636
18452.102147439335,0.22308282299047238,-1.9191401171533593
18493.409072976552,0.3503750900785227,2.870396439681966
18493.413090910697,0.35330615662382303,2.790741062962221
18493.427848715295,0.3524583809421723,2.7154189440069327
18493.437937874776,0.3583638927471712,2.6871220838906407
18493.459262761327,0.3764029863272984,2.56207984378495
18493.523318996402,0.38951132406270184,2.342003893087022
18493.696789395137,0.44849487505578023,2.270355361081582
18494.012326132422,0.5659341872101199,2.277564741420491
18494.492206661293,0.7582442682108408,2.8744738892983026
18495.55401783906,0.3778354587334741,-1.3928911875046635
18495.559946057536,0.0019526626868372923,2.400731617694939
18500.15843025788,0.05623674975238955,-2.3622848870207016
18510.30896267403,0.08802021316392962,-2.262634903744505
18517.825936118774,0.5863660320153506,1.2008175674852435
18547.110330193445,0.021963148118751143,3.1259211569130567
18590.184876000225,0.9987721680620077,2.66553315620076
18674.979653458788,0.8477929103280194,2.9398247664735306
18721.12900322921,0.7948985951917821,1.8014828693784093
18721.132041655506,0.7959989525675073,1.813349425216189
18721.13999135285,0.7880571197417271,1.85798227396773
18721.163254949835,0.7931083860173723,1.8994614982447535
18721.2065778012,0.8131007210929727,1.988179352462259
18721.243527730712,0.847375947734119,2.3359424573166905
18721.254882297708,0.9210814899327083,2.673734453628521
18721.186790612002,0.9939800987263321,2.646688866534925
18720.962118393465,0.9942109446815248,-2.9720540099644586
18721.8071503456,0.6424193172849616,-0.6113050017649906
18724.597930268126,0.8240050354107158,-1.8696474976428599
18727.768304167304,0.3264499868722817,0.40326555114527984
18733.312301073463,0.7312819066958219,2.715370187445971
18739.61038683891,0.00225951750089432,-2.961957368554646
18759.405310347945,0.3864402511394709,-0.45956240827624617
18790.533308355254,0.03943536523168246,-3.1367075542324603
18868.981114838858,0.40409613040844333,0.5666225314891475
18912.81959163105,0.0021882180930907526,-2.773923158076986
18912.816967574705,0.0021882180930907526,-2.773900973095836
18912.816073927977,0.003941014962309382,-2.774145830762217
18912.823157103245,0.0011737892669549466,-2.8167088252464363
18912.814102337183,0.0011103702544463172,-2.9006742723309946
18912.797584098942,0.0040159969084973615,-2.8191271407992
18912.73968327532,0.0009851740759518465,-2.772429059084926
18912.593507872294,0.03870824139480703,3.0025873347485366
18912.327196960625,0.054683828993559405,2.6912822454238636
18912.641448098566,0.28441391885252904,1.0926970023420424
18916.970200658197,0.7911066287366265,0.7045017783041638
18919.455075739937,0.054006343569216055,2.4125023079033623
18928.842836082757,0.413112075707282,0.5921355618221624
18938.705689009166,0.9804685146048548,3.1230235613107347
18959.786692132016,0.8212255239180848,-2.550499695923111
19008.395152890473,0.9924138196410538,2.7523742833261444
19103.014369692217,0.8751461388244645,-1.2793145823048713
19140.05583822157,0.002238637091440221,-2.5014579350882946
19140.049362887465,0.008404545010440207,-2.4928216462372133
19140.04820710918,0.005636209357606834,-2.444408765614391
19140.041822167146,0.0006675189430311495,-2.524331797822343
19140.031805003964,0.00458832359865554,-2.4133695204488377
19140.008858944188,0.008105435305134252,-2.8202369616227765
19139.95053786089,0.0021902089383054194,-2.942200908709952
19139.782765245327,0.025565541513470787,3.1311542488025754
19139.912054219065,0.18025574644971748,2.160894389809661
19141.578371743362,0.84281235295701,2.5224595214515837
19141.42438681875,0.7951783319015069,-0.4083254807812433
19145.041135662188,0.9967696774698489,2.920834359121562
19149.44216601381,0.4561985597225812,0.3601051056389082
19160.878706502277,0.012300925770698025,-2.836946179337007
19180.177336328878,0.4722494121082625,-0.1079658223445974
19219.986207064532,0.0360972578275659,3.056986642505386
19318.667697145076,0.05054822860610686,-2.9229639603480817
19354.39294557557,0.8590387451898539,3.0409520200645233
19354.388140631152,0.8544733091457858,3.038664016055269
19354.38762006082,0.8631229019970559,3.016911784082005
19354.37397069046,0.8682983114743908,3.0069571921670715
19354.39196712793,0.846181868206855,3.062340407486902
19354.3983468457,0.8388092161419126,-3.1395881038181646
19354.442167807323,0.8409432613312465,2.580090079962071
19354.4607801197,0.9164670740722742,2.7114079180366017
19354.397011551504,0.9467055993283999,2.9200839152191937
19354.82128151355,0.711315099097181,-2.7798941389691305
19356.23970934809,0.02661286728236027,-2.7405557325510204
19354.577434213537,0.011807874956309286,-2.839536678309389
19358.357930498758,0.2626576521123837,-0.6297871961213892
19367.34511671702,0.9206913626287457,-2.6711032849578866
19383.880285706306,0.515661495730624,1.2864018233429615
19414.711660457873,0.9978463144424378,2.625869866180442
19505.93052346438,0.08710860569982938,-2.423047353922908
19540.44291339209,0.028084811621397733,-2.6191238715781164
19540.443603570806,0.02712965039854459,-2.5891173889321837
19540.435474667924,0.0325599123217506,-2.594083695655893
19540.41510177296,0.026113744578416264,-2.6647838870153184
19540.42167117917,0.001174886316215349,-2.6597442010339956
19540.417801429652,0.002345944251409798,-2.6486457396673044
19540.291424929255,0.013901111825689118,-3.0997727063218936
19540.128087086676,0.002852033934544255,3.0369654975584544
19539.858605969835,0.029675955761884684,2.8095646324565298
19541.041028508665,0.5656642652077251,1.0127613052478264
19541.037986504118,0.8703856856024182,-2.364789037013163
19542.05110012152,0.06150408029635111,2.0611155891540918
19546.02174882012,0.994036616704361,2.702927385690095
19559.690618626584,0.8428659160807324,1.7479451974176499
19579.128623721488,0.002461320443935411,-2.909236742409687
19612.985223997533,0.98621363414307,3.041422523381984
19689.314560477662,0.5222204765448178,0.1630658481370748
19717.4482571227,0.3102360607257804,0.2652208626282144
19717.455015354306,0.31061185498362004,0.2564696541770459
19717.46685503706,0.30889252027804254,0.14902889206199932
19717.513930844685,0.3131850243002239,-0.019386836073150615
19717.56910309673,0.31360559953693623,-0.10702547294028175
19717.697097757078,0.31288662820301505,0.024293781356604427
19717.989356289483,0.30049511613441837,0.42580541481682577
19718.55974209538,0.367218656010385,0.17054466611121732
19719.75231729396,0.37879920121696803,-0.19616095679935652
19720.438523093442,0.01761976663524712,-2.7460115106888447
19721.740131292954,0.41093145545299736,0.7093897669207312
19726.823290459175,0.2563213113351286,-2.242731404902669
19733.92367437318,0.914630919678836,-2.7998589342660787
19746.166971668077,0.8084341819420221,-2.9329827081993187
19772.354976150666,0.7494786133241677,1.2835966221271145
19804.5141088037,0.9793843463538233,-3.0592641740748237
19890.205948263843,0.9349991637413515,-2.872460057416697
19922.941111290555,0.43936430353201295,-1.2350149038527067
19922.940565563058,0.4353765043888426,-1.1758645721974794
19922.954158643006,0.435158428762126,-1.125959818768414
19922.97695889417,0.4307743267936541,-1.2885104858142944
19923.023824766125,0.39829391184293217,-1.3939686495029127
19923.097153209415,0.37634080915006835,-1.3682623650026602
19923.27088697431,0.29230859036687745,-1.4668521486032138
19923.58466324367,0.16704149727171963,-2.365705309907712
19923.594454455804,0.02604606893490066,-2.7749070533162765
19923.359808794896,0.1023492109485496,2.7743105397197816
19925.333632931623,0.9243437877617523,2.76457463762325
19926.630376690904,0.2395950999988156,1.3942961605353705
19933.606939174508,0.9268410452435502,-2.608561713497514
19945.187533509885,0.3918621543077504,2.0019785557297505
19964.34599619691,0.509809498324612,-1.7311921942214743
19998.91272967898,0.9652133836323109,2.9346047486867866
20069.21979602342,0.028265620277872616,-2.997638028773935
20101.767254040013,0.026262997243108946,-2.5039393106035286
20101.763541953824,0.0215869554717627,-2.5292700296848767
20101.763822479345,0.01970721862126746,-2.568889656695927
20101.758329550274,0.01220578923719869,-2.5722116737103486
20101.738356215887,0.018622932059155668,-2.7884739790438573
20101.71631584202,0.005998400868817881,-2.72368959452384
20101.680680507838,0.04531567061911412,-3.09735891070935
20101.658941089143,0.09469035735265247,2.841286414555081
20102.057719370863,0.3366777153005368,1.232958591123091
20103.83609741703,0.8975349663748611,2.419571857872575
20106.161749860432,0.45803198344334867,-0.14214694873962985
20110.78788018708,0.18862706131382753,1.0237994624393885
20115.487314910875,0.256715362078167,-2.638993591969471
20127.38614120395,0.9817251790265279,2.9431871862091503
20145.117497207124,0.4942811839326735,1.0339657388029035
20185.2157856435,0.0302198431238518,3.091690664935024
20256.00484538935,0.10601539505158047,2.0645079695477655
20289.811264172404,0.033179629293909656,-2.7004400251026484
20289.8108754478,0.03226220524213796,-2.7620232117726307
20289.803026459682,0.017444245714702027,-2.833970015978025
20289.79703197433,0.030478879390763904,-2.8582121863163388
20289.785205211672,0.04578445014702407,-2.77378824823908
20289.7626795128,0.018409158686186648,-2.81013843622294
20289.675658743792,0.004450260362354221,-2.971148644456681
20289.583502185877,0.00755673837056778,3.0342764943791805
20289.403222462945,0.024973394370531164,-3.1029160817822965
20290.072319488547,0.28811362919629946,0.17800136683894863
20292.94693920289,0.9938677116753046,3.095116008263826
20294.9481188598,0.09434407298733177,-2.7340042999917062
20300.382834691252,0.7617624348430301,2.1040126968349018
20312.48624179041,0.6455358016399855,-0.30486453213226206
20332.453322015128,0.9784723341701527,2.501292441698677
20369.987865421415,0.4283173091198834,-0.8785979859911426
20440.034158941584,0.2795522374515094,0.6110887682288393
20483.16786361295,0.8876305419595634,-3.1120650675907227
20483.172274870907,0.878159698810463,3.128524159593873
20483.17630854637,0.8670508441536349,3.0673906981423436
20483.167921429165,0.8712135938606929,2.9943477408723824
20483.150822808406,0.8727323681566462,2.8461486856767504
20483.14205016538,0.878107115776049,2.7328593981186167
20483.15333309813,0.9007188172351811,-2.954443807831256
20483.183363537864,0.8232417212884335,-1.9213741540251599
20484.106253274334,0.5768391625315962,-0.17163296634297875
20485.499821987316,0.9520688971461748,2.50947294529602
20485.04648698426,0.7066262015899761,-2.258774157722613
20487.915364964745,0.8029794378364985,-3.0050655532560584
20487.30856629964,0.005156655930833439,-2.8726393387355773
20495.082084175512,0.9593904070623451,3.068416636167351
20515.88903523602,0.9890465759048112,2.617208172717346
20550.68796348093,0.9666701729415019,3.0685087625303975
20636.742240754636,0.19769958442512228,1.7769821640028542
20671.388409722764,0.9861532580299677,2.617229598658067
20671.393873839563,0.9838466885695001,2.6627578984811837
20671.399682743224,0.9874105821802732,2.6545908183297264
20671.389817663923,0.9988646259256003,2.7051450976187184
20671.3878753593,0.9965757472211598,2.789962313746802
20671.36011938157,0.9994514337388799,2.7070166014035424
20671.294992759424,0.9782670623840198,3.0456853597885516
20671.174003267417,0.9789542102984096,3.0243004861362515
20671.094286787207,0.8026386288460219,-2.423300529252774
20672.664941203235,0.2515476917900718,-1.1630621946642852
20674.404263690005,0.3368261817353715,0.14504884335977586
20679.683190301344,0.27139248205811256,-1.3319125905313114
20685.092205210312,0.9421475763576722,2.7692429966130714
20694.77831242303,0.1599444473879878,-2.7533284255546477
20717.164008666867,0.9544685962943447,-2.7568907951925663
20749.461214606516,0.9880254545919009,2.909543677875707
20837.356076645123,0.04856694806422318,2.31088006739631
20869.84411374061,0.9864949200011992,2.5701391408523104
20869.840883927507,0.9863505994225212,2.6163185334351393
20869.841517297275,0.9882608152385798,2.5870666546476997
20869.846174287984,0.9937676879723782,2.6362361125326412
20869.81697584372,0.9996965609791664,2.889335678018261
20869.76970623158,0.9857867876806016,2.723528565754531
20869.710335725402,0.9887356621046606,2.679514809162658
20869.61354012663,0.9966510267497798,2.7837924141342327
20869.34375774248,0.9510172416120012,2.8249096638896685
20868.86217440854,0.9739833504551006,2.899362599358973
20869.33412481528,0.6629467161108817,-0.3559996431268684
20871.203584399656,0.9893031024192449,2.9010244470499504
20871.057064298933,0.29469535690065324,0.4502302511009142
20877.8214042015,0.7176972059400026,-0.03338000130426799
20907.351799465654,0.17385608510132539,-2.2750082382514405
20961.046634770508,0.25238619884317515,3.0808903841727844
21043.265975500555,0.01312188366054674,-2.8076210344961905
21084.40492426333,0.08504493918438649,2.2378075587507062
21084.400803271215,0.07995170006687342,2.1932163647995884
21084.40432865115,0.08045614308032792,2.1338339135449758
21084.408391820165,0.09397358135415233,2.1059123711113186
21084.425561991367,0.0988800847530622,1.9361293334084255
21084.460606398403,0.1473297147999983,1.8924365951184798
21084.60124403544,0.2473630295262201,1.3396508399361942
21085.085428169048,0.4293126582012289,0.8622813923133261
21086.256105403947,0.6015841581920859,0.6664589800671208
21087.137497955475,0.9769440954036825,2.7064204405882517
21089.836141413514,0.060206623034615686,-2.594382895300105
21094.215916257173,0.20088873529481663,0.8929464137634566
21099.431177032693,0.3174030342624129,-2.2671898813262703
21109.25425579278,0.9856099862149454,2.720742802470644
21131.729010156672,0.6608027216448474,1.557839770265291
21166.148851032685,0.9613825810200985,2.795379463659339
21234.605398271076,0.47086011901214747,1.3888771937186153
21276.4204122571,0.6851531457391146,-0.7461570806270652
21276.429375583517,0.688309941567458,-0.7688697730611231
21276.438285620625,0.6888974514420594,-0.7013739561295971
21276.46414156948,0.6880352289661599,-0.8178051671010227
21276.512634780574,0.6763615333808339,-0.7490960518176073
21276.63356847814,0.6536855051194914,-0.4699649211151362
21276.937271723804,0.6256309838125114,-0.35400381624737376
21277.55090212019,0.5686821924511533,-0.46654301484937566
21278.630501589934,0.29998588909079166,-0.9687597118614351
21278.77690609222,0.00687083661933688,-2.521097040449646
21277.78999126713,0.023248535049344824,-2.8802848577202482
21278.49640055206,0.8418662367628493,2.6726448003611916
21280.135561023937,0.9941737757240411,2.7345606519435854
21283.19714955576,0.059402377338888326,2.610736054365084
21311.014602915053,0.273508024612255,-0.42444783353022997
21344.592674831692,0.8088678695646518,-2.345092438380642
21437.599531621567,0.0006109815694313655,-2.7293571334317046
21471.54095912941,0.9882140640752958,3.076629896636703
21471.544908565833,0.9897701371685824,3.0999460490146085
21471.542345557285,0.9985998637985639,3.104637081736369
21471.52332605074,0.9952819856513986,3.0097015263077154
21471.51377748305,0.9955835511961735,-3.1324024990573407
21471.480870544216,0.9873111411041292,-2.995516627709883
21471.437605045317,0.9643969894455079,-3.055850047584088
21471.37817751139,0.973006592022765,-2.918123817975198
21471.384203113084,0.8556438107183176,-2.198515094601807
21473.317040131078,0.29492450826862876,-0.692485904718918
21473.44839678227,0.20678954134706953,2.4423901181287757
21476.76482465069,0.5072368463321235,-0.015463019808880318
21483.526974330685,0.006587160009605678,-3.0644377711497675
21491.76947363404,0.45112308149450153,1.31907390735444
21511.334482659764,0.23500848023021748,2.2356610244637496
21553.925583064494,0.04935101685997752,3.1186692765813344
21618.878232525196,0.5808999490356436,-0.6919762095388657
21656.267984412807,0.37307971819933,1.9605144026426924
21656.26854514607,0.3792247466525422,2.079602756108814
21656.286917049307,0.3731747120629168,2.0798393818443834
21656.31798911056,0.38042250565247476,2.10641507087516
21656.34508573666,0.3933340430225521,2.0806043335647875
21656.43840737471,0.4523931327244653,1.7657915728861306
21656.63945292463,0.5371719001033387,1.9038752383597295
21657.004733412334,0.651475971739741,2.341579884948982
21657.42098318751,0.7935031185461358,2.9898517219092797
21658.113679356913,0.7938613381448947,2.860389762438656
21659.710735243094,0.3486500940841763,-0.8187285471116912
21663.994032105275,0.9781787200510066,2.738441872130476
21667.771220117076,0.09562628220755041,-2.752598476191784
21689.465976999607,0.4566847203426311,-0.5949143243185726
21708.527826955436,0.2776777007792872,-2.273581691835337
21765.560645953778,0.5664470046208112,-3.0258640765991958
21834.847363256726,0.8369183360346553,2.122085246825148
21852.071957101492,0.9523075261223122,-2.9018936524397336
21852.06813781214,0.9576634488740847,-2.861711309541702
21852.064417746802,0.9592691192872738,-2.9853556724262895
21852.06151955011,0.9611111741661659,-3.040940557656449
21852.040559525813,0.9417069254275995,-2.9569945076264443
21852.02059838191,0.9454245282491982,3.070672072110858
21851.973885271665,0.9595419934682327,3.0495847880261193
21851.81779408097,0.9681540592512529,-2.6531866879880432
21852.369905943087,0.7197995751422791,-1.0003309478447533
21854.234735168928,0.18226822156307732,-2.3280513660827538
21856.055691061018,0.6081324197338971,3.053549955702021
21858.487675341843,0.00708294917987293,-2.9563368515553408
21860.95603539966,0.14159981601476426,-2.5689736721297227
21871.876145865637,0.9934917294415683,2.8591264510917886
21893.563433485146,0.9986881750309025,2.762377115914382
21928.391513601277,0.7080703323965256,2.1151820824744574
22029.14119912475,0.9928449723372611,2.8345584064682274
22079.260476697826,0.32236792620017857,1.1833310593703201
22079.267143433444,0.32683113049213003,1.1714865742079326
22079.271295305425,0.32773293165123846,1.1064439967728514
22079.296738744044,0.33115600752544605,1.076967343179815
22079.373465981338,0.3562224381926159,1.1589891860879362
22079.50200063928,0.4042993629029691,1.1853342568831122
22079.770498333753,0.49445364592066715,1.092166073486366
22080.166798631082,0.7587625126239672,1.7227189127648304
22080.334549641328,0.9687356621200981,2.635114894845106
22079.770915193192,0.9711710988796026,2.930081482336881
22078.777744522584,0.9924951454292983,2.586262508953613
22080.07476449407,0.24927116302904298,-0.7683904812153237
22083.05622087619,0.6155945249273711,-1.0787621637913882
22095.816182381244,0.8182494713770709,-1.032460922347795
22118.513061805854,0.8996958186629878,-1.7248063554545603
22154.659848082527,0.985720306746632,-3.1037896667313594
22230.692993182314,0.40598362413480227,3.0114088731390565
22267.40356593862,0.04487574404624277,3.074721618522318
22267.41043359746,0.046106798298789727,3.0068314359195627
22267.40395229583,0.053821594564720895,3.0137068860793725
22267.39430004211,0.04950377538756578,2.94198305720583
22267.377988868615,0.05566717275365429,3.0673313911831084
22267.32875760704,0.012692428206990283,-3.1216110945921214
22267.300437568603,0.004286404286633759,-2.740963069264146
22267.18746043005,0.0757298771308241,2.3209741363785206
22268.044308367513,0.32035499445431553,0.24474336871415492
22270.31156815262,0.3979990788460121,-0.08946220155021356
22273.237304474405,0.9458575757515113,-2.680085525525987
22276.08761996103,0.23227180974443404,0.7064724498294344
22282.459934567043,0.11817405539366174,1.7871840526876683
22289.98273030366,0.940552321719505,-2.9573453293695184
22311.35817082201,0.9542063996321257,2.784679876254069
22359.95809901781,0.865348704737422,0.6020226430051046
22431.146021430788,0.9769697246770706,2.602755471681564
22471.74444664126,0.22140254752912178,-3.065961407244041
22471.74511350455,0.22021388917125756,-3.0408428144527377
22471.74222851798,0.2186383325960606,3.1234278251644856
22471.762126428537,0.23071903258835433,3.025065840461366
22471.759864651805,0.2240626440396081,2.958331704090572
22471.80300452711,0.2067017256586682,-3.0491577309562925
22471.861012355766,0.18359298148205902,-2.851252234270854
22471.963293245102,0.19201189104058763,2.9257128641586982
22472.164717358148,0.08310483690226161,-2.3731972851882244
22471.84169440281,0.03353893094622779,2.8939542759074577
22474.080987600744,0.9921704412555534,2.5607755582494693
22476.129957715682,0.14023565846599528,-2.8145081062941766
22478.348445035415,0.6603129598517106,-0.283337876264087
22489.532064467134,0.9442853506891524,-2.8853463705993962
22512.88937997415,0.1853091402466695,2.9912961590195373
22556.780317769193,0.8564001725715088,2.7577504669897923
22647.05380058868,0.03108284387064119,2.9450843423294044
22693.65816320965,0.017176693966701084,-3.056372925153213
22693.64737247866,0.01087521864363902,-3.1303143224608987
22693.62574124856,0.017292478498906593,-3.127737477169833
22693.607666730597,0.01241933917363313,3.1142962302565946
22693.58104452599,0.0068066396883365455,-3.0918148808749355
22693.580273451007,0.03851186552974434,2.9040276734456256
22693.52651351037,0.06815056552146573,2.7231699736550947
22693.621410093485,0.17336112952007293,1.7014657960300026
22694.556926335197,0.4564046295183868,0.3868751777898658
22696.876118159234,0.2775252264423024,-1.0959433504233473
22697.10232474544,0.21088032625989014,1.9008454760206295
22700.683109666123,0.06979697026771947,3.075651191771663
22708.807187717877,0.0026866503224008357,-2.43783584999652
22716.27776269804,0.9396805619169101,-2.596537993670568
22741.12818694059,0.345322131869274,-2.387768220347102
22770.399097471724,0.2913960603189777,-2.218607957915862
22842.119931169353,0.9801625926635497,2.6797870583190777
22877.559714342406,0.491501595303228,-0.7947139094314988
22877.569935010495,0.4883035362414768,-0.7573434097752334
22877.586072009857,0.4781053729525662,-0.7899944533719245
22877.628473938054,0.46052997598253714,-0.8783716335231273
22877.6732610051,0.4435106475646129,-0.8722077522327973
22877.82308529508,0.4132510967287569,-0.734472301977573
22878.089610343766,0.3431073807203282,-0.7783596410039091
22878.524563238145,0.2438976695919949,-0.6416507773784068
22879.2870539294,0.021565093254788496,-1.9057115208962225
22878.77572526325,0.10485474049023064,2.8547746792100765
22882.335933594655,0.6692381194174769,0.06849696337056388
22886.853441302002,0.32851585300779124,1.1317761879860635
22892.38586172859,0.7231547122960559,-1.8521331505434004
22900.342095252876,0.26457780146008303,-0.684406750852876
22927.19887362025,0.4671813488869828,-0.9483364711814568
22972.063009228386,0.006596771179021009,-3.0446963156571787
23053.159755038647,0.2685542727509456,1.6042280365822643
23098.257449340716,0.18918839284740543,0.19388601025727903
23098.263600029342,0.18732383673715336,0.21710528277235985
23098.28895269764,0.18827206763814403,0.2687472574957779
23098.30319366218,0.1920544837963859,0.1739505034381792
23098.36615248159,0.22961931172098649,0.07686216731359652
23098.484453579127,0.257173075077865,0.03660009039762668
23098.715498151367,0.2562349018677698,-0.1334209577781258
23099.189123434404,0.18189310501805142,-1.621514172295035
23099.070213224924,0.00582313743716745,-2.649652373320276
23098.968960602047,0.13014970593858644,1.050297132200047
23101.622399319218,0.013595244957971733,2.9775705220428836
23102.47606395492,0.9878183503730078,3.121141382094721
23107.755896429448,0.30022988395720523,2.945315506223878
23118.564311883387,0.9924962573965437,3.08761237564703
23143.399238934737,0.03926245069611659,-2.844224653848433
23191.768943460633,0.9998256774943471,2.7195742407977317
23276.322511303275,0.9947853607583819,2.8490291500405487
23311.275279537615,0.22391965014191728,2.0440296799951145
23311.28012787599,0.233975740063725,2.0079867997970364
23311.28364320124,0.2238647494497528,1.9048259587529
23311.285813159906,0.22443704398024947,1.8594091797000427
23311.34142439112,0.23811884707197647,1.7177635099916904
23311.415710879883,0.2517255630819289,1.4507423812662443
23311.56651276056,0.3615228149015281,1.4619925865104122
23312.064261478903,0.46511009334903314,0.7865927332408544
23313.242400286617,0.5845773394441294,0.17266958580381164
23314.564061110123,0.9949226066281631,2.5401182318756153
23313.527031323993,0.9797986983298895,2.886360709367544
23314.36632621767,0.1423173917529559,1.8380366257263265
23320.630833793854,0.6834834945385662,-2.8658608203632863
23331.632392132615,0.8585487334531232,2.83679613342054
23352.917340548087,0.90615161017313,2.7535470819555705
23396.879717930806,0.9119663475852406,-2.1241589428617456
23495.922067064104,0.41403043604342166,-0.8937850052107161
23538.14638538878,0.36289285726852616,0.625107499092568
23538.157292637094,0.3721708968365801,0.6015269179565399
23538.17299737686,0.3839506517697944,0.6707570482737468
23538.203856627068,0.3808234289343751,0.49504699585144296
23538.30055288698,0.40354020823055053,0.31945211978553356
23538.427600931172,0.39741171225573496,0.1622948927104777
23538.72311522372,0.407321163957923,0.26916472875012465
23539.342149942375,0.4897500589836051,0.026333336817277786
23540.36378017027,0.29351879611942006,-2.3019247621202137
23540.52071181736,0.07441400919025883,-2.9815580283206935
23541.691738606813,0.647502418562008,1.7073351271417598
23547.808575697505,0.5252345590161673,-0.16556714443089815
23552.376935816435,0.9928104911164596,2.591748572429905
23557.407741425337,0.9399797618512269,2.9797207984827345
23572.169151553626,0.02198580501392446,-3.0369674614000486
23605.453458393506,0.07475633072582571,-2.479230136735857
23698.673030060858,0.4951183795142733,-3.0484570854762185
23739.48303421256,0.0026996659643117498,-2.8843215413022616
23739.478597064015,0.004221576803593051,-2.8716371849820717
23739.468430211684,0.0013585381733387711,-2.871626054054151
23739.466277629585,0.0015353649272031207,-2.81133556971771
23739.46046668389,0.020625960595058942,3.123033916026152
23739.42745746985,0.025508920635024693,-3.1034973762226845
23739.365855255368,0.002422018017679387,-2.848647502209841
23739.19180802201,0.0074144363691126735,-2.8864306948097203
23738.914614118596,0.04411854943762887,2.8736160061610505
23738.973062651567,0.21065689556499376,2.3160535566388827
23739.850387928524,0.9460133486678376,2.680962184019398
23742.719058070008,0.4304172686571854,0.5983912128094016
23747.28227995195,0.9794650028391008,-3.125759788769044
23761.69506387104,0.012297822607700262,-2.694050313015692
23777.858906688674,0.990491385634568,2.664621886792646
23832.020740340093,0.9754299680666396,2.81276289793162
23913.09182812847,0.9246626218664308,2.783480807273385
23933.716843066297,0.5257559083440959,-1.6853786236154957
23933.73425052494,0.5210604639641185,-1.6163276961902902
23933.74395135717,0.5234357141331011,-1.6831915805781332
23933.77216497557,0.5225782424970175,-1.6197174653376871
23933.844634580364,0.5095061430969713,-1.3335382811096324
23933.97048775486,0.45990066830626936,-1.1967972407872705
23934.210107989653,0.43719609888816013,-1.183749925703652
23934.713912297764,0.3097988223836715,-0.828332324380697
23935.249022589513,0.13711091052316782,-2.646349622312566
23935.145127248525,0.002548376973908732,-2.8078784719224714
23935.07004913947,0.2328419127898102,1.2633669070773852
23939.48396815708,0.19667890249128614,-1.2375042919449493
23944.149216211827,0.029966261140994727,2.7366757603166736
23955.222050932556,0.10132732805837547,-2.932479867393142
23975.474503036075,0.19765310793721733,-3.0977829523738647
24025.188824225163,0.03028828803050647,2.237886297749622
24090.720708994682,0.36316448499888204,0.25511493303912847
24128.92100028217,0.7733055213017419,-2.0749887645689142
24128.924887974616,0.774377773355785,-2.0926675106635453
24128.93033908468,0.7696034939991248,-2.0592456061387634
24128.961169959945,0.7678029486542532,-1.9441673407696594
24129.00322685775,0.7542566017509088,-1.7800556933772351
24129.099792980178,0.7019847442074992,-1.4082409029354241
24129.358417035,0.6505517068715314,-0.9824650432068207
24129.870256113234,0.5243720582823038,-0.9296164256528332
24130.938640135773,0.34715715272004904,-0.5503864821739679
24132.392527407406,0.009013451025303473,-2.358538312417904
24132.479252822606,0.3726440145771316,1.4891685269168518
24138.310084170866,0.8564055083665604,-0.45160142815614357
24144.237946763362,0.9942868933019389,-2.9094893898559633
24160.704896802927,0.5776675779308672,1.8653792779508356
24178.484823852097,0.3317891976025048,2.418731015909775
24215.16072536507,0.04615204911716248,-3.0732133712308385
24292.88937448745,0.586322876161564,-1.9350303631474797
24329.00076637792,0.015784405993846905,3.028531454982369
24329.002172672463,0.017597509670481504,2.946141647569174
24328.995204303614,0.012863375804860843,2.9509730251325568
24328.977005218432,0.01104265782971902,2.8572513211633535
24328.981346931563,0.04154935139736194,2.86251745759479
24328.962516706342,0.041759536980673674,3.081851454014224
24328.90854102421,0.004969257595778122,-2.916894033965656
24328.76022129324,0.002217661875195444,-2.853750088118808
24328.56021995984,0.03839493162004701,2.6473488273012524
24330.12409867673,0.37048219573908947,0.15511912016737872
24332.78955192142,0.05491801441021316,-2.7653304742827594
24335.28809823957,0.7107589522425661,-0.9040056394362215
24340.47325378819,0.39352458506699645,0.47400349341115433
24347.25116906174,0.1575700863917135,-2.852551911931511
24366.17298338151,0.5015201816435965,0.2863620159538236
24396.30394110677,0.1386248005182749,2.7527129165515145
24474.194803962968,0.9507737815638704,3.021274196376588
24503.077434676885,0.9359622907979172,-2.6587230403697952
24503.086246548515,0.93661922981795,-2.6693830217076857
24503.08511265996,0.9210079063472174,-2.6462990506201973
24503.080408263217,0.9065243304694267,-2.7000739913888556
24503.086931739872,0.8983561391206594,-2.7342945515677903
24503.080462927872,0.8736485239541979,-2.407917972988382
24503.08379693996,0.7969160330811146,-2.04476406563594
24503.413905377587,0.6383048883858276,-1.2065285617159036
24504.605557473682,0.43516070289065845,-0.46945707658499014
24506.951658931186,0.46128648869245736,-0.0016087282888106458
24508.821547942287,0.9912804581124502,2.682454320297756
24509.387291805037,0.000993471470495256,-2.648866901699306
24515.721033623875,0.9753255370984101,2.97518847336727
24532.24230941962,0.0591053330934938,3.062943485928553
24548.6265166364,0.39277887832981717,-1.3178172356074667
24590.70897472178,0.6921120359209997,-1.329075794145152
24657.48118885373,0.5752211117333504,2.046798932233755
24701.80326980746,0.5264693682511097,-2.629379132650632
24701.809399488022,0.5209904322029307,-2.5444946562396655
24701.821462087297,0.5217714259271816,-2.5967664521635845
24701.83195795764,0.5082077836630243,-2.5952744775851917
24701.86534810312,0.5009028112470606,-2.401830610194747
24701.96564842003,0.4824715493496981,-2.4722315336035514
24702.15066617589,0.39879220186997416,-2.1903720665558946
24702.518576117956,0.3416335308199039,-1.9891459995634584
24702.84139036042,0.1540079928914547,-2.2654032388170875
24702.445722346925,0.017981458562458127,-2.8648487602407227
24705.517778305155,0.43131279107481457,0.296898213819329
24707.127492878277,0.4960741097040682,-2.555200590716159
24711.127103862917,0.8535371982146372,2.914416180597865
24722.876852082027,0.3451480600713311,-2.6652903739618092
24743.306301967117,0.7934155514052803,0.7647219776748071
24788.374213408442,0.9898083410570782,2.7697103728690564
24882.121470688315,0.2566520487345826,-3.0588108594785117
24926.67613298559,0.20074150051836276,-2.247700788244433
24926.681144671646,0.1933276306418807,-2.2412533453123458
24926.685132219955,0.18882937820866103,-2.139891979931129
24926.692753381474,0.18568206523346772,-2.1225337751692432
24926.714028278286,0.16649670111356155,-2.1114804504181963
24926.7450157363,0.09028923110337468,-2.5566151352614717
24926.769911533363,0.013885690036322158,-2.726376936241866
24926.62614697868,0.039059146996574375,3.1048562232391017
24926.74170405332,0.2508655364792476,1.9426638403030463
24928.057555058836,0.8126499511540591,2.684194840961073
24927.45065856995,0.947979034166344,3.009313045664082
24932.03418934476,0.5963873873345591,-0.051414698706918394
24936.011639697743,0.7477117207378062,-0.2829512981306901
24948.835998527527,0.6305250393471747,-2.4605302811584417
24966.9987864783,0.9144052069343923,2.9937394267553223
25009.93326835161,0.0017455140931878909,-2.8679039068161254
25093.665442294918,0.07809694697639108,-2.892152694749279
25129.804762470543,0.06480263650232035,-3.1017305342648505
25129.807850142668,0.06732438286349793,3.1249508312926615
25129.808110991187,0.07035910152418977,3.0740894319405827
25129.81391859785,0.06768408870094644,2.846458864115525
25129.810715159212,0.07634417691114821,2.699532763404928
25129.813063894817,0.08769483969276293,2.8010703069965217
25129.799858753577,0.12162805039974496,3.009103511264942
25129.78700214804,0.06704663194101433,-2.6452496708846875
25129.47862576058,0.0010954839312037933,-2.7952404498469243
25129.04296298723,0.035675939389170616,3.1345912186014644
25128.307214045075,0.16183455104305267,1.8047042827928639
25128.913450913988,0.988056200300022,3.0571609856449893
25138.366996617322,0.03955345775015577,-2.561257750181609
25138.149352479148,0.2055640419894605,-0.2257590313173532
25159.4853788659,0.9824498606418541,2.8970351380041386
25203.1676352971,0.3823758934901216,-0.8650929888233718
25304.839756318128,0.6580747030845777,-0.3983453593301367
