x,y,theta
0.16497761196287247,0.4077024452853672,1.3082231413704664
0.1725893767785491,0.41687829739399324,1.2690505123122238
0.17141991646155375,0.42476475221269644,1.243115122300991
0.18259861467745514,0.43968308623018915,1.1630944738973978
0.20794777126662878,0.5038715003431165,1.0917140113187536
0.292752600793127,0.6291005322529211,1.2324998584844034
0.4032366451699467,0.8043580423477902,1.3149868746329947
0.4849638130672469,0.9970469864051701,1.8972478545684268
-0.07592124592390609,0.9946596129054258,2.4712212279171357
-1.4299524666876353,0.9174303490693201,3.0408704951208865
-3.980888637864015,0.340470038948205,-2.8015677132796792
-8.385111271601922,0.8438487421214862,-2.7677900064583976
-18.5392285370077,0.2982007318353945,2.2632541936152153
-38.427043369251784,0.011509000319003948,2.9868425899761366
-74.61843135731738,0.21732984981023862,2.8113754381201064
-149.8896651235418,0.8141247941812291,-3.033313831839505
-300.77948218876367,0.9927499551547079,2.9551426760291912
-367.3755387031008,0.9993259660905115,2.3432129685366974
-367.38412315854566,0.9951566868855884,2.4141745523178777
-367.3918126025376,0.9951566868855884,2.4712168971597617
-367.4102443443889,0.9940895180460891,2.571109113037452
-367.45019886281364,0.9996342164814552,2.576872971753815
-367.5066708489019,0.9978744576543391,2.3040027133817436
-367.6525660721014,0.9890424482375314,2.683182228367002
-368.0469165812002,0.976538622487237,-3.1021832883226272
-368.82479676500094,0.946793201321854,2.8845191200049527
-370.10028766788463,0.991381957811984,2.9769707888825945
-372.7663640061695,0.9849575349398797,3.080747167964926
-378.10634135923453,0.9870714651976856,-3.0729835755064765
-388.3347908770186,0.020619685797378273,2.837205815222938
-405.34886102314505,0.3812939473788711,-2.639013029765273
-442.99326010324114,0.2697531053429317,-3.0706021077583765
-518.7536953146545,0.22245695395420595,-2.622756823124321
-670.851920955882,0.9916985054249634,2.563993325716954
-736.4651889009377,0.0023183773164845434,-2.1241478838254295
-736.4700964634781,0.0023183773164845434,-2.2304030392374004
-736.4810826296259,0.005806515903785282,-2.336394114740621
-736.5008576043406,0.008181245256979957,-2.5006896807051024
-736.5245610537775,0.006696033619851627,-2.5130091527395515
-736.5908834881693,0.0038267257153971356,-2.657014067359076
-736.7643005298137,0.008407776270417555,-2.6882629381575986
-737.120799097127,0.003318335969719678,-2.6000290603107543
-737.6112635765782,0.002353995717664094,-2.0367572624810686
-738.8741751635094,0.0008588149497426149,-2.6453559206914568
-741.6636287181784,0.0055444035713715124,-3.0021187443052586
-745.437237063997,0.0011904542467074506,-2.610826129792836
-754.1642052742607,0.7349997613642085,-2.973297158587331
-773.8115793430401,0.0010195527352726578,-2.8945210946357234
-813.3479230871123,0.7110013807486395,1.99271950503383
-890.5217405056317,0.9945301105694323,3.034395805544653
-1035.5464977899226,0.4155894067556569,-2.4897023739437905
-1101.0733382904507,0.9992151969694326,2.7078144472026935
-1101.081015063108,0.9992151969694326,2.7266867316677814
-1101.0885777684255,0.9992151969694326,2.756016683538073
-1101.1217861684152,0.9978239799402341,2.7826274010174963
-1101.1797919719563,0.9987684102749664,2.7818704051988927
-1101.2492171546126,0.9989332327471214,2.68092976233931
-1101.420062888671,0.9986399210725645,2.713589265349807
-1101.7641135059457,0.9897421027131416,2.7531940299105013
-1102.46974195655,0.9883730451327373,2.546637033941874
-1103.559033952078,0.9993327523185743,1.7006281037787172
-1105.4064572903321,0.15866369426369184,-2.455084722926827
-1109.6456733279251,0.9990244568798263,2.734103668231162
-1120.4910115885343,0.9930533743333064,3.033183630443256
-1139.542449599039,0.6394023535756327,-2.3871429696766433
-1172.9835932566207,0.6874723175446046,2.324117565623281
-1246.365578331381,0.9074918991000934,-3.072685658742614
-1393.8295800813437,0.9977719000193198,2.869973365766401
-1458.4809649170884,0.9988944448045436,2.1964670638912285
-1458.4852857976857,0.9988944448045436,2.2490282750805894
-1458.483634160216,0.9988782031879823,2.3106451640500083
-1458.5036225693661,0.9963790997419655,2.3531925520652255
-1458.5273622691047,0.9946457055653903,2.3376472101881145
-1458.5644846482517,0.9989311660168411,2.4134622417408744
-1458.6915947899681,0.9968209992970306,2.537304643475622
-1458.9663501736532,0.9961400220209695,2.5018847987677093
-1459.5964613358196,0.9998935631781727,-3.001272109662204
-1460.3715638320864,0.0003055235968803605,-2.000145852785564
-1462.4622412735373,0.2396753483532485,2.978738613715228
-1466.8833742413028,0.44212735815324744,-3.034953375262593
-1476.68110663684,0.10005341183882507,-3.0813516870349122
-1495.2988527545083,0.6676864390790228,-1.938081507247872
-1534.2765721600074,0.0003881602903842373,-2.379480201796677
-1611.2009576901069,0.005099788963133411,-3.028489519134095
-1756.4343695953146,0.004330629519356349,-2.7061932207787054
-1822.2417281778594,0.004011215154991181,-2.384101657645034
-1822.2449323107785,0.004011215154991181,-2.4342754436551726
-1822.2520429209458,0.004011215154991181,-2.389379226926193
-1822.2712002823914,0.004011215154991181,-2.4305125432981796
-1822.3081903798034,0.0034113055103444367,-2.6587774617797186
-1822.3756522343488,0.0006256248238998977,-2.2425664697309178
-1822.438288812819,0.001995993855866192,-2.2660982373369323
-1822.6726391480713,0.0010853344674290096,-2.24027724782585
-1823.2619969025327,0.004893097791409819,-2.6059865728753318
-1824.3364909099787,0.6237005843932603,2.709047412951822
-1826.1668102114234,0.0015589768471892427,-2.2638980739966437
-1829.9508284560702,0.000794508704126905,-2.4446867706710305
-1839.0980075540435,0.007148485669566299,-2.737810190338081
-1857.627733380721,0.9983444607223801,1.4808636044370438
-1894.351129742944,0.0038256051728319824,-2.9545584765989896
-1969.5434660164563,0.9979408761934614,2.74648064223359
-2124.1126941314633,0.9753728617025524,2.9225234937178426
-2190.3928859122952,0.5469648728553691,-2.434820440938734
-2190.3917914535523,0.5438390999221697,-2.4553906900063844
-2190.3923641885135,0.5286976473991716,-2.4661939382231997
-2190.3997460105948,0.5005072383230288,-2.3867290162310035
-2190.4211062369272,0.45326181319881925,-2.508623769769726
-2190.4940321744184,0.38886764985093475,-2.7789226670810736
-2190.621243605348,0.31732718654817604,-2.821423486364701
-2190.909507042899,0.25868418291912215,-2.966594981400615
-2191.3459484237737,0.000955233024980968,-2.2117863051994666
-2192.1701990356387,0.0007720731052404184,-2.3907977520355033
-2194.52074166867,0.0017550485291877732,-2.9195581895328977
-2199.008343017718,0.9972323050532533,2.3360241286443326
-2209.148117530231,0.9753921900767989,-2.978852107934393
-2226.083835819904,0.03785689019370357,-2.6090112919178727
-2264.55822104053,0.9880579872765534,2.6140052329100936
-2337.8738121035826,0.0010631811530571076,-2.791683682007544
-2487.8501232144627,0.5431636960569186,-2.715276506919977
-2552.4059571052994,0.9908304637734204,2.7018000327985288
-2552.410855505914,0.9887514264969619,2.6332718715398915
-2552.4329680171704,0.9993186690797705,2.587507809692525
-2552.4484913053175,0.996228774839767,2.427214692254588
-2552.508172353453,0.9980752952062631,2.41950786713673
-2552.5984963588908,0.997514667714844,2.735648527898472
-2552.762400299002,0.995946171459916,2.3385660431098625
-2553.0225014693847,0.9983865795804521,2.5200318699995528
-2553.6780401478577,0.9869566768899889,2.769689156473353
-2554.914578528921,0.7195035617533717,-2.9343306257356954
-2556.9670582221643,0.9965542708248459,2.5263414672471054
-2561.7543254500533,7.811104517367086e-05,-2.1113187900831067
-2571.02099833983,0.006247466951904764,-2.743860517875301
-2579.4574651699872,0.9997307976495322,1.4227140813677028
-2616.3068465439123,0.9439583562510073,-2.868293709896501
-2690.177036291526,0.9169228475933379,-3.0178238553927046
-2839.035297103195,0.9979192613205848,2.7317267883462826
-2906.3451612638814,0.9972908095130089,2.522464556589809
-2906.3572539284414,0.9972908095130089,2.498575131978342
-2906.3615847988135,0.9972908095130089,2.404606219393446
-2906.3676591527405,0.9978103942824063,2.4236223069909357
-2906.401552869152,0.9964847744083094,2.2404156601543246
-2906.4827471528906,0.9981235446373038,2.686181039829327
-2906.677154349507,0.9992530604019546,2.671974271638108
-2906.952431409899,0.9940536702365943,2.950714260312038
-2907.6246119958087,0.9973038674466521,2.986839904391771
-2908.823314470766,0.9975426622114645,2.478400469500949
-2911.5681171743277,0.9980272157287902,2.8054567801053985
-2916.466434378014,0.17483127913475432,3.0784000577179214
-2925.7879316916706,0.5424860945636754,3.0013742719708763
-2943.8923231192116,0.6397082528767731,2.3811959937794693
-2981.773744571265,0.000268980877834116,-2.563232587100087
-3054.525498546549,0.00225383446199522,-2.503469608234632
-3209.653543074335,0.0022902964014276865,-2.566515985042505
-3273.7909622680922,0.9987058368960551,2.5264072265183213
-3273.796201336098,0.9951527254419099,2.521055814333655
-3273.8088660834746,0.995159288833351,2.4386525918811373
-3273.827959154291,0.9969592079895159,2.4907336030807947
-3273.8754969309766,0.9981622654841608,2.4260850734326507
-3273.9760525610845,0.9991944055129881,2.704848262097191
-3274.1098207237324,0.999674244131971,2.167625282240408
-3274.2843718331555,0.9999881162772418,2.3288861951390594
-3274.6889986560645,0.9984231333566413,2.2100964063994883
-3275.6145387268416,0.9982617667303688,2.4190272517969236
-3277.9485018743585,0.5009604148999616,-3.1172047160112815
-3282.563306736675,0.9988751842798754,2.692678725195627
-3290.7329929309894,0.00034657388975454866,-2.8366955242522205
-3310.3787030203025,0.992907908332104,2.786308123408089
-3346.752580540893,0.0014946825613872347,-2.5215258084595495
-3423.4094812741682,0.0005959951827906535,-3.0705126747078295
-3571.9202998161595,0.0010137108068904452,-2.5254055682518763
-3639.657891125505,0.9984527702192287,2.5851029503662897
-3639.659193494091,0.9984527702192287,2.6045051719026278
-3639.671013720822,0.9966751158385999,2.617771655782702
-3639.690932659,0.9986453805820097,2.6008184219298585
-3639.7109952004894,0.9953044876923709,2.315415556155366
-3639.809807716476,0.9960145786752588,2.6308663568005706
-3639.972844050064,0.9988549223514408,2.765685201425633
-3640.314834202194,0.9937727304319671,2.811729424921703
-3641.0462125773097,0.9989548560344873,2.9618047556630085
-3642.5469230405433,0.771356950694884,-2.92921809798624
-3644.432889172007,0.4245901804738985,-3.138186682145072
-3648.7026967567863,0.00025810053614414886,-2.681886074226224
-3658.9378197934243,0.0021202774419711396,-2.325723883748301
-3679.379899346059,0.45020325799064953,2.599893454710445
-3718.7522980056983,3.8919569328812065e-05,-2.259080086129523
-3793.232819308592,0.011515391514089916,-2.7882871461238965
-3943.2192918360824,0.9998709858277991,2.690061064089649
-4012.2680855369076,0.0017562564007373134,-2.4472673510142395
-4012.271421938906,0.0017562564007373134,-2.547070219045027
-4012.27110637022,0.0017562564007373134,-2.485828212849298
-4012.285428083225,0.002914133324502848,-2.427615088624159
-4012.317185041419,0.0001661886538696512,-2.425563890789739
-4012.38315756852,0.0013271535061113058,-2.5515663623286406
-4012.5494868530873,0.00011958558615296987,-2.7632398015050423
-4012.867970267039,0.006157883588493542,-2.8650964912456574
-4013.5451252319763,0.1245706586825924,3.094674740621823
-4014.403943799486,0.6552427594557343,2.128688802351471
-4016.7865592658177,0.7309421492003829,-1.9977414922031222
-4021.395518758646,0.002371273273774548,-2.7294882947307
-4029.857309335798,0.0014663967002600726,-2.1797824560471613
-4049.549808837632,0.2725905086520366,-3.062979264862218
-4086.8537557005857,0.0020749495291053095,-2.2626145390023824
-4162.432985527918,0.330498055822993,2.770283034432249
-4313.510127602528,0.9519211927323253,3.0690095170809846
-4379.876886982575,0.997940326971228,2.92752948222875
-4379.886159820968,0.9935267150595499,2.9078651248076293
-4379.892985382492,0.9972293284050312,2.9484634210545586
-4379.9237037696885,0.9927190813485536,3.031290494511298
-4379.958272829046,0.9952963007959706,2.9971399594907453
-4380.032247024639,0.9973771021936888,-2.9093270962432056
-4380.2146643748365,0.9412889418709356,-3.021228481331917
-4380.5697633834,0.9800790759727661,2.9132403117837615
-4381.240844587312,0.9970963344568404,2.62414008872101
-4382.659672560644,0.9829703120778013,-2.9314337340983427
-4385.135589051056,0.4252192152094796,-2.934904034081804
-4389.5596608240485,0.3080637932021907,2.5874074064597377
-4397.403689853972,0.6084738010247326,2.9717295842336924
-4417.441935946943,0.9973336538363985,2.6843257360375423
-4457.4833502896745,0.12098682007913104,3.0812923832863035
-4532.055649343887,0.0016690148710654953,-2.7195236482094693
-4683.361332563989,0.04400562931523332,-3.131604946123863
-4748.3545375742,0.9914789960192572,-2.969870942427128
-4748.357538713753,0.9901574280704182,-2.940835354642251
-4748.372643233808,0.9953003622927982,-3.075119150369287
-4748.393823806168,0.9992027666418234,-3.0318907049038275
-4748.437000111404,0.9868014971477114,-3.0024474335733253
-4748.528895797608,0.9758807839701786,2.9291962880089564
-4748.759342822936,0.9731428170617221,-2.995433540381458
-4749.109261633784,0.950799528602171,3.091064521384574
-4749.81742479174,0.9965655217065366,2.87293479280844
-4751.228189273969,0.9826657945892306,-2.884522708273963
-4754.019394441416,0.8175925582803817,-2.679614613804531
-4758.389132284181,0.6225758495048084,-2.6988090719411613
-4766.846456200482,0.0006012553814872513,-2.734973220196761
-4786.574673099496,0.06154718480764568,2.9042762537000115
-4825.591089168308,0.4093899089744647,-3.0382739974180244
-4897.402937562575,0.6301303934174068,2.231670239290928
-5048.298669588281,0.005819678950542243,-3.0487485747147423
-5112.480500376499,0.0022998851277456125,-2.34463119019126
-5112.486088784681,0.0022998851277456125,-2.371207849087187
-5112.503243134196,0.00417558000015897,-2.3808784942475616
-5112.520632210768,0.0016173120203267991,-2.4038688364707728
-5112.567833006943,0.0012611057649478848,-2.5097297232689493
-5112.651259145059,0.004959154347897007,-2.4624761700373834
-5112.8140390139715,0.00319313134694928,-2.416965572535212
-5113.148192355471,0.008082857398396882,-2.8927739898724383
-5113.910107555195,0.1037530731234487,3.036105595850392
-5115.327062352684,0.00701437096519989,-2.460268920090076
-5117.992502076956,0.2837434301419683,2.644108799621028
-5121.621485227348,0.8944266600831423,-3.0898277366683042
-5130.874385689287,0.9735561110883708,2.9927046813868587
-5150.174666159325,0.9859349401675239,2.942271330683983
-5185.377379558008,0.9984336051313638,2.156396475646825
-5258.040232906009,0.6896930214806513,2.4934133473488007
-5409.8063979480585,0.0020341912154710306,-2.34864036448527
-5477.796753022517,0.007268643925419363,-2.8838562202232993
-5477.803044937453,0.01139396925838532,-2.8926547337267694
-5477.815908216092,0.01318450873191667,-2.8102754452434544
-5477.839334740746,0.011034647791532185,-2.8669253495276172
-5477.887110820847,0.021184826287853283,-3.013442587827861
-5477.979767719203,0.013903436306329566,-3.0493946770782436
-5478.167992845745,0.0018109263838332846,-2.6445710187405367
-5478.450158967104,0.006516520546468334,-2.5210917878931527
-5479.150328769974,0.12510553249674042,2.7573860661391363
-5479.812745404541,0.9977048034412519,2.185451329096871
-5482.334647211105,0.9947501672241759,2.5037839613818402
-5487.50084580968,0.9501009426743215,-2.8393837246472566
-5497.958682913603,0.23575723762390505,-2.93195839281106
-5517.93843017799,0.0005150226462817644,-2.6386969150077264
-5558.596342493619,0.7087681767609183,-3.0349495086222924
-5631.117097997691,0.005758987406643809,-2.9621504231846836
-5782.187888061293,0.0003136563657607913,-2.615780672770852
-5846.2963224565865,0.9952989126036421,2.532412271094694
-5846.307544939991,0.9952989126036421,2.5024025923182913
-5846.315072538339,0.999639688720663,2.4711692675636243
-5846.338267447502,0.9999704130930366,2.4475001919436092
-5846.404841875114,0.9971336946610116,2.644782765248885
-5846.489745538897,0.996203296154905,2.731382974851951
-5846.654907771654,0.9975006801492391,2.8158418853374574
-5847.024724787401,0.9806484472730601,-2.93387628764645
-5847.741444469002,0.9094817947912064,-3.0784460605301303
-5849.105526416884,0.9726798093091455,-2.873471228199241
-5850.777612378573,0.00013014283939572716,-2.035826991854276
-5855.13281176886,0.6603962904620462,-2.776156554202978
-5864.262706733653,0.0036415927012461804,-2.908131986386709
-5883.819236922398,0.951742668527457,-2.8136655308680947
-5922.815924008608,0.004161057390408219,-2.6117978463418465
-5997.65176230825,0.4512334168029673,3.0923776581870825
-6139.119398057411,0.009496647431925262,-2.8489527689314937
-6206.413235740432,0.0068001915061394426,-3.0301514336787547
-6206.430327253473,0.004111316229454539,-3.044314770440208
-6206.450518140004,0.00888751650508214,-3.0048125977645386
-6206.469840322269,0.009651529473167796,-3.007512696968385
-6206.534239834309,0.00648528121881216,-2.921299122134329
-6206.596929133993,0.005291863396562203,-2.562440634317145
-6206.778843163953,0.0006982348477638295,-2.399618526555584
-6207.011873763195,0.005400577172988835,-2.6533688373244857
-6207.686813551781,0.11258122003122999,2.863686773706693
-6208.6328620832855,0.7141838534503395,2.933368590119188
-6211.297942855172,0.9295943239013476,3.0512938564385017
-6215.236400463543,0.43664659811231965,-1.71727829107864
-6224.835894752389,0.9937358413620989,2.8707598011201227
-6244.698721139548,0.9986822923911848,2.7675014220701177
-6281.358103597803,0.10883490032578082,2.68035601023895
-6355.6144816186215,0.30116022521692465,-2.8580732728789857
-6505.67875745323,0.0005934903635192289,-2.211827236490377
-6569.29711169875,4.9016750789072656e-05,-2.9831945732790515
-6569.304974041989,0.006343747636136212,-3.0043548466563843
-6569.309092834263,0.00255595934559233,-2.950733038218576
-6569.334168292783,0.004080776351556097,-2.792851524386499
-6569.358219850274,0.0030978968427601405,-2.7296649920296434
-6569.433112468775,0.0024655395837397216,-2.716358822938596
-6569.636031058957,0.0038822119900080044,-2.848754757106416
-6570.010112602343,0.0006449072071017554,-2.4872173765853534
-6570.701742387102,0.029049349456708555,2.8928298767944547
-6571.596057763775,0.864631820459518,-3.06921091009602
-6573.453974148355,0.0022410969886781477,-2.3900006372951568
-6577.900700166324,0.023537233114203766,3.0693216481433243
-6588.04050583543,0.05591096460785997,-2.8463030381034766
-6605.739190965993,0.9962915909327099,2.399155804717685
-6642.125306656795,0.6147415130987648,-2.9399756915563753
-6717.197684255838,0.19053185513090323,2.5874826872179675
-6869.006396356891,0.2319485210185696,2.43638589091311
-6935.546307288959,0.0019917723084855016,-2.38655227839009
-6935.554337713702,0.0019917723084855016,-2.319646047417028
-6935.562086075895,0.0019917723084855016,-2.385172865120324
-6935.573958828973,0.0015643142048467973,-2.376795209813254
-6935.583848619891,0.00016196453128725693,-2.4094072810314158
-6935.691904929653,0.00016196453128725693,-2.276107590430229
-6935.847132924935,0.00036445716302099503,-2.4864413379083685
-6936.199053143931,0.013383151382262946,-3.025787764367736
-6936.806856584193,0.20214774485211098,2.734368880087091
-6937.726981328127,0.7826880514349965,2.588370768627124
-6939.740566076215,0.01820155697883566,-3.0419502117510064
-6944.7372187695755,0.9932997695121257,3.022371208977349
-6954.400618331615,0.3295562119896222,2.604592170840519
-6973.05450239348,0.00025285768693225456,-1.9409922673791355
-7010.602396976664,0.8468918365553887,-2.5648425378993043
-7085.097462458519,0.005777282008976786,-2.598185681153626
-7234.510027312122,0.4104624696389425,-2.8952346731762546
-7296.825967463607,0.0017139107881090766,-2.5609230406107266
-7296.8250746374315,0.0017139107881090766,-2.623813480459488
-7296.8266587312,0.00667924688443261,-2.606781193755071
-7296.8333521056275,0.0006729532309001319,-2.6001524694572216
-7296.866789309829,0.003645491447036554,-2.711268828594852
-7296.928795564794,0.004592016187803186,-2.888904292616374
-7297.085626906935,0.0007817618351108316,-3.083124010595248
-7297.450938399486,0.016506216506232872,-2.898518724759802
-7298.150186188426,0.08885581377004269,3.1132562584511483
-7299.522448387857,0.0031422941119481455,-2.080011680989394
-7302.243748870022,0.2906180556717654,2.688142097341493
-7307.134986868964,0.9768498594275705,3.0373998393514885
-7316.50299887837,0.3055922356082749,-2.9497097057031145
-7334.605846291582,0.5163944675943234,3.1321775338221034
-7373.070006687841,0.9894425972323133,2.8929815291945022
-7445.026850049096,0.3852618455521905,2.548179085380516
-7597.976842103102,0.3484041163203098,2.8856508194385277
-7659.353033924387,0.9097460697409865,-2.920527345938814
-7659.359198660413,0.9050546634378284,-2.9040371302894776
-7659.374716401188,0.9114476645068412,-2.946692739197621
-7659.382723158293,0.9086430112296524,-2.809202868069343
-7659.404754549724,0.8806261648030917,-2.936841780257288
-7659.497418828362,0.882509724790438,3.082077693624928
-7659.673023039207,0.9352602104881198,2.7116770876859464
-7660.053730495883,0.9907070612395126,3.055213630981638
-7660.770845026825,0.9967006965496664,2.8423571399427416
-7661.928402929218,0.9971808254920661,2.891482088797221
-7664.577347503266,0.9976562109245957,-2.9292725698406383
-7668.254554616689,0.004843178838810226,-2.222211251070072
-7676.962980624274,0.6681377170127264,-2.5600739907885908
-7697.344184983048,0.9920068495413394,3.010853607266535
-7734.974038975628,0.0011080260764689703,-2.977828507382275
-7811.404216093855,0.0013790607029319146,-2.4773529999065325
-7962.277870554955,0.000766804212214642,-2.3504410219540937
-8030.753324040889,0.5601360787941194,-2.5285121915911137
-8030.754084871802,0.556577721785565,-2.4722797063607995
-8030.770242878623,0.5492461442340432,-2.4466770472455175
-8030.791624693554,0.5365309170954723,-2.3995673671209996
-8030.801222580351,0.5076953392070372,-2.486642757393316
-8030.8689086207605,0.4487683473889369,-2.5402881454820174
-8030.996292989835,0.3853591057407416,-2.880106367950629
-8031.244232095068,0.2592962973919617,-2.7998455675523792
-8031.882473183072,0.009444960844120082,-2.8563391291742275
-8033.345354458443,0.006169382807710398,-2.728215196425641
-8035.774695600263,0.5696510240177008,2.534301936840791
-8041.114148600983,0.8719510151950175,3.058657872715628
-8049.890275182003,0.7398039712692998,-2.607325157562879
-8068.331171191745,0.9923867024509437,2.8648582184535947
-8106.242481671225,0.0011383436045711006,-2.349326571175547
-8180.270205470163,0.002425129632915819,-2.696364569751583
-8336.957271727135,0.10550955751984348,-2.799048757773236
-8404.11788695483,0.40918907795834875,1.751853848473841
-8404.12071252659,0.41690862066366213,1.7819811323248222
-8404.112765122,0.42206781207092625,1.7043201558307066
-8404.107841476573,0.4416826574996607,1.8240456713522004
-8404.07901592467,0.47400096221596383,1.7077364675741507
-8404.0547072839,0.5694973683463543,1.5257071840967775
-8404.024347297676,0.735133389912222,1.6822398807210774
-8404.134813039054,0.9993640325846149,2.092439901613023
-8404.660227999022,0.998065520697574,2.523082404321621
-8405.944830351631,0.999693811741286,2.089350258490846
-8408.447563155816,0.6062542495156261,-2.8532006886809147
-8411.804481835861,0.04717832705172845,2.990456553252619
-8420.635020164103,0.0018407495638675087,-2.8020895730567936
-8441.061754001574,0.0677721699065452,-3.0796982020196686
-8477.42739902806,0.016522582233036386,-3.0225139543354826
-8549.18055039175,0.9882250678316126,2.5780758180182524
-8699.63220646959,0.5595082943385836,-3.0842190329927015
-8763.92544998589,0.9955763503756059,2.7070683292802755
-8763.931658856249,0.9981501676142642,2.6688834467210487
-8763.934750494473,0.9958163235682186,2.8397805268838905
-8763.946976644533,0.9975839949924703,2.866677691172799
-8763.991382166816,0.9890805172607342,2.9193476599516854
-8764.08153603613,0.9956351331275269,2.818026854291296
-8764.269763728444,0.9990124017957323,2.4880847492516853
-8764.592477429347,0.9961779744507498,2.754393225498313
-8765.363507002217,0.9075165160217936,2.819503732683673
-8766.722400969691,0.9547359615723586,-2.771209813402869
-8769.118268202647,0.3002766384201022,-2.3744316678719684
-8773.578560401964,0.749028590915021,-2.762002696592205
-8782.530119463068,0.0013891559938081846,-2.2148616452909815
-8800.187750414976,0.999145872686934,2.204186653546598
-8838.292496702865,0.9956896648553689,3.0718060646744902
-8910.052722699491,0.9952541117803331,1.8367274580301984
-9058.967528787469,0.016097387978016332,-2.9414805258357566
-9125.812024554645,4.2090586192151296e-05,-2.6959859661683945
-9125.822576538143,4.2090586192151296e-05,-2.644398582452243
-9125.840117118203,0.002596463075169147,-2.5259332145184406
-9125.852779817347,0.011652694135467555,-2.393392841430771
-9125.86841609568,0.00010230456887470613,-2.3937853523778974
-9125.966317292612,0.00046290707024974594,-2.57692016543274
-9126.149591489037,0.00982016259629296,-2.886110933260367
-9126.531504616523,0.0008086889131399439,-2.7440243776322015
-9127.222041647945,0.12799511921172538,2.5712210201349635
-9128.20678587344,0.332138142042754,2.948755160744759
-9130.444519461746,0.09342504342691224,3.024351563194367
-9135.13212911986,0.5847772580329504,-2.912954638260694
-9144.758858829658,0.6984612735467876,2.049520504405418
-9162.093590996998,0.002380133604956128,-2.399329068215522
-9200.953245337709,0.9935524804391321,2.6291324806294156
-9275.519088208057,0.9943701337223684,-3.098437224516648
-9423.24586388056,0.9981059177980026,2.766524433967273
-9487.232679340084,0.003024643605732653,-2.826435476686058
-9487.240240519486,0.00010975368045480684,-2.80904178379756
-9487.259415649238,2.5157648678459515e-05,-2.838232348024089
-9487.28224611276,0.0003743770234665568,-2.991824503404966
-9487.338587000113,0.00618352564234482,-3.0155652960072983
-9487.412664435107,0.008261744569450561,-3.105650757228344
-9487.606738587567,0.013365161928881016,-2.99437950926312
-9487.921785264723,0.0019129921456813943,-2.7737818537729635
-9488.603560002473,0.011072467938425982,-2.904393337256418
-9489.90176949504,0.15133087077828447,2.8398675673390716
-9491.976221452662,0.9797094462793539,2.8473743955613937
-9497.1297914897,0.0022254542696496303,-2.8134967119682144
-9506.886752298384,0.9988283388494907,2.299526468189132
-9525.422202053085,0.9975311448012352,2.980648387011481
-9560.6667343259,0.9981298577484289,2.7236124325667976
-9631.879325636042,0.9887140369723127,2.8668510472981232
-9780.644578102716,0.14556148347950779,2.6432515827819554
-9846.850710755341,0.7484445980307587,-2.692941742103806
-9846.848674842857,0.7442110953883745,-2.6375557619102348
-9846.849345366576,0.7403718500729585,-2.5619626880058166
-9846.853705278076,0.7178176394695448,-2.533607435297509
-9846.851150773193,0.6811691450422357,-2.387629239211566
-9846.916171186767,0.6039164339014079,-2.0714726623821966
-9846.899302258962,0.4362721901211891,-1.8093963542831406
-9846.916306903571,0.0227870086975842,-1.5147376577429599
-9847.28249612768,0.008334883243675975,-2.7871622948100656
-9847.973595663223,0.6384948132457656,1.0908505363276522
-9850.16928926487,0.5849798776115281,-2.936578125963142
-9854.425332609562,0.8051799939189679,1.4913724014185412
-9864.82681318888,0.03151328636777878,-3.1306222859221635
-9882.500226923756,0.6745814445018455,-2.738417608485031
-9921.386062487592,0.9960449517094908,2.9873465345637324
-9991.975778897184,0.999367197536716,2.7565316178012047
-10140.307191806987,0.9904270873929211,2.871737912508209
-10207.070403595764,0.5120463299577894,-2.9935768710653052
-10207.071709686328,0.506651984810518,-3.0186251530264805
-10207.07802003585,0.5066052599326067,-3.0010717621813363
-10207.094495407551,0.5014081749376698,-3.03011316194111
-10207.147349123214,0.4997676449679948,3.043559190859977
-10207.195309198733,0.48506613032634494,-2.913439390440458
-10207.331308971085,0.5065415368111639,-2.9521456473061423
-10207.553404522754,0.6195421857150251,2.828771102758431
-10208.043829063194,0.5800837504322615,-2.904267234925166
-10209.009962698072,0.4520043142728056,2.8815943919855034
-10210.886794699023,0.3160059086628829,-2.6594822607937507
-10215.457411300542,0.9991095742666273,2.8168377891856533
-10225.10558250756,0.9790976962116923,2.870025594040219
-10241.592655731667,0.9989709638206894,2.5449498878018773
-10279.3111289644,0.9166937812348743,-2.8054366762576777
-10355.051458280604,0.0018943387769749563,-2.088600361615165
-10499.925894641798,0.9979690070736212,2.388126801003951
-10565.709122536113,0.9963609518543028,2.7591306179043027
-10565.716937729521,0.9963609518543028,2.7030508950588317
-10565.72229746685,0.9984830718930197,2.729326131665985
-10565.7683134363,0.9984531036564229,2.7125579266806685
-10565.819449798035,0.9954165757890051,2.624538646204642
-10565.91329172889,0.9953561758020746,2.696560288416517
-10566.089934729047,0.9813953513769751,2.805278484538043
-10566.459135006235,0.9918389875732613,3.0878895833910276
-10567.09362432493,0.8586072762780588,-2.313924627087155
-10567.80265776023,0.0014786223577170918,-2.375473795839535
-10569.695451164689,0.6406353280044237,2.1905354235808723
-10574.310457783864,0.09308722351232547,2.866112893459361
-10583.18323651762,0.8502621774892438,-2.7463538358648525
-10600.564829870307,0.603904796602452,-2.5630265101716514
-10639.347991936887,0.9963329114863373,2.5575095756131017
-10713.788505775823,0.9084318478687265,-2.8314038281393414
-10860.39208271429,0.9944297528320034,-3.0496139148979653
-10925.26313184477,0.9424734670380288,-2.9648710959675793
-10925.262898342657,0.9418193914681466,-2.9446974372788284
-10925.267505032785,0.9404449281092229,-3.0011541130578547
-10925.281516535728,0.945211462413903,-2.977796937584969
-10925.338244064895,0.9496301605757614,-3.1338933248287426
-10925.411059422744,0.9657101413195741,-3.026080892073377
-10925.576450900588,0.9074803365773988,-2.6812174884167876
-10925.755156487126,0.664409438864153,-2.2539274277945016
-10925.979778117542,0.059782486696877246,-2.273642157932552
-10927.060008286788,0.00507099358523715,-2.462825414643312
-10929.663908601528,0.13999728346525836,3.0054680369193747
-10932.948042207854,0.00010617609410017723,-2.0285138141646235
-10942.254527667614,0.04371267818783367,2.766075083094247
-10961.36046239374,0.00797990374353766,-2.8231448567213917
-10996.385015860124,0.0059618946179173845,-2.364676957393912
-11067.900350420448,0.003162327612060769,-2.9826899429602975
-11217.585766427143,0.21147139610528418,2.9014848642823186
-11284.1701548628,0.017360813764396438,-3.04730067179931
-11284.1684131996,0.01271451856451316,-2.9887706555819404
-11284.174251213602,0.018735386049942723,-3.105184047282287
-11284.196461674517,0.020327629906355477,-2.9058129515845357
-11284.22765408927,0.037338582913514835,-3.107962948770573
-11284.324063427995,0.01140019772820507,-2.617964511135765
-11284.45239176872,0.004855464316159765,-2.78156372075371
-11284.754608767982,0.01859853473740835,-2.6506997305176725
-11285.44572179628,0.05024945215162376,-3.0950778440937428
-11286.843699390336,0.004042682921642216,-3.0681861109460917
-11289.477394104455,0.36414395906065644,2.4271884358241005
-11293.14142017257,0.998408722694081,2.6345925674449333
-11302.460601758608,0.0032886654798582127,-2.8830349760312117
-11320.202360745338,0.8686181263347083,-2.284702519523214
-11356.252724286154,0.005194330303531266,-3.1068301356765224
-11430.813571424813,0.05807863483026108,-3.1007047169414137
-11580.463004633963,0.0017959093333397833,-2.7487349832846717
-11643.997561173766,0.9729710725812007,2.9674322413693854
-11644.005501687356,0.9694803161552996,2.9333459156422323
-11644.020259020723,0.9730310048442262,2.9845637158191174
-11644.022412846894,0.9736118800896227,2.868283071083326
-11644.0798057383,0.9961938076222926,2.9447515415973404
-11644.18841348007,0.9863378967136582,2.8024804627084876
-11644.356922215433,0.9999874774536545,2.602148881863802
-11644.6924582777,0.9992692632576606,2.703895168735837
-11645.433401330069,0.9887199791312318,2.8269139270038437
-11646.74086788028,0.806382626277014,2.927758092944555
-11648.86235911299,0.3360383469147618,3.0453357272964023
-11652.718728700722,0.9999442401609501,2.981873470195749
-11660.31709727671,0.9245057488958431,-3.087656441020616
-11680.243152033332,0.9981376011785565,2.761729892844146
-11718.376617117916,0.9994663520765998,2.5735970604659135
-11794.31092994446,0.0014041382887432982,-2.9754698172367817
-11942.866057698357,0.0001544603506495796,-3.12903219201489
-12008.073407501233,0.0020475265325588816,-2.7281586721637225
-12008.09018991517,0.00735895883718317,-2.6931698732926446
-12008.097477759336,0.00032925855113702905,-2.6719748633853926
-12008.111147652868,0.0004287132358551599,-2.5705715239714584
-12008.17867793955,0.004021861810227888,-2.4162364159384144
-12008.23248897788,0.0011416908671346964,-2.3170347101752062
-12008.373918992955,0.0008242162115628491,-2.085078587358087
-12008.671297410585,0.0007781442447398451,-2.7116722913263347
-12009.13969447756,0.004963232024126242,-2.2130162630248953
-12010.540553995746,0.020909248750813056,3.104462478501148
-12013.568172197583,0.004694582822738647,-3.0011230796644615
-12018.696393433416,0.008378335868681802,-2.837539172853195
-12028.897820610824,0.4595061312643606,-2.7947024315961797
-12047.516908419193,0.010891764038936394,-2.84710889677697
-12086.041091853307,0.3825101543176778,-2.9193897896807615
-12158.0609462546,0.996921971578394,2.5209570294360457
-12304.422800910432,0.8831293248031178,-3.1091115018030675
-12371.279970285426,0.5646145895552409,-3.096437979839422
-12371.292176342435,0.5596252061981922,-3.134722645703337
-12371.298592957082,0.5624458591648903,-2.9788671374577715
-12371.30534432037,0.5497302031248198,-3.087282932008499
-12371.329613354015,0.5460706179648838,-3.0735838451525663
-12371.397976557048,0.5233502276358565,-3.0799130810822244
-12371.535365913378,0.5292826963930889,-2.8736589124791947
-12371.731510758893,0.4809914045740643,-2.873498799818666
-12372.150766363025,0.4314059430954282,2.532601916140533
-12373.03353381166,0.9960038846673578,2.887013621048184
-12375.676998049435,0.9379942218077753,-2.906631366648803
-12380.556795592744,0.9984683710973075,2.6797799130627276
-12390.18752907162,0.6796969717001974,-2.272774797383437
-12408.16716828111,0.9277110465135895,-2.5440729079616595
-12444.668889459774,0.9813527831861386,3.0460201331752756
-12518.406142421627,0.7948765999546707,-2.972663100819884
-12666.682941733621,0.9992077672383851,2.318179482911434
-12732.120769255187,0.7626429055262042,-3.096395141496634
-12732.124552785484,0.7600109199191403,-3.1012860972487086
-12732.131101966153,0.7515192813874129,-3.0245206354064655
-12732.151050872417,0.7575611338735891,-3.0233300463481525
-12732.184889476372,0.751574234033339,-3.0380277483377074
-12732.255040088692,0.7666026142315118,2.942839818831735
-12732.364157844739,0.7978195176116014,-2.9406485357563703
-12732.632746580186,0.6660868592401767,-2.848877202605956
-12733.077203273135,0.5888280275630531,3.0947795592959686
-12734.02326393481,0.9247960428932724,2.8365779262066093
-12736.812666654723,0.520802122748492,-2.6874418932526933
-12741.842828045023,0.30449866904066025,2.9029976098230055
-12750.658977193962,0.006740642752238031,-2.4694605603480975
-12769.408697697127,0.0033084858539615663,-2.7497988288334394
-12808.535730328938,0.495248401921927,2.991336654526716
-12880.931301593837,0.05204375082239401,-3.103121128618602
-13030.569641258442,0.9918052417157247,3.0428256279761996
-13094.946148000043,0.00856699993348731,-2.9356356457100805
-13094.945242048227,0.0065122690813334255,-2.9733167971946837
-13094.94546014708,0.00881808861497691,-3.04264044322396
-13094.978575951012,0.00508139885169527,-2.825338140904667
-13095.031442941003,0.005878708404622327,-2.8719018279894337
-13095.12513158987,0.001979676525495944,-2.69638454209585
-13095.362987005206,0.011506315902387916,-3.0118068027485774
-13095.743681572412,0.019947256577372206,3.121521113484061
-13096.492120810251,1.91604724548251e-05,-2.3891051681365005
-13097.527652376937,0.01482347417258563,-2.435691276802107
-13100.038204964585,0.15627930243241125,2.68707526005365
-13104.408214895342,0.0005943816065671478,-2.7379613180825935
-13112.554442549623,0.7131847086622306,2.9966172281544594
-13130.966247535,0.4262959258790837,2.492338067291321
-13169.616448769793,0.9997731977951176,2.2386828441014224
-13238.571196929244,0.07100068070927942,2.9284493163104335
-13391.855555594,0.9992352061202399,2.9903877333435442
-13456.620807944526,0.0005377267325987066,-3.0974539942466675
-13456.629048075367,0.0018279671741323312,-3.0635632919302895
-13456.638802099837,0.0011368801603866654,-3.06868692127934
-13456.660566289756,0.0024625036284572025,-3.0609217100465718
-13456.719820747097,0.0019647628688418983,3.032164560486441
-13456.792831291985,0.002085818848326584,-3.035558346973513
-13457.003193474982,0.005022334595068439,-2.7579414138973553
-13457.402298143845,0.0004251869447316256,-3.100308780228867
-13457.98099024172,0.2595126788743758,3.0707134944601897
-13459.064457443854,0.40610376992210967,2.737243528362444
-13460.821886749813,0.0006149577835684317,-2.4712041836082292
-13465.337624447835,0.9965281409068361,2.169916841105236
-13474.269475354598,0.1675646263667681,-3.022619982080346
-13491.789253790552,0.7190500625405968,2.773253785063414
-13527.867606591239,0.9947342132528867,2.622241365930991
-13603.197485505809,0.7346187079536131,-2.2497575010093755
-13749.178327912608,0.9956735691899701,2.257209957560269
-13813.473855484155,0.07188204278886905,-2.5571216388543445
-13813.479062580565,0.07756515818845643,-2.5711693674427956
-13813.48811829048,0.07535682005494888,-2.6362480528585097
-13813.512939466573,0.0687542625811888,-2.560196708601804
-13813.562004066991,0.03950820473323072,-2.750673011268567
-13813.64750343827,0.010422929968233989,-2.6480239112708355
-13813.803602391667,0.0015984742245687832,-3.0318206242395815
-13814.08236545922,0.0035335372426911296,-2.5083463394772663
-13814.580495682532,0.0005890062726538387,-2.5134799767211655
-13815.771302086068,0.0004509605468005669,-2.3480253328768956
-13818.33855944132,0.0013093507449787947,-2.578436585447091
-13822.672116088354,0.16791604973562183,-3.061466394557002
-13832.42266738037,0.9835721286133735,-2.8371976428069763
-13852.663011445438,0.9980915397266079,2.30462484022197
-13890.62865617053,0.9708134489918805,-2.8418115219867772
-13966.647805232284,0.002985836769855799,-2.535752888325188
-14114.12425783786,0.6965130714691502,-2.592318482831473
-14182.679970684288,0.9952637666553702,2.965743757721355
-14182.684271742908,0.9996081186823251,2.9686829192111475
-14182.698779863875,0.9977169005970926,2.9898217546204844
-14182.70624011683,0.9989388655515415,2.91088111545999
-14182.727499477305,0.9967186536946758,2.8919200296162364
-14182.811476121084,0.9990907267867029,2.736423611161995
-14182.985207527874,0.9935835075781203,2.663529536823047
-14183.37087474992,0.9945795744153912,2.893701698406253
-14184.088511226146,0.9978812916226271,2.5086784474515316
-14185.366935854992,0.9993549368261414,2.725059537766369
-14187.721147905067,0.3989864189020657,-2.1734950122762884
-14191.838791428792,0.0019349208162059471,-2.4511140725568423
-14201.681897235447,0.9571616631852513,-3.057823834050586
-14218.118661393677,0.9991976911697763,2.267645714897168
-14256.39157582014,0.015125027982950673,2.9557717079769503
-14326.247345416556,0.47593944893476503,2.6805621613657076
-14475.783133852889,0.004157060631272516,-2.3586072754676484
-14543.09674827929,0.0015838220224432863,-2.301834785322708
-14543.102334113211,0.0015838220224432863,-2.2343089957812223
-14543.107749021454,0.004499401370942849,-2.194552664866359
-14543.122897314763,0.00505140151697271,-2.152932959088052
-14543.145747241235,0.005054137631261557,-2.187773576913634
-14543.205798820145,0.002653936320137467,-2.5598153901666105
-14543.340063633887,0.005604355757852784,-2.8707815280092124
-14543.72945020638,0.018000601265987584,2.9861671458492394
-14544.271235771435,0.2960742951931307,2.6910584799580377
-14545.148929982184,0.9970414236105916,2.1855722175828447
-14547.588591667933,0.9997082707891426,2.9545872445235535
-14551.725942359415,0.15131019010841243,-2.9082495881687063
-14561.832922144153,0.7812911766594027,-2.531361467804498
-14580.187592966302,0.000501203578872482,-2.369709931396072
-14616.91651342528,0.9244101629480518,-2.8563778243687996
-14688.141208693765,0.7691463581337731,-2.1860093334970796
-14842.199177695184,0.998069056339461,2.3532275432607506
-14910.294389114799,0.0078553257383763,-2.9714233014017943
-14910.307967995972,0.007606328817925162,-2.9864586961904545
-14910.331468155964,0.004875300864333839,-3.0268093389074453
-14910.34977415226,0.004815003581716605,-3.0576780041843272
-14910.390866926053,0.02874073444490435,-2.9923921982117223
-14910.487278023862,0.0024824238308996938,-2.831695719393998
-14910.675082532416,0.01037955655224216,-2.7527058379434246
-14911.030455922684,0.013922596619068722,3.1259442490766975
-14911.665688591842,0.016024061434812362,-2.8005036315053795
-14912.835131947108,0.002077822081350539,-1.8853188428218408
-14913.448429100874,0.0019389604001629284,-2.727590883778729
-14918.605303702741,0.003923252748207101,-2.5970442873716912
-14927.958578527669,0.2945010645558924,-2.6949687505001214
-14944.490792149094,0.993878817985764,2.3421951905512444
-14980.629523672309,0.0031787636091419424,-2.849982833789955
-15052.85787576012,0.0010621810535543007,-2.504158857813016
-15204.798265538326,0.22943484824243873,-2.8485118574776007
-15270.07835883601,0.9990674042012002,2.109693042421778
-15270.089026099344,0.9990674042012002,2.1581273259925977
-15270.088701381723,0.9990674042012002,2.1045986870377336
-15270.093304949685,0.9990674042012002,2.0852963115952603
-15270.121021485795,0.9985628407308834,2.240147751291735
-15270.159601088066,0.999989933078287,2.3333272862531373
-15270.267154723304,0.9990219813910444,2.1876488461318964
-15270.547152311441,0.9985179624063328,2.7935395875793407
-15271.25637868707,0.9599817008207779,-3.1195203309176005
-15272.186461642383,0.2854512073336719,-2.2488770903543442
-15274.388047519586,0.002152037477686187,-3.01190555404241
-15279.12077055939,0.7617022361880734,2.871056433793653
-15288.218008847467,0.9958077659777583,2.9653252208551315
-15308.613479180713,0.9976349981024605,2.7294979952443024
-15345.411001447397,0.9234635099622122,2.9057826878488076
-15417.066012652316,0.012225159700795183,-3.09157179113873
-15563.891304894887,0.7085057916860696,-2.380181742691761
-15630.517075752263,0.9984789617542187,2.6740584520204056
-15630.509945005624,0.9984789617542187,2.64563510834998
-15630.5211043399,0.9996466727275193,2.805741442042491
-15630.532551574704,0.9979885980211224,2.940054130699555
-15630.592920577848,0.9855589112784622,3.1200539689640223
-15630.677389045706,0.985299977866879,-3.0835587714116137
-15630.880135573645,0.9916792605995725,3.025442130863963
-15631.232930221277,0.986631516757044,2.993518715780702
-15631.856578752668,0.8939181800399831,-2.7520146822228946
-15632.988159967648,0.9951365671546996,2.729499203207223
-15635.048527863355,0.009080722448929563,-2.82651890857975
-15640.514314006185,0.0026435053627504564,-2.1481185411281705
-15650.254536958097,0.9992169652381996,2.873228687561271
-15669.996399162294,0.9129759015263292,2.5108608821069875
-15708.480027628815,0.0462701846968502,-2.7340413208403476
-15781.919047228148,0.411655662324808,2.118744077597243
-15928.590373675988,0.021631852253542968,-3.044632551206991
-15997.148955573799,0.29235038511740824,2.388125035333731
-15997.157011309491,0.28908199157540826,2.3578420494693653
-15997.167292917242,0.3094270123723288,2.1753094353219726
-15997.186028182668,0.3229726869549612,2.223805052776198
-15997.200429961227,0.3603443529553014,2.571918590566587
-15997.248555623357,0.39899392257863786,2.7050633648368922
-15997.347127116382,0.4780244362452434,2.9637618476787644
-15997.600406168518,0.5544606769009098,3.104910998546922
-15998.011352805524,0.24173781658945534,-2.6023702280788386
-15999.164352830272,0.03123597642672152,3.104114801548664
-16001.890224026434,0.0010028950194481212,-2.9061892381037815
-16006.240217784594,0.9995949034162609,2.242928556292801
-16014.626181550766,0.05601942544016514,2.996003424554198
-16033.03206751763,0.7855441954758848,1.4895010731916267
-16068.198157395373,0.9885862616557315,2.112066643718734
-16143.714456147267,0.007963749890813894,-2.6288662748091536
-16291.736051414884,0.0060921227576634235,-2.719027759318887
-16357.991867602113,0.01986934301623961,-2.88793863387666
-16358.00162661161,0.02337619208332406,-2.884259980533246
-16358.01780601198,0.018583642449325557,-2.8553814757231453
-16358.027454041532,0.0034599994134372155,-2.833601630834904
-16358.082097288267,0.007244315653758049,-2.761549027548138
-16358.162818654719,0.0024979753741820308,-2.8031257144884973
-16358.35636391644,0.0005548884969961997,-2.585957626769057
-16358.672460614282,0.003296491512222564,-2.741433515677075
-16359.31111326134,0.00935365456755218,-2.575939779085033
-16360.465358539173,0.5530058983278117,1.5798429322027436
-16362.106178090911,0.14960171051191282,-1.906941259108016
-16366.919964373401,0.00899609134601855,3.0634431719996638
-16376.259386446007,3.866339179024953e-05,-2.2982555645662575
-16395.249211407063,0.4604064614868036,2.6498276887503884
-16434.4573699389,0.010439565335512786,-2.6329981088326613
-16510.173612008533,0.7235478665188574,2.3255480998500193
-16660.487982886152,0.12412895476736438,2.802459014667395
-16727.090823298346,0.00016384132272115976,-2.604974280389623
-16727.094979417547,0.00016384132272115976,-2.62197847048155
-16727.109333687942,0.00016384132272115976,-2.6847592825583937
-16727.12732761097,0.0024133475495871867,-2.7349118460050184
-16727.170263489745,0.0002007994411083781,-2.5862257171916436
-16727.228621549893,0.011114609325510751,-2.5859340118849516
-16727.41505013146,0.010081706264242776,-2.8335697057156786
-16727.61232282311,0.00023813999042792203,-1.9362501268447307
-16727.62512049412,0.014950635256073364,-2.0205841973718357
-16728.97764593146,0.23646792815090859,2.518243722596191
-16731.51416956286,0.3177344327943043,2.81042471550745
-16735.643835932933,0.0022346086009719284,-2.8141860457512635
-16745.430618779188,0.0007531393057688251,-2.1797807237820925
-16763.864972644664,0.016989992163604414,3.0743888193900855
-16802.132456223888,0.005970359458990251,-2.8627121708281558
-16876.430896522816,0.9999968544335923,-3.11977000493225
-17021.674877856778,0.0008101318398753658,-2.6330630277476343
-17088.234483522763,0.0009786003905483671,-2.969359461429168
-17088.245511951965,0.0009786003905483671,-2.99472507953018
-17088.26140445509,0.0009786003905483671,-3.0315401885393447
-17088.294511532822,0.0031271377823421367,-2.957413958744606
-17088.337198131034,0.020688858851771474,-2.7694613843963323
-17088.426499215348,0.00026476238689751574,-2.5770970014083487
-17088.59029375405,0.005100912748455104,-2.8962169056267113
-17088.98739091662,0.016050799784975686,-2.7384624854213704
-17089.688273359,0.001442881404858791,-2.3912585580636074
-17091.018517114564,0.0111109493946648,-2.864547076239982
-17093.531220161083,0.009366827238607564,-2.79821442479764
-17098.18865160186,0.42623891402251884,-2.5342321035319286
-17107.74303247033,0.018742399142490956,-3.1204731880719248
-17127.004477813676,0.9953955323653634,2.9025149864789377
-17164.411780407343,0.999651872496923,2.8631973346436563
-17237.512835437443,0.01248749981624065,-2.89091270426145
-17384.34995318923,0.9914929235152963,2.4187261589194495
-17446.378839939545,0.9997839089662415,2.7000962678582443
-17446.390234924205,0.9997839089662415,2.723694911373581
-17446.396589064814,0.9905850582858795,2.6517868054709535
-17446.419319075274,0.9999456334350287,2.6939548762700856
-17446.450276565396,0.9835193674701712,2.7539429766590153
-17446.545990254104,0.9994965917646025,2.9933405055797593
-17446.685924049623,0.9942516098173976,3.0861899608048864
-17447.06163513048,0.9258154338336222,-2.785189440072651
-17447.511113029417,0.5879164443498942,-2.8515870838352684
-17448.524739645178,0.6556875091681471,2.823965667171424
-17451.080321103844,0.8224612577098689,-2.9978009658358964
-17456.15455301865,0.04178958704520033,-3.0194466613032054
-17463.528500439086,0.31932537823495366,2.7928614652385964
-17481.338176468595,0.8057890579019159,2.5467902414487487
-17518.78710209329,0.8381797764839899,1.7758915846417542
-17595.567725954268,0.0011532319945599758,-1.97033281384117
-17743.783568028433,0.011915954028589568,-2.6260972947892993
-17809.905707719216,0.5424280014271416,-1.5294441181257652
-17809.906439274255,0.5325834388465057,-1.5279474423871688
-17809.906604453095,0.521453206497039,-1.5182104858213894
-17809.906237724783,0.4994705205749089,-1.5572413314882767
-17809.90813458237,0.46043633432229214,-1.6625762053039321
-17809.913137981017,0.36806165873499314,-1.7516012681772124
-17809.9059347909,0.20837479538327947,-1.8641463897497037
-17810.113336415,1.0363944144065754e-05,-2.054043310048884
-17810.739752626087,0.013269717568984922,-2.6101459947230827
-17812.036591389035,0.11645633896751567,2.8662547764794244
-17814.35263918644,0.9435165715307466,2.7673206082442627
-17819.026115404442,0.3060180009632282,2.8768584106964674
-17829.09930155497,0.00026439324347300947,-3.0562882206697997
-17847.22031519428,0.10238352031145594,-1.899610574287644
-17881.99774254201,0.9977132859227703,2.5586101143822697
-17954.293400085397,0.9563126087911095,-3.079097212672899
-18107.958260534688,0.0011321463316271991,-2.9152927351969886
-18173.67560736197,0.9986044218000331,2.812750901336229
-18173.68308211827,0.9973432981458834,2.891571321408362
-18173.698210070113,0.9919255375470573,2.946665298887673
-18173.70628899142,0.9921042482450576,3.018235477216768
-18173.740304740113,0.9981247669534307,2.855868636034119
-18173.82964993279,0.9954921195193723,2.7050422101448657
-18173.976681971,0.9926302354511026,2.645977833349969
-18174.298596867586,0.9883713549917348,2.952658221709042
-18175.016665936513,0.868615038041409,-2.68116407779107
-18175.88062866151,0.0190091435520848,3.1282574815388795
-18178.702431599926,0.013068485254607133,-2.7791915607021886
-18183.25558000216,4.0756694742903696e-05,-2.8774939089775877
-18192.930284278995,0.7675885902078525,-2.4466321797754857
-18211.567816214687,0.998205667318252,2.5341845445082356
-18250.220699119964,0.4631064224508998,-2.531025189038754
-18322.534661135105,0.9776436913208139,2.734215206570041
-18471.473155385305,0.006564982400032817,-3.0542468656439428
-18539.38254563879,0.9992189794083836,2.2514968057256652
-18539.391807420863,0.9992189794083836,2.199867908564758
-18539.39864749836,0.9977876191451989,2.2501363240111614
-18539.407590415827,0.9977876191451989,2.274739100864732
-18539.440223664056,0.9915159662430775,2.475605036973411
-18539.532465397602,0.9982666695524034,2.4471402081173768
-18539.740347967003,0.9921238578594436,2.6432892485615245
-18540.122322119187,0.9957064898008884,-3.090663256858313
-18540.833531237244,0.949768220341811,-3.078429060012338
-18542.226091548906,0.9993506953394153,2.713093749932723
-18544.974570442297,0.9995759662182846,2.864894216733184
-18549.977553896246,0.0012955111236997979,-2.3096022865838006
-18557.254469485957,0.17841258349549782,2.91952490761952
-18575.532219300923,0.9985936296636484,3.0665091722540465
-18612.832181593072,0.9993277342149481,2.7485821745795196
-18689.18567651362,0.01169600773130383,-3.0911791036072347
-18835.30510112402,0.7618762586834953,-2.360727255199163
-18899.693695663398,0.4356991314561797,-2.8856127445624242
-18899.70131255244,0.4349222087744808,-2.838154982413999
-18899.704080730706,0.4464905142382732,-2.870964208046689
-18899.732193244672,0.4378013806258712,-2.8405640573712247
-18899.773762799,0.4175361697977102,-2.809939098989247
-18899.830730125548,0.40880752665137376,-3.0260081381023536
-18899.958794790724,0.3803246567443822,-2.9578595909407968
-18900.140839271782,0.23561000679886376,-2.7434422269924275
-18900.73300754271,0.0009093497400806225,-3.047614137566064
-18902.160037072103,0.003083546147696177,-2.815040263767385
-18905.224969408417,0.009948423468946909,-2.881426724213309
-18909.983966954664,0.9943821517538123,2.5650305658900443
-18920.45791316183,0.38785545448077596,-2.5143503463401013
-18939.35996254878,0.007771957197201792,-2.648223924269122
-18976.407114522084,0.9596220670451632,-3.042165769223794
-19050.939609178873,0.0001910484104572915,-2.024814000392112
-19200.108475886456,0.9805916916025879,3.0921882466519834
-19264.620599890433,0.9998277896446758,1.945768431890662
-19264.622538769185,0.9998277896446758,1.9915998817822267
-19264.63326763401,0.9998277896446758,1.9359966391378194
-19264.629968284673,0.9998277896446758,1.9503749212667518
-19264.66169915563,0.996583458649045,2.1112591496260036
-19264.721495760827,0.9966374664455224,2.2649473698315274
-19264.869191781017,0.9883334662934035,2.6742074163808613
-19265.270444315265,0.999954869669425,2.7594595005152804
-19265.959627643788,0.9991600568712942,2.3556263217704476
-19267.288461982513,0.8905756247422619,-2.8064050516141386
-19270.227901770082,0.9998652063507316,2.773388119687324
-19275.489478943942,0.9292775351319499,-2.872647726756741
-19285.4809505626,0.4520940401210989,-2.06832499419016
-19303.703496524242,0.0025896898256869538,-2.7255537745790677
-19343.06620111654,0.005043413623474532,-2.955199262907377
-19418.47586137972,0.0008200877394716308,-2.7135372448553468
-19565.206503624104,0.010236140180519106,3.082339739822901
-19628.711194785166,0.9979747118428585,2.1376555951295213
-19628.70953578079,0.9979747118428585,2.1775170704442637
-19628.722693753232,0.9979747118428585,2.1069801005604054
-19628.748967036972,0.9974438750744457,2.0568732850387352
-19628.78092661637,0.9997822166383307,2.355109288648963
-19628.875204695883,0.9952872284020334,2.5833790445283853
-19629.032701989865,0.9822248381903512,2.8165921458852425
-19629.407814313097,0.993605347542677,2.7721296179481794
-19630.16132169777,0.9909754339968815,2.7386538611654654
-19631.719525577562,0.9930894407984807,2.9576736138769917
-19633.821829542903,0.003953793584816052,-2.4144913710099667
-19638.57036527985,0.984550509116229,3.0337721795666557
-19648.128321620738,0.7842769228907923,-2.863575301937616
-19667.87163870855,0.9789769733743133,3.049505244225486
-19704.716031256758,0.008391977476130677,-2.2867699119668172
-19779.133157088076,0.9957970745989134,2.898136124337473
-19927.75575768537,0.9971164736919195,-3.0418450185409664
-19994.46018741403,0.06287393913620745,-3.0772374768290245
-19994.466429643544,0.06358141894825693,-2.9994137694639744
-19994.4838054691,0.06457869994332222,-3.0318707914323113
-19994.499355978423,0.07069599284030906,-3.1270537410032677
-19994.52966305841,0.05817100939134332,3.0959309327730535
-19994.629090379123,0.08880345414572814,2.6739918351483407
-19994.746118154464,0.179351669026597,2.5306871554854586
-19995.003376715587,0.3777984210705243,3.029053296459402
-19995.36894693243,0.8966617624212877,2.476603508067396
-19996.70186982744,0.991851080842393,2.58242394803204
-19999.197782394247,0.4997526423660454,-2.6658655311427184
-20004.07613228158,0.04082448984246864,3.113516944613634
-20013.400987665522,0.9932828881597172,2.7556542679462224
-20033.15764639896,0.0014434574607982483,-2.439295722883272
-20068.052876835947,0.02700721298601141,-1.8632241705679733
-20138.52375230793,0.9847029433202749,2.989786250717681
-20284.787816218486,0.649420473479528,-3.0843896986847277
-20351.34791495257,0.0007421872582524633,-2.447298467425388
-20351.350030070123,0.000706738476755453,-2.497106704056448
-20351.364635395712,0.000706738476755453,-2.535337983297704
-20351.3740161794,0.001280731726207504,-2.4416488404783614
-20351.426103799007,0.0018832692819643355,-2.3317112524940597
-20351.519989426106,0.0023833832342216605,-2.0807217842222414
-20351.63187851637,0.001017729777029016,-2.3180887798453917
-20352.016963512506,0.003810451658373455,-2.796976828162955
-20352.765833735455,0.004708609716748725,-3.1190135427818655
-20353.960169501617,0.010922480662982265,-2.9382425308727873
-20356.641835240433,0.009823841096773131,-2.566950855794666
-20361.030328799126,0.9965707031513734,2.309586790262146
-20369.593108857996,0.3071364776739032,3.0944633026176254
-20386.713011459236,0.9980827118398203,2.775640762162592
-20423.04958795447,0.810211755593676,-2.7826096153855917
-20496.775751272016,0.9965405704914989,3.0087171965313937
-20646.92925729418,0.14072599587196816,2.371818757854043
-20711.190296917557,0.9631062693885186,3.06739146898485
-20711.198153759073,0.9668530373968597,3.0976191318988544
-20711.204003199156,0.9577103485753691,3.126677461200071
-20711.2275641797,0.9532090366479417,-3.0061690383913136
-20711.266723721794,0.9346250415896531,-3.0958971495193195
-20711.363895065926,0.9154465353914979,-2.836890702141592
-20711.536562637848,0.8650441077945626,-2.6871720919021755
-20711.80318790674,0.638117890260836,-2.7149878879277067
-20712.21460915043,0.23415890167596065,-2.09425603751299
-20712.653122158532,0.0013598344654875407,-2.4198828855311243
-20714.88394320822,0.5658306784584963,2.788964493004565
-20718.698843816655,0.6921715458604175,3.055812449532814
-20727.53493191368,0.9994778359067122,2.501396008648377
-20746.38414292639,0.0071770971704612965,-2.4780442211464973
-20783.269248078617,0.03454460968640035,-3.1332998496208444
-20857.4731514594,0.9986972297260501,2.602605157756881
-21009.86755506186,0.9897388381428397,3.09390922711548
-21075.962485344262,0.10853661116979536,2.894751174099736
-21075.963124304206,0.10711957960294477,2.9759494790656724
-21075.965186924106,0.12578915397754342,3.0114665385142754
-21075.990387517442,0.11852997416120166,2.9998290728719983
-21076.02747436027,0.14043551076314764,3.0623297542692134
-21076.12205699646,0.17203737194943883,2.9817380898650523
-21076.279238318555,0.16846746940029653,2.9515111020356546
-21076.54922989248,0.23968023405893457,2.9340176341222364
-21077.043174912676,0.42578634817030103,2.967620324064015
-21078.00019053548,0.9951650365109066,2.861454151175022
-21080.584707791324,0.9964611570857778,2.943101592812152
-21084.821674098133,0.9970181610432808,2.3142276568035935
-21094.31545240187,0.1542067016039415,-1.8389956106985579
-21112.240601339723,0.06353558334882017,3.1387387996351164
-21147.825716094398,0.9964171842818622,-3.1368264523256446
-21218.603676989263,0.002590402809470679,-2.8193892667261617
-21364.235534441446,0.9975732538381878,2.5885357924910286
-21428.349303724794,0.0011120867957810558,-2.578534619638166
-21428.353833898247,0.011741998787149164,-2.5981222486284943
-21428.36581829342,0.006745638905616108,-2.5917550283385955
-21428.400505953305,0.005786936068499154,-2.7246520690396
-21428.441696200094,0.00283410460672847,-2.7204140669559322
-21428.513632127917,0.001805642414403964,-2.778520417456918
-21428.713473380623,0.005930984896426806,-2.7677311834513167
-21429.091044706824,0.02374872259369329,3.062689141957768
-21429.784266495753,0.0008028800737022224,-2.4379581529858037
-21431.29304918155,0.021166177602037258,-3.065769475126998
-21433.65731388864,0.7458088891609976,2.988622640555958
-21438.1700184123,0.5483828892998294,2.6183072054295033
-21447.13070132677,0.0011673853346203065,-2.6758528377379354
-21466.700184885078,0.8583142235545299,-2.831040273731205
-21505.802735865105,0.9991399805058463,2.4188968701120075
-21581.45730662758,0.0010691595135088516,-2.4687067384173287
-21730.747800953788,0.631259937094424,-3.0919428228794112
-21793.986139669843,0.7486825412074034,-2.4294364802230874
-21793.992346244195,0.7429193753759181,-2.3839103397509027
-21794.000376572167,0.7368153325986033,-2.200972761304183
-21794.009321365087,0.7252175279420919,-2.12867981568478
-21794.008582605933,0.669008155164502,-2.3828408635252036
-21794.046656374227,0.648448076125012,-2.622089649585521
-21794.145667841447,0.5474371844125472,-2.652237096618763
-21794.367871452327,0.3637008646685137,-2.4908179434624467
-21794.87647063248,0.07906993387601426,-3.070358817785411
-21796.417629964522,0.007594307925738811,-2.7176853391739937
-21799.302809413413,0.0033504588275412596,-3.136804628990201
-21804.43057025395,0.98686291949965,2.7814476276236055
-21813.65976752496,0.4565796817263533,2.045672945074741
-21831.22395673581,0.99928816153036,2.319260964464938
-21867.81435263208,0.9993111408798777,2.6604419164847197
-21941.51064665339,0.1456297349900013,3.117945110373042
-22086.28169574779,0.9991705068697078,3.118199823093822
-22155.202320612552,0.9868171722235823,2.7045586172750085
-22155.20284882212,0.9893633044213729,2.655761089925109
-22155.20897322871,0.9894868145442112,2.6508170677517287
-22155.22651400743,0.9988447007508254,2.752320299913853
-22155.28446266615,0.9994495412673247,2.823062742102474
-22155.34041714954,0.9802385443103475,-3.1352119881422365
-22155.494656373263,0.9970877906787708,2.680047734990257
-22155.876577795487,0.9897207231807056,-3.030625133521285
-22156.26513498261,0.5484541167518651,-2.1333617895525316
-22157.132103879674,0.010452142162674441,-2.606409600341828
-22159.27063676004,0.997925278881526,-3.092688346259153
-22163.997515904925,0.013848872445667109,-3.034971510215428
-22173.07813011151,0.9955995449193153,3.000609008800904
-22191.97435882905,0.13148263895423715,2.948218873821004
-22230.43345585318,0.004796258267919233,-2.3198271905442676
-22304.597394429133,0.9854726334102312,-2.9391691792499013
-22456.3810228036,0.9142555940930688,2.869291398614041
-22525.01135624647,0.6198225958483448,2.950091055741538
-22525.024389954142,0.626411599310098,2.897400206540512
-22525.03043140053,0.6380433022984802,2.759581115990949
-22525.039201583248,0.6393585425896349,2.6708197631176755
-22525.064706157824,0.667836004881382,2.4090110135284863
-22525.096483542813,0.7189952854509019,2.1009214276167825
-22525.14436126835,0.9083055113583465,1.955343527450812
-22525.379551283288,0.997371096491834,2.119563251821626
-22525.89868998853,0.9976993833612988,2.099276122663957
-22527.29819814052,0.9986213853482018,2.721370551940428
-22529.75728364824,0.13822187704873004,-2.986410405920669
-22534.26618935082,0.9955011172932825,2.767625907490152
-22543.417084005632,0.9998977939236966,2.4684745163074364
-22562.00350934878,0.9621877121749358,-2.9979424077631447
-22598.155580520466,0.3287007764973396,2.93545965280056
-22675.182633001536,0.996203833958476,2.612030667681264
-22820.20542325658,0.9936558426030094,2.654102725679939
-22882.67397145057,0.9950468179578266,3.0832169980991946
-22882.67206322245,0.9966198034159265,3.011674120343643
-22882.678714150334,0.9851614776896509,2.9532841340367373
-22882.713873830813,0.9892509390188652,2.9526406893212247
-22882.75436898751,0.998624204709913,2.8412972751030567
-22882.828531075273,0.993347122185925,2.688898597818403
-22883.014404232734,0.9999812486396286,2.6109054198719477
-22883.41409313784,0.9949924185205863,2.6251212499994656
-22883.95657798556,0.9992681592826782,2.0970949988967575
-22885.09648238286,0.9860484310249714,2.564794831128469
-22887.318931969734,0.14740260143271286,-1.8161314336700871
-22891.844423949933,0.918887076934283,2.978640421048037
-22901.208400319792,0.9970966946579,2.8547751861614774
-22919.41233556207,0.1512173853562559,2.8963263739098934
-22955.46630021658,0.04506889516552482,-2.3727038397732807
-23027.149893565635,0.0007813372844056128,-2.3829986397854186
-23178.484803423882,0.9990107021613642,2.4077008208287864
-23246.266641050024,0.9941203857009854,1.509497589364738
-23246.262185080668,0.9953301281069314,1.5413715823114718
-23246.263345163876,0.9994728178677206,1.592131731961012
-23246.270717615273,0.996082918756784,1.6817119439407584
-23246.261240765685,0.995976978332171,1.854503984318649
-23246.326013762664,0.9991908405749185,2.1076895242246927
-23246.41190280394,0.9968415406563041,2.1819065781537264
-23246.69776206005,0.9969329928856361,2.9141074052512614
-23247.387303302232,0.999801758245554,2.4509830105953574
-23248.66289550044,0.9975497870322239,2.9158330691361574
-23250.96683520356,0.03107689063123054,-2.820677983867376
-23255.52915360825,0.0004876104889227601,-2.3748014845087235
-23264.641046964352,0.649546959337659,2.4873910183159893
-23284.94150312641,0.9999677631234141,2.905594516260871
-23321.764449389007,0.7970854764004209,2.8172862845336244
-23396.575434698443,0.004625597617579853,-2.4455432646201514
-23547.634754017316,0.9216540964904413,-2.5224415875703143
-23612.6621681756,0.3199350905843607,2.830899810628617
-23612.664876525967,0.3221449262040729,2.8507087521580843
-23612.66821263919,0.3257549543251334,2.911192760652474
-23612.68209625295,0.3225473224995928,2.821960518575043
-23612.726386443283,0.333596889852549,2.77933926393073
-23612.81896184532,0.3782894842675627,2.5321670621914656
-23612.925222804657,0.5310243540600077,2.043614971317197
-23613.014677411273,0.9007890721717219,1.7308728087164855
-23613.594136739357,0.9971161673132078,2.5324038829001143
-23614.975143092874,0.8086834191873655,3.131874310518894
-23616.950093264386,0.0013657825862202063,-2.629172792791652
-23622.14535390292,0.05507126630528157,-3.0349181538838765
-23631.420563889722,0.741304364015771,-2.5900793970096676
-23651.9146388119,0.007446619342936901,-3.0627534835689194
-23689.969570670346,0.9791954121466949,-3.048220252396518
-23762.051500700323,0.5892744726692685,1.9057154108214691
-23909.24226991729,0.9927665779650661,2.4850640571308062
-23973.299807010764,0.02008079575583205,-2.876965530424887
-23973.30628266055,0.010868715367348344,-2.816582769355698
-23973.31581958553,0.0060416119154511885,-2.8821223000124583
-23973.334309036538,0.0040964475884402735,-2.9034187727420644
-23973.378547681925,0.0015695559142852443,-2.8080571541947665
-23973.50952712195,0.024628840808080688,-2.883237960270151
-23973.66287507176,0.0010242999754875733,-2.8900222772631223
-23973.942308134443,0.0007119846854947616,-2.7204921805844555
-23974.615792510805,0.0002967859830249422,-2.7888257138953563
-23976.051150260762,0.11130801594443306,-2.9604267935087925
-23978.319640800157,0.056350711556325365,2.3515042756537206
-23982.829665520603,0.9094793319305794,-2.8155935908114706
-23991.739249862745,0.9947407313928105,2.80729449290589
-24011.377049363055,0.0008640195931451378,-2.5625763243737487
-24051.229982912377,0.999574446084491,2.159665129845215
-24123.682286526324,0.008844858192179478,-2.5516278015863234
-24273.44910529057,0.9939036096811337,2.8340746332292754
-24341.62013232762,0.0567690651681767,-2.5332810654564057
-24341.62609341289,0.04892364589621766,-2.6122162462874576
-24341.643937476438,0.037615910675128546,-2.6344798765158743
-24341.666016656556,0.028833273324564812,-2.614721084589035
-24341.70477015214,0.015921744280945633,-2.917712860305848
-24341.793000351012,0.022599354712592504,-2.8969834339507807
-24341.97245768738,0.001539930990858838,-2.8928091896769694
-24342.316375782033,0.006561971552726108,-2.7728274523712044
-24342.94145201656,0.003055886971431554,-3.041637499515382
-24344.285945046275,0.005211408559805048,-2.5605522714466695
-24347.24450887123,0.03908323522667142,3.0845992568265146
-24352.111025584712,0.498513862756578,2.758664367663238
-24360.626183724307,0.17409623022405343,-2.62608860680946
-24377.05499361757,0.9952894490138262,2.182293068218808
-24411.166921044973,0.008779560914495983,-2.484504675630545
-24484.915037286017,0.9911333184207352,2.496088395447365
-24631.200952146795,0.017803982183573402,3.136039093252373
-24699.791644440844,0.9994215420115111,2.2949436808295474
-24699.798749463862,0.9994215420115111,2.2923438399193916
-24699.798872767562,0.9994215420115111,2.217657356757397
-24699.815465041902,0.9974489761475677,2.0919913344564174
-24699.848835874585,0.9957806158432733,2.07929428181402
-24699.870260275995,0.9996879452560615,2.15738048518703
-24699.9719601042,0.9989096909291424,2.66093803990443
-24700.331589075977,0.9883035829805223,-2.8888040514662663
-24700.85535368236,0.6779913953181729,-2.5772037215098154
-24701.692086952047,0.004179242924527386,-2.952839853382019
-24704.118499161174,0.9216689734191468,2.4467509114238144
-24708.606759441544,0.001057199942211979,-2.62766195510504
-24717.085727089627,0.17824092957989762,2.3682409270157585
-24736.301549851833,0.9994343110203371,2.5898756906090066
-24771.983084602973,0.005572684865770741,-3.0147516503859975
-24845.273509058283,0.9944897924490526,2.868936734296092
-24992.709093816928,0.9997790370087787,2.576872939110449
-25060.82380995701,0.0010947723133267369,-2.570325724748342
-25060.8279897403,0.0010947723133267369,-2.489959045319421
-25060.83904660255,0.0009174908910349945,-2.467176547065192
-25060.861490892006,0.008182315566110187,-2.646520653565054
-25060.907535507966,0.008479879683297394,-2.6806247262060716
-25061.005219120143,0.007696869330053853,-2.925657260709614
-25061.18345303555,0.0012891912325980496,-2.8042917208464075
-25061.5791997609,0.008520150745907533,-3.051542886301128
-25062.37821138253,0.043581188209873035,3.042595136690755
-25063.511692285076,0.6189744615454417,2.2918732008711267
-25065.820134086494,0.9842164931790509,2.9987764627381734
-25070.55435178588,0.003567042869569779,-2.567959440599922
-25080.778095778358,0.8842742060392441,-2.845498091006688
-25098.05312654179,0.0015788480677529269,-2.5033082810942417
-25136.54436520363,0.7441840100339333,-2.4771211430619524
-25211.08712155434,0.6523990255269398,-2.098503355430386
-25361.620082980164,0.001284146802591789,-2.419641684304841
-25429.650125824806,0.9970389487194162,2.1749123211877848
-25429.647397276996,0.9970389487194162,2.18554178410471
-25429.659217021865,0.9992026065742019,2.2330512353707466
-25429.665796497862,0.9989245701692102,2.053917830923245
-25429.686192313864,0.9960104164775784,1.8418654715592213
-25429.703956236994,0.9994297779540757,1.9642200743447056
-25429.78916075913,0.9966536137318898,2.3382183111839705
-25430.08286993221,0.9910877613472877,2.56871190549521
-25430.79838094162,0.9987558423892183,2.4993236942770185
-25432.275097599813,0.966463869209489,-2.825944896021524
-25434.654124015233,0.32538585002559955,2.9363999004107884
-25438.369297427067,0.9959843906277227,2.1585452282790873
-25447.99295180006,0.5629136081773517,2.7459509077695845
-25466.26416683389,0.9762071708514839,2.6623455285371627
-25503.1276999151,0.4016488410850935,-2.907827208026602
-25577.47622889261,0.9962893300538058,2.148601025956699
-25720.39472076145,0.9889464880504426,3.078539665980271
-25787.000224678384,0.570509306628851,-2.3008230179221076
-25787.00498685411,0.5684788690065253,-2.2955811736946212
-25787.007247023426,0.5663039802333361,-2.3658607414791124
-25787.01273234866,0.5439119258853539,-2.268114680885055
-25787.019562284262,0.4928326623128553,-2.03942264782142
-25787.04689457671,0.408212861859339,-1.8279142487919136
-25787.133279030786,0.3246212077851767,-2.3553779929147
-25787.279375898164,0.052017452723378634,-2.3922282542660604
-25787.92180721554,0.030959384441593508,-3.126846112765944
-25788.629227304915,0.9418684176567003,2.633265510130384
-25791.439431544673,0.9967910490243841,2.570541963522013
-25797.055165496153,0.9909375863345049,2.713171985427701
-25806.320967993368,0.7071962186786513,2.420506077361294
-25824.80511185514,0.9976354787244515,2.704544051339055
-25861.330538961716,0.326609344735941,-2.7592254800417226
-25935.245540034884,0.9907438472474552,2.6453944272884886
-26086.3130480688,0.9974928692006305,2.4880437838065284
-26152.40809778127,0.9971323641759724,1.8249323852348063
-26152.41486543003,0.9971323641759724,1.8346656806589117
-26152.40940225056,0.9979591561904556,1.7813496655799614
-26152.4252835227,0.9979591561904556,1.8026525403740248
-26152.444143252073,0.9992406935062645,1.873105438743135
-26152.499255907165,0.9977510142069059,1.9010426779649245
-26152.582356215175,0.9996275845550839,2.1702338528421237
-26152.786665863652,0.9988059910260914,1.7427601449090844
-26153.203165766376,0.9992773666119521,2.3432563923175653
-26154.46006471068,0.9873261493366462,3.0561275468205453
-26157.017076023465,0.5239156780817409,-2.517507380302154
-26161.21792265896,0.0010162756354275757,-2.4987950140725257
-26170.683741375797,0.04124852042148234,2.744422173493084
-26188.949928486843,0.07432072860502802,-3.0719903559843837
-26225.99686494642,0.14734903395198426,2.6316741516013735
-26296.189837095757,0.9989674823791589,2.216080294004403
-26445.581731886323,0.994033130504694,2.920411845284976
-26510.487968373527,0.9590035922427216,-3.1263627951082924
-26510.494162048857,0.9603503766938719,-3.0422484561193137
-26510.504262019873,0.951912585873572,-3.0505853938604597
-26510.533608439324,0.9529135730579822,-3.037500914016574
-26510.59510984922,0.9386827952380097,-3.0468653237966294
-26510.695271019275,0.9279112425768494,-3.123089455375065
-26510.877006627063,0.9501431702877096,2.989319853002611
-26511.268473628872,0.9905293007719519,2.976491505267937
-26512.02097396209,0.9943697250647482,2.751687362127327
-26513.48842229496,0.99170927372816,2.787073630109589
-26516.159206527074,0.7705895896655705,-3.068142116191923
-26520.242943863275,0.27948587336592023,-2.708431494238375
-26530.602245218135,0.4770218920608311,3.1386898845953954
-26549.320047824072,0.3444183094653401,2.653325421082929
-26583.84157050868,0.0012143735402514273,-2.089332421309415
-26654.980711088818,0.9975287742205635,2.9180948987469666
-26801.794801288837,0.9436646881757514,2.848610381294945
-26870.423223203892,0.0019229490831791686,-2.684722512725774
-26870.422885613185,0.0019229490831791686,-2.682489434049588
-26870.435671420768,0.011075220923001582,-2.76358203320527
-26870.4518861847,0.005967151230322915,-2.8008463779287402
-26870.51946852766,0.01631972523050409,-2.7305737510106707
-26870.63772568493,0.015963317252131442,-2.7788003258777456
-26870.82370131539,0.020638564094049728,-2.978547080533892
-26871.17733659926,0.003215794619100659,-2.4611053750892333
-26871.706424131913,6.174287889894109e-05,-2.4095428253048095
-26872.404421877218,0.002451936403718622,-1.8377835060823782
-26874.38094148414,0.011511600786707,-2.1406986815137987
-26879.198950490096,0.999634271311792,3.097105702815165
-26887.40149042844,0.994883598394241,2.9930259067416314
-26907.511181908394,0.8537014818767463,-2.80404955179261
-26944.64252261859,0.25834236235716135,-1.9259205914174797
-27022.535882846347,0.0008863840311079617,-2.471570603280595
-27165.238807696503,0.9757140081988698,3.056995565578357
-27231.835826235903,0.9278962026312642,3.1211630619046105
-27231.848862750696,0.9166642080578099,-3.113347244187734
-27231.855052408766,0.9160912769798127,3.132201424487845
-27231.86757119533,0.9165654972865522,-3.073085895201415
-27231.903887266242,0.8976800190183107,3.089868831379457
-27231.978496853233,0.9086008393395515,-2.886311275630107
-27232.134502043424,0.8812939331956025,-2.5283239875409618
-27232.33927339471,0.6832680113082051,-2.4226324974576494
-27232.630993282422,0.054774965392427266,-2.323348629991498
-27233.866414242613,0.001435239157083528,-2.7032328953874765
-27236.876679467387,0.002878251254901367,-2.522104627514448
-27242.20125891775,0.000986742326644998,-2.9564572802920694
-27251.656745363693,0.0006857188288481903,-2.6872311297073925
-27271.365483039874,0.0003466065492883652,-2.8869186582855266
-27309.320281343742,0.18689336904574413,-3.1293855162676296
-27383.908298434788,0.9999509413151106,-3.0876329300771808
-27535.939281200448,0.01005637211155739,-2.786292931177528
-27603.18764073346,0.9973260555624585,2.5995507984807213
-27603.19679866334,0.9989241313778014,2.6749331213895573
-27603.204882346647,0.992436989058802,2.749899530671982
-27603.231482192157,0.9971350941873666,2.8092250902036167
-27603.28209712049,0.9993818145494217,2.7190093342192014
-27603.383320473666,0.9983035978494964,2.7497411010668227
-27603.566468329976,0.9949618853452554,2.5860408160095396
-27603.950077188318,0.9976067394983625,2.5125561827886447
-27604.610785370434,0.9973654635504957,2.448877728313227
-27605.938864120548,0.8350770392876162,-3.066940330230445
-27608.19188309971,0.0031496599985008375,-2.6664008967592396
-27612.89580185159,0.9954517328684784,2.3624177848178816
-27622.40050704128,0.5568131923663213,-2.601503259066921
-27641.234885987647,0.0008394056121502798,-2.5542347590683234
-27679.463878051014,0.8675428575071646,-2.876737267588055
-27753.726387743347,0.999748339172757,2.706652897241783
-27903.675899849553,0.9970653042132172,2.8300026354564487
-27970.325982744147,0.0027555323736201684,-2.8646184341292544
-27970.335719714712,0.002759587633984933,-2.8730297135623553
-27970.344389618047,0.002759587633984933,-2.9595831492295726
-27970.353390861896,0.0009700025632234793,-2.865721009915847
-27970.3824042566,0.002800145122648399,-3.004526535452491
-27970.456763429906,0.02009123987095171,-3.134758205505668
-27970.624155089776,0.008095189279473537,-3.0556980053264846
-27970.86589133526,0.002639880820658743,-2.9841856226721797
-27971.50756424398,0.00026976523393425797,-2.98992486066015
-27972.884986357218,0.014389042211581264,-2.9762933098723856
-27975.68861425551,0.03385625604642417,-3.124969546220194
-27980.04179841639,0.15811172653964678,3.093692727090314
-27989.69574531918,0.9086661230684875,-3.0239740972450555
-28009.541842162103,0.013607334304447442,-2.6647424936548387
-28047.040118439607,0.9899010822476483,-2.8220711284547852
-28121.516304660883,0.9970185671758588,3.1106481704940583
-28269.210121715554,0.1111895923127838,2.944688428276674
-28337.70679486695,0.0016908239632676312,-2.4703718135894306
-28337.70479694781,5.09483461602748e-05,-2.419630752193599
-28337.702759426917,5.09483461602748e-05,-2.366136450487134
-28337.730539172822,5.09483461602748e-05,-2.280886411052463
-28337.7779430818,0.0019886365235417666,-2.386685241046302
-28337.869368011572,0.0011124556340731178,-2.496586350146003
-28337.998205789874,0.0039869447002083905,-2.5611852471185608
-28338.233967053555,0.002590022131705052,-2.477871816578633
-28339.00953924123,0.00011139013728774134,-2.675787307281707
-28339.839422617395,0.002561582403502058,-2.298812292559855
-28341.94674692999,0.5359063242342365,2.6769057985414477
-28346.371597821577,0.005138303203474452,-2.746864585738797
-28355.486307095656,0.914215249500341,-2.7571756135146397
-28374.095180611865,0.9963313976723672,2.2556149519927358
-28409.810413371488,0.7928557526282223,2.5408150170201544
-28485.648940784296,0.964919089598563,-2.9760055165418375
-28633.41261829816,0.9996563145959086,2.719719278808876
-28698.40810694275,0.28198408772412115,2.364243309089133
-28698.416004050927,0.29237946912786067,2.3623658882796343
-28698.422144709068,0.30689658226544186,2.334606149896242
-28698.426293348923,0.33788452777930894,2.1928981092188966
-28698.434929663672,0.3673380354778985,2.1064932168245054
-28698.455511150798,0.4886886601847081,1.9510150893031328
-28698.40395461158,0.6949370463136585,1.9757107841559964
-28698.471853626164,0.9998367289907393,1.8802936798073517
-28698.921422507272,0.9896542285409082,2.9932188980337653
-28700.118417587448,0.9901259452010841,3.1133144600101854
-28702.66774517235,0.99881719145538,2.4859046235991995
-28708.09424168867,0.9833421893883698,-3.0814404691039154
-28717.60575867013,0.35068585401422864,3.1006918834728125
-28736.74499867137,0.9989560826777045,2.3612114837765805
-28773.940591512925,0.9901074671890785,2.752739086326388
-28851.646759001593,0.01712026528309276,3.1108038857872504
-29001.880269286507,0.9967300119149989,2.765653500716903
-29066.821167388414,0.0011616338926552345,-2.616470866511622
-29066.824815636046,0.0033873298805077254,-2.656085781530766
-29066.835940707435,0.0020895411114416327,-2.7013750160374195
-29066.872884128392,0.0009254512493210578,-2.7386142760139456
-29066.914030747794,0.005907612294947901,-2.5681855780440346
-29066.977522524572,0.00037638187488731566,-2.410574103036136
-29067.14687454127,0.002609945571470227,-2.226800959805247
-29067.451778824226,0.0007816010724618068,-2.378866180218485
-29068.11792846395,0.010148940579799067,-2.7825964762211264
-29069.394575440387,0.0029106447237752676,-3.038093276216514
-29071.489709929247,0.9673805338824173,3.068032672895571
-29075.68530917626,0.7284554593192756,-2.7462498320873427
-29084.541685804907,0.29543804990992784,2.516502796978262
-29104.294259006998,0.3854677593736213,3.0901443877922548
-29142.479753270545,0.993315807923219,2.6154431612884865
-29218.79971791771,0.000439655778503298,-2.2803549288426717
-29368.141567456947,0.9977711863524323,2.500828158479637
-29432.788068385435,0.9925484909111391,3.0932772720135056
-29432.788446340077,0.9941167152537954,3.1358593827486114
-29432.792815008248,0.995294884243199,-3.043138749295862
-29432.824927998485,0.9903549984357595,-3.0914999128728695
-29432.8612174339,0.980552483941441,-2.9288235070344872
-29432.96231455156,0.94944121297747,-2.7176449719663003
-29433.091040590676,0.7953355069625754,-2.1914033067217535
-29433.190839717732,0.4553153172137553,-2.0438753347684346
-29433.321242832444,0.0005998214948505802,-2.093448231010044
-29434.392420728822,0.0047973237801758935,-2.8997712469434265
-29436.444807864234,0.9615013022118185,-3.002085278217761
-29440.33738051955,0.966588897145163,-2.9962013250859036
-29447.9115904774,0.001354299647820635,-2.4384440905539067
-29467.084430350063,0.2583329814965731,-2.22565674205463
-29503.47835687866,0.0007945838404051599,-2.458299073769719
-29575.328678580525,0.26941508440738826,2.6555140067496
-29724.3141223685,9.87230268415008e-05,-2.550572200927309
-29792.774292502338,0.01045204487063856,-2.108745289707264
-29792.78389436564,0.01045204487063856,-2.1643678273586215
-29792.782562723074,0.002407843991388914,-2.2189919993280065
-29792.809906935014,0.0018841288861375129,-2.0897622523890225
-29792.835898206034,0.0026993179106973558,-2.0758698231209176
-29792.839842264508,0.0014908379966929843,-1.9453417521974397
-29792.96202508845,0.00037452253567368116,-2.0896450858173456
-29793.191803607784,0.0003533340221842441,-2.591171853705093
-29793.551026513014,0.004988873111478121,-2.2517119366620864
-29794.575772768727,0.0016860035185660644,-2.099857987656281
-29796.727031587103,0.8056880664215,2.3520737602438206
-29801.528950426877,0.9941335410395769,2.9862986881406517
-29810.770923270808,0.006913264982886386,-2.5507576210823735
-29829.01375912092,0.9983919549357756,2.8492315824914574
-29867.31078863769,0.9954302691474197,2.7328646131808867
-29942.65113706517,0.999244039559435,2.438623664924478
-30097.328294273408,0.3103578144451297,-2.790846403667516
-30164.448097897704,0.9982261513569608,2.313905167278161
-30164.445377993077,0.9982261513569608,2.3271382964819214
-30164.454835074197,0.9982261513569608,2.3430266251691805
-30164.47238980517,0.9958674501251524,2.318923113161784
-30164.489910099226,0.9975641093977935,2.361198165480185
-30164.569348633107,0.9965879680412473,2.399051998481921
-30164.769762467735,0.9964359420551083,2.8635873838517734
-30165.09495837697,0.9860114679732852,2.919417426013669
-30165.799617616136,0.8328285000170125,-2.800575422616663
-30166.996718588078,0.9762687054627005,2.763527437680458
-30169.99000456593,0.9710800313255686,2.858786002237565
-30174.307995406754,0.021599225383377003,3.0290340120258
-30184.029418905207,0.39564336578353576,2.2688712695665014
-30201.999619685128,0.001830629859974989,-1.9495932374957408
-30240.5125731716,0.00014722966496328823,-2.423620296864444
-30312.341793006875,0.001956980587745207,-2.674791235987033
-30455.455763127506,0.06490761107686288,-2.5920343378419313
-30522.16642015431,0.004929446748257602,2.9177615327479742
-30522.174093641188,0.004823223791214189,2.8445356737794585
-30522.188840355928,0.006240192540503034,2.814021879905064
-30522.207938680283,0.016676318908245884,2.71529244510832
-30522.24082254927,0.06966892593185023,2.7171627098027074
-30522.31256529012,0.10409327337108568,3.037666446671502
-30522.475414237208,0.14619846243263032,-3.0498832947797507
-30522.83679256881,0.2002367156896265,2.798706658619416
-30523.441782311158,0.18137793623281576,-2.667671085052841
-30524.81612520237,0.005060556800516979,-2.5095807361414737
-30527.331866793746,0.00017646544415314742,-2.362525958265132
-30531.92966402573,0.5008413821170083,-1.993760294828299
-30542.32316961383,0.004114840131873416,-2.671661531776758
-30561.431481764557,0.07460817734645125,2.6655502965558195
-30598.82343606163,0.9960739826475746,2.6042920843693285
-30673.792724542538,0.009163696406657058,-1.7422601176083896
-30826.33263245775,0.9895221896347157,2.902271617901155
-30893.295242724118,0.9999446028723714,2.310555947026714
-30893.301842187626,0.9999446028723714,2.220723589121258
-30893.297438274327,0.9953753680366467,2.319983243890759
-30893.31785647425,0.9993089443634444,2.3019841134631918
-30893.340663797273,0.9989492729259863,2.1967462930160107
-30893.391513194623,0.9979317020713677,2.4777616299172687
-30893.551931970884,0.9891443527069754,2.9447439249871845
-30893.919821721276,0.9898256916278476,-2.7159618006819843
-30894.51690441344,0.8989486927448903,2.8353809520164965
-30895.80515840647,0.9959450092992789,2.4856548820626054
-30898.567418796163,0.8922775386133326,-2.7027495224633156
-30903.160546746123,0.0025157710308285216,-2.5866554821008423
-30912.269992740996,0.529682528225928,3.0189903733985393
-30931.64992766612,0.5504722606368216,-2.35870834654635
-30968.682102972496,0.919397991564884,2.8838547183656695
-31044.862703992836,0.0036987021335652378,-2.3780885563378864
-31201.338326573663,0.9306320559005768,-3.1257191558504474
-31267.350599131092,0.014862901281448865,-2.914553958805063
-31267.353197848133,0.007961983552700697,-2.958673390168202
-31267.362428406796,0.002603115834189625,-2.9236587254867072
-31267.38163773507,0.011938557716782386,-2.821079632942302
-31267.427670913938,0.003555980092783409,-2.9279936182492174
-31267.51418108424,0.006623808163705371,-2.9016279950357897
-31267.67889889133,0.0013390294528395253,-2.4894477687486116
-31267.976850742558,0.003422953404600402,-2.373119750981495
-31268.468630497264,0.0037124780451796356,-2.4294052072775836
-31269.555738564984,0.006745221447896292,-2.826326687137763
-31272.272704015268,0.0012407665715137366,-2.861219851596754
-31276.531157791742,0.5096986875617167,-2.2585617905640194
-31284.036574159472,0.0011458442714147167,-2.654560103099522
-31303.56442865343,0.3551547131653833,-2.5751221450663646
-31342.178272314864,0.010362228881294639,-2.2987771290820573
-31417.549962804555,0.9930320794876434,2.9055907883462346
-31564.851129887997,0.9230874528339258,3.0874073391128185
-31629.144940137587,0.11976449973356194,2.914448639721737
-31629.151738740115,0.1205004417027868,2.9301747662210325
-31629.14640657181,0.12291185807686496,2.9191766317227374
-31629.154833900906,0.133781531887645,2.827487129881618
-31629.20548243853,0.1594527209264391,2.9627862608489677
-31629.293131851606,0.17821457981514693,2.8516026386675577
-31629.44228777184,0.18179823075148674,2.9761507849091444
-31629.73832811322,0.1840406317897397,2.9768604097761653
-31630.203474725407,0.45915310397849773,2.5862343714206144
-31631.237786241334,0.5746564402868658,-2.5950189079481554
-31633.08078645386,0.9992964623106463,2.566590608606697
-31637.62634243034,0.002605051361129638,-2.753002628341924
-31646.443515503805,0.9577887878548708,-2.8212334928498635
-31665.490801264423,0.997703687226412,2.2556893825276303
-31703.280984933306,0.8501485472511523,-2.85859782737345
-31778.086934748273,0.0030750339179501382,3.026908316715022
-31930.599896078034,0.010186442213013434,3.1349917687200266
-31993.676716015623,0.11077336053526544,2.8476546128581273
-31993.6807391007,0.1121151041165724,2.890232637876803
-31993.687742840517,0.12032841078765463,2.922610194085573
-31993.717885677008,0.132074148425516,2.901871442789478
-31993.754380599315,0.12330673995820651,2.929275413464259
-31993.87896295152,0.1299975175614167,2.756878004457903
-31994.002759616003,0.2925300924792098,2.355777153827315
-31994.014317300436,0.565060255244977,1.9395322789063751
-31994.114067702536,0.9953101046138164,2.6824879991278383
-31995.485395983567,0.9921717116963359,2.6652438805105483
-31998.185872597605,0.9881345656546879,2.672327023182204
-32002.857802503524,0.00783054887589445,-2.873531272118391
-32011.993371375404,0.9995048688750126,2.56123082527286
-32029.610775863257,0.9977166390751886,2.562930900722664
-32066.05368120454,0.9739885411306153,-2.990638016432084
-32140.035441199143,0.001327146664128212,3.05793915091788
-32287.925718786842,0.004159393493696183,-2.880728351641127
-32354.69903011232,0.004656013297249889,-2.3150836158616173
-32354.701585472896,0.004656013297249889,-2.335428495925965
-32354.710943682632,0.0012597054035152397,-2.3198960565375306
-32354.724006713262,0.0022307810668741796,-2.251107296163472
-32354.741216047267,0.0036689027821910944,-2.317883103440653
-32354.841796879715,0.013642963740853956,-2.4495445915640306
-32355.014778114233,0.0021661963753765666,-2.6004325390792156
-32355.315256734575,0.022257185312688832,2.9078061927150056
-32355.81936904489,0.5041379068844126,2.321192070065292
-32356.595710228536,0.9988189692189637,2.253644283255822
-32359.123359036414,0.9928330720387119,2.879898857422191
-32363.262994482528,0.008183884289527227,3.057513903099659
-32372.83892473464,0.0010361236828967248,-2.2423355806098733
-32392.106343305433,0.9620765354057044,3.0778214165038023
-32428.71848678235,0.005812042284762056,-2.6090865884808143
-32499.888747981364,0.2720528304313469,-2.258604398496693
-32648.655819497468,0.0016698741276728185,-1.861396883191163
-32711.303578921877,0.5521616320515007,2.47769294749775
-32711.30344245251,0.5563434075613874,2.5664406943980715
-32711.31447360432,0.5554611445948596,2.5003711502616754
-32711.32026342197,0.565806370777034,2.4212469501021117
-32711.33630770064,0.5849282757691536,2.368244394719129
-32711.403192220077,0.6419813822344321,2.393982689257051
-32711.44240309754,0.7813237536705717,2.406247077824263
-32711.673785677664,0.9965636860510406,2.4628054612030468
-32712.339702128324,0.9995875670459993,2.4791597295407586
-32713.614357613318,0.9014624800137758,2.8261671804619954
-32715.908566539678,0.6505709792838498,-2.38808674747207
-32720.219983674713,0.004396400891367445,-2.6957023878415365
-32729.324890640528,0.9243974386094191,-3.128582503391942
-32748.46924184188,0.0076264148009625565,-3.0073313533313346
-32784.59825093235,0.2484160218711428,-2.892949535705477
-32859.95007913512,0.006270200568614437,-2.3688461173484994
-33014.705785727514,0.5729001001505555,-2.410210496340865
-33079.2063115634,0.016933111209330578,3.101698037697153
-33079.2116935964,0.022296906097521337,3.078457626641873
-33079.231274008074,0.01965293201830481,3.1391471838804605
-33079.25517135831,0.01380896177401616,3.0499274712605073
-33079.30140183016,0.0037881566423056635,3.1023998737806506
-33079.416589661465,0.021618100677708123,-3.1254281084799804
-33079.64892421454,0.032284201048469595,-3.139492834906818
-33080.03441045009,0.047570180029809235,2.68428085224895
-33080.39746821972,0.5239505449128739,2.117780336206433
-33081.28017596492,0.9978017448924484,2.0332041958196827
-33083.396064912304,0.9963624284604117,2.853602752538624
-33088.904243407895,0.9976445515065118,2.345766766016607
-33098.85764436817,0.002568899707566687,-1.9472467520772543
-33118.58742007286,0.030573351643640695,3.055413545623777
-33156.04885055896,0.16237370224819736,2.7394721314709702
-33227.072042374035,0.7783850660589612,2.771184307580226
-33376.35287339904,0.22902824037853906,2.7579365417703574
-33439.80778679475,0.9904043665722512,2.532950094256454
-33439.810740678324,0.9998088166522343,2.606023056792873
-33439.81810777602,0.9998088166522343,2.6389771310653103
-33439.83574677114,0.9998088166522343,2.6527335397931013
-33439.88476513574,0.987640839333899,2.568966191975117
-33439.962075580814,0.9988660231428502,2.3986821807320773
-33440.15436433839,0.9957177949145851,3.0275316523374602
-33440.60933507206,0.9966998349578815,2.987090087432655
-33441.3740577039,0.9960138323952271,2.9191699528624397
-33442.67588730807,0.9206280833386009,-2.6632707221634355
-33444.22828007932,0.011936062497468848,-2.886740446813153
-33449.221677550384,0.0362859364200952,3.092234028120398
-33457.755819878716,0.028359473268069955,-3.0172339981671663
-33476.129329176074,0.0005910748443594925,-2.108895379154876
-33513.02847834415,0.0027472359762592312,-2.6230761041730477
-33591.751851711204,0.000492106097343318,-2.788413798352791
-33739.661843567585,0.9984563628505462,2.770077541374236
-33801.212463810756,0.9979656979685501,2.7427083313229534
-33801.2147556186,0.9979656979685501,2.717797863509894
-33801.23024374898,0.9972752179919457,2.752711721944509
-33801.25454472548,0.9982150208484795,2.740150288647799
-33801.311261625175,0.9980531609515947,2.6487909370854767
-33801.39468376908,0.9917217089060816,3.0040058452345813
-33801.58675067851,0.9628500014389012,-2.9821556564307152
-33801.94025570063,0.999562885713932,2.388784276166966
-33802.360187319,0.9995747866027798,2.4160630929008207
-33803.67137752511,0.9986808405299397,2.6232254381204436
-33806.25709445276,0.9986472152892237,2.505085442855459
-33810.31571306838,0.00042271331861142556,-2.6580886585747847
-33818.47958953402,0.21511754539496908,-2.742069852741196
-33836.473816192665,0.9969781851245265,2.779244443796837
-33873.79953801174,0.8456758245189492,-2.9516927990359876
-33951.294725326676,0.46770350540356687,2.2529594833944557
-34103.34512115106,0.7894043428948718,2.2788761059478446
-34169.41883010472,0.9996330843523026,2.799144072748323
-34169.431188661256,0.9996330843523026,2.862590206408151
-34169.44176917972,0.9996330843523026,2.9093887289289464
-34169.47720788017,0.9963194761545683,2.927375502464801
-34169.517368513356,0.9950580833408426,-3.0977810514733544
-34169.612105490894,0.9934378967355734,-2.9947749598736473
-34169.79557957063,0.9973199449839558,2.8831670482523313
-34170.17130571841,0.9944368251712743,3.071057182815676
-34170.903922527374,0.9953159193118725,2.874925600324099
-34172.30861913735,0.9998164333164146,2.764867338280231
-34175.0529398344,0.9393565818824271,-2.9366514934985277
-34179.56223195724,0.6822181613942374,-2.2456213133318705
-34188.3002693303,0.9990536831741759,2.884250032459695
-34208.09774689822,0.08287806736159213,3.106897229657344
-34246.81624114653,0.011826831306283161,-2.8476347960170383
-34322.127288860516,0.9877273151137885,3.0211098970001977
-34471.80579977478,0.03185124232942219,-3.1338189942909604
-34540.15523614302,0.9967657282410566,2.856677551271999
-34540.16827240632,0.9967657282410566,2.786704481905719
-34540.1867363954,0.9982510780078949,2.7396832454030093
-34540.20559831552,0.9994905138665057,2.7945015086953706
-34540.228413527424,0.9898865749961747,2.5884309366607505
-34540.3293266459,0.995671074018926,2.688561075070214
-34540.4995484216,0.9950243397660815,2.905937686025454
-34540.846939347735,0.9995357899481208,2.085681157432224
-34541.395626586695,0.9957250548082612,2.587993737954397
-34542.74625184681,0.9960388210239924,2.5329073333609466
-34545.42434246026,0.9977766677050531,2.408475004605279
-34550.35714794073,0.8047105587296789,-2.882089780569884
-34559.85049918666,0.0006030844140677664,-2.515997318790237
-34580.87401497644,0.6777442704183175,2.6289577949104315
-34617.07831958608,0.7187168102083002,3.120735179438399
-34693.41649494676,0.991680872935657,2.289327510068448
-34838.603089321645,0.005136966632087215,-2.650905309446041
-34902.22479621792,0.9970398399587836,2.9073294067508835
-34902.229586026435,0.9957148519602163,2.9095233634000985
-34902.24361580829,0.9906204162574851,2.921698276115139
-34902.273444269216,0.9974890879444933,2.9695411279125494
-34902.33541020889,0.9954000102689575,2.996824916584332
-34902.406781318416,0.9855826363271806,2.8411843828903223
-34902.57081753232,0.9994092078776564,2.745788234170064
-34902.93731578436,0.9553365485748773,-3.056444884468091
-34903.62486176833,0.8941814366361341,2.7026324141160565
-34904.276031853246,0.002849811750097457,-1.866684760166361
-34906.74873054974,0.02367304804597364,3.0537772357478694
-34911.57381925997,0.32980839103444165,-2.5849613559581486
-34920.98427528685,0.7002100200102617,-2.7665959623500345
-34939.67471751214,0.9910422741185371,3.035468398913073
-34975.15003066737,0.9636390858102238,-2.8080808106833226
-35049.42359061159,0.0004556398042734051,-2.360601261845929
-35198.41689100966,0.01762052953810282,-3.1095355156445788
-35263.09063327931,0.06437641686515583,2.6538070937211433
-35263.09044931799,0.06483163283459174,2.6019192732196395
-35263.09714573231,0.07043090957771708,2.60267884037986
-35263.11321554389,0.07670716769621425,2.470718100868357
-35263.14705082661,0.11341631205124178,2.338681266970821
-35263.19482139868,0.14503729046499686,2.51903429908894
-35263.317475371055,0.28454473212605175,2.612728365410433
-35263.58178547616,0.33098930052219866,-3.1155810703989397
-35264.09075082788,0.4598875580909939,2.5908256568403125
-35265.16893791485,0.998714232785628,2.82270623973646
-35267.36282369839,0.9990307961060042,2.665091287912162
-35271.79644548764,0.18346821380900474,2.7659984498585004
-35279.88083915444,0.5456766694283102,-2.616857683287216
-35299.284531268495,0.8951445009932285,-2.494817747917866
-35336.951926113696,0.9989717317646322,2.4794190462426284
-35411.955737662494,0.14823732927344307,-2.872206209232648
-35560.71686898316,0.9986657618437181,2.9160404718612067
-35627.821006247505,0.9056282246665266,-3.065399006564662
-35627.82564975965,0.9064040931357811,-3.070773711954954
-35627.82433408157,0.9082173568737958,-3.055367721655588
-35627.83238874783,0.9166820597872221,-3.0863082569691307
-35627.85559416298,0.9092881207828838,-3.0779872836435134
-35627.94374232028,0.9304030244045293,3.061134789191092
-35628.13273565119,0.9584728057413547,-3.11344134666089
-35628.43418857751,0.9369460618037867,-2.8795288081789425
-35629.17594817405,0.8287390853571114,-3.0093268354793588
-35630.34961393342,0.8032165122443992,2.3452856797353014
-35632.68829287061,0.9960018341298569,3.0374203252036427
-35638.12822134918,0.9982073545368491,2.5854420076950424
-35647.496732616004,0.6338166891546146,2.6714337523730487
-35665.489902270005,0.9962325189364759,2.4310598103620906
-35699.536140695076,0.5642658175564933,2.4335693910388905
-35774.06916601349,0.9992033244257498,2.6869920881925866
-35925.48193553312,0.9950450399079984,2.875679248991684
-35992.08391473132,0.9850668434153228,2.9571208228788537
-35992.08847550015,0.9862567555173828,2.9823606099217415
-35992.099004131655,0.9949899665288475,3.055482145684942
-35992.12688777126,0.9969173274383271,3.0307632031285596
-35992.169551081985,0.9889201590764212,3.0002022108782915
-35992.26899686106,0.9938632149600929,3.136788872347209
-35992.5024926383,0.9843425870909864,-3.0380449432083054
-35992.87481918662,0.906347419163796,-2.628404126911357
-35993.28372242034,0.484467121515986,-2.3054107264785526
-35994.062377342314,0.0014706813764878627,-2.6049382172081668
-35996.45797614613,0.5554788648803155,2.4608277745768508
-36001.25950651955,0.993963366200952,2.736266322017353
-36010.42429089759,0.003589222912793272,-2.502465835016468
-36028.658052337276,0.9982695941581209,2.4152638563447404
-36066.665009516044,0.00013558544616514576,-2.4723367320068537
-36139.12255957376,0.8256694257774174,-2.6847865244211095
-36283.35198269419,0.0006382326300980977,-1.9845065859801496
-36349.54698157815,0.9996966493043514,2.831609728427515
-36349.54984117321,0.9996966493043514,2.8316043346339512
-36349.55899389934,0.9984783573905054,2.819246690603043
-36349.57920237561,0.9989557067334716,2.8623912326677967
-36349.64748752712,0.9990882529432202,2.9173885698170547
-36349.723619496996,0.9915650958411005,3.0880676645416356
-36349.913755738526,0.9959660428542182,3.0249728305921373
-36350.29109447348,0.977380785407872,3.120349770287481
-36350.99016523631,0.8799047102708193,-2.625200950210948
-36351.273824045296,0.0014722801310265952,-2.208941258309842
-36353.43040251013,0.9496744009886356,-3.0904513361185164
-36358.27200092741,0.0014297650264680339,-2.7644454278063497
-36368.152996427896,0.002698036179215553,-2.669663096697747
-36389.30928234521,0.0031065150345740557,-3.0415412967347044
-36424.20852933183,0.7321065787072734,-2.342433556071112
-36500.13675683049,0.07605826596024234,-2.2637351157485504
-36646.727677131625,0.004208817085640162,-2.2825015939052617
-36709.87646133427,0.0016637824018251692,-2.692746423004349
-36709.884862304614,0.0016637824018251692,-2.6835392356878436
-36709.89004076625,0.0028098660922839074,-2.6876854542833737
-36709.918371075786,0.0012676511455560616,-2.6364411093810025
-36709.93998630102,0.0012676511455560616,-2.697670238072896
-36710.0300001955,0.0030740727912055643,-2.7593429636366693
-36710.24251335821,0.020487416581442555,2.9710958288910874
-36710.46449491039,0.19642171546458972,2.4889867134659465
-36710.73612953131,0.7631881853973979,2.509465589329663
-36711.843704454615,0.9903682274135348,-3.1312526906838363
-36714.61752796879,0.9803653568134021,-3.0683876487097925
-36718.89385955397,0.8979524804916799,2.704325696072801
-36727.84918105559,0.994852207597531,2.9686192993790534
-36746.59862170295,0.3369192345819916,-3.0073112706609604
-36783.730908704616,0.22616720096961448,2.777786733566698
-36858.74945545635,0.27002393817041137,-2.1272934351819863
-37011.43229502107,0.9858490368594706,3.080029586218788
-37074.44535817071,0.08617087083462328,2.903988243638347
-37074.45946525074,0.08650683539173486,2.8421338046222075
-37074.47170048829,0.09361435153000325,2.90398989056054
-37074.48496937896,0.09521991488783206,3.0320619979057533
-37074.51259590308,0.10548186333550014,2.844003753922758
-37074.56931254782,0.14452254904035242,2.6817794181058963
-37074.695440311014,0.2503036311559173,2.785757025847743
-37074.98499262382,0.463415421977208,2.9662876408222765
-37075.434063243076,0.7899379050130034,2.786237554658052
-37076.67693385857,0.9945745383849125,2.7473651211269168
-37079.70058422429,0.992251222879496,2.8700549797932764
-37084.2703173719,0.008058531386931318,-3.002138365281046
-37093.22587967562,0.997484061869535,2.5003837711516494
-37113.20281297481,0.0003679763893442011,-2.434243814398566
-37150.69136629515,0.00281893299907087,-2.9631650818312316
-37223.66358909472,0.011099633302554198,-2.76007960510373
-37378.756883566915,0.8929099518474137,2.423240873377539
-37442.32370658941,0.9961336399022321,2.5679244463079236
-37442.329570049704,0.9927480504550816,2.4937410008781082
-37442.32913258218,0.9946770453681736,2.465733383899469
-37442.34212821501,0.9918670210315756,2.545207522930104
-37442.38022448311,0.9980498491979051,2.357933846023464
-37442.42017608936,0.9998338458034925,2.5668448053368556
-37442.57275683437,0.9941301952785301,2.464210817495041
-37442.79702766004,0.9984074861862797,1.9939019315359676
-37443.28806524929,0.9929802587497446,3.0383030528909334
-37444.64373457255,0.7545000406341453,-3.131656563336076
-37447.31677600723,0.9053253647760754,-2.6098339013970624
-37451.544556149594,0.9990306806272354,2.5047454986572895
-37460.52743969419,0.7943632422900706,3.085434795250457
-37478.88760530452,0.9893212717918033,2.9277787832406874
-37515.86849793086,0.15884562465971835,-2.6073740090850297
-37587.177383426584,0.983277850951196,2.946409856994075
-37736.68858749462,0.9996760485593358,2.043734799533275
-37800.1494087653,0.051718603305330645,-2.3056459297362872
-37800.14698684021,0.04995141150200343,-2.3152076866782365
-37800.158537834206,0.041396932330197464,-2.323446963151873
-37800.17886939141,0.024993374512603174,-2.3786834966520454
-37800.21263573314,0.003994142877200962,-2.495847625400346
-37800.324179900104,0.003632835412459751,-2.435526474265171
-37800.52127474213,0.008415930147038713,-2.917787549251531
-37800.943831400415,0.0019386723289602074,-2.7365227175915434
-37801.556755065474,0.005897900811743799,-2.9341939553543495
-37802.955707214816,0.004358360703625545,-2.7551941379078437
-37805.46887214693,0.6174533611197036,3.0560790098021338
-37809.25590430898,0.0003111507528220981,-2.5464868561994423
-37817.655046697706,0.9992451391469064,2.704096694229851
-37837.71941594151,0.9997847120659727,2.679341353554644
-37874.44386345802,0.12134352631142434,-2.7631988565654546
-37947.79785116349,0.6504607958406339,3.0878538985434982
-38095.30863920436,0.003734739049294833,-2.5294069828158183
-38162.6500503191,0.1314419610824276,2.9080395153963936
-38162.65775692279,0.1320700195598607,2.924440968345877
-38162.6613653719,0.12238832774364566,2.9145699442065096
-38162.69150451874,0.1281333728157763,2.8275565582166546
-38162.73203068646,0.12991931870061812,2.7403472244480955
-38162.83641219038,0.16182017793830059,2.789243378356529
-38162.97136925765,0.23689359892476616,2.360659094635956
-38163.18087709682,0.5043724907149327,2.4810758078673594
-38163.53190240391,0.9993620999390449,2.595493551848886
-38164.74106321979,0.9967797423449525,2.424634673813685
-38165.7824676898,0.004165914558009166,-1.7212779249243308
-38170.33660715774,0.9983501832569776,2.693774863078686
-38180.890561853295,0.02894045011818009,-3.037042183226506
-38199.71614121472,0.9742271245676806,2.804843282878762
-38237.80054875167,0.99883015647102,2.5282709443576987
-38310.161109474255,0.6847118110896254,1.9739658846939
-38459.977111535016,0.9923218684969735,-2.977338146446051
-38526.52246335662,0.9997137622603941,2.4993011324848347
-38526.52447641599,0.9980623667391437,2.5021759968117303
-38526.532250920834,0.999677518659276,2.5499958739566297
-38526.5559708813,0.999677518659276,2.6365594257038225
-38526.59589589589,0.998442215322184,2.8030559623994797
-38526.70839570742,0.9948195838220142,2.987546696776038
-38526.952348634964,0.9977450616258386,3.063408556017005
-38527.34647856737,0.994432942573303,3.015294864111218
-38528.16375359847,0.9989998268429758,-3.094594974320539
-38529.213116677485,0.5646632821188193,-2.664552872072047
-38531.384021591315,0.004699712709521488,-2.892290678202752
-38536.07008415413,0.9813869070011804,2.487236280974532
-38545.11929993517,0.9978270765437705,2.551313999953871
-38563.40003288184,0.9956228065708299,3.1109240803409985
-38600.078720883044,0.006264562181652178,-2.507682421803746
-38673.335668259635,0.8172926634419565,2.3129142569468577
-38823.84282292767,0.9991213984239572,2.0441358189774164
-38882.777526175174,0.8547045829956017,2.2805346660021986
-38882.77376354912,0.8643187596852502,2.258735573250223
-38882.78040164318,0.8773855338918715,2.2583983922875426
-38882.783193048606,0.9000396107679631,2.2770404395186388
-38882.81757949748,0.9628608965676961,2.3254285215556685
-38882.88595720907,0.9961800707899311,2.591174110290555
-38883.07371044899,0.9951944614674642,2.6451097653898135
-38883.36130382464,0.9979465208679523,2.7551986345500783
-38884.0059696311,0.9965062200285935,2.4019768000079367
-38885.34113769326,0.9668876597078205,3.063102261821318
-38887.857827929976,0.9990411320265138,2.852060585242345
-38892.46846183265,0.9993317861639052,2.5144849722469953
-38902.12272118852,0.00227834274964275,-3.014020559473035
-38921.02890640695,0.995271440739238,2.6697718070040466
-38959.318917436016,0.007278472532532139,-2.8763009291507236
-39035.18804747073,0.24187252892922995,2.909058263100068
-39181.092610725755,0.7151803663545401,2.829647029548756
-39244.576459156306,0.013403998170686854,3.0415283972564158
-39244.58115091102,0.01766591465006412,3.046340420511033
-39244.5954579069,0.014195386839667926,2.97542003417089
-39244.62543565596,0.017448505728081695,2.8907078389473337
-39244.66287812783,0.0321826160996576,2.9685240056146593
-39244.75078333192,0.08271627087483237,2.943500612372036
-39244.9176881288,0.1170942289463073,2.864039537902708
-39245.2605407229,0.1327556947788913,2.607595268657171
-39245.70313783641,0.5900140437567509,2.8938280195621697
-39246.86476228163,0.746595444158245,-2.5571510565346998
-39249.08378742733,0.06457345211809185,2.621310588256412
-39254.25357890899,0.9959322733302862,3.135932896260554
-39264.59840399525,0.11186926396649935,3.0467755117700044
-39283.49759640364,0.8136114382777224,-2.8529365448862016
-39320.257528083006,0.9946071233317889,2.596173210393749
-39395.83451663592,0.3993433868235778,2.2567591726936964
-39545.609743284236,0.8130825460359117,-3.051161261043684
-39609.60971422427,0.9978861154099569,2.583068157137296
-39609.6143353907,0.9984118194676364,2.51768662714069
-39609.63220975465,0.9984118194676364,2.5056000013522066
-39609.641756165605,0.9992083411079867,2.525745842250691
-39609.683948288184,0.9954655948304448,2.6506731718799044
-39609.75720811401,0.9849008426189632,2.524971816140461
-39609.89310487823,0.9992266838824149,2.6422437074916996
-39610.23859146952,0.9972038855992299,2.811532315734155
-39610.91562754393,0.9675796156688885,-3.1216014849094367
-39612.39899137314,0.9981744910269409,2.8612906667836455
-39615.0552962483,0.8518016733535233,-2.7082420454839364
-39619.9194287447,0.9763834327941989,2.9430147572051535
-39627.23568647049,0.5737712211057802,2.8608054168296153
-39638.523494197274,0.4987669147085036,2.9644662450671557
-39676.959861740994,0.48277562763650456,-2.3662222828693853
-39751.131361925945,0.5139176717304401,2.374797905875319
-39899.32564931489,0.6604876001554212,3.011817755354935
-39964.56293081332,0.9996023539706452,2.824697715401264
-39964.563398574086,0.9996023539706452,2.8731854531995324
-39964.571934669555,0.995115671369482,2.8947929090109072
-39964.597221718475,0.9960644511035758,2.814465246744965
-39964.643195427256,0.9999567721849784,2.6767168293736887
-39964.73784334513,0.998831316701044,2.609932442725201
-39964.87561688294,0.9973405321821993,2.8413093070332387
-39965.20741755185,0.9469700761723677,-2.7966489268058625
-39965.85377971189,0.8112288405358623,3.039954567032116
-39967.0823655865,0.7955732357205333,2.8217902477631416
-39969.66073807679,0.9267495832822435,-3.114861144218792
-39974.583675108835,0.016312088201709873,-2.7824166031302955
-39984.78442377988,0.9970165172916595,2.6765220012780286
-40005.28465242067,0.005892931989133668,3.096674404936545
-40045.37076381659,0.1060620416540864,2.4803039729049257
-40118.317237903924,0.9966499334760864,2.373582988879103
-40266.712658133314,0.9992830602478275,2.2072457886862953
-40329.507751267425,0.21204988140742478,-2.380188342856149
-40329.50283837004,0.21157575138076598,-2.4196074585128815
-40329.502114715375,0.21610933824126308,-2.4310819739260516
-40329.51241256402,0.21379430958882079,-2.4955704597707906
-40329.54369802022,0.1903349434692651,-2.9457002812314865
-40329.62161683316,0.14439872219995514,-2.7283890642100506
-40329.814241998705,0.06583661308609212,-3.0144817706819524
-40330.17683296101,0.05936863012053935,2.9293396967930256
-40330.77933108641,0.1375763625438487,3.0402770708753604
-40331.80056260119,0.7145480545272481,2.4988226465741263
-40334.17252417428,0.9548753502178916,-2.8153943228895426
-40338.87608453531,0.42646273632867104,-3.0885415122087054
-40346.77172612798,0.9991108599767687,2.6052338482519195
-40365.598505711656,0.9901638905572998,2.7452694170507757
-40401.30019726926,0.015450726161864613,-2.8204009090153077
-40470.73432646515,0.9950236263853324,2.642565384384329
-40615.32015114769,0.8030916437148998,-2.9175615042143517
-40682.03431821182,0.9955964565841922,2.5804308426705838
-40682.04060943278,0.9999449080482553,2.5401862111535696
-40682.04081354847,0.9886618089635428,2.560280334618347
-40682.09049832376,0.9928089775045744,2.5236837349090386
-40682.13431406758,0.9992431044473603,2.586824541424223
-40682.22619419024,0.9937230623006879,2.4283959861440056
-40682.385930306344,0.9994117817776809,2.389644194214828
-40682.67310807847,0.9904181596999408,2.750180109606357
-40683.397192103126,0.986159881934045,3.12012500745642
-40684.952624141944,0.9987929683725191,2.787597307033809
-40687.32533599259,0.9974842922108814,2.6606677997332104
-40692.292417048375,0.9978601644992039,2.691928783869902
-40701.61403947362,0.9878436325668543,2.7507183096041867
-40719.62351776282,0.704661699770891,-2.900857684269077
-40758.57012719128,0.8089304985287414,-2.7706483156282062
-40832.88661773928,0.01225683587959501,-2.8752988136373556
-40985.651469248274,0.17242551286370336,2.4055279454817207
-41052.12814887867,0.0008325891741952614,-2.507865098920748
-41052.13287272385,0.004284069561573213,-2.5473704359652065
-41052.13827265898,0.0013738124650106499,-2.502069824002581
-41052.151941987286,0.004198320104544025,-2.4285156080795582
-41052.187469732606,0.004508327296725309,-2.5750998226560986
-41052.26354592323,0.00261655864172884,-2.447558174014812
-41052.49637017631,0.0034149078370697998,-2.740656581714436
-41052.8733969506,0.01395338890925682,-2.983010366237994
-41053.67016430193,0.021196913835056022,-2.753505185506539
-41055.05928728411,0.14907291563316596,-2.849324786503785
-41057.093147202155,0.9994037293073312,2.509626785624466
-41061.46587135728,0.996369249582097,-3.1412331818180443
-41068.82253195081,0.9987233840776295,2.89437333188929
-41087.690554726534,0.008751762027272092,-2.653847266850956
-41124.182337265614,0.9977603141101904,2.3977714332889537
-41196.84666490077,0.00650732624876889,-2.3722960279725194
-41345.5876921612,0.7410343117531909,2.550789580547863
-41413.203224050194,0.997203298099468,2.457257747630811
-41413.20768073048,0.997203298099468,2.457796152281806
-41413.21489963731,0.997203298099468,2.4783012393445407
-41413.2259563642,0.997203298099468,2.3824622995058515
-41413.255162561145,0.9992679133485568,2.4390812534167248
-41413.34140994942,0.9943307936000526,2.3883578969963226
-41413.493822225806,0.9983923435502413,2.927419606850652
-41413.88766811769,0.9980340642251563,3.0574328373312785
-41414.59459024598,0.9877301575235294,2.784348589705675
-41416.08922712432,0.9117604294794595,-2.9663516729032944
-41418.42744297588,0.03458213280906018,-2.8870480760290165
-41423.73066545794,0.005769839844239321,-2.2337746145987576
-41430.905806355346,0.15562165666997943,2.947416930763084
-41448.94536702364,0.012667858043927744,-2.815495468412412
-41487.08301583227,0.7991259272777007,2.832847066472697
-41563.78278303485,0.6928248975019565,-2.2723170455414854
-41713.935612272384,0.011615828237486227,-2.7964251960010222
-41780.64262829068,0.0302287942505026,-3.0012503308927667
-41780.641847958694,0.02821751234835463,-2.9625428448165914
-41780.660530872505,0.024044546028069578,-3.003237005743939
-41780.67647664626,0.022937435687717604,-2.886134507438349
-41780.707258560986,0.0007042149423381963,-2.626003705773925
-41780.79293887838,0.0005680606950051543,-2.8995382850517992
-41780.94187487842,0.0020967219248021096,-2.693792943218838
-41781.263031922426,0.0001813622690741137,-2.3400057486761647
-41781.883755825955,0.001491005209641209,-2.4264474002625938
-41782.983780243885,0.24243328314564527,2.8960435570754175
-41784.86800950518,0.9969793504796395,2.7327756255807314
-41789.22610768679,0.0037268145101723876,-2.1340159462365915
-41798.61557110644,0.9866816317720271,3.115207314122152
-41818.75219211275,0.976637919111847,2.9342009962674167
-41855.01792593832,0.9909008763151013,3.039189705536449
-41927.55255093803,0.7818126457223711,1.79281814429004
-42078.16633047616,0.6812948157496118,-2.2766067678611615
-42143.94427672907,0.9899636756213086,2.6883662708033835
-42143.95477384511,0.9911498018546588,2.684661381893214
-42143.975527375944,0.9976997887575562,2.826290400566508
-42143.99649264225,0.9941507283555177,2.798363352922684
-42144.038867853465,0.9947200585526518,2.9363288489281203
-42144.14289952159,0.9893151501858483,2.906996284429866
-42144.33605399796,0.9672526487251899,-2.9780274128019224
-42144.708229981974,0.8603180742861631,-2.6672500482838783
-42144.955830378545,0.30483050403841855,-1.94417208903796
-42145.772057123875,0.0026137802938288237,-1.963322375065749
-42148.07465687421,0.008377242636886356,-3.1254795813872933
-42153.67810410719,0.03881402336551499,-3.09591430297772
-42163.22541791763,0.9907265547377739,2.6024463695413065
-42182.41274227355,0.0014252595336324279,-2.8130677404876283
-42220.40436908163,0.10859934371463609,2.923368884173181
-42294.83749196765,0.9964794217972042,2.778121470253531
-42443.54016912356,0.00162439715642224,-2.859493447594046
-42508.861653744796,0.9915160878022988,2.561290966166017
-42508.86822280992,0.9872117124240284,2.5290478821689586
-42508.86261050855,0.9978622244836564,2.51773635460653
-42508.87969613325,0.9974699010043232,2.4921473695381087
-42508.93094741525,0.9973425364137477,2.4474262119908747
-42508.99488086415,0.9969216830371362,2.5657627988749594
-42509.21267767545,0.9992412759677982,2.1740095469347596
-42509.540196547176,0.98744139360656,2.8871059585016363
-42510.20064450907,0.9996432429509666,2.2804103793699193
-42511.44840661838,0.99729563252582,2.878295306279412
-42514.29594397867,0.9879720076579135,2.8231163856979107
-42519.2802146415,0.10184770090571821,-3.0326823054243164
-42528.246130327054,0.15058357027996222,3.0521944364238855
-42545.69002360606,0.0586982027463093,2.5983887686302296
-42583.77053936092,0.47016018012215366,2.278431511294924
-42660.80296440734,0.007524022784346232,-2.9045754913455055
-42812.606636252145,0.9684395961877547,-2.681434826940528
-42875.17157360103,0.9987477966323837,2.7727738300403315
-42875.17196113778,0.9987477966323837,2.804510943291202
-42875.18092769056,0.9987477966323837,2.787572949340783
-42875.192075584266,0.9987477966323837,2.860169885142623
-42875.22733387554,0.9953838585250846,2.7522581413858678
-42875.321111115525,0.9982094657531382,2.7921421749578608
-42875.553135937356,0.9991874629320785,2.8773519332548085
-42875.89053072673,0.9829682169080507,2.56598383338899
-42876.58375213755,0.984501629434294,-3.121780656374375
-42877.93825572866,0.9232962665344955,2.929446268318223
-42880.3758798548,0.6578445372693856,-2.824458244743715
-42885.19468875904,0.012187803135840405,-3.0031693768404852
-42894.478909152705,0.00032878487312496896,-2.8915781694594456
-42914.7357740597,0.979212334285731,2.846373276851013
-42950.9583264346,0.3162596195712139,-2.3804715976097293
-43026.18131271635,0.8418853656688104,-2.5225111439196892
-43175.44200726665,0.23588665803750214,-2.1757307181625922
-43243.24377239019,0.9555686484422282,2.6543349556247176
-43243.25295746949,0.9552547908951167,2.616803847779929
-43243.2617442584,0.9567865593079554,2.594752771863998
-43243.2840236679,0.9684444001467495,2.5600281422879974
-43243.3067518291,0.9950417069915287,2.7764730825337747
-43243.38890088058,0.9950047524161866,2.776480214022169
-43243.553110633315,0.9993199414389451,3.033487041838322
-43243.88565036669,0.9974947677074582,-3.117947988358594
-43244.61703699439,0.9979418606949686,2.406082525285875
-43246.00410172889,0.9308336646409959,-2.999085201576704
-43248.56591096152,0.8951852082369827,-2.5522735599001005
-43252.58482903832,0.0011957039767489007,-2.7630596898151127
-43262.248360782054,0.14249341269875976,-3.115124187984738
-43280.06795727259,0.9864670313705052,2.3480788456701314
-43317.37485737014,0.8376491134067416,2.6207294968026043
-43393.5126395572,0.992356092851918,2.8201096809331316
-43546.431517760575,0.9996949972836381,2.4931687641824034
-43609.56717163754,0.010503957604820188,-3.02776450905632
-43609.58381961334,0.012870448460815826,-3.0693784253420113
-43609.59835829561,0.01312902677819202,-3.100146650329469
-43609.6092198315,0.029651509312702648,-3.052582094870057
-43609.64438625095,0.03345695510218844,-3.03791110073093
-43609.71643090297,0.025625151816855214,-3.1185317593217756
-43609.88482518393,0.000370400879322308,-2.727201957673337
-43610.274610072585,0.007665768653707329,-3.0312193784114023
-43610.925287621685,0.13789584008569158,2.962384892239152
-43612.398002635564,0.017288878511205398,3.0971223269253167
-43614.44735214902,0.7510857325478301,-3.0243485700843924
-43619.030150313025,0.0013221556173029065,-2.7305328865436
-43628.1984109315,0.8540020943191763,2.8242078349641186
-43647.436605617186,0.8008538873004282,-2.8934033289565995
-43681.50079156578,0.8089594736518454,-3.006238118875798
-43756.34712518571,0.0002467924226953319,-2.1155207261183078
-43908.765969717846,0.013122268674595285,-2.9427609882678105
-43972.10650146703,0.992962149016694,-2.9979854483463706
-43972.10689703941,0.9995420686127351,-3.0091619428842247
-43972.11385673472,0.9963256245255064,-3.0504645046889607
-43972.121612097464,0.9885065612369718,-2.718160971131151
-43972.16070876528,0.9913862981505757,-2.8740182031074673
-43972.25326177255,0.9997034002265502,-3.0428432422075073
-43972.43707918446,0.974499937871664,-3.0621396336627407
-43972.804117779655,0.8565328902205165,-2.5871715053318973
-43973.38122150308,0.6943312749543024,2.9963069118743952
-43974.4085640637,0.9997627186338957,2.502716061137062
-43977.06432920082,0.7937420056591774,-2.7611124518723504
-43982.16910209123,0.025483877053348952,2.908666089957327
-43992.382135345324,0.9591083750817017,2.8462615243692078
-44011.7792545192,0.999302149585018,2.533344157838501
-44050.392850834396,0.040061261328479716,3.127548347263697
-44120.48769226465,0.9989951576581594,2.244436297136633
-44270.08036247495,0.9910222360560462,2.487618661725211
-44331.44947035257,0.2855705241955548,-2.5544934329861184
-44331.44449065545,0.28486796590259555,-2.5290422905208385
-44331.438542631724,0.27587737320503697,-2.539539919078002
-44331.450854082,0.255591727991202,-2.5520900414206333
-44331.47961865316,0.24061092439824164,-2.573680594027073
-44331.53182552796,0.20212677468743506,-2.7785767968038075
-44331.7273838719,0.10963280721378921,-2.820191610360212
-44332.11369156319,0.0016299007872245044,-2.81718569251484
-44332.74404601106,0.0003831957535436782,-2.22237104475483
-44334.13491175527,0.006432664735601295,-2.981459856269509
-44336.27433276486,0.9995714939296049,2.3328591971760524
-44340.79943865976,0.02131380803342322,2.9767649853248184
-44350.48444640979,0.6541581315604306,2.346426329375645
-44368.39343101821,0.22724979380282376,2.4829579569679296
-44404.951237617526,0.19418688390217273,-2.9530497032219865
-44479.892259326596,0.07595845368294318,-3.0696980679870363
-44630.10538002725,0.043008546727194945,3.029849582397784
-44696.14336972632,0.0631588918490707,2.5636516942441627
-44696.14560866418,0.06850922219334023,2.5046366953634784
-44696.15764396601,0.07336981469687581,2.6404756916160483
-44696.18198382304,0.092135702150617,2.6259358383719054
-44696.20225238706,0.10246602248211366,2.4759559567812897
-44696.246632795286,0.15407403733741232,2.455905223314703
-44696.34959282759,0.31122018173921623,2.5938136538521723
-44696.52148641803,0.4991148872726199,2.4102609368905306
-44696.89242781804,0.9197834750538274,2.7673207772209967
-44698.271054773046,0.9983712294030903,2.5092778010220673
-44700.99245789844,0.9978306983083395,2.933210239817692
-44705.7548148351,0.2986390173431776,-2.5360689353980863
-44715.60229302242,0.7524056960313117,-2.7070150534670385
-44734.58193295875,0.9967615387808432,2.757688269796283
-44771.575667490244,0.4552921638862648,-2.5118440086147267
-44843.39829601429,0.821190388486761,2.6606701843494864
-44992.35895254089,0.9985507608136661,2.181487967873573
-45054.79195608757,0.9959738933871226,2.356016049228135
-45054.79427801823,0.9959738933871226,2.3624173253253
-45054.807713170674,0.9991077537649843,2.3958828333617994
-45054.81564753194,0.995344802433738,2.4857820508483197
-45054.86599889376,0.9988081984238805,2.4194750096692568
-45054.948519312864,0.9987592714427959,2.5776062377061706
-45055.09822540681,0.9983902529414183,2.4823874474890344
-45055.430902820495,0.9892475362628703,2.9343271208143182
-45056.12509273946,0.991334198373492,2.869457918204457
-45057.260441895945,0.9986066749951673,2.1419858741475846
-45058.91794438535,0.99560086735472,3.039150871675105
-45064.00396713542,0.10368598002061591,2.602986407923998
-45072.10384287861,0.008983838089074218,-2.866877815149948
-45090.533205880914,0.3497252242906425,2.288425982606525
-45127.859834823335,0.9940927378120311,3.0225802562134128
-45203.58381779339,0.8484644550434987,2.879790193519268
-45353.00492900744,0.996673859295234,2.5876803129384234
