0.001
0.002
0.011
0.008
0.002
0.01
0.008
0.024
0.006
0.011
0.003
0.002
0.04
0.008
0.018
0.0
0.04
0.017
0.018
0.0
0.063
0.0
0.006
0.05
0.059
0.014
0.042
0.001
0.03
0.002
0.012
0.003
0.033
0.01
0.002
0.005
0.011
0.051
0.005
0.021
0.001
0.023
0.092
0.0
0.004
0.018
0.038
0.006
0.05
0.07
0.067
0.016
0.003
0.096
0.014
0.006
0.061
0.004
0.112
0.0
0.042
0.072
0.013
0.034
0.01
0.004
0.05
0.08
0.106
0.002
0.012
0.036
0.001
0.087
0.069
0.015
0.033
0.0
0.122
0.057
0.0
0.031
0.11
0.009
0.002
0.013
0.131
0.002
0.143
0.003
0.05
0.08
0.075
0.152
0.066
0.013
0.0
0.001
0.128
0.062
0.104
0.065
0.019
0.156
0.019
0.074
0.002
0.0
0.001
0.164
0.17
0.107
0.097
0.173
0.07
0.138
0.175
0.117
0.113
0.084
0.008
0.075
0.147
0.007
0.194
0.179
0.065
0.119
0.107
0.002
0.005
0.028
0.127
0.001
0.082
0.004
0.206
0.001
0.104
0.069
0.028
0.215
0.162
0.02
0.025
0.149
0.116
0.016
0.105
0.208
0.223
0.189
0.052
0.025
0.054
0.222
0.021
0.231
0.04
0.009
0.021
0.013
0.0
0.069
0.006
0.153
0.022
0.031
0.014
0.176
0.065
0.011
0.144
0.105
0.002
0.001
0.122
0.082
0.195
0.003
0.221
0.232
0.206
0.224
0.002
0.156
0.002
0.192
0.185
0.205
0.204
0.06
0.203
0.17
0.07
0.184
0.099
0.276
0.011
0.24
0.1
0.019
0.1
0.002
0.313
0.004
0.307
0.096
0.042
0.078
0.292
0.026
0.01
0.19
0.307
0.248
0.045
0.128
0.143
0.001
0.145
0.135
0.067
0.073
0.087
0.22
0.0
0.008
0.053
0.299
0.193
0.036
0.128
0.013
0.197
0.027
0.279
0.086
0.246
0.038
0.115
0.086
0.316
0.309
0.117
0.267
0.107
0.054
0.248
0.048
0.024
0.015
0.226
0.073
0.09
0.277
0.396
0.229
0.232
0.011
0.143
0.3
0.05
0.185
0.019
0.416
0.052
0.042
0.322
0.016
0.381
0.042
0.276
0.215
0.021
0.0
0.132
0.134
0.304
0.385
0.128
0.038
0.161
0.317
0.057
0.199
0.365
0.056
0.015
0.206
0.089
0.107
0.081
0.119
0.25
0.136
0.07
0.452
0.13
0.004
0.041
0.041
0.031
0.041
0.064
0.21
0.079
0.154
0.271
0.337
0.013
0.031
0.081
0.372
0.37
0.346
0.487
0.076
0.027
0.046
0.179
0.088
0.131
0.006
0.01
0.398
0.094
0.273
0.368
0.044
0.13
0.513
0.052
0.11
0.021
0.0
0.257
0.516
0.457
0.078
0.004
0.082
0.262
0.471
0.025
0.347
0.277
0.166
0.044
0.121
0.519
0.283
0.148
0.104
0.048
0.412
0.007
0.247
0.391
0.139
0.152
0.388
0.32
0.3
0.318
0.244
0.14
0.041
0.259
0.502
0.238
0.195
0.226
0.036
0.246
0.34
0.526
0.009
0.496
0.071
0.557
0.403
0.589
0.58
0.017
0.51
0.37
0.068
0.057
0.44
0.036
0.069
0.063
0.015
0.303
0.131
0.288
0.348
0.358
0.068
0.554
0.487
0.509
0.11
0.434
0.048
0.134
0.089
0.203
0.397
0.605
0.066
0.57
0.567
0.493
0.089
0.295
0.064
0.388
0.481
0.047
0.341
0.638
0.26
0.096
0.229
0.134
0.077
0.624
0.602
0.572
0.467
0.343
0.033
0.634
0.16
0.014
0.201
0.598
0.007
0.674
0.166
0.358
0.02
0.24
0.046
0.681
0.148
0.185
0.621
0.055
0.45
0.005
0.037
0.086
0.149
0.108
0.249
0.56
0.576
0.337
0.041
0.429
0.189
0.487
0.139
0.227
0.164
0.43
0.272
0.047
0.363
0.395
0.455
0.145
0.253
0.199
0.019
0.104
0.087
0.135
0.038
0.075
0.001
0.127
0.094
0.114
0.229
0.047
0.04
0.594
0.162
0.051
0.144
0.162
0.048
0.263
0.73
0.074
0.337
0.737
0.292
0.754
0.746
0.084
0.548
0.35
0.059
0.263
0.343
0.273
0.074
0.205
0.23
0.28
0.212
0.032
0.151
0.079
0.025
0.727
0.619
0.137
0.066
0.247
0.107
0.471
0.055
0.001
0.342
0.682
0.122
0.776
0.735
0.381
0.041
0.653
0.033
0.763
0.068
0.11
0.276
0.125
0.254
0.087
0.035
0.456
0.408
0.779
0.401
0.774
0.124
0.709
0.074
0.703
0.08
0.754
0.571
0.079
0.392
0.348
0.589
0.784
0.636
0.081
0.088
0.0
0.063
0.039
0.04
0.241
0.151
0.076
0.072
0.108
0.071
0.738
0.019
0.615
0.046
0.395
0.076
0.575
0.088
0.493
0.889
0.088
0.392
0.094
0.203
0.691
0.079
0.078
0.068
0.638
0.537
0.851
0.101
0.048
0.161
0.264
0.084
0.709
0.251
0.139
0.108
0.243
0.048
0.749
0.623
0.142
0.052
0.209
0.805
0.316
0.135
0.382
0.041
0.067
0.276
0.018
0.411
0.232
0.288
0.126
0.204
0.946
0.2
0.275
0.928
0.747
0.699
0.261
0.95
0.941
0.147
0.186
0.419
0.133
0.497
0.639
0.633
0.628
0.071
0.225
0.935
0.911
0.254
0.51
0.03
0.757
0.037
0.091
0.141
0.016
0.044
0.126
0.063
0.455
0.79
0.204
0.367
0.052
0.205
0.253
0.953
0.286
0.328
0.206
0.065
0.077
0.864
0.403
0.121
1.025
0.058
0.179
0.117
0.65
0.904
1.0
0.975
0.969
0.074
0.084
0.023
0.86
1.004
1.047
0.228
0.082
0.144
0.859
0.31
0.955
0.1
0.105
0.045
0.436
0.15
1.068
0.831
0.657
0.053
0.124
0.767
0.147
0.082
1.058
1.011
0.153
0.074
0.628
0.997
0.083
0.044
1.071
0.124
0.768
0.222
0.945
0.526
0.043
0.853
0.06
0.864
0.076
0.014
0.431
0.33
0.08
0.633
0.652
0.097
0.805
0.036
0.642
0.764
0.542
0.543
0.384
0.801
0.246
0.049
0.649
0.043
0.494
0.198
0.085
0.962
0.139
1.137
0.06
0.968
0.895
0.73
1.179
0.499
0.096
1.121
0.194
0.978
0.025
0.318
0.36
0.803
0.727
0.121
0.212
0.122
1.154
1.116
0.082
0.718
0.509
0.459
1.137
0.091
0.043
0.207
1.187
0.291
0.961
0.602
0.211
0.053
0.071
0.137
0.444
1.089
1.115
1.171
0.527
0.046
0.406
0.97
1.231
1.225
0.539
0.184
0.869
0.05
0.165
1.114
0.021
0.408
0.366
1.007
0.224
0.91
1.24
1.075
0.033
0.033
0.053
0.065
0.576
1.277
0.122
1.281
0.224
0.891
1.241
0.469
0.373
0.633
1.075
0.373
0.23
0.159
1.185
0.104
1.05
0.025
0.028
0.897
0.14
0.934
0.02
0.092
1.146
1.268
0.901
0.989
0.031
0.41
0.043
0.249
1.211
0.44
1.283
0.026
0.035
0.853
0.01
0.03
0.252
0.089
0.349
0.245
1.296
0.219
0.295
0.048
0.104
1.101
0.029
0.599
0.584
1.154
0.669
0.645
1.211
0.941
0.371
0.057
0.115
0.034
0.513
0.169
0.281
0.393
0.292
0.376
0.114
0.297
0.06
0.018
0.185
0.06
0.4
0.122
0.849
0.048
0.897
0.062
0.166
1.05
0.061
0.05
1.063
0.057
0.147
1.39
0.055
0.366
0.056
1.362
1.006
0.782
0.852
0.138
1.351
0.068
0.473
0.757
1.382
0.581
0.061
0.622
0.094
0.868
0.297
0.174
0.186
0.184
1.249
1.258
1.383
1.35
0.213
1.377
1.419
0.786
0.177
0.071
1.399
1.374
0.109
1.371
0.733
0.039
0.16
0.176
0.137
1.442
0.081
0.033
1.243
0.09
0.926
1.455
0.188
0.045
0.942
0.165
0.675
0.361
0.048
0.879
0.473
0.111
1.438
0.163
0.219
1.287
1.347
1.447
0.068
0.216
0.029
1.143
0.037
1.366
1.464
1.38
0.867
0.138
0.46
0.839
0.097
1.383
0.166
0.24
0.401
1.309
1.46
0.27
0.427
0.696
0.231
0.058
0.302
0.355
0.064
0.217
0.689
0.092
0.557
0.022
0.032
0.225
0.103
1.232
0.09
1.52
1.389
0.345
0.021
0.051
0.267
0.055
0.169
0.032
0.109
0.138
1.444
0.58
0.073
0.245
0.051
1.377
1.567
0.156
0.089
1.416
0.13
1.549
1.118
1.543
0.139
0.146
0.09
1.592
0.069
1.167
0.469
0.117
0.075
0.053
0.053
0.094
0.265
0.04
0.059
0.077
0.236
0.014
1.469
0.15
0.573
0.149
0.128
0.1
1.244
1.623
0.063
0.035
0.555
0.118
1.555
0.297
0.235
0.282
0.395
0.053
1.487
0.153
0.364
1.647
0.667
1.225
1.594
1.354
0.253
0.253
1.284
0.042
0.229
0.044
0.086
0.052
1.171
0.098
0.414
1.568
0.364
0.224
0.277
0.112
1.107
0.232
0.149
0.227
0.062
0.152
0.032
1.654
0.055
0.454
0.032
0.116
0.057
0.081
0.512
0.268
0.08
0.24
0.094
0.349
0.033
0.289
0.271
1.373
0.323
1.121
1.677
0.148
0.394
1.598
1.574
0.038
0.055
0.196
0.017
0.109
1.674
0.128
0.198
1.554
1.673
1.704
0.199
0.058
1.286
0.088
0.104
0.055
0.238
0.035
0.093
0.191
0.035
0.063
1.61
1.047
0.606
0.066
0.396
1.441
0.025
1.704
0.05
0.469
0.714
0.058
0.204
0.212
0.531
0.041
0.204
0.044
1.635
1.712
1.631
0.186
1.774
0.315
0.222
0.923
0.191
0.199
1.128
0.232
1.418
0.143
1.469
0.063
0.125
0.518
1.634
0.358
0.078
0.214
1.55
0.056
0.127
0.186
0.104
1.298
0.109
0.587
0.134
0.2
1.802
1.518
0.067
1.757
0.404
1.581
0.246
0.426
0.138
0.615
0.126
0.119
0.047
0.099
0.114
1.752
1.78
0.296
0.042
0.211
0.044
0.1
0.333
0.163
0.093
0.293
0.203
1.729
0.036
0.452
0.267
0.373
0.065
0.026
0.513
0.143
0.055
1.479
1.807
0.114
0.095
0.102
0.371
0.078
1.881
1.831
0.076
0.224
0.543
1.785
1.614
0.139
0.226
1.448
0.028
1.464
1.717
0.251
0.097
0.03
0.09
0.209
1.022
0.062
0.103
0.026
0.36
1.866
1.913
0.288
0.79
1.86
0.11
0.344
0.28
0.073
1.867
1.64
0.148
0.076
0.509
0.218
0.064
1.91
1.904
1.796
0.247
0.328
0.226
1.808
1.446
0.234
1.855
0.593
0.466
1.965
0.167
1.967
0.145
0.118
0.108
0.384
0.543
0.409
0.484
0.328
1.555
1.972
0.026
1.096
1.41
0.116
0.559
0.207
0.117
0.385
0.224
0.229
1.969
0.074
0.535
1.759
1.96
1.433
1.688
0.168
0.272
1.879
0.023
1.965
0.317
1.945
2.0
0.04
1.445
0.027
1.9
0.06
1.994
0.673
0.124
0.592
0.029
0.463
0.326
1.858
0.173
2.021
0.742
0.824
0.776
2.019
2.065
1.807
0.079
0.591
0.222
1.949
1.809
1.916
0.109
0.491
0.042
0.132
0.313
0.027
1.969
0.581
0.252
0.472
0.14
0.12
0.114
0.09
0.029
0.062
0.113
0.325
1.201
0.05
1.648
0.095
0.081
1.896
0.242
0.08
1.011
0.095
0.035
1.396
0.047
0.229
1.848
0.036
1.068
0.033
0.07
2.015
0.042
0.072
1.694
0.118
1.999
0.051
2.138
1.775
0.051
1.322
0.527
0.225
0.061
2.021
2.123
0.032
0.36
1.095
0.506
0.078
0.048
0.569
0.053
0.406
1.873
0.083
0.575
0.055
0.668
0.013
0.128
0.036
2.167
0.587
0.408
0.084
0.216
0.957
1.501
0.053
0.019
0.022
2.163
0.183
0.091
0.377
0.265
0.048
2.006
0.081
0.4
0.062
0.096
0.061
0.223
1.814
2.053
0.036
0.267
0.277
0.084
2.224
0.109
0.132
0.094
0.135
2.096
0.208
0.059
0.235
0.043
0.173
0.117
0.177
0.713
0.169
1.907
0.353
0.129
0.892
0.128
0.277
2.138
1.115
0.049
0.213
2.202
2.012
0.389
0.461
2.016
0.226
0.716
0.284
0.064
0.264
0.107
0.391
1.506
2.292
0.98
2.308
0.138
1.65
0.045
0.103
1.881
0.057
2.291
0.067
0.374
0.147
2.067
0.169
2.263
2.303
0.106
0.137
0.068
2.178
0.05
0.271
0.081
0.101
0.088
0.284
0.101
2.147
0.392
0.345
2.244
0.452
0.039
0.317
0.016
0.225
0.054
2.032
0.137
2.005
0.638
0.168
0.297
0.04
2.297
0.091
2.259
0.167
0.295
0.126
0.354
0.136
0.025
0.123
2.105
0.351
0.073
0.395
0.099
2.308
2.306
0.187
1.774
0.167
2.095
0.03
1.927
0.219
1.011
0.156
0.047
0.025
0.041
2.261
0.124
0.67
0.693
2.364
0.334
0.136
0.414
0.298
0.049
0.222
0.286
0.199
2.172
0.342
0.052
0.204
0.196
0.466
0.37
2.231
2.417
0.24
2.303
0.131
2.05
0.633
2.239
0.322
1.091
0.341
0.063
0.249
0.069
1.426
0.231
1.251
0.28
0.246
0.667
0.186
0.224
0.031
0.247
1.319
2.43
0.263
0.07
0.104
0.234
0.13
0.132
0.038
0.074
0.103
2.425
0.906
0.056
0.214
0.135
0.516
2.292
1.002
0.174
0.136
0.325
0.102
0.119
0.431
0.321
0.038
2.279
0.256
2.164
0.087
0.456
1.449
0.382
2.478
0.049
0.3
2.477
0.094
0.026
2.094
0.127
0.24
0.255
0.231
0.505
0.923
0.025
0.072
2.298
1.056
0.169
2.558
0.181
0.057
0.476
0.873
2.432
1.508
2.333
1.587
1.269
0.545
2.097
0.181
0.695
0.522
0.067
0.106
0.533
0.075
0.094
0.172
0.318
0.085
0.06
2.541
0.32
1.081
2.551
2.088
0.09
0.141
2.459
2.516
0.038
0.046
2.287
0.064
2.035
0.225
0.072
2.513
0.283
2.333
0.409
0.037
0.07
2.505
0.027
0.326
0.338
2.113
0.204
0.117
0.554
0.18
0.066
1.739
0.104
0.034
0.109
2.601
2.26
0.047
0.522
0.114
2.644
0.75
0.527
0.034
2.666
0.521
0.264
0.04
2.608
0.715
0.023
0.095
2.67
0.146
0.025
0.09
2.193
0.371
0.035
0.075
0.088
2.591
0.272
2.32
0.05
2.532
0.524
1.006
0.1
2.521
0.126
0.46
0.128
2.707
0.859
0.08
0.231
2.646
0.053
0.09
0.023
0.649
0.056
1.291
0.267
0.043
0.243
0.222
0.182
2.152
0.039
0.094
0.095
0.267
0.293
0.226
2.48
0.712
0.093
2.499
0.561
2.533
0.335
2.578
0.372
2.225
0.194
0.089
0.192
2.507
2.063
2.56
0.969
2.5
0.148
0.061
0.136
0.871
0.117
0.402
1.16
2.374
2.777
2.647
0.035
0.101
2.758
0.058
0.053
0.054
2.743
2.053
2.066
1.016
0.032
0.039
2.218
2.649
0.236
2.684
2.008
2.667
0.926
0.034
0.036
0.244
0.16
2.556
0.06
0.69
1.059
2.346
0.065
0.038
0.131
2.244
2.363
0.08
0.356
2.815
2.122
0.054
2.228
0.075
0.159
2.792
0.458
0.026
0.061
2.342
0.023
0.304
0.47
0.115
0.034
0.512
2.213
2.746
2.608
0.1
0.041
0.038
0.159
2.608
2.845
0.101
0.58
0.205
0.078
2.853
1.856
2.688
0.121
2.186
0.123
0.051
0.015
0.041
0.252
1.297
0.055
0.581
0.233
0.058
0.258
2.012
0.033
2.478
0.086
0.071
0.423
0.06
0.06
0.581
2.06
0.021
0.314
0.043
0.186
2.842
0.097
2.869
2.749
0.191
0.056
0.383
2.93
0.054
0.444
0.132
2.923
0.195
0.716
0.17
0.043
1.211
0.472
0.318
0.364
0.382
0.041
1.178
0.106
0.202
2.812
1.89
2.905
0.024
0.036
0.094
0.044
0.051
0.132
0.047
0.825
2.612
0.367
3.009
2.232
2.737
0.097
0.228
2.437
2.464
0.076
2.879
2.328
0.207
0.021
0.436
0.898
2.839
2.767
0.222
0.062
0.085
2.328
2.637
0.042
0.295
2.586
2.337
1.039
0.044
2.808
0.042
0.191
2.598
0.285
0.885
3.032
1.941
0.124
2.242
0.153
0.639
2.76
1.417
2.394
0.076
1.191
0.074
0.052
1.771
0.796
0.074
0.047
0.044
0.036
2.884
0.066
0.051
2.462
0.024
0.078
1.927
0.182
0.346
0.729
0.1
0.188
3.112
0.396
0.1
0.276
0.189
0.026
0.077
1.791
2.999
0.118
0.135
0.191
0.024
0.245
0.048
0.924
0.159
0.2
0.136
0.039
0.28
0.581
0.08
0.27
2.746
0.255
0.44
0.142
0.136
0.029
0.862
1.795
0.101
0.115
0.453
0.492
3.129
0.15
0.356
0.3
2.722
0.276
2.581
0.247
0.057
2.59
0.072
0.073
0.02
3.173
0.783
3.11
0.164
0.312
0.125
0.189
1.395
2.966
0.27
0.039
1.349
3.148
1.814
0.639
3.18
1.656
0.285
0.475
1.208
0.086
0.065
3.031
0.297
0.093
3.212
0.141
2.957
0.188
0.062
0.035
0.358
0.229
3.136
0.07
0.033
3.197
3.067
1.217
0.588
0.038
0.095
0.389
3.234
2.615
2.091
3.226
0.108
3.105
0.51
0.353
0.2
0.111
0.213
0.072
0.14
0.714
0.127
0.564
0.056
0.273
2.768
0.364
0.131
0.301
0.304
0.574
0.132
0.589
1.211
0.114
0.018
3.179
0.082
0.847
0.094
0.043
0.41
1.02
2.694
0.591
0.063
0.183
3.037
3.147
2.07
3.128
0.06
0.987
3.183
0.059
2.104
0.264
0.085
0.614
0.467
0.179
3.306
0.499
0.531
0.056
3.086
2.735
2.244
2.653
0.044
0.123
0.033
0.168
0.049
0.273
3.347
0.323
0.069
0.328
0.177
0.705
1.235
0.096
0.013
1.314
0.031
0.076
0.034
0.136
3.233
0.047
0.148
0.031
0.607
0.034
0.044
1.765
3.016
0.053
3.118
0.361
0.439
2.345
2.695
0.407
0.153
0.351
0.131
1.478
1.903
2.966
1.736
0.125
0.235
0.223
2.139
0.04
0.051
0.584
1.533
0.735
0.06
0.117
0.46
0.123
0.029
3.351
0.158
2.952
0.509
0.162
0.052
0.293
0.035
0.025
2.453
0.272
0.487
0.591
3.427
0.73
0.374
0.352
0.158
1.179
0.092
0.078
0.138
0.134
0.243
3.286
0.08
2.93
0.021
0.373
0.012
0.062
3.422
0.218
0.428
0.1
0.14
3.121
0.418
2.563
0.267
3.399
0.144
0.209
2.804
0.513
2.211
0.242
1.664
2.847
0.586
2.909
0.154
0.82
0.052
0.125
0.383
2.557
0.061
0.638
0.086
2.768
0.302
0.318
0.114
2.344
1.944
0.071
1.436
0.328
0.175
0.094
0.086
3.082
0.036
0.355
0.037
0.043
0.313
0.134
0.388
0.167
0.077
0.015
2.102
0.027
0.201
0.098
0.057
0.708
2.722
0.436
0.468
0.139
0.17
3.53
0.301
3.098
2.183
0.091
0.168
0.029
3.103
0.116
0.039
0.04
0.037
0.035
0.236
0.264
3.214
0.093
0.075
3.562
0.062
0.347
0.355
0.175
0.146
3.464
0.765
3.384
0.182
0.162
3.391
0.243
3.595
1.707
0.163
0.351
0.097
3.638
3.361
1.309
3.27
0.884
2.534
0.475
0.059
1.951
3.084
0.116
0.154
0.016
2.858
3.006
0.746
0.667
0.106
0.131
3.658
0.114
0.077
0.533
0.101
0.166
0.316
0.226
0.116
0.206
0.102
3.099
0.21
0.046
2.122
0.061
0.035
2.188
0.042
0.314
0.042
0.398
0.202
0.545
0.101
0.235
0.52
0.086
0.191
0.057
3.605
3.531
0.018
0.174
0.511
0.098
2.088
3.613
0.364
3.505
2.633
0.131
0.047
0.031
0.38
0.088
0.089
1.455
0.31
3.527
0.169
0.153
0.364
0.211
0.074
0.154
3.576
0.485
0.062
3.74
0.053
2.459
0.268
1.501
2.892
0.162
0.161
1.695
3.635
0.124
0.654
0.077
0.229
0.072
0.394
3.691
0.08
3.399
0.113
0.676
0.216
0.192
3.076
0.379
0.073
0.262
0.708
0.241
0.096
2.526
2.818
0.112
0.229
0.034
0.025
0.319
0.031
0.034
1.105
2.445
0.195
0.134
3.811
0.11
0.04
0.112
0.031
0.019
0.901
0.528
3.772
3.696
0.215
0.384
0.837
0.019
0.069
0.063
0.316
0.535
0.239
0.504
0.114
0.163
3.723
0.279
0.04
0.508
0.124
2.985
1.07
0.045
1.511
0.178
0.083
0.038
0.463
0.025
0.686
0.08
0.645
1.448
3.844
3.5
0.206
0.264
0.833
0.072
0.121
3.863
0.217
0.277
3.451
1.004
3.9
0.063
0.606
0.027
0.15
0.048
0.683
0.326
2.805
1.923
0.074
0.012
0.302
0.111
0.018
0.19
0.027
0.083
0.034
0.043
0.092
0.209
0.079
1.755
3.678
0.034
0.065
2.512
0.88
0.098
0.032
0.19
1.572
1.814
0.039
0.842
0.117
0.056
0.05
3.517
3.785
0.172
3.918
3.658
0.464
0.696
0.451
0.107
0.035
0.28
0.412
0.261
0.382
3.878
3.728
3.469
0.51
3.822
3.75
0.027
0.207
0.187
0.117
0.684
4.007
0.152
3.749
0.285
0.033
0.3
1.462
2.44
0.053
0.477
0.085
0.53
3.135
0.141
0.28
0.231
0.024
0.326
0.675
0.795
0.449
1.086
0.9
0.113
0.11
2.055
0.057
0.056
0.047
0.869
1.543
0.051
0.162
3.954
1.688
0.361
0.073
1.513
2.53
0.143
0.178
0.054
4.044
0.603
2.927
0.037
0.031
0.179
0.08
0.084
0.378
2.217
0.823
0.138
0.351
1.989
0.027
1.97
0.394
2.937
0.016
0.134
0.081
0.168
0.042
0.297
0.599
4.025
0.327
0.163
0.529
1.6
0.333
0.132
0.15
3.95
1.916
2.606
0.032
4.07
0.098
0.058
0.057
0.361
0.128
0.181
0.088
0.742
0.024
4.112
4.088
0.287
4.123
0.136
0.224
4.001
3.995
0.29
2.102
4.095
0.258
3.24
0.851
0.03
3.82
0.064
0.177
1.554
0.533
1.832
0.077
0.242
0.382
0.218
1.216
2.119
0.027
0.084
0.026
0.402
3.045
0.048
0.201
0.628
0.025
4.072
0.067
0.038
0.105
0.086
4.02
0.071
0.14
2.484
0.568
0.669
0.282
0.575
0.094
0.077
0.099
3.783
0.159
3.298
0.037
0.033
0.222
2.354
3.84
1.421
0.194
0.518
0.115
0.2
3.955
0.054
0.18
4.151
0.116
3.973
1.894
0.399
3.303
0.048
1.544
0.139
0.091
0.224
1.008
4.109
0.131
3.706
3.097
0.444
0.062
0.06
3.259
0.042
0.734
0.054
0.099
4.194
3.811
0.682
1.623
0.498
3.115
3.922
3.927
0.062
3.181
1.737
0.049
0.642
0.054
2.342
1.396
0.064
0.066
0.055
0.439
1.455
0.008
0.071
1.672
0.164
0.294
0.517
4.198
0.101
3.865
2.297
0.318
0.08
0.091
0.102
0.012
0.064
0.084
0.703
0.399
3.495
0.02
0.102
0.492
0.203
0.051
1.448
2.81
1.057
0.473
2.217
4.024
0.208
0.029
1.943
0.162
0.039
0.322
0.062
0.051
0.119
0.145
2.31
0.409
0.127
0.07
0.535
1.503
2.625
0.29
0.746
1.078
2.291
0.067
0.075
0.137
0.677
0.072
0.108
0.097
2.139
0.313
0.112
0.054
0.061
0.053
4.323
0.633
2.206
0.334
2.482
0.121
1.583
0.524
1.182
0.103
2.239
0.317
0.077
0.488
0.019
2.837
2.2
0.332
0.06
0.066
0.017
0.148
0.247
0.746
0.843
0.266
1.292
3.383
2.124
0.12
2.202
2.195
1.959
0.402
3.348
2.364
0.055
0.35
1.403
0.064
0.883
0.045
0.127
4.46
1.354
0.088
0.42
4.165
0.073
0.012
2.034
2.414
0.376
0.143
0.129
0.116
0.128
0.039
2.851
0.095
0.128
0.219
0.299
0.079
0.546
0.121
0.044
0.478
0.026
0.087
0.498
0.405
3.125
0.206
2.62
2.868
4.424
3.123
0.031
0.25
0.099
0.226
2.811
2.899
0.225
0.383
0.069
2.428
4.415
0.05
0.037
0.086
0.049
4.452
0.054
0.408
0.938
0.046
0.046
0.119
0.094
0.216
0.602
0.156
0.069
1.083
4.093
4.37
1.185
0.086
2.707
4.537
0.04
0.29
0.049
4.498
0.136
0.039
1.324
3.828
0.03
0.038
0.255
0.347
0.175
2.449
0.125
0.06
0.066
2.619
3.322
0.745
0.401
4.085
0.044
0.037
4.546
0.035
0.454
0.132
0.481
4.583
0.131
4.212
0.113
0.095
0.207
0.535
0.42
3.437
3.85
0.081
0.249
0.061
0.036
0.535
0.416
0.109
2.981
0.091
4.536
0.107
2.738
0.173
0.074
0.102
0.609
0.288
0.037
0.084
0.335
4.625
1.92
0.563
0.055
4.564
0.247
4.591
0.062
0.289
0.03
0.288
4.684
0.059
0.026
0.262
4.684
0.162
2.425
0.723
0.053
0.104
1.761
0.029
0.104
0.162
0.446
0.126
0.046
0.04
0.165
0.251
3.469
0.609
0.138
3.84
1.151
2.963
0.033
0.091
0.146
1.942
4.699
0.135
0.51
0.609
2.342
4.402
0.17
0.486
2.675
0.263
0.298
0.043
0.409
0.045
0.062
4.722
4.099
0.083
0.134
0.239
0.122
4.728
0.129
4.378
0.529
1.219
0.075
0.293
0.307
0.167
2.709
3.28
0.129
0.129
0.102
0.976
4.074
2.271
0.127
0.792
1.647
0.1
0.019
0.084
0.117
0.196
0.102
0.038
0.048
0.203
0.216
0.246
2.472
1.053
2.804
0.245
4.652
0.132
0.026
0.613
0.045
0.074
0.292
0.026
0.779
2.107
0.278
4.79
0.045
0.124
0.313
0.181
1.013
0.108
0.162
0.414
4.638
0.062
1.642
4.794
0.519
0.849
0.048
0.025
0.416
0.046
0.066
0.143
4.828
4.865
0.671
1.512
1.488
0.38
4.873
1.014
0.042
0.096
3.171
0.103
0.324
0.039
0.074
1.193
1.406
0.638
0.235
2.193
0.059
0.115
0.091
3.538
0.074
0.237
0.928
0.091
2.466
0.112
0.892
2.426
0.229
0.312
0.312
0.037
0.014
4.169
0.08
0.081
0.032
0.038
0.932
0.144
0.049
0.043
0.531
0.032
4.822
0.306
0.724
4.0
0.128
4.584
0.028
0.207
1.186
0.231
0.436
3.376
0.063
0.079
0.329
0.985
0.26
2.508
0.367
0.249
0.031
0.297
2.228
0.064
0.038
0.205
0.132
0.103
0.494
0.087
0.559
0.206
0.094
0.014
0.084
0.058
0.234
0.125
0.025
3.554
0.049
0.042
0.18
0.276
0.088
2.926
2.052
0.049
0.518
4.753
0.403
3.533
4.135
0.215
0.06
0.071
0.42
4.911
0.99
2.12
0.056
4.802
1.767
0.053
2.142
0.611
0.192
0.015
0.238
0.111
0.077
0.213
2.82
4.54
0.079
0.059
0.427
0.107
2.297
4.055
0.904
0.068
4.597
0.161
0.386
0.11
3.708
0.316
0.697
0.072
0.028
0.187
0.298
0.094
0.963
4.354
0.132
0.04
1.127
0.081
4.757
3.867
5.055
0.252
0.147
0.033
0.154
5.029
0.665
2.979
1.458
0.215
0.036
0.251
0.11
2.279
0.042
0.039
0.537
0.15
0.723
0.847
0.231
0.057
0.584
1.385
0.163
3.736
0.061
3.133
0.035
1.635
0.119
0.157
0.111
0.069
0.31
0.026
0.141
2.064
0.642
0.352
0.257
4.573
0.163
1.139
0.086
0.833
2.687
4.925
3.853
0.687
0.414
3.406
2.044
0.067
5.03
0.146
2.883
2.225
0.021
0.22
3.301
1.763
0.307
0.518
4.479
0.088
2.318
0.638
0.087
0.087
2.448
0.178
2.443
0.086
3.002
0.347
0.059
0.36
0.123
0.173
0.069
2.261
0.097
0.065
3.522
0.025
0.015
0.186
0.069
0.103
0.049
0.214
0.252
0.375
0.511
0.066
1.227
1.576
0.877
0.079
0.074
0.057
0.026
2.27
4.142
4.382
1.351
3.676
0.05
0.501
4.105
0.073
0.081
3.129
0.949
2.935
0.151
0.137
0.647
3.835
0.097
0.089
0.274
0.118
0.051
0.073
0.074
1.874
1.46
0.299
0.355
0.044
0.16
0.396
0.058
0.036
0.072
0.047
0.243
0.063
0.214
0.285
0.443
0.283
3.078
5.042
0.229
0.243
0.118
0.645
0.224
0.293
0.067
0.36
0.149
4.082
3.012
1.419
0.093
4.87
0.353
4.559
5.31
0.318
2.312
0.05
0.124
0.151
0.189
0.302
2.991
0.016
0.218
0.833
0.1
0.146
0.025
0.241
0.177
5.271
0.848
0.211
0.178
0.281
0.419
4.089
0.154
0.351
5.263
0.048
0.071
0.04
0.233
2.335
0.022
0.306
2.457
0.042
0.18
0.277
0.881
1.662
0.496
0.104
4.43
2.189
0.106
0.69
0.356
2.314
3.3
0.145
5.362
0.921
0.38
2.9
0.234
0.087
5.037
2.698
0.194
1.718
0.185
0.113
0.172
0.077
0.153
2.284
0.363
0.022
0.77
0.284
0.305
0.28
0.351
1.193
0.043
0.159
1.484
3.386
5.34
0.112
0.093
0.374
2.997
0.035
0.059
0.099
4.668
0.25
2.677
3.058
0.107
4.854
0.227
3.721
0.567
0.1
0.08
0.382
0.168
0.045
0.042
0.052
0.076
0.304
1.512
4.495
0.195
0.032
0.016
1.118
4.311
0.062
2.407
5.242
0.308
2.359
0.083
5.244
0.48
0.405
0.479
0.242
0.027
0.063
0.032
0.436
0.131
0.037
0.045
0.242
0.175
0.269
0.259
0.06
0.435
1.104
0.146
5.279
1.205
2.07
0.048
0.184
0.046
0.077
0.414
4.762
0.032
0.756
0.147
0.055
0.019
0.066
4.499
5.414
0.041
2.312
1.036
5.391
1.961
0.114
5.417
0.511
0.408
0.438
2.467
0.589
0.969
0.204
1.888
0.117
0.081
0.688
0.179
0.065
3.884
0.228
0.095
0.012
0.033
0.023
0.155
0.911
0.21
0.158
0.766
0.225
0.202
0.053
2.519
0.397
0.344
5.238
0.149
0.057
2.743
0.751
0.132
0.074
0.755
0.871
0.455
1.885
0.059
0.723
1.946
0.03
0.606
0.081
0.101
3.586
0.794
0.055
1.605
0.407
0.349
0.337
0.273
0.185
0.015
0.027
0.149
0.138
0.33
1.153
0.211
5.14
0.136
0.65
0.18
0.053
0.032
5.36
0.147
0.148
5.397
1.547
5.633
0.093
0.195
2.678
0.296
5.267
3.904
4.445
0.07
0.102
0.057
1.589
0.091
5.24
0.086
0.049
2.862
5.522
0.044
0.121
1.698
0.057
0.019
3.885
0.369
0.336
0.043
2.076
0.021
0.102
0.059
4.276
0.041
0.201
0.155
0.776
2.963
0.134
2.124
0.188
4.331
0.324
0.047
0.337
0.028
0.05
1.371
5.662
0.103
0.03
0.291
0.116
0.083
2.013
0.313
0.107
0.453
0.099
0.161
0.315
3.044
0.123
0.252
0.029
0.029
0.087
0.135
0.119
0.461
0.071
4.705
0.051
0.057
4.905
0.625
3.853
0.207
0.174
0.037
0.106
0.632
0.093
1.248
0.058
0.098
0.17
0.272
0.132
0.3
0.258
0.517
0.142
0.083
3.019
3.778
0.091
0.092
0.039
2.176
0.034
0.191
0.055
0.101
0.233
0.434
0.157
3.207
0.11
3.74
0.362
2.196
0.152
0.231
0.137
0.067
0.078
0.218
0.034
2.182
0.089
0.47
0.069
0.158
3.231
3.112
0.261
0.023
1.036
3.72
1.879
0.509
0.12
0.079
0.053
0.104
1.667
0.226
3.634
1.243
3.427
0.077
4.902
0.088
0.501
0.377
0.955
0.685
0.262
0.129
3.276
2.741
3.782
1.587
2.064
0.332
2.01
0.102
0.335
0.045
0.039
0.081
2.004
0.032
0.031
0.121
0.072
2.068
0.349
0.639
1.006
0.049
0.037
0.11
0.034
4.446
0.494
0.035
0.077
0.177
0.221
2.335
0.054
4.867
3.337
3.025
3.335
0.134
0.032
0.057
0.58
0.072
0.369
2.262
0.435
0.109
0.197
0.183
4.478
0.111
0.134
0.034
0.261
4.597
2.844
0.019
1.577
0.094
0.095
3.856
0.114
0.134
1.522
0.233
0.066
0.259
0.518
0.302
0.252
0.048
3.346
0.045
0.066
0.285
0.036
2.847
0.058
3.986
0.077
0.143
0.526
0.127
0.056
0.106
5.88
2.493
0.538
0.096
0.071
0.164
0.194
2.41
0.114
5.466
0.165
0.175
0.065
0.721
2.01
0.223
0.243
6.088
0.133
0.339
0.326
0.158
0.015
1.023
1.383
1.108
0.644
0.365
0.098
0.076
0.181
1.919
0.194
4.141
0.043
0.149
0.345
2.824
0.234
0.115
0.231
4.243
2.492
3.603
0.053
0.129
0.027
0.063
4.813
0.129
0.471
2.419
2.474
4.55
0.024
0.037
0.055
4.357
0.064
0.461
0.038
0.288
0.22
5.97
0.065
1.519
0.103
0.143
2.033
0.345
4.485
5.496
4.492
0.049
0.043
3.998
0.146
0.02
0.024
0.208
1.295
0.048
0.089
0.169
0.028
0.182
0.367
0.058
0.18
0.123
6.09
0.75
2.22
0.13
0.099
0.174
0.072
0.07
0.64
0.027
0.118
0.414
0.413
0.054
4.516
2.847
0.177
6.06
0.141
0.319
0.142
1.066
0.105
0.254
2.876
0.095
1.234
0.139
0.021
0.039
0.194
0.286
0.226
1.326
0.636
0.322
2.476
3.642
0.848
3.016
0.248
2.738
0.288
0.128
0.026
0.173
0.06
0.038
0.134
0.039
0.39
0.874
0.122
3.159
0.304
0.514
0.288
1.078
0.077
5.419
2.96
0.476
6.262
5.974
0.131
0.287
0.101
0.325
0.062
0.931
0.033
0.462
2.086
6.15
2.006
0.042
2.878
0.631
0.242
5.918
1.402
0.462
3.542
0.461
5.911
0.334
3.2
2.081
0.085
0.117
3.081
1.083
0.134
0.067
0.894
0.076
4.775
5.982
3.581
0.323
4.307
0.109
0.154
0.105
3.884
0.403
6.337
0.305
2.671
0.057
4.24
0.162
0.762
0.567
0.602
0.097
1.888
0.374
0.511
0.071
2.324
3.604
2.217
0.052
0.074
1.966
0.64
1.134
0.061
0.413
0.604
0.292
1.903
1.852
4.32
0.074
0.145
0.47
0.064
0.051
0.368
0.038
0.116
0.019
0.256
3.318
1.873
1.669
1.527
0.129
1.858
0.323
0.463
0.035
0.096
0.239
0.071
0.045
0.135
0.032
0.045
0.091
5.285
0.634
5.822
0.039
1.027
2.506
0.146
0.089
2.102
0.194
0.063
5.582
0.055
0.113
0.171
0.064
0.429
0.123
0.069
0.111
0.153
0.184
0.358
1.785
0.124
0.15
0.021
1.56
0.081
0.33
2.989
3.415
0.216
1.973
0.318
0.164
0.493
0.6
5.927
0.102
0.216
2.741
0.294
0.088
5.765
0.275
0.092
0.019
4.898
0.151
3.931
0.123
0.147
0.769
0.056
0.145
0.044
0.414
2.277
1.503
0.678
0.097
0.166
0.104
0.454
0.421
1.558
0.082
0.253
3.141
0.229
0.024
0.349
3.694
0.189
0.127
1.441
0.023
0.279
0.057
0.721
0.198
0.252
0.185
0.026
0.166
0.328
1.693
0.157
3.169
0.184
0.579
2.891
4.221
0.582
0.058
0.07
0.032
0.474
0.04
2.938
0.034
0.073
0.093
0.114
0.06
0.358
0.214
0.021
1.289
0.101
1.184
0.598
0.099
0.615
0.341
0.206
0.085
0.731
0.043
2.129
0.02
2.528
0.619
0.121
1.975
2.39
0.128
0.048
1.845
0.295
2.718
5.178
2.288
0.022
1.548
0.195
4.442
1.005
0.84
0.182
6.444
1.345
2.47
3.808
0.05
0.104
0.136
1.578
0.224
0.136
0.102
0.497
0.101
0.569
0.055
0.158
0.13
5.31
0.26
0.02
0.107
2.99
0.709
0.429
0.212
0.053
0.183
0.543
0.172
0.022
6.124
5.214
0.355
0.16
0.066
0.078
0.051
0.528
1.641
0.099
0.118
6.684
3.286
3.642
0.336
0.737
0.09
0.337
0.113
0.095
2.48
0.024
4.252
4.797
0.018
0.953
0.035
0.188
0.65
0.225
6.584
0.439
0.097
0.191
0.334
0.307
0.095
0.097
0.07
0.079
3.273
1.738
3.892
0.117
6.663
0.018
0.065
3.126
0.188
4.664
0.217
0.024
2.6
3.605
0.176
0.153
4.826
3.028
0.028
0.167
0.221
0.299
5.737
3.36
0.098
0.043
0.016
0.029
0.212
0.859
6.693
0.289
3.46
0.109
0.821
0.235
6.499
0.179
1.229
6.694
3.138
0.108
1.332
0.26
0.32
0.071
0.226
0.05
0.111
2.761
0.109
1.299
3.627
0.028
0.076
0.072
0.083
1.386
0.111
0.244
0.149
2.865
0.281
0.096
5.012
0.104
0.591
0.96
0.047
2.501
0.619
0.18
0.272
2.182
0.072
0.382
0.252
1.722
0.058
3.676
0.032
0.405
6.613
0.416
0.155
3.929
0.019
0.179
0.349
2.216
1.687
0.091
0.324
6.504
2.779
0.998
0.216
2.144
2.766
0.108
1.663
1.628
0.183
0.19
0.62
0.102
0.507
0.136
0.05
0.256
0.038
0.13
0.336
1.566
2.926
0.436
0.238
4.732
0.033
0.49
0.069
2.196
0.067
0.056
6.799
1.027
0.028
0.106
0.036
1.909
0.229
0.217
0.184
0.063
0.088
0.134
2.369
0.339
2.726
0.509
5.148
0.077
0.209
0.04
0.393
0.848
0.863
4.163
0.278
0.184
0.071
0.02
1.793
2.475
0.196
0.154
0.656
4.345
0.21
0.085
0.256
1.135
3.456
2.951
0.127
3.084
0.533
0.145
1.806
1.967
0.154
4.188
0.442
3.069
0.273
0.025
2.406
6.248
0.42
0.027
0.061
0.083
0.104
0.477
0.247
3.287
0.12
0.24
0.696
1.23
0.313
0.082
0.911
0.535
0.256
0.292
1.742
4.564
5.72
0.106
0.225
0.305
0.061
0.247
2.835
0.052
1.629
0.285
0.061
0.676
1.118
0.427
0.041
0.23
0.028
1.278
0.241
0.089
0.165
4.939
0.087
0.132
1.069
0.3
0.025
0.165
0.068
1.659
0.054
0.051
0.205
0.11
0.066
1.412
0.297
4.521
2.292
0.028
2.452
1.881
0.091
0.394
0.161
0.099
0.093
0.101
4.576
4.888
0.025
0.342
0.162
0.055
0.351
0.031
5.596
0.077
0.337
0.03
0.22
3.56
0.951
4.943
0.07
1.511
0.56
2.293
0.216
0.22
0.314
0.175
7.019
2.096
2.004
3.939
2.725
0.212
0.054
0.577
0.078
0.137
0.35
3.269
0.252
0.05
0.058
0.742
2.712
0.151
0.1
0.635
1.297
6.752
4.85
0.039
1.161
0.027
5.37
0.052
0.054
0.817
4.702
0.439
0.046
1.837
0.633
3.015
3.094
0.039
7.12
0.057
0.687
0.346
0.2
0.237
0.536
0.149
0.089
0.017
4.224
0.091
2.452
3.52
0.02
0.073
0.033
0.219
0.13
0.301
0.243
7.145
0.051
0.539
0.036
0.266
0.064
0.342
0.119
0.095
4.717
0.183
0.663
0.066
0.48
0.057
0.143
2.827
0.602
0.058
0.321
0.114
2.62
0.559
0.127
0.139
4.23
0.071
0.062
0.126
0.097
3.666
0.025
0.867
0.179
2.319
0.046
0.027
2.631
0.302
0.227
0.075
0.248
0.013
6.59
0.081
0.126
0.305
0.177
0.059
0.117
0.113
0.091
4.215
0.765
0.381
0.082
0.03
0.21
0.402
0.046
0.065
0.076
1.83
0.515
5.794
0.089
0.15
0.209
0.45
0.395
5.188
0.186
2.846
0.431
0.145
0.166
0.119
0.457
0.039
0.052
3.082
0.093
0.068
0.063
0.067
0.226
0.742
0.066
0.537
0.136
0.043
3.125
0.043
0.09
1.981
0.76
0.117
0.06
0.303
2.851
0.141
1.436
0.074
2.804
0.171
2.503
1.109
2.484
0.173
0.117
0.544
1.342
2.154
0.388
0.041
0.255
0.1
0.152
0.788
3.754
1.677
1.353
0.082
0.301
0.15
0.371
0.578
5.601
5.917
2.455
4.81
0.365
3.989
0.361
7.326
0.668
4.669
0.172
0.409
7.129
0.13
0.364
0.306
0.089
4.931
0.051
0.076
0.043
0.078
2.937
1.343
0.223
0.106
0.069
0.044
0.205
0.05
1.478
0.044
0.076
0.516
0.139
0.17
0.333
0.218
0.3
0.175
2.069
0.035
0.458
3.887
1.663
0.101
0.039
0.153
0.294
0.303
4.843
0.026
0.226
0.376
0.319
0.098
0.135
0.158
4.986
0.546
6.262
0.132
0.331
0.6
1.458
0.164
2.563
0.064
4.033
0.17
0.643
1.028
0.082
6.611
0.049
0.229
1.6
0.043
0.127
0.557
0.129
0.136
1.462
2.77
7.561
3.014
0.532
0.188
0.061
0.267
6.141
0.104
1.266
2.425
2.202
0.046
0.035
0.031
0.039
0.154
0.029
7.437
2.357
2.02
1.915
0.305
0.049
0.124
1.789
0.031
0.462
0.368
0.05
4.142
0.215
2.31
0.26
0.418
0.128
0.061
5.41
6.248
0.295
1.408
0.053
1.958
0.075
0.178
2.428
0.042
0.326
0.06
0.769
0.06
0.081
0.074
0.061
0.173
0.282
0.419
2.97
0.252
0.664
0.338
0.019
0.136
3.474
0.046
0.204
1.311
0.097
0.41
7.462
1.842
0.108
0.082
3.803
0.335
2.311
0.23
0.063
0.511
0.458
0.025
4.431
0.048
1.109
0.098
0.447
2.438
5.127
1.352
1.127
0.232
6.683
7.145
0.118
0.106
0.044
0.406
0.331
0.097
0.298
0.023
0.033
0.063
2.579
7.666
0.668
0.147
7.002
0.097
0.422
0.052
0.036
0.061
0.41
0.315
0.233
1.908
0.124
1.948
0.128
2.85
0.219
0.18
0.234
0.127
0.08
0.525
0.149
6.463
3.363
3.481
0.021
0.09
0.25
0.565
0.105
4.224
1.912
0.571
2.89
0.499
0.225
0.085
0.049
5.47
0.244
0.04
0.022
0.178
4.118
0.028
0.254
1.096
2.018
0.04
0.336
0.546
0.043
0.034
0.289
0.817
7.372
0.064
0.069
0.843
0.122
0.154
2.937
0.114
0.078
3.189
0.805
0.603
0.092
0.051
2.436
0.318
0.129
0.216
0.157
2.84
0.185
0.067
0.168
0.057
0.068
0.063
0.222
0.077
0.123
2.901
0.432
0.186
3.228
0.13
0.193
0.047
7.817
0.11
0.066
0.018
0.07
1.326
3.045
0.403
7.162
0.036
0.554
0.043
0.336
0.366
2.096
0.272
0.022
0.034
0.233
1.911
1.789
3.05
6.169
0.182
0.026
0.295
0.158
0.109
3.187
0.121
2.23
0.049
0.291
0.024
0.135
0.169
3.138
4.831
0.037
3.3
0.161
0.02
1.102
0.159
0.099
0.238
0.314
0.268
7.13
4.386
0.243
3.089
0.067
0.047
0.101
0.11
0.552
0.355
2.752
0.482
0.716
2.266
0.239
0.656
0.18
0.33
0.082
0.142
0.267
0.311
0.021
0.049
2.45
0.143
0.075
1.256
0.13
4.117
0.38
0.118
0.78
0.468
0.416
0.06
2.815
4.012
0.034
0.251
0.347
0.169
0.366
0.515
0.434
0.106
0.069
0.116
0.702
0.628
3.031
0.537
3.724
0.116
2.106
4.788
0.038
0.095
0.601
0.086
0.048
0.124
0.031
7.209
2.764
0.165
0.204
0.157
0.693
0.547
0.073
0.025
0.047
8.067
0.182
4.081
0.058
0.286
0.063
2.052
1.763
0.218
2.732
0.129
0.031
0.083
0.058
0.569
0.161
0.051
0.279
1.38
0.226
0.536
0.037
1.351
0.057
0.034
0.16
0.285
2.353
0.032
0.194
0.365
1.869
0.146
0.507
0.029
5.467
1.912
1.689
0.683
0.66
0.059
0.523
0.189
0.133
0.097
0.107
0.792
0.201
0.06
1.185
0.735
4.931
2.381
0.827
0.086
2.863
0.037
0.14
0.158
0.06
1.173
1.712
0.217
0.073
7.993
1.119
0.187
1.072
0.184
2.31
0.274
0.136
2.193
3.598
0.715
5.038
3.044
0.594
0.365
0.052
0.053
0.047
0.433
0.041
0.154
0.614
3.806
3.954
0.449
0.125
0.042
5.419
0.522
3.829
3.476
3.6
3.973
0.114
5.534
2.861
0.728
0.516
0.037
2.076
2.765
0.041
1.45
0.031
2.258
0.023
1.745
0.056
0.067
2.449
2.358
1.609
0.11
0.103
1.828
0.091
5.786
0.267
0.364
6.296
1.207
0.367
0.177
0.121
0.175
2.515
0.039
0.167
1.815
0.452
0.382
0.064
0.073
5.034
0.55
0.059
0.159
0.168
0.16
0.186
2.038
8.226
0.37
0.127
3.76
0.102
3.071
0.061
0.26
0.155
3.539
4.943
0.165
0.144
2.324
0.061
0.035
0.473
0.053
0.247
0.693
0.766
2.08
0.092
0.023
0.071
0.365
2.832
2.868
0.081
0.534
1.051
0.095
0.131
0.018
0.268
8.398
0.193
0.457
1.567
0.605
3.959
0.504
4.924
1.144
0.074
0.052
0.851
0.225
5.907
1.407
2.02
0.226
0.314
0.582
4.308
4.798
0.071
0.068
0.044
1.309
0.528
0.045
0.482
0.036
4.658
0.188
2.856
0.671
1.2
0.035
0.058
0.078
1.749
2.505
0.864
0.088
4.809
0.523
0.393
0.078
0.144
0.444
0.081
0.149
4.092
0.087
0.146
0.666
0.281
0.42
0.077
0.71
0.118
0.891
0.811
0.156
5.704
0.028
1.041
0.147
0.649
2.603
0.155
0.025
0.58
0.131
0.029
2.55
0.218
1.222
0.103
0.271
0.276
0.165
2.825
0.873
0.026
0.158
0.252
3.811
0.071
0.65
2.172
1.114
0.042
0.137
1.047
0.059
0.089
0.163
0.08
0.205
0.283
0.996
4.454
0.851
0.04
0.193
2.31
0.523
2.187
0.019
3.097
0.273
1.447
0.154
0.057
0.18
0.223
0.33
0.43
3.38
0.311
0.118
1.824
0.173
0.101
0.186
0.1
0.139
0.977
5.782
1.941
3.467
2.165
0.224
0.425
4.564
4.25
0.143
7.4
1.997
0.297
0.118
7.04
0.033
0.25
0.31
4.242
1.769
0.076
6.032
0.032
0.301
0.231
4.776
0.416
1.141
0.029
0.093
0.365
0.136
0.254
0.602
0.789
0.118
0.181
0.423
4.174
0.316
0.295
0.479
2.994
0.303
6.563
0.757
0.068
2.632
2.61
1.965
1.93
0.024
0.228
0.045
0.082
0.466
0.296
8.704
0.289
0.537
0.059
4.286
0.388
2.984
0.024
0.107
0.394
2.341
1.128
1.422
0.169
0.612
2.461
0.095
0.205
0.09
0.447
0.372
0.317
3.9
2.231
0.146
0.551
7.088
4.917
0.802
0.021
3.404
3.235
0.426
0.054
0.371
2.324
0.025
0.429
2.944
1.814
0.043
5.788
0.332
2.664
0.703
0.115
0.077
4.773
0.08
0.204
7.27
0.394
5.201
2.326
3.866
2.743
0.171
0.058
0.15
0.615
2.611
0.059
2.666
0.046
0.141
0.086
1.915
0.062
2.229
3.468
0.036
2.635
2.045
3.727
4.978
1.01
0.104
0.018
0.831
0.017
2.727
0.048
0.645
0.277
0.402
0.225
7.196
0.923
0.322
0.146
2.893
0.21
1.478
0.046
0.039
0.086
0.137
0.096
5.874
4.996
2.54
0.166
0.077
0.668
0.171
7.161
3.806
3.1
0.325
0.162
0.393
8.845
2.886
0.076
1.855
0.115
0.226
0.241
2.122
0.488
0.303
0.151
0.481
3.479
2.5
0.049
0.101
0.069
0.087
0.131
0.966
1.57
0.857
0.036
2.12
2.555
3.183
0.597
0.221
1.898
8.823
0.057
0.201
2.87
1.85
0.371
1.171
4.812
0.021
0.073
0.285
2.662
0.151
0.152
0.121
0.078
0.205
0.239
7.934
0.753
0.149
4.209
2.441
0.771
2.514
1.795
1.366
0.149
0.031
3.069
0.064
0.457
4.802
2.271
0.069
2.428
0.199
5.736
0.211
0.078
0.097
1.734
0.116
0.159
0.122
4.383
0.141
0.211
0.119
0.718
5.308
0.16
2.101
0.318
0.064
2.1
0.145
0.116
2.982
3.093
4.198
0.053
0.033
0.48
1.393
0.037
0.053
2.873
0.207
0.027
0.034
0.068
1.924
0.062
0.051
0.695
4.61
0.051
0.056
0.093
3.54
0.447
0.526
0.014
1.053
0.04
0.291
0.09
0.178
0.091
0.113
0.031
1.503
0.276
1.171
0.322
0.048
0.312
1.011
0.253
0.024
0.117
0.105
0.345
2.571
0.061
0.216
4.711
3.511
0.333
0.272
0.052
0.12
0.069
0.061
0.026
0.128
1.619
2.963
0.132
0.258
0.136
2.048
8.681
5.022
1.058
0.119
2.841
0.432
0.065
0.067
0.098
0.061
6.148
0.484
0.055
0.109
0.439
1.296
0.204
3.724
0.055
3.263
0.374
0.638
3.054
2.233
1.709
8.408
0.051
0.03
0.035
0.285
0.059
0.035
0.154
0.344
8.903
3.121
0.033
0.169
2.37
0.022
0.245
2.277
0.313
1.196
0.744
0.076
0.449
0.074
0.533
0.166
0.273
0.049
0.207
0.051
0.107
1.287
2.291
0.259
4.163
3.059
0.06
0.109
0.05
0.08
1.197
0.036
3.194
2.697
0.102
2.544
0.222
0.336
0.262
2.615
0.128
0.638
0.087
2.106
3.727
0.07
3.455
0.257
2.974
0.203
0.695
2.674
0.158
0.108
9.229
0.183
0.047
0.132
0.03
0.293
0.398
0.062
0.175
0.026
0.32
6.341
0.068
0.247
0.12
0.123
0.248
0.233
3.285
8.677
0.1
1.942
0.033
0.904
0.053
0.052
3.42
2.114
2.416
0.43
0.094
0.196
2.802
0.373
0.129
4.129
0.153
0.496
0.064
0.049
0.171
0.024
0.231
0.061
0.069
0.035
0.158
0.078
2.301
0.036
1.759
0.68
2.287
2.639
2.563
4.081
2.437
5.248
0.23
0.092
0.121
1.586
0.321
0.399
0.699
0.023
0.351
0.048
0.146
0.564
0.127
2.239
0.126
0.033
0.151
0.572
0.76
0.041
2.684
0.103
0.108
2.509
0.187
1.938
0.056
1.924
0.644
0.062
0.064
0.042
0.528
3.408
0.361
0.189
0.077
0.072
0.331
0.186
0.059
0.095
0.03
0.073
0.309
4.04
2.644
0.068
0.144
1.406
0.059
0.094
4.14
4.303
0.986
0.192
0.677
0.203
0.236
0.095
3.237
4.0
0.027
0.057
2.624
0.128
0.037
0.153
3.559
0.901
0.071
4.612
0.179
7.076
4.17
0.227
0.123
0.106
0.222
0.575
1.799
0.048
0.09
0.218
0.106
0.315
0.21
0.065
4.682
0.045
0.031
1.164
0.195
0.024
3.18
0.045
0.204
0.213
0.686
4.774
0.267
0.098
0.254
0.054
0.222
2.792
2.393
0.439
0.03
0.185
0.102
0.054
0.056
0.674
2.904
0.12
0.082
0.14
0.148
0.728
0.032
0.754
6.29
4.735
2.969
1.915
0.325
0.405
0.178
0.152
2.355
0.064
2.336
5.589
0.217
0.043
3.97
0.052
4.678
0.242
0.808
0.109
0.17
0.51
1.051
1.509
0.243
1.083
0.155
0.528
0.067
3.029
3.483
0.034
0.012
0.093
0.235
0.021
9.115
4.476
0.175
0.255
0.168
0.642
0.568
0.631
9.256
3.359
3.237
0.17
0.09
2.628
2.835
2.237
0.149
0.634
0.258
0.394
0.12
0.054
0.227
0.719
0.096
0.436
0.043
2.935
4.669
0.028
7.412
0.801
0.027
1.146
0.335
0.46
0.426
0.073
0.497
0.878
1.5
0.911
0.348
0.071
0.026
0.453
0.661
1.19
0.135
0.315
2.543
8.238
0.336
0.069
0.164
0.059
0.804
0.057
0.204
0.146
0.415
2.678
0.048
5.802
3.492
2.605
0.032
3.903
0.118
0.043
0.527
0.126
0.153
3.833
0.046
0.053
0.109
1.533
0.051
0.868
4.306
2.25
0.084
0.188
1.166
6.845
0.444
0.102
2.026
0.064
7.306
0.116
1.675
0.137
0.367
2.012
0.104
0.045
0.241
4.893
0.28
1.668
2.729
0.046
0.077
0.398
0.522
0.155
4.371
0.053
0.027
0.049
5.369
0.064
7.09
0.269
0.178
0.057
2.306
4.372
0.036
2.313
4.737
0.148
3.94
0.183
2.339
0.568
3.112
0.751
0.015
0.089
0.16
4.04
0.012
4.376
0.372
0.159
4.084
3.943
3.971
0.097
0.038
0.114
0.141
0.538
0.045
0.025
3.46
6.118
0.138
0.213
9.811
4.3
0.212
0.121
2.539
0.03
0.065
2.055
0.413
0.027
0.796
2.181
0.239
1.577
1.715
0.23
0.252
0.696
0.566
1.171
8.668
0.353
3.07
0.414
0.042
0.181
1.751
0.31
0.06
0.636
0.27
0.067
0.254
1.562
6.364
1.112
3.24
0.137
0.083
2.844
0.067
5.536
0.191
2.206
2.538
0.075
3.748
0.117
0.053
0.037
0.14
0.135
5.319
7.217
3.551
5.307
0.087
1.081
0.272
0.066
0.115
5.669
0.123
0.255
0.158
0.102
0.339
3.89
2.011
1.082
4.891
0.924
0.03
2.96
0.042
0.06
6.065
0.228
0.161
0.132
0.105
1.6
0.073
0.028
0.298
0.228
0.057
0.033
0.017
0.414
0.069
0.185
0.217
7.382
0.169
0.161
0.357
0.188
0.092
1.989
0.12
0.189
0.05
0.064
2.523
3.042
0.335
0.113
4.487
0.226
0.023
0.458
0.083
4.925
0.115
0.189
0.125
0.511
0.266
0.077
0.239
0.038
0.057
0.113
0.177
0.087
0.101
0.022
0.025
0.545
0.063
0.138
0.066
0.021
3.792
0.606
0.13
0.077
0.257
0.523
5.237
3.184
0.273
0.113
0.155
2.524
0.161
0.246
0.023
0.048
0.015
0.098
0.155
5.661
0.167
0.137
5.182
0.296
0.048
0.076
4.894
0.023
1.018
0.153
0.088
0.042
5.242
0.346
0.116
0.155
0.516
0.444
3.934
1.896
3.962
9.966
0.18
0.087
0.712
1.129
3.489
0.119
0.069
0.036
0.094
0.206
0.202
3.698
4.294
0.046
0.049
0.101
0.073
0.04
4.592
0.819
0.05
0.487
0.143
0.297
0.128
1.987
0.526
0.043
0.184
1.417
5.528
0.069
0.076
0.04
0.265
5.045
5.969
0.54
0.165
0.553
1.121
0.063
0.602
1.189
0.082
0.09
0.067
5.365
3.339
0.091
0.551
0.667
0.193
0.143
2.511
0.643
0.251
0.156
0.046
0.314
0.263
0.072
0.391
0.215
0.289
2.363
0.835
5.986
1.553
0.208
0.036
0.032
0.811
9.555
0.653
3.36
0.03
0.329
0.214
0.239
0.207
0.335
0.055
0.333
0.195
7.033
1.128
6.62
0.687
0.136
5.822
0.633
0.027
0.127
0.129
4.145
0.143
0.036
0.245
2.239
0.284
0.337
0.124
0.221
0.591
0.121
0.059
1.729
0.049
2.587
0.143
3.501
0.011
0.085
0.23
2.961
6.867
0.081
0.362
0.564
0.092
0.065
0.173
3.503
0.026
0.355
0.05
0.306
0.163
0.126
0.198
0.141
0.048
0.207
3.962
1.366
0.548
0.104
4.879
0.073
3.624
3.525
0.283
0.257
2.999
0.067
0.358
0.04
0.212
2.586
5.32
6.245
0.054
0.316
0.14
0.099
1.807
0.168
4.783
0.06
0.186
0.087
0.151
4.716
0.439
0.023
0.211
0.141
0.473
0.193
4.598
0.099
2.818
2.496
0.025
0.112
0.544
0.729
2.707
0.055
0.278
0.085
1.814
0.064
0.075
1.041
0.529
0.39
1.56
0.371
0.573
2.933
1.813
0.765
0.306
0.151
0.075
0.206
0.129
0.204
0.134
0.11
0.194
0.322
4.778
0.082
2.458
0.4
0.085
1.142
2.259
0.398
0.229
0.06
0.079
0.223
1.672
0.236
0.256
1.666
0.143
0.173
0.083
0.31
0.383
4.434
0.232
0.076
0.031
0.375
0.046
1.618
2.623
0.04
8.645
0.126
2.354
2.559
2.167
0.171
7.232
0.147
0.165
3.0
0.167
0.174
0.138
0.781
0.312
3.614
2.467
8.399
6.096
0.295
3.276
0.543
1.855
0.199
4.141
1.761
0.179
0.094
0.019
0.866
0.111
0.256
0.251
0.185
1.684
0.495
1.514
0.062
9.077
2.655
0.5
0.255
2.157
6.252
0.168
0.033
0.037
0.808
0.269
0.464
0.93
0.446
0.066
3.338
0.055
0.801
0.072
0.031
2.259
0.315
0.083
1.734
4.708
0.034
3.209
0.053
5.646
0.046
0.058
0.063
0.066
0.166
0.052
0.012
0.156
2.736
0.214
0.034
0.063
3.783
7.105
0.479
1.216
0.307
5.003
0.064
0.022
0.773
0.174
3.168
3.033
0.166
0.167
3.542
0.166
0.081
2.324
0.333
0.244
5.015
1.538
1.756
0.213
2.488
0.224
0.368
0.934
0.051
2.623
2.434
0.048
0.035
0.69
0.25
3.844
2.595
2.685
0.192
1.691
0.03
1.189
2.518
2.531
2.024
1.388
0.034
2.594
0.123
0.449
0.089
0.176
0.219
3.558
3.08
6.62
0.23
0.266
0.181
0.117
0.047
1.988
4.468
0.475
2.433
5.349
2.125
0.461
0.149
0.179
0.159
0.614
0.173
2.837
0.12
0.25
0.211
0.148
1.99
1.208
8.346
0.148
0.235
4.704
0.156
0.035
0.812
0.265
0.047
0.585
0.228
0.071
3.686
0.047
0.085
0.3
0.056
2.051
1.887
5.175
0.207
0.556
0.072
3.378
2.484
0.131
0.527
0.035
0.127
0.082
1.9
1.564
1.176
0.026
3.046
0.096
0.354
0.458
0.041
0.137
0.069
0.048
6.266
0.051
1.945
1.2
8.042
0.033
0.096
0.797
0.076
1.761
0.038
0.176
0.062
0.309
0.446
0.305
0.201
0.079
0.212
2.329
0.078
0.152
1.692
0.127
0.078
0.184
3.804
0.138
0.071
0.143
0.175
2.496
2.486
0.372
0.227
0.236
0.047
0.067
0.259
0.147
0.11
5.068
0.047
0.683
0.432
1.688
0.025
0.708
0.035
0.209
5.393
0.063
0.05
0.108
0.139
0.341
0.119
0.987
0.179
0.108
2.413
0.105
0.289
2.475
0.384
3.62
1.027
0.036
0.509
0.13
0.265
0.306
1.007
0.042
4.247
0.106
0.155
1.805
0.43
0.548
0.142
0.042
0.033
0.075
0.098
0.427
2.283
0.286
0.108
0.841
0.039
0.178
0.351
3.75
2.397
0.082
0.042
6.189
0.101
10.571
0.264
0.169
0.15
0.664
2.341
4.389
0.233
0.281
0.362
0.076
0.06
0.296
4.013
0.071
0.183
0.591
0.713
0.069
0.126
0.138
0.033
0.083
6.664
0.563
0.104
0.58
4.703
0.079
1.759
0.968
8.754
0.706
3.482
0.128
0.08
0.12
0.042
5.672
10.534
0.192
0.468
0.032
0.156
0.093
0.067
4.888
0.34
10.646
0.2
0.461
3.049
3.671
0.044
1.099
0.249
0.025
2.22
0.246
1.185
0.078
0.114
0.215
0.037
0.107
0.218
0.044
0.351
0.234
0.069
1.029
0.352
2.31
0.093
1.997
2.715
0.223
6.521
0.09
3.057
3.677
3.082
10.196
0.137
0.095
2.182
4.775
9.894
2.847
0.201
3.07
0.035
0.194
0.185
0.659
0.075
1.034
5.645
0.185
5.549
0.072
0.225
0.173
3.326
0.146
10.479
0.431
0.173
0.321
0.06
0.37
0.529
0.07
0.059
2.731
0.471
0.11
3.654
0.059
0.133
0.073
0.133
0.991
0.399
0.285
0.363
0.049
2.644
0.066
0.204
0.084
0.392
0.412
0.196
0.137
2.126
2.73
10.614
0.175
5.719
0.118
1.183
0.071
0.657
0.213
0.271
0.262
4.098
0.071
2.345
2.301
0.141
0.141
1.333
0.011
0.038
0.031
0.262
0.106
1.722
0.027
2.856
0.734
2.189
0.193
2.078
0.335
0.088
0.37
2.833
0.247
0.242
4.275
0.146
0.81
4.257
0.48
0.403
0.039
0.089
0.084
0.844
0.259
0.083
0.046
0.637
0.544
2.556
0.222
1.53
0.048
0.029
0.062
0.23
0.106
0.188
0.152
0.05
0.043
0.022
0.043
0.476
0.217
0.687
0.125
0.461
0.09
7.46
8.577
0.565
2.175
0.106
0.376
5.57
0.507
0.568
0.051
0.993
0.078
0.022
0.337
0.151
0.127
8.453
0.071
0.389
0.166
0.131
0.152
0.14
0.058
0.441
0.02
0.675
0.61
0.08
0.113
0.098
2.067
0.026
3.463
0.056
1.146
0.067
0.078
0.287
0.072
4.048
0.283
0.732
0.149
2.772
0.087
0.366
1.959
0.123
0.374
2.336
0.25
0.45
0.855
0.017
0.561
0.359
6.042
0.907
0.289
0.326
3.522
1.849
0.096
0.451
0.068
0.156
0.062
0.236
0.201
0.024
2.566
0.031
0.076
0.245
0.029
0.112
0.07
0.073
0.188
0.143
1.16
0.244
0.186
0.337
0.405
0.111
0.161
2.798
0.086
1.715
1.611
0.083
3.165
0.074
2.334
0.051
0.024
3.761
0.029
0.875
0.296
4.798
0.102
0.347
0.037
0.328
0.135
0.157
0.083
0.158
1.788
1.305
0.092
2.406
0.342
0.066
0.176
2.095
2.571
6.068
1.008
0.044
0.896
3.438
0.546
0.219
0.658
2.449
2.762
0.331
0.174
0.462
0.049
0.116
0.256
3.937
0.839
0.214
0.068
6.592
0.273
2.983
1.964
0.1
0.066
0.214
0.21
0.069
0.182
0.715
0.099
0.081
0.082
0.086
4.479
1.464
2.769
1.608
0.032
3.883
0.193
6.61
0.091
0.249
1.427
0.067
0.456
0.276
0.368
0.105
0.035
3.079
0.24
4.103
0.049
0.047
0.08
0.105
0.639
2.028
0.073
0.027
0.044
3.873
0.383
0.056
8.841
1.906
0.051
1.868
0.18
3.138
0.198
2.776
0.08
0.039
2.422
4.617
0.197
0.338
0.126
1.427
0.479
7.089
0.825
4.665
1.429
1.89
2.515
0.019
4.455
1.03
4.545
0.037
1.827
1.013
0.102
0.031
0.064
0.051
0.666
1.67
0.172
0.037
2.178
0.602
5.389
0.142
2.828
0.849
0.189
0.15
0.078
0.408
0.098
4.203
0.091
1.312
0.065
0.537
0.362
0.53
0.314
2.252
3.802
3.351
0.056
2.856
0.047
11.51
0.062
0.049
0.06
0.283
0.222
0.247
0.659
2.466
0.96
0.143
0.101
0.071
0.028
0.116
0.548
0.103
0.08
1.709
2.376
0.022
0.107
0.043
2.67
0.405
3.97
0.072
3.392
0.146
0.027
0.269
0.021
2.033
0.546
0.152
3.673
0.262
0.297
0.044
3.784
3.706
7.722
0.044
2.917
0.028
0.098
0.226
0.156
1.772
0.191
0.083
0.175
0.719
0.182
0.083
0.56
1.958
1.086
0.047
0.041
1.777
0.067
0.232
0.108
0.619
0.149
0.335
2.475
1.733
0.115
0.187
1.901
9.262
0.193
1.15
0.126
0.118
0.228
2.555
0.047
0.429
2.84
0.095
0.057
4.513
0.317
0.069
0.289
5.939
0.1
0.232
0.209
0.052
0.147
0.157
0.677
0.041
0.077
0.067
0.582
0.373
0.203
0.771
1.236
0.127
0.131
0.035
0.352
0.183
0.699
0.035
7.031
6.92
0.026
0.169
0.129
3.296
0.388
0.427
0.076
0.418
1.073
0.1
2.366
0.128
0.294
0.246
0.472
0.087
0.192
0.181
2.208
0.177
0.436
0.418
0.126
1.063
0.063
3.832
0.114
2.223
0.09
0.136
5.892
0.353
0.161
0.098
5.53
7.879
0.188
0.024
1.543
7.252
3.696
0.055
0.036
0.053
0.121
2.408
0.041
0.214
0.04
0.04
0.337
4.263
1.73
1.631
0.167
0.054
0.146
0.705
0.294
0.032
0.219
0.173
0.34
2.059
0.956
2.326
0.132
0.268
0.656
1.951
2.797
0.115
2.34
0.092
0.225
0.109
0.063
4.599
3.585
0.043
0.23
0.066
0.159
4.066
0.459
0.486
0.102
0.042
2.335
0.088
5.166
1.222
0.627
0.047
0.498
0.187
1.06
0.077
0.04
0.053
3.866
0.102
0.074
0.016
0.097
0.172
4.374
0.412
2.137
2.122
0.016
0.246
0.107
0.106
0.317
0.094
0.347
1.716
0.132
0.068
0.067
0.256
1.025
6.927
0.107
0.275
0.097
0.176
0.029
0.014
0.046
0.033
0.754
0.333
1.413
3.17
0.06
0.263
0.077
5.572
0.067
5.077
0.272
0.403
3.461
0.249
0.328
0.365
0.293
0.215
0.187
0.079
0.043
0.056
2.417
0.558
0.03
0.064
1.796
7.274
3.735
0.076
0.079
0.174
8.699
0.076
0.187
1.291
2.21
0.395
0.411
0.458
0.069
0.303
0.033
1.09
0.066
0.205
9.436
2.494
3.603
2.534
0.085
0.142
2.855
2.671
0.892
0.036
0.448
1.628
0.378
3.321
1.77
0.051
0.422
0.1
0.203
0.303
0.631
0.049
4.338
0.574
0.416
0.077
1.73
0.043
0.449
0.132
6.341
0.236
0.601
0.227
0.044
1.425
0.853
0.039
0.707
0.034
9.163
0.181
0.023
0.384
2.846
3.191
0.377
0.975
2.905
0.318
0.042
0.044
0.061
4.071
3.563
0.051
0.133
3.668
0.061
0.042
1.867
0.252
0.044
0.19
0.009
0.088
1.961
0.071
0.07
0.018
0.075
5.039
11.809
3.158
2.752
0.144
4.841
0.169
0.04
3.008
3.624
0.154
0.229
5.043
0.135
5.598
0.663
0.054
0.04
1.373
1.729
0.137
0.172
0.162
0.01
3.936
4.466
0.021
4.547
0.032
0.117
0.035
0.309
0.059
3.977
0.086
4.219
0.083
0.084
2.783
0.397
0.043
2.002
0.048
3.126
0.403
0.694
0.023
0.059
6.404
0.198
0.165
7.205
0.349
0.414
4.23
0.278
0.901
0.057
0.051
0.362
0.114
1.187
0.142
1.992
0.555
0.279
0.249
0.161
0.265
0.18
0.14
3.432
0.068
0.667
0.119
0.206
0.36
0.079
6.397
0.161
6.001
0.084
0.017
0.175
0.499
0.209
0.327
0.106
1.703
0.103
0.077
2.909
5.715
4.767
0.031
0.07
2.268
6.393
0.22
0.212
0.265
0.039
0.262
0.397
3.716
4.446
3.898
0.037
1.271
0.051
0.262
3.318
3.009
0.181
0.076
0.172
0.521
0.641
0.105
0.08
0.048
4.006
5.011
0.081
0.366
0.739
3.902
0.322
0.041
0.083
0.163
3.049
0.078
0.063
0.34
4.436
1.02
0.09
1.317
0.131
0.244
0.123
0.28
0.173
3.522
0.026
4.538
2.592
0.067
2.947
0.121
0.336
0.129
1.1
0.133
0.18
0.407
0.057
0.089
0.068
0.5
0.094
0.03
0.045
0.157
0.027
0.035
0.209
0.251
2.719
0.109
0.152
0.558
0.101
0.113
2.259
0.037
0.03
0.24
0.473
0.743
2.64
7.831
4.337
0.099
5.234
3.156
0.076
0.644
0.399
0.215
0.046
0.053
11.937
0.509
0.271
0.036
0.149
2.517
0.206
0.029
3.322
0.062
0.168
0.293
4.948
0.406
0.052
3.424
3.829
2.468
0.041
2.435
2.176
3.415
0.038
1.25
0.041
0.093
0.894
0.173
1.45
0.096
0.059
0.115
0.124
0.656
0.532
0.8
0.107
0.71
0.291
0.18
0.069
0.202
0.164
0.639
0.174
0.123
0.058
0.028
1.731
0.336
0.01
0.624
1.12
0.089
0.646
0.197
0.052
7.429
7.443
0.399
4.262
0.159
1.94
0.25
0.152
0.585
0.588
0.161
0.048
5.361
3.313
0.046
0.387
0.042
0.301
4.235
0.02
0.698
6.64
0.309
0.053
0.097
2.132
3.036
0.064
0.102
0.02
0.204
0.181
0.369
0.036
3.712
5.678
0.887
1.982
2.181
0.023
0.082
0.037
2.206
0.577
0.3
0.185
0.092
0.068
0.163
0.396
0.086
0.146
0.065
0.063
0.062
2.86
0.278
4.762
1.152
0.143
0.052
5.289
0.144
0.442
0.147
1.975
0.825
0.066
5.457
0.089
0.065
0.035
3.497
7.432
0.077
0.098
0.065
0.124
4.282
2.495
3.786
4.838
0.137
0.019
0.271
0.07
0.249
0.026
3.01
2.734
0.395
3.038
0.014
1.634
0.028
0.072
0.165
6.732
4.279
4.319
2.98
2.047
0.057
0.04
0.021
0.472
0.739
3.154
0.5
3.891
0.44
1.746
0.081
0.346
0.607
0.146
5.733
3.422
8.495
2.584
0.584
9.532
0.751
0.207
0.208
0.526
0.093
0.216
0.014
2.283
0.014
1.097
0.015
0.041
0.234
0.871
0.383
0.17
0.114
0.767
0.04
4.852
3.397
2.177
3.023
0.079
4.366
0.222
5.307
0.224
0.197
0.093
7.325
2.688
4.384
0.035
1.116
0.099
2.891
0.023
3.479
0.024
0.544
0.346
0.02
0.051
0.032
2.332
0.106
0.957
0.253
0.437
0.081
0.372
0.261
0.194
0.073
0.594
0.856
2.152
0.47
0.163
0.129
0.03
4.348
0.437
0.045
0.058
0.244
0.26
0.181
0.127
0.047
0.245
0.605
0.295
2.745
0.233
1.414
0.131
4.34
8.821
0.407
0.115
0.15
0.328
0.047
0.059
0.018
0.652
2.29
5.448
1.079
2.506
4.188
0.279
0.088
0.76
0.247
0.119
2.059
10.617
0.054
0.42
0.024
8.853
0.653
0.181
0.059
0.241
1.358
2.479
2.596
0.061
0.054
0.038
0.053
0.643
0.272
0.081
0.248
0.088
0.263
0.267
1.97
0.195
0.039
0.041
12.349
0.197
0.122
2.501
0.204
3.195
0.15
0.152
3.243
0.088
0.064
0.138
0.06
0.374
0.113
1.348
0.271
0.365
0.038
0.114
1.958
0.287
0.112
0.123
0.128
0.261
0.043
3.215
0.092
0.064
0.418
0.163
0.029
0.131
1.648
0.199
0.595
6.774
0.511
0.211
0.066
1.446
2.941
4.021
0.103
0.973
4.115
0.037
0.525
7.345
0.163
0.044
1.724
0.212
0.046
0.083
0.081
0.367
4.434
0.103
1.524
9.965
0.043
6.127
0.062
0.242
0.041
0.085
2.933
0.136
2.802
0.107
0.069
0.293
2.957
0.287
0.074
0.09
0.165
0.761
0.174
0.207
7.635
0.256
2.655
0.043
1.288
0.202
0.092
0.134
12.877
0.126
0.224
0.036
0.313
0.046
0.259
0.05
0.21
0.074
8.404
3.755
3.773
2.753
0.128
0.136
0.368
0.942
0.019
0.131
1.928
4.62
0.168
4.504
0.112
0.073
2.472
0.403
2.175
1.43
0.148
1.119
3.934
0.088
0.111
0.312
0.039
5.694
0.099
2.078
0.696
0.042
0.046
0.175
3.079
0.039
0.755
0.221
0.149
0.027
1.264
0.096
1.253
1.077
0.447
0.232
0.129
0.086
3.084
3.065
0.2
0.167
0.395
0.047
0.033
0.308
2.017
0.08
0.271
0.238
0.045
1.219
0.021
0.396
0.246
2.604
4.353
8.921
0.447
3.166
2.275
0.13
3.905
0.141
3.49
0.247
1.788
0.309
2.903
0.07
0.208
0.296
0.017
0.124
2.939
0.235
2.346
3.892
1.982
0.22
1.874
0.148
0.025
0.123
0.25
0.682
0.939
0.261
0.032
0.288
3.025
0.163
0.096
0.671
0.962
5.967
1.19
0.35
0.032
2.309
0.578
4.351
0.031
4.063
0.258
3.014
1.418
0.022
1.293
0.201
0.264
3.638
0.33
0.04
0.045
0.126
0.315
2.277
0.032
8.871
0.081
0.088
0.129
4.656
7.558
3.118
2.086
2.205
0.124
0.334
0.126
0.131
0.044
0.554
1.172
0.266
0.159
0.727
0.106
2.666
0.038
0.127
0.108
0.604
0.335
9.222
2.436
0.037
0.062
10.879
0.295
0.146
0.312
0.243
0.094
0.321
0.288
3.576
1.456
0.546
0.098
1.95
0.018
0.258
2.786
0.491
0.158
4.37
4.033
2.183
0.06
4.179
3.871
0.201
0.446
0.99
0.061
1.414
2.432
2.83
1.108
0.503
0.234
1.693
2.671
8.826
7.658
0.076
1.867
1.603
1.155
0.239
0.524
0.178
0.114
0.117
2.796
0.242
0.071
0.196
0.046
0.129
0.085
0.201
0.068
3.214
0.058
2.48
0.163
0.057
0.834
0.072
2.931
1.018
4.125
0.13
0.127
0.561
0.127
0.183
0.069
2.873
0.099
0.227
3.851
0.054
0.042
0.368
0.059
0.182
0.207
0.189
1.089
0.176
1.119
0.272
0.049
2.149
2.906
0.222
2.626
2.946
0.382
2.674
0.601
0.192
0.56
0.101
4.236
3.242
0.559
0.022
0.128
0.113
0.067
0.115
0.141
1.169
0.035
0.423
0.621
11.413
0.899
0.103
1.283
0.588
0.234
0.061
0.777
2.994
0.385
0.132
2.297
0.05
0.879
11.608
0.081
0.237
0.073
0.068
0.229
1.322
4.621
3.338
2.055
1.361
2.812
1.343
0.164
0.112
0.106
0.107
0.04
0.099
0.553
0.531
0.024
2.975
0.173
0.24
0.718
0.35
0.19
0.313
0.264
0.083
0.062
1.983
2.542
2.266
0.595
0.031
0.239
0.304
0.221
4.269
0.017
0.097
0.139
0.325
2.59
0.424
0.411
0.263
0.07
0.247
0.037
0.425
0.515
7.402
0.091
2.669
0.042
0.596
0.218
0.054
0.188
0.164
3.928
0.249
0.047
0.246
0.331
0.051
0.188
0.017
0.904
0.066
0.049
2.134
0.324
6.408
13.652
0.153
0.06
7.599
0.153
6.134
0.197
3.793
11.583
0.161
0.225
0.027
3.175
0.134
0.405
1.311
2.621
3.452
1.004
0.498
1.446
0.053
0.197
0.997
0.325
0.04
0.511
0.298
1.038
2.311
0.117
0.023
0.241
13.159
3.421
0.051
7.952
0.084
0.212
0.233
9.56
0.442
0.122
2.576
0.052
3.034
8.611
3.796
0.65
0.039
0.173
0.174
0.162
0.271
0.018
0.029
0.038
5.702
8.392
0.123
2.381
0.196
0.296
0.789
0.043
0.118
12.811
0.12
0.262
0.2
0.32
5.845
0.134
0.082
0.189
0.032
2.012
0.138
1.189
0.193
0.09
1.157
0.41
0.955
1.55
1.98
2.712
0.137
0.554
0.568
7.651
0.891
0.32
0.327
0.506
0.091
0.133
0.839
0.502
0.024
2.25
0.066
2.567
0.241
0.602
2.998
5.098
12.362
4.46
0.141
1.651
0.055
2.065
0.178
0.095
3.502
2.534
0.447
0.033
3.68
2.115
1.273
0.316
6.983
0.104
0.553
0.095
0.029
11.894
1.594
1.239
0.022
5.664
2.657
0.11
1.868
0.235
0.024
6.169
0.151
0.097
2.809
4.096
0.191
3.865
5.12
0.206
0.037
0.043
6.278
0.033
0.43
0.019
0.119
0.858
0.098
3.715
0.094
1.616
0.464
0.285
7.057
0.025
0.2
2.467
6.637
0.511
0.12
0.115
9.307
0.215
0.052
0.109
0.088
0.053
0.047
0.148
0.031
0.183
0.029
0.068
0.086
0.396
0.765
0.342
1.122
0.048
0.22
0.29
1.946
0.103
0.269
0.017
0.345
0.603
0.6
0.035
4.928
0.134
0.058
12.12
1.037
0.09
0.033
0.979
0.351
2.903
0.228
2.259
0.309
0.096
2.332
0.05
2.3
0.045
0.484
3.533
6.053
0.574
0.18
3.244
0.049
0.034
9.79
0.671
0.046
0.114
0.16
0.227
0.028
0.056
0.107
0.728
0.475
0.122
0.06
0.295
0.049
0.144
0.096
0.091
0.302
0.132
7.373
0.211
0.147
0.179
2.766
9.918
0.101
0.096
3.593
0.118
0.1
0.183
3.473
0.495
0.117
0.232
2.648
0.051
2.301
0.217
2.298
0.276
4.422
0.059
0.072
1.728
0.167
0.205
0.057
2.552
0.072
0.132
0.156
0.133
4.538
1.847
0.104
0.04
0.369
2.457
0.313
1.516
0.126
0.274
0.068
1.172
7.258
3.11
4.003
2.348
0.041
0.254
2.22
0.342
0.129
2.657
0.058
0.099
0.665
0.08
0.808
0.162
0.135
0.183
7.505
0.094
0.044
0.127
0.895
0.108
0.174
0.035
0.058
0.196
2.531
0.071
0.079
0.164
0.164
0.032
0.587
0.086
0.079
1.339
0.307
0.549
0.104
0.868
0.061
0.211
3.197
2.828
0.907
0.419
0.316
0.107
0.126
3.499
5.018
1.048
6.846
5.609
0.328
0.107
0.6
0.078
0.42
0.707
7.944
4.098
0.85
0.069
0.027
0.341
0.154
0.434
0.082
9.147
0.095
0.072
2.013
0.018
0.325
0.031
0.922
0.102
0.459
5.013
0.988
5.876
0.064
0.505
1.993
0.812
3.467
0.197
0.808
0.058
0.226
0.309
0.108
0.061
0.028
0.376
6.722
0.227
0.084
3.134
0.286
1.17
0.308
2.383
0.154
0.051
0.213
0.036
0.039
0.119
0.299
1.213
3.818
5.796
1.525
0.033
0.063
0.051
0.162
0.019
0.126
0.724
0.111
1.413
0.154
0.276
0.121
0.099
3.368
0.155
0.093
0.162
0.026
0.066
0.723
0.19
2.853
1.531
0.154
1.713
0.121
2.863
3.261
0.091
0.292
0.155
0.66
0.073
0.066
0.161
0.029
0.079
2.84
1.456
0.021
3.2
0.054
0.152
2.956
4.156
3.934
0.716
1.272
5.956
0.113
0.054
0.049
0.21
0.319
3.066
0.211
0.991
0.078
3.165
3.307
4.738
0.125
0.288
0.172
3.503
0.75
0.058
0.093
2.437
1.098
0.065
0.06
4.826
0.665
0.113
0.779
0.206
0.6
4.074
0.051
0.019
2.067
0.061
0.044
0.281
0.191
2.951
0.082
0.098
0.028
0.295
0.876
0.044
0.589
9.032
0.087
3.907
0.052
0.059
0.148
0.069
0.49
1.092
0.562
2.112
0.396
2.363
0.129
0.02
0.411
0.042
2.682
0.059
0.232
0.282
0.257
0.035
0.298
5.065
2.672
6.341
0.319
3.556
0.017
0.029
1.958
0.082
8.317
0.104
0.081
0.035
0.408
5.385
0.056
4.798
4.284
0.05
1.056
2.921
3.551
0.265
0.25
0.316
1.404
0.103
2.642
0.642
0.528
0.958
0.189
0.225
2.777
0.103
0.237
0.668
0.069
0.042
0.035
0.073
0.11
0.383
10.866
0.922
0.063
0.042
5.644
0.313
3.826
0.165
0.504
0.702
1.885
0.187
0.082
0.037
1.296
2.862
2.579
2.611
0.143
0.229
0.15
0.351
0.214
0.328
3.968
0.325
3.397
2.933
0.664
0.166
0.821
0.042
0.302
0.058
1.506
1.208
0.071
0.045
2.647
0.037
4.999
7.904
0.021
0.272
0.274
0.974
0.115
2.565
0.683
7.11
0.256
2.519
1.27
0.566
0.355
0.42
0.105
8.927
0.235
0.95
2.168
0.081
3.011
4.916
0.558
0.134
0.072
0.245
0.264
0.119
8.062
1.874
0.064
0.09
1.088
0.25
0.301
0.307
0.386
0.143
0.017
3.28
2.965
0.097
4.546
0.057
0.04
0.053
0.499
0.1
0.033
0.04
0.058
0.126
2.81
0.176
0.236
0.329
0.051
0.225
0.32
7.158
0.588
0.074
0.276
0.057
0.078
0.219
4.868
0.028
11.025
0.169
0.025
0.225
0.943
0.049
0.096
0.133
1.735
0.229
0.091
0.246
0.037
3.473
5.887
0.078
5.114
0.082
3.754
0.063
0.116
0.032
0.322
2.121
6.306
0.148
2.321
0.078
6.312
0.139
0.094
0.275
5.1
0.098
2.339
1.524
0.044
0.484
0.084
0.056
1.952
0.041
3.875
0.253
10.868
0.081
7.465
0.863
3.48
0.051
0.908
1.569
0.14
0.284
3.509
3.472
0.489
0.425
0.708
0.642
2.331
0.106
0.554
0.129
0.084
2.871
0.033
0.106
0.064
0.388
0.163
1.935
0.049
0.169
0.149
7.649
0.125
0.273
2.306
0.155
0.279
0.256
0.04
2.228
0.074
0.062
0.039
0.106
0.062
5.37
1.749
1.068
2.513
0.124
0.067
0.131
0.094
0.049
0.08
0.082
1.321
0.796
0.907
0.481
0.316
0.137
1.415
0.241
0.604
3.717
0.748
0.02
0.158
0.055
0.465
0.329
0.036
0.064
0.532
0.735
0.161
0.077
0.021
2.089
0.029
0.135
0.124
0.328
0.54
5.499
0.07
0.069
0.014
0.338
0.548
0.025
2.349
0.124
1.196
2.388
3.991
0.149
0.219
4.67
0.383
4.406
0.058
0.93
0.055
3.439
0.146
0.76
0.108
0.471
0.148
2.891
0.449
0.152
0.205
0.246
0.041
0.718
0.056
0.315
4.467
0.098
0.07
2.591
0.145
3.585
0.059
0.078
1.424
0.124
0.222
0.14
0.142
0.635
1.71
3.966
0.403
4.535
0.034
0.045
0.836
0.109
0.036
0.013
0.148
0.401
0.509
4.043
0.059
0.525
0.047
0.84
1.239
0.199
4.922
0.08
3.547
1.407
0.341
0.059
0.693
0.153
0.136
0.164
0.211
0.105
1.565
0.094
0.989
0.08
0.899
0.085
6.951
0.133
0.149
0.778
6.023
0.525
2.447
0.335
0.225
5.522
0.052
0.15
0.016
0.327
7.457
0.309
5.881
1.068
0.128
2.6
3.965
7.104
0.091
0.023
4.62
0.558
0.92
4.949
0.049
0.069
2.698
0.084
0.196
0.411
11.853
3.138
0.917
1.628
0.075
0.12
0.723
0.05
0.759
6.162
1.837
0.063
0.54
0.144
0.153
2.258
2.741
2.362
0.083
0.205
0.028
0.021
0.155
0.041
0.027
0.295
0.023
0.032
0.25
0.167
0.025
3.247
0.043
3.603
0.047
0.261
0.034
0.104
0.357
0.213
0.091
0.579
2.652
0.027
3.326
0.244
0.155
2.224
0.065
0.56
0.042
1.747
0.965
2.488
0.099
2.879
0.404
0.033
0.149
0.063
0.087
0.474
0.369
0.041
0.18
0.065
2.244
0.054
0.23
3.305
1.175
0.304
0.234
0.298
0.555
0.16
0.153
0.155
2.765
0.152
0.058
0.331
0.086
1.81
0.077
3.371
0.333
0.023
0.38
0.194
0.217
0.232
0.205
0.314
0.523
0.837
0.025
6.414
3.296
8.418
0.085
0.599
0.091
0.125
0.073
5.133
1.847
0.031
0.044
0.258
0.14
0.875
0.294
0.31
1.304
1.084
1.178
0.95
1.72
0.047
0.306
0.073
0.284
0.338
0.213
0.081
0.132
1.536
0.285
0.298
0.103
0.247
2.34
0.09
0.053
0.101
0.091
0.223
0.447
2.453
0.117
0.909
0.17
0.501
0.026
0.222
0.221
4.425
5.753
1.741
0.032
0.229
0.132
0.797
0.223
0.125
0.045
0.083
5.245
1.152
0.008
0.115
0.134
3.404
0.033
0.915
0.05
7.378
1.835
0.094
0.041
0.034
0.2
3.663
0.458
0.796
0.771
0.06
0.655
2.721
6.363
5.377
0.267
0.145
0.335
0.094
0.29
0.311
0.934
0.157
2.302
0.337
0.394
0.619
2.695
0.209
0.022
0.116
0.095
0.226
0.037
0.172
10.947
0.056
2.791
0.061
7.505
0.179
0.062
5.1
0.039
0.061
0.28
0.093
0.015
0.78
0.066
0.019
0.413
7.911
0.689
0.091
0.068
0.326
0.236
0.091
3.074
2.769
0.063
2.22
0.122
3.017
0.078
0.151
0.065
0.063
0.097
6.207
0.668
0.306
0.894
0.28
0.164
2.075
0.286
0.373
0.063
0.054
0.998
0.047
3.93
0.111
0.047
0.392
0.055
0.093
0.062
8.302
0.293
0.157
0.264
0.37
4.45
2.128
2.156
0.024
3.763
0.382
0.445
0.089
0.188
0.262
0.233
0.099
0.34
0.306
0.866
2.263
0.209
0.169
0.08
0.164
0.14
0.166
0.322
0.123
0.52
0.078
0.215
0.069
0.132
0.732
0.283
4.802
2.233
0.053
0.043
0.096
1.332
4.446
2.673
2.042
0.09
0.285
0.348
0.261
0.094
0.172
0.287
0.065
0.083
0.962
5.791
4.086
0.034
0.165
0.763
0.26
0.072
0.442
0.055
0.097
0.138
3.465
5.097
0.069
5.481
1.9
2.89
0.084
3.129
0.489
0.523
0.155
0.236
0.066
0.038
0.052
0.091
0.265
0.326
5.179
0.089
0.201
0.18
0.622
0.066
3.524
0.063
0.14
0.077
0.18
0.689
0.291
2.183
0.352
1.173
0.448
2.279
0.26
0.517
3.207
8.285
0.03
0.251
3.13
0.368
0.138
0.16
4.541
1.886
0.851
0.398
0.114
0.067
0.127
1.759
0.029
0.892
0.116
0.872
0.038
0.093
0.112
0.093
0.429
1.164
5.786
0.171
0.269
3.812
3.729
1.998
0.254
2.969
0.439
0.061
0.217
0.2
0.059
0.568
2.261
0.207
1.557
0.902
7.4
0.16
0.235
0.031
0.519
0.093
0.228
0.072
0.136
0.034
1.016
0.049
0.3
0.475
0.281
4.646
0.036
0.08
4.321
0.028
0.796
0.072
5.437
0.369
6.655
0.06
6.806
0.093
0.068
0.277
0.382
0.983
0.201
0.123
5.078
4.655
3.889
0.029
0.283
1.208
0.064
0.224
1.628
5.961
0.128
0.196
0.082
0.226
0.106
0.092
1.407
1.641
1.018
0.498
2.219
5.794
0.2
0.039
8.082
6.657
0.095
0.035
7.956
0.074
0.623
0.4
6.58
3.35
2.938
0.138
2.765
0.057
0.039
0.303
1.89
3.155
0.102
0.984
0.238
5.005
1.764
0.163
0.043
0.117
0.069
0.101
2.902
0.057
0.218
0.15
0.27
0.246
0.038
0.872
0.042
2.106
0.14
7.769
0.03
0.692
0.228
0.223
0.092
7.65
1.628
0.2
0.239
0.338
6.315
0.491
0.044
0.04
0.103
2.511
4.658
0.408
2.165
3.923
4.144
0.211
0.366
0.033
0.649
0.456
0.087
0.752
1.919
0.433
0.236
0.501
0.263
0.038
0.123
0.093
0.151
0.055
0.112
0.576
0.112
0.113
0.052
0.637
3.246
0.67
0.093
0.121
0.138
0.075
0.069
0.179
0.168
0.052
0.332
0.261
0.145
0.256
4.146
1.068
0.073
0.468
0.963
0.313
2.412
0.347
0.06
0.041
2.667
0.028
0.154
3.779
3.378
0.026
0.131
0.113
0.094
2.422
0.354
0.135
0.118
1.479
0.08
0.047
0.56
0.052
0.399
0.235
1.016
0.279
0.752
0.038
0.438
0.05
0.364
0.552
0.021
0.233
0.101
6.593
0.06
2.376
0.682
0.041
0.089
1.118
3.611
0.116
0.43
0.447
3.534
0.298
0.19
0.146
5.774
0.205
0.202
4.255
0.111
0.058
0.084
0.099
0.54
3.645
2.413
0.406
6.611
4.139
0.103
0.522
1.483
0.289
1.542
0.045
1.178
0.352
6.447
0.069
1.551
0.218
0.71
0.53
0.038
0.289
0.152
0.669
2.659
1.95
0.43
0.608
0.281
0.161
0.186
0.305
0.046
0.112
0.026
5.553
0.193
0.377
0.463
0.058
0.095
0.073
2.934
3.147
0.116
0.118
1.495
0.056
0.297
1.872
0.49
0.517
0.171
2.559
0.098
0.155
2.219
0.223
0.996
2.796
0.116
0.093
0.384
0.259
0.142
0.079
0.593
1.515
0.22
0.622
0.095
0.182
0.059
0.506
2.229
4.804
0.446
0.11
3.26
0.072
0.02
0.273
0.026
0.093
0.034
1.937
0.418
1.822
4.463
1.856
1.808
0.885
0.068
0.023
8.248
8.142
0.331
0.11
1.271
1.53
0.093
2.521
0.444
0.115
1.754
0.891
0.105
3.27
0.332
0.1
0.107
0.376
0.206
2.783
0.125
3.25
8.446
6.694
0.109
0.206
2.34
0.092
2.496
0.074
0.438
0.033
0.042
0.18
8.693
0.085
0.029
0.062
0.067
0.242
0.155
2.376
0.631
0.044
0.415
0.055
0.044
0.595
0.109
1.176
0.26
0.152
3.062
0.825
0.103
0.023
0.018
2.577
0.081
0.189
0.057
0.101
0.245
1.475
5.223
0.071
0.042
0.049
2.674
3.891
1.831
3.519
0.038
8.973
2.483
6.272
0.054
1.679
0.561
0.082
0.09
6.357
3.604
0.274
0.116
7.163
2.207
0.045
3.313
2.054
6.453
0.794
0.021
4.48
0.071
3.104
0.084
0.121
0.019
0.43
0.062
0.127
0.242
3.496
0.078
0.064
6.668
0.188
2.114
0.029
0.102
1.668
0.166
0.05
3.629
0.122
0.164
2.988
0.102
4.505
0.338
0.091
0.022
4.069
0.569
7.504
0.309
3.962
3.327
2.115
5.625
2.837
0.051
0.145
3.986
0.101
0.182
0.222
0.108
5.788
0.109
0.022
0.068
0.039
2.663
0.168
3.416
0.098
0.149
0.269
0.171
0.558
0.064
0.319
0.081
0.388
0.217
1.761
0.024
0.101
0.234
1.006
8.722
3.06
0.053
0.153
4.558
0.064
0.113
0.045
4.616
0.091
2.624
0.046
0.2
0.109
0.241
0.219
0.203
3.663
3.162
0.06
0.159
0.041
1.844
0.027
0.135
0.904
0.355
0.237
2.887
0.13
0.039
0.053
0.026
0.045
0.109
1.862
0.046
10.586
0.197
0.202
3.502
0.094
0.291
0.25
0.132
0.994
4.43
0.114
0.108
2.256
0.495
3.956
3.736
0.032
0.231
0.824
3.334
0.152
0.029
0.035
0.124
0.054
0.045
0.126
4.743
0.583
0.068
0.038
0.108
0.124
0.069
0.149
0.45
0.082
0.114
1.749
0.439
0.096
0.067
3.751
0.182
0.046
0.519
2.147
8.212
0.347
0.428
0.165
0.063
0.043
0.106
0.087
0.238
0.057
0.072
0.09
0.147
0.772
0.153
0.198
0.059
0.207
0.093
4.394
0.068
0.449
0.042
0.114
0.155
0.022
0.086
0.579
0.033
0.181
3.081
3.324
0.036
0.08
0.107
0.703
2.913
1.004
6.815
0.12
0.495
1.48
0.148
0.036
7.33
3.408
1.843
5.589
16.516
0.626
1.157
0.192
0.186
9.51
0.212
0.827
0.103
0.046
0.181
0.425
0.592
0.141
0.455
5.548
0.131
0.276
3.096
0.155
0.062
0.422
0.608
1.824
0.048
2.855
0.475
0.18
0.256
0.191
0.086
2.111
0.029
0.92
1.954
2.707
1.03
0.092
0.113
0.038
0.498
0.254
0.067
0.122
7.72
2.242
2.453
0.029
0.031
0.367
3.471
2.731
3.296
0.032
0.392
0.498
0.118
8.286
1.974
1.306
2.43
0.077
0.073
1.065
0.329
0.03
0.041
0.165
0.106
0.707
0.357
0.205
0.189
0.201
1.1
1.8
0.092
0.09
0.663
0.023
0.028
0.054
0.135
0.531
0.392
0.23
3.453
0.027
0.446
0.098
0.662
0.314
0.092
0.174
0.048
2.63
0.255
0.032
0.122
1.77
0.2
0.02
0.05
0.1
0.05
6.588
3.778
0.669
0.743
0.037
0.515
0.136
0.083
3.659
0.053
0.099
0.284
0.174
5.615
0.074
0.216
3.922
0.074
6.397
0.032
3.153
0.017
2.133
0.043
0.218
0.07
0.265
0.399
0.058
0.298
0.094
0.081
1.094
1.451
2.835
0.133
0.096
3.665
0.019
0.276
0.481
0.06
0.19
0.069
0.164
0.028
5.344
0.058
1.522
2.806
0.431
0.048
0.285
1.399
0.104
0.202
4.218
5.945
4.008
4.105
0.077
1.109
1.583
2.367
0.355
0.175
0.101
0.112
5.165
0.043
1.067
0.984
0.041
0.087
4.916
0.043
0.241
1.222
0.185
3.922
0.076
0.034
0.415
7.565
2.508
0.062
0.328
0.05
0.277
0.533
0.105
0.125
0.128
0.234
0.131
0.352
0.104
0.15
0.046
2.493
3.651
0.181
0.63
1.775
0.042
0.144
0.018
0.036
0.423
0.04
0.033
2.861
0.299
1.294
0.053
4.119
0.074
2.089
0.785
0.21
0.042
0.238
0.052
0.045
4.604
4.317
0.565
0.042
0.07
0.038
0.124
0.045
3.276
0.054
0.705
0.028
1.5
4.626
0.035
0.411
4.237
7.197
4.573
0.578
0.063
2.054
0.256
0.191
0.251
0.166
0.168
0.038
3.252
0.539
0.182
2.447
0.157
0.096
0.204
0.312
0.15
0.215
0.05
0.074
2.644
0.235
0.141
0.525
0.111
4.469
0.103
0.026
4.179
2.241
0.381
4.69
0.127
0.102
0.104
1.46
0.03
0.123
0.164
4.78
0.533
0.897
0.158
5.427
0.118
0.163
2.798
0.334
2.448
1.273
0.66
1.261
0.733
0.44
0.072
0.022
0.189
0.28
0.06
5.898
0.195
0.437
0.167
2.885
0.053
2.542
0.905
1.511
0.032
4.167
0.184
0.084
0.161
0.058
0.43
0.311
0.093
0.445
1.674
0.064
0.466
5.432
1.96
0.1
0.254
5.068
3.721
0.02
2.625
0.404
0.172
0.102
0.26
0.552
0.076
0.711
3.059
0.039
0.084
0.359
5.054
3.718
0.339
0.161
0.265
0.865
0.095
0.469
0.066
0.067
0.144
1.741
0.069
0.111
0.075
0.812
8.574
2.285
1.799
0.124
0.257
0.039
0.046
0.317
0.202
1.185
0.063
0.427
2.413
10.376
0.053
1.668
0.189
0.399
1.805
0.322
0.058
0.164
8.422
0.364
7.38
0.156
0.144
0.014
5.025
0.251
4.237
0.014
1.786
9.253
0.062
0.023
0.895
0.851
0.332
0.031
0.094
0.028
0.126
7.202
0.689
0.3
0.149
0.096
2.031
0.111
0.088
0.153
6.206
0.271
0.122
0.07
0.074
0.073
3.788
0.779
0.041
4.603
7.595
0.216
0.284
2.053
0.442
0.114
0.222
4.185
0.281
0.156
0.113
1.793
0.023
3.003
0.116
0.027
0.602
0.321
1.137
1.699
0.453
0.537
0.039
0.24
0.044
3.48
2.537
2.685
0.091
0.214
2.469
0.247
0.129
0.042
2.059
3.088
0.31
2.649
0.273
0.085
9.654
0.178
0.09
0.22
5.527
0.083
0.132
0.264
0.269
4.198
0.219
0.143
0.023
0.066
1.938
0.069
0.047
0.144
0.057
5.766
0.065
0.1
0.337
0.136
0.087
0.514
4.241
0.032
5.962
1.545
0.599
3.504
0.221
0.143
0.075
0.612
1.564
0.335
2.54
0.263
0.052
0.027
0.962
0.077
0.261
0.229
0.159
0.121
4.307
0.563
0.834
2.975
0.091
0.306
0.033
0.133
0.047
6.723
3.009
4.821
0.095
0.239
0.102
0.184
5.222
0.209
0.747
0.092
0.383
0.024
0.022
0.372
4.848
0.019
0.764
5.888
0.977
0.053
0.088
0.104
3.508
0.103
0.932
0.148
4.404
0.343
11.317
0.092
0.035
0.239
5.244
0.084
0.284
0.587
4.071
2.948
2.938
0.109
0.067
0.033
3.674
2.263
0.783
2.068
0.092
1.206
0.1
1.054
0.126
4.577
0.033
2.725
0.636
0.117
0.347
0.089
0.107
0.114
4.949
1.039
0.035
3.982
2.314
0.295
2.97
4.196
0.446
0.034
0.056
0.174
0.249
0.062
0.046
0.073
1.939
7.287
0.049
0.109
0.038
0.508
3.846
0.419
3.051
0.047
0.403
0.716
0.145
0.226
2.599
9.301
0.153
0.044
0.035
3.834
2.05
4.453
0.169
4.973
0.327
0.611
0.242
0.217
1.022
0.322
0.213
1.171
2.348
1.502
0.09
0.134
0.33
0.025
0.384
0.059
0.463
0.022
0.469
0.274
1.881
0.082
1.376
0.189
0.438
2.527
0.391
6.125
0.152
0.095
0.067
1.941
0.233
0.123
0.024
5.214
0.054
0.932
0.887
0.128
3.353
8.002
3.102
0.358
2.49
5.344
0.22
0.538
1.565
0.227
0.1
2.055
0.134
0.042
3.353
0.906
0.088
0.439
0.041
0.066
0.937
1.891
0.171
2.888
8.359
0.52
0.144
0.098
7.048
2.469
0.441
0.11
1.256
4.042
0.494
0.073
0.476
2.719
0.265
0.128
0.815
0.177
4.451
0.386
0.045
8.077
10.446
0.074
2.379
0.029
3.611
0.157
2.935
0.079
0.081
2.641
0.095
0.148
6.493
0.102
0.147
1.244
2.832
0.627
0.128
3.983
0.051
0.387
0.029
0.308
0.493
1.679
3.382
0.03
0.157
0.418
0.069
1.912
0.131
0.564
0.324
0.021
0.833
0.053
0.128
0.436
0.17
0.506
0.087
0.094
0.257
0.422
0.29
1.804
1.089
0.071
0.051
0.223
0.188
0.676
0.045
0.16
0.088
0.03
0.035
0.133
0.03
0.719
0.17
0.086
0.191
1.399
0.169
0.154
0.046
0.678
4.371
3.172
0.283
2.664
0.033
0.162
0.155
3.462
0.134
0.445
0.025
1.351
0.215
0.701
0.103
2.459
0.125
4.373
0.518
6.005
2.915
0.086
0.871
0.349
0.391
0.354
0.093
0.081
2.133
0.095
0.378
0.102
0.361
0.231
2.454
1.081
1.764
6.048
0.128
4.785
0.127
0.088
1.843
0.019
0.873
0.104
2.268
2.202
1.427
0.705
0.08
6.978
0.101
1.766
0.039
2.543
0.061
3.46
9.214
0.854
4.328
0.027
0.123
0.246
0.903
0.737
6.981
2.578
3.31
0.018
0.237
3.116
0.379
0.081
0.597
0.043
0.146
2.982
0.379
0.081
0.052
0.045
0.927
0.155
0.45
3.368
0.168
0.083
0.579
0.023
0.315
0.496
0.427
5.848
0.088
0.197
1.934
0.116
1.677
0.443
1.044
3.955
3.991
1.292
2.873
1.996
4.281
1.838
2.423
5.241
0.117
4.548
0.085
0.705
0.189
0.047
0.702
0.274
0.786
0.118
0.053
0.778
1.956
1.473
0.073
0.063
0.06
0.063
0.358
3.653
0.086
0.261
0.07
3.253
0.545
0.307
0.115
0.149
0.044
0.043
0.04
0.219
0.134
0.065
0.125
0.101
15.724
0.433
0.05
0.054
0.056
0.231
0.209
3.195
0.062
0.093
0.15
0.05
0.583
4.835
1.059
0.457
0.341
1.651
3.575
0.942
0.038
0.489
0.173
0.113
0.375
0.072
0.077
0.187
0.045
0.59
0.052
0.05
0.051
0.596
0.304
0.052
2.568
0.225
0.019
0.067
2.607
3.224
0.043
0.453
0.648
5.731
4.071
2.283
0.041
0.588
6.827
3.996
3.569
0.179
1.756
0.794
2.439
2.078
0.913
0.579
0.089
0.019
0.035
0.622
6.395
0.216
0.176
7.208
0.21
0.191
0.129
0.019
0.358
0.067
0.025
0.044
0.783
0.052
0.129
0.167
2.349
0.369
0.09
0.145
0.16
0.086
0.048
0.581
0.134
2.143
2.847
1.243
0.254
0.212
1.255
4.522
0.987
5.915
0.465
0.065
0.053
0.036
0.103
2.556
0.6
0.874
0.104
0.155
0.837
0.441
0.175
5.064
0.233
3.527
4.171
0.327
0.022
0.033
3.825
0.073
0.142
0.1
0.079
0.116
5.899
0.185
2.379
0.142
8.357
0.168
0.165
1.876
6.5
0.26
0.279
0.534
0.858
4.862
0.021
0.074
0.119
0.05
0.638
0.037
7.347
0.091
0.101
0.517
0.47
0.043
5.371
0.055
2.524
0.027
1.877
0.361
2.639
3.702
2.202
0.158
0.294
2.889
2.542
0.036
1.279
0.129
1.29
0.234
0.039
6.008
0.368
0.036
0.214
0.203
5.003
2.268
1.687
1.188
0.02
0.04
0.199
0.257
8.428
7.589
2.129
0.437
0.221
0.121
0.084
0.098
0.511
0.205
0.333
0.079
0.314
1.103
0.082
0.073
0.066
0.107
0.03
0.801
2.045
0.709
0.084
2.786
0.181
5.044
0.161
1.052
0.027
0.069
2.867
0.351
0.043
1.662
0.274
0.064
3.932
0.018
7.506
0.107
3.4
0.129
0.07
0.366
0.24
4.959
1.42
0.198
0.726
0.038
0.06
0.098
0.08
0.114
0.119
0.038
1.145
0.129
0.439
0.299
0.689
0.132
7.606
0.165
3.579
0.117
0.096
3.573
0.513
0.042
2.63
0.029
0.169
0.059
0.163
0.022
2.688
0.069
5.942
3.082
0.054
0.181
0.297
0.121
1.468
0.131
0.464
0.049
0.045
0.388
2.171
4.129
2.207
2.394
2.101
0.145
0.316
0.554
14.467
2.706
0.382
3.668
0.195
0.307
1.71
4.052
3.089
0.024
0.182
5.011
0.107
0.935
0.082
0.641
0.017
2.062
0.124
0.565
0.094
0.176
0.027
0.683
0.342
0.052
1.345
0.195
0.25
0.255
0.183
4.254
0.074
0.34
0.156
3.444
0.089
0.093
1.225
1.526
0.244
0.071
0.044
0.274
0.254
2.056
0.478
3.861
3.875
0.687
0.21
0.026
0.17
5.47
0.968
0.393
0.377
0.154
1.27
0.106
0.089
7.305
0.655
0.192
2.803
0.033
0.102
0.052
1.543
7.092
0.045
0.251
0.049
4.03
1.341
0.14
0.232
0.061
1.947
1.276
1.843
0.046
0.137
0.054
0.775
0.336
0.238
0.182
3.462
0.062
0.092
0.041
0.309
0.06
0.208
0.057
5.895
0.073
0.119
3.264
0.218
0.228
0.537
0.307
0.04
0.358
0.315
2.372
0.035
0.127
10.336
0.337
0.093
0.437
0.68
3.198
0.141
0.086
0.649
0.049
2.349
1.002
0.194
0.031
0.139
2.952
0.262
4.004
0.169
0.263
0.122
0.044
0.587
2.903
7.194
0.043
0.027
0.108
1.495
5.632
0.114
0.044
0.244
0.028
0.625
0.024
0.772
0.798
0.702
4.115
0.046
0.211
0.077
0.076
13.808
0.618
0.106
0.308
0.712
10.279
4.449
2.654
0.036
1.61
0.056
2.924
2.261
5.248
0.028
0.482
0.036
1.949
0.042
3.267
0.158
1.745
2.799
0.223
0.4
2.052
0.059
0.109
0.102
0.16
0.727
0.389
0.134
0.105
6.374
0.287
2.728
0.882
3.152
0.036
4.131
0.283
0.867
0.154
0.58
0.067
0.069
2.679
0.197
0.084
0.911
0.217
0.115
0.328
0.776
0.204
2.369
3.023
0.216
0.665
0.313
0.27
0.081
0.27
3.476
1.84
0.373
0.087
1.822
0.61
0.59
0.076
0.096
3.496
0.1
0.089
3.24
0.246
0.149
3.114
0.134
0.395
0.116
0.102
11.029
2.493
1.359
2.991
2.479
0.128
0.172
0.552
0.172
0.181
14.692
0.134
0.088
0.046
0.025
2.184
0.037
1.079
0.037
0.021
0.146
0.043
1.979
0.031
0.145
2.413
0.268
1.044
0.159
1.859
0.727
0.333
1.855
5.236
1.389
0.112
0.104
6.61
0.044
2.6
0.215
0.307
0.152
0.342
0.047
0.855
0.426
0.038
2.053
0.246
0.309
0.083
0.177
0.093
0.063
6.424
0.047
0.074
0.191
2.602
3.006
0.167
2.214
0.056
0.024
0.199
0.271
3.142
0.032
0.12
0.273
0.161
0.309
3.897
0.446
0.607
0.125
0.538
0.139
0.184
0.308
0.083
0.091
0.117
0.072
0.205
0.034
0.036
0.321
0.192
0.258
0.107
8.068
0.225
0.292
0.532
0.267
1.004
0.019
0.156
0.097
0.044
0.027
0.303
0.967
0.242
5.147
5.731
5.911
0.097
0.191
0.314
0.057
5.881
0.199
0.628
0.173
0.055
2.653
2.007
0.14
0.167
0.117
5.431
4.033
6.514
0.186
1.821
0.694
0.371
1.288
0.707
3.655
0.053
0.047
0.233
0.112
0.398
0.063
0.14
4.118
0.05
0.109
0.352
0.114
0.087
0.138
0.021
9.906
0.035
0.071
0.108
0.115
4.051
0.254
6.227
0.056
0.4
5.589
0.479
3.991
2.118
0.155
0.108
0.058
0.052
1.632
0.237
0.045
0.517
4.189
0.07
0.131
0.059
0.023
0.217
0.02
0.05
0.098
0.061
4.065
0.092
0.165
0.097
0.803
0.126
0.517
0.038
0.067
2.318
0.731
2.428
5.253
0.029
0.27
2.244
0.042
0.288
0.098
1.968
0.225
7.324
3.484
0.492
3.029
0.31
0.191
0.041
0.081
0.113
0.145
5.758
0.244
2.036
0.408
1.183
0.346
0.1
5.856
0.279
0.885
0.318
2.966
0.183
0.105
0.055
0.027
0.3
0.749
0.074
0.424
0.046
0.374
0.131
5.141
3.514
0.247
0.409
0.103
4.372
0.101
5.337
3.268
0.149
4.103
0.22
0.098
2.716
0.195
1.363
0.11
0.057
0.45
0.59
1.837
0.7
1.684
0.033
0.477
3.102
2.535
0.1
6.196
0.403
0.022
0.1
0.107
0.029
0.876
0.033
0.161
0.048
0.044
0.059
0.181
0.297
0.938
0.02
0.092
0.464
0.215
1.868
0.484
0.046
0.195
0.311
3.125
0.162
3.459
0.548
0.107
6.657
2.569
0.039
0.033
2.743
1.426
0.114
4.327
4.878
0.508
0.055
0.368
1.414
0.105
0.136
2.147
0.118
0.051
2.852
4.628
2.285
0.115
0.102
0.075
0.384
10.625
0.657
0.383
0.075
0.061
0.037
0.041
0.065
0.023
0.114
0.427
0.143
11.233
1.797
0.642
0.027
0.13
0.094
0.074
1.305
0.409
0.239
0.091
0.096
0.045
5.484
0.756
0.159
1.416
0.042
0.83
0.057
0.093
0.084
0.02
2.392
1.453
0.223
0.054
0.065
0.678
0.244
0.071
0.226
0.049
0.421
0.027
0.134
2.974
0.118
0.179
5.479
0.232
3.452
0.067
0.299
0.148
3.673
0.269
0.492
0.404
0.886
0.069
0.029
0.106
0.076
0.167
0.041
0.1
3.76
0.048
0.049
0.08
4.474
0.095
0.058
5.658
0.069
0.274
2.452
0.351
0.097
11.595
0.143
0.614
0.14
2.677
6.826
0.907
0.146
0.053
3.587
0.042
0.679
7.715
0.02
3.905
0.201
0.238
0.055
0.015
0.039
9.092
1.197
5.511
0.078
0.204
6.275
2.774
0.113
0.583
4.218
0.113
0.64
0.032
1.189
0.313
0.074
3.848
0.739
0.061
0.342
0.244
0.17
0.477
0.262
0.163
4.847
6.159
0.06
3.287
0.468
0.123
8.321
0.083
0.028
2.245
0.558
3.321
3.545
0.734
0.048
0.284
0.081
4.57
0.644
2.45
0.067
0.6
0.042
0.233
0.278
0.798
0.092
0.038
0.283
0.303
0.467
0.139
0.152
0.063
0.215
0.156
5.555
3.182
9.567
4.05
4.272
0.491
0.056
5.02
0.486
3.46
0.012
0.026
2.161
0.244
0.061
0.215
0.42
2.563
0.17
1.838
2.557
0.172
0.392
3.857
1.728
0.226
9.013
0.587
0.188
2.183
2.799
3.104
6.814
0.367
1.756
0.193
0.272
0.371
2.552
0.025
0.568
0.669
0.045
2.505
0.55
0.07
7.048
0.032
1.086
2.051
5.471
0.125
2.026
0.462
0.114
0.069
0.116
2.663
0.06
1.105
3.948
0.304
0.22
0.096
0.226
0.446
8.886
3.503
1.591
0.112
0.304
5.276
0.036
1.599
0.242
0.268
0.067
0.689
0.935
0.223
0.255
0.047
0.123
0.357
0.325
0.032
0.117
7.155
0.053
0.203
0.062
0.117
0.036
0.021
8.163
7.718
0.058
4.121
0.163
2.046
0.425
0.23
4.867
2.621
0.037
0.382
0.323
0.052
0.191
0.095
0.53
0.336
0.126
0.977
1.239
1.189
0.139
0.421
0.178
0.809
1.325
1.816
0.14
0.898
0.027
0.08
0.125
2.412
0.782
0.221
0.042
2.058
7.7
0.217
1.352
5.048
0.055
0.023
4.227
2.076
0.063
0.098
0.106
1.796
2.918
3.08
0.199
2.449
0.334
0.085
0.092
0.288
0.073
0.101
0.022
0.072
0.086
0.125
0.053
0.567
1.532
0.664
0.414
0.17
0.345
0.115
0.112
0.077
0.033
4.628
0.297
0.354
0.233
1.716
0.121
1.984
0.331
0.185
0.241
0.215
0.057
0.042
2.663
1.058
5.569
1.749
0.211
0.017
0.086
0.106
0.119
0.149
1.955
0.102
0.408
0.084
0.224
0.025
0.181
0.161
0.365
4.406
0.11
1.73
4.005
0.296
1.318
0.491
0.385
0.337
0.103
0.374
0.564
0.034
0.032
0.141
0.084
4.009
0.271
0.049
2.808
0.066
2.188
0.42
1.542
0.018
0.501
0.776
2.052
0.163
3.092
0.588
3.626
0.204
0.019
0.514
0.029
0.043
0.037
0.046
0.07
0.31
2.656
0.292
7.412
0.245
0.46
0.09
0.332
10.206
0.248
1.75
0.119
0.337
0.267
0.826
0.754
0.105
0.061
0.184
1.184
2.128
0.107
0.045
4.558
1.091
0.237
0.054
6.065
0.156
0.433
0.171
3.414
0.767
0.045
0.083
0.203
0.217
0.044
0.038
0.101
1.186
2.749
2.289
0.084
0.135
0.133
7.41
4.391
2.474
3.542
0.354
0.029
0.075
0.039
0.185
0.041
0.118
0.078
0.316
0.084
3.292
3.513
0.233
5.232
4.096
0.063
0.197
3.032
0.109
0.039
3.167
0.039
0.323
0.041
0.285
0.039
3.2
0.475
0.047
0.062
1.645
0.031
0.293
0.013
0.191
0.076
0.39
5.684
9.113
0.039
0.029
0.033
2.46
5.795
0.051
0.081
0.289
0.061
0.09
1.219
0.255
3.01
8.37
0.283
2.595
0.316
0.048
3.59
5.139
6.823
0.572
0.178
0.038
0.094
0.082
0.266
1.919
1.597
0.1
0.251
0.818
1.061
0.257
0.283
0.064
8.95
0.171
0.231
0.035
0.344
0.167
0.097
0.826
0.226
0.244
2.688
1.993
0.328
7.208
0.076
5.437
0.032
0.068
2.152
0.059
0.824
1.353
3.34
2.208
0.062
1.649
3.381
2.474
4.349
0.055
3.684
2.001
0.043
0.026
0.095
0.103
2.538
0.074
0.119
0.129
2.35
2.709
0.073
1.005
0.063
4.671
1.382
0.105
8.047
0.047
0.051
0.119
0.086
0.091
0.873
0.079
0.075
0.267
0.945
4.841
1.606
0.672
0.053
0.089
0.188
0.509
0.866
0.071
0.199
0.19
0.055
0.105
0.248
0.425
0.191
2.433
0.173
0.033
1.136
0.462
1.704
0.379
5.93
0.056
0.094
0.046
0.474
0.323
0.055
0.932
0.64
0.209
0.036
0.14
7.493
0.066
1.025
0.035
0.849
0.135
0.142
0.177
0.037
1.417
0.654
0.413
0.376
0.141
0.061
0.277
0.124
1.257
0.306
0.615
0.071
5.033
0.788
1.187
0.569
3.004
1.599
0.03
5.338
0.05
0.203
0.189
0.87
3.245
0.062
0.876
3.78
0.125
0.459
0.221
0.218
6.421
5.566
2.396
0.247
0.734
0.076
0.237
2.425
0.045
3.111
0.096
1.717
0.099
0.191
0.593
0.392
0.05
1.863
0.224
0.223
2.747
0.217
0.291
0.683
0.049
0.019
0.138
0.104
0.077
0.557
0.131
0.036
0.073
3.268
2.181
9.081
0.066
0.132
3.778
0.173
0.283
0.023
0.58
0.06
4.249
0.062
1.245
0.027
0.04
0.084
0.131
3.204
0.402
0.108
2.555
2.565
2.32
5.239
0.241
0.228
0.858
0.178
1.037
0.275
0.115
3.478
0.056
0.086
0.106
0.154
0.056
0.468
0.143
1.501
0.115
0.031
2.979
4.458
0.147
0.583
4.38
1.564
0.043
0.063
0.517
0.229
0.175
3.2
0.85
0.316
0.035
0.205
0.078
2.785
0.358
0.072
0.723
0.382
0.062
0.061
0.102
0.319
0.412
2.96
4.304
0.031
2.416
0.139
0.957
0.024
0.06
0.274
0.186
0.183
0.562
1.107
0.661
0.247
0.59
0.106
0.246
0.168
3.061
0.044
0.669
0.182
0.409
7.282
0.485
4.492
2.963
0.072
4.401
0.342
1.452
4.287
0.158
0.089
0.37
2.351
0.251
0.854
5.618
0.256
0.476
0.055
3.83
0.238
0.058
0.399
10.213
2.399
0.024
0.297
0.045
0.022
0.163
0.517
0.025
0.348
0.246
0.04
0.43
0.093
0.243
0.089
0.096
1.974
2.62
2.82
3.681
1.798
0.274
2.62
0.032
0.208
1.184
0.851
3.428
3.542
0.058
0.046
0.192
1.617
0.032
0.059
5.307
0.258
0.735
0.049
0.145
1.408
2.755
7.403
2.846
0.1
10.492
0.427
1.49
2.292
1.333
0.099
2.535
0.13
0.117
0.066
0.073
0.029
1.281
0.086
0.228
0.166
0.039
5.143
1.476
0.027
0.09
0.168
0.132
2.749
7.309
0.266
0.033
1.363
2.454
0.947
2.071
0.074
0.049
4.02
0.674
9.471
0.231
0.102
1.407
0.407
0.192
0.157
0.134
0.249
5.0
2.498
3.227
0.076
0.044
0.598
2.643
1.132
1.46
0.085
0.025
1.58
0.777
0.415
2.491
1.403
0.054
0.066
4.265
0.13
0.102
2.014
0.044
0.266
0.091
1.437
0.262
1.97
0.075
0.018
0.156
0.136
2.385
0.07
0.081
0.498
1.743
0.323
0.311
0.08
0.492
0.588
0.137
3.178
0.278
0.099
0.299
0.108
1.223
0.727
0.096
2.982
7.306
0.13
0.025
0.159
1.82
0.065
5.883
0.244
0.309
0.702
0.036
0.105
0.068
5.445
0.307
0.084
0.144
0.407
1.156
10.689
0.147
1.895
0.152
4.479
0.034
2.643
0.043
0.139
0.168
0.091
0.1
0.142
1.169
0.202
0.259
0.094
0.174
0.983
0.592
0.33
0.162
0.693
0.168
2.742
0.548
0.378
0.121
0.472
0.599
0.127
0.105
0.114
6.101
0.061
0.291
0.121
7.957
2.551
0.101
0.296
1.414
2.928
3.939
6.659
0.063
0.041
0.063
0.381
3.812
0.71
0.094
0.091
0.35
0.036
3.365
0.329
0.038
0.322
0.062
6.948
0.04
0.082
0.031
9.561
0.072
0.16
0.077
1.957
0.162
1.198
0.519
2.974
0.385
3.028
7.853
5.12
2.716
0.104
0.199
8.139
2.355
0.118
0.073
8.794
0.192
1.475
0.167
0.208
0.133
0.022
0.036
3.535
0.126
0.237
0.293
0.331
0.41
0.024
2.581
0.092
0.779
3.832
0.152
0.392
0.076
0.129
1.992
0.728
0.028
2.029
0.234
0.216
0.302
0.393
0.122
0.431
6.882
0.037
1.851
0.08
0.092
8.224
0.387
3.133
0.109
0.478
0.239
0.056
2.557
2.307
0.51
0.281
0.087
0.063
0.303
0.327
3.059
0.025
11.233
0.309
1.586
0.988
0.137
0.287
1.618
0.144
0.123
0.078
0.092
0.04
0.328
0.052
5.439
0.067
1.279
0.178
0.172
0.296
0.778
0.279
1.037
0.086
4.458
2.088
0.043
0.264
0.157
0.398
0.017
0.048
0.239
0.022
0.222
0.344
3.077
0.366
1.77
2.796
0.067
0.211
0.238
0.074
0.066
0.616
2.789
4.438
0.307
0.286
0.132
3.712
2.761
2.986
0.075
0.309
0.207
0.119
4.952
0.092
0.243
0.077
0.185
2.854
3.35
0.033
0.117
0.056
1.074
3.298
0.56
3.684
0.152
0.068
0.105
0.525
0.278
2.416
0.725
0.404
5.609
1.056
0.152
0.5
0.048
5.534
2.318
0.153
0.067
1.791
0.312
0.081
0.019
0.115
3.255
0.215
0.131
0.059
0.048
0.115
0.011
0.903
0.278
0.113
0.248
0.203
0.053
0.17
0.323
4.994
0.345
4.388
0.095
1.627
0.327
0.281
5.298
0.998
0.071
0.318
0.039
1.423
0.043
0.801
10.697
2.644
4.63
7.466
0.263
0.029
3.181
0.707
2.345
0.402
0.131
0.572
0.333
0.18
0.044
6.586
0.087
2.555
4.47
0.04
0.523
0.028
0.81
8.897
0.503
0.611
4.055
0.183
1.878
0.347
0.327
2.815
2.458
0.156
1.648
0.887
0.133
0.269
0.137
0.611
1.974
3.055
4.327
0.291
4.374
0.086
4.45
0.439
1.434
0.061
0.186
0.103
0.234
0.619
4.01
0.219
0.094
1.546
0.492
0.729
2.968
1.87
0.547
5.374
2.499
0.081
0.653
0.479
0.126
0.267
0.841
0.019
0.01
0.097
0.286
2.081
0.483
0.06
0.31
1.895
0.152
0.125
0.064
0.143
4.081
0.2
0.044
0.108
2.199
0.493
0.073
19.491
2.88
0.068
0.113
1.011
3.301
0.283
0.317
0.656
3.853
0.132
0.009
1.523
5.506
0.306
0.177
0.06
0.395
0.067
0.551
0.024
0.515
0.018
0.282
0.08
1.271
0.018
0.142
0.116
0.437
0.208
0.234
0.207
0.51
0.156
0.19
7.742
2.378
0.063
1.019
0.054
5.293
0.963
3.987
0.035
0.049
0.042
0.159
0.057
0.109
0.126
0.287
0.25
0.049
0.038
0.037
3.624
0.128
0.087
5.298
2.103
0.215
0.135
0.188
0.075
0.043
0.411
5.96
0.204
2.637
0.11
0.345
0.133
3.612
1.223
0.066
4.497
1.525
0.407
0.042
0.103
0.057
0.178
0.284
0.063
0.058
0.348
10.789
0.115
1.94
0.169
0.473
0.436
0.26
2.874
1.214
4.531
0.069
1.177
5.543
0.865
1.706
0.054
5.34
0.346
0.039
2.559
0.653
0.032
0.164
0.422
0.633
0.342
0.134
0.273
3.208
0.029
3.168
4.701
1.13
0.048
1.579
3.457
0.113
3.383
0.055
0.111
0.099
4.358
3.598
1.703
0.451
0.11
0.408
0.055
0.408
0.175
2.072
3.817
2.395
4.284
0.149
0.067
0.028
0.038
0.043
0.09
0.254
0.13
0.151
0.071
0.072
0.431
0.077
2.086
0.04
0.349
0.031
0.119
6.92
1.237
0.088
0.059
0.466
0.045
0.128
0.519
0.331
0.09
4.82
0.034
0.061
0.075
0.166
0.118
0.205
0.169
0.311
0.701
0.656
0.073
0.106
0.682
0.503
0.035
0.038
3.507
0.042
0.27
2.084
0.078
1.733
0.047
0.104
0.034
0.18
0.092
0.069
0.251
0.185
0.038
0.013
0.759
0.078
0.083
0.681
0.034
4.703
0.927
0.698
4.426
0.214
0.098
0.041
0.022
0.352
0.095
2.571
0.658
0.332
3.906
0.03
4.668
0.234
4.083
0.104
0.491
1.357
0.079
0.825
1.774
0.076
0.186
0.142
0.264
0.05
0.072
0.633
0.387
0.26
0.057
0.17
0.101
0.112
0.057
0.587
3.509
1.119
4.628
2.723
0.31
0.066
2.207
0.348
0.296
8.192
0.235
0.703
0.424
0.04
1.282
0.237
0.7
0.763
0.327
6.85
0.044
0.112
0.1
0.345
2.023
0.04
0.587
0.04
0.059
0.077
0.053
0.273
0.068
0.124
0.066
0.018
2.102
0.462
0.226
0.133
0.116
0.151
0.216
7.486
0.026
2.188
7.033
0.096
0.52
0.149
0.211
0.052
0.088
0.06
2.198
0.088
0.261
5.416
9.168
2.554
4.13
0.677
0.254
0.024
0.082
0.021
0.03
0.515
0.107
0.075
5.273
0.189
0.597
0.257
1.261
0.468
0.05
1.187
6.006
0.034
0.064
2.23
2.285
0.121
0.103
0.302
0.131
2.656
0.034
0.199
0.84
3.519
0.045
0.374
0.24
0.04
0.194
2.941
1.562
0.076
0.187
0.21
0.288
1.515
0.668
0.296
0.065
3.109
0.279
0.426
0.227
0.031
1.901
6.233
0.142
0.159
1.466
0.192
1.986
0.23
0.209
0.388
0.274
0.687
0.11
4.842
0.073
0.095
0.22
0.454
0.067
0.109
0.253
1.721
0.058
2.919
0.097
0.422
0.077
2.394
0.148
5.963
0.223
3.417
2.924
0.134
3.366
2.506
0.341
0.269
0.126
0.502
0.268
0.502
3.449
4.597
0.049
0.252
0.129
2.777
0.052
0.723
0.264
3.515
0.412
0.171
0.558
0.126
2.913
0.054
2.233
0.315
0.062
0.161
3.673
0.057
0.049
8.885
2.488
0.078
4.206
1.072
0.038
0.831
0.05
0.829
2.081
0.072
5.136
0.265
0.526
0.066
0.174
1.313
2.061
0.026
0.063
0.029
1.942
0.033
1.08
2.658
0.025
0.123
0.794
2.48
0.027
5.904
2.16
2.103
2.766
0.078
0.225
0.036
0.024
0.059
0.097
0.07
1.659
0.05
0.415
0.122
0.389
1.321
0.36
0.051
0.415
0.085
3.208
0.16
0.141
3.007
4.186
4.371
0.079
0.533
2.058
2.862
0.145
0.041
0.043
3.769
2.154
0.569
0.034
0.043
0.084
0.322
0.137
0.074
5.666
1.219
0.158
2.825
0.045
0.428
3.176
2.397
0.179
0.558
0.34
0.207
0.064
4.136
0.29
0.696
4.915
0.554
0.541
3.986
0.225
0.916
0.585
0.417
0.803
0.441
0.233
0.569
1.967
2.557
0.224
0.2
1.683
0.04
0.027
1.937
0.248
0.319
0.076
7.527
2.532
0.058
0.121
0.308
0.161
2.922
0.101
0.158
0.08
3.326
0.791
0.142
0.052
0.042
0.051
2.13
0.025
0.089
5.659
0.733
0.083
1.089
0.223
6.897
0.061
0.387
0.188
0.013
0.049
1.844
0.082
0.411
0.357
5.151
3.964
0.182
1.173
3.111
0.171
0.838
3.19
0.076
1.221
0.018
0.035
0.487
2.585
0.172
2.192
0.118
0.023
0.039
0.087
0.101
0.771
6.135
0.857
0.52
0.042
0.174
4.503
1.02
2.235
0.285
0.051
7.093
0.069
0.031
0.05
0.367
2.741
0.869
2.281
1.831
0.313
1.032
0.442
0.493
0.042
0.307
0.222
0.113
0.083
0.36
0.753
0.024
0.055
0.1
5.096
0.132
0.218
0.072
3.251
0.036
1.013
0.036
0.226
0.514
0.507
0.17
1.797
0.244
4.472
3.675
0.187
0.233
0.173
0.622
0.354
0.444
0.286
0.118
0.561
4.294
0.372
0.188
0.214
0.444
0.075
1.154
0.355
0.145
0.092
4.546
0.1
1.396
4.145
0.048
0.063
0.053
0.053
4.283
0.027
2.747
0.046
0.049
1.059
0.069
2.09
0.016
0.456
0.19
5.236
0.427
7.131
0.024
10.965
0.115
0.072
0.321
2.88
0.152
0.24
1.296
0.451
2.773
0.047
0.058
0.036
0.259
3.386
0.172
2.657
2.974
0.068
2.31
0.621
0.17
0.705
0.017
0.117
0.029
0.289
0.484
0.065
7.652
5.097
0.209
0.089
0.039
1.093
0.505
0.059
9.732
0.048
0.044
3.214
1.832
0.181
0.149
0.139
4.001
0.09
0.986
6.013
0.035
4.788
8.893
0.104
2.816
0.042
0.02
0.363
2.742
0.08
0.038
0.107
0.156
0.146
1.977
3.915
0.337
6.585
0.181
0.154
0.22
0.088
0.13
0.103
0.812
0.129
0.326
0.096
0.346
0.645
0.188
0.04
0.151
0.316
0.029
0.3
0.062
1.079
0.05
2.46
0.533
0.948
0.995
0.381
0.066
4.384
3.734
0.073
0.208
0.678
0.097
2.823
0.41
0.665
2.303
0.183
3.592
5.669
0.044
0.244
0.162
1.939
0.044
0.249
5.387
0.141
0.141
0.058
0.439
0.347
8.16
0.714
0.417
2.153
0.608
1.752
0.206
0.178
0.354
3.164
0.194
0.072
7.362
0.156
1.757
9.246
0.026
0.256
0.422
0.329
0.075
0.443
0.069
0.212
0.278
0.315
1.906
0.052
0.147
0.16
0.359
0.254
0.028
1.739
0.206
0.307
0.554
0.159
0.123
0.147
0.06
1.114
0.094
4.689
0.067
0.045
0.533
3.3
0.05
0.351
7.17
0.034
0.09
0.044
4.724
0.108
0.105
0.584
0.895
0.058
2.986
0.11
4.039
0.469
4.647
0.146
1.347
0.262
0.027
0.064
0.031
0.034
0.105
0.154
1.743
0.023
2.7
0.245
0.521
0.439
0.045
0.228
0.266
0.072
0.035
0.138
1.762
1.087
0.192
6.076
0.289
1.465
0.022
10.234
1.895
1.808
0.204
0.288
2.384
2.645
0.012
0.125
2.501
4.24
1.601
0.137
2.028
0.99
1.937
1.063
2.038
0.655
0.308
0.043
0.618
0.258
0.727
0.019
0.055
1.571
4.407
4.166
0.279
0.231
0.593
0.516
0.103
0.148
2.422
8.085
0.175
2.47
0.079
0.325
0.268
3.276
1.9
6.163
0.071
12.64
0.074
8.492
0.077
0.129
4.859
0.18
0.439
0.562
0.078
0.43
0.155
2.802
1.082
0.189
0.383
2.78
1.899
0.052
0.082
0.217
0.145
0.251
0.057
3.233
0.938
0.149
0.213
0.055
3.055
0.128
0.96
0.054
0.319
2.592
0.102
0.069
0.213
0.416
0.739
2.188
0.265
0.062
0.791
0.06
0.229
5.28
0.086
0.436
0.073
0.051
3.407
1.745
0.296
0.779
1.67
0.305
3.216
3.607
4.36
0.419
0.223
0.16
0.034
0.408
0.354
5.907
1.879
3.872
0.354
2.461
0.608
0.112
3.607
0.408
0.712
5.547
2.715
0.121
1.066
0.21
0.39
3.962
0.061
0.42
0.102
0.179
0.07
1.967
0.422
0.05
0.046
0.551
0.05
0.86
1.939
0.085
0.222
0.652
2.806
3.23
2.416
0.102
1.14
6.435
1.039
0.088
0.172
3.479
0.138
0.09
0.088
0.027
3.388
0.041
0.675
4.539
0.39
0.073
0.549
0.279
0.032
0.223
0.089
0.898
3.374
0.509
0.079
0.243
3.481
4.263
4.461
2.819
0.218
1.61
0.892
0.343
0.018
0.027
0.281
0.488
0.151
0.169
0.849
0.06
2.023
2.028
0.047
0.864
0.164
0.195
2.504
0.982
0.261
0.234
0.706
2.332
0.059
0.069
0.095
3.016
0.35
0.137
0.787
0.17
0.378
2.59
1.363
0.05
0.256
0.252
0.583
0.178
1.014
0.348
0.036
0.708
0.425
0.304
0.119
0.043
0.133
0.771
0.1
0.161
1.556
4.134
0.134
0.124
1.397
0.28
0.251
0.086
0.333
0.179
0.759
2.534
0.266
0.337
0.189
0.204
0.146
0.081
0.734
2.32
4.768
0.094
0.073
0.078
0.037
6.789
0.227
0.084
0.669
0.249
0.146
2.418
0.145
0.113
5.252
0.355
3.087
0.05
0.093
0.039
0.359
3.753
1.482
2.786
0.606
3.02
1.76
0.093
0.103
0.848
1.915
0.061
0.069
2.241
1.024
0.327
0.207
0.166
0.606
0.151
0.032
1.952
0.039
1.862
0.586
3.582
0.037
0.042
0.041
0.06
0.52
0.343
3.767
0.054
0.11
0.041
0.738
0.052
1.773
3.306
0.051
0.046
0.199
0.022
2.101
0.096
0.701
0.261
0.899
0.069
0.039
7.034
0.276
1.289
0.082
0.121
0.267
2.395
2.698
0.38
1.952
0.592
0.142
0.612
0.124
5.039
0.782
2.532
0.203
0.036
3.706
0.059
0.431
0.039
0.218
0.061
0.027
2.534
5.899
1.71
10.611
1.896
0.437
0.278
0.235
0.176
0.03
0.058
0.105
0.045
0.06
9.467
0.117
2.462
0.098
0.564
0.173
0.185
0.431
1.024
0.346
2.16
0.117
0.078
1.506
3.313
0.126
0.062
2.05
1.189
3.718
0.114
1.015
2.78
0.027
0.082
11.366
0.221
0.439
0.079
2.052
1.832
0.724
3.038
0.356
0.302
0.384
0.042
1.163
0.041
0.403
0.326
0.304
0.037
8.144
0.245
0.02
2.105
0.247
0.028
0.109
1.345
6.578
0.783
4.235
4.427
1.115
0.278
0.202
0.218
3.983
0.261
2.063
0.026
0.225
0.28
0.044
0.121
0.263
0.028
0.363
1.304
0.839
0.12
0.055
0.076
0.07
0.243
0.615
3.222
2.242
2.281
0.176
0.157
1.491
2.54
0.071
0.404
0.596
0.048
2.336
0.467
0.598
0.05
0.118
0.051
0.036
0.085
0.025
0.104
4.085
0.077
0.03
0.366
2.018
0.034
8.948
0.029
0.187
0.098
0.599
3.431
0.055
0.07
0.04
0.069
5.295
0.238
0.411
0.171
0.186
0.03
1.755
0.099
3.024
0.029
0.057
0.357
0.196
0.236
0.255
0.299
0.06
0.101
0.556
0.456
0.133
0.06
1.773
0.091
0.051
0.17
0.443
0.015
0.809
4.326
0.077
0.03
0.073
6.268
0.098
0.909
0.021
0.032
0.229
0.073
3.33
3.143
0.414
3.729
3.197
0.096
5.166
0.017
0.11
3.611
0.189
3.939
2.824
0.083
0.388
0.112
0.851
4.154
2.009
2.931
0.096
2.256
0.106
2.001
5.623
4.419
3.408
0.491
0.477
0.451
0.181
0.109
0.285
0.024
0.038
1.019
0.091
1.365
0.915
0.154
3.043
4.684
0.04
0.302
0.679
0.369
0.062
0.031
0.109
0.066
0.06
0.047
0.131
4.135
6.488
4.148
0.174
0.525
0.082
0.073
4.172
0.187
0.18
8.954
0.299
5.817
0.157
5.652
7.935
0.78
1.184
0.028
0.279
0.37
2.993
0.596
3.655
4.947
0.116
0.258
3.496
0.109
0.097
0.098
0.195
0.3
0.345
1.934
1.738
2.665
0.234
1.854
0.025
1.872
1.042
0.043
0.092
2.667
0.094
0.055
1.602
0.067
0.189
4.036
3.605
3.164
0.051
0.483
0.25
3.061
0.055
0.086
0.057
0.076
0.097
0.734
0.531
0.077
0.415
9.531
0.314
1.319
0.345
0.112
2.13
0.062
0.041
0.115
2.212
0.07
0.344
0.065
0.217
0.277
0.169
0.127
0.59
0.122
0.039
1.225
0.066
2.076
0.589
0.057
0.068
0.097
0.38
0.044
0.661
4.862
0.7
5.444
2.533
0.088
0.145
0.964
2.686
0.129
9.082
0.034
3.508
1.981
0.045
1.887
3.003
0.512
0.038
0.309
0.203
0.156
0.746
0.163
0.497
0.062
2.102
2.901
0.515
0.154
1.526
3.008
0.445
3.757
0.1
0.818
0.377
0.841
2.164
0.415
2.09
0.096
0.454
0.059
0.072
4.641
2.284
2.358
2.589
1.006
0.111
0.363
0.202
2.915
0.431
4.707
5.596
2.833
2.763
0.097
0.669
0.854
0.091
2.985
0.104
0.102
2.641
3.429
0.03
0.19
0.133
3.541
3.147
0.72
6.884
2.874
0.128
0.046
0.096
0.335
0.107
0.047
5.225
0.023
0.343
0.163
0.098
0.028
0.661
1.137
0.052
0.025
0.228
0.106
0.045
0.13
0.068
4.628
0.103
0.285
0.154
0.076
2.404
0.495
0.496
0.501
8.011
0.245
0.274
0.162
0.89
0.463
0.224
0.135
5.404
0.044
0.252
0.039
0.083
0.332
0.184
2.28
6.132
3.93
0.09
0.123
0.045
0.263
0.439
0.555
0.066
0.102
2.18
0.043
0.064
1.902
0.458
0.122
0.111
0.046
2.252
5.391
11.518
1.874
1.375
0.068
0.084
0.28
1.467
0.034
0.057
1.956
4.19
1.183
3.284
0.05
1.954
2.168
0.026
2.947
0.331
2.485
0.057
4.135
0.012
0.073
0.031
2.071
0.199
0.052
0.05
0.034
2.813
0.109
3.669
0.068
2.665
0.039
2.133
0.217
0.352
0.497
2.573
0.045
1.55
0.068
0.189
0.102
0.039
2.437
3.012
0.756
0.284
0.133
0.13
0.124
4.657
3.079
0.24
0.208
0.015
0.062
0.072
7.073
0.053
0.385
0.355
5.643
0.037
0.308
0.064
0.176
0.36
0.05
2.722
0.134
0.953
0.771
3.335
0.047
0.119
0.653
0.076
0.087
1.898
3.709
0.438
11.336
0.142
0.278
0.64
0.193
2.628
0.824
0.147
0.123
0.327
2.129
0.071
0.065
6.899
0.166
0.149
0.077
0.052
0.293
0.07
1.081
0.134
0.172
0.116
0.082
0.096
0.045
5.549
0.457
4.172
0.236
0.07
0.704
1.255
0.133
0.151
0.097
0.03
0.026
3.201
1.513
0.685
0.101
0.205
0.178
0.088
0.11
4.701
0.02
0.112
0.155
0.369
0.377
1.749
0.459
0.36
0.565
0.398
1.368
0.068
0.227
0.319
0.064
0.031
0.112
0.065
0.167
0.608
0.991
0.121
2.708
0.028
0.043
3.449
6.21
3.767
2.802
0.207
1.834
0.192
0.024
0.126
0.056
1.541
1.775
0.063
0.171
0.079
0.095
3.06
0.12
2.301
5.213
0.062
0.153
0.506
0.837
0.053
5.12
0.858
4.525
0.087
4.034
0.139
0.052
0.359
0.874
3.463
0.036
4.339
0.258
0.119
0.093
3.659
0.074
0.029
3.871
0.092
1.532
0.025
0.041
0.107
0.229
0.364
0.124
2.652
5.25
0.231
0.439
2.784
4.855
3.404
0.227
2.313
0.262
0.031
3.778
0.612
0.902
0.078
0.061
1.516
0.128
0.033
0.23
0.168
0.103
7.944
0.497
6.123
0.182
0.258
0.695
1.166
0.201
2.063
2.637
0.089
0.405
0.221
0.5
0.291
0.068
0.889
0.096
0.26
6.608
3.636
0.615
3.194
0.653
0.028
0.306
0.023
0.202
0.654
0.142
0.041
0.101
0.134
0.081
0.403
0.217
0.026
3.438
0.031
1.628
0.07
0.117
8.101
3.074
0.215
0.4
0.235
0.694
0.069
0.08
0.096
0.04
2.578
0.226
6.653
6.389
2.722
1.79
0.519
0.242
0.177
0.164
0.029
0.769
3.206
0.027
0.096
0.048
0.08
0.044
2.061
0.066
0.433
0.444
0.19
6.034
0.132
0.158
0.163
8.223
0.091
0.275
3.971
0.187
0.215
0.791
6.064
0.028
0.026
2.237
0.207
2.37
0.026
1.648
0.182
0.05
2.76
0.069
0.155
2.188
3.199
0.056
0.073
0.829
0.026
0.175
0.305
0.187
0.054
0.628
0.046
1.057
0.186
2.606
4.907
0.188
0.34
0.213
3.004
0.048
1.923
0.965
4.232
1.8
0.117
5.776
0.332
0.109
4.269
0.065
0.468
0.261
1.844
4.342
2.996
0.423
0.036
0.058
0.553
0.073
2.907
4.258
2.191
0.106
0.051
0.281
0.333
0.053
0.22
0.284
0.083
0.858
0.097
0.051
2.416
3.525
0.594
0.363
0.155
1.768
0.067
0.068
0.664
0.147
0.261
0.735
0.102
0.029
0.455
0.379
0.272
0.318
0.217
0.044
0.111
0.149
0.031
0.078
0.097
4.407
0.017
2.069
2.868
1.372
0.136
0.686
0.109
2.511
0.047
0.174
0.107
0.44
0.271
0.047
0.129
0.656
0.532
0.473
0.05
0.122
0.379
0.1
0.157
0.055
0.362
3.213
1.296
0.197
0.112
2.993
0.064
0.278
5.181
4.132
5.285
0.429
0.121
0.312
0.2
2.914
0.034
0.063
0.14
0.44
0.665
0.478
0.144
0.116
0.227
0.117
4.433
0.162
0.152
1.122
0.143
0.175
2.12
4.047
0.211
0.048
0.1
2.387
0.723
0.443
1.918
5.454
0.109
0.131
0.107
0.04
0.192
2.91
0.331
0.047
0.108
0.273
2.149
14.742
0.198
0.137
0.119
0.027
0.092
0.036
0.061
0.1
0.03
2.909
0.2
0.11
0.32
0.224
0.21
2.23
0.446
0.019
0.05
0.587
0.348
0.132
1.06
0.289
0.901
8.899
0.153
0.065
0.136
0.044
3.941
0.14
2.999
1.137
0.143
0.14
1.79
0.538
0.02
0.13
3.475
0.131
0.023
0.243
0.949
0.232
0.205
0.503
2.407
0.046
2.337
7.263
0.027
0.473
2.734
0.331
0.029
6.855
0.44
0.077
0.084
0.413
0.037
0.274
0.12
0.061
0.034
0.355
0.13
2.764
1.25
0.071
3.173
3.924
0.06
0.246
6.926
0.72
0.185
0.638
3.326
0.505
0.085
0.43
0.017
0.079
2.564
0.129
2.353
0.197
0.199
0.101
0.321
0.261
3.087
0.048
0.082
2.074
0.028
0.226
0.053
2.878
0.057
0.033
0.138
0.243
1.148
0.135
5.085
0.121
4.721
0.4
0.148
0.047
0.089
1.871
14.211
11.122
0.112
0.176
0.132
0.048
4.292
1.695
3.569
0.977
0.076
0.079
0.087
0.542
0.039
0.775
0.137
0.172
0.161
0.203
10.16
0.247
0.091
0.104
2.116
0.127
0.04
4.811
0.116
0.014
0.278
0.087
0.115
7.678
0.053
0.12
0.187
0.127
0.046
0.072
0.129
3.184
0.628
0.295
0.029
0.394
2.682
0.641
0.201
0.098
0.255
0.379
0.067
0.032
0.585
0.018
2.509
0.059
2.219
0.06
0.42
0.042
0.119
0.165
0.075
0.113
0.407
0.237
2.777
0.324
0.088
0.241
0.044
1.292
0.023
0.392
1.234
0.097
0.185
0.262
0.219
1.731
1.426
2.995
0.34
0.383
5.836
3.411
0.068
0.19
0.451
0.149
0.067
0.052
0.021
1.762
0.035
0.139
0.923
0.057
0.328
0.081
0.035
0.133
0.113
2.088
3.672
0.872
0.586
0.631
0.244
1.083
0.076
1.616
0.073
0.129
0.867
0.069
0.044
2.0
3.595
0.042
0.197
2.142
1.723
3.127
0.318
0.223
0.429
2.061
0.281
0.162
0.135
0.085
2.175
0.335
0.054
0.218
0.4
0.085
0.817
0.066
0.992
4.914
0.19
0.476
4.357
2.675
0.105
5.242
4.074
2.834
1.637
0.109
0.124
2.201
0.033
1.925
3.923
0.134
0.144
0.05
0.056
2.2
0.271
0.596
0.164
2.038
0.054
0.145
1.178
0.44
0.491
2.374
0.737
0.283
0.3
0.094
0.019
4.068
0.206
1.976
0.034
2.01
0.051
0.072
2.023
0.402
0.145
0.256
0.103
0.151
0.11
0.405
0.05
0.227
2.771
1.426
3.344
3.498
0.485
5.159
0.332
0.389
0.294
2.734
0.097
0.022
0.075
0.567
0.303
0.292
4.165
0.034
0.314
0.122
1.529
0.477
2.363
0.491
0.131
0.116
0.71
2.384
3.683
0.878
0.626
0.443
0.362
3.528
2.905
0.369
0.129
0.312
0.063
0.328
3.344
0.077
0.141
3.034
0.047
0.067
0.036
1.337
0.051
1.311
0.369
0.427
0.067
0.027
1.285
3.326
3.2
0.05
1.834
3.134
0.123
0.271
0.102
0.163
8.428
0.048
0.423
0.245
2.597
0.118
0.125
4.059
7.627
0.052
0.088
0.229
0.14
0.029
0.028
0.065
0.278
2.517
0.223
1.191
0.729
0.142
0.242
0.089
0.153
0.218
5.744
1.918
0.037
1.273
0.078
2.361
0.037
19.378
0.576
0.096
0.609
0.061
0.046
0.167
0.823
0.097
0.211
0.031
0.216
0.232
0.268
0.036
0.44
0.071
0.442
4.471
0.052
5.08
0.027
0.171
0.338
0.614
0.575
6.763
0.321
2.475
2.693
0.194
0.066
0.106
0.214
2.554
0.053
1.677
0.046
0.242
0.318
0.178
0.046
0.039
0.088
0.427
0.575
0.234
2.066
0.084
0.048
0.384
3.078
0.098
4.763
0.706
0.075
0.569
0.085
0.154
0.021
5.164
0.033
0.374
0.192
0.225
2.238
0.243
0.1
0.548
3.303
4.003
1.984
5.645
0.032
0.036
0.335
1.67
1.814
0.09
0.057
0.376
2.827
0.422
1.512
0.102
0.075
0.409
0.098
0.273
0.322
0.761
4.273
0.028
0.279
1.119
0.089
0.405
0.313
4.493
0.071
0.343
0.167
0.89
2.087
0.213
0.031
2.29
0.185
0.662
1.232
3.771
2.064
0.076
0.291
0.366
2.663
7.34
1.563
1.767
3.737
0.819
0.109
5.527
0.908
0.035
0.062
0.389
0.674
0.128
0.517
0.387
0.045
0.097
0.083
0.216
0.286
2.934
0.178
0.297
0.664
0.259
0.112
5.052
0.348
2.709
0.289
0.434
0.524
0.054
0.59
2.098
0.325
1.729
0.154
0.823
2.826
0.083
0.065
0.831
0.073
5.625
0.546
0.748
0.072
0.516
0.398
0.729
0.041
0.052
1.097
8.865
0.455
0.117
0.123
0.681
0.023
3.519
1.875
0.063
3.063
0.097
0.05
0.04
0.087
2.145
0.302
0.048
0.021
0.166
0.139
0.102
0.19
0.153
0.576
0.107
5.77
0.372
0.195
3.857
1.474
0.277
9.316
0.081
2.434
0.089
0.156
0.204
0.2
0.238
0.145
0.684
1.624
0.131
3.381
0.12
7.97
2.213
0.158
0.183
0.99
7.685
0.096
0.142
0.04
0.178
8.022
0.544
8.408
0.431
3.322
0.023
0.886
4.854
0.069
0.079
0.646
1.191
0.086
0.549
0.033
2.33
0.623
2.984
0.16
0.23
0.182
0.169
0.056
2.27
10.297
0.486
2.37
0.076
0.482
3.446
0.058
0.108
3.267
0.178
0.034
0.231
0.061
0.127
0.076
5.662
0.047
0.422
0.161
0.089
6.119
0.194
0.553
2.813
1.703
0.1
0.038
2.844
0.478
0.068
5.039
0.242
0.051
0.039
0.129
0.277
0.18
0.029
0.064
6.543
2.595
0.416
0.44
2.12
0.038
8.693
0.066
0.36
3.486
0.103
0.904
2.442
0.119
2.287
0.094
0.111
0.333
0.274
2.206
0.295
0.223
4.493
0.073
6.197
0.182
4.146
0.029
0.135
0.225
0.073
6.379
0.604
0.199
0.413
3.26
0.064
0.067
0.237
2.413
0.208
0.24
3.883
3.392
1.997
0.085
1.941
2.317
0.049
1.114
0.213
0.108
2.79
4.809
1.101
0.503
0.204
0.197
0.282
4.551
0.079
0.05
0.105
0.245
0.253
0.067
2.303
0.051
0.182
0.131
0.08
2.948
0.057
0.423
0.055
0.616
1.32
0.054
0.075
2.924
0.04
0.452
0.266
0.016
0.082
0.061
0.488
1.447
0.853
0.069
1.279
3.432
1.621
0.272
1.729
6.135
3.257
2.614
0.03
0.084
6.235
0.346
0.202
0.06
0.11
2.92
1.833
0.048
4.19
0.596
1.942
0.297
0.03
4.051
0.167
0.083
0.111
4.188
0.047
0.077
0.039
0.257
0.8
0.774
0.046
3.368
0.112
2.023
3.466
2.68
0.287
2.299
0.104
1.016
2.596
1.144
0.204
0.062
0.091
4.626
0.145
0.111
0.114
0.15
0.439
2.453
0.06
0.1
5.497
0.116
1.087
0.036
0.112
4.366
0.137
2.462
0.499
0.146
4.908
0.364
0.014
0.537
0.088
1.235
0.432
1.095
0.351
1.371
3.623
0.055
2.539
0.356
2.291
0.124
0.32
0.085
3.602
0.033
0.162
0.097
5.82
0.056
3.531
0.141
0.052
4.894
0.73
0.034
0.635
0.535
3.992
3.019
2.97
4.006
0.055
0.312
0.121
0.182
0.183
0.279
0.082
2.823
2.722
0.215
0.238
0.156
0.735
0.139
0.123
0.343
0.104
0.386
3.538
0.324
6.222
1.513
0.12
0.043
0.149
0.031
0.205
0.068
0.069
0.152
0.191
0.051
0.035
0.082
0.11
0.136
0.405
0.072
0.047
0.154
4.142
0.02
0.061
0.033
3.58
0.047
3.477
0.272
0.051
5.439
2.32
0.019
0.147
13.258
3.077
0.209
0.041
4.148
0.101
0.065
0.266
0.03
0.783
4.619
3.942
0.072
0.174
0.297
0.332
3.677
0.255
2.599
0.864
2.189
0.023
1.393
0.037
0.055
0.05
0.072
4.092
0.159
0.146
0.186
4.262
0.039
0.832
0.105
0.101
0.649
4.342
0.028
0.283
0.052
0.064
0.231
1.516
0.767
0.195
0.043
0.42
0.056
0.04
0.047
0.068
0.063
4.183
1.768
2.859
0.022
0.075
0.063
0.226
0.346
4.695
0.065
0.334
3.348
0.036
0.092
0.188
0.188
4.764
0.062
0.312
0.183
3.817
2.39
0.043
0.426
0.027
0.615
0.064
0.189
0.265
0.106
0.192
0.234
3.508
2.973
0.102
2.894
0.831
6.458
0.152
0.109
6.563
6.307
0.283
0.3
0.291
0.307
0.268
0.028
0.094
0.07
0.176
0.098
2.394
0.176
0.156
0.837
0.198
0.094
10.794
1.055
5.457
10.388
0.027
3.043
2.353
0.124
14.782
3.623
0.231
2.919
1.763
0.151
0.206
0.053
0.221
0.142
3.705
0.071
0.14
3.185
0.282
0.07
0.709
0.316
5.737
0.078
0.018
3.927
4.228
0.142
0.113
0.301
0.222
2.903
0.449
4.86
0.709
0.131
0.131
1.711
2.451
0.165
0.084
0.903
0.362
0.299
0.153
1.58
0.031
0.508
0.059
1.465
0.199
0.122
0.274
0.328
0.291
0.268
1.066
1.837
6.991
1.669
1.308
0.318
0.66
3.449
0.175
0.169
0.047
1.289
2.884
0.05
0.253
1.87
0.51
2.801
0.034
1.452
0.094
0.338
0.828
0.124
2.663
1.422
7.065
0.256
0.264
0.099
0.253
0.061
2.342
10.77
0.093
0.313
0.254
1.993
4.999
7.282
0.977
0.795
0.081
0.645
0.029
0.172
1.049
0.082
0.067
0.077
0.278
1.255
0.094
0.062
0.041
0.015
3.844
0.078
0.051
0.162
0.08
0.804
7.283
3.613
0.057
0.414
0.372
1.149
0.475
0.349
6.083
4.395
2.819
3.614
0.058
1.957
0.373
3.033
0.325
0.35
0.111
0.116
0.093
0.342
2.851
0.047
5.841
1.395
2.51
0.196
2.899
0.216
4.456
0.539
0.325
3.024
2.536
0.087
2.833
6.85
0.433
1.544
0.038
2.076
0.553
2.958
4.526
4.472
0.138
0.468
0.317
0.654
2.271
4.901
2.446
0.125
3.208
0.142
0.25
2.697
0.24
1.682
0.223
2.345
6.333
0.086
0.079
5.795
0.425
0.138
0.065
0.847
0.19
0.119
0.851
0.029
0.161
0.552
0.144
0.993
3.053
5.757
2.356
1.79
0.924
3.014
0.1
0.449
1.822
4.198
0.218
3.279
0.528
0.037
1.86
5.037
3.264
0.024
2.967
3.555
0.11
0.125
1.265
0.034
2.249
0.451
1.44
0.092
0.104
0.409
0.086
3.206
0.022
0.045
0.984
0.04
2.434
0.083
0.363
0.072
0.13
0.028
0.056
0.071
0.069
0.089
0.139
3.246
2.633
0.335
0.238
3.286
9.715
0.669
0.286
1.842
2.238
0.238
1.228
10.087
1.457
3.561
3.518
0.055
0.066
0.041
0.043
0.483
0.7
0.45
0.168
0.175
0.184
0.035
1.29
1.346
0.056
0.13
0.627
2.086
0.057
3.554
0.076
0.08
0.098
0.064
0.032
0.048
1.461
0.019
0.07
0.263
8.977
0.232
0.982
1.695
0.034
2.102
0.278
0.046
0.584
0.136
0.092
0.84
0.287
7.51
0.136
2.325
5.601
0.352
0.024
1.789
0.116
2.012
0.637
0.313
0.068
10.946
0.041
0.025
0.187
0.05
0.032
0.147
1.368
0.259
0.031
0.406
0.058
0.052
2.304
3.187
0.311
2.496
0.134
0.065
3.765
0.424
0.327
0.891
0.142
0.185
0.491
1.626
0.142
0.072
0.853
0.088
3.299
2.286
2.941
2.086
0.074
0.111
0.479
0.095
0.022
0.047
0.685
0.624
0.142
0.748
0.05
0.104
0.141
0.119
2.035
0.406
5.884
0.124
0.299
3.557
6.1
0.147
2.124
0.46
0.388
0.795
0.153
0.655
1.758
0.127
2.167
0.575
3.69
0.55
0.115
0.379
0.134
0.109
0.037
0.156
5.682
0.052
3.352
1.832
2.495
0.065
1.606
0.934
10.241
0.279
3.379
5.853
6.557
0.931
0.449
0.028
0.081
0.161
0.067
0.144
1.906
0.134
1.147
0.94
0.086
0.258
0.585
0.652
0.537
8.12
0.207
2.435
0.243
5.317
0.262
7.33
1.519
0.244
0.395
0.216
0.031
10.203
0.075
0.025
0.046
0.071
0.1
0.234
0.073
0.046
1.976
4.355
3.207
2.814
0.089
0.065
0.189
3.838
0.075
0.153
0.033
0.031
2.203
1.303
0.396
0.033
0.229
0.133
7.027
2.24
4.098
0.105
1.537
0.127
0.016
2.785
0.041
0.455
1.783
0.272
0.151
0.11
5.112
0.437
3.259
0.062
0.346
3.743
1.517
0.078
0.103
2.44
0.082
0.062
5.159
0.024
0.11
0.186
2.222
0.18
1.76
5.144
0.142
0.22
0.036
4.275
0.091
0.219
2.829
0.058
0.214
0.268
7.195
0.466
0.113
0.332
0.164
4.806
2.132
0.651
0.724
0.083
2.493
0.142
0.305
0.021
3.817
0.124
0.391
6.279
0.659
0.201
0.676
2.61
0.024
0.417
0.037
3.086
0.43
0.304
6.197
0.23
0.503
2.199
0.042
0.439
0.374
5.738
2.807
0.034
0.375
1.113
0.021
0.474
0.132
0.044
2.484
0.017
0.064
0.387
0.282
0.1
0.079
2.359
2.368
0.109
4.873
0.417
0.552
0.022
0.465
0.055
0.137
0.092
0.409
1.369
0.048
1.317
0.102
7.808
0.292
0.08
0.157
0.174
5.18
0.098
0.078
0.032
0.174
2.092
0.226
5.018
0.35
0.051
0.376
3.574
0.428
0.175
3.917
0.137
0.212
0.425
0.118
0.057
0.052
0.065
0.412
0.843
1.117
0.081
0.048
3.891
0.51
2.868
0.031
0.923
1.944
0.327
0.381
0.477
0.663
0.043
2.793
0.053
2.753
2.309
0.49
0.028
0.108
0.646
0.083
4.042
0.18
2.477
0.025
6.163
0.252
0.032
0.034
0.171
5.736
7.514
2.25
5.908
0.163
0.219
0.085
0.253
2.388
0.198
0.024
0.048
0.656
1.285
0.035
0.088
0.565
0.425
0.196
5.577
0.557
0.075
2.082
0.133
0.084
3.775
0.455
0.119
0.329
0.618
3.03
0.08
3.434
0.284
0.275
0.113
0.152
0.715
2.105
1.532
2.896
8.497
0.031
0.217
0.132
6.076
0.128
0.26
0.137
0.03
0.602
0.099
12.794
0.074
0.018
4.406
0.159
0.34
0.162
0.036
0.162
1.695
0.179
0.262
0.043
1.529
2.306
0.643
0.565
0.157
2.675
0.164
4.909
14.206
0.078
7.217
1.079
0.562
0.059
0.16
2.474
0.185
0.131
0.097
0.084
4.336
5.938
0.757
2.162
0.072
0.493
0.288
0.047
3.367
1.427
0.044
0.269
3.359
0.214
0.041
0.292
0.227
0.093
0.039
0.045
0.035
0.065
2.369
2.8
0.203
9.503
0.037
0.194
0.092
0.4
2.591
0.095
0.255
0.066
0.132
0.488
0.041
0.443
0.052
1.316
0.408
5.533
0.055
0.239
0.704
0.192
2.855
0.062
0.378
0.584
0.206
2.701
2.623
0.234
5.617
0.229
0.261
0.176
0.188
0.027
1.232
11.503
0.441
0.118
0.276
1.366
0.207
0.102
0.959
0.047
1.962
0.058
0.385
1.807
0.237
0.108
0.193
0.107
4.038
2.935
4.506
2.827
0.167
1.926
4.511
10.205
0.396
0.236
0.312
0.064
0.091
0.098
0.042
0.084
0.142
0.079
0.368
0.426
0.18
5.633
0.019
0.076
0.031
0.513
0.066
0.025
0.311
0.065
0.367
0.206
0.044
0.079
0.051
0.867
0.732
0.203
0.093
1.511
0.208
7.661
1.959
0.066
0.016
0.209
0.169
0.041
1.087
3.361
0.096
0.666
0.028
2.405
0.211
0.216
0.1
4.079
0.313
0.038
0.172
0.083
0.063
0.058
0.496
2.938
0.246
0.287
2.232
0.602
0.037
0.449
0.051
0.077
5.411
3.026
0.375
2.404
0.749
0.335
0.101
6.757
1.768
8.818
3.514
0.208
0.039
0.087
3.09
12.109
0.023
8.951
6.041
0.08
4.12
0.127
0.043
9.369
0.115
2.771
0.107
0.63
0.082
0.075
2.71
0.438
0.134
0.106
3.362
0.252
0.197
0.046
0.102
0.326
3.016
0.118
0.949
5.088
2.156
0.154
0.107
0.287
1.409
0.225
0.505
0.069
0.065
3.098
0.38
0.093
0.084
0.377
0.045
0.784
0.081
2.425
0.506
0.626
0.211
0.073
0.216
0.252
0.303
0.099
3.048
0.729
0.044
0.516
0.332
3.607
0.038
0.46
9.181
0.201
0.119
0.359
3.953
0.053
0.741
0.063
0.997
0.23
0.329
0.175
0.147
2.646
0.389
2.028
0.11
0.175
0.294
0.429
3.888
0.048
0.11
0.087
3.492
0.068
0.421
4.417
0.088
3.174
0.202
3.843
0.173
0.133
5.841
1.255
0.09
1.841
0.075
4.434
0.433
0.14
2.137
0.251
0.338
0.292
0.049
0.064
4.433
0.61
2.986
0.876
0.093
1.878
1.086
0.28
0.082
1.905
2.855
2.94
6.982
0.129
0.129
0.044
2.221
1.33
11.869
3.373
2.639
0.252
0.463
4.183
0.274
4.35
0.185
2.911
0.266
0.392
0.284
4.4
0.153
0.059
3.466
0.164
0.096
0.413
0.068
0.095
0.242
0.1
0.247
0.168
3.576
0.814
0.109
1.537
0.05
0.039
2.274
4.882
0.566
0.16
0.213
0.037
5.869
0.255
0.058
0.673
0.051
0.21
3.188
0.165
0.139
0.124
0.076
0.254
0.079
0.092
1.858
0.079
3.562
0.047
0.138
3.547
0.07
0.091
2.421
0.039
0.056
0.193
0.202
1.694
1.5
0.045
2.705
2.128
0.051
0.133
4.049
4.272
0.056
0.115
0.555
0.787
0.279
0.207
0.532
0.063
0.019
0.047
0.066
0.104
2.058
0.57
2.653
0.078
2.53
0.127
0.142
0.371
0.079
0.048
0.041
1.347
0.793
0.313
0.614
0.059
0.102
0.084
2.487
0.045
1.326
4.722
0.037
0.135
2.477
0.068
0.076
4.467
0.201
3.658
0.137
0.287
0.304
0.098
3.439
0.389
0.043
0.325
1.432
0.094
0.903
4.795
0.052
1.024
0.139
0.041
0.118
0.044
5.639
0.107
0.401
0.023
0.726
0.039
0.086
0.057
0.044
2.385
0.792
1.154
0.116
0.083
1.885
0.054
0.103
4.286
0.09
0.075
0.082
0.097
0.105
0.533
0.266
0.224
0.13
2.244
0.016
6.369
0.079
0.053
2.741
5.577
0.379
1.116
1.847
0.311
0.381
3.251
0.054
0.21
0.128
0.1
0.527
0.029
0.293
8.489
0.044
1.479
0.108
7.948
0.191
0.439
0.574
0.02
0.025
0.124
0.187
0.342
0.019
0.738
0.825
0.818
0.039
0.056
0.128
0.103
0.247
0.6
0.537
0.125
0.174
1.217
0.124
2.334
0.149
0.131
0.479
0.115
0.089
0.079
0.384
0.17
0.582
0.121
0.201
0.098
0.04
0.061
2.474
0.811
0.06
0.051
2.258
0.135
0.024
3.56
0.054
0.121
0.505
2.893
0.173
0.073
0.113
0.526
0.421
0.336
2.522
0.385
0.174
3.544
0.03
1.0
3.03
0.156
0.985
1.355
1.825
0.538
0.21
0.238
0.071
2.544
0.336
1.916
4.874
1.946
5.588
0.079
0.124
1.731
1.785
0.141
0.1
2.02
0.053
0.627
0.042
1.214
0.104
0.437
3.127
0.281
0.773
0.508
0.03
0.076
0.029
2.109
0.222
3.471
0.226
0.086
0.113
0.089
0.102
0.907
0.21
1.139
0.122
0.246
5.176
0.258
0.018
0.103
0.074
0.073
0.142
0.015
3.275
0.405
3.026
0.181
0.053
2.241
0.102
3.578
5.792
0.092
0.064
0.332
0.182
0.044
0.171
0.021
0.34
0.031
0.031
0.065
3.859
0.371
0.03
0.403
0.031
0.314
3.735
0.124
0.087
1.539
0.262
0.175
0.226
0.066
4.828
0.313
0.199
0.29
0.152
3.031
3.42
0.024
4.59
0.087
0.062
0.091
0.874
0.062
6.221
0.163
0.34
3.352
0.065
3.006
0.05
0.029
3.786
0.235
0.106
2.903
0.059
0.374
0.094
0.046
3.212
11.321
0.309
0.218
0.216
0.08
0.947
1.801
2.588
0.066
0.127
0.312
0.038
0.04
0.052
7.209
0.077
0.029
0.069
0.035
0.221
0.232
0.676
0.054
0.283
0.078
0.171
4.915
2.058
0.769
0.029
0.066
8.368
0.202
0.055
0.066
4.836
0.102
0.303
1.102
0.362
1.902
0.45
2.446
2.63
0.177
0.534
0.773
2.142
0.103
0.068
0.307
0.14
0.026
0.263
0.119
2.91
0.21
0.033
0.342
2.377
5.672
0.04
0.063
3.51
0.137
0.083
0.012
15.978
0.053
3.466
0.285
2.744
5.422
3.909
4.416
0.068
0.062
0.04
3.24
0.307
3.106
7.453
0.066
0.04
0.287
0.029
1.285
0.064
3.168
3.124
0.156
0.069
0.226
0.155
0.157
4.438
0.416
2.616
3.197
0.141
0.395
1.037
0.087
0.917
0.053
0.097
4.896
0.064
3.697
0.278
0.472
0.102
0.179
0.101
2.948
0.283
0.086
0.618
0.048
0.161
0.413
0.074
0.03
6.372
0.235
2.225
1.412
2.011
0.044
0.255
0.115
0.155
2.353
0.025
4.329
2.881
0.191
1.39
3.287
0.142
3.56
4.644
4.238
0.105
7.861
0.072
6.89
0.068
1.329
0.135
0.173
0.672
0.811
3.459
4.468
0.906
2.714
0.419
0.276
2.548
0.195
0.164
0.867
0.042
0.205
4.688
3.335
0.404
0.122
0.178
0.27
0.052
10.516
0.179
0.371
5.09
0.156
0.105
0.213
1.661
0.14
1.458
0.22
0.03
0.622
3.477
0.138
0.447
8.091
0.052
0.204
2.28
5.993
2.898
0.023
0.263
0.127
2.67
3.635
4.705
5.024
0.141
0.098
0.027
0.268
2.45
1.852
0.275
0.049
0.12
0.335
0.02
2.404
0.11
8.757
2.096
1.039
0.029
6.222
0.092
0.345
0.03
4.026
0.042
0.31
0.941
0.252
0.03
0.077
8.302
0.07
0.164
0.076
0.116
1.72
3.745
0.175
0.085
3.84
0.788
2.022
3.343
1.177
2.264
6.507
0.357
1.209
0.055
0.066
0.028
0.438
3.25
3.263
0.078
0.293
0.307
0.032
7.163
0.104
0.765
0.094
0.648
0.293
0.618
0.11
0.18
0.028
1.918
0.227
0.279
5.382
0.025
3.138
0.101
2.459
0.281
1.752
0.176
3.228
0.311
0.249
0.028
1.386
0.365
0.969
5.428
0.467
0.079
0.231
0.158
0.296
4.122
0.061
0.585
0.047
2.977
0.551
0.617
0.123
3.211
0.971
0.132
2.602
0.612
0.074
3.283
0.38
0.06
2.398
0.878
7.651
0.221
0.722
6.182
0.069
0.085
3.862
0.041
0.126
0.225
10.72
0.325
2.922
0.275
0.062
1.077
0.554
3.555
0.095
4.114
3.236
0.028
0.177
6.447
0.436
0.157
2.632
2.601
0.139
1.434
0.1
0.666
3.435
0.433
0.508
0.91
0.028
0.052
0.384
0.297
2.852
7.119
0.083
1.616
0.315
0.027
1.476
0.587
6.989
0.268
0.057
0.105
1.546
0.045
0.045
0.107
0.372
0.106
1.647
0.24
4.395
0.471
0.187
0.017
0.032
2.632
5.229
0.043
3.769
2.444
0.06
0.038
0.934
0.559
1.03
3.096
1.313
3.721
0.031
0.056
0.634
3.662
0.063
0.136
0.116
0.24
0.108
0.021
0.076
0.03
0.168
0.035
3.725
0.549
0.244
0.044
3.59
0.327
3.692
0.039
0.102
0.517
0.507
3.759
3.546
0.107
4.027
0.201
0.056
0.046
4.048
7.198
0.265
0.045
0.173
2.704
0.042
0.298
0.104
0.06
0.169
0.169
0.705
4.219
0.078
0.19
0.121
0.077
0.152
0.101
0.148
0.155
3.88
1.076
0.039
0.46
0.253
0.065
0.097
0.059
0.024
2.032
0.571
0.181
0.024
1.623
0.235
0.552
0.071
0.276
0.131
3.226
0.069
2.617
0.298
4.195
3.128
2.524
0.189
0.071
0.552
0.217
0.297
0.452
0.088
0.067
1.705
0.961
4.691
0.133
1.36
3.21
0.296
0.632
0.336
0.034
0.586
0.019
0.02
0.266
0.094
0.089
0.079
7.437
0.554
3.796
0.246
0.394
0.111
0.075
1.663
1.248
0.257
1.708
0.696
0.032
0.176
0.106
0.026
0.166
1.947
3.35
0.045
0.072
0.226
0.054
0.032
0.221
4.059
0.64
1.131
0.179
2.336
0.173
0.049
2.333
0.092
0.194
0.373
0.097
1.609
3.826
1.24
0.18
1.491
7.259
0.083
0.048
6.821
0.612
0.051
0.192
4.697
2.614
4.355
0.077
0.554
0.126
0.045
0.07
0.485
2.62
0.087
3.486
0.042
0.116
0.104
0.03
0.035
0.143
0.699
3.869
0.276
0.093
0.27
3.714
0.034
1.803
3.328
0.178
0.083
0.102
0.082
0.822
3.494
0.324
0.047
0.12
0.025
3.832
0.488
0.089
3.132
0.671
0.533
0.083
0.106
0.393
0.054
0.206
1.486
9.941
11.672
0.129
8.213
6.839
0.143
0.167
0.493
0.153
0.033
0.414
0.049
0.186
4.03
0.034
0.047
0.811
0.035
0.228
3.177
0.046
0.73
0.33
1.988
0.293
2.209
0.162
0.242
0.141
0.3
0.303
6.293
1.737
0.185
0.447
10.375
0.225
0.164
0.935
0.152
0.557
3.441
0.786
0.145
0.117
6.056
4.0
2.21
0.316
0.086
1.249
0.11
3.079
0.288
0.093
0.267
0.259
6.34
1.21
0.347
0.12
0.501
4.632
0.028
0.223
0.028
0.28
0.063
0.508
2.79
0.42
0.075
4.041
0.044
0.068
1.987
0.366
0.138
3.038
0.649
0.234
0.197
0.22
0.406
2.938
0.029
0.82
0.083
0.1
3.093
1.79
0.31
0.082
0.304
2.418
0.06
0.239
0.029
4.785
0.585
0.304
3.251
3.376
0.068
0.282
11.731
5.714
0.645
0.213
5.063
0.035
0.059
0.064
0.013
0.126
2.895
1.053
3.032
3.797
0.384
1.54
3.13
0.075
0.095
0.084
4.119
2.956
0.672
0.063
0.047
0.084
0.024
0.204
0.062
2.358
0.037
0.188
0.099
0.113
2.389
0.188
5.627
0.074
0.351
1.68
0.413
0.267
0.33
3.474
0.057
0.203
0.017
7.115
0.056
0.187
2.506
0.582
0.804
0.273
0.032
0.561
0.161
0.049
0.13
0.084
3.259
3.904
0.045
0.364
7.78
0.081
0.102
0.438
0.35
2.424
1.351
0.075
1.23
0.239
0.663
0.261
2.705
0.438
0.23
0.051
2.456
0.074
0.233
0.209
0.053
4.226
0.083
0.344
0.086
0.346
0.726
1.55
0.085
2.311
0.421
0.652
0.173
0.078
0.401
4.038
0.162
0.03
1.427
0.047
2.764
0.043
0.962
1.017
0.033
0.848
0.067
7.761
0.609
0.078
4.08
0.842
0.673
1.853
0.141
0.375
0.049
0.838
0.043
0.543
0.05
1.384
0.148
0.062
0.091
2.078
0.19
0.471
0.088
6.149
1.49
0.343
0.593
0.309
0.182
0.134
6.963
2.424
1.901
2.3
0.063
0.419
0.557
0.222
0.309
0.607
3.74
0.099
0.395
0.057
0.036
0.035
0.159
0.061
2.056
0.214
0.042
0.112
1.752
0.13
0.031
0.112
0.071
0.05
0.327
0.177
0.162
1.003
0.199
1.773
0.061
0.45
0.874
0.313
0.275
4.161
2.804
0.172
0.098
5.092
0.217
2.297
3.512
0.117
0.585
0.142
0.085
0.043
0.65
2.569
0.198
0.173
0.05
1.374
0.14
6.306
0.089
1.066
0.151
0.029
0.044
8.372
3.603
0.209
0.47
0.019
0.101
0.697
0.719
2.04
3.615
0.045
0.267
0.063
0.65
0.097
0.997
0.045
0.951
0.041
2.327
0.2
0.421
0.037
0.463
0.066
0.07
0.06
2.789
2.523
0.143
2.105
2.792
0.583
0.049
0.164
0.027
5.618
0.076
2.428
3.78
0.167
4.664
0.065
0.13
0.158
0.417
0.067
0.044
0.688
0.416
0.088
1.928
3.66
0.201
0.68
6.083
0.036
0.034
0.064
0.199
0.304
0.293
4.893
0.212
0.432
3.067
1.089
0.489
0.281
0.052
0.513
1.004
4.785
0.953
3.707
0.389
1.296
1.58
0.081
0.303
0.987
0.058
0.385
0.007
2.774
3.599
0.24
1.267
0.476
0.074
0.284
2.298
0.204
0.176
0.088
0.79
2.779
5.228
0.954
0.37
0.162
5.925
2.646
0.03
0.037
6.921
0.252
3.842
0.03
2.101
1.89
0.26
0.301
0.039
0.071
2.92
6.823
3.546
4.038
0.279
0.157
0.034
3.38
3.459
0.408
6.744
0.19
0.294
1.642
0.076
0.142
0.214
10.554
0.381
0.328
0.048
0.148
0.051
0.184
2.977
5.344
1.262
3.213
0.327
2.449
1.501
0.055
0.05
5.691
4.701
0.097
0.076
0.152
0.031
0.031
0.6
0.367
0.31
0.127
0.059
0.215
0.029
0.487
0.056
0.035
0.056
0.04
0.71
0.055
2.497
5.181
0.048
0.405
0.35
0.383
2.027
0.069
0.488
0.063
4.534
0.44
0.038
0.684
0.071
0.08
0.107
0.342
2.884
0.1
0.031
7.076
3.408
0.26
2.378
0.211
3.352
0.03
0.065
0.391
3.037
0.101
0.035
0.233
0.012
0.09
0.052
0.364
0.112
0.583
0.148
3.341
0.067
0.052
0.944
0.038
0.038
0.059
0.475
0.035
1.046
2.118
2.139
0.222
0.056
2.403
0.241
0.067
0.302
0.187
0.127
7.456
0.191
0.024
0.017
6.448
2.101
4.341
0.15
0.179
0.087
0.112
0.93
0.256
0.162
0.468
2.495
0.139
0.024
0.429
0.332
0.199
0.35
2.13
0.651
0.033
0.649
4.695
1.727
0.427
0.512
0.191
0.28
0.159
0.068
2.408
0.974
3.629
0.191
2.858
0.271
0.062
0.081
0.252
0.367
0.207
5.164
0.149
0.347
0.404
0.363
0.314
0.605
0.448
0.036
0.394
4.374
0.067
0.381
0.066
0.034
0.105
0.11
0.39
0.183
0.616
0.135
0.177
3.773
0.036
0.923
2.023
1.015
3.018
0.232
0.078
1.148
0.945
0.631
0.483
2.703
0.062
0.022
0.374
0.07
2.228
0.062
0.273
0.196
0.81
3.48
0.092
0.121
0.282
3.396
1.287
0.03
0.237
0.382
3.595
0.814
0.048
1.701
0.523
0.371
1.46
0.241
0.433
0.634
7.136
0.051
4.292
3.17
0.083
2.112
5.524
3.691
2.544
0.592
0.136
2.943
0.107
0.136
0.495
0.12
2.012
4.695
0.208
0.078
0.08
0.284
12.295
4.354
0.152
0.084
2.638
0.108
0.171
5.333
0.034
1.449
17.479
2.218
0.353
0.508
1.348
0.019
0.18
0.202
0.21
1.442
3.025
0.072
1.368
0.074
0.067
5.423
1.607
4.737
0.385
0.191
0.763
0.303
2.563
2.022
0.471
1.25
0.393
0.258
0.048
0.987
1.131
0.044
0.422
1.214
3.84
0.013
0.114
0.269
0.438
2.0
0.099
2.038
2.839
2.997
0.087
1.141
1.554
0.093
0.069
0.121
0.088
0.068
0.201
2.452
0.051
0.116
0.039
0.756
0.11
0.085
0.286
0.506
3.649
4.16
0.029
0.526
0.052
0.102
0.631
2.423
0.083
0.399
0.3
0.129
0.096
0.071
2.545
0.054
4.003
0.081
0.124
0.036
0.262
0.069
0.195
2.631
0.167
0.116
0.053
0.602
0.17
4.871
0.032
3.044
0.663
0.043
2.157
0.643
1.584
0.041
0.07
0.108
0.258
0.119
4.205
0.235
0.282
0.207
0.1
0.05
0.114
0.169
0.422
2.454
6.215
0.096
0.068
2.32
0.2
1.97
0.068
0.117
6.027
0.039
2.235
3.075
0.939
4.974
0.02
0.056
0.03
0.201
0.021
2.575
3.905
1.282
0.415
3.057
1.666
4.103
0.034
0.438
0.52
0.047
0.171
0.79
0.139
0.074
0.047
0.088
0.082
0.155
2.753
0.058
0.301
1.901
0.132
0.045
0.037
0.252
0.585
0.083
0.28
0.105
0.079
0.09
0.108
0.359
0.114
0.877
0.039
0.228
0.046
0.393
8.112
0.662
2.504
0.1
0.046
0.024
0.467
0.414
0.178
0.045
3.41
0.079
0.647
0.247
0.094
0.167
3.764
0.04
0.124
0.165
3.578
5.075
1.905
3.209
0.286
0.101
4.666
0.033
2.132
0.751
0.233
0.321
0.25
0.036
0.014
0.023
0.343
0.088
2.198
0.411
2.108
3.027
2.42
0.226
0.09
4.454
0.097
0.07
0.198
3.448
0.088
3.307
0.072
0.037
2.49
3.735
0.06
0.131
1.602
0.122
0.401
0.047
1.4
0.13
0.049
0.191
0.123
0.038
0.027
0.053
2.18
3.17
0.083
0.549
4.247
0.014
1.834
0.201
1.052
8.419
0.078
0.047
3.288
1.019
1.114
1.964
9.58
2.387
0.15
0.645
0.021
0.019
5.639
1.895
0.106
0.016
1.428
0.192
0.045
0.619
0.045
0.032
0.243
0.222
0.123
0.419
0.069
0.24
4.632
2.801
0.503
0.064
0.802
0.612
0.022
2.615
0.071
0.06
0.132
1.832
0.438
0.044
0.052
0.076
0.386
15.294
0.188
0.034
2.002
0.122
0.137
3.588
0.275
0.145
0.297
4.04
1.274
0.165
3.116
0.426
2.359
0.31
0.132
0.038
0.045
0.536
0.177
1.704
0.312
0.34
4.529
0.049
2.029
0.309
0.265
0.628
0.05
0.202
2.029
0.053
1.861
0.337
4.469
0.1
0.155
0.217
0.181
4.352
0.152
0.081
0.356
0.679
0.027
0.132
0.096
6.062
0.034
0.197
0.253
5.724
0.478
0.043
0.05
0.076
0.018
1.558
0.294
1.863
12.581
0.212
0.199
3.016
2.658
0.083
0.106
0.144
1.768
0.145
0.241
1.514
0.473
0.081
0.039
0.516
0.405
0.326
0.031
0.317
0.112
0.122
0.967
0.709
6.625
0.096
5.146
0.335
0.057
0.424
0.17
2.396
0.431
4.907
0.242
0.994
2.349
0.708
0.181
0.891
0.594
0.191
0.213
1.801
0.398
0.042
0.437
5.939
0.091
0.134
0.672
0.13
0.137
0.498
1.033
0.192
0.052
0.489
1.58
0.058
0.777
0.078
0.404
5.135
0.833
3.417
1.08
4.209
0.309
9.574
1.938
0.782
0.106
3.496
0.107
1.135
2.736
0.27
0.051
0.029
3.508
0.542
0.246
0.08
0.091
0.106
0.145
4.547
0.298
0.166
0.525
0.048
0.119
0.063
0.162
2.428
1.299
0.048
0.051
0.017
9.362
0.611
0.064
3.096
0.103
1.355
0.119
0.048
0.058
0.091
2.349
0.083
0.016
0.662
0.092
0.017
0.068
0.537
0.489
1.983
0.186
0.071
0.56
0.033
0.026
0.88
0.048
0.242
1.448
6.953
0.65
0.074
0.04
5.472
0.146
0.142
0.443
11.885
5.829
0.061
0.082
0.28
4.556
0.077
0.09
0.188
1.791
0.205
0.282
0.251
2.586
0.058
0.493
1.977
4.591
0.31
6.619
0.573
0.166
0.109
4.518
5.72
0.15
4.356
0.041
0.852
0.082
1.088
0.125
0.303
2.226
0.689
9.358
0.041
0.443
1.011
0.366
0.153
0.041
0.336
5.613
0.185
0.445
4.845
0.108
0.042
0.151
0.127
3.978
1.179
0.046
1.374
0.138
0.453
2.287
0.13
0.9
9.011
1.267
0.665
0.342
0.169
0.294
0.063
0.067
0.223
0.725
0.234
0.07
0.285
0.067
0.427
0.044
0.489
0.12
0.305
2.407
0.098
0.044
1.67
3.126
0.05
1.185
0.106
0.128
0.108
0.517
0.778
0.353
0.299
2.075
0.083
0.777
0.076
1.378
2.646
0.261
0.047
0.099
0.227
0.08
0.287
0.393
0.087
0.724
10.037
0.241
0.414
2.944
0.448
4.605
2.175
0.039
0.151
1.804
0.06
0.186
2.818
0.142
0.134
1.848
0.177
0.027
0.061
0.049
0.294
2.488
1.327
0.226
0.988
0.06
0.815
1.135
0.066
0.568
0.077
4.021
0.388
0.269
0.081
0.025
2.61
0.025
0.064
4.488
3.585
0.086
0.708
0.047
3.7
0.038
0.105
0.138
0.166
0.242
0.054
0.069
0.088
0.18
1.457
0.18
0.433
0.564
1.078
4.417
0.724
0.058
0.271
6.936
3.316
0.027
0.048
0.066
3.242
0.064
3.776
17.846
0.824
0.025
0.063
0.331
0.554
3.559
0.131
0.408
1.825
0.054
0.255
0.197
0.06
0.251
0.139
0.096
1.316
0.1
0.071
0.109
0.092
3.038
0.037
0.345
0.14
0.433
4.183
2.072
6.188
0.051
0.275
0.982
0.067
2.226
0.412
0.707
1.264
0.113
0.408
0.126
6.571
2.384
0.337
0.333
0.405
0.24
0.224
2.002
0.106
0.07
0.054
0.313
3.161
0.04
0.03
0.117
0.061
0.017
0.579
0.175
0.043
6.449
0.036
2.56
0.084
2.105
3.407
3.208
0.595
0.078
2.684
0.465
0.06
0.244
9.758
2.068
0.039
5.71
0.219
0.154
0.459
1.047
0.161
0.5
3.706
0.056
0.035
0.89
2.798
5.534
0.111
5.551
0.214
0.069
0.546
0.032
0.374
4.427
0.154
0.233
0.047
0.064
0.133
0.408
6.893
0.1
0.051
0.112
1.125
2.258
0.115
0.247
0.965
0.204
0.418
3.78
0.527
0.12
0.11
0.152
3.193
0.054
2.584
2.032
0.075
1.49
0.119
0.09
3.658
3.423
0.051
4.253
0.069
0.228
6.978
3.639
0.395
2.455
3.864
0.054
0.422
0.107
0.168
5.904
0.051
1.987
0.448
4.922
3.247
0.159
0.236
0.035
0.146
0.048
0.056
1.178
0.219
0.165
0.123
0.321
1.9
0.213
2.69
0.062
0.133
0.364
0.267
8.689
0.041
0.188
0.022
0.039
0.565
0.091
0.131
3.522
5.905
1.924
0.111
0.39
0.358
0.105
2.329
0.232
0.262
0.09
2.469
0.345
3.503
1.951
0.163
0.633
0.301
1.345
0.352
0.101
0.106
0.163
0.32
0.145
0.308
0.035
0.072
3.212
0.142
0.018
0.325
0.024
3.548
1.288
0.064
0.09
1.74
0.174
0.352
3.578
6.484
0.797
0.708
0.041
0.08
0.22
0.255
2.117
0.288
1.726
1.157
0.444
3.764
0.141
7.735
0.128
3.391
0.286
0.147
0.345
0.121
2.459
2.824
0.398
0.242
0.162
0.148
1.247
0.025
1.807
4.107
3.567
0.122
0.443
3.256
0.072
0.115
0.659
6.751
4.242
0.097
3.311
0.097
0.069
0.494
0.315
4.043
0.111
0.132
1.839
0.036
0.132
0.147
4.565
0.143
0.087
0.046
0.331
0.143
1.198
0.138
0.23
0.048
0.159
0.134
0.136
0.105
6.05
0.573
0.033
4.206
0.064
0.063
0.118
5.569
0.27
5.803
0.044
0.225
0.021
4.552
0.087
8.188
0.018
0.078
0.375
3.144
5.341
11.209
0.171
0.156
0.32
0.037
1.496
0.141
0.073
0.142
0.269
0.071
0.154
1.643
0.039
0.045
8.386
5.017
0.04
6.735
3.854
1.818
0.02
0.049
0.036
0.388
0.073
0.37
0.055
3.024
4.408
0.165
6.092
0.023
0.726
2.459
0.094
1.225
0.287
0.294
5.428
0.036
0.058
0.04
3.015
0.073
2.281
0.667
0.091
0.093
0.147
2.101
0.04
0.055
0.025
7.363
0.183
0.041
0.149
0.402
3.603
0.114
6.581
0.985
0.413
0.21
5.035
0.125
0.124
0.306
6.645
0.058
0.072
0.266
6.962
0.035
3.421
0.042
0.02
0.821
0.27
3.782
0.363
0.153
0.289
3.192
0.03
0.251
2.495
3.779
0.466
0.257
0.035
0.088
0.094
0.185
0.03
0.605
0.226
3.727
1.692
0.104
0.098
0.106
3.484
0.109
0.408
0.377
0.075
0.094
0.99
0.181
0.069
0.068
4.561
0.094
0.062
0.139
0.259
0.016
0.061
2.542
0.244
0.033
3.546
0.35
0.206
0.806
0.574
0.337
5.222
2.578
12.069
3.983
0.205
0.295
0.047
0.191
0.347
0.132
0.138
0.254
0.036
0.045
2.411
0.071
2.101
0.555
2.497
0.077
4.034
1.993
0.034
2.7
0.082
2.414
0.113
2.948
0.17
0.048
0.706
0.534
0.308
0.026
0.044
0.206
0.06
5.312
0.123
0.196
0.091
0.077
0.109
0.654
0.038
0.676
1.162
0.235
0.075
0.075
0.154
0.101
0.378
0.066
1.39
4.142
0.114
4.029
0.06
1.378
0.079
3.412
0.156
4.967
1.281
0.416
2.117
0.139
0.042
7.396
0.436
0.23
0.14
0.053
0.165
0.475
0.09
0.236
2.657
0.639
0.26
0.027
0.199
0.011
0.059
5.1
0.565
0.034
0.136
0.161
0.042
0.167
2.952
3.09
0.02
0.592
0.532
0.196
0.552
2.671
0.037
0.368
0.071
0.147
1.709
0.282
0.057
0.067
1.837
0.227
0.343
0.195
0.267
0.138
0.147
4.538
0.084
2.036
7.324
0.157
1.216
0.154
0.044
0.042
0.042
0.023
0.019
0.135
2.374
0.268
2.366
2.563
0.135
1.71
3.18
0.029
0.337
0.263
0.03
0.076
0.389
0.478
0.261
0.466
0.095
0.114
0.075
0.549
0.053
0.05
2.727
0.026
4.604
0.406
2.862
0.047
0.038
1.87
0.424
0.046
0.05
2.914
0.182
3.087
4.863
0.4
0.061
0.294
0.089
0.168
0.075
0.071
1.975
3.405
0.022
0.783
0.083
4.956
7.531
1.702
5.72
0.029
2.302
0.576
3.934
0.851
5.636
0.356
0.283
0.08
2.111
0.195
0.174
1.876
1.89
0.157
6.527
4.033
0.492
0.028
0.792
0.053
2.929
0.072
0.057
0.68
0.095
0.277
4.061
1.894
2.44
6.786
2.923
0.224
0.112
0.234
1.709
0.19
3.051
0.254
0.181
5.798
4.084
0.315
0.286
2.669
0.061
0.168
0.183
2.215
0.48
0.07
5.468
1.752
0.022
0.043
0.121
3.579
2.469
0.048
0.064
0.118
4.305
0.079
5.23
0.136
1.683
0.523
4.017
0.095
0.115
0.129
2.759
2.059
1.729
0.097
0.038
0.107
3.388
0.139
0.263
1.182
0.054
0.111
0.125
0.791
0.038
10.168
0.759
0.939
0.231
1.619
0.042
0.745
0.092
0.359
0.055
0.136
0.117
0.297
0.895
0.053
0.142
0.104
2.175
0.125
0.128
0.124
3.705
0.188
0.327
0.073
3.559
0.045
0.267
5.83
0.807
2.123
0.953
2.117
0.186
0.101
3.156
1.297
0.079
0.297
0.138
0.507
1.455
0.174
0.048
0.071
0.183
3.042
0.171
0.352
12.12
0.134
0.148
0.365
0.433
3.25
0.012
0.254
0.471
0.068
2.802
0.379
0.643
0.025
0.596
0.061
0.197
0.086
0.053
0.384
0.484
0.033
0.098
1.748
0.284
1.606
0.074
1.844
0.293
0.131
0.03
0.583
0.122
5.006
0.043
4.279
0.656
9.857
0.387
3.786
0.109
0.363
0.041
6.7
4.967
0.045
0.373
0.444
0.121
0.065
0.338
6.922
7.798
2.254
0.029
3.788
1.804
3.307
5.226
1.49
0.381
0.051
0.171
0.077
1.893
0.422
0.261
0.226
3.714
0.275
1.898
0.102
0.037
0.057
0.089
0.315
5.945
0.031
0.11
0.158
0.244
0.162
4.048
2.582
0.164
0.083
0.061
4.423
0.183
0.063
0.07
1.895
0.461
0.169
0.25
0.195
0.022
0.354
0.219
0.215
0.132
0.132
1.714
0.161
0.041
0.231
0.054
0.245
0.268
0.516
0.024
0.033
0.127
0.229
3.769
0.384
0.011
0.022
0.484
0.225
0.057
0.057
0.162
0.021
0.209
0.8
0.099
0.109
0.099
0.198
0.318
4.854
0.38
0.074
0.088
0.213
2.392
0.16
0.033
0.049
0.31
2.06
0.021
1.024
0.075
0.219
0.045
8.808
4.316
0.185
0.037
0.185
0.218
0.47
0.962
0.041
1.917
0.083
1.619
0.116
0.149
1.76
0.051
0.192
0.108
0.358
0.034
2.422
3.092
0.117
9.653
0.223
0.026
0.107
0.118
0.029
0.067
0.088
0.157
1.601
6.587
0.224
0.238
0.103
0.249
0.093
0.022
0.592
0.075
0.275
0.097
0.147
0.179
0.046
1.675
2.009
0.325
0.03
3.411
5.797
0.715
0.025
1.491
0.029
0.078
0.079
2.042
7.825
0.083
4.896
0.051
0.349
0.234
2.011
0.113
0.093
14.434
0.09
3.996
2.798
4.122
0.474
0.023
0.798
0.081
0.032
0.159
0.949
0.142
0.043
7.866
0.091
5.126
1.14
0.18
0.227
0.522
0.807
0.074
1.044
0.979
0.144
0.094
0.056
0.169
0.589
0.557
5.199
1.49
2.592
0.116
0.253
3.211
0.154
0.186
5.664
0.264
0.036
0.119
0.988
3.652
4.769
0.291
2.98
4.41
0.334
0.134
0.234
0.609
0.363
0.114
5.951
4.479
0.236
0.346
2.723
11.92
0.061
0.087
2.487
0.146
0.344
0.208
0.052
0.638
0.799
0.651
0.494
0.207
0.042
6.082
3.884
1.735
3.535
5.061
0.05
0.034
0.115
3.566
0.298
0.02
0.04
3.278
0.368
0.089
0.061
0.033
0.266
0.341
0.028
0.554
3.1
0.305
3.867
0.032
0.268
2.216
0.785
0.057
0.153
2.046
0.757
2.09
0.03
1.062
0.386
0.275
0.827
7.716
0.145
0.116
0.146
0.431
0.029
3.28
0.437
0.159
0.039
0.368
2.668
2.813
2.826
6.578
0.141
0.039
4.954
0.033
0.023
3.779
0.114
0.693
2.189
0.163
3.336
0.863
0.103
0.045
6.138
2.809
3.632
0.079
0.133
0.119
0.039
7.912
2.282
0.077
0.131
0.203
4.373
5.085
1.381
0.039
2.667
0.134
3.448
0.066
0.144
0.126
0.025
0.071
5.115
0.121
2.645
0.084
0.463
2.829
4.605
0.218
1.727
0.315
0.348
6.367
4.06
0.026
0.299
0.052
0.24
0.179
1.464
0.044
0.117
0.976
0.694
1.83
0.144
0.139
7.271
0.043
0.111
0.049
0.234
5.896
0.064
0.601
3.321
0.045
1.511
6.444
0.03
0.166
0.124
2.756
4.269
0.067
0.543
0.975
0.059
0.131
2.252
2.588
9.108
0.033
0.084
0.058
0.027
3.136
3.613
2.263
3.596
0.446
0.029
0.111
0.079
0.301
0.391
0.304
1.031
0.093
5.475
0.122
0.261
3.462
0.308
0.012
4.354
0.211
0.196
2.929
2.253
0.155
0.052
0.084
0.193
1.507
0.356
0.014
0.088
0.075
4.306
0.284
0.082
0.174
0.484
4.205
4.236
0.942
0.056
0.469
2.307
0.092
0.065
8.757
0.335
2.021
0.047
0.162
4.271
1.76
8.933
0.084
0.287
0.247
1.648
0.365
0.549
0.036
0.195
0.924
0.105
0.089
0.155
1.009
2.649
0.331
0.06
1.384
0.383
3.336
0.099
0.064
0.01
0.25
0.259
0.103
0.1
0.196
0.035
0.546
0.32
0.241
0.021
0.048
0.038
0.053
0.059
0.029
0.08
3.662
0.123
4.635
1.062
0.315
1.992
3.941
0.052
0.057
0.6
0.026
0.51
0.562
0.047
0.542
0.049
0.088
0.081
0.268
0.168
4.302
0.237
5.208
0.28
2.559
0.151
0.521
0.373
0.096
1.661
0.052
0.475
0.068
0.028
0.18
0.042
0.03
0.066
2.329
2.433
0.055
2.238
0.455
2.64
0.131
4.098
0.041
0.405
0.087
0.154
0.207
0.051
0.377
0.026
0.206
0.049
0.032
0.066
4.98
0.1
0.074
0.041
0.089
4.809
0.158
0.1
1.895
0.437
0.029
0.114
5.65
3.288
0.044
0.662
0.027
1.048
0.201
0.368
4.017
0.703
2.447
1.85
4.174
0.382
0.045
0.59
1.731
0.057
0.321
1.741
0.093
0.059
0.09
8.521
0.033
0.123
1.786
0.112
0.516
0.379
0.091
0.225
5.35
0.049
2.803
0.136
0.159
0.448
0.779
2.169
0.47
0.052
0.773
0.123
2.436
0.455
0.687
0.295
0.077
0.113
0.094
0.141
2.798
0.262
6.536
0.202
0.466
0.218
0.226
3.406
3.737
0.039
0.097
0.064
0.021
0.142
0.454
0.168
0.053
2.246
0.059
0.107
1.995
0.088
0.538
3.681
0.081
0.167
3.619
0.211
0.031
3.4
0.129
0.048
2.075
0.844
0.057
1.53
0.504
1.22
3.337
0.084
0.185
7.955
0.675
0.304
0.572
0.481
0.037
0.035
0.559
0.138
0.244
0.254
0.04
0.124
0.565
0.646
0.278
5.2
4.433
0.197
0.575
0.29
0.618
0.38
2.875
0.499
0.104
0.12
0.078
0.493
0.297
0.228
0.186
0.541
0.167
0.131
0.016
0.043
0.232
0.238
0.338
5.131
5.907
5.126
0.033
1.29
0.472
13.6
5.102
0.463
0.036
7.425
3.531
0.162
0.136
0.503
0.112
5.419
0.225
0.036
2.749
4.39
0.182
0.534
0.029
0.224
0.409
0.047
0.033
0.121
0.016
1.633
0.116
0.04
0.083
0.288
0.511
2.676
0.526
0.776
0.059
0.392
2.754
0.187
0.049
0.032
0.082
0.029
0.081
0.043
5.027
0.126
6.741
0.068
0.692
1.526
1.288
1.395
0.033
0.043
0.183
0.317
0.101
0.543
2.192
0.03
0.213
0.058
0.322
2.521
0.464
0.078
1.494
0.048
0.067
0.837
0.188
0.111
0.108
0.425
0.236
0.1
0.376
0.143
2.586
0.129
3.76
4.083
6.185
0.142
0.253
0.4
0.269
0.041
1.952
1.922
0.315
7.58
0.316
0.255
0.052
0.381
0.099
0.278
0.067
0.282
0.283
0.055
0.063
2.85
0.117
0.063
3.259
0.342
0.086
0.164
0.108
0.127
0.29
0.025
0.219
3.169
3.965
0.171
0.231
2.371
0.066
0.084
0.15
0.112
1.436
0.18
2.934
2.987
0.037
0.794
0.099
0.169
0.03
0.403
3.442
0.205
0.213
2.248
0.07
0.072
0.187
0.046
5.393
0.177
0.262
1.585
0.064
0.033
3.207
0.199
0.136
0.168
1.877
0.136
3.513
1.544
0.056
0.349
0.145
0.495
0.71
0.146
3.016
0.24
0.505
0.044
0.126
0.806
1.418
4.205
0.068
0.155
0.053
0.056
0.096
0.508
5.558
0.376
0.026
0.127
0.176
0.168
0.208
2.877
5.939
0.074
0.068
0.053
0.298
0.128
1.563
0.441
0.24
4.723
0.114
0.153
7.386
0.053
0.194
0.296
0.85
5.701
0.511
0.051
0.275
2.047
0.469
2.602
0.156
0.08
0.067
0.18
0.175
0.243
0.437
0.271
0.12
0.062
0.188
0.028
4.739
2.683
3.092
0.071
0.172
1.805
0.354
0.388
5.802
0.071
1.319
5.733
0.049
2.531
0.192
0.037
0.791
1.846
0.352
0.706
3.935
0.748
0.14
0.461
2.261
0.287
1.538
0.297
2.533
1.001
0.112
0.146
0.133
0.183
3.194
1.961
4.736
0.258
3.938
2.336
0.032
0.142
0.103
0.197
5.053
0.058
0.273
6.795
0.505
0.042
0.231
0.555
0.099
0.05
0.117
0.184
0.166
0.047
3.783
0.311
1.803
0.304
2.114
10.042
0.032
0.14
0.18
0.421
1.912
1.117
3.338
0.132
7.513
0.033
0.264
0.142
0.071
0.103
0.106
0.192
0.199
0.091
0.484
1.915
0.08
0.279
2.979
0.769
0.099
0.036
0.066
0.08
0.06
0.133
9.393
0.133
6.653
0.141
0.057
2.118
0.227
0.045
2.002
6.305
2.657
0.487
0.765
0.07
0.053
0.334
1.961
0.227
0.07
0.125
2.203
0.437
0.224
0.082
5.896
2.46
0.051
0.504
0.476
2.486
1.147
0.327
1.597
0.142
0.255
0.719
0.049
0.021
0.067
2.302
8.079
0.116
0.147
0.299
1.571
0.016
1.53
1.183
0.545
0.975
3.027
0.471
0.242
0.098
4.232
0.267
3.382
0.079
0.096
2.87
0.792
5.371
2.934
0.334
0.104
0.03
0.038
0.079
0.198
0.192
4.216
0.019
0.174
3.358
1.563
0.904
3.426
2.068
2.803
0.126
5.708
0.156
10.062
1.738
0.141
0.402
0.101
0.062
0.49
0.048
0.199
0.165
0.054
0.512
4.053
0.026
0.056
0.037
0.052
0.078
3.062
2.535
0.056
0.143
2.76
0.043
4.08
0.07
0.12
0.112
0.121
18.439
0.937
0.117
0.412
0.115
0.037
5.057
0.087
2.479
6.409
0.036
0.527
0.586
5.862
0.632
1.851
0.237
0.129
1.103
0.098
0.063
0.427
3.163
0.185
0.04
0.039
0.138
0.42
3.991
0.089
0.162
0.12
0.417
1.873
0.606
0.345
0.23
0.032
0.207
0.335
4.835
0.068
0.134
0.21
2.66
0.066
0.137
0.024
0.158
0.094
0.208
0.37
0.292
1.929
0.609
1.432
1.887
0.449
0.182
8.716
0.185
4.409
7.425
0.602
0.178
0.343
0.022
0.343
2.559
0.299
1.247
0.124
3.156
3.396
0.339
0.049
2.401
1.041
0.488
4.884
1.168
0.313
0.143
2.532
0.103
5.975
0.681
0.209
0.029
0.255
1.434
0.101
0.394
0.15
0.208
4.177
0.101
0.192
0.302
8.404
0.514
0.395
0.311
0.032
0.114
1.191
0.026
0.256
0.127
2.701
0.069
0.197
0.114
6.303
0.152
0.14
2.931
0.527
3.695
0.636
0.179
0.058
0.028
0.074
0.181
0.378
5.14
2.446
0.109
0.071
0.033
0.225
0.405
0.081
0.078
0.068
3.254
0.086
0.126
0.089
1.824
0.094
0.051
0.72
0.136
5.293
0.266
0.033
6.381
0.018
3.164
0.214
0.019
0.085
0.103
1.279
6.619
6.134
2.394
0.036
0.091
0.603
0.032
1.81
0.11
4.33
0.04
0.356
3.478
0.296
1.648
0.302
2.217
0.083
2.729
1.786
4.53
3.98
3.619
0.639
0.633
0.142
0.109
0.143
0.751
0.103
1.347
0.143
0.448
0.894
5.568
0.031
0.044
0.378
9.106
0.051
0.341
2.789
1.557
0.446
0.05
0.038
1.909
1.365
0.27
0.084
0.284
1.844
3.655
0.257
0.204
4.67
0.033
2.365
0.297
0.714
0.175
0.076
0.171
3.97
0.046
0.321
0.308
3.31
2.816
0.492
4.89
0.091
0.345
0.042
0.29
0.114
2.498
3.231
2.643
0.028
0.406
0.128
0.266
2.378
0.067
0.079
2.466
4.134
0.237
0.179
0.122
0.019
0.386
0.197
0.53
0.219
6.211
7.731
0.178
0.051
0.471
0.192
2.221
9.714
0.028
0.092
0.759
0.065
0.047
0.242
3.061
0.104
2.086
1.61
0.04
0.307
2.403
0.876
0.226
5.586
0.142
0.182
5.981
0.087
0.439
0.232
0.426
0.13
0.019
9.945
2.302
0.454
2.203
4.113
0.094
0.683
0.456
4.373
0.111
0.413
0.39
0.045
0.517
0.045
6.913
0.599
0.134
0.076
6.448
1.854
0.036
0.356
1.448
0.179
0.408
0.834
0.586
0.133
2.029
0.242
0.057
0.127
0.258
0.127
2.278
7.446
0.055
0.099
0.963
0.084
0.111
0.101
3.213
0.754
0.048
4.644
0.509
0.969
1.982
0.517
1.818
0.082
0.09
0.079
0.278
1.119
0.044
1.788
10.838
0.117
0.059
1.352
11.99
3.804
0.167
0.256
4.425
0.384
0.019
7.788
0.725
0.134
1.589
0.058
0.037
0.167
0.872
0.313
0.848
4.763
1.812
0.127
10.214
0.176
0.399
4.065
0.211
0.051
2.276
4.579
0.133
2.824
0.263
0.196
2.411
2.893
0.145
0.092
0.401
0.076
0.228
0.029
0.143
3.86
1.662
0.52
0.089
5.853
3.057
0.06
0.069
0.029
1.059
0.04
0.098
0.026
0.543
0.597
0.186
0.07
10.962
0.322
0.611
0.072
2.293
2.247
0.03
0.182
0.171
0.362
2.577
0.674
4.354
1.077
0.301
5.014
0.078
7.758
0.274
6.432
0.044
0.13
0.476
1.121
2.717
1.831
0.595
0.37
0.276
2.046
1.617
3.243
0.176
0.038
4.29
0.143
4.619
0.299
0.242
0.462
0.183
2.603
1.329
2.037
0.03
0.301
0.034
0.196
0.126
0.353
0.658
0.062
0.136
0.092
4.54
0.1
0.517
2.127
0.088
1.044
0.252
0.36
0.029
2.785
2.427
0.331
0.042
1.639
0.857
0.545
4.51
0.054
0.081
0.213
0.176
1.78
0.952
0.138
0.024
7.582
2.444
0.088
0.931
3.733
0.084
0.315
2.518
0.022
4.861
0.305
0.22
0.304
2.929
8.087
0.09
0.217
0.083
17.266
0.264
0.378
0.62
0.244
0.044
0.017
0.306
0.033
0.063
0.476
3.69
0.136
0.381
0.037
0.202
4.415
4.873
0.621
0.06
0.379
0.085
0.041
0.022
0.273
0.129
1.739
0.061
3.535
0.858
0.14
0.047
0.047
5.155
0.12
0.116
0.455
5.018
3.424
2.581
0.899
2.622
0.945
2.621
0.53
0.427
0.139
3.065
0.483
0.881
0.062
6.29
0.185
0.538
0.54
0.055
0.047
0.026
0.745
0.266
0.198
10.773
3.821
0.172
0.176
0.022
0.024
0.076
0.02
0.1
0.046
0.239
5.435
0.152
1.568
1.893
0.303
2.467
0.34
2.043
3.222
6.86
0.144
0.047
0.372
2.104
0.338
0.074
0.365
2.942
0.04
0.059
0.553
1.997
2.324
0.073
0.127
2.42
0.035
0.102
0.46
3.163
0.093
0.063
0.112
4.171
0.153
0.166
0.03
0.027
0.085
2.352
0.246
0.146
2.535
1.845
0.066
1.657
0.106
0.115
4.239
0.272
0.326
0.066
2.175
0.805
0.25
10.428
0.417
0.212
2.744
0.145
0.82
0.228
0.109
0.035
0.225
0.39
0.092
0.045
0.099
0.107
0.091
0.063
0.176
2.851
0.036
1.781
2.363
2.123
2.908
0.231
0.093
2.639
4.867
0.145
0.108
0.025
0.723
0.152
0.048
0.144
0.057
0.066
0.299
0.093
0.109
4.927
2.064
0.111
1.946
4.608
0.38
2.785
0.02
0.281
2.872
0.237
3.125
0.204
0.399
1.952
3.817
0.046
1.52
0.146
1.853
4.143
2.472
4.984
0.535
0.523
0.03
0.057
0.119
0.133
0.761
2.386
0.173
5.282
9.518
2.913
0.296
0.176
2.798
0.143
0.201
8.285
0.223
0.312
0.073
0.192
0.171
0.211
0.033
0.068
0.161
0.154
0.031
1.808
0.039
0.035
1.865
3.866
1.802
0.147
0.429
0.058
0.522
2.085
3.423
0.09
0.073
0.481
4.133
0.055
0.366
0.299
3.663
6.821
0.113
0.115
0.045
0.59
0.412
2.591
0.105
0.142
0.085
0.117
0.082
1.3
2.516
0.677
0.151
3.148
0.02
8.472
0.128
0.465
0.054
0.505
0.013
0.052
1.572
3.201
0.271
0.245
4.138
0.034
0.072
0.119
0.385
2.755
0.16
3.38
0.111
4.234
0.349
0.025
0.169
0.096
0.102
0.178
4.097
7.071
1.448
0.096
0.512
1.057
0.16
0.394
0.204
1.162
0.359
3.527
7.424
3.015
0.261
0.401
0.21
0.125
0.11
1.976
0.195
0.042
2.639
0.717
2.402
0.832
0.306
0.589
0.169
4.414
0.114
0.821
0.127
0.025
0.265
0.219
1.277
0.558
2.202
0.044
0.281
0.308
0.095
2.882
0.032
0.344
0.687
0.072
0.064
2.366
1.032
0.088
2.25
3.897
3.393
0.225
0.786
4.872
6.883
1.068
0.272
0.016
3.444
6.224
0.037
0.837
0.631
0.038
0.023
0.061
0.105
5.93
0.198
0.187
2.952
0.568
0.042
1.217
0.371
1.685
0.058
0.109
4.759
0.06
1.093
0.097
0.093
0.102
0.399
1.402
0.045
0.467
0.547
1.185
0.518
0.765
0.155
0.127
0.043
0.531
1.516
0.05
8.8
0.176
3.768
0.637
0.067
0.183
0.078
1.025
0.392
1.078
0.818
3.137
0.087
0.354
0.116
1.153
0.494
0.036
0.322
0.172
0.26
3.144
2.421
0.415
0.641
6.974
0.031
0.143
0.066
6.123
0.06
0.197
6.719
0.09
0.07
1.775
0.051
10.512
2.852
4.041
3.468
0.152
2.773
0.878
5.698
5.486
2.181
2.554
4.095
0.04
0.478
0.209
0.042
3.585
0.279
0.394
0.078
0.119
0.472
0.083
0.438
8.842
0.316
1.954
0.088
0.089
0.085
0.111
0.146
0.066
0.111
0.076
0.979
0.033
0.032
0.227
0.246
0.057
0.484
0.022
0.224
5.821
0.198
4.277
0.134
3.081
0.183
0.106
0.043
1.088
2.972
0.051
0.026
0.145
2.238
0.217
1.281
0.559
0.056
0.034
5.861
3.4
0.38
0.519
0.604
5.017
0.148
0.371
0.712
1.753
0.045
0.068
0.019
0.25
2.29
0.259
0.064
1.295
0.105
0.051
0.214
3.082
5.723
0.834
0.84
0.307
0.205
3.006
0.196
0.15
0.092
4.049
1.282
0.328
0.229
0.09
0.032
0.28
0.212
2.528
0.744
0.544
1.881
0.175
0.705
0.078
0.126
0.214
0.688
0.249
3.566
3.931
0.031
3.318
0.168
0.091
0.147
0.265
0.037
14.538
0.042
2.049
0.858
0.227
0.036
0.11
6.797
0.448
0.381
0.046
0.847
0.288
0.381
0.351
0.401
0.06
0.188
1.24
0.122
1.655
1.665
0.09
0.078
8.528
0.04
0.365
4.394
3.008
0.173
2.743
0.201
0.226
4.809
2.726
1.419
0.241
0.675
0.161
4.168
0.483
5.197
0.296
1.873
4.259
5.94
0.199
0.055
0.072
2.598
1.741
0.108
0.341
0.086
2.05
0.316
0.113
2.516
0.418
3.927
2.012
0.085
0.351
1.588
6.157
0.117
1.209
0.242
6.234
0.298
1.234
0.156
0.061
0.771
0.232
0.097
5.984
2.862
0.403
0.051
1.537
0.103
0.091
5.68
0.087
2.176
1.289
6.101
3.186
4.472
0.045
4.773
0.208
0.149
0.317
2.537
2.14
0.04
1.443
0.614
2.227
2.615
0.151
0.296
4.183
0.268
0.052
0.37
0.61
2.798
3.065
0.082
0.114
0.258
0.076
0.021
0.218
2.739
2.224
0.256
0.283
3.918
2.556
6.202
3.674
0.183
0.195
0.234
0.067
0.078
2.802
0.018
0.179
0.076
0.038
0.18
0.125
3.155
0.298
0.156
3.235
1.499
0.035
0.108
0.422
0.022
3.764
2.848
5.441
0.074
0.015
0.039
2.736
0.031
6.003
3.792
0.214
3.4
0.226
0.073
0.191
0.105
0.444
4.423
0.627
0.201
0.119
0.187
0.114
0.248
0.226
0.747
0.031
0.074
0.59
0.076
0.066
1.543
0.479
3.681
1.649
0.145
0.29
0.04
4.096
0.572
0.033
0.627
5.448
0.055
0.11
0.224
0.027
0.492
0.115
0.036
0.186
0.085
3.417
0.299
0.187
0.419
0.191
0.068
0.076
0.408
3.506
0.032
0.834
0.092
2.079
0.215
0.033
1.761
0.107
6.513
0.888
0.085
0.364
0.029
0.203
0.059
2.364
0.558
6.973
0.045
0.251
1.421
0.082
1.892
0.309
0.055
2.058
0.06
0.302
0.056
2.196
0.074
0.785
0.104
0.155
0.335
0.039
0.043
4.828
0.037
0.076
0.349
0.067
0.096
0.205
0.054
0.1
0.111
6.41
0.573
0.258
0.045
3.028
2.431
0.181
0.205
1.722
1.751
0.3
1.48
0.058
0.026
2.752
0.125
5.155
2.644
0.305
0.495
0.304
2.3
0.169
0.039
2.524
0.256
0.049
0.057
0.095
0.535
2.361
0.054
0.105
0.051
12.586
0.165
3.894
0.07
0.032
0.051
0.092
0.114
0.114
0.24
0.043
0.089
0.061
0.317
0.045
0.017
1.541
0.407
0.094
0.194
0.047
0.135
3.177
0.337
0.141
0.56
0.106
0.085
0.044
0.149
0.096
0.059
0.039
9.447
0.213
3.591
0.33
0.057
0.198
0.32
0.778
0.173
0.102
0.293
0.549
5.512
0.158
0.319
0.529
0.247
2.941
0.303
0.108
0.147
1.247
0.092
0.104
0.118
0.046
0.16
0.025
2.824
0.11
0.048
0.357
0.238
0.028
0.032
0.095
0.24
0.178
0.185
0.104
2.064
0.347
0.244
3.354
0.093
0.023
0.282
0.179
0.096
2.367
0.112
4.207
0.769
0.163
0.034
0.06
4.04
0.132
0.024
0.66
0.018
0.224
2.846
0.04
1.067
3.412
0.02
0.095
0.114
3.156
0.046
2.334
0.763
4.945
0.03
0.03
0.038
0.274
2.624
0.094
0.427
0.118
2.452
0.577
0.029
0.288
3.342
4.234
0.472
0.271
1.203
2.242
2.305
11.768
4.746
1.776
0.31
10.423
0.593
0.294
2.529
1.167
0.022
4.887
0.036
0.028
0.546
0.078
0.057
3.122
0.124
2.588
0.051
0.033
0.093
0.164
0.207
4.703
5.077
0.038
0.133
0.086
0.17
1.783
0.135
0.025
0.115
1.898
0.819
0.601
0.07
0.294
0.049
0.134
3.279
1.146
3.242
0.058
0.127
0.567
0.869
5.147
0.075
0.231
0.08
0.091
0.158
2.752
0.138
0.679
1.535
0.044
0.07
0.04
0.224
5.31
0.049
0.525
0.051
0.185
2.023
11.213
0.233
0.255
0.055
0.586
3.857
0.167
1.52
0.136
0.012
0.048
0.245
0.355
0.156
0.016
0.338
0.101
3.439
0.28
0.197
0.093
2.742
1.318
1.975
1.061
0.04
0.181
0.044
0.535
0.75
0.474
0.197
13.169
0.252
0.054
0.427
0.04
0.059
0.16
0.474
0.358
3.65
0.108
0.031
3.618
0.094
0.193
0.482
0.139
1.038
0.222
0.3
0.213
0.122
0.044
0.113
0.04
6.9
0.238
0.252
0.208
0.096
0.063
1.477
0.207
0.072
0.315
2.823
1.782
3.14
0.653
0.059
1.387
2.572
0.078
1.357
0.177
2.467
4.744
0.068
2.637
0.116
0.509
0.046
0.159
0.095
0.07
0.116
0.022
4.329
11.518
0.148
0.138
0.356
0.05
2.09
0.251
0.355
0.07
0.459
0.225
0.067
0.018
0.057
2.572
2.989
0.018
0.284
0.056
0.081
0.168
0.039
0.085
8.964
0.096
0.154
0.061
2.923
0.04
5.195
0.081
0.12
2.757
0.02
0.401
0.128
0.175
3.129
0.469
4.514
2.913
2.428
0.46
0.201
0.075
6.646
0.05
3.846
0.329
0.071
0.286
1.612
0.101
4.864
6.666
0.474
0.052
0.158
0.526
0.108
0.136
2.046
0.102
0.085
0.071
0.337
0.207
0.578
0.595
3.043
0.052
0.595
0.489
0.053
0.086
0.736
0.234
0.848
0.449
0.028
2.524
0.172
0.901
0.183
0.384
0.019
0.414
0.122
2.261
0.042
2.701
0.063
0.431
0.056
0.876
2.796
2.978
0.052
0.244
2.393
0.262
0.415
0.237
6.703
2.181
0.208
0.868
0.07
0.052
0.449
0.596
0.244
0.067
2.152
0.191
0.176
0.316
2.086
0.177
5.517
0.098
1.865
0.168
0.179
2.19
0.065
0.049
1.024
3.368
0.115
0.345
0.119
3.468
0.088
0.115
8.323
1.704
0.09
0.383
0.245
0.14
1.198
3.042
6.247
0.039
0.306
0.112
0.128
0.056
0.319
0.466
1.059
5.001
4.239
8.553
0.146
0.411
0.393
0.087
0.137
7.356
6.356
0.365
0.018
2.02
0.254
0.054
0.073
5.634
0.253
0.284
0.053
1.061
0.233
0.237
0.083
0.148
0.567
2.196
0.053
0.133
0.095
5.064
0.301
2.684
0.035
0.488
0.025
0.313
0.088
2.628
4.892
0.543
0.062
0.023
1.988
0.453
0.295
2.177
0.291
0.356
0.157
0.078
6.143
0.12
0.143
0.072
0.116
2.927
5.082
0.251
0.733
0.128
0.317
3.429
0.035
0.128
8.616
2.105
0.07
3.11
0.445
0.693
0.421
0.052
9.193
0.271
0.029
1.47
1.174
4.068
0.425
0.911
1.603
3.773
0.316
2.738
0.298
0.301
0.55
0.067
5.452
0.36
0.189
0.122
0.098
0.021
0.131
0.262
0.524
5.113
0.185
0.157
3.933
0.19
2.564
0.092
0.066
0.118
0.199
1.318
0.122
0.13
0.416
0.28
6.72
0.357
3.504
1.353
0.447
0.032
0.281
0.516
0.498
2.727
0.164
0.061
0.146
0.118
0.107
4.053
0.066
0.325
0.313
2.276
4.192
0.092
4.482
0.093
3.587
0.388
0.133
0.27
0.091
0.09
0.106
0.084
0.025
0.048
0.54
0.074
2.539
3.204
0.499
0.226
0.078
4.61
0.067
3.741
0.081
1.373
7.955
0.672
0.055
0.08
1.119
0.081
0.298
0.339
0.335
0.439
0.683
0.1
0.936
0.335
1.787
1.569
0.272
0.299
2.305
7.048
0.059
0.616
0.678
4.164
0.097
0.09
8.073
0.027
0.036
0.302
0.026
3.466
0.053
0.238
0.208
3.161
0.043
0.049
0.14
6.133
3.004
4.061
0.178
0.203
0.029
1.073
0.029
0.19
0.048
2.219
0.482
0.073
3.026
3.262
0.23
0.229
0.119
0.189
0.339
0.624
0.045
3.176
0.42
3.724
4.695
0.051
2.761
0.568
3.616
1.038
0.696
8.73
3.061
0.09
0.278
0.052
6.521
2.883
0.267
2.135
5.761
0.042
5.467
0.232
0.169
3.747
0.759
1.805
0.054
0.243
0.09
0.668
0.328
0.104
0.421
0.212
0.098
0.58
0.118
1.836
0.833
0.059
1.68
2.1
3.767
2.59
0.222
0.417
0.96
0.036
0.283
0.102
3.515
2.944
0.418
0.307
0.158
0.114
0.366
5.63
0.082
1.943
2.419
0.046
0.179
0.046
0.86
0.15
0.409
0.342
0.054
0.314
0.228
2.93
3.751
0.036
0.043
0.622
0.752
0.064
0.066
0.058
1.284
3.601
0.208
0.201
0.378
3.437
0.769
0.031
0.146
0.143
0.149
0.231
2.317
0.81
2.975
0.077
0.046
6.102
0.048
0.239
0.057
4.732
0.047
0.04
0.183
0.442
0.757
0.088
0.126
3.174
0.28
0.034
0.035
0.108
0.05
0.165
11.448
3.321
0.15
0.073
0.029
0.074
6.259
0.594
13.655
0.189
0.057
0.659
0.142
0.182
0.563
5.268
2.917
0.375
5.983
0.606
5.716
0.135
0.212
0.57
0.194
0.087
0.096
3.729
3.659
5.185
8.278
0.167
6.095
0.117
0.028
1.399
1.82
0.17
0.18
0.251
0.412
0.117
0.986
0.517
0.12
1.001
4.006
0.81
0.131
0.25
0.017
0.15
0.12
4.501
0.107
0.125
0.212
0.135
0.165
0.041
0.024
3.617
0.168
0.063
2.404
0.278
0.204
0.194
0.05
0.048
0.443
2.446
0.043
3.127
0.051
0.064
11.126
0.199
0.672
2.153
0.026
0.131
0.071
0.178
0.875
0.033
4.336
0.064
7.177
3.019
4.077
0.072
1.261
0.031
0.041
4.449
1.422
0.072
0.098
0.048
0.142
0.114
2.669
0.758
0.696
4.967
0.509
0.052
0.053
0.055
5.903
0.087
0.174
0.054
3.543
0.359
0.048
0.493
0.068
3.326
0.022
0.239
4.768
4.179
1.371
2.518
0.145
0.326
0.336
0.68
0.769
4.459
0.068
0.051
0.118
0.071
0.408
0.052
0.075
1.101
1.993
0.364
0.07
0.293
0.79
0.562
0.257
0.071
0.101
0.076
0.059
0.11
0.037
0.089
2.013
2.877
1.419
0.485
0.447
0.217
0.11
5.801
5.558
0.291
0.122
0.283
0.82
0.066
0.562
0.04
0.02
0.099
0.042
2.363
2.613
0.088
9.293
0.383
0.075
0.072
0.08
3.948
0.216
0.355
0.289
0.185
0.055
9.347
0.066
2.348
0.23
0.093
0.874
0.612
0.125
0.304
0.26
5.38
0.036
0.034
0.061
0.217
0.116
0.46
6.754
0.129
1.951
0.078
3.371
0.158
0.104
0.097
0.062
0.06
4.74
0.077
0.168
0.075
14.044
7.5
0.063
2.85
5.484
0.22
2.492
0.442
2.012
0.029
0.652
0.127
0.177
0.191
0.024
4.626
0.079
0.148
0.648
0.308
0.023
0.161
0.781
1.459
1.079
0.045
0.102
0.387
4.155
0.244
0.23
0.258
0.182
0.142
1.802
0.097
0.277
1.375
2.857
0.374
6.009
0.702
0.163
0.298
1.923
0.856
4.124
0.175
0.467
0.282
0.034
0.069
0.07
0.352
0.026
0.044
0.236
3.535
0.219
0.109
0.069
0.094
0.588
9.323
0.246
3.768
1.135
0.092
0.148
0.252
0.031
0.455
0.927
0.049
2.852
0.121
11.462
0.043
0.197
2.705
0.103
0.632
3.433
0.603
0.406
2.737
0.086
0.042
0.621
0.204
0.052
0.222
8.748
2.466
6.735
0.095
0.081
3.724
0.828
0.246
1.116
0.047
0.452
0.034
3.457
1.423
0.993
0.495
0.019
8.305
5.057
0.093
0.194
1.161
0.139
0.451
0.036
0.144
2.327
0.231
1.879
0.029
0.091
0.435
0.266
0.092
0.851
2.342
0.748
0.318
0.087
0.075
0.039
5.047
0.054
0.065
0.161
3.877
4.528
0.235
0.122
1.325
0.217
0.23
0.031
0.829
0.182
0.524
0.054
6.406
0.14
2.954
0.172
0.387
0.345
0.16
0.091
1.695
2.41
0.02
5.87
0.188
0.382
3.004
0.042
1.83
0.316
1.318
1.897
0.036
9.098
1.396
0.423
0.057
2.639
0.163
1.884
0.573
3.056
0.203
0.103
0.226
0.64
6.747
0.698
2.381
0.246
0.275
4.181
0.475
0.122
0.919
0.034
0.323
0.164
0.228
0.103
0.039
0.61
0.138
0.145
0.033
0.232
0.36
0.052
2.454
0.378
0.141
0.444
1.465
0.094
3.897
1.91
2.673
0.101
0.354
9.735
4.816
2.108
0.073
0.739
0.191
0.124
1.856
3.353
1.396
3.198
0.245
2.068
0.099
6.337
0.048
3.335
2.556
0.411
3.049
3.001
0.072
0.035
0.098
0.656
2.296
3.021
0.081
0.212
4.0
1.379
2.944
0.296
0.074
0.122
0.084
0.149
1.068
2.057
0.089
0.113
0.367
0.39
0.03
0.3
0.056
0.135
1.314
0.067
1.96
4.33
0.535
0.155
0.164
0.065
0.593
0.571
0.171
6.042
0.104
0.01
0.115
0.834
4.147
0.068
5.02
0.146
0.417
2.474
0.135
0.073
0.321
8.038
0.062
0.047
1.229
0.077
0.239
0.588
0.379
0.276
0.064
0.073
2.431
0.769
1.153
0.216
0.039
1.714
2.89
0.065
0.169
0.266
0.075
0.067
0.141
2.399
0.369
0.085
4.377
2.277
0.27
0.128
0.451
3.12
0.728
0.123
0.112
2.51
0.034
2.029
0.156
0.465
0.552
0.12
0.242
1.012
0.177
0.04
3.295
0.047
0.022
0.315
9.218
0.236
0.058
0.064
3.056
0.149
2.798
0.575
0.492
0.042
0.024
1.051
0.091
4.249
0.035
2.025
0.255
1.186
0.117
5.957
0.05
0.098
0.324
3.677
0.558
2.763
0.254
0.603
0.204
0.024
0.09
1.724
0.081
5.612
0.224
0.219
2.852
0.037
5.304
0.271
0.182
0.082
0.127
0.063
0.296
1.823
0.053
0.075
0.568
0.237
0.043
0.643
0.063
3.04
0.159
0.243
0.099
2.795
3.319
0.082
0.33
0.104
0.42
0.423
0.394
0.349
6.166
0.949
0.023
6.669
0.172
0.105
0.129
0.049
0.101
0.3
2.253
2.115
0.051
0.574
0.102
0.023
0.217
0.059
0.742
0.966
0.033
0.049
2.837
0.347
1.904
0.074
0.282
0.104
0.063
0.163
7.226
0.185
2.282
0.67
0.077
0.366
0.077
0.429
0.14
0.276
0.555
0.1
3.033
0.032
0.041
0.307
0.028
0.096
0.212
0.097
0.062
3.493
6.878
0.251
0.976
5.064
0.03
0.26
4.469
0.2
0.318
0.068
0.101
0.084
0.276
0.167
3.752
2.306
0.198
0.102
0.029
3.254
0.033
5.592
0.545
0.022
0.067
0.117
0.29
0.258
0.407
0.097
0.136
0.163
0.043
0.148
1.605
0.06
0.086
0.701
3.694
2.534
5.497
0.193
0.021
0.034
0.303
2.004
0.038
6.623
0.849
0.985
1.861
0.426
0.061
0.025
0.044
2.728
1.151
0.096
0.951
0.088
0.544
1.652
2.181
0.179
0.085
0.296
0.104
0.368
0.194
0.07
0.127
0.121
0.417
0.102
0.124
0.104
4.777
5.556
2.246
3.086
0.213
0.51
1.595
1.935
0.436
0.096
1.85
0.035
0.901
0.109
5.747
0.468
0.086
0.359
0.078
0.345
1.134
17.09
0.041
0.522
3.888
0.255
0.013
0.124
0.462
0.047
2.092
0.104
0.998
4.834
0.388
0.071
0.14
4.341
0.16
0.302
0.131
0.321
0.22
1.065
2.748
5.628
2.532
4.584
2.547
0.697
0.18
0.138
0.092
0.579
0.18
0.051
0.367
0.095
1.562
0.169
1.299
0.106
0.131
0.071
7.53
0.139
2.865
0.091
0.339
0.076
0.648
0.86
9.472
2.686
2.575
0.239
2.269
3.756
1.894
0.095
0.163
0.038
0.65
1.61
0.072
0.569
0.18
0.557
13.132
0.087
3.045
8.896
1.16
3.557
0.085
0.044
2.162
0.804
0.088
1.581
0.059
3.424
0.121
2.063
0.301
0.079
0.105
2.143
0.671
0.202
0.193
0.199
2.172
0.296
6.77
2.952
0.434
0.144
0.378
1.379
1.996
0.342
4.089
0.183
0.41
0.12
0.119
0.059
0.027
0.057
0.055
2.476
0.075
0.102
0.034
0.186
0.928
8.064
0.091
0.5
0.053
0.369
0.078
0.156
0.178
0.279
0.974
0.333
5.046
0.061
9.778
1.15
3.094
3.295
3.528
0.09
6.938
0.358
0.055
5.52
4.047
2.551
0.022
0.057
1.199
0.083
3.697
0.155
0.182
0.061
1.436
0.444
0.086
0.127
0.265
0.059
0.105
0.41
0.088
0.927
0.041
0.027
0.559
1.273
3.246
0.177
1.059
0.029
6.527
6.946
0.104
0.095
0.319
1.131
1.703
0.075
0.16
0.024
1.094
0.113
2.89
0.067
3.373
0.066
0.048
0.062
0.025
1.955
0.104
3.359
0.107
0.27
0.466
0.124
0.033
0.263
1.777
0.299
0.46
0.255
0.313
0.11
0.532
0.033
0.025
0.228
0.257
0.045
0.162
0.132
0.051
0.447
0.189
0.156
0.147
1.198
5.928
0.189
4.32
1.767
0.026
0.407
0.522
0.154
0.048
0.06
7.207
2.546
0.045
1.054
2.213
0.119
0.07
0.151
5.223
3.186
0.883
0.508
0.107
3.169
1.275
0.18
0.036
2.818
0.047
0.071
2.579
1.033
0.17
0.075
4.302
0.326
0.165
0.036
2.173
0.882
0.068
5.756
0.21
0.369
4.181
0.103
0.044
0.054
3.582
4.315
0.131
0.079
5.718
0.497
0.023
4.063
0.044
1.945
0.216
4.333
2.786
1.433
0.116
8.12
0.062
0.052
1.265
0.171
0.106
0.088
1.663
0.074
0.214
0.156
0.098
9.45
0.082
3.964
15.375
0.066
0.284
9.575
3.2
2.476
0.055
1.356
0.729
0.246
1.257
0.546
0.837
0.648
5.959
0.47
0.164
3.61
0.117
0.033
0.356
0.059
0.042
0.064
0.308
0.453
4.267
1.896
0.408
0.124
0.154
8.014
0.752
0.289
4.187
0.206
3.089
0.099
6.142
0.108
0.25
0.126
0.106
1.513
0.439
0.034
3.576
2.721
0.164
1.222
0.105
5.175
0.043
3.813
0.696
1.156
3.984
0.812
2.336
0.041
2.069
0.867
0.405
0.094
0.108
0.064
0.982
1.167
0.415
0.075
1.973
0.091
0.149
8.248
0.168
4.245
0.086
0.217
0.319
0.089
0.167
0.051
2.885
0.048
3.283
0.408
0.362
0.076
4.658
0.071
7.69
0.133
0.02
1.667
2.332
3.023
0.033
0.356
1.704
0.713
1.906
0.054
0.032
0.066
0.255
0.118
0.141
0.281
0.032
0.061
0.364
0.1
0.08
0.347
0.122
0.064
0.071
4.426
0.035
0.407
2.413
2.06
2.518
0.059
0.221
0.115
0.345
2.239
0.436
0.278
0.854
0.111
3.138
0.03
0.624
0.211
1.235
0.81
0.06
3.122
3.227
0.171
0.186
0.143
2.581
1.182
2.567
0.035
1.563
5.331
4.332
0.336
0.063
0.234
0.038
0.123
0.999
0.238
0.225
0.119
0.312
3.254
0.346
0.414
0.065
1.128
0.054
0.503
1.057
0.027
0.14
0.052
0.078
0.116
0.186
0.181
0.094
6.365
0.029
0.15
1.382
5.237
0.222
1.483
0.663
0.084
0.226
4.284
0.641
0.117
0.504
3.67
0.532
0.074
0.041
0.084
0.229
1.715
6.401
2.424
3.015
0.084
4.548
0.307
2.783
0.312
5.069
0.291
0.116
0.076
0.222
0.046
0.059
2.404
1.414
0.033
0.099
0.045
2.101
0.319
1.539
4.458
0.119
0.696
0.63
0.179
3.062
0.199
0.045
0.044
0.407
0.019
2.43
4.372
0.402
2.59
0.221
0.842
17.486
0.062
2.962
0.29
10.19
0.15
3.523
0.235
0.326
0.151
0.334
1.644
2.769
1.762
0.06
0.295
0.348
0.052
0.325
0.137
3.506
3.026
0.149
1.547
0.262
0.901
0.093
2.304
0.368
0.185
0.054
3.348
0.036
0.222
0.751
0.029
0.084
0.096
0.78
2.886
0.469
0.219
5.23
0.306
2.118
0.069
0.277
3.818
1.71
0.23
0.071
0.047
0.095
9.809
0.421
0.202
0.071
0.021
0.287
0.757
0.04
0.039
0.081
4.236
4.795
4.254
0.379
0.041
0.018
0.025
0.341
0.15
1.349
0.334
0.229
0.208
0.3
2.393
0.319
0.059
0.217
0.328
0.125
3.22
0.582
2.986
0.132
0.545
0.107
0.158
0.287
0.241
0.986
0.33
0.18
0.25
0.049
0.237
1.478
0.18
0.208
0.037
1.286
0.273
3.824
2.555
0.171
0.466
0.328
0.23
4.139
0.145
0.161
0.47
0.122
0.102
0.21
0.066
0.043
3.889
1.991
3.703
2.212
0.08
2.865
0.033
0.029
0.101
1.441
0.077
0.232
0.463
2.663
3.374
1.753
2.222
0.187
0.032
0.076
0.133
0.081
4.933
0.977
0.381
0.122
0.297
0.051
0.056
6.552
0.043
0.033
0.501
1.743
1.899
7.612
0.175
0.195
0.077
0.049
0.429
0.101
0.522
0.971
0.282
9.731
0.29
0.435
2.201
0.839
0.291
0.049
0.096
0.284
0.197
0.118
0.042
0.35
0.031
0.071
0.172
0.219
0.51
0.17
1.627
0.011
0.046
0.082
0.038
0.028
0.085
0.058
0.237
0.098
0.158
0.179
0.058
2.224
0.491
0.121
0.077
0.043
0.273
0.091
0.528
0.884
1.747
3.802
0.139
0.183
0.044
0.067
0.036
0.204
0.065
4.764
0.321
4.913
0.255
0.022
8.851
0.076
0.048
3.279
4.424
0.064
1.989
0.064
0.252
2.686
2.018
0.22
0.063
0.108
1.802
1.632
0.441
0.325
0.151
5.832
0.04
0.247
3.948
0.085
0.099
0.114
0.457
4.181
0.104
0.227
0.053
0.119
0.092
2.739
0.421
2.737
1.76
0.276
0.059
0.469
0.137
0.095
5.709
0.17
0.151
2.85
0.099
2.301
5.992
0.028
0.177
1.023
0.19
0.414
0.17
0.197
0.227
0.247
0.017
6.485
0.307
0.03
0.033
5.596
0.099
0.265
7.197
0.059
0.099
0.04
5.728
0.104
0.086
0.178
0.219
0.414
1.393
0.1
0.292
6.177
3.511
0.05
0.095
9.321
0.034
0.141
0.219
0.728
0.22
0.241
0.378
1.637
3.059
0.234
0.037
7.53
0.096
0.189
2.969
3.91
0.734
6.07
0.118
0.19
0.078
4.688
0.246
5.094
0.194
0.385
0.017
2.984
0.08
0.015
0.108
0.139
2.274
0.243
5.293
0.347
0.129
0.085
0.28
0.288
0.257
0.659
7.583
0.293
0.054
6.327
0.102
0.145
1.099
0.119
3.146
0.805
3.164
0.035
0.027
0.303
0.266
1.24
4.361
3.073
0.438
2.154
2.957
0.097
4.158
0.356
2.708
0.388
0.399
0.162
0.07
0.199
0.097
0.905
9.855
0.249
4.422
3.088
0.076
0.119
0.074
2.638
2.994
0.552
0.181
0.179
0.029
0.048
0.064
0.087
0.132
5.691
0.116
0.3
0.047
0.115
0.332
0.065
3.902
0.141
0.69
0.04
5.683
0.725
0.035
0.271
0.034
3.366
0.404
0.352
0.113
2.995
0.464
4.355
4.258
0.094
0.287
7.356
0.114
0.053
0.137
1.442
0.078
2.746
4.179
2.157
0.189
0.12
0.018
0.035
0.077
0.374
0.997
0.053
0.486
0.202
0.228
1.742
0.524
0.207
0.225
0.875
0.125
0.145
0.029
6.068
0.114
6.083
3.456
1.846
4.875
0.158
0.097
1.845
0.354
5.404
0.049
0.726
0.063
5.527
0.278
4.279
0.129
7.933
3.334
0.35
0.166
3.135
0.927
3.06
0.104
0.135
0.053
0.187
0.359
0.289
0.091
0.118
1.862
0.143
4.702
0.48
0.079
6.465
0.213
0.806
0.823
7.063
0.189
0.922
0.185
0.1
0.55
1.189
0.588
0.603
3.186
0.043
1.582
0.067
0.118
7.869
0.095
0.497
0.391
0.6
0.088
0.972
1.578
0.19
0.024
2.744
0.775
6.128
0.404
0.046
2.945
0.158
3.816
1.946
1.7
0.796
0.602
0.089
0.904
0.047
8.562
0.043
0.07
0.179
0.076
0.047
1.06
5.487
0.318
9.057
0.439
1.038
0.137
0.068
0.199
0.155
0.182
0.235
0.046
0.721
0.244
0.162
0.121
0.854
0.165
6.004
8.554
0.468
0.532
0.03
0.064
0.117
1.794
1.4
0.324
0.144
0.049
0.098
0.064
0.083
0.093
2.251
0.062
0.641
7.292
0.47
0.122
1.857
0.094
0.111
0.828
0.148
5.796
0.222
0.44
8.138
1.073
1.083
0.215
0.076
4.978
0.561
0.117
0.102
0.196
1.906
0.105
0.123
4.684
0.203
1.256
0.116
0.065
2.477
5.278
0.182
0.154
0.102
1.878
0.023
0.061
0.04
0.018
0.789
2.991
0.078
0.026
0.154
0.253
0.427
0.806
3.374
1.844
0.257
0.398
0.297
3.555
4.203
0.028
0.636
0.087
0.316
0.172
0.025
0.034
2.924
0.988
2.516
0.665
0.148
0.646
2.316
0.033
0.211
0.025
1.151
3.929
0.336
0.448
0.539
6.751
10.668
0.071
0.031
1.656
1.89
2.347
0.058
5.294
0.03
0.025
0.452
2.508
0.169
3.754
0.514
0.314
0.066
0.112
0.125
0.058
0.038
0.189
0.221
3.417
0.043
0.189
0.13
0.089
0.027
0.16
2.028
0.278
0.051
0.394
0.166
0.041
0.079
0.068
0.063
0.096
0.771
5.644
0.151
3.456
0.054
3.442
1.095
0.087
4.162
0.075
0.483
2.224
0.137
0.479
0.049
0.198
8.113
0.474
0.127
0.16
2.987
0.119
0.174
0.596
3.929
0.036
0.166
0.042
0.779
1.218
0.24
0.729
0.171
0.035
1.134
0.029
4.49
0.093
0.028
0.732
0.078
0.105
3.23
0.025
0.29
0.971
0.022
0.313
0.072
0.055
1.457
0.8
6.24
3.036
2.045
0.665
0.298
0.13
0.107
0.341
0.072
3.347
1.109
1.335
0.134
6.219
0.453
0.12
0.776
0.076
0.256
0.021
5.51
3.249
0.232
0.309
3.706
0.467
0.435
0.107
0.032
0.227
2.036
4.708
0.085
0.121
3.43
4.142
1.011
0.917
0.03
3.012
3.434
0.09
0.194
2.264
1.425
0.287
0.077
6.707
0.065
0.442
0.042
2.956
0.179
0.201
0.07
6.466
0.905
0.245
0.357
2.487
0.074
0.192
0.379
9.238
0.275
1.595
1.281
0.208
4.484
0.127
5.082
0.05
3.723
0.051
0.061
0.118
0.053
0.034
0.614
0.196
0.546
3.601
0.477
0.224
0.147
2.235
0.151
2.825
0.785
0.026
0.331
1.026
0.154
0.097
0.16
3.352
0.091
0.113
3.665
0.03
0.114
2.823
0.119
0.032
0.158
0.048
0.025
0.046
3.532
0.031
5.551
3.28
0.853
3.678
1.804
0.044
0.544
2.277
0.138
0.042
1.903
0.377
0.03
3.791
1.08
0.052
0.044
0.226
6.955
0.219
0.188
0.29
3.849
12.607
0.248
3.708
2.402
0.393
1.99
0.114
0.445
0.099
0.428
0.206
0.08
0.948
0.189
5.081
2.069
3.384
0.397
0.239
0.17
1.035
5.645
1.125
0.199
3.553
0.323
0.774
0.152
0.54
4.017
0.238
5.297
0.328
0.422
9.197
1.151
0.146
0.051
0.022
2.784
2.075
0.095
0.339
3.366
2.509
0.495
5.914
0.27
0.321
10.321
2.379
1.81
0.017
0.192
0.162
0.132
0.088
0.206
0.222
0.208
0.032
0.335
0.109
0.071
2.866
0.046
0.205
0.146
0.487
0.073
0.062
0.484
5.034
1.886
0.195
0.188
2.671
0.207
0.206
0.176
1.544
0.146
0.24
0.12
2.734
0.318
0.053
2.548
3.919
0.249
0.108
2.897
4.125
5.435
0.631
2.058
0.114
0.061
0.272
3.072
0.653
0.294
0.155
3.034
0.209
4.305
0.385
0.117
0.231
0.951
2.674
0.436
4.82
0.037
0.906
0.415
0.35
1.775
0.081
0.25
3.145
1.121
3.092
0.214
1.673
0.164
0.343
0.013
0.086
14.854
1.995
0.098
0.107
0.29
4.156
1.885
0.091
2.6
2.717
0.637
0.122
0.654
0.142
0.063
2.199
0.066
0.45
0.085
0.151
0.711
0.039
0.955
1.976
0.314
0.1
1.838
0.058
0.047
3.092
2.405
0.205
0.746
0.267
0.423
3.841
0.039
0.215
0.24
1.369
2.034
0.76
0.011
0.735
0.094
0.215
0.03
0.186
0.065
0.058
0.065
0.42
6.787
3.457
7.072
0.709
2.735
2.573
0.161
0.068
0.111
0.098
3.519
0.055
0.163
0.421
1.826
0.265
0.081
0.376
0.201
3.047
3.747
0.309
0.049
0.379
5.514
0.27
2.176
0.042
0.501
0.054
0.173
0.051
1.33
0.068
4.232
1.233
0.409
0.048
3.724
0.05
0.831
1.226
0.096
0.239
0.15
3.896
0.06
0.018
0.605
0.262
0.03
4.756
0.201
0.19
0.053
0.949
0.223
0.139
0.159
0.111
2.007
0.209
0.129
0.156
4.268
0.159
0.21
0.029
0.021
0.353
0.139
0.027
0.067
0.043
1.448
0.069
0.079
0.959
0.042
7.733
0.079
0.13
1.665
0.765
3.615
0.109
0.151
0.755
0.025
0.103
8.336
5.37
0.135
0.072
0.084
8.973
0.046
0.044
0.134
0.092
9.532
8.066
0.903
1.066
0.45
2.111
0.869
7.1
1.199
0.045
0.194
0.959
0.143
0.183
0.836
0.144
0.524
0.369
3.542
3.027
0.193
9.571
0.174
3.596
0.265
3.55
1.888
0.488
0.048
0.31
1.568
1.223
1.289
1.114
0.066
0.68
2.222
0.058
0.216
0.035
6.627
0.299
2.925
2.351
0.272
6.707
4.263
4.067
0.23
0.08
0.037
0.087
1.873
0.197
1.21
0.1
0.108
0.1
0.082
3.101
0.209
1.769
2.016
0.079
0.484
0.806
0.059
0.048
0.329
2.453
0.036
2.099
0.078
0.413
0.104
0.181
0.111
2.833
4.16
0.135
0.089
0.084
2.626
0.058
0.706
0.122
0.074
0.043
3.272
0.441
0.026
1.755
0.795
0.114
2.588
0.093
4.867
0.141
0.205
0.021
2.416
0.088
0.337
0.05
0.137
2.844
1.818
0.371
0.738
0.236
2.553
0.215
0.039
0.126
0.12
0.498
0.428
2.141
11.409
1.399
3.496
0.201
0.15
0.016
0.078
0.203
0.057
0.187
2.47
0.189
0.752
2.511
3.146
2.028
0.318
0.066
0.248
3.66
2.417
2.619
0.168
0.717
0.488
3.973
0.063
0.125
2.728
0.162
0.06
0.032
0.13
0.052
2.448
1.995
3.239
0.073
0.092
0.045
0.166
0.664
2.431
1.051
4.157
1.297
0.171
0.357
0.039
0.079
0.639
0.098
0.28
0.064
0.161
0.9
0.421
0.061
1.406
0.183
0.096
0.089
3.374
2.567
0.025
0.159
6.108
2.703
0.022
0.065
2.61
0.257
6.611
0.346
0.332
0.261
0.63
0.568
7.988
0.855
0.303
1.032
0.095
0.023
3.773
5.346
0.117
0.076
0.096
3.622
5.953
0.062
0.857
0.412
5.658
0.373
0.05
0.108
0.033
0.736
0.148
0.761
0.18
0.535
0.207
0.151
0.753
1.591
0.074
0.418
3.935
0.071
0.7
0.741
0.02
0.214
2.694
0.081
0.152
0.414
0.952
9.377
0.056
0.182
0.059
7.937
0.171
3.755
0.25
0.119
0.308
4.254
0.035
0.061
0.111
0.204
0.478
0.037
0.441
4.137
0.156
0.069
0.116
0.239
0.018
2.361
0.733
0.235
0.058
0.629
0.141
0.406
0.038
0.043
0.076
0.083
0.101
1.798
0.132
0.032
2.517
0.061
0.073
2.984
0.155
0.28
0.23
0.795
0.233
0.417
0.726
0.439
18.356
0.046
0.14
0.3
0.966
4.862
0.092
2.258
0.146
0.081
0.117
5.181
3.245
6.105
0.157
0.2
2.295
0.02
0.054
0.019
0.03
0.162
0.044
3.636
0.134
0.046
1.576
5.773
0.069
0.696
2.177
3.649
0.086
0.178
0.243
1.026
3.637
5.449
0.119
2.529
0.132
3.541
0.346
0.371
0.142
0.342
0.131
0.09
0.139
0.265
6.79
0.163
0.105
0.093
0.233
0.045
0.067
0.23
0.033
0.204
12.34
0.192
3.834
4.731
0.135
4.456
2.25
0.127
0.027
0.564
0.087
0.081
3.569
2.147
0.184
0.519
0.093
0.092
0.331
0.432
0.333
0.261
0.787
0.916
0.26
0.054
0.892
0.447
2.507
1.991
1.414
0.876
0.281
0.24
0.955
0.414
0.047
0.437
2.021
3.65
5.953
0.222
0.284
0.228
0.058
0.578
5.214
6.77
0.411
1.109
0.883
7.336
0.1
0.097
0.332
1.278
2.811
5.355
0.706
0.57
0.516
0.22
0.106
1.95
0.041
0.033
0.089
0.047
0.048
0.251
0.152
0.055
0.298
0.293
0.786
0.404
0.065
1.011
0.032
0.019
0.079
0.631
1.351
0.238
2.109
0.475
7.501
0.218
2.507
0.512
1.011
0.051
4.004
0.094
0.089
3.343
0.228
0.208
0.03
0.252
2.666
0.433
0.096
0.267
0.055
0.714
0.544
0.458
0.129
0.434
3.081
0.593
0.118
0.075
3.349
0.334
0.623
2.466
3.572
0.112
2.014
3.852
2.593
13.089
2.029
5.68
0.771
2.871
3.059
4.103
0.049
0.337
0.626
5.523
0.14
0.27
0.167
0.537
4.508
3.971
2.943
0.529
0.035
0.202
1.601
2.677
0.08
0.028
0.059
0.606
2.426
0.392
1.969
1.201
0.119
0.076
0.077
3.291
0.608
0.104
3.45
0.435
4.12
0.236
0.097
7.946
0.244
0.135
0.026
3.934
0.038
0.217
0.069
2.972
0.32
4.18
2.937
1.151
1.975
10.803
0.935
0.443
0.78
0.152
0.064
0.069
0.221
0.085
0.176
0.114
0.24
0.106
1.931
0.061
0.368
1.686
0.302
4.243
0.197
0.085
0.07
0.043
0.191
0.049
0.975
0.102
9.035
0.915
0.421
0.095
0.259
0.167
0.069
2.085
0.062
0.23
3.018
4.532
0.234
2.599
0.275
0.156
1.552
0.298
6.161
2.336
0.31
0.462
0.82
1.026
7.851
0.02
6.703
0.14
2.155
0.044
0.13
0.188
0.042
0.085
0.655
0.322
0.331
0.178
0.147
0.068
0.296
0.078
0.606
0.587
0.078
0.357
0.195
0.038
0.694
0.086
1.294
1.986
0.073
0.509
4.93
0.117
0.157
0.148
0.078
0.801
0.057
0.189
0.125
3.7
4.786
0.105
0.166
0.104
0.265
6.508
0.098
0.239
0.2
0.092
0.309
0.127
3.262
0.27
0.042
2.266
1.607
0.031
0.155
0.183
0.154
0.148
0.098
2.878
5.568
2.384
0.104
0.094
6.2
1.746
3.913
0.044
0.395
0.106
0.086
0.155
0.038
0.086
0.032
0.143
0.047
0.204
0.105
0.098
0.748
0.042
0.021
0.984
0.089
0.118
1.431
0.545
2.837
1.669
4.999
0.082
4.039
0.353
2.533
1.84
5.845
1.247
0.101
0.018
0.255
1.811
0.865
6.085
0.243
0.276
0.099
0.185
0.036
5.353
2.73
0.793
0.056
2.202
0.059
0.234
5.67
0.044
0.074
0.044
2.678
0.276
0.048
0.033
4.107
1.991
2.617
0.053
0.176
2.398
0.394
0.079
0.065
0.44
0.724
4.738
2.696
0.635
0.059
0.041
0.114
0.17
0.14
0.46
4.061
0.483
0.693
4.81
0.236
0.022
2.118
1.155
0.435
4.279
5.834
1.653
0.506
0.252
0.04
0.044
0.017
0.309
0.203
0.061
3.679
5.513
0.027
1.859
7.865
2.178
0.391
7.177
4.774
0.101
0.29
2.178
1.464
0.239
0.03
0.478
2.268
0.258
3.096
0.18
0.037
3.496
3.264
0.16
0.536
0.202
0.043
0.092
0.242
0.117
2.608
0.05
0.026
0.249
0.065
0.132
0.057
0.472
0.137
2.963
3.684
0.218
0.063
0.046
0.295
0.995
0.126
0.426
0.163
0.093
1.456
0.141
0.624
0.246
0.019
5.398
0.042
2.305
0.185
2.737
0.413
0.077
0.165
5.479
8.293
1.096
6.553
6.522
0.047
2.886
0.03
6.526
0.752
0.469
1.156
3.125
0.058
0.052
0.081
0.183
3.589
0.281
0.091
0.47
0.584
0.085
0.17
0.104
0.135
0.131
0.097
0.102
0.276
0.05
0.308
0.054
1.755
2.906
0.018
0.147
0.098
2.706
0.027
0.188
0.226
0.055
2.013
0.052
1.194
0.054
0.059
0.188
0.275
0.066
1.924
4.83
0.055
0.068
0.376
0.902
0.04
0.333
0.264
0.237
0.075
0.108
0.253
0.073
0.198
0.152
7.453
0.04
5.347
0.997
0.036
2.159
1.945
0.011
3.15
0.031
6.958
0.07
0.643
0.268
0.439
0.382
0.184
0.116
2.558
0.383
2.644
0.505
0.973
0.039
0.083
0.766
4.971
0.12
0.281
5.031
0.152
0.846
0.453
3.061
0.144
0.079
0.081
0.357
0.438
2.276
5.649
0.375
0.144
1.555
2.698
0.173
0.69
1.812
0.472
4.59
0.744
0.088
0.666
0.317
0.15
0.059
0.106
0.089
3.448
5.822
0.479
0.054
0.083
0.084
1.638
2.477
0.487
0.046
0.075
0.154
0.072
3.606
1.043
0.097
0.084
2.15
0.026
0.085
6.105
0.143
3.249
0.225
4.506
0.088
0.019
0.162
0.104
0.131
4.759
3.501
0.071
0.233
1.949
0.082
2.31
0.107
0.568
0.451
0.258
0.309
0.038
1.996
0.044
0.459
0.616
2.525
0.1
0.025
0.088
0.038
0.503
0.033
6.882
0.248
0.903
3.634
0.69
0.36
5.514
4.221
0.058
0.506
0.2
0.3
2.551
0.055
0.087
1.835
0.4
1.86
0.053
2.314
0.123
0.02
5.257
0.484
0.084
0.178
0.466
1.247
5.2
4.411
0.163
0.071
0.045
8.237
3.595
0.622
0.178
0.083
2.893
3.695
3.556
0.652
0.21
0.632
0.076
0.063
0.845
0.493
4.284
0.088
0.031
1.857
0.063
1.032
0.211
4.074
0.316
0.079
0.375
0.18
0.264
0.068
1.701
0.053
7.154
0.048
0.575
0.078
0.502
0.091
3.117
0.193
0.069
0.063
0.099
2.364
0.033
2.64
0.609
0.237
1.942
0.036
0.051
0.262
0.603
7.619
0.062
2.559
0.616
0.535
0.178
0.078
2.378
5.18
9.759
0.047
0.059
0.378
0.215
0.528
0.092
0.095
5.336
0.051
0.133
6.814
2.863
0.116
0.041
0.096
0.033
0.287
1.411
4.279
0.21
9.189
3.627
2.306
0.111
0.075
0.045
0.275
0.037
2.548
4.751
0.637
0.427
4.499
0.711
0.197
0.372
3.88
0.034
0.24
0.261
0.048
3.871
3.946
1.001
0.037
0.074
0.202
0.237
0.172
0.494
0.102
0.405
1.775
2.15
1.585
0.319
0.043
0.692
2.662
1.874
0.167
0.136
0.077
1.664
6.142
0.112
0.328
0.27
0.579
0.143
0.282
2.021
0.043
6.325
0.07
1.119
3.144
2.689
0.468
1.944
0.907
6.834
0.291
5.624
0.081
0.05
0.19
1.667
0.013
0.158
4.55
0.434
4.095
7.418
0.156
3.245
0.053
1.251
0.306
0.274
0.066
0.463
0.688
0.307
0.131
0.121
1.926
1.981
2.577
0.071
0.766
2.631
0.122
0.058
0.052
0.033
0.167
0.055
5.081
1.093
0.054
4.487
0.211
0.483
0.09
0.44
0.168
0.182
0.143
0.035
0.258
0.033
0.083
0.109
0.13
0.181
0.641
0.075
3.051
0.054
0.037
0.039
0.067
0.212
0.081
0.023
0.045
0.801
0.053
0.361
0.445
0.098
0.11
0.054
1.465
2.469
0.109
0.082
0.287
0.038
0.431
0.071
0.241
0.041
0.078
0.271
1.9
3.639
0.365
4.248
0.36
0.339
0.186
0.055
3.245
0.022
0.043
0.162
1.527
2.941
3.827
1.635
1.124
0.204
8.783
0.093
3.972
4.313
1.889
0.085
3.288
0.65
3.426
1.241
0.077
3.445
0.679
2.221
0.093
3.034
0.184
0.523
0.416
2.212
2.8
0.08
0.155
0.217
0.039
0.264
0.62
0.105
0.093
0.079
0.815
0.064
0.775
0.139
0.25
0.472
1.012
0.131
0.037
0.447
0.442
0.236
0.227
0.112
2.522
0.37
3.954
0.441
0.121
0.111
0.083
3.712
0.317
0.044
0.084
0.041
0.103
0.102
0.197
1.914
0.356
0.457
0.077
0.699
0.11
0.022
0.13
0.15
7.424
0.23
3.637
0.11
4.843
0.11
2.936
11.484
0.128
0.113
0.071
2.441
0.185
0.096
0.08
0.08
0.058
0.214
0.092
0.275
0.132
0.07
1.267
1.927
0.815
0.116
0.174
0.132
0.075
5.424
0.704
0.037
0.207
0.13
0.422
5.674
0.031
0.093
1.041
0.132
0.057
1.969
0.029
0.344
0.056
9.999
0.435
0.184
5.909
0.71
5.273
2.538
2.096
0.105
0.211
0.136
0.044
0.801
0.128
5.017
0.116
1.534
2.4
0.15
0.067
0.55
0.118
0.223
5.104
0.108
0.43
0.834
1.992
2.434
0.09
2.452
6.687
4.965
0.72
0.202
1.049
0.253
0.147
0.121
6.383
0.07
0.131
0.309
0.549
0.082
0.037
3.328
0.087
0.067
7.576
2.366
0.067
0.102
0.046
0.085
2.213
0.053
0.057
0.539
0.9
1.621
0.732
3.83
1.935
0.237
0.037
0.832
0.429
0.047
0.31
0.656
0.247
2.369
0.346
0.246
1.359
0.224
0.219
2.25
3.88
0.551
0.089
0.155
2.271
0.063
0.043
0.094
0.763
0.8
0.165
0.089
0.355
0.047
0.373
3.173
0.123
3.794
0.901
0.083
0.061
0.433
0.058
2.949
0.046
3.939
13.934
0.05
1.673
0.457
6.271
12.721
0.025
3.811
0.221
0.119
7.849
0.064
0.042
0.168
0.088
0.013
0.861
1.733
0.326
0.106
5.148
2.074
6.491
2.489
0.65
0.299
1.356
1.97
0.336
3.007
0.051
0.21
0.2
0.038
4.728
0.076
0.027
0.066
0.54
4.79
0.099
1.53
0.242
14.912
1.671
1.319
2.774
0.076
0.415
0.055
0.116
2.799
0.061
0.239
0.59
1.792
0.11
0.368
2.198
1.724
0.063
0.874
2.667
0.273
0.046
1.354
0.226
0.716
5.025
0.102
0.185
0.071
2.622
0.53
5.197
2.629
5.32
0.103
0.055
0.137
0.362
0.224
0.172
0.091
6.403
1.798
0.243
0.055
0.108
0.021
0.202
0.514
1.146
0.124
0.227
0.119
0.036
0.187
0.093
0.901
5.834
0.135
0.079
0.407
0.054
0.027
2.887
2.103
0.481
2.459
0.14
0.045
0.177
3.707
3.645
0.087
2.635
0.124
0.365
0.048
0.235
3.704
0.031
0.256
0.074
7.082
0.301
0.049
0.226
2.716
0.254
0.394
4.011
0.127
0.506
0.078
0.049
0.045
0.076
0.142
0.837
0.592
1.668
6.832
1.274
0.074
0.686
0.5
2.417
0.03
0.116
1.4
4.078
5.549
0.321
2.946
0.415
1.364
0.687
0.657
2.07
2.992
0.532
10.555
0.279
5.753
0.301
0.782
0.032
0.038
0.143
0.043
1.71
5.365
0.042
0.132
0.036
0.141
5.056
0.469
3.492
0.953
0.154
0.414
3.71
3.99
0.25
0.516
0.078
0.502
1.938
0.755
0.026
0.116
0.869
0.142
2.212
0.396
0.411
0.233
0.025
0.1
3.608
0.498
1.263
0.198
3.173
0.119
0.032
0.19
1.284
0.247
0.119
0.088
0.621
3.767
0.055
2.602
0.675
2.896
0.115
3.997
0.528
0.271
0.824
0.136
4.404
0.304
0.056
0.451
0.069
0.508
0.058
0.084
0.213
0.071
1.486
0.31
0.282
0.064
0.18
0.055
0.305
0.164
2.447
0.138
2.991
0.096
0.056
0.983
1.452
0.017
0.096
4.357
2.765
0.73
0.978
0.876
8.114
0.235
3.784
0.437
0.038
0.03
0.033
0.111
1.091
2.594
0.805
0.17
0.584
0.195
3.684
0.827
0.034
0.164
0.238
0.045
3.923
0.244
0.129
4.187
0.304
0.087
2.784
2.21
4.017
0.229
0.121
0.693
5.162
3.91
0.035
2.989
3.087
1.952
5.628
1.143
10.112
2.224
0.037
2.676
0.139
0.3
1.119
5.136
0.11
0.566
0.85
3.921
0.647
5.118
0.969
0.153
0.793
4.502
0.037
0.492
1.633
0.077
0.59
0.47
0.105
0.096
0.04
0.099
0.299
0.144
1.139
0.03
0.266
0.643
0.042
2.215
0.135
0.084
0.032
0.024
6.164
0.162
0.088
0.06
0.52
0.064
0.117
0.017
0.023
0.069
0.195
2.947
0.141
0.03
4.887
0.161
0.333
0.264
0.137
0.238
0.41
1.133
0.185
0.134
3.74
0.063
0.118
0.032
0.321
0.177
0.088
0.06
0.013
0.856
3.257
0.099
0.886
0.195
0.298
0.307
0.417
0.749
2.533
0.534
0.591
0.063
0.043
0.029
0.055
0.164
0.209
0.162
1.483
0.485
0.378
0.254
0.477
0.662
0.612
0.985
0.232
3.152
2.486
0.091
0.07
3.455
0.925
6.318
2.261
0.884
0.032
0.172
0.07
0.554
0.382
2.445
0.159
3.432
0.11
0.274
0.018
0.698
0.065
1.839
0.12
0.086
0.086
2.871
0.375
0.508
2.552
5.838
0.091
0.11
0.323
0.046
0.034
0.168
3.59
0.365
2.024
2.154
0.042
0.099
2.973
0.229
2.868
4.057
0.067
0.017
0.254
0.275
6.483
0.186
0.293
10.62
0.32
0.084
3.529
0.452
1.016
0.479
1.285
0.238
0.128
2.142
0.041
6.831
0.555
1.341
0.291
0.178
0.135
0.277
2.266
2.507
0.163
0.167
0.232
0.042
0.711
0.073
0.106
0.047
0.279
0.881
0.303
0.376
0.149
0.226
0.059
0.435
0.472
0.035
0.268
2.525
2.581
0.405
4.68
0.413
0.062
0.217
0.441
6.51
0.201
0.234
4.346
0.023
0.26
0.075
0.073
0.058
0.08
2.864
0.604
0.062
7.938
5.122
0.073
1.081
1.948
0.028
0.559
0.131
0.861
0.385
0.275
0.066
0.503
0.194
0.117
0.05
0.14
4.404
5.311
3.266
0.241
1.017
0.172
0.082
5.835
6.717
0.049
6.446
0.694
0.052
1.655
0.38
4.431
0.683
0.215
0.073
0.877
0.093
0.166
12.298
1.48
1.703
1.436
0.407
0.129
0.789
0.12
0.205
0.062
0.082
0.084
0.443
4.621
0.135
0.064
0.532
0.034
0.192
2.169
0.099
0.102
0.574
1.229
0.477
0.506
0.109
0.084
0.132
2.651
0.121
0.312
0.19
0.548
5.034
0.621
3.366
2.73
0.244
4.428
1.752
0.317
3.791
0.423
2.083
0.886
3.073
0.253
0.067
5.32
1.151
0.099
0.745
0.03
3.188
6.813
6.876
0.08
0.079
0.523
0.039
0.043
0.453
2.732
0.098
0.091
0.796
0.594
0.093
0.573
0.016
0.318
0.146
0.226
0.538
0.29
0.039
1.338
0.068
0.102
0.076
0.385
0.108
0.217
4.226
0.126
1.505
3.658
1.266
0.75
0.077
0.371
0.027
7.724
5.861
0.507
4.456
0.183
0.077
1.411
0.524
0.232
0.464
3.242
0.133
0.113
0.037
0.312
0.243
1.424
0.078
0.072
0.346
0.126
0.227
1.044
0.099
1.115
0.104
0.086
1.842
0.612
4.697
0.062
0.065
2.307
0.1
0.074
6.202
0.127
3.26
0.138
1.713
0.08
0.257
0.052
0.813
0.068
0.182
0.023
0.383
3.332
0.048
0.052
0.051
0.032
0.213
0.181
0.32
9.144
2.158
1.14
0.299
0.243
4.049
2.865
0.045
0.045
3.402
0.037
0.324
0.363
0.237
0.065
0.154
0.294
0.255
3.264
0.128
0.055
0.271
2.45
0.078
1.596
0.25
1.09
1.235
0.093
0.086
0.624
0.063
1.593
0.172
0.139
0.706
0.385
0.037
1.299
0.34
3.854
0.47
6.005
0.133
0.571
10.566
0.079
1.592
0.135
0.016
0.513
0.252
0.153
0.49
0.093
0.224
5.4
0.332
2.691
0.039
0.383
0.467
0.081
0.068
0.831
3.886
0.346
0.048
0.079
0.108
5.622
4.52
0.412
0.567
0.078
2.156
0.332
0.057
0.559
0.08
0.194
0.129
0.23
2.273
0.353
0.235
4.135
0.749
0.19
0.087
2.768
3.653
0.038
0.127
0.05
6.282
0.642
0.092
0.61
9.515
0.269
0.422
0.554
0.173
4.522
2.42
0.195
1.978
0.318
0.231
0.212
0.788
3.306
3.881
2.586
0.054
0.051
0.392
1.088
0.04
5.902
0.112
2.097
0.832
0.397
0.15
0.031
10.86
4.07
1.409
7.878
0.112
0.18
1.012
0.291
0.139
0.376
0.026
0.054
4.191
0.029
0.082
1.986
0.264
0.331
1.31
0.28
0.076
2.625
0.397
0.192
3.403
0.267
0.866
0.051
0.016
0.181
0.335
2.644
0.086
0.071
5.567
3.203
3.166
0.082
2.824
0.802
2.04
0.486
7.744
0.048
4.596
2.014
0.161
0.312
10.9
0.721
1.627
4.001
4.557
0.16
0.612
0.075
2.651
0.013
0.26
5.282
0.312
0.043
0.099
0.483
2.654
3.336
0.95
0.168
0.503
0.789
0.389
0.046
0.156
0.558
0.399
0.057
0.088
0.342
1.408
9.441
0.035
3.38
3.552
1.511
0.197
0.463
5.088
4.48
0.139
0.047
6.412
0.053
0.023
4.185
3.695
2.559
0.027
0.247
4.976
8.175
0.443
3.261
0.181
0.09
0.238
2.809
0.216
10.591
1.03
0.79
0.075
1.564
2.075
4.055
0.235
0.097
0.176
0.015
1.686
0.424
0.283
2.889
0.078
0.307
0.24
3.573
0.14
0.115
0.195
0.072
0.875
0.428
0.031
6.27
4.608
0.038
0.057
0.13
0.274
3.914
0.051
1.196
0.024
0.465
0.061
3.741
6.698
0.063
0.439
0.16
0.271
0.802
0.104
2.604
0.386
3.21
0.13
0.187
0.135
0.409
0.135
5.011
0.047
0.067
0.138
0.118
0.738
0.34
2.346
0.27
0.08
3.386
7.206
0.123
1.155
0.045
0.094
1.649
2.606
0.211
0.234
0.253
0.204
0.127
0.207
0.204
0.149
0.174
0.114
3.179
0.382
0.028
2.396
0.161
0.41
1.6
0.122
3.935
1.874
0.224
0.083
0.207
0.464
5.201
0.559
0.329
0.083
0.24
2.823
9.214
0.325
0.057
0.189
0.132
0.945
0.038
1.994
7.03
0.088
3.259
4.204
0.184
3.391
0.101
0.909
0.028
0.114
0.041
0.961
0.24
1.93
2.213
2.669
0.467
0.051
0.038
0.352
0.139
13.349
1.943
0.202
0.314
0.092
0.08
4.505
4.904
2.495
0.138
0.347
4.808
0.108
0.119
0.22
3.88
0.075
0.469
2.923
0.12
4.392
0.047
0.194
0.252
7.856
0.499
3.182
1.625
3.847
3.019
0.077
1.759
0.423
0.258
8.167
0.134
0.507
1.502
5.385
0.071
0.078
0.116
2.423
0.282
0.31
1.569
1.736
8.167
0.691
0.078
2.223
0.063
0.763
0.02
0.221
0.144
0.253
0.052
0.126
0.024
0.181
5.355
7.467
0.107
0.032
11.873
0.034
0.62
2.537
4.048
0.013
0.103
0.164
0.277
11.789
0.081
0.069
0.059
0.084
0.377
0.051
6.746
0.294
0.15
2.726
0.122
2.4
2.62
0.169
3.407
0.114
0.383
0.066
4.19
8.082
1.518
0.043
0.077
3.047
0.019
1.279
3.435
2.357
0.241
0.165
0.052
0.304
0.024
0.263
2.535
1.588
3.701
0.14
0.03
5.72
0.087
1.43
0.771
9.336
4.321
0.065
0.028
0.096
3.681
3.169
0.113
0.187
1.846
0.116
13.031
0.031
5.142
0.066
3.678
0.104
1.032
0.243
0.69
1.561
0.027
0.346
0.02
0.129
0.275
0.241
0.098
2.629
0.034
0.215
5.099
0.072
0.051
0.135
0.181
0.088
0.092
0.134
0.08
1.415
0.191
0.44
5.512
0.148
0.184
0.489
0.479
0.079
0.019
8.956
0.058
2.21
3.757
2.297
0.266
0.034
0.041
0.091
2.972
0.045
0.221
0.201
2.594
0.408
0.201
0.275
10.407
4.061
2.799
0.704
1.052
0.214
0.024
0.212
0.586
0.039
0.05
2.093
0.175
0.094
0.391
6.397
2.453
1.386
4.877
0.062
0.071
0.106
0.752
0.033
0.469
0.108
0.165
0.039
0.126
1.329
0.172
0.296
0.085
0.106
0.498
0.092
0.125
0.818
0.098
0.836
3.603
4.18
0.047
0.114
0.092
0.155
0.034
0.131
0.058
0.046
1.144
0.036
0.083
0.248
0.091
0.021
0.115
1.009
0.206
0.087
0.081
6.831
0.057
0.135
0.053
0.259
2.294
0.608
0.037
2.812
2.957
0.087
0.372
0.047
0.066
0.071
0.095
0.204
0.168
0.3
0.044
0.086
0.224
0.033
3.446
6.768
0.046
0.255
0.248
0.252
0.321
2.993
0.514
0.051
0.076
13.353
4.381
1.332
0.086
0.19
3.676
0.125
2.367
0.13
0.073
8.027
4.782
0.089
0.128
0.07
3.752
0.066
0.161
0.11
5.828
0.528
0.136
4.373
0.126
1.18
0.063
0.027
0.04
0.087
1.071
0.56
0.937
1.983
0.154
0.074
0.133
2.602
0.649
0.056
0.051
9.887
0.085
0.016
4.648
2.795
0.594
3.908
0.173
0.067
0.026
0.304
0.071
0.067
6.0
3.265
3.155
0.096
0.086
1.446
0.07
2.212
0.527
1.012
0.931
3.41
3.5
0.154
0.115
2.518
0.088
0.036
0.031
4.725
0.048
0.054
2.137
6.292
0.076
0.129
0.46
0.07
5.131
0.781
2.383
0.177
0.119
0.373
0.106
0.571
1.768
0.332
0.15
6.544
0.03
0.137
1.996
0.273
0.034
2.8
0.089
0.083
0.428
0.224
0.231
0.11
0.125
4.011
0.869
0.072
3.067
0.127
1.968
1.796
0.708
2.062
0.708
0.048
0.081
0.046
2.061
0.071
0.12
2.753
0.406
7.328
0.615
0.034
0.175
0.146
0.103
0.5
0.385
9.259
2.592
1.603
2.432
0.342
1.173
0.131
0.362
0.284
0.273
0.203
0.364
0.152
0.486
0.191
3.689
0.078
0.036
0.155
0.243
2.902
0.072
0.133
0.038
0.088
0.08
4.04
2.51
0.057
0.039
0.182
0.089
4.14
0.222
2.583
0.299
3.881
2.543
0.224
1.097
0.056
2.971
0.961
0.27
0.132
0.282
0.125
0.065
0.02
5.349
0.052
2.678
0.212
0.045
0.067
0.04
5.677
5.067
0.08
0.17
0.365
0.042
4.82
0.325
0.118
0.045
0.265
0.657
0.159
0.114
0.086
0.211
0.073
1.396
3.001
1.97
0.161
3.774
0.137
0.198
0.283
5.515
3.317
1.307
0.054
0.076
0.067
3.442
0.183
0.102
0.091
0.461
4.832
4.319
0.058
4.647
0.101
0.193
0.043
3.862
0.073
0.124
4.816
0.279
0.029
0.211
0.078
2.111
7.726
0.138
2.974
0.514
2.542
0.19
0.103
0.295
2.07
5.344
0.047
3.384
0.123
0.125
0.066
0.126
3.289
0.036
0.059
0.558
0.048
0.976
0.094
5.853
3.493
0.031
0.313
0.831
0.279
0.05
0.256
0.145
0.029
0.272
0.031
1.782
0.944
0.086
2.174
0.319
0.163
3.494
0.148
0.089
0.17
0.32
0.331
0.165
0.232
7.516
6.523
0.143
0.144
0.368
0.044
3.907
2.813
0.098
0.498
0.101
1.702
0.723
4.694
0.281
0.031
0.164
0.232
0.218
0.481
0.228
0.107
0.027
3.523
2.804
3.262
2.116
0.351
6.687
0.457
0.491
3.855
0.199
0.265
0.299
1.714
0.131
4.217
2.42
0.046
0.092
1.908
1.429
3.435
2.751
0.137
6.81
2.743
0.025
0.109
0.299
0.04
0.27
0.236
2.052
1.034
0.435
2.183
0.092
3.725
0.025
1.499
0.273
3.628
0.038
1.909
0.213
0.126
0.032
0.063
0.021
5.996
1.103
0.705
0.045
0.088
6.774
0.238
0.077
0.323
6.798
0.028
3.102
0.042
0.025
0.106
0.579
2.495
2.807
0.146
0.097
4.329
0.288
0.036
0.473
0.059
0.53
0.102
0.011
2.082
0.099
0.339
0.179
0.069
0.047
2.032
0.271
1.182
0.2
0.186
2.351
0.031
0.666
0.131
0.274
0.103
2.425
0.896
4.308
2.024
2.476
0.561
8.247
0.027
2.659
2.487
3.227
0.027
0.067
0.037
2.059
3.447
0.14
0.667
0.367
0.082
0.13
0.057
0.126
9.374
0.235
5.128
0.353
3.187
0.239
0.085
0.133
0.253
0.065
0.138
1.042
0.558
0.028
3.523
0.29
2.845
0.021
0.126
7.203
0.154
2.343
0.167
2.28
0.266
3.625
0.124
0.525
7.338
0.425
0.182
0.217
0.145
0.037
0.144
0.07
0.492
0.242
5.318
0.22
0.431
0.126
0.175
1.45
0.115
4.129
0.066
0.042
0.564
11.185
0.339
0.215
3.743
0.281
0.307
0.225
0.345
0.049
0.065
5.643
2.799
0.126
0.159
1.106
0.13
0.268
0.174
0.133
0.105
0.019
0.047
0.112
1.661
0.136
0.331
0.246
0.664
0.171
2.28
0.211
0.467
0.617
0.955
0.14
0.835
3.63
1.795
0.377
0.059
0.216
2.801
0.866
0.055
0.088
2.96
0.034
2.009
0.063
0.345
0.049
0.035
0.328
0.112
1.482
0.728
0.063
0.079
0.449
2.338
6.954
0.214
1.975
0.195
0.215
4.689
0.25
3.681
0.109
0.056
0.04
0.778
2.541
1.174
0.172
1.403
0.216
0.166
0.516
7.075
4.303
2.896
6.355
1.617
0.052
0.116
0.171
2.965
0.589
0.635
0.072
0.441
0.043
5.007
0.028
0.39
0.123
0.215
0.017
4.333
0.022
0.105
0.269
3.022
0.053
0.057
0.069
2.66
1.919
0.11
2.295
0.255
0.773
0.255
0.527
2.687
0.204
0.301
0.269
0.252
0.165
2.632
0.075
0.028
4.542
0.044
0.032
0.06
0.332
0.31
0.429
1.72
2.263
3.824
0.16
3.093
3.585
0.373
0.277
0.188
3.547
0.05
0.123
0.072
2.796
0.271
1.892
0.161
0.413
0.094
0.085
0.089
0.201
0.111
0.034
0.459
0.233
0.125
3.653
5.173
2.846
3.494
1.898
0.208
4.629
0.15
0.043
0.1
1.696
2.718
12.008
6.052
1.323
9.274
0.203
2.262
0.027
6.05
0.066
0.066
0.177
0.191
0.114
3.197
0.163
0.278
0.836
3.65
0.136
0.504
0.089
0.124
0.373
0.051
6.47
0.892
0.133
0.156
0.086
0.373
0.878
0.249
0.298
2.498
0.031
1.929
0.119
2.261
0.26
0.051
2.22
2.477
7.096
0.118
4.004
1.174
4.518
0.021
0.408
0.084
0.014
0.218
12.302
0.818
6.86
0.791
6.605
0.092
0.1
0.052
0.053
6.742
0.19
1.402
0.021
3.915
0.153
3.769
0.41
4.344
0.152
0.05
0.098
0.077
0.083
0.161
3.319
8.365
0.144
0.186
3.735
0.144
1.661
3.463
1.259
0.23
0.067
3.063
4.779
0.067
0.561
3.162
0.257
0.083
0.058
0.44
0.191
5.834
0.024
0.168
0.11
0.115
0.091
4.37
0.164
0.143
0.048
0.239
0.062
0.077
0.091
0.167
0.493
1.801
0.309
2.506
0.048
0.026
0.969
0.306
0.335
0.034
0.076
5.342
0.047
0.144
4.746
0.032
0.141
4.677
0.334
0.039
0.059
0.217
0.324
0.145
0.138
1.423
0.129
1.373
0.446
0.204
0.206
0.05
2.22
0.033
0.023
0.24
1.567
0.082
0.22
0.337
0.283
11.964
0.035
0.014
0.279
0.222
1.008
0.043
5.797
0.11
0.078
0.851
0.171
0.028
4.094
0.04
0.464
1.429
0.349
1.21
0.056
5.33
0.157
0.046
1.366
2.13
5.049
0.062
3.527
0.057
0.259
1.236
0.02
0.108
2.009
0.127
0.128
0.265
0.301
4.307
1.254
0.039
0.469
0.029
0.951
3.122
1.998
0.028
0.227
0.189
1.112
4.797
0.06
3.282
0.418
0.212
0.455
0.148
1.532
0.111
0.225
2.189
0.217
0.235
0.12
0.506
2.757
1.401
4.151
6.397
0.041
0.438
2.574
0.519
4.262
0.032
0.05
3.009
0.1
0.087
0.037
0.037
0.329
0.205
0.323
1.303
0.783
0.889
0.354
7.864
1.765
0.015
2.465
0.086
0.453
3.026
0.382
0.378
0.898
1.986
0.052
1.206
2.308
0.402
0.252
3.756
0.038
7.617
0.124
0.119
2.898
0.443
0.07
0.06
0.119
0.263
0.034
0.182
0.172
0.171
0.075
0.12
0.258
0.211
5.053
1.873
4.4
0.094
0.042
5.663
0.043
1.628
4.343
0.051
6.119
0.172
0.418
0.049
1.433
0.113
2.043
5.408
0.237
0.155
0.09
0.416
0.047
0.253
0.078
0.487
1.675
0.975
2.571
0.103
0.75
2.707
1.082
0.05
0.361
6.626
1.453
2.393
5.143
0.051
0.355
2.332
3.873
1.21
3.083
0.364
2.131
0.593
0.08
0.06
0.104
4.224
0.083
0.074
0.321
0.059
0.234
0.077
0.437
2.385
0.231
0.041
0.127
0.031
0.209
0.047
0.451
4.13
11.82
0.389
0.327
0.261
0.261
0.692
0.112
0.257
6.895
0.459
0.308
0.063
0.074
2.769
5.192
2.058
4.055
0.046
0.187
1.014
0.04
0.043
0.134
0.504
2.116
0.07
1.617
0.034
0.131
1.192
2.662
0.181
0.058
0.043
0.032
0.1
0.221
0.416
0.124
2.777
0.26
0.237
0.446
0.063
1.89
2.655
0.047
0.15
0.046
0.198
0.234
0.215
0.071
0.391
0.123
0.936
1.135
0.059
0.024
0.051
0.718
0.217
0.268
2.558
2.306
0.054
0.059
0.149
2.811
0.05
0.07
0.706
0.242
0.176
6.362
3.936
0.226
0.118
0.103
0.478
0.166
0.108
0.164
0.15
0.452
0.057
0.073
0.29
0.469
0.792
1.059
2.491
0.09
0.436
7.698
0.181
0.3
0.049
1.284
0.032
0.043
0.144
0.477
3.791
2.356
0.58
2.606
0.078
2.013
0.062
0.258
1.129
0.097
3.018
2.846
3.583
0.057
1.776
2.416
0.116
0.214
0.055
0.054
0.234
0.337
0.073
0.055
0.345
0.039
1.737
0.119
0.505
2.92
0.101
0.145
0.389
2.998
4.696
0.365
0.23
0.272
0.338
2.659
2.925
3.983
0.047
2.405
1.163
1.136
3.7
0.422
0.049
0.027
0.124
0.1
1.932
0.132
4.133
0.067
0.12
0.144
0.06
0.305
0.051
9.738
0.825
0.397
0.104
0.056
0.044
0.271
0.02
1.491
0.58
0.027
0.288
1.646
0.19
2.972
0.785
0.014
1.986
0.018
0.034
0.104
0.069
0.162
8.22
5.399
0.08
0.059
0.135
3.163
1.84
0.113
0.835
0.849
0.201
0.033
2.84
0.129
1.464
3.39
0.766
0.03
0.044
0.316
1.07
1.293
0.592
0.077
1.11
3.437
0.446
0.041
0.15
2.851
0.167
5.069
5.616
2.928
0.561
0.643
0.335
6.746
3.312
0.144
0.174
0.02
0.03
0.47
0.89
0.25
0.053
0.406
0.34
0.353
1.856
0.046
0.233
2.528
0.077
1.418
0.547
0.058
0.086
0.15
3.67
1.651
0.15
1.706
0.042
0.164
5.653
0.07
5.021
0.076
0.097
0.631
5.194
0.159
0.195
0.221
5.311
0.054
2.193
0.311
0.068
0.399
0.07
3.422
0.717
0.215
0.041
1.084
0.185
6.057
0.057
0.017
0.528
0.069
3.829
0.177
0.412
2.32
0.161
0.044
0.192
0.019
0.491
1.055
0.135
6.864
2.943
0.083
0.152
0.102
1.663
0.611
0.106
0.693
3.789
0.218
0.583
0.029
0.232
0.188
0.288
0.195
3.364
2.676
0.075
6.037
0.035
0.264
0.156
0.387
0.17
0.219
0.192
2.176
5.222
0.046
6.516
0.115
0.389
0.331
0.273
1.724
0.44
0.028
3.5
0.108
1.411
8.573
0.052
1.047
3.031
0.165
0.269
0.228
0.033
0.358
0.395
3.845
1.625
0.079
0.728
0.065
0.07
0.443
2.036
0.146
0.039
0.603
0.085
0.278
0.038
0.031
2.35
2.616
0.057
0.032
0.042
0.326
0.622
6.749
2.049
0.504
4.491
0.221
0.07
0.618
0.063
0.128
0.94
0.113
0.702
0.844
0.685
0.582
3.987
0.118
0.023
3.237
0.251
0.039
0.184
1.619
0.24
3.603
2.038
0.232
0.022
0.024
0.043
0.059
0.239
0.169
0.028
0.171
0.06
0.714
2.439
0.215
3.689
0.05
0.033
0.98
0.059
0.031
0.014
0.073
0.205
0.233
0.183
0.311
2.009
0.106
0.032
6.573
0.052
0.295
0.069
0.066
0.624
0.262
0.236
0.192
3.991
1.873
0.058
1.144
0.115
2.597
0.463
0.463
0.746
0.086
0.118
0.133
0.042
0.095
0.046
0.044
12.379
0.179
2.666
1.186
0.276
0.074
0.06
0.033
0.244
0.026
0.019
1.095
0.286
0.26
0.081
2.392
5.362
0.055
0.336
0.034
0.279
2.578
0.205
0.604
0.394
0.067
0.103
0.055
6.778
3.994
1.829
0.064
0.294
0.469
0.322
0.873
0.065
0.476
0.086
0.165
0.742
0.389
0.189
6.207
0.317
0.202
0.087
0.982
0.765
0.514
2.949
0.046
0.054
0.184
2.572
2.642
0.111
0.339
0.198
1.716
0.094
1.112
0.161
2.742
0.13
0.034
2.095
0.21
0.353
0.889
0.023
0.328
0.243
0.267
0.268
0.155
0.034
3.245
4.462
0.209
0.222
0.248
1.527
1.081
0.061
0.711
0.067
4.14
0.022
0.181
0.215
0.17
2.742
4.329
0.56
0.335
0.177
1.491
3.911
4.844
0.089
0.064
5.859
1.923
0.378
0.252
1.397
0.141
0.594
0.101
2.88
0.044
0.357
2.76
0.182
0.919
0.097
8.049
0.454
0.107
1.034
2.265
3.538
0.428
5.719
2.321
0.083
0.047
0.082
0.046
0.428
3.296
0.054
0.134
0.217
0.045
10.838
0.072
5.602
0.377
0.025
0.571
0.163
0.523
0.275
0.053
0.023
0.43
0.108
0.362
7.791
0.377
0.562
0.075
0.119
0.076
2.862
0.223
0.423
0.09
0.478
0.048
0.048
0.066
0.061
0.658
0.526
0.084
0.231
0.928
2.279
4.557
0.029
1.479
8.09
1.938
3.704
0.061
0.251
0.057
0.079
0.245
0.083
0.207
0.048
2.365
0.402
0.024
3.957
1.492
0.192
4.857
0.143
0.851
0.101
4.507
0.039
3.98
0.061
0.653
3.038
0.234
0.028
4.737
0.975
0.333
0.382
0.037
0.166
11.8
0.145
1.298
3.827
2.273
0.564
2.034
0.029
0.038
0.409
3.937
0.077
0.332
0.131
0.097
0.129
0.045
0.165
3.67
0.236
0.192
0.042
0.035
0.177
6.099
3.072
1.893
0.048
0.449
0.029
0.504
7.751
0.297
2.657
5.642
0.021
0.246
0.259
0.025
1.866
0.1
1.338
0.15
0.093
1.916
8.74
0.978
0.467
0.261
12.056
0.604
0.119
2.12
10.462
0.174
0.429
0.316
0.198
18.41
1.511
0.094
0.079
3.573
0.06
0.16
0.053
0.419
0.064
0.068
0.622
0.187
0.073
0.618
0.115
0.019
0.117
0.165
0.125
2.906
1.16
1.673
0.441
0.083
3.112
1.019
1.107
0.034
2.329
0.335
0.109
0.101
0.058
1.046
3.689
0.492
0.1
0.33
0.037
0.09
2.721
0.097
0.241
0.161
0.016
0.097
0.048
6.186
0.038
0.136
4.491
0.535
0.359
0.038
0.208
0.676
11.863
0.163
0.442
7.528
0.347
0.123
0.324
5.718
0.351
1.971
0.624
0.083
0.53
0.093
0.239
1.436
0.165
0.076
0.041
0.211
0.125
0.033
0.065
0.054
0.164
3.282
9.192
1.215
0.123
0.305
0.141
0.256
6.169
0.26
0.527
0.477
0.148
0.269
0.039
0.031
3.758
0.105
0.059
0.191
2.605
0.062
0.312
0.114
2.834
0.019
0.175
0.105
7.584
0.089
0.43
2.214
2.729
0.021
0.102
0.082
0.246
3.35
0.234
1.144
0.172
1.039
3.324
0.068
0.237
1.812
1.178
0.057
0.046
2.222
0.041
0.581
0.147
2.636
0.358
4.175
3.314
0.13
0.859
6.468
0.357
0.102
0.191
0.447
0.234
0.228
0.12
0.09
3.297
0.074
0.434
0.074
2.933
0.086
0.048
0.071
0.085
0.296
0.108
0.044
0.241
0.223
5.19
0.37
0.275
3.096
0.04
0.408
0.159
0.124
4.831
0.249
3.378
2.835
0.186
0.046
3.706
0.132
0.075
0.866
0.139
0.244
0.033
7.845
0.308
0.043
2.022
0.332
0.764
0.158
0.041
0.769
0.254
0.135
2.114
0.088
2.406
0.22
0.123
0.239
0.102
1.823
3.89
0.395
0.052
3.119
0.124
0.034
0.1
0.125
0.431
0.102
0.158
0.246
0.413
0.023
0.072
0.1
0.069
0.06
0.129
0.186
0.037
0.158
2.999
2.672
0.052
0.08
0.506
1.894
1.948
0.32
2.333
0.544
0.039
0.437
0.205
2.234
0.015
0.245
0.216
0.189
1.18
0.062
0.295
0.47
0.626
0.032
0.296
0.916
0.776
0.195
0.532
0.038
12.091
0.483
2.12
0.129
0.096
10.328
4.77
7.011
0.025
0.468
0.033
0.392
0.029
0.309
2.106
0.098
2.288
2.095
0.11
0.653
0.194
9.115
5.719
0.054
10.359
0.182
0.024
4.494
1.48
0.791
0.137
0.522
2.208
5.212
0.377
0.709
0.425
0.121
0.216
0.047
0.411
2.393
4.041
0.083
0.212
0.036
0.095
1.97
1.92
1.586
3.237
0.082
0.425
0.988
0.053
7.466
1.077
0.083
2.338
0.247
0.213
2.075
4.878
0.519
0.332
0.253
6.684
0.046
0.392
0.113
0.503
0.111
1.098
0.339
0.335
3.856
1.9
2.201
2.903
1.037
3.461
2.136
0.115
0.074
0.063
0.076
5.739
1.025
0.615
0.43
0.149
0.174
0.053
3.546
0.17
0.299
5.8
0.037
4.227
0.367
0.06
0.036
0.071
2.642
1.75
1.862
4.757
0.102
6.231
0.041
1.035
0.031
0.047
1.452
0.09
0.05
0.033
0.25
0.434
1.642
0.117
0.061
0.793
0.221
2.823
0.073
0.091
4.171
2.444
0.045
2.699
5.34
2.758
0.065
1.57
0.033
3.616
0.268
7.293
2.352
0.054
0.219
0.483
0.255
0.52
0.039
0.874
2.863
0.104
0.105
0.2
0.894
2.537
1.32
0.938
1.494
0.736
0.04
3.946
0.081
0.095
0.046
4.685
2.027
2.199
2.039
2.27
0.138
0.128
0.238
0.265
0.034
0.062
0.07
0.51
0.752
0.033
0.242
0.149
0.018
0.756
2.946
2.336
0.373
0.062
4.76
4.003
1.911
2.712
0.095
0.048
1.36
0.056
0.266
0.494
1.026
0.184
1.612
3.793
0.242
0.099
0.083
0.247
0.262
0.065
0.155
0.233
0.245
5.175
0.033
0.114
0.047
0.056
0.451
0.183
1.858
0.116
0.158
0.443
0.088
0.035
5.833
0.05
6.752
0.043
2.832
0.04
0.162
0.185
0.115
0.123
0.181
0.189
0.236
0.591
2.497
0.555
0.034
0.176
0.26
0.198
0.155
0.196
0.981
0.309
0.171
0.456
4.332
0.182
0.258
0.781
0.047
0.205
0.125
0.112
0.11
0.285
0.042
0.043
4.104
0.307
0.027
0.128
5.202
0.027
0.118
0.049
0.487
0.091
0.388
0.107
0.264
2.296
2.42
0.065
0.063
3.081
0.098
4.769
0.061
0.089
2.518
1.075
0.205
0.578
0.467
0.153
1.889
0.044
0.105
0.049
0.209
0.157
4.497
0.017
0.081
0.043
0.053
0.06
0.099
0.192
0.027
0.07
0.092
0.102
1.445
2.497
0.092
2.143
0.069
3.104
2.443
2.83
0.058
11.02
0.068
4.197
0.213
3.567
0.09
0.043
3.842
0.611
0.256
0.186
0.035
0.264
0.161
0.1
0.128
0.05
0.643
0.058
0.161
0.139
11.149
0.088
0.077
0.239
0.491
0.149
0.459
0.134
1.009
3.346
3.209
2.903
0.692
1.586
0.157
0.075
0.155
0.108
0.303
0.35
0.881
0.311
0.091
0.063
2.496
0.056
0.158
0.176
0.156
0.43
2.555
0.608
0.208
0.129
0.649
2.64
0.081
1.605
0.758
0.592
2.394
1.048
2.672
1.015
0.054
7.278
0.167
4.217
0.286
0.283
0.261
0.157
0.79
0.792
0.14
0.031
0.109
0.261
1.119
0.143
4.09
0.101
3.403
0.088
6.142
0.111
0.843
0.061
0.018
0.448
0.04
3.829
0.107
0.233
2.765
0.148
0.147
0.199
0.298
0.309
3.116
0.464
0.137
0.29
0.112
0.242
0.186
0.285
0.021
0.186
0.184
0.049
0.02
0.684
0.036
0.054
0.23
2.139
0.063
0.063
0.378
3.592
0.926
0.022
0.062
0.447
1.273
7.165
3.204
0.064
9.679
0.58
0.051
0.238
2.709
6.167
0.388
0.316
0.103
0.081
8.142
3.868
0.158
3.371
0.347
2.091
0.406
0.039
7.874
0.033
0.881
0.287
0.225
0.27
0.243
0.032
1.859
0.319
2.506
0.168
2.841
0.399
0.065
0.265
0.686
0.054
0.117
0.582
2.385
0.128
1.407
0.028
0.204
3.438
2.707
2.592
0.308
0.318
0.071
0.068
0.193
5.441
0.103
1.716
0.58
0.275
2.304
0.155
0.031
0.929
0.147
0.08
3.127
5.121
0.06
0.212
0.168
0.095
2.975
0.398
0.071
3.046
0.06
0.166
0.35
0.78
3.518
0.07
5.954
0.05
1.688
0.349
1.228
0.092
0.55
0.121
1.942
0.038
5.73
0.276
12.199
0.145
0.05
2.772
0.092
0.079
3.46
0.306
0.065
0.734
0.176
0.167
4.268
0.029
0.042
0.367
0.685
3.721
4.251
2.697
2.155
0.086
0.246
0.063
8.901
2.215
7.863
6.737
3.004
0.122
0.182
2.649
0.136
6.657
0.073
0.774
2.977
1.895
0.056
4.167
0.344
0.03
0.021
1.141
0.018
0.078
0.044
0.185
0.786
0.41
0.7
0.054
2.797
2.559
3.016
0.046
3.512
0.163
0.075
0.217
0.042
0.733
1.162
0.116
0.454
0.178
0.559
0.151
2.0
3.191
0.072
0.147
0.038
0.059
0.081
5.51
0.173
0.925
0.554
3.312
0.094
1.018
0.135
2.57
0.045
9.562
0.098
0.038
10.617
1.065
0.044
0.048
0.09
3.778
3.651
0.162
0.323
0.087
0.034
0.229
0.085
0.547
0.023
0.514
0.114
3.657
0.174
1.847
1.957
0.109
0.107
0.026
0.054
0.028
4.839
3.262
6.428
2.151
7.879
5.125
0.395
1.137
5.046
0.06
0.035
0.214
0.653
0.173
0.388
0.089
2.808
0.168
0.413
3.861
0.484
0.057
0.023
0.171
0.592
0.514
0.075
2.056
0.231
0.059
0.149
0.43
0.096
1.853
3.992
0.184
0.069
0.874
0.069
0.032
0.051
0.395
0.194
0.291
0.045
0.216
0.721
0.254
0.474
1.356
0.054
0.185
2.388
0.137
0.312
0.331
0.046
0.192
0.603
0.615
0.038
0.048
2.706
0.031
0.11
0.203
0.634
0.204
0.208
0.772
0.081
1.354
0.167
0.047
0.074
2.736
0.854
0.487
0.283
3.727
3.554
3.102
0.319
2.674
0.091
0.833
4.284
0.285
3.539
2.699
0.188
0.628
0.275
0.016
0.224
0.024
0.532
1.386
3.11
0.187
0.028
1.197
0.932
0.188
10.381
0.133
0.325
0.927
0.343
0.063
0.012
2.18
2.047
0.124
0.044
0.077
12.958
0.285
0.029
1.589
0.036
1.755
0.086
2.717
0.055
0.095
0.1
0.036
0.311
0.521
0.135
0.242
0.033
1.027
1.867
4.0
2.95
2.945
0.262
0.097
0.078
1.339
0.232
2.136
1.701
0.124
0.135
0.811
0.042
0.074
0.115
3.104
0.945
1.298
2.322
0.119
1.915
1.711
0.181
0.173
0.437
0.118
0.049
2.582
0.07
0.503
1.87
0.044
9.081
0.477
0.27
0.278
0.07
0.131
0.05
4.02
0.055
0.047
0.019
0.189
0.607
8.143
0.256
0.79
0.03
2.971
0.291
1.005
0.051
4.458
1.234
0.042
2.197
0.221
0.118
0.375
0.017
0.188
0.064
0.094
0.049
0.802
0.138
0.31
0.023
0.104
0.088
0.074
0.112
3.106
0.042
0.912
2.754
0.617
2.554
0.025
2.067
0.035
0.032
0.184
0.081
5.678
2.82
1.325
6.417
0.043
4.58
0.1
0.015
0.368
2.08
0.02
0.107
0.072
0.976
0.311
0.254
4.723
0.178
0.355
7.23
2.022
0.627
0.234
0.203
0.06
0.924
0.34
0.101
0.135
0.155
0.244
0.568
0.162
0.06
3.313
0.042
0.109
0.061
1.602
0.163
0.609
2.743
0.969
14.148
10.358
0.048
5.48
2.135
0.098
0.127
0.589
0.466
0.258
0.042
0.551
1.75
9.074
0.227
5.79
2.236
5.246
1.965
1.938
0.039
0.099
4.423
2.188
3.112
0.128
3.026
1.525
1.625
2.518
0.047
0.446
0.231
0.259
1.387
0.369
0.054
0.321
0.086
0.022
0.039
0.345
4.012
0.151
0.04
0.324
0.073
0.405
0.052
0.056
0.439
0.278
0.188
0.278
0.559
0.054
0.777
5.146
0.188
2.412
0.134
0.051
3.033
0.423
0.137
0.068
0.196
4.61
0.213
1.511
0.264
0.394
6.602
0.064
0.32
0.192
0.285
2.658
0.277
0.07
0.573
0.531
0.165
0.18
0.535
0.206
0.033
0.142
0.34
0.051
0.227
2.206
0.584
7.811
0.039
0.602
0.17
0.078
0.608
0.083
0.174
0.116
0.676
0.172
0.065
0.607
0.049
0.344
3.224
7.298
0.045
0.483
3.549
0.094
0.033
2.428
1.128
2.596
1.846
0.296
0.111
0.299
0.09
0.055
0.703
3.479
7.125
3.068
0.297
0.034
0.07
7.462
2.025
0.046
0.139
0.078
1.748
0.741
0.19
1.232
0.028
0.744
0.162
0.402
2.905
7.139
3.931
0.104
0.322
0.274
2.001
0.065
0.052
0.147
0.043
0.028
4.63
0.098
0.054
4.063
0.556
8.455
5.096
0.043
0.119
5.406
2.924
0.076
0.076
0.063
0.29
5.796
0.232
0.128
0.164
5.404
0.966
3.773
0.288
0.201
1.639
3.769
0.236
0.44
0.549
1.806
0.231
0.272
2.951
0.498
4.853
0.926
0.039
1.839
1.76
0.814
0.034
0.038
0.05
0.124
0.037
4.739
0.406
1.208
0.115
1.348
0.087
0.186
0.133
5.258
0.335
0.013
0.031
0.118
0.074
2.737
1.009
0.594
0.058
3.745
0.379
0.231
0.072
0.132
0.242
1.013
0.087
0.05
3.621
2.532
3.668
0.129
0.08
0.195
1.928
3.046
0.748
0.355
1.901
0.257
0.477
3.18
4.772
0.804
0.301
3.658
0.855
1.557
5.348
3.569
0.029
0.039
0.157
0.471
0.194
5.163
0.025
0.039
0.191
2.028
0.087
0.117
0.092
0.553
1.864
0.183
9.928
0.174
0.431
0.842
0.31
0.121
0.039
1.999
0.103
0.169
0.125
0.174
0.11
0.117
0.127
5.518
0.054
3.12
0.066
0.016
0.103
0.135
0.105
0.463
0.051
4.809
0.933
3.173
0.325
2.961
0.064
0.218
0.677
2.154
3.519
0.081
0.19
0.048
5.94
0.102
7.103
3.14
0.693
0.101
0.074
0.067
0.03
3.373
3.457
0.087
5.311
13.106
0.015
0.062
0.254
0.065
0.068
0.564
0.022
1.986
6.465
2.168
1.365
0.202
0.014
0.135
0.064
0.891
0.159
0.036
1.334
0.042
0.033
0.047
2.239
2.432
0.12
0.103
0.195
2.807
0.401
0.044
0.182
0.115
0.111
2.547
0.14
2.999
4.776
2.948
0.388
10.572
0.313
3.021
0.113
0.235
0.159
1.124
0.055
2.215
0.054
0.05
0.083
4.99
0.454
0.037
0.113
0.145
0.386
0.283
0.246
0.024
0.394
0.102
0.351
0.091
0.016
0.263
0.114
0.495
0.302
0.243
0.156
0.433
2.141
3.822
0.25
0.276
1.148
0.04
0.056
0.815
0.531
0.035
0.366
0.287
0.104
0.231
0.364
2.629
0.079
0.218
0.293
1.773
0.582
0.257
0.355
0.044
2.0
2.377
0.339
2.731
0.13
0.339
0.365
0.516
0.195
0.504
5.231
0.074
0.11
0.03
0.431
0.176
0.148
0.206
0.981
0.022
3.434
0.132
0.187
1.164
4.746
0.182
0.19
0.132
0.379
4.752
0.03
0.687
0.164
1.425
0.044
4.4
4.961
5.769
0.198
3.331
0.054
0.031
0.097
1.016
0.179
7.744
7.757
0.088
0.339
1.597
0.495
0.033
7.808
0.217
2.723
0.029
0.031
0.366
0.335
1.586
0.312
0.248
0.057
0.213
5.24
6.038
0.079
0.126
1.968
0.306
0.332
0.368
4.958
0.596
0.053
0.152
0.069
2.801
2.257
0.108
0.209
4.001
0.127
4.157
0.424
1.152
0.44
0.098
0.627
0.617
0.145
0.306
0.457
3.593
0.084
0.074
0.133
5.399
0.054
0.566
0.105
0.772
0.099
3.308
4.891
2.322
0.833
0.144
2.858
0.094
2.906
0.119
0.013
1.012
0.937
0.551
9.107
3.523
4.221
0.032
0.228
0.151
0.081
0.233
0.146
0.076
4.953
0.043
0.052
2.146
0.018
0.226
0.038
0.142
5.695
0.077
2.653
0.094
0.358
0.061
0.599
0.051
0.062
0.352
0.367
0.141
0.032
0.043
2.396
0.148
2.354
0.178
0.581
2.696
0.203
0.107
5.781
0.225
11.154
0.068
0.472
0.03
0.078
0.033
10.175
0.048
0.259
2.785
0.046
0.051
0.145
0.062
0.28
0.787
0.074
0.541
2.71
4.739
1.775
2.314
0.029
2.971
1.585
0.123
0.033
4.415
3.225
0.05
0.378
0.318
0.713
0.071
0.055
5.73
8.191
0.042
1.143
0.864
0.102
0.018
0.102
0.124
0.304
0.185
0.206
0.044
0.114
0.213
2.881
0.033
0.119
0.183
0.439
0.204
0.088
0.045
6.378
2.215
0.15
1.077
0.29
2.374
0.214
0.289
0.259
0.157
1.985
0.672
4.49
6.716
0.045
0.86
0.116
0.545
0.082
0.191
0.884
0.039
0.122
0.071
0.416
0.237
0.024
0.072
0.562
0.459
2.169
1.533
0.141
5.659
0.818
0.036
0.327
0.048
3.861
0.286
0.109
0.026
0.064
4.867
0.027
0.111
5.368
0.141
0.05
2.446
0.083
0.606
3.224
0.136
0.104
1.42
2.484
0.066
0.099
2.395
0.04
0.047
0.018
0.061
0.062
0.374
0.048
19.534
0.548
0.067
0.048
0.348
0.108
0.411
0.124
9.259
0.082
0.26
3.781
0.223
0.166
2.283
4.313
1.208
0.829
0.361
0.447
0.436
1.145
0.104
0.545
0.078
0.167
0.113
0.488
0.208
0.06
0.088
2.789
0.212
0.021
0.221
1.412
0.049
0.086
4.43
1.089
2.522
0.425
4.696
0.532
0.366
0.265
1.457
0.218
4.873
0.104
2.736
0.046
0.252
2.672
1.999
1.238
0.546
0.689
0.299
0.172
0.132
2.121
3.967
0.038
0.052
0.797
4.236
0.088
0.167
0.027
1.217
0.325
0.337
0.205
0.161
0.118
0.101
6.181
0.012
0.179
0.471
0.569
4.396
0.105
0.504
0.015
0.03
0.063
0.025
0.295
0.055
0.111
0.043
0.139
2.233
0.04
0.19
0.125
0.041
3.351
0.034
0.416
0.859
0.044
0.045
0.531
0.035
0.32
0.7
0.751
4.458
0.653
0.06
0.149
0.072
0.11
7.796
0.135
0.241
0.572
0.02
0.164
0.679
0.109
0.123
12.485
1.035
0.354
0.759
0.476
0.031
0.758
5.077
0.119
3.386
0.27
0.628
0.191
0.131
0.052
0.346
0.31
2.819
1.319
0.795
0.086
0.267
6.261
0.087
0.978
0.041
0.142
4.005
0.06
0.34
3.419
1.296
0.034
0.404
3.202
0.117
0.156
0.085
0.84
0.061
0.11
0.029
0.058
0.03
0.169
8.595
0.392
0.061
0.53
0.161
0.024
1.725
0.318
4.328
0.114
3.289
0.262
0.34
0.06
0.048
0.908
0.089
0.594
0.116
0.023
2.731
0.194
3.672
1.768
0.067
0.181
1.105
0.161
1.693
3.758
0.568
2.928
0.358
0.119
0.498
3.084
0.253
0.043
2.276
0.082
0.044
0.071
0.377
0.096
0.072
0.609
0.38
0.097
4.273
0.318
1.201
1.702
0.125
1.406
0.143
0.325
5.351
0.097
0.031
0.033
2.678
1.584
0.473
0.512
1.711
0.324
0.044
3.796
0.29
1.868
0.224
0.017
0.112
0.082
0.499
0.296
0.051
0.125
0.063
0.078
4.328
0.046
0.126
0.132
0.092
0.323
0.174
0.008
0.066
2.229
0.6
0.053
0.739
0.731
0.075
4.969
0.076
4.687
0.058
0.027
0.124
3.13
3.095
0.303
3.15
0.148
0.061
0.26
0.162
0.144
3.484
5.017
0.365
0.105
1.653
0.3
4.555
2.12
0.22
0.245
0.127
0.074
0.838
0.037
0.196
1.06
0.184
7.043
0.268
0.481
0.067
0.112
3.412
2.87
3.803
2.154
0.282
2.438
5.121
0.099
0.086
2.235
9.24
0.445
0.235
0.016
0.121
0.448
6.183
0.744
0.322
0.053
1.817
0.364
0.416
0.112
0.224
0.079
0.227
0.098
0.68
1.522
0.12
0.026
2.862
0.064
2.761
0.224
0.863
0.171
0.081
0.065
2.615
0.299
2.661
0.027
0.254
0.168
0.449
0.052
0.342
0.043
0.06
0.057
0.063
0.096
0.294
0.06
0.121
0.322
0.414
3.782
4.687
0.133
2.919
0.083
2.698
0.073
0.097
1.916
3.772
0.073
1.55
0.312
0.354
0.043
1.978
0.133
0.46
0.17
0.033
2.482
0.026
2.822
0.076
0.077
0.048
2.35
0.171
0.216
2.096
3.069
0.24
3.739
0.76
0.078
2.024
0.019
0.066
0.054
0.072
2.821
0.434
0.215
0.264
1.618
0.046
0.184
1.954
0.141
0.289
0.779
0.074
4.862
2.994
0.46
0.269
0.215
0.761
0.265
3.997
0.335
0.127
0.05
6.722
2.418
0.148
0.024
1.076
0.145
0.954
1.436
0.564
3.02
0.152
3.064
3.307
4.863
0.072
0.208
0.722
0.141
0.124
0.143
4.231
0.25
0.084
0.191
1.477
0.099
0.44
0.557
0.184
3.884
1.05
0.08
0.149
0.092
0.141
0.064
0.358
1.947
4.699
0.73
0.616
0.565
5.967
0.122
0.182
1.677
6.201
4.245
0.113
0.079
0.126
0.18
0.545
0.055
0.386
0.019
0.084
0.188
0.073
3.046
1.616
4.377
0.064
0.212
0.096
0.04
0.146
0.931
0.079
4.981
0.23
0.2
0.035
0.183
2.669
0.134
0.502
0.024
1.473
4.415
0.054
1.847
0.361
0.029
0.396
0.97
2.1
0.487
0.112
0.144
3.343
0.178
3.357
0.141
0.081
8.506
0.527
11.869
0.188
2.819
2.877
0.341
1.874
1.297
0.239
7.141
1.434
2.815
1.733
1.364
3.043
0.313
0.106
6.162
0.098
0.477
0.185
0.064
0.072
0.09
0.058
4.527
0.138
0.161
6.123
0.075
0.379
0.133
0.065
0.13
0.064
0.314
0.113
0.123
4.172
4.422
0.875
2.397
4.587
0.66
0.083
1.547
0.299
0.126
0.348
0.042
0.764
0.12
0.054
2.38
8.199
0.033
0.092
0.365
6.179
0.579
0.046
1.0
0.033
0.071
0.166
0.125
0.063
0.721
0.327
0.69
0.203
2.459
0.246
2.781
1.437
5.181
0.162
0.843
0.024
5.393
0.057
0.662
3.095
0.53
0.088
0.235
0.315
3.108
4.885
7.31
3.26
3.674
0.125
0.104
5.525
0.186
0.108
0.824
0.356
0.219
0.118
0.366
3.08
4.5
0.093
6.347
0.174
0.046
0.056
3.772
0.16
0.034
0.372
0.281
0.173
0.077
0.453
9.522
0.065
3.243
0.902
0.48
4.837
0.167
0.344
0.32
4.394
2.38
0.048
0.035
1.191
4.163
0.167
0.76
0.581
4.673
0.292
0.508
0.029
0.058
0.68
1.099
0.124
1.27
0.049
3.121
0.934
0.012
4.284
0.295
0.211
0.09
0.372
2.547
2.421
0.948
0.173
0.113
0.364
0.057
0.646
0.086
0.245
0.522
0.069
0.245
0.071
1.336
0.111
0.089
0.178
0.53
3.167
2.372
0.043
0.083
0.027
1.503
0.067
0.163
2.978
2.052
0.205
5.83
0.118
0.531
0.084
0.104
1.025
0.189
1.364
0.301
0.082
7.991
0.033
0.405
8.216
0.03
4.008
0.479
0.184
0.031
0.208
0.103
3.114
0.325
0.059
0.452
0.289
0.458
0.112
0.231
3.01
2.074
2.527
0.058
0.08
0.254
0.116
0.45
0.09
0.253
0.112
6.336
4.127
2.883
5.178
1.833
3.483
2.063
0.749
0.104
0.163
1.008
0.596
3.117
0.297
0.089
2.153
8.358
0.07
0.023
1.948
0.021
3.19
0.025
2.224
2.062
3.293
0.052
0.615
0.101
0.125
0.699
3.143
2.497
7.325
2.666
0.422
0.053
0.036
5.167
0.023
0.366
8.645
2.854
0.264
0.031
1.142
0.032
0.149
0.269
0.28
0.425
0.228
0.165
0.799
7.365
0.281
0.053
5.051
0.359
0.911
0.101
0.34
0.093
2.087
0.621
0.654
0.066
0.238
3.454
5.074
5.96
0.195
0.147
0.142
0.195
0.134
0.177
4.579
0.057
2.107
2.73
4.689
0.061
0.622
2.816
3.821
2.003
2.04
0.047
0.263
6.881
0.16
4.983
2.116
0.038
2.896
0.156
0.018
5.298
0.123
1.259
2.388
2.71
0.026
0.037
0.083
2.125
0.047
1.671
3.819
0.148
0.621
4.299
0.639
2.769
0.385
0.14
0.147
1.089
0.56
0.037
3.021
0.076
0.04
0.056
0.248
0.094
0.743
1.975
0.069
0.128
0.117
0.2
0.066
0.46
3.879
2.685
0.676
0.254
1.291
6.905
2.299
0.086
0.034
0.615
0.186
0.033
0.397
0.712
1.321
0.637
3.644
0.057
0.048
0.141
2.202
4.545
0.176
0.155
6.361
0.09
0.382
6.558
1.991
0.212
0.069
0.139
0.051
0.1
0.223
0.037
2.127
2.045
2.234
0.132
1.321
0.464
0.026
0.3
4.84
1.686
2.896
0.253
0.375
0.218
3.209
0.027
0.187
2.714
0.175
0.081
0.189
0.595
6.147
0.342
0.065
0.126
0.079
0.159
6.258
3.5
3.362
0.123
0.143
0.15
5.676
0.39
0.075
2.904
0.108
2.863
0.214
0.047
1.069
1.866
2.703
0.525
0.637
0.41
1.054
0.164
0.186
0.928
0.214
0.548
3.552
0.43
0.264
0.018
0.079
0.238
0.026
3.519
0.24
0.27
0.072
0.04
0.381
5.313
2.512
0.065
0.117
8.462
0.05
0.947
0.111
0.385
0.08
0.301
3.583
0.306
0.068
0.074
1.048
0.1
4.472
0.181
0.106
2.331
0.885
0.437
0.303
0.146
0.023
7.244
0.191
0.62
0.265
0.026
7.102
0.073
0.372
0.267
0.053
0.066
0.056
0.066
0.151
0.169
2.674
0.651
2.696
0.054
0.723
0.257
0.094
6.642
0.073
3.057
0.16
0.228
0.017
0.12
0.091
1.08
0.394
0.118
3.44
0.156
0.119
0.053
0.079
0.904
0.05
2.547
0.037
0.086
0.035
0.142
0.065
0.612
2.002
0.024
2.389
7.172
0.099
0.443
0.286
0.124
0.081
3.698
0.181
0.592
0.107
10.612
1.976
0.053
3.158
1.44
2.079
0.216
0.152
4.299
0.04
1.535
0.087
0.204
0.678
0.07
0.263
0.236
3.067
0.045
0.066
0.037
8.622
0.032
0.172
0.171
0.441
0.141
0.458
0.191
0.078
0.376
1.151
0.067
0.031
0.371
7.62
2.406
0.146
0.366
9.331
0.082
4.551
0.733
0.108
0.043
2.183
0.06
0.091
2.889
1.716
0.032
0.073
0.097
0.638
6.586
0.467
6.6
0.441
0.383
0.095
0.496
2.59
0.238
4.297
5.712
0.048
2.642
0.026
8.181
0.241
0.054
0.432
2.003
0.084
0.028
0.152
0.313
0.107
0.046
0.088
8.696
0.417
0.052
3.942
1.123
2.251
0.128
1.915
0.737
0.502
0.612
0.069
0.096
0.62
4.16
0.443
2.524
0.167
1.229
0.071
0.15
0.569
1.632
0.065
4.946
1.958
0.085
1.168
0.025
0.446
0.176
0.065
0.655
0.344
0.125
0.065
0.042
0.092
0.195
6.113
0.147
0.089
2.103
1.299
0.192
0.567
0.187
0.124
0.413
2.587
0.463
0.932
0.355
0.331
2.514
0.056
0.241
0.346
0.029
1.277
3.924
0.16
5.005
0.098
0.281
0.234
4.761
0.044
0.04
0.163
3.122
1.192
0.055
0.153
0.038
0.143
0.142
0.187
1.969
4.381
0.524
3.307
0.053
0.176
4.63
1.115
0.034
0.08
0.226
0.232
1.995
0.693
0.2
0.06
3.53
0.037
0.025
0.083
1.563
0.587
0.083
0.566
0.172
0.088
0.49
2.869
0.508
0.062
0.086
0.037
0.278
2.713
6.186
0.821
4.385
2.097
0.133
0.04
0.633
1.434
0.119
0.043
0.057
1.088
7.334
6.588
4.942
0.453
0.037
2.67
2.795
0.178
3.755
0.047
0.513
0.03
0.047
2.164
0.142
3.339
0.863
3.346
0.093
0.055
2.446
0.26
0.072
1.172
0.026
0.325
0.532
0.035
0.047
2.353
0.285
0.385
1.022
0.247
0.031
0.088
0.252
0.119
0.626
1.077
0.234
0.275
0.071
0.295
0.04
0.356
0.252
0.092
0.353
0.128
3.114
2.492
0.26
0.661
3.356
0.74
0.077
0.174
0.241
2.614
3.632
2.486
4.22
0.103
0.067
0.403
0.181
0.708
0.05
0.639
0.12
2.153
0.093
2.108
0.152
0.245
5.02
0.035
0.066
0.142
0.049
0.128
0.319
0.107
5.945
0.183
5.71
0.033
0.069
0.141
4.338
0.105
0.251
0.119
0.726
0.08
0.059
2.488
0.193
3.958
0.277
0.103
0.164
0.167
0.086
0.125
0.28
2.81
0.155
0.817
2.266
0.463
0.152
0.143
0.153
8.947
0.333
1.315
1.382
0.275
2.84
0.218
0.022
0.267
2.831
0.175
0.252
0.213
7.991
0.179
0.089
0.18
0.065
1.961
0.457
0.066
0.088
0.126
4.321
0.253
0.115
7.737
0.094
0.197
0.09
0.08
1.726
2.654
6.405
0.748
5.386
0.017
0.216
0.197
0.779
0.068
0.161
1.156
0.158
2.503
0.106
1.837
0.282
14.216
0.048
2.936
0.047
0.245
0.032
0.201
0.237
0.153
0.053
0.242
1.103
4.362
0.114
3.0
2.583
1.94
0.095
0.069
0.093
0.225
0.029
0.062
0.093
5.213
3.96
0.342
0.064
0.028
0.165
0.519
0.135
0.057
0.808
1.14
3.985
0.069
0.253
0.121
0.217
2.562
2.027
0.092
0.029
0.119
0.027
0.3
4.946
0.074
0.051
5.149
0.131
0.357
0.731
0.042
7.661
0.133
0.613
0.069
0.148
1.656
0.046
0.392
2.733
0.087
0.077
6.063
0.55
0.055
0.055
0.14
0.339
5.213
0.076
0.033
2.112
0.029
0.042
0.623
0.416
0.12
5.751
0.154
2.977
0.399
0.054
1.872
0.338
0.083
0.045
7.192
0.224
0.511
1.204
0.383
0.08
0.04
0.086
0.152
0.079
3.159
0.25
0.234
0.126
0.357
3.562
0.08
0.06
0.075
0.162
2.686
0.029
0.034
3.373
2.382
0.038
0.425
0.066
3.677
1.669
0.318
0.049
2.17
5.758
2.041
0.381
0.141
2.678
0.163
0.11
0.099
0.115
0.099
1.64
0.075
1.602
0.614
0.164
2.201
0.059
0.599
0.208
0.494
0.093
0.023
0.223
0.044
0.906
0.447
0.136
0.215
0.054
0.228
0.191
0.075
0.186
0.029
0.067
0.059
0.173
1.476
0.067
0.124
1.149
1.757
0.76
0.118
0.255
0.869
0.256
0.096
0.079
0.486
0.033
0.27
0.602
0.299
1.852
0.033
0.066
0.16
0.341
0.215
1.265
0.047
7.287
0.12
4.233
0.719
5.151
0.048
1.26
0.048
2.359
7.002
0.19
0.153
0.519
0.728
0.045
6.685
0.078
0.261
0.676
4.107
0.058
2.037
0.075
0.118
0.218
1.851
0.019
0.023
3.526
0.09
0.173
0.795
0.405
0.183
0.144
1.828
0.076
0.043
0.078
0.045
0.06
0.072
0.276
0.902
1.881
3.436
0.961
0.172
2.872
0.243
0.289
0.097
0.069
0.121
0.275
2.85
0.206
0.262
0.263
0.417
0.02
2.454
0.127
0.081
6.628
0.368
3.469
0.168
2.087
2.36
0.093
0.401
0.015
0.057
0.043
2.623
0.441
0.256
0.022
0.335
0.047
0.205
0.167
0.104
1.051
0.347
1.844
0.032
0.027
0.108
3.136
3.779
0.102
2.203
1.603
0.04
0.148
2.768
0.16
4.608
0.103
0.054
3.814
0.085
0.026
0.508
0.135
2.298
0.047
1.758
0.293
0.308
3.021
0.218
3.122
0.22
0.047
2.568
0.921
0.03
0.16
0.834
0.086
0.054
0.573
0.376
0.255
5.263
0.421
0.124
2.182
2.709
5.961
0.023
3.686
0.316
3.359
0.052
0.388
4.948
0.046
0.048
0.026
0.159
0.136
0.339
0.119
0.033
0.602
0.037
0.25
2.439
0.044
0.035
0.148
0.661
0.532
0.161
4.183
0.181
1.475
0.056
0.036
1.194
0.144
2.287
0.682
6.596
0.203
0.124
4.62
5.462
0.028
2.626
2.901
0.577
3.289
5.559
0.242
0.056
0.119
4.45
3.419
0.06
0.559
0.095
0.109
0.11
0.089
0.243
0.064
0.061
0.32
1.213
7.484
0.107
0.057
0.313
0.406
0.601
0.257
0.321
0.759
7.732
0.202
0.141
0.243
0.186
0.117
2.925
0.415
0.07
0.104
0.14
0.041
0.032
0.14
0.189
2.867
0.017
0.058
0.119
0.126
0.178
0.537
0.05
2.268
0.031
0.448
2.814
4.843
0.163
3.411
6.004
0.231
0.109
2.248
0.984
1.068
0.023
0.431
0.085
3.009
0.142
0.315
0.135
0.124
0.136
0.059
9.913
0.069
0.053
0.058
0.117
0.19
2.398
0.059
0.239
3.618
0.207
0.856
1.013
0.209
6.471
0.215
0.177
0.096
0.025
0.059
0.76
0.101
0.432
0.304
4.412
1.661
0.312
0.118
0.139
0.076
0.21
1.121
2.395
2.182
0.072
2.621
4.25
0.293
0.131
0.093
0.082
0.23
1.32
1.599
0.183
3.286
2.537
0.158
0.416
0.223
0.09
0.674
1.825
0.019
4.179
0.049
0.08
0.058
1.11
0.416
0.452
0.327
0.196
0.371
0.043
0.042
0.335
0.26
3.168
2.022
0.029
0.425
0.681
0.04
0.51
4.699
0.045
0.119
0.257
0.319
4.133
0.646
0.022
0.463
6.78
0.063
0.05
0.055
0.052
1.518
0.064
1.972
4.288
0.018
3.653
0.644
3.343
5.714
0.301
0.266
0.528
0.091
0.046
0.066
3.587
3.745
0.03
3.343
0.099
0.026
0.387
0.526
2.511
0.108
0.984
3.516
0.519
0.358
0.132
6.841
0.201
0.035
0.093
0.96
0.318
0.111
0.037
0.127
0.316
7.159
2.922
0.122
1.37
0.208
0.323
0.044
0.132
0.08
5.234
0.143
0.221
2.893
0.093
0.158
0.122
0.311
0.071
0.036
0.035
0.069
1.09
0.125
0.571
0.261
0.34
0.133
1.621
0.204
0.069
0.019
1.649
0.08
0.273
2.608
4.416
0.186
0.084
1.613
3.25
0.248
4.392
3.344
0.028
0.038
7.559
1.421
0.1
2.539
5.089
3.193
5.704
0.37
0.075
0.057
0.036
0.162
0.117
0.051
1.589
0.176
0.4
1.671
0.043
5.43
0.468
0.036
4.713
0.649
3.233
6.696
0.05
0.87
0.454
0.605
0.302
0.03
0.42
0.141
0.065
0.234
0.114
0.389
0.18
0.548
0.599
7.407
4.443
2.71
0.492
0.241
0.054
0.064
0.078
0.082
0.301
0.631
3.879
8.116
0.075
0.012
5.031
1.882
0.04
0.05
0.199
0.077
0.04
0.256
0.056
3.466
0.07
0.069
0.302
0.103
0.082
0.041
0.362
0.143
2.338
1.251
2.242
0.184
0.273
0.25
0.182
0.12
0.108
0.674
0.034
2.852
0.074
0.536
0.816
2.355
0.097
4.718
0.11
2.537
0.072
0.044
2.553
0.492
0.273
0.058
3.597
0.089
6.811
0.519
0.061
0.096
6.8
0.074
2.408
0.083
6.961
3.784
0.02
0.415
0.086
0.621
3.228
10.75
0.092
2.398
0.514
0.035
0.159
1.586
0.094
0.195
0.416
4.584
0.043
0.865
0.341
0.106
0.079
0.103
0.35
0.893
0.146
3.416
0.341
0.421
0.466
0.091
0.103
0.053
0.273
1.789
0.063
0.237
4.583
0.147
0.785
0.057
0.559
0.143
0.048
0.065
0.066
0.073
0.049
2.992
3.18
1.076
9.117
2.881
0.022
3.297
0.125
1.266
0.734
0.575
7.03
0.097
6.422
0.657
0.313
2.891
3.356
0.232
0.184
0.031
6.256
0.261
0.044
0.586
0.105
1.075
1.007
0.186
0.417
0.208
1.029
0.596
0.345
0.099
3.031
0.096
8.756
1.022
0.58
2.565
0.071
0.032
3.106
0.079
0.159
0.039
0.053
0.962
0.174
0.793
0.192
2.298
0.103
0.658
0.073
0.46
0.799
1.193
0.184
0.038
0.07
0.049
0.201
0.098
0.21
5.967
0.048
0.16
0.091
0.641
4.444
4.974
1.176
3.556
0.063
0.083
3.236
0.093
0.035
7.35
0.128
5.981
0.068
6.824
1.145
0.223
0.14
0.221
1.025
0.35
0.335
0.333
0.146
0.248
3.749
0.148
0.492
0.353
0.557
6.74
0.889
0.102
0.506
0.337
0.125
0.304
0.267
3.512
0.153
2.054
6.45
1.123
0.028
4.117
0.095
0.274
2.086
1.387
1.856
0.205
0.413
0.039
0.056
0.265
0.145
0.485
0.557
0.187
0.043
0.08
6.557
1.995
0.37
3.851
3.163
0.149
3.387
0.149
0.191
0.046
2.667
0.101
2.698
0.203
0.26
0.189
0.407
0.952
0.238
0.332
0.404
0.164
3.512
2.612
1.37
4.105
0.46
1.717
0.142
0.333
0.06
0.135
0.52
0.031
0.493
0.141
0.861
0.064
5.85
0.055
0.166
7.727
0.45
0.257
0.166
0.191
0.113
2.511
0.558
5.313
0.113
0.026
0.586
5.311
8.198
0.248
0.264
0.171
0.387
4.328
0.607
0.552
0.099
2.855
0.056
0.013
0.401
0.964
1.952
0.194
0.132
1.376
0.132
5.324
0.848
0.049
0.44
0.197
0.112
0.611
6.271
1.491
0.091
2.26
0.031
0.043
0.822
6.847
0.052
0.717
7.051
0.386
0.377
0.051
2.399
0.084
1.457
1.555
0.928
0.465
2.995
0.057
0.216
0.05
1.067
1.841
0.096
0.232
1.961
0.434
0.354
0.647
3.627
0.224
0.013
0.072
2.546
0.101
0.029
0.069
0.57
2.628
4.537
0.081
0.161
2.732
0.352
0.063
0.224
0.157
0.054
0.399
0.049
2.622
0.882
0.114
0.38
0.712
0.543
0.045
0.04
3.528
0.044
2.4
0.023
0.052
0.087
0.036
0.117
2.23
3.187
1.287
0.294
0.405
0.068
0.57
5.451
0.053
0.139
0.104
0.142
0.404
0.014
0.485
2.712
2.349
0.187
0.061
0.732
0.054
0.05
8.666
0.09
0.077
0.055
0.363
0.073
0.177
0.051
3.392
0.255
3.119
0.035
0.095
0.531
1.953
3.857
0.067
0.155
0.099
0.031
13.293
7.686
0.261
0.107
2.124
3.115
0.471
1.151
7.717
3.167
0.202
3.348
0.021
2.286
0.306
0.211
5.539
0.179
2.141
0.104
1.01
4.13
0.222
0.459
4.667
10.87
3.239
0.059
1.867
0.154
0.211
0.151
0.33
0.029
0.124
0.061
0.035
1.998
0.025
0.147
0.771
0.046
9.312
0.418
13.871
0.275
0.37
0.087
0.255
0.074
0.191
1.975
0.262
0.293
0.025
0.141
2.081
1.245
2.284
1.637
0.044
10.284
0.264
7.249
0.409
2.062
1.093
0.384
0.208
1.403
0.057
0.068
0.379
0.112
0.299
0.041
5.506
0.612
0.044
0.094
0.249
4.017
2.371
5.24
0.756
0.224
0.443
0.503
6.041
2.299
2.686
0.455
0.101
0.035
1.769
6.692
1.836
0.038
0.028
0.115
0.17
4.895
0.448
1.765
3.984
1.32
0.067
0.212
1.788
0.19
10.567
8.197
1.642
0.513
0.158
0.118
0.173
0.338
4.842
0.021
0.026
0.257
2.23
0.521
0.25
0.045
0.061
0.063
2.888
5.72
5.325
0.317
2.594
6.821
2.297
0.066
0.053
0.28
0.026
1.912
0.199
0.058
1.073
0.106
0.153
0.537
0.456
0.18
0.065
0.481
0.38
0.151
3.802
2.779
0.179
0.089
0.497
0.351
0.061
0.11
0.092
3.594
7.852
0.301
0.243
0.432
3.732
0.067
0.058
0.198
5.532
0.325
0.457
0.143
0.22
0.254
0.209
5.309
0.433
0.083
0.118
0.389
0.105
0.226
0.634
6.841
0.095
0.06
3.846
2.141
0.5
0.058
1.569
0.054
9.22
0.107
0.787
7.733
5.175
0.07
0.603
0.118
0.049
0.031
1.843
0.292
0.197
0.107
1.67
6.056
0.076
0.46
0.088
0.051
0.079
0.265
1.7
0.466
0.106
2.833
0.177
0.115
0.094
0.07
0.143
0.229
4.942
0.061
2.605
0.069
0.098
0.236
2.041
0.195
0.972
0.017
0.04
7.209
2.958
0.236
0.059
0.203
3.023
0.892
6.981
0.25
0.106
0.052
3.639
1.158
0.073
0.207
3.159
0.057
0.11
5.552
0.179
0.525
0.068
0.252
0.734
0.165
0.364
0.049
0.066
2.877
0.153
0.059
4.248
0.02
5.89
0.098
0.269
0.237
0.204
9.711
0.154
2.905
0.184
0.841
0.336
0.049
0.711
1.258
0.23
0.609
0.026
0.118
1.889
5.29
0.121
0.106
0.026
0.159
0.723
0.069
1.036
3.304
6.294
0.482
0.685
0.061
0.133
3.509
0.302
0.431
0.409
0.078
0.033
0.024
1.423
0.094
0.061
0.042
0.156
0.039
0.084
0.08
0.732
0.093
0.075
0.233
0.136
6.736
0.46
0.51
0.048
0.086
4.029
0.091
0.127
0.321
0.156
0.246
0.109
0.166
3.172
0.365
2.745
0.166
3.872
4.748
0.22
2.655
0.134
0.478
0.264
4.349
0.097
1.456
0.518
4.001
2.075
0.126
0.242
1.47
0.354
0.077
0.084
0.123
3.205
0.173
0.032
2.238
0.095
0.188
6.743
7.135
0.112
0.463
1.842
0.977
3.867
3.211
0.387
0.258
0.304
4.847
0.073
0.461
0.409
1.765
0.029
0.147
0.311
0.342
0.706
3.158
3.881
0.193
0.767
0.078
0.054
2.322
0.27
1.665
0.517
6.789
0.21
0.077
0.057
0.571
0.122
0.151
0.366
0.048
0.046
2.452
0.222
0.359
1.278
0.23
0.049
0.292
3.711
0.034
0.03
1.914
2.598
1.59
2.457
0.142
0.366
0.126
0.149
8.811
2.196
0.154
0.135
0.141
0.081
2.337
0.026
0.196
0.286
0.088
0.976
0.471
0.08
0.356
0.126
0.097
0.025
3.867
0.349
0.04
0.325
4.052
0.232
0.295
3.472
4.667
11.209
0.045
0.083
0.056
0.028
0.048
6.828
0.144
0.73
0.326
0.483
0.462
0.273
0.104
0.377
2.241
0.208
0.033
0.058
0.211
0.017
0.028
0.129
0.459
0.364
0.037
0.194
0.09
0.681
0.082
0.541
0.201
0.344
1.555
0.023
0.036
0.067
0.51
2.527
0.041
3.69
1.928
0.179
1.284
0.082
0.355
0.06
0.135
4.487
2.581
0.087
0.179
4.6
0.067
0.592
6.753
0.093
3.235
3.436
2.575
0.102
0.355
0.179
0.664
2.078
0.032
0.158
0.053
0.306
0.138
2.547
0.143
0.341
0.326
2.612
0.229
0.199
0.294
0.099
2.351
0.314
0.569
1.811
0.04
1.701
4.155
0.134
2.731
1.347
0.044
0.042
3.071
0.192
0.664
2.206
0.502
1.563
0.978
3.924
0.148
0.05
0.12
2.438
0.421
0.027
0.183
0.284
3.052
0.565
0.105
0.162
0.526
0.029
4.371
0.128
0.335
1.442
4.595
4.444
0.625
2.949
2.581
0.104
0.529
3.515
3.094
0.301
1.356
0.45
0.817
2.369
0.147
2.672
0.158
3.465
0.268
0.154
0.068
0.2
0.241
3.599
1.659
0.141
0.11
1.204
0.245
0.155
0.103
1.122
0.272
0.038
0.171
0.094
0.344
5.462
0.097
0.042
0.058
0.379
0.375
0.267
3.297
0.033
0.831
0.019
9.186
0.237
0.352
1.387
0.095
4.75
1.34
0.381
0.334
2.719
0.032
5.486
1.031
0.443
3.858
0.993
0.301
2.104
1.672
0.666
0.584
0.07
0.125
0.537
0.103
0.05
0.128
0.145
0.071
2.394
1.968
0.551
0.121
0.235
0.364
0.584
0.436
3.364
0.128
0.076
13.664
0.328
1.011
2.721
2.106
0.59
0.076
0.987
0.041
3.721
1.831
8.473
0.112
6.544
0.519
2.129
0.174
0.146
2.227
0.509
0.095
2.99
0.147
0.285
1.447
2.528
0.03
1.518
0.246
8.838
0.022
0.283
0.807
0.381
0.237
0.109
1.746
0.027
0.246
0.178
0.108
1.257
0.042
0.25
0.079
0.162
0.05
0.039
1.283
0.194
0.091
0.061
0.57
3.525
0.304
0.095
0.472
0.094
10.842
0.542
0.791
2.258
2.171
4.571
0.498
0.062
0.061
0.816
0.112
0.244
0.074
0.248
3.17
3.557
0.369
2.205
0.117
0.073
0.094
0.098
1.25
0.109
0.068
5.354
1.955
0.233
4.957
0.238
0.235
3.291
0.307
0.457
3.362
0.068
0.497
2.827
0.108
6.124
2.949
4.196
0.358
0.761
0.899
5.013
0.028
0.331
2.825
0.185
0.133
0.156
0.038
0.251
0.107
16.67
0.18
1.302
4.502
0.131
0.415
0.078
0.22
0.03
2.637
4.946
0.043
0.671
0.1
2.225
0.407
0.092
0.061
0.488
0.316
0.142
0.192
0.053
0.623
1.74
13.637
0.072
0.258
0.29
0.129
0.301
10.11
5.877
2.42
0.558
0.521
0.191
2.116
3.361
0.03
2.491
0.199
0.29
0.04
0.101
0.106
2.624
2.975
0.871
0.207
0.068
0.159
0.104
1.121
0.499
4.325
0.232
0.43
0.029
0.046
0.198
0.075
0.093
0.044
0.43
0.115
0.102
0.467
0.075
2.232
5.579
0.057
0.189
0.175
0.199
0.467
0.208
0.269
0.092
0.338
0.126
0.068
0.082
0.673
0.022
0.076
0.279
0.068
2.85
9.316
0.065
0.217
0.206
0.035
1.544
3.345
2.092
0.874
2.898
0.136
2.905
0.022
3.133
0.853
0.103
2.92
0.069
0.266
0.127
0.164
2.038
0.953
0.301
5.491
0.259
2.881
0.262
0.053
3.659
1.445
0.148
1.711
6.944
0.13
0.309
0.094
0.47
0.117
0.032
0.29
0.056
0.493
0.096
0.511
0.027
0.5
0.22
2.073
0.04
2.782
0.311
0.046
2.544
0.745
0.07
2.427
1.241
0.05
3.688
2.116
4.21
0.015
0.165
1.791
0.142
0.14
3.755
1.573
2.0
0.07
3.305
0.078
0.325
3.41
0.313
0.179
2.192
0.156
3.936
3.216
4.228
0.099
0.053
5.044
4.563
0.197
0.486
0.633
0.141
0.102
3.592
1.788
3.611
0.031
0.034
1.009
0.086
0.564
0.162
1.148
3.075
3.573
0.251
0.13
0.523
2.82
0.117
2.553
0.411
0.07
0.057
0.102
0.646
0.593
0.375
0.091
1.093
4.036
0.058
2.551
0.197
0.166
0.031
0.849
0.227
3.633
0.33
5.696
0.051
1.959
0.205
0.057
0.577
0.794
0.847
0.169
2.93
0.582
0.032
0.719
0.257
2.454
0.379
0.287
2.689
0.319
0.042
0.346
1.168
0.343
0.063
0.047
0.207
1.883
0.448
2.568
1.054
0.187
1.442
0.02
0.344
0.276
0.179
0.402
4.476
2.582
0.057
4.063
0.513
4.358
0.042
0.045
0.249
0.18
0.112
0.042
1.112
8.063
2.07
0.142
0.103
0.192
0.032
0.35
0.09
0.324
4.116
0.316
0.192
1.353
0.18
4.518
0.02
1.737
0.064
1.365
2.675
0.157
4.34
1.818
2.698
0.052
0.236
0.19
3.485
6.238
0.429
0.457
0.333
0.091
0.229
0.299
0.087
2.471
0.055
0.109
0.965
1.211
0.513
0.245
1.977
0.173
1.783
0.141
0.369
0.035
1.191
0.746
8.58
0.129
3.079
2.791
0.366
0.02
0.032
0.426
0.09
0.149
0.067
0.392
0.053
0.383
0.071
0.223
1.582
0.027
2.214
0.783
0.472
3.0
0.237
0.161
0.247
2.446
1.637
0.183
6.331
0.1
8.054
0.069
0.331
1.921
1.084
0.097
0.277
0.18
0.105
0.042
0.05
6.642
2.54
14.041
3.094
4.505
1.998
0.335
4.805
6.993
0.231
4.854
2.089
2.021
0.099
0.098
0.063
0.448
0.092
0.309
0.041
0.142
0.12
3.732
0.557
8.085
2.363
4.372
2.387
0.231
0.514
0.373
0.05
0.142
2.745
0.174
4.402
0.517
0.443
1.855
0.49
0.196
0.103
0.108
0.184
0.145
0.058
0.061
1.041
0.572
0.143
0.23
2.807
4.621
1.797
0.1
3.349
0.67
8.866
2.386
1.087
3.349
0.034
0.1
0.166
4.054
7.286
0.273
0.036
0.036
0.138
0.058
0.033
0.674
0.153
0.103
1.128
2.248
0.136
1.457
6.606
3.294
0.044
0.051
0.187
0.1
0.05
2.879
0.19
0.015
0.051
1.291
0.126
0.27
0.217
2.961
0.225
3.759
0.872
0.07
4.784
3.071
0.171
4.744
5.26
0.057
0.04
0.373
0.661
0.056
2.382
0.042
0.123
4.003
0.141
3.877
2.58
0.12
7.464
0.425
4.691
0.078
0.06
0.03
1.19
3.395
0.195
1.616
0.248
5.102
0.64
0.127
0.115
2.532
1.926
0.02
0.122
0.116
0.042
0.436
0.109
2.632
0.309
6.576
2.146
0.393
0.064
0.046
0.385
0.196
0.226
0.349
0.038
3.731
0.454
0.037
0.038
0.149
0.081
0.178
0.121
0.053
2.463
2.807
2.295
0.043
0.093
0.077
0.051
4.267
0.57
4.579
0.026
3.042
0.317
5.003
0.246
0.675
0.11
0.099
0.632
0.081
4.518
0.187
0.076
0.47
0.313
0.111
2.608
1.785
0.138
4.192
0.115
0.279
4.568
3.663
6.474
0.147
4.453
0.102
0.068
0.073
0.077
0.597
0.017
0.097
0.366
0.205
0.061
0.026
0.104
0.186
0.187
1.156
0.178
1.137
0.542
3.856
0.051
0.02
2.322
0.622
4.867
0.366
0.13
0.341
5.452
0.753
0.133
0.357
0.538
3.486
1.968
2.761
0.049
1.223
4.407
0.298
1.063
2.217
9.085
0.913
0.475
0.583
0.044
0.15
3.141
0.171
0.119
0.525
0.301
0.549
0.368
3.291
0.904
0.123
3.51
3.111
0.069
0.438
0.529
0.287
1.544
5.795
0.132
0.391
3.142
0.054
0.06
0.076
0.715
0.035
0.265
1.161
0.128
0.155
0.054
9.953
0.561
0.76
0.247
4.414
0.318
0.122
11.479
0.021
0.264
2.376
6.776
0.304
4.608
0.131
1.629
0.232
0.357
8.408
0.039
0.092
0.432
0.425
6.855
0.017
0.227
0.041
0.277
3.663
2.258
0.085
0.093
0.41
0.044
0.082
4.283
0.533
0.332
0.182
0.177
0.244
3.065
0.026
0.193
3.814
1.063
4.157
2.009
0.269
0.065
0.791
0.016
0.153
0.463
0.341
0.077
4.023
0.029
0.6
0.25
9.711
0.111
0.719
0.078
2.316
0.556
0.049
2.689
0.086
8.277
0.058
0.023
3.677
0.04
3.733
0.047
0.026
4.923
0.166
0.255
0.283
0.143
1.663
1.546
0.114
0.115
0.295
2.166
0.261
4.572
3.611
0.648
1.722
0.066
0.056
0.125
0.107
0.022
0.389
0.033
0.026
0.529
0.071
0.035
0.18
0.105
1.005
0.401
3.076
1.13
0.189
0.03
4.602
7.087
1.689
0.441
0.231
4.282
0.303
8.085
0.771
3.684
0.246
0.085
0.02
3.682
0.482
0.545
0.137
0.127
0.932
2.689
0.153
0.039
0.279
6.005
0.177
7.695
0.046
5.125
0.159
0.209
0.296
2.046
0.256
4.062
0.124
0.107
0.271
0.17
0.744
0.357
6.111
2.875
0.451
1.838
3.733
0.328
0.069
4.072
3.615
0.452
0.357
4.019
0.099
0.119
0.126
2.232
0.056
0.393
0.543
0.749
2.61
0.249
0.038
0.409
0.03
0.731
2.994
2.941
2.4
0.458
4.506
4.564
6.725
0.445
0.237
0.094
1.562
0.063
0.07
0.024
0.275
0.1
0.741
0.039
0.22
0.44
0.465
0.071
0.105
0.056
0.063
2.552
0.163
2.036
4.163
0.346
2.561
0.803
7.39
0.287
1.408
0.045
0.192
0.132
0.421
0.554
1.62
0.029
8.711
0.025
0.114
4.953
2.638
0.065
0.425
0.489
0.832
0.118
0.66
0.291
1.081
2.666
0.14
2.183
0.019
0.199
0.772
0.113
2.436
6.557
0.046
0.02
0.368
2.435
0.166
0.083
0.182
0.169
0.079
0.131
0.958
0.498
2.164
0.268
2.889
1.776
0.217
0.074
1.962
0.225
0.692
0.649
0.118
1.121
3.118
0.081
0.028
6.495
0.053
0.045
0.184
6.78
0.058
0.155
4.761
0.094
0.313
0.209
4.313
0.364
2.25
2.525
0.06
5.542
0.122
2.045
6.208
0.466
0.199
1.003
0.261
0.04
0.081
0.022
1.35
0.035
0.121
3.419
0.096
0.919
1.666
0.072
1.061
0.376
0.21
0.787
1.048
0.356
1.995
1.079
1.279
0.058
2.733
0.171
0.096
0.059
0.318
1.153
0.325
1.909
7.085
0.123
0.046
0.376
0.037
0.042
0.076
3.327
0.094
4.264
0.012
0.503
2.048
0.611
0.053
5.199
0.138
0.153
0.106
0.701
0.029
0.13
2.811
0.083
7.415
0.935
0.248
0.016
0.198
4.214
8.197
0.14
1.25
6.431
0.057
0.053
5.524
0.169
1.994
0.218
0.088
2.526
0.011
2.62
0.295
2.814
0.051
0.128
0.091
0.33
0.082
0.38
0.26
0.09
1.005
0.113
0.245
9.666
0.797
0.321
0.034
0.098
0.728
0.708
3.685
2.218
0.29
0.164
0.08
0.236
0.404
0.188
0.044
0.238
0.106
11.325
2.309
0.437
0.062
0.034
0.594
0.685
1.397
0.401
2.786
3.888
5.957
1.405
0.276
1.023
0.083
0.604
0.219
2.755
9.465
0.157
0.291
0.092
0.388
0.044
0.1
0.07
0.099
4.48
0.306
0.132
1.634
0.079
0.555
0.241
8.09
0.042
3.448
0.427
7.533
0.019
0.136
3.011
3.35
8.75
1.582
5.378
3.152
6.495
0.083
0.197
0.056
0.764
0.037
0.022
0.173
0.108
0.148
3.312
1.676
0.269
0.411
2.151
2.283
1.871
0.083
0.066
3.843
0.022
5.985
0.146
0.376
0.031
0.542
3.504
0.076
3.703
0.058
0.775
0.116
0.2
0.418
0.133
0.138
0.061
3.005
0.153
0.188
4.817
0.111
0.808
0.056
0.154
0.057
0.038
0.04
0.246
6.591
0.227
0.089
0.035
2.087
2.528
4.54
0.35
0.288
0.038
0.229
3.83
2.494
0.772
0.07
0.394
0.3
10.11
6.222
2.308
2.62
0.668
1.599
4.347
2.368
0.344
0.088
0.151
0.807
0.117
0.152
0.058
0.47
2.183
2.463
2.342
3.491
0.037
0.123
0.514
0.518
0.09
1.601
0.577
0.054
0.142
1.637
0.073
0.076
0.31
2.982
0.052
0.269
0.123
3.912
3.416
1.389
0.369
0.317
0.264
0.046
0.158
0.061
4.999
0.542
0.095
0.197
0.045
0.231
4.06
0.058
2.763
3.213
2.658
0.041
0.098
0.863
0.072
5.308
0.095
0.351
5.529
0.07
0.113
1.711
3.39
0.145
0.429
0.295
6.238
0.021
0.155
0.086
0.582
0.263
0.113
0.028
0.091
0.722
1.917
3.725
0.402
0.078
0.102
0.043
0.055
0.373
0.215
0.162
0.171
0.269
0.123
0.637
0.553
0.281
2.6
4.047
0.105
0.152
0.055
2.232
0.217
0.146
0.271
0.149
0.029
0.087
0.33
0.268
0.094
0.677
0.605
0.181
0.095
0.12
0.035
0.713
0.857
0.344
0.168
0.141
0.157
0.073
0.223
2.078
0.249
0.109
0.154
2.05
0.15
0.705
0.064
2.855
6.944
0.032
0.714
0.623
0.019
0.179
4.229
2.096
7.992
5.551
4.453
0.229
0.045
0.094
0.447
0.296
1.626
0.753
0.047
2.09
0.824
3.026
4.468
0.274
3.432
0.126
0.058
10.45
0.417
0.048
0.385
0.094
5.516
0.028
0.062
0.15
0.223
0.076
7.354
2.023
0.178
0.994
0.07
1.975
0.298
5.114
0.041
13.792
3.278
4.609
0.054
0.225
0.236
0.341
0.142
1.412
3.456
2.661
0.447
3.625
0.04
4.566
2.626
0.1
0.947
0.484
3.218
3.055
0.052
0.139
0.166
0.024
2.033
0.164
4.456
0.067
0.175
10.38
4.298
0.027
0.193
0.089
1.023
0.137
1.367
0.218
1.905
1.774
0.256
0.156
0.22
0.143
2.006
2.643
2.037
8.679
0.522
0.157
0.205
2.941
3.679
0.203
1.025
1.132
1.46
0.259
7.75
0.134
0.61
1.064
2.693
1.563
2.847
1.2
0.088
0.118
0.023
3.866
0.196
3.25
0.113
0.111
0.223
3.344
0.129
0.057
0.728
0.026
0.715
0.16
0.088
0.097
4.254
0.321
0.03
0.652
0.091
1.511
8.456
2.725
2.423
0.059
0.19
0.647
2.055
0.226
0.036
7.246
0.741
0.48
0.398
0.056
0.081
0.087
0.025
0.028
0.062
0.22
0.048
0.244
0.045
2.325
0.695
0.235
0.154
1.056
0.556
2.529
0.14
0.035
0.344
2.053
4.24
0.029
1.279
0.06
0.052
0.279
0.126
0.306
0.433
2.547
0.037
9.091
0.103
0.08
0.202
0.1
7.811
0.399
5.931
0.162
0.161
0.049
0.132
0.752
0.038
0.493
0.505
0.05
0.286
0.1
0.482
3.45
0.149
0.159
0.117
0.099
0.761
0.717
0.949
1.018
0.089
3.06
9.474
4.407
0.122
0.048
3.941
1.991
0.029
0.12
2.59
3.009
1.855
0.118
2.561
0.013
2.167
0.502
0.408
0.069
0.162
0.081
2.951
0.219
2.095
2.615
0.063
0.636
0.208
0.062
0.07
0.127
0.11
0.053
2.005
0.057
4.494
0.028
2.372
0.054
0.072
0.276
0.034
1.184
3.332
0.068
0.144
0.164
0.238
0.234
0.699
1.008
0.375
0.25
0.384
3.054
9.593
0.348
0.104
0.067
0.096
2.375
2.273
0.311
1.953
7.567
0.51
0.138
2.971
8.02
0.55
0.974
1.991
0.144
0.058
2.061
0.309
0.427
0.116
0.163
0.085
0.065
2.852
0.126
0.027
0.063
0.978
0.073
0.028
0.134
4.118
0.1
5.158
0.172
0.048
1.999
0.409
0.035
0.305
0.373
0.059
0.026
0.112
0.034
2.131
0.037
0.4
4.029
2.175
0.052
0.521
0.169
0.129
0.311
4.379
0.157
0.273
4.946
0.437
0.133
0.189
0.214
0.543
2.701
0.083
0.039
0.324
0.124
0.036
0.055
0.209
0.304
0.227
0.069
0.263
0.048
0.048
0.125
0.041
0.479
2.721
0.01
0.164
0.147
0.216
0.279
1.765
0.905
0.1
4.186
0.564
0.91
0.077
5.506
2.303
2.873
0.082
0.269
0.636
0.245
0.091
0.289
0.455
0.808
3.543
0.104
0.129
0.098
3.405
0.073
0.949
0.087
3.76
8.779
0.04
0.09
0.099
1.11
0.104
0.244
0.347
0.077
0.314
0.468
3.898
0.106
0.487
0.067
0.165
0.208
1.869
7.549
0.118
1.253
2.841
0.161
0.237
0.084
0.121
0.482
0.563
3.5
2.457
0.566
0.507
2.732
0.127
0.1
0.13
2.737
2.842
0.349
0.215
8.626
0.138
3.415
0.046
2.709
0.32
0.08
1.793
0.039
1.32
0.184
2.619
0.054
0.183
0.775
0.718
4.662
0.039
7.525
1.614
0.064
0.788
0.467
0.025
2.444
0.069
0.076
1.714
0.393
0.096
0.12
0.136
0.307
2.614
0.362
0.018
6.339
0.973
0.267
0.448
6.154
0.07
0.057
0.116
0.041
4.692
5.326
0.1
2.868
0.821
3.544
0.544
0.026
1.792
6.683
0.187
0.209
0.119
0.044
0.097
0.119
6.158
1.408
0.058
2.406
0.668
1.897
2.862
0.245
8.001
0.127
0.094
0.831
0.657
0.034
0.111
0.597
0.136
0.041
0.315
11.638
3.58
0.083
0.399
0.051
0.1
0.081
0.152
0.39
0.143
0.284
0.122
0.154
0.171
0.054
0.037
0.526
3.499
0.792
0.089
4.501
0.055
0.331
9.002
2.193
0.107
0.142
3.964
0.283
0.142
6.805
0.082
0.09
0.09
0.073
0.179
0.061
0.506
1.946
0.41
2.394
3.25
0.584
0.026
4.4
0.113
0.259
0.386
0.066
0.038
1.848
1.653
12.475
0.05
0.174
0.12
2.67
0.172
0.042
5.701
0.723
1.931
0.053
2.507
0.033
3.712
0.11
0.255
0.284
0.055
0.164
0.275
0.069
1.261
0.537
0.05
1.57
0.137
0.184
5.089
0.551
0.114
1.883
2.095
1.881
0.075
5.834
0.276
1.772
0.198
0.073
0.162
0.035
0.405
7.258
0.291
0.12
0.447
2.975
0.113
0.345
2.198
0.042
2.226
0.043
0.04
2.157
0.262
0.043
2.086
0.193
0.303
0.094
0.055
0.077
0.141
0.236
0.133
0.019
0.098
1.182
1.626
2.914
0.176
1.019
0.048
4.442
0.055
0.148
6.951
0.021
1.118
0.026
0.238
0.089
1.499
0.062
2.362
0.23
0.076
0.196
5.135
0.349
0.102
0.037
0.256
0.087
0.067
0.122
0.328
0.215
0.099
0.083
4.641
1.921
0.341
0.279
0.097
2.784
0.089
0.175
12.738
0.067
4.54
0.022
0.128
1.74
2.796
0.672
2.807
3.809
3.578
0.173
0.214
12.2
0.186
1.964
0.03
0.064
0.511
0.136
0.144
0.565
0.178
0.085
0.149
0.166
0.522
5.43
0.236
0.08
0.521
0.895
0.443
1.962
1.222
0.122
3.583
1.688
0.216
4.277
0.441
0.069
3.382
0.084
0.061
0.829
0.322
0.376
2.497
0.36
0.665
0.171
0.129
3.786
1.379
2.042
0.373
0.026
0.304
0.437
0.655
2.759
0.191
0.105
0.155
0.131
2.857
8.545
1.069
0.332
0.207
3.663
0.412
0.104
1.2
0.333
2.859
0.073
0.795
0.724
6.097
0.064
8.429
1.629
0.135
0.274
0.633
0.383
0.05
0.079
0.014
0.167
5.588
0.063
2.58
0.146
0.657
6.519
0.387
2.0
4.533
0.092
8.96
1.137
0.269
5.028
0.29
1.589
0.09
0.159
0.684
0.089
0.032
0.282
6.83
0.428
0.078
1.459
0.029
3.593
0.787
0.05
0.412
0.154
2.484
0.025
0.192
1.647
5.745
0.687
0.281
0.519
10.36
0.067
0.085
0.07
5.289
2.08
0.421
0.23
0.501
0.922
0.197
0.087
4.184
0.048
0.5
2.947
4.776
0.119
0.114
0.216
0.296
0.365
0.033
5.142
1.112
2.853
0.361
1.933
0.075
0.362
9.152
7.334
0.113
0.266
0.072
0.151
0.187
0.136
0.09
0.237
0.056
0.125
0.538
0.128
0.14
0.487
4.247
7.73
0.337
0.526
2.68
1.186
0.834
2.227
4.063
0.201
2.464
5.19
1.288
3.26
0.172
2.438
0.25
0.097
0.206
0.523
0.146
3.101
0.425
0.071
0.059
2.919
0.949
3.826
3.986
1.241
0.168
6.848
0.076
0.047
0.044
0.547
0.03
0.016
0.447
0.272
0.12
0.045
0.078
0.546
0.305
0.248
0.29
2.8
0.041
2.098
3.595
11.154
4.79
0.373
3.837
2.292
0.088
0.161
0.185
2.102
0.137
0.028
3.37
0.403
0.195
0.29
1.02
0.495
3.342
0.446
0.031
0.264
2.647
0.158
3.188
0.217
0.054
3.425
0.323
0.063
0.4
0.882
0.12
8.942
0.062
1.175
0.086
0.118
0.292
0.071
3.693
0.042
4.467
0.063
0.103
9.067
0.465
0.147
0.735
0.194
0.307
0.049
0.247
3.558
0.786
1.167
0.332
0.084
0.081
5.977
0.032
0.581
0.107
0.18
3.531
0.568
1.859
1.288
3.019
2.658
0.08
0.025
6.136
0.1
0.72
2.37
3.4
0.122
0.088
0.088
0.077
0.024
2.763
3.346
0.052
0.087
0.425
0.618
0.315
0.08
0.255
3.576
0.015
3.392
0.11
0.234
0.072
0.28
0.23
0.072
0.137
6.524
0.011
0.033
0.104
0.15
0.198
0.029
0.645
1.165
4.336
9.874
1.864
0.161
1.242
2.712
0.288
0.07
4.172
2.144
0.132
0.397
0.925
0.182
0.045
3.689
0.227
2.631
5.687
0.21
0.049
5.182
0.049
3.027
0.18
0.03
0.119
0.224
1.137
0.133
0.02
0.072
7.368
0.878
2.002
0.723
0.052
0.055
0.078
0.166
3.795
1.81
0.276
7.733
0.081
0.084
2.448
9.467
3.333
0.161
5.879
0.395
0.175
0.059
0.243
0.049
0.089
0.358
0.113
2.179
0.094
2.959
0.199
0.101
0.823
0.371
0.216
0.022
1.17
0.998
0.119
1.688
3.409
4.25
2.582
2.977
0.317
0.071
0.341
7.521
2.464
5.548
2.954
0.047
4.048
0.049
0.262
1.226
0.283
3.744
0.063
0.055
0.74
1.061
0.031
0.065
0.201
0.652
0.059
0.578
0.181
0.095
0.392
0.107
0.03
0.055
0.982
4.153
0.326
0.133
0.28
0.057
0.185
0.029
0.282
1.217
2.201
0.133
0.106
0.263
0.692
0.267
0.088
2.681
5.256
0.033
2.095
0.062
0.158
0.335
0.094
0.309
0.449
0.789
4.005
0.056
0.095
0.11
0.088
0.044
0.23
3.979
0.787
2.406
0.335
1.953
0.085
0.226
4.274
0.18
0.163
0.09
0.091
0.115
0.033
0.29
0.268
0.03
5.215
0.038
0.118
4.437
0.109
0.905
0.044
0.975
0.937
8.619
0.38
0.6
0.322
0.198
0.18
0.354
0.749
0.026
0.09
1.726
2.721
0.055
2.939
0.039
0.238
0.095
0.035
0.282
0.664
0.168
0.76
6.847
0.826
0.487
4.243
0.035
0.046
0.124
0.917
0.035
0.034
0.068
0.19
0.142
3.452
0.031
0.547
0.076
1.512
2.448
0.196
0.36
1.82
2.256
0.046
5.174
0.173
0.48
3.838
3.572
0.052
1.44
0.219
7.688
0.448
0.281
0.034
2.492
0.047
0.451
0.217
0.089
3.506
0.019
11.219
0.109
0.753
0.778
8.359
0.16
0.447
0.11
0.083
0.054
0.042
0.166
4.095
0.061
2.994
1.558
1.154
0.078
1.623
0.922
0.132
2.204
1.744
0.086
0.26
0.016
0.087
0.164
0.229
0.085
0.488
0.196
1.199
0.709
0.031
0.254
1.241
2.301
3.625
0.389
3.994
0.049
0.052
0.084
0.068
11.029
1.261
3.416
0.027
0.156
0.022
1.804
2.313
0.177
0.697
0.217
2.094
0.405
0.197
0.038
0.051
0.104
0.159
0.777
0.066
0.094
0.175
0.031
0.117
0.486
1.105
6.624
0.04
0.18
3.224
0.327
0.164
0.394
0.059
2.228
1.276
4.516
0.104
2.366
0.589
0.078
0.075
1.249
0.282
0.079
1.095
2.704
0.139
5.576
0.057
2.117
0.615
0.02
0.168
0.034
2.187
4.707
0.086
1.411
0.033
0.164
0.496
0.302
0.203
0.044
0.32
0.075
3.182
3.649
4.634
0.946
3.577
5.096
0.239
0.176
1.089
0.142
2.852
2.972
0.198
0.204
0.261
0.403
9.588
2.782
0.083
0.15
3.62
3.193
0.241
0.195
0.139
0.07
0.338
2.511
0.331
7.784
2.146
0.174
5.439
0.221
0.12
0.326
0.222
0.335
0.14
0.387
0.501
3.81
0.719
0.28
5.023
3.44
0.117
0.334
1.893
0.044
0.379
4.947
0.038
0.047
0.135
0.503
3.215
0.093
0.702
0.325
0.025
0.035
1.075
0.042
0.085
0.039
2.452
3.235
12.801
0.27
3.114
10.915
0.113
0.036
0.512
6.401
0.062
0.358
2.199
0.356
0.777
0.169
0.339
2.672
0.6
0.302
4.268
0.451
0.428
0.089
0.23
0.041
0.033
0.042
0.103
0.156
0.848
5.634
2.427
0.067
3.257
0.062
0.928
0.241
1.614
1.325
4.1
0.672
0.383
0.036
2.766
0.293
4.447
0.069
0.257
1.514
2.259
0.086
0.575
0.394
0.045
8.528
0.265
0.329
0.056
0.087
4.13
0.024
2.223
0.817
0.366
0.107
8.273
0.409
0.065
0.131
0.211
0.356
2.168
0.196
1.313
0.112
0.349
0.254
0.049
0.058
0.206
0.193
0.177
0.365
0.637
0.983
4.324
0.16
0.075
0.409
0.068
3.495
1.762
5.551
0.256
6.307
1.188
0.045
0.084
0.615
0.084
0.446
0.037
4.983
0.053
0.271
0.093
0.207
0.297
2.586
6.684
2.79
0.871
0.548
2.247
10.149
3.234
0.113
0.299
0.238
0.171
0.052
5.956
3.365
5.338
0.155
0.052
3.264
0.386
0.067
0.17
1.793
0.1
3.932
2.2
0.176
0.092
3.029
0.017
0.373
0.419
0.042
0.073
3.977
0.223
0.12
0.084
0.265
0.593
0.048
0.652
0.017
0.053
1.964
0.134
1.768
0.127
0.305
0.052
0.552
1.668
0.091
3.466
3.96
0.578
2.522
0.033
0.32
0.835
0.039
0.051
1.775
0.486
0.072
0.248
0.257
3.964
1.166
0.027
0.132
0.129
0.156
0.275
1.571
4.124
3.18
0.05
0.182
0.054
12.077
0.067
0.155
0.015
1.082
0.052
4.01
0.128
0.226
2.363
6.923
0.127
4.08
0.06
1.484
1.073
4.801
1.099
1.373
0.299
0.062
0.101
0.055
2.747
2.873
5.896
3.607
0.028
3.555
0.06
0.169
0.157
0.036
0.278
0.354
5.036
5.534
0.072
0.055
5.322
0.222
0.042
2.624
0.576
0.141
0.042
0.439
0.237
0.221
0.031
0.121
3.843
4.885
0.193
1.558
0.229
0.393
0.251
0.28
0.378
4.363
0.184
10.023
0.028
0.451
0.101
0.364
0.041
1.261
0.185
0.196
0.495
0.073
0.472
0.021
0.096
0.027
0.053
0.029
0.102
4.289
3.051
0.077
0.185
0.515
1.254
2.487
0.797
0.057
0.174
2.569
0.019
4.073
0.235
0.066
0.506
1.661
3.031
0.331
0.618
0.365
1.724
0.264
0.298
0.031
8.087
0.051
0.551
0.09
0.088
0.398
0.481
7.617
10.953
0.042
0.055
3.654
0.187
0.17
0.076
0.458
0.035
0.069
4.806
1.938
0.301
0.713
0.138
10.349
0.404
0.017
0.094
0.062
0.349
2.8
0.288
0.063
1.82
0.188
4.986
3.829
2.522
0.253
0.158
0.082
0.079
0.273
3.751
9.728
0.192
2.791
4.411
2.526
0.06
0.792
0.261
0.301
0.157
0.762
0.345
0.037
0.339
0.036
0.059
0.088
0.202
5.048
0.285
0.2
0.607
0.296
4.802
0.06
0.303
0.176
0.03
0.058
5.079
0.097
0.633
0.943
0.034
0.085
1.111
0.385
3.147
0.129
0.413
0.36
0.15
0.9
0.233
0.107
4.873
0.02
0.054
0.213
0.066
0.019
0.054
9.766
0.223
0.13
0.047
0.5
2.483
0.193
0.221
0.066
0.08
0.115
0.676
0.097
0.102
0.247
0.191
0.321
0.044
2.332
1.085
3.492
0.209
0.151
0.534
0.034
5.209
1.703
0.112
0.393
4.919
0.045
0.197
0.111
0.205
0.207
0.066
0.319
0.341
2.113
0.027
0.124
0.109
0.106
0.043
1.122
0.047
0.14
0.037
0.146
3.328
0.035
0.059
6.743
2.703
3.429
2.636
3.427
0.079
0.612
0.048
4.034
0.103
0.155
6.574
0.042
2.798
0.083
1.921
2.762
0.34
0.057
0.039
6.402
0.039
0.248
3.377
0.144
5.844
0.242
0.245
0.721
0.531
0.319
0.432
1.032
0.274
4.266
0.036
0.02
1.69
0.82
4.328
0.43
0.861
3.725
0.219
0.055
9.376
2.285
1.218
0.484
0.614
0.063
0.283
0.251
0.077
0.158
0.032
2.929
0.659
0.072
0.238
1.015
0.056
0.664
1.752
0.042
0.02
3.064
0.031
0.045
0.031
0.295
0.153
0.287
9.506
0.292
0.114
0.031
2.929
1.548
2.236
0.227
0.677
0.437
0.305
0.024
0.021
0.041
0.708
0.031
0.035
4.812
0.469
0.192
0.223
1.823
0.706
2.809
4.263
10.642
0.064
0.148
0.034
15.082
5.228
0.115
0.491
0.405
0.138
0.24
0.039
0.076
5.987
3.152
1.485
3.413
10.307
6.916
4.375
0.045
5.011
0.091
0.045
0.572
1.039
0.057
1.902
0.121
0.038
0.129
4.521
0.316
0.098
0.173
0.104
3.306
0.143
0.046
0.117
3.108
0.062
9.39
0.534
0.077
0.038
0.903
0.381
0.382
0.074
0.075
0.25
4.15
0.175
0.078
2.304
1.89
0.76
0.366
0.041
0.155
2.45
0.038
0.046
2.52
0.099
0.092
6.867
0.075
4.391
0.067
0.118
0.025
0.221
9.085
3.747
0.054
0.027
5.403
2.352
0.035
0.049
0.069
10.092
0.229
4.118
0.353
0.04
0.105
0.805
2.363
0.22
0.034
0.337
1.339
2.771
0.357
9.608
0.107
4.937
0.166
8.788
0.026
0.359
0.217
0.073
0.375
0.163
2.832
0.214
0.733
0.471
3.802
0.118
0.224
0.312
0.054
4.591
0.095
0.08
0.037
0.057
0.946
0.031
4.136
0.167
0.325
3.476
0.095
0.036
0.021
0.031
0.051
5.895
4.263
0.048
5.213
0.228
2.117
0.622
0.034
0.324
0.114
0.733
0.706
0.278
0.04
0.178
0.342
0.069
0.177
0.421
0.197
0.078
0.143
0.269
2.422
5.385
0.109
0.877
0.083
1.166
0.399
0.357
0.154
0.296
0.557
1.143
2.141
0.035
0.143
0.344
3.123
2.72
0.026
0.123
0.228
2.258
0.168
0.239
0.138
0.123
0.249
0.176
0.085
2.242
0.603
0.019
0.072
2.518
5.725
0.207
0.098
0.129
0.164
0.199
0.367
1.92
0.404
2.166
0.403
0.771
0.456
0.272
6.092
2.68
4.237
0.206
0.301
12.264
7.084
1.106
0.258
5.089
0.279
2.907
0.174
1.01
0.099
1.21
0.091
0.222
0.028
0.813
0.422
0.489
3.307
5.161
0.721
0.122
0.536
4.782
0.23
0.611
0.571
7.353
0.31
4.805
0.4
3.161
0.589
0.92
0.042
1.546
0.025
0.239
0.12
1.42
0.085
0.554
0.073
3.072
0.176
0.15
0.124
4.516
0.068
3.349
0.142
2.029
0.036
0.161
0.114
0.073
0.086
0.171
0.381
2.879
0.104
0.332
0.127
3.524
1.987
0.034
0.238
0.164
1.195
0.353
0.256
0.099
0.298
15.771
3.388
0.08
1.815
0.085
0.216
0.023
0.517
0.046
0.026
0.569
0.274
0.112
0.082
4.389
0.303
0.505
3.381
0.103
0.279
0.035
0.202
3.84
0.425
0.093
0.163
1.66
0.514
0.451
4.715
0.051
3.826
3.767
1.307
2.549
9.339
0.589
0.424
3.124
0.285
0.069
0.85
2.697
2.053
1.125
0.286
0.111
0.069
0.327
2.427
0.568
0.959
0.371
4.902
0.101
1.082
2.477
1.813
5.844
3.463
0.073
1.843
0.14
0.133
1.567
0.49
0.235
1.824
0.579
0.188
4.067
0.06
0.196
0.189
0.113
0.212
0.182
0.054
2.14
0.145
0.054
0.851
0.104
1.736
0.954
0.094
0.092
0.138
0.091
0.184
0.118
0.045
3.579
0.096
0.109
1.173
0.092
0.648
0.092
0.167
0.106
5.968
0.295
0.178
0.047
0.873
2.554
0.06
0.802
0.321
0.477
4.631
0.263
1.356
0.037
0.288
0.239
0.116
0.117
1.153
0.015
0.903
0.126
0.278
5.957
0.078
2.58
0.353
0.017
0.046
7.977
0.498
3.4
4.122
0.068
1.43
0.248
0.04
0.273
0.243
0.33
0.07
0.155
0.733
0.679
0.041
0.035
2.139
0.262
0.158
0.041
0.309
4.536
7.426
0.619
0.262
0.727
1.042
0.072
0.062
0.03
0.074
0.176
0.631
2.914
2.881
0.039
2.535
0.066
0.225
0.074
0.103
0.223
9.048
0.331
0.714
0.078
0.4
5.135
0.044
0.157
0.157
0.356
0.087
0.152
0.584
3.137
3.066
0.66
2.529
0.294
0.059
0.038
0.093
1.836
0.063
0.045
0.156
2.203
0.084
6.552
1.875
0.429
0.046
0.199
0.188
0.532
0.024
0.037
3.213
3.147
0.052
0.168
0.254
0.028
0.075
0.428
0.076
0.082
2.386
0.106
3.301
4.692
0.064
0.25
5.113
1.58
3.161
0.412
0.262
2.095
0.089
0.36
0.136
2.709
0.075
0.047
0.032
0.078
4.578
0.6
3.843
0.095
0.087
1.576
7.518
0.849
0.014
0.827
0.077
2.426
0.034
3.239
0.303
0.047
0.136
1.093
0.035
3.771
0.085
1.935
0.095
0.295
2.228
0.081
0.123
0.148
3.446
3.205
0.995
2.663
0.051
0.083
0.167
0.151
5.963
0.292
0.352
0.134
0.076
0.419
2.211
4.211
0.087
0.064
0.411
0.047
11.104
3.522
0.891
0.736
0.263
0.127
0.08
1.966
7.836
0.137
2.185
0.345
2.498
0.278
0.425
0.03
0.096
0.15
3.227
0.209
4.018
1.485
0.538
0.045
3.256
0.323
0.021
4.226
0.071
0.149
4.734
0.046
0.299
9.488
0.178
0.056
6.542
0.029
3.48
2.72
0.101
0.033
0.376
4.299
0.035
7.25
0.306
0.834
0.205
0.411
0.334
0.737
1.442
0.941
0.258
0.151
4.121
0.142
0.089
0.49
2.341
0.178
0.351
1.082
5.369
0.197
2.604
0.013
4.535
0.126
0.084
0.068
0.08
0.138
0.257
1.124
0.231
0.088
0.233
0.136
1.709
0.319
0.062
0.167
0.306
0.668
0.088
0.34
1.064
5.231
5.001
0.46
0.259
0.029
5.943
0.345
4.212
0.043
0.332
2.159
0.265
0.652
1.618
0.811
0.039
1.01
0.459
0.249
4.206
2.579
0.226
0.205
0.206
0.048
0.191
0.091
0.033
7.271
1.771
0.915
0.284
0.062
0.258
0.064
2.534
0.154
0.079
14.663
0.479
2.736
0.095
0.044
0.18
0.69
2.635
0.169
0.053
0.961
0.118
0.73
2.862
0.185
0.101
0.203
0.082
0.061
0.055
0.039
0.028
0.138
0.057
0.072
0.177
0.044
0.074
2.54
0.067
0.037
0.559
2.079
2.451
0.818
6.596
0.466
4.516
0.102
0.056
0.041
0.057
0.162
0.029
2.359
0.099
1.321
0.097
0.089
0.226
2.621
2.812
0.031
0.056
0.564
0.069
2.857
0.085
2.528
0.149
0.077
0.137
0.268
3.563
0.09
0.043
0.108
0.323
1.829
2.058
0.047
0.163
0.421
0.021
0.087
2.499
0.092
2.166
0.036
2.287
0.618
0.081
0.454
0.119
0.281
0.042
3.035
6.404
0.055
0.65
0.986
0.719
7.911
0.415
0.662
0.126
2.058
4.106
0.412
5.106
0.139
0.15
0.326
3.774
0.198
8.725
0.718
0.123
0.083
0.14
5.972
0.033
0.026
4.59
0.122
0.157
1.936
0.061
4.163
3.164
0.322
0.069
0.086
0.019
0.21
0.046
2.406
0.135
0.057
0.143
0.118
0.164
0.974
1.501
0.333
0.272
0.236
2.751
0.692
1.436
0.112
0.582
1.599
0.041
0.033
0.1
0.143
2.266
4.405
0.179
1.04
2.326
1.629
0.433
4.053
0.156
5.037
1.513
0.097
1.132
7.958
0.237
0.407
4.672
0.09
0.273
0.194
0.308
0.13
0.028
4.934
0.574
8.074
2.476
4.083
0.051
0.088
5.084
0.281
4.622
0.449
0.171
3.83
1.762
3.671
0.195
0.021
1.042
0.051
11.471
0.123
0.132
2.335
0.875
0.124
0.32
0.104
0.22
0.191
0.121
0.042
0.659
4.455
6.121
0.25
5.207
0.643
0.123
3.843
0.436
0.117
0.198
2.022
2.111
2.85
0.08
5.564
1.136
9.738
0.127
0.079
7.025
2.715
5.317
0.185
0.034
0.047
1.524
0.442
0.05
1.75
0.522
2.123
4.489
0.319
2.959
0.156
0.34
1.962
6.065
0.098
0.081
0.13
0.791
0.141
0.145
0.105
0.258
0.062
0.046
4.203
0.199
0.139
0.041
0.426
0.061
0.025
1.133
0.363
0.267
0.234
0.213
0.103
0.054
3.519
0.23
0.284
0.117
1.018
0.193
0.045
2.064
0.38
0.332
0.068
4.146
0.058
9.778
0.099
4.003
0.085
1.817
0.308
0.075
0.296
0.09
2.091
0.213
1.079
0.089
0.095
0.161
3.762
0.055
0.151
0.428
0.491
0.06
2.844
1.093
3.614
0.319
6.098
3.78
0.367
0.051
0.144
0.084
0.205
0.086
0.056
0.156
0.094
0.122
0.335
0.085
3.053
0.026
1.736
0.041
0.29
3.496
4.193
5.463
0.242
0.128
0.261
0.054
0.325
0.186
0.469
5.502
1.706
0.831
0.019
2.132
0.171
0.238
0.358
0.06
0.167
0.209
1.82
15.595
0.311
0.041
2.995
1.424
4.902
0.746
0.723
1.695
0.025
0.032
0.092
0.32
0.429
0.123
2.9
0.091
0.153
2.049
0.667
2.338
0.245
0.042
0.035
0.049
0.138
0.097
4.798
6.54
2.48
0.855
0.135
0.251
0.916
0.071
0.204
1.585
0.081
0.14
0.09
0.221
2.596
2.072
0.246
0.11
0.102
0.08
0.145
5.593
0.5
0.319
0.301
4.763
0.111
2.875
0.162
0.018
0.105
0.04
0.276
0.026
0.139
0.021
2.478
0.047
0.223
0.095
0.308
0.514
3.654
0.022
4.57
0.049
7.104
0.068
0.332
1.304
2.133
0.23
0.115
0.049
0.487
0.025
0.066
0.091
0.923
4.438
0.077
2.75
2.623
2.536
0.05
0.016
0.027
0.189
0.169
0.133
0.127
0.482
0.062
0.266
0.122
11.815
0.043
0.546
0.208
0.032
0.02
0.903
0.117
2.575
2.204
2.705
5.365
0.054
0.186
0.041
0.513
0.371
3.16
0.184
0.033
0.252
7.55
0.688
2.07
2.209
0.069
7.774
0.935
2.847
0.089
0.033
4.258
4.717
0.28
0.063
0.355
0.161
0.145
0.145
0.26
0.355
4.047
0.049
0.058
0.077
3.977
0.398
0.481
0.098
3.746
0.108
0.248
0.481
0.062
0.123
0.22
0.145
0.365
0.074
0.064
3.357
0.068
0.163
0.096
4.95
0.065
0.131
0.067
0.124
0.078
0.221
0.158
0.949
0.457
0.547
5.307
0.075
1.283
0.228
0.205
1.581
1.933
0.267
0.088
0.083
0.674
0.381
2.041
1.629
3.52
0.56
0.15
0.293
0.783
0.018
3.639
0.11
0.026
0.174
0.101
4.739
0.221
11.933
2.504
0.967
0.203
0.189
0.1
0.039
3.162
0.888
0.128
0.14
4.328
0.207
0.025
0.115
0.36
0.146
0.319
0.132
3.245
0.443
0.066
5.183
0.067
1.019
0.47
0.428
0.081
0.23
0.376
0.062
0.036
1.898
0.081
2.603
0.076
0.36
0.037
0.546
1.861
10.173
0.03
5.35
0.064
0.169
5.268
0.905
2.942
6.526
6.45
0.627
2.75
2.155
3.805
0.297
0.26
1.081
0.536
0.572
0.201
0.073
0.278
4.364
0.222
0.031
1.553
0.111
0.087
0.03
0.156
3.841
0.426
0.208
0.168
4.394
0.458
2.632
0.58
0.107
9.268
0.246
5.844
0.288
0.273
0.258
0.605
0.135
0.066
0.068
2.505
5.359
1.981
5.166
0.134
1.098
0.754
0.034
0.165
0.172
0.876
8.035
0.188
0.385
0.038
0.049
2.701
4.231
0.056
5.068
10.997
0.032
3.955
0.038
0.993
0.019
1.057
0.398
0.128
2.304
0.242
0.361
4.21
0.061
0.065
0.061
0.087
0.061
0.322
2.804
3.338
0.467
0.272
0.101
2.815
0.164
0.223
0.084
0.194
0.028
0.782
0.287
0.426
0.723
0.044
0.951
2.637
3.242
2.459
2.157
0.151
0.127
0.406
5.115
0.075
0.011
0.43
0.276
3.385
3.649
3.493
1.058
0.075
2.031
0.085
0.983
0.397
0.82
3.228
0.235
3.408
0.16
0.243
3.895
0.31
0.05
0.242
5.775
0.057
0.574
0.566
0.196
0.135
0.312
0.313
1.993
0.506
0.342
0.123
0.283
1.914
0.132
0.252
0.889
9.833
1.666
0.062
0.404
0.093
0.205
1.616
0.446
2.249
0.066
0.261
10.798
3.747
0.095
1.162
2.627
2.643
0.248
0.155
0.046
0.395
1.241
0.25
2.29
2.203
0.051
2.604
0.156
0.464
0.328
0.054
0.221
0.233
0.348
0.47
7.648
0.065
0.256
0.166
5.196
0.023
0.121
0.646
7.163
0.047
0.12
0.074
4.172
0.178
0.033
7.679
1.437
3.698
0.097
2.143
0.429
1.092
0.276
0.181
0.071
1.834
0.476
0.16
5.954
0.27
0.047
0.032
0.664
0.479
0.237
0.213
2.815
0.451
0.567
0.502
0.126
0.16
0.024
0.328
0.144
0.211
0.295
0.193
0.243
2.96
0.11
0.134
6.589
0.192
0.181
0.049
0.165
0.048
4.866
0.076
1.804
0.205
0.177
0.148
3.201
0.052
0.788
0.053
0.056
0.052
0.453
8.102
0.067
1.963
0.458
5.517
2.995
3.072
7.699
0.03
2.471
2.638
0.022
0.016
0.533
0.022
0.201
1.538
0.075
0.054
0.484
0.44
0.659
0.207
3.737
2.993
3.377
1.317
0.126
5.684
0.138
7.489
6.24
0.128
2.793
0.034
1.952
1.782
0.146
0.057
1.029
0.072
0.857
2.818
0.062
3.883
0.258
0.571
0.684
0.23
0.12
2.231
2.722
0.049
0.083
0.108
0.056
0.427
0.311
3.902
0.085
0.046
0.555
0.053
0.287
0.085
4.035
9.598
3.913
6.397
0.106
9.424
0.39
0.216
0.244
0.065
5.686
0.051
0.563
0.093
0.118
0.692
0.395
0.026
0.091
0.613
4.734
2.453
0.043
7.569
0.098
3.666
0.091
1.908
0.166
0.097
3.014
4.415
0.055
0.05
3.884
0.035
0.078
0.141
2.548
3.567
0.023
0.828
0.541
0.14
0.126
3.084
0.044
0.329
5.825
1.983
0.076
0.795
2.977
0.049
0.193
0.184
1.878
0.071
0.153
0.048
0.145
0.02
0.356
3.435
0.091
2.216
4.338
0.343
0.057
0.033
0.935
3.957
0.075
2.569
0.201
0.155
0.177
0.105
0.173
8.395
4.294
0.189
3.326
2.819
0.32
0.013
1.401
0.056
0.722
3.951
0.153
0.597
3.404
0.037
0.646
0.426
4.34
0.086
0.273
0.075
0.038
5.736
4.615
2.12
1.08
0.192
10.501
0.376
0.245
0.424
0.758
0.352
5.288
0.152
7.515
0.135
0.067
0.444
0.121
0.234
3.893
4.791
6.821
0.185
0.331
0.041
0.237
0.051
0.52
0.052
1.857
2.636
0.145
0.052
6.606
1.033
3.332
0.062
1.212
0.034
1.782
1.514
14.749
3.496
2.481
1.783
0.455
0.069
0.069
1.792
0.063
2.914
0.074
0.125
0.099
2.945
6.058
0.158
0.06
0.088
8.133
0.594
2.279
1.005
1.233
0.045
2.696
0.249
0.162
0.841
3.638
0.198
0.23
0.049
0.054
2.457
0.039
0.108
0.082
2.235
0.044
0.92
0.692
0.136
0.182
0.219
4.335
0.098
4.158
0.06
0.071
0.082
0.09
0.027
0.16
5.057
0.613
0.094
0.099
0.383
1.189
0.117
0.281
0.062
1.021
0.05
0.088
0.071
0.036
0.07
5.433
1.372
0.089
0.287
0.404
0.191
3.185
5.064
0.234
0.107
0.178
0.117
0.108
0.075
2.691
0.098
0.029
0.061
1.941
0.094
0.092
3.743
2.802
6.926
0.047
0.112
0.074
0.523
0.152
0.054
4.461
5.212
0.088
2.556
10.104
0.355
0.456
0.139
0.398
0.326
0.274
0.062
0.287
0.023
3.17
0.092
0.114
3.334
0.306
0.076
5.708
2.139
2.799
7.888
7.091
0.124
5.122
4.439
3.728
0.057
0.077
0.031
0.077
0.711
0.658
0.221
0.2
0.881
0.026
0.392
0.099
0.039
6.434
0.091
4.244
0.188
5.678
1.168
0.052
0.269
0.23
0.082
0.041
7.446
2.84
0.155
3.664
0.664
0.043
0.906
0.075
1.114
0.203
3.684
0.316
0.059
0.026
0.191
0.029
0.527
0.121
0.114
0.519
5.972
0.355
2.234
0.059
0.655
3.604
1.22
4.43
0.109
0.46
0.099
5.408
3.362
4.495
0.337
1.994
0.315
2.407
0.109
0.026
0.419
0.032
0.134
0.494
0.247
0.172
0.102
2.356
0.032
1.79
0.172
5.894
1.902
2.654
0.041
0.136
0.102
0.058
0.146
0.091
1.018
0.507
0.115
0.077
0.378
0.04
0.162
0.561
0.055
0.141
0.108
0.149
2.026
0.126
0.396
0.053
2.283
0.134
0.701
0.129
3.097
1.823
0.243
0.061
1.002
0.203
0.083
4.889
0.018
0.116
0.036
0.227
7.28
0.5
5.413
4.605
0.041
2.559
0.33
0.104
0.11
0.26
5.04
1.262
3.824
3.73
4.96
0.077
0.049
0.472
0.075
0.044
0.058
3.067
1.409
0.078
0.02
0.7
0.2
0.202
2.521
0.243
0.277
0.188
4.255
0.433
2.786
0.533
0.13
0.273
0.071
0.111
1.629
0.076
5.986
0.326
0.027
0.123
6.027
0.235
0.06
10.098
1.036
0.164
0.325
3.233
0.201
0.121
2.847
0.158
0.133
1.866
0.018
3.672
0.48
0.053
1.966
1.502
4.68
3.448
0.046
0.452
0.025
0.753
0.041
0.494
0.135
0.012
0.099
0.059
0.14
2.568
3.129
0.816
0.331
2.764
0.069
0.128
0.039
3.285
14.359
0.387
0.707
0.456
0.352
0.147
0.047
0.278
0.082
0.775
0.465
1.134
5.76
0.167
0.518
1.679
0.108
1.725
0.044
4.651
0.357
1.157
2.568
0.099
0.083
0.661
0.748
0.395
0.103
0.394
0.083
0.831
0.1
0.237
0.569
0.08
1.499
0.43
5.237
0.23
0.534
0.288
1.042
1.078
0.161
2.067
0.202
0.041
2.432
1.303
0.087
0.236
9.123
2.64
2.282
0.088
0.2
0.046
0.056
0.339
0.024
2.257
2.014
0.017
0.206
0.023
3.885
1.964
0.048
2.703
0.704
0.174
5.203
0.267
0.436
1.371
10.712
0.363
2.0
0.488
4.913
0.117
0.643
2.52
0.024
0.1
7.201
3.614
6.545
0.05
0.097
0.71
0.189
0.874
0.601
0.322
0.051
0.071
2.713
0.182
0.601
2.374
3.948
0.643
0.13
5.5
0.336
0.097
0.147
0.549
3.219
0.104
5.131
6.347
2.902
0.18
2.222
0.206
0.408
0.053
0.093
0.739
0.049
1.145
0.083
0.211
7.771
3.991
0.461
3.006
1.829
0.066
2.641
0.526
0.917
2.853
2.324
0.43
0.726
0.163
0.114
0.042
0.274
2.478
0.155
0.274
0.371
0.194
0.362
0.205
3.009
0.162
0.046
0.129
0.187
0.217
0.235
0.222
0.092
0.267
0.285
0.065
0.047
0.055
2.154
7.273
1.384
0.087
0.16
1.719
0.082
0.184
0.956
2.008
0.097
2.629
1.979
2.642
0.071
4.037
1.834
6.907
2.498
0.096
0.296
0.125
0.042
0.397
0.34
2.181
0.044
0.038
0.046
0.413
0.213
0.061
0.08
0.123
0.166
0.112
1.813
0.229
0.254
0.685
3.091
0.268
2.829
0.279
0.025
0.383
0.837
0.208
2.713
2.701
0.079
6.831
5.656
0.459
0.095
3.349
0.127
2.67
0.23
0.512
0.067
4.512
0.08
1.752
0.527
1.483
0.116
0.616
1.895
0.34
0.152
2.005
1.444
0.22
0.336
5.285
4.989
1.183
0.05
0.029
2.261
0.621
6.198
0.144
7.323
0.084
0.2
0.227
0.126
0.047
1.641
0.34
0.845
0.034
0.212
0.145
0.143
6.674
7.633
0.035
0.582
0.67
0.028
0.113
0.026
0.327
3.593
0.064
4.186
1.805
0.178
0.08
0.048
0.284
1.333
0.06
2.719
0.348
0.138
2.359
1.93
0.893
3.851
0.597
2.189
3.988
1.646
0.203
3.041
0.152
0.613
0.117
0.092
0.363
4.751
0.503
2.736
0.456
0.178
0.664
3.969
0.094
0.046
0.116
0.15
0.783
0.208
0.089
0.539
2.382
4.135
5.649
0.399
0.321
0.324
0.08
3.147
11.777
0.297
0.173
0.182
0.063
7.775
0.356
3.56
0.069
0.309
0.057
0.098
0.12
0.457
1.357
2.074
0.029
1.048
0.95
0.075
0.642
0.196
0.664
5.586
0.308
0.068
0.242
0.31
0.135
3.868
4.021
0.057
0.03
3.567
0.333
4.335
0.296
0.45
0.182
0.183
0.203
0.09
0.346
3.069
0.263
3.972
0.129
0.291
0.081
0.032
0.099
0.044
2.05
0.116
0.056
0.132
5.571
2.467
0.21
0.261
0.508
5.028
0.939
0.032
0.044
0.218
0.464
0.088
0.154
0.094
0.201
0.145
0.122
0.071
1.012
1.826
1.954
0.271
0.047
1.354
0.318
0.066
0.135
0.131
0.303
0.051
1.555
5.575
1.444
1.931
0.147
0.041
2.063
0.083
2.798
7.542
3.922
4.386
5.456
0.648
0.104
0.276
3.807
0.409
0.564
5.777
0.042
0.263
0.024
1.453
0.04
1.457
0.322
0.022
0.052
4.414
4.501
0.081
0.053
0.703
3.891
0.489
0.265
1.783
0.071
0.408
0.65
0.153
0.386
0.223
0.134
0.982
0.362
0.083
0.67
0.269
0.241
2.198
1.679
0.102
1.929
0.011
6.559
0.201
0.249
0.867
0.35
5.679
0.165
4.179
0.489
0.031
2.876
0.156
6.876
7.727
0.035
7.822
0.024
4.458
0.04
0.029
0.242
2.469
0.147
0.192
1.268
0.023
0.191
4.285
0.177
0.112
0.134
0.079
0.478
0.222
0.274
0.347
0.529
0.026
1.781
0.241
5.198
0.062
0.196
0.279
0.312
0.119
0.408
0.054
0.154
4.126
1.075
0.044
0.098
0.066
3.357
0.072
0.097
5.616
0.671
0.036
0.104
0.899
0.07
5.626
0.142
0.05
0.131
0.306
4.24
0.04
5.825
2.353
0.137
0.071
3.637
0.063
4.487
3.9
10.628
0.025
0.737
1.412
0.082
8.43
0.047
5.599
2.519
0.123
0.122
0.038
0.502
0.042
0.252
0.07
0.258
0.043
0.112
0.262
3.051
3.511
0.165
1.146
2.132
0.214
0.981
0.136
0.13
0.035
0.061
0.154
0.025
0.255
0.591
0.159
0.393
0.131
0.975
0.65
0.076
0.909
0.213
0.097
4.975
0.027
3.046
0.056
1.576
2.103
0.596
0.545
2.849
0.049
0.106
3.776
0.03
0.019
0.056
0.143
2.185
0.041
0.052
0.985
0.308
0.16
0.088
1.435
0.436
0.465
3.607
0.039
1.123
0.213
0.087
0.065
0.307
0.067
0.132
3.297
0.072
0.041
0.125
0.032
0.637
1.199
2.515
1.501
0.386
1.406
10.521
1.579
4.175
3.062
0.191
0.326
2.072
0.094
1.959
0.038
0.041
0.2
2.365
0.09
0.797
0.972
3.013
0.142
2.852
0.197
0.114
0.067
0.086
2.389
4.626
0.076
0.194
0.033
0.124
0.114
0.188
2.282
0.094
0.106
0.123
0.026
1.501
0.219
1.744
1.843
0.192
0.607
0.133
0.232
2.746
3.212
0.321
0.215
2.435
2.565
0.241
0.08
0.193
0.06
0.374
0.228
0.227
3.664
0.072
0.146
2.491
0.125
0.09
0.162
0.277
2.443
0.099
4.313
0.046
0.945
0.328
0.072
0.141
0.189
0.139
0.403
2.394
0.276
6.02
3.107
0.067
0.052
0.199
0.381
3.646
0.085
8.502
0.22
3.039
3.51
0.326
1.759
0.431
0.274
0.901
9.096
0.082
0.279
0.073
2.165
0.25
0.023
0.088
4.34
1.198
2.377
1.487
0.604
0.97
0.193
8.11
0.063
0.717
0.039
2.353
3.224
0.023
0.722
1.759
0.12
0.338
0.231
0.223
3.856
0.974
0.657
0.075
5.06
3.642
0.255
0.084
1.68
1.836
0.084
4.093
0.207
0.137
3.601
0.235
2.731
2.253
0.104
0.202
0.343
3.946
0.418
3.68
0.36
0.926
0.061
0.425
3.338
0.1
0.015
2.103
0.546
3.871
2.382
0.047
0.153
0.057
9.375
0.483
3.426
3.978
0.075
0.386
0.124
0.03
0.118
0.256
0.018
0.492
0.056
1.301
1.043
3.133
0.18
0.03
3.617
6.627
4.394
0.327
0.223
0.282
2.708
1.18
0.179
7.139
0.074
0.117
0.097
0.334
0.138
0.083
0.112
3.427
0.177
0.239
0.273
0.15
0.057
0.015
0.121
0.113
0.058
0.105
0.158
0.124
0.441
0.049
0.06
5.302
0.55
0.061
0.185
0.108
0.028
1.07
0.118
0.931
2.328
0.253
2.368
0.582
0.649
0.588
0.294
0.864
6.411
0.115
0.033
2.157
0.138
3.085
0.65
0.05
0.235
0.084
0.252
2.316
0.15
0.092
0.332
0.248
0.149
0.097
0.519
0.166
0.034
0.275
2.408
0.112
0.496
0.094
3.663
2.598
3.406
0.03
6.662
0.245
0.428
0.539
6.4
3.84
0.23
2.302
6.942
0.029
12.939
7.952
0.645
0.375
0.145
0.07
1.914
0.221
0.069
0.033
2.386
5.493
1.695
0.527
0.326
1.967
0.659
0.229
0.083
0.275
0.079
0.057
2.933
0.475
0.151
0.56
4.301
3.882
1.891
0.59
0.024
8.459
0.136
0.469
0.335
0.136
0.034
0.057
4.383
0.051
1.377
0.268
2.534
0.629
6.09
3.08
0.495
0.193
0.073
0.047
0.02
0.088
0.037
0.32
1.424
0.06
4.953
0.043
0.444
0.172
1.997
1.126
0.274
4.093
0.239
0.031
0.179
0.125
0.203
4.473
1.439
6.3
0.035
0.158
0.604
5.273
3.207
0.13
0.156
0.372
2.953
4.531
7.237
0.23
0.232
1.884
0.163
0.32
0.031
4.807
0.177
0.049
0.289
0.4
0.518
0.2
0.337
0.366
0.732
0.629
0.288
0.049
0.05
2.572
0.617
0.069
0.102
0.063
0.072
0.159
2.185
0.067
0.146
0.043
1.778
1.908
0.309
0.141
0.454
0.1
0.3
0.382
0.021
0.102
1.357
0.611
3.382
0.076
0.504
0.679
0.066
0.075
0.592
0.14
4.864
0.148
0.479
0.292
0.254
0.053
0.069
0.559
4.393
2.226
2.429
0.523
0.62
1.878
0.047
0.125
0.434
0.657
4.608
0.157
2.938
0.047
0.296
0.116
0.166
3.388
0.301
2.79
0.049
4.634
0.484
0.143
0.229
4.674
0.031
0.275
0.225
2.222
5.169
6.95
2.717
6.957
1.974
0.168
0.07
0.051
1.069
0.18
0.091
4.935
0.194
1.032
0.062
4.113
0.625
6.348
1.807
0.097
0.095
0.159
0.263
0.116
0.073
2.217
0.048
0.062
2.552
0.438
0.121
3.467
2.802
0.074
0.044
0.305
2.498
5.947
0.046
0.031
0.079
0.129
0.177
0.622
0.092
0.103
1.453
2.535
0.237
0.078
0.058
0.032
0.177
2.907
0.089
0.202
0.693
0.323
4.966
1.818
2.059
7.016
0.15
3.898
0.307
5.05
0.123
0.893
0.095
0.284
0.295
0.029
4.012
0.439
0.48
0.336
0.218
0.269
1.171
0.058
2.206
0.222
0.046
0.158
0.147
0.151
0.04
0.348
0.212
1.976
5.16
0.069
1.009
3.676
0.093
0.625
0.054
0.023
0.426
0.033
0.336
3.173
0.06
0.54
0.21
4.994
0.115
0.192
0.042
0.528
0.216
0.042
2.829
0.298
7.884
0.021
0.045
0.344
0.033
0.052
0.09
0.105
0.777
0.166
0.171
0.059
0.099
1.787
0.418
2.008
2.428
2.167
0.096
0.077
0.297
0.933
3.037
0.206
1.488
0.042
1.58
0.256
0.133
2.73
0.04
0.313
0.278
0.155
0.056
1.613
0.513
0.097
0.195
0.337
0.944
0.075
0.107
0.039
1.703
0.284
0.542
0.305
0.043
0.106
0.072
0.487
2.861
0.572
3.081
0.014
0.076
0.096
0.028
0.076
1.694
1.195
0.275
1.427
0.068
2.694
0.266
0.195
1.092
1.254
0.119
0.261
3.282
0.176
0.078
0.077
0.066
1.916
0.083
0.594
15.014
0.047
1.081
2.628
0.865
0.057
0.797
1.25
0.135
0.051
0.043
0.06
0.053
1.09
0.125
0.087
0.087
0.1
0.307
0.383
4.969
3.497
0.639
4.983
0.055
0.625
0.113
0.059
0.042
1.398
2.488
0.143
0.185
0.044
2.483
0.528
0.027
0.149
0.111
0.068
0.078
0.058
4.472
0.069
0.741
0.287
2.829
0.049
1.582
6.003
0.066
0.533
0.298
0.041
2.3
0.186
0.283
0.032
0.444
0.261
0.301
0.418
0.113
2.624
0.124
0.186
2.331
0.075
0.551
0.216
0.063
0.045
7.258
0.024
0.076
4.088
0.496
4.986
0.11
0.102
0.06
1.294
0.196
0.07
0.079
0.056
0.276
0.104
0.511
4.467
0.096
1.196
3.35
0.521
0.102
0.59
1.91
7.363
3.418
2.853
1.815
1.61
1.074
0.043
0.378
2.269
0.214
0.14
0.121
3.161
0.03
0.042
0.158
0.185
0.128
0.296
0.173
4.118
0.067
0.067
3.16
3.145
0.12
2.119
0.103
0.094
1.822
0.651
0.382
7.578
1.352
0.161
0.057
0.206
0.071
0.059
0.057
0.133
0.056
0.073
7.623
0.106
0.069
0.09
0.178
2.497
0.452
0.028
9.365
0.126
0.552
0.292
0.151
2.693
0.024
0.11
0.063
0.159
6.181
0.206
0.336
0.201
2.765
0.062
3.112
0.181
7.079
0.857
0.277
0.044
6.36
0.258
2.473
1.209
5.937
0.069
0.088
2.811
0.028
0.997
8.496
0.414
0.138
0.023
0.064
2.504
0.77
0.133
0.277
0.032
2.041
4.184
0.107
0.049
1.886
0.106
0.375
1.961
0.04
0.056
0.362
0.024
0.106
0.126
0.083
0.052
0.054
2.935
0.129
2.391
0.191
0.18
3.358
0.078
0.845
0.508
0.127
0.36
0.083
0.083
0.108
0.285
0.025
0.325
0.036
5.505
2.38
0.25
0.093
2.828
0.342
0.159
0.371
0.103
0.063
0.44
0.054
0.342
2.063
1.494
0.049
0.043
0.457
0.068
1.211
0.314
4.1
0.16
14.103
0.239
1.86
0.911
0.22
0.659
0.931
2.234
0.172
1.822
3.334
4.668
0.063
0.063
0.034
0.352
0.105
1.969
4.588
1.33
2.609
3.795
0.051
1.369
1.471
5.522
0.484
2.086
1.324
0.415
3.47
0.096
0.136
0.287
0.047
0.477
0.047
1.918
0.135
0.323
2.34
0.052
2.951
0.13
0.223
2.778
1.088
0.5
0.235
0.168
0.169
0.099
0.59
0.081
0.173
1.534
1.448
0.542
0.072
0.424
0.303
0.29
0.113
2.957
0.487
1.925
0.187
0.531
0.129
0.027
1.844
3.774
0.045
0.062
0.313
0.343
8.182
0.211
2.445
0.535
6.696
0.247
2.27
7.734
0.293
0.075
0.027
0.295
3.098
0.257
0.309
0.677
0.122
0.826
0.077
0.031
0.161
0.42
0.534
0.123
0.119
4.06
0.343
0.075
0.021
3.154
4.353
1.989
0.352
0.034
0.382
1.026
2.575
0.18
1.025
0.236
0.801
6.677
0.232
0.448
3.944
0.043
0.761
0.126
0.059
0.131
0.104
0.049
2.12
0.076
0.054
0.156
0.146
0.808
0.236
0.124
0.621
0.061
2.607
10.622
3.39
1.68
0.126
2.312
0.045
5.238
0.08
0.368
0.017
1.159
7.446
0.095
1.118
7.686
1.035
0.725
0.06
0.234
0.073
0.088
0.032
0.176
0.64
0.235
2.267
0.172
0.667
0.079
0.792
2.731
0.184
0.073
0.184
0.329
0.028
2.757
1.795
2.488
0.366
0.213
0.429
7.266
3.022
0.079
0.028
0.082
0.045
2.497
0.039
2.074
3.564
0.079
1.02
0.578
4.002
3.39
0.094
0.18
0.151
0.513
0.22
0.114
11.141
4.196
3.604
0.202
3.906
0.192
0.172
0.132
0.326
0.015
0.243
0.016
2.128
0.613
8.12
0.035
0.066
6.074
0.982
2.403
2.141
0.073
2.466
0.159
0.179
0.535
0.09
0.293
0.066
0.047
7.521
0.091
0.149
7.684
5.869
0.118
0.037
0.064
0.034
0.335
0.21
0.054
5.661
6.765
3.068
0.037
0.084
0.526
2.761
0.291
0.5
3.158
0.207
0.038
0.086
2.244
1.106
6.172
0.073
4.944
0.062
6.958
0.349
4.279
0.566
0.576
0.591
1.629
3.23
2.74
0.209
0.051
0.264
3.057
0.317
5.054
5.569
0.235
1.108
3.919
0.378
0.028
0.199
0.543
3.23
4.749
5.454
0.115
1.294
0.461
0.194
0.053
6.743
0.142
0.155
0.312
0.729
1.835
0.526
2.489
0.276
0.1
2.209
0.052
0.142
0.111
0.213
2.02
0.075
0.403
0.176
6.891
0.597
0.2
3.454
0.11
0.541
0.31
0.574
2.037
0.503
0.166
0.042
0.227
3.63
2.675
0.274
6.727
3.415
0.162
0.043
0.076
0.216
5.223
0.05
1.046
0.273
0.028
0.015
0.085
0.035
0.061
0.872
0.089
0.063
2.321
4.582
0.144
0.071
0.06
2.667
0.996
0.093
0.62
0.048
0.529
3.806
0.435
0.071
0.023
5.465
0.486
0.018
2.175
0.057
6.045
4.718
0.046
0.101
0.237
0.483
0.255
2.122
0.085
1.19
0.044
0.138
0.205
0.697
1.592
3.136
0.035
2.896
0.624
1.052
0.143
0.457
0.458
0.04
0.276
0.145
0.09
0.06
0.113
0.102
4.391
0.239
1.843
0.048
0.143
0.066
0.147
0.061
0.08
2.938
2.326
10.634
0.072
0.049
0.088
0.148
1.297
0.03
3.206
2.597
1.126
1.321
0.036
0.424
3.204
0.131
0.262
0.282
0.148
2.842
0.065
0.106
7.271
1.743
0.05
0.109
0.032
0.043
0.058
0.629
1.079
0.353
0.11
0.268
0.505
1.067
0.039
0.096
0.024
0.049
1.752
0.024
2.296
5.784
1.585
0.055
0.45
1.555
0.624
0.069
0.053
0.359
0.086
0.776
0.225
1.865
0.292
0.851
0.022
0.621
0.487
3.129
0.262
4.949
0.016
1.921
0.152
0.022
0.099
3.007
0.788
0.175
0.071
0.328
0.608
0.064
0.074
0.11
0.273
0.051
0.182
0.039
0.038
2.183
0.366
0.063
0.054
3.457
0.181
4.113
2.655
0.205
0.039
0.284
0.991
1.749
0.078
0.271
0.468
4.659
1.993
0.513
0.44
0.089
0.851
0.237
0.84
1.958
0.254
3.405
0.043
3.071
0.054
0.04
0.595
0.025
0.229
0.275
0.063
0.121
0.176
0.427
0.074
0.099
0.676
2.732
0.046
0.192
4.041
0.023
0.034
0.107
0.092
3.501
0.03
0.536
4.952
0.051
0.359
2.733
0.032
0.079
1.288
0.651
0.033
0.426
0.164
2.864
0.15
0.119
0.108
0.038
0.116
0.068
0.043
3.442
0.626
6.425
0.043
0.108
1.922
0.122
0.037
2.018
0.109
0.084
1.192
0.222
3.878
4.454
0.182
0.096
0.978
0.043
0.161
0.221
0.137
0.091
1.851
0.209
0.049
2.8
0.158
0.298
4.521
0.018
4.869
2.752
1.615
3.774
0.311
0.148
0.119
0.301
0.415
0.083
0.555
0.073
10.03
0.534
0.252
0.032
0.104
0.307
0.166
2.719
0.565
3.31
4.643
0.235
0.118
1.073
0.03
2.32
2.675
2.161
0.203
0.131
0.136
0.051
1.878
0.076
0.323
0.077
0.185
6.001
0.122
0.197
0.301
2.251
0.907
3.812
0.071
0.074
0.088
0.12
0.207
0.428
2.375
0.229
0.085
0.372
0.04
0.977
0.156
0.144
0.091
0.044
0.059
0.207
0.102
3.104
0.089
0.118
2.978
0.08
0.268
0.211
1.266
1.623
3.838
8.134
0.436
0.481
0.033
2.876
0.823
0.885
1.203
0.158
3.648
0.128
0.564
0.124
0.061
2.326
0.062
0.417
0.032
0.149
0.103
0.052
6.124
0.049
2.617
3.195
0.184
0.087
0.691
0.238
6.129
0.249
0.428
0.148
3.505
1.28
0.14
6.697
0.525
0.367
0.084
3.189
0.796
0.156
2.219
0.259
0.735
1.41
0.159
0.033
3.001
0.313
0.166
0.821
0.286
7.403
1.241
2.909
0.472
0.092
0.209
2.666
0.079
1.958
0.118
0.056
0.061
0.024
2.722
0.197
2.377
0.099
0.059
0.194
2.939
0.411
0.2
0.203
4.388
0.596
0.206
1.099
0.064
0.034
10.924
0.348
2.29
0.1
0.474
0.051
4.581
0.022
0.113
0.22
0.334
4.217
0.817
2.532
0.07
2.417
0.096
1.718
4.621
0.214
3.467
4.57
0.011
0.319
0.032
0.305
0.105
4.337
0.35
0.126
2.684
0.113
0.323
2.339
0.039
0.241
1.727
0.084
0.11
0.017
4.844
1.64
0.078
3.27
0.027
0.02
9.388
0.296
0.225
0.147
0.068
2.455
0.1
0.458
0.047
0.021
0.237
0.108
6.261
0.112
0.296
0.057
0.261
0.312
2.787
0.251
3.074
0.672
0.109
0.176
0.433
1.058
4.558
0.034
0.111
0.151
2.215
0.293
3.054
3.086
0.107
0.315
2.27
0.54
0.04
3.743
1.959
0.619
0.436
0.114
1.841
0.331
0.23
0.324
0.141
11.795
0.983
0.034
0.47
0.155
1.322
3.478
0.205
2.698
0.021
5.93
0.305
1.009
0.029
0.314
0.419
2.017
1.331
4.913
0.143
0.388
0.353
5.888
0.124
0.111
0.566
0.058
0.06
0.329
11.068
0.355
0.076
0.039
0.142
0.597
0.809
0.02
4.763
3.085
0.164
9.31
0.5
0.378
1.771
0.097
0.566
0.198
2.751
0.079
0.134
0.083
0.016
0.437
1.888
0.511
0.417
0.313
2.732
0.134
0.555
0.019
0.057
0.131
0.293
0.091
0.563
0.129
0.536
0.127
0.094
0.55
1.898
3.697
0.397
0.192
0.145
0.117
0.237
0.097
0.139
0.267
0.441
0.206
0.901
4.027
3.33
0.045
0.345
2.341
0.502
0.081
0.38
1.063
0.052
0.164
1.11
0.079
0.106
1.503
0.148
1.128
0.132
2.958
0.026
0.124
2.876
0.145
5.76
1.687
3.624
0.019
0.158
2.476
0.322
2.39
0.139
0.564
0.222
1.878
0.069
7.914
1.425
5.292
0.139
0.076
0.087
0.028
0.353
0.037
0.473
0.109
3.453
0.085
0.04
3.303
4.575
0.119
0.317
0.804
2.216
0.284
0.255
0.048
2.524
2.11
0.05
4.505
0.085
0.852
0.048
0.623
3.709
0.306
0.561
3.351
0.24
0.795
0.238
0.094
0.033
0.1
0.185
3.159
0.048
1.97
4.208
2.567
0.016
0.179
0.125
0.178
7.439
5.357
0.086
0.192
0.083
0.326
1.128
0.633
0.184
4.283
0.15
0.164
0.327
0.309
0.456
0.549
0.107
2.752
2.499
0.087
0.059
0.999
0.098
3.749
0.08
0.067
0.115
0.109
3.465
0.129
4.223
0.243
0.131
0.301
0.362
1.603
0.054
0.257
0.216
0.055
0.352
0.131
0.038
11.16
6.7
0.09
0.029
0.119
0.046
2.611
3.191
0.104
0.085
0.18
3.56
0.227
0.399
0.552
7.21
0.032
0.067
0.243
0.015
0.697
0.109
0.449
3.205
0.297
0.014
0.172
13.416
0.073
0.908
0.378
1.799
0.027
0.617
0.613
0.265
4.677
2.454
0.094
0.074
0.255
1.127
0.056
0.551
0.15
0.1
0.49
7.872
1.854
3.572
1.005
2.916
0.027
2.981
5.058
0.132
2.737
0.378
0.27
4.689
0.065
0.093
0.091
0.182
2.698
0.066
0.082
0.108
0.077
0.033
5.565
0.977
0.075
13.679
0.898
0.044
3.076
5.015
0.049
0.046
0.16
0.195
0.034
1.431
0.172
0.713
2.213
2.89
0.142
2.799
2.614
0.114
0.084
0.15
0.208
0.46
0.068
1.433
0.366
3.317
0.641
0.196
5.842
0.086
4.782
0.27
5.984
0.438
2.9
4.874
0.855
0.984
0.158
0.026
1.161
8.12
3.304
0.027
0.216
0.156
0.182
0.067
0.121
0.066
4.236
0.098
2.064
4.606
0.841
2.857
0.449
0.177
0.334
9.109
0.038
0.123
1.128
0.145
0.629
0.223
0.328
0.057
3.243
0.057
0.123
0.981
0.619
0.033
0.119
0.109
0.041
2.304
0.087
0.044
0.062
5.319
0.505
8.058
0.509
0.168
0.545
0.433
0.169
0.082
0.881
0.165
0.159
1.767
0.076
4.182
0.029
0.079
0.164
0.451
0.025
0.055
0.045
2.73
0.153
0.414
0.157
0.236
0.195
0.104
3.934
0.191
0.02
0.063
6.519
0.062
0.458
1.158
2.291
1.53
0.179
0.386
6.514
0.173
0.539
0.178
0.229
0.181
3.154
0.08
2.248
1.029
0.295
0.191
0.52
0.026
0.198
0.19
0.266
0.357
0.065
0.762
0.156
0.125
0.847
0.243
0.047
0.844
0.087
0.068
0.079
0.327
0.198
0.054
1.047
0.735
0.096
2.551
2.645
0.109
0.105
0.116
0.173
3.14
0.042
0.628
4.054
0.267
0.19
0.251
0.255
0.143
0.064
0.053
0.202
0.128
0.047
0.228
0.071
0.21
3.955
0.2
0.163
0.553
0.082
6.138
2.524
0.24
0.466
0.032
0.239
0.77
0.029
0.159
0.371
0.393
3.818
0.062
0.213
0.047
3.165
0.173
2.058
0.321
0.102
1.139
0.141
0.056
3.044
0.302
0.144
0.727
3.487
7.025
2.088
0.395
4.835
0.048
0.081
1.946
5.434
0.077
0.033
0.265
0.044
0.065
1.83
0.113
0.092
0.068
0.107
0.013
2.141
1.89
0.047
1.806
0.391
0.09
0.294
0.246
0.306
1.352
2.724
0.981
0.042
2.282
0.259
0.134
2.931
3.077
0.053
0.063
0.297
0.726
0.128
1.356
8.097
4.106
1.349
0.16
0.159
4.145
0.725
0.272
3.297
0.081
0.03
7.609
4.402
0.118
5.097
0.565
0.076
0.266
0.171
0.095
0.19
0.081
0.145
0.109
0.465
0.733
0.038
0.032
1.606
2.597
0.052
1.887
1.966
0.526
0.192
1.41
0.065
0.213
0.232
1.61
0.055
6.279
0.819
0.523
0.058
0.212
0.16
0.695
0.317
0.291
0.171
1.706
0.076
0.033
0.049
0.573
0.164
0.139
0.141
0.323
3.678
2.64
0.442
0.175
2.703
5.037
3.971
0.54
2.779
1.17
0.256
5.396
0.065
0.865
0.076
3.139
0.06
3.316
0.8
0.027
1.787
0.178
0.029
5.205
0.237
2.185
0.079
0.239
0.459
0.301
8.969
0.334
5.585
3.034
2.814
0.048
0.031
0.382
0.154
0.255
0.109
0.097
7.718
0.043
0.316
0.18
0.072
0.137
0.143
0.063
0.6
0.012
0.231
8.442
0.144
0.141
0.196
0.049
3.06
9.77
0.051
0.1
0.938
0.251
2.428
0.179
0.308
0.143
0.108
0.154
0.091
0.067
0.828
0.071
0.127
0.367
3.382
0.547
0.043
0.031
0.048
0.453
9.121
0.128
0.031
0.145
0.058
0.249
0.123
0.153
0.537
0.165
0.844
0.223
0.09
0.077
3.8
0.051
0.244
1.106
1.259
0.946
0.232
2.616
6.252
0.158
0.787
4.302
0.113
2.593
0.56
0.037
0.043
5.147
0.144
0.628
0.074
10.414
5.79
0.034
0.061
0.809
4.968
2.25
0.272
0.052
4.604
6.855
1.648
7.88
3.897
0.151
0.104
0.082
0.126
0.196
4.12
0.165
2.227
0.177
0.361
3.907
0.951
0.125
0.1
0.504
2.235
0.919
0.099
0.21
2.622
0.572
0.435
0.095
2.952
3.228
0.41
0.247
4.004
1.239
0.152
0.091
0.018
0.019
2.919
0.142
0.059
0.052
4.004
0.12
0.203
0.101
0.078
0.096
1.257
3.465
0.089
0.079
0.437
0.343
0.416
0.373
0.108
0.047
4.354
0.132
3.123
3.19
4.042
1.432
4.254
0.273
5.374
2.164
0.13
0.077
0.673
1.235
0.088
0.716
0.203
0.832
4.55
0.445
0.061
1.088
0.253
0.183
0.044
0.048
0.611
0.128
0.142
0.211
0.335
3.021
2.22
0.142
2.174
2.544
0.021
3.476
2.119
0.749
0.202
0.033
0.474
0.357
2.101
11.325
0.336
0.042
2.795
0.305
0.102
1.84
0.316
0.065
0.107
2.165
0.112
1.085
7.885
3.958
3.305
0.122
0.194
0.338
2.804
0.282
0.439
0.165
2.905
0.317
0.307
0.496
0.111
0.085
0.248
0.542
5.084
0.26
0.11
0.258
0.064
1.551
0.227
0.042
1.802
0.145
3.209
0.104
0.037
0.338
0.103
0.541
0.18
0.325
0.197
0.12
0.685
1.911
0.088
0.93
0.057
0.295
0.501
0.301
0.969
8.613
0.048
1.041
0.573
0.229
0.083
2.744
0.403
4.71
0.229
1.113
0.798
2.269
0.045
2.797
4.603
0.134
3.501
0.086
6.946
0.161
0.176
0.052
0.064
0.073
1.991
0.213
0.074
0.569
1.651
0.066
1.082
0.189
0.248
0.127
0.097
0.347
0.087
1.146
0.208
0.571
0.384
0.274
0.165
3.896
0.494
0.062
0.134
0.128
0.301
0.58
0.302
0.108
0.153
0.265
2.244
0.052
0.11
0.031
3.848
1.282
0.043
1.551
0.249
0.067
0.542
2.348
1.825
0.315
0.143
0.26
0.041
0.128
0.055
0.4
1.899
2.865
0.358
6.267
0.306
0.058
0.632
0.105
0.082
4.725
0.263
0.256
0.092
0.298
7.059
0.04
0.358
0.424
2.092
0.151
3.947
2.589
0.044
0.733
0.938
9.456
5.159
0.311
0.031
0.131
0.324
0.036
0.061
0.249
4.748
0.159
0.264
1.0
1.074
0.291
0.312
4.809
0.219
0.109
0.205
0.027
2.738
0.083
0.705
0.03
0.448
0.512
6.922
1.66
0.255
0.375
0.192
0.779
0.035
0.05
5.396
0.038
0.202
3.967
0.11
3.277
1.824
0.159
0.162
0.065
2.086
0.05
0.104
0.029
3.842
0.081
0.212
0.259
0.255
0.026
0.381
0.218
1.519
0.275
0.104
3.645
0.417
0.074
0.682
0.022
2.376
0.042
0.035
3.161
0.091
0.199
0.176
0.841
2.788
0.145
0.05
4.926
0.099
2.516
0.072
2.338
0.208
0.099
2.174
3.047
0.955
1.691
0.07
1.495
2.047
0.176
0.027
3.54
4.211
0.364
0.028
0.059
0.157
0.052
1.186
0.115
0.032
0.065
1.019
0.301
1.029
6.249
0.204
0.326
2.752
0.158
0.043
0.504
2.221
12.116
0.201
2.693
0.094
0.054
1.138
0.412
0.087
5.211
0.063
1.107
2.322
0.314
0.166
0.02
0.053
0.152
0.021
0.099
0.046
0.141
12.367
0.013
3.557
0.243
0.085
3.849
0.172
0.172
2.796
2.411
0.138
0.249
3.003
1.101
0.056
0.219
0.178
3.499
0.125
0.119
1.3
0.692
0.172
0.247
4.254
0.215
0.195
0.048
0.62
0.021
0.067
0.056
0.037
0.119
0.03
0.199
0.322
0.044
3.86
1.437
0.09
5.302
6.848
0.019
1.469
2.553
3.864
1.284
0.358
0.491
0.133
1.471
0.043
0.055
0.692
2.81
0.045
0.159
6.908
0.064
0.022
3.683
0.412
0.065
0.045
2.899
3.254
1.282
0.07
2.525
0.051
0.061
0.745
0.317
0.11
8.328
3.053
3.171
2.851
0.146
0.037
0.032
1.324
0.138
0.24
0.321
0.184
0.277
0.486
0.196
2.269
7.136
0.143
0.18
1.72
1.407
3.843
0.093
0.593
0.155
0.052
0.054
0.298
3.28
0.171
0.287
0.351
0.788
0.087
0.757
0.164
0.171
1.449
0.778
0.535
0.413
0.168
0.127
2.386
0.071
0.268
0.534
6.095
0.12
0.172
0.681
0.305
5.499
0.175
2.408
0.611
3.383
0.059
1.861
0.101
0.08
0.098
0.466
2.759
4.225
0.058
0.119
3.014
0.06
0.11
0.217
0.096
2.044
0.046
0.874
1.495
0.024
4.858
0.198
0.188
9.306
0.128
4.329
3.251
0.046
0.287
0.225
0.057
2.293
0.083
0.062
3.685
0.971
0.309
0.058
0.066
0.046
3.197
2.337
0.326
4.069
0.056
0.058
3.148
0.055
5.094
0.038
0.073
0.027
0.057
0.024
0.099
6.123
1.72
0.11
5.626
0.134
0.362
2.46
0.082
0.178
0.721
0.055
0.107
0.076
0.258
1.156
0.056
0.075
5.306
0.187
0.399
5.7
0.294
0.033
0.089
0.13
1.153
0.024
1.372
0.285
0.174
0.111
0.066
0.424
0.779
0.452
4.926
0.794
0.107
0.416
0.37
0.069
0.143
0.481
3.545
3.597
0.112
2.551
0.059
0.283
2.861
0.336
1.473
0.1
3.861
0.718
0.015
4.885
0.301
1.648
0.122
0.077
4.389
0.143
0.315
0.021
0.812
0.055
0.157
5.568
4.405
0.153
0.203
0.255
0.04
0.751
0.927
0.175
0.136
2.638
5.451
0.203
1.378
3.043
0.052
5.52
2.237
0.334
0.116
0.536
0.193
0.106
0.165
0.16
0.073
1.998
0.065
1.261
0.494
4.706
0.39
0.493
1.125
0.032
0.068
2.167
0.11
2.22
0.206
1.854
1.713
0.08
0.523
0.655
0.396
0.133
7.745
0.158
1.814
0.114
0.795
0.285
0.107
0.343
0.045
0.442
1.882
8.504
0.05
7.029
0.146
2.814
0.41
0.663
0.134
0.145
2.363
0.118
0.048
0.143
3.166
0.291
4.814
6.847
0.072
0.065
2.422
0.148
0.242
0.067
0.031
0.094
2.971
5.329
0.04
0.54
3.305
0.034
0.063
0.098
12.306
0.045
0.254
0.146
0.98
0.237
0.063
7.905
0.072
4.077
0.226
0.029
0.089
0.019
0.033
0.255
0.247
0.1
0.101
4.903
7.117
0.171
0.287
0.156
0.044
0.152
0.061
0.049
0.202
0.165
0.146
0.071
0.585
1.392
0.69
1.184
0.679
1.807
2.091
0.109
0.274
0.031
0.051
3.712
0.091
0.212
0.183
0.076
0.222
0.135
4.672
0.469
0.502
4.344
0.05
4.949
0.235
1.532
4.221
4.112
0.094
0.124
0.033
0.287
1.487
0.046
0.332
0.057
3.086
0.053
0.167
0.221
0.317
6.093
6.358
0.116
0.142
0.102
0.51
2.57
0.053
0.089
4.825
0.998
0.66
3.244
1.673
0.816
0.125
0.085
5.32
0.579
0.461
0.824
0.24
2.201
0.114
0.762
0.108
0.151
0.245
0.067
5.958
1.461
0.519
2.115
0.121
4.761
5.61
3.649
0.524
0.404
0.021
6.384
0.042
3.201
0.764
0.126
0.034
0.105
0.185
3.617
0.131
0.035
0.234
2.51
0.062
0.046
0.333
2.852
0.132
0.107
2.107
3.621
3.245
1.848
0.183
0.132
0.228
0.205
3.98
4.808
4.601
4.804
0.098
0.087
2.046
0.075
3.29
3.954
0.367
2.465
5.539
5.609
10.738
0.141
0.343
0.117
18.258
0.625
0.118
1.232
0.138
0.118
0.373
0.171
0.117
0.229
2.008
0.332
0.767
5.867
1.206
0.101
0.081
0.775
0.044
0.019
0.226
2.416
4.683
0.57
1.541
6.658
0.022
0.041
0.057
0.384
3.814
2.464
0.958
0.499
0.115
0.666
0.795
5.896
0.047
0.433
0.279
0.159
2.143
0.928
3.446
3.799
0.124
0.036
0.055
0.024
3.101
0.543
0.24
0.424
0.024
0.167
2.274
5.697
2.315
5.81
0.132
0.215
0.087
0.299
2.435
0.109
0.227
0.035
2.435
0.992
1.913
0.054
2.708
0.985
1.496
3.324
0.06
2.319
0.336
0.138
0.307
1.857
0.019
0.529
0.145
0.992
0.252
0.131
0.019
0.074
0.087
0.142
0.049
0.123
10.715
5.355
0.206
0.23
8.361
0.628
0.205
2.511
0.079
2.451
0.019
0.386
0.253
4.622
0.077
0.395
0.064
5.396
0.069
0.153
0.448
0.026
0.068
0.056
0.075
0.066
1.149
0.194
0.258
0.601
1.127
0.045
0.716
2.92
2.381
0.395
0.068
0.071
0.016
0.065
0.085
0.072
0.596
0.042
5.369
0.101
0.1
2.344
0.281
0.144
2.653
0.749
0.215
0.293
0.426
0.398
3.22
1.583
0.021
0.633
2.087
3.826
0.25
0.475
0.159
0.101
0.052
0.362
1.233
0.234
0.067
4.401
0.095
0.672
0.046
0.021
0.067
0.295
0.215
1.247
0.211
0.052
8.066
0.736
0.818
3.263
0.359
3.452
3.084
3.635
0.392
0.884
1.953
1.416
0.194
1.178
0.21
0.435
2.453
2.591
0.042
0.237
0.102
1.299
8.34
3.558
6.92
0.111
3.957
0.035
0.053
0.238
0.064
0.995
0.061
3.017
0.029
0.055
0.056
3.767
0.1
0.053
9.875
0.045
0.031
0.939
0.044
0.541
0.102
0.276
0.371
0.018
0.1
5.857
0.096
0.032
3.097
4.221
0.475
1.325
2.99
0.127
0.067
0.036
0.128
1.669
0.069
0.573
0.76
4.018
0.072
4.019
2.013
0.04
0.121
0.352
0.048
0.027
2.612
0.047
0.147
0.369
0.04
0.153
0.509
0.58
2.629
6.596
0.597
0.313
3.463
0.078
7.168
0.34
0.135
2.794
0.18
0.051
0.203
4.931
0.042
0.062
2.06
3.531
0.27
0.035
0.03
0.052
2.656
0.193
0.052
0.069
0.131
0.201
0.426
0.127
0.02
0.563
0.028
0.115
0.23
1.03
2.954
1.075
0.071
0.599
0.499
0.298
0.333
0.107
0.013
1.339
0.179
2.28
0.03
2.329
0.15
0.03
2.997
0.228
0.062
0.209
0.071
2.549
0.579
2.117
4.97
0.036
8.674
2.992
1.546
0.235
7.804
0.13
0.536
0.516
0.115
0.804
0.99
0.799
1.751
3.51
0.215
0.497
0.539
0.079
0.214
0.03
1.07
3.489
1.33
8.992
0.145
1.499
4.419
0.379
0.216
1.803
0.185
1.567
8.062
0.043
2.345
2.645
0.077
0.059
1.337
5.84
2.267
9.589
0.068
0.747
0.036
1.207
0.075
0.086
0.057
1.223
1.44
0.031
0.213
0.124
0.035
2.079
0.838
2.282
0.214
0.555
0.144
0.039
0.07
4.676
0.094
0.078
7.43
0.054
0.328
0.087
2.331
0.086
0.089
0.539
3.276
3.658
2.494
0.113
0.09
0.515
0.25
3.856
0.134
0.118
0.626
1.757
1.432
2.752
0.123
0.905
0.041
0.475
1.044
0.075
0.945
1.025
0.134
0.271
0.139
0.051
0.593
0.209
2.836
0.302
0.092
0.247
2.684
0.166
0.693
0.867
0.253
0.256
0.045
0.045
0.119
3.841
4.516
0.255
0.061
0.522
0.639
0.418
0.052
0.094
2.832
0.246
0.095
0.037
1.318
0.615
0.084
0.187
0.027
0.215
5.045
0.155
0.026
1.866
2.044
0.342
6.328
4.817
0.021
2.438
0.845
0.11
0.517
1.248
0.132
0.081
2.33
2.155
0.204
0.294
2.324
0.106
0.187
0.199
0.27
2.711
0.142
0.346
3.49
0.027
6.041
4.273
0.063
0.517
0.157
0.564
0.087
0.159
0.038
0.243
1.091
0.04
2.792
4.16
0.325
0.089
0.787
0.117
1.268
0.114
0.088
0.025
0.078
1.326
3.756
0.238
0.864
2.818
0.07
0.09
0.17
0.036
0.051
0.247
0.075
0.348
3.971
0.115
0.825
4.002
0.092
0.336
0.178
0.033
0.067
0.673
5.879
0.518
0.041
0.503
0.14
0.167
0.256
0.188
0.255
0.037
4.949
2.039
0.402
0.126
6.953
0.13
0.21
1.708
0.248
0.175
3.921
0.242
0.102
1.099
0.19
0.445
0.161
0.06
0.916
0.285
0.048
0.12
0.242
0.187
0.03
0.065
1.148
0.37
0.107
3.302
0.283
9.966
0.226
0.154
0.041
1.494
4.428
0.554
0.109
0.808
0.345
0.105
0.091
0.124
0.017
3.741
0.151
0.215
0.285
0.401
0.103
1.635
0.817
0.194
0.018
1.255
0.046
1.447
3.431
0.022
2.871
0.489
0.096
4.082
0.426
0.14
6.38
0.142
0.114
1.295
0.04
0.258
0.201
0.183
0.185
0.175
2.68
0.21
2.361
0.059
2.261
0.051
0.058
0.053
3.675
0.037
0.099
0.113
3.864
0.521
1.231
0.984
0.315
0.342
0.039
0.325
4.229
4.743
0.964
5.308
0.152
0.836
5.558
1.574
0.077
0.351
0.455
1.044
0.361
2.746
2.753
3.042
3.147
2.541
5.199
0.276
0.335
0.654
0.549
0.196
3.894
0.058
7.951
2.617
0.049
0.48
3.734
3.303
0.193
0.07
1.934
0.412
3.013
0.098
3.204
0.39
0.627
0.147
0.035
0.216
0.055
1.398
0.168
0.05
0.259
0.079
1.744
14.079
0.325
2.892
1.286
0.042
0.733
0.038
2.137
0.169
0.019
0.992
0.038
6.996
0.282
1.905
0.282
0.545
0.027
0.102
0.163
0.175
1.988
0.763
3.071
0.114
2.714
0.271
2.66
3.044
0.075
0.168
7.478
0.03
0.041
4.122
8.536
0.24
0.096
0.047
3.877
0.448
0.337
0.536
0.155
0.32
0.44
0.063
0.527
2.42
0.102
0.725
0.595
0.137
0.666
1.333
2.121
3.578
4.01
0.152
0.266
1.64
4.71
0.34
0.282
0.366
0.125
3.167
0.565
0.109
9.253
0.042
0.084
3.522
0.087
6.583
0.119
0.143
0.119
0.084
0.073
2.536
0.283
0.098
0.335
1.428
0.451
1.279
3.393
0.105
0.095
0.051
0.112
0.098
0.416
0.053
0.315
0.915
0.117
0.803
0.017
0.761
0.036
0.512
2.726
0.092
0.17
0.268
0.108
0.106
0.454
1.618
0.19
0.073
2.486
1.381
0.182
0.079
11.377
0.634
4.007
0.026
0.263
0.019
0.272
2.643
0.028
0.276
2.005
0.211
1.593
2.891
0.106
0.112
0.293
0.119
0.034
1.889
0.178
0.772
0.043
0.163
0.367
2.577
5.348
0.305
0.025
0.224
0.072
0.406
0.038
0.074
0.088
0.122
2.519
1.851
0.284
0.043
0.251
0.19
0.208
0.032
3.105
0.041
0.039
0.351
2.854
0.044
0.176
6.5
2.852
0.422
7.69
2.478
0.166
0.147
2.276
0.54
2.154
1.309
0.077
7.755
3.376
0.098
0.072
2.903
0.382
0.252
3.255
0.022
0.209
0.041
0.044
0.751
1.527
0.033
6.968
0.271
0.253
0.221
2.356
4.596
3.517
0.016
0.114
0.226
1.82
0.068
3.425
0.066
0.201
0.057
0.042
0.054
0.059
0.306
0.379
0.115
0.036
0.046
0.909
0.207
0.062
0.222
0.452
0.651
3.575
0.15
0.442
0.92
0.127
2.902
0.134
4.683
5.579
0.357
0.14
0.865
2.869
3.103
0.133
8.234
0.055
0.089
1.131
0.491
0.188
0.171
0.094
0.183
0.467
0.047
0.269
0.844
0.228
0.04
0.295
0.165
7.18
0.08
2.552
0.216
3.991
0.189
0.032
0.032
1.795
0.185
8.904
1.784
2.628
0.023
0.18
0.505
0.278
4.827
0.085
1.978
0.311
0.676
2.159
0.049
0.064
4.45
2.03
0.291
0.262
0.057
0.087
3.232
0.034
0.254
1.839
0.405
1.983
0.35
0.091
2.35
0.293
0.327
0.103
0.213
1.311
0.161
2.618
4.235
3.927
1.585
3.512
0.145
0.057
1.735
2.762
0.053
0.052
0.592
0.026
0.228
0.047
2.141
0.216
5.137
0.102
0.123
0.117
2.9
0.22
0.357
0.297
0.093
2.666
2.945
0.045
0.064
0.203
0.29
7.036
2.607
0.026
0.591
2.378
0.069
0.41
0.065
0.221
0.061
0.05
0.037
0.161
2.398
0.366
0.038
0.186
0.041
0.038
0.83
0.112
2.048
0.436
0.022
0.159
1.034
3.795
2.987
0.041
0.145
0.087
0.469
7.646
0.544
0.052
0.208
0.152
0.684
0.304
0.45
0.064
0.042
1.954
0.043
0.537
0.277
6.568
0.266
0.04
0.043
0.069
0.253
0.08
3.567
0.259
0.054
0.256
0.081
0.104
0.418
1.859
0.035
0.05
2.226
0.13
7.901
0.25
0.136
0.079
0.261
0.296
0.311
0.081
0.175
1.966
6.784
0.364
0.093
0.234
0.038
0.156
0.074
0.528
0.221
0.18
0.296
1.156
0.025
0.725
0.142
0.064
1.174
0.043
0.025
2.108
0.543
5.432
7.466
5.044
6.072
1.842
0.143
0.33
0.269
1.74
0.227
0.093
3.746
0.694
0.245
0.216
6.304
2.655
0.179
0.08
0.457
0.055
1.13
0.074
11.587
0.095
4.545
0.159
0.741
4.106
0.033
0.083
4.69
0.128
0.242
0.07
0.246
0.029
0.106
0.082
2.904
0.042
0.065
0.08
3.095
2.872
5.771
0.172
6.025
0.28
4.714
7.14
0.404
0.154
2.018
0.09
3.511
4.474
0.271
0.044
10.866
2.703
0.088
0.029
0.038
0.291
0.065
0.208
0.113
0.431
0.24
0.449
0.447
0.07
3.202
0.04
0.298
0.093
0.517
6.319
1.652
0.065
0.333
0.05
0.242
0.208
1.979
0.129
0.082
0.081
0.462
2.255
5.927
0.154
1.343
0.111
0.113
0.091
0.071
0.114
2.733
0.085
3.206
0.235
0.19
0.487
0.134
0.266
1.887
0.127
0.101
2.024
0.722
0.463
0.206
0.059
0.202
5.4
3.346
0.214
0.445
0.397
0.157
7.185
0.018
3.059
2.194
1.071
6.974
2.732
0.247
0.229
0.035
0.188
0.12
0.036
0.06
4.405
0.114
0.164
0.042
0.533
0.044
0.046
2.156
0.547
0.358
4.526
3.799
0.027
0.28
0.399
0.319
5.393
0.296
0.34
2.31
0.557
0.044
0.092
0.066
0.408
0.016
0.668
0.439
0.064
0.076
0.29
0.183
0.128
1.348
0.094
1.79
5.874
3.519
0.141
0.057
2.178
7.181
1.159
6.868
0.111
0.129
2.248
1.499
1.102
0.055
0.694
0.042
0.138
1.806
0.349
6.17
1.209
0.117
0.141
0.066
0.257
0.107
0.562
7.809
0.056
0.597
0.038
0.142
0.053
1.533
0.626
0.237
0.186
0.126
5.57
0.175
0.131
0.033
0.209
1.693
4.886
0.33
0.061
5.854
1.814
2.64
4.888
0.022
0.084
2.431
0.031
0.887
1.143
0.16
0.102
0.044
0.068
0.056
1.688
0.139
0.078
0.193
0.24
0.172
0.258
0.464
1.539
0.176
0.317
4.544
0.351
0.054
1.846
0.102
1.266
6.145
0.269
0.227
0.641
3.127
0.381
1.998
0.039
0.056
0.405
0.063
0.082
0.223
0.095
0.465
3.213
0.067
1.892
0.226
3.741
6.369
0.231
0.039
2.506
0.024
0.055
0.091
3.858
0.036
0.655
0.024
0.635
0.554
3.511
1.901
0.106
0.154
2.532
0.234
0.249
1.82
0.145
0.431
0.05
0.231
0.044
1.118
0.219
0.12
0.348
0.076
0.199
0.063
7.005
2.156
0.166
0.247
0.038
0.153
0.188
0.253
0.745
0.033
0.428
0.628
2.052
2.493
0.05
5.592
0.047
0.178
0.066
0.033
0.111
0.341
0.255
0.103
0.302
0.203
3.841
0.363
0.05
1.348
0.484
0.071
0.23
3.34
0.063
5.844
0.181
3.905
1.648
0.069
2.447
0.261
0.153
0.126
0.132
0.151
4.945
0.216
1.927
5.241
2.598
0.183
0.663
0.152
3.94
0.249
14.73
0.164
4.571
0.628
0.135
0.258
0.105
0.04
0.091
0.221
0.285
0.046
0.751
4.66
1.498
0.762
4.637
3.093
0.398
0.194
2.989
0.077
2.996
4.523
10.601
0.121
0.096
0.098
3.003
3.552
0.46
0.063
2.41
0.074
2.186
0.414
0.062
0.056
2.231
0.328
0.164
2.655
2.758
0.371
7.261
2.491
0.098
0.386
0.198
0.258
0.137
3.076
0.36
0.478
4.179
0.119
0.125
0.072
0.166
0.023
0.728
0.218
0.16
0.106
5.882
0.022
0.022
0.505
2.78
1.117
0.201
0.056
0.09
0.25
0.077
2.844
0.155
4.65
11.226
1.42
0.045
0.049
6.056
0.099
0.103
1.194
0.084
1.554
2.52
0.05
4.871
0.03
0.31
0.272
0.093
0.04
0.172
0.121
0.585
0.091
0.244
1.074
0.119
0.254
0.055
0.079
0.133
3.209
2.413
0.084
0.556
0.596
0.187
5.6
0.397
15.583
0.085
0.236
0.084
0.127
0.755
0.452
1.053
0.271
0.157
0.076
0.186
0.801
0.252
0.296
4.493
0.042
1.26
0.078
1.047
1.845
0.087
0.048
0.299
4.348
2.516
0.437
1.404
2.382
0.361
0.038
8.321
0.309
0.34
0.298
0.046
3.47
0.252
0.127
0.181
0.217
0.411
0.557
0.431
0.325
0.034
1.762
0.051
0.115
0.155
0.087
0.268
0.185
3.689
0.5
0.348
0.209
0.3
1.463
0.232
0.513
0.234
4.059
0.185
3.368
0.064
0.133
0.104
0.975
0.14
1.877
0.233
0.047
0.198
1.734
0.319
6.822
0.394
0.033
0.155
6.063
0.356
0.593
0.05
0.101
10.128
0.454
6.568
0.475
0.199
0.471
0.478
2.743
0.348
3.117
0.307
2.574
0.024
0.333
0.127
0.068
0.148
0.022
0.043
0.052
0.085
1.756
0.508
0.801
0.338
4.644
0.054
0.489
0.174
2.062
0.099
2.384
0.222
0.294
0.019
1.331
0.301
0.039
4.124
0.216
7.264
0.197
1.685
0.344
2.415
0.255
0.202
0.307
1.256
0.973
1.505
0.283
2.101
0.553
0.509
0.023
1.734
0.397
1.901
0.099
0.419
0.176
0.09
0.024
0.081
0.022
0.13
0.131
1.259
0.139
0.102
0.011
0.054
2.249
0.044
0.281
0.27
2.125
0.271
0.186
2.395
0.662
0.021
0.171
0.734
0.74
2.63
0.068
0.456
0.1
0.236
0.687
0.325
2.136
0.044
0.049
0.033
0.223
0.083
0.22
0.071
0.071
0.893
0.127
0.411
0.038
3.993
0.189
0.263
0.017
0.085
1.978
0.056
0.031
1.903
2.743
0.615
0.65
1.961
0.114
3.676
0.607
0.535
0.25
0.027
0.13
0.115
0.078
6.149
0.069
0.259
0.03
0.062
0.378
0.065
0.074
0.438
0.046
3.814
0.359
0.048
0.032
4.956
0.068
0.535
1.477
0.021
3.036
0.158
3.015
0.288
0.081
0.035
1.574
0.071
0.4
2.12
0.575
0.407
0.611
0.744
0.074
0.078
2.683
4.659
0.169
1.14
2.996
0.03
0.526
0.212
7.768
4.022
0.335
0.631
2.419
0.324
0.153
1.635
1.914
0.363
3.942
0.034
7.983
0.317
5.593
0.526
4.683
0.078
1.294
2.135
0.286
0.348
0.199
1.088
1.731
0.113
3.739
9.577
0.04
0.227
1.607
0.776
1.241
2.924
0.054
2.524
0.607
0.026
0.131
0.069
4.511
0.27
0.047
3.003
2.686
2.177
0.03
0.557
1.291
0.043
0.212
0.032
5.841
0.094
0.026
0.088
0.145
0.158
0.789
0.223
0.197
0.053
0.073
0.074
0.168
0.394
0.4
0.072
0.13
0.137
0.893
0.025
0.257
1.312
2.37
0.463
0.286
0.299
0.104
0.042
4.312
0.026
0.03
1.964
5.255
0.125
0.057
6.427
0.139
0.433
0.018
0.191
0.547
0.904
0.041
2.887
0.057
0.117
0.122
0.164
0.065
0.584
1.137
0.328
0.026
0.398
0.066
0.077
0.022
2.074
0.051
1.993
0.043
2.758
0.046
3.629
0.045
0.201
0.175
0.122
0.445
0.069
0.09
0.218
2.947
2.977
0.1
0.301
0.669
0.076
0.92
0.849
0.495
2.574
0.017
4.97
0.98
3.23
0.218
0.099
1.725
0.139
0.122
0.343
2.17
2.344
0.041
0.559
3.068
0.161
0.15
0.266
1.0
0.35
4.165
0.293
4.18
4.116
0.289
0.278
2.776
0.165
0.303
0.461
0.309
4.078
0.035
0.168
3.352
0.069
0.052
2.609
0.053
0.062
0.145
0.401
0.577
0.854
0.371
4.729
0.075
0.301
3.025
0.337
0.048
0.099
0.446
1.812
0.117
0.052
4.09
0.259
0.447
0.047
0.034
0.102
7.305
2.03
1.345
0.063
2.257
0.18
6.729
2.861
0.053
0.499
0.36
0.071
0.694
0.246
0.262
1.664
0.056
0.057
0.033
0.141
0.091
1.991
5.647
0.049
0.245
0.097
0.441
0.377
0.929
0.165
0.449
0.045
0.088
0.245
3.114
1.085
6.631
2.001
0.929
2.798
0.211
2.452
0.948
2.878
4.254
0.236
0.098
0.896
10.557
0.12
1.096
0.062
1.98
0.511
0.181
0.298
1.152
4.844
0.157
0.046
0.123
0.058
0.101
0.151
0.202
1.512
0.034
1.51
1.968
0.025
0.054
0.694
0.127
2.107
0.197
0.519
1.261
2.07
0.145
4.437
0.682
0.022
0.084
1.451
0.035
0.094
0.056
0.099
0.029
0.105
0.052
4.984
0.267
0.113
0.609
1.009
6.604
1.759
0.067
6.48
0.281
0.175
0.086
0.192
0.145
0.114
0.278
0.203
3.25
0.078
5.472
0.111
0.203
0.075
0.173
0.043
0.098
0.421
4.19
10.682
0.079
0.027
0.268
0.042
2.013
0.511
0.032
0.485
2.08
0.071
0.033
0.024
1.129
0.392
0.987
1.117
0.11
0.034
0.055
0.405
0.513
0.239
0.092
3.301
0.393
0.077
0.313
2.852
0.033
0.971
0.418
0.131
0.611
2.3
0.184
8.095
0.833
0.022
0.107
0.361
4.612
0.368
0.03
0.022
3.654
3.136
1.476
0.736
0.857
0.133
2.095
0.105
1.702
0.593
6.211
0.042
0.298
0.413
5.34
0.739
0.954
1.542
0.159
0.087
4.2
4.465
0.223
2.144
0.071
0.039
0.136
0.149
5.576
0.017
2.688
0.686
0.13
0.028
3.397
0.102
1.723
0.411
0.068
0.043
0.482
0.07
0.037
0.088
0.149
0.254
1.825
0.094
0.513
0.063
0.039
3.7
0.147
0.048
0.041
5.596
2.822
0.029
0.472
0.358
6.333
0.863
0.331
0.587
0.097
0.066
1.854
0.05
1.947
2.908
0.111
0.045
0.197
3.753
0.096
0.275
0.384
0.048
0.196
4.153
0.052
5.926
0.071
0.397
0.11
0.555
0.02
1.017
0.434
0.208
0.164
0.127
0.087
5.814
1.122
6.115
6.102
0.239
2.542
0.234
2.372
6.813
0.75
0.203
5.339
0.518
0.125
2.895
1.155
0.798
0.318
6.422
0.089
0.302
1.887
0.772
0.699
3.532
0.066
0.116
0.305
0.83
0.192
0.236
0.547
0.131
3.901
0.064
0.373
0.417
0.207
0.117
1.031
0.085
0.139
3.458
0.848
0.086
0.035
8.959
0.026
0.546
0.093
0.701
0.221
0.285
0.091
0.352
3.089
5.596
0.263
0.035
2.106
1.217
4.534
2.678
0.416
0.21
0.101
0.1
3.342
2.572
0.277
0.536
2.902
1.383
0.026
2.453
2.716
0.052
0.864
0.245
1.071
2.197
2.471
0.44
3.78
0.088
3.373
4.046
0.036
0.192
0.933
0.03
0.232
0.195
0.071
0.074
0.034
0.804
0.143
0.049
1.616
0.228
1.433
0.116
0.012
4.575
0.595
0.632
0.495
0.074
0.063
6.993
0.09
0.033
0.205
0.496
0.094
1.702
1.077
0.122
4.274
0.047
3.197
4.123
3.107
0.56
0.325
1.389
0.088
0.276
0.454
4.962
0.064
0.093
0.461
0.948
0.215
0.37
0.585
8.452
0.585
0.075
0.043
0.357
2.538
0.073
0.032
0.029
0.159
0.179
5.539
7.282
1.202
0.15
3.351
0.435
2.531
0.042
0.387
0.12
0.228
0.044
0.447
8.227
0.51
0.05
0.304
0.03
2.405
0.375
0.067
0.243
0.145
0.062
0.411
0.33
3.631
0.052
0.048
0.408
0.436
0.08
0.051
7.393
10.802
0.037
0.294
0.034
0.205
3.679
11.118
0.091
0.907
0.322
0.387
2.729
0.124
0.124
0.046
0.047
0.057
3.612
0.112
1.793
0.162
2.193
4.443
0.137
0.074
0.204
0.135
0.544
0.156
4.591
0.228
0.182
0.133
0.242
0.065
0.05
0.06
0.602
0.288
0.069
0.037
1.131
0.116
1.898
0.737
0.347
0.167
0.035
0.027
0.286
0.077
0.251
0.052
0.606
0.585
0.225
4.365
0.384
1.434
2.19
2.522
3.246
0.077
6.086
2.206
0.084
0.208
0.197
0.207
0.032
0.029
2.332
2.947
0.928
2.923
0.186
0.113
0.125
3.454
3.466
0.073
2.301
3.182
0.113
5.122
1.126
0.287
0.148
0.08
0.059
0.082
1.576
0.157
0.035
0.186
1.138
0.076
5.513
8.97
0.25
0.473
0.048
0.152
0.76
1.173
2.964
4.096
2.215
1.26
0.059
7.067
0.347
3.562
0.039
0.249
0.094
0.209
0.172
0.151
0.667
0.045
0.183
0.07
0.169
0.074
0.135
0.183
2.624
0.753
0.027
0.06
0.118
0.165
0.186
0.138
0.373
0.03
3.096
3.29
0.349
0.166
0.125
0.129
0.034
0.044
0.084
0.2
0.196
0.127
3.759
0.355
1.351
0.026
0.089
0.45
0.455
0.025
0.044
0.279
7.443
4.512
0.045
0.022
0.267
3.168
0.158
0.194
0.244
2.475
0.176
3.184
0.296
2.392
0.248
0.333
7.933
5.291
1.375
0.168
4.406
0.171
0.063
2.626
0.501
2.438
0.227
0.14
0.086
1.384
2.832
0.472
0.314
2.166
0.216
0.485
0.023
0.201
0.078
0.091
1.149
0.513
0.056
0.057
0.062
0.224
0.652
0.052
0.786
0.091
0.047
0.033
0.145
0.535
0.376
2.58
0.169
0.102
1.988
0.347
1.703
2.111
0.139
0.056
0.02
0.088
0.695
0.069
0.051
0.191
0.873
0.195
2.472
0.046
0.196
0.298
3.297
0.333
4.023
0.492
0.052
0.038
0.296
0.14
2.217
0.166
0.264
9.016
0.085
0.311
0.124
0.112
0.447
1.409
0.096
4.156
0.296
0.19
0.031
0.194
0.057
1.96
3.49
0.127
0.149
0.182
0.146
2.409
0.362
0.315
3.043
3.392
0.787
0.018
0.049
0.437
2.253
0.121
3.584
0.083
0.038
0.134
0.263
0.02
2.389
0.059
0.142
0.463
0.078
0.216
0.129
4.144
1.482
0.084
1.119
0.21
0.223
0.55
0.304
0.589
0.144
0.189
0.593
0.34
0.23
0.587
0.277
3.386
1.033
1.221
0.559
0.024
0.248
0.03
0.55
3.742
0.071
0.035
2.589
0.07
1.641
0.105
0.086
0.077
1.284
1.791
0.05
2.494
0.614
0.369
0.228
0.769
0.092
0.062
0.131
9.821
0.072
0.092
3.155
0.024
0.074
0.379
3.373
3.165
0.129
1.919
6.471
0.088
2.473
0.07
0.271
0.289
0.049
0.031
7.011
0.248
0.395
1.256
0.351
1.104
0.061
6.548
2.599
0.097
0.385
3.488
3.343
3.092
0.572
0.069
4.31
0.022
1.595
0.075
0.244
0.079
5.09
3.369
3.541
7.161
2.745
0.609
0.373
1.435
0.188
0.155
0.132
3.167
0.342
0.202
0.098
1.229
0.054
0.033
0.061
0.135
4.216
0.116
0.021
2.424
0.052
0.311
0.58
0.044
2.529
2.07
0.066
3.927
0.022
3.045
1.541
0.262
0.439
0.177
0.097
0.43
0.037
5.595
0.241
0.077
2.694
0.987
0.81
5.362
7.054
0.063
0.612
8.183
2.778
0.054
0.09
1.975
0.067
2.696
0.981
0.197
0.176
0.125
0.406
9.072
0.415
0.155
2.55
0.044
0.067
3.785
0.435
0.036
2.176
3.761
0.051
0.658
0.028
0.049
1.124
0.6
0.167
0.097
0.038
2.637
0.223
0.254
2.481
0.099
0.116
2.917
0.074
0.178
0.025
0.306
0.092
0.238
0.102
0.193
1.473
0.273
0.072
0.125
0.142
7.509
2.01
2.416
0.621
0.433
7.853
0.941
0.489
2.104
9.458
0.455
0.276
0.044
5.626
0.14
0.21
2.404
0.098
0.055
0.077
2.322
0.021
3.018
0.107
3.267
0.069
2.625
0.088
0.111
0.061
0.32
10.658
0.029
0.37
0.135
0.044
7.258
0.23
0.284
0.21
0.199
2.016
1.357
0.071
0.983
0.36
7.206
0.737
0.189
0.588
9.929
0.476
0.258
0.044
0.013
3.491
0.738
0.322
11.232
0.509
0.017
0.234
0.104
0.039
0.061
0.506
0.213
0.12
0.228
0.426
0.098
3.841
1.295
0.181
0.594
0.074
0.14
1.43
1.334
0.679
0.064
0.266
0.183
5.51
0.041
0.858
0.079
0.302
0.188
3.843
1.14
3.079
0.051
0.315
0.258
1.001
0.024
0.621
0.256
3.854
0.515
2.755
0.096
0.09
0.231
0.786
0.258
0.042
0.042
2.308
0.666
4.708
2.186
0.024
0.07
2.009
0.101
2.575
0.253
0.238
0.149
0.131
2.562
0.121
0.865
0.263
0.127
0.483
0.048
0.211
0.075
0.075
0.174
0.217
0.094
0.335
3.166
0.067
10.336
0.148
0.181
0.082
0.268
5.217
0.087
0.506
0.022
0.25
3.825
0.152
0.191
0.069
1.671
0.052
0.09
1.939
5.114
6.233
0.547
0.073
3.179
2.967
3.367
4.083
0.57
2.273
0.228
0.051
7.929
1.721
0.405
0.045
0.197
0.229
0.046
4.637
0.269
0.122
0.141
11.246
8.711
0.052
0.128
3.264
0.261
0.478
0.038
2.051
1.344
0.027
0.571
0.055
0.117
0.249
0.148
1.953
5.381
0.22
0.04
5.54
0.711
0.042
0.323
0.097
3.464
3.237
0.508
5.097
0.435
1.358
0.038
1.949
0.08
0.079
0.043
1.839
3.428
3.084
0.147
3.22
0.965
0.229
0.065
0.267
3.511
0.131
0.054
2.614
0.027
5.439
0.149
0.818
0.018
0.063
0.168
0.229
0.06
0.878
0.424
0.182
0.067
0.281
0.257
0.148
0.457
3.879
0.56
1.203
2.68
0.024
0.285
2.819
4.741
0.033
0.712
0.225
7.717
0.099
0.091
0.125
0.028
2.512
0.135
2.559
2.115
4.898
0.111
0.289
0.102
0.07
2.694
1.057
0.055
3.576
0.074
0.182
0.039
0.471
0.24
0.358
0.025
0.078
0.47
0.714
0.139
0.5
0.441
0.352
0.162
0.296
0.103
0.041
9.021
0.078
0.192
0.144
0.012
0.312
0.154
9.271
3.273
0.477
0.075
0.329
0.237
0.055
5.601
0.063
0.211
0.072
2.207
0.167
0.709
0.596
0.682
12.008
2.501
1.017
2.439
0.874
0.631
0.081
0.055
1.102
0.349
0.02
0.12
0.27
0.267
0.082
1.312
0.182
2.693
5.112
0.039
6.13
1.044
2.783
0.504
0.031
3.521
0.095
0.136
3.583
0.049
5.228
0.423
0.073
0.419
0.046
7.618
0.329
0.22
0.062
3.053
0.058
0.058
2.412
0.147
0.039
0.443
0.121
0.294
0.483
5.454
0.08
0.228
0.226
0.166
4.487
3.496
0.032
0.425
0.258
1.449
0.481
2.638
3.884
3.386
0.58
0.699
0.04
0.124
2.143
2.523
7.334
0.038
0.906
3.343
0.185
0.332
0.377
3.49
0.203
0.047
8.845
0.212
1.114
5.724
0.344
0.147
0.052
5.195
0.487
0.345
2.491
0.224
0.078
2.553
0.067
0.054
0.109
0.024
0.044
2.802
0.088
1.757
0.886
0.106
0.024
2.394
0.113
1.752
4.773
1.405
0.073
0.341
2.026
0.593
0.126
0.025
0.228
0.679
0.396
5.192
0.153
4.034
3.018
0.048
0.02
0.247
0.165
0.078
0.107
0.695
3.622
0.098
11.006
3.456
0.823
0.017
0.036
0.052
0.057
2.978
2.627
0.148
0.489
5.117
0.314
3.102
3.98
0.488
0.127
5.765
0.02
2.704
0.35
1.033
0.061
1.89
0.127
0.103
2.806
1.218
0.087
0.154
1.29
0.062
0.076
0.131
0.222
0.524
2.411
0.517
0.263
0.331
1.202
0.089
0.127
2.761
4.863
6.432
0.537
4.259
2.687
0.053
0.772
0.442
0.46
0.408
0.935
0.704
5.853
0.952
0.338
0.048
0.039
6.803
0.07
0.261
0.062
0.037
0.141
1.494
0.967
3.735
0.089
0.182
0.543
1.814
0.283
2.92
11.053
0.115
0.021
0.216
0.143
0.044
0.079
0.109
0.503
0.209
2.131
0.188
0.318
0.033
0.22
0.037
0.036
3.127
3.037
0.572
0.692
2.045
2.378
0.924
0.411
3.987
0.202
0.05
0.08
2.266
0.09
0.675
0.104
3.03
0.041
0.136
3.093
0.858
0.466
3.221
0.128
0.094
4.485
0.278
0.04
3.813
1.899
2.788
1.251
3.308
0.173
2.945
3.26
0.486
0.026
1.222
2.839
0.189
0.029
0.096
0.765
0.865
0.451
0.587
0.2
4.952
0.168
0.288
0.128
3.057
0.028
0.024
0.08
0.221
0.101
0.145
0.031
5.274
4.912
0.47
0.159
0.081
0.21
0.351
0.103
2.034
0.458
0.656
0.072
0.045
3.034
0.6
1.762
0.239
0.071
6.467
0.235
0.592
0.13
0.15
0.399
0.126
0.042
5.28
0.364
0.028
0.236
7.504
0.185
0.15
0.766
3.942
0.515
0.879
1.518
2.474
0.453
0.3
0.158
0.055
0.447
0.224
0.023
4.402
0.184
4.185
2.796
8.66
0.109
3.646
4.356
0.068
2.04
0.16
0.077
0.036
0.066
3.534
0.055
0.563
0.048
0.905
0.75
0.114
0.591
0.048
0.085
0.072
0.093
1.693
2.639
0.298
0.207
0.136
0.045
0.112
3.863
3.034
4.474
3.025
0.451
0.426
0.087
0.071
0.107
0.764
2.343
0.312
2.382
0.075
0.069
1.911
0.027
2.114
0.147
0.152
0.154
4.743
3.027
0.121
9.993
0.114
0.092
0.053
0.306
0.169
0.028
2.315
3.045
4.561
2.476
5.875
0.343
0.094
0.043
1.077
0.591
0.168
0.021
0.591
0.039
0.19
4.007
0.062
0.055
0.048
4.498
3.076
0.697
0.054
0.567
0.052
0.044
0.48
0.078
2.432
0.191
5.741
0.246
0.516
0.051
0.475
0.082
5.483
17.684
1.652
0.017
0.279
0.089
0.174
4.719
0.171
2.268
3.038
2.723
0.052
1.476
0.565
2.963
0.045
0.418
0.557
0.066
0.115
0.804
0.478
0.082
3.06
0.351
0.216
0.036
1.029
0.067
0.045
0.164
7.594
4.666
2.135
0.648
0.371
1.421
0.693
0.679
0.066
0.172
0.045
5.379
0.448
0.313
0.292
0.164
5.208
2.432
0.271
0.344
3.006
0.047
0.413
3.991
0.069
0.873
0.223
0.167
0.08
0.1
0.041
2.32
0.146
0.065
0.029
1.927
0.032
3.233
0.442
5.316
0.039
0.426
2.753
0.213
0.018
0.035
0.155
0.031
12.03
0.704
0.056
0.135
0.118
0.603
0.198
0.616
0.032
0.106
0.069
2.468
2.323
0.164
13.081
0.863
1.142
1.143
2.805
2.533
4.389
0.042
0.037
0.354
0.205
0.394
2.694
4.805
0.357
8.679
0.288
0.07
3.196
0.126
4.417
0.084
3.072
3.947
0.25
0.113
0.118
0.072
0.069
4.444
0.153
0.036
0.397
0.04
0.376
0.023
0.063
5.052
1.334
0.721
0.064
0.606
0.032
0.059
4.038
0.335
0.04
0.528
0.057
0.05
0.092
3.315
0.821
1.39
0.644
0.091
1.395
0.549
0.147
0.056
0.665
0.031
0.446
0.159
6.258
0.771
0.159
0.562
0.162
0.032
2.309
0.197
2.43
1.619
0.351
0.163
0.04
0.034
0.076
0.042
0.083
0.183
0.106
4.879
2.733
0.028
0.074
0.088
0.039
0.052
0.046
2.969
6.262
0.088
2.045
0.075
2.657
0.06
0.058
0.157
0.335
0.152
0.043
0.077
1.559
1.173
3.911
3.298
5.21
0.04
0.249
0.492
0.326
4.75
5.318
0.1
0.576
0.046
0.093
2.529
6.29
0.356
4.468
0.196
0.251
0.188
0.073
0.032
3.217
0.214
0.046
0.023
0.298
1.156
0.505
3.32
8.674
9.041
0.035
0.696
0.065
9.054
0.223
0.09
3.02
0.543
0.142
4.362
0.031
0.025
0.085
0.124
0.059
1.529
0.058
2.901
0.346
0.441
0.572
0.031
0.681
0.123
0.055
0.152
0.315
3.394
1.156
0.032
1.936
2.604
0.172
0.102
0.018
0.109
3.184
0.047
0.72
0.11
4.527
3.268
4.08
0.617
0.395
0.377
1.127
1.738
0.35
0.287
0.018
0.146
0.206
2.344
3.252
1.327
0.031
0.184
1.863
0.051
0.03
0.234
0.288
2.572
0.05
0.077
0.344
0.169
6.683
0.033
5.524
0.051
2.92
3.328
5.793
1.023
0.119
0.378
2.164
0.083
4.915
5.536
1.467
0.043
0.568
0.326
0.226
0.039
0.033
5.663
0.047
0.252
0.069
0.044
0.243
0.136
0.068
0.052
0.043
4.212
0.042
5.785
2.516
1.561
2.343
0.05
7.463
0.116
7.105
0.201
0.143
0.393
3.269
1.281
0.14
0.103
0.086
1.985
0.05
0.295
2.402
0.12
0.047
0.058
0.093
0.675
0.026
2.882
0.689
0.06
2.681
0.1
0.513
1.969
0.932
3.271
0.025
1.805
0.429
0.228
0.28
1.359
0.492
0.303
3.301
0.057
0.029
0.468
4.532
0.969
0.965
0.279
0.136
0.015
3.788
0.23
0.422
0.891
0.041
5.172
0.033
0.084
0.084
5.949
4.556
0.119
0.081
0.128
2.106
2.14
5.537
0.03
0.826
0.146
0.127
2.655
1.577
1.082
3.157
0.367
5.11
0.749
1.665
0.546
0.235
0.075
0.092
0.362
0.075
0.147
0.159
0.422
0.852
0.186
0.165
3.948
0.095
2.314
0.773
6.802
0.145
0.071
0.225
0.095
0.052
0.078
6.861
0.533
0.06
2.142
2.165
4.994
0.515
0.039
0.812
3.735
0.086
0.047
0.12
4.55
2.938
0.179
0.058
0.126
0.36
0.134
0.031
0.045
0.181
0.054
1.401
0.26
0.044
4.618
5.298
1.828
2.22
2.005
0.642
0.398
0.046
0.751
0.066
0.027
0.059
0.206
0.113
0.244
6.327
0.297
0.105
0.591
0.745
2.677
0.229
0.051
5.823
7.673
0.064
0.905
0.053
0.035
0.234
4.756
2.926
2.735
0.101
9.415
0.036
0.312
0.111
0.063
0.616
0.24
0.189
0.61
0.985
0.082
0.238
4.373
0.045
2.333
0.634
0.318
0.188
0.054
0.408
0.319
0.056
3.804
0.038
0.171
0.852
2.256
0.184
4.208
1.562
1.561
4.304
0.011
3.47
0.314
0.146
0.204
0.05
0.216
0.478
0.846
0.956
0.174
1.616
0.159
1.07
1.788
2.719
0.209
0.101
3.016
0.586
11.102
0.584
1.854
12.156
0.232
0.109
0.123
0.04
0.713
0.103
0.868
0.118
0.577
0.562
0.342
4.467
0.183
0.152
0.846
0.092
0.085
8.742
0.127
0.166
0.738
1.315
0.03
0.301
1.207
0.071
0.268
0.063
0.089
0.466
0.295
0.41
0.029
0.287
18.443
0.234
0.122
0.175
0.179
0.153
0.264
0.033
0.055
0.139
1.22
0.739
0.268
0.125
0.199
3.143
0.089
1.836
0.334
1.568
5.188
0.568
0.09
1.869
0.44
0.569
0.049
0.022
0.353
0.166
0.681
0.984
6.234
0.19
0.02
0.105
2.141
0.638
0.535
0.175
6.458
0.066
0.076
0.113
7.644
0.532
5.924
2.455
0.737
0.326
0.421
0.032
0.681
0.082
0.11
2.153
0.087
2.906
2.545
0.129
0.063
0.485
0.347
2.025
0.618
2.909
0.035
5.234
0.387
0.786
0.046
0.246
0.415
2.487
0.076
0.195
0.041
0.083
0.023
0.179
0.284
1.782
0.1
0.365
0.047
0.686
0.218
0.579
0.441
0.506
4.103
2.685
0.585
6.749
2.341
0.06
0.167
0.221
0.459
0.228
0.035
0.472
0.118
0.05
3.447
2.517
0.074
0.413
0.394
0.115
0.108
3.629
1.841
0.05
0.02
0.034
0.059
0.076
0.371
0.242
2.421
0.19
0.116
0.241
2.379
0.055
0.067
0.078
2.937
0.066
0.289
0.021
2.883
0.038
1.251
0.057
0.081
3.39
0.05
4.099
0.252
0.207
1.197
0.061
0.287
0.083
0.745
1.803
1.699
0.128
0.094
2.88
0.249
1.301
0.387
0.148
1.922
0.162
2.005
0.086
0.395
0.142
0.181
0.068
2.323
0.533
0.156
0.033
3.529
0.35
0.482
0.149
0.055
4.435
0.185
0.686
0.026
0.431
0.099
0.857
0.133
0.054
0.071
0.935
1.475
6.263
0.268
0.035
0.116
3.479
2.784
0.023
2.42
0.8
2.835
0.275
0.085
0.208
3.191
0.027
0.348
4.244
0.429
0.231
0.156
0.486
0.37
1.798
0.167
0.364
7.34
0.106
0.508
0.144
0.087
0.16
0.161
0.797
0.054
0.05
0.017
6.467
0.396
1.767
0.186
0.458
0.106
0.233
2.058
0.151
7.281
6.455
2.28
2.139
0.051
0.369
0.061
3.284
0.294
1.86
0.084
0.066
0.04
5.936
0.277
0.161
6.808
0.132
1.961
0.424
0.038
0.135
0.091
0.161
3.504
5.345
0.027
6.075
0.191
0.799
0.078
0.461
0.563
1.057
2.714
3.018
0.223
0.042
0.087
0.199
0.154
0.205
0.304
0.077
0.156
0.028
0.162
0.024
1.377
3.709
0.112
5.089
1.98
0.199
0.554
0.264
0.044
6.242
0.03
1.884
0.315
0.046
0.125
0.532
0.392
0.404
1.545
0.032
0.052
0.092
0.05
0.081
1.956
0.111
0.077
0.041
0.159
1.622
0.058
0.073
0.253
0.263
0.033
0.056
1.721
4.669
0.65
0.775
0.189
0.007
0.151
3.248
0.224
0.182
0.378
0.675
0.752
0.462
0.214
2.406
3.273
2.578
0.093
0.153
0.09
2.382
4.45
0.046
4.311
0.286
0.053
0.126
0.832
0.073
4.759
0.038
3.424
0.218
0.143
0.067
0.072
0.929
0.095
0.151
3.312
0.19
0.182
0.524
0.053
0.057
0.052
2.357
1.178
0.394
0.33
0.224
0.104
0.431
1.442
0.11
0.492
0.1
9.754
0.24
0.357
0.193
0.076
0.061
0.101
0.366
7.884
0.15
0.036
0.056
3.221
0.335
0.092
0.386
0.243
0.146
0.081
0.092
0.252
6.136
0.873
5.757
0.695
0.127
7.92
7.681
2.387
1.091
10.236
0.193
0.602
0.038
0.148
0.581
0.03
0.714
0.109
0.63
1.14
0.094
4.96
0.22
0.063
4.168
0.229
1.162
0.912
1.14
5.603
0.037
0.689
0.065
1.723
1.012
0.11
0.113
0.861
0.041
0.237
0.79
3.063
2.115
3.389
0.109
0.574
0.561
0.663
8.502
0.354
4.804
3.14
0.084
0.036
0.14
0.342
0.035
0.087
0.067
4.303
0.031
0.154
0.223
8.862
0.016
5.763
0.162
0.228
2.624
1.041
0.159
0.198
0.757
2.606
0.154
1.121
3.117
0.112
1.463
0.027
2.308
0.939
0.356
0.197
0.086
0.305
4.651
0.05
0.26
1.047
0.024
7.736
0.641
0.221
1.743
3.124
0.315
0.355
0.115
0.125
1.374
0.067
0.059
0.11
0.035
2.698
1.343
0.603
0.094
0.206
2.635
0.061
0.115
3.936
3.46
0.351
0.244
0.136
0.119
3.94
0.051
0.137
1.886
0.437
0.153
0.172
0.028
0.548
0.057
0.637
0.112
0.133
0.056
0.072
1.607
0.115
2.751
0.061
0.785
4.684
5.047
1.069
0.137
0.083
0.026
6.327
1.173
0.045
0.136
0.047
0.15
0.201
3.394
0.045
2.259
0.182
0.27
0.122
0.135
0.051
3.053
0.104
0.167
0.387
2.772
0.06
0.216
0.771
4.569
0.263
5.069
0.791
0.092
5.339
0.317
0.046
2.579
0.102
1.102
1.392
1.915
0.103
0.591
3.738
4.777
0.498
0.19
0.146
0.632
0.131
0.058
1.593
9.768
0.068
2.658
0.085
0.574
6.301
0.332
0.303
0.339
0.144
0.137
11.608
0.143
0.014
4.229
0.135
2.024
0.352
0.698
0.652
0.34
0.066
0.107
0.059
0.147
0.077
1.241
0.063
1.887
0.533
0.046
3.212
0.047
0.238
2.76
0.426
0.353
0.215
0.406
0.027
0.102
7.749
0.08
1.031
0.143
0.056
0.121
0.474
0.364
0.364
0.175
0.281
0.682
0.13
0.819
6.36
0.542
0.119
0.364
0.392
0.038
0.13
0.31
7.867
0.074
0.331
0.111
5.19
0.211
3.029
0.037
2.719
0.025
0.637
0.232
1.71
0.132
0.025
1.876
0.083
0.019
0.415
1.034
0.102
0.187
1.961
0.601
0.072
1.213
0.045
0.616
0.257
0.111
0.031
4.583
0.063
0.755
0.096
0.06
0.063
0.032
0.289
0.136
0.198
0.071
0.333
0.616
1.087
0.013
3.926
1.374
3.311
0.082
2.166
0.021
0.969
0.209
0.143
2.751
2.477
0.067
0.107
1.545
6.507
0.117
0.037
0.21
2.053
0.129
0.325
0.361
0.053
0.166
0.13
2.709
0.051
0.023
0.163
0.304
0.238
0.698
0.243
0.456
0.118
0.069
0.733
0.033
0.168
0.304
0.368
0.063
4.039
0.187
0.196
0.279
0.101
0.11
0.516
3.489
0.413
1.895
1.31
1.414
1.946
3.805
0.139
0.107
2.599
0.204
2.913
0.065
0.377
1.047
5.309
1.361
3.788
5.901
0.07
1.231
0.074
0.36
0.593
0.02
0.818
4.473
0.321
0.68
0.031
0.027
0.081
0.261
0.038
0.3
0.141
0.065
6.864
0.334
2.822
2.308
0.674
2.031
0.035
2.022
0.036
0.135
0.397
0.108
0.078
0.062
0.225
0.358
0.074
1.754
0.036
0.22
0.328
4.352
0.073
3.893
0.028
0.028
0.08
2.487
0.59
0.977
4.238
2.669
2.326
0.091
2.548
0.234
0.088
0.089
0.56
0.033
0.038
0.449
0.697
0.055
0.268
0.029
0.068
6.456
0.053
2.424
0.202
2.624
0.172
0.114
1.284
0.049
0.482
2.947
0.349
0.034
0.03
0.027
0.176
9.31
0.062
3.32
0.209
0.489
0.439
0.236
0.088
0.835
0.432
1.66
0.133
0.031
0.042
2.378
0.463
0.033
0.426
0.071
0.318
0.332
0.045
2.923
0.067
0.8
0.537
0.768
0.318
1.939
0.115
2.657
0.075
0.07
0.526
0.17
0.472
0.31
0.03
0.619
0.667
0.136
6.684
1.361
1.521
0.222
0.037
0.297
0.12
5.177
2.026
0.134
1.848
0.163
0.037
0.584
0.095
0.116
2.225
0.177
0.639
0.261
0.146
0.123
5.151
0.375
0.21
0.017
5.098
0.085
0.134
0.295
2.17
0.125
0.846
0.097
0.199
0.157
0.903
0.039
4.013
0.082
0.767
0.159
3.733
0.075
0.154
0.083
0.145
0.203
6.184
0.287
0.418
0.081
4.526
0.156
0.383
2.398
0.206
2.188
0.199
0.178
0.636
0.504
0.026
0.066
4.792
7.574
0.064
0.084
0.068
0.063
0.48
0.136
0.769
0.563
1.896
0.119
0.108
0.127
9.218
0.161
3.432
0.123
0.905
0.797
3.38
0.17
1.026
2.187
0.094
0.091
0.049
0.031
0.107
0.516
0.442
0.115
0.042
2.511
0.055
1.002
2.264
0.033
9.378
0.194
0.807
0.039
0.36
10.675
0.13
0.13
0.026
2.979
0.796
0.148
1.903
0.301
0.558
2.642
0.128
0.093
0.054
0.08
1.291
7.582
0.066
3.069
0.63
13.965
0.242
0.331
1.335
0.02
1.808
1.263
0.093
0.577
0.015
0.235
0.162
1.033
0.515
1.212
0.437
0.319
0.1
0.289
0.334
2.488
8.023
0.353
1.911
0.077
0.233
2.249
2.062
0.725
0.654
0.81
0.1
0.034
3.092
0.865
0.084
0.096
2.82
7.541
3.175
0.046
0.508
6.329
0.154
0.103
0.175
0.19
0.179
4.495
0.045
0.432
0.276
0.372
0.01
0.874
2.47
0.245
0.19
1.247
3.725
0.167
1.328
1.15
0.271
3.076
2.937
0.46
1.712
0.2
0.118
0.072
2.934
1.818
0.106
2.544
4.721
0.69
0.494
0.091
0.406
0.094
0.439
0.116
13.184
1.911
0.276
0.26
0.186
4.849
0.167
0.198
1.626
0.139
2.75
0.428
2.715
1.613
2.796
2.148
4.426
0.076
0.04
0.099
8.396
2.608
0.141
0.09
0.156
0.676
0.108
3.056
0.432
2.454
7.409
0.164
0.319
0.161
2.33
0.024
0.257
1.717
0.385
0.056
0.074
1.877
14.363
1.369
0.103
0.211
0.104
0.137
0.668
3.706
2.629
0.512
0.59
0.143
0.285
0.312
0.105
0.118
0.059
0.034
2.202
0.043
0.044
0.679
0.389
2.915
2.041
0.486
0.056
2.835
0.103
0.173
0.333
2.882
0.055
0.216
0.121
0.093
0.024
3.962
4.706
6.741
0.105
0.416
4.588
0.137
0.096
0.093
0.476
0.076
0.106
3.006
0.462
0.134
10.227
2.671
0.092
1.031
0.323
3.336
0.381
0.895
0.027
2.084
0.1
0.119
0.174
0.248
0.17
2.907
0.038
0.055
0.32
1.416
0.224
2.021
0.316
1.803
0.363
2.036
0.04
2.645
0.386
0.1
0.406
2.67
0.042
0.097
2.489
4.101
0.313
0.175
0.398
0.038
5.639
0.047
0.614
0.272
0.052
0.031
8.333
0.222
3.964
1.016
0.079
0.269
1.253
0.055
0.013
3.055
0.289
0.687
0.652
5.514
0.201
0.782
2.126
0.116
0.069
0.283
3.223
4.842
0.331
10.605
0.131
0.046
0.102
0.108
0.359
9.089
0.367
0.108
0.262
0.194
0.537
0.024
1.659
2.517
3.452
0.043
2.895
12.735
0.434
0.047
4.221
3.881
0.5
0.08
0.159
0.025
0.258
1.864
2.332
2.795
2.827
1.573
0.139
0.044
0.273
0.175
0.181
0.165
2.851
0.384
2.436
1.955
0.032
0.262
1.503
3.672
6.772
0.289
0.31
3.532
0.308
1.332
0.141
0.932
0.47
0.149
0.069
0.231
0.26
0.36
0.389
0.378
0.784
0.098
0.867
3.937
0.184
0.103
1.445
0.568
1.85
0.019
0.067
0.398
0.424
0.058
3.584
3.745
6.813
0.152
0.263
0.082
2.95
1.176
0.201
1.754
0.04
0.566
0.043
1.159
0.251
4.452
3.551
0.027
0.247
0.156
9.072
0.091
2.768
5.93
1.249
0.043
1.547
0.504
0.154
0.14
0.106
0.061
0.239
0.138
0.141
0.058
0.293
0.029
4.47
0.067
0.021
0.111
0.067
0.078
2.184
4.37
0.655
3.178
1.909
0.098
5.269
0.357
2.014
0.065
2.724
3.052
0.167
3.497
0.687
2.804
1.56
0.281
0.173
0.061
2.228
2.563
0.243
0.72
4.991
5.448
0.021
0.066
0.278
0.94
5.664
0.059
0.104
3.648
0.268
0.108
0.387
0.135
0.022
2.545
1.347
0.375
0.047
0.724
0.3
2.769
0.09
3.801
0.041
0.497
0.16
0.106
6.833
0.076
0.103
0.122
0.217
0.101
0.133
0.057
0.222
0.029
0.175
0.384
0.023
3.79
0.156
0.296
0.263
0.159
2.491
0.727
0.043
16.613
0.25
0.022
0.135
0.078
1.686
0.16
0.225
0.749
0.028
0.355
0.151
0.03
0.726
2.427
4.251
0.359
0.036
0.078
2.292
9.424
2.619
0.142
10.064
0.454
0.127
0.051
0.094
0.105
0.054
0.237
9.498
0.371
0.09
0.1
0.163
6.951
3.984
3.03
1.833
0.71
0.096
0.282
0.112
0.093
0.016
2.664
0.158
0.034
0.068
0.021
5.904
0.055
8.331
3.087
0.268
5.585
0.418
0.079
0.388
0.501
0.071
0.123
0.113
0.21
2.795
0.055
0.28
0.341
1.904
0.388
0.04
0.291
0.16
0.222
0.024
0.057
0.805
0.522
0.085
0.09
2.217
0.066
0.787
3.729
1.144
5.482
1.48
5.676
8.715
6.524
0.271
3.347
0.255
3.018
0.061
0.1
2.42
1.859
0.06
0.34
0.261
0.431
0.276
2.465
0.048
0.151
0.855
0.127
1.414
0.107
0.336
2.547
0.035
0.179
0.045
0.126
8.309
7.934
0.216
9.069
2.184
0.808
0.068
5.062
0.151
0.035
0.051
3.514
0.359
7.958
0.118
0.376
1.412
0.064
1.78
0.032
0.23
0.07
0.133
0.175
0.119
0.032
0.245
0.158
4.969
0.048
3.489
2.36
0.321
0.635
0.1
0.056
0.844
0.242
0.033
0.036
4.195
0.519
1.851
0.598
0.097
1.701
0.078
1.57
0.107
1.532
0.045
0.187
0.969
1.702
0.068
0.229
0.245
0.045
2.941
4.343
1.292
0.426
0.812
0.292
0.351
0.023
0.047
0.076
2.201
0.046
2.977
0.266
0.623
0.208
1.709
0.094
0.237
0.102
10.957
1.395
0.33
0.04
0.294
0.845
0.084
2.144
0.051
1.043
1.023
0.347
0.789
2.526
0.096
0.047
0.316
1.605
1.137
0.041
2.672
0.028
2.089
0.318
0.52
0.536
0.29
0.29
0.104
0.011
8.711
0.04
1.851
0.044
3.704
0.124
0.078
0.208
17.269
0.037
0.209
0.18
0.296
0.102
0.125
0.656
0.209
0.466
0.178
3.632
0.108
0.039
0.056
5.181
0.048
0.03
2.666
3.665
4.338
1.887
10.84
2.611
0.148
2.286
0.073
4.725
6.572
0.094
0.073
0.308
3.214
0.146
2.064
0.013
0.175
0.068
3.253
0.248
0.219
0.058
0.137
0.151
0.12
3.281
1.659
0.035
0.736
0.219
2.442
2.422
0.362
0.026
0.086
0.162
0.669
2.145
0.091
4.123
5.635
0.187
2.557
0.177
0.157
0.603
0.189
0.16
0.055
0.081
3.416
0.111
6.191
0.695
0.371
0.055
0.649
1.002
0.919
0.155
0.059
4.614
6.991
0.029
0.149
0.291
0.178
1.406
0.063
0.108
0.091
0.245
0.055
0.029
0.143
0.106
0.841
0.178
0.351
0.07
2.337
3.453
0.04
0.081
0.329
4.172
0.953
0.571
0.198
0.433
0.935
0.104
0.243
0.129
0.641
0.375
3.366
3.374
3.588
0.048
0.036
0.039
0.083
0.168
0.248
0.196
0.109
0.138
0.176
0.446
0.106
0.362
0.103
6.625
0.243
0.02
0.215
1.945
0.502
0.193
0.151
0.03
0.134
0.685
3.878
6.48
2.919
1.702
0.022
0.498
0.069
0.819
0.102
2.284
0.772
4.614
0.32
3.303
0.81
0.342
0.133
0.062
2.039
0.556
0.039
2.29
0.024
0.398
0.505
0.113
0.061
5.495
0.457
1.733
0.097
0.476
4.005
2.534
0.209
0.201
0.111
0.64
0.2
0.031
0.025
0.259
0.268
3.791
0.068
0.64
0.071
0.156
0.02
0.044
0.279
0.048
0.159
0.442
0.212
0.155
0.283
0.048
0.066
0.084
0.451
0.044
0.104
0.051
0.111
0.017
0.539
0.762
8.944
0.277
0.089
3.257
0.295
7.398
0.484
0.744
0.936
0.077
0.166
0.05
0.05
0.167
1.977
3.26
0.203
0.108
1.535
0.038
0.59
0.096
0.091
11.794
0.123
0.161
0.154
0.705
0.736
3.916
0.888
0.035
0.098
0.106
1.424
0.069
0.654
0.986
0.057
0.415
0.181
0.031
2.66
0.624
0.037
0.261
4.861
0.493
0.119
0.658
0.143
0.123
0.101
0.65
0.305
0.466
7.138
1.537
0.23
1.917
0.056
0.048
0.24
3.86
4.223
1.584
6.038
0.032
4.248
0.192
0.327
0.95
9.288
0.065
0.031
3.885
0.447
0.087
5.089
1.409
1.324
0.067
0.084
0.019
0.424
6.516
0.175
0.096
0.74
0.103
0.059
0.201
3.495
5.002
0.069
0.087
3.287
0.022
0.119
1.661
1.42
0.225
0.274
0.681
0.031
0.135
0.228
1.109
0.917
3.429
0.034
0.085
0.911
0.374
0.726
0.038
0.282
0.049
2.623
6.447
1.943
0.038
0.199
0.036
0.145
0.068
2.83
0.115
0.314
0.223
1.036
0.461
0.067
1.95
0.291
0.056
1.377
0.237
0.044
0.08
0.185
0.313
0.362
0.451
5.596
3.696
5.61
1.13
3.02
0.038
0.771
0.04
1.8
0.497
3.579
0.033
0.205
0.037
2.016
1.082
0.187
0.034
0.031
0.232
0.193
2.826
0.024
0.056
0.352
4.033
8.14
0.218
0.498
0.151
3.895
0.045
0.039
0.073
0.159
1.378
1.918
0.021
0.13
0.055
0.166
0.125
0.419
0.176
0.16
0.116
0.626
0.039
1.996
1.544
2.656
0.791
0.799
0.613
0.031
0.185
0.125
3.172
0.334
0.053
0.078
0.245
0.034
1.866
0.149
2.893
2.406
0.25
5.866
0.054
2.745
0.513
0.362
0.438
0.232
0.153
0.048
0.048
1.006
0.337
0.245
0.168
0.453
0.247
9.354
1.054
0.175
0.427
2.586
0.345
0.085
2.685
0.347
0.051
0.099
0.535
0.151
1.29
4.915
0.078
0.347
0.114
0.196
0.11
2.261
0.768
0.088
0.124
3.364
0.31
2.58
0.041
0.894
3.414
0.143
0.402
0.222
3.006
0.152
0.035
0.037
0.756
0.255
0.144
0.352
0.013
3.159
4.39
0.073
0.055
0.074
0.371
0.1
0.202
4.016
10.223
0.144
1.848
0.385
0.244
0.327
2.859
1.081
0.039
0.144
0.302
0.348
0.232
0.234
3.905
0.096
0.498
3.361
2.348
3.111
0.032
0.939
0.036
0.065
0.038
0.181
0.028
0.109
0.097
3.863
0.894
0.152
1.242
0.13
0.224
1.456
0.02
0.04
2.175
1.763
7.253
0.091
0.041
5.605
0.145
0.163
3.214
0.087
0.114
0.979
0.048
0.935
2.138
0.078
1.966
0.162
0.024
0.046
0.08
15.4
4.067
3.425
0.183
0.608
4.178
0.059
0.471
0.05
3.765
0.194
0.136
0.072
5.938
0.041
2.272
0.09
0.183
0.053
0.182
1.024
0.216
2.347
0.789
0.034
1.024
0.274
0.057
0.068
0.098
0.118
11.784
0.089
0.083
3.249
1.725
0.089
0.192
1.541
0.258
1.216
0.496
0.239
2.055
0.134
0.093
0.142
3.451
0.069
0.076
1.526
0.06
0.042
0.099
1.707
0.141
0.115
0.251
2.229
0.302
0.061
6.837
0.64
2.221
0.014
4.749
5.214
0.042
0.211
2.709
0.441
0.1
0.091
6.686
0.182
4.549
2.548
0.128
0.082
0.084
0.036
0.189
0.076
0.037
0.49
0.108
6.022
7.697
2.401
0.213
0.076
0.426
2.898
1.311
0.193
4.892
0.344
0.085
0.174
0.033
2.81
0.05
5.424
0.157
0.615
6.007
0.608
0.092
0.115
0.28
0.558
0.777
3.518
0.064
0.075
0.206
1.89
0.348
0.088
0.091
7.332
1.348
8.04
0.666
0.289
4.392
0.223
3.069
0.061
0.179
0.544
0.491
0.147
0.201
3.679
11.403
0.395
0.059
5.035
1.978
3.044
0.029
0.049
0.884
1.173
0.166
2.661
0.085
0.355
3.068
1.541
0.092
7.694
0.253
0.06
0.092
0.054
0.135
0.209
0.119
1.063
0.077
2.186
0.355
1.564
0.131
1.695
0.451
0.602
0.047
0.229
0.047
0.18
0.082
2.254
0.303
2.241
0.049
0.272
0.236
0.174
0.087
0.321
0.496
0.44
0.051
1.927
2.573
2.4
2.315
0.046
0.95
2.958
0.053
0.097
6.354
11.413
5.758
3.648
0.27
3.05
0.271
0.924
0.026
1.454
0.088
0.069
0.994
3.366
0.049
0.046
1.696
0.275
8.79
0.206
0.53
5.352
0.116
3.741
0.296
0.498
0.101
0.271
0.186
3.649
4.083
0.049
0.121
0.114
0.087
0.819
0.041
2.008
0.493
0.083
0.111
0.15
0.115
0.04
0.108
0.198
0.692
0.378
0.053
5.78
0.058
0.034
0.042
0.652
0.105
0.204
1.194
2.689
0.079
4.35
0.484
2.841
7.554
6.6
0.034
0.045
0.642
0.021
0.339
5.342
0.034
1.074
2.065
0.475
0.08
0.171
0.18
0.057
0.053
2.993
5.21
0.861
3.591
0.085
0.079
0.056
0.87
1.995
0.239
0.121
0.199
0.253
0.208
1.378
0.028
0.08
0.091
0.016
0.342
3.215
0.081
0.383
0.097
0.051
1.303
1.386
0.07
0.282
0.142
0.07
0.07
0.115
0.072
0.049
0.058
8.801
0.524
0.246
0.325
0.072
0.132
0.044
0.172
0.081
0.032
3.582
0.366
0.146
0.076
1.817
4.204
0.045
0.155
0.491
0.22
0.467
0.424
0.175
1.28
0.888
2.657
0.256
0.08
9.42
0.144
4.843
0.099
3.057
0.859
0.326
0.09
1.777
5.904
5.143
0.577
1.027
2.353
4.199
1.686
3.851
0.035
0.051
0.053
0.689
0.235
2.421
0.083
0.17
2.885
0.098
3.135
0.142
2.823
0.085
0.985
4.6
0.297
0.253
0.076
0.044
0.122
0.067
0.06
0.45
0.3
0.586
0.165
3.516
1.41
0.259
3.18
1.041
3.009
0.141
0.099
0.64
0.15
0.371
0.271
0.049
0.774
0.66
2.138
0.021
4.057
0.095
0.284
0.191
2.044
0.334
0.398
0.135
0.022
0.54
1.334
0.045
0.037
1.609
0.05
4.451
0.695
2.326
0.071
0.025
0.585
0.058
3.678
0.301
0.202
0.073
0.029
0.315
0.219
0.121
2.609
0.055
5.485
0.068
0.315
0.21
0.076
7.484
0.203
0.807
0.183
2.144
0.562
0.049
0.052
0.291
2.941
0.056
6.508
0.048
0.499
2.496
2.142
0.122
2.456
0.077
3.04
0.146
0.249
0.405
0.084
0.057
0.103
0.175
0.033
0.032
0.641
0.055
4.922
0.464
2.56
0.231
0.272
0.134
0.146
0.29
0.021
2.445
0.158
0.097
0.113
2.243
0.035
0.442
0.124
0.037
0.384
0.438
0.042
0.048
0.117
1.286
0.267
0.028
0.157
1.046
0.147
0.327
0.074
0.205
0.084
0.082
0.033
0.753
0.053
0.018
0.165
0.058
0.382
6.057
1.572
1.731
0.136
0.273
0.182
0.114
0.184
0.112
0.256
3.745
0.025
0.029
1.256
0.172
0.074
2.046
0.068
1.476
6.491
8.178
6.274
0.391
4.379
1.285
0.154
0.088
0.444
4.955
0.048
0.853
0.221
0.082
0.284
3.243
0.11
0.043
0.093
1.62
0.45
3.542
0.085
0.044
3.535
0.082
0.082
0.039
0.687
0.165
0.094
1.298
0.463
0.15
0.065
1.831
1.982
0.061
0.284
7.621
0.037
0.079
0.123
0.332
0.989
0.106
0.556
4.29
0.219
0.102
0.486
0.152
2.404
0.198
0.642
0.151
5.029
0.017
0.132
0.345
0.049
0.242
1.159
2.748
0.304
0.143
0.49
1.171
0.187
0.387
0.114
0.424
0.299
0.023
0.986
0.087
0.51
3.268
0.062
0.155
0.241
0.081
7.073
0.04
0.102
4.96
1.663
2.483
0.432
0.414
1.007
1.871
3.397
0.105
0.115
0.087
0.213
0.323
0.422
2.893
4.597
0.205
0.037
4.417
0.203
0.261
0.05
0.042
2.771
3.281
0.035
1.663
0.022
0.099
1.512
0.474
0.081
0.034
0.185
0.054
0.294
3.056
0.184
0.027
4.011
0.087
0.166
0.431
0.732
5.059
0.141
1.53
0.068
0.063
0.262
0.244
10.215
0.05
0.092
5.054
0.034
0.24
0.055
0.023
0.272
0.01
0.14
15.11
0.02
0.053
0.038
0.084
5.708
0.101
2.283
0.023
2.32
4.367
0.53
2.187
0.233
2.592
0.75
3.317
1.569
0.541
0.35
0.214
4.879
0.249
9.181
3.259
0.023
8.76
0.137
0.388
3.78
0.179
0.033
0.049
2.13
3.558
2.137
0.077
0.519
4.293
3.281
0.048
0.632
0.07
0.173
0.033
0.094
0.202
3.691
0.337
1.763
0.053
1.961
0.399
6.415
2.566
0.016
0.086
0.044
0.103
0.576
0.215
0.048
0.729
2.659
0.373
0.379
2.211
1.94
0.614
0.107
0.27
0.135
2.103
2.728
4.441
0.151
0.205
0.281
0.073
0.044
0.074
0.037
0.156
1.088
0.343
0.047
1.35
0.63
0.431
0.261
0.508
0.152
0.085
0.453
0.151
1.996
0.118
0.108
0.08
5.238
2.655
0.053
2.436
3.746
0.301
0.346
0.016
0.139
2.346
1.2
1.321
0.07
0.07
0.494
0.328
0.061
0.071
0.177
0.212
1.108
0.282
3.553
3.29
0.23
1.91
0.855
2.165
0.076
0.342
0.566
0.238
4.939
3.624
0.311
1.695
0.452
0.487
0.125
1.508
0.079
0.562
0.13
0.644
3.391
0.026
0.082
2.3
0.032
3.038
3.57
0.024
0.076
0.429
1.631
0.382
0.046
0.134
2.884
0.248
0.28
0.064
0.563
0.077
0.367
5.227
0.3
6.742
0.121
3.0
1.029
0.332
4.924
1.87
0.078
0.06
0.508
0.122
0.104
0.228
4.484
0.404
6.958
0.714
3.447
0.205
3.067
0.043
0.182
0.052
0.93
0.439
6.341
0.121
0.078
0.12
1.365
0.319
7.389
0.037
1.941
0.306
0.103
0.912
4.181
1.144
0.643
0.451
6.829
2.523
0.036
0.418
0.21
2.657
6.409
9.597
11.586
0.289
0.425
2.084
0.063
2.909
0.795
5.958
2.596
0.054
0.062
3.236
3.255
4.877
2.544
0.036
0.048
8.985
2.122
0.042
0.069
0.821
0.179
4.785
0.137
0.341
0.227
0.029
1.688
0.105
2.584
0.096
0.12
0.388
0.105
0.665
0.3
0.018
1.824
0.306
0.254
0.086
4.193
0.418
0.066
0.063
5.836
0.048
0.191
0.105
0.126
0.232
1.936
3.826
0.075
0.431
0.065
2.688
0.141
0.248
0.107
0.029
0.047
0.23
0.051
3.611
5.819
3.979
0.055
1.716
0.03
3.015
0.073
0.228
0.172
0.131
2.911
3.931
0.459
0.122
0.093
1.891
0.184
0.025
0.02
0.015
0.164
0.061
0.119
3.294
0.029
0.111
0.075
0.708
0.147
0.272
0.283
4.885
0.021
0.022
0.216
0.092
0.702
2.911
0.2
4.045
0.11
3.495
0.02
0.122
0.506
0.247
0.213
0.047
0.047
4.03
0.37
0.845
1.899
0.06
0.119
3.703
0.021
0.263
3.224
0.142
0.303
0.06
2.874
0.716
0.073
0.222
0.377
1.94
1.864
0.029
1.403
0.69
0.074
0.166
0.096
0.179
0.101
3.063
0.201
0.036
4.042
0.096
1.485
0.152
1.775
6.335
2.77
0.155
2.108
0.376
0.475
0.53
0.21
0.067
0.689
0.126
0.123
0.163
0.123
0.205
3.933
0.34
2.495
7.278
0.086
0.674
0.111
0.704
0.03
0.064
1.133
2.828
0.015
0.068
0.065
0.101
1.288
1.364
0.215
0.472
0.025
0.022
0.241
8.609
0.131
3.803
0.157
0.221
0.479
0.195
0.208
2.651
1.076
4.61
0.08
0.261
0.731
0.78
0.478
1.16
1.246
4.328
0.462
2.151
0.023
0.063
0.185
0.409
0.184
0.6
3.266
0.081
3.545
2.291
0.064
0.157
0.231
0.112
0.279
0.472
0.299
6.665
0.105
0.379
1.685
6.264
0.065
0.347
0.383
0.124
5.432
0.014
0.204
0.032
3.39
0.359
0.047
0.704
1.208
1.696
0.575
0.288
0.314
10.858
0.293
1.498
0.445
3.374
0.029
0.05
0.158
0.702
1.358
0.738
0.214
2.205
0.4
2.044
0.543
0.237
0.931
0.071
0.803
0.122
0.481
2.601
2.271
0.345
0.166
0.043
0.701
0.357
2.241
2.425
0.113
3.685
0.176
0.281
2.267
2.867
0.108
0.256
0.061
0.099
0.101
0.093
0.061
0.132
2.399
1.413
1.278
0.032
2.633
0.149
0.164
0.054
0.415
0.374
0.041
0.047
0.411
0.088
0.238
5.333
0.361
0.076
0.067
0.361
0.037
0.087
0.857
0.206
0.759
0.051
0.284
0.075
0.94
0.033
0.346
0.731
0.302
2.98
3.284
3.632
0.056
15.889
0.399
0.079
0.038
3.344
2.397
0.085
0.744
2.124
0.973
2.213
6.728
0.087
0.686
0.447
0.216
3.66
2.686
0.037
0.198
0.042
0.193
0.227
0.017
1.058
1.041
3.657
3.189
5.136
0.579
5.144
0.636
1.663
0.035
0.712
5.907
3.251
0.067
0.189
4.757
0.209
0.295
4.726
6.053
2.45
0.195
5.623
0.059
0.166
7.163
0.076
0.171
1.016
3.994
1.987
3.611
0.265
0.153
0.254
0.356
0.382
0.066
0.14
0.171
0.059
0.064
0.188
0.111
0.595
0.229
0.449
0.041
0.616
0.167
0.243
0.11
0.136
0.171
2.388
0.114
0.19
0.756
0.241
0.049
0.05
0.161
0.782
4.202
4.159
0.911
0.224
5.219
2.579
2.504
0.397
0.04
0.056
0.215
0.143
2.985
0.029
0.354
1.3
0.529
0.062
0.061
0.303
5.625
0.211
0.396
0.13
0.144
0.13
0.942
1.627
0.097
0.189
0.039
1.606
0.02
0.077
1.503
0.086
5.917
0.043
1.282
1.021
0.082
7.163
0.202
0.086
0.141
2.354
2.261
7.232
1.054
2.104
0.327
1.554
0.957
0.103
0.355
0.323
0.055
0.384
0.725
1.993
1.52
0.068
0.202
3.93
0.221
0.082
0.056
2.229
12.778
0.028
5.692
7.029
0.048
0.087
0.149
0.027
0.423
3.883
0.063
0.871
0.051
2.991
0.045
0.186
0.134
0.625
4.187
1.68
0.145
0.258
0.242
0.966
1.971
0.156
1.335
2.004
0.032
0.214
0.074
0.565
0.22
0.336
0.734
0.063
0.066
0.243
2.054
9.534
0.048
3.212
1.166
0.232
0.053
0.368
0.795
3.531
0.079
0.032
0.24
0.944
1.338
0.031
0.027
0.414
0.225
0.299
1.044
2.993
2.559
0.158
0.11
0.171
0.209
3.191
1.376
0.041
7.631
0.049
0.189
0.054
0.293
0.081
0.032
0.128
0.05
0.073
2.771
0.06
0.065
0.084
1.033
4.406
7.989
0.552
5.226
0.486
0.537
0.222
0.027
0.084
0.032
3.925
0.123
0.071
0.076
0.122
0.156
1.302
0.679
4.487
0.133
0.053
2.606
1.254
0.232
0.713
1.47
2.193
1.963
0.1
4.86
0.083
5.632
2.494
1.458
5.944
0.191
0.052
0.182
0.021
0.196
2.366
0.067
1.423
0.036
0.06
0.084
0.065
0.113
0.09
0.171
0.127
0.155
0.375
3.612
0.512
0.096
0.675
1.94
0.505
0.08
3.441
0.069
1.984
1.905
0.048
1.972
0.572
0.062
4.144
2.638
0.11
0.183
4.76
0.066
0.118
0.685
0.266
0.314
2.325
0.102
0.128
0.386
5.439
0.038
0.127
0.119
0.142
0.13
4.352
0.041
0.045
0.217
0.037
0.171
0.055
0.304
0.029
0.053
0.243
0.207
3.522
1.038
0.154
8.651
0.572
0.103
0.172
1.048
0.098
0.133
2.67
4.688
9.309
0.047
0.804
0.151
4.04
0.072
0.068
0.056
6.259
0.697
4.868
0.053
0.063
4.448
0.084
0.271
0.115
0.286
2.103
0.385
2.507
0.641
0.079
3.422
0.039
5.83
5.734
1.936
0.486
0.537
0.025
1.58
0.187
0.439
0.066
2.308
0.368
0.096
0.115
0.499
0.117
2.786
0.031
3.763
5.869
2.72
0.04
0.761
3.784
0.076
0.083
0.427
0.159
0.056
5.263
1.468
0.032
1.52
0.902
4.176
0.093
0.097
3.013
0.424
0.073
0.021
0.329
0.054
0.06
0.278
0.158
0.6
0.037
0.706
0.126
10.07
0.369
0.162
0.115
0.653
0.036
0.153
0.453
0.091
7.612
0.088
0.041
0.252
0.304
1.133
0.166
1.39
2.907
0.052
0.043
1.099
1.055
0.078
0.118
0.031
1.464
5.626
0.406
3.093
0.18
0.148
0.173
0.039
0.215
0.04
0.02
0.131
5.987
0.374
0.098
0.097
0.945
0.278
0.066
1.546
0.052
0.05
1.593
0.056
0.148
4.79
0.231
0.454
0.05
2.39
2.058
0.094
0.058
1.764
0.341
1.373
8.186
2.157
0.446
0.128
0.039
0.109
0.218
2.645
2.53
0.041
0.151
0.193
5.6
0.154
0.192
0.094
0.136
0.306
0.08
1.715
0.07
0.333
4.719
2.581
0.187
0.111
2.18
0.017
5.025
0.11
0.895
0.168
2.183
0.315
0.898
0.08
0.112
8.563
0.397
0.151
0.501
0.845
4.24
3.288
0.455
0.185
0.116
2.137
0.181
1.796
2.124
0.086
2.821
0.25
0.359
7.244
3.904
0.231
0.284
0.169
0.079
4.866
0.119
3.543
0.185
2.083
0.505
0.108
3.363
0.085
0.082
1.243
0.183
0.02
4.669
0.217
0.537
2.352
0.032
2.393
0.204
0.437
0.096
0.169
0.426
2.56
0.115
0.031
0.23
0.125
8.917
0.123
0.466
0.597
1.475
2.841
0.032
0.681
0.102
0.377
0.021
0.509
0.147
1.107
0.654
1.727
0.031
0.13
1.429
0.057
0.074
0.196
0.359
0.04
0.269
0.13
0.065
0.122
0.086
0.099
0.186
0.088
0.121
1.042
0.248
5.281
0.36
0.399
0.026
0.115
4.577
0.12
2.478
0.073
3.384
2.325
0.016
0.302
0.21
0.288
0.08
0.263
0.035
0.241
0.817
0.051
0.876
16.355
0.027
0.613
0.128
2.889
0.456
0.092
0.053
0.289
0.099
1.561
0.02
2.406
6.115
0.035
0.071
0.262
0.256
0.032
0.231
0.179
0.189
0.241
0.979
0.223
0.712
0.12
0.052
0.245
0.06
0.022
0.216
2.513
0.27
0.694
0.576
0.079
0.069
0.328
6.836
0.669
2.186
0.426
1.648
2.354
3.088
1.887
0.051
2.491
0.097
3.614
0.399
0.458
0.363
0.582
0.099
0.733
1.834
0.093
0.475
0.035
0.519
0.138
3.755
2.072
4.019
1.235
1.797
0.421
0.038
0.058
0.028
0.078
0.225
0.128
4.84
4.331
1.515
0.143
0.047
0.295
0.063
6.642
0.796
2.829
0.241
0.071
0.21
0.054
3.286
0.093
2.913
0.102
1.782
2.863
0.064
6.844
0.082
0.079
0.177
0.594
0.024
0.144
0.248
0.962
0.196
0.046
0.117
0.129
0.406
0.17
0.283
0.073
0.038
3.066
0.667
0.129
0.567
2.006
0.028
0.059
0.064
3.398
0.064
0.242
0.025
0.108
0.721
0.588
0.419
0.044
0.04
2.206
0.431
0.095
0.534
0.115
0.145
0.13
0.065
0.139
0.187
0.029
1.048
4.172
1.566
0.035
0.138
0.165
0.047
0.728
0.496
4.684
0.442
5.782
0.167
1.986
0.908
3.738
0.115
0.553
3.303
0.93
0.489
0.07
1.389
0.028
5.211
4.759
0.086
1.926
1.057
0.284
0.065
0.185
0.063
3.859
2.422
0.197
1.995
0.159
0.078
0.185
0.039
4.049
4.031
2.792
0.207
0.026
1.811
0.076
0.854
0.234
1.844
0.145
0.793
0.057
0.315
4.753
0.089
0.166
0.055
0.214
0.043
0.207
3.209
0.299
0.094
0.282
5.54
3.27
0.032
0.319
0.156
0.054
0.486
3.643
0.738
2.288
0.073
1.008
3.573
0.035
2.885
4.176
0.302
2.681
3.917
10.608
0.296
0.096
13.014
2.374
0.082
0.117
0.187
1.849
0.499
0.031
0.06
0.034
0.095
0.09
4.96
2.424
0.076
1.083
0.176
4.518
0.19
0.039
0.888
3.44
0.36
0.546
0.045
0.652
0.035
3.849
0.119
3.92
0.035
0.069
0.023
3.075
5.743
0.133
0.154
2.435
3.464
3.585
0.057
0.284
0.04
0.146
0.229
0.414
3.777
0.076
0.066
0.118
0.136
4.222
0.186
0.105
0.043
0.169
0.299
1.943
0.506
0.08
0.674
0.608
0.349
0.915
3.242
0.05
2.386
0.347
1.506
0.207
0.021
0.081
0.651
0.38
0.521
1.051
0.028
0.041
0.368
3.906
0.043
0.015
0.138
2.875
0.12
0.122
0.125
0.298
1.061
3.921
13.151
0.125
0.085
0.705
0.226
0.939
0.159
0.092
0.58
0.058
0.068
0.293
0.461
6.32
0.107
0.739
4.105
0.224
0.242
0.167
0.059
0.465
12.53
0.078
0.315
0.577
0.887
0.802
0.206
0.112
0.36
0.039
3.584
0.039
0.56
0.043
2.793
1.301
0.068
0.074
0.297
0.128
0.22
4.627
0.081
0.029
0.068
0.202
0.051
3.272
3.178
0.406
0.085
1.272
0.256
0.234
0.018
0.046
0.183
4.16
2.155
0.573
0.803
0.202
0.096
0.374
0.139
0.098
3.027
0.179
0.222
0.307
2.364
2.011
3.855
0.286
0.104
4.495
5.598
0.169
0.123
0.101
0.321
0.202
5.952
2.781
3.896
0.161
0.673
0.715
0.098
0.687
0.134
0.608
5.082
0.04
0.522
0.405
0.149
0.799
1.783
3.273
2.76
0.101
0.47
0.153
0.159
0.043
2.766
0.366
0.081
0.085
0.716
0.939
0.062
1.973
0.042
0.063
0.199
0.052
0.318
0.057
0.045
0.119
0.056
0.389
1.047
0.047
0.118
0.306
0.098
0.344
0.035
0.252
3.218
0.088
0.025
0.267
0.612
2.449
0.124
0.629
0.076
0.279
1.921
0.07
0.082
0.097
0.023
3.048
0.295
0.283
1.23
3.412
3.529
0.887
0.191
2.872
1.237
0.166
0.035
0.036
1.048
1.638
0.377
0.129
1.906
0.988
0.104
0.229
0.05
2.655
0.061
0.027
1.428
0.85
0.061
0.382
0.259
0.088
0.219
0.041
0.115
0.069
0.19
7.604
0.048
3.364
0.054
0.102
4.485
0.055
0.181
0.236
0.126
0.096
3.547
2.569
0.04
2.505
0.045
0.069
0.154
0.277
0.274
0.068
0.163
3.276
3.772
0.927
0.229
0.475
0.064
0.106
0.521
0.36
0.352
0.534
0.361
0.339
0.074
0.448
0.132
2.12
0.857
0.046
0.375
0.168
0.141
2.325
0.46
0.188
0.26
0.305
0.907
0.419
1.939
0.875
0.512
0.115
0.23
3.276
0.085
0.044
0.121
0.162
0.153
6.926
0.093
0.173
0.178
0.467
0.366
0.186
0.062
0.081
0.991
2.334
5.921
0.068
0.739
0.278
0.483
2.943
0.101
1.168
0.321
0.096
0.175
6.202
2.049
0.511
0.505
0.022
0.21
0.337
7.974
0.155
0.274
0.146
5.098
0.498
6.696
0.359
2.742
0.197
0.063
0.084
0.186
0.484
7.516
0.356
0.163
0.547
0.325
0.305
3.662
0.044
0.277
0.461
0.108
0.099
2.646
0.799
0.224
0.04
0.773
0.106
0.185
5.306
0.089
0.074
0.102
4.868
1.008
0.517
0.101
0.094
4.237
0.119
0.459
0.062
2.263
0.166
0.176
0.457
8.609
1.742
0.834
3.674
0.045
0.045
0.017
5.563
0.223
0.12
0.202
0.034
0.099
0.369
0.523
0.476
0.181
0.021
1.282
6.886
0.764
0.866
4.781
0.056
0.129
0.191
0.086
0.199
0.453
0.152
0.408
0.038
0.079
2.808
0.299
2.462
0.566
2.362
0.628
1.312
1.629
0.273
0.289
1.408
3.482
0.368
0.093
1.843
1.213
0.338
0.311
0.412
0.153
0.202
0.026
0.307
0.05
0.037
0.024
5.829
2.458
0.393
0.219
0.185
2.426
0.188
0.099
0.042
2.546
0.307
2.42
0.042
0.147
0.074
0.078
0.151
0.095
0.133
0.367
4.306
10.558
0.109
0.058
0.193
3.898
2.627
2.56
0.141
0.044
0.066
2.478
0.371
0.176
0.368
0.431
0.094
0.282
0.347
0.032
0.214
0.069
2.398
3.876
8.987
0.042
0.225
0.295
0.741
2.341
1.35
4.962
10.515
0.032
0.307
0.431
0.177
0.04
3.515
5.621
0.073
0.07
3.799
0.144
0.067
0.232
0.073
0.179
0.204
0.15
4.149
1.836
0.115
0.218
0.072
0.904
0.358
2.671
3.589
0.272
0.163
0.415
0.192
1.055
0.056
0.039
0.398
0.11
0.063
0.148
3.296
0.191
3.052
0.062
0.976
0.069
0.025
4.525
0.036
0.658
4.316
0.271
0.452
0.535
1.398
2.089
0.135
0.133
4.311
0.274
0.65
3.146
0.027
0.917
0.039
0.053
0.294
0.013
4.342
0.396
0.098
0.837
0.053
0.914
0.344
1.109
0.337
0.422
1.302
0.162
2.142
4.683
0.381
3.629
0.057
7.479
1.959
0.218
4.258
7.717
1.041
2.17
4.178
2.013
0.356
0.352
4.416
0.197
0.046
0.06
0.062
3.078
0.188
0.065
6.62
0.131
0.759
3.197
0.049
0.234
1.065
2.265
0.158
0.253
4.893
0.1
1.027
0.178
0.024
0.119
0.05
0.563
0.218
1.182
0.15
4.912
19.61
0.352
0.053
0.047
2.427
0.149
2.347
2.454
0.062
0.514
0.129
0.142
0.117
5.535
0.043
0.097
1.445
2.919
0.357
0.237
0.389
0.735
0.43
2.998
0.317
2.448
0.067
3.11
0.328
0.212
3.197
0.244
0.157
1.206
0.097
0.452
2.171
0.367
0.057
1.811
0.114
3.895
0.335
6.432
2.476
0.019
0.508
0.482
0.017
0.617
6.504
0.027
0.207
0.02
0.2
6.655
0.46
1.55
2.375
2.318
0.384
1.027
0.217
0.066
1.993
0.071
0.193
0.359
0.233
0.067
3.309
0.424
0.131
0.123
0.038
0.13
0.358
0.181
0.117
0.086
0.528
0.167
0.022
2.587
0.338
0.665
0.408
0.189
0.312
0.1
0.716
2.308
0.085
0.216
0.125
0.157
0.108
0.859
3.235
0.086
0.391
0.613
0.254
0.17
0.698
0.145
0.048
0.035
1.614
0.814
1.602
0.036
0.109
0.224
4.396
7.134
0.106
0.099
0.199
0.118
1.111
4.647
0.289
0.428
0.087
0.033
0.091
0.535
0.096
3.276
4.866
0.14
0.284
0.05
4.741
0.071
0.163
2.138
0.371
6.265
1.549
0.146
2.408
2.434
0.033
0.089
2.512
0.476
0.172
0.02
0.063
0.443
0.036
0.505
0.086
0.02
0.134
0.386
0.162
1.208
0.153
0.2
8.461
4.627
0.171
6.062
0.241
0.281
0.187
0.093
4.487
0.037
0.229
6.235
0.062
0.261
0.785
2.292
1.737
0.436
0.154
0.865
0.252
0.887
0.081
6.004
3.56
0.09
0.157
1.977
0.035
0.325
0.038
0.245
0.17
3.776
0.564
2.426
0.58
0.153
0.146
0.865
0.184
3.995
0.072
0.156
0.676
3.169
0.601
0.067
0.849
0.087
0.128
0.034
0.149
0.111
1.059
1.309
3.466
0.974
0.121
2.004
5.986
0.062
2.525
0.206
2.502
0.057
0.378
2.814
0.12
0.035
1.432
3.678
9.319
0.056
0.112
0.227
3.43
0.027
0.214
1.827
0.424
0.05
1.848
1.11
0.103
0.325
0.052
0.139
0.327
0.067
4.114
0.266
0.094
0.561
5.451
2.646
0.074
0.162
3.341
0.93
0.58
0.087
0.029
0.049
3.172
0.261
1.869
3.531
2.145
0.13
0.021
2.353
0.09
5.1
0.089
3.582
0.234
0.312
3.819
0.329
0.794
0.1
0.703
0.829
0.14
0.908
3.766
3.527
5.563
0.082
0.201
0.33
0.152
0.051
0.032
0.991
0.083
0.117
2.546
7.745
3.101
0.074
0.171
0.029
0.134
0.14
0.278
2.957
0.412
0.766
0.284
0.077
0.063
6.615
0.057
0.213
1.534
0.036
0.275
1.969
0.075
0.771
0.776
0.756
0.148
0.238
2.993
2.514
0.162
0.924
0.695
0.11
0.496
0.052
0.223
6.2
0.211
3.624
0.701
0.193
0.883
0.03
0.033
3.182
0.57
0.092
4.338
0.055
0.063
0.651
0.119
0.033
0.067
3.908
0.301
11.783
0.101
0.232
0.04
7.648
2.65
3.896
0.025
0.075
5.481
4.031
0.147
0.069
0.032
0.268
3.772
3.206
0.377
0.269
4.387
2.963
0.755
4.315
0.073
2.068
0.3
8.583
0.137
1.871
2.409
0.07
5.012
1.772
0.171
0.159
0.577
0.741
0.139
0.688
0.344
0.644
0.41
0.806
0.21
3.197
0.663
1.414
0.144
0.622
3.508
0.656
3.582
0.536
0.106
0.764
0.745
0.166
4.253
1.247
0.437
0.07
0.045
0.158
0.1
6.51
0.117
5.089
0.053
3.382
0.314
0.276
1.439
3.199
0.067
3.739
3.105
0.061
0.141
0.03
1.467
3.852
0.164
0.452
4.24
0.171
1.824
0.037
0.037
3.942
0.07
0.049
0.3
0.072
0.159
0.092
2.595
0.125
0.71
0.291
3.504
0.189
0.102
0.338
2.371
0.1
0.097
5.642
8.364
4.743
0.515
0.185
2.344
3.623
3.508
0.676
4.158
8.04
1.483
4.622
5.085
0.21
0.057
0.201
0.362
0.221
0.085
0.05
0.03
3.474
0.11
0.036
0.046
0.365
1.651
0.209
0.111
0.093
0.269
8.345
0.133
2.833
8.36
0.128
3.156
2.861
0.012
0.143
2.83
0.054
2.489
0.16
0.115
0.064
0.101
0.087
1.52
1.99
0.03
0.079
0.428
0.097
0.189
0.062
0.221
0.242
4.785
0.066
0.344
0.441
0.098
0.064
0.567
0.097
3.196
0.03
0.483
0.514
0.043
0.107
0.069
3.592
2.081
2.765
0.679
0.037
0.36
0.163
0.601
1.694
2.945
0.767
4.092
0.858
0.012
0.92
0.02
3.985
0.356
0.56
5.267
0.123
0.042
0.155
0.725
0.409
1.907
2.25
0.078
0.635
0.401
0.089
0.287
0.284
1.729
0.238
0.271
0.137
0.309
0.461
3.052
0.079
2.259
0.224
0.216
3.842
0.09
0.189
7.897
4.288
0.37
0.225
0.988
2.527
0.797
0.045
0.152
0.051
8.542
0.346
0.024
0.301
0.045
0.203
4.497
0.023
0.228
0.207
0.249
0.503
0.222
0.774
0.028
0.166
0.075
0.171
0.497
2.81
0.092
0.311
0.311
0.061
5.213
0.311
0.15
2.196
0.057
0.054
0.481
0.053
0.477
5.361
0.75
0.188
1.752
0.06
3.684
0.081
0.682
0.13
2.555
0.068
0.113
0.038
0.081
0.14
5.931
0.331
0.06
0.077
0.044
2.333
0.095
0.152
6.052
0.041
3.318
3.231
0.124
0.029
0.119
0.069
0.147
0.103
0.204
0.431
0.055
0.137
0.529
0.09
1.138
0.124
0.033
3.732
6.391
1.349
0.055
0.054
0.544
2.126
0.2
1.963
1.226
0.072
3.761
2.403
3.073
2.187
0.132
0.424
2.966
0.069
2.346
2.316
0.346
0.039
0.124
0.209
4.034
4.438
2.458
2.277
0.099
0.032
0.318
0.069
0.044
4.814
0.042
2.063
3.299
0.06
0.643
0.227
0.406
0.085
0.441
2.998
0.044
0.172
4.135
0.431
0.145
0.479
0.062
4.841
0.688
0.193
6.474
0.019
4.003
2.045
0.084
4.438
2.484
6.019
0.272
0.141
1.953
0.113
0.026
4.322
0.053
2.539
0.21
0.153
0.132
1.966
0.144
0.565
0.118
0.153
2.395
4.537
0.083
1.278
0.096
0.046
0.064
0.033
0.125
4.736
1.101
0.043
0.086
2.397
0.097
0.095
0.105
0.364
0.073
9.204
7.124
0.054
0.287
0.593
2.916
0.954
2.338
0.708
0.09
0.822
0.683
0.11
0.66
1.687
0.069
0.112
4.852
1.358
1.515
0.21
0.035
0.098
6.147
0.256
0.1
0.408
1.176
0.333
0.249
0.124
0.113
2.277
0.081
0.116
2.001
0.204
0.179
0.602
0.301
0.123
0.074
1.016
0.173
0.561
0.079
1.168
0.555
0.153
0.236
0.061
0.034
2.337
0.092
0.117
0.44
0.208
0.448
0.415
0.055
0.079
8.818
2.317
0.11
2.951
0.33
6.115
2.532
0.062
0.662
0.132
3.464
0.705
0.275
0.031
0.082
1.805
0.029
0.094
0.935
4.547
0.225
0.842
0.615
0.064
0.385
0.122
0.037
0.656
0.039
0.096
0.12
0.088
0.19
0.365
0.251
0.113
0.188
0.069
0.262
0.131
0.488
6.483
0.481
0.022
0.832
6.39
1.825
0.111
0.539
0.345
2.629
0.064
0.194
0.014
0.054
0.309
0.091
0.051
0.335
0.843
0.169
2.839
0.047
0.494
0.888
0.052
0.107
0.034
0.196
0.081
0.128
0.411
0.077
0.26
0.402
0.049
0.114
0.074
2.883
0.097
0.247
0.081
0.172
2.129
0.035
0.152
9.623
2.78
2.806
1.879
0.11
0.037
0.231
0.034
1.876
2.578
0.068
0.153
4.807
1.03
2.52
0.262
0.14
0.059
0.579
0.384
2.005
0.219
0.206
0.401
0.143
9.55
0.11
0.335
3.568
0.213
0.08
0.111
0.236
0.079
0.041
1.44
5.882
0.303
0.112
0.017
0.727
1.962
3.59
2.755
2.283
0.103
0.166
7.891
0.14
0.142
0.056
0.253
3.81
0.151
4.518
0.072
3.327
0.017
1.038
0.192
1.289
0.927
1.244
0.013
0.177
0.145
3.326
0.408
0.028
0.209
0.703
4.279
0.466
1.936
2.71
0.28
0.442
0.351
0.242
0.343
0.084
0.03
0.036
0.087
0.365
2.291
0.328
0.292
0.08
0.059
0.081
2.498
0.073
0.06
2.07
0.284
0.223
10.867
0.099
3.259
0.14
3.428
0.027
0.026
1.207
0.091
0.647
0.136
0.218
6.413
4.137
0.057
0.163
0.205
4.318
0.139
2.623
0.052
0.3
4.938
0.264
0.102
1.761
2.491
0.026
0.04
0.072
0.136
0.182
0.129
0.313
0.082
3.762
0.023
0.636
2.953
0.546
0.218
11.565
0.134
0.213
0.148
0.041
0.169
0.393
0.08
0.203
4.716
0.156
0.117
0.031
3.606
0.058
0.026
2.171
0.663
0.084
5.123
4.815
0.156
0.124
0.125
0.053
3.804
0.222
0.027
0.114
0.298
0.265
0.068
0.108
0.152
0.123
6.094
0.803
0.113
0.275
0.082
6.683
5.812
4.561
8.318
0.605
0.047
1.547
0.056
0.137
0.401
1.83
3.401
0.315
5.835
0.413
6.422
0.083
2.97
0.563
10.053
0.493
1.841
0.123
6.17
0.894
0.277
0.019
0.028
3.259
0.221
0.505
0.087
2.497
0.048
0.066
2.112
0.062
2.681
1.634
0.424
0.049
3.455
0.149
4.096
0.765
0.173
2.993
5.901
0.069
0.247
0.078
2.383
0.018
0.251
0.882
0.097
0.469
0.119
6.712
2.253
3.258
0.062
0.85
0.036
0.061
0.158
0.488
2.301
0.181
0.218
0.101
0.135
2.544
3.862
0.47
2.078
5.74
3.369
1.397
4.615
2.986
0.053
0.362
0.062
0.271
0.255
0.48
0.794
0.437
2.412
0.064
2.908
3.447
0.057
0.182
3.05
0.312
0.151
0.212
0.2
0.118
0.097
0.263
1.923
0.243
3.243
0.263
0.159
0.053
0.136
0.422
0.088
6.816
0.016
0.335
0.069
0.213
5.171
0.06
2.167
0.21
0.345
0.305
0.016
4.418
0.157
1.857
0.181
0.374
0.45
0.223
0.038
0.39
0.103
0.167
1.873
2.825
0.041
0.062
0.074
0.084
0.22
0.132
0.071
1.638
0.126
5.053
0.199
0.074
0.091
2.987
10.966
0.161
6.663
4.738
0.21
0.071
0.374
0.1
0.135
0.053
0.275
0.162
0.299
0.106
0.151
0.112
0.483
0.105
0.419
0.376
2.639
0.269
0.108
5.862
0.05
0.186
0.437
0.043
1.014
2.388
0.482
0.251
0.041
0.27
1.783
4.302
0.098
0.157
8.289
3.537
4.742
0.077
5.73
0.163
0.897
0.051
0.089
0.045
0.517
0.075
2.34
4.33
0.32
0.687
0.106
0.462
0.134
0.057
0.417
0.453
0.245
0.303
0.121
0.505
0.172
0.06
2.064
3.033
0.053
0.132
0.779
0.697
0.325
0.07
0.988
0.228
0.023
0.244
0.031
0.084
0.041
0.065
1.971
0.403
0.035
3.177
7.463
0.355
2.562
0.422
0.148
0.757
0.132
0.944
0.237
9.44
0.178
0.076
0.165
0.038
0.492
0.28
0.513
0.286
1.374
1.193
0.049
0.145
0.393
0.318
0.06
0.192
2.723
0.236
0.28
5.503
1.542
0.326
0.513
1.355
0.033
2.651
3.144
0.118
2.243
2.665
1.0
0.267
0.025
0.116
0.408
3.389
3.669
0.28
0.152
0.281
4.286
0.925
0.102
2.659
0.095
2.637
0.04
0.049
0.142
0.055
0.409
2.984
0.144
0.113
0.216
0.073
0.116
2.233
0.177
0.298
0.06
0.895
0.196
0.071
0.146
3.674
1.353
0.203
0.09
0.114
0.033
0.059
0.125
1.185
0.864
0.146
4.171
0.31
0.644
0.082
0.225
0.076
0.28
0.56
0.535
0.937
0.377
0.082
0.518
0.041
0.17
0.031
3.356
0.178
7.197
0.233
0.365
2.992
0.193
0.035
0.067
1.111
7.901
0.048
1.319
0.041
0.066
0.721
5.26
1.217
0.431
0.856
0.067
0.132
0.039
7.812
0.042
0.123
1.929
0.019
0.035
0.134
0.125
0.053
0.255
1.019
0.342
2.383
0.049
0.098
1.335
0.317
0.753
0.392
1.029
0.239
0.244
0.072
0.399
0.02
2.258
0.245
0.06
0.074
0.218
6.129
0.536
0.014
3.589
0.159
0.096
0.281
0.074
0.662
0.765
0.952
0.583
0.894
7.053
0.313
3.936
0.044
2.309
2.475
0.058
2.669
0.113
5.728
0.067
0.089
0.05
0.212
1.774
0.021
8.12
0.606
0.071
0.042
0.125
0.071
0.827
0.852
0.059
4.514
0.253
0.622
4.848
1.242
0.139
0.211
2.98
3.003
0.899
3.534
0.079
0.606
0.274
0.378
2.122
0.227
0.051
0.282
1.851
0.832
0.805
0.041
0.19
0.726
0.238
0.349
0.431
0.229
0.543
2.994
0.337
0.174
1.279
0.54
1.225
0.126
0.474
3.036
0.384
0.031
0.348
3.474
0.686
2.089
0.114
0.243
0.352
0.434
0.154
0.041
1.186
0.587
0.028
0.164
0.026
0.047
0.249
0.087
0.157
2.572
0.653
0.58
0.244
2.651
0.06
0.104
3.803
0.874
0.193
16.638
0.127
0.146
0.368
0.043
0.093
0.301
6.647
6.153
3.171
2.385
0.459
0.267
0.055
11.329
0.839
0.03
1.654
0.464
11.35
2.647
3.065
0.058
0.058
0.064
0.26
0.019
0.122
2.354
3.208
0.431
0.154
6.004
0.098
0.314
0.062
3.568
0.562
0.286
5.305
0.073
2.985
0.3
0.173
0.526
4.687
0.897
0.21
0.053
0.635
0.086
0.081
0.059
2.333
0.336
0.543
1.364
0.095
0.155
0.393
0.144
0.115
0.24
0.101
0.132
0.236
0.124
1.829
0.141
7.628
1.017
0.057
0.03
0.188
2.375
0.821
0.943
0.209
1.4
0.311
0.441
0.077
2.417
6.601
0.182
0.306
3.352
0.433
0.125
10.664
0.039
0.121
1.611
1.926
0.041
8.371
4.069
0.094
0.065
0.119
2.505
3.505
0.145
0.164
0.025
0.036
0.238
3.88
4.164
0.076
0.072
0.03
0.344
1.409
0.149
0.381
0.063
0.057
0.61
2.584
0.693
0.111
2.198
0.169
0.464
0.178
0.389
0.074
5.086
0.036
0.473
0.067
0.271
0.236
0.032
0.214
3.8
0.186
2.912
0.077
3.366
0.103
3.008
5.481
0.631
0.054
16.993
0.124
6.076
2.26
0.049
0.246
0.196
2.603
0.276
4.672
0.131
0.34
0.289
0.335
1.876
0.903
0.087
0.041
0.316
0.081
0.063
0.112
0.052
0.5
0.045
3.988
0.199
0.12
0.144
0.244
0.947
2.745
0.062
0.111
0.309
0.179
0.171
0.178
0.038
0.167
0.423
0.065
4.578
0.241
2.767
0.077
1.584
0.054
0.064
0.091
3.767
0.212
0.239
5.678
0.115
0.07
0.18
2.937
0.095
2.939
0.065
0.547
0.723
0.579
0.16
0.347
0.216
3.07
0.292
3.569
0.024
0.084
3.541
0.007
1.05
2.049
3.345
0.047
0.231
0.063
3.306
0.147
0.178
2.622
1.861
2.955
0.142
0.354
2.397
0.04
0.649
2.196
0.325
0.128
0.073
3.057
0.019
0.165
2.78
2.67
0.114
0.246
0.211
0.054
0.025
0.073
0.184
0.059
1.418
0.107
0.121
0.052
0.076
0.914
0.057
0.121
2.898
0.053
0.185
4.373
3.653
3.306
6.449
0.178
5.378
0.047
7.208
0.049
0.032
0.149
1.835
0.05
0.42
0.053
0.428
0.078
0.087
0.058
0.471
0.27
0.092
0.391
0.1
0.195
0.03
0.096
0.137
0.204
0.501
0.084
0.268
3.26
0.02
0.133
0.966
0.531
0.135
2.224
0.043
0.075
0.18
0.032
0.092
2.298
0.609
4.961
0.108
0.151
3.786
5.403
1.047
0.235
0.153
7.631
0.453
0.303
3.25
2.206
0.06
0.324
0.091
0.239
0.67
0.108
0.068
5.889
0.422
2.863
2.418
3.443
0.054
0.025
3.214
0.063
3.047
0.102
0.066
3.824
0.102
0.081
0.064
0.258
0.035
0.072
2.487
0.043
1.443
0.184
0.414
0.066
2.716
1.58
2.386
0.05
0.026
0.132
0.213
0.225
3.156
6.942
0.221
8.766
1.743
3.19
1.576
0.248
0.084
0.246
2.321
3.27
0.251
0.04
1.925
3.861
0.55
0.123
0.067
0.03
1.992
3.124
0.077
0.077
1.305
2.161
6.746
0.148
0.132
0.205
0.056
0.168
0.089
0.117
2.222
0.172
5.767
0.02
0.194
0.729
0.255
2.394
3.615
0.158
2.955
0.068
0.745
0.021
0.191
0.074
0.647
0.057
1.197
0.087
1.414
0.047
0.113
0.099
2.49
0.436
0.027
2.937
0.086
0.065
0.052
0.025
0.066
1.1
2.822
0.101
0.15
0.085
0.83
1.982
1.004
3.912
12.074
0.192
0.041
0.111
0.156
0.092
0.12
0.111
5.079
2.927
1.444
3.137
4.312
0.076
0.046
2.819
0.256
0.401
2.539
0.103
0.071
0.689
0.043
7.255
2.906
3.96
0.021
0.435
0.015
1.008
3.533
0.516
0.859
0.335
1.11
0.176
4.994
0.081
0.032
0.052
3.754
0.531
0.401
0.041
0.106
0.093
1.832
0.045
0.07
3.061
0.086
2.766
3.184
0.207
2.956
6.877
2.648
0.071
4.884
0.592
0.035
1.047
0.217
0.155
3.83
0.19
2.789
0.058
0.273
0.274
2.293
0.049
0.065
0.127
0.365
0.636
2.628
0.809
9.5
0.073
0.237
0.052
0.278
0.196
0.066
0.24
0.469
0.198
4.5
0.022
0.149
0.707
0.094
0.057
0.147
0.234
0.061
0.047
0.088
0.143
0.199
0.065
2.781
0.031
0.155
0.34
6.218
0.393
0.05
3.073
0.368
0.207
0.075
0.285
0.256
0.071
0.112
0.057
0.288
0.059
3.379
3.399
0.168
0.106
2.261
3.84
2.405
0.714
0.345
0.105
0.102
0.272
4.022
0.412
3.271
0.079
0.129
4.456
0.338
0.13
0.021
0.145
0.735
2.407
0.218
2.786
0.224
0.329
0.19
0.127
0.628
0.141
0.736
0.084
1.069
1.97
1.8
0.483
0.214
0.028
0.206
0.137
0.153
0.933
1.529
0.501
0.129
0.754
3.412
5.292
0.095
3.18
3.577
1.465
3.705
0.175
0.048
0.128
0.222
3.298
0.075
1.373
0.132
0.219
2.761
2.751
0.119
0.046
1.759
3.014
2.302
0.238
0.794
0.13
1.929
2.231
0.45
0.025
3.692
2.497
0.236
0.266
3.368
0.138
0.283
0.451
0.146
0.261
0.28
2.098
0.086
2.334
0.014
0.234
0.046
0.327
2.723
0.277
0.313
0.149
0.426
0.082
0.223
0.077
2.515
0.169
6.149
0.072
3.692
0.055
0.188
0.784
6.251
0.079
0.196
0.051
0.433
0.127
4.664
0.024
0.223
0.134
0.752
0.402
0.338
1.203
0.412
0.044
0.572
2.036
0.274
0.034
2.447
0.785
0.445
2.004
0.04
2.605
0.106
2.901
0.032
0.047
0.018
0.036
9.734
0.074
0.345
4.26
0.098
0.031
3.223
0.326
1.957
1.608
0.024
3.475
0.09
0.485
0.606
6.214
0.061
0.038
0.211
0.282
3.147
0.229
4.097
0.994
0.025
0.213
4.637
0.071
8.581
0.106
0.054
7.013
0.419
2.515
0.025
1.612
1.529
0.07
0.362
0.595
0.624
0.145
0.055
0.032
0.087
0.369
0.113
0.043
4.201
0.032
0.548
0.262
1.299
0.158
0.697
0.093
0.041
2.11
1.995
0.072
7.819
2.998
1.017
0.046
0.287
0.063
0.275
4.773
0.207
0.068
0.148
0.101
0.246
0.077
0.087
0.178
0.057
0.826
1.431
5.116
0.686
0.022
0.249
0.129
4.433
0.086
1.864
0.164
0.163
0.324
0.153
6.812
0.423
3.365
0.478
0.145
0.137
0.175
0.048
0.316
0.04
5.986
0.068
0.302
0.045
0.025
4.224
0.062
0.027
0.236
0.268
0.058
0.303
0.137
0.65
1.304
1.191
0.022
0.135
1.567
0.479
0.031
4.263
3.63
0.105
0.048
2.013
0.031
0.06
0.08
0.07
0.185
0.13
0.343
0.168
0.029
4.975
6.563
0.242
0.161
0.203
0.317
0.022
2.394
0.191
0.155
3.612
4.326
0.439
1.887
0.133
2.339
0.317
0.371
3.227
0.205
0.239
9.78
4.026
0.065
0.08
0.042
0.059
0.313
0.195
0.196
0.074
1.814
0.588
4.324
1.813
1.625
4.801
3.309
0.094
0.743
3.201
3.122
0.749
0.033
3.385
0.095
0.302
0.288
0.272
0.172
3.524
2.139
0.088
0.482
5.582
0.056
0.276
0.389
2.508
5.27
1.947
1.603
0.779
1.543
0.116
0.114
0.169
2.695
0.068
1.135
0.38
2.787
0.098
4.61
0.107
0.158
0.104
0.638
1.45
1.178
0.084
0.134
0.642
2.304
0.168
3.852
0.049
0.053
1.819
0.151
6.413
4.391
0.589
0.422
0.099
2.552
0.057
0.211
0.126
0.257
0.45
0.576
0.094
2.753
1.856
3.602
4.01
0.452
0.056
0.426
0.11
0.119
0.585
0.602
0.093
1.199
2.24
0.111
0.043
0.447
0.141
0.045
0.045
4.416
2.201
0.073
2.766
0.548
0.342
0.176
0.026
4.28
0.721
1.952
0.6
0.036
0.399
0.355
2.852
2.121
0.056
0.476
0.707
4.449
0.182
0.077
1.828
0.207
1.367
0.036
1.029
0.049
0.149
1.013
0.216
0.039
0.196
1.226
1.514
0.406
2.141
1.945
0.113
4.407
0.372
0.04
0.059
0.036
1.959
0.09
0.078
0.09
0.559
0.033
0.143
0.161
3.122
3.053
0.778
0.568
0.038
0.034
0.053
0.347
0.457
0.075
0.047
0.441
0.227
0.101
4.277
2.018
0.057
0.678
0.052
2.924
0.06
0.047
3.357
0.378
0.066
0.248
0.043
5.105
0.32
0.682
0.332
0.122
4.162
1.281
0.103
1.365
0.081
0.08
0.861
0.072
0.065
0.112
0.26
0.383
0.022
0.162
0.527
1.521
0.085
0.138
0.067
0.271
0.388
0.048
0.313
0.051
1.051
0.283
0.463
2.526
7.563
0.03
0.116
0.26
0.396
0.235
0.052
0.029
6.979
0.194
0.403
0.219
0.507
4.499
0.379
0.206
0.244
3.125
0.036
0.642
0.188
3.286
0.033
3.233
0.123
0.71
0.082
1.597
0.037
0.371
0.115
2.04
0.082
0.028
0.206
1.534
2.345
0.057
2.3
0.12
0.039
0.17
2.307
1.576
0.057
0.105
0.041
0.094
0.231
0.07
0.035
0.247
0.133
0.187
0.041
0.36
0.078
1.887
1.831
0.061
0.115
0.095
3.548
0.046
0.205
0.051
2.615
6.436
0.314
0.951
0.144
6.841
10.609
0.512
1.048
1.641
2.579
0.069
0.278
1.976
0.084
0.067
1.426
0.017
0.334
0.235
7.415
6.255
0.701
0.272
0.259
0.323
4.82
0.108
1.369
0.114
0.127
0.05
0.062
0.047
0.049
0.387
0.063
0.899
0.122
7.475
0.086
3.089
2.209
6.615
0.132
2.938
2.86
0.162
0.152
0.987
0.319
0.128
0.511
0.706
8.524
6.435
0.046
0.082
0.024
0.272
0.037
0.137
3.343
0.086
0.385
0.873
0.298
0.054
4.94
3.784
0.208
0.685
0.051
9.326
5.1
0.091
0.404
0.711
3.795
0.053
0.644
4.727
0.054
0.061
2.262
2.572
0.033
0.155
0.691
0.517
0.163
3.117
11.57
0.061
0.282
0.332
0.153
2.652
0.777
0.892
0.23
1.434
2.812
0.316
0.036
2.067
3.043
5.761
2.17
0.326
3.593
3.334
1.236
3.249
0.095
2.263
0.137
0.129
4.066
0.161
0.602
4.04
0.105
0.119
6.554
0.094
0.151
0.166
2.618
0.049
2.181
0.171
0.022
5.631
0.181
3.228
0.164
1.381
5.264
0.21
0.254
0.65
0.03
0.099
0.404
2.991
0.067
0.092
0.023
0.097
1.843
4.225
0.053
0.04
0.035
2.036
0.05
0.613
0.103
0.069
0.467
0.029
1.139
4.354
0.026
0.041
0.072
0.892
9.274
1.289
8.014
0.092
5.92
0.065
0.128
0.137
0.151
0.035
4.3
1.788
0.392
0.087
5.462
0.149
0.61
0.522
2.867
0.059
0.088
3.788
2.217
0.423
1.129
0.461
0.216
3.737
4.919
0.09
0.755
4.474
0.034
1.448
1.863
0.385
2.354
12.994
0.058
1.791
0.232
0.041
0.469
1.016
0.362
0.613
0.13
0.244
0.223
0.179
4.639
2.284
7.815
0.07
0.043
0.16
0.103
0.275
0.077
0.211
0.025
5.691
0.234
0.094
2.279
0.06
0.028
7.173
0.525
8.3
0.445
0.145
0.288
0.06
0.341
0.282
7.828
2.037
0.093
0.509
0.099
0.242
0.105
0.025
2.528
0.926
0.539
0.036
0.043
0.026
0.044
0.177
3.134
0.075
0.723
0.032
0.237
0.041
2.245
3.107
0.069
0.17
3.625
0.782
0.046
0.056
0.063
0.041
0.227
0.904
0.399
0.216
2.001
0.186
0.073
0.209
0.937
0.053
0.118
0.143
2.502
0.432
0.588
1.731
0.179
0.069
0.153
0.042
0.96
0.04
0.367
0.551
4.516
0.276
0.06
5.488
3.686
0.052
0.027
0.044
4.799
0.17
0.42
0.144
0.178
0.323
6.946
2.238
0.052
0.27
0.191
2.569
0.053
0.029
0.438
0.386
0.689
0.045
2.11
0.024
0.075
0.303
0.788
0.099
0.232
3.06
0.044
0.286
0.049
0.092
0.099
3.339
1.515
0.249
8.59
0.044
0.065
0.419
0.152
0.152
0.17
0.183
0.312
0.016
3.646
4.218
0.038
0.07
0.128
0.993
0.552
0.049
0.107
0.108
0.539
0.41
0.138
0.835
0.182
0.597
0.775
0.191
0.093
0.072
0.586
0.38
1.734
0.043
3.205
1.789
0.035
0.032
0.033
0.12
0.239
0.069
0.78
2.248
4.079
0.052
0.37
0.108
0.27
0.603
0.281
0.229
7.275
0.466
1.459
0.178
2.429
0.193
0.349
0.517
0.327
2.62
1.786
0.059
1.106
6.84
1.09
1.502
3.466
4.029
4.027
0.419
0.035
0.152
0.322
0.869
2.189
0.747
0.163
0.37
0.893
0.038
0.038
0.09
0.019
0.032
2.21
0.914
0.21
0.107
0.091
0.318
1.883
0.093
0.243
6.994
0.041
0.871
0.286
0.043
0.062
0.082
2.02
4.417
3.245
0.06
2.912
0.104
0.555
0.07
0.036
0.076
0.543
0.411
4.188
0.144
1.206
0.036
2.133
0.311
7.912
2.66
3.511
0.953
8.286
0.1
0.071
0.234
0.914
1.162
0.449
0.168
5.18
0.087
0.266
4.589
0.074
0.058
0.875
0.027
0.305
0.252
2.414
5.139
4.245
1.71
4.14
0.072
0.227
3.372
0.044
0.155
0.088
1.755
7.33
0.241
4.669
0.264
1.025
0.158
2.8
0.43
1.734
0.08
3.006
0.043
0.136
4.568
2.827
1.988
0.033
0.129
0.236
4.312
0.122
0.069
0.134
0.086
0.458
0.079
0.217
0.046
0.061
0.374
1.442
0.035
0.124
3.255
0.196
0.204
0.811
0.059
0.333
0.091
2.284
0.351
0.655
3.74
0.268
0.183
4.087
0.81
0.828
0.056
0.131
0.064
0.281
1.028
0.427
0.142
0.07
0.036
0.082
0.142
0.127
1.281
0.154
0.55
0.491
0.099
0.083
0.667
0.082
0.421
0.207
0.071
1.963
1.777
0.625
0.037
0.668
0.889
3.548
0.113
0.048
1.555
0.401
0.106
0.645
0.064
2.79
0.521
3.842
0.386
0.057
0.055
0.209
5.637
5.294
0.637
0.2
0.204
2.912
2.91
0.096
1.755
0.068
0.113
0.025
2.957
3.916
2.388
0.016
3.059
0.028
0.073
0.556
0.035
1.931
1.188
0.269
2.813
3.6
0.185
0.461
0.093
0.025
0.044
0.032
2.669
0.016
0.066
3.561
1.91
4.705
0.025
0.197
0.172
0.397
0.117
0.55
1.086
0.137
0.274
0.357
0.13
2.361
3.911
0.026
0.294
1.052
0.098
3.414
1.594
2.672
0.126
0.052
0.062
2.351
0.17
0.208
0.802
2.213
3.578
0.025
0.091
2.566
0.065
0.329
0.377
0.123
2.36
0.2
0.049
0.77
0.144
3.165
0.074
2.839
0.34
2.458
0.458
4.925
0.098
0.101
3.192
0.125
0.04
2.017
0.138
0.037
1.675
0.047
0.1
0.048
5.913
0.042
0.034
1.152
0.088
1.065
0.113
0.036
0.371
0.26
5.005
0.114
2.321
0.114
0.051
0.04
6.702
0.184
2.658
4.089
0.491
2.398
0.095
0.188
0.078
0.139
0.109
3.103
0.137
0.113
3.128
0.182
2.603
0.647
0.078
0.044
0.257
0.352
0.223
7.196
0.076
0.125
0.226
1.687
0.166
3.392
7.044
0.073
0.386
0.062
0.04
0.076
0.505
0.173
0.042
1.318
0.327
0.043
0.152
0.217
0.358
2.39
0.057
0.295
1.651
0.095
1.897
0.141
6.42
0.035
0.368
0.052
0.997
0.063
0.064
0.065
1.793
0.274
0.72
3.615
0.29
0.016
0.312
0.109
0.115
0.889
0.081
3.921
0.186
0.811
1.109
5.351
0.817
0.274
0.234
0.68
4.418
2.295
0.044
5.252
1.463
0.82
1.689
0.203
0.337
0.741
2.6
0.073
0.071
0.248
0.129
2.608
0.313
0.142
0.044
2.438
0.32
3.278
0.517
0.187
0.189
2.688
1.171
0.3
2.68
0.043
0.105
0.158
0.048
0.124
3.804
0.057
0.114
0.043
0.209
0.033
0.288
0.147
2.237
19.945
0.173
1.598
0.052
0.726
0.059
0.096
1.613
0.045
3.797
2.374
1.376
0.127
0.155
3.837
0.159
0.932
2.79
0.041
0.176
0.148
0.187
0.028
0.56
0.044
3.557
2.725
0.033
3.971
0.197
0.613
0.14
0.034
0.113
1.603
0.357
0.098
0.051
0.209
4.166
0.112
2.763
0.165
0.512
0.388
1.122
3.245
0.39
5.639
0.145
2.863
0.559
0.207
2.841
0.465
0.529
3.398
2.426
0.304
0.122
0.107
0.134
0.615
0.124
0.04
0.802
2.283
0.548
4.578
0.535
0.294
1.402
0.118
4.499
1.182
0.032
0.03
0.536
7.279
3.864
0.059
0.415
5.245
0.053
7.595
0.365
0.013
0.191
2.581
0.094
0.292
0.38
0.09
0.111
3.023
3.402
0.082
0.061
0.427
0.027
3.051
0.324
3.17
2.821
1.072
0.478
4.183
0.114
0.103
0.077
0.406
0.601
4.999
0.108
4.218
6.553
0.231
0.187
0.187
0.055
0.068
0.264
4.912
2.513
0.642
0.101
0.094
0.721
0.118
0.197
0.094
1.968
0.147
0.797
0.184
0.114
0.153
0.051
0.048
8.442
0.082
0.107
0.068
4.807
6.966
0.044
0.156
0.476
2.297
5.067
0.41
0.151
0.178
0.048
0.257
0.079
0.058
3.798
0.294
0.371
0.232
0.129
0.335
4.607
0.823
4.116
0.041
0.459
0.028
0.077
0.127
0.088
0.055
0.041
4.511
0.567
0.073
0.242
0.027
4.453
3.339
0.105
0.467
0.05
7.312
0.339
0.111
0.593
7.242
0.066
0.482
0.131
0.085
0.132
3.49
0.288
0.304
0.024
2.725
4.263
2.833
0.211
0.116
3.633
2.85
1.316
2.126
0.035
0.293
0.144
0.083
0.177
0.12
0.127
0.748
4.559
0.376
0.812
5.368
0.158
2.855
0.079
1.761
0.415
0.42
0.871
3.956
0.599
0.089
0.085
2.326
0.18
0.101
0.27
0.105
4.617
0.131
2.956
0.04
0.054
0.069
5.134
1.439
1.863
0.498
5.126
2.166
0.06
0.112
0.204
0.192
0.057
1.704
0.175
0.167
0.394
2.293
2.061
2.131
0.152
6.124
0.733
0.061
0.021
2.334
1.796
2.648
0.082
2.916
0.017
4.138
0.071
0.241
0.585
0.078
10.515
1.097
0.048
0.035
0.568
0.047
0.106
0.312
1.76
0.057
0.818
0.255
1.431
0.036
7.744
3.222
0.257
0.104
0.147
0.804
0.193
0.056
2.986
0.476
0.024
0.051
3.89
2.17
0.107
0.114
0.223
6.968
0.138
0.736
3.593
6.291
0.106
0.141
0.08
0.043
0.783
1.175
1.031
0.132
0.279
0.052
1.515
0.092
1.748
0.03
0.122
0.213
6.319
0.514
0.03
0.102
0.861
0.096
0.309
0.027
0.057
0.805
3.329
1.083
0.198
0.475
7.305
0.226
0.083
0.335
1.125
0.469
2.526
0.549
1.553
0.057
5.236
0.016
0.041
0.362
0.097
0.084
2.799
0.208
6.345
1.645
0.101
0.129
1.073
0.193
0.033
0.084
5.256
0.082
5.708
2.064
4.053
6.889
0.178
0.221
0.171
0.54
0.652
4.041
1.292
0.039
0.046
10.138
0.261
0.03
2.75
2.547
3.347
0.134
3.293
7.832
2.006
1.665
0.096
0.048
0.379
0.155
1.461
1.035
8.677
0.236
5.275
0.14
1.921
0.283
0.192
0.21
0.295
1.896
0.04
2.337
0.017
0.057
1.947
0.145
0.271
0.116
2.33
0.091
0.029
0.075
0.129
0.203
0.068
2.552
0.073
10.29
0.553
0.181
0.141
12.722
0.298
0.042
0.108
4.541
0.29
0.062
1.21
3.041
2.504
0.95
4.115
0.06
0.154
0.136
0.125
2.986
0.476
0.108
1.931
0.133
0.272
0.306
0.054
0.02
0.96
0.032
4.929
0.032
0.285
1.282
5.67
1.617
4.508
0.848
0.109
0.085
0.229
0.025
0.449
0.086
0.218
1.835
0.193
0.085
1.789
0.171
6.765
12.704
0.855
11.9
3.987
0.15
11.609
0.072
3.084
0.106
0.395
0.043
0.249
3.348
0.29
0.218
2.932
0.062
2.06
1.669
2.7
0.134
0.084
0.354
0.813
5.805
1.779
0.145
0.112
0.031
1.607
0.068
0.131
0.367
0.103
0.033
0.537
0.027
0.729
0.116
2.051
0.258
8.13
0.169
1.701
0.396
0.361
0.094
0.094
1.531
6.868
2.855
0.072
0.212
7.563
0.237
0.018
0.691
0.218
1.762
0.031
0.358
0.023
0.034
0.074
0.089
0.099
0.184
2.129
0.058
3.103
0.04
0.351
3.893
1.519
0.187
0.53
0.117
0.45
0.343
0.032
0.963
0.139
0.786
0.836
5.042
5.312
4.36
2.739
6.115
0.636
0.098
0.218
0.182
0.347
0.117
6.276
4.863
0.432
1.834
0.097
0.201
3.725
0.231
0.236
0.144
0.077
6.545
0.277
5.378
0.129
0.095
4.725
0.056
0.104
2.123
0.026
0.174
4.205
2.387
0.081
0.043
5.347
0.144
0.055
0.073
0.581
0.38
0.057
0.038
0.068
0.351
0.367
1.004
4.388
0.945
0.148
0.057
0.073
2.808
0.267
2.871
0.029
0.045
0.041
0.219
0.528
3.751
0.19
2.287
0.109
0.389
3.657
0.792
0.772
0.03
0.54
0.298
0.204
0.163
0.426
3.121
0.03
0.133
0.112
0.045
0.249
0.024
0.037
0.058
0.307
1.502
2.063
0.042
4.321
0.18
0.182
0.099
0.052
0.081
0.841
0.642
0.09
0.154
0.175
1.877
2.61
0.026
0.057
2.954
0.192
0.057
0.101
3.112
0.144
0.732
0.943
0.133
0.048
8.907
0.387
0.033
0.05
0.829
1.253
0.186
0.018
0.406
0.168
0.047
0.317
0.349
0.714
0.025
0.482
0.171
0.687
0.091
0.636
0.107
0.268
0.037
3.089
0.121
0.458
2.159
0.038
0.235
0.036
0.189
0.449
0.512
0.033
0.467
0.662
4.62
0.122
0.214
0.229
0.04
0.163
0.551
0.691
0.077
0.054
0.288
0.17
0.271
0.025
4.063
0.127
0.328
0.353
0.149
2.345
5.436
0.088
0.217
0.029
0.499
7.96
0.281
0.339
4.75
0.31
0.017
7.546
0.338
0.045
0.04
0.859
0.072
2.84
0.05
0.05
0.199
2.498
0.23
0.096
0.753
0.034
0.171
2.765
0.472
0.468
1.024
0.371
0.048
0.686
1.949
0.25
0.399
4.916
3.341
0.149
0.076
0.131
2.811
2.399
0.112
0.09
2.299
0.183
3.681
0.791
0.368
3.333
0.211
0.103
0.026
0.022
2.419
0.333
0.315
0.06
1.446
2.622
0.098
0.137
0.048
0.052
0.203
0.192
0.027
3.062
1.757
1.454
0.105
2.665
2.152
0.17
0.34
0.553
6.607
0.047
0.052
0.332
8.489
3.006
2.187
0.082
0.191
0.98
0.083
0.087
0.21
0.05
0.025
2.108
0.143
2.619
0.022
1.095
0.263
0.577
0.627
0.181
0.21
0.119
2.146
0.377
0.412
0.74
0.082
0.414
0.031
0.31
1.784
1.487
0.111
0.109
0.051
0.04
7.441
0.063
0.1
0.494
0.718
0.146
0.078
0.211
0.052
0.064
4.189
0.041
3.777
3.05
7.736
0.405
0.242
0.15
0.237
0.066
1.153
0.027
0.058
0.059
4.436
0.624
7.031
0.133
3.635
0.079
2.805
0.164
1.925
4.355
1.994
0.381
0.097
0.434
2.666
0.969
3.017
7.797
0.156
0.051
0.113
6.034
0.271
3.01
0.121
0.087
0.121
3.029
0.272
1.106
0.45
0.524
0.087
0.033
0.047
0.138
0.077
0.068
5.38
0.251
0.152
0.264
0.189
0.543
7.827
0.042
4.691
0.107
0.454
2.494
4.112
0.037
0.154
0.103
0.126
0.07
0.162
0.03
0.091
0.29
0.104
0.234
0.263
2.946
4.706
0.073
0.148
2.137
0.025
0.199
0.047
1.603
0.213
0.113
0.872
0.081
0.232
2.52
0.042
1.061
0.178
0.027
4.869
3.639
0.461
7.409
0.054
0.352
0.069
0.096
2.131
0.117
0.101
0.033
4.682
0.041
0.712
5.36
0.042
0.226
0.518
2.089
0.715
0.09
0.233
1.817
0.152
0.333
0.576
0.107
0.26
0.12
0.059
0.362
0.074
1.435
0.032
1.275
2.053
0.045
7.728
0.12
0.041
0.33
0.144
6.874
0.785
0.296
3.328
4.301
2.122
0.172
2.345
0.661
2.817
0.221
2.489
4.122
0.082
0.121
1.054
0.261
0.091
0.265
0.141
0.622
1.269
0.341
0.054
3.614
2.923
0.212
3.498
0.144
0.718
1.842
0.191
3.955
0.058
0.146
0.054
0.065
2.839
1.0
0.159
0.053
6.942
0.073
0.074
0.047
0.045
1.046
0.332
0.28
0.028
0.18
0.218
0.288
0.048
0.201
1.102
0.249
2.822
0.042
0.045
0.041
0.027
0.083
0.194
1.081
0.32
0.066
0.091
0.306
0.134
0.034
0.214
0.101
0.065
0.188
0.437
0.045
0.062
0.039
3.25
0.151
0.458
0.255
0.38
2.506
0.207
0.594
0.034
0.071
0.055
0.118
0.734
0.248
0.803
5.725
1.006
3.497
7.464
0.187
0.212
0.096
4.811
0.056
1.849
2.922
0.138
0.113
0.02
0.316
5.749
1.537
0.033
0.137
0.616
0.028
0.415
4.922
4.843
0.177
0.746
1.286
0.208
0.328
3.922
0.175
0.132
0.149
2.848
0.041
1.967
0.102
0.557
0.042
0.117
0.14
0.168
0.079
0.945
1.225
0.147
2.759
5.867
1.208
1.238
3.035
0.368
0.163
0.018
0.06
0.738
1.686
0.102
0.384
0.139
0.308
0.057
0.102
0.394
1.836
0.28
0.123
1.101
0.07
0.022
0.749
0.036
0.597
0.479
0.174
0.167
0.299
2.457
0.129
0.018
0.393
0.098
0.136
0.66
0.107
0.984
1.269
0.956
2.631
0.208
0.484
0.067
0.098
3.464
0.167
0.321
0.856
2.276
0.206
11.292
0.123
0.261
0.878
2.805
0.214
0.089
1.662
7.128
2.821
0.328
0.375
0.293
0.027
0.057
0.318
0.111
0.292
3.594
0.023
0.28
0.266
0.143
0.08
0.464
4.349
2.323
0.269
1.811
0.104
0.271
0.324
2.104
0.103
8.409
0.197
0.037
0.242
0.612
0.197
4.318
0.513
5.27
0.107
0.043
0.044
0.352
0.094
1.086
0.479
0.029
0.046
0.024
5.005
3.051
0.049
0.03
1.236
0.122
3.167
0.128
0.237
1.194
0.264
4.247
4.829
1.588
1.658
0.035
0.111
0.025
0.29
0.194
2.434
0.298
4.351
0.263
0.053
0.066
0.473
0.049
0.507
0.358
0.096
0.071
0.262
7.766
0.983
0.046
0.126
0.034
0.07
0.227
0.506
0.102
0.088
0.368
0.091
5.886
7.314
0.256
0.957
0.296
0.046
0.054
0.469
0.301
0.134
0.138
0.072
0.475
0.939
0.049
0.086
0.025
1.578
1.785
0.649
0.326
0.219
1.581
0.122
0.289
0.07
3.374
0.087
0.159
5.21
9.606
0.078
2.279
0.268
0.036
0.02
7.205
2.95
1.554
0.363
0.116
0.119
0.085
7.231
0.061
0.53
2.773
0.481
0.305
0.456
0.149
0.347
0.864
0.158
0.448
0.176
8.137
0.22
0.128
0.271
0.095
1.219
0.254
0.319
5.69
0.053
0.346
0.103
5.989
6.343
0.132
3.62
8.324
2.473
0.54
3.143
1.438
0.089
1.29
0.144
0.396
2.015
0.043
0.133
0.477
0.026
0.258
2.059
0.156
0.082
3.362
0.247
4.724
0.111
1.95
0.082
0.976
1.136
0.267
0.175
3.191
0.037
0.578
2.705
0.367
6.27
0.049
0.625
0.391
3.471
0.096
0.461
8.181
0.125
0.033
0.358
3.917
0.352
0.603
0.728
0.239
0.216
0.087
0.093
2.11
1.899
5.132
0.153
0.342
7.584
0.184
0.262
4.278
1.845
0.233
0.516
0.312
0.119
0.183
0.087
0.394
4.981
0.966
0.156
0.072
0.284
0.185
0.28
0.146
0.073
0.023
0.111
0.052
0.039
0.065
0.142
0.201
0.052
0.239
2.458
0.129
0.355
0.103
0.394
0.06
1.515
0.165
0.02
0.037
1.172
0.082
0.1
0.527
3.064
0.567
0.324
0.054
0.118
1.57
0.03
0.074
0.608
0.043
0.306
0.714
0.349
0.14
0.175
8.329
0.129
1.385
0.526
0.626
0.126
0.196
0.36
0.071
6.036
0.097
0.391
1.394
0.204
0.356
0.192
0.089
0.368
4.848
0.383
0.037
2.056
0.029
0.095
1.129
3.111
2.35
0.173
0.039
0.303
0.079
0.068
0.19
2.313
3.555
0.279
0.289
6.086
0.471
0.049
0.041
3.555
3.198
1.148
0.803
0.059
0.045
0.197
0.91
0.615
5.472
0.055
0.056
0.152
3.03
0.215
0.035
0.169
0.02
1.632
0.074
0.025
0.523
0.182
0.022
0.037
0.24
0.192
0.182
2.382
0.013
2.628
2.47
1.689
0.081
0.101
2.121
0.082
0.134
0.024
0.856
0.117
2.964
0.149
1.978
0.174
0.082
0.101
1.645
3.757
0.069
0.151
0.118
1.848
9.289
0.117
3.904
0.057
0.052
0.352
0.144
6.787
0.874
5.894
0.112
2.901
0.269
2.107
0.036
0.221
0.334
0.392
0.083
0.287
0.063
0.125
3.497
0.051
0.028
0.54
0.289
0.729
2.634
0.547
3.051
0.2
0.211
0.048
0.078
0.056
0.043
0.324
0.102
0.042
0.644
0.204
0.306
2.521
0.617
0.05
0.327
8.308
0.029
0.049
1.886
0.046
0.057
0.17
0.137
1.323
3.699
1.804
0.431
0.153
0.259
0.155
0.134
0.083
0.048
0.152
0.095
4.692
5.302
3.185
0.751
0.193
0.11
0.322
0.482
1.062
0.041
0.049
3.554
0.061
1.02
2.889
6.49
0.479
2.286
0.068
3.345
0.083
2.371
0.026
0.044
0.213
0.386
0.297
0.275
2.015
1.729
0.251
0.191
0.389
0.048
9.518
0.02
0.016
0.267
0.025
1.689
0.173
0.155
0.032
1.573
0.056
5.754
1.978
0.502
3.219
0.183
1.763
5.069
0.045
0.296
0.035
0.05
0.067
1.386
0.071
0.037
0.045
2.629
0.043
4.719
0.343
3.09
0.342
0.217
1.403
1.507
3.619
4.803
1.544
0.087
2.174
0.428
0.063
0.153
0.084
0.292
2.255
3.679
0.122
0.676
0.086
4.808
0.613
1.11
0.059
0.376
1.827
2.929
0.059
0.112
1.423
0.456
0.04
2.659
0.082
0.328
0.235
10.326
5.11
0.018
0.863
0.105
0.299
0.025
3.994
0.054
4.049
0.07
0.482
0.206
0.705
0.226
0.454
0.064
0.047
2.692
1.74
0.416
1.43
0.193
5.988
0.061
3.629
0.152
0.142
0.107
1.059
0.135
0.071
0.091
0.14
0.095
0.262
1.707
0.235
0.067
3.063
0.167
0.162
0.033
1.417
3.892
0.033
0.09
0.04
5.349
4.014
1.902
2.059
1.525
2.099
0.374
0.231
0.626
0.097
0.184
1.467
2.576
2.631
0.088
1.96
2.29
0.274
0.091
5.305
2.786
0.033
0.023
0.165
1.639
0.063
0.208
0.025
0.058
0.464
0.164
0.147
1.902
0.058
0.602
0.103
0.068
0.396
2.164
0.081
3.427
0.148
0.63
0.211
0.321
8.07
3.738
0.188
0.201
0.748
0.042
4.146
0.049
0.124
2.345
0.127
0.043
0.085
0.041
2.102
4.038
0.411
0.174
0.097
0.136
0.047
0.189
0.509
4.673
0.045
0.155
0.1
0.528
0.274
0.116
0.106
0.683
0.597
0.237
0.056
1.615
1.381
2.002
0.041
0.063
0.975
0.051
0.154
0.143
0.296
0.077
0.208
1.87
0.112
2.355
0.371
3.176
0.515
0.061
1.031
2.13
2.304
0.088
0.087
0.121
1.911
0.095
0.026
9.77
10.077
2.836
3.909
1.89
0.342
3.581
0.066
0.382
0.064
2.449
2.45
0.054
0.083
2.935
0.233
0.154
0.076
0.919
6.058
0.077
0.28
0.086
2.099
1.989
0.367
5.228
0.132
0.088
2.67
0.217
1.808
0.093
0.058
0.04
0.164
0.166
2.225
0.059
5.499
0.038
0.088
0.15
0.09
0.101
0.2
0.034
2.419
0.05
0.25
0.07
0.177
0.431
0.107
0.289
0.053
7.39
0.053
5.968
3.372
0.364
0.068
0.225
0.566
0.07
2.081
0.046
0.445
0.209
0.227
0.055
4.241
0.125
1.869
0.186
0.052
4.614
0.067
4.547
0.108
0.052
0.725
0.16
2.914
0.018
2.75
0.163
0.394
3.067
1.813
2.297
0.073
0.227
0.048
5.3
4.614
6.98
0.278
3.471
0.088
6.747
0.123
0.024
3.586
0.047
0.22
0.211
0.02
0.155
3.449
0.193
3.17
2.243
3.104
1.756
0.043
5.5
3.611
5.89
0.073
0.025
0.258
0.224
0.101
0.069
1.178
0.031
0.366
0.097
0.154
0.208
1.424
2.673
4.933
0.913
0.346
2.799
0.179
4.233
0.028
0.038
0.305
0.191
0.176
0.048
0.265
0.094
0.079
0.291
9.555
0.083
0.049
0.335
8.051
1.73
0.155
0.186
0.157
2.994
0.767
3.926
0.077
3.219
3.869
0.327
0.88
0.124
0.581
0.191
4.57
0.109
6.496
0.026
0.041
3.273
0.096
0.318
7.07
2.102
0.055
2.805
0.112
2.544
2.277
3.742
0.075
1.436
1.169
0.158
0.134
0.121
0.064
2.129
4.314
0.412
0.029
0.028
0.126
0.067
0.03
0.246
2.585
2.364
0.743
0.027
3.946
0.115
2.934
9.334
2.389
0.037
0.04
0.529
0.662
0.408
1.792
4.16
0.545
0.162
0.32
0.048
0.11
0.57
3.352
0.089
0.221
0.59
0.042
0.106
0.148
0.032
0.066
0.042
0.084
0.101
2.659
0.086
2.291
6.437
0.134
2.757
0.029
0.155
0.07
2.585
0.055
1.994
0.071
0.057
0.734
0.478
0.563
2.71
0.301
0.569
0.558
0.073
0.323
0.758
0.163
5.514
2.397
0.069
2.77
3.492
0.071
6.959
0.114
0.18
2.321
2.09
0.305
2.708
0.244
0.265
0.08
4.09
2.224
0.057
0.115
0.069
0.393
0.133
0.104
2.44
0.422
5.548
0.48
2.84
2.318
2.544
0.159
0.388
4.504
0.639
0.075
0.14
0.117
0.392
0.158
0.56
0.097
0.029
7.341
0.725
0.063
0.123
8.16
0.09
0.267
0.278
7.49
0.058
0.051
0.376
0.068
0.095
0.322
0.224
0.116
0.036
0.757
3.768
3.711
0.056
0.095
0.088
0.155
4.798
0.036
0.199
2.603
3.883
1.637
0.085
0.23
0.515
0.19
0.24
0.647
0.101
6.813
0.246
0.041
0.351
1.152
2.437
0.123
0.157
0.104
4.491
0.125
1.18
0.076
0.156
3.257
0.046
0.249
7.79
0.178
1.072
0.056
0.199
0.166
0.54
0.06
0.113
0.573
0.064
1.286
0.062
0.175
0.314
0.628
7.919
0.472
0.921
0.061
0.157
0.033
0.086
0.781
0.062
0.302
0.233
4.111
0.073
0.044
2.781
0.306
0.033
0.308
4.136
2.662
5.477
2.667
0.118
3.597
0.216
0.161
0.181
0.082
5.99
0.393
1.487
0.07
9.132
0.262
0.13
9.899
2.694
2.184
0.111
1.937
0.047
0.126
0.153
0.269
0.084
0.046
0.243
2.969
0.848
0.145
0.225
0.053
0.281
0.758
0.336
0.127
0.351
0.04
0.572
3.34
6.194
2.405
0.377
3.566
0.058
0.091
0.124
1.107
0.21
0.062
0.105
0.052
0.122
2.693
0.042
0.048
0.615
0.081
0.046
3.364
0.265
0.286
0.629
0.151
0.134
0.51
0.377
0.117
4.764
0.411
0.269
1.247
1.08
0.032
0.156
0.095
0.107
1.869
0.247
0.087
2.567
3.846
0.13
0.317
1.728
1.906
0.017
4.414
0.063
0.055
2.617
2.764
0.039
2.345
0.136
6.975
2.411
0.087
0.168
0.035
0.191
0.042
0.213
0.045
4.507
8.78
0.056
3.365
2.45
0.53
0.321
0.082
0.328
0.123
0.141
2.07
2.048
5.306
0.781
0.049
3.417
0.594
0.443
0.084
0.142
0.303
0.054
0.124
5.267
0.22
0.079
0.126
0.39
0.273
3.687
0.078
2.474
0.385
0.967
0.108
0.335
0.044
0.196
0.11
0.248
0.068
0.099
3.494
0.05
0.634
0.089
4.505
0.097
1.262
2.924
0.492
3.929
0.066
0.216
0.094
0.17
0.279
1.588
2.91
0.038
0.177
0.048
0.384
0.238
0.436
0.105
0.109
0.269
0.081
3.366
6.183
0.044
5.56
0.046
0.072
0.493
0.087
1.197
2.735
2.981
0.181
0.523
0.143
0.06
0.228
0.106
3.088
0.119
4.692
0.106
4.835
0.031
0.055
0.155
0.195
1.869
0.085
0.321
0.192
0.061
4.189
0.045
0.223
0.119
0.122
0.305
0.045
7.307
0.029
0.297
0.27
2.107
0.957
0.964
1.374
0.391
2.665
0.73
3.466
0.038
0.456
0.093
0.09
0.127
0.174
0.161
0.65
2.525
0.869
0.012
0.261
0.143
15.291
0.633
0.035
1.441
0.043
0.157
2.396
0.367
0.497
0.544
0.019
2.539
2.811
0.851
0.032
0.163
0.16
0.08
1.464
2.33
0.043
0.283
0.239
0.069
0.379
0.537
0.134
0.08
3.24
0.327
0.095
0.372
2.596
0.031
0.293
0.053
0.169
0.207
1.064
0.759
0.355
5.383
0.987
1.19
0.215
0.063
0.212
1.032
0.181
0.123
1.215
2.115
0.057
0.135
0.067
2.898
4.731
0.712
1.185
6.524
0.089
0.175
0.036
0.09
0.157
4.751
0.467
0.355
0.052
0.04
2.761
3.828
0.062
4.534
5.086
0.217
0.08
0.087
0.183
0.305
0.101
0.149
0.626
0.357
0.635
0.228
0.023
0.555
3.936
0.024
0.095
0.325
2.145
0.161
1.296
0.047
0.204
0.274
0.181
0.08
0.036
0.161
4.221
0.606
0.119
0.111
5.902
0.302
1.621
1.322
0.628
1.302
1.496
0.089
0.068
1.838
0.043
6.115
0.031
0.117
0.291
0.09
0.117
0.037
0.071
5.962
0.065
0.495
0.225
2.527
0.217
0.286
0.204
0.216
0.298
9.236
0.162
0.06
0.032
6.408
1.106
0.084
0.146
1.327
3.655
0.035
0.039
0.045
0.185
0.057
3.194
3.22
4.309
0.124
0.314
0.161
1.531
0.194
1.723
1.352
0.284
0.374
0.396
0.126
0.084
3.285
0.29
0.648
0.766
4.101
0.069
3.081
3.324
1.364
4.159
1.019
1.798
0.089
0.122
0.021
0.078
0.119
0.108
0.1
3.17
0.16
3.676
5.931
0.093
0.165
1.155
1.123
1.251
0.174
0.064
0.268
2.738
0.341
2.109
0.116
2.914
0.248
0.28
0.388
0.706
0.111
0.071
0.02
0.272
0.087
0.552
0.056
0.101
0.132
0.094
2.754
2.853
0.125
0.362
2.672
0.055
7.688
0.236
6.105
0.109
0.076
0.309
0.08
0.065
3.845
0.375
0.436
0.462
0.109
0.155
0.068
0.246
6.538
0.051
0.087
0.151
0.098
0.045
0.166
2.447
0.153
0.457
0.351
0.837
6.213
0.182
0.035
0.143
0.18
0.045
0.089
0.127
0.527
6.721
1.02
0.113
0.025
0.183
2.928
0.336
1.081
0.12
1.736
12.942
5.367
0.179
0.162
0.046
0.216
0.371
1.481
0.248
0.503
0.149
0.07
0.317
2.223
4.633
0.131
3.162
0.068
2.219
0.537
0.2
0.392
1.793
0.096
1.652
1.424
0.08
0.054
0.225
0.054
0.031
0.138
0.161
4.911
0.122
0.94
0.074
0.087
0.066
0.048
0.086
3.33
0.091
0.125
0.03
0.163
0.154
0.173
2.279
0.042
0.069
3.701
2.423
0.029
4.483
0.882
0.378
3.028
0.33
1.579
2.658
0.77
0.56
0.345
0.139
3.768
3.747
2.936
0.98
0.09
3.725
0.05
0.101
0.168
0.602
4.145
8.354
1.593
0.502
0.415
0.427
0.094
0.043
0.332
0.195
0.812
0.034
0.033
2.923
0.048
0.293
0.478
0.225
0.028
0.66
0.117
0.357
0.012
0.035
0.216
0.333
1.933
0.165
0.403
0.087
3.462
0.049
0.063
0.056
0.077
0.144
2.75
2.486
0.131
1.141
0.225
0.073
0.608
0.62
0.457
4.071
0.083
0.064
0.046
0.098
0.31
0.105
0.288
0.03
0.086
0.058
0.071
0.046
1.407
3.349
2.713
0.067
0.451
1.99
0.172
0.522
0.337
2.808
2.239
5.638
0.153
6.254
1.295
0.088
0.505
2.362
0.289
1.938
0.169
2.784
3.265
5.099
0.127
0.215
2.199
2.925
0.136
0.276
0.047
0.126
0.138
0.137
0.035
2.271
13.618
2.206
0.201
0.172
3.006
0.059
0.143
0.802
1.82
0.104
0.135
0.218
0.225
0.048
0.07
0.241
0.61
0.581
0.33
0.031
0.236
0.065
0.118
0.484
0.159
0.077
1.93
0.044
0.318
0.035
2.753
2.135
0.104
1.554
3.61
5.812
3.182
0.945
0.308
0.07
0.105
0.058
0.187
0.264
0.117
2.682
0.524
9.888
0.535
0.047
4.622
0.139
0.117
5.184
0.357
0.276
0.087
4.059
0.143
0.464
0.382
0.335
0.056
0.376
0.05
0.046
0.757
5.036
0.04
0.036
2.687
0.083
1.385
2.604
0.164
0.105
0.066
0.08
0.028
2.519
0.174
0.292
4.193
0.338
0.135
0.768
0.088
0.363
0.164
0.193
3.554
0.192
0.209
0.034
1.144
0.37
0.28
2.238
0.386
4.031
0.035
0.101
0.567
0.042
0.044
0.346
0.11
0.103
0.15
0.031
0.243
0.05
2.754
0.203
1.947
5.34
0.39
0.222
0.042
0.139
0.024
5.073
0.974
0.052
0.072
0.05
10.952
2.098
0.416
0.138
1.096
4.668
3.011
1.997
0.098
0.25
0.198
2.916
0.372
0.147
0.018
0.111
2.168
0.014
2.644
0.973
0.105
4.018
1.46
0.07
2.705
2.97
0.21
0.068
0.029
1.005
0.208
0.014
0.066
4.675
1.834
0.027
0.045
4.075
0.199
1.096
0.154
1.499
2.513
0.065
0.087
3.145
0.078
3.409
4.509
1.052
0.034
0.038
2.593
0.445
0.725
0.048
0.521
0.05
0.216
1.262
0.029
0.817
0.33
5.504
0.472
0.452
0.212
0.141
0.3
0.222
3.762
0.127
0.178
0.417
0.031
0.283
0.102
0.064
0.077
0.113
0.058
4.95
0.142
0.022
0.561
1.862
0.534
0.356
0.051
1.249
0.155
0.08
0.042
0.189
0.11
0.73
0.316
0.158
1.469
0.058
0.896
0.363
13.789
0.053
0.122
0.088
1.732
0.073
0.13
0.127
2.395
0.489
2.606
0.051
0.513
0.204
0.096
0.807
0.51
0.315
0.022
2.34
4.189
0.132
0.047
0.628
0.494
0.25
0.046
0.352
1.471
0.578
0.161
0.05
0.092
6.017
0.26
5.489
0.222
0.964
0.112
0.098
0.117
0.079
0.165
2.007
0.065
0.289
2.14
0.166
0.06
0.342
0.285
0.055
0.028
2.887
0.055
3.227
0.107
0.168
0.255
0.152
3.979
3.859
1.974
0.124
3.139
0.362
0.094
0.044
2.204
0.074
0.476
0.906
0.091
0.03
0.071
0.098
2.866
0.035
1.664
0.113
0.095
0.047
0.148
1.182
3.571
0.039
0.16
1.973
0.075
0.025
0.333
0.043
0.195
0.112
0.981
0.035
3.53
2.362
1.771
0.025
0.242
0.05
0.241
2.21
0.042
1.524
0.094
0.278
0.046
3.772
0.536
0.142
3.467
0.125
0.071
0.134
3.171
0.211
2.264
4.078
7.72
1.811
3.65
3.034
3.353
1.367
0.44
0.033
0.344
0.146
0.118
1.479
0.085
0.041
0.141
0.247
2.609
0.28
0.169
0.16
0.502
0.129
0.38
13.306
6.33
0.05
3.322
0.26
0.143
0.148
0.038
0.312
0.244
0.034
2.864
0.061
0.491
2.576
0.489
0.172
3.456
0.048
0.046
0.096
0.021
1.353
6.928
4.894
0.213
2.197
0.049
2.59
0.099
0.642
0.339
0.075
0.024
3.257
0.091
0.073
0.057
0.242
0.413
0.256
0.906
3.016
0.58
2.885
0.173
2.24
0.395
0.313
0.148
1.561
0.261
0.04
3.238
0.084
4.538
0.228
0.059
0.029
0.482
0.102
2.894
4.364
7.844
0.423
0.016
1.649
0.375
4.82
0.604
0.316
0.123
0.039
2.968
5.605
0.066
1.47
0.448
0.158
9.539
0.048
0.033
0.176
2.682
3.305
0.103
0.087
9.317
0.048
0.259
0.405
0.138
2.225
1.405
5.61
0.577
0.024
7.977
0.035
0.086
0.06
4.913
0.129
0.451
0.045
0.151
4.581
2.105
0.207
0.142
0.096
0.081
0.266
0.09
3.765
0.354
2.19
0.238
2.359
0.092
0.469
0.019
0.121
0.195
4.655
1.572
0.074
1.565
0.156
0.542
0.082
0.067
0.08
0.124
4.014
0.162
0.05
0.03
1.358
0.034
0.027
4.516
0.179
0.111
0.177
0.057
0.243
0.819
0.173
7.531
2.796
0.112
0.058
0.117
0.056
0.215
0.249
4.881
1.936
5.012
0.06
0.264
0.174
0.127
0.151
2.224
2.559
0.081
0.614
0.218
0.794
1.611
4.754
0.339
0.078
0.566
0.23
0.218
0.23
0.103
0.059
0.267
0.05
0.041
1.754
0.573
2.515
0.039
2.364
0.323
0.207
0.934
0.365
1.343
0.263
0.097
3.838
5.083
13.071
0.318
6.642
0.599
0.044
0.047
0.384
0.492
0.22
0.048
0.8
0.163
0.324
1.092
0.109
0.047
13.788
1.372
0.137
0.907
0.352
0.05
0.212
4.985
0.056
0.243
0.026
0.319
0.357
0.116
0.113
0.114
2.158
3.035
0.309
3.957
2.845
3.012
0.206
0.254
0.232
0.037
1.58
0.244
0.212
0.12
1.149
0.029
0.048
2.274
0.992
4.007
0.109
0.124
0.025
8.576
0.051
0.162
2.14
0.129
0.661
1.299
0.033
0.179
0.014
5.229
3.368
0.089
0.115
0.18
0.404
0.07
0.328
0.94
0.091
0.115
0.032
3.676
0.083
0.136
0.036
0.21
0.063
0.377
5.31
0.266
2.367
0.078
1.853
0.284
0.3
0.148
0.125
2.388
0.237
3.383
0.076
0.41
1.858
0.033
0.039
0.097
10.45
0.246
0.018
0.174
0.374
0.614
2.207
0.131
0.032
0.604
2.674
1.857
0.062
0.037
5.24
0.07
0.185
3.517
0.062
0.836
3.346
0.412
0.035
0.044
0.236
0.261
0.293
0.063
0.149
0.671
0.032
0.261
0.077
0.362
0.052
0.178
0.215
1.365
0.399
0.372
0.617
0.186
2.598
0.836
0.111
2.434
2.879
0.077
0.036
11.499
0.254
0.214
2.105
0.816
0.48
0.324
0.154
3.236
3.415
2.375
0.72
1.67
0.273
1.457
0.37
0.074
0.036
0.021
0.417
0.048
4.435
0.11
1.09
0.037
0.243
0.256
0.036
0.293
0.1
0.33
0.234
1.678
0.01
0.505
2.084
0.016
1.842
0.157
0.099
0.111
0.022
0.757
0.204
0.764
3.928
1.73
0.04
0.081
0.07
0.424
0.306
0.213
0.02
0.196
0.229
0.049
0.085
1.102
1.139
0.066
3.2
2.508
3.547
2.411
0.376
0.09
0.516
0.503
2.572
0.497
0.038
3.306
0.285
0.193
4.086
0.45
0.192
0.663
0.033
0.075
0.119
0.224
1.724
5.641
2.003
0.053
0.131
0.556
0.096
0.073
0.209
0.391
0.182
0.285
0.712
0.102
0.995
0.038
0.218
0.013
0.135
0.109
0.058
0.147
1.046
0.043
0.116
0.097
6.27
0.356
0.075
0.54
0.095
0.323
2.438
4.872
0.226
0.06
0.021
0.513
2.256
5.699
0.034
0.895
0.096
0.813
0.319
0.411
0.265
0.245
0.105
1.712
0.228
0.042
0.108
0.038
0.066
0.154
0.355
0.178
2.092
0.18
0.048
3.517
3.545
0.136
2.621
0.072
0.334
1.683
0.4
2.585
0.088
3.735
4.122
0.282
1.364
0.507
0.195
6.195
3.597
3.074
0.521
0.063
2.604
0.05
0.298
1.092
2.802
0.037
0.643
2.551
0.209
0.454
0.087
0.032
0.294
0.147
0.027
0.202
0.134
0.099
1.033
0.025
0.148
0.531
0.117
0.195
0.421
0.643
0.442
0.18
6.33
2.124
4.946
5.325
0.046
1.721
0.06
0.72
0.133
5.36
13.205
0.02
0.094
0.099
4.628
0.72
1.825
0.448
0.042
0.036
0.116
1.84
0.845
0.084
1.772
5.33
0.109
0.324
0.046
0.742
2.971
0.088
0.178
0.081
0.058
15.431
0.106
0.767
0.583
8.283
0.159
0.245
0.018
0.151
0.013
0.095
0.123
0.048
3.48
0.249
0.082
0.076
0.324
3.216
0.089
0.158
0.328
0.341
0.332
2.566
0.598
0.301
3.119
0.266
0.198
0.056
3.197
0.033
0.314
2.801
0.539
0.102
4.224
2.146
0.058
4.255
0.077
0.346
0.022
2.304
0.166
0.113
0.41
2.491
0.248
0.141
2.209
0.073
3.094
1.989
0.121
1.896
0.332
4.701
0.101
0.546
1.78
0.565
0.079
0.044
0.266
0.239
0.128
3.033
0.045
0.551
0.05
5.369
0.057
0.085
0.291
0.744
0.2
0.058
1.858
0.033
0.375
2.769
0.066
0.03
0.548
0.501
0.192
0.712
1.779
0.063
0.678
0.787
7.162
0.958
0.223
0.031
5.066
0.095
3.04
1.059
7.821
4.912
0.027
0.108
2.259
5.453
0.055
2.641
3.657
0.182
0.388
0.192
0.601
3.05
0.034
3.341
3.429
0.447
2.909
0.066
0.291
1.154
0.121
0.058
0.6
0.077
0.831
0.082
0.158
0.643
0.533
0.213
0.417
0.042
4.977
0.446
0.084
3.762
0.058
0.056
0.025
1.852
0.358
0.092
0.886
9.487
0.369
1.917
0.062
2.038
0.076
0.458
0.67
0.028
0.238
0.094
2.215
0.232
3.332
0.061
4.442
0.2
0.039
0.137
0.141
3.033
0.191
0.055
0.024
0.036
0.698
0.04
1.234
3.583
0.056
1.256
0.369
0.038
6.588
0.089
0.19
0.403
0.22
0.548
1.061
0.293
0.18
0.264
2.886
0.096
0.122
0.042
0.134
0.062
0.905
2.03
2.028
0.052
1.129
1.421
0.027
0.061
0.034
0.197
1.794
2.469
1.907
0.041
0.375
0.132
0.035
0.439
3.548
0.225
0.599
0.221
4.642
0.264
2.931
2.025
4.358
0.335
0.346
0.127
0.263
0.349
3.456
1.608
0.459
0.124
0.141
0.695
2.4
0.411
4.622
0.938
2.901
0.055
0.062
0.17
0.033
0.311
0.166
6.385
0.163
4.405
0.523
0.534
3.923
0.06
0.153
0.927
2.745
0.309
0.31
1.933
1.101
4.547
0.05
0.214
0.141
0.318
0.333
0.233
0.189
0.147
0.345
0.246
4.791
0.176
1.227
0.408
2.788
0.152
0.033
1.972
0.27
0.38
0.038
0.195
2.79
0.041
1.635
0.04
0.053
0.061
0.023
0.232
0.398
2.794
0.057
0.073
0.171
0.215
0.262
0.149
4.356
0.036
0.043
0.309
0.236
0.258
0.175
3.856
0.165
0.893
4.202
0.178
0.07
2.132
4.862
0.127
0.801
5.6
0.062
0.053
0.108
0.179
0.078
0.952
0.414
0.537
0.026
1.884
4.28
1.142
1.233
0.67
2.67
0.1
0.637
3.832
0.444
0.496
0.152
2.319
0.143
0.413
0.055
0.107
0.409
1.214
0.15
0.027
0.065
3.342
0.033
0.056
0.047
0.112
0.063
2.632
0.137
0.079
2.999
0.151
0.067
2.331
0.12
0.523
0.173
0.158
0.052
0.059
1.012
0.944
0.046
0.018
0.048
0.205
0.095
0.782
0.348
0.022
5.458
1.652
0.191
1.355
2.525
0.632
0.069
3.325
0.396
0.358
0.047
0.098
5.002
0.047
0.022
0.391
1.539
0.073
4.227
0.251
0.274
0.051
0.089
10.812
0.153
6.161
0.053
4.474
0.604
3.053
0.239
0.088
0.064
0.408
10.525
0.086
6.121
0.064
0.21
0.363
0.292
0.248
0.031
0.753
0.122
0.058
2.61
0.131
0.042
2.895
0.538
0.163
0.19
0.03
0.088
2.511
0.106
0.221
0.329
3.491
0.448
0.656
2.263
0.037
0.421
0.112
0.329
2.335
0.051
0.13
0.182
2.029
0.739
0.047
0.064
0.088
0.395
0.719
0.018
0.105
0.168
0.05
0.072
2.237
0.225
0.359
6.408
0.054
6.12
0.229
0.243
1.081
0.299
4.633
3.336
0.08
0.093
0.011
0.047
0.191
0.164
0.072
0.28
0.427
3.295
0.495
2.271
0.286
0.026
0.062
0.129
3.805
1.889
0.04
0.238
0.039
0.156
0.767
0.275
3.198
4.151
0.439
1.714
5.648
0.042
2.32
5.743
0.082
0.074
2.602
0.111
0.252
0.021
5.482
0.076
6.347
0.415
6.498
0.026
0.379
7.353
1.426
3.205
0.501
0.057
2.363
5.62
1.994
0.36
3.089
0.369
0.092
3.474
0.197
0.022
0.043
0.041
4.499
7.18
0.192
0.076
0.177
5.53
0.17
0.073
0.088
0.357
0.027
2.333
2.277
0.074
3.806
0.147
0.301
0.235
0.248
4.564
0.182
3.043
0.05
0.134
1.066
0.058
0.152
8.08
0.229
0.12
0.131
0.141
2.442
0.045
0.116
0.138
3.977
3.599
0.08
2.746
2.467
0.29
0.1
0.897
5.843
0.035
0.19
0.034
0.755
0.055
0.728
5.59
0.113
0.095
2.073
0.133
0.13
0.17
0.102
0.071
7.384
0.49
0.052
1.076
0.044
0.51
0.412
3.399
2.311
0.679
0.335
0.125
0.926
0.715
0.103
0.273
0.13
1.874
0.488
0.089
0.179
6.445
9.247
0.12
0.046
0.259
0.056
0.235
0.486
0.518
0.817
0.097
3.682
0.481
3.773
0.332
4.309
0.05
0.027
0.042
4.366
0.304
0.032
2.664
0.229
0.024
0.135
0.147
0.219
0.112
0.115
0.338
2.178
0.835
0.04
0.673
1.898
0.119
1.721
4.069
0.089
0.154
0.178
0.041
0.375
2.42
0.38
1.791
1.407
0.05
0.04
5.708
0.054
0.135
5.473
3.527
0.245
0.179
1.397
0.139
0.023
2.085
0.546
0.135
0.276
0.029
0.063
0.041
0.095
0.325
4.657
0.04
0.079
0.171
2.003
0.242
0.193
0.116
0.557
0.299
0.289
0.044
0.645
0.339
0.364
0.391
0.117
0.122
0.255
5.046
0.023
0.07
0.036
0.149
6.184
0.049
5.112
0.146
0.242
0.046
3.412
0.059
0.081
0.441
0.157
2.491
1.308
0.049
0.071
2.091
0.118
0.647
0.102
2.537
0.414
3.945
0.113
2.952
3.949
0.684
0.835
3.654
6.115
6.276
0.239
5.115
0.02
0.037
0.074
0.305
0.328
1.395
0.17
1.668
0.062
0.364
0.026
0.378
0.074
0.361
1.968
0.015
0.814
0.833
0.106
0.154
3.209
0.07
0.095
3.115
0.574
0.177
0.677
0.099
0.072
0.284
0.65
0.243
0.517
3.208
0.154
5.009
0.517
0.148
0.07
3.892
0.032
3.992
0.11
2.718
0.026
0.153
0.043
0.022
1.176
0.146
2.55
0.19
0.025
0.816
0.025
1.031
0.958
0.079
0.051
0.034
0.494
0.138
0.037
0.334
0.238
0.466
2.69
0.078
4.055
2.874
2.841
0.045
0.162
0.222
0.151
4.235
0.249
1.657
0.361
0.064
7.164
3.993
0.386
1.688
0.091
0.246
0.037
0.303
0.06
0.068
1.92
0.334
0.039
0.04
0.385
0.134
0.081
2.477
0.07
0.113
2.476
0.121
0.277
2.043
0.06
0.107
0.18
0.258
0.618
9.067
3.986
6.503
3.978
0.069
0.067
0.075
0.234
2.197
0.217
0.247
0.388
0.231
0.624
1.516
3.586
0.02
0.047
0.289
8.686
1.864
0.168
0.032
9.965
0.059
0.291
0.034
0.247
0.155
0.054
2.802
0.49
1.62
0.019
0.053
0.521
7.297
0.204
0.977
2.713
5.179
5.685
0.435
4.84
5.082
13.381
0.596
3.229
0.032
0.019
0.144
2.901
1.524
0.085
0.055
1.952
0.187
0.174
0.097
0.4
0.258
0.399
0.66
3.045
1.947
0.034
0.088
4.327
0.273
1.299
3.494
0.213
0.905
0.416
0.1
0.097
0.265
3.033
1.672
5.917
0.236
7.132
0.306
0.446
0.175
3.466
0.288
5.922
0.089
0.776
0.029
0.078
0.15
0.436
0.058
0.221
0.053
0.263
4.232
0.308
0.065
0.235
0.998
0.305
0.211
0.064
0.129
0.161
0.385
0.733
0.101
0.124
0.835
0.181
6.273
0.038
0.155
0.831
0.13
0.072
0.074
0.101
0.624
0.112
0.029
3.315
0.219
0.427
1.704
0.18
0.055
2.219
0.039
0.793
0.093
0.232
0.188
2.538
0.928
0.067
0.047
0.067
0.056
1.32
0.794
0.1
0.156
4.034
0.082
2.035
0.14
0.35
3.019
0.125
0.034
0.28
0.103
2.738
0.023
0.345
1.35
0.353
0.674
1.349
14.059
0.04
5.227
0.411
1.689
0.056
0.775
0.545
3.129
1.633
1.206
0.026
0.029
0.078
0.065
0.247
0.083
0.052
3.088
0.038
0.206
4.764
2.132
0.242
0.097
0.5
0.219
0.103
0.541
5.336
0.058
0.111
0.076
0.082
1.025
0.932
0.092
4.643
0.789
0.411
0.186
0.227
0.036
0.202
0.343
1.862
0.08
0.05
1.813
3.04
0.03
0.068
0.181
0.165
0.143
0.354
0.392
0.518
0.081
0.101
0.347
0.352
0.088
1.569
0.269
0.093
0.667
0.014
1.748
2.119
0.048
0.109
1.972
3.885
0.113
2.248
0.073
0.127
0.031
4.444
5.748
1.251
0.082
0.183
0.03
10.144
0.686
0.376
1.639
3.011
0.565
0.115
0.015
2.114
0.092
0.474
4.451
0.226
1.391
2.441
1.925
0.116
0.099
0.733
0.11
3.16
0.06
2.67
0.954
0.077
0.04
0.066
0.223
0.64
0.075
0.083
0.385
0.501
0.454
0.456
0.096
0.144
7.444
0.953
0.983
0.115
0.264
0.059
0.085
0.393
0.126
4.612
2.268
5.056
0.057
0.068
0.161
0.076
0.285
0.061
0.045
0.085
0.029
0.807
0.125
0.129
0.344
0.144
4.484
0.069
0.054
0.07
0.806
0.163
6.141
0.034
0.111
0.162
0.589
0.072
0.081
0.088
2.591
0.414
0.081
3.321
0.085
0.52
0.033
0.484
0.131
0.173
0.952
0.374
0.293
0.348
0.023
0.198
2.825
0.067
5.274
0.114
0.048
0.521
2.84
6.373
0.343
0.049
0.156
0.561
0.284
2.049
0.035
0.229
0.432
0.227
0.07
0.913
0.035
0.046
0.857
0.421
0.243
0.097
0.283
0.23
0.173
0.048
3.565
0.06
0.047
0.28
0.143
0.624
2.256
0.05
0.034
0.578
0.055
0.416
0.324
2.758
0.034
0.088
1.073
0.039
0.021
2.349
1.187
7.547
1.507
0.1
1.663
3.324
0.216
0.68
0.447
0.297
0.548
0.46
0.127
4.568
2.661
0.28
2.08
0.154
2.512
0.245
3.997
0.046
0.134
1.172
2.057
0.184
0.215
0.183
2.155
0.183
2.458
2.526
0.266
0.695
6.715
3.24
0.072
0.503
0.092
0.196
0.032
0.055
0.425
0.069
2.324
0.189
0.141
0.053
0.25
2.52
3.684
2.665
0.105
0.046
0.028
0.127
0.05
0.193
0.073
1.24
0.046
7.315
6.314
1.91
0.931
0.533
3.003
0.073
0.974
2.109
0.086
2.373
0.079
0.041
0.015
3.429
0.044
0.061
0.04
0.084
0.098
0.189
0.078
0.073
0.054
0.04
0.015
0.311
8.826
0.13
2.08
0.372
0.085
0.068
2.712
0.03
0.221
0.234
0.139
0.051
0.039
3.427
0.079
0.148
0.042
4.047
2.666
0.129
4.801
2.491
0.22
1.774
0.086
0.041
3.919
1.716
0.162
0.58
0.032
0.285
0.077
0.101
0.181
0.161
0.04
0.044
0.037
0.017
2.181
0.064
7.669
0.305
0.072
0.052
2.209
0.409
3.471
0.067
0.203
0.583
0.09
0.16
3.243
0.055
10.512
0.166
0.033
0.112
0.16
0.424
0.148
0.216
0.037
0.111
0.035
0.075
0.048
0.142
0.07
0.112
0.037
6.58
0.378
0.413
0.15
0.678
5.293
0.247
0.193
3.041
0.367
0.103
3.136
0.023
0.041
0.108
5.095
2.549
0.06
0.228
0.206
0.136
0.168
0.128
0.639
0.083
0.04
0.044
4.512
2.525
0.142
0.057
4.57
1.384
1.891
0.055
2.1
0.586
2.06
0.038
7.029
0.046
0.198
0.156
0.09
0.361
0.332
3.316
0.068
0.044
0.052
0.076
0.029
1.634
0.118
3.526
0.368
0.111
2.776
0.017
0.139
0.432
2.623
0.136
6.103
0.318
0.053
0.622
2.203
0.184
7.068
0.574
0.068
0.095
0.108
0.123
0.02
0.236
3.003
0.533
0.179
0.242
0.699
6.556
0.206
1.416
0.048
0.395
0.055
0.523
7.935
0.015
0.121
0.401
0.082
3.218
0.11
0.17
2.234
0.132
9.039
0.053
3.579
0.1
0.369
3.135
0.077
5.497
0.246
0.324
0.119
0.136
5.711
0.182
3.746
0.222
13.989
7.721
4.785
0.04
0.374
0.122
2.399
1.213
0.148
0.125
0.418
1.028
0.38
0.469
0.06
2.81
0.535
2.042
0.149
0.657
3.204
0.059
2.171
0.474
0.134
0.306
0.382
7.896
0.442
0.378
0.093
3.236
3.815
0.243
0.682
0.111
0.073
0.046
0.021
2.639
0.53
0.651
3.125
0.394
0.077
0.552
0.148
0.335
2.408
1.565
0.055
4.981
0.026
0.714
0.159
0.739
0.191
0.466
3.498
0.126
0.071
0.059
2.132
2.216
0.248
0.268
0.219
0.212
2.291
0.845
2.854
2.156
3.076
0.211
0.397
0.305
0.109
0.037
0.1
0.103
0.783
1.628
2.974
0.274
0.127
0.221
3.078
0.134
1.562
0.102
5.194
0.103
3.616
2.735
2.676
2.248
0.041
2.309
0.068
0.437
0.25
1.712
0.152
0.042
1.912
3.029
0.03
0.026
0.183
0.081
0.558
0.113
1.981
0.272
0.024
0.016
0.33
0.697
0.041
0.277
0.249
0.171
0.336
0.248
0.065
0.172
3.643
0.951
0.65
0.491
0.179
0.028
6.007
1.932
1.978
0.827
0.052
5.975
0.187
5.42
2.783
5.482
0.029
0.07
0.1
0.122
0.04
0.426
0.054
0.079
0.031
0.568
0.126
0.17
0.048
0.071
0.241
3.175
4.566
0.072
0.456
0.438
0.029
0.048
0.045
0.079
0.581
3.996
9.014
4.622
2.678
0.675
0.352
0.094
0.045
0.521
0.138
0.426
2.288
0.036
0.25
2.451
3.028
0.12
6.804
0.142
0.084
0.453
0.031
0.12
0.128
3.243
0.614
0.125
0.597
0.091
0.043
0.093
1.156
0.223
0.103
0.052
1.023
2.253
0.033
2.106
0.63
0.668
0.062
3.48
0.049
0.455
0.054
5.585
0.193
0.054
4.908
1.103
0.274
0.394
0.019
0.754
0.042
0.069
6.541
0.424
0.274
0.526
0.153
0.495
1.771
0.271
0.066
0.071
0.692
0.621
4.207
0.169
0.939
0.156
0.783
0.023
2.446
0.356
0.817
2.353
0.039
0.055
4.172
3.166
0.056
6.332
1.4
0.163
0.053
0.227
0.14
0.261
0.038
0.131
0.129
2.489
0.037
0.138
0.037
0.313
0.064
0.214
1.684
1.238
0.195
0.494
1.694
3.056
0.179
1.347
1.258
0.228
0.317
0.538
2.154
1.253
2.397
0.784
0.063
0.083
0.139
0.103
0.155
0.084
0.071
0.17
0.25
1.949
0.245
1.421
2.638
0.258
0.084
1.668
0.428
0.04
3.6
0.121
4.029
3.512
0.033
3.448
0.043
0.594
0.116
0.073
2.952
0.27
0.226
0.678
1.086
0.151
2.467
0.021
0.098
0.045
0.228
0.054
0.367
0.674
0.037
0.05
0.14
0.322
0.984
0.113
0.116
0.283
9.676
0.057
0.042
0.129
0.337
0.217
0.269
0.835
0.356
0.356
0.233
0.189
0.308
1.753
6.275
0.48
0.097
1.379
0.822
0.208
4.659
3.244
0.077
0.04
6.016
0.093
0.101
0.068
3.809
0.207
1.384
5.821
3.828
0.284
2.273
0.79
0.085
0.493
0.361
0.065
3.342
0.26
0.191
0.234
0.069
0.104
5.047
0.127
0.19
0.044
0.434
0.069
0.304
0.197
0.177
11.749
1.092
0.023
0.113
7.948
0.059
0.279
0.446
0.039
11.195
3.01
4.945
0.141
0.611
0.059
0.808
0.076
0.15
3.604
5.708
0.082
2.249
0.079
0.231
0.158
0.066
0.505
0.441
0.087
0.3
0.168
0.02
0.682
0.042
0.152
0.29
0.011
0.957
3.553
0.164
0.118
0.122
4.023
3.359
0.518
1.988
1.531
1.259
0.104
0.159
0.194
0.233
0.198
0.108
0.476
2.302
0.08
0.067
0.134
2.824
0.508
0.135
0.233
0.413
2.269
1.714
0.046
3.742
0.3
0.038
0.02
0.281
0.11
0.558
1.407
0.012
4.315
0.125
0.07
0.043
0.494
0.661
0.057
0.402
2.04
0.042
0.214
0.12
0.128
0.101
1.408
0.473
0.281
0.123
0.104
0.635
2.523
0.038
0.112
8.633
0.099
3.891
0.589
0.159
0.31
0.142
0.323
1.575
1.017
0.135
0.092
0.193
0.51
0.382
0.32
0.042
3.249
0.352
9.935
6.239
2.415
0.026
0.154
0.35
7.214
2.272
1.997
0.385
0.422
0.071
0.379
0.922
5.643
0.053
0.618
1.079
3.426
0.245
0.071
0.041
0.202
0.933
0.179
0.21
0.198
4.93
0.134
4.002
3.476
0.877
0.317
0.144
0.035
1.477
0.189
5.13
3.093
0.121
0.095
0.025
1.499
7.502
0.189
3.955
2.173
0.039
0.076
0.136
2.854
0.417
0.024
2.294
1.975
0.111
0.195
0.165
0.131
0.051
0.221
0.04
0.048
2.438
0.17
0.055
0.441
0.053
6.551
0.29
0.121
4.402
3.957
17.897
0.222
1.537
0.264
0.22
0.155
0.054
0.104
0.041
0.019
0.18
0.105
0.708
0.127
0.052
0.326
4.453
0.035
0.337
0.085
7.674
0.08
3.15
9.1
0.021
0.036
4.861
0.065
0.155
0.22
0.068
3.087
0.248
0.034
0.224
0.077
3.793
0.066
2.442
0.068
0.238
0.089
0.025
1.069
0.091
4.609
0.361
0.389
3.357
0.022
0.199
5.9
0.023
0.177
0.028
0.981
0.191
0.061
0.051
0.093
6.254
0.167
0.236
0.251
0.016
5.832
4.19
0.078
0.149
1.076
0.062
0.539
0.297
0.08
0.05
1.931
5.8
0.05
13.847
0.056
0.088
1.392
0.041
4.971
0.211
0.449
0.447
9.234
0.222
0.254
1.036
0.497
0.092
0.148
0.082
0.14
0.187
3.108
0.279
0.146
0.187
0.073
0.087
0.694
4.697
0.771
0.05
1.2
0.019
0.077
0.15
0.193
0.128
1.485
2.73
0.509
6.13
0.443
0.019
0.034
0.244
0.137
2.852
0.075
0.334
4.786
3.617
0.485
0.029
0.107
0.074
2.517
0.097
0.11
0.371
0.221
0.106
0.143
0.059
0.138
0.629
0.53
0.045
2.258
0.033
3.181
0.081
0.695
0.088
0.173
7.558
0.118
0.791
0.815
0.078
0.068
0.582
0.136
0.694
0.125
0.028
1.84
2.999
1.016
0.337
0.24
0.052
0.253
0.21
0.06
0.117
0.306
0.034
3.182
0.105
0.154
0.136
1.514
2.162
0.286
6.502
1.954
0.09
0.071
5.939
0.44
0.076
0.142
0.614
0.095
3.928
3.911
3.861
0.126
0.088
0.579
0.638
0.093
0.093
0.049
0.055
0.232
2.237
0.166
4.357
0.407
0.214
3.446
0.443
0.44
0.425
0.14
0.076
0.035
0.183
0.177
0.289
0.101
0.566
0.188
0.077
