0.023
0.051
0.093
0.059
0.041
0.111
0.077
0.023
0.015
0.084
0.024
0.058
0.031
0.036
0.096
0.077
0.041
0.123
0.062
0.06
0.181
0.148
0.052
0.139
0.059
0.068
0.091
0.071
0.043
0.028
0.119
0.096
0.129
0.021
0.095
0.077
0.167
0.046
0.128
0.022
0.034
0.152
0.051
0.04
0.024
0.183
0.075
0.164
0.4
0.095
0.208
0.084
0.086
0.142
0.049
0.104
0.039
0.136
0.041
0.066
0.243
0.085
0.076
0.082
0.053
0.163
0.018
0.015
0.052
0.317
0.065
0.155
0.072
0.335
0.056
0.151
0.052
0.064
0.024
0.072
0.015
0.25
0.039
0.15
0.064
0.213
0.369
0.02
0.13
0.036
0.215
0.149
0.155
0.474
0.054
0.143
0.02
0.183
0.256
0.129
0.043
0.156
0.069
0.219
0.194
0.058
0.08
0.231
0.07
0.106
0.022
0.267
0.249
0.103
0.028
0.131
0.093
0.418
0.117
0.144
0.313
0.136
0.017
0.048
0.502
0.446
0.188
0.29
0.115
0.169
0.305
0.373
0.114
0.098
0.196
0.138
0.045
0.142
0.031
0.1
0.04
0.053
0.161
0.258
0.026
0.099
0.149
0.049
0.151
0.023
0.155
0.266
0.112
0.244
0.049
0.19
0.051
0.576
0.255
0.028
0.115
0.088
0.074
0.729
0.185
0.24
0.055
0.028
0.084
0.531
0.346
0.367
0.558
0.123
0.11
0.138
0.532
0.212
0.201
0.055
0.119
0.729
0.606
0.737
0.174
0.454
0.348
0.049
0.281
0.062
0.072
0.858
0.082
0.47
0.2
0.169
0.875
0.031
0.112
0.173
0.33
0.268
0.31
0.552
0.071
0.091
0.466
0.055
0.036
0.137
0.499
0.211
0.587
0.245
0.023
0.058
0.03
0.134
0.125
0.495
0.095
0.23
0.105
0.302
0.111
0.129
0.213
0.047
0.054
0.064
0.407
0.419
0.327
0.581
0.142
0.278
0.025
0.106
0.085
0.129
0.386
0.157
0.12
0.06
0.222
0.063
0.078
0.041
0.056
0.07
0.049
0.714
0.156
0.794
0.499
0.024
0.044
0.329
1.158
0.038
0.309
0.176
0.202
0.066
0.211
0.019
0.215
0.102
0.394
0.076
0.762
0.076
0.04
0.063
1.026
0.087
0.066
0.037
0.466
0.064
0.069
0.069
0.049
0.236
0.053
0.634
0.131
0.047
0.077
0.341
0.256
0.152
0.055
0.021
0.124
0.405
0.082
0.062
0.841
0.142
0.502
0.202
0.363
0.042
0.42
0.113
0.025
0.162
0.076
0.122
0.339
0.093
0.922
0.055
1.171
0.099
0.152
0.865
0.461
0.066
0.054
0.274
0.384
0.777
0.069
0.026
0.934
0.216
0.258
0.206
0.932
0.046
0.173
0.015
0.063
0.262
0.597
0.062
0.199
0.097
0.556
0.078
0.041
0.072
0.021
0.045
0.057
0.085
0.381
0.198
0.087
0.907
0.08
0.021
1.047
1.353
0.149
0.078
0.092
0.307
0.414
0.484
0.384
0.069
1.159
0.079
0.032
0.224
0.035
0.604
1.054
0.181
0.229
0.385
0.036
0.149
0.038
1.228
0.126
0.112
0.471
0.858
0.082
0.13
0.1
0.079
0.215
0.046
0.157
0.036
0.056
0.65
0.062
0.231
1.382
0.023
0.101
0.06
0.455
1.257
0.415
0.22
0.689
0.331
0.017
0.064
0.132
0.423
0.07
0.781
0.199
0.228
0.09
0.062
0.165
0.152
0.877
0.592
1.222
1.444
0.194
0.092
1.165
0.378
0.062
0.158
0.219
0.02
0.496
0.46
0.155
0.083
0.032
0.032
1.466
0.716
0.531
0.35
1.408
1.17
0.037
0.223
0.194
0.054
0.366
0.058
0.94
0.996
0.084
0.901
0.333
0.14
0.227
0.064
0.034
0.132
0.702
0.187
0.203
0.625
0.066
1.235
1.363
0.727
0.323
0.102
0.068
0.165
0.075
0.094
1.446
0.046
0.098
0.094
0.154
0.042
0.886
0.279
0.055
0.925
1.064
1.598
1.142
1.308
0.456
1.393
1.464
0.028
0.421
0.313
0.088
0.075
1.549
0.062
0.135
0.403
0.071
0.494
0.338
0.479
0.284
0.732
0.161
1.46
1.452
0.063
0.166
0.542
0.79
0.024
1.035
0.175
0.131
1.012
0.871
0.167
0.188
1.798
0.062
0.083
0.183
0.207
0.59
1.248
1.429
0.07
0.094
1.701
0.157
0.096
0.091
0.565
0.23
0.224
0.554
0.105
0.731
1.621
0.929
0.068
0.411
0.089
0.305
0.053
0.024
0.029
0.276
0.044
1.185
1.029
0.264
0.059
1.672
0.102
0.086
0.033
0.486
0.042
0.103
0.36
1.554
0.69
0.19
1.463
0.173
0.026
1.338
1.412
0.966
0.346
0.128
0.152
1.265
0.116
0.895
1.78
1.192
0.05
0.249
0.203
0.09
1.603
0.082
0.564
0.314
0.089
0.158
0.621
0.072
0.109
0.029
0.321
0.188
0.037
0.367
0.12
0.225
0.247
0.122
1.632
0.494
0.028
0.198
0.148
0.142
0.233
0.027
1.721
0.072
0.302
0.799
1.855
1.883
0.174
0.458
0.948
0.368
0.046
0.342
0.087
0.126
0.383
1.584
1.624
0.045
0.101
0.139
1.714
1.098
1.145
1.296
0.1
1.193
0.596
0.042
0.295
0.04
0.211
0.307
1.902
0.51
1.495
0.303
0.056
0.205
1.936
0.344
1.123
0.031
0.068
0.189
1.996
1.521
0.086
0.075
0.35
0.119
0.602
0.038
0.135
0.891
0.292
1.601
0.066
0.108
0.472
0.126
0.464
0.054
0.395
0.092
0.459
0.081
0.09
0.022
0.162
0.381
0.196
0.207
0.423
0.33
0.196
0.236
0.219
1.645
0.023
1.707
0.066
0.883
0.036
0.092
1.964
2.206
0.061
0.108
0.043
0.049
1.398
0.39
0.531
0.199
1.438
0.118
1.845
0.204
0.092
0.026
0.515
0.307
0.203
0.125
0.11
0.03
1.73
0.157
0.2
0.056
0.265
1.047
0.324
0.97
0.77
1.404
0.066
2.092
0.211
1.607
0.952
0.129
0.408
1.316
0.092
1.943
0.047
1.78
0.597
0.752
0.161
0.78
0.121
1.737
1.718
0.968
0.441
1.263
0.379
0.208
0.301
1.171
1.769
0.719
1.325
1.133
0.276
0.228
0.018
0.065
0.248
0.375
0.724
0.563
0.596
2.294
1.417
0.074
0.125
0.02
0.142
0.282
0.059
1.461
1.729
0.102
0.035
0.152
1.216
0.078
1.612
1.457
2.104
0.343
0.869
0.222
0.125
0.409
0.703
0.13
0.055
0.042
0.153
2.055
1.732
0.057
0.389
0.044
1.722
1.677
0.315
1.119
0.073
0.05
2.034
1.395
2.086
0.075
0.912
0.264
0.238
0.284
1.669
0.046
1.597
0.137
2.381
0.846
1.237
0.598
0.023
0.151
2.523
2.147
0.046
0.082
0.055
1.868
0.123
0.106
0.483
1.692
0.075
0.038
0.662
1.458
0.045
0.494
0.147
0.037
1.255
1.835
2.194
1.727
1.645
0.028
1.686
0.792
1.064
0.043
0.279
1.786
0.057
0.464
0.256
0.344
0.04
1.811
0.694
1.901
1.23
0.423
1.73
0.357
0.094
0.075
0.388
0.964
2.144
1.192
1.963
0.055
2.299
0.38
0.297
0.368
0.12
0.073
2.684
0.2
0.655
0.111
0.132
0.327
0.16
1.937
0.124
1.392
2.749
0.766
0.076
0.267
0.274
0.047
2.183
2.083
0.092
2.542
0.178
0.066
0.643
0.054
0.093
2.301
0.135
0.198
0.12
1.62
0.018
2.412
1.344
0.061
1.856
0.054
1.878
0.444
0.043
2.365
0.509
0.036
1.22
2.342
2.275
0.229
2.12
0.157
0.096
0.628
0.896
2.397
0.523
0.327
2.67
0.069
0.183
1.804
0.693
1.929
0.246
0.277
2.252
0.05
0.746
0.063
0.08
0.025
2.198
0.037
0.051
0.041
2.275
2.264
0.441
0.774
0.016
0.115
1.286
0.122
0.044
0.058
2.11
1.571
1.919
0.05
0.698
1.284
0.054
1.319
0.14
2.258
0.015
1.204
0.137
1.728
2.566
0.716
0.14
0.04
0.224
0.052
0.671
1.908
1.679
0.309
0.48
1.943
0.047
2.613
0.135
0.139
0.139
0.068
0.155
0.071
1.548
0.169
0.047
2.73
2.027
0.583
0.055
0.117
0.149
0.097
0.093
0.342
0.029
1.248
0.25
0.056
2.126
2.212
0.054
1.799
0.351
0.112
2.129
0.627
0.154
1.502
0.203
0.112
0.068
0.022
0.159
0.03
0.026
0.061
0.919
1.721
0.069
0.153
1.821
1.768
0.678
1.559
0.038
2.043
2.338
0.668
0.024
2.544
0.117
0.071
0.076
1.623
1.563
0.391
1.47
0.262
1.617
0.043
0.029
0.072
1.621
1.695
0.337
0.24
0.023
0.336
0.018
2.64
0.198
2.102
0.09
0.085
0.075
1.5
1.228
1.766
1.56
0.082
0.025
0.75
0.057
2.349
0.041
0.131
1.521
0.074
0.112
1.944
0.238
0.088
0.88
0.671
0.231
1.042
0.044
1.767
0.119
1.357
2.244
0.152
0.024
1.752
1.044
1.257
1.555
0.054
2.874
0.214
0.785
1.432
1.008
2.677
1.451
0.068
0.78
0.08
0.698
0.168
0.166
0.142
1.889
2.688
0.406
0.016
1.42
0.05
2.111
0.164
0.057
0.019
0.096
0.049
2.034
0.365
3.144
2.481
2.948
0.607
1.632
1.985
1.253
0.097
0.082
0.071
0.504
0.098
0.318
0.043
0.098
1.687
1.416
1.596
0.074
0.132
0.836
1.746
1.46
1.825
2.429
0.077
0.539
0.151
2.258
0.238
1.391
0.287
1.282
2.69
0.124
1.274
0.092
0.642
0.069
0.831
0.136
3.016
0.249
0.102
0.047
2.643
0.059
0.093
0.852
0.263
0.069
0.354
0.678
0.076
0.129
1.588
1.767
0.178
0.201
0.101
2.212
1.705
0.149
2.057
2.469
0.036
0.7
0.383
0.12
0.124
1.877
1.589
0.426
0.055
0.467
1.818
2.178
0.354
2.974
0.041
1.202
1.683
0.256
0.037
0.02
0.542
0.223
0.474
0.093
1.747
0.224
1.532
0.2
0.227
0.157
0.028
0.062
0.518
0.084
0.344
0.055
1.894
0.023
0.314
1.105
0.107
0.083
0.383
0.025
0.527
1.517
0.064
0.1
0.094
0.179
1.733
1.466
0.024
0.07
0.034
0.547
0.035
2.428
0.049
0.099
0.572
0.202
1.912
0.044
1.332
1.325
1.365
0.427
0.08
0.07
2.911
3.526
2.576
0.09
0.175
1.56
3.357
3.267
2.023
1.933
0.837
0.246
0.086
0.059
1.186
0.228
1.452
1.151
0.184
0.038
0.064
0.104
0.519
0.057
0.283
1.354
0.994
0.704
0.14
0.169
0.482
1.086
0.072
0.067
0.273
0.077
0.047
0.036
1.447
2.358
2.702
2.066
1.579
0.132
0.168
2.159
3.036
1.858
0.078
0.053
0.028
0.103
1.453
0.83
2.686
0.089
2.658
1.771
0.534
1.094
0.429
2.442
1.543
1.354
0.049
2.087
0.127
0.094
0.067
0.089
0.06
0.1
3.506
0.219
0.031
0.066
0.042
0.231
2.442
0.025
0.022
0.246
0.197
0.025
2.261
0.046
2.42
2.798
0.073
0.062
3.382
0.118
2.003
0.26
0.072
0.111
0.577
0.254
0.474
1.216
0.079
1.943
0.055
0.144
0.15
0.11
0.067
0.579
0.136
0.172
0.799
2.357
2.364
0.339
0.249
0.129
0.797
1.566
2.087
0.175
3.486
0.439
0.438
3.193
0.05
0.059
2.397
0.038
2.262
0.051
1.09
0.046
0.112
0.157
2.171
0.586
0.082
0.302
0.025
0.298
1.3
0.032
0.065
0.071
1.599
0.542
0.04
0.057
1.332
0.288
0.621
3.271
0.024
1.584
1.303
0.15
1.45
0.107
2.457
0.919
1.821
0.295
0.124
0.082
0.05
3.015
0.063
3.322
0.672
2.463
0.362
0.165
1.386
0.121
1.034
1.051
0.968
0.291
2.113
2.319
0.128
0.111
1.667
0.039
0.492
0.224
0.338
1.474
0.938
0.592
3.326
1.562
3.556
0.12
2.176
2.899
0.584
0.135
0.111
1.543
1.794
0.047
3.368
0.073
0.345
0.909
3.017
0.099
0.15
0.182
1.688
0.052
0.087
2.901
2.559
2.065
0.39
1.716
0.116
2.866
0.55
2.261
0.045
3.935
0.048
0.137
0.189
1.204
0.243
0.158
2.416
0.601
1.25
1.948
0.055
0.215
2.029
3.062
2.834
1.974
2.192
0.245
0.838
1.353
0.038
2.091
0.229
0.08
0.023
0.131
0.049
1.943
3.484
0.066
0.172
1.716
0.077
1.859
0.063
0.826
2.113
0.051
0.089
0.135
2.968
0.035
0.669
0.098
0.693
1.786
0.049
0.201
0.065
0.043
1.944
1.036
1.447
1.177
1.017
2.452
1.575
0.052
1.802
0.047
0.74
2.165
0.09
0.141
1.973
0.118
0.076
0.139
0.048
0.307
1.607
0.026
1.487
3.815
0.038
0.069
0.272
1.055
0.068
0.07
3.855
2.105
2.409
0.178
2.932
0.195
3.677
0.478
3.748
0.23
1.497
0.277
0.091
3.361
1.783
0.121
0.153
1.309
0.349
3.109
0.075
1.499
3.408
0.269
1.347
0.187
0.664
0.457
0.04
0.138
0.045
0.259
0.656
0.056
0.08
0.153
0.176
3.723
0.474
0.259
0.239
0.322
0.37
1.602
0.468
0.125
1.993
0.141
2.158
2.546
0.125
0.326
2.565
3.744
3.532
2.658
2.153
0.03
0.054
1.672
2.541
0.043
0.18
0.259
0.022
0.069
2.09
1.993
3.228
0.025
0.128
0.215
1.594
0.266
1.832
0.055
0.16
0.026
0.647
1.732
0.077
0.1
3.5
1.199
0.044
0.053
1.075
0.041
1.117
0.04
2.026
2.189
0.063
0.209
0.134
0.034
0.261
2.926
0.821
0.047
0.042
1.855
0.394
0.75
0.226
1.987
0.456
2.442
0.397
0.07
1.414
0.085
0.177
0.045
0.146
0.069
2.055
1.808
1.661
0.027
0.042
0.089
1.935
0.207
2.487
0.056
0.363
0.025
0.065
1.494
0.419
3.713
0.185
3.268
1.334
0.207
2.307
0.44
0.259
0.583
0.559
2.593
1.312
1.866
0.042
0.609
0.272
2.107
3.667
1.327
0.105
2.253
0.052
0.28
1.346
0.642
1.896
1.498
0.127
0.04
0.29
2.421
0.097
0.086
0.53
0.076
0.224
2.264
2.246
0.129
4.361
0.066
2.468
0.072
1.202
0.331
0.05
1.627
0.08
0.039
0.151
0.063
1.33
0.035
0.056
2.903
2.844
0.12
1.01
0.08
0.074
0.493
0.044
0.135
0.158
1.508
0.487
3.598
0.209
0.086
2.458
1.825
0.153
2.445
1.707
1.982
1.809
0.052
0.052
1.924
2.908
1.213
0.068
0.55
0.139
0.049
0.04
0.076
3.716
0.049
0.023
1.376
0.187
1.912
0.309
0.041
0.136
0.195
2.133
0.099
0.21
1.515
0.16
3.641
0.033
2.55
0.104
1.347
0.118
0.516
0.071
0.063
0.964
1.621
2.145
0.021
0.344
3.444
1.036
1.376
0.178
0.149
3.44
0.527
0.036
0.59
3.295
2.007
2.349
1.067
4.577
0.2
0.068
2.195
4.098
1.866
1.343
1.204
0.122
1.28
4.002
1.646
0.211
0.75
2.153
2.921
0.1
0.307
2.175
2.019
1.735
2.693
0.022
3.562
4.336
0.297
0.055
0.063
0.11
0.266
0.231
1.628
0.219
0.811
1.502
0.815
0.218
1.373
2.353
0.131
1.043
0.485
0.339
1.753
3.222
0.321
0.877
0.146
4.149
1.732
0.037
0.964
0.25
0.25
0.146
0.109
1.683
0.391
2.496
1.93
0.178
0.058
1.833
0.025
0.261
0.031
2.225
2.868
0.063
3.165
2.038
0.24
0.415
0.041
0.19
0.108
0.047
0.094
1.487
3.371
0.063
0.274
3.389
3.488
0.027
0.077
0.05
0.904
2.362
1.793
0.035
0.185
2.437
1.02
1.011
0.128
0.336
0.735
3.199
0.164
0.234
0.1
2.101
0.759
0.056
0.921
0.314
0.065
0.084
0.019
0.069
1.344
4.389
0.034
0.671
0.323
0.071
3.341
2.187
2.302
3.324
1.593
0.289
0.719
0.27
3.42
1.409
2.17
3.007
1.144
0.993
0.348
0.185
2.003
3.58
2.495
0.14
1.428
4.056
0.14
0.432
1.701
2.914
1.87
0.225
0.584
2.764
0.772
0.181
0.16
0.809
0.027
0.312
1.43
2.489
0.131
3.333
0.248
1.684
1.314
0.017
0.48
1.845
0.026
3.631
0.025
0.241
0.067
2.604
0.034
0.258
0.856
2.812
1.667
0.51
1.534
0.018
0.02
2.905
1.645
0.201
0.063
0.527
1.705
0.241
0.151
0.355
1.611
1.401
0.311
0.49
0.213
0.372
0.394
3.001
1.342
0.186
2.577
0.177
0.206
3.38
0.299
0.321
0.082
2.161
0.076
0.083
2.109
0.031
2.863
2.797
1.484
0.156
2.619
2.828
1.053
0.061
0.242
0.13
0.193
5.033
0.067
1.226
3.274
0.115
2.178
0.059
0.055
1.572
0.225
0.622
0.065
1.805
4.314
0.112
4.39
0.064
0.299
1.844
0.293
4.291
0.093
0.07
0.297
0.178
0.604
4.241
0.471
3.384
2.317
0.123
2.755
0.058
0.159
0.328
0.351
0.161
1.518
3.055
2.645
1.953
0.239
0.736
0.045
0.44
2.295
1.707
2.115
0.055
1.641
5.106
2.765
0.414
0.047
0.072
1.8
0.021
1.339
0.093
0.094
0.066
0.022
1.864
3.685
4.538
0.052
0.204
0.415
1.666
0.119
1.402
0.12
2.286
3.996
2.686
0.103
0.054
1.66
0.035
0.3
0.225
0.57
0.305
0.161
0.184
1.131
0.025
3.792
0.039
0.021
3.028
2.52
0.624
0.047
0.602
1.896
2.191
2.963
0.081
1.99
3.61
3.265
0.057
3.112
0.297
0.033
0.145
0.355
3.536
0.189
1.838
2.147
2.948
0.752
4.004
3.703
3.102
0.081
0.604
0.51
1.768
0.282
0.041
1.897
0.033
0.337
2.323
0.101
0.145
0.959
1.447
2.516
4.277
0.089
3.046
1.688
3.442
0.094
0.92
1.975
0.677
2.151
0.14
4.669
0.488
0.484
5.175
0.355
4.499
0.052
0.771
2.151
0.194
0.182
3.802
0.095
0.35
0.387
4.711
1.694
0.177
0.671
0.032
3.414
0.163
0.061
4.877
0.159
1.534
0.765
0.548
0.942
4.154
0.962
3.5
0.039
0.053
0.159
0.074
0.128
0.51
0.032
0.529
0.265
0.26
4.548
0.149
1.06
0.26
0.02
0.5
0.251
3.127
0.031
2.524
0.023
0.044
0.053
0.075
0.015
1.735
0.021
0.073
5.541
3.571
0.111
4.377
2.726
0.397
0.496
4.185
0.624
3.413
1.794
0.271
2.18
0.699
2.66
0.948
0.13
1.469
1.743
0.102
0.185
2.571
0.041
2.062
0.027
0.495
3.014
0.231
0.056
0.057
0.304
4.262
1.35
3.197
0.087
3.604
0.561
0.139
0.402
2.542
0.332
1.715
0.31
1.451
1.456
0.508
0.043
0.118
3.611
0.042
2.746
1.592
0.53
0.081
0.207
1.417
1.905
0.16
0.055
2.996
0.278
0.559
0.072
0.022
0.219
2.224
0.448
1.774
0.229
1.353
2.155
3.164
2.104
0.516
0.162
0.139
0.081
1.707
0.777
0.12
0.122
4.221
1.768
1.898
0.948
3.693
0.038
0.442
0.12
0.666
1.507
1.906
0.587
2.576
2.578
2.041
1.146
3.09
2.425
4.884
3.758
4.233
0.301
0.039
0.031
0.067
4.72
2.581
0.245
1.796
3.92
3.036
2.201
2.492
0.48
3.177
4.582
1.902
1.724
0.541
2.691
0.043
0.02
0.027
5.536
3.012
3.915
2.941
2.207
1.83
0.99
0.12
1.945
4.272
1.644
0.143
0.159
0.04
2.794
0.056
2.258
0.194
0.072
1.73
3.76
0.087
3.549
1.641
2.234
1.147
0.082
2.422
0.049
0.074
2.481
0.1
2.396
1.591
1.794
0.115
0.143
0.271
1.502
0.135
0.033
2.735
0.042
0.115
0.441
2.19
3.552
0.049
0.024
1.184
3.247
3.493
0.15
0.05
1.661
2.076
0.069
0.073
1.59
0.045
0.311
1.771
2.403
0.904
0.226
0.357
1.424
0.121
0.605
4.391
0.454
0.782
0.697
2.16
0.056
0.23
0.312
1.348
2.044
0.043
3.335
0.519
0.16
0.043
1.456
3.229
0.054
4.51
0.296
0.323
0.396
0.077
0.532
0.092
0.32
0.053
0.05
0.244
0.341
2.687
2.461
0.271
0.84
1.663
0.035
0.176
2.029
1.642
0.204
0.68
0.369
0.042
2.181
0.07
3.398
0.185
1.501
0.803
0.621
2.573
2.263
0.523
2.197
0.809
0.027
1.0
0.114
4.419
1.608
3.928
3.609
0.045
3.702
1.691
1.397
2.017
1.196
2.561
3.591
0.077
3.566
3.706
0.618
0.527
0.269
0.646
1.001
0.356
1.335
0.094
0.309
4.015
2.477
0.019
3.735
0.099
0.051
2.022
0.025
5.68
0.182
0.658
0.059
1.572
0.339
0.429
1.599
5.159
0.049
0.159
0.184
0.147
1.817
0.316
0.03
5.317
0.645
0.267
0.131
0.159
4.865
0.137
0.601
0.025
1.288
0.197
0.076
0.095
0.171
3.09
0.023
0.054
1.01
0.009
2.523
2.021
1.493
0.502
2.46
3.848
0.237
4.283
2.021
0.142
0.661
0.03
5.325
0.941
0.06
4.109
0.209
2.755
0.105
1.865
0.102
0.052
0.334
4.053
0.704
0.477
0.256
2.507
1.582
1.681
0.17
0.105
1.568
4.259
1.191
0.403
0.048
0.059
2.402
0.364
0.559
0.548
3.982
1.472
0.034
1.051
1.647
3.511
0.193
1.799
4.14
2.928
4.536
4.267
1.292
0.078
4.904
5.769
4.505
2.041
4.259
0.03
0.054
1.637
0.309
0.037
0.068
2.483
1.747
0.281
0.088
0.018
0.21
0.027
1.551
0.023
0.053
1.131
3.387
3.277
0.082
0.026
1.612
2.541
3.009
2.663
4.004
0.053
4.576
2.807
0.167
2.771
0.044
0.05
5.306
0.172
0.127
4.431
2.72
1.939
0.662
1.094
0.226
0.019
2.723
0.626
0.162
3.956
4.297
2.686
0.043
0.819
0.081
3.139
1.07
1.53
0.044
1.667
2.517
3.189
2.337
2.902
1.24
0.074
0.258
0.209
5.225
0.177
1.337
2.952
0.122
0.781
0.07
0.095
2.095
0.048
0.125
4.682
0.287
0.304
0.167
0.069
0.018
1.951
0.037
2.31
2.318
1.497
0.11
0.058
0.076
0.325
0.16
3.632
0.068
2.029
2.47
0.212
0.281
3.241
2.744
5.053
2.276
0.172
5.287
2.978
0.185
1.782
1.323
5.773
3.073
0.056
2.744
5.922
0.718
4.984
3.083
2.967
0.164
1.909
3.627
0.228
4.868
2.551
3.881
1.162
0.233
0.17
0.27
0.05
0.049
0.128
0.039
1.06
0.142
2.508
1.216
1.267
1.517
0.038
0.029
1.547
0.104
0.109
0.119
0.926
1.922
4.494
2.269
2.224
0.343
0.319
3.282
0.091
2.744
1.285
0.882
2.079
0.22
0.363
4.928
0.283
2.444
0.264
0.143
3.061
1.816
5.273
0.359
0.507
3.498
0.234
0.171
0.947
1.706
2.094
0.195
0.076
0.04
0.163
0.104
0.152
0.107
1.874
2.268
3.92
0.046
0.608
0.013
1.483
1.268
0.409
2.92
4.3
3.598
0.249
2.163
2.109
0.031
2.189
0.522
0.687
1.41
1.582
3.29
0.466
0.501
0.016
0.083
0.372
0.335
0.505
0.55
0.029
2.886
0.378
0.148
0.279
1.309
0.27
0.023
0.722
0.095
5.499
0.092
0.101
3.868
2.256
6.021
1.48
0.718
0.027
1.281
2.946
2.458
6.096
0.151
1.702
4.479
3.447
0.334
2.404
0.041
5.94
0.109
0.184
0.058
0.345
0.274
4.377
0.081
0.039
1.482
2.843
2.988
0.341
1.732
3.815
1.102
3.125
2.897
0.047
1.162
0.111
1.256
2.351
0.125
2.328
0.075
0.245
0.094
4.782
0.081
2.86
2.806
5.312
0.184
1.423
1.451
0.08
0.036
4.419
1.093
2.338
0.054
4.626
0.707
2.349
0.086
0.301
0.348
0.216
1.642
5.949
0.206
0.306
0.092
1.259
0.089
0.122
1.773
0.037
2.806
2.083
2.951
0.049
0.163
1.853
5.57
2.803
0.29
2.104
0.398
0.221
1.056
2.227
5.543
0.903
1.433
0.333
0.127
0.193
0.322
0.067
0.198
0.363
2.166
0.325
1.435
0.303
1.968
0.444
0.203
0.332
3.67
5.006
1.42
2.551
1.44
0.138
1.863
2.275
0.021
1.1
0.161
0.175
1.1
0.342
2.517
0.066
4.191
2.102
1.201
0.049
1.316
2.904
0.12
1.774
0.055
0.134
4.548
0.05
0.089
0.147
0.54
3.356
0.451
1.497
0.416
0.072
5.332
0.328
0.093
0.328
0.099
0.432
0.066
4.114
0.685
0.113
0.607
2.44
0.112
1.322
3.406
1.533
0.341
0.226
1.368
0.348
0.236
0.196
2.031
0.597
1.536
0.048
0.063
2.323
0.121
1.591
0.039
1.793
2.023
0.023
2.292
0.224
0.538
0.104
2.128
0.223
0.295
2.236
2.15
4.764
1.048
0.093
0.031
1.348
1.768
1.977
1.864
0.073
0.896
0.195
0.063
0.778
0.124
5.864
4.092
0.445
0.073
0.079
0.951
1.025
0.46
5.151
0.144
0.219
1.411
0.08
0.038
2.469
0.353
0.26
1.475
5.002
3.821
0.041
6.636
2.023
2.993
0.034
4.998
3.901
2.059
2.198
0.039
0.185
0.068
4.002
1.247
4.611
2.967
3.006
6.062
0.127
0.67
0.119
0.247
2.996
0.042
0.288
4.583
0.407
2.916
0.117
0.035
0.041
0.05
0.293
0.029
3.484
0.685
6.276
0.237
0.042
0.148
2.369
0.192
0.116
0.082
1.45
4.08
1.453
0.181
0.107
4.878
0.028
1.277
1.66
0.196
0.107
1.607
1.854
3.483
0.358
2.25
0.506
1.673
0.182
0.066
0.252
0.263
1.965
3.499
2.648
3.353
5.182
0.651
3.846
0.045
2.429
1.899
3.654
0.591
1.56
0.172
0.17
0.098
0.327
0.247
0.115
0.109
1.335
1.113
0.053
0.982
2.242
1.788
0.057
0.153
0.252
2.361
3.953
0.055
2.545
0.978
0.086
0.323
0.286
0.086
1.507
0.135
1.499
2.932
0.751
0.42
0.27
0.401
1.296
0.073
0.274
0.141
5.395
0.024
3.12
0.668
0.041
0.376
1.961
5.896
0.087
0.35
0.429
0.041
0.036
0.278
0.174
3.945
0.253
4.544
0.615
0.062
0.337
0.707
0.047
5.13
0.092
1.758
2.845
0.065
3.395
0.183
0.396
0.295
1.326
0.319
4.562
2.055
0.053
0.819
1.135
1.914
0.063
6.01
0.445
1.492
0.474
0.13
5.249
0.098
0.5
1.459
0.076
0.036
1.171
0.044
2.486
0.126
0.131
4.449
1.583
0.144
0.046
5.838
0.09
0.225
4.861
1.699
1.049
1.321
0.276
0.201
3.822
0.672
0.459
0.706
5.918
0.065
5.379
0.486
3.228
0.832
0.643
1.241
0.086
0.119
2.3
0.051
0.09
0.206
1.791
0.04
0.043
2.845
2.176
1.82
0.18
0.205
3.02
1.657
0.074
0.095
0.095
0.461
0.519
0.096
2.378
0.091
0.07
2.496
1.328
4.34
1.858
0.459
1.304
0.049
0.052
0.701
4.037
0.061
0.187
0.099
0.097
0.026
1.183
1.739
3.598
0.11
0.123
0.051
1.581
0.105
1.559
1.397
2.429
4.228
4.224
0.855
1.163
1.545
0.299
0.071
0.263
0.22
4.924
0.099
0.033
2.545
0.538
2.821
0.43
0.38
1.217
2.724
0.785
2.645
2.023
1.15
0.354
0.071
0.083
0.107
2.043
2.597
0.027
0.435
4.657
2.195
0.093
3.698
0.315
0.051
0.524
3.527
1.666
1.446
2.385
0.162
2.708
0.086
1.489
2.13
0.752
0.238
0.141
3.081
0.219
2.99
1.738
1.62
0.437
4.086
1.69
0.018
0.443
0.031
2.927
0.129
1.496
1.686
2.203
1.155
2.488
2.668
1.648
5.489
0.051
0.149
0.507
1.246
0.306
3.14
0.074
0.095
2.77
1.45
2.743
0.062
1.883
1.917
2.323
1.016
3.469
1.746
2.347
4.292
3.015
0.062
0.036
1.535
0.06
0.054
0.077
0.08
0.267
0.259
2.567
4.576
3.022
6.378
0.089
0.048
0.029
1.07
0.563
0.067
1.796
0.89
0.128
2.61
1.529
4.05
0.022
3.724
0.065
1.898
5.348
0.081
1.847
2.186
1.848
1.274
0.051
0.641
0.057
1.792
0.511
1.284
0.074
0.191
4.712
1.578
1.491
1.527
0.05
3.161
0.036
7.154
0.995
0.615
0.063
0.085
2.174
1.72
2.289
0.049
0.165
3.042
0.034
2.094
1.921
2.113
0.15
0.776
2.513
2.156
0.346
2.034
0.437
0.368
0.224
1.645
1.72
0.224
3.904
1.204
1.862
0.063
0.036
2.106
0.123
0.236
5.094
1.027
6.346
0.296
0.018
0.062
0.011
3.088
0.157
4.637
0.051
2.056
3.229
0.138
0.069
6.169
2.3
0.441
0.03
0.335
1.279
2.691
2.118
0.141
0.037
0.017
2.917
0.091
0.403
0.053
4.772
0.78
6.43
3.197
3.773
0.048
0.079
0.177
4.762
0.601
0.645
3.607
1.771
0.271
1.228
2.493
0.373
1.152
0.147
0.082
1.519
0.032
5.798
0.918
0.106
0.564
2.367
0.527
0.204
0.475
0.746
1.817
0.136
0.495
0.199
3.319
0.387
0.182
1.36
0.081
1.294
4.437
5.864
0.053
1.122
0.018
0.861
0.13
0.6
0.232
0.038
1.595
0.246
0.1
5.527
1.044
1.755
3.26
0.311
0.072
0.086
1.258
0.072
2.852
3.992
0.045
0.702
0.046
2.477
1.833
4.501
4.42
2.519
1.48
0.66
0.027
3.523
2.205
3.019
0.38
5.411
1.884
0.099
6.542
4.345
2.602
3.9
0.066
2.477
0.049
2.316
0.135
0.055
4.237
0.164
0.271
0.152
0.268
6.695
0.761
5.34
0.117
0.311
0.045
1.677
5.453
2.903
5.375
0.123
0.056
0.268
0.149
0.093
0.091
0.312
2.238
0.434
2.323
2.735
2.563
3.402
0.234
2.163
0.052
1.439
0.054
0.986
0.272
0.551
0.099
5.003
0.611
0.163
3.811
0.445
0.151
0.085
0.167
0.079
2.324
4.588
0.051
2.654
0.165
2.817
1.04
1.352
1.179
2.364
2.374
0.059
4.289
0.309
5.673
2.68
0.647
0.059
2.315
0.055
0.068
0.7
0.134
1.421
1.867
0.044
2.442
0.164
1.123
2.869
0.054
0.236
1.742
2.791
2.658
0.455
1.601
1.872
2.62
0.046
2.176
1.83
1.713
1.141
3.031
0.025
0.661
4.581
0.055
1.516
2.017
5.798
0.082
3.907
1.57
1.173
0.278
3.137
1.738
2.849
0.436
1.74
1.59
6.1
2.018
0.216
1.921
4.998
1.975
3.618
2.436
0.035
1.628
5.174
0.059
0.123
1.596
0.154
0.03
0.923
2.615
1.636
0.337
2.607
0.163
0.238
1.355
1.642
0.341
0.134
0.071
0.251
4.206
1.189
1.095
2.344
0.04
0.115
1.774
2.695
2.391
0.045
1.785
0.153
0.057
2.75
2.28
5.784
0.056
0.093
0.459
0.247
0.089
0.063
3.268
0.639
0.202
1.95
2.525
2.529
0.102
0.096
0.414
0.95
2.793
0.06
0.327
0.274
0.482
0.083
0.073
1.504
0.065
4.072
0.73
2.111
0.415
0.103
0.043
0.543
1.824
0.019
1.78
1.13
0.042
2.007
1.002
0.08
0.669
0.299
0.1
1.6
0.079
0.299
0.046
1.56
0.151
2.397
0.379
3.223
2.285
5.47
1.666
0.303
1.939
0.188
1.809
5.809
0.315
1.844
1.696
0.041
0.089
0.146
0.045
0.949
1.446
2.774
0.137
0.888
1.526
3.378
4.237
1.363
5.205
0.258
1.481
0.056
0.588
3.032
0.17
0.446
2.439
4.621
2.204
3.445
0.087
0.057
1.631
1.265
0.094
0.284
0.145
4.993
1.524
1.589
1.6
1.585
2.29
1.429
4.876
1.898
0.142
0.159
0.024
1.682
0.038
0.171
0.029
1.667
0.024
0.049
0.042
2.256
0.199
0.149
0.084
0.129
2.806
0.018
0.067
0.041
1.18
3.739
0.082
0.286
0.577
3.028
0.659
4.462
0.815
1.944
0.141
1.631
2.049
0.506
0.984
0.762
0.058
0.1
0.322
1.568
0.129
0.091
0.241
0.384
0.061
0.139
2.422
1.443
5.393
7.089
2.783
0.131
0.29
0.687
1.881
4.885
0.022
0.066
1.283
1.642
0.285
0.07
4.39
1.971
4.56
0.361
5.589
5.261
2.282
1.337
3.989
3.32
0.183
1.41
2.757
0.808
0.393
0.189
0.1
0.782
0.091
2.328
0.388
3.942
1.78
0.229
2.357
0.862
1.559
0.046
0.845
0.538
5.876
7.27
1.488
1.099
0.58
0.25
0.109
1.325
0.282
0.568
0.574
7.518
1.807
0.15
0.093
0.109
1.308
0.449
1.665
0.044
0.467
4.928
0.154
0.308
0.907
1.758
2.711
1.359
0.175
0.061
4.771
1.274
2.608
3.113
0.363
0.05
0.086
0.104
0.028
6.699
2.557
1.006
0.051
1.112
0.069
0.202
0.773
4.168
0.171
0.622
0.177
1.715
2.186
0.399
3.679
4.069
0.233
0.341
0.417
0.579
1.636
0.303
0.022
0.059
0.14
1.036
4.421
0.082
7.052
0.745
0.568
0.289
0.05
1.486
1.367
2.689
0.461
0.381
2.133
3.828
0.068
0.082
0.055
0.269
1.985
0.124
2.255
0.056
1.037
0.177
0.172
5.776
0.085
0.036
0.084
1.611
0.063
0.056
0.254
0.568
1.194
0.338
3.199
0.042
3.885
1.309
3.072
0.083
1.1
0.649
0.879
1.356
2.535
0.326
2.324
0.03
0.174
0.422
4.647
0.033
4.179
0.224
2.034
0.072
3.467
1.17
0.122
0.083
4.95
0.103
1.839
1.898
1.529
0.185
3.671
2.161
0.039
0.073
0.072
1.32
2.135
2.082
2.657
1.6
0.064
0.092
0.081
2.519
4.113
1.766
1.898
0.118
0.295
0.162
0.161
0.04
0.167
0.109
0.029
0.154
0.169
0.032
0.041
0.398
0.247
3.103
0.415
1.186
7.746
1.914
0.123
0.254
0.063
0.183
0.487
0.216
1.434
4.003
0.063
0.04
1.22
1.863
0.117
2.05
1.718
0.017
1.709
0.142
0.041
0.499
2.75
0.239
1.759
0.034
5.042
0.189
0.074
6.538
6.896
1.577
0.069
0.05
2.614
0.493
0.417
0.101
0.325
0.165
0.269
1.452
0.024
3.379
0.092
0.317
1.558
0.202
0.038
3.891
0.061
1.487
0.055
1.863
0.212
0.165
0.299
0.099
0.016
0.082
0.224
0.184
0.818
0.886
0.386
0.373
0.407
6.567
1.229
1.49
0.091
2.96
1.096
0.016
2.789
2.049
3.243
0.283
3.385
0.48
1.458
0.225
1.388
0.072
0.429
2.945
0.025
0.029
1.625
0.187
3.392
0.26
0.089
2.186
4.169
2.367
4.161
1.108
2.306
0.895
0.129
0.084
0.024
1.645
1.644
1.22
0.238
0.646
0.219
0.136
1.589
0.047
0.194
0.582
0.088
0.167
2.862
0.175
0.11
3.845
1.905
1.427
2.022
0.092
5.004
2.159
1.311
3.301
5.268
0.203
5.445
0.073
0.137
2.144
3.18
0.155
0.551
2.628
1.965
0.194
0.06
0.029
3.911
0.066
4.12
0.259
0.204
1.682
1.688
0.67
1.883
4.92
1.018
0.291
0.232
1.717
1.659
2.01
0.101
0.213
5.13
0.236
0.094
0.075
1.42
0.052
3.364
0.076
0.396
1.045
0.06
8.624
8.44
0.148
0.355
0.154
3.108
0.716
0.023
0.033
1.547
0.182
0.188
0.037
0.217
3.948
0.35
0.246
1.517
1.116
3.803
1.152
0.135
0.032
0.075
0.034
1.655
2.043
1.356
1.413
0.188
1.504
0.33
0.08
0.235
0.542
1.879
3.0
0.129
0.039
0.378
0.205
1.83
1.516
5.526
0.381
0.318
0.258
0.13
0.036
0.816
0.22
1.339
1.239
9.22
3.907
2.321
3.666
2.954
1.916
3.074
3.659
1.454
1.3
1.683
0.187
0.519
4.252
0.45
1.585
2.82
0.311
0.053
3.118
1.777
0.198
3.824
0.143
0.056
1.636
0.041
0.221
1.244
0.081
0.288
2.345
7.856
0.843
0.201
0.373
2.499
0.573
2.218
2.048
1.885
1.543
1.838
2.351
5.466
0.052
4.673
0.114
0.042
0.086
1.392
0.394
4.041
0.073
2.027
3.493
0.646
6.808
0.288
1.058
0.991
5.574
3.566
0.113
1.376
0.273
0.158
0.114
5.351
1.629
0.059
0.136
2.387
2.056
0.169
1.597
0.067
2.258
1.417
4.231
1.237
2.43
0.026
5.209
0.038
0.051
0.043
1.242
0.063
6.128
0.22
5.639
1.622
1.069
0.78
0.044
5.383
1.112
1.195
4.055
5.079
4.402
1.229
0.183
1.478
0.208
0.037
0.094
0.017
4.343
0.086
0.246
0.234
0.129
3.103
1.228
0.117
2.875
3.59
2.442
0.129
1.343
1.263
1.317
0.129
7.134
0.344
0.122
4.573
4.23
0.167
3.05
3.793
1.488
0.171
0.029
0.061
0.268
1.676
0.177
0.081
0.049
1.345
1.857
0.077
0.012
0.107
1.718
5.935
0.361
0.134
2.317
0.793
0.312
1.42
0.097
1.372
3.632
2.721
3.271
2.512
0.081
0.107
2.319
0.05
0.096
0.194
0.287
3.049
1.072
0.036
0.187
3.029
0.057
0.236
1.567
0.042
0.2
1.67
4.337
0.19
2.829
0.165
3.031
3.07
0.035
4.851
7.636
0.698
1.55
0.117
0.054
0.344
0.348
3.786
3.221
2.487
0.152
0.012
0.768
0.217
1.623
1.877
6.941
0.026
0.031
0.046
0.601
0.411
3.119
1.694
0.425
1.631
0.398
1.055
0.05
0.109
0.729
0.035
0.036
0.116
0.012
7.473
2.187
0.209
0.095
2.058
3.834
3.1
1.942
3.881
0.128
0.317
2.846
0.139
0.207
0.086
0.066
0.164
2.691
3.458
1.47
0.309
0.051
0.593
0.717
0.059
0.144
0.111
0.029
0.047
1.982
1.306
0.467
0.232
1.43
2.178
0.152
1.302
7.885
3.485
0.264
0.136
0.064
4.65
0.124
0.847
0.132
0.156
0.658
3.885
0.122
0.42
0.202
1.204
1.373
0.447
1.545
1.372
0.094
8.145
7.356
0.871
4.68
0.162
0.115
0.726
0.945
0.665
0.193
0.116
7.919
2.447
0.081
0.173
3.12
4.331
0.396
4.478
0.563
6.485
6.078
1.916
0.049
4.301
2.047
4.3
6.885
3.243
0.424
0.472
0.094
0.232
2.495
0.221
0.074
0.022
0.099
1.978
2.256
2.685
1.863
2.614
0.072
3.115
0.181
0.046
7.536
3.995
1.367
1.358
4.735
1.897
1.88
0.487
4.455
0.125
0.232
1.963
0.472
1.326
1.351
0.081
1.761
0.044
2.482
2.989
0.049
3.34
4.632
3.655
0.044
0.089
1.205
0.56
2.855
4.404
0.699
0.627
3.714
0.081
2.967
2.505
0.803
1.407
0.021
1.675
0.032
3.631
7.271
1.317
0.115
0.35
2.928
0.305
2.231
9.643
0.073
0.174
0.218
3.315
0.163
9.19
2.434
0.093
3.788
2.68
7.755
2.171
0.123
0.134
2.659
0.088
4.7
0.038
0.076
0.047
0.529
2.198
0.226
3.519
4.78
2.194
0.241
0.186
0.117
0.069
0.104
1.239
0.027
1.403
1.389
1.07
1.481
0.069
0.047
3.734
0.062
2.461
0.058
2.217
0.291
3.123
0.176
0.574
1.528
0.037
0.241
0.09
0.054
0.29
0.157
2.984
0.166
0.296
2.356
0.346
0.071
0.527
0.27
1.706
0.267
0.061
3.562
0.083
4.131
1.372
0.112
3.203
3.006
0.076
0.439
2.111
4.633
1.465
0.112
3.241
2.091
0.436
0.117
3.932
0.019
0.045
0.851
0.034
0.124
0.424
2.819
1.778
2.29
1.575
1.912
0.519
3.081
3.378
1.667
0.024
1.64
1.997
0.067
0.365
0.089
2.97
0.094
0.146
0.269
5.757
0.446
0.102
7.606
0.094
0.158
0.129
0.238
4.22
2.426
0.107
0.015
3.269
0.279
0.238
1.417
7.548
0.98
0.084
5.877
0.17
0.675
0.038
0.236
0.179
0.052
0.192
0.217
3.881
1.51
1.498
0.306
1.205
3.663
0.239
0.041
3.801
2.033
0.05
0.16
0.049
9.853
1.116
0.053
4.603
7.449
0.028
0.256
4.303
4.335
1.92
1.664
0.134
3.654
3.824
0.052
2.225
0.354
0.946
2.479
1.608
0.07
1.434
0.041
0.531
0.191
3.475
4.275
0.066
0.112
0.206
0.559
4.722
0.106
0.192
1.274
5.182
0.271
2.044
2.588
0.079
0.047
0.225
4.482
1.168
0.182
7.324
1.985
3.75
1.981
0.488
0.392
3.326
3.415
3.263
2.483
1.201
1.008
0.07
2.903
0.635
0.212
2.351
0.094
0.179
0.73
0.092
1.489
0.057
0.119
7.128
0.067
2.309
2.211
2.022
0.048
0.21
1.878
2.27
0.174
0.037
1.805
0.755
0.039
2.33
2.148
0.84
0.059
1.155
2.908
1.874
1.788
0.424
0.08
0.368
0.025
0.484
1.049
1.548
0.966
1.605
0.204
0.806
1.8
0.276
0.059
3.028
0.616
0.04
1.374
0.064
0.099
4.052
0.13
4.078
0.078
0.856
0.091
1.22
0.555
0.367
0.344
0.025
0.428
0.449
0.097
0.565
0.854
0.11
0.03
1.51
1.576
0.042
0.374
4.01
0.061
0.032
3.09
0.048
1.13
1.171
1.573
0.222
3.84
1.701
0.777
0.048
2.265
1.995
3.353
0.362
3.047
7.181
4.055
1.918
1.566
0.116
0.178
1.908
0.789
2.744
0.074
0.026
3.009
0.184
2.692
1.485
0.056
0.129
6.057
2.288
1.581
2.333
0.047
0.044
0.188
1.253
0.721
3.913
0.081
3.844
0.038
0.033
1.908
0.039
1.302
1.774
0.27
5.894
0.383
1.275
1.032
1.116
0.024
7.69
0.097
3.06
3.124
0.421
0.935
0.808
0.065
3.914
0.412
0.065
1.761
0.305
4.016
1.946
0.12
3.968
0.085
0.025
1.275
0.326
0.155
0.168
0.568
0.285
0.088
0.385
0.043
2.163
0.14
3.578
6.559
1.638
0.237
3.676
1.716
0.166
0.166
0.123
0.424
0.264
0.038
0.813
5.76
1.4
0.213
1.432
4.538
7.184
1.24
2.276
1.898
2.508
0.046
2.638
7.687
0.152
3.174
0.797
0.031
0.048
0.065
1.079
0.038
0.312
0.199
1.368
0.03
0.097
0.054
0.04
1.522
0.086
1.699
0.109
10.408
0.1
0.109
2.594
3.517
1.329
4.692
2.99
2.718
1.874
0.135
0.172
0.441
2.074
0.436
0.055
3.477
0.256
0.937
1.117
0.952
0.055
1.686
3.16
0.074
0.029
2.296
0.174
2.046
0.953
0.054
0.026
4.495
0.116
0.669
0.975
0.424
0.786
0.529
2.903
0.295
0.135
0.055
0.061
9.205
1.33
0.128
0.224
8.793
0.072
1.936
0.082
0.393
0.105
1.708
1.157
0.408
6.916
2.612
0.246
0.331
2.965
2.182
3.128
2.066
2.441
3.414
0.041
1.164
2.678
0.076
3.2
1.846
0.176
5.434
2.799
2.167
1.61
0.186
7.364
8.227
0.273
0.046
1.905
0.076
1.809
0.066
3.631
0.436
0.098
3.212
1.395
2.236
1.429
0.728
0.068
3.46
1.364
0.041
0.038
0.073
3.989
0.122
0.83
0.012
0.062
0.046
0.072
0.034
0.312
0.071
3.272
3.23
2.236
0.108
0.269
1.831
0.041
0.695
0.021
0.116
0.061
1.055
1.701
0.686
0.378
3.755
1.796
0.886
4.823
0.092
1.778
0.155
2.149
0.102
6.765
0.124
2.226
0.429
0.029
0.031
2.932
1.159
4.509
1.243
0.203
0.067
0.135
5.153
2.461
3.502
2.324
0.057
5.185
3.126
0.254
0.993
0.091
5.514
1.751
0.075
0.134
0.263
0.271
1.641
4.729
0.381
1.176
6.404
1.179
0.053
2.089
0.147
4.218
0.548
1.622
0.41
0.339
0.021
1.521
1.404
1.327
2.065
4.002
0.81
1.675
2.851
0.217
1.295
0.05
0.076
1.438
1.24
6.02
2.316
1.521
2.056
2.204
0.696
0.679
0.347
0.05
0.148
5.602
2.794
2.131
2.001
0.034
4.951
0.043
0.271
0.14
1.973
0.221
7.362
1.806
1.332
4.102
2.779
0.333
0.489
1.676
2.035
0.24
0.129
0.075
0.056
0.126
1.125
0.93
1.109
1.694
0.745
0.15
1.38
0.024
1.693
4.266
0.067
1.893
4.834
0.292
6.266
4.061
0.178
3.113
2.182
0.237
0.278
0.155
2.947
2.943
2.343
0.546
3.242
0.057
1.357
0.39
0.316
0.36
0.132
2.605
0.095
0.215
0.353
0.067
0.095
2.82
1.532
1.867
0.106
2.482
0.058
2.472
0.087
2.255
1.552
0.099
0.106
0.271
0.054
1.352
2.96
0.261
2.3
0.303
1.607
0.03
0.045
0.323
1.521
3.942
0.318
0.047
0.272
3.738
2.109
4.695
0.101
1.704
0.525
0.189
0.107
0.065
0.025
0.133
6.774
0.23
3.497
0.481
2.024
4.927
4.43
0.05
1.307
3.497
7.341
3.319
0.1
1.847
0.337
0.149
3.676
2.33
4.755
3.159
1.372
1.75
0.159
2.054
0.812
2.304
0.105
0.332
0.537
3.727
0.053
1.543
1.447
0.169
0.414
2.915
0.029
1.773
0.158
2.32
0.05
0.059
1.751
2.519
0.244
7.178
0.045
1.525
0.263
4.796
0.07
0.705
0.105
0.188
1.081
0.174
1.665
0.132
3.664
1.697
0.148
1.716
4.51
0.397
6.135
0.084
1.817
0.181
3.804
3.007
0.418
0.519
0.148
0.553
0.043
0.626
2.308
0.119
0.212
4.76
2.282
3.278
0.06
0.129
2.422
0.057
0.079
1.23
2.581
0.028
0.234
0.586
6.59
4.422
1.601
0.021
1.61
6.79
0.128
0.098
1.263
0.868
2.731
2.162
1.204
0.055
1.921
0.194
0.082
0.136
0.838
1.785
4.106
0.074
0.04
0.249
0.048
2.181
1.894
3.842
4.481
0.512
0.115
0.695
1.585
0.047
0.222
2.067
1.581
0.076
0.558
1.325
0.09
2.994
1.851
0.095
0.127
0.052
0.071
1.242
0.022
0.346
5.512
0.023
3.33
2.209
0.035
0.082
0.534
0.085
3.582
5.366
2.052
0.111
0.272
0.336
5.57
0.63
0.212
7.462
0.569
0.398
11.022
0.039
0.171
1.128
3.69
0.052
0.083
0.033
3.271
0.176
0.164
1.622
3.164
0.466
2.554
0.796
1.464
0.251
0.568
4.709
2.322
1.809
2.898
0.6
1.468
0.709
0.436
2.323
1.504
2.176
0.13
0.064
1.414
0.058
0.124
0.263
0.067
0.2
0.393
0.431
0.099
0.573
0.059
3.934
0.08
1.979
2.176
1.817
3.218
7.663
0.755
1.045
0.762
0.047
3.591
0.139
1.645
2.35
1.689
0.077
0.343
1.695
0.245
0.089
0.109
0.185
0.133
0.144
0.1
2.407
1.627
0.447
2.973
6.667
5.155
6.748
4.301
5.589
2.24
0.156
0.129
0.549
0.634
0.222
0.766
3.584
0.349
1.546
1.877
4.609
0.035
0.496
0.052
3.703
6.326
6.717
0.074
0.019
0.353
8.034
0.206
0.041
0.073
0.836
5.564
0.036
0.025
1.558
2.55
0.073
2.094
0.247
2.285
5.089
1.588
4.343
0.055
0.204
0.111
1.699
0.121
0.261
0.595
3.705
0.217
1.739
5.022
0.051
0.386
1.64
0.108
4.903
0.188
4.008
3.854
3.155
11.411
1.835
0.036
3.425
0.127
0.038
0.095
4.328
0.116
9.001
0.121
2.23
0.054
0.4
1.791
0.251
5.515
1.58
0.19
0.455
2.29
1.721
0.049
0.129
1.884
2.912
0.382
1.431
1.044
1.4
0.193
1.412
1.756
0.039
1.251
0.213
2.042
0.328
0.122
2.512
3.879
0.441
1.512
1.614
1.921
0.126
1.025
1.555
0.761
0.551
3.302
2.544
0.33
0.091
4.236
0.305
1.929
2.629
0.278
1.506
0.049
0.045
2.015
0.255
0.747
2.035
0.217
1.643
4.528
4.903
4.327
5.575
2.081
3.901
5.3
0.012
7.225
0.143
0.191
0.013
2.822
1.619
0.068
0.047
4.562
0.021
0.136
3.066
0.16
0.242
1.793
1.917
0.081
1.66
3.864
0.046
0.27
0.277
2.404
0.639
0.065
0.016
2.213
0.204
0.388
0.09
0.023
0.27
1.418
0.186
0.034
4.443
6.233
1.044
0.243
0.018
0.078
1.85
2.384
2.094
2.309
0.052
1.298
3.889
0.323
1.992
0.496
1.972
0.702
2.21
0.303
1.803
1.495
1.568
0.445
2.839
1.806
0.582
0.213
0.098
0.317
3.464
0.055
2.513
0.096
2.895
1.751
0.455
0.46
1.294
0.106
0.253
0.042
2.522
1.832
0.209
1.414
0.024
1.38
1.436
1.29
0.215
0.099
0.023
1.617
0.035
2.674
0.013
2.483
0.068
0.023
2.183
2.784
1.339
1.581
0.209
0.227
1.797
2.197
0.022
3.84
2.721
0.062
0.366
0.109
0.154
1.117
1.061
0.057
0.104
1.142
2.05
5.042
3.311
0.095
0.442
0.044
0.075
1.827
0.089
0.103
0.11
0.032
4.354
0.081
0.284
0.022
0.102
0.488
1.68
1.686
2.489
0.163
0.119
1.989
0.072
2.223
1.77
1.886
0.063
0.112
1.046
1.019
2.934
3.103
0.562
1.921
0.048
2.609
0.251
0.241
0.068
0.954
0.104
1.719
2.171
2.107
6.267
2.407
0.028
5.172
1.277
0.249
0.485
0.272
0.295
2.101
0.142
0.278
2.229
0.056
0.06
2.535
1.89
2.914
2.988
0.978
0.82
0.04
0.244
0.387
3.02
0.217
1.441
0.044
1.331
0.257
1.602
0.224
0.025
2.431
3.606
4.947
2.256
2.441
0.317
1.838
0.049
2.155
2.116
0.022
2.914
2.98
2.16
0.032
0.094
2.067
0.025
2.614
3.361
1.734
6.22
0.68
4.533
1.944
0.105
0.054
2.718
1.244
0.084
0.078
0.032
6.46
2.317
0.021
1.901
2.406
2.54
0.126
0.046
4.982
0.906
3.428
5.129
0.665
1.302
0.078
2.71
2.823
4.142
0.635
2.334
2.005
0.106
0.065
0.536
1.662
3.447
0.131
1.535
0.811
0.763
0.174
0.022
0.036
0.134
0.14
2.187
1.654
0.118
0.086
0.248
0.093
0.114
0.988
3.697
1.177
0.036
0.224
0.108
0.514
0.09
1.622
0.029
1.693
1.737
0.645
0.051
2.468
0.264
0.397
0.067
0.054
3.126
0.128
2.602
0.656
0.212
5.044
0.119
1.252
0.281
0.064
2.669
1.63
3.906
1.148
0.114
0.099
4.693
0.051
0.088
2.185
2.444
3.104
1.214
0.12
0.077
0.534
0.33
5.779
0.894
0.227
0.548
0.299
0.053
0.064
2.39
0.094
0.197
3.764
7.929
0.025
0.089
1.388
0.04
0.296
0.07
1.782
0.746
0.032
0.716
0.269
0.216
2.645
1.224
0.568
2.442
1.862
0.085
0.219
1.532
0.205
0.01
0.261
0.245
1.966
0.345
1.522
1.566
0.062
0.035
0.312
0.067
3.466
0.047
0.129
0.043
1.067
2.715
0.042
0.02
3.656
7.855
1.439
0.032
2.197
0.161
0.011
0.22
2.651
0.15
0.144
2.037
0.28
0.407
0.231
0.031
0.184
2.032
1.519
0.173
0.138
0.119
0.279
2.74
1.935
0.448
0.082
0.596
4.724
0.564
0.034
0.153
1.295
3.625
0.19
0.036
2.207
1.756
0.082
0.284
0.611
0.814
0.063
1.669
1.535
2.913
3.645
0.044
0.036
0.169
1.063
0.083
1.63
0.075
0.109
2.274
6.484
2.316
7.416
0.147
0.228
0.373
3.707
0.822
0.045
2.753
0.358
2.305
1.771
0.107
1.921
0.63
0.179
0.116
4.378
1.233
0.705
0.107
0.141
0.098
0.072
0.074
0.195
2.292
0.061
0.094
3.469
2.321
0.237
0.933
4.667
0.147
0.038
2.137
0.078
0.091
0.523
0.398
0.163
2.16
0.136
2.441
2.11
0.047
7.882
0.03
0.231
0.088
0.08
1.496
0.505
1.828
3.101
3.819
0.575
3.904
0.081
0.67
7.612
2.747
0.043
1.849
0.056
2.175
0.899
1.863
3.86
0.076
0.171
1.568
4.64
0.017
1.09
0.335
0.401
3.325
0.248
4.483
1.771
0.044
0.726
4.293
0.139
0.08
2.199
1.432
3.416
2.296
0.194
0.933
0.058
0.05
3.995
1.203
0.646
0.232
0.035
0.549
0.07
1.625
3.207
0.073
0.08
0.12
0.111
0.031
0.584
0.764
0.043
0.756
2.396
2.329
0.023
1.704
0.092
0.059
0.684
0.627
1.938
0.143
1.578
8.284
1.98
0.07
0.038
0.083
2.376
0.23
0.312
3.684
1.455
0.142
1.58
2.994
0.111
2.274
0.087
0.068
0.047
0.257
2.124
4.352
2.877
1.461
0.286
0.21
2.656
7.116
1.166
1.368
1.631
0.048
1.771
0.895
5.832
0.031
1.342
0.042
0.179
1.914
0.037
0.734
1.85
1.34
2.023
3.112
3.364
2.211
0.199
0.112
0.954
1.83
0.255
0.091
0.09
2.382
0.162
0.337
1.138
1.114
1.152
0.048
0.376
0.389
0.266
0.093
0.283
1.834
0.669
0.087
0.336
2.719
0.51
0.058
5.191
2.956
0.037
5.028
0.426
0.262
3.247
0.203
0.057
0.464
0.046
0.07
0.015
1.245
2.666
0.033
0.038
0.061
0.018
0.15
0.114
0.064
2.426
2.629
6.79
0.285
2.67
0.235
0.522
1.563
0.057
1.673
3.343
3.848
4.889
2.708
1.406
0.749
0.103
0.088
0.153
1.908
3.45
3.241
1.233
3.073
1.753
0.502
1.898
2.115
2.122
0.098
2.558
1.798
1.501
5.48
0.028
4.93
2.445
0.049
0.095
0.088
1.459
0.089
1.448
1.118
1.261
1.411
0.261
1.71
6.756
0.377
1.13
0.09
2.467
0.164
1.32
6.084
2.026
0.265
1.491
1.301
0.182
0.852
0.746
4.167
0.934
0.085
1.023
5.324
1.115
0.038
1.274
0.023
0.064
3.831
1.918
2.473
5.911
3.041
0.127
5.279
1.135
2.691
1.451
0.293
0.306
0.931
0.101
0.291
4.259
0.51
0.151
1.275
3.578
2.588
1.424
0.311
1.93
3.027
0.176
0.031
0.055
0.175
1.681
1.466
4.227
2.293
0.105
2.289
0.101
2.911
0.094
1.178
0.09
0.027
1.744
0.046
1.033
3.472
1.743
0.099
1.091
1.466
0.997
0.043
0.591
1.706
1.579
1.512
0.04
0.521
2.312
3.554
2.888
0.111
0.064
0.27
0.607
2.456
0.06
0.089
2.03
1.921
0.274
0.151
0.124
0.966
0.357
0.061
3.357
0.07
0.5
5.115
0.468
0.63
5.61
0.972
0.057
4.333
0.341
0.804
0.042
2.712
0.357
3.303
12.473
5.518
0.106
0.128
0.105
2.382
0.301
0.057
1.457
5.489
0.141
6.61
0.168
0.123
2.097
5.271
5.048
1.294
3.918
3.563
0.071
0.04
0.055
0.163
2.233
3.414
0.954
0.719
0.467
1.543
0.095
0.042
0.557
0.085
1.097
3.274
6.626
1.76
1.791
1.663
0.285
0.261
2.209
0.361
0.067
2.096
4.023
0.392
0.07
0.445
0.323
0.241
0.28
0.161
0.043
0.364
3.775
3.662
0.48
0.059
0.361
0.576
0.246
5.061
3.188
0.081
0.201
1.431
0.42
1.2
1.938
0.229
0.113
1.478
2.54
5.804
3.414
1.409
0.023
5.644
0.086
0.306
5.276
2.088
0.071
3.018
0.025
0.084
3.14
4.65
1.495
0.038
2.333
1.969
3.213
0.049
2.061
1.101
2.358
1.911
1.081
0.076
0.104
0.068
0.138
2.918
7.236
0.062
0.02
0.071
0.11
1.236
0.452
0.096
0.943
1.404
0.256
1.563
0.085
4.87
0.068
7.213
0.086
0.1
1.701
3.675
3.283
1.595
0.483
3.875
0.377
0.103
0.052
0.275
1.105
3.629
0.129
1.415
1.438
0.144
0.297
0.021
0.216
2.986
1.386
0.121
4.879
4.374
3.322
0.609
1.523
0.357
0.035
8.301
1.28
1.468
0.224
2.124
2.092
0.078
0.762
0.44
7.024
2.312
2.806
1.791
2.058
0.024
3.648
4.598
2.191
0.06
0.19
2.084
1.446
1.081
0.992
0.111
3.095
0.049
1.034
2.052
0.801
0.117
0.035
1.515
0.3
0.258
1.104
0.097
4.737
0.347
0.049
0.082
8.275
6.176
0.132
0.055
0.042
0.093
5.249
1.786
1.792
3.863
0.215
0.313
0.343
0.084
1.683
1.57
0.052
1.359
1.812
0.464
0.062
2.818
2.775
1.93
0.112
2.543
3.31
0.165
4.413
6.018
3.054
3.785
1.583
3.219
4.045
5.776
5.415
0.273
3.46
1.67
0.057
0.319
0.451
0.543
0.095
3.159
0.711
0.042
1.544
2.137
0.722
2.901
0.049
0.142
0.242
0.329
0.099
1.541
0.386
0.218
2.891
0.467
6.337
0.322
1.76
0.13
0.079
0.082
3.854
0.141
0.141
0.784
0.137
0.058
0.187
0.215
0.476
1.093
4.353
8.274
0.336
3.169
0.212
0.048
0.146
0.096
2.101
1.004
0.099
1.684
1.491
0.163
2.061
2.199
0.133
0.018
3.561
0.046
2.873
6.109
0.303
2.325
3.313
0.196
3.488
1.102
0.168
0.453
0.061
1.744
2.514
0.53
0.481
4.431
2.636
1.808
2.069
5.513
0.804
1.719
0.061
4.226
2.04
0.123
0.133
0.11
1.923
3.561
1.759
1.688
1.815
0.076
4.367
5.238
3.26
1.539
0.421
0.455
0.348
10.638
3.745
0.915
0.138
2.099
3.318
2.684
4.909
0.1
5.725
0.024
1.35
0.21
0.251
0.086
0.188
0.321
5.298
0.078
0.051
1.623
0.17
1.771
3.131
4.592
0.147
2.68
3.044
3.169
0.078
0.083
0.258
0.073
0.046
0.132
0.095
0.943
0.049
0.316
0.324
0.494
5.771
0.134
0.036
0.342
0.028
0.049
0.638
0.059
7.453
0.059
0.06
2.096
0.075
7.354
3.932
0.031
4.514
0.292
0.072
0.227
2.446
1.779
0.335
0.125
2.653
0.133
1.876
0.408
3.854
0.854
1.737
9.29
0.027
0.167
1.271
0.456
0.026
2.199
0.019
0.132
1.25
0.629
0.049
1.869
0.203
0.061
2.146
0.774
0.186
1.761
4.783
0.046
5.301
0.039
0.502
0.027
0.099
0.048
1.626
0.035
0.134
0.143
0.029
0.125
0.392
13.726
1.471
3.291
0.036
0.027
4.05
1.49
4.256
0.035
3.467
0.07
3.108
0.405
2.555
0.197
1.41
0.022
3.25
0.627
0.283
1.64
1.383
0.084
1.437
0.33
0.029
3.393
7.85
2.271
0.291
0.033
0.082
0.066
1.317
2.422
0.269
0.588
2.442
1.679
0.404
0.034
0.146
1.455
0.539
0.287
1.64
0.084
0.357
2.104
1.533
0.034
0.626
5.417
4.424
2.602
2.002
0.319
1.823
1.479
0.038
0.604
2.207
0.018
0.924
0.116
0.067
0.131
6.479
0.057
0.087
0.139
3.531
2.055
2.594
2.653
1.644
6.339
6.831
0.092
1.26
0.085
0.857
2.056
0.386
0.151
1.79
0.179
1.13
7.186
0.584
2.048
1.895
0.497
0.473
1.857
1.958
0.19
5.545
0.171
3.334
5.042
0.164
0.029
0.176
0.793
1.805
0.065
1.175
0.55
0.278
0.094
1.706
0.046
1.791
1.744
0.066
2.35
0.122
0.088
0.096
2.379
0.152
0.134
2.503
1.905
0.164
1.548
1.812
0.048
1.998
2.453
0.091
0.258
0.083
0.197
0.681
0.402
0.201
0.111
0.035
0.207
0.225
0.114
0.047
1.354
1.705
0.068
0.15
1.657
0.082
3.415
4.198
2.076
1.707
0.037
2.706
0.462
3.452
0.064
1.743
4.513
2.683
0.074
1.425
1.88
2.356
0.032
0.038
0.276
0.224
0.859
3.129
3.646
3.125
10.838
0.175
0.703
0.522
3.582
0.079
3.461
1.458
0.038
0.102
0.074
0.12
0.212
0.173
0.293
9.273
1.923
1.59
2.261
2.146
2.296
4.31
0.548
2.865
4.323
1.184
0.128
6.505
0.273
0.092
2.186
0.033
0.175
0.685
0.049
2.846
0.332
1.328
0.692
1.763
0.271
0.125
0.05
0.193
1.292
2.971
0.28
0.22
1.05
0.062
4.729
0.546
5.053
1.219
2.085
0.063
2.744
0.257
1.529
1.738
0.049
0.193
3.311
0.41
0.351
0.147
1.229
0.259
1.863
1.183
1.55
2.097
1.762
0.191
0.033
2.599
1.778
2.562
0.08
0.063
0.458
0.815
0.317
1.964
6.87
1.822
0.049
0.485
0.207
0.224
0.042
0.087
0.093
1.583
2.109
0.03
0.983
0.029
1.657
0.266
0.95
2.578
2.551
0.818
2.834
2.422
2.036
4.896
0.144
0.039
3.304
1.227
2.587
0.688
0.345
1.709
0.042
1.248
4.231
0.29
0.047
0.215
0.231
0.694
1.717
0.037
1.849
0.159
1.452
2.397
1.611
0.116
7.317
0.253
2.122
0.25
0.938
0.375
1.938
0.371
0.122
0.131
2.457
1.659
9.237
0.206
1.306
0.032
0.072
3.302
2.745
0.596
0.232
0.31
7.75
0.077
3.556
0.193
0.139
0.552
0.133
2.682
0.512
3.528
0.072
0.103
3.128
1.98
0.398
0.169
1.394
2.187
1.813
0.336
0.201
1.494
3.211
0.188
1.957
3.318
0.05
0.331
1.337
0.313
0.2
0.417
0.822
0.632
2.039
1.374
1.717
1.32
0.063
0.081
0.524
0.082
1.851
0.113
0.057
0.104
0.127
0.043
0.111
0.113
0.029
4.336
4.215
1.358
2.136
1.783
4.539
1.048
2.807
0.191
5.079
0.307
4.846
0.047
1.464
0.014
5.002
1.557
1.292
1.507
3.738
0.335
2.363
7.076
0.083
0.176
3.786
0.098
6.942
0.159
2.121
0.101
4.76
0.091
0.079
0.617
2.016
0.093
4.188
3.702
1.653
0.111
4.778
5.852
3.424
3.488
1.012
4.301
4.007
0.067
2.683
0.156
0.666
0.3
3.138
2.48
5.667
2.996
0.024
2.283
4.813
4.788
2.65
4.394
1.842
2.451
1.47
0.199
1.911
0.559
1.451
0.238
0.128
0.106
0.228
2.575
0.131
0.299
0.06
1.976
0.11
0.165
6.785
1.411
4.506
4.298
0.035
0.947
0.282
0.219
0.041
0.088
9.349
2.025
0.089
0.049
0.151
0.06
0.155
0.115
1.007
0.055
0.408
0.019
1.515
1.178
0.037
2.131
0.301
0.037
0.112
0.073
0.248
0.19
0.101
0.725
3.734
1.314
0.062
1.358
0.385
0.565
0.093
0.384
0.024
0.059
2.184
1.363
0.398
1.221
0.386
0.405
1.814
0.521
0.283
0.09
0.024
1.975
2.394
3.188
0.116
3.018
0.201
0.219
5.315
0.18
7.387
0.107
0.019
1.965
0.045
0.23
0.218
2.311
1.392
1.898
0.057
0.029
0.069
0.626
0.626
1.107
1.132
0.036
0.131
5.352
0.364
0.52
0.132
0.998
0.017
0.132
0.026
0.05
1.948
1.867
1.605
1.586
0.115
2.109
0.035
1.63
0.161
0.352
2.976
0.021
5.253
3.258
0.734
0.142
2.155
1.954
3.5
0.035
2.618
4.727
0.062
0.031
0.255
0.314
2.224
0.862
0.021
4.915
0.08
3.54
0.124
0.374
0.047
2.506
0.353
0.162
2.483
0.353
2.904
3.782
1.978
3.742
5.294
0.221
1.336
0.052
0.147
1.858
0.353
6.902
0.067
0.041
0.053
1.627
0.051
0.296
2.266
1.067
1.707
0.048
0.224
0.095
0.278
0.146
0.359
0.061
2.655
2.16
1.868
1.719
0.224
2.455
0.593
4.455
0.238
1.586
0.033
3.467
0.097
4.943
3.674
3.567
1.768
4.924
0.048
2.319
0.563
0.33
0.091
0.22
3.984
3.305
1.069
0.075
0.284
0.017
0.141
1.011
1.408
0.335
0.692
4.35
0.07
0.123
2.178
2.318
0.13
0.067
1.435
5.45
0.071
0.094
0.286
1.797
0.069
0.285
1.897
2.44
2.06
0.853
4.75
2.77
4.437
6.347
2.436
1.491
3.038
0.809
0.059
2.289
3.433
3.004
2.006
0.047
2.203
0.274
1.633
0.344
0.162
0.17
4.646
4.082
2.014
0.055
0.036
0.22
2.028
0.165
3.119
0.301
1.795
2.933
4.922
1.439
0.245
0.186
0.033
0.585
0.612
0.149
1.93
2.197
0.116
1.692
1.194
0.347
2.109
2.089
1.689
2.722
0.35
0.048
2.175
0.074
1.342
0.02
1.428
1.451
0.313
1.388
6.931
0.024
1.306
0.983
0.046
0.305
0.09
0.028
4.339
0.114
0.095
0.062
0.044
2.9
0.753
0.18
0.015
1.322
0.148
0.126
0.148
0.023
2.936
0.181
0.201
3.815
0.183
0.854
2.146
0.445
1.538
4.512
1.626
2.363
0.281
1.238
0.332
1.608
0.074
1.52
0.062
0.154
2.409
2.575
2.756
0.23
1.245
0.327
5.126
1.719
0.049
0.208
0.224
1.927
0.447
8.026
1.009
5.576
0.171
0.086
0.268
0.141
3.043
0.04
0.184
0.346
0.175
3.045
0.377
1.434
3.255
0.379
0.463
0.297
2.029
0.04
0.017
0.068
0.106
3.46
1.964
0.38
0.38
0.028
0.463
0.257
4.168
1.396
2.81
0.018
3.234
6.543
0.094
0.043
2.493
0.421
2.469
0.032
0.988
0.031
0.149
0.39
2.098
0.658
8.617
0.027
0.64
0.089
0.034
0.504
0.237
0.101
0.143
4.832
0.082
2.318
0.231
2.02
0.848
2.572
0.275
1.639
2.725
0.084
0.926
0.535
0.29
0.228
0.469
0.322
0.913
1.788
6.793
0.402
1.226
3.317
0.025
0.263
0.276
0.082
1.026
0.363
2.151
3.071
0.021
2.068
0.059
2.056
2.457
0.515
1.501
2.205
5.31
0.439
0.095
0.048
3.452
6.084
0.267
0.375
0.285
2.827
0.111
0.079
0.194
0.076
2.26
1.582
0.235
1.619
0.325
2.23
0.074
2.652
0.096
1.532
0.108
0.251
0.991
0.183
0.07
0.374
1.235
1.422
1.855
3.042
0.142
1.956
1.76
0.113
0.16
0.116
2.208
0.053
0.528
0.051
0.384
1.204
2.927
0.753
0.143
0.089
3.084
3.692
0.084
0.061
0.178
0.172
1.978
2.784
1.167
0.089
0.525
2.048
0.126
3.225
2.623
1.913
0.235
0.315
0.741
0.056
1.668
1.621
2.949
1.197
1.548
0.106
0.181
0.084
2.595
3.987
0.205
2.06
0.347
3.509
0.018
2.052
1.948
0.319
0.174
4.464
2.667
3.544
0.112
0.088
0.128
0.475
1.46
1.699
0.063
0.051
5.36
1.429
0.128
0.029
4.122
0.092
0.51
0.864
0.083
3.439
0.569
2.353
0.271
1.303
0.034
0.611
1.361
0.939
0.04
0.121
2.41
1.58
0.313
0.185
3.029
0.169
0.315
2.144
0.24
4.225
0.362
0.282
2.262
0.435
1.753
0.881
1.422
2.547
0.075
0.044
0.4
3.884
0.538
0.557
1.33
1.933
1.915
1.637
1.744
0.257
1.524
0.059
0.264
0.392
1.465
3.16
0.241
0.148
0.274
0.039
2.205
0.339
0.075
0.056
7.61
0.023
0.545
0.043
0.043
0.14
1.881
0.872
0.054
0.084
6.098
0.058
0.029
2.703
1.911
3.123
2.455
0.304
2.448
0.038
0.31
5.703
0.716
0.101
2.495
0.059
0.142
0.059
1.989
5.599
0.151
2.993
2.762
1.281
0.139
1.385
0.337
3.29
0.801
3.299
0.163
0.598
2.027
0.114
0.067
3.49
9.794
3.63
0.023
0.922
7.782
3.441
0.139
1.479
1.233
2.162
0.028
0.109
0.216
0.04
0.677
0.904
0.91
0.166
0.34
1.735
0.068
0.027
0.139
3.59
2.222
1.273
0.097
2.374
2.438
3.52
2.432
0.461
3.912
0.275
0.046
0.276
3.95
0.055
0.129
0.127
0.032
2.703
3.104
1.893
0.124
0.21
0.097
2.752
0.556
0.092
0.092
1.198
0.132
0.076
14.668
3.021
0.464
3.915
2.609
1.201
0.158
1.921
0.707
0.501
0.229
1.337
0.34
2.357
1.937
2.347
0.151
2.776
0.164
0.042
0.499
0.631
0.083
0.081
5.806
0.201
0.025
0.244
0.084
1.883
1.94
0.085
1.472
1.474
0.092
0.648
1.496
6.446
0.078
0.175
1.66
4.013
1.395
0.126
2.94
2.672
1.42
0.053
0.91
1.468
2.771
0.783
1.222
3.122
0.182
1.447
0.06
0.17
1.911
0.373
1.79
0.06
1.196
0.082
0.125
0.715
1.37
3.665
0.075
0.122
0.07
2.103
0.326
0.045
1.412
0.8
0.395
0.139
2.584
2.631
3.16
1.654
0.973
0.144
1.582
6.792
1.924
1.075
7.156
4.897
0.07
0.428
0.189
0.815
1.268
3.785
1.715
1.524
0.221
1.848
0.024
0.154
0.246
0.04
0.226
1.776
2.195
1.646
1.603
2.329
0.282
0.103
1.364
1.217
0.176
1.84
2.828
0.056
0.105
0.098
5.139
0.554
0.224
1.369
2.984
2.091
0.069
5.544
0.178
1.847
1.276
1.592
1.813
0.921
1.073
1.596
1.031
0.095
2.148
0.037
1.25
0.105
0.431
0.049
0.067
3.659
2.737
1.932
1.645
2.276
0.056
0.542
0.086
3.865
3.954
0.405
3.382
0.173
1.836
1.938
2.578
0.422
0.209
1.604
0.129
0.05
0.712
0.241
0.065
1.935
2.762
1.802
0.051
1.362
0.066
4.287
0.108
0.06
0.141
0.138
0.029
5.549
0.054
0.271
0.133
0.108
1.153
0.169
1.738
0.159
0.78
4.887
1.666
0.262
0.191
0.233
0.42
0.415
0.676
0.053
0.179
0.273
1.666
2.072
1.343
0.113
0.429
6.597
0.114
2.937
0.1
1.732
0.444
4.379
0.088
1.489
0.076
0.447
1.33
0.38
2.044
2.262
2.161
2.281
0.18
0.1
0.807
1.301
1.287
0.1
0.088
3.864
0.301
6.747
0.782
0.049
3.194
0.085
0.567
2.677
1.393
3.205
0.622
3.132
0.156
0.016
2.144
1.471
0.266
0.067
3.062
1.406
0.315
0.159
0.266
1.167
5.5
1.803
0.086
0.182
0.313
3.029
0.151
0.03
2.211
0.268
1.656
2.36
0.044
0.073
2.521
0.448
0.037
5.302
0.474
4.523
0.235
0.156
0.089
4.972
4.04
0.041
2.566
1.912
0.054
1.984
2.402
1.866
7.475
0.365
7.079
2.991
5.606
1.847
0.145
0.219
4.641
4.078
1.664
0.111
1.579
0.047
0.573
0.051
1.967
0.179
0.119
0.218
1.561
8.16
0.295
2.308
1.428
0.542
0.036
0.016
3.686
0.044
2.981
9.372
1.722
2.819
2.215
0.062
0.213
5.457
0.314
0.077
2.856
0.086
4.184
2.213
0.192
5.643
0.236
1.831
0.349
1.279
0.066
0.039
1.46
1.113
2.647
2.559
1.81
7.339
2.298
0.118
0.264
0.106
0.034
1.068
0.06
1.585
3.848
1.99
0.042
0.991
14.849
0.026
5.487
0.348
1.334
10.034
0.056
0.756
0.128
0.157
2.291
0.057
1.164
0.171
1.642
0.174
0.144
0.03
0.31
0.155
1.259
0.083
1.184
0.52
0.203
1.9
2.185
0.216
5.443
2.25
1.623
1.354
2.16
5.265
4.317
0.117
1.948
2.073
0.377
0.765
3.209
2.99
0.404
0.546
0.901
0.08
0.091
0.146
1.788
1.003
0.87
3.397
3.978
2.657
0.263
3.062
2.031
1.786
3.887
4.343
1.684
0.161
0.132
1.392
2.764
1.757
1.793
4.588
0.144
0.255
2.433
0.079
0.011
7.306
0.046
0.056
0.103
0.273
0.2
0.124
4.981
1.367
0.854
1.42
0.126
1.501
2.358
0.28
0.212
1.769
0.196
0.035
0.37
0.567
0.151
0.074
2.53
1.579
2.085
11.074
0.108
4.03
0.182
0.073
0.041
4.01
0.126
2.621
1.527
1.192
3.852
0.094
0.055
0.414
0.155
4.557
2.043
0.322
0.448
0.155
1.308
1.523
0.022
0.547
3.003
7.46
0.195
1.665
1.713
2.974
0.347
3.063
4.737
0.217
5.121
1.811
0.227
0.706
0.105
1.482
0.065
0.04
2.796
1.619
0.593
2.722
0.999
0.109
1.323
0.682
0.113
0.347
1.782
2.415
0.1
2.809
1.739
5.178
1.222
1.435
1.486
3.094
1.889
0.255
1.065
0.089
0.755
2.1
3.42
0.258
0.271
0.134
0.917
0.294
0.117
1.467
3.313
1.642
4.299
2.751
1.549
0.777
1.833
1.008
0.054
0.111
0.022
0.079
0.029
0.029
0.058
0.247
2.203
0.21
3.328
2.148
0.382
3.135
0.097
0.032
0.07
1.514
0.475
4.327
3.773
0.242
0.113
2.959
3.181
1.842
0.041
1.481
0.24
1.616
0.124
1.586
1.592
0.321
0.044
0.164
2.547
0.218
0.44
1.622
1.6
0.151
0.24
0.081
0.15
0.03
4.599
0.063
0.061
1.169
0.537
7.273
0.354
0.483
0.389
1.348
0.2
1.866
0.076
0.15
1.897
3.972
2.97
0.101
0.795
0.072
0.013
4.606
6.189
0.11
0.039
0.079
0.089
3.723
0.128
0.648
3.328
2.693
1.565
0.13
0.029
0.031
0.585
1.127
0.176
1.853
0.265
2.603
0.135
0.549
1.312
0.243
2.909
2.677
0.295
2.338
1.37
0.196
0.035
3.037
0.657
0.025
1.515
0.47
0.321
0.114
0.382
0.028
0.049
0.033
0.408
0.089
0.095
5.01
2.13
0.145
0.045
1.472
0.674
3.103
0.042
2.264
0.188
2.216
0.119
2.097
0.254
3.523
4.55
1.137
0.043
1.034
0.161
0.055
0.05
1.427
3.988
0.143
1.475
3.521
0.081
1.55
1.302
0.033
2.585
0.08
1.223
0.775
1.326
1.301
7.609
0.687
0.201
1.542
0.639
0.165
0.285
0.143
0.145
0.123
1.824
1.485
0.694
0.329
0.039
3.099
1.267
0.215
2.049
1.38
0.287
0.409
1.0
1.979
2.136
1.266
1.878
0.51
0.057
3.206
0.149
0.405
5.609
2.665
2.873
0.105
0.113
0.557
0.207
1.485
0.881
0.037
3.448
3.187
1.643
1.956
1.048
0.06
0.15
0.282
1.875
0.039
0.22
0.545
1.502
1.582
0.131
0.14
3.596
0.027
7.624
0.07
0.096
0.144
0.031
2.282
0.236
0.106
0.068
0.272
2.726
0.172
0.105
2.938
0.112
2.436
0.228
0.269
0.184
0.039
1.771
0.201
0.078
0.818
1.055
2.22
0.344
0.064
4.501
1.819
0.341
1.851
1.046
0.414
0.049
4.459
0.022
0.04
5.084
0.31
1.372
2.206
0.229
7.739
2.503
0.045
0.609
0.264
2.529
2.734
0.058
0.739
0.06
8.29
0.161
1.099
3.291
4.351
2.516
1.971
3.823
0.544
1.069
0.297
1.858
0.384
0.086
3.629
1.95
5.52
3.271
1.2
0.266
0.105
0.107
0.044
3.175
0.031
0.246
1.055
1.405
0.363
1.713
0.384
2.646
0.064
0.415
1.977
1.674
0.211
3.059
0.067
0.661
3.344
2.312
2.025
1.44
0.057
5.589
1.418
0.264
0.125
0.118
0.263
1.153
0.146
1.278
1.712
0.233
4.005
2.274
0.121
0.039
3.611
0.029
0.062
0.018
0.162
0.384
0.022
2.446
0.271
0.033
1.632
0.342
5.489
0.248
0.053
0.358
0.059
0.145
0.039
1.348
0.603
3.27
0.092
0.15
3.18
2.083
2.954
1.411
0.117
0.304
2.293
4.045
0.19
0.331
1.524
2.736
1.767
2.076
0.109
0.14
1.377
0.083
2.909
0.282
0.057
0.451
0.122
0.392
2.012
2.049
0.014
0.386
0.304
2.749
2.611
0.352
4.193
0.088
0.095
3.758
0.183
3.404
4.648
1.784
1.943
1.487
0.586
1.654
0.045
0.075
2.229
0.438
3.487
2.108
0.179
3.839
3.447
0.1
0.051
1.854
0.044
1.147
0.135
1.545
0.2
5.754
1.677
4.91
0.026
5.049
0.449
0.796
0.374
0.252
1.488
4.233
0.645
0.342
4.336
0.077
1.439
0.079
4.772
3.371
0.04
3.816
0.103
0.039
2.444
1.267
1.385
0.106
3.226
3.532
0.188
0.014
2.853
0.468
0.044
0.174
0.084
0.096
2.072
2.471
0.71
2.776
1.687
0.234
0.032
2.647
2.25
5.222
1.536
4.421
2.692
0.228
4.562
1.148
0.117
3.157
0.949
0.256
0.139
0.296
2.476
0.445
1.134
2.334
3.083
0.159
0.267
0.039
2.921
6.012
3.107
2.498
1.508
1.966
2.07
4.093
1.64
3.837
2.115
0.257
4.227
8.442
0.328
0.154
0.255
6.319
0.261
2.021
0.071
0.079
3.305
2.093
0.437
0.116
5.188
2.355
7.708
1.479
0.23
1.705
1.424
0.09
4.357
1.006
0.096
1.11
0.432
0.079
0.948
2.199
2.218
1.389
4.677
0.183
0.407
0.177
0.106
0.053
0.043
3.319
2.045
0.386
1.526
0.758
0.835
0.065
0.152
0.352
2.769
2.176
5.76
0.094
2.497
0.025
0.064
2.958
3.505
2.096
0.062
0.113
2.388
1.785
0.047
0.116
0.141
5.719
0.107
0.072
0.232
0.177
0.355
0.089
2.477
0.035
2.147
1.609
1.65
0.099
0.674
0.702
0.037
3.627
0.027
0.125
2.032
3.38
0.228
1.617
1.773
0.07
0.109
0.104
0.095
0.683
1.751
0.09
2.354
0.399
0.035
3.18
0.039
0.104
0.308
0.179
1.471
0.534
0.355
2.143
0.051
0.088
4.523
2.058
3.121
4.524
0.254
0.099
1.25
2.019
0.184
1.882
1.0
2.519
1.386
0.045
0.17
0.093
0.406
0.298
1.652
4.176
0.041
0.378
0.051
0.215
0.094
3.062
2.292
1.098
0.103
3.23
0.066
0.082
0.389
3.647
0.643
0.018
0.037
0.478
0.114
2.666
0.131
2.75
3.587
1.518
0.634
0.16
0.069
3.944
0.122
3.908
1.659
3.888
0.063
3.013
2.611
0.864
0.12
0.044
2.463
0.042
4.125
1.988
0.38
0.308
0.08
2.403
0.125
2.139
1.453
1.895
1.969
4.147
0.021
1.922
0.844
1.387
1.558
0.336
0.089
0.073
1.425
0.094
0.058
0.903
0.943
1.893
2.22
0.156
0.014
0.765
0.17
7.953
0.217
3.467
0.902
4.075
0.064
0.249
0.02
0.94
0.328
0.073
2.111
6.097
0.038
5.01
1.056
0.045
0.337
0.406
0.052
4.192
0.173
0.101
3.167
0.43
0.045
10.028
0.041
2.609
4.377
1.624
1.093
0.114
2.371
0.019
0.047
0.095
0.301
1.189
5.168
2.335
0.096
0.125
0.074
3.433
0.108
0.081
0.308
0.335
0.751
0.278
0.117
0.045
0.155
0.358
2.451
0.138
1.423
0.047
2.154
2.585
0.884
0.397
0.026
0.183
1.711
2.22
2.184
0.11
0.277
0.186
0.128
0.967
2.156
0.156
0.533
0.057
1.627
2.817
0.126
0.204
1.413
2.03
0.116
0.068
0.047
0.475
0.04
1.481
0.225
0.675
4.136
0.068
0.099
0.023
1.849
1.168
0.632
4.458
0.113
3.156
1.423
1.267
0.191
0.039
0.92
2.576
0.034
2.301
0.038
2.581
1.549
0.141
0.066
0.018
2.391
0.938
0.063
0.44
4.541
0.487
1.815
2.818
0.127
0.061
3.902
1.71
1.32
0.061
4.6
0.509
0.324
0.065
2.672
0.115
0.158
0.567
0.553
0.247
1.722
0.05
0.85
1.422
0.137
0.082
1.679
3.496
0.608
0.136
1.526
0.351
0.158
0.901
2.798
3.356
0.034
0.676
1.311
2.017
1.84
0.191
0.031
1.473
0.185
0.075
0.102
0.196
1.433
0.148
0.105
1.696
0.065
0.097
0.129
0.036
0.101
2.409
3.363
2.869
0.44
0.024
3.528
1.512
0.209
3.7
0.151
2.787
0.112
2.287
1.216
1.283
5.345
0.034
4.161
0.136
1.994
3.384
1.878
0.03
4.376
0.219
11.45
1.354
0.358
0.05
4.033
0.437
2.781
2.472
2.096
0.482
0.26
0.287
3.305
0.423
1.297
5.173
1.073
2.739
0.342
0.027
2.489
0.192
0.079
0.114
0.018
1.656
1.799
3.314
1.989
0.21
0.415
1.363
1.446
0.372
2.019
0.275
0.134
0.068
1.82
0.354
1.707
2.992
0.018
1.053
0.041
2.417
0.235
0.172
0.805
2.691
0.167
0.777
6.702
0.51
1.838
0.04
0.093
0.252
0.146
0.056
0.13
0.089
0.845
0.081
1.804
1.125
0.297
1.835
2.666
0.237
1.554
1.64
4.201
3.272
0.245
4.487
0.676
0.085
2.673
6.453
1.486
0.323
0.052
0.032
0.069
5.538
2.794
1.32
0.245
0.038
3.389
0.241
9.788
0.25
0.05
2.714
0.924
0.107
0.704
2.535
1.906
6.171
0.361
1.679
1.231
0.243
0.092
1.591
0.746
1.217
0.213
0.092
0.342
0.188
0.845
4.252
0.089
0.019
0.849
0.116
0.595
0.523
0.207
0.414
0.133
0.535
0.078
3.268
0.167
0.43
2.205
0.192
0.189
0.824
0.098
1.992
0.203
1.269
3.253
2.205
1.609
0.212
2.353
0.551
0.299
0.157
1.774
0.06
4.693
2.965
2.689
0.13
0.636
1.433
0.233
0.79
0.094
0.178
1.642
0.123
1.999
0.077
0.398
0.744
4.822
0.354
0.114
0.044
1.322
0.133
3.732
4.337
0.032
0.068
0.066
0.075
2.198
0.994
3.743
0.064
0.222
6.078
0.252
0.734
6.805
0.081
0.148
0.268
3.503
0.074
0.461
0.06
1.396
0.42
2.663
0.222
2.327
0.117
0.069
0.052
1.649
1.288
0.023
2.617
0.065
5.878
0.392
0.416
3.029
4.272
0.09
0.192
3.381
0.022
0.086
0.179
0.091
2.976
0.154
1.106
1.7
0.449
0.258
3.435
0.073
2.273
3.062
0.142
1.449
0.503
3.203
0.269
0.039
0.176
0.288
2.685
2.388
0.241
1.218
3.08
0.036
0.521
0.367
0.026
0.921
0.123
1.594
3.972
0.098
0.104
0.36
0.231
2.542
0.595
0.122
1.606
1.579
1.818
2.848
4.452
4.99
0.717
0.137
1.61
2.074
0.128
0.211
4.689
3.343
0.912
0.467
0.108
3.784
3.125
0.041
6.011
0.072
3.059
0.284
3.469
1.997
1.165
5.439
0.068
0.835
0.049
4.217
1.415
5.822
0.049
1.21
0.027
0.097
0.023
4.7
1.221
0.093
1.213
0.343
4.629
1.444
0.053
0.341
0.091
0.084
0.124
0.266
0.091
0.265
0.523
2.033
0.672
0.11
1.406
0.176
0.476
0.074
2.141
0.016
6.4
0.194
1.316
0.071
3.652
1.838
2.784
0.473
0.23
3.431
0.398
1.905
0.026
1.139
3.049
2.658
1.592
0.464
5.434
0.08
3.379
0.926
0.031
0.279
0.244
0.239
0.326
0.679
2.546
3.594
0.178
0.169
0.055
0.111
0.089
0.567
0.081
2.939
1.249
0.376
5.718
0.101
0.134
5.367
0.235
0.069
0.074
0.233
2.451
0.092
0.268
0.098
0.089
0.37
0.482
0.036
7.811
2.857
0.28
5.837
0.842
0.71
2.006
3.178
2.167
0.022
0.319
0.211
7.003
2.557
0.269
3.169
0.266
0.043
4.016
0.239
3.237
3.415
0.03
2.047
0.429
2.063
2.908
1.973
0.486
0.139
0.449
0.07
1.503
0.908
0.538
2.494
2.211
1.941
2.806
3.66
0.35
1.937
3.509
2.4
1.042
5.034
0.033
0.031
0.035
1.631
2.05
3.1
0.413
1.513
5.367
0.13
0.073
3.511
0.443
2.901
3.162
1.071
3.821
0.065
3.309
0.487
0.057
1.886
2.717
0.082
1.958
0.134
1.117
0.109
8.474
0.071
0.065
3.732
0.037
2.053
9.801
0.399
3.189
2.54
3.384
0.49
3.269
1.901
0.299
0.072
3.407
1.363
1.274
0.682
5.605
0.077
2.235
3.965
2.24
2.697
0.294
2.439
0.034
0.934
4.228
3.776
0.337
0.143
0.111
0.146
2.952
1.467
2.556
2.2
0.103
0.061
0.068
4.451
0.046
0.039
3.734
2.923
0.471
0.058
9.169
2.479
0.13
0.274
0.039
1.857
0.127
0.278
0.193
0.501
0.053
1.802
1.037
0.9
1.16
0.341
0.049
3.573
0.112
0.581
0.159
0.49
1.825
0.169
0.208
1.775
5.626
1.525
0.101
0.084
5.794
0.121
1.324
0.297
0.126
3.166
1.613
2.117
2.014
0.14
0.214
0.049
3.235
6.46
0.076
0.088
0.042
0.537
0.088
4.785
0.048
0.067
0.078
1.237
0.333
1.43
0.143
1.203
1.212
0.173
1.021
0.059
0.957
4.96
3.292
0.117
0.681
1.835
0.027
0.051
3.361
0.017
0.819
2.082
0.077
2.431
0.142
0.312
0.241
5.977
1.932
1.842
0.132
0.113
1.529
1.197
3.839
2.606
0.055
1.669
2.692
0.193
0.148
0.076
0.918
3.469
0.098
2.132
1.761
0.249
0.035
1.312
0.199
0.313
0.234
1.268
0.048
0.086
2.033
0.088
8.283
3.473
0.107
1.498
0.344
2.007
0.353
2.08
1.085
1.762
4.606
0.186
1.069
0.017
1.932
0.336
14.594
3.38
0.134
0.058
1.772
0.032
1.454
1.023
0.051
0.325
0.071
1.03
1.576
2.142
0.235
2.332
1.115
0.676
2.099
0.084
0.163
13.482
2.06
2.664
2.026
1.095
2.14
4.462
0.545
0.414
1.987
1.202
3.391
0.095
6.383
3.219
4.044
4.476
0.021
0.035
0.299
0.124
1.245
0.057
2.544
0.675
0.383
0.17
0.062
1.741
1.431
2.236
0.259
1.612
7.743
5.801
0.034
0.083
0.082
0.884
0.255
0.393
2.403
0.279
14.116
0.032
0.317
0.06
2.23
1.281
0.19
0.16
0.574
0.077
2.192
0.165
0.038
0.017
1.85
3.602
2.109
2.683
1.408
0.032
0.052
0.196
0.79
1.877
1.983
2.83
0.421
1.708
0.058
0.804
1.254
0.169
1.545
0.509
2.435
1.4
0.194
1.704
0.775
0.418
0.414
0.652
2.602
1.509
4.739
7.307
0.707
0.051
0.047
0.035
0.112
0.07
5.857
4.018
0.319
2.619
1.09
0.131
3.265
0.068
0.113
1.857
0.198
2.754
2.125
2.052
0.091
0.04
0.046
1.396
0.046
3.59
2.703
3.498
0.025
1.852
0.02
1.886
5.583
10.24
1.174
0.072
5.883
0.521
0.33
0.051
0.051
0.598
0.142
0.088
0.075
0.589
0.128
0.037
0.1
1.135
0.019
0.045
7.502
0.081
0.125
0.037
2.222
3.402
0.029
0.131
0.421
2.195
1.444
0.223
1.99
0.046
0.056
0.166
0.372
0.164
2.894
0.181
0.382
1.771
1.659
0.089
2.086
0.444
3.175
0.88
7.171
0.05
0.995
6.239
1.308
2.105
0.158
0.045
0.234
0.604
0.629
1.676
0.018
0.078
0.083
0.041
0.061
2.209
0.728
2.106
0.838
3.124
0.303
0.05
1.81
1.939
0.188
0.169
4.492
0.108
1.685
0.142
3.04
3.594
1.497
1.951
2.598
0.079
0.33
0.751
0.066
0.112
0.032
0.564
0.175
0.211
0.107
0.758
1.109
0.461
0.28
0.745
1.439
0.025
0.14
0.341
0.233
0.493
1.049
2.714
0.165
3.451
2.019
0.035
2.696
0.153
2.381
0.273
0.336
3.209
0.513
6.396
2.304
1.543
0.962
0.133
0.069
0.027
0.139
2.14
2.16
2.801
0.038
0.104
4.861
0.179
0.056
3.499
0.038
6.421
1.994
1.271
4.418
0.267
2.828
4.507
2.672
0.087
1.016
0.88
0.259
1.185
0.061
5.191
0.046
1.866
8.325
1.313
0.143
0.3
1.332
3.975
0.543
0.032
0.181
1.792
6.577
0.061
0.046
0.113
2.794
4.447
1.791
1.838
1.892
1.674
0.059
0.273
5.118
0.436
0.05
0.254
1.299
2.042
4.1
3.567
0.132
0.044
0.047
0.617
0.631
0.676
2.902
0.122
0.039
1.872
1.626
1.335
0.024
0.557
1.771
1.848
0.65
0.131
2.336
0.287
4.657
0.053
5.355
0.075
0.056
0.145
2.458
3.52
0.785
0.266
3.532
0.889
0.446
0.463
0.169
0.313
0.046
4.035
0.045
2.277
2.164
0.454
0.059
2.394
1.323
0.304
2.874
1.701
0.158
0.15
0.108
1.785
0.117
0.044
1.054
1.786
0.057
1.066
1.358
0.378
0.985
1.988
0.368
2.751
0.107
0.147
1.105
1.539
3.915
0.028
4.161
0.852
3.171
3.376
1.472
0.154
0.739
0.185
0.186
0.063
0.146
2.506
0.165
1.429
1.709
0.023
6.033
1.791
4.937
3.691
0.055
2.016
0.053
0.058
0.93
0.075
0.057
1.752
1.293
0.128
0.29
1.703
0.143
0.144
1.463
3.202
0.06
3.136
0.14
0.201
0.541
0.036
1.012
0.258
0.351
0.052
0.942
1.553
1.435
0.327
0.04
1.495
1.383
0.547
5.842
1.449
0.086
0.096
0.694
0.677
1.734
1.101
0.433
0.126
0.117
5.759
3.154
0.04
6.075
0.193
3.074
0.05
1.322
2.733
0.226
0.146
1.931
1.725
2.564
0.252
1.629
0.017
1.714
0.066
0.018
0.055
0.042
6.152
0.043
2.096
0.06
0.629
2.069
2.288
1.802
8.376
0.058
0.037
3.117
2.6
4.49
0.359
0.099
0.042
0.056
2.574
4.139
0.133
6.748
3.973
2.085
3.106
0.821
3.895
0.323
2.653
0.271
1.425
4.082
7.127
0.112
0.341
0.164
5.044
2.417
0.425
0.658
0.072
0.573
0.348
0.101
0.179
0.063
0.07
0.074
0.067
1.0
2.59
0.112
0.062
0.099
2.515
0.132
0.091
1.735
0.499
0.062
2.118
0.096
2.534
0.218
5.144
0.069
0.041
5.326
2.918
1.42
5.78
2.056
3.005
0.084
0.292
0.68
0.04
2.161
0.057
0.045
3.645
0.019
0.086
0.338
0.226
0.26
2.065
3.186
0.016
0.203
0.408
2.978
0.016
0.21
0.267
0.112
1.932
2.502
0.207
1.137
1.711
0.101
2.11
2.034
6.311
0.161
0.017
0.511
0.025
1.63
1.837
3.299
0.045
0.054
0.252
0.045
3.087
1.375
4.056
0.242
0.404
2.684
1.866
0.577
0.032
2.044
0.119
0.117
3.128
0.483
0.082
0.032
0.048
0.077
3.437
1.508
1.194
0.134
6.302
0.037
0.03
1.927
0.074
0.037
0.703
0.158
5.866
0.15
0.071
0.147
1.107
0.288
1.938
1.838
0.069
5.226
0.041
0.113
0.014
2.061
5.208
1.915
0.046
1.552
0.395
0.334
6.233
1.209
0.077
0.219
0.175
0.128
0.889
0.084
0.089
1.738
0.15
0.042
0.039
0.686
0.075
0.052
2.768
0.201
0.197
1.081
2.006
1.974
1.456
0.248
2.823
1.672
2.456
0.17
0.382
0.237
4.769
2.198
1.37
2.914
6.341
1.751
5.495
0.117
0.286
0.204
0.53
0.322
0.026
3.643
6.06
0.352
1.602
2.768
0.244
0.459
0.069
0.167
1.998
1.569
0.19
3.864
1.618
0.204
0.073
0.178
2.365
0.083
0.373
2.99
2.347
0.36
1.427
2.644
0.202
0.634
4.666
0.208
0.171
5.336
0.25
0.462
0.106
0.102
0.57
10.588
1.249
0.293
3.778
0.105
2.101
1.308
0.018
0.171
1.556
0.056
0.392
2.4
0.326
3.533
0.117
0.069
2.293
0.041
0.066
3.95
6.3
0.782
2.217
1.493
0.21
0.564
0.071
0.057
3.788
1.866
0.08
0.231
2.363
0.726
6.908
3.289
1.682
0.127
2.251
1.945
0.303
0.029
0.048
2.535
0.065
0.018
1.661
0.275
1.621
0.556
0.4
3.087
0.184
1.263
0.163
4.003
0.106
0.175
3.541
0.034
0.022
0.126
0.734
0.082
1.928
0.263
4.295
3.861
0.131
1.026
2.06
0.129
1.315
1.729
0.037
0.675
7.103
0.317
0.028
0.28
0.369
0.925
4.308
0.061
1.091
2.917
0.033
0.097
0.024
2.098
0.105
0.65
0.415
0.109
0.168
1.475
5.705
0.043
5.224
0.021
1.621
0.087
2.49
1.417
0.014
0.215
2.478
0.335
0.032
0.106
1.496
2.25
0.146
0.076
0.096
2.19
0.045
2.076
0.115
0.323
1.419
0.051
5.25
0.168
0.962
0.316
0.072
0.374
1.991
0.142
0.248
0.174
5.211
0.085
0.075
0.049
0.076
0.109
1.434
3.987
5.864
2.826
2.153
0.152
0.52
1.503
1.805
2.324
1.828
0.099
4.315
0.044
3.05
3.701
0.127
0.104
2.119
0.179
0.027
0.257
0.06
7.006
1.076
1.973
1.907
0.073
0.293
2.405
0.046
0.366
2.51
0.193
0.043
2.14
2.387
0.319
3.482
0.088
0.095
0.052
0.04
0.027
0.068
11.774
2.58
2.116
1.629
0.123
0.048
0.064
0.087
3.197
0.335
0.11
0.206
2.811
3.097
1.795
0.033
1.014
2.995
1.759
0.039
0.094
1.687
0.158
8.048
0.716
3.679
0.5
0.031
0.377
0.109
0.067
3.171
0.06
4.37
0.023
0.472
2.064
0.603
3.098
2.017
0.258
5.419
0.111
1.977
1.885
2.339
0.053
0.505
1.775
2.884
0.188
1.791
1.705
0.392
3.565
0.826
2.789
4.177
3.371
0.118
0.809
0.267
1.561
0.184
3.273
3.148
0.135
6.501
0.042
3.348
0.27
0.255
0.439
1.017
0.048
0.338
4.668
0.05
0.107
0.096
0.05
1.061
0.406
1.65
0.26
0.156
1.096
0.195
2.448
5.517
2.604
0.031
0.082
0.072
0.223
4.161
0.339
0.136
7.546
7.523
0.464
2.438
5.16
0.1
1.963
0.474
1.905
0.068
3.024
2.611
2.688
0.108
0.362
0.447
0.026
1.33
5.364
1.644
0.848
3.161
0.646
6.775
1.385
0.052
1.839
0.162
0.046
0.038
0.117
0.123
3.82
1.854
1.88
0.19
2.727
0.269
1.747
5.154
1.379
0.188
1.497
1.86
0.121
0.051
2.697
0.076
0.542
1.582
4.177
0.128
0.094
0.072
9.01
3.51
0.062
1.606
3.683
4.505
2.124
2.153
2.731
1.154
0.094
0.052
0.271
2.08
1.506
1.375
0.187
1.611
1.08
3.095
0.555
3.469
0.229
0.886
2.271
0.664
2.304
0.204
2.036
2.852
0.252
2.288
0.102
0.686
0.04
0.995
1.414
4.605
0.259
7.987
0.148
0.234
0.386
1.277
1.351
0.025
3.293
1.521
0.092
2.388
0.039
0.229
0.198
0.169
3.995
0.079
0.268
2.537
2.277
0.26
1.186
0.256
2.119
4.964
1.912
0.947
0.213
0.022
0.074
2.135
1.732
3.395
0.022
0.291
0.089
3.757
2.008
0.186
4.131
0.661
0.426
0.102
0.553
0.261
1.906
2.645
2.458
0.174
2.533
1.362
0.101
0.816
5.064
2.111
0.387
0.429
2.673
1.702
0.138
1.162
5.212
0.214
5.895
4.134
13.18
0.071
2.94
0.023
0.047
9.847
2.098
0.319
0.39
7.62
1.59
0.065
0.211
1.657
0.074
0.093
0.278
4.323
0.494
0.766
0.94
5.01
0.15
0.276
0.212
0.478
0.049
0.081
1.668
0.155
1.993
0.327
0.147
0.158
0.061
5.134
0.047
0.132
1.082
0.07
4.143
1.357
5.423
0.095
4.926
0.134
1.778
0.101
1.201
1.673
1.802
1.164
0.615
2.131
3.047
0.391
0.191
2.747
0.463
0.492
0.239
0.395
0.033
1.469
1.022
0.05
2.563
0.149
0.063
1.754
0.319
1.962
0.723
0.413
0.276
0.042
0.242
0.057
0.092
0.104
0.641
0.731
0.042
0.159
0.53
0.464
0.066
0.244
0.019
0.321
1.505
0.161
0.141
2.255
0.274
0.52
0.105
2.048
0.191
1.891
0.269
0.649
0.021
0.055
0.036
6.459
2.737
0.652
5.321
0.609
0.061
1.177
12.071
0.181
0.142
6.025
5.218
1.982
0.165
0.024
1.863
0.041
0.772
0.258
0.151
0.066
0.048
2.323
0.264
4.332
0.161
2.053
0.093
0.141
0.042
3.089
8.102
0.178
0.06
0.416
0.576
0.256
0.562
0.084
0.904
0.304
0.018
0.611
4.334
0.037
1.311
0.026
0.034
0.046
0.071
6.113
0.018
1.604
2.784
10.213
0.258
1.929
1.956
0.239
2.513
0.113
0.264
0.091
0.167
0.152
1.178
0.208
0.222
0.245
2.614
0.054
0.047
0.152
1.517
0.02
1.183
1.718
3.508
0.065
0.031
1.628
2.572
0.049
0.224
0.356
0.038
0.05
0.038
1.595
2.536
0.692
0.134
1.601
1.43
0.017
0.171
0.084
1.643
0.072
4.932
0.24
0.097
0.088
0.163
2.191
0.429
0.141
1.59
0.045
0.074
0.055
2.056
0.045
0.112
0.043
5.705
1.382
0.534
0.216
0.107
0.054
2.125
0.925
0.477
0.677
2.609
0.398
0.319
2.077
0.016
0.078
0.276
0.351
3.097
4.207
0.391
0.291
0.13
0.181
1.867
2.809
0.045
1.142
1.838
0.129
1.975
1.994
3.394
0.985
4.408
1.78
0.163
2.215
0.723
2.541
0.567
6.035
3.983
0.408
1.251
5.276
3.684
3.742
0.091
2.381
0.241
0.214
0.081
1.835
0.285
0.607
2.17
0.09
2.69
2.766
1.404
0.824
0.094
0.372
1.591
0.244
2.295
0.126
5.64
0.02
2.146
1.231
2.913
0.19
2.094
0.433
0.032
0.102
3.063
3.462
0.062
0.062
1.979
1.58
0.114
0.153
0.284
3.459
0.039
0.243
0.075
0.06
0.434
0.018
0.16
0.058
5.984
5.873
0.051
0.678
1.331
1.323
1.415
0.122
0.557
4.912
0.035
0.127
1.81
1.634
0.077
0.553
0.077
0.052
0.02
0.784
0.229
0.067
0.39
0.188
0.04
0.054
0.12
0.047
1.094
1.114
1.893
0.054
0.082
0.069
0.085
0.027
1.951
0.136
0.374
2.719
0.063
0.036
0.038
0.504
0.204
0.351
0.188
0.692
0.171
0.156
0.025
1.945
4.454
2.255
0.054
0.192
5.161
0.735
0.195
0.591
0.047
0.033
1.246
0.109
0.099
0.201
0.048
0.059
2.736
2.52
4.108
0.222
0.035
0.046
2.712
2.796
2.196
1.796
1.852
0.129
0.072
2.073
0.792
1.31
3.527
0.23
0.312
1.897
0.051
6.072
4.319
3.078
2.034
0.98
0.126
2.778
0.324
7.635
1.782
0.827
1.667
1.213
1.624
0.123
4.174
0.334
3.655
0.185
1.286
2.656
0.938
0.215
0.481
1.837
0.195
0.91
0.927
0.803
2.747
0.979
0.918
0.073
9.283
0.116
0.077
0.372
4.297
1.211
0.579
0.053
6.177
1.475
2.635
2.371
2.309
0.657
1.405
1.377
7.436
4.4
0.231
1.559
0.026
2.407
0.047
0.474
0.022
0.026
6.634
0.28
2.67
0.123
0.221
0.063
0.276
0.91
0.093
0.214
1.676
0.478
0.102
0.279
1.242
0.385
1.904
0.047
0.143
0.051
0.038
0.043
2.279
1.873
0.267
0.419
1.342
0.192
0.601
0.335
1.12
0.351
0.661
6.302
0.151
5.178
1.185
5.23
0.085
1.692
1.744
0.098
2.507
1.221
0.112
0.265
0.335
0.574
2.362
0.332
0.506
0.196
0.152
2.455
0.252
4.811
4.071
2.321
1.585
4.543
2.437
0.029
1.704
0.109
1.639
0.285
3.315
0.06
0.036
2.414
0.261
2.037
5.162
1.928
10.474
6.305
2.687
2.077
1.695
3.663
0.023
0.077
0.051
0.056
1.985
0.068
0.058
2.054
2.943
0.051
2.56
1.616
0.322
0.073
0.056
0.207
0.014
0.364
2.368
1.484
0.185
2.545
0.629
0.908
1.424
0.485
0.052
0.062
0.049
4.022
1.539
0.341
0.343
0.071
0.171
2.087
0.167
0.087
0.056
0.111
0.376
0.074
2.303
1.999
2.221
1.152
3.824
3.28
3.527
0.076
1.788
2.571
2.502
0.024
10.095
0.135
0.047
0.322
2.52
0.155
2.209
1.539
2.814
4.289
0.518
0.154
0.109
2.433
0.053
3.049
6.241
0.052
0.202
3.681
0.17
1.847
0.649
0.177
0.584
1.99
1.225
2.572
3.035
1.894
0.045
0.084
1.803
0.055
2.718
0.114
1.297
2.102
0.349
0.933
5.177
0.376
0.166
3.091
0.164
4.849
0.097
0.476
1.809
3.439
0.925
0.028
0.061
0.374
0.49
0.501
0.056
0.193
1.194
0.039
1.068
1.849
2.655
0.084
0.305
0.027
1.898
4.455
0.178
0.752
0.275
1.569
0.032
0.045
1.64
1.421
1.001
6.046
0.031
0.578
0.02
0.022
0.018
0.152
0.299
0.361
0.499
1.004
0.124
1.343
1.96
0.559
1.356
0.297
1.198
0.594
0.613
4.37
2.586
0.055
4.098
1.777
0.069
0.569
1.79
1.452
0.181
0.088
7.055
5.166
0.031
2.569
0.144
1.601
7.151
1.508
3.061
1.398
0.969
0.342
2.319
0.176
2.194
0.427
3.396
0.438
0.04
0.147
0.143
0.292
1.352
0.116
2.384
0.267
5.512
3.101
1.661
4.781
2.205
2.438
0.215
4.481
0.051
2.347
0.055
0.146
1.612
0.079
4.475
0.017
0.061
0.177
1.689
0.393
0.133
0.738
2.346
0.169
0.626
0.266
0.584
4.405
0.063
0.343
4.63
0.072
1.207
0.063
1.371
0.867
2.001
5.144
0.083
0.257
2.096
0.173
2.172
3.592
0.915
0.175
0.145
0.029
0.028
2.619
0.051
0.25
1.295
0.03
4.979
1.819
0.396
7.686
0.853
2.444
2.893
0.829
1.47
0.222
0.151
0.157
0.13
3.954
3.973
0.327
0.141
0.145
6.937
0.192
0.032
1.326
2.109
0.237
1.357
3.149
0.223
0.539
0.183
0.95
0.211
3.698
0.585
0.065
0.137
0.055
2.935
2.396
2.561
1.706
3.656
2.307
1.43
1.928
0.037
0.599
0.142
1.802
0.257
0.055
0.228
1.44
4.204
1.686
0.076
1.861
0.059
0.09
2.794
1.665
2.309
0.15
3.288
0.346
0.12
0.018
0.055
0.505
0.205
2.885
4.673
8.027
2.452
2.513
0.287
0.051
1.766
0.018
0.143
0.531
0.285
0.113
0.049
0.563
0.07
0.155
2.059
3.089
0.525
0.113
1.245
0.063
2.474
2.461
0.035
0.322
0.179
2.684
0.064
0.069
2.923
2.655
0.278
0.618
0.033
0.06
0.851
1.21
4.902
0.299
0.132
3.061
2.705
0.065
0.053
2.165
0.439
0.026
0.107
1.76
0.075
0.523
1.643
4.349
2.469
4.144
2.005
2.152
1.606
2.477
1.872
0.426
3.111
0.021
0.214
4.205
0.646
0.313
0.085
0.063
0.051
0.554
0.151
4.115
1.208
2.902
2.03
1.726
0.22
5.615
0.053
0.115
2.959
3.302
0.129
4.373
0.048
0.143
3.156
0.28
1.826
2.765
0.272
0.412
2.348
2.504
0.317
1.865
1.91
0.138
3.208
0.291
0.031
5.747
0.668
0.162
2.581
0.179
4.017
0.912
0.333
1.429
0.16
0.161
0.381
1.89
0.102
0.028
6.103
0.119
0.039
3.682
3.71
1.568
0.244
0.026
2.212
0.18
0.136
2.295
0.3
1.623
2.417
0.059
0.239
0.148
0.112
5.217
2.105
4.471
3.218
0.669
0.035
0.09
0.032
1.57
2.742
0.092
1.625
0.021
0.034
0.343
1.848
0.036
1.832
0.051
0.087
2.575
0.413
3.188
5.311
1.851
6.449
0.125
0.396
0.04
2.053
0.071
1.687
0.066
0.124
0.092
3.605
0.071
0.026
2.769
0.084
0.094
6.394
1.093
0.801
1.614
0.103
0.111
0.112
7.054
1.95
0.828
1.561
0.076
0.058
2.517
0.053
1.626
2.157
0.116
1.467
0.03
2.223
2.954
3.063
1.832
0.262
1.587
3.828
5.55
4.042
3.91
0.337
0.27
0.338
1.588
1.747
0.056
0.8
0.305
0.015
0.024
0.092
0.69
2.853
2.198
0.084
1.902
7.213
0.11
2.112
1.66
2.528
0.076
1.462
0.619
1.437
0.197
0.27
0.049
2.307
0.072
0.042
0.602
0.272
1.254
0.091
1.436
0.304
1.637
3.903
0.431
3.625
0.169
0.049
0.067
0.393
0.047
2.118
1.327
0.159
0.175
0.049
0.885
0.105
0.041
1.849
4.276
2.442
5.667
0.229
0.127
3.281
1.312
0.946
1.473
1.227
0.033
1.701
1.715
1.532
7.479
0.109
2.402
0.194
0.107
0.328
3.286
1.526
0.066
0.215
0.161
6.904
1.796
1.695
0.397
3.278
1.5
0.969
5.142
2.123
0.252
0.031
0.282
1.081
0.493
3.184
3.455
0.536
0.24
0.416
0.307
4.114
0.069
1.912
0.075
0.103
0.094
0.167
1.515
2.977
2.07
0.036
0.258
0.415
2.964
0.615
3.081
1.432
0.033
1.728
0.114
0.368
0.076
2.033
0.023
0.199
1.153
0.185
0.398
0.027
0.037
0.911
0.394
0.122
0.175
1.49
0.162
0.341
1.782
0.343
0.067
0.648
2.619
0.995
0.546
1.316
0.262
2.367
6.969
1.933
2.033
0.031
1.352
1.104
0.28
1.755
0.047
0.442
4.592
0.153
0.224
0.112
2.828
0.393
0.127
0.167
0.057
0.23
2.974
3.462
8.001
0.136
6.792
0.155
0.219
0.176
1.771
1.536
0.069
0.166
0.026
0.048
3.921
0.151
2.784
0.033
4.772
3.085
0.332
0.302
2.452
0.132
0.044
0.165
10.969
7.436
0.081
5.064
0.655
0.176
0.208
1.737
0.271
0.248
4.827
1.78
2.348
0.669
0.098
2.975
0.022
1.764
0.251
2.465
0.486
1.519
4.83
3.251
5.301
4.543
0.088
0.056
0.115
1.644
0.054
2.069
0.43
0.12
1.419
2.542
1.917
0.033
0.163
1.537
0.132
0.123
0.494
2.075
0.992
0.061
0.214
1.603
0.071
0.492
0.082
0.155
3.839
0.383
1.902
0.146
3.692
1.183
0.106
4.56
2.893
1.151
0.078
0.135
2.371
0.4
0.029
1.217
0.056
0.064
6.474
0.25
0.596
0.182
2.867
0.104
2.092
1.804
0.223
4.313
0.037
2.914
3.466
0.129
0.055
0.179
0.187
2.55
0.066
2.853
0.128
7.279
1.958
0.17
2.056
2.819
0.078
0.023
0.923
1.023
0.165
0.054
0.739
2.535
0.224
0.094
0.377
0.078
0.054
0.189
0.946
3.774
2.922
0.432
0.553
2.262
0.379
4.441
1.854
0.056
0.2
2.713
2.148
0.078
3.183
0.055
3.54
0.2
0.137
0.113
1.831
7.556
0.236
1.9
1.342
0.395
1.652
0.036
5.221
1.262
0.075
0.74
0.1
0.162
1.296
0.062
3.125
0.396
3.497
0.091
0.067
0.03
6.277
3.236
0.319
0.049
2.902
0.529
0.097
0.031
0.098
0.109
2.682
3.974
0.105
0.129
2.817
1.926
0.498
2.663
8.55
2.307
2.092
2.07
0.126
0.244
4.43
0.158
0.189
0.042
0.055
0.174
2.029
0.072
1.87
0.543
0.852
1.9
0.081
0.25
0.018
0.028
0.102
1.431
0.132
2.319
0.018
2.777
0.071
0.105
0.031
0.048
0.047
2.73
9.906
0.024
2.084
1.056
1.561
0.019
0.118
8.326
1.465
0.045
2.035
2.468
0.177
0.452
0.933
0.421
1.69
0.089
0.518
0.264
0.113
0.781
1.419
3.188
4.444
0.272
4.797
0.012
4.274
4.628
0.257
0.164
0.405
0.63
4.45
0.806
3.288
2.523
1.098
0.142
4.331
1.374
2.832
0.125
0.144
2.213
0.381
1.906
0.28
0.287
6.916
0.212
0.202
2.417
0.239
1.503
0.379
7.025
0.165
3.556
0.193
0.183
1.366
0.671
2.27
0.15
0.152
0.234
1.239
0.974
0.022
0.109
2.006
2.126
0.035
0.08
1.538
3.883
0.187
0.71
3.54
1.524
0.059
0.069
0.264
1.58
0.732
0.059
0.097
0.472
0.033
0.466
1.329
2.613
3.703
0.555
0.382
1.181
0.921
0.368
3.201
0.034
0.407
0.053
0.103
1.156
4.501
0.048
0.841
0.096
0.039
1.097
0.932
0.211
0.151
5.882
0.025
0.102
1.725
0.04
1.124
2.578
0.268
0.064
1.161
3.117
2.817
2.101
0.082
0.013
1.838
2.363
0.137
3.759
2.678
0.526
5.009
1.363
1.117
1.621
0.075
4.362
1.751
0.643
0.035
2.246
0.289
0.094
0.264
2.668
2.243
1.172
1.089
0.104
0.569
1.278
1.009
0.227
1.298
0.159
1.563
0.177
0.147
0.133
1.509
0.2
2.588
1.819
0.054
11.304
0.131
0.134
2.643
0.134
0.236
0.146
1.29
5.065
2.907
3.408
1.51
1.222
4.175
1.803
2.289
1.122
0.178
1.002
3.267
0.037
3.563
1.799
0.144
0.035
2.018
2.121
0.07
0.085
0.066
6.269
0.155
1.084
0.07
0.33
0.202
1.771
0.028
0.136
1.619
2.568
0.109
0.692
1.281
0.066
0.803
1.902
0.048
0.053
0.728
3.2
2.924
2.148
0.19
0.159
0.422
2.577
0.096
0.031
2.944
0.128
3.077
0.038
2.104
0.032
0.042
0.867
5.904
2.213
0.188
0.117
3.755
0.095
3.878
0.178
1.309
0.076
1.802
3.388
2.54
0.083
1.81
0.066
0.566
0.14
1.394
0.299
1.712
0.056
0.077
1.396
0.3
0.142
0.149
2.531
2.595
2.055
0.286
1.004
1.726
0.07
5.804
0.455
0.479
2.51
0.018
2.797
1.181
0.331
1.36
0.215
0.726
8.095
2.944
1.952
4.111
9.101
2.731
2.239
0.081
2.618
2.491
1.591
1.56
0.762
1.442
2.301
3.179
0.194
2.885
0.06
0.036
1.606
1.175
3.981
1.953
0.152
0.394
2.387
2.551
0.345
0.131
0.569
0.04
2.803
2.138
0.107
1.876
0.927
0.762
2.667
1.912
0.222
0.03
5.137
0.206
0.052
0.293
1.828
0.074
0.043
0.074
0.043
0.085
9.62
0.086
0.037
0.052
1.086
1.048
6.633
0.059
2.0
0.655
1.327
0.329
0.251
0.085
0.214
0.203
6.393
3.412
2.417
9.123
0.134
0.419
2.277
4.433
1.297
0.098
0.698
0.071
0.376
0.189
0.093
0.348
0.299
1.354
0.059
0.691
1.588
1.346
0.499
2.171
0.042
0.084
3.546
2.225
3.809
0.054
2.799
1.857
1.6
9.404
2.139
0.311
3.355
7.862
2.553
0.041
1.847
2.917
6.422
0.042
4.59
0.071
2.06
4.931
2.045
0.082
1.438
0.128
2.091
2.683
6.504
0.233
2.362
0.097
3.729
9.828
0.354
4.315
0.039
3.97
0.115
2.183
5.532
0.142
0.374
0.038
0.105
0.237
0.149
4.518
0.159
0.176
1.367
0.036
1.92
0.059
0.663
0.027
3.42
0.214
1.708
1.451
0.092
0.115
2.695
2.336
8.013
1.519
0.029
0.045
0.268
0.171
0.355
2.057
5.65
0.556
0.035
0.098
0.053
4.452
0.11
1.446
9.897
1.738
1.527
1.02
0.113
2.166
0.08
1.81
0.157
0.139
0.099
0.117
1.409
0.944
0.229
1.997
1.219
1.81
0.049
0.298
0.029
0.054
0.985
9.044
0.424
0.481
6.498
1.354
5.105
2.247
0.256
0.054
0.204
3.666
2.402
0.199
0.212
3.732
4.292
0.736
5.489
0.08
0.102
1.086
0.046
0.309
2.342
2.335
1.443
1.788
1.566
4.791
0.158
0.064
0.162
0.724
2.835
2.501
0.415
0.527
1.864
0.053
5.308
0.447
1.993
2.889
0.157
11.021
0.064
0.026
0.14
0.025
3.984
4.227
0.161
0.09
0.145
0.066
0.144
0.522
0.54
0.05
2.494
0.048
1.685
0.34
0.075
0.515
5.268
0.229
1.532
0.032
5.052
0.368
0.293
0.187
0.05
2.41
0.043
0.228
1.474
3.925
0.172
1.436
6.802
1.498
0.187
0.407
0.213
0.029
1.811
4.288
1.355
0.087
1.691
0.059
0.089
0.042
0.25
0.967
0.222
1.562
5.152
0.206
0.314
4.361
0.059
2.595
0.027
1.808
1.544
0.109
2.104
0.089
1.145
0.025
0.477
0.116
4.418
4.522
0.043
1.054
0.815
0.083
0.045
0.67
0.781
2.366
5.341
1.393
3.48
1.226
4.086
0.506
0.063
0.264
0.367
0.106
8.551
0.023
1.895
0.063
0.262
3.647
1.987
3.639
1.958
0.042
0.571
0.057
3.007
0.975
2.334
0.211
0.045
2.276
6.002
2.558
0.127
1.037
1.659
0.069
0.063
1.25
0.071
0.019
3.589
0.433
1.404
0.067
1.89
0.033
3.655
0.027
5.739
0.449
1.157
0.047
0.016
0.245
0.084
3.674
0.337
0.151
0.061
0.229
0.258
2.116
0.262
1.72
3.55
2.559
0.085
0.14
0.059
0.075
2.014
1.204
0.784
0.338
0.801
0.139
3.899
3.237
0.052
0.274
2.292
0.013
1.286
0.07
0.028
0.075
0.215
3.904
1.886
0.272
10.529
0.038
0.147
7.452
2.438
0.029
0.066
5.342
1.649
0.155
2.387
0.085
1.075
0.033
0.282
0.036
0.027
0.036
4.033
0.258
1.849
0.125
0.209
0.05
0.469
2.177
0.215
1.3
0.256
1.87
0.042
0.839
0.136
1.304
0.047
1.499
4.699
2.377
0.031
0.06
0.133
0.107
0.214
1.758
0.446
1.771
1.807
0.215
1.835
0.092
1.602
0.803
0.087
0.074
1.596
0.088
0.084
0.716
0.113
1.394
0.143
1.558
0.017
0.065
0.762
0.013
0.215
1.579
2.015
3.978
4.121
0.208
0.15
0.091
0.698
3.973
9.083
3.124
0.32
0.042
1.682
2.499
1.729
0.23
0.119
3.018
0.299
1.597
1.592
0.549
0.744
0.041
2.841
0.678
2.91
0.051
0.039
0.56
1.711
0.155
3.402
0.824
0.033
2.573
0.837
0.061
1.226
2.073
1.568
0.131
0.386
0.096
9.091
0.059
0.406
0.395
2.361
0.017
5.598
0.059
0.685
0.028
1.391
3.031
2.899
2.885
0.608
0.063
0.916
0.02
3.255
0.223
1.461
0.062
3.085
0.098
1.115
0.086
0.177
0.142
0.194
0.962
0.479
6.545
0.343
0.224
2.069
0.197
0.037
0.2
0.095
2.046
0.149
1.848
3.164
3.184
0.041
0.492
1.56
0.442
0.179
0.113
0.263
1.898
0.238
0.964
0.022
0.214
0.067
3.569
0.124
4.162
2.721
2.155
0.189
1.649
4.496
0.936
0.102
1.699
0.075
1.665
0.204
4.599
0.213
1.887
1.702
1.243
0.023
3.035
3.286
0.299
3.322
0.702
1.764
2.232
0.278
2.05
0.019
2.554
0.323
2.379
2.389
1.476
0.051
0.166
0.118
0.567
0.135
0.021
0.016
0.026
2.922
0.354
3.238
0.293
0.067
0.623
0.257
8.203
0.391
4.617
0.034
1.751
0.28
1.349
5.617
2.143
0.021
1.763
1.814
2.493
0.162
5.009
0.749
1.903
2.638
0.51
0.081
1.828
0.148
0.242
0.042
0.467
0.16
2.77
0.198
1.922
0.072
0.038
6.069
0.052
0.041
0.235
1.395
1.671
2.58
0.04
0.041
0.079
0.017
0.091
1.302
1.814
2.314
3.566
0.238
0.352
2.873
3.991
4.25
0.081
0.038
0.078
4.338
7.827
0.776
0.061
3.218
1.537
0.29
0.571
0.335
0.39
1.632
0.196
1.659
0.122
0.017
0.039
3.263
0.177
0.12
4.303
0.393
0.776
0.397
0.044
1.257
0.359
0.092
0.151
4.911
0.116
1.374
1.008
0.57
2.509
4.85
7.742
1.662
0.082
1.909
2.27
0.225
0.22
0.062
0.081
4.038
0.407
6.09
4.107
3.074
0.858
0.128
0.036
0.081
2.872
0.026
1.665
1.746
1.948
0.247
0.033
2.621
2.755
0.102
3.419
3.182
0.067
1.202
4.033
0.5
0.25
0.955
1.997
4.537
0.13
3.839
0.071
2.657
0.474
0.151
0.787
1.947
0.073
0.184
3.199
0.026
2.474
1.602
5.864
0.398
0.063
2.296
2.275
4.958
0.256
0.209
0.028
0.617
0.029
2.789
2.515
0.135
2.365
0.604
0.144
2.195
1.277
0.032
0.712
0.051
1.722
1.445
0.267
0.975
5.139
0.061
0.072
1.335
2.588
7.947
0.107
0.094
2.377
1.155
2.008
1.616
1.947
0.322
0.319
0.483
2.3
3.079
1.51
0.067
1.11
0.387
0.134
1.61
6.773
0.113
0.145
0.271
2.552
0.093
0.081
0.29
1.477
0.173
4.194
0.735
0.062
0.843
0.056
0.216
2.094
0.807
1.728
0.691
0.091
0.326
0.114
1.068
2.445
1.75
4.13
0.085
3.99
0.516
0.555
0.098
0.416
0.922
2.127
0.499
0.13
0.536
0.178
0.057
8.226
3.775
2.485
0.44
0.725
0.045
0.022
3.232
1.951
0.652
0.224
1.852
0.095
0.17
0.155
4.182
0.062
0.772
1.267
1.998
0.051
3.234
0.089
2.152
0.589
0.02
0.353
0.295
0.818
0.343
0.325
0.057
2.006
1.48
0.029
0.103
0.037
0.129
1.459
4.534
0.328
0.838
1.893
0.188
1.675
2.646
0.115
2.644
3.634
3.349
1.16
1.844
0.173
0.403
5.509
4.598
1.164
0.311
1.768
1.77
0.902
0.099
0.093
4.684
1.175
1.138
0.113
0.083
0.567
0.097
0.042
0.309
2.813
4.882
0.551
0.1
0.038
0.103
0.788
0.201
5.951
0.559
0.044
0.1
0.195
2.815
0.062
6.236
2.059
2.096
1.409
1.165
0.051
0.067
0.173
0.028
0.697
1.674
0.06
0.998
0.142
0.118
2.567
0.054
0.083
0.094
6.946
0.089
2.308
3.08
3.524
5.718
0.317
0.149
1.288
0.039
0.862
1.988
0.029
2.837
0.741
1.293
3.298
8.152
0.097
0.116
2.035
1.512
2.082
2.071
0.542
1.143
2.203
0.044
0.164
0.125
0.054
0.671
2.869
0.081
0.228
0.11
2.132
0.799
0.061
0.415
3.212
2.428
1.564
0.232
0.065
0.175
0.389
3.006
0.05
0.031
0.232
0.272
0.125
0.116
0.059
3.194
0.17
0.205
0.549
0.184
0.22
0.212
0.238
0.461
0.016
1.438
0.29
1.378
0.195
0.442
0.023
1.5
0.053
0.51
1.66
1.836
0.203
0.05
1.731
1.557
0.128
2.075
0.03
1.728
0.781
2.735
0.835
0.031
0.126
0.171
0.044
0.304
1.589
0.433
0.125
0.125
0.043
3.12
2.304
0.108
0.131
1.518
4.027
0.248
0.702
2.024
0.075
3.318
0.12
0.694
0.205
0.084
0.098
0.116
0.035
0.955
1.758
0.086
0.071
2.625
0.696
0.063
8.353
0.023
0.163
3.426
0.255
3.474
0.102
1.918
0.048
0.054
0.194
0.05
4.776
1.373
0.047
1.792
0.049
1.239
0.243
0.203
0.043
7.102
0.031
0.249
0.254
0.103
0.183
1.955
1.786
2.427
0.112
0.172
2.131
2.094
0.196
0.196
0.027
0.179
0.163
0.085
0.122
4.742
0.237
0.321
2.696
2.965
0.18
1.731
0.174
0.335
0.809
6.019
2.609
0.047
3.457
1.89
2.171
0.037
0.279
5.1
0.127
5.104
10.185
0.047
2.728
0.062
0.093
0.261
1.283
0.156
0.296
0.399
0.692
0.054
0.061
6.948
1.361
0.05
3.539
1.163
1.197
0.035
0.099
0.443
0.031
0.095
0.346
0.258
0.189
1.546
1.22
1.687
0.358
0.132
0.082
1.168
3.007
0.123
0.292
3.338
0.095
0.164
0.118
0.147
2.553
0.161
0.045
0.092
6.229
0.03
1.824
0.019
4.543
3.426
0.089
0.049
9.193
0.046
5.202
3.471
7.346
0.299
0.06
1.068
2.531
0.2
1.022
0.718
0.217
3.417
0.268
0.221
1.965
0.657
0.378
1.669
0.045
0.159
4.072
0.092
2.326
0.146
0.285
4.371
3.734
0.069
2.084
1.918
0.025
1.189
0.556
3.33
0.1
0.081
1.219
0.98
3.362
5.095
2.113
2.027
3.023
6.744
0.024
2.161
0.026
0.016
0.514
0.013
1.672
0.046
2.756
0.058
10.781
1.624
0.021
0.685
0.217
3.867
2.08
3.587
0.08
0.093
3.599
0.105
1.46
0.12
0.253
0.261
0.503
0.022
2.087
0.799
1.155
1.209
0.819
0.182
1.367
5.185
0.103
1.842
0.068
0.259
2.573
0.416
0.113
1.454
2.732
0.252
5.136
1.11
1.64
0.091
0.062
0.041
0.095
0.184
4.444
0.085
3.104
0.226
6.975
0.361
0.116
3.339
6.458
0.707
2.054
0.209
0.116
2.603
0.109
4.239
0.53
0.408
0.651
3.316
0.18
1.004
3.282
0.086
0.143
4.506
5.041
0.278
0.08
0.091
0.096
1.109
1.571
0.312
0.062
2.82
2.704
2.673
5.822
1.852
0.104
5.023
1.933
0.205
0.457
3.142
0.106
1.264
1.83
3.743
0.986
2.999
0.171
1.257
0.054
0.079
0.022
0.559
0.306
8.383
1.457
0.132
0.296
0.087
2.953
5.009
5.185
1.573
0.614
0.421
0.161
6.909
4.484
1.606
3.939
0.047
3.049
4.19
0.054
0.34
0.052
0.092
0.564
2.493
5.348
2.451
0.212
0.174
0.067
3.441
0.723
0.216
0.33
4.363
0.211
1.677
4.986
0.305
0.126
0.022
0.459
0.598
1.51
9.555
0.274
0.228
2.698
5.899
1.507
1.345
0.053
0.249
0.167
0.104
1.083
0.056
0.122
0.054
1.338
0.147
0.065
8.3
1.553
4.466
0.616
1.444
0.38
0.496
3.911
0.079
0.14
1.75
0.599
0.36
1.247
0.029
2.473
3.456
0.123
0.176
0.112
1.367
4.122
1.076
0.971
1.74
2.435
0.65
0.657
0.09
0.197
0.024
4.934
0.116
0.456
0.081
1.847
0.058
3.871
0.097
0.331
1.409
0.105
0.096
1.569
3.706
0.254
0.047
0.796
2.863
2.267
0.038
0.735
2.252
1.393
1.95
3.427
0.178
3.391
1.834
0.468
0.523
0.276
0.263
2.559
0.094
1.656
2.347
0.28
0.209
0.957
1.682
1.059
1.461
0.068
0.121
0.804
0.344
2.739
1.211
0.236
0.082
0.043
0.258
2.075
0.692
0.893
0.051
1.662
0.217
0.252
0.175
0.072
5.666
0.04
0.056
1.786
1.194
0.12
1.724
0.145
0.111
0.072
1.654
5.727
0.215
1.803
0.855
0.05
3.614
2.887
0.218
0.119
0.171
0.343
1.25
2.087
0.885
0.723
0.119
0.113
0.501
0.26
0.086
0.156
0.322
0.055
5.315
1.346
2.896
1.913
0.133
0.942
1.957
0.019
0.095
1.134
0.496
0.068
0.291
2.259
1.504
1.673
0.054
1.143
0.118
0.035
3.683
4.829
0.06
0.173
0.052
1.826
0.332
1.182
0.108
3.407
0.12
1.078
0.049
0.05
1.286
2.633
2.214
0.174
1.843
0.1
3.577
0.109
0.08
3.679
1.422
1.7
4.048
0.174
1.323
0.056
0.228
6.431
5.028
1.657
0.747
2.917
0.047
9.19
0.282
0.041
2.651
2.333
0.733
2.022
1.065
1.289
0.063
0.662
2.81
1.735
0.049
0.345
0.045
0.361
0.359
0.041
4.328
0.091
0.036
0.218
2.314
0.152
0.057
0.064
0.289
0.455
0.165
2.57
0.838
0.038
1.603
4.549
3.895
1.542
0.41
1.689
3.943
0.179
0.374
1.61
1.66
0.313
0.291
0.397
2.493
1.905
2.644
0.217
0.721
0.195
1.469
0.33
0.058
0.109
3.11
0.03
1.112
0.317
0.048
0.223
3.288
2.969
2.034
0.05
1.12
1.626
0.053
0.678
0.084
0.397
0.275
0.04
0.194
0.168
2.586
2.316
3.315
1.884
0.273
1.182
0.036
0.264
0.064
2.185
5.5
0.063
0.516
2.033
0.088
0.097
3.081
0.246
1.883
0.033
2.435
2.823
3.704
0.161
0.112
0.029
0.646
0.132
3.941
0.105
1.279
2.887
0.499
0.228
0.049
1.81
0.696
0.071
3.73
0.02
3.008
0.253
2.744
0.915
1.88
0.06
4.568
2.167
1.228
2.765
0.222
3.408
0.553
1.069
0.122
0.439
0.093
1.94
1.913
0.134
0.16
0.949
0.037
2.307
2.26
0.054
0.594
1.99
9.779
0.18
1.802
0.104
0.213
2.649
1.034
0.107
0.123
0.016
1.487
0.319
3.555
0.05
0.219
0.335
0.176
0.27
0.034
2.479
0.972
1.285
2.593
12.776
0.907
0.078
0.051
0.332
0.605
5.516
3.877
1.652
0.057
4.734
0.111
2.77
0.029
3.261
0.446
1.388
0.088
0.025
8.044
0.117
9.138
7.707
4.526
1.523
0.108
1.189
1.948
0.03
0.087
0.403
0.848
0.132
0.503
3.245
3.804
0.184
1.497
0.057
0.289
4.695
1.91
0.26
5.551
0.018
1.514
0.19
1.217
0.944
4.819
1.218
1.821
0.1
0.864
3.164
2.137
0.458
0.232
0.064
0.097
3.733
2.9
4.373
0.095
4.049
0.584
0.095
0.151
1.271
1.246
2.691
0.026
2.756
3.534
0.062
2.821
0.043
0.092
0.316
2.734
0.217
0.062
2.781
3.533
3.528
1.522
0.134
2.365
0.214
0.364
3.107
2.907
3.228
0.114
0.109
1.676
6.778
0.909
1.255
1.456
1.58
0.654
0.021
1.789
0.028
0.065
0.106
1.162
0.291
0.031
2.341
1.32
3.845
5.933
0.072
1.773
0.83
0.169
1.821
0.354
0.097
0.18
1.388
0.499
1.973
0.674
1.356
2.438
3.145
3.859
0.035
2.588
0.415
0.385
1.259
2.242
0.088
0.288
0.566
0.036
0.584
1.477
2.136
1.137
0.027
1.362
0.071
0.157
0.348
1.101
0.355
1.396
0.334
0.149
2.951
0.228
0.113
0.187
0.246
0.589
0.054
0.192
0.578
2.719
0.044
3.028
0.153
1.321
0.211
0.036
3.079
3.436
1.861
0.457
0.125
0.071
0.106
0.297
0.322
0.042
0.75
1.671
6.23
2.534
0.009
0.05
0.361
2.2
0.078
3.594
0.111
1.799
2.064
2.869
0.195
0.297
0.124
1.411
0.037
3.317
0.689
0.049
1.419
0.051
0.179
0.179
3.422
2.211
1.989
0.056
1.59
1.546
0.838
2.685
0.531
0.062
2.428
4.908
0.31
0.743
0.034
0.103
1.506
4.62
0.428
0.443
3.517
2.181
0.07
1.749
2.444
0.037
2.751
0.027
2.252
0.046
0.409
0.33
4.422
0.113
0.297
0.161
2.072
0.321
0.257
1.589
5.41
0.054
0.31
0.145
2.524
0.855
0.323
0.636
2.623
0.389
3.01
0.073
0.108
1.223
0.203
2.353
2.41
0.047
6.585
3.468
8.449
0.033
0.436
1.437
1.005
0.495
3.583
0.021
0.038
0.097
1.835
2.837
0.571
6.911
3.437
0.187
0.226
0.248
0.086
0.066
0.11
1.773
0.12
6.395
5.014
0.021
3.454
0.309
0.943
1.779
0.74
0.353
3.3
5.653
1.814
0.025
2.766
2.475
0.417
6.014
1.238
3.292
1.463
1.687
0.127
0.169
0.922
0.029
2.144
0.197
0.44
0.191
0.061
5.758
4.463
3.247
0.109
0.117
2.494
0.155
0.115
6.105
0.104
0.07
4.946
5.676
0.031
2.43
0.083
3.565
3.636
0.493
0.41
0.645
4.818
3.406
0.251
0.139
4.265
0.797
0.205
5.22
4.515
5.049
0.753
2.337
1.566
0.015
0.054
0.559
0.559
6.42
0.459
4.736
2.036
1.51
3.788
11.571
0.284
0.129
0.781
4.623
0.141
0.801
0.227
0.061
0.547
0.025
1.086
0.187
0.119
0.042
0.049
0.116
0.027
1.936
1.48
2.029
0.044
1.568
2.01
0.183
2.154
0.112
1.916
0.173
0.962
1.614
0.05
1.807
0.273
0.11
4.289
0.037
1.716
0.257
1.659
0.112
0.067
0.253
0.169
2.636
1.951
0.057
0.221
0.107
0.195
0.908
1.615
0.203
0.987
0.2
0.155
0.04
0.288
0.154
3.438
0.256
0.052
0.442
2.591
0.044
0.039
0.052
1.388
0.166
2.026
1.305
1.438
0.427
0.061
0.044
1.476
0.124
0.278
0.33
2.565
0.094
0.327
0.203
0.142
3.719
0.023
0.54
0.068
1.62
0.495
0.126
2.141
1.414
1.754
0.218
0.053
0.086
0.126
4.524
6.114
0.836
1.777
2.051
0.098
5.734
1.823
0.192
0.088
0.129
0.099
0.033
0.087
0.072
3.87
1.069
1.413
0.033
0.075
7.905
6.783
0.148
0.072
10.433
1.812
2.139
0.171
2.246
1.496
0.137
0.241
0.095
0.318
0.236
0.047
0.092
0.083
0.529
0.441
0.114
0.064
0.02
4.831
0.02
0.995
0.029
0.131
7.09
0.02
0.057
3.463
1.534
1.541
2.351
2.903
0.191
2.281
0.202
0.013
1.617
2.155
0.156
2.055
0.102
0.121
0.334
0.276
0.71
5.521
0.131
0.056
1.901
0.033
1.307
1.275
0.229
0.204
0.04
0.086
1.824
1.926
5.038
0.128
0.482
1.37
0.028
0.038
0.219
0.374
0.568
2.009
0.396
0.363
0.436
0.322
1.947
0.204
0.294
0.083
0.141
0.468
0.078
1.519
0.039
0.246
1.373
2.085
0.45
3.697
1.776
0.096
0.265
1.404
0.06
1.878
1.121
1.659
3.523
2.981
0.234
1.462
0.87
0.663
1.681
0.053
0.203
0.427
0.213
0.163
1.453
0.442
0.218
2.921
1.82
1.863
0.558
0.067
0.636
1.228
0.359
0.018
2.449
0.781
0.01
1.745
1.866
4.87
4.107
0.039
0.178
3.879
1.244
1.399
0.063
0.135
0.27
0.023
2.487
0.047
5.751
1.322
1.802
3.072
1.501
0.088
1.646
7.906
2.358
2.25
0.174
2.387
0.523
0.216
0.946
4.311
0.739
0.146
1.979
0.463
0.068
0.225
0.736
3.058
1.407
2.094
0.453
1.028
1.869
0.116
2.319
0.1
0.298
1.25
1.429
0.75
3.551
0.077
3.11
0.574
0.14
0.286
3.942
0.197
3.685
0.534
0.09
0.07
2.66
2.445
1.63
4.139
2.979
2.082
0.057
2.553
0.324
0.468
2.744
1.692
9.926
1.021
0.453
2.106
0.137
0.762
0.265
0.381
0.225
0.089
1.595
1.349
0.674
2.448
0.05
0.099
0.022
1.356
1.712
1.218
0.137
0.504
2.021
2.62
2.813
1.122
0.101
0.043
0.667
0.085
0.206
2.812
0.066
0.142
0.098
0.159
7.013
0.038
0.852
1.834
0.133
1.989
0.079
2.925
0.124
0.027
0.021
2.554
0.282
0.158
0.136
2.081
4.877
1.336
0.037
4.196
0.153
0.813
2.406
0.217
0.372
4.058
1.011
0.126
0.214
0.063
0.338
0.034
3.412
2.565
1.796
2.173
3.801
0.065
0.489
0.239
0.084
0.409
2.816
0.376
0.127
0.987
1.8
6.465
1.314
0.037
3.132
2.19
0.048
1.808
0.087
0.036
0.23
2.487
2.426
0.69
0.07
2.201
0.827
1.122
1.298
0.996
0.157
7.966
0.043
3.136
0.105
0.133
0.017
0.032
2.989
2.407
2.754
3.888
3.971
0.025
0.91
0.077
0.503
0.055
2.399
0.156
2.413
2.114
0.031
0.239
0.558
0.156
1.702
0.056
4.993
3.093
0.049
1.177
0.278
2.45
1.635
3.973
0.156
1.809
1.363
1.852
0.027
0.256
1.802
4.456
0.042
2.077
3.296
0.902
1.525
0.048
0.347
0.099
0.052
4.195
1.76
7.693
0.143
0.333
0.187
2.25
0.031
0.022
17.228
0.077
0.058
0.017
0.034
9.667
0.137
3.41
0.047
1.656
0.196
1.695
1.375
2.459
0.163
0.041
2.205
0.159
0.12
0.038
0.164
0.103
0.078
2.396
3.485
2.708
1.402
0.269
0.636
0.17
0.265
0.512
4.24
0.169
0.458
1.475
0.689
0.438
0.152
0.772
0.487
0.04
0.145
0.216
5.187
1.474
3.162
0.884
9.111
3.539
1.3
0.157
1.024
1.008
0.343
0.448
3.752
2.209
1.646
0.033
0.062
1.678
0.979
2.199
0.28
0.967
0.101
2.905
0.156
3.39
0.67
2.92
6.832
1.464
0.193
0.041
0.053
0.502
0.028
2.323
3.679
0.876
1.63
6.521
0.019
1.122
0.099
0.078
3.499
1.745
1.06
1.558
0.841
0.198
6.528
0.241
0.029
3.293
0.492
2.178
2.248
0.439
0.035
2.223
4.685
1.367
0.248
0.19
0.018
1.29
0.214
0.056
0.054
0.028
0.014
1.23
3.052
2.124
0.852
0.818
0.044
0.524
0.027
3.527
1.806
0.052
0.1
0.08
0.217
3.183
1.251
1.669
4.925
0.12
0.016
0.049
3.472
1.162
0.145
4.216
0.67
0.184
2.768
1.535
0.082
1.291
0.56
1.431
8.229
0.077
0.107
2.141
0.89
0.113
0.517
0.33
0.089
0.493
0.215
0.215
2.387
0.117
0.467
0.033
2.236
2.511
0.559
0.24
0.045
1.029
1.226
1.918
11.233
0.042
0.139
1.021
3.03
5.689
2.088
1.911
0.258
0.269
2.216
1.793
2.215
0.216
0.034
3.808
0.155
0.457
0.84
1.358
3.575
3.666
1.866
0.25
1.726
0.853
0.577
3.012
0.1
2.203
0.067
0.405
4.563
2.832
0.476
2.356
1.017
0.945
0.054
0.249
2.024
0.297
0.166
1.556
1.127
0.101
0.057
0.253
0.049
0.082
1.738
3.991
0.124
0.025
0.335
0.042
3.135
0.04
0.131
0.15
0.347
5.397
0.027
0.076
0.563
1.477
0.215
2.092
0.053
0.354
0.191
0.046
1.508
2.452
0.372
2.883
2.124
1.939
0.361
1.705
2.251
0.059
0.039
2.618
1.429
0.215
0.925
0.378
0.861
3.629
1.488
0.431
1.794
1.41
0.113
1.976
5.092
1.319
0.314
1.568
0.03
0.147
0.911
0.108
0.263
0.037
0.077
0.036
2.482
1.53
0.051
0.039
8.945
3.939
2.93
1.806
1.99
0.16
0.482
1.872
0.165
0.815
0.135
3.586
2.829
0.477
0.262
0.128
0.36
0.063
1.522
8.919
0.261
1.542
1.574
3.657
2.32
1.514
1.362
8.359
0.076
0.998
0.741
0.072
2.567
0.06
2.556
0.123
3.295
3.426
4.488
0.047
0.272
4.787
0.036
0.035
3.337
0.63
0.362
0.158
3.429
0.151
1.893
0.127
0.387
0.146
0.248
1.304
7.672
3.159
1.418
0.78
0.073
0.176
6.354
0.077
0.067
2.034
2.217
1.304
0.084
0.039
0.173
1.964
0.209
0.139
0.114
4.32
0.401
2.22
1.656
0.235
1.643
3.46
1.738
4.435
0.311
1.55
2.732
2.678
0.133
1.5
0.384
0.372
1.706
2.025
0.076
0.056
0.069
1.648
3.833
0.216
0.083
0.047
1.906
3.337
2.242
2.064
2.059
2.553
1.643
6.24
0.03
5.416
2.765
0.586
0.678
0.088
0.05
1.833
0.323
0.154
0.035
0.031
0.229
2.561
0.171
5.741
0.122
1.047
1.536
1.611
1.862
0.063
0.15
0.102
0.194
0.049
0.91
3.111
1.518
0.023
1.505
0.949
0.106
0.092
0.087
0.167
0.018
0.315
0.788
0.033
3.328
1.613
0.047
0.107
3.168
0.071
0.099
3.639
2.841
0.04
0.119
4.173
0.915
1.795
2.601
0.294
3.672
0.215
6.212
0.088
3.926
0.035
0.168
1.648
0.535
2.048
1.401
0.122
1.45
1.99
0.021
0.369
1.818
0.026
0.268
0.997
1.41
0.054
0.081
1.306
0.107
4.087
4.097
1.071
0.154
3.952
0.031
4.429
0.047
0.122
2.154
0.057
0.084
1.118
0.123
1.27
1.445
0.048
0.026
0.115
2.976
0.197
1.716
0.015
1.421
0.086
4.751
2.063
0.451
4.423
1.14
0.059
1.816
0.078
1.293
0.029
0.022
0.069
0.304
0.037
0.059
0.387
2.885
1.275
0.093
0.046
0.032
0.073
0.371
0.071
2.301
1.602
0.025
0.275
0.216
0.273
3.316
4.711
2.302
1.55
2.286
1.742
0.218
0.295
0.147
0.084
3.677
0.076
5.135
0.051
0.37
1.392
0.133
0.938
0.54
0.086
1.524
1.835
3.582
3.05
0.055
1.163
4.676
1.62
2.53
2.323
0.083
0.056
0.065
4.777
0.765
0.062
0.121
0.076
0.192
0.068
0.181
3.112
1.184
2.681
0.075
1.826
0.119
3.102
2.36
0.066
1.816
0.186
0.506
0.073
0.14
0.042
2.047
0.127
2.394
0.471
2.619
1.447
2.296
0.06
0.027
3.036
1.467
0.136
3.399
0.19
9.214
0.062
0.13
1.491
1.768
0.161
1.697
2.108
1.197
2.822
2.221
2.386
0.309
0.039
0.137
0.119
0.118
1.973
0.155
2.984
3.545
2.721
0.5
0.214
2.018
0.141
0.137
0.073
2.115
1.674
1.686
1.056
0.711
0.651
8.209
0.307
1.559
3.575
0.157
0.149
0.239
2.362
5.105
1.165
0.308
0.139
1.108
1.28
1.53
0.105
2.433
3.541
3.869
7.068
2.029
0.08
1.51
6.736
0.043
3.302
0.595
0.223
2.602
0.042
0.131
3.976
0.082
4.17
7.138
0.035
4.998
0.099
0.077
0.446
2.016
1.451
3.245
2.21
0.041
5.343
0.102
2.243
0.227
3.608
2.645
0.947
0.639
3.969
2.237
1.577
0.372
0.058
1.458
1.588
2.659
0.127
0.045
3.932
4.815
6.096
1.324
0.319
3.931
0.316
0.111
0.038
2.111
0.526
0.123
0.033
2.21
0.062
4.142
0.033
0.257
4.545
2.36
1.802
0.251
0.194
2.242
0.206
2.016
0.171
1.618
0.238
0.079
0.428
3.363
2.292
0.425
0.056
0.037
0.06
1.064
2.539
0.052
2.342
0.271
0.034
0.121
0.148
0.226
2.03
0.32
1.034
0.055
0.025
6.429
1.238
1.706
3.212
0.971
7.144
2.401
0.128
0.116
0.086
0.203
0.036
0.581
0.029
1.978
1.321
1.495
0.128
1.719
0.106
3.189
0.26
0.057
0.255
0.717
2.676
0.131
0.137
1.034
1.756
0.187
0.204
0.04
0.141
1.085
0.059
1.306
0.178
3.955
0.069
0.246
0.367
0.511
0.036
0.053
1.742
0.222
2.032
0.038
1.533
0.059
1.327
2.209
0.042
2.765
2.242
1.358
0.22
0.426
2.359
0.08
0.045
0.106
0.133
0.117
1.455
0.193
0.122
8.669
0.074
2.308
7.259
1.79
0.047
0.115
1.213
0.55
2.624
3.074
0.112
0.012
0.123
0.085
1.774
1.517
0.076
0.204
5.478
5.737
2.928
2.816
0.089
0.105
1.573
0.046
0.302
1.862
1.63
1.711
0.2
0.129
3.484
1.92
1.461
1.556
5.149
0.109
0.124
1.572
0.203
0.163
0.294
4.014
2.299
4.014
2.143
0.077
2.866
0.19
1.861
7.522
0.043
1.317
1.545
1.879
2.878
0.764
4.842
0.074
4.844
0.191
4.212
5.111
0.029
1.448
3.186
4.738
0.405
1.661
2.899
1.339
0.038
0.577
1.634
0.389
0.477
1.049
1.327
0.076
0.101
0.102
0.212
1.113
0.67
0.462
1.714
7.601
4.228
0.882
0.067
0.18
2.373
0.127
5.601
0.22
0.045
0.331
0.118
1.944
1.833
1.38
0.156
1.279
0.07
4.708
0.58
0.037
3.162
2.023
0.796
0.268
0.102
0.112
1.351
0.183
0.386
0.128
2.594
0.126
0.663
0.333
0.079
0.078
5.813
5.076
1.717
0.116
1.539
0.22
8.55
2.282
8.98
3.503
1.319
1.995
3.789
0.051
0.036
1.188
4.453
5.906
2.241
0.051
1.326
2.0
1.63
0.046
2.481
0.435
4.416
0.291
3.338
2.081
0.063
0.456
1.776
0.025
0.062
0.532
0.174
0.09
1.52
2.655
0.082
0.041
6.233
0.073
0.062
0.037
4.406
0.102
5.476
0.712
0.048
0.06
0.142
0.188
0.232
0.461
0.783
2.352
0.172
1.097
0.087
0.111
0.164
0.102
3.536
0.014
1.625
0.07
0.86
0.04
2.657
0.186
3.682
8.338
1.608
0.026
1.407
0.46
0.947
0.278
0.049
4.442
0.033
0.09
1.39
0.18
0.375
1.08
1.925
2.882
0.1
0.04
0.171
0.019
1.202
0.646
0.823
0.052
0.161
0.55
3.187
0.05
1.846
1.958
0.137
0.182
8.059
1.804
1.456
3.792
0.046
0.27
0.077
2.658
1.459
1.567
3.275
0.048
0.249
2.417
0.774
7.696
0.154
0.131
3.07
1.615
2.737
7.119
4.489
0.073
0.315
1.546
0.038
0.114
6.762
0.037
2.105
0.334
2.085
3.379
0.037
0.088
0.023
0.32
0.049
2.898
1.182
1.642
0.104
2.481
0.115
0.047
8.233
0.525
2.071
1.763
2.048
0.041
1.78
5.902
1.24
3.221
0.049
0.175
0.184
4.189
0.095
0.195
0.119
0.81
0.445
0.657
2.19
0.083
0.97
1.962
2.193
0.075
1.279
4.46
1.438
0.993
0.28
0.351
2.314
0.451
2.551
1.85
0.259
2.107
0.064
1.108
2.114
0.142
0.062
11.283
1.804
2.587
2.736
0.097
1.912
6.515
5.753
2.388
0.218
1.877
5.862
0.07
0.017
0.32
5.82
0.038
2.974
2.026
0.348
2.462
0.205
2.91
2.74
0.455
3.678
0.843
0.299
0.303
1.9
0.363
2.649
0.071
0.592
0.192
0.05
5.759
0.704
2.312
0.611
3.288
0.025
3.269
2.333
0.059
0.033
0.997
0.051
1.995
1.497
8.782
0.688
1.895
0.076
0.2
1.069
0.043
0.023
2.081
1.691
0.049
0.299
3.53
0.155
2.271
1.621
0.134
0.235
7.141
2.467
0.242
4.109
2.957
0.216
0.133
3.445
0.104
0.115
0.05
6.72
2.816
0.062
0.021
0.049
1.427
2.118
0.029
0.042
1.931
0.902
4.883
0.149
0.132
0.089
1.893
1.348
0.071
0.456
0.356
0.05
2.691
0.732
0.26
0.145
1.622
4.631
0.07
0.093
0.843
2.251
2.234
0.076
5.03
2.002
0.501
0.085
1.976
1.253
0.452
10.314
1.289
1.651
0.184
0.171
0.235
1.425
0.044
2.404
0.074
0.919
0.037
0.038
0.051
3.312
7.922
2.81
6.948
0.031
0.037
4.784
1.643
0.042
0.14
0.121
0.159
0.236
0.067
2.798
0.03
0.142
1.404
0.962
4.994
0.286
1.526
0.959
0.222
1.246
0.125
0.083
5.268
0.033
1.49
1.438
0.354
4.884
0.532
0.188
1.53
3.012
0.05
3.416
2.154
2.875
0.175
0.213
0.227
1.643
0.099
2.61
0.048
0.035
0.211
0.424
0.293
0.094
0.341
1.34
0.057
0.316
0.563
0.027
0.079
2.77
3.808
0.116
3.638
0.142
0.213
0.052
0.104
0.715
0.014
2.899
0.197
5.117
2.247
0.303
2.508
0.022
0.092
0.03
0.153
2.123
1.061
0.092
4.322
0.052
0.72
0.571
6.101
2.504
0.878
0.108
0.015
3.547
3.443
0.287
0.041
9.387
0.177
0.23
0.096
0.135
0.27
0.127
0.283
3.327
2.605
3.008
1.723
0.231
4.726
0.092
0.702
1.255
0.067
2.659
1.279
0.071
0.27
0.035
1.291
1.257
0.098
1.27
0.303
3.289
2.974
0.09
3.261
0.101
0.396
0.137
0.054
0.34
0.457
8.227
3.797
0.082
0.063
1.531
0.109
1.794
1.689
0.17
0.018
3.133
0.456
7.281
2.959
0.114
0.84
3.252
2.175
1.664
1.511
0.663
0.135
0.312
0.128
0.027
1.08
0.095
0.676
1.218
1.084
2.722
0.167
0.139
0.27
1.621
4.62
0.167
2.645
1.503
2.275
1.561
0.133
2.215
0.045
0.131
6.378
0.125
0.276
1.505
3.493
0.094
5.722
0.059
0.062
6.692
5.789
0.053
2.349
0.038
4.775
4.223
0.857
0.061
2.307
0.171
0.652
0.466
1.232
0.169
0.021
2.95
4.276
1.751
0.958
0.08
0.14
2.616
1.642
4.509
0.243
0.215
1.152
0.219
1.537
4.331
0.091
13.333
0.049
1.661
0.153
0.3
2.229
0.242
1.652
3.004
0.564
0.164
0.262
2.019
2.714
3.035
0.52
0.414
0.084
0.128
0.141
0.384
0.359
1.791
1.762
2.899
1.168
0.106
3.564
0.524
0.074
0.387
1.195
0.101
2.14
0.344
0.147
0.504
4.228
3.609
6.808
2.479
0.172
0.062
1.757
3.284
1.717
3.336
0.053
2.572
1.246
1.542
3.774
0.139
0.366
0.313
0.238
1.246
0.539
0.075
3.227
1.643
0.211
0.026
0.195
0.105
0.043
8.004
0.937
0.13
0.054
0.936
2.97
0.254
0.064
0.25
2.18
3.963
0.103
0.144
0.172
1.95
5.682
0.055
0.383
0.062
0.219
2.702
6.198
0.543
1.401
1.205
0.077
1.209
0.227
1.22
0.106
0.335
1.555
5.062
0.335
0.032
0.058
4.47
2.141
2.116
1.599
0.324
0.976
2.011
6.94
0.419
2.311
0.671
10.08
0.068
0.218
0.079
0.035
1.595
0.425
2.418
0.053
1.943
1.036
1.719
0.131
3.259
0.144
0.164
0.096
0.05
1.436
0.304
2.932
0.586
2.671
0.104
0.329
0.029
3.16
2.36
0.148
4.701
0.125
4.622
1.353
0.021
0.24
0.152
3.85
0.675
5.541
0.115
2.766
0.662
4.206
5.429
2.733
0.077
2.006
0.701
2.272
1.34
3.921
2.79
2.039
2.538
5.736
0.227
0.048
1.489
3.796
0.254
0.253
0.039
0.396
0.018
0.147
2.446
0.093
0.161
0.101
0.731
1.756
0.057
0.432
0.266
2.386
1.938
0.166
0.05
0.068
1.566
8.192
0.288
0.098
3.325
0.278
1.942
2.358
0.448
0.268
0.769
0.057
0.985
0.408
3.959
1.183
1.17
0.032
0.236
1.358
0.139
2.806
0.167
0.115
1.423
3.282
4.341
0.2
0.024
0.041
0.068
2.47
0.197
0.058
0.832
0.069
1.972
3.934
0.49
2.394
2.912
0.226
0.211
1.17
0.112
0.038
0.125
0.709
1.21
0.028
8.999
0.415
1.57
0.141
4.395
3.961
0.106
0.88
2.289
0.033
5.105
0.076
1.65
0.06
0.135
0.555
0.255
3.407
0.096
0.381
0.192
0.162
0.42
0.449
4.026
4.642
9.802
2.06
2.255
2.472
0.067
0.143
1.851
1.763
0.156
0.047
0.145
2.654
0.132
0.562
0.173
0.099
0.202
0.032
1.249
0.505
0.181
3.039
2.143
0.057
1.805
0.144
1.199
1.22
1.87
0.219
1.172
0.443
0.401
3.47
1.186
3.818
2.109
2.587
0.947
0.875
0.051
1.325
2.242
1.71
1.933
0.169
4.681
3.772
1.249
2.996
0.161
2.21
3.239
3.08
1.502
0.143
2.845
0.452
4.427
1.361
3.554
0.057
0.134
0.269
2.388
0.063
2.263
0.073
0.086
1.898
1.733
0.619
9.178
3.863
6.813
0.116
0.465
0.035
0.112
0.085
1.383
1.975
0.086
1.071
0.496
3.342
0.149
2.488
6.386
0.035
1.915
1.627
0.094
0.845
0.057
1.514
0.153
2.238
0.632
1.719
0.067
0.155
2.15
0.286
0.145
1.075
0.875
1.225
0.056
2.038
0.055
0.042
2.53
2.164
0.067
4.72
0.39
2.46
3.758
0.037
0.154
0.238
0.752
4.623
0.28
3.67
2.418
0.434
3.321
0.23
0.016
3.963
1.495
1.65
1.641
0.085
3.335
2.441
2.337
3.713
1.32
0.078
0.223
0.209
1.38
1.93
0.098
2.107
0.733
0.049
3.05
0.394
1.716
0.044
0.033
0.123
0.108
0.029
3.684
0.162
1.381
0.511
3.571
5.592
0.314
0.31
9.224
1.718
4.078
0.079
0.063
0.985
0.083
3.67
0.052
0.978
0.171
3.277
0.045
0.309
0.128
0.4
1.731
1.929
5.862
0.869
1.433
0.1
0.12
0.298
2.419
4.25
3.577
0.174
0.219
0.534
1.256
0.841
3.544
0.148
3.202
2.501
0.832
0.935
2.193
0.075
0.022
0.046
2.524
0.911
1.259
0.044
0.071
0.296
3.053
6.202
0.144
0.472
0.478
0.133
0.086
2.86
2.108
1.299
1.527
0.054
1.483
4.696
3.042
0.928
4.426
0.187
0.052
2.03
2.208
4.531
2.635
0.514
1.324
0.319
0.102
0.105
0.151
8.751
0.263
7.032
2.111
0.4
0.052
0.134
1.505
4.913
0.214
1.338
0.098
0.07
0.097
0.134
0.085
0.023
4.323
2.706
0.175
5.454
3.085
1.911
5.001
0.052
0.039
0.104
0.402
0.811
1.619
0.046
1.808
1.587
2.951
1.306
3.727
0.997
1.979
0.064
1.061
0.607
0.058
1.899
0.051
5.401
4.171
0.108
1.964
4.3
1.849
3.736
1.875
0.333
2.415
0.136
5.513
0.032
0.198
0.065
0.054
0.117
0.092
0.13
0.066
0.067
0.244
0.838
0.04
0.098
1.438
2.149
1.635
0.028
0.047
0.275
6.131
2.554
0.19
0.311
2.177
0.038
0.088
0.864
1.68
0.068
2.238
0.231
0.102
0.203
0.31
1.502
1.487
3.885
0.433
5.626
0.039
1.571
0.134
3.979
1.183
0.173
0.059
6.511
0.047
0.4
2.045
3.332
0.036
0.191
1.366
0.172
8.467
0.123
2.706
0.13
0.028
8.869
1.23
0.289
2.615
4.9
2.766
0.217
1.235
0.563
1.999
1.625
1.891
0.033
2.542
3.224
0.082
0.133
0.042
0.897
0.406
2.799
3.676
4.021
0.288
0.03
1.877
1.935
4.304
0.154
1.723
8.029
2.752
1.01
0.103
0.086
0.106
0.091
3.371
2.139
4.69
1.976
4.522
0.028
0.161
1.601
0.247
0.062
0.726
0.119
0.32
2.595
3.177
1.352
0.155
6.296
0.424
1.312
0.043
0.05
0.52
1.994
1.656
0.028
1.269
2.161
0.052
1.697
0.06
7.457
9.393
2.528
9.121
0.149
0.074
1.528
2.251
0.902
0.065
0.408
1.52
1.922
0.091
0.055
0.078
4.899
2.845
4.011
3.746
0.23
10.33
0.17
5.117
0.032
2.585
0.647
0.057
0.911
0.068
0.05
0.014
0.063
3.018
0.103
0.135
3.704
1.035
3.358
5.897
0.027
1.238
4.115
2.394
0.113
0.233
6.102
0.147
0.714
0.045
1.427
0.321
3.027
0.347
2.518
2.04
1.699
0.15
3.431
0.133
0.164
0.178
0.291
1.468
0.418
2.239
3.085
3.702
0.444
0.542
0.067
2.935
0.158
0.119
0.072
10.029
0.223
1.946
3.231
0.046
0.092
0.243
0.097
0.128
1.118
0.104
2.068
1.351
0.199
0.647
1.25
1.904
2.507
0.397
0.476
0.141
0.208
0.135
0.232
1.628
2.496
1.803
1.845
0.099
0.037
2.99
0.035
1.832
2.736
0.018
0.339
0.022
0.084
4.631
2.492
0.219
0.058
5.551
1.76
4.429
0.073
0.052
0.179
4.067
0.137
1.867
0.133
4.489
2.961
5.39
0.516
0.534
0.124
1.725
1.469
0.253
0.151
1.667
0.037
0.039
1.017
0.1
0.025
2.722
0.018
0.093
0.085
0.416
0.307
1.945
0.332
0.072
1.639
0.48
0.066
8.221
1.173
1.095
0.041
0.178
0.262
0.17
0.309
0.033
4.358
1.187
0.055
0.036
3.02
1.874
1.917
0.074
0.203
7.962
0.196
0.263
0.084
4.558
2.205
0.848
0.038
0.214
1.166
0.242
2.063
0.339
0.135
0.048
0.033
1.726
3.537
0.097
4.319
7.878
0.332
0.109
0.431
1.484
7.044
3.251
3.97
0.189
1.078
0.018
1.942
0.272
0.128
0.091
3.646
1.655
0.099
0.363
1.288
5.156
1.543
5.605
0.073
0.274
0.116
0.163
2.128
0.014
1.455
4.433
4.029
0.158
0.232
0.138
0.07
0.065
0.252
0.14
0.645
2.206
1.324
1.725
0.097
0.082
1.77
0.197
1.323
5.161
1.293
2.33
2.016
4.947
0.092
0.057
2.688
0.15
0.053
1.183
9.631
2.842
2.231
0.397
2.241
0.23
0.181
9.236
0.105
0.12
0.378
0.238
0.021
0.744
0.265
0.903
2.281
0.052
0.414
0.068
1.814
0.056
0.089
0.12
0.543
0.082
2.214
1.813
0.316
0.609
1.619
5.109
0.901
0.5
0.202
0.089
2.896
1.454
0.336
0.028
0.059
0.723
2.437
4.588
1.453
0.158
2.941
3.61
1.568
3.263
0.148
0.056
0.154
0.082
2.038
0.027
2.434
1.906
3.229
1.147
2.062
1.924
0.064
5.24
0.067
0.049
0.179
0.078
1.582
0.084
1.495
2.544
0.072
1.172
0.824
1.371
0.319
6.521
0.087
0.048
0.413
1.598
3.202
0.281
2.265
0.116
1.314
12.185
3.502
2.637
0.277
2.172
0.177
0.272
0.094
0.092
0.175
0.077
4.627
0.11
0.131
0.351
0.256
3.195
1.715
0.078
3.926
1.958
0.07
2.85
1.211
0.402
1.847
1.439
0.48
3.882
4.598
3.825
1.15
0.737
0.065
0.261
0.026
3.6
1.779
5.989
3.322
0.457
0.221
0.044
0.154
3.585
1.848
0.113
6.172
2.273
2.599
0.975
5.785
7.043
1.529
0.275
0.093
2.208
0.031
4.007
2.12
8.12
2.49
0.018
6.745
1.261
0.454
0.036
0.16
0.261
0.101
0.056
0.253
4.263
4.38
0.583
4.986
1.736
1.798
3.41
1.423
3.814
0.12
1.683
0.014
1.763
0.038
3.041
0.332
1.425
0.038
0.141
0.97
0.298
1.381
1.185
0.096
3.431
0.058
0.138
2.493
0.487
1.368
4.19
2.03
0.129
0.146
0.167
9.971
2.128
0.262
1.826
0.09
0.021
0.721
1.336
0.065
0.155
3.631
4.075
0.172
7.572
1.963
1.859
0.051
1.767
2.416
0.027
0.1
0.052
0.313
0.083
2.957
6.208
0.296
1.316
1.088
0.175
3.805
0.04
1.736
0.061
1.371
0.191
0.035
0.953
0.135
0.702
0.32
0.08
0.138
2.39
0.817
0.857
0.209
0.038
0.212
3.291
0.101
1.72
0.063
0.049
1.564
1.596
1.328
1.61
0.134
3.094
0.164
0.094
0.215
0.072
0.065
0.56
1.848
0.272
0.146
3.178
1.505
1.882
2.811
1.113
0.31
1.591
0.069
1.696
0.2
0.269
0.82
0.223
0.039
1.903
2.856
2.225
0.051
0.04
0.084
0.02
1.791
0.024
6.692
2.387
4.161
0.786
7.361
0.071
0.046
2.132
1.099
0.11
1.099
0.035
6.14
2.293
0.08
2.214
3.158
3.397
0.103
2.89
3.621
0.425
0.083
2.741
0.688
5.592
6.829
0.053
2.017
0.156
3.889
0.015
0.179
0.274
1.36
2.767
0.053
1.141
0.116
0.482
0.1
0.3
7.243
0.566
0.206
0.062
0.436
1.492
1.916
0.091
0.033
0.173
0.082
5.54
2.664
1.097
0.045
0.147
2.904
0.046
0.244
0.039
1.034
0.212
0.334
0.271
1.61
2.098
0.109
0.787
0.011
0.238
0.074
7.703
0.495
1.693
7.062
3.24
0.036
3.92
2.364
0.215
0.04
0.313
0.202
0.203
4.898
0.096
2.952
2.45
1.495
0.58
0.184
0.485
0.155
0.069
2.582
0.228
0.321
0.367
0.305
2.355
4.498
9.439
12.055
0.308
0.226
0.052
2.351
0.163
4.88
0.407
0.061
4.011
0.514
0.347
0.095
4.251
1.625
0.096
2.045
0.783
1.066
1.189
3.026
0.645
1.528
1.22
0.25
0.034
0.258
0.152
0.061
2.448
3.161
2.263
4.052
0.012
0.097
1.209
2.254
1.193
1.611
7.642
0.298
0.067
1.73
3.606
0.253
3.432
0.097
0.08
0.24
0.171
0.476
0.117
5.456
0.114
0.143
0.017
0.248
1.582
0.194
4.504
3.463
1.443
1.449
0.119
2.58
0.128
0.025
0.06
0.796
5.083
2.017
2.195
0.175
0.058
0.104
2.291
2.569
0.155
0.553
0.607
0.094
1.811
0.813
0.018
0.043
2.432
0.324
9.065
4.27
1.488
0.217
0.057
0.062
0.212
1.339
2.737
0.805
3.831
0.06
4.79
0.149
2.816
0.302
1.711
1.883
0.178
0.124
3.598
2.964
1.952
1.381
0.048
0.08
0.114
2.128
0.489
1.099
2.665
0.421
4.375
3.342
0.375
2.975
3.318
2.406
0.444
2.463
0.026
1.532
0.266
0.062
0.398
0.333
0.331
0.53
3.063
3.118
4.098
0.453
1.161
1.464
0.051
2.15
0.159
1.992
3.622
2.234
2.236
0.05
0.619
7.384
1.515
3.309
1.906
4.017
0.03
0.034
9.635
0.013
1.497
1.899
0.132
0.416
0.074
1.347
0.064
0.388
1.537
0.017
0.232
2.671
0.092
2.695
0.275
0.044
0.145
0.225
0.167
0.227
0.205
2.551
3.14
0.154
0.409
0.588
2.868
1.621
1.341
3.496
0.151
2.177
2.434
1.559
0.09
3.004
1.161
5.475
0.124
0.452
1.228
0.067
0.098
0.452
6.442
3.365
6.606
0.13
2.274
1.335
0.302
0.111
2.93
0.031
3.575
2.514
3.659
0.019
0.096
0.189
0.157
2.057
2.837
2.704
6.282
0.087
6.877
2.644
0.227
0.046
0.573
0.1
2.655
0.015
1.57
5.38
0.416
0.016
3.81
1.659
1.465
0.251
2.129
2.654
8.938
0.031
6.893
1.236
0.059
0.061
8.774
0.198
0.067
0.052
4.14
0.071
0.023
0.14
0.161
5.787
0.041
0.711
1.816
4.477
2.017
0.438
1.122
3.441
1.026
0.116
0.021
5.406
0.206
2.312
1.194
0.207
1.02
3.848
0.347
0.068
0.075
0.126
4.571
0.082
1.12
1.729
0.024
0.028
0.046
4.056
1.688
4.813
1.674
0.168
0.206
1.329
4.905
5.469
0.049
1.488
0.215
11.017
1.631
1.861
0.551
7.825
0.778
2.106
1.196
2.17
1.703
3.491
1.232
0.047
0.261
1.482
0.18
1.714
3.268
0.532
0.092
0.124
0.435
0.167
0.024
0.367
0.223
0.032
1.873
0.675
0.226
3.902
0.446
3.707
0.241
2.512
3.716
0.705
0.988
0.094
0.953
0.052
0.191
2.735
1.835
3.171
1.681
0.024
1.599
0.142
0.153
2.084
0.106
2.772
0.388
0.437
2.522
1.879
0.024
2.22
2.476
1.36
1.401
0.311
0.098
4.358
0.328
0.109
0.596
2.872
0.811
0.211
1.704
4.21
2.851
0.151
1.75
0.547
0.643
0.052
1.645
0.086
4.035
0.451
0.548
0.17
0.299
0.043
4.523
0.12
0.08
0.458
0.233
4.494
0.343
5.227
1.749
3.143
4.121
5.129
0.026
5.74
2.011
1.416
1.116
2.242
2.726
0.285
1.002
0.211
1.253
0.03
0.251
2.542
3.195
1.707
2.036
2.757
0.029
2.433
2.281
1.73
2.257
2.176
2.37
0.094
0.221
1.877
2.39
0.023
0.859
0.1
3.659
0.042
0.718
0.671
0.073
4.527
0.346
0.86
1.177
1.9
0.349
0.12
1.567
0.113
4.906
2.009
2.157
0.056
3.0
2.042
0.275
0.495
1.856
1.546
2.837
8.885
0.541
3.361
0.085
0.109
0.468
6.751
0.918
3.209
0.029
0.219
0.03
0.035
0.741
0.386
0.39
1.635
1.338
1.135
6.66
4.876
8.962
2.081
0.055
1.216
0.033
0.097
0.269
1.375
7.156
5.504
3.11
1.623
0.21
4.469
0.067
1.076
4.266
0.114
0.131
1.788
0.993
0.044
0.741
2.005
0.718
0.033
0.06
0.337
0.032
4.478
0.615
0.267
0.146
8.556
0.284
1.926
3.203
2.447
0.122
0.107
1.986
0.061
0.322
1.09
1.594
1.056
1.7
0.94
0.414
0.059
3.962
0.196
0.059
0.119
0.16
0.982
0.501
0.057
0.052
0.643
0.912
0.174
0.039
0.128
5.859
0.362
0.216
4.65
0.274
0.121
1.206
0.036
1.711
0.288
0.16
0.376
0.071
2.494
0.072
0.331
0.448
7.277
0.086
0.112
0.199
2.442
7.023
0.19
0.068
0.674
1.609
0.093
0.178
1.323
0.095
0.133
1.396
2.14
0.689
0.022
0.108
0.261
0.04
0.038
0.208
1.336
0.039
0.09
2.847
2.995
0.065
1.76
1.344
1.791
0.15
2.117
0.708
0.176
3.693
2.912
0.433
4.294
1.986
0.052
2.455
0.393
0.205
0.403
7.7
0.06
3.419
3.032
1.314
2.359
0.231
1.472
1.101
3.825
0.024
5.333
0.77
0.427
0.829
0.131
0.476
3.461
3.564
5.152
0.038
0.084
0.314
2.765
0.324
0.025
4.457
0.031
3.736
1.274
1.836
0.123
0.045
0.03
0.296
0.677
3.616
2.788
0.057
2.435
0.132
1.345
2.474
0.314
0.235
0.158
0.886
0.03
2.438
3.55
0.285
3.017
0.447
0.591
0.133
0.031
8.056
0.153
2.609
2.159
0.591
0.25
3.292
0.54
0.06
0.185
1.964
0.862
1.942
0.05
0.208
0.452
2.747
2.098
0.057
2.779
2.87
0.348
0.114
0.403
0.034
0.275
0.061
0.061
2.16
0.341
0.218
3.827
4.081
1.666
0.052
0.039
8.984
0.087
2.326
3.137
0.352
0.263
0.644
0.096
0.838
0.087
0.041
0.083
1.515
6.449
1.498
2.199
2.321
0.067
0.115
1.914
0.538
0.105
0.632
6.861
1.332
5.756
1.667
4.176
8.095
12.437
4.228
1.503
3.606
0.333
0.376
3.181
4.606
3.026
0.171
3.957
0.327
1.47
0.181
3.202
0.073
0.717
0.43
1.285
2.562
1.621
0.042
1.034
2.446
0.283
1.419
0.056
0.612
7.173
0.09
1.463
5.024
2.394
2.01
1.43
3.368
3.353
2.169
0.084
3.259
1.409
0.266
0.066
0.307
0.106
9.925
1.344
3.015
0.029
0.029
0.147
3.379
0.065
1.221
0.19
1.548
0.092
1.199
5.436
1.796
0.243
5.445
0.117
0.158
0.344
0.046
1.836
0.306
1.725
0.034
1.873
0.349
0.731
0.043
2.746
1.104
0.448
9.031
4.293
0.033
0.12
0.394
1.423
6.448
1.577
0.214
0.055
1.218
0.244
0.059
1.412
0.547
0.172
0.033
1.718
8.889
1.098
5.862
0.053
0.437
1.6
2.165
0.156
2.6
0.146
0.241
0.238
0.297
1.379
1.041
1.065
0.045
0.082
0.033
0.033
3.813
0.757
0.368
0.141
2.469
4.85
1.527
2.577
0.084
3.198
5.488
0.127
0.053
0.095
2.329
2.423
0.2
0.173
0.065
2.096
0.085
2.579
2.154
2.036
0.798
0.327
1.321
0.992
1.179
0.149
0.441
0.031
1.436
0.023
2.608
0.353
0.023
0.145
0.421
3.964
0.781
3.172
4.514
0.027
0.054
1.436
1.044
0.113
1.336
0.059
3.145
2.107
1.492
3.015
1.979
0.651
0.164
4.668
1.517
0.173
0.098
1.936
4.552
1.767
2.18
1.472
0.166
0.8
4.119
0.556
1.923
0.054
0.161
0.18
0.412
0.095
0.392
1.066
0.252
5.902
3.216
1.758
0.031
0.883
1.659
0.143
0.286
3.441
0.219
3.272
0.189
3.66
0.033
0.238
3.051
4.509
2.447
11.233
0.097
1.144
0.078
2.803
5.175
1.419
0.046
3.158
0.265
0.399
0.087
0.535
3.98
0.11
6.507
0.035
0.113
0.586
0.149
0.129
0.27
1.685
0.064
0.143
1.982
3.31
0.17
0.104
1.822
0.113
0.087
0.26
0.062
3.817
1.35
0.032
0.07
4.736
0.045
6.354
0.15
0.037
2.61
3.327
0.075
0.023
3.112
0.676
0.236
2.526
4.572
1.578
4.675
2.41
1.857
0.933
2.259
0.047
1.288
2.702
4.762
4.439
4.086
2.639
0.086
1.269
1.623
0.205
3.762
2.467
0.801
0.35
0.058
2.472
0.699
1.135
0.028
4.952
2.419
6.613
1.552
0.043
4.133
0.153
0.054
3.149
0.123
0.495
1.813
0.3
0.29
6.751
4.899
4.432
0.501
0.347
0.922
0.073
2.042
0.157
2.002
0.032
0.09
2.523
0.269
1.949
1.825
0.4
0.338
0.131
1.386
0.781
1.287
0.106
1.113
4.934
2.472
0.015
1.632
0.064
0.107
4.09
0.507
1.549
0.158
2.357
0.385
0.052
1.8
0.89
1.108
1.93
0.143
1.88
1.743
1.13
0.036
0.2
3.471
0.156
0.031
2.519
1.956
2.357
4.036
0.448
1.402
0.094
3.685
1.692
0.777
0.387
0.276
1.897
0.036
3.344
0.047
1.975
0.878
3.313
1.929
0.181
4.428
4.99
0.885
0.297
3.374
0.055
2.231
7.509
0.346
3.195
1.875
0.082
0.263
0.834
0.255
6.104
0.326
0.109
0.54
2.11
0.3
2.7
2.467
0.12
0.042
0.036
2.343
0.072
3.247
0.472
0.152
0.362
0.078
0.077
0.142
1.078
0.226
2.463
0.09
1.527
1.764
0.067
3.857
0.286
0.13
1.266
3.006
0.215
0.154
0.189
1.844
2.755
4.934
0.145
0.024
0.139
0.023
0.219
4.093
5.751
2.98
0.043
0.029
0.149
2.164
0.07
1.448
7.526
3.57
0.366
1.494
2.809
1.943
0.801
0.149
0.111
0.082
2.071
2.227
1.592
6.406
0.483
0.062
4.408
1.876
0.081
0.069
0.053
1.987
0.066
3.193
1.554
5.788
4.554
1.277
0.121
2.512
5.26
0.423
0.19
2.061
0.085
0.621
1.243
0.063
3.407
8.686
0.345
0.789
0.252
0.585
1.821
0.759
0.103
2.737
1.473
1.818
0.096
5.178
0.049
1.876
0.031
0.049
0.773
1.414
2.574
0.542
1.505
0.397
0.109
0.049
0.064
1.875
0.481
1.149
4.01
0.255
0.086
3.503
0.041
0.345
0.087
0.13
0.181
0.694
2.18
1.607
0.4
0.082
0.084
0.179
1.515
0.369
3.401
0.263
0.073
2.187
1.412
0.489
1.425
0.031
4.29
0.194
0.04
4.965
0.058
2.327
3.51
1.275
0.02
1.726
0.057
0.119
4.036
0.258
3.269
0.246
0.45
1.977
0.162
0.039
3.618
1.841
0.461
0.114
0.252
0.189
0.039
1.387
0.269
0.066
0.028
4.278
0.64
2.325
0.035
1.033
1.225
0.042
0.105
3.736
2.218
2.08
0.114
5.519
4.989
0.091
0.089
0.354
5.439
0.121
0.448
1.891
0.628
1.707
0.029
1.093
4.051
1.957
0.153
1.083
1.179
0.069
0.088
0.448
0.066
0.136
1.787
2.831
0.411
1.379
0.052
0.457
0.141
2.476
1.427
0.392
1.142
2.513
2.509
2.075
0.269
0.168
4.11
0.087
0.041
1.417
1.776
4.464
0.102
0.085
0.196
0.058
1.004
0.123
0.719
1.998
2.086
0.826
0.303
0.039
0.087
0.13
1.765
0.269
0.042
1.589
2.599
1.553
5.343
0.066
2.708
0.327
3.234
2.131
0.053
0.315
0.666
1.528
0.048
4.361
0.385
3.661
0.061
0.41
0.393
4.11
0.037
0.268
0.374
0.51
2.164
3.357
1.82
0.136
0.165
4.145
0.236
0.567
0.085
0.098
0.042
0.197
0.102
0.26
1.611
2.285
0.052
0.509
0.04
1.711
3.656
0.198
1.476
3.815
2.726
2.275
1.335
4.19
1.812
0.021
0.087
0.235
2.303
0.242
1.362
0.023
0.155
1.58
0.086
1.907
1.365
0.05
7.716
1.869
1.067
1.403
1.628
13.571
0.114
0.13
0.064
1.309
2.1
4.512
1.756
2.213
1.868
1.703
3.024
0.263
4.628
0.225
0.107
0.055
0.039
2.381
1.88
0.067
2.159
1.635
0.06
0.45
0.054
2.67
1.082
3.392
0.538
0.099
0.199
2.315
2.121
0.292
5.265
0.19
0.242
0.253
2.262
2.077
0.074
1.726
4.525
0.209
0.104
1.052
1.819
0.263
0.724
0.193
1.562
3.67
0.333
0.086
0.247
0.964
0.581
0.28
0.021
0.196
2.862
0.099
3.523
1.196
0.315
2.317
0.069
0.207
0.343
0.037
0.448
2.248
1.018
0.326
1.993
1.296
0.277
0.047
0.18
3.235
1.854
2.416
2.111
1.212
0.171
0.111
0.089
0.096
2.926
0.083
1.543
0.227
0.387
0.139
0.591
4.025
9.97
2.136
0.607
1.384
1.798
0.104
0.189
0.077
2.126
0.156
0.055
0.329
0.309
0.149
1.324
0.04
0.673
1.383
0.149
1.439
0.061
1.378
0.345
0.112
0.04
0.048
5.042
0.177
0.273
0.161
2.29
0.041
0.095
0.096
0.636
1.18
0.067
0.162
0.316
2.825
0.098
3.286
2.007
8.174
0.063
1.389
4.411
1.937
6.608
4.522
0.074
1.438
1.329
0.732
0.505
0.077
0.413
0.843
1.543
0.082
0.118
1.739
1.796
0.031
0.304
7.466
3.907
1.316
0.112
6.722
0.428
1.465
1.389
1.715
0.031
1.462
1.477
0.081
0.256
0.391
1.68
0.036
2.578
0.106
0.32
1.624
0.323
3.573
0.057
0.137
2.728
2.205
0.391
0.171
3.832
1.522
0.016
1.473
5.248
0.074
0.168
0.358
7.074
4.803
0.351
1.103
0.062
0.366
3.171
1.956
0.13
0.124
0.329
0.066
0.143
0.082
0.181
0.61
0.039
3.138
1.301
0.995
0.35
0.051
2.548
0.466
1.524
3.893
0.303
1.758
2.704
0.224
0.081
0.443
2.885
1.594
0.413
1.547
3.915
0.203
2.92
0.191
0.081
1.065
6.44
0.059
0.045
0.362
0.613
0.164
1.796
1.691
2.555
1.847
0.051
3.918
0.131
1.372
2.083
0.189
2.272
0.341
0.183
0.192
5.405
0.115
0.049
2.069
3.944
5.453
0.685
0.074
0.024
0.118
3.394
0.056
3.173
6.002
0.16
0.013
1.271
0.171
0.059
1.677
1.572
0.199
1.212
2.869
1.182
0.105
0.362
0.297
1.333
0.133
0.182
1.63
0.108
0.093
0.059
1.65
0.215
2.653
3.34
1.716
0.065
0.044
0.082
0.025
0.184
0.777
4.531
2.537
0.047
0.123
0.324
0.655
3.938
0.298
1.635
3.509
0.034
0.075
7.86
0.203
0.297
0.061
0.606
0.173
2.046
0.187
2.212
0.01
2.556
1.747
0.041
2.582
0.038
6.802
0.039
0.24
0.262
1.966
0.561
2.139
5.262
4.748
0.143
0.203
1.125
0.062
2.275
0.544
0.069
0.151
3.172
0.042
0.249
7.972
0.087
0.105
12.887
1.454
0.223
0.523
2.32
2.053
1.548
3.35
0.089
0.13
0.289
0.201
1.431
0.178
1.761
0.32
3.981
6.074
0.05
2.594
3.644
0.11
2.82
1.555
2.762
0.285
0.356
7.33
3.899
1.401
0.143
1.35
5.917
5.331
0.307
0.06
0.069
1.259
0.034
1.544
0.213
2.777
1.255
1.751
0.695
1.612
0.23
0.085
0.191
0.348
3.012
0.418
0.023
0.037
0.205
8.034
0.135
2.203
4.526
0.047
1.42
0.126
0.212
0.897
0.794
2.907
0.16
0.133
0.477
0.329
0.17
0.202
0.203
0.151
0.045
3.267
2.053
4.182
0.069
2.049
0.088
1.567
2.312
0.202
0.033
1.396
0.066
5.704
0.073
0.818
2.95
1.227
5.994
0.249
0.124
3.566
1.06
0.083
4.585
0.227
2.094
0.087
0.201
0.339
1.823
1.651
0.249
2.416
1.425
1.488
0.088
3.089
0.212
0.065
0.745
2.694
0.13
0.096
0.041
0.041
0.329
0.394
0.977
0.232
1.997
0.049
0.094
0.056
2.361
1.627
0.283
1.663
1.918
0.03
1.772
3.388
0.213
0.084
0.036
0.053
0.045
3.072
0.039
0.063
0.032
1.731
2.755
0.019
1.56
0.312
0.281
0.393
2.204
0.099
2.79
1.956
0.101
0.067
0.057
2.064
0.354
1.786
0.032
1.362
0.128
1.612
0.093
0.371
2.607
1.586
0.461
0.619
0.262
2.346
0.123
0.156
2.175
1.354
1.711
0.081
0.068
0.291
2.964
0.039
0.227
1.581
1.393
0.038
0.218
3.713
0.16
2.386
5.876
0.038
0.304
0.03
4.179
0.279
1.885
0.139
0.04
1.375
2.727
3.768
0.925
1.614
0.098
4.864
0.432
0.04
5.048
0.08
0.153
9.254
0.267
0.157
1.257
1.859
0.185
0.363
0.217
1.768
1.017
0.925
1.75
4.468
0.398
0.888
0.023
2.143
0.208
0.109
2.528
0.277
1.814
0.946
0.064
0.202
0.273
6.821
8.092
0.124
2.368
6.359
0.187
0.037
2.892
0.199
0.164
0.246
3.039
0.041
0.233
0.048
2.694
2.625
0.055
7.434
0.051
3.646
1.776
3.318
3.012
1.902
1.06
9.126
0.464
0.773
0.557
0.75
0.037
0.027
3.144
0.077
2.604
0.547
0.413
4.96
1.74
3.508
0.914
0.104
0.155
1.333
0.114
0.14
0.023
3.847
0.084
0.165
0.051
1.328
0.73
2.43
0.025
2.102
0.294
0.069
3.95
1.643
3.652
2.812
4.878
4.969
3.092
1.793
0.033
5.196
0.031
1.461
0.165
0.275
0.861
0.067
0.068
2.434
0.043
0.029
0.116
0.12
2.88
0.139
0.219
2.562
0.053
0.379
0.277
1.74
0.107
3.134
2.252
5.945
0.679
3.434
2.606
0.644
0.921
1.299
9.427
2.87
0.226
1.867
1.342
1.512
1.503
0.341
0.103
0.501
2.217
6.505
0.963
0.135
0.138
0.328
0.705
0.87
3.263
0.905
0.938
1.128
1.722
0.2
0.03
0.281
1.055
4.707
0.112
2.941
0.36
2.628
4.218
0.093
0.454
0.024
4.477
0.161
2.353
0.258
5.099
1.501
0.079
2.425
0.05
3.639
0.119
1.493
0.081
4.307
0.453
0.706
2.942
0.224
0.157
0.087
0.043
3.823
2.178
15.11
1.66
0.841
0.631
0.059
0.808
0.078
1.379
2.67
1.887
0.133
3.684
1.342
2.397
0.154
0.042
2.459
0.263
3.414
0.059
0.65
2.189
6.932
3.258
0.208
0.059
4.014
0.134
5.233
0.064
0.607
1.322
1.28
2.382
3.362
0.126
2.448
0.473
0.038
0.127
5.308
1.3
0.578
2.377
1.34
2.762
1.857
0.038
0.709
0.075
0.124
4.774
0.213
2.764
1.754
2.702
0.028
0.122
0.059
5.555
0.074
2.083
0.808
0.104
3.899
0.335
1.356
0.252
0.359
1.73
2.8
0.29
3.325
0.081
0.074
0.058
2.011
0.174
0.45
1.867
0.082
0.401
0.067
0.037
0.561
0.434
1.719
1.51
0.028
0.166
0.141
1.337
3.097
4.353
0.129
0.229
2.33
10.044
0.107
0.093
2.829
1.96
2.468
0.031
0.046
0.129
0.703
0.097
1.426
0.067
0.582
0.224
0.649
0.128
2.698
0.017
0.076
4.462
0.331
0.249
0.109
0.159
3.642
1.407
0.196
5.565
6.887
0.783
1.744
0.123
0.582
2.476
0.05
2.961
3.293
0.036
0.109
1.825
0.549
0.163
0.092
0.244
1.045
2.374
1.294
2.27
0.12
1.561
5.64
0.049
0.118
0.09
0.191
0.027
0.097
0.098
0.043
0.48
0.427
1.894
4.751
1.261
0.255
0.216
0.126
0.459
0.231
0.276
6.1
1.283
0.085
1.1
2.418
0.763
2.036
1.702
0.471
0.268
2.14
4.793
4.677
2.686
0.226
0.367
1.478
0.213
0.291
0.071
0.223
9.728
1.864
0.11
2.608
0.151
0.159
1.807
1.042
1.657
0.095
0.051
0.03
1.919
4.31
2.463
0.288
0.129
0.141
1.437
1.191
2.216
0.14
2.342
1.93
0.088
0.347
0.048
0.377
0.765
8.237
1.568
0.209
0.101
0.116
8.658
1.773
0.033
0.058
0.198
4.862
3.111
1.59
0.046
3.098
0.12
0.308
2.016
0.124
0.248
5.641
0.114
0.083
0.606
0.072
3.747
0.05
0.047
1.912
1.822
0.404
0.128
0.024
3.319
1.818
0.264
0.015
1.746
2.629
0.232
0.989
1.05
1.311
0.133
0.024
1.796
1.763
0.252
2.56
0.115
1.854
0.322
0.228
0.204
0.041
0.052
6.44
1.463
0.156
0.034
0.216
0.279
0.472
1.587
0.416
0.373
0.097
0.134
8.363
0.08
0.142
0.058
0.537
2.239
0.115
0.424
2.709
8.315
4.478
0.324
8.286
0.088
0.756
0.791
3.933
0.502
0.189
2.25
0.041
0.235
0.078
0.046
0.115
4.181
0.31
2.105
2.934
1.41
11.651
0.197
0.164
4.628
1.11
0.855
0.132
1.408
0.664
1.121
1.478
1.13
0.024
5.699
0.344
0.066
1.606
0.062
0.068
0.267
0.074
6.023
2.512
7.092
0.578
11.956
0.122
4.899
0.576
0.932
0.623
0.064
0.079
1.605
0.541
2.359
2.323
1.652
0.051
0.069
0.08
0.377
1.575
0.045
5.588
3.246
4.118
1.794
0.303
0.35
1.829
0.117
0.054
4.787
4.917
0.048
2.071
0.029
0.015
3.621
2.815
0.028
1.538
1.37
0.117
0.096
0.221
2.415
2.635
4.624
0.215
1.625
2.345
4.812
0.069
0.276
1.392
0.077
0.031
5.501
2.334
6.55
1.271
1.565
3.359
0.37
9.015
0.482
1.962
1.45
3.54
0.247
0.165
0.095
0.08
2.249
0.065
1.451
0.31
1.479
4.744
2.173
0.15
6.435
0.064
2.516
0.696
0.117
0.169
0.37
1.723
1.203
0.074
1.291
1.401
5.414
0.287
1.434
0.52
1.145
2.591
1.822
0.061
0.416
0.058
1.364
4.091
0.278
0.075
0.052
0.198
1.271
0.074
0.036
0.386
3.131
3.144
3.081
0.07
0.108
1.477
0.176
0.072
0.13
5.5
2.972
0.095
0.136
0.319
0.529
1.914
4.252
1.734
3.494
0.058
0.088
0.437
4.346
2.524
3.137
0.439
0.169
0.102
5.227
1.635
0.081
0.375
2.157
0.095
1.681
0.52
1.541
0.07
0.104
9.322
2.893
2.35
0.03
9.379
0.029
0.415
0.158
4.341
0.769
2.039
1.313
0.017
3.223
0.146
3.737
0.352
0.681
2.571
0.035
0.618
0.213
0.497
0.85
0.133
0.03
1.197
0.196
2.846
2.108
1.548
0.055
0.316
1.633
0.158
1.705
2.587
0.159
0.164
1.554
3.355
0.169
3.333
0.047
2.485
0.078
0.065
4.036
1.2
2.021
0.22
0.207
0.503
3.259
0.446
0.434
5.596
0.276
2.869
5.183
11.053
5.577
1.426
3.738
0.052
1.885
0.742
1.672
0.516
0.477
0.038
0.451
2.908
0.096
0.072
0.054
1.522
0.051
0.443
1.559
2.64
0.461
0.159
0.065
0.11
0.158
2.702
1.821
3.26
1.296
1.161
5.018
2.261
0.078
0.696
1.452
0.11
3.053
4.734
0.148
1.826
0.131
0.087
3.98
0.041
3.34
0.273
2.413
3.558
2.176
0.125
1.602
2.34
1.592
0.145
0.415
0.942
0.03
0.178
0.188
1.053
0.371
0.046
4.901
4.208
0.069
0.096
2.386
0.211
0.104
0.122
7.294
0.902
2.084
0.487
1.213
1.949
0.086
0.208
3.886
0.226
0.044
0.21
0.029
0.504
2.946
1.64
0.182
0.268
1.416
10.478
0.04
0.257
0.267
0.794
0.156
0.277
4.481
6.677
0.195
0.025
1.897
4.126
5.87
0.034
6.605
3.179
8.174
1.624
0.979
0.061
2.127
0.01
3.709
1.794
0.192
0.093
0.165
2.016
0.058
0.099
2.417
0.047
0.039
0.114
0.225
3.71
0.389
0.576
4.111
0.167
0.104
0.056
0.069
3.854
1.715
7.363
2.35
0.566
0.186
0.135
3.188
3.552
0.034
0.06
0.217
4.879
0.085
6.46
4.948
1.094
0.118
0.931
0.07
0.089
8.622
1.263
6.913
0.214
0.047
0.278
2.119
1.251
0.53
5.036
8.898
0.548
1.5
0.025
0.131
0.705
0.043
1.541
0.046
0.889
1.923
4.626
4.478
0.345
0.655
0.072
0.123
0.031
0.049
1.505
3.092
1.982
2.627
0.319
0.698
0.248
1.539
1.983
4.56
1.239
0.251
0.616
0.148
3.027
4.116
1.583
0.865
0.118
1.332
1.746
0.193
0.102
1.705
1.603
0.092
1.367
2.158
2.404
1.689
5.282
1.465
1.608
0.058
0.602
0.552
1.996
0.308
3.506
0.455
0.049
0.382
0.661
0.347
0.637
1.04
0.026
0.371
1.046
0.046
0.157
0.062
0.074
3.23
0.193
1.948
0.188
0.795
1.943
0.031
0.668
0.099
0.027
3.653
0.825
1.634
0.255
1.86
3.829
0.03
3.164
1.21
1.618
2.416
2.05
2.83
3.584
0.198
3.718
0.476
2.891
0.676
0.042
0.113
0.052
0.092
2.941
3.943
0.043
0.151
0.535
2.766
3.1
2.065
0.052
0.044
3.582
0.034
5.831
0.269
2.47
1.706
2.032
0.184
5.746
0.064
0.12
1.997
2.931
1.233
0.922
4.387
1.34
0.57
0.089
3.078
0.024
0.995
4.287
9.448
6.035
0.059
6.887
0.054
0.061
8.621
1.585
2.789
3.628
1.366
1.437
0.077
0.782
1.524
0.047
0.041
0.161
0.194
0.249
1.402
4.313
0.06
0.066
0.139
0.659
0.353
0.592
4.083
0.032
0.106
0.386
11.918
6.425
2.87
0.793
0.606
0.147
0.554
0.038
0.191
0.074
0.148
0.403
0.185
1.278
0.048
0.077
3.357
1.372
0.896
0.072
1.556
0.145
0.06
0.389
0.136
3.822
0.484
2.108
1.532
0.02
0.799
1.978
0.068
0.076
0.593
1.505
0.196
0.214
1.352
1.373
3.223
2.033
0.035
0.398
2.295
0.249
1.668
1.682
0.32
4.882
0.057
0.042
1.257
0.236
0.373
0.422
2.085
0.292
0.019
0.036
6.433
0.027
0.902
0.305
0.251
1.751
0.235
0.165
0.214
0.201
0.463
2.476
2.147
0.065
2.306
3.993
3.714
1.339
2.745
1.859
3.638
0.09
0.379
0.936
0.186
1.946
0.373
3.944
6.078
0.179
3.093
0.068
0.583
2.395
0.154
6.848
0.285
3.778
0.164
2.128
0.342
2.51
6.308
0.021
7.324
0.027
8.508
0.152
1.649
0.742
0.441
1.836
1.004
0.221
0.314
3.011
2.669
1.139
0.079
3.131
5.57
0.101
6.051
0.052
0.224
0.139
4.221
3.605
0.595
0.183
0.146
0.053
13.072
0.191
4.782
0.046
0.101
0.015
0.156
3.245
2.333
3.559
1.206
0.211
4.146
0.119
0.064
1.845
0.143
0.069
1.002
2.114
4.249
0.991
0.434
0.817
1.054
1.258
4.899
1.836
0.166
4.207
1.565
5.732
0.386
0.194
0.124
0.07
0.233
1.065
9.678
0.133
4.667
2.286
0.309
6.502
1.546
2.587
2.183
0.073
0.058
3.753
2.147
2.912
2.394
0.243
8.516
0.453
5.097
2.607
1.537
0.078
2.244
0.133
6.312
2.802
4.722
0.195
0.138
1.917
2.241
0.42
5.145
1.57
2.174
0.083
3.93
0.071
2.774
0.316
0.514
0.833
1.523
1.617
0.537
2.438
0.08
1.2
0.046
3.202
2.911
1.802
1.055
1.118
2.928
0.348
0.151
0.087
0.159
1.864
0.083
0.207
0.087
0.352
0.469
0.053
0.081
0.194
4.331
2.192
0.048
0.048
2.337
5.716
1.516
0.514
0.026
2.744
0.068
4.51
0.082
7.5
3.925
3.298
0.531
6.475
1.469
1.352
0.132
2.884
2.204
3.392
1.276
7.108
1.432
0.709
0.071
0.052
3.739
6.889
3.554
1.098
2.194
1.16
0.339
0.43
0.213
0.151
5.331
0.138
0.095
1.021
0.077
0.248
1.508
0.262
2.819
0.055
0.545
0.383
4.665
0.134
2.462
0.22
3.114
0.097
0.05
3.511
0.229
3.116
6.949
3.841
1.859
0.194
0.158
1.773
8.403
7.013
3.696
2.789
0.19
1.762
0.108
0.235
2.099
1.132
0.51
0.134
8.419
0.41
2.244
1.529
6.307
0.302
1.67
0.524
1.817
0.203
6.464
1.59
0.078
2.417
0.109
0.03
0.073
2.16
0.379
0.122
2.8
2.005
0.21
5.036
0.161
4.053
0.036
0.212
1.803
3.724
2.939
0.562
0.04
0.104
0.279
2.466
0.346
0.258
3.081
0.098
0.208
0.477
0.033
1.918
1.601
0.057
1.782
0.609
2.812
0.03
0.108
0.094
0.123
0.08
0.218
3.801
0.861
1.784
2.415
0.819
3.614
0.127
0.035
0.089
0.139
1.277
1.459
0.198
2.339
0.385
0.63
2.617
1.53
0.351
1.718
0.339
3.876
0.036
0.367
1.319
0.185
3.84
0.046
0.393
1.516
0.036
3.35
0.088
0.022
1.685
0.127
0.292
0.273
0.02
0.042
0.303
0.032
0.074
0.55
0.056
0.021
10.013
0.249
0.54
0.054
1.629
2.337
0.733
4.955
0.025
0.214
0.107
0.077
0.275
3.969
0.042
0.026
0.043
0.108
0.02
2.653
1.399
1.468
0.102
0.087
0.581
3.908
5.931
1.748
2.363
1.466
3.942
1.375
0.045
2.727
0.726
0.898
0.249
0.198
1.35
0.151
3.954
0.033
1.657
4.502
0.401
0.157
1.184
0.524
0.07
1.944
1.703
0.168
0.075
0.058
0.133
0.1
3.338
0.061
0.058
0.042
0.105
6.252
0.257
0.15
0.033
0.04
1.525
0.372
0.192
0.054
2.22
3.502
0.047
0.074
1.328
0.202
0.141
0.716
2.527
2.404
3.583
0.307
0.324
3.007
0.025
1.376
0.147
6.635
0.284
0.4
0.082
0.08
0.111
0.035
0.34
0.081
2.462
1.61
2.291
0.029
0.06
1.773
0.267
2.088
2.441
0.067
0.045
3.505
0.458
5.167
1.455
0.129
0.186
0.358
1.006
2.44
4.992
1.666
0.382
0.073
3.177
3.683
0.419
1.673
0.216
1.491
2.973
0.259
0.429
0.064
0.049
3.457
0.355
0.17
1.272
0.179
2.257
6.656
2.291
1.712
0.986
5.666
1.793
3.128
11.771
2.022
0.048
0.109
0.409
0.308
4.92
2.351
0.676
0.121
0.213
0.039
0.064
0.386
3.282
4.648
0.146
0.342
0.019
2.344
0.227
0.03
0.514
1.366
0.14
2.676
0.646
0.035
0.206
0.202
0.235
0.876
1.961
0.055
0.041
0.552
0.748
0.534
0.093
1.612
0.589
0.586
0.03
0.132
2.442
4.224
2.63
3.411
0.404
0.113
0.183
2.162
0.236
0.034
1.999
0.853
3.112
0.181
0.142
0.244
0.087
2.054
0.13
2.432
2.583
2.886
0.067
0.497
0.47
3.413
0.091
0.502
0.094
0.091
0.822
0.05
1.988
6.603
0.09
4.716
7.637
0.102
1.4
0.187
2.145
1.037
0.086
4.012
1.523
4.682
0.349
1.342
0.127
1.479
1.367
0.32
1.451
2.188
0.037
0.021
3.756
0.255
1.357
0.037
0.379
0.289
2.791
0.026
0.186
0.4
1.776
3.573
0.149
2.306
0.035
1.762
0.326
0.058
0.146
3.632
0.172
0.505
1.623
0.172
0.546
0.445
1.723
0.632
2.391
0.988
0.044
5.573
2.678
5.956
0.169
0.038
0.12
0.228
0.054
1.336
1.094
1.339
3.171
1.911
3.295
3.491
0.111
0.2
0.043
2.152
4.778
1.364
3.822
0.069
3.477
0.107
3.122
0.949
5.01
2.959
3.399
3.176
0.07
0.071
0.053
2.923
1.514
1.376
2.904
0.099
0.096
1.363
0.035
1.452
0.532
0.125
0.098
0.26
1.962
0.296
0.046
1.127
3.337
0.683
0.392
6.036
0.29
0.398
1.325
0.068
3.696
0.132
0.253
4.024
5.805
0.162
0.352
0.222
1.985
0.105
2.689
0.076
1.3
0.036
2.337
0.04
3.79
0.448
0.192
1.445
0.163
1.791
1.977
1.34
2.656
0.114
4.868
0.09
3.399
0.18
5.618
0.052
0.043
0.685
2.153
0.226
1.289
1.421
1.425
0.115
0.771
0.071
0.108
4.501
0.057
2.058
0.168
0.173
6.751
0.291
7.006
0.044
0.148
1.576
0.392
2.998
1.842
0.078
0.056
0.034
0.054
1.008
0.578
0.287
1.971
0.063
1.553
0.155
0.52
0.033
0.334
0.051
2.791
0.104
0.16
0.976
0.636
0.063
2.184
0.089
0.327
0.059
4.65
3.783
0.136
0.133
2.326
0.149
1.738
0.053
1.148
0.063
5.17
1.321
1.997
0.037
3.023
0.221
0.245
2.471
0.08
0.02
2.8
2.865
4.344
1.241
0.039
0.686
0.078
0.177
0.822
5.091
0.058
0.702
0.137
0.045
1.924
0.057
0.064
3.296
0.045
0.04
0.247
4.131
0.865
0.39
3.538
4.231
0.124
0.095
0.25
1.76
3.072
0.108
1.359
4.356
1.17
4.399
0.125
1.753
1.198
1.344
0.147
1.286
0.029
0.2
0.299
1.608
0.352
0.777
0.092
1.952
0.929
2.351
0.267
2.003
0.064
0.085
1.918
0.071
0.038
1.722
0.23
0.023
3.334
0.187
0.058
1.331
3.32
2.067
0.169
4.431
6.473
0.198
2.127
0.404
0.329
0.036
0.255
2.537
3.094
5.776
4.446
1.528
4.081
1.438
3.19
0.635
5.086
0.094
2.996
0.055
1.434
0.057
1.493
0.162
0.045
3.605
3.241
4.455
0.271
0.136
3.463
0.717
5.361
0.034
0.337
0.194
0.37
0.096
0.076
0.132
1.474
0.063
0.585
3.135
1.439
2.293
0.168
1.362
0.042
2.302
0.094
0.196
0.166
0.452
1.177
0.489
0.717
7.892
1.941
3.461
0.066
4.338
6.27
0.159
0.198
0.068
3.194
0.049
0.122
0.187
1.991
0.04
0.077
0.126
3.767
0.016
2.631
2.06
2.0
0.938
0.177
4.929
2.036
0.128
0.063
0.026
1.669
1.261
0.972
0.257
0.032
4.971
0.435
0.07
0.29
2.384
0.158
0.057
5.321
0.072
3.236
1.014
0.225
0.781
0.3
0.259
2.256
5.762
1.143
0.143
1.645
0.107
2.386
0.664
0.771
0.141
2.259
0.028
0.17
0.066
0.057
0.945
0.58
0.161
0.141
3.679
0.053
0.033
2.293
0.18
1.983
0.089
0.047
1.703
1.458
4.887
0.04
2.313
0.099
0.597
0.239
0.26
0.248
0.062
0.218
0.044
5.1
0.324
0.491
8.253
0.099
0.3
0.075
0.811
0.077
1.328
3.647
1.508
0.758
2.206
4.019
0.037
0.489
0.462
3.098
2.734
0.083
0.062
1.54
6.265
0.547
0.215
2.399
3.238
0.255
1.654
2.016
1.414
2.75
0.104
5.151
1.442
0.446
0.036
0.143
3.055
0.083
0.041
1.069
0.152
0.041
2.438
0.304
2.478
0.116
0.07
1.202
0.956
0.25
0.065
4.0
1.468
1.089
3.3
0.047
0.097
1.702
0.897
1.944
0.057
3.22
1.464
1.526
1.68
0.078
0.259
0.094
0.412
0.182
0.159
1.263
0.082
5.427
0.065
6.552
2.149
0.132
2.735
0.197
0.037
0.071
0.394
0.214
0.124
0.15
0.292
0.327
0.277
5.186
2.158
2.339
0.581
0.2
1.872
0.235
0.037
0.228
3.933
0.071
0.119
0.209
1.482
0.275
0.158
0.201
0.334
2.312
3.925
1.935
1.702
1.279
1.494
2.365
2.261
0.232
0.01
0.2
0.621
2.989
1.223
1.512
1.33
0.258
0.068
4.166
0.102
0.057
0.135
0.167
3.791
2.02
0.121
0.058
3.488
4.757
0.359
2.832
0.038
0.056
0.082
0.039
1.534
0.029
0.167
0.039
3.588
0.064
0.068
0.748
2.075
4.097
1.737
0.28
0.052
0.067
0.335
1.564
0.081
3.02
0.245
0.06
0.118
0.034
1.532
1.764
0.166
3.821
3.916
1.22
1.369
0.033
0.326
0.41
2.033
1.158
0.064
1.739
0.091
0.128
0.121
0.019
2.56
0.171
6.476
1.657
3.414
0.061
0.105
4.895
2.064
2.904
3.267
0.122
2.878
1.225
2.52
0.064
0.996
3.305
1.176
2.92
0.525
0.243
0.061
0.072
10.405
3.884
0.075
2.494
2.253
0.114
1.005
2.41
0.103
0.043
2.147
0.048
0.071
2.475
0.021
1.364
0.503
2.626
0.17
2.424
7.034
2.865
3.954
0.064
1.28
0.186
0.636
1.523
0.113
0.078
3.243
5.032
1.577
0.102
0.042
4.859
5.096
0.038
0.09
1.108
4.589
1.624
1.932
1.688
2.363
0.158
0.169
1.229
2.761
2.002
4.472
1.659
0.674
0.884
0.293
0.235
0.356
1.056
0.166
1.307
1.114
0.029
7.206
0.971
1.018
0.376
1.867
1.988
2.491
0.188
0.108
1.261
0.473
0.031
1.675
5.636
2.384
2.892
0.035
2.613
1.777
1.364
0.084
1.528
0.692
1.674
0.148
1.837
0.601
2.522
0.522
1.05
0.227
0.868
0.144
1.711
0.061
1.225
1.803
0.131
2.001
0.599
6.991
1.539
1.831
0.018
0.193
4.735
6.131
0.067
0.294
1.404
0.223
0.073
1.545
0.082
0.083
0.23
0.138
0.412
0.057
2.714
2.05
0.067
5.365
1.576
2.06
8.522
3.352
0.09
1.622
0.249
2.128
1.777
0.281
10.651
0.031
5.514
2.573
2.841
0.107
11.346
1.378
4.006
0.419
0.029
0.164
3.604
0.426
0.027
4.141
0.531
0.075
0.032
2.809
0.046
0.293
3.105
0.079
1.97
0.081
0.108
5.99
6.954
2.679
1.835
0.405
0.127
3.419
2.7
1.763
2.594
0.175
0.118
0.233
0.09
4.226
0.117
0.351
0.256
0.022
1.742
1.215
1.763
0.485
1.797
0.283
0.141
3.243
0.034
0.043
7.553
0.096
8.122
0.084
1.817
0.31
0.125
0.223
1.969
0.085
0.055
0.142
0.173
0.365
3.78
1.89
2.289
1.064
0.021
3.179
1.408
1.88
0.401
0.197
0.025
1.292
5.571
0.092
0.103
1.31
0.044
1.869
1.681
0.04
1.465
0.015
1.952
0.206
5.084
0.088
0.498
0.119
4.095
0.147
1.494
0.143
2.186
0.155
4.626
0.241
0.033
0.079
0.044
1.013
0.048
1.025
0.372
0.432
0.03
0.125
0.372
0.072
0.05
0.32
3.064
0.205
0.203
0.035
0.381
0.016
1.815
0.218
0.093
0.753
0.019
0.152
0.763
0.267
1.984
0.049
0.037
1.741
3.135
0.066
0.041
0.347
1.741
0.631
0.654
3.016
3.023
0.266
2.612
0.027
0.994
0.169
1.63
0.136
1.347
2.162
0.844
7.51
4.108
2.941
0.243
1.647
0.179
2.101
1.612
0.053
0.225
0.088
0.332
3.648
0.027
0.119
4.381
1.055
1.518
0.161
0.104
3.798
0.107
0.177
0.034
0.178
1.232
0.169
1.208
0.042
1.671
1.53
2.852
0.355
0.149
1.79
0.146
4.849
0.039
0.114
0.084
0.167
0.113
1.379
1.906
3.18
0.402
0.291
0.123
0.055
0.193
1.329
1.877
2.201
1.565
0.024
1.217
0.368
4.247
1.213
0.261
1.719
1.565
0.029
1.586
2.326
4.83
0.058
1.849
0.088
0.046
1.884
3.534
1.169
0.392
0.039
5.067
0.081
0.16
0.893
0.062
0.102
0.987
2.467
0.184
0.058
3.974
0.099
5.056
2.266
7.652
0.141
0.174
0.078
0.059
1.471
1.728
2.819
0.115
0.853
1.924
0.192
7.132
0.046
0.388
1.676
1.526
9.194
0.301
0.088
0.337
0.041
0.356
0.062
0.48
1.158
0.092
2.09
0.04
0.403
2.049
0.085
2.634
0.264
0.113
0.047
1.426
0.162
3.54
1.827
1.656
0.206
0.272
1.204
1.813
6.926
0.103
4.134
0.063
0.171
2.58
0.158
1.831
0.033
2.216
0.053
0.84
2.927
1.763
1.613
4.969
5.627
1.294
1.687
0.104
2.403
2.215
0.031
0.13
0.846
1.569
0.029
0.023
3.373
2.123
0.81
1.351
2.428
0.043
1.763
0.026
0.397
0.039
0.876
0.074
3.965
0.292
1.351
4.899
0.215
0.156
0.221
0.388
0.069
6.194
0.512
1.961
4.736
0.026
1.758
2.561
0.091
0.109
0.029
0.07
0.45
0.119
0.089
2.204
1.958
0.612
2.463
0.032
2.83
0.045
0.713
0.244
0.034
0.175
3.839
2.531
1.17
3.838
0.042
1.459
0.038
0.494
0.088
3.107
0.352
0.143
1.421
0.292
0.029
3.077
0.138
2.989
1.541
1.167
3.58
0.041
1.401
1.697
4.047
0.071
2.028
0.159
1.041
1.918
1.225
3.386
0.725
0.843
3.668
1.695
0.099
2.159
1.629
0.063
0.234
0.557
11.705
5.158
0.078
1.858
3.923
3.693
0.311
4.599
2.616
0.079
3.708
0.367
2.973
0.278
0.568
0.74
0.121
1.39
2.085
1.457
6.899
4.241
2.485
0.213
0.035
1.076
0.825
2.252
0.487
1.326
1.579
3.014
0.108
0.121
2.198
3.302
0.944
1.783
5.1
0.053
1.28
2.913
7.921
0.447
0.63
0.08
2.089
2.309
0.486
0.076
0.671
1.387
1.606
0.029
0.976
0.094
0.12
2.525
0.117
0.04
0.068
2.781
0.296
0.374
0.203
4.146
0.759
0.118
0.101
5.783
3.838
0.053
0.483
0.042
6.545
0.186
1.023
0.022
0.045
4.243
0.686
0.197
0.089
0.27
0.115
0.18
0.39
0.068
1.664
1.401
1.875
2.605
0.051
4.366
0.27
1.919
0.149
0.247
4.197
5.023
0.469
0.26
0.038
0.055
2.629
0.254
3.056
3.04
8.654
0.472
0.049
0.161
0.962
0.148
0.197
0.238
0.046
1.993
3.971
0.119
5.43
0.271
0.11
2.586
1.266
0.047
0.086
0.969
0.073
3.945
0.327
2.434
0.053
0.379
0.102
3.905
6.329
6.519
4.451
1.182
0.067
1.26
0.047
0.328
4.129
0.058
3.207
0.101
1.25
0.049
2.579
0.059
1.279
5.153
1.397
1.487
1.141
4.712
0.153
2.385
0.047
0.048
0.049
0.067
0.922
1.895
0.05
0.295
1.409
0.012
0.549
0.156
5.462
0.715
3.282
0.047
0.968
1.419
5.531
0.245
1.737
0.324
0.105
1.643
0.141
3.109
2.145
2.144
3.39
1.485
1.214
3.291
2.34
1.556
0.21
0.42
5.941
0.049
1.555
0.149
2.518
0.072
0.033
11.701
0.186
0.074
2.384
0.22
0.409
1.693
0.095
2.897
0.12
0.158
0.126
3.449
0.08
7.014
0.23
0.618
0.084
0.048
2.429
5.006
0.072
0.025
0.647
6.266
0.041
5.245
0.471
2.261
0.56
2.8
0.072
0.242
0.051
0.541
2.659
0.093
2.4
2.131
0.024
7.295
0.089
1.151
0.742
1.316
0.044
0.037
0.053
1.114
0.023
2.014
3.321
3.597
1.762
3.039
0.138
1.796
1.702
1.908
0.323
0.158
0.305
0.299
2.735
9.38
1.89
0.115
0.171
1.601
2.343
2.012
0.075
0.038
0.109
0.146
0.034
4.406
0.037
0.275
0.12
5.608
1.698
3.326
1.439
0.822
0.105
0.218
0.055
2.006
0.219
0.154
2.449
0.056
2.684
1.066
0.071
1.097
0.068
3.349
1.189
0.065
0.291
1.579
2.556
0.118
0.156
2.011
3.823
0.073
0.056
2.271
1.363
0.068
0.099
6.237
0.378
1.708
1.7
0.027
0.174
0.106
0.329
0.886
6.159
0.254
3.362
0.042
3.208
0.363
3.311
0.419
0.242
3.022
2.247
1.953
1.434
0.222
1.545
1.458
0.667
0.085
1.277
0.122
3.39
1.459
1.922
0.239
0.429
2.481
0.323
0.332
0.466
0.023
1.09
0.042
0.053
0.085
0.265
0.312
1.452
0.079
0.1
3.337
2.981
0.014
3.109
1.194
0.619
1.4
0.022
3.992
0.095
2.371
0.032
0.284
3.569
0.148
2.375
1.073
2.88
0.807
0.121
0.091
0.048
0.53
0.102
1.078
1.865
0.054
0.007
0.918
1.53
2.045
4.483
1.92
2.963
0.823
0.475
1.552
0.419
0.022
0.102
0.075
0.186
0.046
1.76
0.025
0.421
2.193
0.028
0.122
2.148
0.224
0.031
0.589
1.968
0.545
0.037
3.744
0.27
0.135
0.03
0.885
0.046
1.581
0.04
0.074
3.767
0.227
0.244
2.375
2.715
1.669
0.252
0.048
4.021
1.528
0.095
0.985
2.859
1.326
5.052
0.07
0.134
4.355
2.594
0.415
4.181
0.024
0.613
0.077
0.214
1.524
0.054
0.173
2.181
1.495
0.076
1.468
1.708
3.732
4.928
1.921
3.947
3.903
0.067
0.045
1.39
0.422
0.199
4.971
0.036
0.606
3.941
1.726
0.109
0.077
0.382
0.941
0.206
1.264
0.08
0.282
0.066
1.645
2.054
4.449
5.464
0.188
0.497
1.506
0.142
4.901
3.396
0.19
1.704
0.187
0.658
2.479
0.075
1.122
1.909
0.125
0.06
0.297
0.165
0.06
3.368
1.445
0.05
7.568
0.179
0.754
2.432
0.901
1.205
0.09
0.106
0.282
0.193
6.126
0.141
0.229
0.065
0.204
1.79
0.548
2.317
2.98
0.118
3.845
0.17
0.172
3.654
1.42
0.194
1.717
0.263
0.413
1.752
0.17
0.06
1.255
1.807
0.362
1.223
5.324
0.826
1.627
2.286
0.293
1.509
1.378
1.503
5.139
0.033
3.677
0.064
0.263
3.122
0.076
0.219
1.615
0.42
1.978
2.781
2.871
0.848
0.043
2.97
0.037
0.031
8.179
0.058
5.661
0.188
2.089
0.139
0.279
3.051
1.885
0.046
2.23
0.346
1.698
0.506
3.505
1.874
1.661
1.18
0.072
1.393
5.006
1.404
0.304
7.013
1.35
1.685
0.223
2.092
2.989
2.955
2.695
2.342
0.19
0.07
5.381
2.387
2.069
0.046
7.642
2.55
0.037
0.058
1.126
0.417
1.193
2.712
0.389
1.915
2.296
2.671
10.544
13.192
2.16
0.182
1.87
0.05
0.064
3.044
5.446
0.09
1.756
0.24
0.315
0.216
2.133
0.075
1.157
4.831
0.647
2.538
0.235
0.106
0.305
1.59
2.853
3.617
0.363
1.74
0.338
0.216
0.669
1.451
3.423
1.265
1.737
0.066
2.469
0.449
4.271
1.615
2.411
3.321
0.022
0.554
1.234
1.141
0.062
0.872
2.106
3.177
0.042
1.012
0.277
0.095
2.573
0.07
2.651
2.783
2.852
0.071
0.025
0.113
0.081
0.025
0.147
0.237
1.697
0.7
0.119
0.399
0.343
7.968
1.059
3.899
0.973
0.38
1.92
0.143
2.831
2.782
0.484
0.037
0.089
0.077
0.407
0.682
3.019
0.045
3.095
1.979
2.251
0.028
0.021
0.026
0.253
1.217
1.233
0.132
0.046
0.144
2.213
0.232
0.19
4.87
2.746
0.282
4.049
0.038
1.886
0.448
3.067
1.534
4.574
1.727
2.542
1.023
3.297
0.056
0.2
0.222
0.063
7.277
0.078
0.028
0.027
2.365
1.575
0.135
0.44
0.121
0.135
0.039
0.927
0.176
1.602
5.433
1.763
3.97
0.171
2.742
3.079
0.195
2.894
1.871
0.083
0.079
2.372
1.995
0.233
4.414
0.149
0.05
1.24
0.078
0.025
0.643
3.852
1.3
1.207
0.034
0.503
2.532
0.09
4.476
0.087
0.055
0.151
5.415
0.059
2.149
1.789
0.053
0.362
0.045
3.604
0.205
0.19
0.777
0.842
6.186
0.935
5.088
4.939
2.732
2.779
1.953
0.035
0.206
0.07
0.647
0.033
2.461
0.105
4.754
0.105
0.073
2.246
1.497
0.086
0.081
0.199
4.816
1.908
2.898
1.668
0.155
0.1
0.319
5.77
0.061
0.026
4.642
1.715
0.143
1.751
0.45
1.243
0.029
0.151
0.056
2.781
0.271
0.547
0.084
0.42
0.057
5.285
0.089
0.069
7.481
0.677
0.661
0.688
2.586
0.715
0.225
0.221
0.503
6.054
0.851
0.597
3.232
0.286
0.408
1.519
1.554
1.135
4.002
0.133
0.037
0.147
0.474
2.232
2.521
1.969
2.953
1.307
0.142
0.116
0.156
0.092
1.083
0.16
3.19
2.753
0.655
2.832
0.852
1.743
1.676
2.955
0.095
0.138
0.05
0.174
1.474
0.108
0.268
0.072
0.867
1.279
5.557
2.529
1.313
0.595
1.751
0.117
1.294
0.121
0.088
1.968
0.149
0.042
0.4
2.95
0.057
3.106
2.203
0.228
2.351
0.221
0.036
5.972
0.131
0.179
3.883
0.447
1.536
4.917
0.238
0.265
3.714
0.345
4.017
0.12
1.527
0.136
0.168
0.135
0.667
0.161
0.317
8.007
1.705
0.148
0.674
2.561
0.199
1.75
0.273
3.931
1.42
1.767
1.729
0.116
0.364
0.178
0.141
0.628
1.436
3.062
0.102
0.292
0.132
3.507
0.284
1.381
0.33
0.053
5.627
0.393
0.597
0.14
4.343
0.141
8.011
2.74
1.937
3.41
2.341
0.157
0.043
1.335
1.189
0.036
0.087
1.967
5.598
0.116
1.274
0.248
1.659
2.178
0.231
4.919
0.093
4.8
1.75
1.143
0.097
0.237
0.037
0.259
2.223
0.035
0.035
1.411
0.941
0.198
1.634
0.467
2.436
0.112
0.268
0.179
0.089
3.231
0.158
1.05
0.028
1.883
2.076
2.098
0.386
0.155
0.045
0.999
0.112
0.628
4.228
0.199
1.515
0.364
1.051
2.124
0.188
0.12
3.551
0.226
0.351
0.224
1.085
0.052
1.282
0.056
2.022
1.647
1.508
0.038
2.712
0.022
0.027
0.19
0.075
3.205
0.456
0.2
1.677
3.977
0.066
0.043
0.714
0.096
1.947
3.082
0.256
0.056
0.263
0.056
0.173
0.022
0.517
2.716
4.556
1.625
0.065
0.081
2.725
1.475
4.676
0.212
4.525
0.986
1.18
3.028
1.513
0.217
1.584
1.595
0.047
1.385
0.355
1.983
0.261
0.037
4.242
0.209
0.039
0.061
0.092
4.573
0.08
1.021
1.026
9.479
1.292
6.198
0.106
2.921
3.197
3.931
0.254
1.68
1.869
1.997
0.095
0.959
0.043
3.63
2.664
0.196
5.519
0.296
0.07
5.114
0.614
0.254
0.041
2.422
0.092
3.362
0.575
1.671
0.043
0.951
0.13
1.038
0.298
1.037
0.953
1.758
0.209
1.828
0.05
2.104
0.058
0.293
0.262
0.124
5.692
0.254
4.129
1.692
0.312
3.045
3.149
7.855
2.468
0.065
1.154
0.35
0.043
1.513
3.278
1.205
5.412
3.312
0.323
2.956
4.493
1.37
0.239
0.156
0.178
1.409
1.779
0.281
4.867
1.644
0.238
0.133
1.504
0.075
0.052
0.062
0.051
1.892
2.29
0.051
0.084
0.115
3.369
0.057
0.156
1.431
0.191
0.1
0.281
1.731
0.016
2.178
0.264
2.821
1.577
0.162
3.754
0.061
0.073
0.034
0.065
0.048
1.957
0.043
1.605
0.389
0.595
1.996
1.506
2.039
0.013
1.329
0.618
2.113
0.15
4.333
0.064
1.671
0.706
0.043
3.275
1.21
0.157
0.537
0.169
1.296
0.377
0.087
0.098
0.094
2.414
0.082
1.941
2.117
0.065
1.079
0.467
0.04
1.517
3.076
0.07
4.358
0.053
1.97
4.221
0.056
2.504
0.063
0.064
0.043
3.859
2.123
3.813
0.19
0.051
1.628
1.065
0.051
1.595
0.257
0.339
3.345
0.578
0.485
0.275
1.38
0.058
2.828
0.89
1.112
0.346
0.098
3.761
0.277
2.483
5.268
7.188
1.168
0.133
3.722
0.093
0.03
1.531
0.196
0.459
3.828
8.768
1.357
0.132
0.04
1.264
0.34
3.994
3.342
0.038
0.093
0.071
0.358
0.461
0.429
0.35
5.098
0.024
0.327
0.058
0.103
2.144
5.237
2.355
3.323
3.05
0.034
0.07
3.208
1.126
0.021
0.049
1.346
1.13
1.417
0.156
1.853
0.282
1.441
3.267
1.307
5.447
10.741
1.81
0.05
0.366
0.036
1.607
3.682
1.076
0.044
1.577
0.447
0.227
2.106
0.082
1.286
0.755
0.107
0.053
2.416
1.928
0.287
1.795
0.225
3.859
1.09
0.178
2.902
2.565
2.758
0.414
1.642
11.121
2.289
0.045
1.587
0.177
2.287
1.019
3.069
0.064
1.883
0.225
0.263
3.102
3.001
0.144
3.716
2.502
6.182
1.804
4.194
0.058
0.091
0.189
3.893
0.024
0.059
0.084
3.4
7.762
4.757
0.134
2.515
0.092
3.432
0.587
5.781
2.399
0.033
2.338
0.256
1.089
1.531
0.101
0.296
3.64
1.586
2.42
1.587
0.263
4.219
1.776
0.382
0.089
0.047
0.044
2.406
1.993
0.118
0.429
1.301
1.716
0.233
1.859
7.182
0.043
0.393
2.898
0.3
0.073
2.161
0.172
0.382
3.349
3.1
0.245
0.58
1.488
6.612
2.032
1.549
0.617
0.209
3.629
0.031
7.538
2.071
0.038
4.608
0.146
2.454
2.051
0.162
6.75
5.034
1.862
1.859
0.516
5.878
0.045
2.085
0.021
1.986
1.947
0.28
2.644
0.035
0.078
0.089
0.477
0.78
0.209
0.063
0.064
0.031
0.024
0.097
0.039
0.049
0.434
5.452
0.033
6.079
1.483
0.038
0.448
1.534
0.213
0.897
0.381
0.287
1.363
0.097
0.068
4.23
0.096
0.968
4.398
0.773
6.901
2.496
0.031
1.987
0.1
1.819
2.546
0.038
2.737
0.568
1.181
2.274
0.023
1.429
0.685
3.834
0.146
2.127
0.202
0.306
4.104
0.072
0.232
0.047
0.201
1.619
3.801
0.037
0.177
0.043
0.031
0.028
0.054
2.02
1.474
2.296
0.077
0.066
1.774
0.054
1.536
0.58
0.281
1.554
0.28
2.018
1.722
1.416
3.674
0.432
4.294
0.209
0.625
1.756
3.475
0.245
3.678
0.193
2.267
0.277
0.37
0.131
0.028
1.491
1.278
3.261
0.228
0.187
0.183
1.603
0.146
0.062
0.059
3.248
2.155
1.414
0.05
4.904
2.053
1.781
0.057
1.275
1.815
0.144
0.025
1.783
3.888
6.601
0.367
5.459
3.806
0.642
4.798
3.799
0.03
0.988
6.701
0.163
0.033
3.675
0.024
7.435
0.27
0.065
7.883
2.324
0.299
0.551
0.028
3.003
0.151
0.095
0.04
2.536
5.021
0.237
4.825
0.271
0.203
3.757
2.193
1.701
1.086
0.765
0.041
0.823
2.474
0.037
1.069
5.121
6.661
1.58
1.574
1.006
5.925
2.212
0.458
0.842
0.317
2.454
0.131
7.327
0.07
0.365
1.995
8.191
0.075
1.828
3.525
0.071
0.347
0.034
0.761
0.687
4.848
0.039
1.561
0.088
2.833
3.003
0.168
2.052
1.522
3.349
2.074
1.794
0.193
0.09
0.241
0.705
2.391
3.952
3.322
2.308
1.402
0.171
2.247
2.028
3.198
0.179
2.284
3.522
0.027
0.385
0.081
4.54
5.034
0.14
1.425
0.746
0.365
2.888
2.58
0.189
0.09
1.695
0.083
0.078
2.676
0.027
8.103
2.12
0.027
0.083
2.078
4.574
0.035
0.104
0.294
0.181
2.43
0.142
4.269
0.044
1.577
0.057
2.181
3.975
2.687
0.16
0.293
0.34
0.496
0.106
1.498
0.321
1.751
0.124
3.33
0.121
0.031
0.084
0.419
0.31
0.322
0.394
0.904
2.781
12.649
0.2
1.413
0.851
1.879
1.579
3.653
0.264
3.083
0.377
1.536
0.517
1.132
0.18
0.118
2.753
2.199
0.898
0.088
3.213
1.827
0.1
1.587
0.063
0.085
0.172
0.162
0.435
0.031
1.721
0.561
0.218
0.072
5.198
3.561
0.19
0.084
0.073
1.186
1.34
0.058
0.224
1.202
2.432
3.617
0.102
0.997
1.958
0.283
2.187
0.663
3.976
1.316
0.197
0.022
1.503
0.631
4.665
3.865
0.19
1.435
3.454
0.046
0.456
0.229
2.262
2.076
1.719
0.232
0.073
2.248
1.913
5.374
0.058
0.071
3.204
7.667
2.991
1.215
2.421
0.052
0.017
3.299
1.576
0.082
0.036
3.718
0.588
8.111
0.132
0.288
0.229
0.024
0.045
1.589
0.198
0.134
1.182
0.023
1.058
0.308
0.068
0.983
1.128
1.236
0.915
0.234
3.982
1.496
1.709
3.446
1.717
1.847
4.822
0.102
1.689
2.191
2.321
0.241
0.059
0.445
1.065
0.018
8.147
1.383
4.338
2.085
0.02
1.32
0.076
0.399
0.049
0.111
0.206
3.403
3.52
4.488
0.053
0.096
0.109
0.085
3.972
0.049
3.975
3.99
2.469
1.129
0.116
1.51
0.075
0.052
0.234
0.519
0.625
0.667
2.216
1.772
2.966
1.855
0.495
1.09
1.575
1.209
0.106
1.435
1.279
2.33
1.565
0.05
2.26
0.087
6.078
0.043
0.046
0.223
0.088
0.067
4.615
0.2
1.565
0.405
0.044
1.744
3.362
0.328
2.898
1.305
2.506
1.978
0.925
0.102
9.651
2.688
2.097
0.014
0.736
3.383
1.196
0.116
1.966
0.664
1.115
0.023
0.027
1.607
0.052
1.785
0.562
1.023
2.139
0.12
0.496
1.171
1.774
0.225
0.019
2.443
2.349
0.034
0.084
0.956
1.331
0.096
3.875
0.049
1.958
1.315
0.262
0.088
0.161
0.12
0.044
0.313
0.508
0.382
1.317
3.154
0.089
0.158
0.281
3.811
1.689
0.097
0.105
3.204
4.394
0.443
1.536
2.501
0.094
0.308
0.135
0.08
0.291
0.353
0.038
0.671
6.809
1.469
0.568
3.351
0.24
1.865
2.554
0.24
0.037
0.054
0.36
0.044
0.704
0.224
0.602
1.659
0.262
0.17
0.335
1.074
0.173
2.784
3.901
0.326
0.281
0.047
1.567
4.859
1.325
0.064
0.063
3.679
2.348
2.799
1.247
0.206
1.444
3.175
1.537
1.24
0.068
1.612
3.321
7.652
0.592
4.977
0.046
0.114
0.303
0.072
3.441
0.154
1.918
0.737
0.367
0.116
3.363
3.143
0.067
0.084
1.595
0.776
0.035
1.544
2.645
1.894
2.749
0.055
12.154
0.197
1.581
0.066
5.871
0.313
0.132
0.062
1.704
0.051
2.186
0.929
0.176
0.76
0.101
1.542
3.259
5.404
0.017
1.441
0.055
1.312
1.114
1.51
4.236
2.755
0.054
2.786
0.058
0.471
0.359
3.379
0.057
0.036
2.018
1.1
0.106
1.381
0.98
1.164
0.107
3.029
0.361
3.064
1.561
0.106
0.06
2.221
1.972
0.033
7.538
2.633
0.117
0.044
0.213
0.123
0.207
2.413
2.483
0.024
1.874
0.538
1.942
2.77
0.309
3.691
1.81
0.706
0.76
0.066
0.108
0.474
1.286
0.153
0.135
0.096
0.475
0.39
2.979
3.838
0.111
1.385
1.907
0.948
0.039
2.019
0.661
2.862
0.065
0.02
0.209
1.55
0.125
0.069
2.33
2.192
0.789
1.816
1.353
0.059
0.103
0.045
0.106
0.047
0.104
2.117
5.948
3.418
0.024
0.463
1.964
0.037
0.05
0.238
0.099
0.247
1.779
4.087
1.432
1.504
2.704
2.326
1.525
0.033
0.213
1.886
0.074
0.245
0.094
0.426
7.241
0.082
4.394
0.118
3.334
6.481
0.218
3.941
0.433
0.223
0.163
0.043
0.594
0.1
3.491
5.0
3.488
1.861
0.664
0.115
6.415
0.145
0.184
0.402
0.046
0.153
4.301
7.585
0.137
1.068
1.137
0.067
1.515
0.195
0.138
1.879
0.328
0.046
2.226
0.548
1.697
4.05
0.092
1.657
0.84
1.341
0.251
0.041
0.284
1.728
0.073
1.163
0.033
0.085
0.465
0.272
1.294
0.048
0.15
2.804
2.39
0.063
4.397
0.105
4.109
4.318
0.203
4.075
0.382
2.43
0.115
2.283
0.233
0.694
0.057
2.493
0.12
0.55
2.005
2.107
0.221
0.121
0.123
0.989
0.26
5.578
0.156
0.032
0.382
0.248
1.256
0.756
2.668
1.563
0.118
0.061
0.059
0.124
0.179
0.923
4.211
1.258
0.301
0.084
3.066
3.422
0.163
1.27
0.204
0.07
0.73
0.053
1.595
0.055
2.734
1.706
1.284
2.893
4.822
0.044
2.324
0.42
0.416
0.125
0.043
0.032
0.184
2.286
0.434
0.127
0.533
0.038
6.924
0.583
2.344
0.036
3.249
0.195
0.329
0.024
0.996
0.105
2.615
0.883
0.424
1.807
0.051
0.067
0.576
2.2
0.172
1.891
0.062
0.424
5.928
4.51
0.537
0.22
0.118
0.187
1.545
1.332
3.276
0.517
4.808
3.153
0.073
0.267
0.037
0.374
0.188
0.234
0.042
3.405
0.176
0.089
19.671
0.749
6.247
2.015
1.14
0.031
0.897
3.673
0.794
2.185
3.444
1.823
0.159
0.102
1.943
0.078
0.251
0.989
0.047
0.167
0.172
1.413
0.835
2.15
0.114
2.324
0.253
1.704
2.759
0.1
5.532
0.272
2.613
0.056
1.773
1.635
2.625
0.613
0.442
0.137
0.306
0.303
0.195
0.247
0.071
0.053
0.856
2.71
4.731
1.337
0.022
0.14
3.525
0.169
4.984
3.776
0.376
2.397
0.984
4.008
0.089
0.038
3.176
0.959
0.165
1.423
1.594
2.03
0.032
0.601
0.051
0.403
0.223
0.228
0.022
0.228
0.202
0.035
0.366
7.937
1.998
0.09
0.072
0.147
0.695
0.748
0.268
1.925
0.668
0.701
0.054
1.775
0.214
0.225
0.157
0.524
4.14
2.01
2.605
4.315
0.032
0.518
2.015
0.356
3.612
0.052
0.26
1.013
0.125
3.903
0.062
0.059
0.117
0.029
0.066
1.021
1.005
0.068
4.301
0.042
0.086
2.374
0.822
5.724
1.46
1.482
1.309
0.879
3.191
0.14
2.178
0.272
1.261
0.079
0.038
2.885
1.637
0.021
3.128
1.44
0.761
2.182
2.51
0.244
2.24
2.273
2.001
2.297
0.067
3.038
0.024
3.688
1.153
0.085
0.077
0.224
0.214
3.358
0.045
0.029
0.422
2.434
3.362
0.065
0.196
0.024
0.087
0.029
0.674
0.146
1.534
3.91
0.072
1.366
0.046
0.078
0.545
0.511
0.08
0.11
0.501
0.075
1.026
5.372
0.21
0.314
3.887
2.056
2.442
3.6
1.478
2.107
1.734
0.244
1.015
0.144
16.518
0.218
0.167
0.144
1.043
2.498
2.826
0.1
0.025
2.08
0.694
0.896
0.983
0.068
2.923
2.116
0.345
2.78
2.195
0.668
5.488
0.084
0.051
0.063
1.554
0.071
0.132
2.12
1.608
1.028
1.806
3.763
0.04
0.019
2.285
1.858
1.639
5.788
0.092
0.025
8.489
0.262
5.272
1.657
0.05
0.048
0.092
0.051
0.074
3.761
5.411
0.991
1.745
0.169
0.285
3.848
0.422
2.635
1.077
0.809
3.892
1.849
0.525
4.897
1.454
3.657
0.066
0.063
1.338
1.106
0.183
9.295
0.367
1.628
0.043
2.037
0.053
0.15
0.055
0.506
1.737
5.141
1.616
0.621
3.096
0.019
0.633
3.323
0.051
3.721
9.23
0.688
0.117
0.473
0.503
0.058
2.85
2.764
2.336
1.655
2.389
0.042
0.134
0.051
6.684
0.651
0.28
0.642
0.153
0.11
2.396
0.194
4.329
2.468
0.053
5.052
0.126
0.596
0.329
0.376
0.03
0.191
0.032
1.447
0.216
0.344
0.255
0.059
5.32
1.065
0.283
3.256
2.022
0.065
0.056
1.813
0.359
0.107
0.108
0.035
0.047
0.026
1.516
0.047
0.977
0.332
0.027
0.209
0.147
0.122
0.186
1.566
7.082
0.109
0.057
2.972
6.803
0.421
0.034
0.796
0.778
4.466
1.501
2.664
0.331
0.073
0.04
0.216
0.031
0.383
8.464
2.675
0.034
0.234
0.171
7.882
0.152
2.178
1.528
2.594
0.16
1.074
1.894
2.343
1.611
3.704
0.199
0.11
4.44
0.075
0.076
0.105
1.616
4.081
1.971
1.507
0.092
1.968
1.613
1.946
6.595
2.327
0.053
0.06
0.028
5.937
5.511
0.397
0.325
0.304
1.37
2.046
0.044
0.027
1.313
4.436
0.33
0.179
2.925
0.289
2.517
1.36
2.913
0.123
0.328
0.592
1.0
0.499
1.845
3.58
1.46
0.113
0.041
0.13
0.05
0.029
1.647
0.425
0.017
2.367
0.446
2.487
2.438
4.721
0.093
0.295
3.745
1.01
0.231
0.183
0.322
0.121
0.022
4.538
3.235
5.843
0.166
1.881
0.145
0.065
0.476
0.157
1.31
3.199
0.02
1.851
1.753
0.086
0.733
0.098
0.06
1.422
0.044
2.866
1.69
1.193
0.13
9.018
2.291
2.521
0.114
0.051
1.843
1.289
0.192
0.027
0.482
0.452
4.259
0.862
0.146
0.828
3.317
0.039
2.006
11.159
0.357
5.007
5.16
2.889
0.926
1.899
0.217
1.886
0.114
5.451
0.129
0.397
0.069
0.112
0.789
1.018
2.893
0.059
0.871
0.278
1.297
3.462
1.752
4.355
1.446
0.483
0.209
0.076
1.844
2.458
1.869
0.548
0.024
4.672
0.12
3.629
2.966
0.151
2.758
2.086
0.095
0.021
0.164
0.132
0.054
2.481
1.756
0.069
2.106
0.032
6.216
3.294
1.436
4.68
0.69
0.043
1.342
8.195
0.207
1.567
0.29
1.538
0.8
0.097
1.867
1.369
1.586
0.049
0.038
3.333
0.176
2.898
2.703
0.865
0.285
0.041
0.177
0.413
0.049
0.031
4.061
11.769
0.124
0.504
3.524
0.157
0.201
0.037
0.601
0.156
0.152
0.029
0.386
0.183
1.684
0.486
0.063
1.723
1.974
2.573
3.364
4.917
7.925
0.044
0.096
0.879
0.028
0.01
0.062
5.629
2.259
2.774
5.476
1.516
0.044
0.126
2.078
0.075
2.29
1.082
0.104
0.036
0.108
1.745
0.569
0.138
10.429
0.054
0.294
0.098
0.107
0.386
0.058
0.12
2.4
1.576
0.224
0.716
0.908
0.058
0.921
0.059
0.049
5.819
0.152
0.155
0.863
0.1
0.041
0.157
1.875
1.521
3.369
0.07
0.125
3.065
0.058
0.338
0.037
1.466
0.134
0.2
0.058
0.03
0.027
0.296
2.853
14.868
0.082
2.081
0.065
1.771
0.037
1.397
3.704
0.202
0.329
2.668
1.958
1.964
1.557
0.117
0.083
1.057
2.704
2.857
0.021
1.723
0.118
1.867
1.753
0.065
0.065
1.494
2.928
0.143
0.058
0.076
0.032
0.708
0.192
4.823
0.084
0.187
1.957
0.175
0.039
2.241
1.299
0.737
0.041
0.035
1.802
0.46
0.56
0.279
1.915
0.091
0.137
0.199
0.13
9.304
0.199
0.023
3.051
0.144
0.081
1.005
2.144
0.095
2.634
2.009
0.05
0.211
10.401
2.416
0.078
0.615
1.267
2.439
0.094
0.141
10.776
0.114
1.813
1.763
0.064
0.116
1.103
2.79
0.158
0.403
1.995
1.378
0.025
0.304
4.169
2.235
0.029
3.586
0.038
0.095
3.281
0.607
7.266
0.758
0.041
0.033
0.035
2.768
3.271
3.141
0.505
4.571
0.041
1.072
1.493
0.236
0.093
2.918
2.925
0.062
1.751
0.43
0.294
0.046
0.104
3.734
0.98
1.238
3.048
0.057
0.117
3.335
0.095
0.142
4.648
0.604
2.713
0.096
1.855
0.19
2.28
0.238
2.84
1.945
1.272
1.006
4.86
1.637
2.965
0.181
3.398
0.142
0.405
0.245
1.933
0.251
4.149
0.47
1.602
4.382
1.137
0.955
1.485
0.745
3.115
6.648
2.802
0.486
2.624
0.177
6.325
0.077
2.882
0.89
3.366
0.202
0.754
0.161
0.673
0.771
0.051
4.37
0.096
1.118
2.99
0.098
0.097
3.124
3.039
4.28
0.386
0.057
0.098
2.782
0.525
0.223
1.791
4.402
0.18
1.726
0.023
0.358
2.502
0.362
0.043
1.506
1.077
0.034
9.709
0.684
2.675
0.651
1.323
0.359
0.108
1.57
12.041
0.398
0.119
0.168
0.224
0.582
1.485
0.255
0.099
0.097
0.054
0.047
0.625
3.657
0.121
0.084
6.332
4.753
3.909
0.065
0.274
0.041
0.06
0.164
0.054
5.868
0.234
0.254
1.839
0.812
4.625
4.46
11.281
0.971
0.441
0.478
0.826
5.873
0.106
0.289
1.135
4.192
0.058
0.087
0.307
3.376
0.507
0.12
0.221
1.636
0.06
4.716
0.03
0.062
0.181
0.145
0.148
2.169
1.089
0.092
2.477
0.411
0.034
1.425
2.369
0.285
2.413
0.035
1.631
9.039
0.197
6.662
0.419
1.193
0.24
0.022
2.718
0.623
0.318
0.557
0.066
1.907
0.181
0.058
0.456
0.022
0.119
3.075
0.077
1.141
2.142
5.233
1.467
1.171
1.446
0.653
0.532
0.412
2.299
1.885
2.54
0.343
5.979
0.627
0.207
0.291
0.47
0.27
3.75
0.056
8.818
0.405
0.26
0.176
0.23
2.83
0.05
0.898
9.161
2.059
6.477
0.563
4.451
1.527
2.71
2.38
0.475
0.195
1.161
2.212
0.072
0.146
1.392
8.666
1.395
1.408
0.117
0.032
1.375
2.967
0.41
0.042
1.383
0.148
1.898
2.674
3.513
1.875
0.044
0.097
0.334
0.037
0.195
1.504
7.098
1.712
0.152
1.657
0.085
2.3
0.052
0.013
0.239
1.559
1.304
0.051
0.191
0.274
0.88
0.103
0.349
0.523
0.052
0.434
2.321
0.573
4.735
0.384
0.126
0.339
7.261
0.081
4.664
0.285
1.63
2.927
4.354
2.849
1.898
0.256
2.047
0.83
2.521
0.033
2.786
3.934
2.734
2.554
0.082
1.279
0.161
0.335
0.03
0.047
1.328
0.26
0.125
0.025
0.551
0.098
0.049
0.995
0.252
0.051
0.059
1.74
0.031
6.12
2.635
0.013
1.654
1.538
1.083
0.063
1.689
0.107
0.095
0.45
0.143
0.519
0.365
0.325
0.604
1.162
5.669
0.258
2.998
0.077
0.183
9.283
0.059
0.07
0.453
0.097
2.014
2.572
0.508
1.292
0.134
5.092
0.063
1.076
4.522
0.22
2.168
0.564
2.293
0.154
0.368
5.202
3.393
1.191
0.305
0.097
0.327
0.078
1.44
0.298
0.205
0.04
0.247
0.469
0.086
1.369
4.667
0.193
2.407
0.58
0.255
0.15
0.123
3.329
0.541
0.105
0.53
0.958
0.12
1.816
1.431
1.45
0.032
0.051
0.045
0.918
0.163
0.021
4.71
6.284
1.557
0.3
0.606
0.165
2.012
1.482
2.452
0.035
0.275
2.206
1.317
1.892
0.046
4.393
0.361
1.98
4.974
0.102
1.699
6.028
0.31
0.696
1.324
3.371
5.368
0.081
0.653
3.652
2.982
0.23
0.42
0.106
2.503
1.761
0.076
1.058
1.452
0.057
0.613
3.446
0.114
0.39
0.026
0.138
0.244
3.035
0.034
4.42
0.046
1.833
2.433
0.519
0.416
1.942
2.191
6.002
1.58
0.109
0.075
0.084
0.039
0.11
0.193
4.451
1.417
0.226
3.031
0.195
0.346
0.192
1.371
0.171
0.05
4.825
0.267
0.04
0.222
2.036
1.284
0.205
4.411
3.495
0.205
0.182
0.054
2.443
0.808
0.076
0.053
1.601
0.157
1.246
0.199
0.682
9.733
0.125
0.766
0.191
0.43
3.881
0.222
0.023
1.769
1.374
0.111
0.453
0.017
0.051
1.849
0.811
0.379
0.056
0.115
1.046
0.243
3.858
0.041
2.176
2.446
0.243
0.157
0.066
4.934
2.24
14.502
3.703
3.572
2.014
0.149
1.488
1.402
0.061
0.024
0.3
3.048
5.018
1.852
0.074
0.989
0.083
0.351
0.048
0.244
0.352
0.044
2.547
3.254
0.112
0.177
0.168
0.193
0.082
1.034
0.185
4.124
0.393
0.031
1.097
3.06
0.803
0.151
0.239
0.202
0.055
2.826
4.804
2.14
8.333
4.492
0.326
3.113
2.203
4.451
2.391
0.127
3.075
2.416
0.083
0.098
0.455
0.049
0.47
3.729
0.261
0.32
0.039
1.213
2.454
0.294
0.458
1.959
0.201
3.027
0.085
0.045
0.774
1.659
5.124
0.257
0.02
0.05
1.563
4.273
4.306
1.21
0.22
0.1
1.04
6.963
2.068
1.664
1.72
0.081
1.567
4.335
0.044
1.267
0.686
1.965
0.043
0.87
0.383
1.705
1.586
0.254
0.95
11.834
3.954
0.051
2.759
3.492
2.726
3.124
2.793
0.084
3.301
0.214
0.169
2.686
1.48
1.3
3.084
0.81
0.02
4.294
0.1
1.365
3.363
0.103
0.193
0.191
1.836
0.259
0.99
1.617
3.183
0.044
0.059
0.289
4.222
1.87
1.328
0.325
0.19
0.056
0.095
0.577
0.139
1.023
0.32
2.182
0.055
3.425
1.035
3.321
0.12
0.169
6.088
0.103
5.216
1.531
0.469
0.102
1.381
3.325
0.494
1.779
0.23
0.174
0.079
11.965
0.236
2.173
1.272
6.664
1.445
0.066
0.733
2.051
1.651
1.329
1.194
0.134
0.069
6.556
0.04
1.188
0.287
0.046
0.644
0.315
0.44
2.285
0.157
0.941
0.721
1.671
0.158
0.133
1.538
3.757
0.247
1.974
2.412
1.55
1.566
2.886
1.443
0.053
3.662
0.036
0.994
0.188
0.012
2.535
1.325
0.143
0.104
3.282
0.224
0.134
0.051
0.313
3.733
2.274
2.146
2.266
0.297
0.109
1.146
0.164
0.083
0.138
0.125
0.024
0.157
2.409
0.041
2.16
0.151
0.2
0.166
3.096
1.271
0.048
2.052
0.592
0.107
0.104
3.339
0.185
0.122
0.257
1.955
0.586
0.235
0.111
1.331
7.066
3.274
1.75
0.087
3.043
7.805
0.115
5.28
1.887
0.442
0.077
0.056
0.08
0.053
3.453
0.054
2.207
4.276
0.067
0.095
0.041
0.195
2.768
5.609
2.322
2.272
0.085
7.421
4.003
0.034
2.501
0.063
2.45
1.487
1.099
0.026
0.078
0.046
4.58
5.792
0.052
3.229
0.042
4.139
3.035
1.436
1.875
0.136
0.056
3.252
0.032
1.262
0.21
2.4
0.176
0.195
0.834
0.088
1.425
2.418
1.621
0.766
4.172
1.149
0.067
2.619
0.182
3.282
0.342
1.205
1.786
1.868
0.259
0.024
8.603
0.466
2.406
0.376
4.463
0.478
0.495
3.173
0.137
2.667
0.271
0.563
1.614
0.08
2.157
0.083
0.085
3.032
1.252
2.39
0.013
0.188
1.18
0.305
0.195
2.118
1.525
0.935
0.3
1.694
0.042
2.267
1.546
1.188
7.025
0.292
0.095
4.681
1.699
2.702
0.408
0.021
2.696
0.093
0.027
1.662
0.198
0.043
1.86
5.52
0.14
0.095
0.522
7.029
0.307
0.124
2.185
2.669
0.142
0.07
0.092
0.187
0.626
5.909
0.038
0.095
1.558
0.062
0.136
0.071
2.993
0.146
0.887
0.085
0.054
0.052
0.607
0.019
0.064
2.434
0.077
2.946
4.379
0.21
0.451
2.007
1.791
1.326
0.143
0.054
0.253
5.655
1.721
1.083
1.451
0.139
1.712
0.037
0.039
0.042
2.991
0.81
2.275
0.17
5.479
0.375
0.264
0.334
0.195
0.489
0.816
1.771
0.431
0.036
2.981
5.082
0.041
3.646
2.483
0.476
0.046
3.423
0.804
0.203
0.182
0.393
0.131
0.548
0.185
0.877
0.111
0.062
5.778
2.212
1.966
3.204
2.194
0.052
0.311
0.144
0.181
2.014
0.304
1.025
2.93
2.321
0.21
0.884
0.965
0.895
4.771
1.869
4.125
2.441
0.165
1.778
0.041
3.06
1.061
1.283
5.237
3.64
0.225
1.215
1.813
0.242
0.047
1.253
0.201
0.03
0.59
0.1
0.029
11.196
3.977
2.157
0.049
2.365
1.45
3.873
0.153
0.043
0.191
1.781
3.439
0.027
0.096
0.042
4.418
2.459
0.052
0.311
0.081
0.209
0.04
0.104
0.131
1.578
0.144
0.771
0.292
0.452
5.675
8.026
1.819
0.088
5.837
0.362
0.041
1.664
0.526
0.204
0.031
0.138
0.049
0.009
2.19
0.621
2.028
0.175
1.226
0.12
0.138
0.067
0.435
2.313
3.003
1.639
3.442
0.041
0.563
2.043
0.301
0.172
0.18
2.253
1.959
0.445
1.888
0.134
3.67
0.09
0.033
0.112
0.14
3.926
7.133
0.624
1.401
0.895
0.244
0.586
0.197
0.538
5.468
4.68
5.562
1.296
2.929
0.212
0.13
0.176
0.05
0.524
2.82
6.449
0.747
2.206
0.076
0.035
1.847
1.001
2.053
0.282
5.036
0.066
1.941
0.369
1.571
0.109
0.3
0.12
1.771
0.034
0.257
0.124
0.192
0.435
0.054
0.205
0.384
0.142
1.985
0.609
3.991
0.206
1.948
0.379
1.725
3.407
2.963
0.091
0.666
1.027
1.319
1.071
3.919
2.337
2.172
0.212
4.48
1.467
1.662
0.104
0.036
0.136
2.661
0.841
0.05
1.17
2.529
2.587
0.042
0.47
0.13
1.775
0.638
1.769
0.257
0.327
0.029
0.735
1.199
1.114
3.4
1.386
1.072
0.137
1.465
0.173
0.032
4.416
4.707
0.039
5.635
2.68
0.018
0.151
0.344
1.411
4.202
1.994
2.099
1.718
1.755
0.706
0.062
2.634
1.211
0.999
0.081
0.378
0.994
2.107
0.144
6.008
1.623
1.572
0.291
0.262
0.049
0.14
0.041
0.393
2.173
0.079
1.472
0.164
3.603
6.551
4.694
2.604
5.105
1.593
0.425
1.972
1.227
4.056
7.787
0.305
0.056
0.14
0.196
0.162
1.934
1.787
1.556
3.473
3.9
0.031
0.155
0.029
0.067
3.875
0.567
7.036
0.292
2.084
0.467
1.383
2.25
2.921
2.512
0.133
0.23
3.032
0.168
0.201
0.223
0.062
0.971
0.096
1.469
0.149
0.041
0.316
1.37
2.521
3.903
6.683
0.092
0.121
1.081
1.691
0.248
2.019
4.74
7.309
0.02
4.386
3.696
0.101
1.493
0.592
2.684
5.823
0.04
4.217
2.885
0.915
3.876
1.493
2.081
1.322
1.938
1.929
0.473
0.195
0.035
0.031
2.198
2.052
0.031
0.342
0.055
3.056
2.178
4.898
0.867
2.762
0.083
0.176
0.992
4.871
0.784
1.97
5.277
0.03
1.916
1.61
0.445
0.158
6.802
1.717
3.02
0.04
0.014
0.062
2.001
2.219
0.05
0.489
0.515
4.076
0.047
0.064
0.08
4.318
0.045
0.031
0.302
3.384
0.366
1.836
0.178
1.67
1.698
0.044
0.102
0.152
0.337
0.572
0.159
0.204
0.327
1.875
5.463
1.551
3.154
0.102
0.12
5.766
0.166
3.132
0.018
1.857
0.052
5.741
1.408
1.418
0.287
1.634
0.022
0.252
0.167
0.076
5.647
0.166
7.552
0.084
3.118
2.279
0.023
0.084
2.303
0.419
0.264
1.679
2.06
3.064
4.02
0.144
2.085
0.168
1.666
4.129
4.779
1.169
0.022
1.849
2.495
3.153
2.976
0.102
2.907
0.56
0.426
0.287
0.383
1.893
0.024
0.387
0.687
0.426
0.668
2.502
0.02
0.059
0.808
0.142
5.035
12.53
1.861
2.998
0.697
0.312
0.247
0.165
2.029
0.027
0.97
4.068
0.098
0.096
0.214
0.029
0.108
0.202
1.648
0.067
4.677
0.046
0.085
2.469
7.185
0.172
0.293
0.075
2.452
0.178
1.095
0.016
0.999
5.438
0.078
0.107
2.123
0.031
2.875
2.717
1.445
0.028
9.551
0.074
1.458
0.177
0.13
3.757
0.053
0.077
1.211
0.045
3.81
0.018
3.023
2.055
0.71
5.22
0.049
0.056
0.062
1.332
2.17
0.084
0.297
3.077
2.024
0.053
1.519
2.787
1.67
1.428
0.313
0.062
0.483
0.041
0.105
0.06
0.338
0.383
4.737
6.707
0.199
4.909
4.762
2.555
0.152
3.091
0.131
0.276
0.307
0.055
0.075
0.091
1.392
0.043
0.227
0.136
0.244
2.152
0.036
2.569
10.837
2.196
3.658
0.262
5.5
0.1
4.778
5.265
3.769
0.264
3.031
2.336
4.375
0.103
2.351
1.658
0.031
4.253
0.075
1.74
0.086
4.548
0.686
3.044
0.107
0.142
0.158
2.837
2.802
3.758
2.282
2.245
0.949
0.401
3.234
1.919
0.03
0.165
1.895
0.053
0.083
1.466
0.178
4.382
0.457
0.066
0.05
2.584
3.529
0.466
3.359
0.103
2.36
0.392
4.223
1.639
1.639
2.077
4.683
3.109
0.448
0.098
1.16
0.959
0.142
0.274
0.335
0.071
2.618
3.343
6.172
1.205
0.397
1.204
0.177
0.732
4.981
7.154
0.036
0.209
0.096
0.106
0.065
0.073
1.002
0.89
4.752
0.161
0.969
1.897
0.073
1.701
0.035
0.082
0.322
0.047
2.752
0.458
0.118
3.352
0.049
2.226
0.025
0.139
1.313
0.082
6.953
0.309
1.564
1.603
0.083
3.406
0.08
6.534
2.37
6.761
0.138
0.468
0.075
0.146
5.048
0.37
0.119
1.594
0.039
2.775
2.488
1.345
0.171
0.061
0.105
0.278
0.308
0.332
1.454
1.977
3.354
1.378
0.34
0.795
2.952
0.288
0.321
0.055
0.458
0.027
0.49
0.17
0.064
1.366
1.59
0.192
0.039
1.35
0.287
0.134
2.857
0.947
0.449
1.625
0.116
0.121
0.431
5.003
0.033
0.164
3.082
4.647
0.033
1.514
0.301
0.458
2.228
3.944
4.65
0.155
0.031
7.684
0.155
5.874
0.029
0.058
0.169
0.118
0.117
0.047
5.649
2.061
0.023
4.71
0.113
0.103
1.865
6.287
1.127
0.071
0.035
0.793
0.242
5.214
2.379
1.081
0.03
0.392
1.483
0.192
3.502
0.316
0.267
0.074
0.157
1.577
0.185
0.344
0.25
0.054
0.046
2.448
3.554
3.482
0.073
6.629
7.265
2.708
0.097
0.054
0.042
2.153
1.802
0.041
4.355
0.111
0.068
0.982
6.593
2.124
0.372
0.086
1.473
1.361
2.904
1.813
0.151
2.674
2.213
1.5
4.201
1.511
0.055
2.962
0.166
4.486
1.268
0.039
0.238
2.495
0.143
1.635
0.047
5.968
2.044
1.312
1.641
1.117
2.98
0.845
0.036
2.216
0.582
0.595
0.12
0.091
0.124
0.073
0.027
1.248
5.285
1.91
1.356
1.561
3.437
9.558
0.049
2.442
1.71
0.044
2.071
4.482
0.967
0.055
0.09
0.067
0.866
3.513
1.256
2.178
0.182
6.655
0.102
0.058
6.03
0.07
4.686
0.024
1.954
0.259
0.242
0.285
3.841
0.228
0.115
0.149
0.557
0.074
0.155
0.158
0.56
0.101
0.054
1.81
0.06
1.146
1.541
0.609
3.003
0.12
0.06
0.062
0.43
0.223
0.155
0.265
0.416
5.613
0.211
1.959
0.249
0.489
0.738
0.116
0.472
0.698
0.399
2.269
0.851
0.058
0.36
1.035
2.084
0.44
0.032
0.197
0.195
1.565
1.412
1.751
0.116
4.146
5.71
0.522
4.501
0.142
0.58
1.534
1.052
1.878
0.204
2.081
0.449
2.882
0.255
0.133
5.922
2.194
7.097
0.028
1.256
0.244
0.31
1.384
0.124
0.275
0.352
0.088
0.06
0.212
0.179
4.83
0.64
4.539
2.005
1.507
4.771
0.02
2.964
1.871
0.699
4.66
0.088
0.092
0.117
1.383
0.115
1.667
1.627
0.307
10.443
0.257
0.052
1.944
1.372
0.296
0.126
0.396
0.114
0.203
0.584
0.155
0.229
1.239
0.019
0.319
7.653
3.083
5.839
0.202
1.532
1.356
2.535
0.043
4.774
0.138
2.577
1.024
3.904
1.482
10.097
0.054
0.017
2.812
2.608
0.489
0.453
0.192
0.143
1.194
2.171
0.231
0.098
0.507
0.158
0.06
0.295
1.725
1.694
1.771
1.341
0.205
1.524
4.628
4.566
1.515
0.02
0.042
7.459
4.24
0.225
0.284
1.477
1.847
0.43
1.415
0.468
0.114
0.056
0.176
4.979
0.125
3.912
3.078
0.679
5.289
0.017
0.026
0.246
5.109
0.023
7.67
1.074
0.25
0.163
0.095
1.979
0.548
0.146
0.052
3.383
3.66
0.22
2.524
6.237
3.848
1.228
0.488
0.028
0.15
0.209
0.66
1.319
0.387
1.287
0.131
0.098
6.163
3.88
1.962
1.32
2.955
6.902
0.813
1.14
0.263
11.094
0.198
0.135
0.06
0.142
1.599
2.579
1.0
3.235
0.061
4.186
0.055
0.042
0.059
1.127
1.918
0.122
0.247
0.248
1.546
0.073
1.33
0.267
5.469
0.106
1.205
0.685
0.436
2.076
3.421
0.081
2.661
1.038
3.809
0.069
0.484
0.281
4.135
2.097
2.216
0.033
0.028
0.068
0.237
0.076
0.128
0.102
1.638
0.475
0.064
10.43
2.205
2.138
1.245
0.42
1.345
0.082
0.057
1.536
0.176
1.137
5.351
0.042
1.995
2.46
0.226
3.249
0.524
1.951
0.613
1.463
0.297
8.488
0.141
0.039
0.258
0.379
2.226
5.103
2.979
0.116
4.579
1.863
1.422
0.324
0.095
0.309
4.873
1.708
1.28
2.14
1.648
0.099
0.209
0.019
0.056
3.251
1.474
2.017
3.872
4.699
8.685
0.628
0.197
2.876
0.061
0.032
0.068
0.263
0.116
3.416
2.97
5.417
6.782
0.039
0.032
2.178
0.077
2.315
0.058
0.113
3.206
1.727
0.042
0.452
0.373
0.431
4.543
0.209
1.463
1.463
1.258
3.421
3.571
0.043
0.134
2.858
0.111
0.151
1.508
3.119
0.176
0.942
3.206
0.78
6.271
2.152
0.171
0.365
0.704
0.045
2.394
1.718
4.899
1.754
0.26
0.132
17.807
0.034
4.574
4.525
1.003
4.682
0.618
4.453
0.023
2.435
1.729
2.673
0.637
1.313
0.119
2.613
3.026
0.053
1.615
0.163
3.3
3.072
0.711
2.248
0.184
3.543
0.053
2.497
0.154
0.371
2.001
0.156
4.211
0.036
0.025
3.604
4.431
0.737
0.177
4.619
1.175
5.333
3.372
0.098
0.139
1.326
0.188
2.529
0.062
2.392
8.641
0.192
0.045
1.587
0.755
0.185
1.426
5.573
2.913
1.457
3.541
0.932
1.705
0.301
0.033
1.76
0.081
1.168
0.429
0.163
0.125
4.342
2.12
0.134
1.69
0.046
0.257
2.091
0.062
0.014
0.038
4.438
0.171
5.459
0.167
0.138
4.056
2.993
0.048
0.423
0.128
0.571
2.3
0.025
0.056
0.154
0.073
0.625
1.594
0.05
1.922
1.43
1.188
0.102
2.45
0.85
3.553
0.066
0.039
0.632
0.192
1.006
0.065
1.959
0.371
0.182
0.038
2.487
0.038
0.399
0.046
2.339
1.593
1.041
0.49
5.869
6.575
1.934
1.754
1.927
0.042
0.027
1.764
6.173
0.097
0.234
0.071
0.044
4.758
0.131
1.479
1.228
2.487
0.939
1.831
0.308
1.356
1.92
0.033
1.443
0.037
0.076
11.174
2.616
0.182
0.525
0.489
0.444
0.742
0.287
0.717
1.645
0.152
3.426
0.376
2.551
2.132
4.023
0.048
1.699
1.282
0.029
3.828
0.026
0.086
0.121
0.311
1.601
1.392
0.079
1.507
0.172
0.045
1.983
2.138
2.051
1.203
0.149
0.134
0.04
2.604
0.157
0.212
0.147
1.793
0.061
0.063
0.147
0.022
2.133
6.744
1.263
0.224
5.488
1.66
1.629
1.752
0.076
0.033
1.45
4.044
3.753
0.088
4.354
2.741
1.439
0.512
1.147
0.05
7.672
0.38
0.053
1.775
1.718
0.28
0.741
0.916
0.166
0.26
0.666
0.215
2.235
0.319
1.522
3.318
2.952
0.224
0.321
0.128
1.277
0.82
1.888
0.023
0.826
0.065
3.921
0.034
0.422
1.878
1.306
2.373
0.046
2.439
3.165
0.185
2.854
2.535
9.362
1.255
3.152
0.04
1.54
1.895
0.047
1.284
0.1
0.045
0.126
0.059
3.313
3.115
4.25
1.857
0.084
0.267
8.181
0.06
0.116
2.758
0.082
0.301
0.014
0.083
0.421
2.265
0.1
5.357
1.63
2.734
0.077
0.294
2.594
5.301
2.834
3.106
0.283
0.211
0.143
1.404
0.739
0.064
0.152
0.075
1.741
1.605
2.695
1.388
0.052
0.056
1.883
0.143
0.24
1.408
0.034
1.396
0.037
3.476
0.26
0.423
0.152
8.113
2.736
0.187
0.134
1.421
0.092
0.678
2.057
5.931
0.041
2.447
2.564
5.277
0.079
5.511
0.03
1.485
0.154
1.931
0.034
0.08
1.645
3.467
0.205
2.131
4.179
0.892
2.096
2.232
4.04
1.06
5.034
4.525
0.535
3.068
1.834
3.121
2.008
0.313
0.119
3.332
0.038
2.425
1.091
0.043
0.439
0.332
0.084
0.305
0.138
0.118
0.153
2.818
1.248
0.129
2.854
0.295
1.64
1.98
1.547
0.014
0.164
1.385
0.164
1.492
4.508
1.588
0.049
0.079
0.53
1.785
3.585
0.035
0.072
1.979
0.108
6.261
5.959
2.969
0.121
5.722
0.032
0.053
1.757
2.277
1.811
0.038
6.321
0.345
2.206
0.148
2.789
2.81
4.24
0.141
0.742
1.879
2.348
0.035
0.05
1.735
0.036
3.199
0.676
3.857
0.361
0.108
0.135
0.078
3.355
0.575
0.073
0.057
1.893
0.045
0.195
0.045
2.65
0.745
0.143
2.879
0.057
0.141
0.207
1.739
3.738
1.692
0.063
0.073
0.33
1.323
2.509
2.32
0.027
1.265
4.776
0.059
2.098
0.164
0.09
0.445
0.027
0.28
0.045
0.091
0.313
0.839
2.343
0.067
0.02
0.23
0.081
0.066
0.114
3.693
4.854
0.176
0.083
1.259
0.238
1.342
0.207
0.117
0.027
3.654
4.6
2.672
3.376
0.072
0.053
3.858
0.614
0.328
3.848
4.634
1.021
2.465
1.417
0.122
2.259
0.316
1.147
3.28
0.125
1.883
4.003
0.228
0.078
1.433
2.084
5.273
0.315
0.428
1.627
0.429
0.029
0.053
0.122
0.122
0.727
0.1
0.056
0.106
0.056
1.919
0.112
0.017
5.232
1.459
0.272
0.135
2.76
0.103
7.917
1.725
0.181
2.109
1.373
0.337
4.661
0.25
0.062
3.012
0.093
8.854
3.674
1.625
2.378
5.554
0.593
0.511
2.895
2.141
0.03
0.454
0.173
0.151
0.113
0.14
0.163
0.021
0.598
0.619
0.646
0.04
0.44
0.126
0.017
3.145
1.427
0.338
2.054
3.198
1.934
2.073
0.817
1.916
3.693
0.314
1.234
0.229
1.299
1.406
0.054
0.031
0.105
0.044
0.19
5.298
1.094
0.036
1.8
2.893
0.172
0.031
3.121
0.045
1.706
0.046
1.584
1.683
0.757
0.408
1.59
0.648
1.182
6.027
0.074
0.782
0.175
4.265
2.655
0.027
1.393
2.171
0.056
0.912
0.061
5.86
0.118
0.371
1.872
1.475
0.341
2.675
5.841
6.325
1.323
0.166
0.256
3.795
0.681
0.087
0.299
0.328
0.676
0.88
2.137
1.979
0.269
0.103
0.141
1.869
0.212
1.489
0.074
3.443
2.542
0.14
0.207
4.215
1.583
0.185
0.468
3.041
0.379
2.379
5.021
1.834
0.213
0.046
3.112
1.367
2.912
2.108
1.215
0.046
0.19
0.042
3.529
1.238
0.223
0.04
1.812
0.183
0.157
1.0
0.07
0.32
0.413
4.817
1.134
6.193
1.675
0.099
0.247
1.579
0.162
0.306
2.327
0.109
3.955
2.804
0.048
5.275
1.486
1.791
0.323
3.358
2.18
2.563
0.25
0.265
4.108
11.099
4.768
0.075
0.046
0.083
0.098
1.056
0.042
1.311
0.191
0.044
3.032
1.652
2.642
0.706
0.043
0.746
1.601
1.78
0.697
5.847
0.2
0.15
0.164
0.064
0.12
0.144
3.516
0.452
0.272
0.691
0.02
0.011
0.156
0.115
0.343
9.525
0.153
0.29
0.061
1.13
0.419
3.592
5.997
2.466
1.182
1.534
0.969
0.071
4.174
1.996
4.753
0.177
1.142
4.277
2.152
0.454
0.071
0.394
0.461
0.088
0.473
4.864
0.268
2.666
0.083
0.189
0.107
0.187
4.965
0.212
1.486
1.711
2.123
3.297
0.096
0.051
0.208
0.406
1.662
0.121
1.267
3.402
0.327
1.617
0.131
0.409
0.116
0.031
8.513
0.062
7.498
0.356
0.115
7.424
0.073
2.078
1.289
0.131
1.32
2.264
2.304
0.063
2.587
1.91
0.115
0.219
0.333
3.154
2.555
0.228
3.509
0.024
1.873
0.076
0.986
6.675
0.243
4.366
1.398
0.066
3.049
1.351
2.449
0.073
0.295
2.739
0.068
1.43
0.156
0.078
4.667
0.058
0.033
0.039
1.632
1.248
0.198
3.682
0.109
2.122
0.091
2.005
4.445
1.913
4.745
0.09
3.751
0.05
4.499
3.647
0.07
0.058
0.106
1.619
2.494
1.038
0.238
0.91
0.975
0.166
0.036
2.208
0.305
1.934
1.35
1.828
0.082
0.035
1.027
3.964
0.185
3.837
0.102
0.25
0.365
2.308
2.765
1.98
0.028
0.046
0.07
0.097
1.205
0.162
0.058
0.939
2.267
0.076
0.32
0.141
1.858
0.097
0.059
0.164
1.677
0.091
0.059
3.388
1.62
0.088
1.711
2.186
0.313
1.449
0.089
1.224
4.165
0.061
0.404
0.155
0.191
0.174
3.532
0.068
0.313
0.061
1.72
0.132
0.272
1.835
0.046
0.43
2.738
2.676
0.75
0.073
1.08
0.094
1.566
0.059
0.045
0.266
0.144
0.198
0.786
0.251
0.041
1.532
0.05
0.049
2.163
0.046
3.678
0.458
0.108
0.58
1.629
0.305
0.224
0.014
0.066
4.591
0.542
3.259
0.065
0.024
1.844
0.624
0.097
2.916
3.081
0.354
3.613
0.038
8.713
0.193
0.022
9.761
0.068
0.068
0.123
0.166
0.44
0.165
0.23
0.275
0.179
0.19
0.254
0.056
0.063
0.123
3.842
0.092
0.021
3.361
1.404
0.224
0.138
0.107
3.294
2.113
2.568
0.041
0.175
4.601
5.534
0.057
0.087
0.212
2.773
0.089
0.055
0.104
0.404
4.222
1.322
1.477
0.115
0.202
0.084
0.236
3.859
2.948
0.027
6.612
6.317
2.062
0.933
0.106
0.265
0.336
0.216
1.567
0.132
4.577
2.461
11.504
0.877
0.067
0.182
2.062
7.461
0.113
0.036
1.722
1.378
1.09
4.431
1.377
0.085
0.025
1.74
0.347
2.841
0.075
0.117
0.043
3.362
6.221
2.91
0.046
0.03
1.207
1.642
0.047
2.604
2.492
2.021
7.265
1.547
0.255
0.037
0.326
0.146
0.721
0.149
1.172
1.379
0.893
0.423
2.168
1.818
2.72
0.352
0.035
0.062
0.566
0.589
0.263
6.819
2.58
0.056
1.908
0.1
0.668
1.777
0.096
2.828
0.042
0.657
2.5
0.676
1.107
4.496
0.232
2.385
2.517
4.446
0.069
0.197
2.179
0.208
0.69
2.338
1.841
6.22
5.283
0.041
2.069
2.719
0.536
0.355
2.111
0.249
2.054
0.084
0.035
0.981
3.089
3.769
0.483
5.119
0.051
0.082
0.03
0.1
0.028
0.037
1.347
2.211
0.125
1.511
0.016
0.212
1.789
0.212
3.38
1.718
2.139
0.146
3.793
0.04
1.836
0.405
0.254
0.983
2.078
2.423
4.418
0.184
1.62
2.025
0.256
0.07
0.025
0.237
3.249
0.013
1.79
1.476
1.298
0.071
0.113
0.102
0.065
2.074
2.497
0.098
0.836
0.251
0.029
0.148
3.883
1.384
0.202
2.351
0.081
0.243
0.446
6.608
1.61
3.036
0.276
0.402
0.04
0.059
3.444
0.05
1.718
6.258
0.184
6.691
4.22
1.736
0.439
3.155
1.06
0.023
1.505
0.134
0.177
0.381
7.158
0.651
0.6
4.159
1.901
0.29
2.098
2.174
1.627
0.109
0.249
1.786
0.414
0.036
2.46
0.577
0.036
0.072
2.518
0.311
0.029
0.031
1.484
13.896
0.127
0.114
1.947
1.621
1.452
0.238
1.101
3.017
4.076
0.476
0.981
3.151
5.441
4.964
3.664
0.118
0.053
2.321
0.464
0.197
0.031
3.976
0.047
1.273
0.142
0.018
5.247
0.101
0.05
0.065
1.56
4.145
3.347
0.093
0.176
0.023
1.538
0.179
0.053
2.954
0.147
0.143
0.428
1.607
0.048
4.481
0.232
3.75
0.105
0.517
1.983
0.06
0.343
0.112
1.714
1.339
1.546
2.351
0.037
9.167
2.089
12.642
0.045
2.155
1.632
7.379
0.2
0.054
2.208
0.066
0.12
1.882
0.145
0.034
0.099
2.861
0.557
0.115
0.119
0.038
4.785
1.969
0.074
1.536
2.095
1.457
2.511
0.032
3.07
0.719
0.086
0.06
0.67
0.112
1.221
3.487
2.287
0.616
0.108
0.068
0.047
0.977
0.026
0.745
1.358
0.204
0.181
0.061
0.133
0.193
0.785
0.028
0.025
0.033
0.122
4.509
0.064
0.17
5.301
0.152
0.422
2.723
0.465
1.738
0.044
0.151
2.042
0.265
0.27
0.148
0.1
2.209
0.339
4.678
4.583
0.153
3.676
0.82
0.104
4.748
1.892
0.058
2.711
0.078
2.012
0.826
2.262
1.63
0.066
2.024
2.97
0.242
1.911
2.13
0.028
0.112
0.141
1.629
3.695
0.058
3.497
2.977
0.317
1.765
0.382
0.13
2.382
2.81
7.443
0.107
6.295
0.077
0.114
0.154
2.762
1.142
0.081
1.659
2.064
0.649
3.116
0.115
1.046
9.19
0.79
0.12
1.655
0.105
0.034
0.133
1.328
0.11
2.777
4.831
1.38
0.061
1.7
0.254
0.08
0.265
0.2
0.032
0.086
0.367
0.299
3.674
7.085
1.989
7.067
0.03
0.075
0.092
1.764
2.647
1.965
5.677
0.059
0.121
0.083
2.254
0.198
0.272
0.374
0.14
0.317
0.026
0.243
0.336
6.777
1.69
0.915
0.051
4.253
2.613
1.625
1.67
0.048
0.063
0.221
0.035
2.292
0.106
0.056
1.915
0.215
0.283
0.049
2.118
0.027
0.486
0.319
0.187
1.369
0.037
0.087
0.139
0.037
0.054
1.698
0.015
2.507
1.235
0.058
0.15
0.217
0.132
0.018
3.34
0.062
2.506
4.773
0.241
0.075
0.247
1.564
0.153
0.284
0.116
0.69
2.221
2.531
2.775
1.64
0.19
0.459
0.725
1.717
0.15
0.118
0.568
0.027
5.205
2.15
0.025
0.345
0.073
1.461
0.06
0.099
1.342
0.699
1.273
1.214
0.159
0.198
1.853
6.689
8.251
1.921
3.215
0.209
0.047
0.054
4.326
0.061
1.294
0.953
0.07
0.272
2.391
0.046
5.549
0.014
1.945
0.085
2.581
2.102
0.211
1.929
1.438
0.078
0.241
1.215
0.088
0.045
0.774
0.518
0.139
0.688
5.043
1.677
0.065
0.072
6.588
3.82
0.831
3.477
1.846
6.204
0.235
2.299
0.753
1.711
0.51
1.442
0.263
0.576
7.601
0.034
6.48
0.087
1.146
0.122
1.139
3.083
0.322
1.541
0.179
3.976
2.409
1.195
0.125
2.156
0.053
0.047
2.259
0.912
3.343
1.828
2.809
1.948
5.797
2.648
0.289
3.189
0.944
0.306
0.112
0.144
5.94
3.614
1.285
1.265
9.065
1.515
0.032
3.816
5.706
0.07
1.776
1.667
1.951
2.875
4.051
0.358
3.853
1.226
0.069
2.04
0.051
1.113
0.078
1.401
0.071
0.077
0.536
0.909
0.155
0.045
1.866
3.28
0.048
1.073
0.489
2.614
0.072
1.349
0.104
3.838
0.105
2.361
0.296
0.132
0.047
0.088
1.806
0.254
1.5
0.493
0.294
1.986
3.947
4.068
0.074
0.726
0.762
3.643
5.462
4.054
2.099
3.385
0.058
1.831
2.675
1.6
5.421
1.812
1.093
6.123
0.089
0.631
0.054
0.173
4.838
0.042
0.123
0.038
2.621
1.455
1.774
0.159
2.818
0.025
4.019
0.072
1.417
5.205
0.085
3.723
0.081
1.966
0.061
0.028
1.505
2.353
0.441
2.06
0.313
3.268
0.088
0.109
0.187
0.299
4.55
0.095
0.051
1.474
1.162
1.678
1.293
0.087
0.037
1.504
4.564
0.54
0.504
0.049
0.219
1.082
0.073
0.06
1.734
2.898
5.964
0.099
2.479
0.03
1.496
0.302
3.301
0.035
3.051
1.368
3.643
0.239
0.091
0.074
0.083
2.009
2.683
0.051
0.019
2.153
1.302
0.54
4.661
2.013
0.064
1.838
1.487
0.106
2.007
0.224
3.194
3.706
1.632
0.136
3.362
0.053
0.937
0.029
0.79
0.043
7.634
1.092
1.576
0.09
0.05
0.113
2.953
0.063
0.814
0.091
5.967
6.012
0.04
1.49
2.269
1.297
0.205
1.687
4.79
1.5
0.308
1.616
1.648
0.05
1.138
0.082
2.078
0.079
0.048
0.205
0.329
0.622
0.186
6.541
0.05
0.371
0.383
0.093
2.675
1.132
0.135
5.204
0.347
0.069
7.214
0.104
5.549
2.645
0.078
0.261
1.864
3.561
5.426
2.904
9.8
0.592
1.851
0.189
0.167
0.333
4.519
0.062
2.123
3.996
0.104
0.795
0.028
1.796
3.643
3.391
0.067
0.049
0.097
2.387
3.225
1.406
1.585
1.532
1.419
2.152
0.943
3.749
0.145
2.554
0.064
0.064
1.581
0.664
0.475
1.554
1.096
0.138
0.067
0.056
4.648
5.101
0.315
3.939
0.196
0.046
8.562
0.048
0.846
0.326
0.019
2.624
0.059
1.443
0.856
0.307
1.868
0.062
0.127
0.551
2.945
5.594
2.711
1.47
0.034
0.063
1.272
1.175
0.205
0.372
0.057
5.097
0.029
2.031
0.155
0.13
0.066
0.054
3.237
0.034
6.132
0.083
2.621
0.292
4.451
3.549
0.545
0.096
1.211
0.053
5.215
0.671
2.66
0.031
2.372
2.272
0.199
4.677
0.098
3.552
0.176
0.127
0.403
0.107
2.223
0.22
0.158
0.07
4.466
0.217
1.147
5.849
4.893
0.042
0.993
0.183
0.115
3.712
2.846
1.036
2.446
0.144
0.609
0.07
0.085
1.559
0.468
0.052
1.646
4.651
1.479
4.851
0.047
2.08
2.109
0.091
4.993
1.935
4.855
0.331
0.018
2.024
4.625
0.336
0.022
0.184
1.685
0.168
0.065
0.378
5.093
0.66
2.959
1.861
0.267
1.666
0.145
0.441
3.526
0.09
2.357
0.474
1.621
2.283
0.665
0.119
0.292
0.087
0.077
1.355
0.127
0.181
0.102
1.164
4.704
0.148
2.206
0.202
0.175
2.065
0.03
0.104
0.144
0.104
0.098
0.117
1.225
0.308
0.646
0.193
0.42
0.582
2.3
0.08
2.119
0.036
1.916
0.182
1.784
4.235
3.284
0.145
1.558
2.832
0.209
0.109
0.034
2.992
0.184
5.036
0.284
0.529
0.021
0.102
0.175
0.151
0.711
0.294
0.127
2.172
0.041
0.031
0.062
3.511
5.905
0.986
3.087
0.102
0.053
0.408
0.089
0.064
2.176
0.051
2.363
2.175
1.507
3.406
0.065
0.155
5.422
2.252
0.282
1.185
3.981
0.071
0.047
0.056
0.599
2.61
0.063
1.552
1.741
0.326
0.126
0.166
0.054
2.04
6.757
0.015
1.87
0.366
0.072
0.047
1.536
0.349
1.507
0.102
0.146
0.253
0.063
0.098
0.046
2.735
0.401
0.159
1.554
0.11
3.709
1.865
0.303
0.334
2.533
1.552
0.068
0.102
7.895
0.263
1.832
13.261
0.612
1.0
2.196
4.794
2.663
0.889
1.504
4.768
0.581
0.76
4.665
2.596
0.97
0.052
0.203
8.17
1.708
6.823
0.131
1.588
6.217
0.025
0.65
0.273
2.249
4.376
0.356
1.993
0.243
0.188
7.283
3.261
0.194
4.561
4.929
2.888
0.709
0.112
0.038
2.566
2.44
1.301
0.058
3.409
0.056
0.03
0.425
2.744
0.09
0.439
4.635
0.053
1.579
2.485
3.456
2.862
0.261
0.152
1.794
0.053
0.351
0.052
0.172
3.353
0.03
0.021
2.401
1.767
1.153
0.046
0.138
3.304
0.265
5.302
0.278
0.521
0.909
5.089
0.167
2.923
0.075
0.144
0.214
0.327
0.059
2.577
1.222
0.335
2.32
0.016
0.443
5.612
0.118
4.055
0.078
0.032
2.717
0.033
0.036
1.134
0.119
0.269
0.138
1.503
0.028
1.936
1.616
0.051
0.152
2.943
3.329
0.207
2.231
4.498
1.658
2.585
0.019
2.637
3.001
0.021
0.525
2.194
0.66
0.111
1.439
0.103
0.237
2.162
0.124
0.07
0.219
0.111
0.426
0.149
1.277
0.09
0.057
0.045
1.718
4.9
2.804
0.485
1.729
2.12
0.231
0.369
0.157
2.855
0.188
2.233
1.363
1.665
0.573
2.998
0.034
0.036
3.717
0.124
0.263
0.126
4.73
0.073
4.218
0.087
3.808
0.092
2.88
0.039
0.069
0.185
0.11
5.018
0.154
1.384
2.442
0.056
1.914
0.506
1.928
0.027
0.052
2.357
1.057
1.893
0.026
0.546
0.033
1.559
1.819
2.199
3.108
0.069
0.263
0.81
1.921
0.61
0.034
0.661
0.441
0.145
2.434
2.994
0.173
2.329
1.539
0.228
1.146
0.15
0.488
0.066
2.745
0.023
0.106
0.509
0.128
0.12
2.938
0.077
0.098
0.024
2.804
0.66
1.72
0.075
1.056
0.193
2.984
2.72
1.104
2.382
4.185
0.112
2.987
0.062
0.169
2.106
0.086
0.045
2.063
0.034
5.215
1.571
0.018
0.055
0.375
1.57
3.079
0.232
0.113
1.378
1.721
3.954
5.381
0.688
2.953
0.198
0.221
4.671
0.269
0.361
0.062
0.018
0.009
0.059
1.642
0.027
0.173
5.459
4.863
3.176
2.26
0.997
0.394
0.12
2.052
0.092
0.248
0.037
0.045
2.848
1.641
10.041
0.446
1.246
0.259
0.036
1.413
0.107
1.835
0.816
0.549
0.015
4.03
0.586
1.066
1.486
0.077
0.307
0.044
1.313
3.005
0.232
1.037
1.026
0.072
0.022
2.376
1.726
2.198
5.886
0.227
2.738
0.36
0.112
5.234
1.398
3.339
3.191
0.156
0.109
0.064
1.568
2.542
0.296
0.842
1.588
0.509
0.066
0.056
0.115
0.174
0.255
0.063
0.066
1.693
0.318
2.385
4.155
0.316
0.345
0.019
1.658
2.2
1.432
0.231
0.556
0.254
4.221
0.062
2.502
0.147
0.366
1.954
2.198
0.022
2.176
3.185
0.045
0.184
1.334
0.106
0.027
1.576
0.28
0.106
0.058
0.105
5.35
0.275
3.277
0.596
1.74
1.587
2.955
0.15
2.342
0.169
0.53
1.729
0.068
0.071
0.022
0.253
0.076
0.191
0.314
3.099
0.539
0.128
0.687
0.177
0.097
3.28
0.112
7.773
0.106
1.37
0.246
0.177
0.116
2.387
0.057
0.075
0.109
3.581
8.392
3.253
0.098
0.395
0.222
2.429
1.77
2.62
1.385
1.722
4.47
0.25
0.166
0.095
2.571
3.035
5.844
6.425
0.024
1.681
0.518
2.028
0.038
0.095
0.033
0.243
0.08
0.135
1.984
0.588
0.077
4.525
1.604
0.043
0.365
1.095
0.248
0.086
0.141
0.375
1.481
0.088
0.066
0.415
0.165
0.796
5.703
0.435
0.517
1.263
0.046
3.181
3.834
0.228
0.261
0.034
0.106
0.288
0.069
1.344
3.208
1.925
0.285
0.558
0.047
1.648
0.345
0.037
2.305
5.159
3.23
0.476
0.411
0.253
0.065
2.548
0.662
2.167
0.219
2.336
0.45
2.747
0.096
0.144
6.154
0.085
0.642
2.41
1.387
0.433
0.112
0.271
7.523
0.519
1.912
4.19
4.742
2.658
0.138
0.349
0.049
0.122
0.486
0.047
4.941
1.643
0.17
0.426
0.217
0.045
0.019
0.187
1.254
1.362
1.914
1.034
0.324
1.444
4.945
0.285
4.033
0.108
1.339
0.078
0.059
0.148
3.286
0.252
0.425
3.103
4.774
1.077
0.247
0.193
0.626
1.502
0.573
0.028
0.078
0.392
0.105
2.115
3.91
0.266
0.147
2.07
3.485
0.683
0.142
0.031
0.96
0.283
1.417
0.067
2.962
1.326
8.957
3.557
0.503
0.1
0.235
1.285
6.806
0.149
5.932
0.038
0.495
3.072
4.911
7.185
1.308
0.038
0.554
0.028
0.035
1.631
1.294
1.987
0.15
2.263
2.429
0.156
0.114
7.512
0.014
3.486
3.743
0.457
1.166
0.066
1.314
1.975
6.13
2.415
6.313
0.097
1.475
1.223
0.027
0.172
0.053
2.768
0.06
0.191
0.113
2.304
1.347
0.402
0.073
0.273
7.56
6.536
0.431
0.049
2.342
0.017
0.505
1.072
1.523
5.644
0.438
1.904
0.049
1.229
0.031
6.847
4.517
7.27
2.104
0.02
0.059
3.664
0.112
0.343
1.531
0.372
0.023
2.127
3.833
3.067
1.808
0.084
3.37
1.551
0.184
0.191
0.102
0.022
0.035
0.978
0.546
2.796
0.307
2.575
5.226
0.285
3.09
3.25
0.037
2.234
0.042
0.326
2.67
0.117
0.108
1.166
0.178
0.364
0.114
0.728
1.753
0.386
0.132
0.141
3.07
0.202
0.27
0.465
1.4
3.821
1.264
0.292
5.405
5.012
0.062
6.813
0.028
0.734
1.754
1.471
1.881
0.826
5.614
1.142
0.682
0.223
3.02
6.108
1.731
0.235
0.136
0.129
0.126
0.037
3.2
0.052
0.187
2.479
0.026
0.132
2.794
0.74
1.339
0.586
0.062
0.095
4.334
1.418
0.147
0.193
1.947
0.157
1.002
0.064
0.02
0.542
0.076
2.356
0.445
2.52
4.206
0.12
3.792
0.054
3.337
0.066
0.108
8.323
0.065
0.193
3.003
0.033
3.069
0.163
0.064
1.976
0.523
1.829
3.608
0.388
0.086
0.208
1.35
0.168
0.072
0.066
0.12
3.43
1.856
0.434
0.085
1.571
4.318
0.049
1.463
1.938
3.236
0.071
2.834
1.454
1.619
0.179
0.092
0.28
0.551
0.342
1.844
0.244
1.224
3.695
7.066
1.786
7.641
4.117
1.476
2.254
0.32
0.233
0.052
1.38
1.517
0.721
0.184
2.866
6.272
0.019
2.458
1.395
1.922
0.123
0.397
0.585
3.766
0.238
2.547
1.013
0.055
0.109
0.27
2.066
0.085
5.257
1.481
2.098
0.066
2.16
0.059
3.968
1.692
0.106
0.144
1.976
0.245
1.514
2.178
0.054
2.272
0.057
3.737
0.049
1.51
1.742
0.183
0.511
3.195
0.24
0.044
0.283
2.425
3.836
5.313
0.115
0.15
0.317
0.085
0.961
2.575
2.982
0.076
0.169
0.099
1.414
0.084
1.413
1.071
0.201
0.084
2.842
0.022
1.476
0.027
1.27
0.174
2.548
0.277
0.202
1.965
2.712
0.209
0.043
0.25
0.416
0.033
0.432
0.968
2.168
5.333
0.164
2.368
0.045
0.043
2.303
2.564
5.316
1.85
1.243
0.041
0.047
1.134
2.946
0.353
0.109
3.134
0.391
2.131
0.146
2.623
5.618
0.345
0.581
0.35
0.253
4.261
0.109
5.923
0.09
1.975
1.185
0.109
3.405
0.084
5.846
6.483
4.943
1.383
1.549
0.234
0.05
4.621
0.055
0.495
0.21
0.059
4.508
1.274
0.271
0.047
0.058
0.414
0.422
1.882
0.05
1.564
0.186
0.029
1.805
2.403
0.303
0.023
0.133
4.78
0.604
0.171
2.479
1.109
0.304
0.121
0.209
0.039
0.02
0.116
0.09
0.085
2.151
0.042
0.325
1.539
2.234
1.647
0.856
1.099
0.057
1.82
2.146
2.977
0.474
5.023
0.069
1.354
0.786
0.31
0.352
0.166
0.136
2.387
2.142
3.758
0.755
0.101
0.65
2.483
0.093
0.199
2.198
1.181
2.645
0.026
1.296
0.041
5.859
4.149
0.882
0.265
8.529
1.371
0.964
0.056
0.303
1.516
0.471
0.053
0.173
0.498
0.075
0.389
0.565
1.786
2.66
0.097
0.046
0.02
0.071
0.089
0.059
2.103
0.033
2.181
0.782
0.211
0.259
0.056
1.828
0.151
1.35
0.197
0.022
0.06
5.906
0.098
0.294
0.487
3.417
5.011
0.917
0.808
0.267
0.119
1.474
0.26
0.109
1.124
1.207
1.141
0.232
0.568
1.997
0.824
0.077
0.282
3.717
0.215
0.145
0.106
0.384
5.241
2.977
3.57
4.12
4.072
5.685
0.447
0.538
0.229
0.152
1.727
0.323
0.032
0.086
0.085
1.34
0.137
4.698
0.487
0.021
1.577
0.302
3.968
0.264
0.034
0.503
2.031
0.49
0.445
3.721
0.159
1.599
0.054
1.692
1.953
0.437
0.042
0.706
0.067
0.103
0.025
0.499
0.13
6.658
0.441
1.352
1.468
0.168
0.342
2.92
2.122
0.128
0.616
3.92
1.665
0.138
0.245
2.106
2.805
0.068
0.094
1.52
0.036
1.365
3.952
0.054
1.925
1.415
1.379
0.065
1.33
0.018
0.135
2.066
0.164
0.932
2.761
1.909
0.667
0.026
0.265
5.931
0.355
1.358
0.266
0.039
1.061
3.975
1.77
0.155
2.052
0.819
1.609
0.303
0.19
4.032
3.158
0.234
0.397
1.167
0.303
1.094
2.502
0.05
0.133
1.258
2.843
2.129
0.04
1.874
0.229
2.367
0.154
0.141
2.712
1.128
0.109
1.835
1.403
1.727
0.064
5.051
0.838
3.259
1.963
1.819
0.034
0.305
0.092
8.215
0.067
0.12
0.671
0.667
0.043
2.033
0.716
0.563
1.215
2.402
0.355
0.264
0.687
2.632
0.132
1.048
3.241
1.643
0.049
2.248
1.59
0.115
0.359
0.04
0.058
1.334
1.893
0.474
3.51
0.333
1.648
2.383
0.426
0.138
0.085
0.401
2.066
0.828
1.486
0.06
1.384
1.078
2.054
3.338
2.964
0.047
2.969
1.641
5.35
0.43
0.213
1.076
0.033
2.213
4.786
1.701
0.117
1.52
0.101
0.324
0.379
0.192
1.612
0.066
0.021
0.265
1.768
0.111
0.769
0.059
0.575
1.187
0.205
1.169
0.484
1.15
5.211
2.25
0.034
0.025
1.062
0.049
6.428
0.439
0.089
0.029
0.179
1.019
0.128
0.855
5.022
1.745
4.706
0.28
0.096
0.025
1.514
4.567
0.3
2.982
0.033
0.097
0.139
0.025
0.118
1.646
4.359
3.558
0.153
0.617
5.361
4.983
0.282
2.253
2.55
1.773
0.251
0.249
4.455
1.584
1.675
0.282
0.874
0.226
2.22
0.098
4.297
0.053
0.187
1.747
2.736
0.127
0.554
0.581
3.561
0.16
2.876
0.02
1.402
8.253
4.365
0.199
0.205
0.156
0.059
0.993
0.871
0.04
1.528
0.158
0.171
0.047
0.889
0.115
0.04
4.296
0.075
0.039
1.281
0.093
0.418
0.272
1.356
1.138
6.942
0.867
2.756
4.608
0.054
0.038
6.686
2.825
1.181
1.371
0.457
0.17
0.176
0.052
5.218
8.588
1.911
0.431
0.114
3.824
2.993
2.796
0.045
1.23
0.038
2.689
0.092
1.063
0.094
0.306
1.581
4.82
3.614
0.031
0.047
1.004
0.069
1.185
1.21
1.593
0.365
4.911
0.03
0.272
1.988
0.024
0.043
0.159
1.762
2.057
0.845
3.029
1.615
0.026
1.813
0.168
1.852
0.424
0.181
0.056
0.12
2.966
0.07
1.394
2.434
0.022
1.491
0.132
3.812
4.326
1.647
0.277
0.559
2.405
0.031
0.048
0.276
7.994
0.162
0.022
2.685
0.057
0.806
3.819
2.433
0.116
2.284
0.062
0.59
2.938
2.708
0.227
1.026
2.058
1.782
1.654
1.112
3.538
0.304
6.024
0.043
0.031
0.046
0.043
4.72
0.054
1.565
1.4
5.616
2.18
5.177
0.023
0.091
2.88
0.066
1.447
0.681
0.057
0.051
0.183
0.25
0.064
1.372
0.071
8.324
2.439
0.06
0.91
4.075
0.994
0.163
3.927
0.073
0.644
2.326
0.249
0.12
1.63
0.08
0.034
0.256
0.962
5.957
1.8
0.029
0.218
0.335
0.106
2.182
1.438
0.039
6.008
0.059
0.02
3.417
2.396
1.791
4.835
0.463
0.12
0.299
2.179
0.079
2.823
0.161
0.28
0.359
0.052
1.573
1.879
0.043
3.672
0.821
0.082
0.137
0.435
0.647
0.064
0.269
0.064
0.593
0.046
0.158
0.044
0.089
0.03
0.143
0.047
1.294
0.371
11.201
0.178
0.298
0.08
1.179
7.043
0.635
2.409
0.367
0.101
0.075
0.088
2.998
0.141
0.132
4.872
1.473
5.236
0.065
1.563
0.887
0.061
0.297
2.47
0.379
0.123
0.082
0.617
2.389
0.041
0.155
0.397
1.365
0.48
0.354
6.32
0.032
0.32
0.211
1.316
1.376
0.209
0.315
1.984
0.021
0.201
1.551
0.398
0.349
2.723
0.992
0.105
0.187
0.106
0.029
2.104
2.697
0.096
0.484
5.033
1.135
2.465
0.243
1.902
1.462
0.563
0.215
1.507
0.233
1.564
2.173
0.322
0.124
1.772
1.883
0.17
1.84
0.306
0.212
2.276
0.18
3.373
0.055
0.169
2.514
3.363
0.045
1.766
0.073
0.051
6.489
0.118
0.104
1.63
2.727
2.361
2.329
0.444
5.414
0.67
1.305
1.648
0.028
0.256
0.238
0.039
4.413
1.543
0.116
0.093
3.966
0.712
4.015
0.273
0.021
0.214
0.37
0.412
0.087
2.205
0.425
1.847
2.103
1.087
1.296
6.513
0.08
5.044
0.235
1.326
0.92
2.532
3.523
0.054
0.225
0.091
0.046
0.182
1.388
3.875
0.456
1.672
1.525
1.585
0.144
3.7
0.061
0.848
1.11
0.072
0.122
0.058
0.029
0.713
0.043
0.084
3.268
4.359
0.039
0.185
0.555
0.238
0.069
2.635
0.065
0.373
1.892
0.194
2.602
4.744
0.72
0.156
3.934
1.069
0.261
0.415
1.927
1.401
4.61
3.597
2.95
1.412
0.63
4.663
2.143
1.309
0.043
0.452
0.086
0.121
0.104
0.646
0.058
0.143
3.6
2.889
2.915
1.489
2.33
0.243
0.177
1.454
0.134
0.109
2.021
0.777
1.617
0.286
2.672
0.189
0.052
3.363
3.537
1.879
0.307
0.335
3.807
2.369
0.16
0.405
0.509
3.257
0.09
0.038
0.101
0.718
0.475
5.568
0.074
1.148
1.41
0.244
4.099
1.12
1.925
3.396
4.338
4.071
1.747
0.415
0.034
0.032
1.432
0.762
0.093
2.24
0.5
3.991
0.05
0.099
0.475
2.029
0.434
0.062
0.228
0.113
0.135
1.488
0.137
0.213
0.448
1.858
0.039
0.843
1.286
4.212
6.21
0.271
0.13
0.08
1.193
0.12
1.14
1.562
0.412
1.764
0.244
2.326
1.312
0.061
2.877
2.557
0.191
0.101
3.19
0.826
0.623
1.676
2.124
0.09
0.111
0.198
0.507
4.945
4.703
1.874
0.012
0.079
1.965
0.375
4.574
0.409
1.495
0.172
0.245
1.922
1.16
4.367
2.137
0.681
0.045
2.644
4.302
2.194
0.063
0.132
0.039
3.98
3.681
1.685
1.827
0.078
0.122
5.852
1.86
0.582
1.623
0.058
3.157
0.485
0.038
0.463
3.436
2.577
0.051
1.602
1.293
2.663
0.035
2.934
0.894
0.772
0.036
0.081
0.1
0.652
2.735
1.291
0.106
1.442
0.212
4.572
0.124
1.225
0.796
0.104
0.056
0.08
3.563
0.388
0.027
0.157
1.674
0.167
0.361
1.573
0.401
0.872
1.968
0.056
3.253
0.553
1.143
1.026
0.081
3.586
0.098
0.043
0.145
2.557
4.191
0.079
0.024
1.778
0.244
4.059
0.887
1.565
0.563
2.435
0.074
0.114
2.69
0.099
1.564
0.514
2.499
1.072
0.229
0.293
1.328
0.058
0.019
5.687
1.232
0.092
1.376
0.895
1.653
1.73
1.517
2.473
1.786
0.462
0.061
0.11
2.717
3.52
0.026
2.03
1.468
0.054
3.092
1.642
0.031
5.109
3.552
0.023
7.889
0.679
0.177
0.287
8.031
5.108
3.271
0.065
0.267
0.163
4.36
0.881
1.548
3.086
3.481
2.996
1.209
0.623
3.366
6.683
0.081
2.639
0.155
2.201
1.741
5.914
0.295
0.357
0.261
0.133
0.339
0.258
5.636
7.05
0.05
0.569
0.076
3.017
0.167
1.017
1.577
0.076
1.245
0.207
10.051
0.321
0.22
2.222
4.008
3.622
0.074
0.374
4.287
7.542
1.769
0.084
3.576
1.458
0.111
3.889
1.668
8.473
0.078
0.012
2.634
0.072
1.612
2.558
0.521
0.519
0.282
0.377
5.505
1.541
0.489
1.182
2.522
2.927
0.067
0.411
0.104
2.995
0.024
1.516
3.704
0.099
0.185
1.37
0.118
0.081
1.133
5.949
1.648
1.709
0.013
0.102
0.137
1.615
0.06
5.728
0.209
0.038
0.187
0.286
0.61
0.096
1.4
4.506
0.087
1.318
2.108
2.878
0.689
0.09
2.053
2.039
2.604
2.244
0.229
1.488
2.808
3.961
0.112
0.057
0.898
2.556
1.487
0.098
0.133
0.259
1.792
4.29
0.019
0.26
1.651
0.647
0.489
3.03
2.974
2.185
0.247
8.972
0.209
4.476
0.619
4.123
0.162
4.866
0.459
0.084
0.108
0.065
1.653
5.738
0.435
3.924
4.932
0.056
1.181
0.3
3.616
0.282
2.579
0.397
0.128
3.056
3.67
0.171
0.719
1.308
1.383
0.173
1.834
4.565
2.209
2.261
0.056
3.289
0.084
0.076
1.32
2.357
3.39
4.297
1.414
0.021
0.206
3.415
1.706
0.022
0.062
1.61
0.042
2.149
0.219
1.651
0.018
1.523
0.465
0.115
0.603
0.033
0.633
0.108
0.499
4.374
7.045
0.555
0.016
3.934
0.676
0.036
0.096
0.125
0.06
5.744
3.53
1.32
2.099
0.073
0.097
2.709
0.181
1.519
0.098
0.088
0.119
0.2
0.487
3.447
1.536
3.975
0.723
1.699
3.739
0.069
0.101
0.545
2.797
0.042
4.027
2.025
0.202
0.443
2.923
0.07
0.356
1.713
0.089
2.049
4.77
3.745
0.111
1.388
1.592
1.19
0.106
0.082
1.76
3.681
1.434
3.97
0.218
2.036
1.055
4.847
0.423
0.727
3.468
0.066
0.629
1.6
0.688
2.998
0.523
2.98
4.362
3.719
1.195
0.058
0.567
0.077
0.17
7.243
0.053
0.597
0.229
0.072
0.019
0.089
2.272
0.046
0.228
1.804
2.221
0.083
1.436
0.585
0.191
4.234
1.331
2.597
0.968
1.07
0.208
2.333
0.737
0.046
2.091
0.56
0.3
0.153
0.094
3.196
0.048
0.951
1.889
0.053
0.566
0.052
1.911
11.783
13.793
0.145
0.106
2.372
0.198
0.209
0.675
0.038
1.697
0.116
1.64
0.024
0.037
2.025
1.971
0.948
2.938
1.432
1.088
1.994
1.403
1.379
0.071
1.316
1.052
0.052
3.405
2.634
9.033
3.031
0.303
0.016
0.022
1.463
1.426
4.005
0.844
5.422
0.429
0.912
1.264
1.705
0.113
2.216
1.5
4.813
1.15
0.308
0.027
0.185
0.073
6.054
2.469
1.62
0.365
0.037
0.038
1.547
0.658
0.856
0.106
1.535
2.39
1.491
3.179
0.605
1.272
0.151
0.162
0.256
0.268
0.14
0.047
0.443
1.767
0.257
1.742
0.204
1.719
0.449
0.056
2.645
4.698
2.314
0.643
2.155
3.076
0.144
0.098
0.13
0.031
0.037
0.234
1.36
1.729
0.351
0.116
0.05
0.484
1.264
0.053
5.577
1.123
0.121
0.349
0.531
0.043
0.422
0.436
0.071
0.128
0.135
5.631
0.035
0.04
0.11
0.116
2.008
0.14
0.443
1.452
0.032
0.159
1.381
2.337
3.525
0.74
5.403
0.212
2.226
0.104
0.135
0.256
4.053
0.38
0.536
2.117
3.161
8.278
2.291
0.258
0.629
2.799
0.046
0.094
0.033
0.432
0.349
11.645
1.027
0.305
0.2
7.35
0.279
0.435
1.649
0.052
1.706
2.715
0.239
0.01
0.087
0.212
0.265
0.144
0.102
4.747
0.323
1.498
0.098
0.076
0.027
4.828
0.092
0.065
2.397
0.556
0.064
2.075
1.98
0.201
1.813
4.422
0.063
1.862
3.306
2.32
4.337
1.917
1.26
0.486
0.902
3.222
1.075
0.039
1.976
0.288
0.054
0.026
0.046
0.092
1.333
0.282
2.071
4.599
0.019
0.276
3.281
0.255
0.603
1.537
0.545
1.653
0.463
3.123
0.065
3.594
0.022
0.092
1.401
1.562
6.653
0.063
1.714
2.472
0.133
0.107
0.058
0.044
3.174
1.725
0.711
0.108
1.479
0.062
0.047
0.073
0.072
2.381
2.002
0.028
0.461
3.421
1.484
0.381
0.216
2.888
3.785
2.495
0.037
1.999
2.695
0.053
1.483
0.069
0.03
0.27
1.328
0.027
0.091
1.153
2.183
0.354
0.315
0.388
0.943
0.035
0.133
3.02
2.619
0.961
0.2
4.163
0.274
0.435
3.698
0.15
0.309
3.041
0.482
0.056
2.205
0.343
0.17
6.119
0.236
0.286
2.106
2.073
0.684
0.741
0.096
0.056
2.528
2.274
0.026
0.228
0.092
0.092
0.184
0.395
7.16
2.202
0.027
3.358
0.122
1.351
1.233
4.284
2.086
3.469
0.294
0.045
0.042
0.313
1.094
6.094
1.408
1.252
0.173
1.882
3.741
0.439
1.289
3.328
0.047
0.24
1.991
0.085
0.465
0.291
3.83
0.214
3.415
0.029
0.081
0.036
0.256
0.125
1.999
0.031
0.323
0.066
1.351
0.375
0.108
0.218
0.12
0.269
2.075
0.29
0.107
2.579
2.146
1.844
0.301
6.429
0.125
0.304
0.1
0.063
0.098
0.224
2.77
0.212
0.232
1.348
0.041
0.091
4.587
0.736
1.674
1.623
4.886
2.651
0.151
0.97
2.34
6.182
0.132
0.369
0.031
4.005
0.19
0.042
0.258
0.156
0.218
0.079
0.244
2.086
1.463
0.078
0.061
0.298
0.312
1.574
4.707
0.04
0.114
0.061
3.499
0.098
7.692
1.328
0.098
5.275
6.578
0.088
4.896
0.059
0.169
2.619
0.231
1.722
0.123
2.115
1.719
4.553
0.416
0.43
1.166
0.033
1.611
0.148
7.28
0.164
0.013
3.563
3.05
0.392
0.103
2.381
1.087
0.068
0.103
0.04
1.313
2.974
7.732
0.035
2.268
0.216
1.897
0.248
1.953
4.741
0.103
0.795
0.084
3.107
0.173
0.115
0.075
0.077
0.25
0.05
0.351
0.092
0.441
0.028
0.558
0.059
2.021
1.453
1.071
0.072
2.033
0.154
0.038
1.759
2.699
1.002
5.269
0.201
3.449
2.159
1.489
0.083
2.863
0.243
1.695
6.159
0.186
0.027
1.418
1.37
0.578
0.094
1.706
0.05
0.165
0.629
0.812
0.543
1.151
1.501
0.078
0.28
0.029
0.209
2.716
2.491
0.132
0.34
0.034
0.127
0.353
0.216
0.222
2.862
0.038
4.623
3.634
0.196
2.335
1.899
1.215
1.23
4.531
4.651
3.844
4.084
0.042
1.979
1.642
0.3
0.171
0.046
6.881
0.147
1.471
0.093
2.594
1.848
1.133
0.139
0.807
2.651
0.141
0.036
1.51
3.994
1.593
3.665
0.103
0.065
0.175
1.344
2.847
3.435
1.465
2.508
0.079
1.69
0.394
5.187
0.161
0.4
0.053
0.4
3.503
0.035
4.804
0.199
0.056
6.837
0.067
3.521
1.828
0.053
0.017
0.068
2.698
0.073
0.398
1.546
0.025
1.468
0.238
4.715
3.402
0.023
3.226
2.054
0.074
1.435
3.55
2.56
3.522
0.639
0.505
0.106
0.031
2.021
0.076
1.861
2.045
0.125
0.052
0.095
2.091
0.298
0.221
0.105
0.038
1.594
0.181
0.127
0.312
2.035
3.166
4.401
1.556
0.062
1.947
0.07
0.021
1.159
2.143
6.645
0.089
0.366
0.02
0.262
2.989
1.882
0.567
0.602
0.198
2.796
1.642
1.449
0.13
2.922
0.147
2.689
0.463
0.247
2.712
1.654
2.795
3.258
3.444
2.169
0.081
0.212
0.086
0.081
0.323
6.467
3.905
0.232
3.624
2.415
3.607
1.32
5.566
0.389
1.57
1.573
0.986
0.409
0.047
0.224
6.437
0.131
0.154
3.849
4.026
0.064
5.051
0.075
2.588
0.242
0.071
4.62
0.052
3.114
0.362
2.791
2.079
0.245
0.077
0.889
2.055
2.673
2.145
1.285
4.672
2.548
0.363
3.244
0.275
0.562
0.933
0.107
0.056
0.105
0.04
0.476
2.497
0.043
7.781
6.521
0.266
0.06
3.237
1.884
5.982
0.056
0.031
6.794
3.618
3.911
1.459
1.233
0.555
0.075
0.126
6.039
3.123
2.864
1.566
0.08
0.979
0.149
3.569
2.324
1.321
0.024
3.72
1.547
3.535
0.548
4.583
1.636
0.137
0.033
0.15
7.061
0.111
2.778
0.113
0.08
0.019
1.504
0.542
1.398
2.007
1.581
0.182
0.275
1.211
0.929
1.358
0.042
4.382
0.03
1.233
0.327
0.081
2.717
0.027
2.326
0.135
2.444
3.516
0.167
0.173
2.208
0.226
0.393
0.13
0.154
0.084
1.066
2.535
2.067
0.414
0.112
3.619
0.049
0.049
3.513
0.287
0.059
0.085
2.739
0.15
0.229
0.073
1.562
0.165
0.027
0.094
3.742
0.432
8.229
0.478
0.272
4.414
2.056
0.852
1.464
5.362
0.175
0.028
0.066
0.136
0.202
0.048
0.074
0.041
0.401
1.34
3.097
0.229
1.495
5.353
5.392
4.212
1.494
1.661
2.641
2.037
2.494
0.04
0.416
0.206
1.654
0.972
0.344
0.329
0.404
4.138
0.127
1.849
0.14
3.56
0.105
0.042
2.028
0.559
0.149
0.064
0.086
0.388
0.331
2.348
0.471
0.314
0.81
0.09
0.721
0.166
0.589
0.581
0.303
0.16
0.039
0.256
1.653
3.35
3.492
0.964
0.376
0.179
1.322
0.089
1.439
0.38
0.914
1.352
0.043
0.319
0.628
0.154
4.069
1.362
0.108
1.691
0.273
2.016
0.081
1.697
0.019
0.056
1.262
1.277
0.097
0.044
5.5
4.847
0.337
0.172
2.175
0.072
0.224
8.146
2.588
3.864
1.458
1.525
4.05
4.034
0.026
0.269
3.471
2.173
1.201
5.264
1.681
1.174
2.086
3.578
0.172
2.519
0.472
0.095
1.56
1.486
3.645
2.451
1.764
0.148
0.052
1.999
0.077
0.073
3.669
3.634
0.231
0.143
0.185
0.913
0.128
1.757
0.136
0.23
1.781
0.043
0.068
0.086
0.209
0.067
2.789
0.063
1.9
0.054
4.101
0.081
0.039
0.14
0.061
2.512
4.984
0.098
0.28
0.668
0.105
0.667
0.086
5.75
2.28
0.046
5.649
0.145
2.764
0.3
0.047
0.038
1.608
0.133
0.811
2.052
1.224
0.289
2.185
0.08
0.374
1.706
0.678
0.139
2.401
0.295
0.592
0.269
0.086
3.047
0.042
5.474
8.701
1.737
1.715
1.669
0.101
0.062
0.069
0.704
1.615
0.741
1.614
0.73
4.333
0.082
1.188
0.043
6.196
0.037
0.058
0.092
0.24
0.095
2.273
0.031
1.557
0.702
0.047
2.556
0.105
2.044
3.758
0.024
0.224
0.967
0.094
2.127
0.049
0.172
1.207
1.33
0.299
4.86
1.582
1.496
0.09
0.334
0.558
2.274
4.428
4.102
0.031
0.058
0.734
1.103
3.476
0.214
1.167
0.065
1.451
1.338
0.786
0.163
0.348
1.871
5.072
0.1
0.762
7.789
4.926
0.052
0.236
0.685
3.394
0.576
0.137
3.773
2.691
0.127
1.284
0.096
0.021
0.253
1.733
0.396
5.089
1.528
0.76
6.333
0.037
1.327
5.813
1.571
0.155
5.727
0.402
0.107
3.568
13.693
1.937
0.023
0.047
5.45
2.078
0.043
0.037
0.061
0.076
9.379
1.31
0.085
0.094
0.212
1.502
0.059
0.123
7.392
0.135
2.054
0.13
2.752
1.677
0.071
3.865
4.492
4.034
1.985
1.868
1.662
0.052
2.517
1.761
0.136
0.892
0.019
0.309
0.589
0.032
2.006
0.318
6.44
0.097
0.105
0.216
0.242
0.131
0.048
0.864
3.039
0.808
4.207
8.042
0.049
1.283
0.037
6.402
0.078
1.645
3.714
0.029
0.129
0.061
0.876
1.618
0.033
1.833
0.058
0.469
0.145
0.184
0.381
1.707
2.298
0.332
0.105
0.143
0.698
2.616
0.499
0.042
1.009
0.265
0.629
0.05
1.989
2.549
0.084
3.264
2.763
3.407
0.025
0.18
0.202
3.457
0.072
1.773
0.137
5.762
0.172
0.42
0.058
1.421
0.641
2.125
0.108
0.234
1.604
0.31
1.358
0.268
0.259
5.487
0.151
4.628
2.279
6.452
0.037
4.903
2.172
0.253
0.014
0.108
0.985
1.368
0.291
2.748
0.36
3.992
1.265
0.045
0.731
4.429
0.143
0.075
0.083
2.66
2.394
0.637
4.952
0.019
0.206
0.152
0.138
0.092
1.455
0.219
0.073
1.602
0.041
0.125
0.102
0.015
1.821
2.039
4.405
0.169
0.035
0.04
1.569
1.677
0.226
0.153
0.241
0.095
2.369
0.232
0.583
2.515
4.293
0.265
1.911
0.263
1.632
0.335
2.329
0.116
1.812
3.911
4.983
0.115
1.474
1.17
0.114
0.109
4.481
1.66
4.115
0.045
0.636
0.306
0.09
1.996
6.451
2.47
2.779
0.834
0.047
0.186
0.262
0.071
3.883
2.753
3.213
0.537
1.242
1.821
0.467
6.86
1.559
0.042
0.089
1.48
0.319
0.544
0.182
0.064
2.164
0.163
1.863
6.95
0.033
2.421
4.215
0.074
0.122
0.309
2.778
5.67
0.766
3.23
1.986
0.079
0.141
1.924
0.088
0.016
2.137
3.234
0.337
1.614
0.153
0.209
3.626
0.019
1.944
2.996
0.113
1.983
0.164
1.29
2.937
0.368
0.984
0.023
0.085
0.368
0.211
2.3
0.345
1.911
3.308
0.028
1.492
0.099
0.062
0.03
1.534
0.135
3.244
0.077
0.185
4.445
1.961
2.174
0.094
2.218
1.56
0.318
0.123
0.14
0.216
3.671
1.217
1.746
5.237
1.648
1.852
2.092
0.234
0.278
1.628
0.541
0.092
0.032
0.091
8.282
2.093
2.148
4.143
0.119
0.056
0.079
0.117
0.089
2.836
0.175
0.055
1.916
0.116
3.8
0.604
0.12
1.465
2.43
0.061
2.153
0.039
2.328
1.775
0.921
0.083
0.094
2.846
4.17
0.531
0.063
2.119
9.959
0.162
0.341
0.018
0.082
0.442
0.61
1.604
2.27
6.599
2.919
0.107
2.199
0.09
5.467
0.617
0.408
0.037
6.182
1.567
0.209
0.183
0.028
6.621
1.924
0.021
0.182
0.739
0.393
0.181
1.514
0.527
3.104
4.862
0.192
0.139
0.052
0.045
1.02
2.549
0.877
4.209
0.042
0.035
0.778
1.845
0.07
1.797
0.08
5.07
1.802
2.41
4.686
0.069
3.611
18.354
0.635
1.37
0.063
7.444
1.108
4.811
0.34
1.647
0.087
0.792
6.084
0.846
4.836
0.192
0.077
0.354
2.304
0.154
0.016
0.094
1.812
1.698
3.367
1.632
7.427
4.924
3.73
0.074
1.829
2.566
0.055
4.821
2.398
6.976
0.121
1.819
1.559
3.957
3.434
0.072
2.932
0.178
0.348
2.05
0.04
0.569
0.214
1.462
1.342
0.022
0.101
2.463
0.186
4.367
0.311
0.961
0.124
2.783
0.626
0.192
0.208
1.108
0.051
3.131
4.082
7.141
0.032
4.356
4.901
0.438
6.503
0.057
0.813
4.638
0.104
0.209
0.095
0.167
1.983
0.167
2.009
1.945
0.111
2.116
0.063
2.716
0.196
1.345
0.41
0.565
1.731
0.075
1.4
0.334
1.768
1.015
1.613
0.043
0.019
7.462
1.714
2.557
1.7
0.029
7.726
1.618
1.344
1.991
5.234
5.134
0.057
1.335
0.761
0.026
0.21
0.077
0.145
0.032
0.2
2.192
0.035
0.881
1.32
0.083
0.032
0.335
1.73
2.144
0.844
4.136
0.157
0.031
0.165
0.035
5.725
0.103
0.08
2.811
3.315
0.314
0.049
0.105
3.003
2.143
7.231
1.745
1.938
0.712
2.076
2.99
1.586
0.371
0.829
0.048
0.735
0.086
0.367
0.08
0.035
0.204
0.65
0.018
1.866
1.27
0.042
1.629
0.669
0.284
2.575
4.056
3.155
0.165
5.952
0.017
0.103
0.022
0.066
0.166
5.701
0.056
0.812
0.052
0.149
0.519
0.211
0.092
0.048
2.475
0.127
0.111
0.281
2.885
3.357
1.265
0.581
0.489
3.816
0.4
1.483
3.937
0.773
0.126
1.518
0.087
0.501
0.585
14.083
1.404
0.887
0.687
0.219
0.058
1.103
1.672
0.365
0.072
0.71
0.852
0.42
1.411
1.339
3.291
0.042
0.129
0.031
1.589
0.382
1.72
0.303
2.294
0.148
0.463
2.801
1.854
0.139
0.053
0.22
0.552
2.919
1.996
3.893
0.094
4.929
0.28
1.579
0.069
1.713
0.07
0.04
2.544
0.897
0.082
0.98
0.867
1.369
0.059
4.806
0.116
0.241
0.03
1.925
2.757
2.569
0.49
1.807
0.346
0.237
2.17
0.683
0.207
3.197
0.283
0.139
4.838
0.218
0.625
2.735
3.131
3.473
0.183
0.081
0.557
0.12
0.069
2.286
0.175
0.142
0.18
1.356
1.622
0.114
0.1
0.291
0.06
3.174
0.103
0.351
0.252
3.442
0.645
5.011
0.947
2.761
3.084
0.079
0.027
0.151
0.448
0.094
0.038
0.067
1.961
0.071
0.224
3.546
2.473
1.305
0.354
1.824
0.764
0.15
1.56
0.125
3.768
8.333
3.303
2.834
4.327
0.194
4.512
1.772
0.627
0.155
0.061
2.101
0.088
0.949
2.907
5.44
5.289
0.835
0.166
7.349
0.048
2.681
0.096
0.191
2.155
3.712
0.225
0.578
0.138
1.284
0.192
9.312
5.538
1.005
0.081
3.321
3.819
5.311
0.155
0.276
0.999
0.042
0.041
1.708
0.189
0.041
0.079
0.056
0.786
0.115
1.118
0.036
2.826
2.258
1.647
2.865
0.035
2.888
2.057
1.335
3.137
0.223
0.126
0.181
0.54
2.227
0.324
0.718
5.441
0.704
1.963
0.997
0.054
0.041
1.936
1.357
3.21
4.362
1.948
3.842
4.375
4.817
1.557
3.478
0.157
0.241
0.294
3.172
0.804
0.089
0.793
4.629
0.074
0.211
0.129
6.869
3.79
0.205
1.628
1.892
0.408
3.154
0.078
4.261
2.255
0.026
0.262
0.139
0.24
0.026
0.943
0.125
1.608
0.59
0.855
0.085
0.059
0.106
0.239
0.066
0.095
0.033
0.513
0.091
0.877
2.427
1.833
1.126
0.209
6.598
0.129
1.341
0.035
1.217
0.102
0.031
0.421
2.272
1.474
3.443
2.574
0.041
3.118
1.455
0.119
4.02
0.074
1.295
1.877
6.919
5.293
0.086
4.908
3.472
2.895
5.892
1.344
0.059
0.138
0.073
2.111
5.398
0.034
0.177
0.528
0.356
2.536
0.577
2.911
2.856
5.845
1.869
3.568
0.315
0.223
0.127
0.048
5.714
0.048
1.869
0.651
0.052
0.075
2.029
3.996
0.125
0.338
2.17
0.322
0.099
0.077
0.024
0.098
6.54
3.493
1.335
0.513
5.498
1.085
0.097
0.036
0.22
1.941
0.701
8.577
5.695
1.53
0.274
0.125
0.087
3.432
2.655
0.24
0.411
1.587
0.385
0.502
0.242
0.766
0.033
1.769
1.578
4.985
0.091
0.04
0.654
5.195
0.138
0.07
0.855
0.45
0.04
0.085
7.223
0.158
1.729
0.682
0.05
3.337
1.71
5.036
0.056
0.038
4.735
0.141
2.159
0.037
1.432
0.248
0.927
2.975
1.186
0.213
0.032
0.041
0.114
0.073
1.326
0.318
0.063
0.043
0.291
1.689
0.653
0.774
0.016
0.124
2.269
0.524
0.065
1.155
1.796
3.12
0.21
2.043
1.603
1.454
0.074
0.8
1.277
0.38
0.19
0.025
0.031
3.568
0.496
1.917
2.015
0.086
2.565
3.695
0.031
0.409
0.228
1.658
0.248
6.27
0.09
0.244
1.388
4.368
0.747
0.259
0.205
1.994
0.083
0.217
0.086
1.374
0.224
0.504
3.499
1.183
2.072
2.865
0.031
3.377
0.168
2.003
1.623
0.055
0.174
1.648
4.277
0.13
1.385
1.786
0.23
1.088
0.069
0.039
0.135
0.691
0.073
0.402
1.497
1.862
0.063
0.128
0.067
0.208
6.189
3.887
7.836
3.291
0.14
0.526
6.255
4.224
0.086
0.428
1.658
0.096
0.242
0.109
1.771
2.545
0.079
0.092
0.597
0.05
1.661
0.066
0.321
0.28
0.692
0.168
0.202
5.525
1.379
0.143
0.04
1.253
0.209
0.4
0.249
0.112
0.134
0.061
1.621
0.462
2.256
2.119
3.633
0.584
0.118
1.755
0.324
3.351
0.109
4.792
0.07
1.695
0.035
2.002
3.133
0.05
0.403
1.31
3.571
1.57
0.203
0.245
5.377
0.235
0.17
1.566
0.02
0.019
0.167
0.222
0.144
1.317
2.076
0.061
1.707
5.206
0.184
3.292
0.198
1.945
0.165
12.023
1.225
0.431
0.687
0.199
2.047
1.727
0.468
0.358
0.069
0.15
3.303
1.907
3.083
0.025
0.122
1.533
0.097
2.184
2.153
0.849
0.206
0.088
1.829
0.355
0.042
1.525
4.735
0.066
4.475
2.456
1.371
1.486
2.177
1.732
1.218
3.21
0.564
4.284
6.717
1.5
0.516
1.979
5.47
0.719
0.093
0.106
0.159
1.936
0.272
0.044
0.039
0.48
1.853
1.699
2.862
5.666
6.929
0.515
4.132
1.672
0.082
0.034
3.513
0.121
2.91
2.444
1.204
0.842
2.173
0.045
0.186
1.922
0.059
0.797
0.853
0.068
2.511
3.062
2.412
3.718
0.02
0.547
0.216
0.217
0.061
0.062
2.131
4.398
3.857
0.439
0.24
0.834
1.614
2.379
4.306
1.656
4.059
0.087
0.384
0.752
0.534
0.523
5.067
0.046
2.229
0.762
0.162
0.226
0.175
0.329
0.464
0.399
0.403
0.048
0.144
1.224
0.047
1.493
5.342
2.376
5.466
1.594
2.038
0.036
1.7
0.345
0.062
0.323
0.073
1.488
7.899
0.038
1.466
1.309
0.043
0.562
0.137
4.461
0.031
2.773
0.249
0.101
2.861
1.106
0.081
2.885
0.079
0.065
1.493
0.623
0.207
2.535
0.288
0.527
1.195
0.081
0.085
4.684
1.46
0.594
3.052
0.116
0.127
0.053
0.082
0.33
2.214
0.134
2.108
0.756
0.719
0.723
2.168
0.074
1.981
1.061
1.803
0.28
0.69
3.897
1.01
0.205
0.062
0.08
0.457
1.665
4.176
0.109
1.351
0.157
0.183
0.074
0.017
2.113
0.264
0.094
0.896
0.088
0.179
0.323
0.054
0.029
0.843
2.35
0.053
0.044
3.52
0.172
0.102
1.077
4.073
1.36
3.4
2.532
2.455
0.155
3.086
0.144
1.192
3.136
1.775
0.862
1.777
4.455
2.266
1.679
0.373
1.839
0.086
2.952
0.22
0.039
1.321
2.247
0.343
1.999
0.759
2.298
1.456
1.338
5.704
0.983
1.448
3.323
3.487
0.303
0.277
0.021
3.686
0.219
1.499
0.15
0.299
0.131
0.113
2.134
1.685
0.152
0.031
1.243
4.063
0.092
0.123
0.044
4.138
0.088
0.029
2.875
0.1
0.393
0.086
0.424
1.339
1.354
2.794
0.059
2.892
0.275
1.294
0.09
2.0
0.27
3.107
3.941
0.126
2.057
0.792
0.381
1.947
0.199
0.605
0.142
1.947
0.068
0.072
0.319
0.142
1.019
1.929
0.647
0.418
0.197
1.603
0.094
4.289
0.625
0.124
1.43
0.342
0.07
0.031
3.152
0.018
0.586
3.654
0.237
1.237
0.091
0.103
0.06
0.141
13.384
0.08
1.866
3.911
0.03
0.108
1.54
1.09
4.281
0.075
1.328
0.076
0.131
0.066
0.065
3.866
0.166
1.659
0.029
4.72
0.07
0.545
1.367
4.628
5.579
2.026
0.159
6.925
0.097
8.514
0.433
0.405
0.242
0.063
2.769
2.081
3.439
0.347
5.124
0.23
0.093
0.044
0.063
2.038
2.406
0.394
0.533
0.211
1.834
2.963
1.733
0.054
0.112
1.936
1.872
3.876
5.249
0.106
0.049
0.034
2.461
3.411
4.912
1.779
2.684
0.09
0.396
2.605
1.934
0.077
1.492
2.54
0.155
0.291
0.037
1.535
1.025
0.941
0.385
1.243
3.509
0.485
2.963
0.296
2.004
0.169
0.16
0.032
7.093
0.149
3.061
0.091
2.211
0.076
1.808
6.23
1.107
1.82
5.341
0.045
4.18
0.702
5.41
0.475
0.464
3.855
0.136
2.29
0.514
0.351
0.032
1.814
1.368
0.091
0.122
0.903
0.947
1.002
3.296
1.653
0.03
0.151
0.026
0.558
1.59
0.611
4.691
3.351
2.397
1.259
1.381
0.371
0.531
1.576
0.353
4.298
0.721
0.139
0.201
0.055
2.855
2.713
8.297
0.044
0.056
0.192
0.815
1.592
1.877
0.664
8.118
0.064
0.311
1.339
1.409
1.318
1.784
0.139
0.164
5.096
1.577
5.046
0.581
5.625
0.021
1.518
0.08
2.569
0.159
1.805
2.977
1.989
2.867
2.084
0.224
2.463
0.871
0.085
2.264
2.037
0.423
0.51
0.244
0.388
4.03
0.207
2.047
0.088
7.268
0.026
0.159
0.128
0.051
0.458
0.034
0.054
0.09
1.549
0.063
0.329
0.028
1.671
1.586
2.024
0.871
2.854
1.005
4.614
0.613
2.208
0.502
0.393
1.933
2.085
1.519
0.502
0.134
0.039
1.956
1.613
1.907
0.299
1.412
2.182
0.03
0.056
5.443
0.516
2.581
0.014
1.837
0.027
0.22
1.595
2.496
4.158
1.41
1.634
0.108
6.161
3.345
1.865
3.492
1.427
2.658
1.837
1.473
1.557
6.333
0.054
0.918
1.281
0.169
0.169
0.358
1.758
0.09
0.059
3.29
0.831
0.331
4.259
3.66
1.248
0.746
0.354
1.822
0.598
0.114
1.282
0.069
0.084
3.131
1.755
0.123
2.201
0.067
0.242
0.073
0.185
1.97
1.013
0.048
1.434
1.018
3.988
2.565
1.734
3.289
0.058
0.111
1.849
0.271
1.464
0.037
0.226
4.728
1.545
0.161
1.801
2.043
0.095
0.293
3.64
4.945
0.155
3.896
0.293
0.183
2.995
0.039
4.384
0.061
1.236
3.35
9.578
1.64
2.56
4.513
0.164
0.047
1.117
0.041
2.091
4.121
0.071
0.444
1.107
1.982
2.318
5.585
0.738
2.882
0.644
3.658
0.137
1.995
0.06
0.767
4.061
1.801
1.365
0.057
2.676
0.531
0.158
0.074
3.803
2.157
3.676
3.14
4.996
1.188
0.136
4.081
11.209
0.198
2.966
0.012
0.028
2.006
0.032
0.551
2.821
1.9
0.551
1.518
1.555
0.205
0.061
0.213
1.702
2.767
2.963
0.079
0.077
0.136
1.614
0.358
1.649
1.76
0.392
0.037
1.316
0.903
1.662
0.059
0.499
3.106
2.084
0.786
2.49
0.756
0.163
0.023
0.148
2.229
0.438
1.155
1.389
0.455
1.976
1.612
3.032
1.445
0.038
0.064
0.085
3.956
3.391
2.375
0.146
1.22
9.84
1.959
2.775
0.343
0.03
0.111
0.125
1.562
0.146
2.122
4.471
0.372
0.268
0.048
0.058
2.678
6.423
0.012
1.082
1.774
0.257
0.144
6.09
0.427
2.817
0.032
0.083
0.226
0.29
0.059
1.842
1.61
6.699
0.498
4.212
0.032
0.121
0.233
1.7
0.048
0.064
2.488
7.746
0.17
0.14
0.257
0.05
0.425
0.082
3.446
0.065
0.046
2.118
0.275
0.238
1.681
1.673
0.044
6.715
0.307
0.306
0.019
4.665
0.305
0.844
1.814
2.307
0.21
4.726
4.349
0.091
2.267
2.607
0.131
0.327
3.426
1.559
1.417
1.578
2.279
0.029
1.819
0.714
0.134
0.084
1.983
0.405
1.03
0.073
2.768
0.037
0.072
0.251
0.123
2.555
9.368
0.033
0.029
0.07
4.048
0.201
0.667
0.022
0.268
0.874
0.199
2.502
1.699
0.322
1.131
1.433
0.478
1.489
1.653
3.538
0.08
3.459
2.183
0.145
0.058
0.153
0.033
1.83
4.661
1.601
0.775
2.042
2.926
0.198
1.633
4.477
2.371
0.181
0.133
3.227
0.237
2.303
0.327
0.098
6.855
1.595
0.551
1.674
0.345
1.708
0.099
0.597
1.52
2.84
4.995
0.067
5.281
0.871
0.051
0.044
0.712
0.129
0.099
0.045
1.532
0.049
3.534
2.618
0.668
4.426
0.091
2.784
1.545
0.26
0.108
0.02
0.02
5.326
0.077
1.501
3.271
0.063
0.129
0.124
0.211
1.197
0.024
2.072
0.118
1.082
1.601
1.714
1.934
2.99
0.079
0.056
0.058
0.172
1.985
1.04
2.988
0.599
1.322
2.81
1.778
0.107
1.961
0.115
0.465
0.039
1.318
2.454
0.281
0.149
0.073
0.108
0.39
1.235
0.051
0.196
3.095
0.028
0.015
0.319
0.093
0.6
2.427
1.436
4.682
0.117
0.195
2.546
0.116
0.055
0.021
0.177
1.701
1.041
3.66
2.366
0.395
0.159
0.202
3.734
3.336
0.034
0.569
0.433
0.029
0.133
5.151
0.048
0.086
0.138
0.054
0.148
1.597
0.296
0.055
1.122
2.151
1.098
0.436
3.458
2.761
0.05
0.243
2.119
0.077
1.475
8.755
1.336
0.905
0.217
0.074
0.218
0.369
1.466
4.342
4.803
5.148
0.769
0.033
6.058
0.026
1.669
0.506
2.586
3.106
0.119
3.863
3.231
0.625
0.137
8.473
0.037
1.311
0.136
1.263
3.403
2.017
1.563
2.864
4.487
8.283
0.091
0.086
6.255
1.657
0.058
3.644
0.79
1.729
0.076
0.508
1.263
0.763
0.065
0.098
1.721
1.783
2.055
0.067
1.631
0.123
3.116
0.591
0.046
1.584
0.115
2.634
1.813
0.245
3.326
0.088
0.043
3.025
0.089
6.833
0.07
6.733
0.384
0.139
4.087
0.323
5.349
0.029
5.0
4.388
0.101
0.392
0.173
1.052
0.084
0.037
0.361
1.448
0.714
2.367
0.49
2.935
1.183
1.324
1.54
1.409
8.95
0.057
0.13
0.347
0.631
2.117
0.045
3.863
1.578
0.096
0.043
3.215
0.07
4.652
0.095
0.069
1.577
0.4
0.412
4.18
2.7
0.061
4.131
0.128
1.49
1.356
1.837
0.137
0.039
0.249
2.878
3.255
0.112
2.651
0.992
5.273
0.397
1.41
1.977
5.352
0.035
0.085
0.083
2.521
1.103
2.578
0.193
1.698
0.597
1.416
2.093
2.019
0.229
0.058
3.021
1.131
0.12
0.158
0.303
0.117
1.714
0.216
0.436
4.315
0.167
0.213
0.322
0.109
3.484
0.036
0.181
0.296
0.28
0.343
0.078
0.613
3.925
3.143
0.164
1.948
0.156
0.038
0.037
2.925
0.042
0.272
4.09
0.136
0.07
0.298
2.002
2.772
0.039
0.1
0.294
0.33
0.659
2.388
1.889
0.058
0.171
0.069
1.879
0.033
0.148
0.194
0.898
4.178
0.077
0.049
1.752
3.988
0.338
0.556
0.277
0.304
0.355
0.037
0.26
0.808
0.162
1.133
0.24
1.749
3.172
5.514
0.099
0.053
2.033
5.668
0.15
1.622
0.799
0.042
5.44
1.864
0.082
4.475
5.387
2.288
2.701
3.359
1.149
0.057
4.598
1.692
0.015
0.098
0.079
0.166
3.037
2.011
1.471
0.3
1.626
0.053
0.838
2.202
0.122
0.035
0.041
2.095
0.44
2.706
0.147
0.058
0.218
0.105
1.929
2.128
0.056
0.127
0.26
0.107
0.197
0.129
1.32
0.312
1.97
0.383
0.187
1.803
0.025
0.089
1.866
0.106
0.122
5.869
0.088
1.437
0.156
3.655
0.049
3.241
2.982
0.049
0.326
0.619
2.765
1.078
1.81
4.166
3.033
4.01
0.078
3.879
0.082
5.996
0.091
4.978
0.019
0.198
1.163
0.031
0.853
0.111
0.042
0.832
2.27
0.139
0.103
0.19
0.284
0.058
2.504
0.082
4.04
3.347
0.1
0.055
0.935
0.272
1.712
2.638
0.184
3.524
0.017
0.149
0.036
4.399
1.859
6.519
0.192
0.043
0.09
2.613
6.86
0.034
0.125
2.673
1.823
0.051
0.348
0.334
2.164
0.189
0.053
4.871
0.059
0.091
5.947
0.054
0.721
0.542
0.082
0.121
0.094
0.063
0.097
0.66
2.676
1.197
0.72
0.218
1.126
1.367
0.15
0.185
0.069
3.393
0.103
0.064
1.514
2.717
0.173
4.136
4.567
0.057
3.906
1.386
1.166
10.402
2.3
0.052
2.712
1.366
3.73
0.091
6.199
0.445
0.478
0.213
0.166
0.114
4.264
2.429
1.113
1.68
0.372
0.047
1.094
3.65
3.564
5.13
1.191
0.132
0.253
0.203
0.745
0.162
0.039
0.026
2.26
1.335
0.187
0.075
0.168
0.16
1.761
2.161
0.094
0.099
1.743
5.279
0.482
1.488
0.162
0.042
5.763
0.415
0.038
0.052
0.067
0.303
1.052
8.955
3.206
1.235
0.138
0.029
3.641
0.074
0.185
0.063
0.485
3.8
0.662
1.437
0.19
0.266
0.288
0.205
0.379
0.174
1.292
1.427
5.425
2.947
0.067
2.219
0.467
0.329
0.024
3.481
5.478
3.296
0.044
0.681
0.064
3.4
1.49
0.438
0.029
2.597
0.033
0.03
4.328
1.818
0.095
0.93
0.174
0.157
1.76
0.116
0.027
2.104
0.051
7.119
0.161
2.672
0.402
0.229
2.348
0.147
0.014
0.07
2.084
2.532
2.8
0.531
0.138
2.15
0.076
4.302
0.05
2.855
0.269
1.573
0.037
1.584
0.053
0.927
0.104
1.791
0.121
2.242
1.554
1.987
1.201
0.132
1.317
2.773
1.83
0.577
3.459
0.1
0.606
0.136
3.365
0.052
0.048
0.065
3.7
0.066
0.107
0.044
1.305
3.63
0.062
0.772
0.055
1.4
0.773
1.631
1.742
0.487
3.127
0.242
0.224
0.049
0.05
2.249
6.537
6.201
0.258
0.122
0.275
0.103
2.343
3.815
0.069
2.727
3.744
3.127
0.123
2.918
0.599
2.529
0.272
0.056
0.238
8.247
0.049
0.086
2.33
0.154
1.613
2.309
2.604
3.113
4.045
0.098
0.281
0.131
0.126
2.369
6.73
1.594
0.025
1.738
0.768
0.269
4.706
3.588
2.466
0.178
2.991
0.279
0.114
0.285
2.049
0.49
0.087
0.024
0.824
1.573
0.176
0.21
0.039
0.035
0.076
0.434
0.071
1.414
2.352
0.043
0.078
0.062
1.596
0.057
4.852
0.619
0.092
0.062
0.128
2.499
1.493
1.708
0.035
0.12
1.532
3.789
1.435
2.134
0.966
1.913
0.052
0.072
0.843
0.044
0.172
0.075
0.346
4.271
0.023
0.208
0.29
0.204
0.075
0.567
0.183
0.032
4.89
1.584
3.153
0.084
4.614
0.083
0.051
0.055
2.597
0.09
1.06
4.318
0.094
0.391
0.178
0.187
1.6
0.115
2.731
0.391
1.642
4.573
0.34
6.417
0.254
0.186
0.11
3.507
3.854
0.167
0.03
2.171
4.111
1.947
0.045
0.056
0.788
0.185
1.843
1.001
0.141
1.31
5.511
0.099
0.604
0.094
0.025
1.843
0.085
4.046
0.125
0.094
1.289
0.543
0.059
2.923
0.053
1.835
0.247
1.061
6.732
0.206
1.405
0.183
0.037
1.328
2.571
1.702
0.946
2.941
0.059
0.308
0.049
0.028
0.056
0.019
2.19
1.113
2.187
0.059
0.032
1.609
0.532
0.189
0.218
0.072
0.239
0.041
0.023
2.186
5.285
4.399
1.433
4.998
0.078
0.407
0.112
2.681
1.724
0.241
0.183
4.265
1.691
0.036
3.255
1.647
0.134
0.094
3.759
1.306
0.165
0.522
10.728
2.122
0.109
2.114
0.092
0.769
0.547
0.027
0.202
0.11
0.047
0.056
0.124
0.735
0.013
2.094
15.953
8.795
2.514
1.339
2.125
0.09
1.171
0.068
0.329
2.523
0.926
0.108
0.277
0.227
0.091
1.578
2.876
0.017
0.255
2.153
1.875
0.207
0.418
0.561
3.045
2.498
3.938
0.67
0.341
0.677
2.007
1.555
0.132
1.481
2.644
0.262
0.358
6.095
2.969
1.743
0.655
0.304
0.253
0.029
0.102
1.386
2.334
1.604
0.282
0.244
2.5
1.329
1.881
0.196
0.52
3.111
0.112
0.165
0.142
0.687
0.123
0.361
3.575
0.162
0.181
2.025
2.928
1.685
0.017
0.091
0.153
0.218
5.267
2.066
1.511
0.045
2.959
3.171
0.383
1.446
1.22
1.306
0.049
3.225
0.949
2.078
1.76
0.492
0.453
0.048
1.56
1.756
0.225
0.25
0.679
1.809
1.709
0.052
0.123
0.034
4.704
0.826
2.174
3.645
1.919
3.604
0.032
1.667
4.713
0.473
1.86
1.583
0.092
0.148
3.505
0.233
1.611
5.001
0.138
5.802
1.116
0.065
1.425
0.216
1.46
0.926
0.028
0.025
0.432
0.019
3.426
0.3
3.06
0.037
1.919
0.922
1.596
2.371
0.041
0.157
2.077
0.188
0.099
0.103
0.113
2.436
6.146
0.043
1.841
0.378
0.011
2.087
0.155
2.009
0.155
1.798
0.886
1.63
0.244
0.137
8.831
1.299
0.09
0.089
0.247
1.638
1.86
3.086
0.217
0.364
0.098
1.974
0.03
0.137
0.047
3.345
1.613
0.144
1.714
0.257
2.64
4.507
2.23
1.487
0.044
0.056
1.171
1.327
0.285
0.767
4.421
0.793
0.07
0.907
0.106
0.116
0.186
0.12
1.61
0.067
1.372
0.886
2.161
0.409
0.401
2.5
0.019
1.606
1.01
3.901
0.043
4.067
0.192
1.373
0.308
2.09
1.188
2.892
2.78
2.136
0.058
1.173
7.197
0.762
4.166
7.454
0.285
3.238
0.352
0.083
0.135
1.709
2.403
0.113
1.153
0.233
0.076
1.303
2.491
0.157
2.003
6.447
0.122
0.723
0.056
0.03
0.367
2.787
4.882
0.991
3.911
0.957
0.745
0.546
0.055
1.383
0.081
0.068
0.128
0.08
3.284
0.701
0.047
0.031
0.067
4.561
0.145
2.226
0.321
0.196
0.154
0.103
0.071
0.169
1.039
2.258
0.225
3.945
0.207
1.249
0.173
0.379
0.278
0.386
0.232
4.77
1.231
0.08
0.417
3.16
0.049
0.147
1.914
0.134
2.642
0.143
2.041
0.588
1.234
1.622
2.303
1.291
0.153
0.135
3.066
5.198
3.463
1.86
0.042
0.026
1.701
0.371
0.016
0.088
0.085
0.331
0.251
0.278
1.604
2.293
6.852
1.737
0.062
1.592
2.01
1.199
2.769
1.506
0.876
0.072
0.701
0.491
2.855
0.113
0.153
0.615
3.067
0.262
1.97
0.058
1.83
3.501
0.064
0.053
1.569
4.446
1.039
3.056
0.032
2.361
0.075
3.448
0.442
0.084
0.098
0.116
0.069
0.053
3.725
1.804
6.418
3.084
0.274
1.58
0.58
0.062
0.042
0.461
0.385
1.806
1.747
0.792
0.029
7.042
0.076
0.296
0.068
0.211
0.049
0.153
0.045
0.083
0.034
1.749
1.886
0.083
0.452
2.776
0.434
0.085
0.144
0.117
3.333
0.151
0.921
9.447
3.79
0.166
2.583
1.931
1.649
1.081
0.485
0.136
1.533
0.045
2.553
0.196
0.034
1.947
0.279
0.133
0.11
5.484
0.65
2.553
2.248
2.215
2.311
0.036
1.897
3.34
0.131
1.058
0.312
0.143
0.226
2.735
1.478
8.143
3.601
1.677
1.03
5.615
0.055
0.109
3.62
2.04
0.099
2.602
6.476
1.343
0.085
0.064
0.535
0.059
0.168
1.738
0.075
2.258
0.165
1.789
3.445
0.284
1.136
1.533
0.026
3.705
1.958
0.387
0.24
1.25
0.289
0.138
1.78
1.485
5.635
0.594
0.906
0.988
0.124
2.339
0.956
0.209
0.072
1.081
1.653
3.504
3.86
1.368
2.42
2.09
1.484
0.117
0.252
0.07
0.095
0.019
2.594
1.644
2.98
0.041
0.617
4.267
0.089
0.649
1.663
2.301
2.939
1.76
0.327
2.077
0.203
0.042
2.138
2.212
0.153
1.631
1.38
1.633
0.014
1.519
0.472
0.039
0.083
0.248
0.127
0.484
0.337
0.036
0.037
2.245
3.594
0.146
0.033
0.265
1.787
0.062
0.693
0.315
2.549
0.074
4.038
0.392
1.273
2.294
0.227
0.045
0.05
2.873
0.09
5.827
4.105
0.01
0.549
10.354
0.059
2.143
3.756
2.338
0.052
0.07
0.062
0.052
0.15
0.463
2.144
0.184
7.423
0.369
2.954
0.976
3.34
1.464
0.052
0.488
0.378
1.007
1.517
0.167
2.342
0.072
0.318
6.86
0.066
0.728
2.151
3.823
2.457
0.274
0.105
0.118
3.338
0.066
0.062
3.028
0.149
1.86
1.777
0.077
5.393
4.145
0.064
2.133
2.109
0.705
0.023
0.184
0.068
2.848
0.016
0.165
0.773
0.045
0.35
1.477
1.271
3.17
1.607
0.035
1.783
0.196
2.188
2.088
2.58
0.166
0.118
3.69
1.448
0.239
1.813
2.831
0.676
0.307
0.075
3.524
0.359
1.345
0.071
0.066
1.753
1.953
1.361
0.029
0.129
0.065
0.644
2.222
2.887
0.048
1.686
0.053
3.445
0.113
2.241
0.094
0.093
2.344
1.089
0.341
0.147
0.066
0.023
1.594
0.025
0.257
6.705
0.971
0.575
0.224
6.94
0.04
0.606
0.389
0.077
0.152
0.121
0.175
3.053
0.26
0.034
0.617
0.081
4.586
1.948
0.255
0.165
0.084
1.677
0.065
3.017
4.491
1.53
5.974
0.388
3.026
0.737
0.272
1.8
5.368
0.21
2.691
0.218
0.108
0.196
0.088
0.192
0.221
0.173
0.234
0.045
0.053
0.339
4.684
2.392
0.32
2.874
3.433
0.131
0.073
0.062
0.251
4.193
1.901
1.059
0.503
0.106
0.285
0.146
1.829
0.234
0.035
0.466
2.208
2.678
0.42
3.296
0.034
0.803
1.044
0.511
1.769
0.177
0.759
0.188
2.628
0.027
1.28
0.985
2.11
8.706
0.062
0.062
0.419
2.523
0.468
0.064
0.257
0.933
1.911
2.294
0.712
0.129
2.233
4.973
0.087
2.257
4.722
0.117
1.581
0.319
4.066
4.501
0.084
2.462
0.303
0.14
4.531
3.181
3.037
0.137
0.152
0.269
0.15
1.357
0.037
1.982
0.051
0.042
0.231
2.298
0.368
1.752
3.354
0.207
3.073
5.323
1.452
0.915
3.962
0.876
3.449
0.726
1.47
0.034
0.329
0.134
0.133
0.123
0.057
3.132
0.405
0.02
0.018
1.512
0.084
0.224
0.227
3.94
2.738
3.397
0.017
0.574
0.107
0.131
0.108
1.919
0.073
0.11
5.83
2.923
3.421
0.066
1.122
0.134
1.408
0.075
0.476
1.16
0.051
0.02
0.69
5.404
11.53
0.081
0.555
0.029
0.118
0.085
0.359
0.142
0.036
0.025
0.456
0.831
1.515
0.11
0.088
0.033
1.696
0.06
0.174
3.097
0.111
6.8
2.401
3.052
0.058
1.526
0.071
0.059
3.346
2.554
7.858
0.045
0.084
0.074
3.743
0.126
0.233
0.571
3.358
2.134
2.372
0.265
1.804
0.077
1.415
0.07
2.724
2.096
0.067
7.991
0.064
0.06
0.213
0.313
2.512
4.91
0.067
0.218
8.299
0.074
0.33
0.389
0.37
0.374
1.484
1.684
0.358
0.378
0.166
0.632
0.474
0.488
2.256
0.173
0.088
1.718
0.057
1.928
3.933
1.005
4.736
1.052
0.121
0.675
3.016
1.71
0.131
1.313
1.772
3.115
1.639
4.436
3.648
0.073
0.019
0.859
1.957
0.671
0.595
0.907
0.062
0.616
0.479
10.865
0.04
0.056
1.646
0.056
0.038
0.118
0.058
0.03
0.188
0.083
0.435
2.194
0.219
1.456
0.491
1.884
0.46
2.923
0.212
1.37
1.111
0.556
0.183
3.054
0.034
3.46
1.335
4.066
4.122
1.511
5.524
1.909
0.628
0.11
7.723
1.172
0.037
0.032
0.278
0.349
0.407
5.626
0.063
0.137
3.341
0.018
3.749
4.995
7.947
0.057
0.088
1.328
0.053
0.4
2.705
0.278
0.196
0.327
0.043
0.201
0.115
0.297
0.025
2.433
0.343
0.133
0.19
1.288
1.01
0.028
0.275
1.84
2.631
3.09
0.183
0.072
2.712
3.695
1.349
0.047
4.613
1.59
0.04
1.852
0.087
1.739
2.078
2.883
4.723
2.135
0.182
4.402
1.942
0.042
0.529
0.104
0.086
0.04
3.639
0.022
0.132
4.78
5.021
0.034
1.749
0.3
0.117
0.468
0.741
0.284
0.084
6.422
3.933
2.449
0.056
0.05
0.029
0.985
0.612
1.995
2.488
0.094
1.569
1.383
0.281
0.016
0.043
3.073
1.612
1.442
7.433
2.107
0.191
2.865
0.041
0.052
0.048
1.58
0.325
1.896
0.152
0.083
1.516
3.799
2.522
0.08
0.316
0.266
2.318
0.067
1.528
1.55
0.132
3.508
1.936
0.045
1.615
1.538
0.065
3.381
0.054
1.61
0.091
0.084
0.216
1.582
0.107
0.028
0.259
0.063
0.177
1.159
0.099
0.346
1.203
0.112
5.326
1.566
0.115
2.236
0.373
0.066
0.498
3.397
2.346
0.163
0.147
0.062
0.274
0.177
0.6
0.063
0.213
3.715
0.148
1.179
0.043
9.906
2.02
0.188
0.115
2.028
2.638
8.215
0.223
0.112
0.05
0.062
1.802
1.11
0.25
2.521
0.073
0.039
5.287
0.227
1.809
4.371
3.351
1.469
0.079
1.518
0.277
0.439
0.998
0.176
0.326
1.14
0.455
1.69
1.45
2.029
0.163
1.66
2.447
7.065
2.245
2.337
0.197
1.607
4.111
0.416
2.558
0.459
0.047
1.442
1.508
2.243
0.155
0.048
3.302
1.756
0.141
1.543
0.19
5.009
1.482
0.365
0.295
0.156
0.25
2.337
1.665
1.658
0.692
4.842
0.307
1.486
0.365
0.293
2.572
2.139
0.169
0.137
6.693
1.907
0.109
0.41
0.014
0.042
0.551
0.525
3.496
0.087
1.67
1.176
0.429
0.47
1.808
0.074
6.278
1.559
2.216
0.027
0.215
0.531
2.253
4.87
0.201
1.376
1.431
0.08
1.494
0.045
0.073
3.105
3.377
0.142
0.159
0.577
3.106
3.454
2.474
0.122
2.167
2.437
0.043
1.413
0.048
0.028
2.111
1.905
0.237
0.02
2.291
1.093
2.047
1.548
0.083
0.185
0.432
0.202
0.024
0.271
1.876
0.405
2.799
1.528
1.584
8.627
0.039
1.402
4.862
1.431
0.088
0.146
0.183
0.045
0.095
0.29
0.124
0.235
0.058
3.13
2.224
0.382
0.036
2.444
3.014
0.109
0.369
2.383
1.228
2.145
0.417
2.548
1.718
2.342
1.492
0.138
4.873
2.391
0.437
1.437
0.114
1.758
0.501
0.528
5.152
0.179
2.796
1.163
3.651
0.114
6.096
2.389
0.058
1.732
1.65
1.511
0.079
0.051
0.473
1.235
2.245
0.047
0.144
0.582
0.09
0.311
0.125
0.09
0.127
1.646
0.345
0.054
0.47
0.037
0.536
5.496
0.178
0.145
0.654
0.179
0.084
0.063
2.516
3.025
0.225
2.217
2.734
1.939
1.493
0.096
0.351
0.141
0.07
0.143
1.696
0.629
1.728
0.113
2.945
0.152
1.103
1.914
0.053
0.039
0.12
0.056
0.416
0.174
0.115
0.046
0.179
0.13
1.619
0.183
2.612
0.316
2.611
0.094
0.026
3.127
3.767
0.887
2.253
2.673
0.5
1.354
1.516
0.053
4.48
2.593
0.115
1.738
0.128
0.606
4.965
1.624
3.598
1.456
1.662
0.243
1.422
2.008
0.108
0.031
5.308
2.735
1.751
5.546
8.145
2.92
0.58
0.938
0.098
0.04
0.277
6.199
0.195
2.514
0.379
0.51
1.536
5.072
5.056
0.124
1.621
6.019
2.97
0.074
0.059
0.075
0.19
1.767
0.646
0.087
3.741
1.47
0.039
1.477
4.613
0.053
0.227
2.276
3.483
2.806
2.093
1.59
0.29
3.48
1.109
3.797
1.029
4.79
0.287
1.116
0.069
2.254
0.037
0.971
1.043
0.06
0.018
6.841
0.158
0.02
3.726
0.825
0.621
0.085
0.048
0.201
0.051
0.136
0.356
0.047
5.382
0.228
0.087
0.723
1.965
2.226
0.653
0.96
0.743
0.029
0.109
6.974
0.213
2.674
2.113
0.031
5.085
1.545
0.055
1.829
0.148
0.18
1.741
0.175
0.741
0.083
0.141
1.435
0.211
0.359
5.429
0.056
0.431
0.992
0.018
1.382
0.063
0.106
0.208
0.275
4.736
4.092
4.766
4.5
0.297
2.038
3.772
6.108
1.982
0.306
2.144
0.216
0.18
0.163
2.219
0.157
0.128
0.162
0.138
1.53
0.335
0.031
1.477
0.189
0.02
4.443
0.031
0.05
3.456
0.769
0.039
0.146
1.373
3.208
1.124
0.032
0.561
2.826
1.96
5.111
0.208
0.275
0.217
0.325
0.194
0.172
2.016
1.73
2.499
4.039
0.169
3.167
0.117
0.557
0.129
0.215
2.779
1.937
3.225
0.534
3.169
4.156
1.419
2.7
0.442
0.425
0.214
0.144
0.768
2.29
2.016
0.114
0.047
0.048
1.838
2.057
1.066
0.5
0.065
3.994
1.662
1.154
1.634
0.614
2.552
1.612
0.019
3.231
0.72
0.304
0.532
0.117
2.552
0.414
5.167
0.772
0.111
1.271
2.267
0.606
0.644
0.181
0.034
0.34
0.365
0.032
0.046
0.213
0.388
1.639
1.632
0.053
0.022
6.24
1.792
3.292
0.144
0.131
1.998
0.552
3.82
2.881
0.05
0.193
0.024
0.018
1.561
0.087
5.975
0.066
0.075
0.087
3.284
0.142
0.074
0.078
0.041
0.048
2.624
7.354
0.039
2.533
0.213
2.889
0.042
0.461
1.486
0.374
0.193
0.435
0.327
0.048
0.02
2.707
2.44
0.722
0.714
0.721
2.088
0.071
2.648
0.918
5.327
8.577
0.049
0.069
0.08
0.212
3.718
3.033
0.503
0.104
1.871
0.392
0.429
0.047
0.018
1.778
0.29
4.969
5.124
1.374
0.108
2.769
0.441
0.069
0.384
1.209
0.094
0.038
1.721
2.406
0.104
0.161
1.35
0.16
0.659
1.537
5.287
2.514
4.947
0.017
0.067
0.024
1.521
0.091
0.075
0.028
0.291
0.22
1.98
1.756
0.077
1.189
3.412
2.361
1.977
0.079
0.048
5.782
0.039
2.505
0.207
0.069
0.329
2.273
3.438
0.459
4.684
0.288
0.661
0.03
4.409
2.136
2.227
0.617
2.244
0.021
2.328
1.115
0.077
0.19
0.036
0.535
3.502
0.197
0.108
0.139
1.971
0.435
0.109
0.056
1.429
0.065
1.897
1.341
1.753
2.125
3.206
0.05
0.094
1.984
0.216
0.561
0.183
0.07
0.087
0.086
3.558
2.024
2.629
0.17
0.499
0.097
0.454
2.354
0.091
0.358
0.052
0.092
2.647
0.508
0.187
0.024
0.042
1.454
1.673
0.055
0.163
4.607
1.302
1.963
0.458
1.552
2.892
0.33
1.513
0.184
1.43
1.643
6.175
0.041
0.016
1.541
1.894
1.863
0.57
0.328
0.022
0.036
0.024
0.038
0.03
1.882
0.041
0.112
2.801
0.302
0.195
1.705
0.181
2.391
4.783
0.039
0.026
1.397
0.059
2.72
0.024
1.738
0.252
0.033
3.847
6.398
0.39
0.113
0.056
3.709
1.969
0.195
0.726
1.513
4.256
3.332
0.903
0.209
0.045
0.04
0.108
0.32
0.697
0.041
0.575
2.888
0.632
2.215
0.496
0.207
0.414
0.318
1.824
0.456
0.065
1.016
2.192
2.309
3.907
2.203
2.761
1.649
2.565
2.299
1.599
0.096
1.053
2.296
1.201
0.157
0.127
0.054
0.042
1.366
4.032
0.126
1.72
0.581
5.231
0.037
0.12
2.398
1.155
0.166
1.943
1.874
2.567
2.068
0.138
1.581
0.108
0.087
0.385
0.642
2.025
1.195
2.274
1.025
4.242
0.158
0.041
1.35
0.317
1.18
2.258
0.263
4.597
1.97
1.263
0.176
0.44
1.488
5.385
0.147
2.115
0.068
2.14
0.537
0.288
2.205
0.585
5.365
0.065
0.047
4.881
0.741
1.09
0.129
5.606
3.539
0.736
0.6
0.214
2.76
1.562
4.936
0.076
1.194
0.258
0.313
1.314
1.384
0.17
0.505
1.399
2.443
2.263
0.046
3.23
0.06
0.809
1.359
0.397
2.466
0.021
1.265
1.987
4.192
1.284
2.585
1.569
0.791
1.046
0.981
3.121
0.272
6.094
2.179
3.57
1.865
0.283
0.04
5.079
1.525
1.751
0.971
0.164
0.097
3.171
0.417
2.731
2.172
0.41
0.036
2.473
2.443
0.174
0.023
0.268
0.032
1.486
4.725
0.097
0.076
3.823
0.211
0.216
1.75
2.129
0.961
2.767
2.476
0.327
0.124
0.988
8.386
5.086
0.04
0.61
0.169
1.519
1.718
1.823
0.609
0.516
0.563
2.524
2.837
2.035
0.286
2.998
1.251
1.452
0.097
1.915
0.471
0.073
2.94
0.041
1.093
0.22
1.924
0.814
2.158
0.656
0.027
0.099
0.386
0.6
2.671
0.8
0.256
0.552
0.126
0.461
0.761
3.609
0.108
4.904
0.039
1.774
0.08
1.88
3.809
0.234
0.079
1.11
2.475
2.625
0.267
5.906
0.057
0.017
0.432
1.156
1.519
0.058
1.536
8.764
0.066
0.037
0.934
0.141
3.452
2.108
4.1
0.033
0.265
0.073
0.053
0.364
0.235
1.988
1.061
0.063
2.995
0.063
0.225
0.744
1.097
0.317
2.035
0.278
9.308
1.441
2.816
2.815
1.538
1.293
2.528
1.275
1.269
0.717
2.827
0.074
0.705
0.091
0.317
0.094
1.319
0.255
0.227
0.071
4.321
7.184
1.124
0.158
6.187
3.748
6.074
2.502
3.128
0.57
0.173
2.179
0.244
3.964
2.958
2.08
2.198
2.764
0.136
1.548
0.279
0.219
1.283
3.016
0.295
1.886
1.579
1.618
3.997
4.024
0.03
4.705
5.648
0.097
1.356
0.054
0.591
1.208
0.03
0.36
0.584
0.348
0.238
1.399
0.117
0.085
0.045
0.269
1.044
1.926
0.98
0.262
1.227
4.188
0.038
5.022
2.238
0.06
3.986
1.779
3.197
2.098
0.238
4.907
0.184
0.016
1.018
0.129
0.488
2.4
0.087
6.89
0.147
1.564
0.088
0.273
0.298
3.046
1.971
0.153
0.182
3.185
1.254
0.299
2.411
1.936
0.048
0.091
0.442
0.191
3.79
5.012
0.109
0.407
2.992
1.572
0.243
0.056
0.167
0.029
0.06
0.09
0.043
1.442
0.683
0.156
0.051
1.674
0.03
1.494
1.633
2.063
2.666
2.063
4.762
0.087
0.109
0.019
1.171
0.074
0.168
2.849
0.273
0.888
2.428
9.927
0.149
0.096
0.111
0.044
3.501
0.039
0.171
2.804
0.097
0.168
0.855
2.001
0.104
0.234
0.076
2.938
1.169
0.164
3.435
0.054
0.184
1.355
0.163
0.133
0.333
1.561
2.512
2.614
4.484
2.471
1.545
0.337
0.03
1.315
0.256
1.011
0.447
0.37
0.023
0.331
1.796
2.26
0.243
3.711
4.803
5.742
1.086
1.862
4.554
0.103
2.29
3.17
0.088
2.712
0.156
0.042
0.036
3.612
0.099
0.705
1.809
9.728
2.862
3.295
0.333
4.109
3.074
0.102
7.115
1.044
0.895
0.032
0.089
1.85
1.321
2.973
2.423
0.099
3.344
2.507
0.159
2.193
0.23
1.077
0.3
1.793
0.114
1.629
3.151
0.029
0.039
0.113
0.091
0.303
1.444
0.181
0.69
0.107
1.502
0.102
0.084
2.732
2.572
4.612
2.324
0.264
1.459
3.692
0.065
4.225
0.026
7.083
0.106
0.04
2.476
1.586
0.066
3.384
1.11
0.038
4.719
0.136
0.048
5.084
0.096
0.078
3.64
1.707
0.13
0.115
0.115
0.906
3.975
3.547
2.607
0.106
0.142
2.145
0.156
0.393
2.492
0.095
5.3
0.028
0.087
4.065
0.12
0.026
0.065
0.737
2.284
0.171
2.932
0.068
3.299
0.063
0.21
0.029
0.359
0.338
2.091
9.092
2.456
0.645
6.1
0.262
1.391
0.065
3.186
1.183
0.1
0.105
0.28
0.25
0.107
0.048
0.095
0.236
0.181
0.054
2.113
0.056
1.629
4.142
0.059
5.861
4.57
0.797
0.575
0.041
2.664
2.362
0.069
2.025
1.788
2.068
0.273
0.045
0.257
2.419
0.045
3.057
3.358
1.713
0.238
4.454
0.191
0.229
0.223
0.333
0.223
0.198
2.87
1.106
0.104
3.351
1.802
2.034
0.135
1.379
0.078
2.532
4.012
2.74
4.185
0.054
0.095
1.538
0.063
2.678
0.139
4.336
0.059
0.969
0.324
2.507
0.204
0.073
1.992
1.145
2.58
6.145
0.554
0.495
1.924
1.642
0.041
1.398
0.044
0.079
0.513
0.207
0.253
1.796
1.473
2.622
3.595
0.154
4.555
0.87
0.075
0.02
3.046
7.118
0.093
0.181
2.023
11.983
2.329
0.233
0.109
0.516
1.698
3.222
0.064
1.42
5.045
0.049
0.184
0.084
0.991
0.096
0.96
3.305
0.361
1.732
1.555
0.135
0.841
0.547
0.747
1.625
1.267
0.056
0.219
1.778
1.778
0.08
1.715
0.061
1.056
0.076
0.129
0.067
0.117
3.995
0.464
0.207
2.1
1.816
0.935
0.127
0.08
1.081
3.759
0.497
0.128
7.743
2.633
0.099
2.475
0.025
14.595
2.074
0.355
0.27
4.617
0.134
0.614
0.13
1.571
2.899
3.195
0.149
3.218
1.216
5.77
1.544
3.541
4.455
1.302
2.6
0.287
0.123
0.032
0.625
0.075
0.247
3.686
2.828
0.102
0.106
0.158
1.783
1.785
0.332
2.864
1.566
1.646
1.791
4.502
0.484
1.508
1.266
0.108
0.044
1.245
0.109
0.055
1.969
3.442
0.144
1.573
1.513
0.108
1.802
0.067
2.09
0.1
0.042
0.544
0.051
2.209
0.168
0.068
0.135
3.393
0.114
3.396
1.232
0.174
1.542
0.041
0.263
0.133
0.557
0.035
4.504
7.334
0.077
0.535
0.045
0.13
3.081
3.588
7.426
0.109
1.996
1.954
0.183
2.137
0.383
1.666
1.336
0.098
1.98
2.569
1.863
0.315
0.03
0.585
0.126
1.852
0.073
5.672
0.211
0.06
7.346
2.172
0.964
4.07
0.223
3.378
0.239
0.078
0.678
2.104
0.145
0.645
0.987
2.122
0.544
0.551
3.617
2.124
0.231
2.329
0.099
2.011
0.498
1.475
0.195
0.118
0.845
0.029
0.114
0.372
0.23
0.468
2.529
1.433
0.451
0.064
2.211
1.203
5.629
2.119
1.235
0.153
0.068
0.773
0.089
1.958
0.229
2.915
0.86
1.437
2.466
1.763
0.33
3.102
0.152
1.223
2.094
0.882
8.404
0.02
2.382
1.962
0.173
3.384
0.047
0.054
0.15
3.361
0.891
0.067
3.121
9.859
0.509
0.101
1.641
3.931
0.169
0.108
3.66
0.112
0.775
0.049
0.552
1.74
2.889
0.188
0.886
0.028
1.347
1.599
0.016
3.108
0.63
0.031
0.052
1.683
4.407
3.237
1.493
0.309
2.014
2.684
0.426
1.691
3.312
0.183
0.022
1.352
0.175
0.364
6.447
0.164
0.05
0.923
4.811
1.558
0.123
0.254
3.447
0.171
2.139
3.449
5.737
3.346
4.525
0.556
2.745
0.647
0.048
7.195
1.074
0.267
0.319
4.812
3.489
0.341
1.088
0.769
0.104
0.062
0.051
1.335
0.047
0.034
4.194
0.498
5.544
0.121
1.552
1.803
1.708
0.02
1.196
0.083
3.28
0.068
2.76
1.824
0.135
0.044
0.492
0.071
2.954
0.341
0.671
2.451
0.378
0.214
3.561
0.186
1.106
5.028
0.193
0.094
0.076
1.894
1.63
1.074
0.057
3.685
0.135
0.141
0.066
0.061
1.298
2.81
0.634
1.604
0.253
0.1
0.143
4.741
1.211
1.413
1.79
0.065
7.951
0.103
2.685
0.093
0.04
0.041
2.321
2.975
2.184
3.749
0.032
0.071
1.431
2.284
3.275
0.077
0.948
2.851
0.153
2.42
0.054
3.076
4.185
0.869
0.959
0.392
0.046
9.731
1.484
1.135
0.696
0.083
0.039
3.13
5.058
0.06
2.34
1.872
0.454
5.576
6.35
0.019
0.102
0.693
17.074
4.539
2.593
0.345
0.21
4.424
0.119
0.022
3.526
8.137
1.146
1.499
0.234
1.771
1.829
0.895
1.14
1.774
0.864
0.067
3.805
1.324
1.136
6.619
0.615
1.429
1.834
3.957
0.031
8.557
0.045
4.555
0.03
1.46
1.351
4.673
3.343
2.447
0.245
1.807
0.024
1.582
0.23
3.347
0.101
0.119
0.152
0.246
0.173
1.021
2.118
0.086
1.223
1.56
1.97
3.272
0.154
0.183
0.1
0.016
0.049
0.258
0.14
7.341
0.075
0.19
0.845
0.313
7.089
0.342
1.199
1.663
0.107
1.584
1.711
3.936
0.112
0.101
0.152
3.425
0.448
2.892
1.437
5.191
0.33
2.488
2.234
0.721
1.046
2.392
0.033
0.08
2.757
1.641
0.043
3.911
1.954
2.318
6.721
0.033
0.368
0.161
0.214
6.066
0.046
0.039
3.207
0.041
5.0
0.114
0.182
0.275
1.471
0.087
0.793
3.01
0.085
1.275
0.037
3.17
0.797
0.071
3.068
0.188
3.191
1.577
2.451
2.304
1.64
3.677
0.08
1.51
0.036
0.044
0.127
3.185
0.152
0.129
8.036
2.556
0.042
2.687
0.721
1.822
2.464
0.317
0.092
0.255
0.393
6.4
0.109
1.269
5.948
0.291
0.035
6.554
0.051
0.482
1.535
0.307
2.826
2.165
0.744
1.196
0.212
0.186
1.442
0.049
3.594
0.325
1.454
0.389
0.561
0.05
4.471
0.018
3.939
1.612
1.676
0.207
1.757
1.962
0.081
0.121
2.514
0.338
0.081
0.52
0.538
0.013
0.02
2.494
0.066
0.109
3.701
0.072
1.739
0.094
0.022
2.04
0.313
1.88
1.129
0.146
0.459
9.364
0.972
0.745
0.158
0.914
4.924
2.734
3.96
0.353
0.28
0.165
1.532
6.2
0.118
0.028
2.674
0.046
0.028
2.864
0.048
0.107
0.265
1.022
3.962
0.342
0.09
0.067
1.162
0.081
0.291
0.08
0.063
1.002
0.58
0.117
0.037
0.102
3.766
8.634
2.105
0.977
0.14
0.038
2.77
2.221
1.755
0.029
7.271
0.048
0.155
0.697
0.359
0.244
0.622
0.197
2.992
0.024
0.498
2.527
1.958
0.127
1.574
5.233
0.114
1.566
0.125
2.465
2.346
0.07
0.144
0.244
1.458
3.696
0.265
2.365
0.055
1.56
0.04
1.511
0.058
0.137
0.075
0.042
0.022
0.127
1.53
5.338
1.411
2.896
0.189
2.769
4.144
0.188
0.054
2.328
0.215
1.405
5.612
0.048
0.549
1.13
0.031
0.253
0.355
1.449
0.018
1.789
2.865
1.449
0.026
2.824
0.043
0.057
0.459
0.316
0.185
0.247
1.518
0.1
0.275
6.836
0.05
2.051
0.083
0.032
0.173
0.727
0.068
6.077
1.843
1.76
0.214
1.704
0.121
0.082
0.257
1.196
0.466
1.347
0.324
1.936
2.157
3.3
2.145
1.631
0.081
3.93
2.48
0.078
0.06
0.102
6.645
0.707
2.101
2.016
1.584
1.391
0.123
0.244
0.017
0.781
3.608
0.152
1.477
1.49
2.412
4.707
2.23
2.347
0.695
1.514
0.363
0.128
0.456
1.736
9.418
0.04
0.101
0.197
1.884
0.154
1.377
0.1
3.609
0.053
0.226
1.423
2.533
0.315
2.743
0.049
1.029
0.151
1.917
2.389
0.384
1.515
2.426
0.953
1.913
0.474
3.148
1.219
0.175
3.932
0.293
0.026
1.25
0.29
2.706
0.671
2.317
8.559
0.318
4.116
2.931
0.641
2.025
1.334
0.071
0.022
2.329
2.567
2.679
0.091
0.182
0.057
2.399
1.102
6.622
0.073
0.115
6.227
1.185
1.511
4.237
5.242
0.119
0.188
1.159
2.755
2.151
2.157
0.181
0.438
0.409
0.045
0.324
0.04
0.179
0.429
2.954
0.141
0.06
0.401
0.209
0.913
1.896
0.265
0.326
0.067
3.641
0.053
0.693
1.764
0.289
0.375
1.395
1.535
0.059
1.306
0.259
1.569
0.524
0.176
0.217
3.789
3.511
2.276
0.04
8.134
4.668
1.516
2.053
2.245
4.806
0.129
1.909
5.151
3.362
1.337
3.12
1.7
0.065
0.058
2.614
0.134
3.053
0.071
0.084
0.218
0.038
0.038
0.041
1.819
1.346
1.504
2.5
0.302
0.049
5.631
0.065
0.957
0.073
0.104
0.656
0.078
0.072
0.118
0.023
2.044
0.114
0.433
0.472
0.28
0.052
0.056
0.072
0.402
0.165
0.215
0.126
0.284
1.456
2.874
3.203
5.433
0.087
6.632
0.049
0.405
0.062
0.473
0.037
0.125
0.176
0.045
2.002
0.097
5.598
2.628
3.174
0.157
0.073
2.668
2.694
5.025
3.355
5.509
1.155
0.04
0.999
0.145
0.961
1.056
0.17
6.332
0.099
2.051
0.277
0.055
0.608
2.74
0.116
2.471
2.872
0.281
0.092
3.361
0.244
3.457
0.544
0.247
5.599
10.12
0.08
3.625
1.774
0.449
0.146
0.023
0.34
0.026
8.13
0.042
0.068
0.235
3.702
1.701
1.919
0.138
0.037
2.25
2.422
0.118
4.074
0.569
0.153
4.309
2.232
2.589
1.179
0.118
1.81
0.033
0.032
3.902
3.305
0.227
1.578
0.662
0.3
0.063
0.105
2.217
1.09
2.172
0.318
2.251
3.235
1.704
1.767
0.013
2.351
1.445
3.507
0.049
6.256
1.628
2.48
0.106
0.841
0.1
1.972
1.033
0.038
0.051
1.956
1.149
2.197
1.936
0.494
0.071
0.115
0.531
0.11
4.305
0.069
1.01
0.553
2.006
0.092
3.222
15.369
0.058
3.627
0.288
0.372
0.112
0.042
0.646
0.321
0.241
1.432
1.088
5.434
2.031
0.02
1.875
0.241
0.048
0.727
0.049
0.754
1.047
0.361
0.198
7.019
0.567
3.414
0.138
4.06
3.307
0.029
0.24
0.218
0.111
0.305
2.43
0.132
0.106
1.777
0.309
0.205
0.059
4.771
0.104
1.01
0.786
0.395
1.676
3.778
0.133
5.231
1.705
0.061
0.035
1.358
0.787
1.039
0.806
0.212
1.094
0.247
0.14
0.056
3.1
0.095
0.372
3.039
0.166
2.099
1.839
0.691
1.48
4.32
0.333
2.545
0.084
0.212
0.07
0.048
3.688
1.773
0.295
0.113
2.238
0.602
0.031
1.915
2.613
1.141
1.992
0.081
2.93
5.606
0.082
3.748
1.602
0.036
0.42
1.217
1.952
3.764
2.381
2.218
0.089
0.064
0.063
0.04
7.832
0.083
0.02
2.96
0.111
5.523
0.042
0.041
0.43
0.672
0.096
0.159
0.872
3.905
1.587
0.186
0.124
0.537
1.095
0.157
0.016
0.083
6.732
0.127
1.614
3.552
0.232
0.031
1.956
2.653
0.063
1.365
2.768
0.146
0.082
2.688
0.082
0.18
0.136
0.138
1.778
0.04
0.031
1.42
1.908
0.125
0.419
0.075
2.683
0.075
0.194
3.658
0.155
1.51
0.318
0.075
0.081
0.427
3.944
0.103
0.052
2.444
0.182
0.217
2.156
1.594
3.908
1.552
0.187
1.524
4.941
0.189
0.099
0.283
8.07
1.586
4.018
0.057
0.338
0.265
0.095
0.795
0.037
3.648
0.235
0.15
0.185
0.206
2.396
0.32
0.033
2.855
1.934
0.021
0.166
3.663
0.085
3.982
0.272
1.568
0.06
0.186
0.242
3.952
0.466
0.061
0.437
2.352
0.031
0.045
0.307
1.033
3.787
0.044
0.827
0.373
0.054
0.031
0.194
3.125
0.047
2.021
1.313
0.214
0.258
0.103
2.762
1.944
1.634
0.252
1.971
4.102
0.096
0.358
0.135
3.253
0.344
3.414
0.408
0.059
2.072
0.311
1.756
1.38
3.0
0.155
0.775
0.347
1.635
0.057
0.338
1.264
3.696
7.054
0.033
1.53
0.179
0.024
4.241
0.047
1.708
0.389
1.171
0.144
2.104
1.304
0.043
0.525
0.778
0.174
4.151
0.115
0.193
4.275
0.184
0.865
16.752
0.067
2.131
0.184
0.082
1.314
0.175
1.617
1.716
6.087
2.471
0.482
0.052
2.115
1.605
0.451
1.827
0.117
0.047
0.083
2.049
1.682
0.195
0.978
0.047
4.372
7.67
1.008
0.216
0.045
0.373
2.935
0.074
5.196
1.287
0.133
0.073
0.055
0.992
0.159
0.074
7.114
1.709
6.793
0.127
2.17
0.151
0.153
0.789
0.226
0.059
0.04
0.634
7.788
1.707
1.773
0.059
3.781
0.106
0.128
0.071
6.927
5.784
0.817
2.247
0.216
0.183
0.051
6.79
0.596
0.324
0.114
0.795
0.17
2.353
0.61
0.934
1.365
0.123
2.634
0.059
0.1
0.147
0.576
0.242
0.213
0.131
5.066
3.798
1.397
3.819
0.847
0.064
0.19
0.102
4.981
0.328
0.035
0.603
1.467
2.784
0.085
0.036
3.645
4.412
3.672
0.042
5.504
4.09
3.448
0.131
2.691
3.677
0.129
0.196
0.176
0.071
1.447
0.661
4.397
4.168
2.406
3.112
0.171
1.565
0.059
0.023
0.068
0.133
0.854
0.125
3.841
0.458
0.056
1.428
0.112
0.1
0.115
2.467
3.249
0.76
3.379
0.594
0.467
2.178
3.068
4.394
4.399
0.217
1.458
1.424
0.101
0.986
0.081
0.088
1.2
0.04
0.025
0.064
0.059
0.099
0.749
0.267
1.921
0.399
0.12
0.121
1.718
0.898
0.129
0.023
0.715
0.324
0.893
0.096
0.35
4.059
4.686
3.117
0.118
0.926
0.06
0.084
0.04
2.533
3.631
2.207
0.133
4.016
4.985
0.042
2.107
1.477
12.369
0.234
0.24
0.053
2.054
1.883
0.145
0.043
0.158
0.13
0.016
2.931
1.008
5.044
1.326
0.205
1.45
0.114
1.737
2.358
1.911
0.056
1.378
6.86
0.087
3.005
0.047
0.083
0.568
0.374
1.156
0.077
1.082
3.262
0.045
0.625
0.056
3.235
3.849
5.141
1.742
1.489
0.079
0.035
0.913
0.44
1.811
3.573
7.925
3.478
0.36
0.336
0.108
2.947
4.271
0.626
0.214
1.547
4.079
0.05
0.498
0.157
3.665
0.063
1.091
0.029
0.328
0.102
0.018
0.028
0.26
0.232
0.246
3.435
2.416
0.202
4.527
5.7
0.155
0.032
4.53
3.287
2.572
2.701
2.2
4.466
0.867
0.239
0.084
0.145
0.124
1.428
0.05
0.134
5.545
0.104
0.124
1.579
0.038
2.261
10.306
3.432
0.055
1.7
0.035
0.325
2.326
2.149
0.413
0.148
0.152
0.024
0.034
0.913
0.175
4.443
1.905
0.282
0.046
1.276
2.699
0.375
0.055
0.228
0.052
1.01
3.009
0.127
0.448
2.157
0.022
0.12
0.056
0.048
11.916
0.155
0.037
0.525
0.03
1.314
1.027
2.151
0.049
0.077
0.618
4.59
0.947
0.445
0.029
2.514
5.365
3.538
0.122
0.173
0.07
0.076
0.017
2.34
1.823
2.545
2.395
4.467
0.773
0.032
7.383
0.638
0.155
1.839
0.135
2.407
0.189
1.679
0.255
0.044
7.099
1.924
4.525
0.061
0.09
0.375
0.08
0.04
1.065
2.302
0.112
3.882
2.153
0.211
0.89
2.049
1.009
2.869
0.173
0.069
2.334
1.103
0.26
3.627
0.14
4.259
0.191
0.141
3.668
0.079
0.118
0.038
3.216
0.472
0.773
0.062
4.254
0.042
3.388
2.183
2.569
0.045
2.016
2.531
0.102
0.172
3.604
0.037
0.041
1.941
0.373
0.048
0.764
3.831
5.121
2.681
0.142
2.497
1.554
0.215
0.033
2.163
2.671
4.505
0.024
0.081
3.093
1.137
1.343
0.588
1.082
1.567
2.011
2.137
1.634
0.024
0.16
0.235
0.381
0.217
2.846
0.037
0.723
0.035
2.439
1.793
1.151
0.262
2.96
0.251
0.028
2.474
0.24
0.14
0.278
0.372
0.052
0.048
0.058
3.509
2.078
0.462
1.225
2.226
0.251
0.082
0.185
1.702
3.296
0.506
2.061
0.164
0.788
1.447
0.215
0.188
0.028
0.703
5.452
2.693
0.019
0.138
2.71
0.039
0.926
0.165
0.077
5.574
2.309
0.041
0.046
0.354
2.786
2.102
0.945
4.621
0.141
0.031
2.128
4.634
11.253
0.029
0.095
1.455
0.055
0.171
1.597
0.105
0.09
0.185
0.101
0.099
2.852
6.945
3.191
0.078
2.482
0.295
1.277
4.89
2.034
0.288
1.913
0.237
2.98
0.086
0.251
1.97
1.95
3.611
0.199
3.337
0.042
0.385
0.176
0.13
2.629
3.067
3.445
0.051
1.323
0.08
0.164
0.023
5.097
4.727
0.24
0.091
0.756
2.779
0.137
2.11
0.079
2.733
1.609
0.144
0.041
7.424
0.022
1.697
0.554
3.052
0.158
3.189
0.027
8.564
0.099
1.108
2.272
0.052
0.142
0.192
3.757
0.414
0.328
1.563
1.58
2.88
0.024
0.026
0.112
0.613
0.041
0.243
4.011
3.016
1.963
4.424
1.756
0.058
0.302
1.825
2.687
0.026
0.185
3.476
0.038
0.345
0.26
0.029
0.236
0.266
0.157
0.024
0.258
2.182
1.379
4.325
0.436
1.533
0.121
3.287
3.675
4.94
1.273
0.216
0.673
1.508
1.6
0.079
0.15
1.952
1.751
0.058
2.275
3.537
0.24
0.051
0.05
1.922
5.439
0.046
5.633
0.276
0.071
0.189
2.2
0.577
0.278
0.135
0.052
0.028
0.046
0.063
0.985
0.247
0.275
1.819
0.042
2.32
1.693
1.973
0.042
0.15
0.062
1.747
0.053
0.232
1.668
4.42
2.002
0.284
0.026
2.364
2.812
0.497
1.446
0.118
0.496
1.028
2.649
0.996
3.101
3.552
4.065
1.262
0.245
0.142
0.037
2.441
0.059
1.025
0.329
5.984
1.385
0.086
0.161
1.742
0.012
1.633
0.123
1.761
0.339
0.062
0.022
2.0
1.864
5.66
0.081
0.061
6.68
5.273
0.06
1.484
5.993
0.064
0.205
0.131
5.831
1.108
1.684
0.049
0.189
0.215
0.379
0.959
0.673
2.74
0.113
3.601
2.144
0.292
0.306
0.253
4.081
0.062
0.059
0.052
4.382
0.092
0.418
1.681
0.133
0.183
0.081
1.647
0.099
10.204
0.155
5.876
3.041
0.159
5.174
1.936
0.142
0.107
0.123
0.397
5.283
3.896
1.829
0.061
3.931
2.441
5.183
0.891
2.597
0.087
0.102
4.356
4.053
2.359
1.624
0.021
3.075
2.318
0.126
0.712
1.018
2.158
0.221
0.13
0.53
0.397
1.936
1.645
8.607
0.094
0.015
0.124
1.545
0.168
0.054
0.391
0.307
3.75
0.65
4.935
0.092
3.757
1.432
3.412
0.044
1.433
0.96
0.064
0.015
1.53
0.06
0.031
0.013
0.311
4.041
1.858
0.061
3.998
5.335
3.144
0.118
0.169
0.275
3.517
0.133
1.246
0.025
0.367
2.525
0.235
0.109
1.767
0.081
0.036
0.191
0.488
0.023
3.148
0.31
1.836
2.565
0.034
0.142
5.242
0.058
0.161
2.322
0.615
0.106
3.089
0.151
3.214
4.364
1.403
8.085
0.843
1.876
2.037
0.151
0.102
0.058
0.464
9.024
0.331
1.002
1.277
3.791
0.226
4.351
1.757
4.861
0.479
0.058
0.308
3.305
1.658
0.113
0.072
0.045
2.597
0.084
0.063
2.464
2.484
2.972
1.417
0.061
2.386
0.171
0.061
0.23
0.65
1.475
0.135
0.447
1.299
2.825
1.908
2.824
1.026
0.593
0.925
0.102
3.865
2.057
0.114
0.055
0.068
2.558
0.148
2.57
10.289
6.422
2.447
0.171
1.575
0.71
0.118
1.69
0.111
0.04
0.384
0.438
1.209
0.12
1.315
1.662
2.846
3.528
0.341
6.59
0.27
0.086
0.085
1.658
0.097
0.295
3.702
1.211
2.155
1.693
1.293
0.113
0.068
0.555
0.154
0.285
1.506
1.958
0.214
1.289
0.183
0.127
0.044
0.158
0.623
0.132
1.005
0.185
1.909
0.063
1.777
0.118
2.985
0.106
0.377
2.324
0.167
2.156
4.051
1.801
1.605
3.246
6.439
0.129
7.178
0.03
0.135
3.963
4.591
1.795
0.204
0.041
3.512
0.341
0.122
1.654
3.685
2.491
2.675
3.956
2.167
3.268
0.113
0.185
0.122
0.277
2.294
0.054
2.356
1.022
0.406
0.032
1.506
0.065
1.19
1.613
1.973
0.229
0.072
0.034
0.793
3.706
0.114
1.963
8.237
0.306
0.419
0.135
0.225
4.677
2.499
0.297
1.249
2.044
4.104
0.073
2.561
0.021
0.333
6.02
0.411
1.372
2.689
0.144
4.529
0.106
0.251
1.143
0.135
2.467
0.066
1.428
1.813
1.519
1.406
0.297
1.936
0.329
0.085
0.049
0.018
2.298
0.185
0.024
2.036
2.29
0.773
1.598
2.317
2.55
1.729
0.987
2.748
0.11
1.347
0.141
0.114
0.552
0.171
1.223
0.138
0.086
2.816
5.944
0.13
2.37
0.696
1.255
0.266
1.362
0.045
0.09
0.048
1.764
0.084
0.251
5.775
0.556
0.411
0.048
3.244
0.04
1.523
0.048
0.088
3.03
0.208
6.001
2.533
2.007
0.093
5.402
0.059
5.853
0.021
0.091
0.191
0.037
0.141
1.927
0.376
4.159
1.281
0.496
0.047
0.062
0.107
0.101
1.424
0.057
0.305
0.062
2.851
0.336
1.506
0.089
2.797
3.419
1.099
0.18
0.185
2.387
0.098
0.347
3.188
0.5
0.074
0.19
1.817
0.355
0.058
0.257
3.357
0.033
7.415
0.161
1.776
5.388
4.244
0.63
1.759
6.636
1.917
1.333
0.582
4.087
0.063
2.639
0.226
0.095
2.366
0.047
2.117
0.043
0.416
1.684
0.728
6.413
0.163
0.086
2.474
0.544
0.363
4.081
2.33
0.199
0.041
0.098
4.586
2.357
0.207
0.194
5.17
0.36
0.171
1.068
1.749
0.476
1.012
0.094
1.096
1.426
1.836
0.394
2.552
3.096
1.289
1.641
0.059
1.047
0.259
0.223
1.563
0.099
2.551
0.026
2.386
1.065
0.86
0.241
1.215
0.064
1.897
4.237
0.295
1.931
1.595
0.258
0.098
1.892
0.064
4.553
0.194
0.029
1.635
0.061
5.038
0.365
0.209
0.061
1.468
0.102
3.362
0.331
0.115
0.217
0.173
0.075
0.216
2.173
2.285
0.139
1.491
0.066
0.034
0.017
0.073
0.377
0.173
1.683
2.277
0.366
0.124
5.609
0.051
0.218
2.152
0.673
1.928
0.462
1.651
4.741
0.029
0.233
3.44
0.134
1.566
3.079
0.093
1.483
2.554
1.97
0.193
0.326
1.625
0.083
0.018
0.237
8.324
2.245
1.272
5.632
0.05
0.077
1.077
4.28
0.219
0.076
1.486
0.05
0.315
1.329
0.115
0.081
5.608
2.278
0.032
0.477
0.126
0.244
1.701
0.072
0.186
0.033
1.068
2.805
0.422
0.058
0.059
8.67
0.818
3.113
0.942
1.402
3.292
0.196
1.628
0.082
0.105
0.088
0.115
0.042
0.651
4.376
0.069
0.051
0.072
1.277
0.506
1.936
0.052
0.091
0.597
0.045
0.459
0.409
0.49
2.986
0.057
0.049
1.841
4.876
4.426
5.876
0.177
0.108
2.883
0.079
1.736
1.124
3.327
0.416
2.002
6.802
0.081
0.129
0.028
4.106
0.344
0.046
1.831
2.271
5.194
0.058
0.451
0.412
0.252
0.119
0.298
0.254
0.028
0.026
0.337
3.775
0.038
0.065
0.036
0.071
0.257
0.223
0.356
0.082
0.046
0.113
1.384
0.195
0.107
0.118
2.1
0.805
2.907
1.29
0.488
2.615
6.4
1.925
1.275
2.919
2.521
0.165
5.801
0.022
1.965
0.17
1.336
0.132
0.071
0.219
5.119
2.515
3.745
1.95
0.243
0.077
0.808
0.738
1.85
2.704
0.153
1.313
0.389
0.063
2.356
0.063
0.189
1.494
2.842
0.072
0.348
0.51
0.224
2.569
0.088
0.815
0.044
3.604
3.176
0.475
0.144
0.058
1.497
2.766
0.022
0.242
2.685
0.045
1.881
0.127
0.294
0.187
0.344
0.06
0.688
1.738
4.041
0.076
0.056
0.302
1.825
0.97
3.539
1.893
3.882
0.516
0.281
1.598
2.305
1.968
1.158
0.03
0.116
0.14
6.116
0.395
1.504
4.008
0.399
2.213
5.588
0.033
3.539
0.355
0.092
0.033
0.29
2.046
3.197
1.226
0.712
1.634
3.001
0.107
0.177
2.032
0.118
2.088
0.672
0.043
1.266
0.038
5.487
6.785
3.715
2.763
0.167
3.034
1.956
1.795
7.795
0.178
0.376
0.103
3.333
4.151
0.057
0.07
0.058
2.665
1.843
0.356
0.027
0.14
2.2
0.419
5.745
5.751
0.05
0.617
0.278
2.142
3.598
0.208
0.029
0.144
1.409
0.206
0.099
0.526
0.182
0.31
1.099
2.047
3.576
5.121
1.099
0.156
1.921
0.052
0.038
0.217
5.601
2.313
0.067
0.248
4.385
0.013
1.138
0.729
9.937
2.663
1.555
0.073
0.099
3.546
1.69
0.056
0.356
1.934
3.315
2.379
0.438
0.093
0.04
8.422
0.146
4.742
4.991
2.376
0.112
0.096
1.932
4.272
0.232
2.6
2.52
0.091
0.56
0.155
0.075
0.238
0.891
2.322
0.032
1.843
0.035
0.02
1.122
0.158
0.221
0.43
0.101
2.724
2.264
0.33
0.107
1.176
0.183
0.027
3.791
0.169
0.089
0.055
1.75
0.133
6.4
0.307
2.618
0.06
1.582
0.039
1.421
0.045
0.209
2.444
1.819
6.608
3.218
0.411
10.501
0.043
0.031
0.138
0.508
0.215
0.201
0.415
0.033
0.039
2.981
0.152
2.092
1.81
0.743
0.133
0.079
2.478
0.397
3.82
3.258
2.804
0.059
0.061
0.055
0.159
0.377
3.627
1.818
0.224
0.181
0.177
0.828
0.062
7.478
3.222
0.191
0.037
0.044
0.691
0.111
0.049
0.047
3.139
2.146
2.6
0.193
0.114
0.62
0.101
3.293
0.098
0.282
0.03
2.456
0.199
0.084
4.493
4.345
6.091
1.909
2.095
0.25
0.164
0.065
1.84
3.267
0.267
0.691
0.076
7.197
0.11
1.074
1.439
0.054
0.089
0.227
1.064
3.455
0.066
0.083
0.139
2.024
1.781
3.161
0.813
0.053
0.218
0.069
0.099
0.026
1.524
0.194
3.111
0.066
0.044
0.145
2.031
4.496
1.141
1.747
0.26
0.151
0.074
0.256
0.074
1.462
1.293
1.944
0.314
0.137
4.031
0.221
4.816
0.065
9.35
0.658
1.876
0.145
0.389
0.318
0.109
4.325
1.81
0.058
0.154
0.369
3.837
3.576
5.525
2.602
1.902
0.067
0.68
0.355
1.559
2.942
2.248
0.048
0.093
3.469
0.848
0.09
1.978
2.748
0.2
0.501
0.233
0.124
0.236
0.059
1.797
0.176
0.297
0.101
0.183
0.193
2.87
0.041
0.069
4.889
4.703
0.019
1.722
4.341
0.237
0.164
0.458
2.294
0.031
3.51
0.149
1.302
0.808
1.37
0.064
2.314
0.609
1.402
3.334
2.559
1.716
0.221
0.18
0.111
0.031
0.06
0.094
1.926
0.084
0.764
0.177
1.255
1.453
0.028
4.688
0.167
2.03
0.407
1.57
0.115
0.121
0.086
2.134
0.084
0.058
1.282
0.432
0.07
0.138
1.566
1.403
0.304
5.756
0.122
0.117
2.423
0.05
4.906
1.73
3.776
2.614
0.139
0.17
0.157
0.135
0.403
1.987
0.207
1.853
0.227
0.03
0.192
3.448
0.071
1.604
0.137
1.805
0.042
0.075
0.575
1.845
4.046
0.055
1.758
2.044
0.277
1.616
4.424
0.349
0.146
2.628
1.613
0.095
0.472
0.046
0.101
0.099
0.03
2.828
1.053
2.344
2.119
1.856
0.093
0.2
1.279
6.21
6.331
0.258
2.648
0.182
0.95
0.139
1.171
0.039
0.087
3.058
0.027
3.234
1.094
4.509
0.217
0.306
0.026
5.055
3.323
0.2
0.344
0.585
0.547
3.845
0.112
0.933
1.826
2.303
0.844
6.32
1.708
0.056
2.438
0.242
1.496
1.238
5.759
0.095
3.381
0.604
1.966
0.047
5.411
2.527
1.402
0.236
0.216
0.057
0.411
0.079
2.819
0.702
0.027
5.431
0.093
0.406
2.936
3.397
5.622
2.085
0.506
2.903
0.091
2.5
6.697
0.074
1.353
2.795
0.881
0.271
0.697
3.14
0.929
0.165
0.197
6.378
0.303
1.039
4.013
0.183
3.504
0.033
1.367
1.525
2.199
1.923
2.477
6.395
5.396
0.083
0.622
2.238
3.349
0.215
1.903
0.166
1.452
3.726
2.034
1.549
1.864
1.313
3.217
2.446
1.086
0.093
2.837
1.441
0.336
5.112
0.055
2.258
2.723
2.317
1.387
1.53
0.394
0.085
1.23
6.793
1.431
0.886
1.509
5.346
0.37
0.334
1.929
2.624
0.261
0.051
3.238
1.291
0.66
0.224
0.033
0.072
0.028
2.087
2.929
0.174
4.274
2.137
5.545
3.288
0.379
0.603
0.085
0.149
0.449
1.363
0.435
6.431
8.688
3.15
0.058
3.193
0.033
0.149
1.855
1.49
0.259
0.082
0.683
3.743
0.218
0.043
0.044
3.002
2.185
0.691
0.064
0.031
0.903
2.27
2.819
2.531
3.533
0.068
1.41
2.825
0.832
0.144
0.068
0.158
3.882
4.978
0.628
1.121
1.427
1.917
2.22
0.075
2.126
1.01
2.445
3.241
0.311
0.339
0.071
0.219
0.08
2.754
0.013
3.033
0.027
0.267
2.71
1.481
0.585
0.032
0.132
12.634
1.843
2.358
0.104
3.442
0.12
0.022
0.219
0.055
0.023
0.452
0.188
3.864
1.013
0.139
4.459
3.785
0.136
11.489
0.275
3.082
0.33
0.279
0.06
0.664
0.166
0.779
7.015
0.03
1.801
0.2
0.207
8.036
1.931
0.141
1.96
0.998
0.04
0.236
0.061
0.058
0.075
0.533
0.088
0.062
0.106
1.624
3.969
0.259
0.037
1.881
0.481
0.332
1.405
0.082
0.707
0.143
0.035
0.07
0.683
0.148
0.132
0.15
0.259
0.652
0.222
4.441
0.212
0.477
7.382
4.473
0.049
1.559
0.528
1.852
0.075
1.727
3.776
0.132
0.304
0.164
0.647
1.98
1.726
0.126
1.479
2.308
0.309
0.151
0.586
1.741
0.26
0.065
1.246
1.21
0.062
0.147
1.586
0.206
0.756
0.15
0.395
6.007
0.044
7.636
3.047
0.207
0.069
5.276
1.72
0.717
0.076
1.913
4.393
0.19
1.759
4.567
0.708
2.084
2.309
3.482
0.094
1.612
1.98
3.765
0.173
0.202
1.768
3.815
0.145
0.289
0.39
2.579
1.37
4.076
0.848
3.346
0.026
0.047
0.037
3.623
1.551
0.108
0.253
1.171
0.139
0.058
3.553
0.031
0.969
2.013
1.912
0.078
2.558
0.723
1.191
0.197
0.113
1.945
0.775
0.147
0.132
2.471
0.201
3.142
0.027
2.56
0.049
0.678
0.03
1.278
0.528
0.452
0.326
1.933
2.99
4.237
0.779
0.251
0.343
3.418
2.556
0.564
3.471
0.271
0.168
0.06
0.113
1.316
0.578
0.048
2.54
4.104
0.051
0.782
0.076
0.186
1.155
1.763
0.268
0.38
8.169
2.533
0.754
0.153
0.068
0.383
3.706
2.544
3.229
0.086
0.101
2.566
1.6
0.1
1.441
2.021
0.047
0.843
0.049
4.767
0.09
0.232
0.081
0.113
7.023
0.412
5.17
1.101
1.163
2.258
4.015
0.057
13.384
0.047
1.739
2.123
0.256
1.316
0.081
1.404
1.217
3.844
1.84
2.405
6.61
0.24
0.201
1.37
0.152
4.704
5.239
3.87
2.494
4.098
1.592
3.151
0.097
0.061
0.115
5.318
1.76
3.4
0.106
11.151
0.239
1.141
2.563
1.832
1.169
1.157
2.302
1.438
0.114
0.086
0.279
0.83
5.168
0.339
2.318
4.582
5.134
3.039
3.634
0.392
2.938
0.04
0.627
0.402
5.262
0.585
0.072
0.184
1.876
0.089
1.229
0.145
6.766
1.249
3.953
0.276
0.159
0.081
2.411
4.782
5.004
1.441
7.901
1.988
0.504
0.096
0.035
1.169
1.059
1.847
3.531
0.027
0.077
0.077
1.79
1.498
1.983
1.214
0.044
2.707
0.088
0.379
1.56
0.129
2.858
0.032
0.199
0.449
1.777
1.891
0.333
1.099
0.03
0.222
0.063
0.287
0.049
6.409
0.612
0.744
0.122
0.994
0.467
0.875
2.046
0.069
1.568
0.113
0.171
1.303
0.419
1.529
0.221
0.315
0.462
1.56
1.855
2.574
2.82
0.035
2.324
1.428
0.816
1.47
0.032
0.249
0.085
0.165
6.379
2.382
1.88
0.257
0.08
0.256
0.143
2.762
4.116
0.096
4.207
0.031
0.293
0.229
2.928
1.046
1.303
0.258
0.731
1.177
2.422
0.555
1.976
0.026
1.475
1.81
0.093
0.071
0.046
3.592
2.954
4.9
0.176
0.4
6.277
0.292
0.514
0.066
0.066
1.773
0.014
0.856
0.062
0.528
0.109
0.522
0.059
0.347
0.138
5.714
0.076
2.959
2.67
4.381
0.12
1.93
2.835
0.057
1.565
0.051
0.341
1.549
1.725
0.586
0.078
3.669
0.141
2.859
0.114
0.105
1.085
0.237
3.372
1.31
4.211
0.162
6.003
0.026
0.252
0.457
0.408
0.202
0.357
0.131
5.262
2.545
0.145
2.289
0.337
0.894
0.143
0.451
0.034
0.112
4.236
0.361
0.312
0.539
2.855
0.076
1.359
0.098
3.749
2.038
0.313
3.415
0.187
0.157
3.419
0.375
0.098
0.917
1.244
4.55
1.131
0.711
0.219
1.519
0.301
2.846
0.673
3.54
3.764
7.337
1.395
2.071
0.027
0.078
1.521
4.075
2.986
1.213
0.068
0.062
5.064
0.166
0.606
2.005
0.831
0.569
2.358
2.628
3.434
3.359
0.104
1.264
1.423
0.796
0.157
2.481
2.697
1.341
2.006
0.08
0.023
3.01
1.561
0.129
0.864
1.596
0.669
0.02
0.809
0.051
0.096
2.548
1.627
1.671
0.22
2.726
2.756
1.25
2.05
0.846
0.028
5.23
1.511
0.075
0.033
1.946
0.648
0.046
0.09
1.634
2.263
2.189
1.871
0.149
0.12
1.684
0.014
1.687
1.433
2.831
2.153
0.567
0.039
0.441
1.663
6.322
0.379
1.883
0.074
2.245
1.952
1.33
1.488
3.507
2.281
0.103
2.556
0.675
0.35
0.585
2.189
3.132
3.297
0.05
0.138
0.336
5.277
4.285
2.814
0.162
1.832
0.148
2.136
1.542
2.392
0.151
0.4
3.591
1.787
0.157
2.296
3.493
2.398
1.115
4.1
2.556
1.87
0.189
1.122
0.041
0.326
0.312
0.092
0.472
3.017
1.813
0.062
1.513
4.351
0.537
0.203
0.067
0.303
0.457
2.697
4.785
1.967
0.242
4.046
1.406
0.348
3.057
0.784
1.243
4.597
0.296
2.196
1.937
5.723
0.984
0.122
4.995
0.689
2.866
0.198
6.689
2.053
0.025
3.991
3.541
0.115
0.432
0.468
0.202
0.086
0.045
1.665
0.095
0.278
1.608
1.482
0.056
0.25
0.713
0.16
0.077
0.07
0.027
9.18
1.822
0.043
2.708
0.066
0.072
1.579
0.246
0.018
2.547
0.495
3.978
2.169
2.27
0.136
7.436
6.205
4.395
1.317
2.372
0.21
4.092
2.618
1.597
2.076
1.422
5.252
1.485
1.05
0.197
2.442
1.67
2.288
1.598
0.099
1.708
0.146
3.565
0.285
4.746
3.609
1.462
0.098
2.441
0.803
0.227
1.71
0.015
0.333
0.541
0.327
0.166
0.036
0.025
0.111
1.576
0.06
0.085
1.076
0.414
2.942
0.22
2.99
1.951
0.212
0.298
6.687
0.132
1.382
2.816
1.27
0.411
2.734
0.039
1.638
0.093
3.113
4.793
0.07
3.525
2.216
4.742
1.091
0.505
0.08
1.696
0.14
0.229
0.017
0.278
4.457
0.032
1.486
0.142
1.89
0.147
0.052
0.061
2.529
2.982
1.137
1.714
0.035
0.75
2.603
0.183
0.146
2.556
1.9
0.698
2.597
0.086
1.553
0.05
2.603
3.38
3.28
1.316
2.68
0.068
1.824
0.062
2.147
0.461
0.032
1.934
2.426
0.016
5.28
0.239
0.135
0.057
2.322
0.436
3.409
1.115
2.04
0.111
3.128
1.54
0.103
0.218
3.412
0.171
3.167
0.026
0.063
0.899
2.154
1.832
3.33
2.23
2.369
2.105
0.032
1.084
10.375
0.072
0.091
0.056
0.853
0.148
1.297
0.055
2.296
1.987
0.097
0.033
1.585
0.02
0.063
1.994
4.813
0.035
0.272
0.883
0.016
1.633
2.686
0.511
2.8
0.083
1.672
0.138
1.291
0.301
0.498
0.667
0.171
0.262
0.025
0.409
0.144
0.056
0.133
1.674
3.068
0.069
0.067
1.873
0.109
2.488
4.011
0.713
0.451
0.261
0.187
0.699
0.225
2.867
0.172
0.098
1.41
6.226
4.116
0.078
0.46
2.251
2.783
0.222
0.184
0.1
0.238
0.049
9.073
3.118
3.337
1.851
0.129
0.073
1.817
0.991
2.107
0.32
5.242
0.048
2.845
0.118
0.081
0.04
3.232
2.959
0.097
2.133
2.43
0.058
0.025
0.113
0.044
0.349
3.704
0.032
0.09
2.497
2.316
2.701
0.47
3.902
0.555
0.028
1.684
0.037
1.521
3.327
1.296
4.232
2.428
0.287
3.069
0.037
0.574
0.527
0.129
0.224
0.066
0.081
8.453
1.682
0.029
0.215
0.108
0.181
0.447
0.105
1.615
2.187
0.103
2.906
0.354
3.077
0.04
0.098
3.751
0.262
0.129
0.064
0.151
0.207
2.379
1.758
0.222
1.224
0.048
2.863
0.06
0.039
0.325
0.125
0.504
0.122
0.132
0.225
0.142
0.11
0.114
2.955
0.163
0.449
4.677
0.387
0.032
2.557
0.075
0.058
0.249
0.018
1.821
2.261
1.737
2.053
0.097
1.646
0.055
1.717
0.058
4.138
0.08
0.054
1.45
2.876
0.322
1.48
1.936
0.085
0.719
2.675
0.639
0.614
2.169
1.429
2.006
0.247
0.145
0.283
3.88
0.126
0.029
0.378
3.901
0.054
7.278
1.341
1.78
0.063
0.071
0.136
0.075
1.983
0.031
0.13
2.155
3.745
4.827
0.303
2.019
0.374
3.304
0.447
0.391
0.138
0.05
4.147
4.585
1.688
0.085
0.089
2.869
0.191
0.04
1.864
0.444
0.325
7.754
0.142
4.055
0.127
1.388
1.994
4.954
2.298
0.104
7.327
0.045
0.065
0.653
0.04
1.522
3.948
1.026
0.049
0.042
0.041
0.155
1.995
1.281
2.091
0.577
1.137
0.209
3.216
4.641
0.25
2.485
4.38
0.059
0.167
2.411
1.486
0.113
1.04
0.687
0.125
2.582
8.414
1.332
1.785
0.118
0.077
0.17
0.238
0.898
1.68
1.861
2.588
0.497
2.476
0.49
2.008
0.026
0.111
0.808
2.829
0.501
2.071
2.261
0.12
0.819
2.707
1.09
2.886
1.059
5.623
1.768
1.151
0.16
0.049
1.466
6.284
0.254
0.934
0.091
0.055
1.125
17.407
0.086
2.0
5.832
1.237
1.39
0.049
0.568
0.214
2.484
7.305
0.029
4.783
0.034
0.611
6.181
0.047
5.303
1.068
0.397
0.083
0.288
4.001
2.073
2.955
1.525
0.174
0.853
0.062
0.168
1.348
1.437
0.294
0.091
0.045
2.431
2.494
1.032
2.41
0.485
2.311
2.156
0.101
1.531
0.361
0.228
0.814
0.093
0.246
0.032
1.378
1.864
4.579
0.82
1.825
0.618
1.762
0.351
1.552
2.172
0.071
0.274
0.159
1.792
0.141
0.138
1.427
0.191
3.917
0.571
3.79
2.103
1.05
0.276
2.725
13.947
3.988
1.667
0.359
0.44
0.045
0.022
0.12
0.037
0.094
0.044
0.104
0.085
0.598
3.002
0.38
2.934
0.122
0.636
0.822
0.33
0.082
15.021
1.731
0.053
1.087
0.044
0.033
0.117
0.075
0.017
1.598
0.016
2.474
0.07
0.045
0.312
0.186
0.44
1.848
0.188
0.279
1.855
3.876
6.216
0.021
0.15
0.063
0.067
1.401
6.209
0.902
0.049
3.09
1.694
0.021
0.039
1.091
0.259
1.338
0.04
0.192
0.158
3.687
0.084
4.832
1.425
0.678
1.674
1.197
0.153
4.41
0.075
0.046
1.376
0.095
0.585
1.467
6.108
0.423
0.295
0.08
0.376
0.246
8.191
0.107
2.177
1.96
0.136
0.118
1.719
0.096
0.372
1.244
0.045
1.265
2.844
4.466
0.036
2.933
5.119
3.187
3.117
0.123
1.858
1.763
0.176
1.23
0.077
4.076
1.314
0.081
0.071
1.516
0.125
0.039
0.336
0.105
1.808
0.225
4.173
1.543
0.102
0.388
3.002
5.931
0.034
9.497
1.571
0.966
0.284
2.535
4.601
0.208
2.454
2.646
0.141
1.834
0.71
0.052
0.111
0.069
0.114
0.072
1.72
0.263
0.324
0.035
1.416
0.062
1.087
5.276
1.546
0.266
0.023
0.805
3.217
0.413
0.095
0.26
2.558
3.304
13.545
0.165
2.793
0.194
2.535
2.036
0.642
0.094
0.027
3.528
4.289
0.289
0.394
1.32
2.074
2.896
3.308
0.072
0.234
1.0
0.065
2.349
2.484
2.05
0.845
0.339
1.599
0.05
5.491
4.547
1.977
0.136
2.866
0.111
1.71
2.673
0.081
0.683
1.893
0.152
0.075
0.485
0.182
0.276
1.321
1.492
6.886
0.393
0.055
0.077
0.041
0.996
0.58
0.196
2.853
0.242
0.072
2.506
0.025
1.874
3.38
2.855
0.083
0.132
0.707
0.238
0.787
2.097
8.729
0.067
0.033
0.63
2.342
0.304
0.235
0.169
1.548
0.712
7.256
0.118
2.739
1.678
2.1
0.079
6.883
0.464
4.698
0.119
0.929
7.223
1.24
2.63
0.114
0.027
0.369
0.11
0.034
0.084
2.515
0.112
0.05
0.286
1.574
5.002
0.037
1.478
0.072
0.082
1.869
2.751
2.283
1.529
1.906
1.525
0.019
0.061
0.113
0.675
1.794
0.082
2.681
0.711
1.689
2.735
5.539
4.147
1.872
0.046
2.301
0.748
1.796
0.066
0.062
0.132
1.495
1.376
0.049
0.293
2.161
0.016
1.888
0.223
0.017
1.624
1.956
0.872
0.055
0.231
0.177
0.571
0.13
0.264
0.168
0.963
1.843
1.803
0.068
0.291
0.245
0.165
0.018
2.299
0.967
4.597
4.219
4.536
13.457
0.075
1.229
0.142
4.059
0.222
0.04
1.457
1.299
1.461
1.508
0.308
1.886
0.076
5.828
0.304
0.216
2.265
0.052
0.25
1.204
0.06
3.858
2.044
1.401
0.084
0.235
1.912
2.858
0.7
2.241
5.127
0.083
7.365
2.398
0.153
1.515
0.122
2.753
0.549
2.912
0.097
6.473
0.028
0.242
0.175
1.81
3.808
0.1
0.087
0.116
0.098
0.371
2.967
4.219
4.0
0.061
1.529
0.166
0.059
1.964
0.169
1.592
3.292
3.29
0.812
0.022
0.233
0.219
1.369
6.304
3.059
5.602
3.08
0.013
0.057
0.03
2.882
0.097
0.084
0.152
0.628
0.261
0.045
2.489
0.241
0.166
0.157
0.806
2.2
5.099
0.076
0.238
0.433
0.177
0.036
0.748
3.681
0.283
0.118
3.04
0.283
2.26
3.536
0.725
0.125
0.101
1.683
1.399
3.849
0.144
1.863
0.219
1.962
0.177
0.452
2.222
1.38
1.485
1.908
3.241
1.881
0.088
3.808
3.242
0.493
2.189
0.19
1.21
2.867
0.218
1.866
1.469
3.203
0.33
0.06
0.449
1.107
3.391
0.198
2.908
0.139
2.895
3.894
0.628
0.07
1.139
0.18
3.452
5.439
1.449
0.266
2.822
0.099
2.026
0.1
4.235
0.301
4.161
1.45
4.857
2.611
5.651
0.187
1.186
0.049
1.542
0.032
0.616
0.41
2.771
0.293
1.974
0.035
0.766
0.325
0.042
0.141
0.508
1.852
1.587
1.569
0.062
1.183
1.551
0.232
0.145
0.048
0.042
0.112
2.074
0.144
1.41
0.087
0.035
0.202
0.057
0.042
0.336
0.023
2.079
0.07
1.747
0.058
6.726
0.385
0.564
0.162
0.086
0.023
0.124
0.026
0.845
0.202
4.388
0.176
0.222
1.027
3.39
0.071
0.037
0.119
0.499
2.033
0.194
0.076
1.234
0.34
1.166
0.284
3.426
3.534
0.827
0.098
2.056
0.14
3.521
0.015
3.271
2.583
0.323
1.858
0.041
1.966
0.24
0.324
0.733
0.04
4.814
0.15
4.187
0.114
3.612
0.14
0.761
3.009
1.73
0.119
1.229
0.168
2.598
0.162
3.455
0.229
0.307
2.438
1.719
2.36
0.249
2.612
1.988
0.255
6.007
1.556
0.019
1.519
0.238
0.319
2.115
0.015
2.834
0.191
0.027
0.02
2.151
3.254
0.052
0.179
1.661
0.089
1.175
3.574
0.489
0.271
0.218
1.414
0.038
0.112
0.088
0.648
1.925
0.179
5.177
0.492
3.991
1.545
2.674
2.243
2.009
1.733
0.832
0.156
1.374
0.172
0.574
0.172
0.075
3.56
0.275
0.213
1.44
0.317
0.086
0.045
1.696
3.615
3.26
3.877
0.23
0.044
0.326
2.122
1.168
0.509
4.696
4.423
2.279
0.135
0.878
0.308
0.115
2.031
2.956
3.613
1.686
2.821
2.282
0.308
0.297
0.023
0.016
0.028
0.91
0.115
0.19
3.563
0.326
1.301
1.312
0.165
1.515
0.048
8.943
3.989
0.371
2.064
0.269
0.033
2.03
0.407
0.086
4.81
4.798
0.907
6.017
1.722
0.442
6.952
1.544
0.109
0.052
1.936
0.032
0.868
1.579
0.836
2.411
2.021
8.098
3.925
0.187
1.902
3.014
0.433
5.593
0.924
1.148
0.121
1.985
5.966
0.06
0.064
3.178
3.203
0.182
2.471
0.102
0.26
0.636
6.701
0.034
3.214
0.2
0.099
0.061
0.138
1.258
0.293
0.027
1.739
0.089
1.588
1.772
2.195
2.241
0.197
0.065
0.314
0.039
0.085
2.611
1.867
4.847
2.495
2.349
0.086
2.684
0.231
1.607
0.561
0.047
0.077
3.655
0.254
0.036
0.087
3.979
0.752
2.905
0.168
11.817
1.666
1.097
2.178
5.553
0.101
1.519
2.154
2.048
3.733
6.098
0.046
1.37
1.309
1.229
0.116
4.327
0.356
4.227
0.382
0.492
3.902
0.411
0.063
2.208
3.836
0.43
0.02
0.157
2.649
0.796
3.252
0.23
0.335
3.941
0.914
0.081
0.061
0.04
0.039
0.126
0.079
2.292
0.12
0.229
1.134
0.36
0.119
0.372
1.67
0.072
6.913
2.247
1.371
0.047
0.22
3.563
0.788
0.12
5.879
0.14
2.923
6.884
3.528
3.702
2.503
0.57
12.188
0.025
3.683
0.852
3.886
0.566
0.205
0.201
0.064
4.519
4.876
6.605
3.355
0.266
1.442
3.634
0.291
0.044
0.05
0.276
0.592
0.057
0.122
0.326
0.055
0.513
0.061
0.042
0.451
0.227
0.278
0.413
0.051
1.343
0.157
0.107
0.472
2.066
0.45
0.069
0.11
1.298
0.751
5.168
6.057
0.056
1.225
3.827
2.572
7.662
0.259
0.265
1.822
2.223
0.032
0.068
1.213
1.942
0.047
2.212
0.267
0.13
2.778
0.082
1.792
4.121
1.061
1.68
0.142
0.218
0.697
0.12
2.139
0.163
0.084
0.011
0.368
0.207
1.223
0.042
0.035
5.251
2.615
0.354
0.49
2.424
0.042
0.217
0.024
2.056
0.024
0.277
0.075
1.46
1.1
0.125
2.376
0.219
1.292
1.416
4.634
0.039
0.396
0.33
0.055
0.151
0.032
3.227
2.392
0.055
4.359
0.106
2.271
0.094
1.74
0.035
0.521
7.44
0.583
2.171
1.409
0.396
0.072
3.655
0.055
0.885
0.03
0.087
7.997
2.43
3.338
0.903
3.057
3.853
0.417
0.063
0.224
6.517
1.546
0.72
2.8
0.17
5.824
1.923
0.103
0.12
0.061
0.396
0.336
0.124
0.103
0.074
1.568
0.174
2.441
0.528
0.301
3.11
0.27
3.771
3.338
0.938
0.078
0.249
0.028
0.3
1.119
4.431
8.571
0.026
3.066
0.677
0.435
0.241
0.188
0.075
0.132
0.081
0.099
3.343
0.097
1.195
0.314
0.043
0.04
0.116
1.894
0.042
0.076
7.096
0.476
0.804
0.039
2.063
0.011
2.29
1.897
0.032
1.024
1.223
0.044
0.026
0.076
3.933
0.032
1.647
1.465
1.517
0.319
3.696
0.545
1.584
1.655
0.066
0.757
2.755
0.798
3.855
3.274
0.267
7.088
6.4
0.231
1.63
0.301
7.499
0.074
0.277
4.915
0.036
5.744
0.077
0.07
0.398
1.921
0.344
0.032
0.072
2.587
0.255
0.316
0.092
2.171
1.441
2.88
0.062
0.065
1.378
1.407
3.389
0.497
0.38
1.328
0.125
2.504
2.938
0.099
0.958
6.814
0.233
0.353
0.432
0.164
0.56
1.668
0.113
2.552
0.397
3.75
0.461
6.777
1.608
0.153
0.54
1.181
0.043
0.06
0.215
6.296
5.315
0.096
2.545
2.168
4.222
6.276
0.313
1.958
0.392
0.969
0.083
0.198
0.072
0.057
0.358
2.833
2.725
0.044
2.116
0.635
0.608
0.935
9.397
0.143
0.421
0.018
1.748
4.774
5.165
0.273
1.002
0.128
2.85
0.148
0.09
0.099
0.742
1.539
0.222
8.134
0.298
3.237
0.079
0.11
0.668
2.231
0.861
0.539
4.777
0.362
0.096
0.399
4.785
5.73
0.083
2.623
0.538
0.074
0.058
1.425
0.084
1.37
1.198
6.899
2.098
0.974
0.173
3.297
0.021
0.073
0.829
5.19
0.139
0.077
0.525
0.953
0.108
0.259
2.517
0.082
0.122
0.174
0.653
4.091
0.367
0.031
0.559
0.036
0.087
0.758
0.035
2.162
4.557
0.033
0.14
0.136
0.052
10.154
2.157
1.791
0.78
0.415
2.136
1.346
0.035
8.235
0.058
0.111
1.537
0.077
0.617
2.153
0.579
1.867
4.712
6.866
0.272
0.093
0.115
0.076
0.74
0.421
0.15
0.156
0.329
0.026
0.171
1.407
2.303
3.333
5.801
1.052
2.804
1.457
0.048
0.107
1.826
1.367
0.371
0.209
2.042
0.282
0.021
3.215
0.086
0.087
2.605
0.056
0.083
0.082
5.395
0.096
0.384
2.436
0.988
0.084
1.795
0.061
4.333
2.012
0.416
1.644
0.043
0.31
0.129
0.177
1.17
0.026
0.057
0.13
2.444
4.37
0.063
0.055
0.175
0.307
3.162
1.931
3.157
5.893
0.627
0.125
2.409
2.247
0.051
0.125
0.058
0.416
0.192
2.223
0.008
0.099
0.193
0.026
0.212
1.094
1.447
1.178
2.796
1.198
2.974
1.839
2.051
2.056
0.152
0.253
0.22
0.041
0.088
0.317
3.934
0.136
1.699
0.125
1.217
0.175
0.315
1.785
0.142
8.475
0.208
0.816
0.195
0.044
0.15
0.138
0.385
1.178
0.06
2.049
2.066
0.058
0.046
0.375
1.466
0.954
0.163
1.995
0.091
6.189
0.945
2.077
1.354
0.091
0.125
1.634
0.47
1.928
1.987
0.622
0.336
0.543
0.138
0.038
7.1
0.119
0.044
2.346
0.889
0.25
1.942
1.116
3.464
1.679
2.929
2.33
0.166
0.05
0.124
2.639
0.039
1.569
0.247
0.283
0.219
1.404
1.45
0.084
2.238
3.316
0.543
2.502
0.223
0.043
0.172
8.394
0.569
0.135
1.328
0.052
0.021
1.033
0.953
0.108
2.42
0.018
0.413
0.478
2.027
0.141
3.883
0.395
3.652
0.201
0.105
0.152
2.637
1.375
1.806
0.113
3.841
0.071
0.158
0.678
0.188
0.318
0.302
0.52
3.629
3.025
0.955
1.946
0.358
4.025
0.01
1.898
0.419
0.345
1.608
0.212
1.148
2.158
0.223
2.69
0.047
0.792
0.051
1.304
0.146
0.402
4.119
0.147
0.238
2.717
4.575
1.542
0.013
2.047
2.486
0.043
0.13
1.365
0.09
0.184
0.256
0.771
2.997
0.269
0.054
5.539
0.019
0.291
1.03
0.09
0.062
1.973
0.138
1.136
3.017
0.23
0.321
0.104
0.029
2.176
0.021
0.107
0.319
0.024
1.894
0.18
1.628
2.048
0.218
2.199
0.055
0.344
2.17
0.14
0.052
0.03
0.068
0.041
0.029
3.635
0.811
0.099
5.209
0.126
0.035
0.524
0.194
0.535
0.22
3.623
0.207
5.791
0.047
0.033
2.283
0.176
0.605
0.288
0.135
0.698
0.18
1.989
0.962
0.114
4.164
0.633
4.509
0.183
0.128
3.125
0.033
7.593
3.761
1.49
0.274
0.274
1.12
6.073
2.483
0.062
5.296
0.093
1.212
1.754
1.13
2.019
1.566
0.68
0.072
0.717
0.294
1.18
1.014
3.844
0.316
2.078
4.318
4.316
0.281
0.053
1.234
0.193
0.225
5.907
0.288
0.24
2.115
0.288
0.063
1.072
4.234
1.057
0.311
0.371
4.586
2.984
0.164
0.137
2.518
0.451
0.13
0.064
0.015
0.391
4.735
2.85
0.648
1.941
0.047
0.097
1.627
2.309
0.031
1.265
3.483
0.929
1.782
2.551
1.37
1.446
0.426
1.888
0.321
4.233
0.185
0.145
0.155
7.197
2.174
6.479
0.636
2.25
1.379
3.272
10.31
1.998
1.562
2.635
0.074
2.231
0.484
0.085
2.22
7.722
2.837
0.131
0.153
1.056
0.108
0.209
0.381
0.098
0.112
1.427
0.381
0.074
0.108
2.025
0.521
3.195
0.038
0.162
0.054
0.09
0.149
0.274
1.682
0.444
0.346
1.783
0.356
0.03
2.156
2.494
3.841
0.094
2.49
1.518
0.562
2.011
0.339
1.893
0.027
0.244
3.611
5.736
1.253
1.731
0.25
0.07
1.669
0.228
0.719
0.467
1.638
3.006
0.27
3.754
0.02
0.235
0.083
4.791
0.048
1.623
0.493
1.282
2.628
6.046
0.078
0.584
0.072
1.079
0.068
3.259
1.042
0.033
2.983
0.239
0.503
0.967
0.51
0.131
0.145
0.041
3.062
0.023
0.096
0.579
0.414
0.12
0.224
3.664
0.215
3.046
5.234
0.021
0.613
1.371
1.452
0.032
0.124
0.033
0.153
1.562
0.421
0.066
0.099
0.1
2.506
0.466
0.035
0.071
0.389
0.063
0.844
1.052
2.002
0.103
2.657
2.532
2.192
3.035
1.93
2.624
0.088
4.383
0.1
1.932
0.533
0.042
2.768
3.303
0.237
0.232
0.53
0.12
0.861
0.02
0.052
1.788
1.121
0.507
0.075
0.025
0.039
4.316
0.298
1.641
0.192
1.251
0.516
2.521
0.17
0.408
0.031
0.071
1.962
0.168
0.098
2.978
1.96
2.399
1.474
5.535
0.18
5.274
6.972
0.272
2.195
2.245
3.028
0.217
3.924
1.738
0.573
2.503
1.732
0.154
1.594
4.33
1.401
2.892
5.31
1.079
1.451
0.021
2.632
0.793
0.267
0.204
1.516
0.387
1.762
0.177
4.9
0.05
1.504
0.093
0.281
0.732
0.03
2.879
0.216
0.117
0.08
0.041
3.881
1.24
0.57
1.762
0.037
1.443
0.323
3.316
0.197
1.887
2.274
1.977
2.854
0.383
1.393
0.187
0.913
0.018
1.518
2.725
0.198
0.166
1.799
0.066
0.083
0.051
0.166
2.405
0.3
12.912
5.655
0.441
0.523
0.142
0.324
0.048
2.181
5.652
0.974
0.696
0.298
0.687
2.775
2.358
0.143
2.209
0.986
1.217
0.042
0.404
0.243
5.384
0.161
3.451
0.116
0.116
0.925
3.317
0.116
0.408
0.486
0.362
0.208
0.037
0.059
0.931
0.212
2.966
0.026
1.78
0.216
0.105
0.88
0.079
0.051
1.565
6.478
4.672
0.283
1.977
2.559
2.71
2.123
1.686
3.299
0.046
1.04
0.796
1.406
2.222
1.47
4.316
0.2
1.45
3.989
4.441
2.447
3.068
0.361
0.426
1.179
0.13
0.141
4.426
1.679
0.108
0.167
3.626
0.473
1.015
0.048
0.128
1.526
2.99
0.046
2.471
1.485
2.728
0.068
2.249
0.089
0.135
0.195
0.058
0.421
2.186
1.104
1.273
1.27
0.01
0.103
0.1
0.203
0.037
1.159
5.997
0.252
0.242
5.391
1.467
0.303
1.05
0.165
0.073
4.062
10.54
3.33
3.221
0.269
0.345
0.023
0.017
3.498
2.461
2.081
0.111
0.182
0.023
0.052
0.088
0.114
0.149
6.723
0.701
4.48
3.49
2.06
0.129
0.034
1.896
0.085
0.174
1.941
2.06
0.692
0.55
0.043
1.374
0.154
1.368
0.993
5.24
0.492
0.082
1.736
2.557
0.024
0.057
1.484
0.027
0.071
4.579
1.876
2.078
1.894
0.367
2.559
0.751
0.046
4.014
0.228
2.06
0.052
8.173
1.434
1.497
2.716
1.807
0.272
0.081
0.128
0.582
3.796
0.844
0.067
0.026
1.82
0.191
0.139
2.249
0.14
0.326
4.405
0.302
0.145
0.319
3.615
0.021
3.908
0.362
0.041
1.366
0.168
4.394
0.116
2.746
3.539
2.566
0.034
0.198
0.246
8.016
0.257
2.881
2.76
0.277
0.274
1.332
0.107
0.663
0.015
0.537
0.331
0.035
1.82
0.385
2.083
2.973
0.131
0.151
0.07
0.092
0.695
1.604
0.031
1.068
0.197
1.241
0.159
5.05
0.439
0.162
0.077
2.196
1.795
5.39
0.263
0.125
1.811
0.336
0.113
0.217
0.247
1.808
0.087
0.06
0.108
0.685
0.017
3.869
0.013
1.09
0.253
0.095
2.547
0.73
0.106
0.089
3.265
2.854
0.024
0.296
0.348
9.392
2.234
0.176
1.454
0.028
0.033
3.239
0.652
0.118
0.135
1.194
0.102
0.034
2.042
2.062
1.872
1.439
0.203
1.368
1.07
0.1
1.965
0.201
1.994
0.691
0.604
1.505
0.056
0.1
0.083
0.186
2.118
1.717
1.969
0.274
1.422
3.45
5.496
0.272
0.027
0.092
0.314
0.155
0.233
0.122
2.54
0.307
0.045
0.284
0.119
3.848
0.075
3.334
0.234
6.004
1.509
2.921
1.755
0.129
0.067
0.04
0.856
0.162
5.185
0.673
2.528
5.777
2.684
0.978
0.096
1.358
6.893
1.684
8.486
1.84
0.05
0.044
0.073
1.91
1.458
2.497
2.245
0.107
4.657
4.752
0.95
1.44
4.934
0.1
5.515
1.946
0.123
0.321
3.746
2.126
0.055
0.081
2.439
1.694
0.215
3.215
1.924
0.305
0.279
0.035
4.64
1.907
0.06
0.261
0.047
4.789
0.044
1.747
0.082
0.124
2.864
0.054
2.062
4.579
0.12
0.135
7.822
0.479
0.745
3.016
0.069
0.05
0.19
0.098
0.032
5.083
0.057
3.029
0.018
1.615
1.899
0.145
0.164
0.012
8.506
0.027
1.278
1.873
3.16
1.774
0.12
0.257
3.551
1.498
0.264
0.543
5.106
0.346
0.077
3.553
0.135
1.545
0.667
0.066
1.079
0.074
2.102
4.411
0.021
0.035
0.32
0.068
0.124
2.395
0.031
0.214
2.871
8.302
2.97
0.163
1.289
0.399
3.425
0.455
1.544
5.976
0.068
2.539
2.391
0.443
2.865
3.382
4.799
0.803
2.041
0.484
0.562
1.582
0.04
0.052
0.169
0.556
2.893
0.27
0.38
0.335
1.557
2.12
0.063
0.084
0.236
0.054
1.808
0.04
10.378
0.097
1.691
0.026
0.228
2.144
0.062
1.111
0.109
7.418
1.406
0.182
0.05
2.439
0.45
0.726
3.47
7.07
1.599
0.049
1.964
0.027
0.042
1.755
0.047
2.414
1.434
0.477
0.499
1.592
0.04
1.717
0.074
2.223
0.098
0.035
0.026
0.191
1.627
2.237
3.802
2.43
0.023
1.297
2.095
5.272
3.758
0.702
0.108
2.44
4.791
2.334
1.586
0.24
0.474
0.834
0.113
1.848
1.326
0.081
3.934
3.739
2.092
7.581
1.148
2.189
1.887
4.633
0.215
0.231
0.07
0.059
2.916
0.421
0.954
0.085
1.569
2.192
0.855
2.844
0.309
2.404
2.318
0.094
0.502
1.413
3.613
0.107
3.879
0.3
1.673
2.606
4.433
0.148
2.151
2.456
0.074
2.12
1.116
0.631
0.123
1.868
0.084
1.259
1.591
0.06
0.812
0.077
0.109
0.133
2.034
0.029
0.061
0.17
1.836
1.416
0.12
0.077
4.765
0.074
0.601
0.073
0.32
2.449
0.042
2.883
6.119
5.763
0.028
2.215
10.337
2.792
1.27
2.279
0.088
0.254
0.134
0.029
4.266
1.368
0.043
0.293
0.333
0.063
2.089
0.037
0.025
2.308
3.853
1.919
1.549
0.536
0.09
1.627
1.34
1.119
0.03
0.29
3.387
0.087
1.759
0.099
7.633
1.953
4.65
0.053
0.143
0.019
0.342
0.343
0.048
0.255
1.871
0.365
5.25
2.549
0.617
0.197
2.03
0.502
0.058
2.981
0.412
1.536
0.197
1.738
3.123
2.833
3.337
0.067
13.619
3.307
0.131
0.117
0.076
0.082
2.542
5.816
0.06
0.244
0.107
3.163
1.99
9.683
1.537
0.049
0.101
0.211
2.072
0.053
2.633
3.02
0.179
1.329
0.547
0.034
0.704
0.04
5.894
0.024
1.158
0.234
4.139
1.591
3.132
0.133
0.084
0.112
1.364
0.073
1.579
1.371
0.538
4.129
1.134
0.226
0.074
3.099
0.042
0.179
0.522
1.723
0.098
5.048
4.454
2.986
0.152
1.452
0.042
0.111
0.091
0.252
2.975
5.377
0.193
0.251
0.289
1.588
0.272
0.031
2.693
0.128
0.18
0.037
1.154
7.816
0.127
0.168
0.974
1.835
0.131
0.065
0.03
0.085
2.799
0.059
2.021
0.027
1.549
0.601
0.512
0.394
0.034
3.346
5.537
3.191
0.228
0.063
0.14
0.048
0.016
1.301
0.041
3.229
0.04
1.762
0.151
0.182
1.772
0.029
1.144
0.133
1.461
4.238
0.017
1.703
0.285
1.237
0.075
3.003
0.952
0.413
0.143
1.291
0.21
0.319
0.155
0.46
3.301
7.172
0.032
3.37
2.007
2.361
0.025
4.275
3.672
0.327
0.42
0.223
0.503
5.454
0.286
2.544
0.07
4.137
0.072
0.101
4.574
0.146
1.22
0.371
1.676
0.898
0.025
4.015
0.303
0.229
1.535
6.208
9.188
0.427
0.327
2.944
2.239
0.315
0.166
1.131
1.31
0.188
0.191
0.104
0.283
0.388
0.839
1.606
2.378
0.088
1.997
0.24
8.957
0.175
0.124
2.494
0.152
3.807
0.041
0.54
1.026
0.132
1.602
1.895
0.051
1.521
1.255
2.935
0.046
0.127
0.495
0.058
1.864
0.242
0.191
1.659
2.115
0.348
0.056
1.05
0.932
0.069
0.584
14.729
1.892
3.319
1.015
2.004
0.084
3.169
0.031
0.681
1.246
0.689
0.062
0.832
0.04
0.135
1.418
0.053
3.37
0.052
4.61
0.029
0.154
0.166
2.659
3.548
0.319
3.392
0.088
0.172
2.522
1.574
0.189
0.027
0.034
5.865
0.093
0.05
1.628
2.839
2.649
1.042
0.078
0.087
5.002
1.427
0.4
0.115
0.336
4.101
0.075
10.573
0.048
0.619
1.309
2.56
0.314
0.247
0.024
0.156
0.482
0.351
0.034
0.098
2.139
0.055
0.252
0.176
0.064
0.074
2.308
0.306
0.101
2.425
0.082
0.072
3.549
1.352
2.277
2.864
1.531
0.965
1.013
2.867
0.091
1.454
0.628
2.489
1.865
3.822
0.17
7.836
6.799
5.123
0.142
0.424
1.293
0.287
2.71
1.394
0.053
1.165
0.304
4.343
0.092
0.314
0.069
2.674
0.299
4.448
2.001
5.074
0.243
1.228
1.506
0.083
3.406
0.291
8.64
0.031
2.461
5.006
3.413
0.57
0.326
1.202
0.131
0.149
0.412
1.444
1.401
0.117
1.362
0.56
0.58
5.544
3.242
0.869
0.248
0.453
1.552
4.738
0.079
12.25
0.372
0.144
6.649
0.16
6.17
0.49
0.292
4.937
0.036
0.368
1.376
2.857
0.068
2.038
1.798
3.592
1.987
0.085
0.841
2.138
8.304
0.422
0.057
3.41
1.074
2.876
0.474
0.064
1.961
0.048
3.114
0.25
0.977
1.489
4.537
1.042
0.201
1.78
0.177
3.775
3.784
1.152
0.287
1.175
4.51
1.938
0.112
0.082
0.273
0.255
0.092
0.077
5.303
0.686
0.046
0.989
0.131
0.059
0.533
1.964
7.845
0.058
2.23
1.463
1.538
0.184
0.308
2.89
0.179
0.048
2.039
0.217
1.901
0.143
0.253
0.161
0.466
0.706
5.824
1.092
1.937
1.903
5.687
1.563
0.079
0.216
1.351
0.046
0.4
0.081
5.157
1.25
0.043
2.615
0.589
0.791
0.976
0.078
0.705
2.474
0.343
1.599
0.047
3.069
2.568
2.051
0.055
4.992
0.037
0.061
0.817
6.393
1.496
3.643
0.208
0.999
0.222
5.868
1.551
0.124
0.231
1.555
1.901
3.638
1.457
0.027
1.714
0.134
3.233
0.073
0.076
0.666
1.29
0.275
1.597
1.746
0.233
0.933
0.043
0.374
0.083
0.272
0.225
1.793
0.294
0.023
6.888
0.078
4.773
0.103
4.466
1.35
1.55
0.048
1.596
0.388
0.256
0.904
1.539
0.066
0.199
0.071
0.062
0.057
0.047
0.57
1.517
0.099
0.107
0.265
0.187
3.297
0.069
2.657
0.155
2.249
1.488
0.088
1.934
0.075
0.167
2.139
0.809
1.907
0.107
1.671
0.102
3.504
0.098
1.278
0.086
2.991
0.204
1.667
0.139
0.429
0.027
0.418
2.638
0.121
0.032
0.072
2.075
0.044
0.042
8.063
2.552
2.907
0.059
1.239
0.117
0.751
0.05
1.467
4.264
2.315
1.485
0.033
1.084
2.332
0.357
1.858
0.16
0.228
0.169
1.809
0.164
0.268
0.513
0.357
0.019
8.845
2.955
0.022
0.266
0.158
3.166
0.184
0.067
3.105
0.104
0.146
1.83
8.359
1.328
1.106
7.38
0.062
0.018
2.509
1.597
1.719
2.865
0.026
3.675
0.131
1.596
0.097
2.714
1.356
0.09
0.779
2.246
0.183
0.708
0.011
0.092
3.454
0.128
0.082
2.234
0.117
2.97
0.063
2.269
0.864
4.901
3.211
0.297
0.667
0.38
2.356
0.121
0.219
0.278
1.562
0.898
3.701
4.271
1.64
9.022
2.855
0.218
0.082
0.088
0.646
0.134
3.113
0.147
0.31
3.228
0.238
0.339
0.176
3.151
0.053
1.225
1.616
1.757
3.037
0.726
0.238
0.119
2.084
2.178
6.725
1.562
0.107
0.583
0.25
0.292
1.115
0.028
0.469
0.652
0.196
3.465
0.075
1.754
0.044
2.234
0.506
0.983
7.79
0.101
0.127
4.418
3.05
0.021
0.041
1.289
0.581
3.318
1.878
1.034
1.343
0.21
0.203
0.054
4.467
0.1
0.016
0.202
0.161
0.052
1.288
0.183
1.479
5.623
0.68
0.171
0.316
0.208
0.039
0.069
0.096
0.192
0.116
1.894
0.123
0.195
0.241
0.123
0.313
0.117
0.062
4.355
1.539
0.071
0.083
0.04
4.588
0.042
0.049
0.157
0.064
0.451
5.11
0.035
4.392
0.03
0.062
2.343
0.045
1.554
4.653
0.099
0.194
1.61
0.867
2.235
2.509
2.39
0.193
0.048
2.29
0.076
6.92
2.382
0.204
0.317
1.539
2.397
1.47
0.076
1.332
0.983
0.201
1.038
3.426
0.516
2.164
10.216
1.743
1.463
2.194
1.34
0.033
0.133
2.771
0.135
0.116
1.383
0.31
0.053
0.035
0.083
0.501
2.911
4.211
0.211
0.115
1.106
1.015
0.316
1.42
0.829
3.613
2.384
0.057
4.646
0.304
1.348
2.844
0.035
0.047
0.211
0.533
0.033
0.111
1.273
0.127
1.491
0.609
0.765
0.041
0.136
0.611
0.103
2.153
2.835
0.618
2.408
1.52
2.883
1.439
3.461
6.969
0.166
0.067
0.454
1.541
2.874
0.029
0.164
1.276
3.551
0.446
2.192
0.208
0.077
0.228
0.069
1.161
1.397
1.616
0.121
2.992
0.027
0.18
0.198
0.294
0.044
1.897
0.254
0.263
0.408
2.076
1.62
0.038
2.881
4.582
0.55
0.514
3.865
0.079
2.741
0.044
2.353
0.162
0.08
0.127
2.166
0.277
0.135
1.352
0.119
4.606
1.68
2.493
0.224
0.212
0.138
1.147
2.636
0.391
0.106
0.562
0.062
0.104
1.988
2.197
0.117
3.255
0.069
0.277
1.064
1.729
0.234
0.264
0.041
0.033
0.086
0.017
0.29
1.784
0.329
0.118
0.07
0.236
0.199
2.495
1.829
3.988
3.586
0.092
1.825
0.029
0.067
2.74
1.993
0.875
0.282
3.769
0.11
0.027
2.161
0.126
0.071
0.379
2.798
3.044
1.66
1.089
0.218
3.097
2.923
0.037
0.172
4.3
0.311
3.626
0.101
1.519
10.272
2.194
0.313
1.703
2.039
2.11
0.507
0.483
1.169
0.179
0.042
0.041
2.475
0.309
0.49
2.189
3.419
3.84
0.028
1.449
0.606
0.993
0.423
6.373
2.035
1.411
0.08
0.056
1.226
0.305
0.032
5.82
0.029
2.931
1.583
0.145
4.096
3.997
0.15
0.043
0.064
1.915
0.346
2.935
0.147
4.358
3.466
1.271
0.169
1.232
0.434
2.318
0.046
0.073
0.619
0.411
0.11
0.511
1.325
2.346
0.18
0.026
0.205
1.865
0.024
0.054
0.133
3.762
2.824
0.15
8.945
0.326
1.571
0.159
0.8
0.045
0.106
1.395
4.708
0.094
4.116
1.215
0.133
0.143
6.784
0.287
0.353
0.046
0.1
0.196
4.121
0.092
1.039
2.761
0.136
2.353
0.074
2.266
0.166
1.027
4.494
0.427
0.371
4.7
0.085
0.215
1.517
2.456
0.025
0.074
0.124
1.899
0.23
1.882
4.108
2.12
0.678
3.306
3.68
0.184
2.433
1.505
0.071
2.06
1.699
0.036
0.088
0.697
2.142
0.043
0.466
0.044
0.903
1.109
0.387
0.745
0.054
1.838
0.35
1.645
2.703
0.08
0.668
0.059
3.9
0.071
2.668
4.697
0.057
0.068
1.236
0.078
0.38
2.284
4.179
0.426
2.3
0.443
2.183
0.541
0.132
0.18
2.802
0.065
0.093
3.183
0.05
1.785
2.366
0.355
4.671
1.047
0.199
0.039
0.091
6.288
0.052
0.019
0.071
3.459
0.201
2.034
0.108
0.088
4.767
0.9
0.575
1.387
0.831
2.449
6.718
1.344
6.736
0.022
0.057
3.387
0.015
1.436
2.712
2.688
1.263
0.035
0.029
3.066
0.794
2.254
0.023
2.288
3.054
0.079
0.038
0.502
0.125
4.344
0.16
3.274
5.288
5.172
2.243
0.921
0.588
0.498
6.475
2.156
0.183
0.037
0.197
2.142
2.459
0.128
0.016
2.645
0.093
0.208
0.754
0.266
0.015
1.235
0.228
1.078
0.186
0.03
1.045
0.052
1.667
0.761
2.578
2.62
0.227
1.388
0.48
1.665
0.059
1.436
1.981
1.95
4.864
0.059
3.492
2.965
0.165
0.143
0.017
0.159
0.551
0.053
0.062
0.423
2.235
0.042
0.336
2.772
0.537
0.088
0.233
5.709
0.224
0.177
4.964
0.099
0.061
0.05
0.1
0.106
1.276
1.703
2.001
2.992
6.886
0.119
4.35
0.036
0.308
1.242
0.141
0.019
0.719
0.011
0.099
0.064
1.732
0.206
3.972
0.13
0.339
3.71
1.129
0.664
0.029
2.168
4.74
0.079
0.041
1.829
0.073
1.884
0.107
0.209
0.599
0.057
2.428
0.11
0.022
0.045
1.934
5.1
2.374
3.596
0.219
0.203
0.551
7.017
3.376
0.701
0.278
0.101
0.318
0.064
4.513
3.048
0.059
0.031
1.82
0.411
2.101
2.183
0.342
0.246
1.461
1.589
0.511
1.182
0.765
0.938
2.02
4.884
0.805
2.037
2.29
3.008
0.185
1.592
0.101
6.155
3.864
0.375
0.063
0.312
0.162
0.853
3.164
0.162
0.094
0.983
0.07
2.945
2.521
0.554
0.128
0.945
0.03
1.436
0.056
1.401
0.185
0.153
0.339
1.851
0.075
0.196
0.036
1.744
0.267
4.155
1.157
1.773
1.337
0.059
0.196
0.019
0.071
2.069
0.288
2.812
0.115
0.342
4.138
0.304
0.235
0.312
0.054
2.293
4.131
2.832
0.063
0.497
0.987
0.265
1.277
7.753
1.461
3.917
2.529
0.136
0.072
4.458
2.263
0.15
0.22
7.08
2.36
2.917
0.244
1.722
0.335
0.933
0.787
0.23
0.161
5.368
1.483
4.845
0.351
4.367
3.343
0.115
0.126
1.411
2.709
0.371
0.572
1.438
0.085
0.541
0.088
0.899
0.399
3.672
0.061
1.314
1.35
0.574
1.214
2.117
0.982
2.322
0.77
0.185
1.874
4.727
0.079
0.562
2.409
0.753
1.03
0.171
8.885
0.052
2.076
0.142
0.054
0.232
3.176
1.489
9.842
1.222
0.046
2.095
1.995
0.081
0.06
2.307
1.176
0.142
1.542
0.424
0.263
1.999
0.295
1.919
0.037
1.45
1.292
0.243
4.33
0.081
0.31
2.955
0.062
2.263
1.147
2.207
1.62
0.201
0.337
1.318
1.634
3.362
0.155
1.667
0.24
0.41
11.815
3.938
0.438
2.03
0.283
0.592
0.209
0.056
1.895
0.095
0.061
0.18
0.373
0.418
1.586
1.553
0.521
1.538
7.064
0.048
2.152
0.155
0.043
2.385
0.15
0.772
10.114
0.13
0.073
2.515
2.411
0.508
2.975
4.578
0.437
0.036
0.895
1.03
0.311
2.967
4.243
5.202
0.059
2.49
1.98
4.354
1.752
6.161
0.456
0.057
0.078
0.718
0.051
0.161
0.465
6.389
1.242
2.088
0.181
0.073
1.837
3.511
0.398
1.384
3.561
4.76
2.098
0.358
0.882
1.324
10.978
3.595
0.083
0.03
1.564
1.965
2.572
0.088
2.571
0.508
0.452
0.293
0.131
0.447
0.184
0.036
1.395
2.876
0.083
0.083
0.895
0.33
0.079
3.555
1.516
0.454
0.17
0.063
0.054
3.282
0.055
2.853
1.12
0.057
0.075
0.218
0.277
5.464
4.845
0.031
0.276
0.097
1.265
0.509
0.081
0.67
0.353
1.07
6.249
0.073
1.938
0.177
0.487
2.229
0.092
2.189
2.381
0.912
3.167
4.255
0.549
0.156
1.519
0.064
0.115
0.416
0.203
5.826
1.95
8.711
1.784
0.187
4.231
1.635
0.038
0.015
0.067
0.503
0.062
0.475
0.802
0.644
11.069
3.084
2.129
0.411
0.043
5.071
0.1
0.302
0.094
0.123
2.379
3.857
0.252
1.915
0.994
1.467
3.441
0.106
0.03
0.042
1.326
3.646
2.988
0.088
0.393
3.84
2.769
2.642
2.133
0.111
0.562
0.132
1.747
8.253
0.023
2.317
0.106
2.318
0.06
0.047
0.487
0.389
1.296
3.352
2.029
0.163
1.845
0.13
1.461
2.009
1.34
6.275
0.145
0.097
0.293
0.206
0.098
3.392
0.09
2.788
0.83
2.75
1.631
0.09
1.111
0.117
3.6
0.232
0.497
0.118
1.793
3.758
3.765
9.271
0.06
0.153
0.682
0.204
0.15
2.027
0.057
2.245
0.221
5.793
0.031
2.123
0.472
0.026
1.145
0.259
0.187
0.159
2.71
0.147
0.102
3.438
0.107
0.106
7.59
5.288
0.009
0.082
1.721
0.633
0.172
1.824
0.026
0.138
3.375
8.177
0.04
0.956
0.063
3.374
0.076
0.369
2.327
0.047
4.463
0.19
0.442
10.224
1.396
0.146
4.953
2.746
0.085
0.108
0.192
0.076
5.436
0.355
4.19
3.832
0.036
0.029
0.166
0.065
0.641
0.068
0.258
2.717
1.859
0.062
2.02
0.03
3.448
1.728
1.776
0.475
3.352
2.443
2.858
1.106
4.238
0.104
0.289
3.125
2.756
0.161
0.067
0.718
0.243
0.092
0.103
0.384
3.367
2.072
0.043
0.022
2.13
1.448
0.873
0.133
1.425
3.534
0.633
0.048
0.568
3.298
0.055
0.171
0.202
0.106
1.628
2.311
2.727
0.52
0.345
2.258
0.033
1.325
0.15
0.225
0.19
3.337
2.483
1.844
2.684
0.035
0.659
0.111
1.555
1.859
2.628
0.786
3.439
0.572
0.061
0.329
0.038
1.536
2.85
0.052
2.265
4.974
0.46
0.043
0.421
2.459
1.599
0.406
3.849
4.613
0.033
0.215
0.289
0.048
0.211
0.607
0.055
1.547
0.224
0.118
0.197
0.234
0.063
3.107
0.323
0.041
0.014
0.233
0.087
2.671
0.011
1.806
0.754
0.793
0.05
0.314
0.117
0.128
1.848
0.058
2.954
0.136
0.109
0.111
4.027
0.034
6.285
1.55
1.449
3.44
2.427
2.918
0.091
2.41
1.466
3.871
0.061
0.139
0.093
1.823
0.962
4.267
1.885
0.212
0.193
0.265
1.777
1.693
0.222
0.16
0.276
0.126
0.069
0.049
0.194
6.53
0.056
0.045
4.21
0.517
0.262
0.093
1.728
0.044
0.326
0.088
2.025
1.531
0.044
0.366
0.198
6.185
0.841
1.97
0.125
2.495
0.07
4.692
0.049
0.245
0.09
1.489
0.32
3.023
12.429
5.879
0.053
3.147
6.582
2.04
0.168
2.644
2.057
0.212
0.781
0.232
1.1
0.29
0.132
7.424
0.021
3.361
0.188
0.073
0.051
0.092
0.902
0.522
0.086
0.306
7.164
1.651
1.353
0.145
2.176
4.674
0.223
4.167
0.153
2.965
0.06
3.472
1.568
1.357
0.795
2.756
0.021
0.026
2.685
0.022
0.056
0.085
3.309
0.187
0.631
4.732
0.358
0.124
0.044
1.7
2.827
0.012
0.143
1.643
0.848
0.877
7.987
2.947
0.105
2.941
0.263
0.55
0.141
2.694
0.019
2.812
2.287
0.244
0.051
0.037
0.962
3.081
0.234
7.646
0.838
0.14
1.248
0.102
0.091
6.77
2.392
0.025
0.105
3.062
0.122
0.12
0.053
4.202
1.682
6.818
0.083
0.499
1.031
0.189
3.997
1.183
1.228
0.198
2.143
1.997
1.174
0.044
0.039
4.695
0.037
0.085
0.595
1.624
0.145
0.05
0.583
0.173
0.185
1.814
0.058
1.298
1.585
1.43
0.174
0.064
0.077
0.124
0.05
0.034
0.089
0.104
2.699
0.065
0.148
5.522
0.223
0.357
2.348
0.048
2.676
0.389
0.074
0.066
5.479
0.041
4.033
0.053
0.045
0.048
2.081
1.537
0.054
3.486
1.385
2.475
1.41
1.564
2.224
0.058
1.653
2.459
3.582
0.23
0.066
0.074
0.729
0.336
2.88
0.094
1.972
0.11
0.134
0.742
0.206
1.41
3.782
1.82
2.618
0.068
1.894
0.228
0.093
5.076
1.5
2.663
0.183
1.01
2.056
0.048
0.699
2.061
0.052
0.067
1.41
2.14
1.27
0.076
0.019
2.586
0.052
1.57
1.674
0.053
0.165
0.292
5.038
0.068
2.003
0.157
0.058
4.396
0.186
7.705
0.069
1.344
5.636
2.204
0.114
0.097
0.041
4.369
6.438
2.087
3.613
1.539
0.107
0.014
0.068
0.037
0.879
0.06
0.223
0.911
0.139
0.035
0.085
0.041
0.084
1.674
0.026
3.6
1.026
0.206
4.388
1.572
1.826
3.218
1.361
6.277
0.082
1.256
0.375
0.016
0.913
1.302
2.018
0.053
3.333
0.062
8.346
0.23
2.069
0.32
4.57
0.012
0.951
0.58
5.712
0.416
0.04
1.371
0.74
2.325
2.753
1.255
0.036
0.373
6.836
3.022
0.103
0.342
0.049
1.012
0.16
0.16
0.296
1.837
3.541
0.061
0.402
1.978
1.566
0.397
2.422
0.344
0.667
0.026
0.057
0.575
2.83
2.403
2.459
0.088
2.274
2.332
0.175
4.258
3.147
2.992
0.494
1.289
2.651
0.16
1.917
0.209
0.215
0.504
0.032
1.83
0.089
4.368
1.802
0.814
0.076
0.43
3.067
3.772
0.073
0.639
2.137
0.107
0.063
3.985
5.894
0.028
2.387
0.269
4.334
1.68
3.132
0.025
1.185
2.042
2.257
0.047
0.174
1.356
0.041
0.039
0.084
2.248
1.728
0.808
2.217
0.4
2.087
0.052
0.069
0.09
0.038
1.737
2.322
2.505
0.125
4.73
1.242
0.037
0.117
0.028
1.31
0.278
0.167
0.105
0.267
0.131
1.352
0.09
0.18
1.048
3.1
0.528
0.225
0.095
2.253
0.104
2.361
0.311
2.101
0.339
0.057
0.038
0.362
0.161
0.388
0.209
2.364
4.661
1.134
3.248
0.533
0.261
0.83
1.109
0.067
0.218
0.075
2.462
2.314
1.232
0.031
1.578
0.735
0.205
0.125
2.129
1.047
0.079
2.973
0.027
3.99
1.436
5.025
0.257
1.774
0.045
0.158
0.168
0.498
0.087
0.266
0.048
0.498
0.152
1.852
0.049
0.151
0.037
0.056
3.311
3.195
0.167
0.097
1.61
0.075
0.057
3.23
0.083
0.296
3.198
0.026
3.001
1.91
1.817
0.071
0.145
3.846
1.094
0.291
0.135
0.178
0.85
0.074
1.682
0.033
2.677
0.23
1.457
0.768
2.54
6.262
5.187
0.026
0.076
0.703
2.15
9.483
0.824
0.042
2.364
0.049
0.363
3.098
0.051
0.076
0.039
0.056
0.047
1.564
2.533
2.979
0.262
0.059
0.125
0.143
0.175
0.12
0.913
0.105
6.567
0.074
2.576
2.968
0.261
0.3
0.021
3.088
0.251
1.161
2.067
0.253
0.306
0.352
0.073
0.041
0.454
0.206
0.248
0.171
2.398
1.728
1.133
0.142
2.928
1.007
0.035
5.773
0.185
0.075
0.045
6.713
0.038
6.78
1.434
0.081
0.128
2.023
0.192
1.483
0.163
6.464
2.531
1.606
6.672
0.054
5.718
0.516
0.227
0.102
0.191
0.042
2.518
0.05
0.049
0.044
2.418
0.042
1.803
1.697
0.034
1.165
0.121
0.041
0.135
0.101
0.786
0.072
0.024
3.757
0.043
3.241
3.632
0.177
0.836
1.218
5.108
0.377
0.06
1.292
1.71
7.359
4.353
0.593
2.344
2.69
0.288
3.356
0.159
0.163
0.169
1.746
3.442
1.314
1.315
0.363
2.782
0.438
0.645
0.072
1.957
0.061
0.18
2.965
6.415
0.242
0.281
3.033
5.166
0.153
0.069
0.087
0.44
2.639
4.494
2.473
0.692
0.052
0.121
2.82
0.045
2.544
1.546
2.661
0.166
0.189
0.054
0.04
0.088
1.196
2.161
0.1
0.259
3.621
0.081
3.469
0.208
0.056
3.202
0.347
0.309
0.029
1.569
5.72
2.409
0.155
3.823
2.562
1.816
0.081
0.448
0.066
0.046
0.127
1.393
0.256
0.084
1.666
7.276
1.117
3.349
0.164
0.196
0.065
2.139
0.2
2.592
0.049
0.045
0.251
1.74
1.227
0.039
0.194
1.526
0.248
1.841
0.067
0.129
0.01
0.027
0.146
0.041
0.145
1.612
0.095
0.263
0.875
1.599
2.402
0.22
0.245
1.75
2.966
2.077
1.523
2.519
6.581
2.728
0.166
0.048
2.328
3.961
0.058
0.101
0.132
1.787
0.035
0.212
3.524
1.612
3.507
0.044
0.247
1.573
0.189
0.517
1.752
0.853
0.231
0.2
0.245
0.497
3.605
1.478
0.439
0.129
0.127
3.831
0.019
2.68
0.11
0.075
2.397
0.082
0.065
3.272
0.536
0.361
2.854
0.034
0.257
7.077
0.084
2.049
0.164
6.238
0.024
8.978
2.032
0.181
0.098
0.336
3.813
0.038
0.018
1.465
2.745
2.897
0.241
1.904
0.158
4.001
1.314
0.048
2.43
0.085
1.759
1.84
0.093
0.484
1.38
0.126
2.323
0.247
0.031
1.817
2.016
0.87
0.166
0.11
0.553
4.364
0.02
2.366
2.54
0.078
0.211
3.881
1.373
0.082
2.112
0.726
4.631
0.053
0.03
0.146
1.158
1.835
1.132
0.067
0.092
0.296
0.035
1.205
1.817
0.094
0.21
2.329
0.172
2.377
3.536
0.323
0.187
0.24
0.136
1.556
0.243
0.31
2.684
0.419
0.035
0.031
2.702
6.109
2.433
0.075
0.02
0.15
0.067
0.133
1.425
0.11
0.061
0.033
1.463
0.326
1.648
0.561
2.113
0.07
3.029
0.522
0.453
5.983
0.355
0.074
0.009
4.549
2.165
2.248
2.474
2.298
0.285
0.11
5.068
3.673
0.044
2.136
0.086
0.433
0.153
6.075
3.9
1.933
0.152
1.084
7.22
0.215
2.698
1.302
0.139
1.102
0.666
0.594
0.071
0.201
2.552
1.255
2.222
4.226
0.54
0.823
1.451
0.127
0.035
0.646
0.043
0.126
0.104
2.117
0.199
0.097
5.726
0.035
1.117
7.953
0.056
0.328
0.142
2.162
2.225
0.024
3.4
0.197
0.314
0.244
3.939
0.073
0.248
1.372
1.218
0.209
0.029
0.107
0.249
1.558
1.66
3.389
3.272
0.445
1.992
1.55
3.469
2.949
0.03
2.19
0.248
2.418
0.104
0.089
0.225
2.353
1.658
2.005
6.762
1.252
0.079
0.117
2.096
1.24
0.09
0.954
0.521
3.458
7.695
2.408
0.2
1.088
0.2
4.388
0.391
5.508
5.26
0.212
0.085
0.399
2.613
0.491
3.306
4.662
7.619
0.121
5.578
0.305
1.476
0.065
4.43
1.491
0.15
0.021
0.095
0.03
1.519
0.058
2.607
0.165
0.096
3.478
0.094
2.594
0.06
2.207
0.027
1.337
2.016
0.96
0.05
0.62
1.289
0.051
0.385
1.968
1.862
4.971
0.91
0.232
1.709
0.093
2.198
3.371
1.791
0.24
1.448
2.193
2.898
0.052
0.071
1.537
2.872
0.105
5.014
3.368
1.633
0.152
2.475
0.044
3.275
0.184
2.036
0.097
3.039
0.061
0.042
0.044
0.099
0.04
0.065
0.05
1.167
0.057
0.238
2.921
0.164
1.452
0.039
1.274
8.158
0.358
1.455
1.332
0.2
0.07
0.372
0.083
0.831
1.885
2.64
0.201
2.85
0.164
0.026
0.077
0.127
0.04
0.707
0.085
0.26
0.15
2.435
1.657
0.311
1.816
0.542
1.373
2.754
4.999
3.233
0.244
0.061
0.643
1.64
2.347
1.792
0.177
3.193
1.299
1.26
0.044
6.904
1.198
2.319
2.845
0.574
3.691
0.126
0.188
1.576
1.098
3.421
7.989
0.132
0.159
1.089
2.632
3.039
1.439
0.123
6.112
1.753
0.296
0.095
4.354
0.021
0.063
0.109
0.168
1.469
0.133
0.588
0.206
2.241
2.723
3.208
1.556
0.048
0.102
0.075
0.382
0.112
2.703
3.945
0.097
0.347
0.22
1.934
3.014
0.053
0.205
1.965
0.373
3.09
1.239
0.189
0.185
2.509
0.247
2.567
0.403
0.216
0.142
3.587
0.467
0.624
0.075
4.887
0.819
3.29
0.11
0.052
2.367
0.03
0.218
0.043
1.696
0.144
0.046
1.499
2.114
0.028
6.907
1.596
4.038
2.118
0.056
0.177
0.061
0.112
0.052
0.593
0.192
4.256
3.764
1.798
2.794
2.016
0.065
1.795
0.082
0.63
3.85
0.948
1.751
2.539
4.896
1.86
2.62
0.192
1.643
2.803
1.459
0.614
8.683
0.053
2.574
0.05
0.773
0.05
0.156
1.245
0.953
0.557
1.519
6.879
0.618
4.009
0.027
0.046
0.14
1.967
3.452
5.173
0.042
0.194
0.147
0.125
2.406
3.683
0.088
0.791
3.869
1.621
1.337
0.504
0.064
0.702
2.931
0.21
0.417
0.093
2.414
0.05
4.388
0.19
0.089
3.322
0.37
1.747
1.717
1.326
0.6
0.053
0.688
2.353
0.058
0.089
0.094
1.863
0.227
4.294
1.871
0.213
0.158
0.138
0.682
0.691
1.812
0.016
3.717
1.578
2.717
3.298
0.133
0.077
0.138
3.611
0.083
1.001
0.115
1.635
0.038
0.058
0.142
1.895
0.114
0.055
1.539
0.824
0.105
0.374
1.061
0.018
0.119
1.396
0.335
1.191
3.337
2.457
2.085
3.307
2.481
1.902
3.661
0.017
3.582
0.064
0.147
5.663
2.028
0.485
2.407
2.393
2.103
0.235
0.017
0.127
1.638
3.829
0.028
0.176
0.056
0.191
0.014
0.311
0.335
0.143
10.952
0.061
0.132
0.433
2.209
0.067
1.933
0.065
0.1
0.294
0.341
5.406
0.329
0.14
0.26
1.538
4.049
0.282
0.654
0.38
0.439
0.384
0.566
0.19
0.096
2.007
1.234
0.223
0.144
0.092
1.803
2.363
0.707
0.229
0.062
0.608
1.413
1.64
5.339
1.133
4.82
3.205
2.891
0.207
1.491
0.984
4.038
0.479
1.093
0.188
1.913
0.103
1.471
5.253
0.448
0.375
1.254
2.155
0.045
1.355
1.741
0.018
4.284
1.853
0.05
1.009
0.405
3.567
0.048
0.035
0.302
0.619
0.387
0.058
0.022
0.354
4.548
0.104
5.176
1.47
2.741
3.168
3.651
0.3
0.968
0.235
0.786
0.271
0.264
0.12
1.938
3.262
0.244
0.136
2.362
0.09
0.408
0.118
0.171
0.278
0.691
0.046
0.192
2.598
2.35
1.26
0.137
1.391
0.721
0.033
0.09
0.801
0.052
0.556
5.725
1.241
2.638
0.225
0.05
0.05
0.979
1.588
0.481
0.985
0.062
0.035
0.301
0.07
1.515
0.89
2.495
0.17
0.178
2.695
0.133
1.975
1.128
4.498
0.466
0.03
0.581
6.909
1.404
0.057
1.882
0.038
0.639
0.29
0.175
2.17
0.033
0.241
0.315
2.247
1.568
0.357
0.764
3.964
0.054
0.168
0.591
2.605
0.797
0.062
0.061
2.445
0.058
0.039
7.253
5.287
0.371
0.333
1.622
0.164
0.052
0.348
2.602
3.637
0.038
1.763
1.624
2.052
0.026
0.163
0.018
2.976
0.759
2.898
0.047
0.047
0.754
2.29
0.037
3.084
0.113
8.447
9.716
1.567
3.916
0.216
3.041
1.582
0.043
0.399
0.122
0.026
3.264
2.195
3.195
1.859
0.049
0.044
0.458
0.063
1.763
0.583
0.537
1.451
1.608
0.14
1.56
0.325
1.532
1.993
0.46
1.386
0.318
2.728
3.054
1.837
0.118
0.124
0.09
2.584
0.863
1.527
0.086
0.107
1.426
1.678
0.078
0.134
0.082
2.522
0.08
0.123
1.904
0.964
4.603
0.223
0.059
7.521
0.081
0.03
1.756
5.199
7.191
0.388
2.118
1.612
0.775
0.288
0.289
1.187
2.809
1.764
0.021
0.1
0.048
2.979
0.12
0.323
0.17
0.325
0.223
1.821
0.298
0.118
0.131
0.112
0.078
3.219
0.06
1.63
2.413
5.37
0.058
0.025
1.409
3.73
0.566
6.439
0.05
0.096
0.319
1.928
0.213
1.459
1.608
2.787
3.468
2.398
3.572
0.14
5.48
0.085
0.028
0.792
0.227
0.086
0.222
0.868
16.888
0.344
3.488
0.07
1.577
0.258
3.351
2.122
2.645
1.799
3.065
2.37
1.256
0.149
1.95
2.181
1.579
1.898
1.594
2.098
0.166
1.474
1.163
1.573
0.092
0.107
0.112
2.947
0.04
0.024
1.564
5.381
0.077
0.222
7.906
0.534
0.064
0.029
0.267
3.03
0.053
1.223
0.411
5.072
1.625
0.09
5.5
3.748
0.025
3.958
2.436
4.825
0.18
0.162
1.824
0.041
0.098
4.078
2.919
2.757
0.244
0.106
0.058
0.026
3.002
1.567
0.146
1.873
2.974
1.154
8.075
0.09
6.839
2.149
3.145
0.063
0.46
0.549
5.138
0.683
0.225
0.088
1.751
8.305
1.166
0.969
0.264
0.076
1.324
0.184
1.163
3.449
0.076
0.041
1.47
1.97
1.918
2.797
5.668
2.811
0.845
0.231
3.713
1.852
3.389
1.71
4.027
4.463
1.889
0.082
0.745
0.374
0.208
0.065
0.126
0.06
0.372
3.942
0.06
0.007
0.194
2.113
0.02
0.155
6.326
0.747
3.178
2.561
1.004
1.675
0.117
3.307
0.162
1.015
0.464
0.017
0.015
4.886
0.307
0.238
0.043
1.213
0.24
0.326
4.611
0.072
0.1
2.836
0.463
9.111
1.741
0.132
2.601
3.861
0.014
1.605
0.47
0.101
0.132
4.187
1.485
2.729
3.877
1.037
0.292
0.214
0.243
1.34
1.389
3.117
1.556
1.004
5.142
2.373
0.042
1.277
0.212
0.043
1.598
0.111
3.218
2.791
1.385
5.451
2.261
1.963
4.716
2.155
0.031
0.08
0.049
3.799
0.054
0.111
0.04
2.117
5.599
1.791
4.159
1.827
2.628
2.708
0.095
0.032
0.099
0.493
0.424
0.333
1.018
0.118
2.621
0.347
0.161
0.022
5.239
0.14
0.223
2.965
0.347
0.35
7.375
3.102
0.055
0.18
0.283
1.622
0.134
0.067
1.372
0.275
1.915
0.037
2.833
1.464
1.448
0.18
0.258
0.023
0.267
0.125
4.436
0.143
0.209
0.087
0.582
0.788
0.1
0.041
2.527
3.826
0.126
0.046
1.712
0.176
2.021
1.851
1.539
0.083
0.031
0.02
0.054
1.756
4.675
0.039
0.118
0.144
2.318
0.182
1.89
1.842
0.22
0.011
2.081
0.139
0.786
1.485
0.116
0.075
0.081
0.191
0.033
0.166
2.281
3.879
0.02
0.302
0.913
4.682
0.284
0.121
0.169
4.658
0.032
5.668
0.372
2.617
0.625
0.014
0.164
1.164
0.085
1.696
0.046
0.09
1.33
4.765
4.509
0.09
1.861
0.156
0.323
2.956
2.489
1.274
0.456
1.639
1.736
2.018
0.872
1.233
2.177
2.451
0.316
5.159
2.638
3.384
1.651
0.101
3.455
0.065
0.09
1.393
2.407
0.331
8.267
1.829
3.116
0.416
4.26
0.15
0.029
0.043
0.024
1.72
4.116
0.147
2.065
3.319
1.771
0.026
0.137
0.09
0.526
0.015
0.307
0.188
1.601
0.256
0.93
0.016
0.102
0.99
0.075
0.28
0.249
2.743
0.093
0.066
1.165
0.089
0.193
0.226
0.108
0.253
2.688
0.524
5.858
0.295
0.161
0.304
2.54
0.309
0.685
2.387
1.044
4.096
0.27
1.667
0.275
5.502
3.93
1.305
2.865
0.107
0.046
1.762
2.126
3.591
2.453
0.195
2.697
1.609
1.646
0.021
0.142
0.211
0.041
1.559
1.375
0.579
0.372
0.357
0.237
0.539
0.168
1.271
1.341
0.052
0.045
6.536
2.97
0.187
1.604
3.973
0.228
1.387
2.053
0.076
3.054
0.45
1.611
0.024
2.292
3.264
1.244
0.129
0.192
1.4
2.276
1.487
0.164
0.041
0.044
0.064
6.645
0.084
0.312
0.046
0.029
0.153
0.176
0.202
0.23
0.459
1.531
0.155
1.565
0.058
1.741
0.137
2.111
1.609
1.466
1.678
0.097
0.144
0.072
2.417
0.076
1.622
2.972
2.081
0.053
0.052
0.168
6.227
2.131
1.792
2.208
0.178
0.265
0.075
1.05
0.219
0.092
0.061
1.409
1.265
2.11
0.125
0.27
0.409
0.97
0.026
0.065
2.953
1.256
4.466
2.204
2.369
1.482
0.342
1.928
0.693
0.229
0.096
0.024
1.779
1.215
0.164
1.454
0.065
0.062
2.01
0.76
1.653
8.284
2.544
0.285
0.215
6.542
0.491
0.207
0.277
0.062
0.99
0.306
3.785
1.707
1.196
0.038
0.06
0.079
0.155
1.934
2.259
1.313
0.131
5.812
1.991
0.345
0.045
0.05
0.09
1.15
0.856
4.837
0.264
0.062
0.049
1.451
1.256
2.212
5.398
11.154
3.852
4.167
1.624
6.051
0.048
2.921
2.218
5.12
0.304
1.939
0.193
0.25
1.987
3.808
4.383
1.368
1.914
0.233
0.132
1.95
1.335
0.015
3.086
2.474
1.765
2.863
0.407
0.384
0.514
0.073
0.057
0.141
0.072
3.15
3.467
0.109
0.16
0.102
0.351
0.268
0.164
2.485
0.155
3.774
2.188
2.971
5.017
0.104
0.21
0.362
1.039
2.249
0.071
0.053
1.032
3.964
1.484
5.066
0.115
0.167
0.286
0.024
1.937
6.692
2.779
2.367
0.749
1.222
0.354
1.62
4.1
0.152
3.858
0.027
1.748
0.765
0.722
1.37
1.576
0.788
0.118
0.239
2.439
2.303
0.314
2.609
0.676
0.019
0.231
0.045
0.046
0.078
0.333
2.801
0.104
0.181
0.669
1.869
2.032
0.434
0.069
4.137
0.029
0.043
1.958
0.017
0.275
0.053
0.023
3.974
0.127
1.895
1.87
5.366
0.029
0.118
0.395
0.078
0.044
0.474
0.291
0.786
0.108
1.727
4.961
0.132
0.047
0.249
0.242
0.864
2.98
2.336
0.415
1.242
0.25
1.992
0.052
0.266
0.402
0.632
0.902
1.457
1.354
0.212
2.485
1.941
6.446
0.246
0.105
1.738
0.053
0.057
1.564
0.567
2.147
0.478
0.022
0.169
0.666
5.846
2.374
0.08
2.123
3.034
0.029
2.234
0.61
0.26
0.181
0.024
0.556
0.036
1.813
3.105
0.383
0.113
4.174
2.831
2.719
0.062
0.031
0.16
0.157
1.985
0.306
8.587
0.051
0.181
0.112
0.246
0.213
0.106
0.679
0.971
6.426
1.873
0.039
0.429
0.177
0.017
0.353
0.126
2.988
3.364
0.058
0.046
2.044
2.603
0.076
0.114
0.073
0.558
1.616
0.449
2.248
4.877
0.118
3.801
4.226
0.08
0.062
0.054
0.057
0.025
0.191
0.721
1.0
0.227
0.512
0.025
1.762
0.641
1.73
0.19
6.709
0.235
0.358
0.173
0.223
0.404
0.082
2.58
0.181
0.047
1.959
0.068
0.166
1.695
2.022
2.557
0.072
0.055
1.773
0.05
0.102
2.828
0.064
0.057
1.934
0.181
1.45
0.712
2.363
0.191
5.132
0.321
1.933
1.982
0.158
0.123
3.588
2.149
0.045
4.538
0.206
1.314
0.122
2.713
4.188
0.285
0.172
5.829
3.275
0.292
0.107
2.932
1.367
0.248
1.929
0.036
0.433
3.612
5.498
1.345
2.98
2.445
3.65
2.885
0.164
7.85
5.046
0.036
3.211
2.235
7.059
3.832
5.573
1.623
0.038
4.803
2.341
0.354
0.405
0.228
0.066
0.084
0.22
3.065
0.077
2.355
0.159
0.125
0.031
0.129
1.567
1.266
1.245
4.283
0.43
1.446
0.472
0.042
0.229
0.012
0.053
4.165
3.957
0.162
0.637
0.618
2.423
6.593
1.623
0.065
1.685
9.033
0.255
1.962
1.512
1.663
1.179
0.095
2.554
1.604
0.094
0.034
2.566
3.28
0.066
0.092
0.345
2.06
2.245
0.035
0.12
0.091
0.079
0.102
1.017
0.042
0.695
1.721
1.537
0.218
1.837
4.419
2.394
0.143
1.089
0.054
0.128
0.182
0.473
1.963
0.77
2.203
0.057
0.103
1.979
3.006
0.336
2.133
0.053
0.109
1.123
1.76
0.219
3.849
0.021
1.403
3.224
0.417
0.648
1.881
1.919
0.265
0.093
4.555
0.075
0.03
0.048
0.083
0.138
1.541
1.986
0.073
0.022
0.045
1.605
0.035
0.224
0.37
0.096
0.243
0.236
0.347
3.673
1.272
0.84
0.204
4.461
3.362
0.298
1.34
0.25
3.501
6.722
2.96
2.193
0.547
2.44
0.422
0.155
0.218
3.527
0.462
2.445
2.316
0.047
3.425
0.036
1.075
0.648
0.089
5.996
0.057
0.052
0.165
1.73
1.212
0.047
2.312
4.23
0.056
1.502
0.253
0.049
2.356
0.025
1.351
1.611
4.607
1.213
0.066
1.208
0.025
3.241
1.504
0.165
0.068
2.651
0.118
2.322
1.176
2.086
0.055
0.042
0.171
0.486
0.159
3.019
1.984
0.066
3.865
0.983
0.041
0.06
0.557
4.758
3.393
0.887
0.197
0.074
0.084
0.045
1.252
0.072
1.085
0.772
5.113
0.048
0.137
0.174
0.293
2.352
1.48
0.376
0.595
1.388
0.076
0.901
4.657
14.38
5.181
0.076
0.159
0.29
0.039
1.638
0.223
1.971
0.059
3.086
1.573
0.127
3.948
0.314
0.3
1.399
0.037
1.37
0.902
0.104
2.292
3.206
0.113
0.111
0.117
0.572
0.226
1.96
0.143
0.24
0.366
1.489
8.022
3.781
0.668
0.436
0.579
0.179
0.062
0.997
1.979
1.193
2.824
0.089
1.183
0.027
1.086
2.6
2.446
1.683
0.049
1.255
2.606
4.699
2.403
6.092
3.187
0.033
0.328
1.884
0.226
0.026
0.27
0.258
0.256
1.234
0.223
0.131
0.051
1.641
0.098
3.802
0.129
1.754
0.133
0.048
0.3
0.039
0.05
2.805
1.63
0.349
1.565
3.768
0.458
2.455
0.289
2.159
0.578
4.555
3.861
3.883
2.738
5.031
3.865
0.013
1.318
1.041
3.032
0.084
0.024
4.627
0.664
0.264
3.871
0.075
0.496
0.023
0.173
1.941
1.46
6.146
0.057
0.035
0.122
5.173
0.249
0.023
0.515
0.228
3.345
1.882
2.566
0.076
0.452
4.243
2.459
0.049
1.57
0.753
0.216
0.22
1.669
0.057
1.46
0.02
0.293
2.842
0.296
1.55
0.19
0.064
0.074
2.557
3.434
0.04
2.0
3.771
2.067
0.234
0.031
2.599
0.023
5.181
0.053
0.023
2.421
0.217
6.639
1.705
0.153
1.135
0.081
2.269
2.608
2.581
0.02
0.088
3.844
0.465
2.238
4.579
0.901
0.235
0.051
0.363
0.18
1.131
8.621
0.092
5.571
0.096
0.257
0.04
5.498
0.051
0.038
0.021
2.57
0.172
0.038
0.142
0.155
0.047
1.574
4.123
0.332
4.068
0.042
1.843
0.192
0.046
1.306
0.326
2.013
2.996
0.577
1.617
1.537
0.332
0.307
0.243
4.257
0.067
0.091
0.184
1.441
2.49
0.251
0.138
1.437
0.284
0.031
1.677
1.786
0.58
4.038
3.172
8.688
0.066
0.346
0.039
0.408
0.018
1.637
0.666
0.115
2.528
0.21
1.778
0.02
0.968
0.204
2.333
0.153
0.981
4.931
3.412
1.68
0.238
0.05
0.021
0.221
0.065
0.192
0.181
0.163
0.573
0.901
0.134
1.046
9.001
2.811
1.422
0.098
0.91
0.222
5.737
0.154
0.131
1.302
1.897
5.841
1.263
0.963
1.871
2.969
1.479
2.812
2.413
0.038
0.188
0.078
0.033
0.017
3.289
6.092
8.585
0.024
2.222
0.105
0.294
0.085
2.115
0.44
0.424
0.591
2.237
0.148
1.968
2.591
0.12
0.13
7.746
5.241
1.072
1.822
0.034
2.347
0.083
1.864
0.122
0.2
0.069
2.48
1.524
0.145
2.178
2.411
0.072
0.123
1.383
0.233
0.145
0.289
1.652
1.217
0.375
0.532
0.031
2.947
1.206
0.13
1.021
2.995
3.65
0.19
0.29
2.236
0.417
0.063
0.225
3.216
5.976
0.025
0.109
0.141
3.122
1.586
1.59
0.296
1.722
3.107
3.724
3.888
0.026
1.019
0.338
0.163
1.164
0.137
0.113
4.842
1.719
1.061
2.442
2.097
0.619
0.043
0.144
1.571
2.512
2.8
4.365
4.192
2.605
0.489
2.444
0.477
2.756
2.149
1.885
1.56
0.153
0.051
0.054
0.231
1.967
1.9
0.252
1.59
0.036
1.635
0.301
0.066
0.02
0.054
0.087
0.022
1.561
0.337
0.216
2.886
3.713
4.33
0.322
1.643
0.091
10.878
2.567
0.076
1.684
3.658
0.387
0.084
0.207
4.045
3.097
2.099
2.035
0.086
2.341
0.083
2.902
0.017
1.522
1.954
0.043
0.116
1.799
1.532
3.533
1.169
8.775
3.117
0.162
0.035
0.123
0.079
0.426
0.039
1.819
1.514
0.854
0.122
0.257
1.818
0.36
0.218
1.244
0.024
0.357
2.165
5.608
0.086
0.069
5.063
0.044
0.084
0.163
1.662
0.072
0.188
1.898
1.416
2.16
1.529
3.751
5.775
1.996
1.259
0.064
0.167
3.45
2.497
2.387
3.026
0.131
1.978
1.455
2.124
0.032
2.653
1.501
5.249
0.565
2.444
1.523
0.247
0.541
3.728
3.858
0.097
0.363
0.24
0.122
2.843
0.125
2.231
2.509
6.226
2.393
0.928
0.322
0.287
2.113
1.681
0.036
0.047
0.203
0.055
1.277
1.282
2.073
1.655
4.667
2.92
0.02
0.032
0.129
4.814
0.324
1.272
1.171
2.66
0.251
0.975
0.286
0.261
0.856
0.139
0.107
0.203
1.616
0.084
4.627
0.74
0.018
0.222
0.159
1.33
3.103
1.39
0.076
0.366
0.034
1.138
0.07
1.927
0.116
0.078
0.516
0.35
0.041
1.696
0.063
0.049
1.545
0.066
0.133
0.914
0.081
1.243
0.092
1.966
1.565
0.061
0.946
1.92
0.329
1.31
0.11
3.268
0.086
0.038
0.195
2.755
5.1
5.964
1.147
0.064
0.145
0.249
0.292
0.217
6.402
0.708
1.334
0.026
3.863
3.692
1.451
2.001
0.556
0.133
0.052
0.671
0.049
4.227
0.054
0.114
3.724
5.057
1.452
2.483
0.444
1.22
1.247
6.518
4.99
0.405
0.49
0.182
1.065
0.158
1.158
0.085
0.315
1.018
0.319
0.113
0.106
1.124
3.448
0.093
0.78
0.051
2.238
1.597
0.099
0.109
0.058
0.04
1.612
3.048
3.582
0.186
1.902
0.093
0.107
0.265
1.611
4.463
2.615
2.785
2.276
0.174
0.05
2.286
1.519
1.72
0.085
1.236
0.093
0.171
3.173
3.196
0.074
1.845
0.13
0.21
1.687
0.353
0.137
5.513
6.396
0.161
6.289
2.098
1.394
0.28
6.98
1.213
0.226
0.069
0.047
1.901
0.06
1.175
0.031
1.65
3.67
13.173
0.155
0.258
0.296
0.188
2.586
2.626
4.744
1.935
2.73
1.656
4.484
0.059
0.288
0.164
0.032
0.376
4.172
2.126
1.53
1.873
6.341
3.136
1.874
2.826
1.676
0.138
3.039
0.08
1.73
0.087
2.306
0.06
5.849
3.808
0.108
0.339
2.817
0.378
0.23
0.567
3.802
1.308
2.171
0.155
0.05
0.087
0.143
0.165
0.044
0.021
0.364
4.351
0.492
0.267
1.598
0.123
3.5
0.026
3.303
0.131
0.081
0.447
6.531
2.289
2.044
0.164
0.245
0.204
1.792
0.236
1.965
0.552
2.416
0.831
0.148
2.352
5.795
0.694
0.284
0.153
0.936
1.73
0.822
0.651
3.162
2.553
2.741
1.504
1.829
0.752
0.051
0.065
0.139
2.904
0.036
0.011
0.332
0.284
0.09
2.466
0.919
4.027
4.234
0.056
3.003
1.432
3.749
0.242
0.249
0.213
1.682
2.464
2.136
1.99
0.172
3.39
0.481
1.629
1.891
0.408
4.432
0.067
0.047
0.239
0.061
1.444
0.03
3.414
1.562
1.234
0.044
0.238
0.493
1.376
0.565
1.203
1.659
0.499
1.862
0.071
0.197
0.168
0.197
0.299
4.051
2.675
0.061
0.133
0.043
0.091
0.145
0.644
0.045
1.586
2.207
0.296
0.179
0.1
1.869
0.621
1.661
0.08
2.886
1.677
0.042
5.769
2.193
1.763
1.724
2.721
1.892
0.218
5.008
0.349
0.028
0.16
0.658
1.25
1.493
2.679
3.604
0.15
0.014
0.136
1.846
0.073
0.151
2.388
2.569
3.794
0.095
0.049
3.624
0.382
1.998
0.881
0.447
0.021
1.82
2.756
0.218
0.053
2.901
0.092
0.051
0.284
2.273
2.015
0.076
1.496
0.097
1.482
0.784
0.55
0.159
0.528
0.202
2.12
0.028
1.487
4.194
0.151
1.661
0.381
0.029
5.151
0.021
2.838
3.871
2.9
0.07
1.428
0.075
2.298
3.779
1.106
0.252
0.086
0.016
0.111
2.829
7.41
0.044
1.528
1.789
0.063
0.069
0.979
0.288
2.256
0.173
1.677
0.285
1.905
3.511
0.181
0.245
3.867
1.425
1.583
0.058
0.16
0.181
0.123
4.737
0.06
2.499
3.615
0.305
1.797
0.247
0.581
0.169
8.919
0.26
2.27
0.057
1.859
0.18
0.054
0.119
1.427
2.412
0.572
0.196
2.109
0.046
2.546
1.849
0.245
0.045
0.347
1.166
0.616
1.442
0.073
0.069
0.02
1.629
0.334
0.033
0.073
0.296
1.223
0.415
0.077
1.659
5.701
0.692
2.115
3.0
0.058
0.175
2.811
0.268
0.559
3.57
0.616
0.421
1.668
0.087
2.314
1.063
0.55
5.159
1.673
0.149
0.585
1.694
0.146
0.281
2.214
0.463
0.372
2.236
5.802
0.054
2.041
2.839
0.058
3.189
3.023
3.412
0.034
4.164
3.484
2.626
0.033
0.066
1.378
2.224
0.466
0.259
14.668
3.838
0.631
0.116
0.829
0.213
0.059
0.082
2.747
0.161
0.207
0.041
2.528
0.416
1.88
2.53
1.955
0.096
1.515
0.225
0.018
1.468
2.214
1.272
1.159
2.728
1.763
1.412
0.116
0.039
0.101
0.028
0.028
2.137
0.28
1.427
2.123
2.156
1.131
0.211
0.086
0.076
2.083
0.12
0.25
1.44
1.61
0.099
0.048
0.389
0.188
1.231
1.104
1.755
0.592
6.705
0.112
3.299
0.352
2.385
0.049
0.033
7.523
2.683
0.117
2.465
5.791
0.173
0.92
0.884
1.267
1.514
2.14
0.299
0.076
1.159
0.14
0.036
1.859
1.16
0.792
0.544
0.056
1.781
4.1
2.431
0.041
0.166
0.433
1.698
0.091
1.286
0.145
0.499
1.462
0.964
0.408
3.563
2.387
0.273
0.189
2.043
1.387
0.153
2.002
0.191
2.703
0.016
0.061
1.041
0.174
7.599
4.382
0.207
0.42
0.055
1.076
0.054
0.219
2.342
0.041
1.997
0.04
0.314
2.534
2.017
0.902
0.025
0.167
0.027
0.288
1.774
0.076
1.71
2.696
0.164
0.357
0.403
5.19
1.32
9.977
0.056
1.199
3.893
6.265
4.103
0.572
0.28
0.083
0.043
2.987
4.207
0.021
0.057
0.143
0.588
7.302
1.355
0.027
1.488
1.544
0.127
0.202
0.141
2.94
0.751
2.341
2.062
0.036
0.229
0.134
0.051
0.147
2.474
2.062
0.192
0.546
0.028
0.137
10.485
0.013
3.537
1.312
0.127
1.331
0.079
5.581
1.978
0.052
0.711
0.228
0.058
2.209
0.117
2.879
0.046
0.094
0.737
2.669
0.117
1.807
0.255
0.577
2.736
0.018
0.075
0.185
0.501
0.122
0.04
1.47
5.925
0.47
1.614
0.02
0.593
0.214
0.485
5.181
0.08
0.046
0.322
1.341
0.089
0.037
3.71
1.892
3.15
1.617
0.404
3.058
0.456
0.195
1.701
0.273
3.646
9.688
0.813
5.004
4.593
5.211
1.514
3.944
4.092
0.026
0.42
0.09
0.332
0.039
0.045
0.187
2.807
0.327
3.097
0.03
1.474
4.375
0.022
0.027
0.042
0.122
0.479
0.066
4.989
1.792
1.412
2.437
0.546
0.052
0.094
0.244
2.166
5.91
0.04
5.13
2.258
0.502
1.909
0.136
1.565
0.8
1.253
0.089
2.035
2.507
11.761
3.029
0.713
2.952
0.039
0.17
0.266
14.38
0.046
0.028
0.159
0.662
0.115
0.031
2.974
2.205
0.04
4.697
0.561
0.025
2.122
0.126
2.133
1.73
0.538
0.479
1.574
0.105
0.107
1.992
0.602
0.087
0.11
0.28
3.0
3.467
4.615
0.573
2.685
1.326
0.071
0.486
2.651
0.936
1.473
3.55
0.094
1.104
1.849
0.073
3.7
1.256
2.177
1.754
2.465
0.143
0.116
0.022
0.152
0.546
0.855
0.791
0.331
0.059
0.046
0.06
0.159
1.52
0.341
0.049
0.641
3.261
0.034
0.17
0.476
0.055
0.623
0.057
2.975
0.047
1.543
0.065
0.265
0.041
4.079
1.687
0.142
0.284
1.109
0.016
0.918
1.127
0.778
3.095
0.375
0.609
0.168
0.18
0.246
0.375
0.09
1.423
1.404
4.159
2.342
0.614
0.398
3.066
1.489
0.015
0.1
2.292
12.327
0.172
6.289
1.658
3.002
0.148
1.878
1.185
2.972
0.057
0.97
0.052
0.026
1.423
0.227
0.189
0.021
3.83
0.277
3.105
5.164
0.159
0.127
4.031
0.2
1.481
1.243
0.111
0.463
4.451
1.594
0.147
13.701
0.085
3.165
1.294
4.121
0.951
4.825
0.086
0.085
0.455
2.448
3.772
0.05
0.065
0.086
0.028
0.495
0.931
0.353
0.091
3.199
0.965
0.045
0.178
0.357
3.844
0.314
0.067
1.853
4.469
4.315
0.307
0.071
0.215
3.066
1.767
0.24
0.018
0.299
1.802
0.22
0.039
0.206
0.113
2.659
0.228
0.058
0.066
3.408
0.441
1.144
0.122
4.318
0.291
0.112
0.147
1.806
0.063
1.196
0.144
1.755
5.598
0.088
1.637
3.519
2.926
0.023
1.187
0.443
0.044
0.277
1.54
1.765
9.834
1.189
1.52
2.634
1.499
3.02
5.69
0.204
0.467
0.023
1.397
4.41
0.432
0.964
2.386
0.245
7.064
0.073
3.664
0.35
2.644
0.43
0.141
0.045
1.159
0.049
1.005
0.04
0.95
7.816
0.105
3.408
0.13
1.198
7.201
0.252
1.45
0.112
1.392
0.453
4.403
3.396
2.795
2.264
1.42
2.092
1.676
1.21
2.9
2.665
0.125
0.805
1.571
2.101
0.058
0.43
0.113
0.112
0.216
0.049
3.189
0.187
6.455
3.224
0.279
1.643
0.042
0.087
0.085
0.201
0.079
0.05
2.053
0.475
2.566
2.125
0.072
0.042
1.185
0.345
0.089
1.531
0.095
0.306
0.078
2.664
0.154
0.371
0.843
0.245
0.665
2.355
2.554
0.07
0.091
0.064
3.356
1.207
1.131
2.952
1.515
0.039
1.207
2.377
0.08
4.449
0.126
0.681
1.717
0.04
1.548
1.275
0.237
3.729
0.022
0.193
0.682
0.058
0.081
1.76
6.723
0.06
1.2
0.068
0.039
5.261
0.181
0.107
3.152
15.235
4.138
2.114
0.184
1.905
3.592
1.389
0.037
0.231
0.471
0.13
0.056
1.741
3.553
2.805
0.059
7.299
0.031
0.062
1.777
0.11
0.055
3.539
0.035
0.099
0.067
0.955
1.867
4.796
0.265
2.985
4.189
0.134
0.695
0.097
1.564
2.044
3.67
0.47
0.19
0.315
1.477
0.223
0.185
2.725
2.828
2.949
0.113
0.128
1.812
3.377
0.043
0.056
6.152
1.567
1.468
3.151
0.174
2.393
0.79
2.472
4.536
0.09
0.557
0.033
0.073
3.786
0.092
2.31
0.014
3.652
1.852
0.173
0.395
0.059
0.14
2.482
0.209
0.847
0.648
0.036
0.282
0.111
0.608
0.312
0.269
2.205
1.809
0.034
0.263
5.935
1.95
0.028
4.372
1.302
2.921
2.869
0.063
0.046
0.114
9.188
0.098
1.304
0.155
4.636
0.389
0.438
1.2
2.714
0.474
1.583
0.966
3.274
1.918
0.255
0.058
3.268
0.023
8.272
0.073
0.055
0.649
0.434
3.413
0.728
0.422
1.223
4.302
1.898
1.659
3.964
0.072
0.123
0.41
2.629
2.437
0.09
1.376
0.106
7.548
0.329
0.188
1.551
0.229
5.458
0.047
1.142
0.172
0.147
0.074
2.323
0.065
1.355
0.205
0.026
0.396
0.073
0.093
0.308
0.11
3.387
0.102
0.128
0.254
3.056
6.258
0.412
0.045
0.498
1.254
0.287
0.23
1.654
0.984
0.042
3.488
0.905
0.21
0.127
2.251
0.029
1.055
0.085
3.31
3.775
0.026
1.413
0.138
0.799
0.057
2.029
1.529
0.264
0.07
0.181
0.857
0.064
2.361
0.047
0.119
0.64
0.523
2.512
0.774
4.473
2.576
1.359
1.947
1.451
1.111
1.58
0.03
0.8
0.468
0.039
0.078
0.048
0.064
7.277
0.118
3.545
0.528
2.013
0.277
0.864
0.162
0.179
0.157
0.394
0.097
1.373
0.023
0.071
0.072
2.852
1.269
2.09
0.169
0.121
0.109
0.1
2.717
0.036
0.18
0.058
0.076
1.505
0.49
0.235
0.184
2.786
0.128
3.073
2.236
0.087
2.01
0.117
2.874
0.203
0.651
0.103
2.188
0.184
0.363
0.755
2.784
2.594
0.375
1.6
1.695
0.183
0.342
4.509
0.198
1.607
0.107
8.172
10.627
0.208
0.094
0.077
5.581
2.427
0.698
1.046
0.687
0.029
0.39
0.074
1.454
1.986
0.067
0.192
0.105
2.47
0.115
1.136
3.674
0.159
0.207
1.979
0.221
2.183
3.247
0.068
4.101
0.04
0.203
0.074
0.304
0.138
0.053
0.033
7.126
11.063
6.744
1.528
1.997
1.724
0.05
0.07
2.348
1.765
2.172
2.089
1.758
1.527
1.657
0.258
0.081
0.204
0.099
0.197
3.862
1.24
6.195
0.287
0.414
0.073
6.782
3.873
0.302
0.179
0.096
0.314
2.187
8.115
0.056
3.528
1.965
0.043
0.341
0.059
0.074
0.136
1.977
1.966
1.609
2.283
0.779
2.562
0.248
2.064
0.061
1.467
0.094
0.031
1.617
1.488
0.471
0.038
0.356
0.173
0.381
0.043
1.205
0.111
1.477
0.023
1.929
0.842
0.071
0.894
0.304
0.136
1.877
1.914
2.277
0.032
0.174
0.159
1.138
5.29
0.167
2.336
0.116
3.562
6.367
0.225
2.377
0.245
3.57
2.136
3.331
0.321
0.019
2.322
0.373
0.086
0.063
9.052
0.019
0.206
0.07
4.737
1.104
4.48
2.328
0.019
0.108
0.169
2.745
12.439
0.116
0.316
0.707
3.545
0.078
6.334
1.537
0.046
6.259
0.022
0.048
0.076
0.226
0.184
0.086
2.855
0.872
0.191
2.857
0.075
0.042
2.921
1.972
0.119
0.419
0.28
0.05
0.081
0.096
2.796
3.538
0.942
0.193
1.103
0.167
3.52
0.097
4.142
0.034
0.154
1.871
4.001
0.712
0.024
5.069
0.178
5.324
0.71
2.218
0.028
1.562
0.062
3.982
0.125
0.136
3.853
6.02
2.169
0.408
0.371
1.829
2.583
0.123
0.092
0.154
0.092
0.604
0.199
0.033
0.061
0.184
0.152
1.792
0.062
0.063
0.558
1.218
0.065
0.113
0.105
0.055
1.791
0.128
3.253
0.114
0.443
0.076
0.21
0.106
1.768
0.221
2.467
0.162
2.362
0.208
0.012
0.359
0.156
0.244
2.169
0.606
3.05
0.769
2.877
1.991
2.808
1.34
0.095
0.865
0.121
3.628
0.55
0.105
3.119
0.058
0.032
5.999
0.198
0.342
1.729
1.844
3.957
0.174
0.264
2.193
0.075
2.656
1.572
1.801
4.139
2.322
0.074
0.037
0.118
1.379
0.131
0.104
0.115
5.134
0.521
1.346
1.654
0.05
0.06
3.453
0.018
0.163
0.278
0.028
0.142
1.221
0.422
2.998
0.179
0.036
3.724
5.805
2.598
0.097
0.042
4.811
5.234
0.248
1.59
0.122
1.034
0.152
0.098
1.782
2.12
2.49
1.926
0.194
2.328
0.048
5.193
0.334
0.248
0.095
0.166
1.204
1.907
0.063
1.748
0.234
0.108
0.053
0.127
1.773
0.15
5.998
0.104
0.271
0.307
8.057
1.402
0.65
0.244
4.923
1.393
0.091
0.102
1.813
0.148
0.383
0.094
2.388
2.678
0.033
0.104
5.714
2.254
1.552
0.148
0.117
0.079
2.549
3.578
0.074
2.368
1.814
2.127
0.042
0.037
1.373
0.053
0.096
0.044
0.372
2.576
0.104
0.16
0.062
0.064
1.883
2.431
0.104
0.255
0.3
1.086
4.143
0.088
0.095
0.02
3.021
0.452
3.162
1.089
4.372
5.607
3.783
0.138
0.114
6.476
0.051
0.072
1.142
0.069
0.142
0.061
7.49
0.559
0.148
0.123
1.896
0.035
0.136
0.345
1.079
1.268
2.026
1.194
5.028
0.231
1.793
2.877
0.248
0.269
0.274
2.289
5.804
0.441
0.367
0.055
4.822
0.911
0.034
0.018
1.717
0.054
0.089
2.131
0.072
1.978
0.159
1.555
3.778
5.445
0.027
0.544
1.188
1.432
3.849
0.584
9.031
0.338
0.149
0.754
2.004
1.764
3.332
1.86
0.248
0.484
0.028
1.113
3.126
6.698
0.547
0.477
4.909
0.09
2.841
0.138
0.136
0.055
0.058
2.308
0.114
0.3
1.344
3.479
0.073
1.607
5.071
0.14
2.024
0.023
3.408
2.654
2.539
0.065
0.065
2.091
0.164
0.715
0.768
1.429
0.034
0.039
3.315
1.494
0.192
3.185
2.091
0.099
0.23
0.551
1.505
0.097
2.333
0.218
0.156
0.29
0.464
0.086
0.389
0.097
1.153
0.077
3.775
0.11
0.076
11.894
2.341
0.058
1.759
1.389
1.582
1.622
0.488
0.416
0.503
1.634
0.882
0.133
7.861
0.23
7.163
2.662
2.787
0.169
0.125
1.411
0.665
2.955
0.535
3.152
0.252
2.169
0.79
2.084
2.595
0.355
11.479
2.493
0.53
0.227
0.344
0.036
0.829
0.087
1.807
1.738
1.784
0.552
0.095
5.555
0.012
0.077
7.234
0.531
1.319
0.241
0.1
0.163
0.055
2.673
0.357
3.035
0.036
2.582
0.098
3.418
0.25
0.123
0.653
2.924
0.726
0.235
0.57
0.135
5.059
2.762
1.411
1.452
3.102
0.282
0.395
5.019
0.048
1.335
0.638
0.132
3.719
0.274
2.797
0.165
0.083
1.838
0.732
0.155
0.676
1.096
5.05
4.797
0.096
0.119
2.224
1.588
1.126
0.164
0.108
0.428
1.423
1.786
2.148
1.401
0.065
1.434
0.027
0.056
0.114
0.031
0.332
0.313
1.344
1.806
1.457
1.441
0.188
1.112
0.147
3.025
4.389
0.145
0.129
0.268
2.196
0.164
1.567
0.105
0.088
1.142
2.202
4.216
0.301
1.999
0.424
0.048
1.268
4.174
0.097
1.311
0.068
6.097
2.723
0.075
1.176
0.141
0.224
1.206
5.082
0.189
2.192
0.203
2.256
0.164
0.34
0.257
2.052
0.553
0.18
0.637
7.367
0.041
0.474
1.25
1.817
2.161
0.08
0.201
0.326
1.585
0.147
0.034
0.073
4.133
0.191
0.268
0.042
4.864
0.06
0.619
8.311
0.451
1.647
0.05
4.142
2.061
0.088
3.144
0.501
0.096
0.029
6.746
0.246
2.695
0.319
1.224
0.493
0.041
1.216
0.963
0.151
0.065
0.053
0.037
1.128
1.139
1.51
0.661
2.028
0.059
1.849
1.855
0.086
0.463
0.11
0.14
1.572
0.549
0.822
0.047
3.078
0.558
2.843
0.143
0.228
0.37
1.018
0.069
0.288
1.476
10.761
0.094
0.064
0.39
0.06
0.408
3.987
0.337
2.202
0.107
0.049
1.833
6.073
0.051
0.542
0.052
0.136
1.279
2.955
1.433
1.781
3.901
0.023
0.137
0.028
0.032
0.729
2.331
0.103
2.739
0.527
0.127
0.035
2.313
0.049
0.051
0.1
1.875
0.15
0.078
5.323
2.381
2.194
0.184
1.237
0.035
0.035
1.582
0.055
0.348
2.226
3.206
0.087
0.041
0.078
1.615
0.153
0.049
0.616
4.906
2.254
0.06
0.119
0.184
0.397
0.752
0.126
3.179
0.018
0.329
2.464
0.205
0.214
0.033
0.552
1.641
0.09
0.196
2.183
2.052
3.796
7.875
0.047
0.033
0.054
1.394
1.077
1.494
0.046
1.103
4.35
2.097
0.078
1.517
0.451
0.227
1.265
1.119
1.675
1.732
0.138
1.698
3.479
0.048
0.213
0.055
0.313
0.14
0.308
1.214
1.533
0.163
10.005
0.2
0.04
0.109
1.495
4.352
1.719
2.077
0.139
0.019
0.137
0.125
2.069
2.936
7.035
0.622
0.22
0.044
3.453
0.31
0.104
0.4
0.07
5.825
0.163
0.226
0.054
2.972
1.715
0.762
1.401
0.018
0.038
0.028
2.404
1.044
1.389
0.083
0.219
1.441
4.732
2.528
0.073
0.028
1.505
0.056
3.617
0.107
0.026
1.64
1.798
0.53
0.036
0.098
1.916
0.183
1.888
0.295
5.055
0.329
4.524
0.677
1.734
1.342
0.073
0.655
9.168
1.161
3.088
19.32
2.009
0.11
0.033
2.512
0.04
0.103
0.778
2.531
4.091
4.584
0.018
0.136
2.208
3.201
0.874
6.4
1.642
1.486
3.122
9.742
0.516
1.766
0.125
0.196
6.129
0.839
0.79
7.294
2.11
0.53
0.183
0.174
0.18
0.051
0.729
0.08
0.284
0.078
1.562
0.883
0.944
0.069
0.088
0.065
0.082
0.122
0.05
0.231
6.852
0.035
2.613
0.107
1.538
0.182
1.345
0.504
2.161
0.284
0.044
1.21
4.856
0.046
0.026
7.23
1.257
0.128
0.085
0.061
2.052
0.292
0.044
0.076
0.467
2.861
0.159
1.53
0.812
0.181
3.259
5.476
0.135
0.308
3.501
0.352
1.069
2.139
0.136
0.049
2.968
3.29
6.151
0.052
3.431
0.059
4.587
0.051
3.629
5.739
0.053
3.295
0.957
1.556
2.722
1.165
0.082
1.119
2.0
0.303
0.233
0.078
2.067
1.236
0.284
2.835
0.21
6.305
0.474
0.045
0.026
0.094
0.061
0.266
3.612
2.009
0.661
1.239
0.1
6.783
0.325
2.787
1.375
0.444
0.206
2.436
0.163
1.943
2.804
0.574
0.454
0.087
0.078
1.137
0.349
2.766
2.763
0.376
4.133
0.636
0.453
2.494
0.052
0.098
1.407
0.192
0.072
0.398
0.194
0.224
0.055
0.311
0.678
1.664
0.019
0.273
2.165
0.955
0.161
0.307
0.44
1.878
1.343
6.318
1.567
1.782
1.191
2.672
0.202
3.295
0.352
1.878
0.695
2.287
1.067
0.034
0.515
0.917
2.788
7.359
1.624
2.81
0.088
0.789
3.997
0.432
3.866
1.822
0.153
0.517
2.022
7.527
0.34
0.042
1.893
0.024
0.039
7.303
0.539
1.942
3.326
1.721
1.339
0.203
2.932
1.206
1.225
3.317
0.947
0.047
1.63
1.078
1.776
0.328
0.078
0.243
3.163
1.247
1.338
0.066
1.568
1.668
0.835
0.117
3.672
0.1
3.217
1.81
0.031
1.338
0.375
0.906
0.048
0.203
7.532
5.287
0.049
0.098
0.314
6.502
1.116
0.131
4.084
5.594
0.09
0.099
1.092
0.177
0.292
0.241
0.1
0.025
1.228
1.18
0.043
5.762
0.039
0.766
0.167
0.2
0.105
0.125
1.65
0.075
0.059
3.138
0.123
2.478
0.182
1.701
0.182
1.793
0.02
0.226
5.356
3.332
0.259
1.02
3.601
0.131
3.165
1.757
0.359
0.255
0.238
0.27
0.827
4.266
11.584
0.473
2.075
2.103
0.093
0.77
0.025
0.072
0.067
3.269
0.124
0.212
1.352
0.028
1.699
0.15
6.123
2.02
0.023
0.118
4.323
0.031
0.303
0.132
1.491
0.094
3.434
0.366
0.105
3.715
0.342
0.075
1.713
0.065
2.282
1.182
0.066
0.271
0.925
2.227
1.808
1.151
0.056
0.244
0.124
0.046
0.369
1.213
1.462
0.484
0.03
3.514
0.026
2.489
1.613
0.262
0.064
2.208
0.224
0.044
0.246
0.202
0.149
3.526
1.032
0.585
1.545
0.094
0.297
1.956
0.153
4.734
0.991
0.026
1.731
1.573
0.45
0.129
0.574
0.078
0.056
3.672
7.78
0.12
0.56
2.764
2.719
0.097
0.091
0.203
0.194
0.751
0.129
0.036
0.025
0.504
3.762
2.597
0.251
4.442
1.482
2.774
0.236
1.585
3.816
0.377
1.411
2.851
1.195
0.058
0.395
0.03
1.821
0.135
4.15
0.107
1.972
0.065
5.862
0.131
1.478
1.661
0.041
0.916
0.061
0.41
3.469
1.121
4.006
0.049
1.42
1.487
0.09
0.208
0.025
0.041
2.464
1.555
0.255
2.199
2.384
0.936
0.193
6.21
1.34
5.431
0.059
0.419
1.535
0.079
0.061
0.08
7.907
0.079
0.037
2.514
0.958
3.469
3.74
0.07
3.491
0.479
0.03
0.086
0.206
0.175
9.701
4.051
0.092
3.406
1.751
0.246
1.474
1.483
0.103
1.76
0.03
0.077
3.211
4.165
1.994
0.477
0.028
0.241
0.283
1.536
0.21
4.669
0.049
0.086
0.261
2.032
0.258
0.287
3.027
0.067
0.072
0.154
0.205
4.433
0.164
0.524
0.65
0.149
0.162
0.178
0.114
0.075
4.79
0.084
2.65
1.612
0.11
0.041
0.559
0.195
1.646
1.836
0.268
3.754
2.869
0.281
0.043
0.056
0.02
0.113
2.453
0.047
1.887
0.055
0.095
2.189
0.13
2.379
0.249
0.303
2.089
0.075
0.162
0.051
0.692
1.506
0.304
1.625
0.052
1.559
8.694
0.562
0.065
0.319
0.172
0.284
0.489
6.687
0.072
2.288
2.225
0.037
0.889
0.079
3.502
2.221
3.534
0.562
0.08
0.155
1.724
2.081
7.073
0.818
1.571
1.433
2.1
0.527
1.777
1.477
0.058
2.268
2.651
1.728
0.165
2.358
2.722
0.022
0.146
4.871
1.511
1.773
0.874
3.306
2.845
3.695
2.521
1.897
1.887
0.205
0.055
2.338
1.215
0.103
0.14
1.536
1.597
0.312
0.255
1.797
1.737
6.179
2.663
2.521
0.109
0.252
3.404
6.986
4.313
0.03
2.17
0.27
2.845
0.229
0.041
0.084
0.113
0.192
2.68
7.004
1.654
0.043
0.378
3.389
5.028
0.6
6.453
0.396
0.147
3.455
0.689
0.108
0.075
0.056
1.329
4.918
0.665
0.083
0.093
0.069
2.342
0.017
0.308
1.297
1.937
0.049
0.284
0.017
2.305
0.167
1.375
3.227
0.139
1.267
0.993
4.188
0.105
2.539
4.466
1.424
2.361
2.114
1.134
1.998
0.375
0.166
2.784
0.052
0.311
4.765
0.058
1.441
0.359
0.114
0.2
1.662
1.152
4.101
14.045
0.937
5.784
2.608
0.359
1.399
0.076
0.194
0.01
0.153
5.531
0.783
0.199
2.762
0.074
0.265
0.116
1.634
0.099
13.213
1.26
0.044
4.933
0.219
0.089
0.092
0.9
0.128
2.301
1.675
1.881
4.655
0.286
0.099
2.165
0.252
0.456
0.217
2.414
1.639
1.154
2.791
1.79
0.134
0.592
0.276
0.18
2.7
4.193
1.865
0.17
2.159
0.028
0.078
0.228
2.445
9.873
2.899
0.216
0.728
0.052
0.108
1.162
0.101
0.098
1.216
0.04
2.764
10.236
0.043
2.356
0.056
1.689
0.036
3.185
0.308
0.158
1.646
0.051
0.099
1.576
1.902
0.044
2.353
0.146
3.466
2.061
0.415
0.209
0.11
1.69
1.58
0.383
0.78
0.858
0.209
2.75
0.999
0.323
0.05
0.891
4.369
0.052
8.114
3.387
0.329
4.079
1.814
0.046
1.386
3.157
1.636
2.9
1.219
2.76
2.847
3.557
0.223
0.048
0.21
0.235
3.469
0.034
6.993
0.078
0.352
2.011
0.062
4.66
6.45
3.249
5.157
3.233
0.029
1.853
0.053
1.476
0.642
1.757
1.874
0.352
0.46
2.848
0.09
1.155
2.763
0.498
0.804
5.831
0.291
1.844
2.899
0.253
2.972
0.52
0.209
0.661
0.111
1.536
2.21
2.12
0.024
1.974
1.826
9.134
6.189
0.388
0.386
1.289
0.099
0.191
0.282
1.989
0.704
4.032
5.898
1.087
1.58
2.519
0.111
0.028
2.409
0.819
0.027
0.104
1.3
0.067
0.149
0.169
1.304
0.127
0.443
3.68
1.517
0.515
0.317
0.366
0.06
0.046
0.863
0.604
0.442
0.13
0.233
0.27
0.088
0.626
1.348
0.813
0.48
0.035
0.306
3.407
0.058
2.752
0.106
0.492
0.515
3.764
0.128
0.048
0.342
3.264
0.059
8.843
0.043
0.149
0.155
0.191
0.185
0.022
1.505
0.104
0.195
0.133
4.515
0.147
2.498
1.836
1.893
0.27
1.417
0.355
6.519
1.543
0.569
0.114
2.152
1.625
1.961
0.076
2.439
0.1
1.981
1.042
0.842
0.194
1.234
0.203
1.265
2.47
2.154
2.428
1.086
0.31
1.013
0.211
4.96
1.285
0.039
0.072
1.078
0.207
0.086
5.32
10.573
0.03
0.077
2.661
0.301
1.278
2.18
0.056
0.031
2.999
0.045
0.137
0.139
1.589
0.068
2.539
3.058
1.107
1.35
3.562
0.065
5.525
7.148
1.332
0.131
0.46
0.241
0.049
0.318
0.234
4.945
1.277
0.073
0.156
6.404
1.213
1.159
2.684
0.662
4.419
0.095
0.024
0.092
0.038
0.142
0.028
1.844
0.71
2.189
0.04
0.297
0.125
2.071
0.114
1.266
0.083
0.241
1.542
1.88
0.683
4.793
4.002
0.411
1.366
0.253
3.725
8.284
1.642
1.488
1.477
1.252
5.448
1.605
2.726
3.087
0.1
0.43
0.043
0.884
2.889
0.154
0.089
2.339
5.004
0.511
0.36
4.292
0.511
0.079
0.139
1.259
0.175
1.265
2.961
0.455
0.63
0.04
0.243
0.092
0.182
0.161
0.113
0.102
0.533
0.287
5.734
0.181
7.067
0.137
2.167
0.151
1.234
0.594
2.921
0.263
0.476
0.057
0.112
0.289
0.187
0.139
1.732
0.221
3.132
0.158
0.287
0.043
0.759
0.358
0.361
2.524
2.214
0.028
1.226
2.088
0.151
1.444
0.052
3.712
0.036
4.014
0.213
6.751
1.105
0.905
1.997
1.922
2.882
0.212
2.765
0.035
0.136
3.329
1.402
3.036
1.88
4.832
2.457
0.083
0.057
0.353
0.079
3.337
0.035
0.178
0.069
0.034
0.053
0.863
0.426
0.248
0.027
0.466
1.562
0.028
1.61
5.016
0.771
2.193
0.794
8.296
1.662
7.73
2.875
0.577
1.413
0.174
0.125
0.1
0.127
0.118
0.086
0.89
1.759
0.542
0.158
0.793
0.204
0.085
1.583
0.127
2.508
3.503
1.671
2.861
1.737
0.246
0.071
0.115
0.278
0.043
0.101
0.104
4.732
0.504
2.598
0.026
2.098
1.841
0.299
0.026
0.149
0.26
0.642
7.869
0.129
0.035
1.68
7.739
0.05
4.979
0.048
4.35
0.517
0.034
2.339
0.184
0.124
0.05
1.512
0.098
0.279
4.97
4.186
0.75
1.933
0.066
0.219
0.741
0.078
1.727
1.328
1.408
0.022
0.029
1.068
2.648
2.109
0.052
0.02
0.096
4.309
0.356
0.093
0.153
0.067
0.726
0.073
0.133
2.943
4.515
2.249
1.556
2.092
0.135
4.545
0.208
0.463
0.223
4.119
5.684
1.365
7.678
0.036
0.236
0.075
3.256
0.561
2.223
1.991
3.213
7.993
3.903
0.753
1.337
0.222
0.557
0.269
0.032
0.117
0.049
0.146
1.487
0.099
3.257
4.428
1.011
0.897
3.476
0.121
0.426
2.608
2.291
3.351
4.096
0.043
0.668
0.048
0.192
0.351
1.644
0.247
2.697
0.782
0.427
8.611
0.13
1.283
1.412
0.958
0.055
1.419
0.139
0.18
4.998
0.587
0.161
1.075
1.414
2.121
1.183
0.37
0.053
0.202
1.534
8.41
3.409
0.093
0.754
0.324
0.072
1.388
0.561
2.857
0.346
0.049
0.983
1.917
0.02
0.197
1.922
1.42
0.562
0.538
0.087
0.312
0.05
0.059
0.169
0.042
0.207
10.224
0.1
0.165
1.945
0.103
0.129
2.953
2.277
1.227
0.177
0.1
0.048
3.867
0.035
0.434
0.081
0.072
2.436
0.391
0.115
0.561
0.093
0.137
0.142
2.387
1.695
0.18
2.268
1.593
0.057
2.582
1.338
0.175
1.508
0.053
0.424
0.184
0.48
2.655
4.011
1.586
0.033
0.077
0.582
0.076
1.714
4.145
5.326
0.095
0.116
2.173
0.259
2.799
0.603
2.4
1.67
0.038
1.352
1.126
0.191
0.246
1.688
1.108
2.167
0.066
0.501
2.165
0.099
0.177
2.767
0.376
0.115
1.346
0.462
3.373
0.355
0.281
0.062
0.039
1.666
3.82
1.368
0.042
1.878
0.026
0.049
0.14
0.225
0.013
1.415
0.052
3.004
2.926
0.035
0.101
0.187
0.586
0.152
1.636
1.322
0.487
0.122
2.183
0.062
6.649
0.28
2.022
2.12
0.932
0.168
0.487
0.017
0.065
0.03
0.055
0.969
0.168
0.214
1.994
2.422
0.034
0.631
0.027
0.048
3.247
0.098
0.649
2.252
3.082
2.481
0.417
0.384
4.679
6.195
3.369
0.611
0.039
0.16
0.065
0.334
2.202
2.232
1.5
6.33
0.206
0.137
0.351
1.501
0.306
0.078
0.266
2.788
3.105
1.65
0.374
2.856
5.611
0.119
0.284
0.058
0.103
0.241
0.061
0.084
4.372
0.146
0.588
3.603
1.719
0.109
0.215
0.245
0.063
1.821
1.977
7.593
2.882
0.183
0.307
2.23
0.123
2.036
0.19
0.24
0.061
3.317
3.74
0.045
5.111
0.713
0.349
0.07
0.379
0.133
0.099
5.437
0.198
0.118
0.03
4.704
2.95
0.13
0.043
1.451
1.464
0.601
0.145
0.163
0.597
3.286
0.028
0.985
9.613
0.032
3.792
0.115
0.129
0.63
0.104
3.35
4.006
0.093
1.299
1.286
1.795
0.229
0.525
0.058
0.808
0.029
2.968
1.444
0.025
5.355
0.073
2.689
3.934
1.417
1.187
2.399
1.003
0.059
5.074
0.1
0.047
3.393
0.27
1.595
0.071
0.591
0.633
0.079
0.301
3.203
0.119
0.927
1.359
0.186
0.173
6.464
1.53
0.217
2.433
0.588
3.736
0.716
0.323
0.135
0.053
0.884
1.546
2.997
0.98
0.141
0.628
0.246
0.351
1.517
0.032
3.717
0.062
1.783
0.484
0.349
1.5
1.818
3.242
0.096
1.627
2.395
2.951
3.347
0.948
0.029
0.067
3.991
0.252
1.128
0.132
