0.022
0.019
0.04
0.033
0.04
0.022
0.161
0.083
0.093
0.055
0.02
0.065
0.016
0.053
0.062
0.137
0.029
0.02
0.039
0.036
0.033
0.025
0.023
0.06
0.029
0.075
0.094
0.196
0.027
0.03
0.068
0.113
0.024
0.057
0.213
0.268
0.151
0.028
0.029
0.198
0.103
0.21
0.098
0.01
0.025
0.202
0.022
0.063
0.266
0.053
0.065
0.037
0.107
0.056
0.041
0.065
0.116
0.048
0.322
0.238
0.057
0.04
0.078
0.125
0.082
0.087
0.052
0.082
0.062
0.142
0.046
0.063
0.068
0.068
0.144
0.186
0.038
0.02
0.175
0.056
0.014
0.134
0.124
0.024
0.065
0.035
0.106
0.036
0.256
0.024
0.11
0.56
0.045
0.032
0.162
0.048
0.211
0.389
0.273
0.36
0.212
0.052
0.345
0.063
0.125
0.128
0.639
0.119
0.256
0.1
0.049
0.364
0.139
0.151
0.062
0.169
0.041
0.378
0.509
0.058
0.121
0.034
0.696
0.288
0.625
0.103
0.036
0.159
0.024
0.103
0.344
0.613
0.22
0.251
0.128
0.103
0.178
0.168
0.101
0.284
0.097
0.64
0.023
0.137
0.035
0.109
0.052
0.576
0.065
0.181
0.109
0.15
0.623
0.49
0.152
0.198
0.236
0.098
0.712
0.036
0.389
0.149
0.47
0.035
0.047
0.155
0.429
0.682
0.113
0.374
0.266
0.037
0.114
0.7
0.161
0.023
0.087
0.047
0.018
0.197
0.04
0.068
0.049
0.071
0.095
0.039
0.7
0.098
0.103
0.566
0.065
0.016
0.048
0.607
0.081
0.02
0.159
0.059
0.502
0.595
0.63
0.636
0.047
0.179
0.581
0.132
0.348
0.479
0.104
0.06
0.168
0.766
0.83
0.502
0.269
0.769
0.08
0.124
0.281
0.097
0.029
0.649
0.21
0.07
0.799
0.048
0.679
0.728
0.688
0.12
0.14
0.202
0.686
0.253
0.584
0.555
0.311
0.167
0.038
0.044
0.829
0.511
0.429
0.052
0.07
0.71
0.208
0.025
0.061
0.627
0.205
0.444
0.36
0.023
0.332
0.244
0.699
0.125
0.04
0.045
0.064
0.063
0.721
0.651
0.383
0.029
0.041
0.037
0.201
0.196
0.087
0.033
0.186
0.039
0.757
1.022
0.826
0.244
0.536
0.144
0.525
0.105
0.041
1.01
0.606
0.633
0.056
0.897
0.025
0.492
0.494
0.022
0.756
0.568
0.042
0.25
0.107
0.033
0.071
0.824
0.096
0.747
0.625
0.671
0.035
0.195
0.288
0.825
1.01
0.67
0.66
0.9
0.786
0.704
0.045
0.099
0.806
0.154
0.06
0.06
0.91
0.938
0.037
0.347
0.638
0.059
0.027
0.033
0.045
0.581
0.037
0.756
0.347
0.026
0.869
0.193
0.667
0.818
0.019
0.86
0.025
0.721
0.961
0.339
0.54
0.053
0.313
0.925
0.116
0.835
0.189
0.147
0.708
0.791
0.067
0.05
0.03
0.037
0.553
1.18
0.382
0.091
0.075
0.02
0.652
0.956
0.689
0.136
0.252
0.122
1.065
0.151
0.051
0.661
1.078
0.109
0.619
0.994
0.051
0.113
0.036
0.212
0.026
0.017
0.031
0.065
0.764
0.048
0.202
0.918
0.748
0.791
0.887
0.071
0.717
0.026
0.135
0.142
0.299
0.027
0.099
0.02
0.347
0.153
0.798
0.158
0.138
0.875
0.505
0.223
0.123
0.71
0.075
0.081
0.73
0.641
0.08
0.168
0.2
0.649
0.04
0.046
0.638
1.068
0.526
0.126
0.238
0.057
0.807
0.167
0.678
0.053
0.776
0.852
0.343
0.14
0.701
0.683
0.647
0.049
0.862
0.911
0.04
0.409
0.033
0.17
0.284
0.704
0.212
1.217
0.585
0.023
0.242
0.12
0.025
0.851
0.078
0.075
0.206
0.767
0.423
0.194
0.348
0.668
0.385
0.54
0.146
0.09
0.044
0.131
0.357
0.866
0.64
0.041
0.091
0.674
0.854
0.028
0.104
0.032
0.216
0.698
0.72
0.69
0.487
0.348
0.18
0.053
1.017
0.836
0.243
0.054
0.651
0.049
0.301
0.716
0.8
0.824
0.784
0.038
1.061
0.684
0.75
0.067
0.236
0.71
0.136
0.874
0.37
0.068
0.653
0.043
0.939
1.335
0.981
0.701
0.62
0.813
0.763
0.062
0.736
0.926
0.677
0.154
0.559
0.038
1.087
0.133
0.344
0.063
0.63
0.03
0.361
1.284
0.162
0.566
0.836
0.2
1.066
0.858
0.104
0.72
0.938
0.164
0.054
0.725
0.058
0.495
0.256
0.033
0.266
0.064
0.099
0.053
0.375
0.798
0.1
1.343
0.227
0.63
0.366
0.108
0.071
0.204
0.043
0.097
0.838
1.204
0.262
0.699
0.171
0.039
0.214
0.663
0.497
0.406
1.323
0.145
0.842
0.706
0.142
0.051
0.551
0.174
0.756
0.152
0.037
0.43
0.552
0.088
0.889
0.29
0.652
0.549
0.758
0.213
0.215
0.442
0.535
0.467
0.1
0.891
0.024
0.11
1.198
0.053
0.042
0.785
0.059
0.138
0.804
0.074
0.677
0.667
1.337
0.023
0.184
0.794
0.118
0.026
1.096
0.623
0.622
0.88
0.048
1.138
0.068
0.58
0.362
0.06
1.565
0.995
0.182
0.232
0.68
0.683
0.036
0.989
1.109
0.569
0.954
0.054
0.799
0.478
0.217
0.37
1.503
0.606
0.859
0.768
0.204
0.825
0.662
0.757
0.069
0.056
0.23
0.078
0.776
0.828
0.82
0.163
0.608
0.777
0.109
0.125
0.131
0.075
0.108
0.351
0.049
0.124
0.45
0.348
0.857
0.033
0.079
1.027
0.543
0.674
0.084
0.033
0.157
1.593
0.837
0.032
0.821
0.917
0.645
0.093
0.892
1.106
0.581
0.702
0.293
0.129
0.044
0.666
0.562
0.888
0.192
0.601
0.593
1.235
0.756
0.292
0.586
0.036
0.479
0.744
0.487
0.061
0.985
0.393
0.981
0.213
0.089
0.983
0.751
0.71
0.462
0.934
0.039
0.676
0.992
1.442
0.062
0.087
0.033
0.814
0.06
0.845
0.051
1.084
0.079
1.148
0.851
0.546
0.18
1.417
0.076
0.039
0.058
0.703
0.78
0.836
0.041
0.845
0.313
0.062
0.966
0.861
0.847
0.916
1.244
1.155
0.75
0.765
0.752
0.697
0.439
0.087
0.057
0.051
0.564
1.084
0.238
0.309
0.124
0.081
0.134
0.187
0.734
0.175
0.301
0.573
0.896
0.327
0.698
0.335
0.644
0.074
0.659
0.719
0.618
1.14
1.057
0.081
0.685
0.916
0.586
0.703
0.352
0.807
0.632
1.039
0.032
0.085
0.063
0.76
1.849
0.809
0.054
0.817
1.027
0.028
0.058
0.028
0.072
1.703
0.784
1.35
0.724
0.565
0.161
0.912
0.027
0.758
1.228
0.576
1.182
0.753
0.624
0.037
1.763
0.031
0.023
0.328
0.743
0.146
0.646
0.023
0.418
0.015
1.001
0.425
0.668
0.707
0.081
1.083
0.772
0.044
1.008
0.032
0.845
0.35
0.111
0.033
0.136
0.034
0.31
0.616
0.726
0.819
0.757
0.098
0.019
0.049
0.279
0.055
0.275
1.864
0.037
0.875
0.25
0.07
1.796
1.331
0.537
0.597
0.353
1.59
0.087
0.938
0.15
0.265
1.019
0.181
0.206
0.117
0.682
1.259
0.553
0.775
0.74
0.099
0.026
0.745
0.613
0.128
1.395
0.059
0.318
1.1
0.878
0.451
0.843
0.167
0.038
0.556
0.17
0.087
0.886
0.205
0.781
0.075
1.456
0.64
0.23
0.996
1.038
0.064
0.584
1.448
0.125
0.104
0.557
0.067
0.569
0.562
1.146
0.659
1.113
0.353
0.044
0.583
0.366
0.2
0.763
1.105
1.547
0.047
0.439
0.051
1.435
0.771
0.81
1.003
0.063
0.929
0.52
1.286
0.552
0.6
1.135
1.699
0.047
0.09
0.085
0.089
0.739
0.762
0.068
0.183
0.719
0.055
1.1
0.028
0.162
1.31
0.9
0.719
0.491
0.061
1.112
0.751
0.06
0.127
0.041
0.556
0.067
0.157
1.698
1.354
1.663
0.262
1.109
0.017
0.091
0.28
0.744
1.323
1.37
0.903
0.276
0.068
0.045
0.799
0.718
0.68
0.669
0.664
1.324
0.142
0.243
0.16
0.637
0.297
0.804
0.411
0.814
0.634
1.297
0.119
1.033
1.446
0.157
0.102
1.33
0.941
0.046
1.125
0.772
0.81
0.333
0.888
0.735
0.327
0.149
0.616
1.087
0.651
0.272
0.645
0.042
1.574
0.842
0.315
0.809
0.815
0.496
0.713
0.087
0.208
0.72
0.756
1.717
0.759
0.571
1.015
0.071
0.728
0.631
0.724
1.338
0.051
0.012
1.046
1.319
0.021
0.54
0.243
0.057
1.308
1.202
0.043
0.023
0.091
0.699
0.056
0.764
0.05
0.547
1.68
0.452
1.227
0.976
0.815
1.205
1.354
0.937
0.279
0.949
0.713
0.252
1.419
0.947
0.755
1.367
0.579
0.363
0.905
0.761
0.038
0.971
0.757
0.538
0.207
1.442
0.622
0.804
0.386
0.69
0.856
0.647
1.048
0.687
1.918
0.812
0.118
0.941
0.121
0.149
0.118
1.023
0.73
1.439
1.461
0.978
0.111
0.634
1.686
0.748
0.494
0.511
0.483
1.069
0.922
0.587
1.275
0.721
0.105
0.911
0.848
0.153
0.061
0.937
0.055
0.228
2.137
0.147
1.003
0.701
0.601
1.802
0.473
0.532
0.838
0.093
0.39
0.802
0.662
0.266
0.232
0.703
0.158
0.723
0.034
0.021
1.269
0.134
1.427
0.773
0.041
0.059
1.11
1.12
0.99
0.067
0.105
1.507
0.087
0.047
0.605
0.101
0.939
0.782
0.49
0.302
0.273
0.363
0.398
0.022
0.025
1.012
0.557
0.132
0.518
0.912
0.907
0.036
0.045
0.402
0.027
1.173
0.529
2.016
0.091
0.358
0.074
0.628
0.934
0.397
0.023
0.739
1.222
0.155
1.556
0.053
1.732
0.621
2.088
0.525
0.147
0.662
0.498
0.081
0.692
1.033
0.097
0.722
0.592
1.2
0.638
0.063
0.09
2.258
0.047
0.04
0.174
0.237
0.814
1.771
0.142
1.568
1.202
0.063
0.774
1.732
0.561
0.062
0.735
0.02
0.086
1.03
0.052
0.735
1.759
0.649
0.795
0.555
0.613
1.373
0.081
0.809
2.149
0.222
0.34
0.774
0.144
0.574
1.348
0.252
0.043
0.11
0.187
0.796
1.065
0.03
1.21
0.444
0.054
0.084
0.507
1.174
0.093
0.083
1.015
1.355
0.745
0.342
0.021
0.67
0.84
0.079
0.696
0.281
0.728
0.252
1.104
0.57
0.03
0.1
1.609
1.47
0.703
0.13
0.768
0.026
1.202
1.647
0.575
2.023
1.019
0.885
1.106
0.215
0.798
0.162
0.934
0.774
0.733
0.085
1.282
0.623
0.688
0.673
0.101
0.391
0.019
0.069
0.399
0.771
1.273
0.383
0.242
0.999
0.183
0.288
0.749
1.376
0.227
0.111
0.278
1.433
0.321
0.169
1.463
0.167
0.514
0.053
0.865
1.013
0.55
1.534
0.155
1.366
0.121
0.227
0.894
0.469
0.075
0.753
0.147
0.037
0.59
1.551
0.055
0.176
1.595
1.521
1.094
0.231
0.644
0.196
0.613
1.407
0.118
0.053
0.774
0.107
0.939
0.822
0.121
0.525
0.681
0.09
1.157
0.679
0.079
0.032
0.057
1.949
0.757
0.026
0.875
1.118
0.299
0.083
0.644
0.903
0.055
0.038
1.963
0.725
0.937
0.605
0.013
0.758
1.379
1.414
2.186
0.193
0.58
0.951
0.026
0.04
0.783
0.526
0.666
1.166
1.244
0.055
0.205
0.715
0.852
1.736
0.122
1.774
1.253
0.065
1.11
1.137
0.604
0.886
0.348
0.106
0.125
0.215
0.541
1.215
0.142
1.081
0.915
1.159
0.444
0.023
0.179
0.639
0.86
0.188
0.902
0.03
0.848
0.061
1.433
0.672
0.596
0.164
1.331
0.474
0.046
0.587
0.146
0.187
0.174
0.963
0.133
2.048
0.073
0.994
0.745
0.661
0.192
0.64
1.027
1.239
0.433
0.958
0.045
1.368
2.668
1.388
0.718
2.099
0.112
0.07
0.139
1.659
1.378
0.195
2.226
0.805
0.861
0.457
0.255
0.601
0.561
1.112
1.854
0.609
0.258
2.284
0.673
2.044
0.636
1.489
1.234
0.946
0.697
0.082
1.268
0.737
0.356
0.066
0.209
1.732
0.993
1.553
0.763
0.071
0.563
0.782
0.075
0.04
0.79
0.228
0.618
0.463
0.017
1.23
0.041
2.09
0.019
2.489
0.655
1.06
0.153
0.603
0.668
1.081
0.086
0.576
1.107
0.979
0.813
0.109
1.322
1.536
0.043
0.644
0.067
0.149
0.025
0.764
0.042
0.907
2.22
0.069
1.069
1.547
0.697
0.091
1.021
0.744
1.864
0.617
0.674
0.035
0.711
0.223
0.588
0.261
0.55
0.234
1.128
0.064
0.142
0.763
0.707
0.929
1.084
0.832
0.524
0.088
0.022
0.539
0.097
0.08
1.121
0.152
0.865
0.523
0.665
1.151
0.129
0.203
0.912
0.807
1.144
0.354
0.056
0.037
1.042
1.887
0.454
1.205
0.053
1.529
0.492
0.716
1.219
0.132
0.017
0.105
0.042
1.848
0.076
0.262
0.301
0.904
0.106
0.123
0.051
0.557
0.993
0.344
0.669
0.381
0.991
0.054
0.085
0.892
1.646
0.057
1.329
0.041
0.059
0.769
0.073
0.028
2.331
1.276
0.198
0.652
0.041
0.039
0.594
0.545
0.283
0.57
0.035
0.331
0.767
0.672
0.529
0.107
0.061
0.072
1.311
0.23
0.578
1.228
0.702
0.123
0.623
0.104
0.938
0.221
0.067
0.546
1.978
0.649
0.099
2.082
0.054
0.109
0.042
0.719
0.783
1.329
0.924
0.621
0.723
1.132
0.023
0.786
0.03
0.058
0.204
0.88
0.273
1.082
0.045
0.62
1.6
1.176
0.38
1.65
0.874
0.081
1.721
0.098
1.03
0.328
0.029
0.471
0.974
1.83
0.738
0.707
0.128
0.105
0.04
0.763
0.9
0.772
0.168
0.766
0.744
0.636
0.079
0.098
0.024
0.166
0.046
1.31
2.352
0.052
0.418
1.166
0.896
0.728
0.951
0.038
0.168
0.81
0.577
0.141
1.487
1.475
0.544
0.047
1.722
1.158
0.894
0.217
0.691
0.044
1.903
0.054
0.672
0.025
0.21
0.576
1.686
0.042
0.142
0.038
0.199
0.646
1.062
0.036
1.345
1.097
1.208
0.89
0.279
0.051
0.637
0.883
0.048
0.438
0.114
0.816
1.703
0.759
0.103
0.059
0.072
0.777
1.228
0.748
0.079
1.049
1.057
1.032
2.01
0.637
1.282
1.338
1.048
2.215
0.433
1.008
0.763
1.358
0.854
0.676
0.808
1.547
0.042
0.039
0.021
1.283
1.752
0.691
0.392
0.239
0.061
0.932
0.676
0.104
1.353
0.76
0.717
0.796
0.852
0.059
1.269
0.024
0.597
0.171
0.023
0.855
0.244
0.606
1.509
0.643
0.611
0.03
0.041
0.707
0.647
2.177
0.44
1.047
0.599
0.38
0.571
0.141
0.938
0.171
0.147
0.972
0.422
2.551
0.88
0.65
0.063
0.85
2.308
0.173
1.079
0.818
2.604
0.956
0.302
0.683
0.268
0.04
0.486
2.287
0.078
0.026
0.09
0.093
0.61
1.41
0.618
1.603
0.328
0.059
0.061
0.307
0.165
0.081
0.072
0.66
0.551
0.752
1.654
0.024
1.959
1.622
0.025
0.027
0.45
0.188
0.808
1.72
2.527
1.623
0.076
2.367
1.217
0.041
0.029
0.079
0.028
2.829
1.224
0.946
2.061
0.123
0.057
0.19
0.577
1.216
2.801
0.275
0.662
0.467
0.653
0.057
0.032
1.05
1.978
0.475
0.325
0.666
0.157
0.325
0.115
0.187
0.696
0.084
0.879
0.198
0.596
0.593
0.031
1.239
0.146
2.307
0.175
0.1
0.776
0.061
0.111
0.149
0.19
0.058
0.061
0.719
1.334
0.871
0.412
1.507
0.057
0.841
1.26
0.167
2.271
1.085
0.882
1.527
1.642
0.134
0.344
1.986
1.592
0.861
0.758
1.263
1.564
1.162
0.049
0.773
0.628
1.201
2.183
0.194
0.021
0.044
1.011
0.112
1.882
0.67
0.072
0.022
0.756
1.129
0.65
0.827
1.406
0.299
0.575
0.471
2.68
0.042
0.547
0.837
0.064
0.044
1.342
0.105
0.584
0.029
0.08
0.901
1.509
0.912
2.434
0.771
0.249
1.377
0.028
0.837
0.439
0.82
0.726
0.038
0.105
0.26
0.298
0.801
0.1
0.035
0.03
0.901
0.61
0.34
0.03
1.158
1.874
0.875
0.246
1.825
0.859
0.558
0.714
2.361
0.716
0.195
0.05
1.019
0.528
1.244
0.04
0.477
0.585
0.398
0.721
0.134
0.293
1.069
0.132
0.073
1.258
0.054
0.071
0.035
1.014
0.741
0.064
2.261
0.238
1.525
0.653
1.143
0.414
0.87
0.115
0.771
0.038
0.179
0.643
0.898
1.124
0.769
0.063
0.872
0.034
0.774
0.079
1.498
2.347
1.002
0.631
1.768
0.042
1.092
0.891
0.227
0.096
0.053
1.323
1.867
0.888
0.05
0.758
0.527
1.027
0.589
0.685
0.04
0.942
1.808
0.158
0.018
0.023
0.164
1.295
1.546
1.121
1.223
0.648
0.04
0.587
0.629
1.09
0.269
0.976
0.058
0.089
1.513
0.193
0.395
0.117
0.606
0.548
0.433
0.591
0.068
0.152
0.916
0.238
0.712
1.906
0.053
0.567
0.654
0.218
0.62
0.065
0.756
1.164
1.481
0.069
1.209
1.848
0.213
0.367
0.107
0.166
0.66
0.962
0.634
0.962
0.457
0.705
0.039
0.727
0.676
1.334
0.276
0.027
2.881
0.474
0.33
0.929
0.729
0.972
0.071
0.717
0.029
1.581
0.04
0.028
0.173
0.941
0.836
0.152
0.577
0.816
0.849
0.763
1.362
0.132
0.668
1.013
1.913
0.026
2.212
1.027
1.125
2.147
0.208
0.949
0.233
0.065
0.584
2.418
0.829
0.16
1.067
0.096
0.756
0.876
0.034
0.588
0.015
0.023
1.557
0.071
1.378
0.692
1.697
0.044
0.928
0.046
1.072
1.419
0.884
1.02
0.031
0.031
3.108
0.718
1.167
0.313
0.052
0.098
0.846
0.444
0.027
0.065
0.212
0.103
1.533
0.32
1.045
0.038
0.152
1.74
1.263
0.638
0.2
0.049
1.561
1.014
0.183
0.721
1.067
0.737
0.739
0.558
0.687
0.56
1.316
0.81
0.045
0.145
0.752
0.082
0.178
0.093
2.457
0.695
0.165
0.063
0.722
0.174
0.055
0.762
0.599
0.161
0.586
0.841
0.773
0.095
2.36
0.323
0.063
1.298
0.722
0.616
0.214
1.39
0.159
0.811
0.868
0.985
0.047
0.783
0.087
0.08
0.652
0.034
0.56
0.691
0.798
0.714
1.383
0.052
0.886
1.728
1.089
0.877
1.89
1.641
0.068
0.306
0.912
1.39
0.109
0.515
0.029
0.065
2.183
1.624
0.754
0.515
0.056
1.446
0.821
0.047
0.046
0.465
0.148
0.056
0.684
2.084
0.052
0.714
0.619
0.567
0.059
0.614
0.384
0.048
0.725
0.115
0.226
0.068
0.398
0.045
0.065
0.791
0.49
0.123
1.657
0.659
1.388
1.07
0.805
0.606
1.393
0.63
0.246
0.48
2.376
0.073
0.791
0.886
0.849
0.601
0.77
1.457
1.597
1.408
0.641
1.943
0.033
0.08
0.621
1.735
0.067
0.273
1.183
1.059
0.762
0.963
1.019
0.061
0.668
1.028
0.139
0.993
0.538
1.157
0.219
1.618
1.216
0.681
1.866
1.68
0.336
0.526
1.966
0.431
2.313
0.89
0.427
1.56
0.778
2.064
1.215
0.078
0.856
0.187
0.335
1.655
1.059
0.09
0.78
0.025
0.078
0.158
0.018
0.661
0.645
1.599
0.737
1.017
0.046
0.725
0.047
0.098
1.152
0.061
0.059
0.305
0.749
0.229
1.094
0.721
0.173
0.064
0.8
1.361
0.027
1.497
0.543
0.982
1.064
0.097
1.365
0.754
0.71
0.978
0.085
0.474
0.728
0.699
0.055
2.618
0.784
0.109
0.035
0.231
0.567
0.139
1.042
0.605
0.061
0.042
1.301
0.939
0.039
1.879
0.1
0.078
0.32
1.851
0.063
0.8
1.598
1.045
0.779
0.565
0.261
0.018
0.064
0.067
0.822
0.728
0.799
0.068
0.079
1.096
0.353
0.417
0.157
0.026
0.337
2.192
0.745
1.47
1.569
0.102
0.867
0.172
0.127
0.615
0.045
0.377
2.092
1.898
0.713
0.795
0.052
1.445
3.471
0.798
1.053
1.916
0.04
0.061
2.785
0.045
1.132
1.587
0.811
0.17
1.005
0.401
0.893
0.758
0.896
0.847
1.851
0.102
0.121
1.747
0.031
1.015
0.151
1.076
0.227
0.898
0.739
1.169
1.747
0.876
0.508
0.528
1.203
0.086
0.029
3.832
0.822
1.073
0.988
1.052
0.053
0.728
0.035
0.033
1.51
0.063
0.973
0.133
0.463
0.644
0.035
0.623
0.325
2.649
1.828
0.034
2.385
0.646
0.701
0.827
0.247
0.039
0.627
0.787
0.14
1.158
0.613
0.156
1.541
1.313
0.195
0.916
0.123
0.853
0.036
0.041
0.95
0.997
0.02
0.884
0.673
0.207
0.036
1.487
0.836
3.406
0.061
0.8
0.032
0.136
1.132
0.765
0.07
0.677
0.193
0.676
0.579
0.786
1.275
1.03
0.811
0.451
0.279
0.762
0.942
0.928
0.12
0.346
0.5
1.556
0.73
2.877
0.024
0.094
0.516
0.028
0.692
2.015
0.863
0.116
0.946
0.746
0.588
0.116
0.176
1.011
0.049
0.79
0.865
1.561
0.675
0.844
1.132
0.132
0.144
1.167
0.743
1.259
0.759
0.175
0.074
0.059
0.063
0.84
0.594
0.033
0.043
1.546
0.603
0.114
0.54
0.182
0.049
0.742
0.426
1.253
0.083
1.417
0.653
1.645
0.036
1.295
0.172
1.381
1.393
0.045
0.082
0.094
0.673
0.049
2.461
0.711
0.297
0.575
1.289
0.654
1.305
0.992
0.074
0.109
0.76
0.275
2.495
0.031
0.72
0.181
0.06
1.969
1.296
0.182
1.557
0.874
0.123
0.614
1.25
0.147
0.305
0.131
0.809
0.283
0.811
1.026
0.623
0.726
0.048
0.042
0.122
0.126
0.603
0.081
0.16
0.639
0.634
1.498
1.449
0.014
0.877
0.041
0.034
1.253
0.311
1.86
1.781
0.211
0.094
2.493
0.025
1.508
0.095
0.707
1.538
0.084
0.888
0.692
1.589
0.119
0.015
1.297
1.789
0.723
0.85
0.903
0.085
0.078
1.386
1.291
0.899
0.048
1.415
2.614
0.119
0.413
1.025
0.252
0.652
0.124
0.161
1.692
0.854
0.064
0.115
1.637
0.056
0.633
0.855
0.698
0.198
0.526
1.183
0.694
0.677
0.48
0.345
0.222
0.935
2.3
0.593
0.062
0.228
1.187
0.253
0.276
0.066
0.537
0.093
1.087
0.713
3.527
0.088
0.528
2.048
0.305
0.075
0.835
0.234
0.362
0.028
0.243
2.287
1.276
0.249
0.033
0.891
0.094
0.67
0.048
0.673
0.746
0.017
0.676
0.029
0.413
0.61
0.194
0.181
2.381
0.621
0.075
0.079
0.23
0.648
0.113
0.033
0.122
0.113
1.11
0.3
0.117
0.326
0.11
1.373
1.648
0.958
0.098
2.334
1.265
1.901
1.322
0.157
0.718
1.444
0.62
0.768
0.069
0.548
0.863
0.115
0.133
0.826
0.114
2.295
1.909
0.131
1.293
0.012
0.113
0.043
0.474
2.161
0.721
0.271
0.52
2.015
0.602
0.106
0.238
0.062
0.41
2.248
0.034
0.703
0.103
2.199
0.791
0.671
0.87
1.582
1.341
0.09
1.363
0.207
0.71
0.675
0.643
0.405
3.09
0.736
1.882
0.261
0.129
1.648
0.076
0.177
1.03
0.032
1.054
0.702
2.625
1.088
1.146
0.684
0.195
2.182
0.172
0.046
0.72
0.688
1.316
0.036
0.731
0.014
0.046
0.197
0.211
1.098
0.889
0.033
0.443
0.812
1.27
0.05
0.472
0.057
1.402
0.966
0.032
0.688
0.677
0.071
0.894
0.554
0.056
0.159
0.833
0.849
0.378
0.573
0.894
0.783
3.039
0.462
0.709
2.703
1.312
0.916
1.234
0.029
0.773
0.048
1.666
0.063
0.677
0.787
0.771
0.847
1.2
0.367
0.616
0.058
0.09
0.751
2.714
1.622
0.53
0.063
1.261
0.824
0.036
1.204
0.582
0.11
0.126
0.084
0.659
1.228
0.09
3.336
1.192
0.584
0.066
0.976
1.308
0.716
1.051
0.248
0.92
0.753
2.395
1.494
0.248
0.945
2.168
0.658
0.861
1.666
1.192
0.192
0.294
1.079
0.497
0.175
0.948
0.346
0.141
0.623
0.693
0.022
2.238
0.083
0.065
0.264
1.612
0.629
1.358
0.055
0.144
0.536
1.156
1.009
0.08
1.3
0.613
0.989
1.286
0.079
0.53
0.625
0.578
2.14
0.041
0.835
0.169
0.693
0.133
1.276
1.68
1.51
0.796
0.554
0.01
0.043
0.214
0.105
0.798
2.043
0.846
0.658
0.762
0.782
0.069
1.011
0.062
0.053
1.569
0.848
0.482
0.255
2.251
1.274
0.255
0.118
0.78
0.883
0.61
0.061
0.084
1.988
1.178
0.11
0.935
0.204
0.128
0.779
0.174
0.61
0.273
0.469
0.109
0.041
0.076
1.324
1.384
1.096
0.39
1.413
0.624
0.263
0.234
0.645
0.417
0.945
1.533
0.069
0.746
0.185
0.106
0.671
0.375
0.293
0.744
0.985
0.174
0.107
1.006
0.551
0.1
0.345
0.055
0.046
0.219
0.161
2.96
0.037
0.62
0.098
0.801
0.043
1.956
0.603
0.682
0.782
0.143
0.076
0.507
0.1
0.028
0.672
1.714
1.045
0.948
0.623
0.157
0.111
0.725
0.622
0.071
1.936
1.579
2.259
0.877
0.733
1.693
0.065
0.727
1.618
0.768
0.623
0.779
0.168
1.281
0.047
0.779
1.963
1.735
1.085
2.106
1.836
0.054
0.886
2.979
1.084
0.114
0.084
0.714
0.079
1.405
0.242
0.186
1.014
0.774
2.397
0.266
0.055
1.574
0.607
1.806
1.943
0.276
0.694
0.142
1.893
0.717
0.748
0.494
0.038
0.229
0.642
0.215
1.549
1.115
0.534
1.255
0.103
1.043
0.926
1.756
2.052
1.109
0.031
0.026
0.12
1.016
0.676
0.877
0.489
0.61
0.463
0.101
1.219
0.699
1.738
0.069
1.643
0.028
0.525
0.1
1.348
0.211
0.128
0.167
0.029
0.641
0.247
0.658
1.101
0.207
0.047
1.965
0.742
0.111
0.573
0.197
0.02
0.141
0.671
1.666
0.475
0.661
0.673
0.032
1.169
0.088
0.605
0.684
1.52
0.534
0.735
0.074
0.451
0.238
1.199
0.722
0.355
0.075
0.584
0.896
0.698
0.516
0.01
0.75
0.78
1.026
0.88
0.253
2.152
1.159
0.565
0.997
0.149
0.07
0.892
0.226
0.859
1.706
1.093
1.485
0.317
0.99
1.137
0.308
0.384
0.088
1.718
0.846
0.975
0.259
1.378
1.719
0.166
0.189
0.532
0.719
3.238
1.534
0.14
0.93
0.039
3.301
0.851
0.061
1.049
0.141
0.692
2.662
0.724
0.889
1.775
0.265
0.324
0.747
0.053
0.149
0.927
0.619
0.127
0.53
0.226
0.557
0.76
0.565
3.163
0.124
1.158
2.529
0.566
3.031
0.641
0.068
0.699
0.071
3.131
1.395
0.029
0.819
2.107
0.044
0.123
1.297
1.344
0.712
0.72
0.762
0.109
1.777
2.092
0.035
0.025
0.058
1.382
0.232
0.056
0.068
0.138
0.803
0.017
1.645
0.608
1.011
0.035
0.824
2.917
0.769
0.09
0.736
0.645
0.132
0.73
1.098
0.702
0.933
1.411
0.724
2.426
0.344
0.138
0.03
0.536
0.028
1.058
1.021
1.513
0.048
2.285
1.499
0.937
0.035
0.702
0.704
0.045
2.831
0.714
0.058
0.827
0.072
0.047
0.596
1.267
0.837
0.092
0.731
0.419
1.417
1.387
2.797
0.835
1.93
0.771
0.071
0.699
1.825
1.658
0.043
0.201
0.34
0.052
0.818
0.151
0.283
0.122
1.042
1.341
0.578
0.915
0.677
2.086
0.703
0.033
0.107
0.395
0.142
0.079
3.479
0.76
2.617
0.878
0.243
0.047
0.058
0.049
0.691
0.1
0.324
1.8
1.287
2.195
0.917
0.099
0.991
0.03
0.122
0.846
0.199
0.8
1.041
0.382
0.139
0.273
0.026
0.058
0.037
0.675
0.66
0.636
3.297
0.842
2.979
0.776
0.192
0.167
0.098
1.002
0.924
0.163
0.847
0.07
2.604
0.491
0.462
0.115
0.794
0.051
0.861
0.669
1.277
0.969
1.003
0.04
0.054
0.059
0.042
1.485
0.047
1.564
0.339
0.214
0.373
2.102
0.743
0.173
0.107
0.314
0.735
0.696
0.329
0.218
2.496
0.097
0.064
1.23
1.531
0.247
0.188
0.666
1.058
0.054
0.398
0.377
1.197
0.875
0.098
0.367
0.963
0.808
0.096
0.115
4.463
2.786
1.923
1.607
0.929
2.195
0.863
0.68
0.488
0.158
0.746
0.775
0.085
1.419
2.651
0.03
0.21
1.202
0.106
0.157
0.18
0.099
0.636
1.491
0.997
1.712
0.057
0.839
0.055
0.026
2.492
0.044
2.076
1.017
0.136
1.315
0.222
0.439
0.839
0.889
1.618
0.367
0.059
0.638
0.088
0.793
0.141
0.108
0.115
0.026
0.719
0.082
2.066
0.602
0.754
1.411
2.455
0.689
0.945
1.294
0.635
0.65
0.796
0.886
0.553
0.066
0.581
2.756
0.8
1.933
0.299
4.11
0.135
0.68
0.058
0.028
0.092
0.872
0.933
0.824
0.027
1.924
0.906
0.561
0.048
0.161
0.679
1.238
0.641
0.44
0.619
0.908
1.505
0.37
0.116
0.935
0.283
0.169
0.716
0.622
1.531
0.032
0.739
0.165
1.087
0.046
0.042
0.313
1.061
0.045
0.771
0.277
0.631
0.609
0.063
1.176
1.105
0.151
1.413
0.081
0.922
3.194
0.765
0.69
1.663
0.675
0.763
0.654
0.801
0.214
0.53
0.135
0.873
1.469
2.714
0.08
0.439
0.041
0.931
0.054
0.287
0.094
0.022
1.068
0.752
0.296
0.142
0.018
0.7
1.166
0.829
1.244
0.949
0.352
0.116
0.726
1.652
2.107
0.019
0.029
0.062
0.568
0.898
0.162
0.155
3.219
1.321
1.859
0.194
1.751
1.763
0.131
0.073
0.675
0.043
1.184
2.338
1.062
0.214
1.233
0.058
0.224
0.72
0.646
0.45
0.217
1.253
0.085
0.3
1.47
0.016
1.739
0.145
0.062
0.072
0.067
0.849
0.141
1.298
1.024
0.855
0.767
0.879
0.62
1.588
0.046
0.811
0.695
1.156
0.083
1.27
1.011
0.728
1.632
0.815
0.716
0.808
1.802
0.625
0.14
0.067
0.901
1.178
0.655
1.159
0.568
0.841
0.763
0.689
0.123
0.669
0.199
0.168
0.038
1.204
0.053
0.566
2.613
0.29
0.842
0.056
0.957
0.08
3.599
0.856
1.319
1.563
0.021
0.967
0.039
0.087
0.658
1.364
0.303
0.768
0.064
0.915
1.437
2.306
1.423
1.126
1.072
0.946
0.166
0.629
0.091
0.087
1.768
0.079
0.047
0.543
0.072
0.065
0.078
2.186
1.064
0.889
0.871
0.662
0.59
0.789
0.09
0.683
0.595
0.236
0.334
1.251
0.152
0.696
0.672
0.572
0.484
0.389
0.595
0.936
0.055
0.108
0.367
0.753
0.877
0.032
0.913
0.418
0.294
0.103
0.796
0.54
0.967
0.179
2.191
0.247
0.076
0.817
1.674
2.445
0.118
0.046
1.294
0.66
0.585
0.028
0.721
0.977
1.208
0.27
1.758
0.174
0.218
0.087
0.193
0.617
0.05
0.938
0.038
0.8
1.477
1.093
1.314
0.702
0.663
0.729
0.602
0.095
0.215
0.17
1.024
0.036
0.051
0.691
0.083
0.718
0.194
0.149
0.1
0.722
0.877
1.126
0.633
1.65
2.685
0.858
0.053
0.7
0.116
0.62
0.74
0.812
0.278
0.663
0.966
0.287
0.027
0.689
0.302
0.183
0.719
0.305
0.621
0.359
2.076
1.362
0.839
0.113
0.08
0.575
0.553
1.074
0.099
1.758
0.618
0.566
0.077
0.905
0.427
0.718
0.101
2.239
2.765
1.129
0.362
0.037
0.632
1.257
0.044
0.752
0.12
0.013
0.621
0.587
1.382
0.322
0.809
0.926
1.313
0.173
0.106
0.845
0.896
0.748
0.799
0.963
0.25
1.573
0.969
0.346
1.187
0.079
1.286
0.027
0.087
0.24
1.357
0.947
0.033
0.647
0.82
0.687
0.157
0.833
0.096
0.725
0.039
0.078
0.825
0.434
1.081
0.81
0.054
2.992
1.303
0.785
0.698
0.797
0.107
0.244
0.885
0.866
2.349
0.652
0.098
0.105
2.511
2.942
0.067
0.991
0.601
0.824
0.058
0.049
1.28
0.629
0.133
0.082
0.834
0.04
1.059
0.953
0.594
0.995
0.826
0.074
0.179
1.363
0.842
0.846
0.673
1.624
2.135
1.33
0.717
0.11
0.395
0.385
4.135
1.404
0.668
0.704
0.996
0.655
2.814
0.189
0.962
0.882
0.063
0.772
0.733
0.17
0.781
2.096
0.082
1.967
1.037
1.041
1.141
0.059
0.731
0.101
1.056
0.821
0.095
0.584
0.946
0.679
0.012
1.111
0.606
0.937
0.771
0.115
0.119
0.628
0.038
1.526
1.34
0.211
0.173
0.04
0.709
0.659
0.054
4.453
0.122
2.501
0.86
0.649
0.82
0.192
0.057
0.357
0.059
0.85
0.158
0.783
0.797
2.286
0.046
0.718
0.184
0.671
0.793
0.076
0.646
0.26
1.279
0.133
0.815
0.144
0.033
0.924
0.053
2.152
1.22
1.268
3.075
0.096
0.234
1.248
0.526
1.017
0.806
1.291
1.904
0.291
0.707
1.452
1.012
0.482
0.637
0.683
0.284
0.277
0.685
0.143
0.548
1.312
0.965
0.742
0.234
0.56
1.471
2.729
0.537
0.166
0.866
1.23
0.686
1.105
2.195
1.744
1.13
0.666
0.043
1.706
0.07
0.303
0.053
1.065
1.457
0.038
0.693
0.875
0.888
0.569
1.272
0.725
1.39
1.177
0.097
0.049
0.633
0.759
0.171
0.905
0.079
1.096
0.108
1.76
0.658
0.206
0.02
0.043
1.234
0.198
0.011
1.013
1.192
0.284
1.351
0.849
1.656
0.934
0.278
0.596
0.318
0.153
0.357
1.312
0.521
1.09
0.235
0.781
0.745
1.139
0.022
0.535
0.046
0.953
1.17
0.259
1.435
0.64
0.087
1.961
1.176
1.013
0.623
0.056
1.619
0.094
0.115
0.954
1.044
0.778
0.77
0.669
0.119
0.555
1.689
0.916
0.649
0.856
0.818
0.12
0.108
0.155
0.035
1.426
0.114
0.227
0.131
0.23
1.903
0.729
0.555
1.175
0.353
0.145
0.984
0.077
0.852
1.752
0.016
0.048
1.528
0.952
0.049
0.076
2.834
2.233
0.384
0.238
0.057
0.076
0.391
0.035
0.08
0.618
0.832
1.466
0.328
0.546
0.57
1.662
0.718
1.248
0.875
0.054
0.773
0.052
0.63
1.639
0.029
1.043
1.172
1.915
0.769
0.197
1.166
0.69
1.126
0.806
1.34
0.835
2.253
0.736
0.21
0.733
0.299
0.121
1.881
0.091
0.061
0.081
1.808
0.726
1.31
2.932
0.188
0.743
0.687
0.791
0.619
0.713
1.22
0.561
0.133
2.327
0.057
1.539
0.467
1.37
0.211
1.606
0.646
1.787
1.363
0.032
0.309
0.083
0.566
0.788
0.685
0.785
0.042
0.267
0.062
1.118
1.491
0.65
0.211
2.493
0.121
0.807
1.383
0.517
1.024
0.125
0.813
0.99
0.605
0.697
0.3
1.513
1.828
0.626
0.636
0.05
0.649
0.129
0.493
0.99
1.353
0.031
0.138
0.142
1.118
0.231
0.104
1.037
0.038
1.25
0.697
0.063
0.079
1.201
0.098
0.049
0.085
0.055
0.052
0.543
0.692
0.909
1.52
0.268
1.269
0.883
0.142
0.872
2.684
0.117
0.034
0.142
0.754
0.32
0.301
0.538
3.166
0.041
0.906
0.022
0.817
0.284
0.679
1.112
0.08
0.376
1.694
1.52
0.745
0.2
0.048
0.581
0.675
0.138
0.957
0.186
0.869
1.169
0.057
0.877
2.34
0.046
1.041
0.182
0.067
0.05
0.696
0.038
0.027
2.16
0.184
0.768
0.016
1.316
0.956
1.4
0.72
0.896
0.041
0.022
0.094
0.91
1.41
1.415
0.029
0.078
0.93
0.721
0.809
3.754
1.367
0.651
0.853
1.835
0.573
1.253
3.34
0.938
0.701
1.822
0.603
0.035
0.219
0.619
0.281
0.62
1.39
0.842
0.09
1.68
1.939
2.838
0.6
0.769
1.106
0.337
1.249
0.469
2.167
0.132
1.109
0.949
0.647
0.693
0.03
0.782
0.075
1.253
1.488
0.62
0.118
1.302
1.899
1.022
0.895
0.182
0.055
0.579
1.222
0.495
1.913
0.058
0.061
1.078
1.404
0.731
0.317
1.377
0.619
0.106
1.274
0.761
1.062
0.623
2.743
0.084
1.133
0.025
1.783
0.949
1.327
0.129
0.624
0.714
0.877
0.315
1.389
0.276
0.052
1.731
0.617
0.194
0.183
0.165
0.722
0.592
0.682
1.717
0.656
0.944
2.25
0.899
0.063
1.358
0.899
0.772
0.059
0.359
0.168
1.073
1.626
0.118
0.684
0.603
1.059
1.833
1.359
0.238
0.076
0.572
1.215
0.196
0.657
0.023
1.107
1.251
0.791
0.298
1.664
0.044
1.484
1.43
5.115
1.581
0.732
1.621
0.583
0.058
0.442
2.009
0.073
0.224
1.783
1.855
0.288
1.134
0.767
1.13
0.744
0.783
0.706
0.093
0.158
0.644
0.174
1.121
1.673
1.695
2.267
0.703
0.101
1.437
0.834
1.227
0.033
1.158
1.739
1.636
0.209
0.775
1.511
1.719
0.67
1.713
0.522
0.912
1.445
1.67
0.895
1.361
2.493
0.08
0.764
2.523
1.692
1.052
2.042
0.312
1.09
0.922
0.632
1.367
0.032
1.036
0.747
1.804
0.928
0.273
0.125
0.054
0.032
0.209
0.711
0.757
0.655
0.086
4.505
1.323
0.719
0.099
0.794
0.791
0.782
0.791
0.737
0.103
2.058
0.137
0.06
0.631
0.046
0.637
0.404
0.336
0.912
2.443
0.738
0.581
0.962
0.048
0.272
0.071
1.725
0.722
0.606
3.019
1.504
0.158
0.625
0.78
0.03
0.353
1.989
0.219
1.901
0.111
2.47
2.592
0.728
0.103
0.423
0.32
0.265
0.807
0.828
0.042
0.251
0.582
0.036
0.857
0.192
0.313
0.058
0.158
0.025
0.638
0.648
0.076
0.586
0.055
0.729
1.142
1.28
0.029
0.605
0.649
0.466
0.642
0.87
0.882
0.17
2.326
0.289
0.024
0.597
0.718
1.569
0.263
1.668
0.71
0.095
0.54
1.099
0.788
0.084
0.739
1.792
0.585
1.704
0.113
0.516
0.234
0.041
0.278
0.118
1.926
0.811
0.95
0.968
1.026
1.207
4.455
0.075
0.933
0.074
0.206
0.797
2.764
0.108
0.038
0.15
1.308
0.147
0.077
0.904
1.472
0.828
3.076
0.229
0.658
2.179
0.802
1.488
0.044
3.216
0.624
0.55
0.052
0.715
0.827
1.024
0.032
0.476
0.727
0.759
0.219
0.061
2.497
0.174
0.129
1.137
0.506
0.2
2.226
0.693
0.07
1.125
0.616
1.727
0.576
1.991
1.797
1.838
0.057
1.605
1.018
0.071
1.261
0.199
0.026
1.335
0.622
2.037
1.423
0.056
0.239
0.56
0.786
0.839
3.004
0.808
1.195
0.041
0.693
0.048
0.535
0.437
0.771
0.787
0.092
0.019
0.126
0.116
0.034
0.649
0.68
0.055
0.014
0.096
0.089
0.053
0.123
1.175
0.805
0.883
0.077
2.562
0.095
0.323
0.066
2.137
0.817
1.527
1.249
0.646
0.065
0.048
1.096
0.845
0.505
0.08
0.107
1.481
0.248
0.61
0.123
0.036
0.162
0.187
1.006
0.081
0.538
1.151
3.3
0.21
0.025
0.215
0.79
0.036
2.603
0.047
0.871
1.071
0.535
0.417
3.452
0.088
0.4
0.441
1.588
1.228
0.474
1.304
0.046
0.119
0.081
1.24
0.68
0.742
0.685
0.47
0.039
0.798
1.23
0.288
0.758
0.673
0.64
0.929
0.874
0.757
0.124
1.219
0.332
2.21
0.948
0.047
1.292
0.651
0.064
1.22
1.085
1.951
2.389
1.69
1.069
0.756
0.366
0.145
1.33
3.196
2.003
0.891
1.37
0.026
0.09
2.204
0.351
0.681
0.863
0.712
2.049
0.088
0.069
0.056
0.562
1.714
0.667
0.132
0.653
0.187
0.158
1.206
0.884
0.241
0.397
0.21
0.612
1.021
0.455
1.02
1.807
1.634
0.353
0.805
2.151
0.028
0.09
0.578
0.263
2.782
0.546
1.297
2.621
0.775
0.323
0.989
0.065
0.088
0.742
0.634
0.066
0.071
2.775
0.048
0.635
1.008
0.091
0.722
0.95
0.821
1.335
1.398
0.569
0.287
1.865
0.136
0.728
0.099
0.98
0.769
0.063
0.527
2.543
0.229
0.018
1.125
0.049
0.051
1.124
1.226
0.289
0.788
0.684
0.742
0.076
0.83
0.151
0.879
0.911
1.554
0.801
0.245
0.11
0.632
0.843
0.545
0.386
0.654
1.676
2.165
0.575
0.828
0.075
0.897
0.1
0.101
1.386
1.543
2.471
0.146
0.048
0.031
2.105
0.584
1.228
0.283
0.05
1.397
0.515
0.207
0.807
0.51
1.594
0.047
0.098
0.728
0.032
0.796
0.729
0.144
0.791
0.636
1.068
0.057
0.026
0.439
0.177
0.106
0.367
0.053
0.029
0.022
3.887
1.425
0.705
0.088
3.012
0.589
1.295
1.084
0.664
0.894
2.664
0.044
0.139
0.084
0.862
0.672
1.324
0.371
0.054
0.078
0.614
0.567
0.955
0.165
0.073
2.506
0.619
0.678
0.142
0.528
1.482
0.333
0.588
0.731
2.217
0.07
0.901
1.41
0.414
0.851
0.04
1.653
0.477
0.841
1.782
1.159
0.038
1.079
2.039
1.015
0.784
0.089
1.572
0.822
0.052
0.05
0.735
0.621
0.826
0.727
1.672
0.097
3.653
0.031
2.621
0.102
0.857
0.777
1.025
1.077
0.582
1.469
0.618
0.034
0.761
0.249
0.015
0.795
1.195
0.86
0.633
0.687
0.058
1.066
0.281
0.149
0.736
0.072
1.29
0.962
0.044
0.605
0.557
2.375
0.781
0.239
0.052
1.078
0.169
0.799
0.069
0.092
0.12
0.988
0.039
0.27
1.427
0.043
1.731
1.107
1.823
0.819
1.416
0.756
0.409
1.215
0.39
0.724
0.067
0.039
0.878
1.987
0.635
0.225
0.368
0.742
1.133
0.063
2.504
0.76
0.744
0.067
0.128
0.043
1.269
0.082
0.692
1.662
0.056
0.664
0.684
2.144
0.046
1.603
0.627
0.766
0.901
1.036
0.786
2.361
0.642
0.422
1.916
0.118
0.959
0.235
0.422
0.016
0.36
2.657
0.263
1.086
0.095
0.045
0.061
0.275
0.139
0.433
0.163
0.463
0.969
0.174
0.174
0.123
1.537
0.02
2.696
1.74
0.865
0.666
0.028
0.069
1.058
0.05
1.228
1.74
0.344
1.079
0.097
0.214
2.736
0.043
0.327
0.863
0.847
0.027
1.013
2.21
0.952
0.114
0.061
3.046
0.091
0.215
0.814
0.023
0.502
0.287
2.021
0.137
1.536
0.218
0.925
0.102
0.267
0.896
0.234
0.075
1.547
0.048
0.867
0.081
0.743
1.97
0.048
0.108
0.071
0.064
3.343
0.827
0.039
0.577
0.742
0.086
0.862
0.182
0.284
0.614
0.942
0.964
0.594
0.869
0.1
0.058
1.047
1.895
0.704
1.828
0.661
0.153
0.259
0.767
0.101
1.908
1.24
1.384
1.301
0.399
1.515
0.674
0.128
1.092
0.468
0.193
1.111
3.808
0.124
0.603
1.822
0.073
0.043
0.126
0.788
0.053
0.135
0.025
0.216
0.755
0.028
0.021
1.017
0.51
0.094
0.03
0.892
0.16
5.086
0.04
1.016
0.936
0.559
0.022
0.803
1.242
1.392
1.698
0.052
0.102
0.753
0.028
0.593
2.902
2.679
1.025
1.589
0.369
0.117
1.067
0.137
0.213
0.04
1.841
1.061
2.352
2.145
2.704
0.098
0.125
0.039
0.603
0.3
0.765
1.457
0.613
0.206
0.051
0.187
0.051
0.649
0.035
1.203
0.064
0.15
1.628
0.272
0.051
2.043
0.451
0.566
0.986
0.974
0.104
0.265
1.07
0.564
0.907
0.086
0.041
0.053
1.076
0.744
0.644
3.639
0.13
0.23
0.243
0.835
1.514
0.865
2.286
0.795
0.06
3.601
0.049
0.043
0.891
0.784
0.183
1.555
0.776
1.64
0.107
0.62
2.134
0.068
0.215
0.698
0.124
1.287
0.314
0.77
1.094
0.676
0.445
0.034
1.552
0.025
0.085
0.038
0.731
0.06
0.261
0.081
0.616
0.842
1.285
0.592
0.28
5.288
0.827
0.651
2.026
0.606
2.198
1.231
1.093
3.539
1.356
1.727
0.303
0.15
0.727
0.069
0.053
0.069
0.684
0.93
0.033
1.933
0.174
0.955
0.58
0.215
0.175
1.315
0.314
0.581
0.361
0.022
2.503
0.04
0.013
1.823
0.637
0.009
1.113
0.268
0.519
0.065
2.345
0.235
1.926
0.206
1.984
1.379
0.024
0.118
0.041
0.374
0.192
3.587
0.094
0.212
0.897
0.166
0.768
1.473
0.187
0.418
0.076
0.019
1.311
0.024
2.743
0.694
0.171
0.083
1.011
0.792
0.175
0.196
1.18
0.109
0.797
0.783
0.265
0.069
0.579
0.301
0.952
1.145
0.849
0.017
1.17
0.044
0.036
1.124
1.179
0.758
0.282
0.793
1.624
0.825
0.835
1.043
0.057
1.979
2.553
0.787
0.566
1.677
0.14
0.327
0.58
0.804
0.654
0.301
0.038
0.303
1.287
0.095
0.928
0.172
0.691
0.713
1.665
1.995
0.537
0.786
0.629
0.102
0.12
0.024
0.27
0.247
0.095
0.168
0.284
1.056
3.402
1.231
0.072
0.117
0.237
0.629
0.392
0.65
0.97
0.726
0.752
0.523
0.493
0.773
1.049
0.087
1.593
1.776
0.099
2.338
0.038
0.039
0.148
0.718
0.298
0.139
1.09
0.153
1.109
0.911
0.196
1.448
0.075
0.896
1.437
0.695
0.261
0.178
2.738
3.572
0.847
0.246
1.041
0.091
2.403
1.073
1.19
0.571
0.928
0.202
1.088
0.502
0.837
0.019
0.722
0.646
0.548
0.587
0.083
0.394
0.232
0.036
1.295
0.071
0.792
0.879
0.514
0.731
2.726
0.104
0.117
0.32
0.053
0.599
1.813
1.006
0.359
1.334
0.939
0.879
0.734
0.143
0.822
0.876
0.024
0.348
1.285
1.373
0.338
1.194
1.203
1.093
0.245
1.037
0.868
0.231
0.895
0.09
1.145
0.19
0.278
0.688
0.155
0.536
0.782
0.026
2.729
0.702
0.841
0.059
2.775
1.544
0.26
0.133
0.733
0.642
0.803
0.154
0.06
0.018
0.825
2.036
0.953
1.676
0.073
0.594
0.034
0.055
0.707
0.829
0.638
0.738
0.18
1.93
1.669
1.33
0.704
0.064
0.204
2.525
0.825
1.457
0.02
2.329
0.139
1.062
1.697
1.248
1.749
0.891
1.432
0.666
0.701
1.253
0.059
0.319
0.864
1.517
0.047
3.33
0.711
0.068
0.971
0.086
0.964
0.711
0.144
0.017
0.048
0.373
1.618
0.237
0.064
0.709
1.171
1.829
1.071
0.499
0.66
0.79
1.059
1.144
0.073
0.028
0.104
1.031
0.812
1.152
0.197
0.451
1.451
0.316
0.926
0.836
0.044
0.149
0.927
1.251
0.838
0.843
0.139
0.648
0.857
0.604
0.129
0.623
0.367
0.1
0.431
0.586
0.067
1.678
0.101
0.18
0.147
0.823
0.454
0.355
1.326
0.244
0.211
0.024
1.039
0.065
1.239
0.107
1.414
0.742
0.688
0.465
0.023
0.186
1.447
0.145
0.034
0.297
0.262
0.897
0.029
0.996
0.659
0.696
0.704
0.108
0.669
0.897
0.088
0.045
1.749
0.099
0.204
0.89
0.076
0.872
0.215
1.992
0.946
0.146
0.017
0.044
0.785
0.72
1.056
0.578
1.015
0.142
1.959
0.772
0.388
0.553
0.861
0.184
0.294
0.338
2.33
0.344
1.025
0.538
0.099
2.203
0.085
0.07
0.117
1.026
0.912
0.079
0.074
2.089
0.142
0.585
3.104
0.147
2.209
0.036
1.044
1.159
0.846
0.035
0.082
0.533
0.524
0.597
0.061
0.227
0.542
0.79
0.035
0.108
0.054
1.841
0.316
0.962
0.793
0.62
0.099
0.598
0.068
0.604
0.034
1.789
0.052
0.801
0.03
0.503
1.219
0.718
0.044
0.804
0.044
4.062
0.558
0.137
0.733
0.056
0.086
0.289
0.049
2.661
0.896
0.175
0.884
0.562
0.188
0.6
0.695
0.952
0.044
3.058
0.065
0.666
0.095
0.65
2.089
0.6
1.74
0.065
1.941
2.106
0.05
2.104
1.397
1.691
2.672
0.684
0.688
2.158
0.063
1.695
0.663
2.441
0.065
0.858
2.258
0.074
0.034
0.135
2.46
2.981
0.74
0.15
0.165
0.035
1.824
1.427
1.427
0.041
0.166
0.028
4.509
0.182
0.222
0.053
0.234
0.652
2.269
0.643
1.33
0.069
0.373
0.07
1.707
0.049
1.501
0.198
0.077
1.87
0.876
1.48
0.029
0.894
0.033
0.572
0.164
0.841
0.223
0.051
0.637
1.959
1.436
0.856
0.911
0.046
0.839
0.786
1.13
0.301
0.835
2.626
0.627
0.181
1.053
1.219
0.712
0.998
1.057
0.392
0.731
2.134
0.914
0.091
0.076
2.798
0.731
0.033
0.75
0.258
1.61
2.553
0.904
0.064
1.461
0.845
0.996
0.112
0.797
0.905
0.818
0.66
0.723
0.059
2.366
0.85
1.962
0.338
2.345
0.571
0.049
0.985
0.731
0.521
0.787
0.139
1.113
0.557
0.676
2.065
0.94
0.921
1.552
0.385
1.118
0.828
1.105
0.742
0.263
1.024
0.938
0.886
0.914
0.983
2.589
0.989
0.889
0.502
0.065
0.625
0.047
0.769
0.03
2.588
0.028
0.684
0.702
1.395
1.432
0.04
0.64
1.527
2.125
0.691
1.154
0.338
0.612
0.066
1.405
0.166
0.685
1.24
1.11
0.024
0.299
1.283
2.449
0.693
0.06
1.44
1.532
3.367
0.03
0.073
1.067
1.26
0.126
0.585
0.022
0.142
0.042
0.291
0.083
0.072
0.615
0.032
0.103
0.041
0.038
0.064
0.775
0.061
0.689
1.459
0.077
1.26
0.731
0.133
0.718
0.931
0.889
0.233
0.695
1.104
0.536
0.868
0.708
0.957
0.414
0.076
0.646
0.294
0.02
2.071
1.059
0.232
0.062
0.085
1.756
1.216
0.035
0.057
1.977
0.155
0.951
0.07
0.78
1.463
0.016
1.292
0.367
0.081
0.118
0.461
1.935
2.964
0.528
0.567
0.1
0.106
0.875
0.098
0.208
1.024
1.286
0.074
0.12
0.692
1.233
0.332
0.924
1.16
0.537
0.771
0.043
0.868
0.052
1.149
0.02
0.803
0.476
0.074
3.444
2.141
0.314
0.837
0.623
0.674
2.112
1.156
0.235
0.95
0.031
0.888
0.919
0.064
0.074
1.088
0.705
0.194
0.815
0.075
0.599
1.505
0.242
0.193
0.413
0.929
0.046
0.604
0.016
0.045
0.671
0.223
1.226
0.182
0.052
0.107
0.02
0.161
0.314
1.123
0.256
0.03
0.165
0.257
0.656
1.844
0.185
0.877
0.03
1.229
0.547
0.264
0.855
0.06
0.12
1.091
0.938
0.062
2.044
0.031
0.025
0.718
0.586
1.572
2.913
0.731
0.838
0.555
0.061
0.062
0.066
0.587
0.636
0.745
1.319
0.155
0.221
1.029
0.044
1.953
0.73
1.093
1.891
0.132
0.847
0.06
0.826
0.062
0.663
2.119
0.237
0.492
0.993
0.802
0.033
0.23
0.32
1.332
0.05
1.066
3.605
0.297
0.65
0.682
0.484
0.725
0.543
0.764
0.678
0.347
0.769
1.304
0.818
0.069
0.77
0.077
0.025
1.066
0.122
0.646
0.593
2.061
0.365
0.802
1.007
0.731
0.084
0.814
2.293
0.871
1.372
0.275
0.963
1.943
0.856
0.196
0.735
0.255
0.69
0.746
0.553
0.329
0.185
3.006
0.114
1.349
0.677
1.509
0.395
0.18
0.641
0.083
1.18
0.687
1.766
1.872
0.03
0.577
1.099
0.713
0.023
0.047
1.005
0.673
2.061
0.731
0.165
0.375
0.339
0.059
0.656
0.663
0.173
1.531
0.185
0.349
3.444
0.345
0.918
0.134
1.748
0.779
0.668
0.58
0.084
0.635
0.687
2.604
0.389
0.057
0.776
0.989
1.339
0.944
0.822
0.746
1.488
0.091
0.176
0.754
0.04
0.032
1.335
0.326
0.086
0.61
0.108
0.634
0.11
0.923
0.18
0.622
1.137
0.055
0.077
0.721
0.826
0.465
0.316
0.48
1.076
0.051
0.092
1.626
0.047
0.15
1.417
0.015
0.711
1.712
0.052
0.328
0.078
0.763
0.976
1.069
0.734
0.254
0.072
0.824
0.041
0.136
0.037
0.066
0.184
0.712
0.962
0.386
0.059
0.092
0.209
0.045
3.324
0.473
1.495
0.043
0.941
0.28
0.046
0.163
0.181
0.516
0.193
0.622
0.536
0.807
0.77
1.914
0.295
0.813
0.129
0.06
0.084
1.045
0.82
1.473
1.741
1.706
0.131
0.084
1.39
1.019
0.783
0.757
0.075
0.692
0.089
2.424
0.063
0.747
1.656
0.051
0.018
0.557
0.07
0.046
1.164
0.321
0.139
0.139
1.821
2.927
1.418
0.103
0.997
0.721
2.498
0.597
0.619
0.994
1.103
0.883
0.627
1.611
1.168
2.961
0.08
0.158
0.894
0.848
0.519
0.167
1.069
0.043
0.81
0.521
0.067
1.004
1.059
0.997
0.623
0.607
0.117
3.583
1.649
0.84
0.667
0.134
0.623
0.028
3.075
0.917
0.051
0.22
0.542
0.877
1.964
0.098
0.671
2.045
0.404
1.559
0.081
0.793
0.034
1.34
0.27
0.845
1.205
0.892
0.165
0.14
0.154
0.058
0.602
0.261
0.026
1.992
0.66
0.018
0.058
1.23
0.623
0.564
1.96
0.067
0.086
0.06
2.776
0.037
1.007
1.447
2.958
0.621
0.25
0.867
0.703
0.061
1.483
0.97
0.054
0.079
0.858
0.966
0.084
0.109
0.271
0.813
0.638
0.029
0.677
0.611
1.153
0.83
0.138
1.091
1.475
1.186
0.09
1.082
0.087
0.753
0.546
2.111
1.112
0.945
0.605
2.867
0.026
0.04
1.455
1.096
1.196
0.183
0.103
0.614
0.375
0.772
0.057
0.6
1.044
2.856
0.523
0.079
0.079
0.029
2.845
0.715
0.921
0.632
0.734
0.911
1.49
0.92
1.162
0.964
0.853
0.779
1.064
3.676
1.106
0.104
1.04
0.953
1.075
0.119
0.928
0.057
2.267
0.443
0.014
0.776
0.204
0.84
0.829
0.629
0.442
0.058
1.076
0.694
1.106
0.181
1.005
0.125
0.25
1.096
0.509
1.22
2.755
1.193
0.728
0.032
0.144
0.111
1.077
0.523
1.22
0.681
1.326
0.801
0.233
0.465
0.177
0.214
0.12
1.27
0.12
0.056
0.08
0.111
0.1
0.62
0.966
1.197
0.965
0.728
1.355
0.066
0.199
2.42
0.33
0.198
0.1
0.909
0.023
0.9
3.813
1.101
0.733
0.107
2.079
0.045
2.37
0.059
0.276
1.644
0.418
1.271
0.667
0.602
0.521
0.099
0.66
0.156
0.133
0.56
0.185
2.08
0.749
0.989
0.036
0.748
1.897
0.706
0.053
0.639
0.101
0.345
0.556
0.056
3.299
0.61
0.045
1.878
0.027
0.836
0.799
0.624
0.7
4.022
0.113
0.797
0.029
1.23
1.076
3.684
0.133
1.009
0.146
0.223
0.411
1.934
0.078
0.714
0.053
0.992
0.589
2.698
0.044
0.086
1.405
1.293
0.777
0.159
0.084
1.517
0.024
0.761
1.589
1.121
0.637
0.113
0.101
1.255
0.082
0.709
0.074
0.178
0.043
0.135
1.763
0.188
1.847
0.222
0.057
1.959
3.308
0.067
0.129
1.623
0.228
0.687
0.141
0.762
0.295
0.961
0.154
0.024
0.057
0.05
1.478
1.178
0.04
0.985
3.446
1.04
1.235
0.902
0.473
0.077
0.728
0.157
0.696
0.354
0.117
0.611
0.696
1.418
0.096
0.578
0.038
0.878
0.132
0.023
0.98
0.058
0.27
1.487
0.28
0.533
0.238
0.671
0.621
0.591
3.209
1.133
0.665
0.12
0.433
1.174
0.14
0.141
0.14
0.575
0.543
0.77
0.063
0.094
0.675
0.143
0.924
0.314
1.777
0.413
0.049
0.051
0.035
0.029
0.626
0.76
0.718
1.177
0.564
0.018
0.687
0.073
3.163
0.013
3.898
1.242
0.945
0.97
0.09
0.847
1.509
0.082
0.126
0.023
0.077
0.04
1.555
0.744
0.897
0.394
0.793
0.622
0.192
0.938
0.978
1.287
0.123
0.126
0.027
1.302
0.044
3.032
0.67
0.782
2.142
0.295
0.9
2.083
1.078
0.033
0.598
1.236
0.075
2.458
0.767
0.073
0.844
1.019
0.037
2.198
1.503
2.082
1.456
1.537
2.026
0.614
0.2
0.068
0.751
0.265
0.625
0.229
3.751
0.022
0.699
0.279
0.039
0.568
0.117
0.211
1.109
0.089
1.435
0.454
0.927
0.633
0.097
0.023
0.021
1.109
0.035
0.085
0.569
2.962
0.786
0.232
0.409
0.062
2.133
0.273
0.515
0.897
0.079
0.186
2.701
0.142
0.829
0.491
0.229
0.237
0.065
0.1
1.041
0.613
0.142
1.135
0.028
0.759
1.014
0.779
0.155
0.58
0.956
1.573
2.671
0.466
1.483
0.614
1.297
0.6
0.168
1.022
0.051
0.668
0.097
0.223
1.451
0.108
1.167
1.541
1.729
0.942
0.354
0.911
0.506
0.111
0.788
0.649
0.045
1.064
0.169
0.864
0.084
0.648
1.156
0.143
0.898
2.239
0.609
1.044
0.065
0.79
0.207
0.02
0.096
1.043
0.729
1.083
1.042
1.085
0.057
0.159
1.185
0.603
0.973
0.858
0.935
3.07
0.666
0.027
0.294
0.305
0.03
0.34
0.225
0.049
0.059
1.345
0.688
1.586
0.138
0.529
0.758
0.019
0.107
0.194
2.053
0.164
3.271
0.036
0.037
1.087
1.549
0.366
0.231
0.281
1.362
0.267
0.73
0.848
0.543
0.273
0.746
0.045
0.96
0.057
0.119
0.694
0.111
0.072
0.638
0.015
0.686
1.072
0.702
0.027
0.266
0.059
0.059
0.979
1.23
0.797
0.221
0.268
0.065
0.512
1.284
0.507
1.473
0.197
2.024
0.761
0.615
3.064
0.618
0.727
1.073
0.724
1.121
0.054
0.047
0.706
0.178
0.039
0.668
0.618
1.275
0.116
0.081
0.154
0.024
0.631
1.326
0.303
0.362
1.558
1.452
0.063
3.095
2.457
0.491
0.167
0.824
0.701
0.083
0.263
0.028
1.364
1.451
0.069
0.127
1.021
0.967
0.827
1.288
0.108
1.023
0.581
0.153
0.761
0.019
0.261
2.564
0.037
3.082
0.217
0.713
0.099
0.102
0.575
0.202
0.502
0.686
0.78
1.616
1.046
0.165
0.038
0.206
1.143
0.034
1.805
0.835
0.637
0.132
0.752
0.33
1.601
0.075
1.026
1.517
0.13
0.414
0.135
0.979
0.849
1.494
0.29
1.535
0.731
0.61
1.034
0.162
0.795
0.581
1.85
0.338
0.027
1.091
0.074
1.955
1.425
0.024
0.806
0.89
0.502
0.234
0.061
0.318
0.651
0.654
0.018
0.505
0.431
0.567
1.421
0.155
0.209
0.233
0.885
2.275
0.199
1.746
0.747
0.727
0.087
0.751
0.034
1.055
2.344
2.603
1.88
0.339
1.374
0.115
0.411
0.227
0.25
0.2
0.481
0.739
0.119
1.857
0.04
0.363
1.595
3.515
1.784
0.794
0.862
0.163
0.747
0.772
1.912
0.274
0.683
0.628
1.525
0.772
1.809
0.091
1.822
0.891
0.297
1.34
0.035
0.02
1.514
1.984
0.037
0.02
0.864
0.071
1.419
0.145
0.093
1.642
0.209
0.447
1.59
0.724
0.191
0.241
1.034
0.088
0.641
1.759
0.778
0.07
0.653
2.84
0.682
0.047
1.03
1.748
2.7
4.379
0.039
0.1
0.111
1.522
0.949
0.083
0.662
0.942
0.715
1.234
0.577
0.056
0.192
0.896
1.318
0.722
0.572
0.952
0.633
3.167
0.037
0.31
0.676
2.265
0.076
0.73
0.845
0.665
0.24
1.639
0.19
0.093
0.725
0.348
1.151
0.158
0.194
0.803
1.151
0.052
0.078
0.267
0.127
2.648
1.982
0.052
1.203
0.739
1.472
0.702
2.789
1.155
0.043
1.457
0.071
0.645
0.072
0.053
0.722
2.243
0.145
0.158
0.53
0.683
0.749
0.946
0.088
0.217
0.087
0.193
0.05
1.139
0.11
0.946
0.04
1.969
0.057
1.717
1.652
1.116
0.988
0.128
0.106
0.08
1.054
0.295
0.666
1.932
1.422
0.18
0.465
0.101
1.297
0.945
0.047
0.445
0.065
0.583
0.091
0.917
0.642
0.558
0.986
0.142
0.581
0.88
1.692
0.237
0.616
2.139
1.167
1.641
1.502
0.653
1.09
0.023
2.117
0.046
0.17
2.588
0.664
0.283
0.101
1.561
1.217
0.272
0.146
0.026
0.07
0.132
0.033
2.485
0.068
0.681
0.688
1.001
0.686
1.273
0.114
0.96
0.055
2.233
0.025
0.046
0.235
1.647
0.037
0.029
1.644
0.306
0.051
0.91
1.593
0.102
1.511
0.281
0.534
0.122
0.027
0.092
0.51
0.038
0.564
0.054
0.544
0.055
2.182
0.087
0.09
0.072
0.054
1.153
1.065
0.994
0.69
0.587
2.798
0.077
0.153
1.655
0.977
0.193
0.624
0.066
1.161
0.028
0.866
0.314
0.02
1.479
0.114
0.157
0.075
0.864
1.006
1.162
0.065
0.6
1.228
1.335
1.23
1.016
0.07
0.238
0.124
0.794
0.232
0.52
0.11
0.792
2.471
1.704
1.556
0.354
0.158
2.064
1.313
0.664
1.025
0.761
0.068
0.127
1.078
1.266
0.488
0.552
0.029
0.075
1.019
1.1
1.313
0.83
0.019
0.207
0.537
0.885
0.114
0.503
1.908
1.669
0.692
0.8
0.618
0.097
1.482
0.899
0.235
0.757
0.379
0.687
0.419
0.173
0.662
0.542
0.062
0.817
0.059
0.812
0.905
1.042
0.721
0.87
0.036
0.096
1.822
0.547
0.927
0.66
2.96
1.898
0.668
0.577
0.87
0.139
0.07
0.025
1.237
1.832
0.594
0.098
0.349
0.1
0.712
0.126
0.954
3.154
1.709
1.523
0.326
1.16
0.711
0.034
0.05
0.15
0.971
1.188
0.375
0.098
0.788
0.019
0.061
1.327
0.516
0.083
0.213
0.021
1.027
0.616
0.086
2.05
0.896
0.71
0.246
0.549
0.127
1.521
0.222
1.034
1.89
0.107
0.16
0.025
0.376
1.545
0.1
1.876
0.966
0.899
1.712
0.805
0.084
0.146
0.921
0.129
1.014
1.741
0.047
0.05
0.53
0.726
1.695
1.941
0.147
0.823
0.502
2.617
1.308
0.718
0.179
1.366
1.243
1.855
0.051
0.756
0.091
0.786
0.782
0.141
0.053
0.219
0.164
0.072
0.072
1.398
1.877
2.517
0.806
0.46
0.241
0.073
1.303
0.049
0.932
0.624
0.102
0.198
0.12
1.654
0.542
0.863
0.617
0.949
0.949
0.98
0.83
0.014
2.932
0.913
3.076
0.044
3.68
0.784
0.028
0.854
0.03
0.763
0.033
0.644
0.325
0.957
0.031
0.366
0.222
1.987
0.679
1.597
0.722
0.987
0.028
0.025
0.05
0.413
0.196
0.263
0.152
0.705
0.83
0.033
1.025
0.182
0.076
0.358
0.111
0.355
0.221
0.889
0.976
0.999
0.036
0.512
0.062
1.149
1.733
1.338
0.682
5.415
1.433
0.023
3.322
0.814
0.1
0.038
0.831
0.148
1.295
0.862
0.792
1.007
0.631
1.253
2.209
0.661
0.057
0.76
0.759
1.014
0.033
0.092
0.643
0.593
0.106
1.337
0.054
0.081
0.683
3.254
0.931
0.239
0.418
1.327
0.525
0.632
1.119
2.258
0.806
0.518
0.559
1.308
1.605
0.083
0.895
1.93
1.136
0.583
0.914
0.568
1.252
1.634
0.037
0.157
0.039
0.934
0.087
0.778
0.703
0.586
0.891
0.143
0.344
0.725
1.945
0.721
0.64
0.316
0.502
0.044
0.736
0.301
0.706
0.888
0.776
0.22
0.117
1.148
2.249
0.828
0.612
0.056
0.227
2.889
0.568
0.616
0.729
0.122
0.03
0.219
0.155
0.9
0.09
0.654
0.18
0.771
0.199
1.045
1.108
0.836
0.548
0.713
0.088
0.986
0.074
0.151
0.669
1.492
0.807
0.857
0.976
0.916
0.096
1.073
1.779
0.755
4.057
0.091
0.695
0.812
0.861
0.779
0.914
0.097
0.465
0.225
0.053
0.998
0.499
0.547
0.026
1.822
1.378
0.336
2.686
1.618
0.111
0.859
0.837
0.722
0.065
0.236
0.17
0.216
0.801
0.569
0.603
2.854
0.166
0.879
0.193
0.84
0.864
0.073
0.094
0.914
0.025
1.986
0.078
1.856
1.413
1.024
0.465
2.602
0.655
0.647
0.872
0.609
0.64
0.033
0.567
0.079
0.039
0.422
1.139
1.447
0.033
0.726
0.935
0.713
0.262
0.037
0.344
0.686
0.709
1.78
0.547
1.148
0.279
1.29
1.85
0.839
0.051
3.971
0.018
0.785
0.603
0.021
0.127
0.951
0.927
0.017
0.119
0.161
0.654
0.072
0.039
1.308
2.706
0.732
0.168
0.648
0.178
1.153
0.438
0.42
0.383
0.111
2.028
0.028
1.25
1.888
0.091
0.069
0.677
0.349
0.196
1.248
0.718
0.933
0.781
1.406
1.461
0.671
0.827
0.051
0.945
1.273
0.161
1.127
0.311
0.919
0.674
0.028
2.157
0.771
1.141
0.72
0.143
0.137
0.693
1.058
0.691
0.822
0.506
0.731
0.049
0.726
0.683
2.052
0.845
0.029
0.763
0.734
0.055
0.539
0.829
1.683
0.209
1.716
0.493
0.067
0.788
0.575
0.085
0.02
0.059
0.855
0.81
0.142
1.1
0.048
2.11
1.081
1.67
0.471
2.406
0.04
0.7
0.076
0.899
0.587
1.731
0.46
1.08
1.678
0.649
0.086
0.035
0.047
0.194
0.037
0.163
4.378
0.747
0.076
0.099
1.872
0.085
0.069
1.084
0.793
0.044
0.328
0.129
0.696
1.059
0.843
1.148
1.32
1.153
0.025
0.985
1.026
0.479
1.668
0.062
0.061
0.869
0.238
0.34
0.32
0.778
0.296
0.324
0.011
0.886
0.198
1.38
0.69
0.103
0.781
2.59
0.188
0.178
0.647
0.89
0.047
1.454
0.037
1.099
0.089
1.844
0.937
0.017
0.077
0.045
0.135
0.468
0.049
0.089
0.071
1.938
0.1
0.112
1.933
0.049
1.323
0.285
0.613
0.668
0.061
0.025
0.201
1.992
1.257
1.907
1.766
1.442
1.556
1.067
0.918
0.198
0.662
2.483
1.065
0.405
0.119
0.786
0.625
0.032
1.333
0.619
0.215
3.643
1.934
0.052
0.385
1.191
0.876
0.18
0.619
0.984
0.11
1.727
0.462
0.068
0.221
0.652
0.769
0.046
0.116
0.042
0.048
1.273
0.826
0.024
1.243
0.262
2.793
1.517
0.22
0.764
0.815
1.976
1.127
1.776
0.081
0.063
0.672
0.762
0.125
0.729
0.623
0.197
1.009
2.931
0.071
0.696
1.491
2.642
0.016
0.853
0.957
0.044
1.789
0.123
1.009
0.098
0.193
0.84
0.057
0.963
0.096
0.219
0.072
0.557
0.644
1.498
0.146
0.537
1.71
1.026
0.598
2.099
0.79
1.983
1.118
0.173
0.029
0.918
1.954
0.032
0.222
1.692
0.13
0.087
0.34
0.933
0.606
1.049
0.27
0.227
0.022
0.368
0.134
0.208
1.987
0.025
1.338
1.111
0.618
1.021
0.402
0.164
2.295
0.718
0.038
0.592
0.047
5.117
0.047
1.554
0.473
0.824
0.817
0.263
0.792
0.807
2.522
0.041
1.469
0.726
0.178
0.022
0.151
0.051
3.673
0.054
0.22
0.067
0.747
1.759
0.023
0.561
0.05
1.271
0.784
0.585
1.063
0.753
1.939
0.811
1.831
0.495
0.97
0.074
1.333
0.054
0.594
0.084
3.905
0.113
1.33
0.808
1.027
0.156
0.961
0.025
1.973
0.157
0.203
0.762
0.674
0.661
0.032
2.26
0.64
1.495
0.386
1.041
0.112
0.596
0.066
0.577
1.412
0.055
0.091
1.743
2.745
0.036
0.686
1.371
1.464
0.537
0.686
0.99
0.744
0.906
2.617
1.233
0.049
0.812
0.175
0.97
0.032
0.723
1.485
0.655
0.186
0.195
0.105
0.355
0.453
0.594
0.32
1.5
0.607
0.024
0.215
0.03
0.821
0.97
0.554
0.69
0.3
0.635
0.041
0.283
2.413
0.541
1.816
0.783
2.047
0.043
0.066
1.436
0.633
0.126
0.093
0.818
0.447
1.149
0.065
1.614
0.913
1.662
0.077
0.223
0.047
0.373
0.046
0.328
0.048
0.642
0.631
0.09
1.489
0.981
0.238
0.291
3.508
0.458
2.251
0.165
0.566
0.32
0.106
0.148
0.781
0.678
1.702
0.753
1.285
1.317
0.973
1.588
0.97
0.113
0.68
1.424
0.645
0.299
2.919
3.684
2.349
0.941
0.149
1.864
0.036
0.045
0.605
0.4
1.567
1.2
0.183
0.255
0.696
0.8
0.11
2.643
2.797
0.845
0.984
0.046
4.566
2.124
0.031
0.643
1.122
0.027
1.084
0.232
0.108
1.165
0.153
0.027
0.223
2.482
0.105
0.025
0.673
0.076
0.054
1.086
1.307
0.027
0.104
0.08
0.686
3.833
0.832
0.964
0.665
1.067
1.5
0.21
0.707
0.296
0.6
0.934
0.587
0.816
0.752
0.4
0.627
0.039
1.18
0.681
0.996
0.732
0.877
0.669
2.218
1.323
0.1
0.941
0.684
0.675
0.044
0.329
0.043
0.943
1.485
1.339
0.043
1.252
0.798
0.743
0.589
4.817
0.67
1.15
0.879
1.283
0.67
1.924
0.067
0.685
0.574
1.226
0.589
0.677
0.025
0.045
0.131
0.771
0.053
1.199
0.099
0.229
0.566
0.346
0.055
0.082
0.038
0.282
0.813
1.64
1.042
0.986
0.597
0.419
0.333
1.579
0.062
0.654
0.758
0.618
1.082
0.102
0.688
0.301
0.378
0.405
0.298
0.373
0.124
3.229
0.022
1.493
1.091
1.638
0.81
0.05
0.551
0.093
0.157
0.115
0.762
0.63
0.813
0.099
0.056
0.377
0.705
0.867
1.123
0.115
0.877
0.725
1.049
0.397
0.968
1.818
0.07
0.479
2.334
0.753
0.14
0.06
0.171
3.967
0.033
0.196
0.641
0.542
0.917
2.062
0.975
0.824
0.662
1.017
0.236
2.754
0.649
0.749
1.435
0.563
1.242
0.614
0.437
0.667
0.541
0.039
1.521
0.827
0.576
1.099
0.687
0.039
0.032
1.532
0.031
0.667
0.045
1.098
0.598
0.466
0.598
0.033
0.843
0.206
1.201
1.503
0.112
0.1
0.531
0.88
0.062
0.043
0.861
1.611
0.038
0.532
0.071
0.859
0.01
0.114
0.779
0.344
0.59
0.584
1.355
1.205
0.624
1.544
0.652
2.034
1.363
0.265
0.113
0.665
0.186
0.069
0.084
0.156
0.534
0.049
0.992
0.768
1.679
0.066
0.586
0.853
0.455
0.301
1.687
0.115
0.043
1.67
0.043
0.303
0.862
1.496
2.892
1.147
1.071
1.439
0.178
0.038
0.047
0.673
0.352
1.575
0.791
0.894
0.72
1.474
0.689
0.095
0.392
0.906
0.061
0.221
1.637
1.042
0.168
0.141
1.339
0.678
1.143
0.806
0.077
1.365
0.034
0.054
0.122
0.103
1.317
0.036
0.442
0.134
0.036
0.65
0.679
0.418
0.024
0.538
0.739
0.075
0.088
1.569
0.801
0.751
0.622
2.155
0.22
0.646
0.165
0.701
0.05
0.721
1.448
0.824
1.404
0.096
0.707
0.763
0.659
0.7
0.076
1.418
0.243
0.033
0.419
0.161
1.632
0.922
0.197
0.866
0.938
0.73
0.672
0.131
1.139
0.053
0.993
0.964
1.347
1.578
1.736
0.114
1.655
0.685
0.016
1.696
1.661
0.054
0.739
0.979
1.007
0.23
1.833
0.695
0.965
0.779
1.003
0.783
0.138
0.557
0.951
0.518
2.041
0.931
0.024
0.058
0.763
0.079
0.087
0.749
0.84
0.082
0.558
0.221
1.896
0.81
0.114
0.599
0.694
0.921
1.254
1.766
0.758
0.08
0.742
1.007
0.538
0.622
0.033
1.623
0.693
0.033
0.066
0.899
0.822
0.838
0.024
0.828
0.077
0.791
0.821
0.049
3.006
0.181
0.656
1.397
0.655
0.071
0.216
0.663
0.911
0.714
0.938
0.087
0.152
1.672
0.87
0.836
0.041
0.613
1.277
0.146
0.665
0.126
0.166
0.108
1.115
1.646
0.175
0.751
1.24
1.093
0.564
1.05
0.823
0.281
0.72
0.471
0.812
0.808
0.038
2.348
0.559
0.065
1.249
0.066
0.073
0.415
0.024
1.132
0.141
2.391
1.832
1.001
0.101
0.085
0.037
0.21
1.23
0.668
3.501
1.782
1.46
0.068
0.822
1.347
1.285
0.091
1.717
0.682
2.418
0.28
0.014
0.202
0.814
0.697
3.048
1.063
0.599
1.139
0.036
0.179
2.188
1.123
0.95
0.674
0.123
0.58
0.664
0.037
0.031
0.118
0.062
1.383
0.489
0.163
0.461
0.84
0.047
0.207
0.713
0.689
0.112
0.675
0.572
0.038
0.079
0.052
0.232
0.155
0.802
0.799
0.761
1.237
0.662
0.071
0.037
2.698
0.904
0.677
0.133
0.776
0.715
0.743
0.167
0.149
2.06
0.507
0.7
0.787
5.513
0.045
0.613
1.053
0.108
0.765
0.608
1.018
1.282
0.233
0.198
0.057
0.696
0.903
0.151
2.455
0.703
1.667
0.881
0.618
0.224
1.335
1.276
1.296
0.91
0.688
1.043
0.031
0.225
0.556
0.838
0.102
0.756
0.034
0.25
0.972
0.74
0.052
0.093
2.617
0.732
0.606
0.08
0.067
0.677
0.137
0.884
1.271
0.036
0.712
0.065
0.246
1.0
0.649
0.23
0.919
0.69
1.604
0.77
1.622
1.915
1.043
2.806
0.823
0.079
0.411
0.824
0.69
0.706
0.677
2.11
1.604
3.14
2.389
0.846
0.112
0.941
0.659
0.075
0.08
1.046
0.091
0.523
0.905
2.471
0.032
0.926
2.44
0.309
1.745
0.621
0.045
0.496
1.687
1.142
0.194
2.831
0.84
0.122
0.742
0.392
1.115
0.763
0.064
0.046
0.276
1.516
0.03
0.528
0.949
0.332
1.524
1.064
0.789
1.328
1.034
0.083
0.039
0.603
2.334
0.017
0.952
0.946
0.842
1.804
0.855
2.177
0.121
0.099
1.196
2.01
0.205
0.238
0.556
0.092
0.209
0.038
0.912
0.04
0.062
0.358
0.778
1.016
1.16
2.394
1.316
0.249
1.033
0.564
0.041
1.097
0.391
1.198
3.545
0.21
0.786
1.089
0.037
0.907
0.79
0.025
0.488
0.272
1.071
0.284
0.582
0.046
2.087
5.687
0.59
0.249
0.567
0.094
0.384
1.512
0.758
0.764
2.811
0.071
1.204
0.955
1.159
1.061
0.032
0.326
0.039
4.272
0.678
0.068
7.933
0.783
1.074
0.077
1.592
0.646
0.108
0.411
0.125
1.23
0.062
0.772
1.761
0.356
2.21
0.817
0.03
0.028
0.056
1.95
0.288
0.339
0.398
0.746
0.057
0.824
0.566
1.577
0.592
0.762
0.117
0.234
0.643
0.138
2.263
0.051
0.634
0.167
0.826
0.067
0.236
1.434
0.857
0.026
0.762
1.356
0.046
0.523
1.782
0.195
2.834
0.05
0.065
0.016
0.714
0.072
1.193
0.856
0.974
0.065
0.625
0.67
1.918
2.203
0.064
0.071
1.433
0.897
0.894
0.93
0.094
0.094
1.743
0.049
0.346
0.997
0.139
0.07
0.021
0.08
0.021
0.127
0.908
2.418
2.711
0.083
1.183
0.288
0.064
0.037
1.207
0.75
0.308
0.831
0.057
0.752
0.392
0.125
0.04
0.118
0.591
0.724
0.571
0.199
0.088
0.762
0.131
0.023
0.93
0.971
3.096
0.772
0.599
0.635
1.464
0.431
0.044
1.468
1.122
0.664
0.36
0.284
0.03
1.042
0.862
0.753
0.606
0.776
0.764
0.112
1.166
0.242
0.409
1.732
0.583
0.102
0.326
0.162
0.969
0.453
0.94
0.081
1.984
0.819
0.932
1.092
0.05
0.267
0.851
0.993
0.892
0.317
2.88
0.513
0.608
1.374
0.594
0.768
0.042
0.207
1.01
3.146
0.036
0.752
0.097
0.654
0.733
0.126
1.129
0.638
0.091
1.668
1.307
0.186
0.648
0.03
1.245
0.052
0.691
0.689
0.457
0.438
1.15
0.426
0.088
0.029
0.06
0.815
0.048
2.824
1.139
0.789
0.854
2.847
0.539
1.49
0.656
1.23
1.401
0.617
0.185
1.064
0.889
0.047
0.033
0.658
2.604
1.773
0.615
0.205
0.032
0.086
1.092
0.315
0.728
0.664
0.206
0.628
0.262
0.172
0.876
0.859
0.363
0.681
0.367
0.011
1.071
0.172
0.256
0.072
0.144
0.506
0.181
1.969
0.746
0.601
0.164
0.669
0.638
0.868
0.309
2.845
0.965
0.845
1.701
1.067
0.406
0.909
0.045
0.256
0.944
1.643
0.808
0.051
0.679
0.066
0.898
0.031
0.026
1.181
0.482
1.024
0.058
0.052
0.217
1.109
1.707
2.405
2.213
0.235
0.785
1.408
0.625
0.414
0.285
0.04
0.853
0.337
0.27
1.262
1.515
0.054
0.785
0.053
0.029
1.994
1.104
1.463
0.054
0.019
0.476
0.813
0.979
0.891
0.869
0.198
5.547
0.1
1.438
0.091
3.422
0.81
1.038
0.055
1.282
1.203
0.052
1.503
0.038
0.992
0.817
0.89
0.167
0.577
0.652
1.153
0.027
0.138
0.039
0.311
0.043
0.682
0.068
0.279
0.146
0.073
0.077
0.102
2.128
2.157
1.679
0.4
0.054
0.822
0.271
4.077
0.264
0.639
1.501
0.819
0.068
0.053
0.07
2.284
0.644
0.581
1.058
2.355
4.227
1.601
1.381
1.03
1.497
0.537
0.102
0.555
0.637
0.306
0.967
1.795
0.381
0.257
0.916
0.655
0.162
0.795
0.906
0.328
0.153
0.1
0.245
0.142
0.609
3.053
0.242
3.004
0.05
0.249
0.625
0.798
0.518
0.1
0.925
1.293
0.775
0.426
0.368
0.877
0.06
0.06
0.145
0.46
1.568
0.984
0.756
1.381
0.091
0.722
0.071
0.566
1.739
0.648
2.182
0.77
1.476
3.326
1.074
0.852
0.963
0.821
1.884
1.07
0.742
0.552
0.134
0.273
2.065
0.642
1.302
0.037
0.905
1.736
0.902
0.732
0.105
0.05
0.145
0.775
0.191
0.632
0.216
0.915
0.992
0.099
0.077
1.663
0.655
0.769
0.252
0.599
1.054
1.031
1.435
1.159
0.607
0.072
0.2
0.396
0.213
1.102
1.154
0.05
0.737
0.64
0.613
0.028
0.12
0.737
0.888
0.667
1.203
0.624
0.632
0.063
1.891
1.314
0.252
1.581
0.058
1.059
0.026
0.928
1.074
0.236
0.042
0.024
0.294
0.131
0.401
0.118
0.09
1.337
0.668
0.861
0.063
0.039
0.531
0.842
1.619
0.867
0.045
0.06
0.66
1.272
0.493
0.825
1.179
0.134
0.184
0.059
0.024
0.098
0.069
0.075
0.935
0.142
0.184
2.312
0.563
1.007
1.701
1.12
1.479
0.869
0.48
0.029
0.035
1.145
0.888
0.788
0.074
0.594
1.228
0.029
0.075
0.158
0.752
0.382
0.362
0.087
0.646
2.237
1.332
1.556
2.165
0.905
0.276
0.071
1.752
0.683
1.425
0.693
0.756
0.035
0.655
0.193
0.568
0.673
0.015
1.86
0.281
1.22
0.738
0.751
2.139
1.532
0.049
0.693
2.399
0.05
1.305
0.049
0.036
0.777
0.844
0.032
0.689
0.016
0.131
0.566
0.87
0.766
0.597
1.353
0.892
1.538
0.248
0.162
0.043
1.24
0.249
0.633
0.629
0.785
0.892
0.059
2.075
0.703
0.528
0.135
1.487
2.29
1.467
0.933
0.895
0.675
1.006
0.189
0.03
0.053
0.037
0.058
0.066
0.635
0.288
0.147
0.564
0.262
0.044
1.064
1.068
0.309
1.101
0.5
1.552
0.178
0.122
1.095
0.891
1.355
0.794
2.543
0.618
0.242
0.552
0.739
1.307
0.049
0.909
2.077
0.785
0.213
0.537
0.038
0.185
3.464
0.086
0.09
0.579
0.092
0.06
0.046
0.192
2.291
0.406
1.426
0.04
0.7
2.001
0.082
0.654
0.096
1.164
1.963
0.824
0.017
1.566
0.967
0.71
0.744
1.385
0.694
0.716
0.697
1.967
0.134
0.087
0.785
0.036
0.954
1.712
0.056
0.052
0.052
2.131
0.205
1.001
1.981
3.123
0.253
0.571
0.634
0.635
0.557
0.045
1.186
0.539
0.179
0.096
0.239
0.416
0.092
0.57
0.967
0.761
0.643
0.718
0.2
0.033
1.647
0.938
1.109
0.65
0.103
0.109
0.769
0.239
0.206
0.578
0.709
0.245
0.569
1.158
0.194
0.131
0.306
1.306
3.488
0.079
0.668
1.647
1.394
1.004
1.559
0.08
0.717
0.9
2.123
0.733
0.46
0.111
0.037
0.072
0.058
0.659
1.296
0.691
0.238
0.906
0.272
3.38
1.267
0.49
0.974
0.03
0.081
0.647
0.07
0.738
1.023
0.167
0.088
0.063
0.454
0.992
2.161
1.729
0.817
0.049
0.036
0.218
0.919
0.257
1.519
0.673
0.051
0.773
2.305
0.02
0.359
0.735
0.028
3.683
0.502
1.391
0.069
0.721
1.62
0.165
0.88
0.882
0.699
0.834
0.736
1.352
0.451
0.399
0.678
0.089
0.143
1.175
1.831
1.633
1.371
0.09
0.756
0.247
0.657
1.556
0.532
0.131
0.477
0.545
1.056
0.408
0.932
0.65
1.558
3.093
1.215
0.281
0.634
0.385
0.633
0.103
0.044
0.964
0.136
0.525
0.025
0.073
1.622
0.605
1.342
2.464
0.096
0.163
0.131
0.031
0.634
0.02
1.209
1.312
1.268
0.864
1.561
0.221
0.793
0.045
0.104
1.439
0.152
1.329
0.053
0.544
0.053
1.629
0.82
0.187
2.013
0.513
1.056
0.919
0.688
0.055
2.082
0.036
0.755
0.104
0.14
1.283
0.048
3.172
1.549
1.635
0.156
0.15
0.787
1.009
0.112
0.159
1.338
2.614
0.119
0.908
1.733
0.795
0.824
1.38
0.206
0.045
1.682
0.595
0.569
0.6
0.307
0.821
1.925
1.617
0.072
0.049
0.736
0.173
0.285
0.933
0.626
0.776
0.612
2.686
0.783
0.042
0.047
0.613
0.092
0.735
0.101
1.431
0.753
0.199
0.969
0.935
0.038
0.042
0.043
0.557
0.041
1.049
0.059
0.282
0.209
0.713
0.03
0.183
1.045
0.474
0.376
0.058
0.041
1.191
0.762
0.64
0.132
0.32
0.084
0.04
0.718
0.048
0.248
0.697
0.08
2.387
0.3
0.125
0.012
0.527
0.712
0.385
0.135
0.608
0.603
0.753
0.1
0.565
0.609
1.997
1.28
2.132
1.178
1.304
0.173
0.025
0.754
0.09
0.044
1.449
0.153
0.013
0.071
0.619
0.024
0.036
1.027
0.924
2.809
0.999
0.097
0.06
0.228
0.952
0.243
0.611
0.408
0.085
0.87
0.312
0.58
0.534
0.204
0.606
0.841
0.214
0.174
1.479
0.362
0.587
1.184
0.063
0.181
1.412
0.117
0.107
0.299
0.328
0.318
0.29
0.642
1.42
1.023
1.089
0.033
0.14
0.572
0.413
0.289
1.418
1.747
1.481
0.021
1.636
0.299
2.286
0.026
1.875
0.065
0.822
2.237
1.731
1.534
0.719
1.162
0.135
0.086
1.317
0.991
1.189
0.058
0.997
0.054
0.436
0.142
0.925
3.413
0.88
1.392
0.048
0.054
0.218
1.033
0.023
0.804
1.377
0.765
0.049
2.229
0.987
1.396
0.2
3.738
0.79
0.586
0.454
1.931
0.692
0.038
1.252
1.443
1.324
0.098
3.555
2.12
0.967
0.82
0.899
0.956
0.542
0.807
0.042
0.799
0.094
1.113
0.024
0.383
0.018
2.172
0.36
1.64
0.233
0.743
0.075
0.712
1.044
0.112
0.928
0.04
0.598
1.98
0.55
0.051
2.207
0.934
0.313
0.594
1.173
0.066
0.048
0.021
0.56
1.253
0.989
0.481
0.532
0.466
0.595
2.025
0.113
0.111
1.768
0.978
2.577
0.738
2.433
0.775
0.099
0.61
1.311
0.048
0.885
0.598
0.296
0.776
0.092
0.293
0.772
0.844
0.832
0.047
2.013
2.039
1.663
0.476
0.877
0.249
0.72
0.054
1.45
2.891
0.045
0.121
1.899
3.221
2.013
0.548
0.187
0.062
0.062
1.709
0.102
0.025
1.891
0.072
0.042
0.02
0.821
0.097
1.504
0.046
1.305
0.037
0.808
0.782
1.069
1.247
0.629
0.946
1.664
0.985
0.584
1.018
0.087
1.632
0.801
0.764
1.443
0.973
2.449
0.241
0.199
0.718
0.179
0.129
0.296
1.301
0.068
0.907
1.383
1.766
0.544
0.05
0.141
0.78
0.914
0.722
2.883
1.159
0.081
0.945
0.022
0.947
0.604
1.48
0.745
1.595
0.98
0.675
0.032
0.133
0.663
0.52
0.059
1.63
2.509
0.234
0.18
0.281
0.664
0.055
0.1
1.048
1.054
0.034
0.218
0.077
0.791
0.039
0.972
0.621
0.341
0.196
0.107
1.565
4.97
0.69
0.266
1.481
0.047
0.892
0.032
1.003
1.668
0.033
0.691
0.852
0.866
0.336
0.016
0.854
1.402
0.559
0.084
1.538
0.235
0.093
0.827
0.11
0.707
0.79
0.061
0.786
0.117
1.462
0.832
0.078
3.264
0.877
0.089
2.465
0.214
0.609
2.239
0.682
0.255
0.849
0.064
0.15
0.641
1.303
0.861
0.134
0.058
0.019
0.029
0.528
0.104
0.245
0.091
0.471
0.559
0.355
0.084
0.14
0.24
0.139
0.051
0.61
1.584
0.139
0.573
0.266
1.007
0.072
0.722
0.132
1.021
0.12
0.871
0.049
0.835
0.914
0.55
0.522
1.269
3.178
2.523
2.053
0.278
0.282
3.829
0.104
0.83
0.728
1.051
0.811
0.291
0.999
1.417
0.607
0.046
0.679
1.135
0.943
0.624
0.027
0.016
0.252
0.772
0.124
2.491
0.03
0.07
0.219
0.882
1.114
1.796
0.539
1.37
0.405
0.026
0.837
0.138
0.221
0.122
1.513
1.371
0.526
0.798
0.427
0.699
0.726
0.067
0.618
0.787
0.056
0.888
0.336
1.576
0.149
1.181
0.027
2.74
0.543
1.115
0.294
0.109
0.083
0.232
0.082
0.176
0.15
0.918
1.063
0.681
0.878
0.219
0.152
0.671
0.706
1.421
0.778
1.416
0.123
3.205
2.632
0.379
0.073
0.064
0.085
0.045
0.661
0.789
0.588
1.911
0.633
0.909
1.67
0.985
0.083
1.344
0.968
1.339
0.694
0.027
0.121
0.642
1.078
0.683
0.779
1.732
0.726
0.026
0.065
0.308
0.117
1.676
1.104
1.104
0.695
0.736
0.768
1.949
0.179
0.217
0.645
0.695
0.489
3.449
0.046
1.45
1.935
2.01
0.076
0.025
0.016
0.019
0.772
0.043
2.143
0.029
0.406
0.683
4.673
0.195
0.805
0.14
1.441
0.708
0.675
1.244
0.074
0.644
1.059
0.019
0.211
0.68
0.763
0.083
0.629
0.129
0.287
0.349
1.638
0.045
0.454
0.156
0.053
1.198
0.535
0.157
0.772
0.188
0.14
0.823
1.024
0.042
0.274
0.817
2.569
0.975
0.177
0.031
1.436
0.136
0.08
1.099
0.126
0.021
0.037
0.105
1.221
0.067
0.627
0.424
1.929
0.739
0.132
0.089
0.726
1.001
1.731
0.027
0.127
2.422
0.074
0.563
0.024
0.039
0.603
0.074
2.625
0.364
2.132
0.041
2.154
0.067
1.871
0.666
0.979
1.045
0.274
0.061
0.574
0.03
0.697
0.096
0.65
0.063
0.437
0.568
0.19
0.621
0.051
0.502
0.067
0.309
1.045
0.11
1.064
0.121
0.517
0.102
0.217
0.602
1.62
0.845
1.543
1.477
0.806
0.021
0.595
0.689
0.621
0.111
0.042
4.7
1.523
0.075
0.914
0.749
1.003
0.041
1.633
2.054
0.842
1.841
1.067
0.127
0.799
1.023
1.184
1.278
0.909
0.038
0.025
0.273
2.026
0.647
0.141
0.475
0.774
0.712
0.232
0.784
0.743
0.513
0.753
0.053
0.061
0.499
0.024
0.927
1.005
0.083
0.994
0.633
0.671
0.752
0.697
1.835
0.129
0.213
0.078
1.518
1.451
1.213
1.085
0.044
0.785
0.071
0.91
0.11
0.821
0.176
1.105
0.173
0.04
0.028
1.012
0.921
1.208
1.037
0.626
5.906
0.784
2.257
0.602
0.027
0.732
3.252
0.457
1.281
0.091
0.026
0.042
0.09
0.97
0.111
0.757
0.712
0.028
0.101
1.36
1.17
0.989
1.096
0.129
0.867
3.421
0.053
0.891
2.04
0.279
1.228
0.093
0.759
0.836
0.728
0.939
0.023
0.766
0.085
1.85
0.769
0.033
0.691
2.451
0.647
0.124
0.167
0.107
0.114
0.233
0.043
0.721
0.054
1.342
0.058
0.124
0.963
0.834
0.871
0.265
0.926
0.821
1.152
0.046
0.546
0.081
0.053
0.274
0.07
0.37
0.153
0.162
0.805
2.59
0.737
0.961
0.097
0.564
0.82
0.881
1.28
0.318
0.591
1.458
0.348
0.139
0.777
0.62
1.629
1.429
0.294
1.059
1.733
1.671
0.211
1.171
0.37
2.833
0.918
0.661
0.642
0.806
0.815
0.895
0.288
0.315
0.756
0.817
0.631
0.233
0.689
0.154
0.604
0.2
0.508
0.641
0.766
0.06
1.15
0.537
0.05
0.071
0.812
0.894
0.877
0.055
0.128
0.035
0.72
0.445
0.164
0.085
0.069
0.603
0.029
1.214
0.078
0.107
0.616
1.701
0.221
0.214
0.524
0.57
2.321
0.711
0.027
0.092
0.151
1.532
0.874
0.489
2.608
0.87
0.547
1.448
1.748
0.3
1.621
1.026
0.095
1.329
2.499
0.271
0.028
0.587
1.727
1.188
0.796
0.077
0.73
0.073
0.05
0.741
0.63
0.963
0.627
0.635
0.68
0.079
0.721
0.848
0.023
0.781
0.523
0.057
1.372
1.21
1.003
1.56
0.165
1.716
0.799
0.753
0.051
0.61
1.892
0.904
0.035
0.606
0.73
0.911
1.23
0.629
0.041
0.614
0.997
0.711
0.139
0.095
0.607
0.708
0.728
0.874
0.147
2.44
1.309
1.055
0.723
0.021
0.675
0.072
0.892
1.777
0.804
1.127
1.431
0.01
0.085
0.081
0.123
0.266
1.557
0.528
0.987
0.457
0.499
0.228
0.566
1.43
1.013
0.152
1.503
0.123
0.089
0.765
1.55
2.953
0.878
0.693
0.865
0.954
0.21
0.707
1.193
0.736
0.153
0.034
0.051
0.026
0.533
1.595
1.562
0.577
0.07
1.147
0.098
3.205
0.103
0.119
1.758
0.136
0.921
0.081
0.984
0.33
0.918
0.642
0.166
0.62
0.768
0.044
0.293
0.019
1.026
0.159
0.516
0.06
0.792
0.328
0.635
0.581
0.626
0.032
0.214
0.085
0.775
0.137
3.222
0.726
0.652
1.626
0.976
0.488
0.618
0.881
0.83
1.482
0.193
0.066
0.038
0.799
0.771
2.234
1.258
0.158
1.216
1.091
0.153
0.617
0.053
0.859
0.774
0.226
1.636
0.206
0.151
0.064
0.445
0.823
0.65
0.592
0.044
0.146
0.703
0.609
0.643
0.088
1.556
1.798
1.585
0.017
1.168
0.578
1.238
1.844
0.836
0.441
0.026
0.095
2.665
0.109
0.084
0.898
0.138
0.805
2.165
0.598
1.228
0.164
1.437
0.576
0.565
0.944
0.277
0.109
0.008
0.056
0.746
0.981
1.526
0.111
0.492
0.438
0.255
0.042
2.605
1.215
1.255
2.152
0.959
1.555
0.608
1.562
1.06
0.86
0.54
0.432
1.064
0.813
0.092
0.018
0.361
0.61
0.067
0.321
0.389
1.862
0.68
0.133
0.097
0.698
0.117
0.111
0.095
0.046
0.117
0.477
0.946
0.624
0.074
1.998
0.599
0.016
0.11
0.227
0.694
0.729
0.02
0.631
0.063
1.572
1.052
1.559
0.658
0.421
1.993
0.76
0.531
2.384
0.246
0.552
0.129
1.116
0.581
0.73
1.468
1.196
0.559
1.2
0.044
0.764
0.036
0.719
0.943
1.174
1.682
0.483
0.587
0.026
0.884
0.179
0.766
1.141
0.716
0.071
1.453
0.735
1.555
1.544
0.135
0.252
0.792
0.149
0.537
0.085
1.389
2.406
0.656
0.073
0.029
0.756
0.04
0.234
0.885
0.071
0.052
1.057
0.69
0.63
0.4
0.118
0.027
0.042
0.097
1.488
0.407
0.833
0.415
0.782
0.09
2.271
2.735
0.618
0.781
0.338
0.318
2.449
0.879
0.157
0.361
0.965
1.254
0.479
1.304
0.035
0.253
0.158
1.487
0.02
0.204
0.059
0.602
0.926
0.764
0.119
1.319
0.21
0.39
0.06
0.053
2.373
0.173
0.711
2.461
0.279
0.046
1.14
0.571
0.037
0.401
0.061
0.577
0.205
0.256
0.032
0.049
0.502
0.799
0.891
0.119
0.109
0.782
0.105
1.648
0.085
0.124
0.044
3.64
0.274
0.36
0.044
1.258
0.025
0.093
0.624
1.015
0.034
2.641
2.516
0.052
0.872
0.748
0.192
0.072
0.621
1.341
0.307
0.949
0.025
0.667
0.04
2.271
0.509
0.196
0.634
0.517
0.045
0.051
1.225
0.033
0.732
1.002
1.337
0.114
0.033
0.089
0.604
1.261
0.292
0.582
0.705
0.104
1.411
0.364
1.08
1.052
2.447
0.712
0.812
0.723
0.322
0.519
0.09
0.405
0.213
0.02
0.912
0.498
0.305
0.052
0.232
0.087
1.513
1.252
0.249
1.247
1.361
0.092
1.155
0.086
0.13
0.676
0.597
0.022
2.34
0.04
1.632
0.735
0.919
0.09
0.985
0.073
0.903
1.057
0.127
1.58
0.549
0.726
0.916
0.048
0.056
0.376
2.271
0.758
0.063
0.911
0.103
0.023
0.039
0.717
1.631
1.868
0.682
0.355
0.227
1.464
0.717
1.938
0.773
0.668
0.037
0.179
0.325
0.756
1.163
0.724
1.216
0.227
0.242
0.118
0.083
0.662
0.623
0.247
2.06
0.082
3.661
0.464
0.03
0.123
0.718
0.029
0.671
1.169
1.065
1.636
0.062
0.486
0.874
0.876
1.674
0.112
0.343
1.728
0.175
0.108
0.026
0.07
0.121
0.561
0.036
0.061
1.312
0.562
0.061
1.07
1.277
1.147
0.044
2.911
1.033
0.017
0.054
1.096
0.036
0.304
1.142
1.098
0.794
0.58
2.107
1.374
2.101
0.887
3.239
0.755
0.179
0.044
1.854
0.707
0.767
0.015
1.148
0.056
0.501
0.025
0.698
1.132
0.272
0.41
0.759
0.712
0.094
0.086
1.525
0.519
0.569
0.741
1.95
0.047
3.694
2.42
0.038
1.537
1.041
0.211
0.226
0.167
1.716
0.032
0.506
0.083
3.362
0.923
0.512
1.155
0.044
1.282
1.62
0.102
0.047
0.722
0.648
1.648
0.697
0.866
0.6
0.019
0.715
2.468
0.177
0.101
0.912
0.178
0.956
0.63
0.029
0.152
0.491
0.236
0.798
0.532
0.373
1.858
0.505
0.567
0.899
0.862
2.885
1.529
1.88
0.904
0.649
0.061
0.81
0.471
0.073
0.733
0.348
0.138
1.238
0.705
0.072
1.92
1.224
0.515
0.103
0.583
1.455
2.463
0.151
0.171
0.081
0.197
0.726
1.76
2.419
0.384
0.261
2.038
0.059
0.09
0.788
0.539
0.127
0.773
0.032
0.069
0.818
0.976
3.202
0.041
2.204
0.879
0.114
0.045
0.018
0.441
1.48
0.683
0.01
1.648
0.078
0.218
3.758
3.878
0.664
0.212
2.258
0.215
0.075
0.134
0.311
0.245
2.202
0.909
0.514
0.524
1.195
0.166
0.663
0.192
0.679
0.826
0.807
0.447
0.397
0.453
1.142
0.841
0.027
0.07
0.736
1.648
0.074
0.313
0.083
0.718
0.158
2.114
0.268
0.785
0.609
0.075
0.237
0.781
0.627
0.04
0.061
1.008
0.219
0.031
1.161
0.307
1.558
1.122
0.639
0.05
0.377
0.622
0.334
0.638
0.898
0.723
0.739
0.764
2.378
0.776
0.572
0.363
0.71
0.416
1.615
0.57
0.731
0.788
0.049
1.106
0.195
1.669
0.079
0.459
1.158
0.106
0.173
1.339
0.147
0.843
0.325
3.2
0.651
0.051
1.473
0.906
0.032
0.565
0.177
2.883
0.297
0.849
0.752
2.537
0.173
1.754
0.725
0.049
0.695
0.541
0.441
0.543
0.091
0.587
0.095
1.805
0.03
1.079
0.679
2.27
1.152
0.71
1.231
0.792
1.83
0.113
0.676
0.763
0.484
0.189
0.879
0.081
0.572
1.589
0.047
0.114
1.887
0.704
0.088
3.642
0.045
0.572
0.037
2.254
0.769
0.54
0.135
0.081
1.04
0.083
0.124
1.917
0.139
1.046
0.069
0.062
0.725
1.319
0.106
0.189
0.646
0.536
0.83
1.004
0.088
0.977
0.127
1.38
0.213
0.21
0.931
0.013
2.224
1.829
0.237
0.28
2.102
0.663
1.747
0.602
0.083
0.597
1.61
0.881
0.966
0.085
0.029
1.076
0.203
0.093
1.253
0.059
0.915
0.073
0.692
1.717
0.544
1.565
0.382
0.551
0.316
0.108
0.811
0.226
1.06
0.723
0.19
0.722
3.495
1.951
2.149
0.753
1.129
0.443
1.038
3.935
1.099
0.282
0.589
1.162
1.949
1.194
0.527
1.237
0.188
0.054
1.008
1.188
1.04
0.309
3.132
0.607
0.973
0.217
0.166
1.678
0.82
0.036
1.002
1.062
0.187
0.579
1.313
0.062
0.872
0.715
0.59
0.073
0.205
0.075
1.544
0.048
0.688
0.885
0.712
2.301
0.706
0.135
1.47
0.569
0.564
0.572
0.758
0.104
0.944
0.957
1.025
0.113
0.727
0.194
2.538
0.248
0.897
1.267
1.585
0.597
0.064
0.286
2.783
0.926
0.053
0.132
0.223
2.752
0.607
0.13
0.193
0.11
0.389
0.929
0.707
0.119
2.305
0.045
0.048
0.185
0.613
1.623
0.135
0.757
0.057
1.089
0.873
1.235
0.57
1.468
0.593
0.891
0.815
1.397
0.282
0.151
0.1
0.866
0.933
0.583
2.199
0.741
0.819
0.981
0.249
0.076
1.773
0.73
0.664
0.963
0.144
0.383
0.313
0.039
0.57
0.038
0.065
1.572
0.156
0.024
0.789
0.242
0.052
0.417
0.069
0.983
0.708
0.146
0.059
0.499
2.346
0.744
1.469
0.701
0.187
0.111
0.729
1.462
0.034
0.059
0.528
1.783
1.041
0.191
0.781
2.147
0.247
0.147
0.089
0.089
0.939
1.103
2.702
2.155
0.215
0.164
0.65
0.927
0.109
1.489
0.531
1.245
0.167
0.201
0.019
1.352
0.05
0.039
0.765
0.06
1.698
0.541
0.119
0.053
1.905
0.074
0.031
0.186
0.761
0.103
0.147
0.387
0.856
0.2
0.64
1.544
0.539
0.49
2.391
0.368
0.381
0.098
2.287
1.513
1.212
0.025
0.615
0.053
0.91
1.036
0.059
0.016
0.382
0.1
0.088
1.807
0.833
0.71
1.093
1.149
0.079
0.275
0.029
0.524
1.708
0.596
0.107
0.511
0.963
0.859
0.103
0.133
0.785
0.927
0.681
0.698
0.177
0.846
0.242
0.671
0.131
0.434
0.055
0.665
0.61
0.357
0.278
0.935
0.135
0.098
0.179
0.69
0.07
1.748
0.778
1.124
0.676
0.067
0.115
0.031
1.098
3.498
1.316
0.784
1.007
1.834
0.749
0.222
0.136
0.169
0.017
0.268
0.035
1.404
0.097
0.037
0.236
2.221
0.774
0.144
0.758
0.045
0.216
1.774
1.048
0.803
0.031
0.172
0.044
0.158
0.434
0.123
0.829
1.232
0.816
0.214
0.049
0.834
0.492
0.117
0.197
0.209
0.688
0.741
0.579
0.416
0.733
0.876
0.732
0.637
0.08
0.016
0.3
0.064
0.151
2.07
0.901
0.923
0.049
0.583
2.35
1.691
0.155
2.725
1.115
4.789
2.941
0.419
0.146
0.8
0.012
0.168
0.122
0.02
0.659
1.898
0.048
0.623
6.039
0.034
0.794
2.696
1.362
0.04
0.126
1.41
0.095
0.588
0.631
0.36
0.896
0.136
0.546
0.302
1.061
0.118
0.71
0.071
1.424
1.599
0.028
0.588
0.654
0.656
0.64
1.737
0.953
1.464
0.854
0.034
0.496
0.071
0.563
0.078
0.038
1.448
0.136
2.133
0.719
0.112
0.748
0.667
0.789
1.315
2.41
0.788
0.627
0.639
0.034
0.022
0.645
0.606
0.177
0.126
0.61
0.206
0.154
1.026
0.102
0.077
0.336
0.209
0.508
0.116
0.926
1.708
0.08
0.167
0.047
0.566
0.77
0.443
0.618
0.223
0.344
0.057
0.871
1.461
0.308
1.032
0.035
0.042
1.199
0.088
0.056
0.998
0.61
0.736
1.537
1.005
0.283
0.682
0.215
0.111
0.287
0.687
0.064
0.471
0.132
0.87
0.283
0.324
0.033
0.52
0.055
0.865
1.482
0.045
2.491
0.067
0.221
0.032
0.227
2.476
0.214
0.184
0.037
0.151
0.416
0.133
0.705
0.023
0.957
2.933
1.183
0.183
1.199
0.954
1.282
0.557
0.119
0.334
0.124
0.087
0.907
1.191
0.891
0.531
1.18
0.671
0.15
0.523
0.122
0.727
1.219
0.902
0.758
0.038
0.312
0.086
1.168
0.585
0.834
1.237
2.333
0.62
0.191
0.04
0.529
0.253
0.495
0.077
2.835
0.121
0.305
0.452
0.817
1.612
0.139
1.166
0.618
0.732
0.38
0.065
0.281
0.588
0.122
0.046
0.66
0.766
0.938
1.29
0.392
0.714
0.071
0.022
1.203
2.954
0.131
0.061
0.15
1.538
1.406
0.362
0.135
0.715
0.078
1.675
0.762
0.745
0.083
0.155
0.859
0.93
0.842
0.75
0.104
2.32
0.717
0.754
0.121
0.145
0.035
1.76
1.074
0.758
0.539
0.786
1.205
0.032
0.634
1.24
1.621
1.38
0.612
0.168
1.096
0.041
0.359
0.627
2.029
1.157
0.524
0.882
0.225
2.016
0.373
1.253
0.206
0.221
0.09
1.531
0.744
0.079
0.036
0.659
1.268
1.998
0.078
1.118
2.053
0.746
0.226
0.866
0.747
0.027
0.101
2.073
0.106
0.072
0.708
0.296
0.919
0.187
0.034
0.04
0.614
0.108
4.125
0.932
0.745
0.306
0.389
1.326
0.261
0.661
1.386
1.848
0.392
0.68
1.581
2.135
0.604
1.077
0.152
0.126
0.725
0.128
0.867
0.567
0.731
1.496
0.956
0.044
0.691
0.778
0.191
0.076
1.144
1.031
1.141
0.467
0.092
0.619
0.132
0.591
0.117
0.237
0.231
0.839
2.405
0.807
0.955
0.727
3.757
0.672
1.035
0.572
0.208
0.058
0.065
0.2
0.079
0.091
0.788
1.284
1.836
0.616
0.085
0.49
1.815
0.103
3.362
0.543
2.345
0.813
0.778
2.06
0.036
0.049
1.288
0.584
4.604
0.892
0.594
0.978
1.709
0.02
0.179
1.649
1.571
1.271
0.035
1.826
0.147
0.789
0.668
0.617
0.031
1.053
0.142
0.938
0.108
0.047
0.778
0.134
0.143
1.246
0.184
0.22
2.18
1.129
0.822
0.06
0.943
2.056
1.47
1.338
0.884
0.244
0.137
0.951
0.633
0.082
0.51
0.531
0.231
1.438
1.671
0.25
0.155
2.166
1.337
0.926
0.078
0.156
1.768
0.683
0.796
1.837
0.047
1.75
0.059
0.948
1.928
0.641
1.377
0.118
0.126
1.038
1.64
1.126
0.814
0.502
0.672
0.911
0.115
0.784
0.047
0.063
0.019
0.804
0.878
0.717
0.048
1.259
0.175
1.236
0.046
0.111
0.89
0.123
0.718
0.022
0.643
1.084
0.048
3.945
0.152
0.931
0.02
1.036
0.047
0.07
1.013
0.305
0.665
1.613
0.899
2.506
0.127
0.962
0.272
0.121
0.961
1.171
0.694
0.077
0.199
0.734
0.145
0.434
0.235
0.173
0.799
2.087
0.085
0.781
1.226
0.715
0.079
2.379
0.684
0.693
1.263
0.121
0.615
0.867
1.381
0.051
1.957
1.144
0.654
0.671
0.649
0.766
2.592
2.658
0.764
0.201
0.718
0.034
0.051
0.051
1.71
0.7
0.548
0.875
0.084
1.568
0.944
2.221
2.104
1.273
0.048
0.742
1.059
0.199
0.575
0.47
0.626
0.686
0.048
1.03
0.065
0.207
0.853
0.67
0.174
0.288
1.758
0.777
0.032
0.902
1.938
1.771
0.05
0.925
1.16
0.093
0.621
0.883
0.596
0.045
0.082
1.01
1.148
0.356
0.026
0.14
0.798
2.845
1.603
0.773
0.045
0.127
0.475
0.687
0.026
0.078
0.942
2.262
0.101
0.055
0.436
2.122
2.719
0.596
2.606
1.355
1.374
0.091
0.81
0.327
0.837
0.639
0.036
0.542
3.107
0.083
0.804
0.836
0.76
0.804
0.148
1.299
0.328
0.064
0.596
3.874
0.604
0.616
0.153
1.686
3.466
0.04
0.756
0.3
0.844
0.313
0.956
0.879
1.699
0.031
2.016
2.765
1.111
0.05
1.006
2.825
0.288
0.165
0.979
0.769
0.286
1.162
1.355
0.623
0.071
0.057
0.835
0.167
0.026
0.364
2.286
0.766
0.154
0.506
0.826
1.493
1.438
0.148
0.292
0.04
1.602
0.681
0.149
0.512
3.515
0.945
3.097
0.074
0.191
0.843
1.046
2.47
0.652
0.233
1.54
0.168
0.043
0.041
0.995
0.769
1.044
2.475
0.703
0.059
0.769
1.502
0.299
0.068
0.609
0.723
0.773
0.28
0.283
0.062
1.603
1.886
0.716
0.513
1.053
0.14
1.548
0.16
0.891
1.168
0.77
2.685
0.385
0.688
1.24
0.828
0.697
0.301
0.749
0.607
0.031
1.095
0.728
0.079
1.976
1.029
0.994
2.165
0.666
0.09
0.068
2.129
0.055
2.029
0.75
0.611
1.17
1.674
0.594
1.352
1.683
0.99
0.487
1.542
0.065
0.026
0.568
0.167
0.058
0.811
0.88
2.754
0.251
0.098
0.036
0.628
0.511
0.065
0.106
1.907
0.101
1.174
0.737
0.054
2.646
0.899
0.232
0.602
0.051
0.041
0.068
0.979
0.509
0.568
1.341
0.645
0.777
0.033
1.065
0.041
0.554
0.045
0.33
2.58
0.05
0.711
0.698
0.984
0.697
0.071
0.093
0.059
1.243
0.833
0.025
2.607
1.421
0.626
0.691
0.751
0.571
0.204
0.082
0.857
0.065
0.492
0.025
0.421
1.009
1.783
0.047
0.05
0.679
0.37
0.188
1.434
1.258
1.05
0.138
0.305
0.262
0.419
1.167
0.043
0.057
0.585
0.884
0.28
0.107
0.45
1.392
0.557
0.059
1.505
0.075
0.658
1.619
1.723
0.763
0.133
0.152
0.235
1.156
0.701
1.871
1.748
1.566
1.162
0.4
1.519
0.972
0.855
0.033
0.046
0.132
2.722
0.042
0.056
0.027
0.032
0.72
0.464
0.199
0.596
0.927
0.04
0.452
0.06
1.016
0.023
0.045
0.807
0.123
0.069
0.739
0.058
0.119
0.123
0.648
1.582
0.358
0.073
0.073
0.073
0.124
0.106
0.722
0.074
0.27
1.638
0.133
0.664
2.414
0.885
1.234
0.62
0.752
1.036
0.754
0.05
1.848
0.782
0.482
2.014
0.073
2.734
0.79
0.706
0.047
1.581
1.496
0.681
1.22
0.166
0.058
2.598
1.537
0.667
0.753
0.761
0.069
0.032
0.299
0.031
1.717
0.062
0.906
0.229
0.213
0.063
0.817
0.071
0.806
0.106
1.157
0.101
0.055
0.031
0.067
0.565
0.124
0.042
0.662
0.72
0.024
0.205
0.946
1.685
2.2
0.083
0.045
0.254
1.065
3.137
0.024
0.04
0.694
1.701
0.696
3.256
1.083
0.604
1.477
0.737
0.722
0.052
0.054
0.743
0.093
0.184
0.113
0.064
0.544
1.089
2.224
0.915
2.207
0.071
0.374
1.785
0.105
0.119
1.571
0.639
1.453
0.442
1.289
0.862
1.807
0.64
0.842
1.094
0.108
0.749
1.381
0.947
0.426
0.617
1.174
1.823
1.463
0.094
0.23
0.667
0.215
0.502
1.95
0.446
0.024
0.067
0.224
0.048
0.734
1.002
0.445
0.628
0.064
2.657
0.623
0.66
0.91
0.049
0.667
2.014
0.033
0.053
0.939
0.526
0.906
1.902
0.74
1.003
0.143
0.74
0.191
3.446
0.84
0.788
0.063
0.735
0.98
0.234
1.121
1.178
1.545
1.276
0.092
1.043
0.12
0.605
0.136
0.668
0.09
0.6
0.672
0.063
1.08
1.228
0.174
0.135
0.103
0.086
1.421
0.041
0.011
0.602
0.642
1.779
0.851
0.152
0.724
0.059
0.515
2.3
0.57
0.219
0.037
0.919
1.264
0.039
0.679
0.241
0.594
0.319
1.835
0.027
0.035
0.824
0.055
2.29
0.698
0.671
0.854
0.921
0.134
0.934
0.3
0.705
0.545
0.864
0.915
0.859
0.915
1.327
0.563
0.128
0.756
1.156
0.595
0.544
0.982
0.557
0.296
1.154
0.671
1.136
2.684
1.198
0.816
0.089
1.554
0.821
0.772
0.74
0.812
0.034
0.087
1.25
2.454
0.167
1.684
0.046
1.56
0.604
0.492
1.033
0.296
0.222
0.891
0.777
0.219
0.769
1.206
0.954
1.213
0.227
0.663
0.142
0.047
0.018
0.713
0.135
0.669
0.028
0.279
0.091
1.005
1.027
0.71
0.016
1.268
0.041
2.521
0.746
0.719
1.849
0.479
0.24
1.605
0.73
0.235
1.125
0.599
0.398
0.124
0.174
0.138
1.496
0.087
0.067
0.805
1.315
0.532
0.816
1.625
0.642
0.095
0.723
1.478
0.182
1.096
0.172
0.103
0.07
2.578
0.599
0.064
1.224
1.049
0.167
0.015
0.096
0.636
0.045
0.2
0.154
0.679
0.873
0.831
0.077
1.175
3.412
1.257
0.735
0.108
0.511
0.89
0.869
1.317
0.047
0.26
1.794
0.043
1.126
1.453
1.299
0.251
0.026
0.813
1.049
0.066
2.778
0.272
0.049
2.932
0.061
0.222
0.064
1.761
0.161
0.075
0.859
1.602
0.785
0.08
0.579
1.027
2.688
0.093
0.302
0.795
0.106
0.103
1.912
1.562
0.07
0.818
0.678
0.926
1.047
0.032
0.07
0.016
0.581
0.145
0.012
3.168
0.027
0.023
0.723
2.003
0.021
0.038
0.87
0.093
0.634
1.893
0.779
1.863
1.512
0.075
0.038
0.059
0.656
1.215
0.044
0.536
0.018
0.807
0.586
0.17
0.062
0.84
0.934
0.624
0.085
1.876
0.077
1.76
2.244
0.067
0.744
0.051
0.159
0.48
0.684
0.525
0.576
3.427
0.792
0.127
0.13
0.053
2.903
2.609
0.533
1.134
0.033
0.164
0.049
0.637
0.063
1.061
0.117
0.118
0.615
0.336
0.671
0.597
1.194
0.416
2.522
0.363
0.047
0.176
0.631
0.017
0.661
1.26
0.219
0.036
0.069
0.894
0.023
0.27
1.31
0.743
0.655
0.213
0.05
2.801
0.864
0.029
0.071
1.803
0.888
0.031
1.181
0.151
0.602
1.381
0.561
0.167
0.69
1.173
0.028
1.755
0.028
1.001
0.639
1.438
0.097
0.157
1.704
1.293
0.953
1.154
1.276
1.432
0.046
0.619
1.67
0.173
0.037
1.838
0.018
0.165
0.068
0.137
0.851
0.47
3.108
0.988
0.639
0.03
0.027
0.243
0.563
0.747
0.242
0.815
0.113
1.887
1.256
1.477
0.828
0.163
0.024
0.149
1.321
1.092
0.758
0.024
1.032
1.667
0.09
1.515
0.097
0.738
0.232
1.107
0.467
0.577
0.725
0.668
0.358
2.029
5.476
0.617
0.013
1.095
0.203
0.127
0.078
1.589
0.034
0.075
1.063
0.482
0.847
1.221
2.818
1.874
0.769
0.715
1.741
0.373
1.928
0.951
1.297
0.607
1.74
0.165
0.725
0.362
1.777
0.821
0.756
0.022
0.714
0.693
0.75
0.812
0.084
0.763
1.696
0.908
1.47
1.321
2.392
0.029
0.678
0.327
0.618
0.725
0.153
0.017
0.733
0.256
1.284
0.025
0.047
0.592
1.665
0.026
1.045
0.69
0.166
0.809
0.795
0.052
0.678
0.081
0.762
1.859
0.652
0.066
1.394
0.555
1.129
0.094
1.249
0.104
1.797
0.064
0.958
0.652
0.186
0.204
0.08
0.546
0.048
0.744
0.279
0.136
0.075
0.944
0.031
0.562
0.654
1.602
0.068
1.861
1.338
1.542
0.743
0.652
0.926
0.905
0.084
0.878
1.134
0.597
0.17
0.103
1.106
0.047
0.079
1.646
0.795
1.044
0.124
2.22
0.77
0.648
0.688
1.061
0.033
0.902
0.649
0.729
0.014
0.912
0.044
0.642
0.754
1.288
1.608
0.996
0.682
0.773
0.023
0.721
0.101
0.59
2.144
0.697
1.246
0.044
0.647
0.518
0.035
1.147
1.263
0.119
0.55
0.819
1.015
0.143
0.205
2.221
0.108
0.022
0.808
0.282
0.755
0.083
0.844
1.035
0.045
0.496
1.766
0.922
0.097
0.965
0.5
0.036
0.294
0.196
1.825
0.214
0.062
0.74
0.952
1.355
0.128
0.06
0.614
0.171
0.673
0.058
0.682
0.107
0.123
1.243
1.235
0.06
1.081
1.325
0.049
4.777
1.052
1.633
0.616
0.639
0.131
1.329
4.353
0.193
1.64
1.862
0.03
1.159
0.509
0.655
0.03
0.473
1.032
0.037
0.136
0.407
0.786
0.877
0.337
0.67
0.651
0.607
0.84
0.032
0.185
1.722
0.722
1.932
0.05
1.11
1.03
0.756
0.108
0.953
1.803
0.644
0.592
0.098
0.075
0.047
0.838
0.068
1.482
2.175
0.676
0.836
0.173
0.975
0.557
0.908
0.061
0.579
2.233
0.181
0.148
0.207
0.114
0.855
0.073
1.463
0.472
1.85
0.821
0.632
1.439
0.067
0.693
0.809
1.102
0.093
0.04
0.383
0.908
0.866
0.973
4.015
0.229
0.089
0.196
1.106
0.422
0.62
0.056
0.374
0.181
1.223
0.119
0.025
1.304
1.605
1.281
0.969
0.507
0.298
0.507
0.114
0.467
0.813
1.479
0.076
1.194
0.078
0.053
1.203
1.784
0.072
0.083
2.409
0.088
0.784
0.059
0.919
1.387
1.417
2.261
0.548
2.019
1.185
2.173
0.032
0.025
0.841
0.107
0.057
1.011
0.397
0.052
0.684
0.943
0.287
0.731
1.18
0.65
1.264
0.334
0.164
0.053
0.712
0.094
1.168
0.861
0.559
0.129
0.75
0.55
0.12
0.09
0.237
1.574
0.021
0.039
1.532
0.966
1.719
2.117
0.052
1.08
1.138
0.11
0.855
0.045
0.296
0.559
0.045
1.158
0.756
0.641
0.029
0.317
0.114
0.694
2.109
0.641
2.341
0.023
0.652
0.05
0.645
0.671
0.067
0.727
0.945
0.39
0.897
0.695
1.374
0.924
0.866
1.202
0.06
0.125
0.106
0.808
1.039
0.186
0.025
0.542
1.139
0.827
0.038
0.477
2.123
0.12
1.206
0.865
0.543
2.434
0.218
0.808
0.732
0.018
0.166
0.125
0.131
0.429
0.754
0.657
0.07
0.567
0.024
0.915
1.853
1.433
0.298
0.852
0.667
0.795
1.07
0.037
0.021
0.789
0.275
0.606
0.191
1.977
0.023
1.043
0.141
0.097
1.029
0.15
1.134
0.54
0.061
0.249
0.375
1.102
0.687
2.284
0.076
0.066
0.596
0.817
0.464
0.561
1.32
3.769
1.616
0.655
0.114
0.162
0.271
0.715
1.115
0.326
0.635
0.167
0.604
0.051
1.003
0.623
1.741
0.057
0.602
0.769
0.16
0.764
1.418
0.257
0.257
0.929
0.497
0.687
1.146
0.997
1.482
2.205
0.916
0.9
0.09
0.895
0.182
0.167
1.707
0.717
0.732
0.731
0.946
0.639
0.029
0.031
0.056
0.189
0.094
0.042
1.368
0.979
1.418
0.78
0.065
0.646
1.312
0.522
0.754
0.786
0.163
2.385
0.595
0.333
2.429
0.048
0.836
0.645
0.055
0.931
1.477
1.826
0.232
0.375
1.442
1.274
0.401
1.375
0.533
0.223
0.05
1.125
1.282
0.653
0.715
0.653
0.954
1.352
1.688
1.055
0.599
0.049
0.074
0.322
2.082
0.037
0.502
0.07
0.596
1.696
1.761
1.956
0.242
0.836
0.779
0.035
0.191
0.704
2.622
0.112
0.613
0.246
0.058
2.736
0.648
0.094
1.259
0.375
0.937
0.051
0.797
0.076
0.039
0.682
1.293
1.489
0.232
0.131
1.09
0.619
0.738
0.186
0.928
0.12
0.765
0.03
0.564
0.248
0.688
0.109
0.193
1.662
0.552
1.654
0.656
1.673
0.072
0.532
0.942
0.922
0.061
0.815
1.331
0.523
1.207
0.023
1.007
1.054
0.076
0.123
0.083
0.915
0.663
1.666
0.072
0.244
2.202
0.825
0.831
0.319
0.518
0.128
0.136
0.772
0.087
0.7
3.048
0.113
0.575
0.177
0.594
5.508
0.064
0.249
0.18
0.071
0.044
1.278
0.918
0.034
0.676
0.079
0.886
0.167
0.771
0.928
0.023
0.666
0.04
0.438
0.217
0.77
0.681
0.146
0.111
0.035
0.059
0.453
0.838
0.241
0.576
0.242
0.788
0.128
0.822
0.026
0.601
0.167
0.894
0.548
1.032
1.425
1.894
0.495
2.073
0.853
0.66
0.917
0.701
1.121
1.113
1.164
0.897
0.059
0.562
0.136
0.078
0.136
0.767
2.623
0.726
1.141
0.077
1.384
0.86
0.258
1.214
0.706
2.224
0.806
0.984
0.063
1.863
0.825
0.309
0.147
0.068
1.033
0.671
0.98
2.989
0.591
0.622
0.837
0.061
0.182
0.863
0.757
0.717
0.04
0.018
1.057
0.863
0.493
0.021
0.229
0.63
1.064
0.019
1.487
0.027
0.646
0.568
3.347
1.964
1.366
0.164
0.715
0.882
0.594
0.023
0.132
1.882
1.107
0.726
1.859
0.918
0.446
0.613
0.568
0.074
0.843
0.883
0.024
0.045
0.908
0.343
0.783
1.397
1.0
0.153
0.032
1.321
1.536
3.699
1.261
3.096
0.734
0.555
0.094
0.961
0.265
0.708
0.514
0.051
0.38
1.145
1.779
0.273
1.335
0.948
0.896
0.454
0.035
1.471
1.332
0.04
0.917
0.691
0.779
0.025
0.605
0.798
0.223
0.941
0.423
0.106
2.375
0.9
0.872
0.651
0.448
0.088
0.783
0.138
0.081
0.376
0.031
0.041
0.275
0.726
0.811
0.038
0.08
0.567
0.02
0.654
0.684
0.192
0.037
1.656
0.945
0.694
0.064
0.037
0.098
0.074
0.852
0.748
1.484
1.223
1.222
0.707
2.504
1.355
0.157
0.161
0.776
0.791
0.049
2.506
0.049
0.882
1.494
0.82
0.648
1.144
0.075
1.225
0.775
0.085
0.937
0.739
0.211
1.143
1.351
0.871
0.151
0.07
2.229
1.081
0.665
1.128
2.174
1.5
1.442
1.265
0.043
0.247
1.47
1.029
0.024
0.703
0.734
0.978
0.212
0.989
0.299
3.464
0.181
0.676
0.69
1.38
0.602
1.718
2.509
2.033
0.68
0.064
0.821
0.035
0.589
0.031
0.725
0.64
0.148
1.222
2.331
0.083
0.343
0.205
0.741
0.104
0.704
2.892
0.625
1.979
1.165
0.802
0.772
0.617
0.052
0.435
0.075
0.126
3.453
0.146
2.315
1.121
1.786
0.045
0.271
2.298
0.808
0.888
0.178
1.24
0.041
0.661
0.649
0.058
0.801
0.595
0.535
0.841
0.187
1.521
1.114
2.953
0.03
1.532
2.119
0.649
0.555
0.609
0.265
1.203
0.651
0.975
0.891
0.036
0.095
0.595
0.636
2.641
2.004
1.052
0.781
1.219
1.647
1.707
0.028
0.064
0.657
0.064
0.71
1.022
0.05
0.634
0.104
0.657
0.074
0.647
0.511
0.511
0.318
0.299
0.141
0.861
0.056
0.114
1.186
3.217
1.004
1.354
0.137
0.145
0.581
0.037
0.523
0.942
0.904
0.29
1.242
0.645
0.833
0.08
1.081
1.474
0.019
0.635
0.021
2.246
0.347
1.957
0.648
1.516
1.113
0.038
2.775
1.023
0.284
0.075
0.47
0.614
0.775
1.171
0.996
1.191
0.859
1.01
0.242
0.629
0.019
2.694
0.832
1.884
2.246
1.635
0.763
0.062
0.87
1.028
0.248
0.911
0.499
0.632
0.028
1.431
1.805
0.033
1.046
0.788
0.991
2.034
0.845
1.867
0.7
0.694
0.023
0.019
0.592
0.243
0.137
0.02
0.841
0.568
1.083
1.279
0.483
1.11
0.136
0.24
0.417
0.358
0.179
0.17
1.139
0.602
0.888
0.289
0.537
2.165
0.962
0.671
0.854
0.144
0.111
0.253
1.403
0.592
0.605
0.701
0.032
0.024
0.803
0.037
1.045
1.587
0.073
0.084
0.038
0.075
1.331
4.947
1.566
1.725
0.943
0.042
0.632
0.045
0.419
0.117
0.046
0.695
0.983
0.054
0.237
0.726
0.021
0.646
0.781
0.439
1.206
0.119
0.096
0.054
1.099
0.064
0.067
0.067
0.949
0.212
1.195
0.136
0.134
0.154
0.07
0.611
1.102
0.101
0.08
0.039
0.028
1.039
1.318
0.681
0.08
0.736
0.689
0.072
0.833
0.568
0.16
0.03
1.3
0.305
0.329
2.124
0.101
1.045
1.592
0.098
0.801
1.582
0.178
0.756
3.154
0.906
0.044
1.229
0.563
0.59
1.763
0.039
0.158
0.081
0.086
0.172
1.137
0.224
0.12
0.822
0.087
0.705
0.389
0.47
0.281
0.642
1.025
0.03
0.54
1.33
0.817
0.097
3.005
0.618
0.058
0.709
0.118
1.479
1.088
0.409
0.728
0.023
0.088
0.684
0.053
1.8
0.278
0.1
1.759
0.929
1.498
0.726
0.281
0.722
0.136
0.852
0.044
0.313
0.032
0.807
1.097
0.054
0.095
0.056
0.543
0.042
0.43
0.029
0.076
1.731
0.016
0.221
0.789
1.248
0.118
0.807
0.206
0.996
0.924
0.047
0.587
0.604
0.457
1.221
0.123
0.073
1.69
0.775
0.04
0.044
0.096
0.068
1.919
0.488
2.216
0.067
0.034
0.051
0.025
1.514
0.729
1.37
0.037
1.376
1.711
0.537
0.623
0.727
0.52
0.089
1.155
0.126
1.562
0.099
0.528
0.204
0.506
0.295
1.022
0.139
0.087
0.042
0.184
1.099
1.742
0.685
0.053
2.183
0.626
0.129
0.757
1.068
2.061
0.626
0.079
0.112
1.21
1.841
0.88
0.826
0.068
1.299
0.255
1.682
2.188
1.24
0.733
0.861
1.683
0.871
0.322
2.006
2.076
1.9
3.268
2.035
0.49
0.794
0.034
0.691
0.132
1.664
0.568
0.56
0.415
0.047
0.664
0.083
0.052
0.049
0.754
0.237
0.783
0.571
1.699
2.002
0.623
0.259
0.061
2.299
0.11
0.406
0.669
1.31
0.619
0.618
1.632
0.081
1.277
0.593
0.408
0.347
0.888
3.548
0.036
1.538
0.374
0.122
3.48
0.958
0.635
1.622
0.04
1.138
0.677
0.25
0.849
1.707
0.037
0.032
0.022
0.399
0.356
0.079
0.096
0.052
0.649
0.961
2.637
0.117
1.487
0.91
0.121
0.091
0.119
0.058
0.667
0.367
0.109
0.617
0.572
1.112
0.812
0.596
0.066
0.899
0.045
0.835
0.09
0.836
0.986
1.131
0.717
0.159
1.054
0.19
0.035
0.074
0.785
0.125
0.631
1.035
0.676
0.085
1.925
1.026
0.115
0.647
0.068
0.044
0.466
0.624
0.52
1.005
1.602
0.031
0.521
0.888
0.646
0.202
4.082
0.05
0.121
0.099
0.562
0.942
1.146
0.018
0.614
0.63
1.487
0.082
3.212
0.043
1.154
0.881
0.401
0.688
0.274
1.02
0.135
1.259
1.411
0.63
0.107
1.088
1.683
0.084
0.384
0.092
0.021
0.107
0.021
0.114
2.061
1.691
0.282
0.695
2.243
0.979
0.665
0.044
0.479
0.222
0.141
2.508
0.162
0.873
0.063
0.268
0.199
0.647
0.148
1.375
1.669
0.615
1.16
0.666
0.425
1.132
0.036
1.443
0.186
0.045
0.921
0.358
0.025
0.014
0.631
1.763
1.862
1.12
0.761
0.156
1.232
0.149
1.518
0.06
0.641
0.024
0.779
1.425
0.71
2.752
0.037
0.922
0.404
0.051
0.076
0.634
2.256
1.069
1.855
0.068
2.135
0.181
2.846
0.882
0.963
0.148
0.182
0.081
0.055
1.18
0.212
1.039
0.819
0.77
0.183
0.108
0.945
0.777
0.443
0.748
0.169
1.137
0.744
1.628
0.027
1.492
0.061
1.19
0.814
2.284
1.422
0.041
0.056
1.047
0.606
0.05
0.845
0.247
0.58
0.392
1.825
0.983
0.119
0.063
0.184
0.067
0.583
0.566
0.065
0.047
0.083
1.252
0.734
0.477
0.165
0.164
0.268
0.045
0.681
0.323
0.338
0.063
1.005
0.627
0.738
0.618
0.066
0.051
0.948
0.71
1.571
0.048
0.057
0.128
2.327
0.408
2.041
0.126
0.981
0.808
0.65
1.154
0.412
1.211
0.165
0.717
1.157
1.096
0.937
0.077
0.801
1.061
0.097
0.154
0.183
1.0
0.712
1.959
0.32
0.035
0.262
0.281
0.082
0.868
2.11
0.076
1.533
0.085
0.806
1.212
0.621
0.086
0.781
0.08
0.229
0.643
0.929
0.593
0.873
2.537
0.123
0.06
0.076
0.07
0.551
0.859
0.546
1.798
0.038
0.07
0.529
0.596
0.607
1.197
1.917
0.561
0.844
1.029
2.065
0.9
0.056
0.832
0.749
0.894
0.091
1.548
2.689
1.673
0.16
0.048
0.934
0.674
0.627
0.053
0.026
0.598
0.736
0.077
1.225
0.595
0.915
0.067
0.109
1.731
1.641
0.034
0.594
0.123
0.875
0.055
2.409
0.065
0.192
2.592
0.397
1.185
0.769
0.101
0.562
0.228
0.019
0.526
0.056
0.661
0.769
0.029
0.688
0.517
0.295
0.24
0.045
0.1
0.668
1.485
0.78
0.18
0.167
0.049
1.675
0.092
0.723
0.159
0.037
0.03
1.059
1.37
4.155
0.047
1.035
0.099
0.232
0.945
0.171
0.227
1.048
0.782
1.923
0.593
0.065
0.226
0.619
0.708
0.341
0.107
0.268
0.078
0.749
0.402
0.304
0.221
0.013
3.785
0.934
0.692
0.705
0.032
4.011
0.031
2.039
1.157
1.153
1.906
0.152
0.426
1.701
0.107
1.233
0.742
0.058
0.229
1.018
0.038
0.512
0.704
0.039
0.229
0.769
0.045
2.387
0.229
0.157
0.625
1.364
1.306
0.831
0.133
0.709
0.402
0.044
0.726
0.875
0.871
0.163
1.183
0.105
0.071
0.684
1.039
2.323
0.476
0.332
0.04
0.127
1.79
0.993
0.056
0.432
1.213
1.868
0.146
0.647
0.085
0.038
0.113
1.586
1.793
0.264
0.677
0.022
0.021
1.383
1.023
0.07
0.077
0.611
0.99
0.159
2.417
0.635
0.911
0.615
1.11
5.023
0.077
0.672
1.495
0.213
0.741
0.093
0.917
0.156
0.644
1.994
2.31
1.233
0.079
1.75
1.411
0.574
0.049
0.008
0.202
0.02
1.275
0.68
0.786
0.772
2.401
0.114
0.787
0.661
0.039
1.229
0.031
1.978
0.351
0.75
4.214
0.383
0.747
0.037
2.385
0.974
0.032
0.08
2.33
0.084
0.767
0.783
0.096
0.646
0.082
1.417
0.516
0.046
0.85
1.844
1.242
0.648
1.061
0.298
0.573
0.655
0.68
0.656
2.924
0.06
0.114
0.935
0.203
0.493
0.099
0.188
1.165
0.008
0.259
0.609
0.774
0.375
1.046
0.022
1.445
0.044
0.769
0.825
0.239
1.213
0.96
0.905
1.081
1.159
0.073
2.844
0.853
1.346
1.74
0.022
1.169
1.617
0.878
0.114
1.945
0.69
0.175
0.858
1.828
0.662
0.066
0.128
1.365
0.228
0.306
0.083
1.608
1.172
1.232
0.032
0.773
0.78
0.678
0.348
0.101
0.745
0.954
4.445
0.32
0.654
1.444
0.059
0.18
0.014
0.093
0.104
1.431
0.115
0.013
0.37
1.146
0.289
1.083
1.874
1.755
0.81
0.154
0.178
0.134
0.351
0.102
1.012
0.284
0.8
0.106
1.516
1.767
0.074
1.991
2.229
0.053
2.649
0.31
0.024
0.757
2.762
0.414
0.208
0.913
0.957
0.077
0.075
1.193
0.208
1.071
0.713
0.812
0.818
0.303
1.875
1.192
0.631
1.289
0.049
0.143
0.278
0.467
0.302
0.915
0.73
0.767
0.038
0.311
1.123
0.936
0.087
4.587
0.058
0.615
0.559
0.673
0.027
2.702
0.085
0.836
0.134
1.076
0.18
0.753
1.545
1.827
0.999
0.107
1.087
1.131
2.211
1.321
0.037
0.087
0.776
0.18
1.033
1.216
0.636
0.039
1.195
0.895
0.261
1.206
1.597
1.434
0.241
1.043
0.84
0.603
0.769
0.026
0.05
0.21
0.552
0.087
0.049
0.423
1.849
2.155
0.039
0.514
0.085
0.732
2.548
0.82
1.495
0.906
0.718
1.562
1.92
0.664
0.454
0.055
0.078
1.15
0.125
0.134
0.532
0.035
0.046
0.757
2.759
0.045
1.02
0.1
4.278
0.883
0.652
1.79
0.814
0.556
0.919
0.032
0.844
0.069
0.68
0.037
0.836
0.166
1.029
0.237
0.037
0.938
0.871
0.853
1.758
0.335
0.228
0.604
1.877
0.757
1.095
0.541
0.696
1.658
1.27
0.224
1.797
1.122
0.038
3.201
1.022
2.72
1.242
1.254
0.148
0.88
0.689
0.706
0.11
0.058
3.408
0.381
0.72
0.069
0.609
0.265
1.832
0.146
0.9
0.533
0.094
0.851
0.388
0.865
0.137
0.732
0.679
0.824
0.256
0.647
1.933
0.69
1.932
0.724
1.777
0.229
0.927
0.567
1.261
0.19
0.043
0.276
1.009
0.199
2.506
1.567
0.694
0.067
0.118
0.038
0.578
2.885
0.115
0.124
0.35
0.845
1.242
1.112
0.774
1.133
0.331
2.276
1.04
0.112
0.089
0.577
0.91
2.35
0.026
1.09
0.154
2.647
0.741
0.217
0.19
0.247
0.251
0.808
0.045
2.099
0.077
0.077
0.444
0.034
0.932
0.931
0.226
1.198
0.812
0.724
0.251
0.073
0.923
0.605
0.725
0.281
0.284
0.023
0.045
1.426
2.562
0.206
5.442
0.638
1.298
0.704
0.069
0.75
0.924
0.143
0.104
0.296
0.225
1.352
1.911
0.048
0.694
0.67
0.042
2.606
1.462
0.228
0.214
0.091
0.664
0.622
0.203
0.732
0.799
0.173
0.655
0.582
0.202
0.667
0.623
0.858
0.782
0.144
1.653
0.157
1.542
0.524
0.062
0.75
0.944
0.178
0.918
0.331
0.035
2.01
0.33
0.995
0.039
0.786
0.106
3.713
1.083
0.416
0.91
0.889
0.031
0.09
0.628
0.088
5.509
0.402
0.568
0.119
0.301
2.001
1.573
0.882
0.034
0.043
0.716
0.711
0.296
0.747
1.471
0.984
0.144
0.043
0.699
0.086
0.355
1.298
0.042
0.446
0.628
0.338
0.778
0.434
0.758
0.07
0.602
0.888
0.838
0.98
0.153
0.055
0.112
0.262
0.845
0.643
0.047
1.648
0.237
0.38
0.048
0.843
0.793
0.108
3.6
0.671
0.057
0.17
0.035
0.64
0.232
0.602
0.285
1.562
0.663
0.02
0.566
2.362
1.321
0.036
0.519
0.744
0.762
0.703
0.616
0.169
0.614
0.037
0.498
0.075
0.645
1.083
1.709
0.026
0.684
0.82
0.185
0.631
1.056
0.709
1.54
2.976
0.627
1.118
1.012
1.152
0.718
2.014
0.754
1.131
0.029
0.138
0.589
0.264
0.6
0.995
0.156
0.802
0.883
1.176
0.62
0.988
0.606
1.839
0.056
0.486
0.208
1.762
0.191
0.056
0.699
0.089
1.067
0.694
0.624
0.722
0.079
1.557
0.254
1.0
0.88
0.084
0.677
1.345
1.013
0.022
1.18
0.389
0.908
0.947
0.019
0.03
0.031
0.606
0.159
0.606
0.942
0.086
0.016
0.021
0.053
0.129
0.354
3.439
0.652
0.846
0.175
0.066
0.248
0.097
1.572
0.145
0.705
0.126
0.019
0.414
0.401
0.127
0.232
0.626
0.14
0.467
0.13
0.735
0.793
0.09
1.366
0.17
0.681
0.296
2.153
0.069
0.811
1.721
0.582
0.713
0.05
0.259
0.081
0.125
2.974
0.939
1.175
0.749
0.571
0.459
0.026
0.704
0.544
0.545
0.802
0.118
0.014
1.09
0.129
0.104
0.599
0.648
0.928
1.441
0.048
0.012
0.587
1.421
0.17
0.209
0.49
0.618
0.68
0.332
0.249
1.623
1.147
0.631
0.761
0.03
1.171
0.307
1.518
0.716
0.595
0.258
1.026
1.372
0.044
0.985
2.811
0.53
0.017
0.206
0.057
0.621
0.132
0.735
0.746
1.04
0.021
0.889
0.948
1.878
0.803
0.149
0.017
1.106
0.056
0.589
0.678
0.111
0.872
0.819
0.897
1.116
0.996
1.319
0.747
3.04
0.106
0.822
0.899
2.084
0.688
0.024
1.019
1.284
0.671
0.514
0.021
1.941
0.028
0.02
0.502
1.433
0.864
0.62
0.026
1.448
0.734
0.136
0.531
0.898
1.229
0.965
0.382
1.824
0.026
0.649
0.264
0.737
0.082
0.623
5.077
0.032
0.523
1.269
0.062
0.85
0.031
0.033
1.802
0.072
0.787
0.198
0.888
1.32
0.991
0.674
0.547
1.085
2.055
1.444
0.183
0.813
0.179
0.729
0.057
0.667
1.107
1.93
0.997
0.045
0.103
1.145
0.601
0.191
0.031
0.07
0.04
0.038
1.017
0.036
0.172
0.694
0.044
0.101
0.856
0.032
0.886
0.919
0.174
1.619
0.225
0.86
0.857
1.039
1.622
0.703
0.705
0.244
1.432
0.586
0.571
0.083
0.143
0.07
2.28
0.14
0.7
0.161
0.095
0.663
0.104
0.644
2.154
0.139
0.214
0.623
0.587
0.61
0.104
1.009
0.812
0.11
0.117
1.067
0.646
1.928
0.931
0.792
1.539
1.044
0.034
0.045
0.505
0.797
1.845
3.089
0.581
0.084
1.042
0.955
1.439
0.054
0.796
0.691
0.071
0.135
0.596
0.037
1.025
0.082
1.868
0.118
0.798
0.023
0.141
0.04
0.075
0.919
0.131
1.065
0.293
0.893
0.051
0.243
0.103
0.875
1.162
0.784
0.994
0.1
0.916
0.674
1.375
0.682
0.686
1.016
0.079
1.767
0.791
0.97
0.893
0.137
1.141
1.044
2.162
0.707
0.061
0.562
0.845
1.385
0.525
0.901
0.185
1.061
1.441
0.557
0.034
1.76
1.317
1.074
0.081
0.172
0.938
0.663
2.204
0.784
0.475
0.041
1.049
1.097
0.031
0.127
0.745
0.062
0.86
2.589
2.539
0.658
1.332
0.592
0.237
1.18
0.775
0.151
1.323
0.507
0.751
0.336
3.024
0.791
1.641
1.418
0.582
0.648
0.449
1.716
0.753
0.087
0.129
1.093
0.741
1.919
1.69
0.205
0.152
0.596
0.265
0.734
0.028
1.517
0.057
0.565
0.889
0.036
0.115
1.257
1.762
0.084
0.101
0.307
1.412
0.034
0.038
2.564
0.487
0.667
0.616
0.042
0.023
1.015
0.426
1.307
0.875
0.69
0.809
1.021
2.453
1.023
0.194
0.615
0.665
2.196
0.477
0.809
1.159
0.154
0.065
0.767
1.4
0.792
0.085
0.061
0.056
0.054
0.832
0.649
0.187
0.707
0.591
0.179
0.094
0.942
0.036
1.908
1.062
0.059
3.04
0.02
1.075
0.736
0.887
0.252
0.713
0.172
0.798
0.756
0.912
0.128
1.771
2.448
0.895
1.174
0.895
0.248
2.051
0.052
1.628
0.35
0.04
1.414
0.085
0.023
0.487
0.087
3.103
0.742
0.089
0.875
2.366
1.09
0.079
0.597
0.065
0.037
0.965
1.506
0.922
0.04
0.353
0.089
0.215
0.657
0.946
0.043
0.043
0.592
0.063
0.616
0.626
1.022
0.328
0.144
0.629
0.144
0.153
0.719
0.745
0.765
0.03
0.017
0.141
0.562
1.13
0.593
0.144
0.697
0.077
0.168
0.206
1.447
0.014
0.806
0.097
0.077
0.296
0.05
1.002
0.168
2.061
0.862
0.349
0.254
0.119
2.06
0.047
1.759
0.032
0.592
1.784
0.228
1.112
0.784
1.665
0.11
1.119
0.87
0.671
2.529
0.406
0.948
2.653
0.081
0.708
0.023
1.338
0.019
0.026
0.776
1.106
0.43
1.571
0.543
0.803
1.012
0.644
0.119
0.094
0.671
1.576
0.82
1.67
0.689
0.028
2.184
0.784
1.11
1.979
0.109
2.748
0.106
2.647
0.67
0.882
0.176
0.089
1.034
0.273
0.074
1.27
2.695
0.182
0.856
1.705
0.067
1.278
0.577
0.017
0.445
1.784
1.301
0.973
0.813
0.145
2.389
1.036
1.442
0.74
0.198
0.127
2.352
0.621
0.63
1.786
0.056
0.037
0.04
0.908
2.285
0.171
0.069
2.517
0.281
0.809
0.86
0.009
0.56
0.903
0.06
1.23
0.756
2.006
0.913
0.037
0.585
0.917
0.22
0.904
0.673
2.461
0.049
0.174
0.062
0.386
0.625
0.113
0.843
2.457
0.842
1.559
0.998
2.215
1.379
1.074
0.593
0.163
0.547
0.081
0.742
0.975
1.105
1.624
1.198
2.733
0.736
1.212
1.525
0.012
0.098
0.065
1.274
0.717
0.617
0.034
0.145
0.745
0.019
0.524
1.196
0.14
0.672
1.862
0.789
0.101
0.982
0.867
0.017
1.248
0.687
1.514
0.471
1.503
0.222
0.775
0.452
0.747
0.039
0.641
0.749
0.679
0.688
0.522
2.088
1.305
0.859
0.297
0.979
0.036
2.106
1.109
0.567
0.938
2.037
0.479
1.375
2.658
0.074
0.986
0.741
0.538
0.115
0.078
1.005
1.529
0.629
1.172
0.737
0.742
0.794
0.802
0.18
0.031
0.242
0.759
0.073
0.817
0.574
0.101
0.662
0.807
3.422
0.225
1.442
0.042
0.094
0.942
0.196
0.048
1.664
0.746
0.805
0.692
0.063
2.711
0.653
2.32
1.27
0.019
0.009
0.858
0.201
0.155
0.556
0.022
0.548
0.142
0.566
0.044
0.807
1.128
0.049
2.118
0.364
0.14
0.163
0.019
0.185
0.288
0.146
1.582
0.804
0.831
1.275
0.971
3.414
0.72
0.976
0.81
0.709
1.45
0.863
0.208
0.697
0.279
0.058
0.104
0.705
1.92
1.075
0.486
0.161
0.647
1.763
0.308
0.255
1.042
1.159
0.136
0.153
0.418
1.353
0.036
2.956
0.03
0.963
0.474
0.759
0.769
0.746
0.954
0.138
0.244
0.824
0.056
0.959
0.284
0.148
0.063
1.187
0.022
0.709
0.817
0.019
0.07
0.098
0.703
0.037
0.686
0.765
0.058
2.501
1.131
0.069
0.052
0.482
1.117
0.077
0.031
2.012
1.365
0.033
6.944
0.029
0.91
0.996
0.082
0.094
0.294
2.233
0.772
0.129
0.024
0.049
1.073
1.279
1.605
0.221
1.41
0.283
1.843
1.976
1.004
0.803
0.705
0.64
0.788
1.002
2.003
0.08
1.159
0.065
0.066
0.287
0.195
0.557
0.511
1.311
1.187
0.192
0.385
0.257
2.139
0.075
0.159
1.582
1.46
0.69
0.794
0.034
3.636
0.6
0.435
0.98
0.876
0.654
0.087
0.119
1.096
0.88
0.539
1.276
0.155
0.198
0.327
0.121
0.865
1.207
1.231
0.373
0.668
1.24
0.601
0.11
1.922
0.249
0.586
0.741
1.725
0.959
0.579
1.316
1.457
0.024
1.029
0.531
0.119
0.053
2.182
0.67
0.229
0.752
1.427
0.334
0.536
0.279
0.044
1.374
0.778
0.952
0.039
2.315
0.673
0.091
1.726
0.044
0.058
0.625
1.756
0.501
0.964
0.059
1.209
0.772
0.745
0.617
0.141
0.681
2.047
0.66
0.397
0.774
0.148
0.755
1.41
1.805
0.736
0.585
1.711
0.042
1.049
1.673
0.173
1.128
0.933
0.04
0.899
2.441
0.871
0.123
0.285
0.674
0.226
1.717
0.051
1.04
0.526
0.82
1.088
1.613
1.954
0.129
0.133
0.675
0.623
0.04
1.765
0.043
0.183
1.626
0.018
0.084
0.828
0.633
0.075
0.041
0.762
0.819
0.052
0.103
2.56
2.229
1.728
0.045
0.941
0.798
0.572
0.059
0.038
0.658
0.643
0.838
0.838
1.651
0.121
0.064
0.646
1.749
0.083
1.226
0.139
0.919
0.942
0.625
0.135
0.633
1.775
1.351
0.964
0.128
1.359
0.837
1.245
0.522
0.161
0.663
1.26
0.705
0.04
0.239
2.317
0.756
2.164
0.68
2.692
1.991
0.036
1.144
1.077
2.462
0.779
0.741
1.083
0.442
0.076
0.223
0.784
0.833
0.426
0.399
0.721
0.393
1.15
0.029
0.621
1.503
1.104
0.842
1.29
0.932
0.15
1.436
0.158
0.035
0.758
1.864
0.782
0.026
0.104
0.112
0.088
0.569
0.294
0.031
1.529
0.267
1.613
1.311
0.675
0.738
1.838
0.184
0.12
1.936
0.276
0.71
1.314
2.829
3.182
0.117
0.75
0.092
0.097
1.076
0.036
0.073
0.767
1.059
0.022
0.175
1.121
0.271
0.565
0.438
2.573
0.683
0.05
1.327
0.129
0.07
0.774
0.052
4.178
1.1
0.059
2.101
1.514
1.19
1.298
0.858
0.404
0.524
3.323
0.054
0.154
0.334
1.418
0.576
0.09
1.086
0.09
0.71
0.782
0.137
1.862
0.139
1.846
0.753
0.059
0.066
0.724
2.344
0.103
0.643
0.559
0.636
1.109
0.568
0.151
0.029
0.066
0.11
0.058
0.881
0.299
0.669
0.776
0.647
0.196
0.504
0.474
0.89
0.649
0.655
1.361
1.11
0.692
0.537
0.556
0.684
0.743
0.067
0.834
0.065
0.658
0.797
0.651
2.153
0.804
0.727
0.936
0.061
0.603
0.376
1.562
0.029
1.052
0.641
0.621
0.296
1.17
0.148
0.138
0.834
0.048
0.091
0.725
1.059
1.105
0.775
0.162
1.307
0.109
0.045
0.826
0.698
1.404
0.522
0.074
0.055
2.118
0.995
0.071
0.317
1.462
0.052
0.074
1.049
0.451
0.077
1.602
0.662
1.062
2.581
1.319
0.105
0.898
0.6
2.255
1.455
0.192
0.159
0.762
0.124
0.103
0.805
0.865
1.041
0.126
0.598
0.664
0.452
0.601
0.131
0.819
1.779
0.213
1.015
1.785
1.391
1.312
0.664
1.301
0.66
0.057
0.245
0.711
0.949
0.049
0.889
1.423
1.757
0.755
0.042
1.143
2.19
1.964
0.5
1.336
0.806
1.758
1.912
0.987
0.12
0.078
0.945
1.674
0.062
0.583
0.58
0.11
0.733
0.669
0.127
0.213
1.03
0.209
0.53
0.037
0.814
1.374
0.744
0.032
0.01
3.365
0.223
1.549
0.884
0.59
0.767
0.953
0.048
3.233
1.639
1.183
0.66
0.79
0.028
0.717
0.875
0.671
0.514
0.025
1.454
1.057
3.163
0.04
2.496
0.902
0.293
3.103
1.111
0.118
0.293
0.951
0.515
0.699
1.215
0.939
0.843
0.068
2.045
0.632
0.102
2.122
0.083
1.298
0.74
0.674
2.401
0.753
2.438
0.47
0.529
1.017
0.365
0.262
0.069
2.359
0.459
0.557
0.868
0.199
0.525
1.931
1.02
0.671
1.18
1.57
0.275
0.046
0.358
0.813
0.727
0.577
0.259
1.46
0.024
0.034
0.682
4.994
2.308
0.159
0.182
1.441
0.926
0.946
0.171
1.41
1.217
0.15
0.042
0.938
0.054
0.078
0.825
6.357
0.79
0.16
0.153
1.172
0.033
1.114
0.96
0.042
1.449
1.722
1.255
0.279
0.865
0.681
1.551
0.501
2.078
0.57
0.064
0.626
1.458
0.031
1.118
0.014
0.111
2.19
1.557
1.855
0.052
0.18
0.557
0.82
0.837
0.071
0.893
0.829
2.046
0.779
0.063
0.022
0.633
0.585
0.238
0.484
1.335
1.065
0.924
0.927
0.107
0.393
0.059
0.704
0.764
3.729
1.454
1.374
1.265
0.283
2.572
0.625
0.043
0.956
0.069
0.039
0.044
0.076
0.632
0.057
0.978
0.042
0.096
1.223
1.213
0.807
2.631
0.738
0.237
0.857
0.121
0.063
0.034
0.883
0.515
0.937
1.254
0.039
0.271
1.975
0.135
0.123
2.613
1.077
0.963
0.917
1.71
1.625
0.961
0.631
0.17
0.04
1.339
1.774
0.076
0.048
1.042
0.039
0.259
0.099
0.886
0.158
0.645
0.46
0.121
1.402
0.909
0.224
3.573
0.062
0.047
0.02
0.623
0.033
0.611
2.298
0.8
0.883
3.3
0.198
0.621
1.177
0.109
0.112
0.286
0.439
0.038
0.062
0.633
0.747
0.722
1.186
0.721
1.054
1.89
1.536
0.053
0.835
0.949
2.062
1.547
0.565
0.762
1.072
1.11
0.073
0.334
2.341
0.152
0.136
1.764
0.727
1.544
2.05
0.104
0.239
0.056
0.872
0.187
0.059
2.881
0.042
0.735
0.062
0.032
0.045
0.478
0.046
0.158
0.782
0.078
0.166
0.926
2.274
0.623
1.945
0.86
3.492
1.216
0.589
1.87
1.687
0.634
0.983
0.45
0.62
1.149
1.12
0.725
1.935
1.021
0.206
0.666
0.017
0.744
1.75
0.151
0.477
1.885
1.826
0.668
0.07
2.976
0.042
0.911
0.82
0.066
0.858
0.294
0.719
0.749
1.052
0.174
0.913
0.995
0.361
0.78
0.024
0.466
1.623
0.475
0.047
0.085
0.657
0.65
0.473
0.062
1.131
0.774
0.161
1.411
0.043
0.091
2.809
2.304
0.573
0.05
3.881
0.896
3.118
0.189
0.142
0.04
0.142
0.712
0.504
0.076
0.94
0.034
0.927
0.318
0.102
1.322
0.888
1.232
0.62
0.676
1.144
0.056
0.559
0.597
1.318
0.298
0.266
2.239
0.411
0.31
1.245
1.584
0.255
0.646
0.483
0.035
1.009
0.791
0.673
2.833
1.25
0.077
0.692
0.076
0.094
0.197
1.289
0.821
0.475
0.121
0.067
0.574
1.115
1.064
0.069
1.139
0.49
1.267
0.032
0.696
0.625
0.306
0.099
0.047
0.747
0.23
0.765
2.363
1.653
1.985
0.934
0.138
0.915
1.272
0.922
2.287
0.769
0.049
0.365
0.019
0.99
1.258
2.611
0.995
1.104
0.045
1.733
0.408
0.77
0.915
0.706
0.352
1.53
0.38
0.648
0.107
0.072
0.032
1.564
0.023
0.557
0.357
1.073
0.113
0.858
1.007
0.726
0.053
0.675
0.052
2.799
1.494
0.51
0.791
3.411
0.403
0.087
0.069
0.047
0.121
0.053
0.076
1.987
0.145
4.07
0.502
0.505
0.036
0.13
0.214
0.453
0.751
1.659
0.7
0.796
2.24
1.101
0.272
1.483
0.583
2.05
0.282
0.908
1.394
0.983
2.033
1.898
2.34
0.752
0.967
2.341
0.915
0.907
0.032
2.28
0.285
1.852
0.872
0.79
2.574
0.019
0.754
0.858
3.857
0.842
1.657
0.547
1.989
0.613
1.738
1.163
1.484
0.049
0.045
0.794
0.827
1.751
0.026
0.538
0.053
0.837
0.056
1.082
1.0
0.436
0.827
0.139
0.264
0.834
0.174
0.834
0.034
0.673
0.156
0.366
1.008
1.829
0.571
0.468
0.136
0.74
1.404
2.908
0.62
0.553
0.08
0.55
1.193
2.161
0.8
0.13
0.844
1.244
0.737
0.98
0.279
0.302
0.91
0.564
0.142
0.022
0.407
0.015
0.694
1.9
0.853
1.023
0.877
0.12
1.031
0.046
0.657
0.072
0.061
0.045
0.308
0.697
0.926
0.618
0.332
0.082
0.05
0.63
0.033
0.029
1.065
0.838
0.145
0.844
0.175
0.234
0.743
0.632
0.353
0.493
0.089
1.086
0.762
1.291
0.027
1.256
0.419
1.044
0.993
0.198
0.857
0.048
2.555
0.961
0.588
3.402
0.667
0.171
0.084
0.864
0.035
0.642
0.593
0.896
0.319
1.521
0.023
0.332
0.503
0.077
0.033
0.417
0.586
0.844
2.905
0.024
0.144
0.042
0.284
1.225
0.128
1.256
0.021
0.877
1.001
0.34
0.07
1.882
1.403
0.586
0.101
0.71
0.953
0.165
0.051
0.634
0.596
0.146
0.652
0.103
1.19
0.023
0.035
0.074
0.853
1.314
0.021
0.046
0.046
4.838
0.032
1.278
1.317
0.753
0.888
2.044
2.233
0.151
0.878
0.038
0.175
2.053
0.499
0.826
0.103
0.023
2.632
1.085
3.313
0.701
0.156
0.365
0.648
2.663
0.124
0.067
2.005
0.099
1.431
1.604
0.34
0.068
0.828
1.394
0.999
0.554
1.204
0.418
0.225
1.371
0.814
1.837
0.614
0.103
0.138
0.107
0.846
0.746
0.835
1.172
0.598
0.152
0.838
0.786
0.061
0.529
0.856
0.964
0.822
1.618
0.418
1.415
0.545
0.248
0.401
0.435
0.883
0.195
1.54
0.998
0.044
1.183
0.635
0.961
0.776
0.964
0.082
1.611
0.077
0.888
0.613
0.614
1.718
0.19
0.108
1.957
0.69
1.271
0.182
0.833
0.819
0.728
0.373
1.307
0.854
0.905
0.064
0.922
0.05
0.323
1.285
4.527
0.742
0.12
0.21
0.058
0.864
0.839
0.704
0.03
0.82
0.769
0.118
0.536
0.618
1.899
0.857
1.028
1.188
0.063
0.055
0.43
1.009
1.95
0.037
0.028
0.224
1.329
0.167
0.394
0.035
0.058
0.072
0.088
1.475
0.745
0.605
0.1
1.704
1.832
1.501
0.152
0.106
0.15
1.432
0.82
0.815
1.021
0.812
0.045
1.38
0.868
0.877
0.904
2.638
0.175
0.405
3.483
1.133
0.575
3.105
0.832
0.513
0.67
0.767
0.085
0.841
0.392
0.457
1.151
0.089
0.105
1.387
0.134
0.069
0.056
0.548
0.708
0.722
1.467
0.782
0.177
1.042
0.656
1.395
1.276
0.023
0.047
0.191
0.083
0.645
0.113
1.609
0.217
0.293
1.23
2.113
0.199
1.652
1.265
0.481
0.728
0.091
1.916
0.626
0.278
0.186
0.088
0.049
0.794
0.586
7.214
0.075
2.113
0.072
0.614
0.198
0.172
1.069
0.069
2.407
0.054
0.026
0.699
0.047
0.03
1.676
0.068
0.712
0.874
2.021
0.939
0.812
0.177
0.213
1.22
2.282
1.201
0.139
0.836
1.205
1.58
0.048
1.832
0.212
0.609
0.985
1.364
0.638
0.046
0.869
0.786
1.148
0.048
0.868
0.971
0.606
0.295
0.365
0.596
3.602
0.169
0.986
0.911
0.821
0.031
0.694
0.46
2.053
0.534
0.119
0.676
0.023
0.749
0.645
0.721
1.023
0.543
2.17
0.439
0.193
0.044
0.033
1.947
0.236
0.611
0.744
1.113
0.12
2.112
1.581
0.144
0.917
2.952
0.217
0.919
1.709
0.057
0.368
0.707
0.1
1.209
0.652
0.696
0.934
1.752
0.985
1.914
0.03
2.934
2.141
2.171
0.186
0.081
0.063
0.603
0.047
0.883
0.733
1.961
1.66
2.167
0.498
0.032
1.136
0.077
1.337
1.044
0.618
0.66
0.739
0.327
0.078
1.893
0.304
0.788
0.412
0.645
0.778
0.594
0.616
0.225
0.178
0.74
1.607
0.052
0.021
0.853
0.721
0.055
0.083
0.55
0.714
0.639
1.314
0.132
0.667
2.608
0.107
1.284
0.03
0.403
0.769
0.868
0.096
0.069
0.142
1.072
1.452
1.788
0.416
0.631
0.48
0.723
0.058
0.134
1.002
0.604
0.028
0.117
0.054
1.073
0.937
0.06
0.454
1.605
1.02
0.173
1.898
3.109
0.135
0.138
0.046
0.717
0.607
0.72
0.789
0.705
2.451
2.807
1.072
0.197
0.586
0.612
0.684
0.562
0.222
1.195
0.95
1.879
0.216
0.936
0.968
0.075
2.005
1.6
0.115
0.739
0.685
0.581
0.042
0.437
0.781
0.08
2.808
1.4
0.245
0.088
0.584
0.867
0.894
1.216
0.043
0.329
1.265
1.28
0.099
0.326
0.1
0.046
0.614
1.259
0.802
0.71
0.038
0.701
0.435
1.486
0.045
1.415
0.449
1.27
0.083
0.114
0.082
0.061
1.74
0.015
1.059
1.254
0.675
0.125
0.636
1.322
0.822
1.692
0.143
0.546
0.645
0.499
0.692
0.091
0.663
1.662
0.053
0.191
0.022
1.973
0.06
1.311
0.735
0.882
1.862
0.999
0.636
0.522
0.752
0.673
1.238
0.888
0.045
1.085
0.997
0.032
0.669
0.395
1.156
0.026
0.553
1.101
0.63
0.741
0.541
0.273
1.231
2.98
0.956
0.203
0.028
0.892
1.08
0.129
0.095
1.498
0.773
3.3
0.78
0.381
0.93
0.141
1.167
1.307
0.49
0.758
1.293
2.543
0.043
0.093
0.049
2.27
0.071
0.593
0.678
0.028
1.309
0.046
0.652
1.096
1.961
0.112
0.556
0.081
0.819
0.085
1.241
0.053
0.894
0.745
2.3
0.608
1.313
0.065
0.566
1.467
0.678
0.03
0.93
3.406
0.602
0.104
0.735
0.036
0.777
3.286
1.04
1.705
0.103
0.686
0.752
1.777
3.693
0.189
0.513
0.494
0.021
0.812
0.237
0.281
1.232
1.916
0.897
0.536
0.866
0.778
0.289
0.729
0.346
0.837
0.867
0.951
1.3
0.783
0.45
0.579
1.438
0.218
0.723
0.865
0.528
0.05
0.915
0.721
0.105
1.24
0.121
2.589
0.731
1.901
0.792
1.635
0.969
0.069
0.705
0.117
0.029
0.671
1.962
0.697
1.214
1.567
0.054
0.767
1.786
0.853
0.597
1.484
2.646
0.043
1.591
0.057
0.12
1.264
0.575
0.593
1.242
1.625
0.2
0.049
1.357
0.864
0.649
0.668
0.968
0.112
0.038
0.938
1.382
1.301
0.161
0.04
0.038
1.126
1.009
1.36
0.81
0.115
0.167
0.694
0.06
0.05
0.276
0.111
0.202
0.825
0.672
0.76
0.17
0.089
0.096
1.105
0.047
1.151
0.6
1.979
0.742
0.882
3.312
1.503
0.281
1.087
0.962
4.751
0.834
0.045
0.812
1.149
2.002
0.194
0.02
1.147
1.46
0.393
2.213
0.069
0.377
0.115
0.198
1.331
0.502
0.032
2.211
0.062
1.264
1.035
1.997
0.672
0.952
0.876
0.683
2.24
2.38
0.135
1.002
0.048
0.019
0.689
0.964
0.075
0.112
0.605
0.6
0.175
0.54
0.033
2.271
0.123
1.1
1.668
1.202
0.836
0.683
0.737
0.054
0.206
0.395
0.069
0.294
0.108
0.252
0.036
0.063
2.181
0.939
0.08
0.906
1.402
2.76
0.4
0.786
0.705
0.911
0.218
0.904
0.903
1.022
0.789
0.606
1.896
0.098
0.067
3.097
0.052
0.367
0.511
0.537
0.912
0.966
4.01
2.513
0.045
1.189
0.024
0.11
0.674
0.566
1.19
0.888
0.564
1.551
0.041
1.182
0.655
0.079
0.653
0.612
0.608
0.809
0.055
1.117
1.048
0.184
0.643
1.654
1.035
0.607
0.559
0.736
0.058
1.542
0.873
0.551
1.609
1.129
1.108
0.965
3.022
1.259
0.428
0.038
0.919
4.748
0.018
0.746
0.77
1.168
0.024
0.131
0.068
0.713
3.196
0.498
0.061
0.029
0.075
0.761
0.062
0.754
0.796
1.305
1.144
0.754
0.239
1.073
1.333
0.237
0.609
1.471
0.038
0.588
0.783
0.721
0.052
0.902
0.362
0.055
0.066
0.034
1.008
0.084
0.077
0.685
0.3
0.552
0.717
0.034
0.086
2.215
0.044
0.122
0.079
0.61
1.7
1.247
0.503
1.716
0.306
0.222
0.156
0.63
0.728
0.153
1.017
0.03
0.027
0.131
2.611
0.284
0.602
2.802
0.66
0.076
0.676
0.582
0.047
1.235
0.649
1.561
1.408
0.259
1.385
0.025
1.453
0.335
0.604
1.262
1.663
0.736
1.057
1.555
0.125
0.937
0.731
0.267
0.42
0.743
0.111
0.694
2.341
0.024
0.712
0.08
0.553
1.108
0.028
1.491
0.862
1.919
0.118
0.435
0.039
0.746
0.218
0.253
0.996
0.075
0.675
0.054
0.677
1.783
0.88
0.666
0.761
3.804
0.253
0.032
0.731
1.39
0.892
0.353
2.682
0.036
0.06
0.945
0.337
1.234
1.038
2.034
6.899
0.75
0.991
0.059
1.874
0.872
0.161
1.232
0.357
1.233
0.631
0.492
0.199
1.847
1.587
0.03
0.556
0.638
0.44
0.167
1.05
0.718
2.283
0.697
0.609
0.029
0.568
0.044
2.465
3.791
0.866
0.892
0.04
0.45
1.023
0.282
0.687
0.075
0.523
1.743
1.11
0.102
0.056
0.263
0.75
1.437
0.354
0.823
1.859
0.418
0.192
1.392
0.604
0.631
1.31
0.135
0.141
1.247
0.454
0.866
0.722
1.106
0.024
1.115
0.09
0.612
1.144
0.946
0.744
0.93
0.829
1.498
0.057
1.115
4.015
2.746
0.353
0.997
0.04
0.307
0.201
2.161
2.576
0.805
0.926
1.016
0.672
0.694
0.093
0.064
0.733
0.591
0.058
0.031
0.042
2.074
1.254
0.701
0.763
0.65
0.106
4.202
0.545
0.722
0.042
0.649
0.809
0.638
0.619
0.799
1.064
0.094
0.075
0.038
0.043
1.089
0.912
0.578
0.126
0.215
0.067
3.715
0.057
0.917
0.298
0.667
1.941
1.089
0.42
0.479
1.33
0.07
1.366
0.34
0.086
0.08
0.734
0.083
0.113
0.99
0.987
0.161
0.634
0.675
1.28
1.688
0.945
2.505
1.826
0.675
0.05
0.556
0.044
2.24
0.653
1.207
1.039
3.173
0.255
1.062
0.562
0.902
0.313
0.054
0.512
0.104
2.006
0.766
1.12
0.169
0.978
1.704
0.157
0.741
0.053
0.785
0.64
0.747
0.241
0.22
0.119
0.051
0.62
3.946
0.838
0.018
1.035
0.117
0.056
3.903
0.183
0.437
0.101
0.826
0.699
0.08
1.613
0.024
3.623
0.76
0.692
0.598
0.037
1.139
1.057
0.791
0.148
0.223
0.933
1.198
0.674
1.405
1.558
0.833
1.475
0.035
0.925
1.167
1.627
0.265
0.204
0.739
1.233
0.268
0.328
0.57
0.696
0.176
0.243
0.717
0.065
0.722
1.088
0.867
0.561
0.02
2.749
1.049
0.36
0.959
1.05
0.599
1.164
0.072
0.04
0.129
0.199
1.297
1.818
0.417
0.102
0.789
0.281
0.798
0.93
0.964
0.761
1.436
0.074
0.046
0.951
0.107
0.237
0.527
0.746
0.87
0.033
0.265
1.332
0.029
0.736
1.087
2.964
0.075
0.221
0.033
0.645
0.845
0.127
0.067
0.501
0.412
0.029
0.98
1.363
0.273
1.909
0.097
1.64
0.017
0.117
1.372
0.641
0.555
1.171
0.149
0.077
0.118
1.365
0.048
0.111
1.856
1.748
0.223
0.248
0.645
0.024
0.043
1.824
0.042
0.967
1.265
0.756
0.823
0.085
0.936
0.603
0.948
0.482
0.239
0.071
0.146
0.625
0.075
0.081
1.474
1.205
1.298
0.062
0.3
0.168
0.592
0.825
0.709
0.141
1.901
0.04
1.148
0.727
0.157
1.489
0.72
1.119
1.255
1.075
0.589
1.367
0.03
0.075
0.131
1.331
0.741
2.171
1.038
2.489
1.691
0.272
0.798
0.315
0.622
1.449
0.021
1.713
0.226
0.172
0.945
0.881
0.1
0.459
0.745
1.214
0.035
1.951
0.612
1.036
0.11
0.078
2.152
0.048
2.105
2.005
0.495
0.772
0.428
0.74
1.695
0.58
0.825
0.142
0.065
0.714
0.082
1.018
0.018
0.235
2.69
0.097
0.15
0.707
0.048
1.583
1.363
1.146
1.009
0.694
0.702
1.082
0.586
1.117
0.025
1.605
0.034
0.647
0.224
0.495
0.604
0.599
0.052
0.299
1.498
0.167
0.034
0.072
1.985
1.054
1.722
1.304
0.829
1.019
0.793
0.596
0.905
1.436
0.23
1.265
1.072
1.632
0.016
0.154
0.04
2.146
0.678
0.061
0.704
0.094
0.184
1.423
0.022
0.71
0.705
0.298
0.655
0.152
0.102
0.156
1.065
0.041
0.132
0.297
2.137
1.046
0.057
1.111
0.117
0.066
0.69
2.245
0.24
0.885
0.072
0.094
0.854
0.78
0.662
0.043
0.472
0.169
0.154
4.3
0.916
4.216
0.491
1.669
1.096
0.792
0.022
0.023
1.091
1.963
0.806
0.632
1.569
0.245
1.174
4.053
0.834
0.448
1.127
0.162
1.035
0.078
0.02
0.205
0.199
2.424
0.033
1.332
0.089
0.856
0.516
1.468
1.686
1.894
0.526
0.746
0.862
0.937
1.098
0.127
1.367
0.201
0.511
1.711
2.849
6.524
0.813
0.053
0.292
0.73
1.081
0.366
0.184
0.846
0.645
2.699
0.274
0.844
0.147
0.755
0.675
0.816
0.778
0.551
0.366
1.404
0.266
0.031
0.161
1.129
0.091
2.448
1.131
0.905
0.525
0.348
0.685
0.068
0.303
0.016
1.284
0.737
0.045
0.481
1.9
0.716
0.954
0.06
1.381
1.37
0.461
2.347
0.036
0.827
1.234
2.468
0.56
2.869
0.11
0.057
1.314
0.096
0.667
0.903
0.617
0.081
0.693
0.19
1.133
0.12
0.205
0.789
0.123
1.968
0.664
0.686
1.759
0.033
0.201
0.981
2.926
1.294
0.721
0.018
0.046
0.193
1.544
0.096
0.041
2.091
0.859
0.038
0.155
2.385
0.279
0.306
0.04
0.049
1.308
0.134
0.079
0.888
1.156
0.073
1.078
0.648
0.717
0.065
0.296
0.793
1.002
0.032
0.864
0.912
0.024
1.231
0.011
2.112
0.024
0.233
0.051
0.31
0.589
0.495
0.804
1.817
1.199
0.64
0.03
1.419
1.68
0.696
1.165
0.224
0.04
0.198
0.636
1.107
2.253
0.04
0.052
1.064
4.425
0.066
0.032
2.001
0.017
0.495
0.593
0.075
1.009
0.08
0.211
0.125
0.848
1.895
0.154
0.642
1.951
2.574
2.048
0.567
0.789
0.033
0.881
0.732
0.785
0.113
0.022
0.843
2.273
2.47
0.952
0.591
1.315
0.078
0.2
0.543
0.741
0.055
0.052
0.04
1.205
0.182
3.372
0.227
1.798
0.76
0.801
0.137
1.726
1.102
0.259
1.176
0.977
1.203
2.958
2.06
1.585
0.668
0.192
0.568
0.031
0.137
0.269
0.394
0.812
0.637
0.041
0.344
0.381
0.265
2.263
0.625
0.077
1.026
1.705
2.126
0.906
0.774
1.279
0.919
0.206
0.099
0.178
0.225
0.441
0.144
0.731
0.054
0.09
0.648
2.101
0.693
0.568
0.031
0.18
0.02
1.503
0.244
2.122
0.777
0.654
0.08
1.369
0.881
0.053
0.672
0.058
0.663
0.339
0.05
0.092
0.608
0.174
0.156
1.53
1.232
2.423
0.785
1.676
0.064
0.677
0.491
0.64
0.036
1.889
0.115
0.341
0.098
0.846
1.41
1.546
1.39
0.237
0.039
0.926
0.691
0.683
1.578
0.583
0.034
1.109
0.08
1.016
3.377
0.527
0.049
0.022
1.243
1.725
0.244
1.586
0.459
1.116
0.354
0.185
0.069
1.193
0.896
0.984
1.044
0.53
0.833
0.08
2.196
0.206
0.911
0.066
0.158
0.083
0.724
1.544
2.078
0.66
1.188
0.616
0.569
0.851
0.585
0.062
0.643
0.945
0.192
0.718
3.04
0.861
0.594
0.539
0.027
1.066
0.037
1.331
0.173
0.114
0.108
0.044
0.043
2.059
1.546
2.317
1.299
1.954
0.03
2.882
0.729
0.734
1.532
0.345
2.628
1.14
0.709
0.471
0.981
0.337
1.58
0.233
2.027
0.742
0.085
0.57
1.405
1.816
1.56
0.678
0.361
0.089
0.501
0.041
0.258
0.1
0.199
0.877
0.093
0.041
1.359
3.828
2.403
1.402
0.136
1.96
1.076
1.247
0.161
0.086
4.059
0.717
1.005
0.116
0.027
0.636
1.654
0.058
1.525
1.337
0.641
0.659
0.032
0.034
0.677
0.307
0.095
0.901
3.369
0.647
0.79
1.67
2.027
1.002
0.652
0.907
0.672
0.05
1.768
0.66
0.633
1.191
2.693
1.047
0.276
0.71
0.698
0.047
1.201
0.118
0.635
0.592
0.057
2.919
0.044
0.087
0.088
0.308
1.426
0.131
0.05
1.583
0.691
0.067
0.492
0.897
0.476
1.537
0.159
0.681
0.887
2.527
0.936
0.21
2.495
0.78
0.652
0.055
0.042
0.872
0.108
0.558
0.912
0.777
0.815
1.129
0.46
0.922
1.208
0.149
0.72
0.719
0.611
0.062
0.146
1.933
0.862
0.045
0.61
1.747
0.264
0.033
0.072
0.052
1.134
0.97
0.948
0.796
0.049
0.545
1.878
0.567
0.688
0.279
0.727
0.705
0.216
2.628
0.651
0.127
0.026
0.984
0.952
0.123
0.062
0.601
0.131
0.024
0.913
0.133
0.057
0.039
0.016
0.019
0.081
0.581
0.086
0.907
0.533
1.279
0.776
1.049
0.816
0.824
0.761
0.158
1.1
0.04
1.053
0.398
1.511
0.878
0.126
0.784
0.696
0.063
0.079
0.621
0.238
0.049
1.611
1.384
0.452
0.443
0.675
1.258
1.192
0.359
1.499
0.081
0.761
0.697
0.716
0.425
0.98
0.419
0.213
0.294
0.802
0.032
0.752
2.447
0.158
1.7
0.266
1.169
1.306
0.53
0.094
0.267
1.218
0.841
0.045
1.054
2.109
2.259
0.107
1.089
1.934
1.609
0.897
0.069
1.73
2.599
1.674
0.698
0.304
0.066
0.654
0.637
0.528
0.328
1.099
0.868
0.87
0.304
0.422
0.075
0.693
0.187
0.132
0.092
0.024
1.042
1.838
0.421
0.013
0.071
0.044
0.044
0.463
0.337
0.834
1.108
2.064
1.23
0.933
0.547
0.09
0.126
0.05
0.363
0.016
0.869
0.047
0.156
0.198
0.74
1.253
0.093
0.946
2.603
0.032
0.737
1.1
0.042
1.028
0.134
0.054
0.421
0.532
1.6
0.46
0.132
0.769
0.866
1.554
0.543
0.093
0.646
0.422
1.021
0.663
0.96
0.806
0.235
0.145
0.067
1.186
0.077
0.626
1.383
0.044
1.726
0.235
0.597
1.291
1.186
1.355
0.557
0.84
0.536
0.692
3.273
0.044
0.378
0.049
0.514
0.087
0.168
0.349
0.08
0.752
0.74
1.114
0.758
0.051
0.042
0.248
0.018
0.703
2.042
0.787
3.351
0.563
0.857
1.857
0.231
0.725
0.054
1.122
1.776
1.878
0.639
0.658
1.022
0.718
0.143
0.407
0.048
0.532
0.037
0.76
0.091
0.713
0.388
0.145
0.932
0.055
0.65
0.693
1.547
0.059
0.111
0.665
0.567
0.081
0.261
0.128
1.088
0.38
0.023
0.112
0.184
0.798
0.372
0.057
0.387
0.996
0.921
1.316
1.2
0.952
0.118
0.818
0.442
2.413
0.067
0.723
1.311
2.835
0.075
0.054
0.035
0.629
0.244
1.776
0.029
1.241
2.253
0.61
0.751
1.737
0.059
0.068
0.438
0.854
0.075
0.077
0.152
1.472
0.049
0.071
2.644
1.293
0.13
0.011
0.189
0.816
0.788
0.731
0.546
3.193
0.828
1.159
0.688
4.382
0.811
0.729
1.283
1.01
0.188
0.082
0.678
1.319
0.118
1.087
0.062
0.247
0.123
0.048
0.774
0.163
1.088
0.101
1.686
0.065
0.054
0.092
1.636
1.738
0.58
0.08
0.492
0.642
2.563
0.825
0.813
1.507
0.606
0.033
0.035
0.787
1.074
2.611
0.75
0.038
0.238
0.631
0.773
0.369
0.706
0.144
0.518
0.229
1.627
0.078
0.164
0.09
2.376
0.55
1.017
2.244
0.056
0.258
0.461
0.953
0.045
2.379
2.056
0.946
0.654
0.124
0.124
1.565
0.781
0.174
0.196
0.398
1.453
0.781
0.097
3.205
0.125
0.583
2.12
0.063
0.972
0.799
0.113
0.823
1.305
1.185
0.886
1.165
0.75
0.823
0.599
0.113
1.858
1.391
0.054
1.461
0.374
1.254
0.023
1.522
1.198
0.554
1.832
1.532
1.255
0.039
1.131
1.14
0.607
1.706
0.901
1.952
0.014
0.359
1.241
0.475
0.781
1.032
0.154
0.046
1.606
0.812
0.046
1.134
0.59
0.032
0.094
1.087
0.685
0.062
0.502
0.069
0.622
0.663
0.044
0.63
0.053
1.018
0.034
0.218
0.907
0.559
0.184
2.374
0.997
0.588
0.928
0.431
0.654
1.306
0.858
0.628
1.848
0.814
0.736
0.682
0.129
0.17
1.872
0.87
0.027
0.631
3.999
0.022
0.181
0.285
1.212
0.62
0.102
1.492
0.61
1.171
0.84
1.791
2.124
0.374
1.49
3.146
0.218
0.285
0.079
1.083
0.073
1.139
0.308
2.476
0.403
0.579
0.042
0.349
2.493
0.667
0.592
0.413
2.479
0.496
0.015
0.701
0.483
0.226
0.055
0.051
0.055
0.27
0.454
0.512
1.075
0.097
0.905
1.4
1.235
0.154
1.506
0.038
0.08
1.742
0.884
0.135
0.828
0.02
0.082
1.119
2.055
0.255
0.632
0.035
2.125
1.663
1.392
0.768
1.233
0.832
0.022
0.039
0.305
1.485
1.31
0.56
0.036
0.692
0.282
2.836
0.057
0.248
0.359
1.397
1.008
0.199
2.678
0.321
0.643
0.031
1.035
0.03
0.951
0.024
0.898
0.891
0.127
0.062
0.054
0.739
0.711
0.075
0.73
0.702
1.87
0.794
0.095
0.724
2.227
1.028
0.038
2.273
0.101
0.104
0.17
1.066
1.414
0.316
2.215
0.876
0.174
0.078
0.218
3.007
0.024
0.876
0.781
1.638
0.587
1.518
0.741
0.616
1.849
0.58
1.379
1.09
0.315
0.038
0.031
0.882
1.22
1.713
1.673
0.928
0.631
0.255
3.577
0.579
0.517
0.311
0.961
0.846
0.211
0.575
0.502
0.72
0.066
1.513
0.03
0.616
0.155
0.044
0.624
0.685
0.051
0.208
0.495
0.036
0.745
0.973
1.398
0.088
0.063
0.794
0.086
0.951
1.42
0.669
0.722
0.122
1.109
1.972
0.708
0.02
0.073
0.972
0.3
0.053
1.285
0.059
0.778
0.789
0.823
0.337
4.209
0.148
1.961
1.088
0.686
0.041
0.175
0.028
0.061
0.909
0.199
1.167
0.111
0.103
0.032
1.281
0.12
0.313
0.395
0.057
2.663
1.126
0.636
0.194
0.123
0.053
0.193
2.296
1.084
0.621
0.046
1.555
0.215
1.083
2.497
0.042
0.914
0.293
0.071
0.029
1.945
0.647
0.834
0.243
0.752
1.543
0.677
0.031
1.094
0.102
1.154
0.191
0.027
0.69
1.69
0.172
0.037
1.516
0.88
0.577
0.301
0.073
0.254
0.234
0.435
0.644
0.64
1.055
4.211
0.748
0.08
0.895
0.324
1.636
0.549
0.045
0.355
0.787
0.051
0.171
2.528
1.207
1.097
0.915
0.574
1.219
1.666
0.072
1.162
0.072
1.97
0.085
0.56
0.094
1.753
0.735
0.828
0.039
0.044
0.075
1.363
0.111
1.146
0.757
0.737
1.585
0.921
0.864
4.281
1.104
1.393
0.136
0.036
0.981
0.673
1.619
0.678
0.04
1.506
0.311
0.925
1.651
0.599
2.57
0.073
0.89
0.65
1.885
0.278
0.024
0.688
0.055
0.038
0.561
1.364
0.635
0.26
0.022
0.189
0.05
0.872
0.648
0.133
0.063
0.167
0.893
1.874
0.565
0.105
0.053
2.058
0.083
1.72
1.554
0.197
1.987
0.123
0.623
0.854
0.129
0.741
0.029
0.072
0.495
0.684
1.607
0.181
0.71
0.723
0.411
0.049
0.824
0.055
0.094
1.517
0.071
0.033
1.556
0.149
0.688
0.866
0.056
0.153
0.086
0.134
0.808
0.047
2.23
1.436
0.249
0.911
0.112
0.615
0.885
1.92
0.961
0.586
0.152
1.85
0.724
1.056
0.936
1.349
1.526
0.33
3.623
0.032
0.162
0.619
1.039
2.597
0.822
0.045
4.482
0.718
2.664
0.615
0.733
0.059
1.115
0.714
0.146
0.753
0.083
1.657
0.878
0.057
2.197
0.668
0.083
0.772
0.878
2.737
0.502
0.543
2.687
0.058
1.036
0.14
1.009
0.868
0.402
0.216
0.102
0.468
0.688
0.075
0.899
0.586
0.048
0.084
1.028
0.594
0.445
0.289
1.069
0.609
1.95
0.956
0.064
2.148
0.07
0.53
1.35
0.825
0.053
0.809
0.257
0.049
1.169
0.238
0.203
0.113
0.038
1.119
0.054
0.645
0.576
0.869
0.617
0.815
0.084
0.055
0.17
0.017
1.428
0.08
0.804
0.721
0.715
2.173
1.658
1.269
0.59
0.103
0.566
0.657
1.856
0.148
1.947
1.016
0.579
0.799
1.121
0.784
1.973
0.611
0.712
0.162
0.28
0.794
0.766
1.579
0.075
1.321
0.292
0.872
0.06
0.668
1.053
1.903
0.725
0.026
0.046
0.68
1.344
0.661
0.032
0.103
0.645
0.99
1.897
2.212
0.7
0.67
0.11
0.922
0.878
1.096
0.735
0.842
0.879
0.199
0.933
0.209
0.108
1.063
0.29
1.302
0.019
0.986
0.321
0.894
2.602
1.032
2.567
0.749
0.027
0.693
0.034
1.677
0.912
0.763
0.137
0.153
0.668
2.311
0.022
1.454
1.71
0.041
0.146
0.889
0.08
0.259
0.071
1.505
1.326
0.775
0.733
0.746
0.932
0.928
0.044
0.062
1.163
2.14
2.344
0.032
0.745
1.273
0.452
0.027
0.599
1.49
0.101
0.177
0.037
0.143
2.65
0.761
0.881
0.139
0.107
0.845
0.657
0.062
1.065
4.246
0.077
0.209
0.211
0.33
2.076
1.595
0.081
0.111
0.159
0.139
0.337
0.036
0.554
1.861
0.034
0.33
0.565
0.17
1.156
1.011
1.62
0.222
0.063
0.765
0.764
0.397
0.187
0.597
1.969
0.63
0.07
0.252
1.03
1.281
0.91
0.757
0.03
0.057
0.993
1.133
0.341
0.148
1.096
0.974
0.056
2.4
0.852
0.139
0.132
0.874
0.721
0.092
0.894
0.904
0.591
0.067
1.019
0.762
0.629
0.996
0.866
0.039
0.892
0.684
1.858
2.547
0.144
0.103
0.128
0.041
0.87
0.054
1.831
1.408
2.546
1.021
0.044
2.228
0.094
0.3
1.136
0.674
0.842
0.962
0.89
0.923
0.946
1.307
0.151
1.212
0.603
1.064
0.226
0.6
0.038
0.038
1.115
1.074
0.056
0.396
0.05
0.421
0.549
0.041
0.907
1.422
1.724
0.664
0.606
0.72
0.076
0.06
1.097
1.85
0.512
0.152
0.586
0.038
0.974
0.054
1.475
0.816
2.207
0.325
0.087
0.91
0.056
1.375
0.854
1.106
0.031
0.943
1.464
0.281
1.353
0.859
0.039
0.196
0.066
1.25
0.152
1.371
0.722
1.594
0.756
0.713
0.605
0.111
0.174
2.294
1.825
0.043
0.046
0.47
0.715
0.054
0.832
1.597
0.47
0.415
0.037
0.957
0.714
0.568
0.118
0.982
0.036
0.104
1.13
0.129
0.073
0.529
0.762
1.494
0.092
0.886
3.096
0.928
0.037
1.145
0.638
1.055
1.034
0.023
0.244
1.834
0.074
0.582
0.025
1.755
0.801
0.381
0.66
0.217
0.232
2.308
0.402
1.556
2.026
0.259
0.1
0.733
0.755
0.042
0.482
0.12
1.494
0.737
0.78
1.377
1.596
1.793
0.738
2.055
0.073
0.526
1.742
1.324
0.754
0.5
0.173
1.238
0.652
1.187
0.563
0.647
0.086
0.123
0.694
0.623
0.047
0.218
0.157
0.077
0.151
0.051
0.063
0.741
0.172
0.589
1.361
0.082
0.092
1.048
0.275
0.026
0.293
1.636
1.05
0.715
1.079
0.581
0.679
0.039
2.307
0.074
0.859
0.2
1.882
1.311
0.143
0.811
0.481
0.216
0.567
0.985
1.945
0.098
0.862
0.963
0.922
0.358
0.041
0.997
2.439
2.694
1.644
0.21
0.077
3.364
0.968
0.281
0.929
0.063
0.069
0.029
0.496
1.488
2.117
0.917
0.733
0.146
0.941
3.086
0.251
0.053
0.057
0.113
0.707
0.906
0.045
0.641
0.06
0.033
0.095
0.815
0.708
0.589
0.09
1.087
0.504
0.815
0.697
0.053
0.718
2.391
0.043
0.146
0.017
2.251
1.624
0.028
0.443
1.377
2.085
0.3
0.952
0.632
0.685
0.104
0.335
1.376
4.617
1.459
0.522
0.989
0.049
0.984
1.06
0.014
0.088
0.029
0.943
0.147
0.138
1.554
0.766
0.689
2.138
0.488
1.586
0.7
0.055
0.948
0.349
0.595
0.197
2.412
0.2
0.165
0.289
3.709
1.778
0.037
0.064
0.842
2.081
0.792
2.475
0.535
1.162
0.152
1.059
0.108
1.426
0.156
0.052
0.123
0.571
0.701
0.105
0.913
1.579
0.023
0.609
0.536
0.266
0.291
0.351
1.11
0.077
0.851
1.066
2.312
0.57
1.175
1.087
0.824
2.968
0.079
0.108
0.76
0.67
3.38
1.011
0.497
1.132
0.071
0.045
1.024
1.826
0.678
0.134
1.208
0.099
0.592
0.677
0.878
0.068
0.355
0.028
0.214
0.271
0.777
0.679
1.79
0.146
0.143
0.996
0.579
0.095
0.113
0.822
0.653
1.97
1.843
0.727
0.048
0.618
2.695
0.097
0.09
1.255
0.594
0.87
1.309
0.246
0.161
0.332
0.522
0.151
1.124
0.084
0.124
0.591
0.075
0.639
0.047
0.142
1.033
0.683
0.097
0.728
1.723
0.037
1.19
0.853
0.165
1.315
1.075
0.147
0.614
2.349
0.859
0.446
0.58
0.047
0.627
0.011
0.191
0.824
0.061
0.061
2.376
0.508
0.705
2.246
0.741
1.974
4.061
1.267
0.678
0.63
0.372
0.05
0.344
0.57
1.174
1.098
0.17
0.122
0.087
0.921
0.794
0.674
0.613
0.967
2.162
0.771
0.575
0.051
0.613
2.26
0.621
0.805
0.948
0.627
3.446
0.544
0.717
0.854
0.578
0.621
0.218
2.544
0.254
0.042
2.342
1.024
0.036
0.771
1.659
0.01
0.443
0.05
0.9
0.851
0.875
0.773
0.603
0.992
0.236
0.755
0.345
0.071
0.185
0.086
0.996
1.698
0.899
0.834
0.051
0.025
0.135
0.528
1.07
0.058
1.847
1.443
2.707
0.643
0.14
0.206
0.617
0.709
0.127
0.953
4.007
1.113
0.166
0.843
1.278
0.936
0.06
0.076
0.05
1.944
1.292
0.049
0.062
0.05
0.72
0.171
1.463
1.112
1.541
0.031
1.722
0.242
0.26
0.726
1.021
0.029
0.254
0.334
0.086
0.784
0.257
0.963
0.092
0.572
1.538
1.403
0.133
0.052
0.802
0.401
1.129
0.038
0.819
0.714
0.658
1.628
1.379
0.199
1.524
0.249
0.138
0.071
0.604
0.811
0.973
2.042
1.157
0.658
0.669
0.664
0.478
0.75
0.995
1.969
0.687
0.269
0.024
0.65
0.737
3.0
0.928
0.635
0.343
0.625
0.118
1.005
1.402
0.163
0.166
1.252
0.345
0.777
0.207
0.56
1.143
0.271
0.888
0.212
0.742
0.331
0.916
1.094
0.128
1.524
0.805
0.466
0.588
1.549
0.043
0.047
0.572
0.058
1.494
1.795
0.884
0.804
1.013
0.212
0.12
0.894
0.649
0.937
0.77
1.176
0.736
1.569
0.304
2.732
0.791
0.052
1.661
0.898
0.916
0.15
0.031
1.408
0.821
0.878
0.13
0.183
0.664
0.408
0.828
0.138
0.114
0.227
2.644
0.375
0.674
0.173
0.769
0.028
0.946
0.696
1.782
3.126
1.622
0.225
0.638
0.055
0.418
0.057
0.193
0.047
0.126
0.068
0.137
0.676
3.547
0.794
0.741
1.147
1.022
0.076
0.89
1.587
0.836
0.117
0.062
0.087
0.925
0.584
0.992
0.054
0.252
0.911
0.097
0.924
0.744
0.088
0.097
1.238
0.16
1.06
0.03
1.886
0.473
0.045
0.04
0.401
2.421
0.767
0.172
0.05
0.672
0.795
1.407
1.37
0.6
0.136
1.814
0.048
1.097
0.023
0.725
0.562
0.488
0.1
2.114
0.713
0.9
0.033
1.019
0.101
2.624
3.313
0.078
0.45
0.773
1.568
0.625
0.938
0.129
0.064
0.088
0.756
0.628
0.903
0.586
0.691
0.201
0.891
1.001
0.033
0.96
0.639
0.662
3.643
0.078
1.054
0.588
0.106
1.909
0.755
0.777
2.299
0.022
0.268
1.342
1.524
2.011
0.878
0.765
0.696
0.027
0.036
0.749
1.246
1.114
0.893
0.128
0.769
0.37
0.471
2.458
0.808
0.072
0.17
0.789
0.036
0.679
0.923
1.976
0.81
0.536
1.379
2.687
0.21
2.159
0.586
0.739
0.764
1.138
0.993
1.303
0.129
1.099
1.793
0.062
0.734
0.261
1.398
0.11
0.401
1.453
0.099
1.352
0.711
0.07
0.347
0.032
1.19
1.705
0.053
1.724
0.107
0.569
0.302
0.072
1.216
0.207
0.529
2.09
1.208
1.033
0.317
1.321
0.163
0.149
0.044
0.04
0.102
1.321
0.078
0.334
0.197
0.075
0.047
0.879
0.03
0.62
0.174
0.105
0.07
0.061
0.092
1.12
0.825
1.381
0.887
0.14
0.782
0.121
0.181
1.347
0.756
0.231
0.136
0.663
0.85
0.02
2.32
1.051
2.027
0.692
0.115
0.244
2.003
0.082
0.526
0.219
0.085
0.876
0.346
0.139
1.064
0.071
1.266
0.095
0.054
2.066
0.979
0.055
0.484
0.071
0.273
0.126
0.123
0.026
0.09
0.468
0.948
0.44
0.043
0.101
0.903
0.629
0.139
0.954
0.029
0.564
0.043
1.192
0.032
1.698
2.658
0.064
0.1
1.253
0.927
0.593
0.135
0.667
0.034
0.147
1.075
0.199
0.911
1.132
0.714
1.1
0.825
2.537
2.387
0.768
1.254
1.63
1.13
1.416
0.837
0.015
0.044
0.937
0.958
2.391
0.791
0.525
0.155
0.138
1.326
0.612
0.403
0.921
0.047
0.226
0.593
1.021
0.042
1.291
0.765
0.031
1.123
1.366
0.302
1.336
0.897
0.157
0.079
0.85
0.614
0.841
0.216
0.058
1.262
2.625
1.208
0.064
0.257
0.675
1.055
0.655
1.487
0.516
0.526
1.258
0.036
0.739
0.026
0.688
0.718
0.524
0.157
0.038
0.26
0.078
0.023
0.041
0.054
0.071
0.704
1.984
0.888
0.253
1.632
0.234
1.39
1.077
0.82
0.453
1.253
0.132
1.505
1.04
0.701
0.127
7.931
0.048
0.241
2.246
0.633
1.395
0.028
0.769
0.746
5.887
0.043
1.754
0.595
0.501
0.219
0.049
0.055
0.062
1.453
1.069
1.429
0.035
0.861
1.136
0.819
0.242
0.443
1.301
0.465
0.11
0.604
0.089
4.23
0.072
0.672
0.746
0.647
0.629
0.206
1.908
0.972
0.591
0.238
0.495
2.689
0.94
0.288
0.071
0.585
1.362
1.076
0.1
0.04
0.021
0.399
0.118
0.742
2.771
0.438
0.918
1.517
1.706
1.21
1.036
0.53
0.071
2.008
0.858
0.109
0.04
0.767
0.736
0.675
0.928
0.691
0.693
0.765
1.915
0.073
1.136
0.152
0.326
1.037
0.087
0.039
0.555
0.808
0.128
0.016
0.951
0.563
1.076
0.019
1.027
0.732
1.126
0.12
0.065
0.047
0.431
1.903
1.008
0.471
0.072
0.83
1.551
0.718
0.307
2.178
1.206
0.073
1.646
0.203
0.612
0.402
0.738
0.12
0.938
0.087
1.085
0.848
0.649
0.191
1.374
0.148
0.741
0.068
0.727
0.899
0.782
0.177
0.249
1.011
0.673
0.162
0.526
0.118
1.794
0.051
1.778
0.344
0.86
1.084
0.612
0.949
0.631
0.194
0.536
0.081
0.166
0.975
0.237
0.064
0.62
0.919
0.024
1.532
0.651
2.354
0.011
0.578
0.29
0.03
0.117
0.074
0.829
1.343
0.753
0.355
1.055
0.584
0.043
0.721
0.069
0.024
0.58
2.686
1.01
0.041
0.953
0.024
0.034
0.094
0.651
0.043
1.282
0.034
0.029
0.107
0.043
1.169
3.665
0.862
2.327
1.311
1.932
0.115
0.076
0.685
0.709
0.875
0.059
0.742
0.106
1.648
1.232
0.12
0.03
0.926
1.941
1.017
1.049
1.777
0.974
2.449
0.62
0.689
1.134
0.042
1.641
1.522
0.735
0.715
0.046
0.555
1.493
0.514
0.205
0.795
0.094
2.077
1.187
0.957
0.304
1.168
0.594
0.608
0.072
0.665
0.013
0.082
0.727
1.128
0.648
0.04
0.925
0.614
0.916
1.131
1.752
4.792
0.437
0.905
0.62
0.26
0.702
0.828
1.299
0.037
0.021
1.023
0.232
0.059
0.134
0.083
1.257
1.193
0.209
0.178
1.164
0.046
0.036
0.647
0.643
1.308
0.776
1.424
0.352
0.052
0.317
0.057
0.679
2.486
1.854
0.763
2.789
0.033
0.029
3.37
0.07
0.784
0.019
0.748
0.175
0.604
1.177
0.824
0.244
0.081
2.889
0.866
0.447
0.698
0.754
4.778
0.173
0.829
0.051
0.079
0.407
0.126
0.775
1.974
0.666
0.645
0.194
0.206
1.592
0.872
0.935
0.142
0.175
0.844
0.059
0.897
0.499
0.765
0.597
0.883
1.228
0.476
0.566
0.85
0.104
0.49
0.236
0.78
0.052
0.516
0.064
1.723
1.283
0.113
0.778
0.823
0.678
0.728
0.316
4.017
0.123
1.29
1.017
1.11
0.169
1.123
3.148
0.736
1.105
0.993
0.168
0.754
0.5
0.854
0.621
0.103
1.501
0.099
0.901
0.342
0.016
0.764
0.062
1.414
0.645
0.473
0.453
0.079
0.087
0.838
0.143
0.296
0.59
0.036
0.908
0.7
0.023
2.05
1.499
1.852
3.233
2.146
1.425
0.035
2.474
0.217
0.095
1.577
0.571
0.759
0.761
0.783
0.776
2.637
0.089
0.028
2.975
0.591
2.074
0.799
0.953
1.2
0.263
0.233
0.347
2.183
0.111
0.016
1.338
0.09
0.721
1.054
0.969
0.033
1.509
0.272
1.265
0.775
0.476
0.969
1.341
1.224
0.065
0.632
2.421
0.637
0.117
0.644
1.392
0.65
0.467
0.116
1.369
1.722
1.2
0.822
0.088
1.423
1.274
0.704
0.363
0.13
0.187
0.76
0.378
0.201
0.654
3.423
0.997
0.083
0.17
0.092
0.621
0.063
0.045
1.355
1.493
1.977
0.558
0.855
0.143
2.901
0.046
1.208
0.898
0.58
1.157
3.999
0.741
0.026
0.034
0.753
1.076
2.683
0.784
1.134
0.707
0.551
0.267
0.888
0.13
0.725
0.311
0.842
1.826
0.125
0.17
1.22
0.79
0.054
0.393
0.814
2.323
0.032
0.561
0.621
0.719
1.044
0.794
1.055
1.067
0.24
1.67
0.03
0.136
0.053
1.152
0.156
1.18
0.148
0.088
1.447
0.624
0.102
1.129
0.433
0.924
0.564
0.107
0.038
1.076
0.58
0.056
1.892
0.069
0.386
1.168
2.928
0.745
0.235
0.872
1.348
0.59
0.355
1.9
0.345
0.862
0.134
2.617
0.329
0.041
0.743
0.556
0.861
0.109
2.065
2.485
0.613
1.153
1.109
0.186
0.855
0.045
0.553
1.323
0.07
0.77
0.616
0.095
0.907
0.415
0.547
0.96
1.625
0.628
0.859
0.58
1.374
0.029
0.685
1.463
0.606
0.951
0.101
1.055
4.433
0.664
0.825
4.029
0.188
0.702
2.071
0.79
0.719
0.058
1.342
1.422
0.039
0.827
0.832
0.95
0.793
0.115
0.159
0.1
2.521
0.697
0.651
1.039
2.372
0.623
0.186
1.968
0.061
2.027
0.024
0.731
1.118
0.154
0.65
1.308
1.085
0.356
1.304
1.664
1.589
0.1
0.58
0.689
0.928
0.745
0.597
0.934
0.751
0.255
1.444
2.047
0.249
0.999
0.097
0.425
2.102
0.583
1.119
0.175
0.095
0.565
1.821
0.046
0.793
0.741
1.593
0.963
0.858
0.17
1.346
0.534
0.032
0.799
2.878
0.456
0.123
1.281
2.024
1.348
0.092
0.705
1.326
0.905
0.054
0.057
0.038
0.039
0.145
2.244
1.922
0.914
0.544
0.197
0.765
0.546
0.092
0.902
0.196
1.17
1.152
0.697
0.718
0.583
0.079
2.075
0.56
0.062
1.626
0.68
2.939
0.766
1.128
0.037
0.176
0.691
3.155
1.521
0.573
1.583
1.727
0.163
0.091
0.556
1.441
0.867
0.069
0.079
0.047
0.328
0.475
1.345
0.515
1.374
3.014
0.126
1.256
0.583
0.733
0.732
0.518
0.826
0.962
1.96
0.027
0.054
1.395
0.633
0.045
1.766
0.095
0.227
1.486
0.066
0.224
1.792
0.616
0.019
0.119
0.496
0.96
0.776
2.434
0.161
0.848
0.23
0.523
0.765
0.088
0.062
1.73
0.16
0.7
0.724
0.085
1.345
1.924
0.524
0.048
2.085
1.271
2.336
1.159
0.163
1.131
0.205
0.598
0.123
0.621
0.136
1.424
4.016
1.163
0.586
1.652
0.729
0.023
0.631
0.909
0.068
0.644
0.037
0.411
0.671
1.606
1.985
0.071
0.626
0.426
0.069
0.272
4.905
0.855
0.033
0.616
0.145
0.237
0.205
1.571
1.891
1.55
0.181
0.726
0.687
0.135
0.915
1.272
2.01
0.061
1.426
0.07
0.31
0.913
0.711
1.66
1.077
0.613
0.97
0.45
0.635
0.04
0.737
2.177
0.079
0.77
0.095
0.051
0.166
0.826
0.738
0.04
0.062
0.042
0.15
0.333
0.575
1.026
2.668
0.305
2.712
0.956
0.67
0.598
0.103
0.045
0.15
0.558
0.13
0.953
1.347
0.906
3.401
0.273
0.312
0.043
0.57
1.546
1.488
0.364
1.616
0.294
2.249
1.405
0.99
0.23
0.443
0.155
1.533
0.123
0.52
0.598
0.494
0.061
0.216
0.795
0.6
1.541
0.132
4.006
0.032
1.24
0.043
0.696
1.501
0.816
2.116
0.074
0.68
2.068
2.611
1.664
3.189
0.095
0.768
0.701
1.368
0.692
0.036
1.347
0.054
0.991
1.162
0.069
0.635
0.101
0.024
0.071
0.553
2.153
0.938
1.268
2.294
0.156
1.595
0.127
0.068
1.509
0.57
0.564
1.597
0.702
0.687
1.756
0.273
0.068
2.081
1.766
0.966
0.24
0.971
1.239
0.779
1.278
0.726
0.08
1.862
0.721
0.041
0.677
0.653
0.833
0.972
0.024
0.048
0.035
0.558
0.829
0.822
0.82
0.031
0.125
3.178
1.334
0.659
0.046
0.051
0.721
0.651
0.663
1.568
1.33
0.138
1.393
0.069
0.098
0.794
0.042
1.127
0.684
0.785
1.057
0.583
0.603
0.766
0.599
0.02
0.595
0.583
0.64
0.767
0.057
1.154
0.074
0.059
2.216
0.058
0.897
0.844
0.655
0.16
0.011
1.819
0.272
0.219
2.305
0.074
1.086
2.329
0.114
0.037
0.542
1.665
1.963
1.278
0.382
0.035
0.019
0.69
0.68
0.048
0.168
0.337
0.703
3.68
0.67
0.039
0.501
2.266
0.129
0.976
0.314
0.039
1.765
0.398
1.197
5.942
0.607
0.779
0.696
0.053
1.289
0.842
0.306
0.919
0.56
0.756
0.663
1.381
1.365
0.12
0.111
0.829
0.656
0.545
0.03
0.792
3.251
0.952
0.076
0.674
0.768
0.109
0.112
0.036
1.432
0.751
1.638
0.378
0.041
1.921
1.0
0.569
0.088
2.116
0.113
1.044
1.131
0.96
2.472
0.702
0.728
0.581
0.099
0.697
0.995
0.185
0.123
0.546
0.051
1.413
0.691
0.032
2.529
0.083
1.955
0.689
0.553
0.087
0.838
0.733
0.066
0.347
0.058
1.083
0.071
0.595
0.398
1.766
0.862
2.209
0.207
0.03
1.813
0.115
0.499
3.453
0.63
0.956
0.046
1.237
0.237
0.598
0.696
0.723
0.602
0.579
0.594
0.08
1.601
0.642
1.057
0.058
0.608
0.673
0.084
1.61
0.069
0.669
0.782
2.562
0.854
0.053
0.059
0.722
0.095
0.996
0.052
0.85
0.645
0.56
1.191
0.823
0.335
0.611
0.885
1.136
1.269
1.554
1.011
0.032
1.68
1.759
0.726
0.344
0.258
0.685
0.659
0.27
0.21
0.059
1.588
0.406
0.185
0.946
0.353
0.089
0.959
0.028
0.101
0.057
0.902
0.53
0.576
0.088
1.833
0.07
1.503
0.956
0.06
1.17
0.574
0.667
1.761
0.802
0.576
0.501
0.041
2.031
0.023
0.017
0.053
0.094
0.641
1.751
1.979
0.796
0.93
0.281
0.592
0.663
0.026
0.594
0.531
1.194
0.041
1.463
0.863
0.128
0.298
2.277
0.753
0.636
0.113
0.084
1.363
1.162
0.446
1.192
1.299
0.055
0.608
0.645
0.706
1.56
0.615
0.065
0.458
1.68
0.701
0.873
0.651
0.034
0.181
0.072
0.08
0.06
3.429
1.207
2.817
0.052
0.341
0.082
0.531
1.501
0.933
0.9
0.559
0.774
0.074
0.118
0.924
0.892
1.002
1.826
0.828
2.668
0.152
0.054
1.565
0.568
0.046
1.084
4.962
0.022
0.966
1.845
0.612
0.516
0.49
0.068
0.82
0.866
1.873
1.362
2.107
0.556
1.532
2.668
1.336
0.596
0.614
1.167
0.133
0.564
0.867
1.276
0.063
0.594
1.22
0.2
0.78
2.904
1.081
0.139
0.687
0.882
0.177
0.896
0.967
1.55
1.275
0.671
0.838
0.944
1.153
0.6
5.195
0.102
2.533
0.867
1.162
0.757
0.811
5.001
0.033
0.111
0.173
1.307
2.43
0.119
1.797
0.319
0.981
1.019
1.202
0.582
0.354
0.23
0.152
0.138
0.822
1.379
0.849
2.34
0.431
1.137
0.054
0.085
0.67
0.066
1.166
0.298
0.961
1.666
0.295
0.606
0.788
0.72
0.102
0.218
2.102
0.101
2.127
0.053
0.428
0.033
1.336
0.242
0.795
0.077
0.896
0.635
0.843
0.069
0.052
0.764
0.068
0.146
0.05
0.119
0.07
0.691
0.156
1.667
1.211
0.567
0.939
0.513
0.204
0.55
0.861
1.483
0.119
0.733
0.025
0.246
0.646
0.05
0.074
1.244
0.035
2.05
0.033
0.101
1.502
1.44
3.571
1.941
2.705
0.056
0.879
1.239
3.518
0.235
0.805
1.389
0.139
1.407
1.67
1.349
1.362
0.656
2.351
0.673
0.044
2.033
0.857
0.233
2.282
1.1
0.663
0.045
1.488
0.701
1.492
0.621
0.615
0.739
0.209
1.143
0.1
0.623
0.604
0.826
0.553
0.043
0.609
2.879
0.047
2.104
0.122
1.601
1.3
0.12
0.226
1.504
0.852
0.284
0.688
1.105
0.58
0.03
0.037
3.376
1.381
0.17
0.669
0.794
0.399
0.054
0.017
0.674
0.743
0.958
0.148
0.913
0.469
1.159
0.731
0.645
0.034
1.141
0.94
1.136
0.854
0.58
0.939
0.658
0.155
0.267
3.515
0.123
0.036
0.273
0.92
0.031
0.111
0.145
1.25
1.003
0.854
0.668
1.039
0.039
0.706
1.807
0.037
1.239
0.128
0.077
0.057
0.661
0.71
0.989
0.076
0.084
1.18
0.576
0.114
0.746
0.135
2.55
0.085
3.17
0.429
0.537
0.624
0.935
0.043
0.885
1.262
3.567
0.06
0.232
0.637
0.685
1.091
1.096
0.117
0.139
0.037
0.332
1.65
0.935
0.674
0.636
4.434
0.319
0.704
0.461
0.109
0.067
0.486
0.231
1.044
0.443
0.319
2.335
0.079
0.201
0.031
1.002
1.174
0.621
0.815
0.014
1.455
0.13
0.031
0.931
0.163
0.034
1.012
0.148
0.581
0.084
0.645
0.062
0.979
0.024
0.738
0.99
0.331
1.37
1.019
0.592
0.018
1.017
1.219
0.192
2.045
0.063
1.543
0.114
0.8
0.356
0.735
0.868
0.033
0.039
1.208
0.976
0.884
1.49
0.506
0.493
2.101
0.098
0.361
0.682
0.689
0.292
1.704
0.68
0.144
0.235
0.841
0.788
0.554
0.183
0.239
1.824
0.092
0.683
1.252
1.172
0.105
0.318
0.628
0.152
0.024
0.746
1.255
0.801
0.222
0.213
1.087
0.543
0.085
0.576
0.722
0.047
0.709
0.181
1.068
0.489
0.395
0.821
0.118
0.153
0.046
0.797
0.787
0.671
2.484
0.608
2.7
0.685
1.646
0.099
0.536
0.442
0.138
0.555
0.82
0.151
0.071
0.28
0.645
2.148
2.059
1.061
0.035
0.228
0.236
1.052
0.089
0.75
1.937
0.763
0.671
1.347
1.703
0.151
1.898
0.071
0.025
0.064
0.081
1.113
0.557
0.265
0.023
0.39
0.825
0.594
0.212
0.061
3.221
1.306
0.503
0.552
2.123
0.048
0.132
0.457
0.904
0.601
0.089
2.326
0.704
0.077
0.07
0.144
0.927
0.947
0.542
0.596
0.663
0.28
0.055
1.206
0.562
0.436
0.084
0.082
0.219
1.156
1.272
1.116
1.055
1.008
0.786
0.673
1.705
1.498
0.822
0.623
0.689
1.671
0.041
0.711
0.564
0.724
0.398
4.234
0.032
1.383
1.086
0.11
0.068
0.114
1.125
0.082
0.314
0.654
0.619
0.353
1.148
0.877
0.838
0.195
0.062
0.114
0.763
1.041
0.615
0.131
0.758
0.536
0.847
0.766
0.172
1.524
0.028
2.218
0.557
0.619
0.755
0.018
1.63
1.031
1.147
0.653
1.228
0.165
2.744
0.626
0.223
0.994
1.023
1.09
1.659
0.608
0.924
0.202
0.013
0.816
0.639
0.447
0.126
2.665
0.222
0.29
0.08
0.76
0.756
0.9
0.21
0.049
0.761
0.681
0.032
0.234
0.493
0.058
0.128
0.818
0.352
0.083
0.661
0.279
0.436
0.152
0.186
0.157
0.058
0.883
0.645
0.05
0.081
0.271
0.046
0.731
0.193
0.765
0.172
0.262
0.219
0.385
0.72
0.024
0.591
1.407
2.074
0.531
0.28
0.096
1.287
1.174
0.585
0.606
0.562
0.119
0.793
0.137
0.059
1.387
0.28
0.514
0.335
3.021
3.201
2.408
1.548
0.1
4.802
0.038
0.7
2.582
0.059
1.052
0.925
0.707
1.062
0.048
0.117
0.021
0.954
0.654
0.883
0.753
2.328
2.787
0.023
0.905
0.698
0.695
0.037
0.717
0.022
0.039
0.791
0.598
1.936
0.782
0.388
0.324
0.162
0.938
1.132
0.073
0.608
0.151
0.074
0.087
0.096
1.878
0.02
0.759
0.155
0.107
1.203
1.331
0.508
0.104
0.051
0.816
1.215
0.732
0.038
0.028
0.48
0.538
1.505
0.628
0.735
0.213
1.541
0.131
0.025
1.404
0.821
0.045
0.81
2.088
0.947
0.028
1.209
4.641
3.217
0.042
0.054
0.052
0.176
0.862
0.612
0.674
0.154
0.609
2.108
0.77
0.088
0.055
0.168
0.089
0.045
0.151
0.729
0.558
0.668
0.291
0.723
0.468
0.112
0.638
0.059
0.619
0.925
0.15
0.725
1.693
0.228
0.641
0.891
0.608
2.846
0.785
0.372
0.802
0.122
3.187
0.064
2.407
1.783
0.512
0.574
0.131
1.113
0.791
0.632
0.81
1.539
0.733
0.168
0.05
0.886
0.826
0.14
0.021
0.827
0.859
0.814
0.066
0.107
1.308
0.694
0.83
0.809
0.623
2.029
0.646
0.035
0.244
1.966
0.293
0.437
0.868
0.223
0.036
0.737
0.043
0.867
0.975
1.219
0.628
0.68
0.585
0.021
0.148
0.09
0.72
0.617
0.214
0.734
0.282
1.52
1.024
0.204
0.396
0.111
0.796
0.916
0.011
1.497
0.056
1.789
1.146
0.095
2.045
0.035
0.035
0.665
0.017
0.152
0.099
0.075
3.302
0.325
0.71
1.273
0.45
0.674
1.589
0.043
0.033
0.706
0.224
0.259
0.091
0.75
1.022
0.688
0.03
0.403
1.039
0.236
0.245
1.149
0.236
0.084
0.563
0.481
2.127
0.03
0.041
1.255
0.035
0.999
0.057
0.548
0.039
0.036
0.096
0.653
0.661
0.021
0.798
0.46
0.762
0.175
0.032
2.252
2.797
0.085
0.123
0.057
0.088
1.213
0.034
0.082
0.219
0.531
0.29
0.025
0.861
0.017
0.176
0.022
1.688
1.335
0.051
1.382
1.046
0.604
0.688
0.66
0.417
3.499
0.605
2.059
1.083
0.507
0.024
0.598
0.648
0.825
2.465
0.68
0.035
0.206
0.833
0.455
0.855
0.636
0.337
0.177
0.735
0.315
1.762
0.307
0.622
0.862
0.079
0.255
0.374
1.396
0.544
0.076
0.49
1.292
0.226
0.894
1.612
0.922
1.217
0.017
0.868
0.638
0.646
0.494
0.279
2.171
0.931
0.142
0.572
1.198
2.109
2.512
0.725
0.777
0.722
0.652
1.194
0.105
0.05
0.816
0.115
0.126
0.023
0.8
0.034
0.187
0.596
0.978
0.141
0.125
0.028
0.791
1.187
1.422
0.254
0.042
0.068
0.909
1.524
0.215
0.688
0.892
0.601
0.821
0.034
2.054
0.751
1.637
0.776
0.057
0.902
0.208
0.017
0.031
1.086
0.54
0.323
0.849
0.066
0.044
1.859
1.614
0.036
0.034
1.169
0.064
0.025
0.216
0.025
0.633
0.056
0.36
1.132
0.048
0.608
0.763
1.009
0.674
0.573
1.377
0.652
0.501
0.078
0.691
0.215
0.705
0.203
2.5
0.779
0.192
3.342
0.292
0.867
0.329
0.128
0.819
0.028
2.439
0.88
0.743
0.072
1.123
0.136
1.113
0.102
0.377
0.042
0.413
0.31
0.078
1.039
0.755
3.321
0.69
0.945
0.334
0.705
0.225
0.008
0.797
0.67
0.355
0.018
0.348
0.643
0.803
0.103
1.187
0.116
0.471
1.643
1.123
0.938
1.61
0.178
0.978
1.315
1.745
0.249
1.47
0.099
0.226
0.992
0.178
0.641
0.515
0.731
0.578
0.74
0.464
1.17
0.685
0.081
1.124
0.039
0.183
0.199
0.189
0.076
0.603
2.522
0.743
0.22
0.282
0.296
1.931
1.736
0.024
0.25
0.077
0.18
0.214
1.945
1.055
1.619
0.039
0.046
0.205
0.514
0.219
0.068
0.937
1.375
0.791
0.232
1.114
0.989
0.977
0.509
1.056
0.858
0.866
0.578
0.029
1.72
1.061
0.338
0.688
0.052
0.564
0.563
0.03
0.041
0.687
1.877
0.083
0.038
0.419
0.243
0.053
0.027
0.294
0.807
0.071
0.206
0.058
1.348
5.03
0.736
0.418
0.177
0.968
0.044
2.458
0.743
1.712
1.106
0.208
0.589
0.307
0.912
0.702
1.556
0.692
0.735
0.919
1.608
0.109
0.851
2.272
0.12
3.195
1.444
0.762
0.977
1.174
0.134
0.39
1.295
0.684
0.043
0.103
0.07
1.351
1.204
0.028
0.892
1.047
3.698
0.957
0.297
0.379
0.908
0.022
0.727
1.489
0.584
0.014
0.052
0.209
0.488
0.592
0.623
0.271
0.944
0.109
1.087
0.707
0.596
0.135
0.14
0.215
0.019
0.761
0.062
1.073
0.498
2.42
1.013
0.092
1.021
1.248
1.971
0.879
0.648
0.708
0.042
0.812
0.697
0.705
0.671
1.603
1.57
2.561
1.019
0.055
1.006
0.104
2.812
0.116
0.051
1.274
1.634
0.083
0.804
0.09
0.094
2.903
1.913
0.099
0.726
0.026
1.747
0.055
0.273
0.786
0.173
1.088
0.91
0.031
0.059
0.653
0.144
0.091
0.591
0.496
0.139
0.914
0.331
0.541
0.238
0.141
0.243
0.542
0.198
0.824
1.636
0.026
0.657
0.143
0.054
1.876
0.652
1.039
0.857
0.818
0.032
0.117
1.216
0.78
0.374
0.926
0.022
0.043
0.554
0.667
0.687
0.09
0.435
0.558
0.037
0.05
0.93
0.653
0.084
0.058
0.024
0.025
0.71
0.104
0.643
3.267
0.809
1.531
0.633
0.055
0.577
2.802
0.603
1.387
0.087
0.813
0.535
1.005
0.63
0.662
0.145
1.403
0.078
1.34
0.1
0.033
0.337
1.876
1.553
0.597
0.143
1.457
1.596
0.22
0.731
0.97
0.876
3.947
0.4
0.736
0.037
0.782
0.7
2.185
0.693
0.67
0.149
0.197
1.765
0.223
0.032
0.032
0.06
0.796
0.626
0.74
4.222
0.859
0.858
0.066
0.017
0.609
0.825
0.055
0.923
0.532
1.414
1.396
0.029
0.116
0.067
0.917
0.623
0.798
1.503
1.362
1.635
0.719
0.244
0.14
0.178
1.337
1.59
0.213
0.107
0.107
0.129
1.075
0.577
0.337
0.024
0.096
0.206
0.087
0.259
2.396
0.103
0.663
1.392
0.033
1.327
0.638
0.048
0.111
0.622
0.864
0.561
0.047
0.912
0.641
1.194
0.168
0.07
0.95
0.056
0.564
1.469
0.285
0.06
1.178
1.722
0.011
0.777
0.498
0.064
0.136
0.175
0.079
1.338
0.279
0.589
0.597
1.506
1.258
0.783
0.02
0.05
0.049
0.7
0.061
0.03
0.112
0.416
0.849
0.043
1.562
0.782
1.122
0.194
1.034
0.048
3.28
0.054
0.362
1.577
1.263
0.148
0.743
0.723
0.06
0.129
0.807
0.027
0.142
0.607
0.447
0.655
0.824
0.704
0.153
0.511
0.697
0.111
0.805
0.286
0.641
0.036
0.145
0.823
0.014
0.568
0.134
0.151
1.638
0.884
0.698
1.384
0.652
0.469
0.718
0.19
0.181
0.609
0.783
1.033
2.02
0.265
0.141
0.899
2.521
1.004
1.929
1.45
0.559
1.627
0.598
0.715
0.547
2.397
0.078
0.014
0.66
0.552
0.998
0.878
0.556
0.658
1.199
0.665
1.781
0.901
0.306
1.554
3.267
0.938
1.225
1.527
0.761
0.641
0.129
0.51
1.656
0.279
0.721
0.64
0.023
0.64
0.659
0.077
1.792
0.742
0.842
0.911
1.005
0.381
0.635
0.183
0.081
1.413
0.033
0.639
0.211
0.982
0.578
0.1
0.745
0.054
0.179
0.505
0.035
0.248
0.092
0.044
0.033
0.562
1.028
0.552
0.753
0.364
0.62
0.735
2.121
0.688
0.92
2.399
0.138
3.463
0.322
0.196
0.562
0.428
0.968
0.78
0.455
1.78
0.747
0.875
1.079
2.92
0.986
0.656
0.597
4.567
0.092
0.752
0.201
0.695
0.159
1.165
0.695
0.026
0.98
0.929
1.229
0.295
0.474
1.22
2.174
1.181
1.865
2.039
2.115
0.183
0.782
0.047
0.046
1.792
0.394
0.9
0.056
0.638
0.869
0.181
0.365
0.705
0.755
2.095
0.334
2.104
0.04
1.541
3.205
0.14
1.18
2.33
0.074
0.973
1.234
1.571
0.863
0.803
3.66
0.215
0.103
0.682
1.355
0.046
0.941
1.075
0.281
0.506
0.424
0.51
0.513
0.116
0.05
0.112
1.546
1.458
0.931
0.121
3.631
0.115
0.846
0.384
0.139
0.729
0.967
0.629
1.568
3.674
2.588
2.123
2.249
1.294
0.657
0.039
1.49
3.389
0.094
0.696
2.366
0.987
0.687
1.378
1.136
2.504
0.038
0.476
0.286
1.735
3.233
0.199
0.669
0.125
0.128
0.99
2.71
1.278
0.856
0.737
0.119
1.379
1.499
0.626
0.247
0.179
1.053
0.053
0.721
0.043
0.676
0.467
0.024
0.293
0.695
0.037
0.874
0.116
0.818
0.796
0.018
0.71
0.05
0.039
1.589
1.666
0.69
2.767
0.727
0.259
0.647
0.233
1.415
0.601
0.774
0.739
1.05
0.114
0.325
1.047
4.079
0.375
0.062
1.257
2.74
0.608
0.327
0.723
0.114
1.618
0.678
1.084
0.073
0.12
3.989
0.045
0.671
0.289
0.748
0.039
0.019
0.043
1.334
0.668
0.689
1.789
0.05
0.07
0.943
0.165
0.902
0.561
0.032
0.145
0.648
0.087
0.396
3.498
1.066
2.066
1.578
1.376
0.681
0.861
0.349
0.178
0.692
2.057
0.041
0.201
2.801
0.9
0.638
0.2
0.145
0.716
0.752
0.274
0.188
0.407
0.596
0.101
0.768
0.643
0.632
2.614
0.019
1.486
6.677
0.054
0.118
0.112
0.906
0.191
1.908
0.22
1.0
1.795
1.047
0.921
2.51
0.047
0.468
1.181
1.703
0.211
0.572
0.556
1.228
0.686
0.681
1.0
0.272
0.065
0.029
1.204
0.084
0.126
1.263
0.884
1.495
0.099
1.583
0.073
0.702
0.473
0.047
0.101
0.046
0.539
1.254
4.496
0.097
1.006
0.632
0.576
1.502
0.07
0.672
0.098
1.212
0.082
1.708
0.322
0.509
1.117
0.049
0.063
0.632
0.083
0.156
0.855
0.926
0.492
0.426
1.44
1.894
0.082
0.641
1.825
0.602
0.644
1.083
0.939
1.166
0.196
1.857
0.098
1.515
0.702
0.028
0.498
0.165
0.884
1.41
0.616
0.475
0.783
0.015
0.594
0.988
1.328
1.614
0.024
0.015
1.355
1.493
0.478
0.104
0.886
0.156
0.056
0.512
0.362
0.563
0.727
1.713
0.546
2.446
0.739
0.611
0.159
0.659
0.799
0.707
0.624
0.058
0.518
0.938
2.333
0.847
1.078
0.192
0.043
0.694
0.046
0.068
0.817
0.071
0.131
1.911
0.763
0.578
0.896
0.243
0.057
0.835
0.612
0.325
0.225
0.671
0.708
0.05
0.633
0.565
1.111
0.593
0.69
0.245
0.989
1.009
1.173
0.061
0.325
0.35
0.035
0.729
0.689
0.802
0.948
0.786
0.128
0.783
0.076
0.043
0.025
0.681
0.521
0.085
0.667
0.841
0.632
0.777
0.03
0.065
0.101
1.968
0.023
0.081
1.601
0.025
0.809
0.679
0.045
0.027
0.061
0.664
1.183
0.717
0.726
0.166
0.603
0.651
0.193
0.068
0.746
0.048
0.069
0.69
0.738
0.715
0.051
2.231
0.403
0.15
0.75
0.509
0.929
0.626
2.599
0.909
1.608
1.017
0.407
0.082
0.703
0.047
0.033
0.075
0.85
0.098
0.044
0.018
0.192
0.135
1.651
0.03
0.046
0.598
0.09
1.303
1.033
0.077
1.886
0.751
0.046
0.33
1.296
1.045
0.833
0.728
0.27
0.856
0.723
1.05
0.052
1.495
0.09
0.736
0.078
0.087
0.756
2.317
1.249
1.375
1.487
0.045
0.035
0.278
0.684
0.941
0.053
0.165
0.877
0.193
1.074
1.417
2.224
0.858
1.578
0.863
0.063
0.174
0.612
0.03
0.789
2.949
0.763
0.035
1.677
0.035
0.201
0.686
3.468
1.981
0.461
0.63
0.382
0.21
0.201
1.256
0.666
0.607
0.026
0.033
0.029
0.287
1.166
0.858
0.097
0.13
0.05
0.606
0.108
1.331
4.532
0.603
0.906
0.608
0.1
0.82
0.037
0.709
0.672
0.029
0.451
0.783
0.059
0.714
0.619
0.053
1.072
0.863
0.971
1.265
0.108
0.783
0.198
1.693
1.856
1.37
0.023
1.124
0.351
0.968
1.377
1.102
0.656
0.178
0.516
0.382
0.797
0.059
0.064
0.123
1.017
0.174
0.149
0.711
1.651
0.248
0.585
0.166
0.066
1.17
1.639
0.67
0.648
1.02
0.817
0.971
0.04
0.79
0.049
0.676
0.555
0.646
0.032
0.822
0.07
0.26
0.814
0.106
0.927
0.038
0.052
0.782
0.083
1.14
0.072
0.032
0.085
0.397
0.049
0.091
0.299
0.909
1.639
0.751
0.11
0.561
0.719
1.21
0.916
0.685
0.044
2.861
2.604
0.078
1.875
1.194
0.453
0.866
1.288
0.022
1.721
0.449
0.67
1.268
0.561
1.34
1.485
0.611
0.104
2.813
0.043
0.907
0.985
2.316
0.037
0.156
2.642
0.953
1.9
1.809
0.652
0.05
0.122
0.791
0.119
0.219
0.528
1.276
2.294
0.596
1.047
0.188
0.139
0.553
0.623
1.789
1.573
0.106
0.299
1.394
0.861
3.043
0.314
1.34
0.678
0.847
0.801
0.738
0.7
1.899
0.782
0.396
0.093
2.9
1.182
0.677
1.023
1.183
2.084
0.009
1.785
0.762
0.906
1.12
0.21
1.121
0.541
0.864
0.284
0.048
2.284
1.597
1.302
0.943
0.681
0.693
1.224
2.559
1.576
0.02
0.036
0.517
0.391
0.633
0.576
0.146
0.534
0.307
0.05
0.153
0.029
0.292
1.341
0.395
0.525
0.272
0.047
0.638
1.512
0.169
0.01
0.632
0.331
0.176
0.231
0.018
0.045
0.131
0.192
0.225
0.036
0.831
0.065
0.081
0.187
0.076
0.069
1.109
0.03
1.026
0.231
1.111
1.114
1.58
1.354
3.536
0.338
0.085
0.167
0.161
0.845
0.05
0.056
0.062
0.916
3.418
0.876
1.26
2.265
1.967
0.09
0.104
0.951
1.235
0.067
0.97
1.706
1.126
1.946
0.654
0.07
0.886
1.007
0.034
0.727
0.888
1.301
0.767
1.417
0.761
0.83
0.038
0.817
1.914
0.886
1.168
0.826
1.49
0.966
0.323
0.028
0.029
0.085
0.659
0.032
0.026
3.594
0.733
0.553
1.891
0.055
3.577
1.113
0.857
0.053
0.094
0.637
0.231
0.91
0.073
0.437
0.432
0.045
0.057
1.121
0.491
0.836
3.674
0.955
0.109
1.318
0.193
1.303
0.046
0.087
0.122
0.325
0.056
2.152
0.787
1.187
0.229
0.273
0.566
0.067
0.095
0.287
1.118
0.176
0.046
1.291
0.078
0.154
0.742
1.061
0.701
0.812
0.039
0.026
0.12
0.612
0.165
1.938
0.536
0.832
0.301
0.036
1.85
0.043
0.032
1.245
0.194
0.104
0.032
0.158
0.064
0.304
0.365
0.039
1.355
0.289
0.054
1.43
1.672
0.024
0.065
0.08
0.422
0.104
3.65
0.06
0.845
0.192
0.219
1.417
0.103
1.097
0.15
0.76
0.383
0.728
0.04
5.097
0.127
0.693
0.143
0.044
0.693
1.161
1.751
0.378
0.852
0.663
0.633
0.116
0.874
0.618
0.896
0.436
0.809
0.751
0.796
1.418
0.629
0.871
2.866
0.054
0.04
0.078
0.082
0.703
0.294
2.348
0.204
1.342
1.571
3.581
0.266
1.237
0.032
0.055
0.666
0.462
1.09
2.048
0.212
3.472
0.465
0.88
1.035
1.824
1.088
0.875
0.715
0.864
0.175
0.009
0.101
0.208
0.052
0.535
0.271
0.055
0.4
0.238
0.126
0.076
0.872
2.098
0.267
0.411
0.323
0.797
0.629
0.291
0.21
1.201
0.575
0.754
1.167
3.391
0.534
0.247
0.049
0.687
0.552
0.5
0.066
0.438
0.192
0.823
0.07
0.327
0.575
0.059
1.905
0.233
0.929
0.053
0.683
0.072
3.514
1.938
0.078
0.569
0.77
2.641
1.132
0.62
1.448
0.13
1.745
0.116
0.779
1.573
1.206
0.525
0.065
1.613
0.869
0.589
0.233
0.775
2.024
0.913
0.06
0.514
0.719
0.934
0.947
0.096
0.52
0.054
0.025
0.773
0.631
2.224
2.249
0.988
1.067
0.161
0.055
0.702
0.831
1.031
0.602
1.975
0.931
0.904
1.435
0.304
0.516
1.748
1.323
0.184
3.767
0.165
0.042
0.064
1.386
0.512
1.091
0.624
0.055
0.025
0.61
0.869
0.285
0.056
0.862
0.596
0.207
0.193
0.72
0.177
0.326
0.045
0.146
0.819
0.176
0.601
0.786
1.369
0.247
1.824
1.217
0.927
2.218
0.684
0.674
0.642
0.03
1.201
1.743
0.853
0.082
0.052
0.118
1.38
0.117
0.826
1.1
0.05
0.688
1.224
0.113
0.045
2.259
1.315
0.666
0.817
0.568
0.024
0.688
0.202
0.998
2.239
1.01
0.799
0.31
0.985
0.725
0.145
0.866
0.795
0.155
1.889
0.706
0.623
0.299
0.619
0.039
0.869
0.744
1.05
0.638
0.69
0.578
1.113
0.929
5.537
0.073
0.741
0.043
0.065
0.666
0.23
1.248
0.092
0.621
0.114
0.053
1.589
0.121
0.654
0.085
0.644
0.104
4.931
0.812
1.321
0.404
4.637
0.558
0.488
0.719
1.197
0.596
0.52
0.376
0.065
0.124
2.489
1.218
1.347
0.029
1.002
1.146
0.458
1.553
0.713
0.812
0.673
0.147
0.705
0.463
0.028
1.448
0.729
0.678
0.616
0.596
1.851
0.624
2.355
1.878
0.037
2.082
0.922
0.07
1.016
0.756
3.317
0.884
1.575
0.773
0.85
0.155
0.555
0.771
0.03
0.638
0.048
0.358
0.933
0.078
0.581
2.715
0.105
2.295
0.825
1.621
0.273
2.419
0.792
1.921
2.339
0.015
3.131
0.446
0.187
0.875
5.207
0.321
0.615
1.511
0.251
0.073
0.725
0.265
2.231
0.466
0.089
0.026
0.028
1.224
0.271
0.053
0.713
1.355
0.722
0.217
0.811
2.784
2.013
1.795
0.651
2.572
0.734
0.025
0.522
0.712
0.901
0.964
0.692
0.539
0.625
1.241
0.029
0.098
2.197
0.158
0.028
1.104
0.269
0.061
0.088
0.188
0.744
1.157
1.139
0.402
1.625
1.808
0.067
0.378
2.587
0.724
0.623
1.033
0.349
0.654
0.199
0.357
0.38
2.38
1.474
0.902
0.252
0.646
1.718
2.334
0.958
0.521
0.073
2.338
1.118
1.188
2.045
0.577
0.087
0.696
0.665
0.104
0.573
0.079
2.026
0.942
0.286
0.377
0.31
0.786
0.12
0.905
0.308
1.351
0.026
0.181
1.12
0.051
0.856
3.082
0.585
0.608
0.954
1.546
0.155
0.791
0.135
1.961
2.559
0.407
0.146
0.843
0.898
1.368
0.678
0.982
0.697
0.693
0.05
1.788
0.709
0.133
1.713
0.138
0.026
0.155
0.957
1.393
0.01
0.044
1.542
1.165
0.028
0.704
0.057
1.279
0.027
2.283
2.418
0.068
0.14
1.049
1.397
1.004
0.738
0.666
4.574
1.721
0.583
0.949
1.254
0.08
0.17
0.045
3.656
0.743
0.073
0.583
0.08
0.987
0.924
1.17
2.015
2.588
1.216
2.451
0.214
0.067
1.288
0.676
0.692
0.08
0.966
1.53
1.019
0.028
1.213
1.0
1.802
0.033
0.808
1.094
0.822
0.058
1.513
2.307
0.031
0.882
1.021
0.526
0.119
0.841
1.096
0.886
0.158
0.332
0.088
0.76
0.151
3.181
0.739
0.762
0.63
0.981
0.791
0.485
0.238
2.98
0.038
2.042
0.262
0.633
0.379
1.943
0.289
0.845
0.213
0.21
1.059
0.679
0.553
3.762
0.744
0.922
0.672
0.237
0.588
1.617
0.022
0.692
0.852
1.618
0.667
1.721
1.331
0.929
1.321
1.89
0.044
0.108
0.747
0.047
0.861
0.77
2.001
0.109
2.226
0.733
1.998
1.451
0.98
0.837
0.706
1.026
0.823
0.103
0.037
0.506
0.682
0.167
0.719
0.57
0.367
0.104
1.656
1.813
0.312
1.791
0.025
0.832
0.705
1.739
0.089
0.914
0.25
1.125
0.948
0.061
1.216
0.877
0.889
0.158
0.31
0.181
0.82
0.33
0.279
0.154
0.628
0.735
1.677
0.822
0.073
0.768
0.93
0.614
0.706
0.642
0.046
1.029
1.199
1.621
1.804
0.533
0.143
2.154
0.506
0.053
0.749
1.569
2.743
0.05
0.024
0.149
0.771
0.074
1.031
0.263
1.673
1.017
1.243
0.491
0.543
1.079
0.065
0.068
0.839
0.04
0.853
1.609
1.929
0.127
0.072
0.365
0.734
0.326
0.863
0.821
1.881
0.534
1.831
0.237
0.835
1.287
0.036
0.593
0.576
0.68
1.123
0.579
0.978
1.078
0.097
0.231
0.959
2.016
0.821
0.561
1.269
0.84
0.861
0.721
0.073
0.974
0.648
0.057
1.113
0.522
0.145
0.126
1.591
0.019
1.727
0.677
0.915
0.044
0.067
0.034
0.126
0.038
0.997
0.346
0.724
0.118
0.726
0.793
0.711
1.033
0.485
0.65
0.942
3.247
0.641
2.202
1.428
0.557
1.362
1.059
0.195
0.919
0.041
0.068
0.856
2.199
1.504
0.125
0.04
0.656
0.552
0.912
0.753
1.011
0.63
0.979
0.599
0.679
0.761
0.168
0.071
0.726
0.857
0.765
0.752
0.739
0.11
0.352
0.034
0.791
4.929
0.583
1.857
0.878
0.051
0.088
0.086
2.731
0.043
2.984
0.151
0.707
0.093
3.011
0.187
0.131
0.606
0.573
0.209
0.867
0.447
0.176
0.808
0.046
0.368
0.04
0.149
1.069
0.263
2.457
0.701
0.109
1.092
0.544
0.691
1.37
1.135
2.207
0.697
0.765
0.457
4.411
2.674
1.563
0.551
0.659
0.664
0.051
0.672
0.122
0.586
0.123
0.861
2.002
0.635
2.306
0.77
1.573
0.946
4.031
1.219
0.062
1.677
2.567
0.127
0.275
0.623
0.867
0.38
0.725
1.476
1.356
0.642
0.194
0.261
1.496
0.858
0.767
0.069
0.685
0.844
0.928
1.827
0.047
0.11
0.125
0.031
0.084
0.612
0.636
0.756
0.217
0.047
0.671
0.08
0.456
0.736
0.031
0.186
0.388
1.816
1.201
1.017
0.047
1.551
0.125
0.151
0.188
0.765
0.349
0.033
0.107
0.055
1.389
1.425
0.079
1.928
0.756
0.76
1.27
0.273
1.532
0.078
0.063
1.746
0.28
0.03
2.17
0.528
2.096
0.466
1.504
0.143
0.24
0.967
1.06
0.152
0.696
0.041
3.713
0.705
0.105
2.487
0.231
1.092
1.023
1.201
0.623
0.999
0.197
4.779
1.301
0.07
1.022
0.766
0.852
0.66
0.037
2.746
0.35
3.039
0.613
0.869
0.345
1.095
0.123
0.682
0.074
0.112
0.144
1.784
0.143
0.052
0.053
0.17
1.297
1.099
0.376
0.651
0.642
0.013
0.036
0.961
1.28
1.145
0.22
0.533
0.642
0.531
1.274
2.297
0.374
2.159
0.182
1.096
0.221
0.39
0.775
0.271
1.176
0.372
0.652
0.778
2.103
1.735
0.163
0.013
0.079
0.397
0.205
0.093
1.269
0.07
0.134
0.117
0.856
1.381
1.663
0.027
0.706
0.032
0.028
0.865
0.642
0.685
0.051
0.675
0.166
0.677
0.621
1.424
0.161
0.868
2.867
0.316
0.349
1.785
0.867
0.05
0.068
0.528
0.352
1.255
0.678
0.111
0.503
0.825
0.358
1.1
0.041
0.514
0.078
0.874
0.63
1.088
0.086
1.484
1.386
0.929
0.166
0.802
0.699
0.066
0.637
0.315
0.778
0.207
1.084
0.885
0.044
0.05
0.988
0.722
0.652
0.9
0.14
1.241
0.289
3.117
0.399
0.175
1.051
2.118
0.046
0.966
0.902
0.747
1.228
3.174
1.173
0.171
0.25
0.876
0.033
0.083
0.255
0.717
0.296
0.055
0.608
0.614
0.549
0.691
1.03
0.105
0.391
0.758
0.049
0.748
0.778
0.038
0.886
0.836
1.799
0.8
0.131
2.438
0.116
0.711
0.1
0.091
0.116
0.086
0.079
0.334
0.8
0.311
1.237
0.634
0.713
1.806
0.466
0.027
0.052
0.512
0.061
0.644
0.08
0.055
1.148
0.914
0.705
0.547
0.126
0.398
0.044
0.771
0.163
1.937
1.99
0.14
1.047
1.378
0.066
0.053
0.174
0.039
0.601
0.081
0.867
1.304
0.763
2.27
0.079
0.236
0.194
0.816
2.658
0.895
0.666
0.596
0.795
0.644
0.044
0.991
0.569
0.661
0.091
0.055
0.026
2.27
0.857
0.862
0.166
0.793
0.254
0.666
0.533
0.251
1.067
0.072
0.81
0.061
0.91
0.161
0.727
0.225
0.72
0.791
0.111
1.507
1.864
1.049
0.127
2.22
0.32
0.617
2.318
1.606
0.466
1.401
0.561
0.714
1.813
0.268
3.767
0.661
0.543
0.7
0.113
1.52
0.059
0.309
0.07
0.152
1.037
2.066
0.226
0.026
0.679
0.13
0.066
0.048
0.966
0.608
0.813
1.974
0.719
1.107
0.641
0.153
0.786
0.017
0.569
1.085
0.061
0.016
0.246
2.011
0.043
0.68
0.73
0.887
0.478
0.279
0.131
1.773
0.524
0.724
1.017
1.21
0.315
0.235
0.122
0.522
1.234
1.454
1.428
1.294
0.031
1.14
1.866
1.204
0.6
0.801
0.624
0.772
1.344
0.766
0.205
0.095
0.461
0.21
0.209
0.875
0.073
0.633
0.968
0.778
0.037
1.006
0.289
0.753
0.083
0.365
0.083
0.969
1.251
0.783
0.184
1.177
0.161
1.991
0.134
0.275
1.08
1.646
0.828
1.503
0.028
0.071
0.66
0.83
0.562
0.869
0.046
0.812
1.208
0.649
0.797
1.041
0.653
1.695
0.028
1.031
0.394
1.112
0.929
0.621
1.033
0.027
1.002
0.768
0.042
2.779
1.171
0.801
0.031
1.055
1.481
0.169
1.901
0.864
0.106
0.565
0.17
0.852
1.863
0.798
0.592
0.845
0.669
0.041
0.055
0.585
0.245
0.234
2.093
0.651
0.926
0.08
1.842
0.476
0.299
1.248
2.135
0.359
0.131
1.776
0.06
0.013
0.033
0.07
0.125
0.033
0.095
2.369
0.104
0.49
0.73
0.064
0.726
0.037
0.03
0.031
0.89
0.144
2.75
0.46
0.639
0.106
1.46
0.97
1.798
1.196
1.463
0.667
1.304
0.341
0.691
0.045
0.062
0.096
0.904
0.915
1.482
0.357
0.85
2.027
0.88
0.17
0.517
0.284
0.073
0.76
0.089
0.091
0.054
0.059
0.109
2.395
0.893
0.123
1.134
0.077
1.308
0.101
2.014
0.633
0.757
0.713
0.051
0.748
0.051
1.728
1.172
0.068
0.736
1.173
3.311
0.805
0.827
2.291
0.641
0.873
0.033
1.24
0.103
0.328
0.109
0.786
0.15
0.386
0.916
0.089
0.148
1.168
0.748
2.424
1.35
0.125
0.237
1.054
0.745
0.09
0.035
0.047
2.01
0.242
2.962
0.134
0.771
0.847
2.101
0.655
1.689
2.02
1.04
0.38
0.847
0.899
0.757
0.619
0.426
0.122
0.209
0.387
0.654
0.73
0.033
0.786
0.731
0.883
0.763
0.082
0.923
0.09
0.064
0.66
0.394
1.075
0.2
0.916
0.173
0.215
1.164
0.058
0.888
0.093
0.069
0.026
0.041
0.751
0.038
0.036
0.586
0.067
0.074
0.515
0.763
0.254
0.548
0.732
0.593
1.054
0.699
0.599
1.628
0.049
2.035
0.942
0.032
0.631
1.032
0.725
0.801
1.226
1.086
0.243
2.119
2.036
0.741
0.22
2.152
0.657
0.834
2.087
0.987
0.05
0.066
1.794
1.426
0.016
0.098
0.603
1.085
1.384
1.299
0.807
1.139
0.381
0.516
0.805
1.147
0.359
0.069
0.773
2.528
0.118
0.981
0.121
0.512
0.034
0.693
1.23
0.103
1.119
0.759
1.217
0.144
0.921
0.946
0.49
0.089
0.668
0.554
1.011
0.118
0.698
0.593
1.808
0.643
0.044
0.818
0.67
0.645
0.915
0.52
0.157
0.415
0.485
0.731
0.61
0.238
0.04
1.193
3.35
0.111
0.014
2.507
0.046
0.639
1.855
0.35
1.876
0.109
1.0
0.036
0.063
0.108
0.592
0.1
0.052
0.812
0.05
0.05
0.404
0.613
0.812
1.001
1.053
0.739
1.387
0.031
1.607
0.066
0.159
0.842
0.068
0.444
0.119
0.986
0.054
0.654
1.01
1.984
0.871
0.702
0.033
1.416
4.49
0.591
0.721
0.913
0.565
0.035
0.562
1.639
0.078
0.057
0.841
0.668
0.744
1.801
2.345
0.754
0.816
0.353
0.969
0.871
0.306
0.717
0.05
1.03
0.054
1.766
1.038
0.703
0.995
0.253
0.086
0.23
0.97
0.578
0.567
2.235
3.205
0.155
0.833
0.589
0.073
0.147
0.036
0.687
1.096
0.123
0.894
1.028
0.849
0.036
0.78
0.603
1.044
0.826
0.153
0.91
0.857
0.135
0.032
0.521
0.239
0.061
0.2
1.6
0.533
3.003
1.744
2.005
0.833
0.241
0.859
0.036
1.199
0.143
0.933
1.203
0.505
1.573
1.955
0.04
0.105
3.287
0.039
1.125
0.721
1.03
0.274
0.957
0.77
1.037
1.678
0.823
0.121
0.038
0.861
4.001
0.806
0.094
0.664
0.778
1.025
0.093
0.076
1.369
0.719
0.795
0.899
0.102
0.473
0.275
0.724
2.218
0.094
0.271
2.58
0.098
0.041
0.875
0.07
0.011
0.941
1.116
0.287
0.046
1.034
0.039
2.293
1.809
1.245
0.173
0.1
0.707
1.186
1.179
0.101
0.018
0.065
1.162
0.134
0.339
0.171
0.119
1.017
0.414
1.154
0.624
1.352
2.09
0.163
0.572
0.152
0.129
0.702
1.346
0.072
1.167
0.232
1.965
3.126
0.585
0.108
1.569
0.147
0.082
0.341
3.302
0.947
0.124
0.052
0.549
0.123
1.006
0.165
0.776
0.648
0.055
0.035
0.144
0.662
0.135
0.023
0.057
0.189
0.211
0.144
1.096
0.607
0.812
0.015
0.682
0.025
1.008
0.994
0.212
0.657
1.087
0.058
0.03
0.094
0.024
0.81
1.424
2.605
0.756
0.531
0.175
0.239
3.174
0.51
1.72
0.138
1.51
0.718
1.051
1.99
0.654
0.158
0.049
2.263
1.307
0.2
0.608
0.084
0.883
0.705
2.919
0.072
0.521
0.159
0.046
0.436
0.802
1.466
0.903
0.04
0.939
0.075
0.045
0.07
0.224
0.803
1.162
1.219
0.837
0.825
0.642
2.521
0.718
0.042
1.164
0.527
0.98
0.798
0.247
1.184
1.805
0.842
0.111
4.504
1.062
0.104
0.108
0.547
1.724
0.79
0.064
0.604
1.311
0.306
0.112
0.247
0.073
0.368
0.149
1.27
1.033
0.319
1.016
1.128
1.567
0.813
0.632
0.779
1.143
0.58
5.18
0.303
0.494
3.194
0.897
0.027
0.033
0.659
1.784
1.02
1.233
0.87
0.059
0.406
0.022
1.939
0.352
1.621
1.209
0.918
1.574
0.648
0.961
0.856
0.029
1.632
3.3
2.552
0.883
0.244
1.169
0.618
0.048
0.024
1.513
0.528
1.147
2.301
0.067
0.625
0.661
2.249
0.441
0.846
0.075
0.167
0.11
0.066
0.769
0.285
1.171
0.656
0.815
0.861
1.027
0.612
0.074
0.121
0.68
0.916
1.025
0.016
0.579
1.484
0.306
2.85
0.87
0.029
0.855
0.041
0.026
0.642
1.363
1.024
0.825
1.917
1.172
0.61
0.137
0.748
0.083
0.83
0.062
2.235
0.062
0.021
1.496
1.31
0.697
0.121
0.081
0.1
0.759
0.723
1.936
0.042
0.018
1.404
1.449
0.132
0.783
0.088
1.132
1.53
0.753
0.707
0.81
0.595
1.307
0.369
0.807
0.074
2.057
0.089
1.569
0.079
0.874
2.955
0.516
0.264
0.142
1.722
2.835
0.643
0.048
1.725
1.586
0.107
0.754
0.926
0.462
1.441
0.124
0.859
0.223
0.763
0.621
0.907
0.08
1.498
0.228
1.397
0.776
0.32
0.103
0.097
1.161
1.246
0.561
0.819
1.778
0.293
0.028
0.057
0.943
0.12
0.738
0.713
0.733
0.995
3.863
0.079
0.223
3.442
0.062
1.073
0.673
1.479
0.043
0.106
0.602
0.827
0.691
0.944
1.762
0.87
1.381
0.249
0.085
0.062
1.688
0.271
1.026
0.154
0.198
0.567
0.583
2.105
1.209
0.246
0.286
0.067
0.836
0.583
1.956
0.641
0.154
1.78
0.674
0.726
0.747
0.634
0.276
0.788
0.044
1.403
0.068
0.049
0.058
0.037
0.726
0.057
0.886
1.232
1.616
1.216
0.994
0.085
0.209
2.269
0.291
0.159
0.074
0.249
1.137
0.659
0.089
1.19
0.626
0.788
0.772
1.252
0.702
2.546
1.152
0.706
0.046
2.903
0.034
1.146
0.194
0.774
0.194
0.921
0.082
1.037
0.66
1.206
0.743
0.023
1.24
0.057
1.125
0.125
0.356
0.358
0.069
2.103
0.678
0.87
0.704
0.937
0.669
0.715
1.081
1.158
0.728
1.269
0.068
0.039
0.967
0.937
0.211
0.04
0.734
0.011
2.085
0.619
0.656
0.756
0.025
0.146
0.538
0.726
0.066
1.206
0.207
2.268
0.13
1.027
0.095
1.264
1.288
0.063
0.097
1.514
0.063
0.52
0.036
1.371
2.524
0.419
0.083
0.085
0.469
0.104
0.312
1.777
0.16
0.079
1.134
1.579
0.025
0.481
0.467
0.118
0.866
1.349
1.047
0.46
0.056
4.011
0.842
1.753
1.466
0.809
2.385
1.092
0.392
1.007
0.149
3.539
0.649
0.953
0.831
0.886
1.296
0.777
1.119
0.761
1.671
0.048
1.773
1.349
0.045
0.274
1.131
0.236
0.083
0.871
0.562
0.988
0.798
1.566
0.098
2.181
0.788
0.613
0.821
0.738
0.586
1.121
0.02
1.614
0.872
1.349
0.468
1.629
2.951
0.657
0.047
1.939
0.051
1.502
1.088
0.503
1.461
0.098
0.612
0.823
0.642
0.639
0.091
0.145
0.445
1.17
0.069
0.907
0.529
0.218
0.126
0.765
0.17
0.028
0.727
0.06
0.479
0.26
0.95
0.076
0.186
1.487
0.718
1.94
2.291
1.323
0.018
0.796
2.158
1.305
1.911
1.641
1.149
0.082
0.448
0.728
1.371
1.873
0.255
3.243
0.533
0.757
0.031
1.431
1.251
0.138
0.131
0.277
0.039
0.22
3.013
0.027
1.092
2.052
0.516
0.668
1.484
1.627
0.188
0.082
1.071
0.531
0.609
1.157
1.19
0.649
0.548
0.726
0.225
0.051
0.729
1.312
0.787
3.517
0.169
0.592
0.025
1.519
0.012
1.276
0.022
0.534
0.023
1.003
1.245
0.034
0.811
0.57
0.164
0.21
1.097
0.84
0.128
0.17
0.04
0.821
2.309
1.167
0.152
0.086
2.647
0.995
0.776
0.94
0.826
2.473
0.34
1.042
0.045
0.881
1.56
0.806
1.305
0.977
1.432
0.766
0.043
0.909
0.106
0.102
0.527
0.659
0.804
0.056
0.985
0.028
0.756
0.088
1.15
0.129
0.074
0.026
1.243
0.055
1.089
1.672
0.087
0.131
1.147
0.943
2.558
1.835
0.643
0.83
0.821
1.879
0.795
0.62
1.532
0.038
0.847
1.324
0.482
0.323
0.092
1.078
0.09
1.772
0.012
0.588
1.607
3.26
1.337
0.509
1.465
0.707
0.055
1.084
0.175
0.201
0.036
2.19
0.125
2.667
0.122
0.679
2.984
0.733
0.697
0.727
1.684
1.363
0.042
0.061
0.618
0.781
2.029
0.74
1.889
0.628
0.074
0.06
0.993
0.092
0.368
1.988
1.328
0.367
0.603
0.027
1.184
0.743
0.051
1.675
0.198
0.186
0.788
0.845
0.144
0.034
1.026
1.729
1.679
0.812
0.021
1.092
0.573
0.672
0.124
2.175
0.104
1.129
0.65
0.309
1.034
0.096
0.194
0.754
1.397
0.045
0.056
0.754
0.021
0.139
0.272
1.065
0.022
0.663
0.044
0.777
0.462
0.16
1.157
0.786
1.004
0.739
0.03
0.079
0.87
0.821
2.048
0.163
0.639
2.049
0.052
0.403
0.08
0.406
0.637
0.042
0.814
0.078
0.025
0.215
0.234
0.125
0.04
1.832
0.101
0.651
0.055
1.282
0.823
0.799
0.962
0.025
0.082
0.185
0.742
0.062
1.21
0.599
0.108
0.016
1.009
1.082
0.406
0.546
0.104
0.015
0.956
1.619
0.036
0.031
0.019
1.35
2.209
1.283
0.831
1.016
0.729
0.029
1.582
0.18
0.799
0.123
1.075
0.075
0.053
1.881
0.782
1.5
0.245
0.713
0.494
0.157
0.576
1.08
0.036
0.354
0.377
0.059
0.155
0.173
0.443
0.589
0.052
1.483
1.051
0.105
1.263
0.246
0.623
1.767
0.067
0.045
0.192
0.701
0.05
0.433
0.719
0.863
0.053
0.755
3.768
0.064
1.706
0.066
0.701
0.025
0.249
0.121
0.85
2.055
1.037
0.693
0.545
1.925
0.034
0.783
1.796
0.682
0.639
0.067
0.929
1.771
0.034
0.14
1.069
0.1
0.125
0.562
0.013
0.429
0.12
0.185
0.585
0.246
1.036
0.091
0.633
1.327
3.049
0.644
0.685
0.338
0.691
0.29
0.672
0.019
1.358
0.674
2.404
0.021
0.894
0.202
0.816
2.528
0.594
0.096
0.083
0.136
2.172
0.318
0.049
0.521
0.043
0.938
0.03
0.236
0.583
0.839
0.037
0.726
0.193
0.589
0.298
2.24
0.488
0.868
0.063
0.947
0.079
2.71
1.328
0.593
0.613
0.601
0.705
0.648
0.907
0.7
0.186
0.86
1.291
0.726
0.708
0.298
0.835
0.044
0.064
0.91
0.665
2.219
1.265
0.105
0.747
0.205
1.204
0.032
0.038
0.779
3.833
0.098
1.216
0.923
0.663
0.685
1.072
2.448
0.216
1.338
0.674
0.703
0.734
0.089
1.464
0.738
1.47
0.082
1.187
1.793
0.056
0.799
0.598
2.088
0.181
0.639
0.667
1.231
1.076
0.735
0.942
0.148
0.991
2.397
0.014
0.259
0.693
0.881
1.415
1.879
0.101
1.733
0.05
0.674
1.633
1.117
5.036
0.05
1.947
0.659
0.086
0.074
0.929
0.053
0.05
2.121
0.705
0.32
0.76
0.08
0.735
0.047
0.667
0.03
1.213
0.563
0.253
0.74
0.854
0.041
0.149
0.021
0.272
1.49
1.614
0.623
0.152
1.176
0.136
1.208
1.16
0.033
0.89
0.067
1.696
0.882
0.634
1.216
0.828
0.067
0.84
0.123
0.852
0.809
0.035
0.73
0.106
0.076
0.138
1.334
0.683
0.692
0.844
0.029
0.377
0.022
0.565
0.653
0.718
0.621
0.335
0.899
1.61
1.173
0.784
0.883
1.63
0.08
0.032
0.252
3.111
1.642
0.056
0.081
0.871
1.181
1.093
0.1
0.533
0.261
1.62
1.736
0.362
0.679
0.55
1.688
0.046
1.385
3.107
0.055
0.62
0.183
0.52
0.04
1.104
0.772
0.187
0.566
1.014
0.582
1.249
0.391
0.994
0.112
1.81
0.594
1.567
0.017
0.274
0.882
0.031
0.033
0.035
0.053
0.792
0.641
1.161
0.535
0.074
0.413
0.171
2.505
0.17
1.834
0.767
0.143
0.502
0.633
0.054
0.653
1.115
0.641
0.507
0.055
0.659
1.595
0.684
0.051
0.792
0.854
0.821
0.73
0.093
1.0
1.541
0.17
0.329
0.182
0.706
0.536
1.65
0.716
0.81
0.028
1.834
0.132
3.158
0.014
0.767
0.112
0.1
0.099
0.162
0.028
1.479
0.055
0.846
0.793
0.099
0.883
0.833
1.073
0.552
3.085
1.479
1.363
0.058
0.826
0.565
0.926
0.593
0.437
0.238
0.051
0.68
0.048
0.038
1.867
0.562
1.404
0.238
2.191
0.069
0.954
0.444
0.094
0.03
0.819
0.733
1.25
0.058
0.283
0.05
0.612
0.131
0.397
0.978
1.698
1.536
0.197
0.068
0.616
2.581
0.157
0.728
0.024
0.938
0.04
0.204
1.734
0.092
0.109
0.046
0.185
0.996
0.279
0.066
2.032
0.154
0.021
0.142
0.043
0.885
0.932
0.193
3.962
0.252
0.991
0.887
0.08
2.043
0.815
0.061
0.188
0.661
0.042
0.187
0.054
1.498
0.18
2.137
0.753
3.543
0.104
0.088
0.883
0.048
0.359
0.125
0.183
0.013
0.091
1.199
0.163
0.819
0.865
1.854
0.695
1.621
0.816
2.024
0.064
0.031
0.077
0.09
2.142
4.271
0.838
1.37
0.335
0.047
0.942
0.876
0.147
0.888
0.404
0.058
0.059
0.194
0.023
0.773
0.046
0.393
0.79
1.612
0.173
1.53
0.858
0.605
1.741
0.078
2.438
3.287
0.796
0.796
1.218
1.013
3.762
2.707
1.778
0.074
0.051
0.042
0.19
0.021
1.789
0.071
0.339
0.066
0.052
0.057
0.379
3.421
0.637
2.339
0.601
0.026
1.985
0.374
1.406
0.052
1.786
0.996
0.615
0.692
0.608
0.157
1.468
0.83
0.034
0.051
0.805
1.235
0.05
0.338
0.026
0.216
0.144
0.031
0.079
2.545
0.199
1.1
0.668
0.046
0.048
0.206
0.65
0.226
0.056
0.363
0.251
0.021
1.092
0.783
0.585
0.946
1.277
0.082
1.947
0.065
0.12
0.615
1.498
0.72
0.616
0.025
0.498
0.804
0.084
2.328
0.095
0.905
1.356
0.936
4.219
0.436
0.141
0.59
0.056
0.162
0.92
0.102
0.047
1.848
0.07
4.191
0.735
0.064
0.083
1.001
0.593
1.348
1.182
0.308
0.773
0.771
0.042
0.083
0.9
0.05
0.097
0.087
0.695
1.047
0.083
0.214
0.049
0.421
0.767
0.214
1.661
0.294
1.595
0.727
1.262
0.082
0.371
0.681
2.027
0.593
0.068
0.601
1.992
0.16
0.831
0.874
0.556
0.055
0.054
0.756
0.72
0.839
2.023
0.694
0.453
2.288
0.046
0.744
0.035
0.095
0.603
2.034
0.162
0.757
0.053
1.785
1.024
0.603
0.825
2.405
1.3
0.224
1.26
0.998
0.293
0.091
1.963
0.241
0.746
0.75
0.858
0.266
0.747
0.896
0.035
0.681
1.139
0.831
0.331
0.925
0.714
0.206
0.089
0.029
0.426
0.202
0.821
1.037
1.11
2.366
0.103
0.033
0.762
1.378
0.652
0.963
0.72
0.098
1.056
0.064
0.041
0.768
1.486
0.895
1.194
2.065
0.686
2.078
0.622
0.955
1.494
0.8
0.105
2.302
0.635
0.009
1.419
0.047
1.056
1.349
0.042
0.478
1.583
0.772
1.423
0.158
0.189
0.779
0.539
0.035
1.313
0.044
0.124
1.604
0.766
0.847
1.321
1.423
0.973
3.743
0.911
0.391
0.451
0.389
0.97
0.041
0.665
0.653
0.416
5.341
0.154
0.051
1.041
0.632
1.062
1.415
0.605
0.913
0.012
0.199
2.033
1.194
0.174
1.053
0.032
2.86
0.852
0.415
1.077
1.714
0.345
0.547
1.006
0.863
1.619
0.814
0.756
0.121
0.154
0.193
0.304
0.895
0.708
0.318
0.543
0.747
1.131
0.719
0.575
1.144
0.377
0.662
1.247
0.967
1.171
1.367
2.013
0.711
1.076
2.211
1.58
1.349
0.19
0.138
0.606
0.095
1.585
0.453
0.188
0.226
1.19
0.124
0.722
0.671
0.912
0.632
0.751
0.972
0.142
0.042
0.129
0.22
0.934
0.573
0.907
0.763
1.652
0.76
2.704
0.039
1.534
0.061
0.044
0.034
0.695
0.771
0.762
0.688
0.266
0.16
3.36
0.732
0.088
0.713
0.619
0.777
1.005
0.578
0.952
0.035
0.651
0.686
0.229
0.856
0.11
0.799
2.532
0.041
2.247
0.648
0.749
0.066
1.307
0.048
0.134
0.749
0.762
0.384
0.608
0.026
0.706
2.562
0.587
0.071
0.206
0.932
0.051
0.779
0.827
0.051
0.034
0.862
0.59
0.703
0.101
0.171
0.105
1.444
2.787
0.767
0.911
1.341
2.085
2.612
0.037
1.114
1.928
0.937
0.1
0.061
0.285
1.379
0.589
1.087
2.619
0.05
0.184
0.173
1.095
0.844
0.027
0.274
0.764
0.04
0.618
0.374
0.201
1.785
0.751
0.765
0.475
0.045
0.746
0.072
0.514
0.518
1.154
0.074
0.662
2.322
0.89
0.065
1.039
2.301
0.865
2.546
0.196
1.665
0.585
0.941
0.038
1.274
0.721
1.575
0.037
0.023
1.625
1.46
0.316
0.13
2.542
2.83
0.082
0.68
0.591
0.768
0.277
2.175
0.724
1.16
1.249
1.799
3.082
3.002
1.204
0.139
0.236
0.045
0.837
1.457
0.926
0.144
0.319
0.753
0.6
0.617
0.295
0.989
0.187
0.961
0.083
0.352
0.61
0.259
0.671
0.041
0.085
0.046
0.867
0.088
0.269
2.477
0.062
0.597
0.681
0.609
1.092
0.888
1.484
0.886
0.586
0.803
1.942
0.027
0.033
0.616
0.822
0.023
0.653
0.87
0.013
0.917
0.083
0.467
2.853
0.353
0.606
1.278
0.5
0.817
0.657
0.606
1.342
0.04
0.106
0.181
0.276
1.556
0.127
0.859
0.03
2.918
0.168
4.002
0.061
0.886
0.033
0.765
0.976
1.074
0.056
2.377
2.132
0.087
0.753
0.59
1.492
0.3
0.578
2.859
0.62
0.05
1.283
0.233
0.069
0.806
1.167
0.077
0.097
3.157
0.711
1.039
0.663
0.309
1.193
0.6
0.046
0.798
1.682
0.572
0.298
0.262
0.23
0.096
0.627
0.204
0.908
0.707
0.985
0.933
0.929
0.645
0.068
0.106
0.218
0.176
0.605
0.042
0.034
3.072
0.667
0.926
0.444
0.061
0.25
0.931
1.993
0.052
1.201
0.836
0.062
1.565
0.762
2.217
0.786
1.003
0.555
1.338
0.097
0.963
0.065
0.687
0.896
0.119
1.175
0.837
0.953
1.377
1.585
3.258
1.833
0.597
2.129
0.059
1.782
0.2
1.493
0.798
0.919
1.17
0.782
1.283
2.247
0.544
1.798
1.24
0.406
0.558
0.031
0.673
1.196
0.027
0.177
0.888
0.106
0.024
0.516
0.032
0.17
1.53
0.16
0.551
0.287
0.147
0.658
0.86
0.571
0.587
0.307
0.08
0.83
0.2
0.033
0.231
0.077
1.107
0.054
0.042
0.071
1.919
0.537
0.47
0.771
0.09
0.838
0.697
0.188
0.079
0.132
1.393
0.465
0.039
0.846
0.099
2.774
0.041
3.262
0.041
0.411
0.043
1.074
1.003
1.612
0.709
0.027
0.296
0.703
1.934
0.775
0.217
1.311
0.706
0.779
0.686
1.544
1.654
0.778
0.044
0.055
0.958
0.109
0.217
0.284
0.574
0.801
1.102
1.409
0.921
0.624
0.2
0.184
1.131
0.752
0.614
0.772
0.06
0.211
0.275
0.069
0.065
0.51
0.659
0.034
1.943
0.074
0.621
0.609
1.151
0.605
0.091
1.148
1.228
0.038
0.293
0.315
0.626
0.876
0.082
1.148
1.626
0.084
0.105
0.424
0.632
0.29
0.032
0.062
0.201
0.727
3.316
0.813
0.737
0.016
0.07
0.06
0.031
1.327
2.333
0.066
0.041
1.53
0.697
0.117
0.609
0.91
0.455
0.03
0.265
0.736
0.25
1.219
0.667
0.271
1.168
1.289
0.493
0.893
0.575
0.295
0.721
0.544
0.413
0.041
0.097
0.077
0.841
2.719
0.676
0.212
1.019
1.008
0.911
2.384
2.408
0.3
0.994
1.603
0.765
0.031
0.173
0.498
0.633
0.789
0.073
0.567
2.485
0.058
1.176
1.502
1.537
0.66
2.245
0.915
2.246
0.642
0.127
0.144
1.676
1.069
0.072
1.708
0.213
0.026
0.796
3.383
1.053
1.31
0.031
0.763
0.698
0.947
0.647
0.2
0.93
0.041
0.562
0.73
0.522
1.379
0.352
0.056
0.659
1.15
1.138
0.072
0.043
0.038
0.167
0.524
1.029
0.488
0.775
1.694
0.113
0.277
0.667
0.672
0.026
0.068
0.998
0.893
0.324
1.589
1.069
0.177
0.052
0.039
0.027
0.716
1.597
0.554
0.957
2.318
0.617
0.021
1.941
0.567
0.877
0.024
0.909
1.063
0.042
0.735
1.169
1.71
0.591
0.287
1.069
0.813
2.367
0.869
0.035
0.708
0.272
0.971
0.54
2.763
0.795
0.098
0.76
0.446
0.162
1.114
0.621
1.052
0.177
0.608
0.542
0.861
0.145
0.198
1.054
0.03
0.148
0.883
0.449
1.999
0.619
0.048
0.7
0.067
5.023
0.582
0.082
3.304
2.442
0.117
0.424
0.902
0.052
0.066
1.1
0.055
0.945
1.318
1.319
1.774
1.109
0.049
0.396
1.539
0.044
0.719
0.223
0.546
1.127
0.596
0.211
0.289
1.067
1.621
2.048
0.046
0.306
0.644
0.526
0.961
0.062
0.971
0.258
0.678
0.147
0.863
1.725
2.256
0.293
1.049
0.022
0.022
0.55
1.054
0.047
0.12
0.058
1.642
0.648
1.012
0.742
0.993
0.729
1.071
0.162
0.213
0.528
0.106
1.024
0.743
0.386
0.677
0.9
0.791
0.019
1.719
0.031
0.648
0.631
0.037
0.324
1.485
0.111
0.195
1.565
0.057
0.095
0.852
0.019
2.239
0.62
0.094
0.84
1.385
0.089
0.072
0.036
0.108
0.657
0.036
0.644
1.303
0.742
1.683
0.67
0.924
0.997
0.499
0.846
0.242
1.207
1.899
0.889
1.371
2.091
0.254
0.742
0.522
0.049
0.06
0.19
0.659
0.879
2.707
0.573
0.065
0.161
1.055
0.28
0.926
0.817
0.35
1.126
0.032
0.367
0.938
0.155
0.155
0.735
0.499
0.033
0.231
0.032
0.096
1.153
0.952
0.063
0.563
0.737
1.322
1.345
0.236
0.667
3.719
0.147
1.524
0.751
0.615
0.128
2.494
1.226
0.248
1.062
0.397
0.621
0.205
1.448
0.062
4.905
0.603
0.229
0.021
0.047
0.302
0.244
1.035
0.958
1.437
1.814
1.247
1.532
0.742
2.095
0.116
0.098
1.401
1.353
0.101
0.468
0.074
0.18
0.725
1.044
1.063
0.075
0.102
0.881
0.071
0.751
1.533
0.559
1.099
2.525
0.708
0.079
1.086
0.111
2.508
0.087
0.626
0.856
0.261
0.632
1.871
0.293
1.365
0.635
0.08
1.592
0.798
2.296
0.536
1.791
0.037
0.811
2.16
0.902
0.026
0.008
1.414
0.094
0.053
2.469
0.223
1.856
0.056
0.643
0.079
0.145
0.065
0.215
0.72
0.521
0.617
0.23
0.065
0.656
0.999
1.047
0.773
1.263
0.14
0.626
0.622
0.654
1.212
0.151
0.681
0.653
0.733
0.061
0.141
0.062
0.715
0.026
0.636
0.489
0.775
3.6
1.8
1.317
3.085
0.193
0.614
0.068
1.271
2.491
0.549
0.903
1.631
4.349
0.124
0.641
0.076
0.296
1.058
0.556
0.826
1.652
0.082
2.777
0.612
0.036
1.887
0.946
1.207
0.133
0.319
0.792
1.337
0.132
0.761
0.14
0.424
0.105
0.404
0.84
2.489
0.076
0.158
0.12
1.818
0.9
0.209
0.61
1.645
1.214
1.533
0.85
0.819
0.984
0.432
0.118
0.045
1.645
3.203
0.111
1.136
0.533
1.742
3.423
1.381
0.094
0.573
0.824
0.179
0.622
2.699
2.949
0.084
0.941
0.656
0.147
0.016
0.049
0.618
0.457
0.86
0.037
0.586
0.898
0.129
2.075
0.036
0.204
0.037
0.318
2.241
1.112
1.899
0.821
0.818
2.523
0.948
0.769
1.01
0.795
0.02
0.883
0.096
0.918
0.015
0.791
0.638
0.053
0.053
0.026
0.913
0.731
0.047
1.679
0.548
1.393
0.122
0.908
2.217
0.683
1.402
0.177
3.325
0.542
0.039
1.385
1.323
0.559
0.038
1.737
0.769
0.646
0.077
0.545
0.873
1.004
0.717
1.047
0.962
1.429
0.201
1.281
1.195
0.474
0.079
1.461
0.356
0.777
0.088
0.922
1.548
0.871
0.3
0.556
0.151
0.737
1.001
1.086
2.1
0.212
1.896
0.968
0.954
0.228
0.036
0.699
0.564
0.146
0.084
1.247
1.831
0.845
0.768
1.526
0.855
0.031
1.199
0.3
0.591
1.724
4.464
0.13
1.76
0.632
0.057
1.084
1.977
1.015
0.61
0.854
0.078
0.42
0.685
0.111
1.547
1.234
1.51
1.962
0.057
0.905
0.07
0.029
0.287
0.54
0.086
0.532
0.136
0.777
0.848
0.562
0.631
0.611
1.22
0.976
0.211
0.823
0.564
0.029
1.166
1.135
0.737
1.156
0.685
0.047
0.024
0.061
0.729
1.121
0.023
0.558
1.059
0.025
1.071
0.998
0.262
0.935
0.16
0.777
0.811
1.019
0.039
0.537
0.159
0.804
0.218
0.037
0.828
1.23
1.361
0.731
1.057
0.644
1.04
1.011
1.226
0.931
0.027
1.73
0.708
0.08
0.013
0.713
0.367
1.277
0.059
1.393
2.684
0.682
1.003
1.695
0.302
3.783
0.054
1.466
0.381
1.503
1.309
1.435
1.821
1.135
0.628
1.37
0.121
0.697
1.861
0.045
0.714
0.034
0.675
0.055
0.727
0.036
1.078
0.315
1.983
0.624
0.976
0.462
1.277
0.137
0.167
0.089
2.641
0.849
0.864
1.034
1.54
0.242
0.596
0.135
0.831
0.875
2.4
0.119
0.608
0.531
2.304
0.572
1.577
0.501
0.911
0.347
0.357
0.736
0.508
0.051
1.722
0.049
0.641
2.092
0.128
0.626
0.334
0.188
0.663
1.202
1.645
0.363
0.685
0.041
0.685
0.181
1.031
0.055
0.856
1.37
0.181
0.571
0.738
0.064
0.615
0.878
0.278
0.715
0.967
0.027
0.645
0.847
0.531
0.726
3.016
1.795
0.015
0.116
0.115
0.789
0.145
0.992
2.237
1.028
0.228
0.52
2.619
0.055
0.717
1.574
2.093
0.243
0.886
0.828
2.583
0.68
0.039
0.063
0.053
1.753
0.591
2.279
0.235
0.852
0.609
0.15
0.159
0.718
0.712
0.092
0.175
1.427
0.796
0.358
0.698
0.075
0.786
2.212
1.176
0.118
0.125
0.82
0.059
2.635
0.879
1.329
0.848
0.33
0.084
1.268
0.669
1.13
0.688
1.457
1.684
2.872
0.906
0.44
0.62
1.28
0.556
0.605
0.113
0.743
0.029
0.674
0.045
0.053
0.272
1.239
0.835
0.788
1.071
0.524
1.668
1.16
2.217
1.221
0.678
1.536
0.174
0.024
0.03
1.487
1.507
0.811
1.231
1.053
0.05
0.809
0.81
0.148
1.562
0.657
0.444
0.075
0.981
1.459
0.215
0.876
0.088
0.897
1.596
0.127
0.057
0.583
0.925
0.034
0.07
1.198
2.387
1.208
1.145
0.083
0.675
0.5
0.4
0.674
0.035
0.693
1.105
0.421
0.971
0.081
0.58
0.712
1.861
1.903
0.75
0.75
0.17
0.183
0.76
0.119
2.945
0.644
0.057
0.571
2.019
0.944
0.549
0.448
0.588
0.786
0.865
0.051
0.05
1.547
1.586
1.967
1.989
0.71
1.11
0.729
0.066
0.075
0.673
1.17
2.19
0.079
0.037
0.131
3.435
0.979
0.424
0.05
0.103
1.474
1.301
0.569
0.038
0.075
0.086
1.039
1.114
0.77
1.003
0.991
0.794
0.74
1.084
0.786
2.303
0.639
0.729
0.697
0.803
0.109
0.97
0.687
0.834
0.561
0.311
0.14
0.864
0.67
0.064
0.059
0.625
0.485
0.062
0.496
1.164
0.903
0.758
1.427
0.767
0.652
1.089
0.101
0.055
0.379
0.048
0.056
0.25
2.717
1.422
0.182
0.121
0.061
0.082
0.037
0.155
1.149
0.582
0.86
0.063
0.07
0.971
0.028
0.9
1.228
0.34
2.329
0.831
0.082
0.791
0.686
0.629
2.233
0.652
0.24
0.221
1.46
0.339
1.12
2.224
0.433
0.656
0.076
0.09
2.742
0.666
0.186
1.103
0.124
0.041
1.039
0.324
0.896
0.647
0.378
0.742
0.064
0.667
0.607
0.027
0.766
0.023
0.19
0.355
1.571
0.914
0.021
0.526
0.405
2.228
0.546
0.08
0.463
2.694
0.553
0.176
1.456
0.024
1.331
4.464
1.19
2.494
0.72
0.348
0.647
0.118
1.358
1.318
0.803
0.072
0.995
1.662
0.093
0.302
0.272
0.725
1.442
0.13
0.184
0.905
0.48
3.363
0.091
0.687
1.173
0.734
1.032
0.094
1.68
0.027
1.134
1.002
0.259
0.107
0.614
0.065
1.093
0.043
1.259
1.155
0.026
0.497
0.732
1.826
0.036
1.415
0.653
2.498
0.953
0.05
1.012
0.309
0.923
0.317
0.278
0.621
0.713
0.129
2.482
1.468
0.204
0.157
1.474
0.971
1.242
2.585
0.028
0.115
0.596
0.497
0.739
0.16
0.335
0.262
3.568
0.021
0.731
0.043
0.1
0.109
2.783
0.045
1.102
0.072
0.116
1.484
0.116
0.714
0.033
0.057
1.149
0.091
0.866
2.867
0.685
0.33
0.063
0.047
0.086
0.613
0.78
1.179
1.043
0.608
0.02
1.077
1.372
1.298
0.127
0.67
1.231
1.435
0.643
0.938
1.414
1.005
0.033
0.657
0.311
0.029
0.628
1.113
0.189
0.022
0.087
3.395
0.168
1.784
0.02
1.169
2.331
3.904
0.206
0.686
0.9
0.688
0.851
0.09
0.652
0.5
0.616
0.762
0.189
1.962
0.674
0.82
0.64
0.067
0.663
0.593
0.727
1.183
1.198
0.042
0.905
1.156
0.653
0.563
0.811
2.814
0.646
0.533
2.908
1.371
0.599
0.129
0.564
0.251
1.083
0.921
2.004
1.093
0.323
0.933
0.052
0.639
0.919
1.888
0.71
0.523
0.771
0.178
1.206
0.163
0.995
0.551
0.727
0.122
0.068
0.508
0.043
0.176
1.818
0.201
0.251
0.662
2.168
3.027
0.591
3.553
2.51
0.563
1.039
1.689
0.057
0.329
0.025
0.067
0.079
0.255
0.098
0.151
0.03
1.027
0.071
1.888
0.145
1.409
2.902
0.142
0.452
0.048
0.027
0.706
0.83
0.833
0.139
0.685
0.309
0.83
0.739
0.641
0.269
0.658
1.442
0.978
2.385
0.522
0.404
1.223
0.83
0.964
0.314
1.028
0.637
0.622
0.055
0.039
0.643
1.779
0.052
0.866
1.746
1.165
0.072
0.233
0.112
1.571
1.946
0.184
0.697
0.797
0.815
0.738
0.701
1.273
0.526
0.827
0.546
0.539
0.197
0.119
0.942
0.058
0.605
0.6
0.077
0.224
2.237
0.066
0.881
0.769
0.106
1.327
0.085
0.027
1.266
0.154
0.029
1.827
0.071
0.646
2.894
0.024
0.793
0.117
0.951
1.77
0.103
2.246
0.777
3.058
5.066
1.379
0.683
0.069
1.403
0.889
0.048
0.059
0.626
2.388
0.041
1.947
0.297
0.619
0.53
0.479
0.425
0.09
1.143
0.735
0.545
1.694
0.388
1.387
0.036
0.184
0.059
3.325
0.793
0.467
0.784
0.48
1.317
0.698
0.097
0.841
0.598
0.349
0.138
0.208
0.024
1.469
0.676
0.031
1.2
0.933
0.15
0.065
0.077
0.047
0.746
0.07
0.834
0.082
0.223
0.952
2.356
1.827
0.126
0.616
0.099
3.336
0.076
1.494
0.068
0.788
0.044
0.585
1.513
2.318
0.634
0.956
0.028
0.018
0.02
1.252
0.112
0.744
1.012
0.069
0.046
0.495
1.592
0.812
0.965
0.509
2.921
0.464
0.288
0.836
2.171
1.325
1.792
1.976
0.351
0.089
1.06
1.586
0.853
0.04
1.179
2.314
0.127
2.089
1.688
0.306
0.122
0.176
0.961
2.118
0.372
1.603
0.75
0.978
2.118
0.739
3.021
0.612
0.055
0.725
0.097
2.154
0.935
3.308
1.083
0.073
0.602
0.031
0.608
0.55
1.515
0.063
0.943
1.722
1.268
0.976
0.126
0.706
1.461
0.148
1.139
0.952
0.781
1.577
0.699
0.732
0.65
0.347
0.765
1.21
1.109
3.26
0.12
0.311
0.467
0.619
0.149
0.056
0.285
0.017
0.32
0.626
0.031
0.382
1.681
0.376
0.252
0.032
0.129
1.537
0.772
0.025
2.039
1.755
0.07
3.09
0.057
0.062
0.065
2.775
0.02
0.229
1.035
1.346
0.683
0.583
0.673
1.574
0.916
0.291
0.697
0.07
0.916
2.565
2.197
1.167
0.933
0.218
0.143
0.121
0.157
0.66
2.527
0.288
0.267
0.72
0.452
1.777
1.067
0.55
1.359
0.615
0.906
0.861
1.838
0.066
1.344
0.045
0.124
1.512
0.141
0.733
0.047
0.828
1.079
0.171
0.647
0.304
0.211
0.039
0.323
0.028
0.602
1.438
1.425
0.755
0.542
0.597
1.063
0.061
0.138
0.071
0.735
0.026
0.066
0.623
0.455
0.289
0.095
0.42
0.748
1.137
1.867
0.02
0.052
0.031
0.566
0.113
0.268
0.802
0.886
0.924
0.183
1.519
0.771
0.02
0.652
0.603
0.031
0.037
0.645
0.019
0.568
1.488
0.028
0.649
0.079
0.061
0.143
0.907
0.145
1.27
0.468
0.041
0.183
0.082
0.64
1.021
0.699
0.952
0.083
0.69
1.682
0.084
0.659
0.487
1.169
0.057
2.294
0.267
0.069
1.698
1.49
0.506
0.199
1.858
0.075
1.053
0.182
0.084
0.02
0.907
0.112
0.776
0.563
1.113
0.966
0.226
1.1
2.101
0.139
0.375
0.506
0.036
0.108
0.929
1.477
1.392
1.117
1.167
0.119
3.224
2.332
0.094
0.031
0.542
0.736
0.89
2.178
0.984
0.012
1.433
0.946
1.807
0.196
2.177
0.141
0.924
0.036
0.728
0.153
1.716
0.053
0.186
0.046
1.153
0.972
2.171
0.844
0.69
0.795
0.03
0.035
0.196
1.303
1.377
0.076
0.885
1.09
0.729
0.54
0.66
1.543
0.366
2.0
0.696
0.843
0.203
0.275
0.036
0.017
0.224
0.728
0.916
0.091
0.084
0.671
0.582
0.148
0.114
0.864
0.998
0.176
0.052
0.043
1.255
0.105
0.68
0.014
0.615
0.874
0.97
0.281
0.163
0.203
0.097
1.137
0.069
0.402
0.292
0.035
0.071
0.804
0.306
2.078
1.071
1.137
0.765
0.745
0.176
0.694
1.395
0.963
0.594
0.854
0.363
0.674
1.868
0.118
0.02
0.055
0.321
0.038
2.883
0.035
0.741
0.315
0.617
2.106
0.596
0.846
0.127
0.798
0.22
0.312
0.245
0.07
0.801
0.053
1.464
1.822
0.171
1.032
1.857
1.219
0.713
1.115
0.636
0.686
0.724
1.297
0.795
1.06
0.251
0.07
0.608
1.802
0.655
0.862
1.608
0.175
1.294
0.604
0.152
0.676
0.102
0.761
1.109
0.173
3.113
0.728
2.3
1.125
0.083
0.924
0.882
0.032
0.049
0.884
1.211
0.348
1.106
0.706
1.041
0.664
0.699
0.679
1.311
1.414
0.552
0.979
0.815
1.251
0.552
0.093
0.157
0.029
0.152
0.474
2.703
0.021
1.049
1.074
0.768
2.02
0.6
0.03
0.33
1.147
0.025
0.63
0.159
1.667
0.765
0.516
0.972
0.498
0.07
0.228
0.056
0.631
0.15
2.042
1.213
0.034
0.715
0.193
0.844
0.034
0.615
0.945
0.405
2.299
0.027
0.109
0.077
1.473
0.676
0.622
0.815
0.05
0.021
2.03
0.777
0.566
0.191
1.363
0.067
1.37
0.209
1.492
0.159
0.987
0.229
2.867
0.124
0.81
0.742
0.088
0.026
0.077
1.564
0.725
0.639
0.947
0.56
0.655
0.379
0.029
0.063
0.126
0.647
0.058
0.088
0.113
0.034
0.08
0.832
0.493
0.032
1.732
0.791
2.355
1.719
0.189
1.681
0.152
1.38
1.675
0.152
1.339
0.258
0.5
0.654
1.807
0.015
0.133
0.164
0.25
0.099
2.428
1.095
0.415
0.05
0.063
0.936
0.492
0.604
0.032
0.094
0.717
0.446
1.028
0.087
2.565
1.256
0.581
0.479
0.131
0.832
0.762
0.08
0.821
0.764
0.708
1.359
1.728
0.541
0.315
0.139
0.255
1.137
1.891
0.724
0.092
0.634
0.834
0.859
0.028
0.083
0.091
0.137
0.72
0.061
0.763
0.55
0.732
0.586
1.316
1.253
0.167
0.111
2.316
0.652
1.724
1.854
0.538
1.876
1.085
0.287
0.054
0.865
0.214
0.845
1.59
0.738
2.579
1.622
0.956
0.034
0.379
0.102
0.163
2.833
1.691
3.116
0.087
2.356
1.667
0.384
0.682
0.162
0.167
0.525
0.013
0.202
0.612
0.865
0.385
0.358
0.564
0.326
0.592
0.551
1.421
1.224
1.311
1.267
1.398
1.069
0.273
0.13
0.777
1.62
0.067
0.788
0.067
0.34
0.942
1.067
0.093
0.045
0.059
0.02
0.383
0.059
0.773
0.3
0.79
2.98
0.617
0.929
1.08
0.741
0.749
0.818
2.49
0.043
0.478
0.923
0.83
0.476
2.474
1.129
0.028
0.99
0.424
0.043
0.055
0.043
0.203
2.09
0.106
0.119
1.552
0.061
0.227
0.145
0.28
0.713
0.327
1.155
0.063
2.758
0.086
0.095
0.962
0.2
0.739
1.753
3.264
0.068
0.602
0.045
0.983
0.244
0.053
0.844
3.449
0.356
0.825
0.575
0.136
0.575
0.11
1.021
0.128
0.11
0.946
2.048
0.023
0.082
0.051
0.652
1.365
0.237
0.042
0.743
0.169
1.144
0.698
0.54
1.419
0.828
0.039
1.247
0.308
0.791
0.111
0.638
0.798
1.1
0.064
0.6
1.035
0.568
0.315
0.03
1.009
0.453
0.023
1.432
0.91
0.782
1.007
0.74
0.879
0.084
1.4
1.647
0.465
0.874
0.747
0.022
0.778
1.433
0.796
0.778
0.531
0.926
0.644
0.777
0.588
2.027
0.589
1.013
2.041
0.355
0.581
0.057
0.554
1.348
0.179
3.183
0.09
0.025
0.591
0.025
0.067
0.646
0.949
2.715
1.609
0.614
0.294
0.271
0.623
0.334
0.167
1.264
0.161
0.753
0.05
0.081
0.033
0.579
1.022
0.137
1.804
2.055
0.934
0.392
1.926
0.8
1.268
0.044
0.047
0.761
0.153
0.049
1.043
1.637
0.028
1.992
0.753
0.086
0.025
2.386
0.603
1.222
0.91
0.418
0.081
0.045
0.613
1.367
0.239
0.878
0.162
0.662
0.81
2.126
0.022
1.021
2.384
1.381
0.36
0.401
2.295
0.297
0.076
1.793
0.739
1.464
0.216
0.088
0.047
0.441
0.872
0.108
0.097
0.057
0.19
0.56
1.103
0.273
1.692
0.063
1.184
0.105
0.629
0.706
0.424
0.183
0.362
0.3
0.825
0.071
1.444
0.666
0.595
0.787
0.105
1.75
0.081
0.116
0.14
0.827
0.048
0.255
0.046
0.024
0.29
1.372
0.862
0.077
2.797
0.019
0.629
0.334
0.689
0.149
0.058
0.092
2.153
1.833
0.66
0.044
0.532
0.25
0.196
0.781
1.581
0.588
0.121
1.072
0.329
0.724
1.433
0.644
0.026
0.645
0.045
1.935
0.058
0.059
0.83
0.074
2.87
0.091
0.67
0.082
0.628
0.853
0.134
0.128
1.136
0.813
0.034
0.146
0.574
0.284
0.718
0.955
0.078
0.666
0.102
0.198
0.623
0.93
1.357
1.029
1.428
0.053
0.618
0.264
0.101
0.095
0.914
0.149
0.047
2.228
0.752
0.729
0.575
1.501
1.385
1.996
3.268
0.164
0.592
1.475
1.211
0.093
0.019
0.086
0.645
0.056
0.02
0.019
0.04
0.866
1.151
0.908
0.769
0.443
0.971
0.124
0.168
0.713
0.035
0.819
2.02
0.05
1.159
0.063
0.654
0.771
0.285
0.119
1.863
0.118
0.079
1.539
0.766
1.514
0.531
0.149
0.126
0.965
0.071
0.541
0.26
1.488
2.726
0.269
0.676
0.911
1.777
0.108
0.062
0.026
0.046
0.116
1.121
0.557
1.536
0.633
1.526
0.062
0.049
0.756
0.043
0.289
0.279
1.218
2.169
0.129
1.138
0.04
1.323
4.109
0.642
1.594
0.053
0.735
1.655
0.999
0.114
0.063
0.682
0.074
0.672
0.875
0.803
0.046
2.329
1.479
0.057
0.56
0.748
1.025
0.161
1.091
1.572
1.073
0.052
0.929
0.259
0.796
0.041
1.167
1.358
0.614
0.04
0.539
1.36
0.03
0.107
0.613
0.599
0.868
0.876
0.937
0.917
0.781
0.619
0.597
0.03
0.766
0.057
1.152
0.065
0.826
0.239
0.276
0.129
0.943
3.118
0.097
0.079
0.797
0.119
0.741
0.384
0.809
0.271
0.08
1.033
0.02
0.046
0.036
0.543
0.624
2.984
0.641
0.714
1.313
0.55
1.214
1.342
0.611
0.051
0.06
0.108
0.22
0.031
1.285
0.128
0.484
0.542
0.032
0.107
0.792
0.493
0.544
0.316
0.319
0.859
0.023
0.032
0.079
0.044
1.377
0.035
0.503
0.705
0.071
1.148
0.12
0.836
0.629
0.054
0.955
0.053
0.748
0.112
0.068
0.026
0.524
0.068
0.661
0.097
1.472
0.069
1.62
0.232
0.785
0.076
1.669
0.178
0.512
0.611
0.85
1.321
2.098
0.77
0.178
0.943
0.768
0.229
0.866
0.624
0.078
1.703
0.03
0.521
0.62
0.115
0.173
0.022
0.106
0.075
0.165
0.085
0.848
0.699
1.394
0.637
0.023
2.528
0.229
0.089
0.159
0.016
0.137
0.102
0.799
0.099
1.12
0.043
3.492
0.302
1.079
0.476
0.15
0.029
0.039
2.824
1.516
0.998
3.439
0.324
0.098
1.788
1.075
0.05
2.084
0.682
1.072
1.8
0.692
0.827
0.682
0.138
0.084
0.725
0.743
0.023
0.258
0.174
0.699
0.672
0.125
0.641
0.729
0.028
0.71
0.533
0.635
2.038
0.274
1.336
0.122
0.695
0.798
1.354
0.82
0.292
0.054
0.226
0.313
0.157
0.776
1.743
1.028
0.023
3.276
0.865
0.886
0.049
0.259
0.418
0.785
0.054
2.075
0.728
2.658
0.03
0.626
0.055
0.064
0.642
0.158
0.332
1.597
0.089
0.799
0.49
0.663
2.781
0.046
0.736
0.805
0.247
0.924
0.028
0.049
0.01
0.979
0.919
0.337
1.028
0.027
0.473
0.108
0.906
0.724
0.591
0.055
0.682
0.58
0.246
0.668
0.908
0.027
0.989
1.203
0.894
0.062
1.424
1.479
0.266
0.653
0.517
0.674
1.376
0.047
2.118
0.072
2.277
0.161
0.217
2.044
0.628
0.933
0.848
1.135
1.36
0.431
0.969
0.069
0.049
0.014
0.737
2.961
0.682
1.246
0.215
1.26
0.431
0.138
0.695
1.042
3.448
0.529
2.084
0.092
0.185
0.057
1.174
0.586
0.385
0.628
0.021
0.081
0.843
0.67
0.781
0.901
0.039
0.955
0.16
0.635
0.618
0.101
0.762
0.553
0.062
0.063
3.324
1.52
0.199
0.035
1.324
1.361
1.773
2.654
2.014
1.073
0.814
1.383
1.028
1.346
0.614
0.786
2.229
0.035
0.109
0.07
0.119
0.204
0.768
0.547
0.043
0.158
0.287
0.822
0.034
0.692
0.782
0.677
0.64
0.524
0.09
0.755
1.091
0.031
0.581
0.655
0.574
0.029
0.508
0.412
1.427
1.103
0.872
0.247
0.418
0.644
1.491
0.724
0.627
0.113
0.836
0.103
0.119
0.104
0.115
0.921
2.064
0.052
0.794
0.03
0.032
0.065
0.811
0.298
0.059
0.175
0.063
0.125
0.058
3.686
0.077
0.621
0.102
0.834
1.238
0.018
0.265
0.081
0.642
1.905
1.179
0.38
1.112
3.229
0.634
0.113
1.017
2.374
0.343
0.023
0.866
0.062
0.064
0.906
0.34
1.74
0.343
0.588
0.167
0.499
0.254
0.977
1.662
1.652
1.144
1.904
1.077
0.593
1.429
1.448
0.182
0.336
0.061
1.64
0.157
0.218
1.577
0.503
1.56
1.919
0.168
1.5
0.683
1.907
1.079
0.017
0.104
1.156
3.405
0.061
0.715
0.329
0.591
0.727
0.529
0.602
1.78
0.061
0.917
0.912
1.444
1.477
0.783
0.038
0.044
2.831
0.051
1.272
0.923
0.055
0.679
2.083
0.575
0.215
0.831
0.855
0.248
0.062
0.573
0.031
0.542
0.918
0.215
0.671
0.072
0.863
0.132
0.302
0.035
0.07
0.927
0.075
0.083
0.071
0.879
0.173
2.323
0.024
1.729
1.082
0.132
0.069
0.047
0.594
0.22
0.042
0.141
0.83
0.588
0.143
0.183
0.997
0.033
1.373
1.33
1.045
0.762
0.155
0.066
0.235
0.733
0.916
2.301
0.901
0.923
0.966
0.79
0.039
0.082
0.058
0.201
1.288
0.45
1.351
0.87
1.835
0.737
0.122
0.566
0.422
0.063
0.767
2.283
1.108
2.124
1.256
0.106
0.182
0.29
0.305
0.989
0.087
0.581
1.781
1.462
0.707
0.014
3.364
0.727
0.042
0.579
1.263
0.749
0.2
1.089
0.145
0.642
0.628
2.788
1.562
0.21
1.317
1.382
0.613
2.949
0.607
0.768
0.678
0.042
0.034
0.069
0.075
0.791
0.671
0.032
0.057
1.222
0.675
1.049
2.029
0.032
0.81
0.397
1.116
0.289
0.106
0.76
0.55
0.034
0.785
0.254
0.985
0.182
0.782
0.9
0.635
0.941
0.846
0.137
0.73
1.382
1.799
0.274
0.113
0.324
2.396
1.847
0.883
2.089
0.814
0.038
1.326
0.619
0.97
0.666
0.064
0.021
0.848
3.496
1.118
0.217
0.057
0.058
0.018
0.05
0.04
0.188
0.082
0.815
0.051
2.952
0.803
0.094
0.11
0.094
0.035
0.069
0.17
0.323
0.45
0.373
1.689
0.458
0.18
0.052
0.088
1.189
1.085
1.542
0.127
0.047
1.366
0.673
0.795
1.288
0.03
0.445
0.278
0.73
0.305
0.809
0.214
0.915
0.779
0.468
0.403
1.571
1.014
1.744
0.884
0.635
0.885
0.636
0.852
1.61
0.157
0.636
0.172
0.504
0.493
0.113
3.982
0.768
0.043
2.039
0.147
1.684
0.671
1.597
0.568
0.68
0.296
1.081
0.449
0.052
0.654
0.265
0.063
0.713
1.082
1.215
0.301
0.589
1.525
0.559
0.182
0.556
0.865
0.503
0.61
0.684
0.042
0.242
0.136
1.534
0.203
1.794
0.687
0.187
0.091
1.228
1.489
1.966
0.955
0.217
0.22
0.236
0.779
1.03
0.837
0.104
0.891
0.799
1.749
0.096
1.098
0.044
0.739
0.26
0.063
0.045
0.205
1.027
1.55
0.871
0.892
1.404
3.895
0.251
1.824
0.022
0.127
0.037
0.794
0.018
0.258
0.573
0.589
0.176
0.831
0.049
1.682
0.223
0.851
0.031
0.032
0.887
2.842
0.939
0.832
0.05
0.677
0.724
2.226
0.364
0.624
0.116
1.035
0.037
0.139
1.022
0.72
0.028
1.446
0.048
1.626
0.868
0.061
0.199
1.403
0.7
0.394
0.06
0.245
1.928
0.734
0.641
0.651
1.244
0.664
0.69
0.085
0.068
0.746
1.344
0.095
0.146
0.484
0.257
0.041
0.069
1.149
3.738
0.069
0.13
0.65
2.232
0.028
0.179
0.688
0.053
2.27
0.102
0.563
0.704
0.679
1.125
1.067
1.503
0.845
0.083
0.377
0.021
0.593
0.701
0.732
0.678
0.624
0.211
0.062
1.442
0.725
0.152
0.396
0.146
1.014
0.013
0.559
2.84
0.582
0.576
0.655
2.799
0.184
2.268
0.078
0.043
1.284
0.756
0.136
0.553
0.025
0.64
1.267
0.016
2.129
0.203
0.622
0.156
0.035
0.038
0.111
0.02
0.094
0.274
0.771
2.127
1.586
0.062
0.813
0.639
0.728
1.18
0.63
0.175
2.681
0.743
0.037
0.073
0.244
0.154
0.096
0.996
0.045
0.055
0.066
0.054
0.03
0.224
0.756
1.044
1.127
0.1
0.791
0.052
0.716
0.811
0.69
0.471
1.111
0.85
0.627
0.783
2.848
0.698
0.358
1.466
0.956
1.301
0.312
0.061
0.099
1.103
0.913
0.561
2.837
0.327
0.735
1.017
0.074
1.201
0.702
0.033
0.582
1.096
0.624
1.714
0.016
0.367
0.883
0.092
2.115
1.812
0.025
1.584
0.013
0.07
0.08
0.167
0.925
0.071
0.855
1.27
0.08
0.118
0.185
0.623
0.054
0.113
0.03
1.053
1.229
3.581
0.049
0.245
4.64
0.818
1.928
0.687
0.174
0.237
0.847
0.489
0.273
0.031
0.592
0.639
3.053
0.032
0.188
0.034
1.75
0.509
0.838
0.246
0.026
0.679
0.045
0.358
0.488
1.067
0.164
0.056
1.025
0.027
1.139
0.499
1.935
0.57
0.551
1.179
0.091
0.698
0.657
1.329
0.767
0.071
0.221
0.096
1.604
1.621
0.058
0.02
1.87
0.134
0.641
1.166
0.676
0.557
0.743
1.814
1.275
0.049
0.565
0.52
0.243
0.038
0.922
0.706
0.052
0.195
0.63
2.266
0.906
1.594
0.042
0.669
1.727
0.732
0.485
0.447
1.791
0.606
3.816
0.572
0.052
1.387
0.392
2.803
0.056
0.06
0.757
0.655
1.901
1.222
0.119
0.823
0.145
0.05
3.812
1.154
1.116
0.798
0.076
0.075
0.563
1.729
0.703
1.426
0.061
0.848
0.676
0.086
1.179
0.863
0.694
0.095
1.853
0.736
1.158
1.306
0.066
0.713
1.547
0.072
0.063
0.048
1.695
0.852
0.987
1.425
0.162
0.127
0.078
1.378
0.53
0.581
2.26
0.031
0.844
0.632
0.749
1.253
0.233
1.044
0.188
0.162
0.051
0.257
0.601
0.081
1.097
1.949
0.04
0.667
0.135
3.152
0.291
0.056
0.186
0.738
0.25
0.701
0.663
0.817
1.032
2.341
1.039
1.502
0.097
0.164
0.031
0.784
0.129
0.681
1.382
0.664
0.781
0.12
1.053
0.276
0.712
2.285
0.77
2.654
0.262
0.62
1.601
0.752
0.431
0.649
1.791
0.052
0.552
1.255
0.95
0.828
2.984
2.485
1.942
0.216
0.587
0.633
0.809
0.089
0.817
0.041
0.184
1.494
0.707
0.668
1.222
0.083
0.04
0.895
0.992
1.178
1.039
0.667
0.017
1.483
0.253
0.18
2.75
0.08
0.786
0.087
1.959
1.394
0.055
0.607
1.14
1.676
1.027
1.11
2.299
2.45
0.72
0.641
1.42
0.848
0.036
0.686
0.037
1.198
0.953
0.955
0.386
0.325
0.031
0.774
0.115
0.113
0.756
0.109
0.656
0.636
0.214
0.039
1.27
0.895
0.588
0.865
1.931
0.743
1.907
0.206
0.641
0.663
0.842
1.031
1.551
1.144
0.244
0.118
0.28
0.761
0.167
0.108
0.036
0.071
1.12
0.665
1.484
1.074
0.871
1.024
0.074
0.084
1.66
0.044
1.983
1.231
0.755
0.705
0.047
0.255
1.309
0.674
0.206
2.219
0.722
0.027
0.177
0.622
0.051
0.087
1.45
0.662
0.798
0.174
1.237
0.071
1.762
0.689
0.968
0.551
0.029
3.517
1.098
1.005
0.637
0.432
0.075
0.613
0.881
0.184
2.458
1.488
0.026
0.141
0.932
0.903
1.664
1.317
0.099
1.758
1.345
0.887
0.731
2.384
0.045
0.555
0.203
1.004
0.99
0.726
1.182
1.187
0.581
0.804
0.045
0.703
0.045
0.041
0.64
0.038
0.11
2.398
1.292
1.18
0.142
1.643
0.632
0.397
2.046
0.178
0.622
0.863
1.405
0.122
0.081
0.237
0.851
0.087
0.019
0.587
0.037
0.304
0.337
0.764
0.875
1.207
1.101
0.886
0.7
0.794
2.245
0.239
0.666
0.547
0.967
0.915
0.876
1.483
1.577
1.085
0.069
0.655
1.253
1.033
0.477
0.177
0.04
0.077
0.073
1.058
1.189
0.811
0.873
0.746
0.075
0.054
1.058
0.057
0.126
0.203
0.182
0.818
0.044
2.038
0.035
0.638
0.679
1.101
0.039
1.856
1.449
0.637
0.547
1.832
0.06
1.646
0.98
0.81
0.173
1.641
0.178
0.118
0.557
0.045
1.218
0.849
0.062
1.387
1.072
0.04
0.659
0.075
0.736
0.635
0.052
0.227
1.759
0.853
2.83
1.071
0.049
0.657
0.047
0.713
0.123
1.668
0.062
0.634
0.918
1.968
0.09
0.513
0.398
0.707
0.236
0.184
1.188
1.942
0.029
0.058
0.098
0.086
1.377
0.133
0.307
2.54
0.75
0.506
0.032
0.691
1.285
0.816
1.314
0.544
0.194
0.752
3.824
0.151
0.707
0.091
0.027
0.103
0.941
0.608
1.331
0.092
0.763
0.654
0.223
0.262
1.981
0.621
0.24
0.238
0.11
1.439
0.915
0.161
0.499
0.033
0.986
0.767
0.282
0.066
2.181
0.529
0.815
0.109
0.216
0.053
0.557
0.046
1.027
2.042
1.642
0.035
0.097
0.844
1.385
1.066
1.21
0.141
0.484
0.772
0.056
1.04
0.579
0.94
0.085
0.655
0.176
1.468
1.35
0.97
2.532
0.035
0.133
1.413
0.669
0.713
0.665
0.987
0.795
0.034
0.562
1.037
0.351
2.67
1.185
0.664
0.307
0.633
0.425
0.732
0.011
0.843
0.571
1.118
0.738
0.897
0.752
1.075
0.034
0.668
5.468
0.086
0.032
0.228
2.17
0.919
0.041
1.172
0.781
0.723
1.357
0.695
0.579
0.052
0.772
0.095
0.026
0.635
0.091
0.801
2.134
0.6
1.15
0.214
0.872
0.714
0.75
0.384
0.805
0.102
0.628
1.151
1.6
0.537
0.071
1.454
0.105
3.461
0.615
0.141
0.691
1.171
1.193
0.058
1.94
0.257
0.099
0.393
0.408
0.477
0.924
0.387
0.499
0.232
3.53
0.073
1.945
1.378
2.542
0.868
0.546
0.994
0.892
0.105
1.816
1.655
1.524
0.986
0.067
0.692
0.674
0.693
0.044
0.359
0.081
0.106
2.414
0.022
0.287
1.344
0.793
0.305
0.686
0.429
0.243
1.222
0.772
1.6
0.969
0.993
0.154
0.922
0.244
0.444
0.645
0.072
0.055
0.07
1.904
0.796
0.037
0.614
0.985
0.604
1.295
1.357
1.872
0.875
0.026
0.836
1.131
0.09
0.03
0.893
2.875
0.285
0.064
0.038
0.107
2.318
0.974
1.306
0.722
0.613
0.206
0.056
0.652
0.123
0.902
0.326
0.186
0.661
1.236
0.176
2.68
0.212
0.282
0.913
0.582
1.915
1.297
1.424
1.727
4.639
0.144
0.131
0.133
1.378
2.64
0.036
0.957
2.92
0.108
0.047
1.031
0.502
0.616
0.611
0.876
0.226
1.309
2.334
1.478
0.157
0.126
0.182
0.97
0.676
0.599
3.89
0.886
0.189
1.5
0.187
0.179
0.042
0.093
0.507
2.361
1.036
1.112
0.116
0.149
0.165
0.036
0.6
0.749
1.501
0.739
1.094
0.029
0.12
0.602
0.982
0.72
1.709
0.756
0.642
0.292
0.123
0.387
0.103
0.785
0.191
3.69
0.253
0.036
0.195
0.045
1.342
0.956
0.572
0.329
2.971
1.364
2.433
1.189
0.571
0.865
0.368
0.909
1.358
0.017
0.766
0.725
0.886
1.924
0.977
1.011
0.787
0.185
0.145
0.932
0.949
0.844
1.217
0.927
2.329
0.237
0.586
0.047
0.472
0.451
4.174
0.804
3.341
0.934
0.952
1.793
0.612
0.568
1.86
2.389
1.17
0.523
0.83
0.162
0.329
0.719
1.73
2.795
2.671
0.955
0.078
0.07
0.078
0.158
0.58
0.315
0.65
1.457
1.225
1.416
1.391
0.643
0.014
0.506
0.261
3.079
1.339
0.554
0.644
0.566
1.104
0.658
1.369
1.558
0.941
0.887
0.141
0.981
0.789
2.23
0.76
0.049
0.906
0.055
0.713
0.324
1.954
1.616
0.967
0.781
1.599
0.052
0.091
0.811
0.915
0.256
0.402
0.783
1.158
1.917
0.797
0.538
1.983
0.02
1.116
1.791
0.091
0.14
0.207
1.17
0.997
0.755
1.504
1.262
0.238
1.78
0.139
0.716
0.715
0.037
2.807
0.633
1.529
0.163
1.295
0.497
0.904
0.083
0.805
0.162
0.818
0.022
0.224
0.13
0.7
0.854
0.083
0.427
1.56
1.09
0.379
0.333
0.219
0.17
0.463
1.618
0.892
0.12
1.367
0.153
0.646
1.984
0.251
0.032
0.646
0.229
0.14
0.615
0.723
1.169
0.542
1.749
0.149
0.831
0.586
0.771
0.799
0.826
0.46
0.709
0.854
0.123
1.564
0.064
0.923
0.066
3.272
0.476
0.117
0.772
0.867
1.137
0.662
0.799
0.835
0.51
3.011
0.891
0.645
1.014
0.06
2.405
0.992
0.943
2.081
1.049
3.061
0.162
0.316
0.08
1.27
2.26
1.783
0.587
1.36
0.049
0.622
0.709
1.498
1.703
1.13
0.077
0.052
0.028
0.493
1.165
1.323
0.581
1.854
0.055
0.771
1.432
2.181
0.231
0.159
0.939
0.763
0.206
0.608
0.298
0.089
0.59
0.758
0.466
0.167
1.728
1.241
0.04
1.349
1.99
0.065
0.027
2.288
2.138
0.817
0.104
0.151
0.654
1.645
0.197
0.028
0.698
0.692
1.56
0.308
0.629
0.067
2.227
2.099
0.043
0.088
0.606
0.364
0.65
0.85
0.022
0.053
1.214
0.721
0.632
0.846
0.658
2.334
0.078
1.132
2.904
0.879
0.638
0.518
0.08
0.653
0.648
0.831
0.949
0.889
1.398
0.095
0.102
0.075
0.029
0.176
1.612
2.113
0.867
0.079
0.201
0.536
1.388
0.071
0.074
0.251
1.031
0.666
0.051
0.434
1.177
0.091
0.694
0.167
1.427
0.771
1.426
0.627
0.855
0.122
0.24
1.0
0.537
1.758
0.614
1.578
1.376
0.868
0.32
0.029
1.766
0.084
0.053
2.823
0.291
0.954
2.472
0.15
0.267
0.633
0.539
2.924
1.524
0.596
0.822
0.103
0.082
2.525
0.231
0.625
0.261
1.391
0.119
0.041
0.779
0.733
0.098
0.694
0.12
2.571
0.727
1.484
0.429
0.503
0.572
2.252
0.045
1.508
0.635
1.853
0.322
0.094
1.003
1.077
0.716
1.137
0.587
0.034
1.239
0.79
0.89
0.162
0.807
0.164
0.06
0.248
0.942
0.083
1.179
0.676
0.914
1.847
0.127
0.92
0.27
0.093
0.136
1.815
0.061
2.155
0.641
0.983
0.038
0.222
0.718
1.316
5.348
0.039
1.057
0.054
1.051
1.324
0.067
0.188
1.024
0.682
0.198
0.621
0.102
0.967
0.527
0.398
0.055
0.73
0.269
0.883
1.262
0.774
0.784
0.1
0.051
0.489
0.084
0.087
0.09
2.103
0.984
0.018
0.147
0.02
0.881
0.199
0.668
0.047
0.15
0.598
0.778
0.147
0.043
0.228
0.014
0.036
2.045
3.282
1.408
3.012
0.096
0.709
0.986
1.002
0.696
0.03
1.288
0.705
0.054
0.684
2.028
0.046
0.242
0.039
0.829
1.297
0.107
0.996
0.183
0.39
0.648
0.681
0.142
1.221
0.79
1.833
0.727
1.567
0.754
0.026
0.023
1.491
0.442
0.193
1.64
2.051
0.549
0.116
0.358
1.912
0.702
0.874
0.441
0.087
0.749
0.393
1.474
0.068
0.069
0.529
0.029
0.162
0.162
0.627
1.147
0.735
0.028
0.794
0.056
1.051
0.855
0.739
0.055
1.227
2.238
1.129
0.71
1.88
0.359
1.31
0.649
0.075
1.023
1.187
0.048
0.07
1.675
1.956
1.554
0.996
0.034
0.199
0.707
0.072
0.171
1.554
0.134
1.629
0.078
0.965
0.563
4.006
0.711
1.399
0.955
0.526
0.661
0.459
0.063
1.265
0.101
2.436
1.055
0.582
0.109
0.621
0.997
1.619
0.946
0.459
0.448
1.471
2.802
2.074
0.127
0.659
0.693
0.033
0.067
0.167
2.392
1.506
0.945
0.017
0.851
0.679
0.209
0.019
0.154
0.262
0.24
1.286
0.044
0.066
1.146
1.05
0.371
1.403
1.77
0.288
1.638
0.357
0.525
0.131
0.66
0.032
2.084
0.042
1.767
2.955
0.77
0.57
0.056
0.606
0.056
0.172
0.617
4.587
0.66
0.036
2.84
0.691
0.051
0.049
0.051
0.181
0.021
0.797
0.566
0.052
0.978
0.014
0.576
0.672
0.097
0.114
0.091
0.666
0.764
0.036
1.369
0.131
0.688
0.066
1.013
0.072
0.023
0.944
1.139
0.845
0.703
0.728
1.075
1.273
1.059
0.932
1.444
1.142
1.764
2.506
0.628
2.718
0.112
0.079
0.085
0.454
0.041
2.12
0.078
0.882
0.707
1.807
0.781
0.716
0.604
0.088
1.072
0.999
0.03
0.042
0.493
0.788
0.313
1.315
2.564
0.207
0.633
0.676
0.077
0.034
1.237
0.757
0.092
0.222
1.11
0.362
0.058
0.18
0.106
0.822
2.288
0.112
0.378
1.337
0.052
0.185
0.561
1.336
0.831
1.99
0.953
0.106
1.69
0.043
0.581
0.852
0.851
0.058
0.577
1.803
0.653
0.699
2.336
0.592
0.124
1.466
1.943
1.465
0.155
0.73
1.382
1.463
0.623
0.627
0.095
0.055
0.219
0.197
0.785
0.686
0.761
0.583
0.453
1.851
0.032
1.268
0.935
0.071
0.196
1.286
0.114
1.129
0.059
1.595
3.886
0.02
0.015
1.129
0.708
0.052
2.079
0.557
0.227
0.334
1.893
0.069
0.763
0.135
0.671
0.835
1.523
0.647
0.191
0.13
0.755
0.135
0.098
1.065
0.223
0.361
0.764
0.83
0.05
1.896
0.094
0.422
2.917
0.288
0.62
0.63
0.07
0.16
0.497
0.151
1.0
0.34
2.924
1.127
0.232
0.629
0.8
0.987
0.041
0.165
0.054
0.03
1.821
0.262
0.47
0.021
0.67
1.556
3.783
2.436
0.83
0.985
0.517
0.593
0.73
1.044
0.735
0.038
3.435
0.61
0.095
0.151
0.055
0.518
0.364
0.899
1.983
2.039
0.784
0.398
0.454
0.064
0.082
1.227
0.689
0.675
0.83
0.17
0.687
2.345
0.21
1.166
3.554
2.173
0.873
2.15
2.383
0.134
0.079
0.024
0.66
0.3
0.685
0.691
0.704
0.815
0.043
0.98
2.565
1.26
0.601
0.06
0.215
0.02
0.547
0.086
0.671
0.231
0.056
0.588
1.165
0.13
0.029
1.16
0.636
0.997
0.828
0.77
0.227
0.827
0.307
0.884
2.175
4.253
0.751
2.229
0.212
0.05
0.031
1.202
2.277
2.891
0.145
0.715
0.744
0.917
0.104
0.21
0.084
0.734
0.687
0.7
0.061
2.596
0.581
0.65
1.929
1.751
1.112
0.9
0.43
0.141
0.143
1.472
0.874
0.8
1.981
0.824
0.766
0.027
0.9
0.215
1.863
0.029
2.063
0.784
0.822
1.38
0.256
1.912
0.272
0.683
0.149
0.058
0.16
3.204
0.675
0.053
0.871
0.671
0.69
0.662
0.302
0.498
0.766
0.811
0.096
0.889
0.556
2.156
1.306
0.258
0.138
1.343
0.236
1.003
0.046
0.187
0.591
1.997
0.021
0.76
0.844
0.593
0.063
0.566
0.037
0.859
0.808
1.416
0.104
0.857
0.551
0.882
0.095
1.635
1.358
0.588
0.795
0.53
0.914
0.014
1.013
0.618
0.023
1.469
0.139
1.439
0.604
0.742
0.728
0.996
1.015
0.858
0.92
0.704
1.629
0.834
0.626
0.029
0.683
0.09
0.846
0.667
0.029
0.688
2.974
0.736
0.884
1.102
0.024
0.487
0.141
0.044
0.083
1.901
0.838
0.05
1.264
0.233
0.613
0.126
0.729
0.09
0.125
1.582
1.968
0.808
0.625
0.216
1.205
0.714
1.279
0.047
1.134
0.634
1.03
1.67
0.035
1.578
0.937
0.737
2.09
0.419
1.037
0.718
0.724
3.154
0.075
0.686
0.126
0.536
0.806
0.029
0.204
0.942
0.947
1.029
0.193
0.057
1.015
0.409
0.868
0.297
1.403
0.623
2.48
0.069
2.546
0.668
0.173
0.233
0.741
2.325
0.809
0.692
1.013
0.721
0.928
1.057
0.916
1.244
1.316
0.933
0.672
0.057
0.338
0.445
0.487
0.316
2.428
1.205
0.081
0.405
0.106
0.518
0.793
0.117
2.608
1.941
0.111
0.868
0.876
3.387
0.31
4.873
0.599
0.349
0.463
0.03
0.931
0.097
0.798
0.996
0.629
0.974
1.523
1.378
0.399
0.076
0.365
1.103
0.273
0.079
0.383
1.632
1.204
0.454
0.823
0.454
0.756
0.851
0.728
0.077
2.354
0.155
2.034
0.405
0.675
0.557
0.236
0.082
0.1
1.061
1.16
0.045
1.619
0.096
1.007
5.014
0.032
0.847
0.318
1.606
0.488
0.957
0.854
0.069
0.031
1.08
0.645
0.044
0.378
0.1
0.065
1.885
1.066
0.914
0.586
0.708
0.464
0.567
0.036
1.456
0.597
0.044
0.656
0.629
1.263
0.59
1.763
1.61
1.396
0.605
0.041
2.17
1.211
0.718
0.087
0.3
0.061
0.174
1.431
0.696
0.834
0.926
1.479
0.297
0.102
0.124
0.777
0.022
0.263
0.866
1.565
0.597
0.253
0.085
0.039
2.069
0.498
0.061
0.211
1.259
0.035
0.074
0.674
0.355
0.033
0.052
2.795
1.088
2.813
0.812
0.74
0.322
0.536
2.668
0.607
0.164
0.8
0.1
0.908
4.515
1.154
0.116
0.883
0.04
0.076
1.195
0.82
0.449
0.438
0.058
1.892
0.1
0.652
0.802
0.07
0.042
0.046
0.631
0.204
0.066
0.811
0.337
1.345
0.597
1.385
1.193
1.121
0.117
0.932
1.904
0.2
0.808
0.034
0.077
0.416
2.167
0.803
0.623
1.091
0.184
0.033
0.687
0.634
1.119
0.946
0.507
1.353
0.067
0.784
0.049
0.63
2.021
0.072
0.087
0.018
2.366
0.758
0.612
1.464
0.744
0.827
2.607
0.882
0.569
0.824
0.26
0.043
0.371
2.479
0.376
1.552
0.525
0.057
0.7
0.87
0.08
0.038
2.696
0.057
0.14
0.066
0.543
0.756
0.572
3.022
0.57
1.356
1.852
0.911
0.079
1.213
0.304
0.473
2.359
0.319
0.052
0.849
0.548
0.507
0.243
1.125
0.053
0.171
0.078
1.46
0.599
0.083
0.861
0.085
1.11
0.662
0.531
0.035
0.091
4.201
0.656
0.269
0.073
0.715
0.611
0.28
0.072
2.12
2.518
0.103
0.054
0.337
0.756
1.587
0.048
0.509
1.719
0.781
0.244
2.977
0.197
0.642
0.264
0.748
0.584
0.057
0.939
1.723
0.771
0.144
0.789
0.047
0.801
0.652
0.383
0.11
0.109
0.123
0.678
1.213
0.928
1.381
0.055
0.634
1.447
0.126
0.305
0.144
1.522
0.074
1.252
0.645
1.619
0.665
2.001
0.028
0.937
0.227
0.14
0.058
0.587
0.064
0.512
2.071
0.099
1.34
0.03
0.15
0.715
2.634
0.304
0.891
0.093
0.116
2.466
1.007
0.927
0.851
1.36
0.044
0.777
0.582
0.062
0.013
0.068
0.624
0.175
1.484
0.197
1.477
0.037
1.578
2.94
0.204
1.323
0.122
0.04
1.06
0.246
0.329
0.346
1.443
1.005
0.684
0.331
2.062
4.081
0.21
0.219
0.992
0.073
0.764
0.04
1.032
0.07
0.865
2.392
0.257
0.568
1.046
1.099
0.116
2.208
3.225
0.041
0.289
0.161
0.036
0.197
1.41
0.105
0.039
0.8
0.664
0.965
1.593
0.119
0.686
1.182
0.917
0.775
0.155
1.066
2.698
1.939
0.645
0.812
0.058
0.729
0.626
0.12
0.736
2.888
1.497
1.6
0.251
0.628
0.981
0.459
0.168
0.805
0.149
0.079
0.771
0.359
0.745
0.61
1.823
0.589
0.092
1.073
0.275
0.025
0.215
0.584
0.05
0.034
1.006
0.749
0.016
0.872
0.033
0.096
0.991
0.989
0.055
0.424
0.099
0.681
1.001
1.16
0.184
0.805
2.325
1.589
1.759
1.517
1.514
0.764
0.58
0.61
0.663
0.695
0.027
0.726
0.078
0.625
1.256
0.053
0.043
0.682
0.08
0.895
0.618
1.061
2.084
0.136
0.39
0.627
1.19
0.825
0.034
0.026
0.907
2.795
1.019
0.77
2.671
0.475
0.017
0.622
1.486
1.043
0.912
0.044
1.139
0.205
0.149
0.652
0.185
0.093
0.701
0.343
0.117
0.221
0.23
0.783
0.126
0.035
0.094
0.033
1.613
1.004
0.538
0.032
0.547
0.749
0.835
0.545
0.036
1.062
0.588
0.844
2.288
0.596
0.645
0.15
2.465
2.671
0.668
0.028
0.907
0.317
0.056
0.985
1.073
2.008
0.028
0.05
2.135
0.499
0.727
0.228
0.762
0.483
2.855
0.108
0.034
1.59
0.087
0.114
0.803
1.343
0.024
0.638
1.232
0.25
0.095
0.809
0.51
0.805
1.357
0.725
1.365
0.196
1.305
0.118
0.994
0.14
1.746
0.777
0.035
1.431
0.029
1.797
0.252
0.348
0.864
0.056
1.027
0.192
1.213
0.059
1.32
0.274
0.034
0.711
0.229
0.734
2.768
0.985
0.533
0.76
0.832
1.014
0.843
0.281
0.849
0.18
0.087
1.564
0.596
0.411
0.056
0.603
0.263
1.037
0.755
3.317
2.501
0.656
1.815
0.036
0.033
0.859
1.576
0.99
1.443
0.374
2.271
0.058
1.427
0.73
2.168
0.796
0.157
0.65
0.053
0.164
0.037
0.132
0.344
0.032
0.93
0.361
0.044
1.056
1.369
1.355
3.191
0.754
0.049
3.186
0.719
1.997
0.56
0.161
0.076
0.083
0.67
0.043
2.198
0.771
0.711
1.989
0.037
0.106
0.156
0.859
0.874
0.029
0.94
1.739
0.036
0.86
1.139
0.415
2.021
0.035
0.67
1.16
3.482
0.203
0.033
0.58
0.042
0.028
0.842
0.126
0.018
0.462
0.747
0.412
0.597
1.701
0.252
0.11
0.584
1.113
3.329
0.66
1.022
0.368
1.142
0.047
0.907
3.151
0.058
2.055
0.618
0.057
0.063
2.5
0.164
0.525
3.154
0.042
1.06
0.079
0.048
2.48
3.659
2.23
0.752
1.233
0.597
0.979
0.058
0.339
0.067
0.097
1.24
0.567
0.034
1.865
0.402
0.035
0.417
0.871
2.025
0.572
0.053
0.752
2.112
0.633
0.794
0.751
0.673
0.707
0.082
3.39
0.732
1.39
0.696
4.042
1.16
0.06
0.049
0.607
0.63
0.445
0.715
1.063
0.035
0.043
1.224
2.503
0.105
1.324
0.678
0.857
0.03
0.358
0.128
0.569
0.752
0.064
1.11
0.696
0.692
0.547
0.673
1.495
0.703
1.534
0.77
0.556
0.057
0.922
0.872
0.097
0.214
0.094
0.617
1.317
0.063
1.072
0.787
0.668
2.249
0.188
0.902
0.029
1.546
0.782
1.474
2.83
2.418
1.548
1.079
1.334
0.034
0.082
0.651
0.032
0.62
0.045
1.133
0.734
0.343
1.223
1.388
0.61
2.87
0.059
1.047
0.734
0.026
0.34
0.149
0.629
0.028
2.683
1.046
0.145
0.067
0.072
0.65
1.346
1.014
3.611
0.068
2.674
0.573
1.143
0.04
0.082
0.837
0.828
0.015
0.956
1.202
0.264
1.248
1.698
0.151
2.646
1.43
0.176
0.263
0.847
0.026
0.77
1.767
0.119
0.224
1.106
1.221
0.557
2.15
0.866
1.055
1.003
0.476
0.697
1.323
0.906
2.246
0.95
0.137
0.117
0.055
0.78
0.708
0.082
0.101
1.819
0.141
0.878
1.728
0.9
1.281
0.092
0.736
0.5
0.207
0.616
0.984
1.26
0.104
0.769
0.126
1.708
0.142
0.067
0.085
1.986
1.621
0.166
0.672
0.124
0.126
0.141
1.036
0.048
0.072
0.577
0.042
0.813
1.612
0.074
0.476
0.051
0.106
1.016
0.068
0.783
0.626
0.792
0.223
0.763
0.687
1.25
1.52
0.219
0.664
1.007
0.666
1.48
0.707
0.083
0.031
0.637
2.41
0.957
0.541
0.113
0.92
0.05
0.083
0.255
0.397
0.029
2.416
1.593
0.755
0.802
1.224
0.149
0.12
0.073
1.111
0.615
0.64
0.03
0.659
0.738
0.519
0.681
0.066
0.062
0.892
0.071
0.05
0.648
0.776
0.075
0.872
1.845
0.026
2.541
2.038
0.229
0.052
2.649
0.061
0.025
0.817
1.011
0.383
0.259
0.146
0.582
1.115
0.978
1.099
2.808
0.14
0.623
1.388
0.853
0.127
0.748
0.198
0.971
0.091
0.068
1.045
1.172
0.207
0.011
0.726
0.645
0.429
0.842
0.037
1.02
0.086
1.321
0.068
0.845
0.054
0.8
0.094
0.034
0.38
0.353
2.532
0.805
0.287
0.074
0.022
0.521
1.028
0.286
0.049
0.479
0.454
0.104
0.045
2.145
0.72
0.578
0.83
0.719
1.975
1.261
0.44
0.136
0.628
0.828
0.203
0.024
0.842
1.411
0.641
0.985
0.037
0.441
0.084
0.593
0.744
0.877
0.112
0.046
1.003
0.079
0.031
1.322
0.075
0.929
0.357
2.083
0.603
0.841
0.087
0.691
0.608
0.68
0.998
1.242
0.039
0.205
1.468
0.054
0.291
1.393
1.19
0.107
0.131
0.097
0.821
1.282
0.033
1.186
1.601
1.459
0.178
1.333
1.159
1.034
0.062
0.807
1.193
0.276
0.17
0.023
0.827
0.427
1.196
0.296
1.275
1.111
0.045
0.061
0.211
0.671
0.639
1.034
0.904
0.028
1.052
0.64
0.766
0.077
1.487
0.192
0.046
1.593
0.016
0.016
2.089
1.224
0.958
0.743
0.034
0.891
0.103
0.169
1.226
0.078
2.82
0.792
0.033
1.541
0.771
0.778
0.626
0.191
0.565
0.031
0.656
0.19
0.117
1.005
1.373
0.82
1.772
0.92
0.162
0.852
1.317
0.126
0.025
0.7
0.805
0.412
0.503
0.012
0.015
0.029
0.868
1.901
0.738
0.939
0.817
1.757
0.231
0.022
0.03
0.291
0.116
1.346
0.776
2.397
0.797
0.57
0.381
1.008
0.85
0.259
2.083
1.662
0.372
0.042
0.069
1.003
0.963
1.901
0.072
0.59
0.889
0.183
1.315
0.284
0.578
0.982
1.339
2.88
2.374
0.226
0.773
1.722
1.148
0.695
0.072
0.088
1.509
0.121
0.098
2.39
1.106
1.32
1.807
0.909
0.586
0.21
0.901
2.711
1.501
0.849
0.374
1.003
0.807
0.139
0.057
0.165
0.42
1.811
0.021
0.645
0.266
0.26
0.025
0.936
0.051
0.064
2.025
0.101
0.719
0.664
0.596
1.918
0.513
1.167
0.537
0.07
0.52
0.065
0.681
0.653
0.384
0.721
1.205
0.569
0.091
0.601
0.424
0.144
0.63
0.319
0.77
0.597
0.39
0.163
1.62
1.877
0.654
0.734
1.139
1.269
0.78
1.235
1.11
1.357
1.475
0.227
0.114
0.248
0.323
0.049
1.082
0.05
0.161
0.082
0.575
1.134
0.095
2.842
1.498
1.766
1.838
0.744
0.767
0.21
0.03
0.742
1.15
0.047
0.32
1.501
1.445
0.09
0.892
0.152
1.564
1.98
0.062
0.198
0.598
0.76
1.442
0.236
0.085
0.727
0.906
2.606
0.027
0.042
0.883
0.586
1.39
0.049
0.039
1.431
0.473
0.013
0.093
0.173
0.723
0.015
1.049
0.675
0.98
0.159
0.572
0.108
0.015
0.707
0.048
0.612
2.587
1.43
0.503
0.046
0.774
0.144
0.033
0.031
1.131
0.366
0.701
0.062
0.12
1.216
0.133
0.247
0.246
0.041
1.078
0.764
0.139
0.803
1.384
0.139
0.243
1.209
1.246
0.757
0.519
0.85
1.275
0.759
0.615
1.148
0.062
0.711
0.727
0.048
0.244
0.191
0.745
1.38
0.04
0.036
1.448
0.686
1.436
0.745
0.073
0.092
0.053
0.621
1.532
0.076
0.076
0.158
1.038
0.902
0.085
0.669
1.161
0.913
0.908
0.138
0.777
0.539
0.027
2.928
1.837
0.689
0.185
0.502
1.927
0.996
0.133
0.699
0.723
0.07
0.623
0.135
0.949
2.359
0.804
1.671
0.431
0.86
0.128
0.612
1.287
0.659
0.168
0.573
3.271
0.932
0.615
0.045
0.777
1.485
0.866
4.093
0.24
0.205
0.02
0.054
0.918
0.257
0.88
0.044
0.582
0.368
0.194
0.595
0.785
1.521
0.033
0.037
1.956
0.072
2.13
0.021
0.105
0.301
1.316
0.056
0.861
0.044
1.0
0.833
0.015
0.04
0.03
0.096
0.043
0.133
0.2
0.103
0.642
0.149
0.289
0.103
0.072
0.219
1.264
0.799
0.168
1.184
0.086
0.597
0.994
0.827
0.144
0.754
0.077
0.755
0.263
0.915
1.691
1.347
0.137
1.496
0.653
0.576
1.634
1.552
0.263
0.338
0.072
1.606
1.091
2.223
0.093
0.186
0.986
0.812
0.678
0.11
0.044
2.875
0.133
0.318
0.596
0.867
0.338
0.404
0.584
0.315
0.256
0.759
0.047
0.046
4.806
0.07
0.147
1.909
0.606
0.15
0.88
0.851
0.11
0.432
0.087
0.843
0.895
0.685
0.219
0.869
0.153
0.251
2.587
0.172
2.413
0.409
0.267
0.076
0.029
0.614
0.886
0.875
0.846
0.107
0.997
1.05
0.127
2.012
0.72
1.258
0.197
1.371
0.576
0.028
1.895
1.195
0.383
1.391
0.499
0.126
0.042
2.1
0.96
0.642
0.715
3.771
0.258
0.828
0.759
0.464
0.554
0.096
0.699
0.709
0.584
0.241
3.089
0.499
1.706
0.048
0.782
0.166
0.67
0.179
0.045
0.856
0.947
0.08
0.643
0.728
0.054
0.886
1.162
0.618
0.096
0.042
0.153
4.032
1.214
0.742
0.072
0.848
0.689
0.267
0.096
0.742
1.831
0.593
1.498
1.164
1.228
2.018
0.918
0.126
0.04
0.897
2.432
3.463
0.869
1.568
0.953
0.667
0.271
0.376
0.671
2.847
0.043
0.721
0.257
1.035
1.0
0.25
0.249
1.397
0.552
0.057
0.513
1.388
0.704
0.581
0.869
0.723
0.027
0.105
2.328
0.691
0.861
1.2
0.051
0.594
0.234
0.025
1.438
0.347
1.282
0.062
0.905
1.445
1.337
2.227
0.23
0.255
4.628
2.642
0.036
0.027
0.055
1.271
0.082
0.134
1.149
0.735
1.038
0.133
0.403
0.649
2.339
2.209
1.665
0.102
0.156
0.175
0.142
0.203
0.728
0.666
0.083
0.299
0.234
0.061
0.941
1.398
0.357
1.615
0.52
0.068
0.539
0.813
0.023
1.555
1.312
0.353
1.023
0.684
0.057
0.055
0.159
0.311
0.923
0.763
0.015
0.776
0.455
0.21
0.019
2.757
0.765
0.64
0.24
0.845
1.36
0.016
0.274
1.162
1.03
0.037
0.749
0.174
0.017
1.979
0.173
0.576
0.751
0.763
0.554
0.098
0.341
2.029
0.503
0.673
0.623
0.836
0.618
1.093
0.586
0.314
0.092
0.022
0.107
0.761
0.016
0.561
0.651
0.066
1.467
0.983
0.648
0.672
0.726
0.103
0.158
0.963
0.076
1.066
2.22
0.464
1.495
0.662
1.829
0.879
0.031
0.656
0.144
1.535
0.05
0.542
0.042
0.043
0.049
0.04
1.012
0.236
0.093
1.524
0.022
0.035
0.946
0.709
1.586
0.49
2.376
0.047
1.578
0.647
1.338
0.679
0.016
0.732
0.133
0.534
1.925
1.513
0.359
0.34
0.528
0.043
0.883
3.827
0.018
0.731
1.88
0.068
0.044
0.326
1.054
0.18
0.039
0.699
0.025
0.105
0.357
2.01
0.954
0.675
0.127
2.607
0.818
1.794
0.712
0.176
2.185
0.618
0.686
0.81
0.835
0.116
0.866
0.614
0.644
2.987
2.897
0.966
0.071
1.512
0.642
0.018
0.772
0.041
0.305
2.016
0.179
0.095
1.378
0.207
1.245
0.557
1.741
0.176
0.048
0.688
0.768
0.764
3.508
0.086
0.067
0.719
0.146
0.448
0.057
1.036
0.554
0.071
2.712
0.795
0.711
0.112
0.773
0.546
0.319
0.067
0.631
0.218
0.893
0.256
0.161
0.693
0.103
1.06
2.593
0.419
0.591
0.301
1.233
0.058
0.066
1.027
0.889
0.951
0.112
0.544
0.592
1.321
0.782
2.902
0.076
0.94
0.963
0.923
0.195
0.923
0.699
2.214
1.549
0.011
0.111
0.577
0.653
1.875
0.118
0.417
0.015
1.036
0.254
0.325
1.186
2.48
1.937
0.048
0.611
0.167
1.999
0.154
1.116
0.792
2.423
0.169
0.092
2.349
0.148
0.585
0.594
0.059
0.754
0.566
0.602
1.211
2.032
0.667
0.214
0.661
1.176
1.17
0.71
0.733
1.904
0.892
0.027
0.808
0.773
0.506
0.254
0.141
0.027
0.965
0.783
0.115
1.241
1.909
0.04
0.062
0.536
0.848
0.482
0.486
0.027
0.995
0.144
0.066
0.134
0.14
2.57
4.017
0.176
0.51
0.791
0.027
0.562
0.768
0.865
0.068
0.058
1.519
0.839
1.058
0.643
0.048
1.524
0.856
0.14
4.43
0.993
0.065
0.568
1.294
1.16
0.741
1.186
0.771
1.713
0.963
0.752
1.428
0.16
0.778
0.226
0.037
0.731
0.413
0.159
0.614
1.818
2.991
4.615
0.081
0.015
0.051
0.685
1.665
0.234
0.143
0.736
0.41
0.143
1.138
0.032
0.137
0.785
2.648
1.433
1.975
1.443
0.874
0.465
0.274
4.282
0.257
0.029
1.467
0.138
1.273
1.103
0.529
0.043
0.926
0.892
1.075
1.164
0.688
2.651
0.212
0.581
0.628
0.59
0.76
0.073
0.696
1.394
0.628
0.084
0.877
0.086
0.699
0.048
0.162
1.089
0.036
0.665
1.064
2.857
0.048
1.313
0.037
1.016
0.029
1.579
1.95
0.709
0.225
1.666
0.356
0.276
0.013
0.73
0.128
0.606
1.707
1.234
1.688
1.996
0.442
0.022
0.34
1.222
0.995
0.468
0.768
0.69
2.468
0.663
3.505
0.031
1.278
0.107
0.181
0.034
1.315
0.183
3.171
3.046
1.496
0.6
0.167
0.049
0.107
3.157
0.958
1.448
1.697
0.569
0.02
0.931
0.577
0.184
0.167
0.697
1.86
1.304
1.083
0.664
1.272
0.055
0.581
0.806
1.152
0.618
0.83
0.114
0.348
0.166
0.694
0.074
0.025
0.042
0.089
0.876
1.445
0.059
0.026
0.474
0.381
0.6
4.545
0.823
0.966
0.594
0.777
0.884
0.072
0.161
0.617
1.697
1.081
0.139
0.18
0.732
2.889
0.747
0.163
0.598
3.646
1.439
0.121
0.628
0.124
1.41
0.292
0.123
0.119
0.601
0.269
2.085
0.845
1.156
0.013
1.474
1.687
1.146
0.964
0.03
0.205
1.206
1.61
0.678
0.338
0.73
0.864
0.108
0.024
0.183
0.661
0.856
0.691
0.326
0.582
0.176
0.872
1.175
0.088
0.084
1.106
0.511
0.523
0.169
0.665
0.103
0.592
0.043
0.613
0.777
0.657
0.188
3.279
1.491
0.431
0.537
0.715
0.787
0.581
0.749
0.048
0.065
0.042
0.085
1.531
0.573
0.832
1.396
1.586
2.242
0.121
0.169
1.835
0.946
0.119
1.212
0.712
1.971
0.975
0.034
0.588
0.477
2.365
2.506
0.028
2.157
0.804
1.584
3.486
0.781
1.02
0.679
0.68
1.498
0.731
0.794
0.837
1.388
0.031
0.446
0.199
0.119
1.245
1.142
2.601
0.037
0.047
0.054
0.724
0.093
0.276
0.033
0.065
0.756
0.882
2.278
0.589
0.7
0.14
0.061
0.072
0.604
0.039
0.712
0.63
3.508
0.122
0.333
1.686
0.302
0.731
0.785
0.123
0.596
0.884
1.229
0.193
1.309
0.059
1.474
1.277
0.862
0.133
1.873
0.108
0.894
0.271
0.12
0.961
1.256
1.09
1.059
0.054
0.852
0.691
0.028
0.57
1.041
0.486
0.866
1.172
0.042
0.395
0.042
0.147
0.602
4.186
0.751
0.896
0.07
0.595
0.189
0.228
1.196
0.175
0.144
1.516
0.836
0.747
0.306
0.841
0.694
0.882
0.047
0.923
0.895
0.739
0.625
0.256
0.327
1.245
0.897
0.025
0.63
0.68
0.964
0.603
0.082
0.708
0.333
1.368
2.422
0.951
0.199
0.075
0.022
0.179
0.773
0.106
0.977
0.101
0.832
0.026
0.793
0.468
1.109
0.444
2.342
1.229
0.61
0.056
0.82
0.742
2.614
1.338
1.888
1.138
0.759
2.454
0.717
0.507
0.14
0.087
0.511
1.192
1.386
0.683
1.108
0.801
0.083
0.596
0.935
0.056
0.743
0.728
2.212
0.477
0.251
0.447
0.146
0.652
0.737
0.646
0.082
0.021
0.023
0.741
0.106
0.064
1.975
1.282
0.804
0.836
0.153
0.654
0.867
0.288
0.7
2.623
0.866
0.312
0.1
1.209
3.844
0.868
1.532
0.104
3.527
0.166
0.072
0.464
1.026
0.755
0.587
0.041
0.059
0.969
1.044
1.021
0.136
0.136
0.122
0.89
0.537
1.357
0.026
0.659
0.051
1.11
0.129
0.757
0.036
0.649
1.07
0.956
0.094
3.466
1.008
0.839
0.786
0.806
0.018
0.191
0.167
1.274
2.356
0.035
0.903
0.071
0.14
1.762
0.99
0.106
0.61
0.53
0.066
0.754
0.019
0.542
3.321
2.379
0.651
1.903
0.933
0.81
0.639
0.081
1.028
0.63
0.226
0.242
0.035
0.587
1.949
0.742
0.693
2.73
0.791
0.169
0.066
0.162
0.069
0.572
0.789
0.691
0.222
0.983
0.549
0.033
0.628
0.968
1.719
0.138
1.418
2.695
0.537
0.593
0.627
0.653
0.882
0.24
0.356
1.122
0.594
0.206
0.309
0.619
0.072
0.99
1.164
1.924
0.714
0.381
2.095
0.011
1.152
1.8
0.145
0.117
1.1
1.027
0.019
0.035
0.081
0.046
0.061
1.686
0.757
1.01
0.854
0.088
0.499
0.971
0.719
2.976
0.698
0.729
0.947
0.914
0.373
0.156
0.77
0.131
0.966
0.483
1.531
1.149
1.488
0.039
0.605
0.788
1.258
0.905
0.038
0.883
1.874
0.363
0.182
1.995
0.053
0.106
0.085
0.664
0.442
0.407
0.17
0.788
0.617
1.153
0.153
0.224
0.069
0.054
1.442
0.612
0.156
0.913
0.049
1.945
1.599
0.664
0.601
0.785
0.805
1.068
2.702
1.081
0.794
0.634
0.751
0.657
0.187
1.198
0.157
0.692
0.959
0.302
0.598
0.36
0.121
0.697
1.863
0.797
0.845
1.138
0.529
1.636
0.033
0.026
0.07
2.083
0.653
0.441
0.561
0.9
0.875
1.443
0.806
0.157
0.835
1.214
0.907
0.043
2.113
0.619
0.087
0.117
2.123
0.162
0.029
0.111
0.647
0.778
0.069
1.859
1.205
1.052
0.064
0.826
0.415
0.914
1.04
0.064
0.598
1.337
0.623
5.474
5.023
1.058
0.858
0.062
0.136
1.696
0.592
0.609
0.331
1.558
0.036
1.04
0.321
2.098
0.731
0.557
0.476
0.55
0.107
0.748
3.695
0.595
0.103
0.235
1.893
0.076
0.031
1.428
0.015
0.118
2.057
0.151
1.406
0.174
0.136
0.215
0.754
0.104
1.149
0.74
0.31
1.2
5.032
0.552
1.193
0.585
0.048
0.024
0.863
0.645
0.661
0.509
0.963
1.383
0.756
0.346
1.716
0.016
0.119
0.043
1.123
0.097
1.615
0.866
2.519
0.103
0.377
0.601
0.067
0.766
0.601
0.637
0.956
0.569
0.043
1.012
1.712
0.625
0.966
0.6
1.932
0.055
0.545
0.642
0.054
0.811
2.101
1.529
1.21
0.064
0.054
0.047
3.537
0.644
0.976
0.86
0.039
0.102
1.599
1.686
0.871
1.124
0.525
1.786
1.258
0.117
1.599
0.04
0.616
1.35
0.071
0.994
0.13
0.09
0.073
0.728
0.055
0.552
1.665
1.739
1.011
0.464
0.063
1.998
0.053
0.638
0.574
0.046
1.016
0.578
0.078
0.093
0.958
3.734
0.05
1.07
0.259
0.083
0.634
0.024
0.048
0.077
0.061
0.534
0.284
0.111
0.019
1.263
1.094
1.452
0.154
0.231
0.586
0.103
0.414
0.193
0.048
0.674
0.064
0.738
0.489
0.36
1.287
0.167
1.822
0.17
0.895
2.192
0.11
0.886
0.629
0.04
1.173
0.091
0.282
1.08
0.274
0.816
0.057
0.058
0.062
0.08
1.328
0.295
0.043
0.103
0.056
0.923
1.242
0.325
1.263
0.187
0.735
0.998
3.083
1.452
0.039
1.846
0.045
0.843
0.713
1.921
0.639
0.026
1.87
1.14
1.067
0.717
2.343
0.292
0.651
1.54
0.403
0.787
0.462
1.24
0.151
0.234
0.045
0.943
1.23
0.072
1.086
0.625
1.894
0.934
0.177
0.041
0.114
1.412
0.029
3.399
0.719
0.089
0.047
1.78
0.058
0.962
0.635
0.265
0.054
0.062
1.478
0.167
0.033
0.063
0.132
1.064
0.744
0.506
1.295
2.19
1.314
0.701
0.454
0.701
0.587
0.032
0.618
1.081
0.727
2.43
0.056
0.912
0.425
0.058
0.099
0.921
0.602
0.7
1.313
1.396
0.949
0.625
0.058
0.639
0.954
0.068
0.231
1.313
0.627
0.211
1.464
1.145
1.849
0.595
2.874
0.083
0.147
0.707
1.94
0.052
0.368
0.115
0.238
0.097
0.785
2.109
0.406
1.585
0.668
0.169
0.806
0.283
0.72
1.105
2.241
1.144
2.344
0.085
0.485
0.525
0.544
0.32
0.04
0.31
4.349
0.566
0.223
1.757
0.253
1.574
1.268
0.867
1.564
0.06
0.04
0.587
0.115
0.754
0.502
0.11
0.094
0.871
0.039
0.604
0.26
1.43
0.072
0.084
0.027
0.719
0.127
0.848
0.458
1.019
1.722
0.312
0.982
0.08
0.271
0.862
0.023
1.177
0.032
0.037
1.568
0.77
0.945
0.617
1.844
1.135
0.114
0.41
1.678
1.03
0.026
0.956
5.132
0.353
0.794
0.777
0.602
0.116
0.725
1.079
1.193
0.189
1.814
0.305
0.567
0.152
1.81
0.421
0.328
1.412
0.514
0.031
0.744
0.703
0.044
0.054
0.992
0.078
0.021
0.057
0.988
0.265
1.292
0.072
0.033
2.15
0.732
0.068
0.867
2.557
0.117
0.891
0.692
0.768
0.077
0.032
0.829
0.882
0.249
0.661
2.643
1.572
0.89
0.237
1.266
0.083
1.253
1.013
0.035
0.018
0.172
1.697
0.078
0.276
0.416
0.13
0.918
0.522
0.037
0.044
0.087
3.017
0.785
0.767
0.141
0.97
0.759
0.545
0.049
2.495
0.281
0.034
0.086
0.104
0.817
0.664
0.264
0.754
0.169
0.85
1.099
1.295
0.693
0.732
1.536
0.156
1.169
0.086
2.861
0.763
0.028
1.881
1.012
0.72
0.221
0.06
0.031
0.879
0.159
0.779
0.036
0.932
1.903
0.131
0.031
0.081
0.501
0.445
0.159
1.52
0.222
2.533
1.083
0.887
2.38
1.364
0.147
0.851
0.171
0.361
1.071
0.151
0.902
0.658
0.113
0.281
0.114
0.055
0.115
1.28
0.776
2.006
0.542
0.65
0.154
1.118
0.687
0.789
0.129
0.071
0.03
1.097
5.603
0.688
0.977
1.508
0.107
0.15
0.503
0.753
0.527
0.02
0.728
0.064
0.896
0.023
3.289
0.21
0.156
0.056
0.028
0.061
0.114
0.625
0.039
0.151
0.694
0.105
1.669
2.236
0.981
0.054
1.399
0.11
0.148
0.055
0.942
0.751
1.676
0.288
1.673
2.539
1.588
0.189
0.938
2.188
0.258
0.176
0.109
0.057
0.681
0.105
0.684
0.663
3.037
1.295
0.608
0.547
0.053
0.025
0.486
0.358
2.792
0.972
0.843
0.156
0.474
2.097
0.03
0.739
0.418
0.016
0.211
0.609
2.145
0.799
0.345
0.024
0.797
0.05
0.617
0.035
0.529
0.711
0.15
0.258
0.595
0.833
0.637
0.085
1.247
0.238
0.035
0.967
0.62
0.132
0.091
0.037
1.213
1.659
1.927
0.791
1.714
0.105
0.276
0.038
0.032
0.705
0.899
0.039
0.08
0.074
0.023
0.9
0.952
0.631
0.282
0.499
0.88
0.69
0.785
3.017
1.358
0.266
0.043
1.385
0.491
0.623
0.819
4.162
0.191
0.691
0.103
1.154
2.449
1.191
0.064
1.789
1.041
0.193
2.863
1.846
0.092
0.785
0.121
4.917
1.999
1.527
0.038
0.614
2.004
0.774
1.086
1.193
0.296
0.056
0.106
0.094
0.729
0.966
0.035
1.245
0.575
0.204
0.061
0.048
1.157
0.789
1.036
0.067
0.111
1.471
1.19
0.921
0.233
0.779
0.052
0.502
0.653
0.146
0.089
0.059
0.258
0.95
0.805
4.075
0.049
1.346
0.242
1.964
1.885
0.666
0.893
0.066
0.47
0.306
1.325
1.054
1.492
0.059
1.95
0.609
0.204
0.791
1.133
0.668
1.121
1.528
0.997
1.408
0.64
1.714
0.019
1.776
3.602
1.478
0.723
0.889
0.825
0.886
0.309
0.1
0.121
0.243
0.679
1.256
0.855
0.886
0.162
1.054
2.343
0.873
0.558
1.308
0.082
1.893
1.253
1.794
0.025
0.684
1.178
0.463
0.629
0.081
0.19
0.035
0.85
0.828
0.73
0.995
0.081
0.1
0.234
1.007
1.058
0.962
0.037
1.356
1.331
0.818
0.86
0.034
0.535
0.164
2.573
0.031
0.056
0.101
1.613
0.339
0.03
0.65
0.946
0.825
0.667
0.715
0.56
0.811
0.601
0.716
0.099
1.105
3.258
0.748
0.67
1.091
0.824
0.164
0.675
0.67
0.015
2.231
1.974
0.086
1.949
0.033
0.806
0.972
0.037
0.173
0.68
0.874
0.271
1.138
0.091
0.051
0.255
0.464
2.86
0.072
1.49
0.555
0.862
0.149
1.242
0.428
1.449
2.231
0.861
1.92
0.768
0.742
0.036
0.088
0.791
0.102
0.979
0.697
0.186
0.062
0.797
0.014
0.058
0.871
0.035
0.052
0.129
1.341
2.165
1.809
0.815
0.564
1.039
0.051
0.022
0.04
0.841
0.422
0.06
0.059
0.707
0.469
0.787
0.061
0.711
0.599
1.874
0.764
0.038
0.903
0.061
0.897
1.154
0.619
0.331
1.463
0.036
0.638
0.799
0.199
0.893
0.751
0.183
0.025
0.834
0.851
0.132
0.155
0.728
1.292
1.068
1.332
0.062
0.048
0.126
1.229
0.066
0.612
0.084
0.091
0.988
0.144
0.034
0.112
0.029
0.238
0.727
1.271
0.786
0.814
0.863
0.06
0.601
3.306
1.131
0.141
1.039
0.14
0.655
0.041
1.127
0.636
0.072
0.068
3.202
0.796
0.381
0.149
0.774
0.739
0.041
2.016
0.601
0.581
3.772
0.916
0.859
0.809
0.775
0.08
0.662
0.071
0.945
0.731
0.208
0.848
0.072
0.878
0.116
1.208
0.646
0.783
0.023
0.957
0.174
0.179
1.727
0.145
1.68
1.595
0.118
0.786
1.321
1.651
0.101
0.486
0.321
0.314
0.228
0.81
0.709
0.153
0.771
0.01
1.75
1.038
0.025
0.055
0.033
1.53
0.973
0.18
0.076
0.899
1.68
0.053
0.793
3.337
0.651
0.032
0.684
0.042
0.077
0.064
0.045
0.885
0.652
2.509
0.37
1.735
0.064
1.652
0.112
0.123
0.233
0.699
0.936
0.646
1.029
0.048
1.04
0.867
0.073
0.74
0.719
0.609
1.026
2.139
1.058
1.201
2.193
2.144
2.372
0.665
0.672
1.093
1.919
0.808
1.913
0.71
2.923
0.186
0.627
3.535
0.162
0.082
0.054
0.674
0.05
1.027
0.025
0.648
0.029
0.827
0.094
0.806
0.864
0.04
2.97
0.65
0.86
0.232
1.447
0.882
0.519
1.78
0.912
1.795
0.511
1.576
0.135
3.209
0.036
0.779
0.027
0.716
0.138
0.519
0.694
0.825
0.659
0.057
0.071
1.638
1.224
0.814
0.65
0.018
0.977
0.087
0.65
0.093
0.025
0.121
1.0
0.067
1.237
0.039
1.627
0.564
0.798
1.436
0.574
2.18
0.142
0.153
0.515
0.087
1.319
0.713
0.18
0.062
0.233
0.65
0.083
0.112
0.099
0.76
0.65
0.905
1.528
1.151
1.158
0.032
0.244
0.861
0.992
1.063
0.725
0.234
1.021
0.873
1.705
0.629
0.755
0.896
0.37
0.486
0.954
0.783
0.706
0.717
0.557
0.068
0.029
0.193
1.093
0.638
0.164
0.057
0.261
0.628
1.725
1.203
0.069
0.349
1.669
0.613
1.186
1.866
0.876
1.196
2.833
0.069
0.789
0.164
0.026
1.118
0.699
0.076
0.182
0.279
0.871
0.792
2.901
1.045
1.116
0.165
2.897
0.049
0.408
0.525
1.251
0.704
0.047
0.122
1.04
1.525
0.722
0.742
0.597
0.06
0.013
0.191
1.871
0.729
2.121
0.788
0.04
1.009
0.033
2.141
0.795
1.362
0.077
0.802
1.521
1.162
0.191
1.428
0.043
0.213
0.694
0.291
0.06
1.247
0.032
1.476
0.102
0.947
0.638
0.918
0.512
0.185
1.019
0.03
3.418
1.082
0.047
3.125
0.95
0.329
0.009
0.068
0.137
1.039
0.121
0.103
0.133
0.05
0.057
0.678
0.082
0.102
0.136
1.005
1.414
0.666
1.875
1.166
0.074
0.899
0.666
1.914
0.839
0.124
0.144
2.185
1.15
0.212
0.749
2.331
2.233
0.82
2.608
0.203
0.178
0.018
0.158
0.034
0.883
0.637
0.913
1.849
0.158
0.012
1.096
1.951
0.051
0.78
0.084
0.406
0.021
1.428
0.159
3.071
0.914
1.595
0.768
0.962
0.103
0.031
0.063
0.548
1.504
2.543
0.306
0.218
0.29
0.198
0.154
1.374
2.729
0.244
0.822
0.13
1.163
0.078
0.306
1.044
0.225
1.846
0.079
0.787
0.667
0.475
0.068
0.742
2.299
3.239
0.629
0.042
1.794
0.994
0.165
0.052
0.692
1.051
0.694
0.226
0.654
0.47
0.029
0.299
0.04
0.105
0.067
0.203
0.724
0.256
0.832
0.047
0.639
0.064
0.701
0.098
0.246
0.633
0.834
0.494
0.037
0.596
0.556
0.385
1.334
1.879
0.956
0.106
0.845
0.155
0.96
0.75
1.284
0.798
1.577
0.146
0.075
0.301
1.993
0.785
0.603
0.894
4.048
2.925
0.298
0.925
0.895
1.087
1.02
0.118
0.076
0.099
0.051
1.124
1.302
2.066
0.028
0.715
2.384
0.034
0.405
0.037
0.698
0.915
0.87
0.099
0.19
0.719
0.639
0.779
2.84
0.649
0.036
1.101
0.391
0.116
0.678
1.28
0.42
0.041
0.322
0.462
0.831
1.705
1.002
0.109
1.115
1.955
0.116
0.497
0.086
0.032
2.19
0.355
0.948
0.641
0.127
0.192
0.08
0.962
0.107
0.684
0.085
3.601
0.029
0.039
0.05
1.989
0.725
0.764
0.728
0.685
0.609
0.11
1.452
0.533
0.193
0.609
0.934
0.738
1.014
0.18
0.067
0.75
0.074
0.107
1.082
0.109
0.041
2.15
0.158
0.919
0.135
0.821
0.896
0.717
0.065
0.091
0.711
2.013
0.018
0.795
0.263
0.018
0.607
0.742
0.021
0.505
0.689
0.787
2.74
2.365
1.287
0.951
0.343
0.635
1.1
1.021
2.348
0.221
0.194
0.132
0.179
0.277
2.604
1.061
1.203
0.103
0.21
1.218
0.071
1.917
0.526
2.051
0.919
0.272
0.179
0.052
1.262
0.021
0.783
1.537
0.125
0.059
1.086
0.04
0.073
2.92
0.984
1.572
0.033
1.009
0.665
0.274
0.778
0.738
3.143
1.542
0.06
0.48
0.116
0.3
0.899
0.848
2.31
0.374
0.22
1.065
0.678
0.124
0.025
1.799
2.035
0.633
0.661
0.918
0.082
0.114
1.253
0.483
0.197
0.105
0.033
0.241
0.101
0.545
0.902
0.711
0.156
1.311
1.175
0.108
1.684
0.744
0.076
0.112
1.973
0.977
0.591
1.142
0.526
0.162
0.093
2.167
0.196
0.097
0.58
0.756
0.889
1.053
0.034
0.631
0.098
0.027
0.737
0.697
0.579
0.053
2.972
1.618
1.286
0.788
0.126
0.497
0.67
0.034
0.855
0.962
1.014
0.729
1.348
0.853
1.166
1.194
0.928
0.912
0.092
0.825
0.248
0.569
0.493
0.862
1.634
0.177
0.076
0.133
2.825
1.245
0.744
0.792
0.751
0.36
0.056
1.928
0.556
1.313
0.759
0.804
0.248
0.737
0.696
0.317
0.051
0.047
0.662
0.025
0.05
0.066
0.745
1.059
2.616
0.917
0.934
0.108
0.171
0.747
0.029
0.83
0.977
0.028
0.25
0.829
0.077
1.795
0.029
0.749
0.178
0.744
0.313
0.03
0.2
0.551
0.074
0.859
0.636
0.69
0.025
0.075
2.835
0.959
0.825
1.111
0.287
0.854
0.547
1.133
0.072
0.129
0.083
1.374
0.102
0.035
2.603
0.474
1.033
0.529
0.667
0.734
1.001
1.81
0.04
1.183
0.12
0.012
0.742
0.058
0.692
1.391
0.072
0.637
0.163
0.108
2.114
2.44
0.22
0.034
0.24
0.089
0.054
0.614
0.258
2.46
0.93
1.79
0.053
0.35
0.955
0.626
0.033
0.637
1.483
0.964
0.415
1.173
0.097
0.697
0.7
0.642
0.579
0.615
0.049
3.65
0.804
0.762
0.047
0.453
1.076
0.577
0.895
0.134
2.562
0.127
1.152
1.261
0.737
1.075
0.021
0.017
0.829
0.111
0.846
0.062
0.959
0.808
1.196
0.162
0.859
0.053
0.767
0.554
2.974
0.097
0.818
1.605
2.253
0.736
0.706
0.611
0.196
0.598
3.729
0.739
0.027
0.429
0.144
0.708
1.605
0.044
0.382
0.038
0.481
0.894
0.697
0.601
0.077
0.044
0.024
0.18
0.225
0.016
0.033
0.705
0.867
0.826
1.163
1.198
0.837
0.502
0.654
0.126
0.043
0.134
0.134
0.048
1.373
0.606
0.758
0.192
0.745
0.893
0.221
0.241
0.946
0.637
0.113
2.051
0.256
0.145
0.852
0.902
0.707
0.055
0.077
0.12
0.208
0.517
0.462
1.027
0.202
0.784
0.719
0.064
1.457
0.866
0.079
0.027
0.255
0.772
2.567
0.856
0.794
1.262
0.843
1.111
0.639
1.718
1.073
0.412
1.794
0.313
1.498
1.356
0.039
0.394
0.023
0.877
0.365
0.08
0.307
0.693
0.038
0.13
0.608
0.801
1.549
1.089
0.347
0.034
4.403
0.066
0.175
0.315
0.64
0.134
0.93
0.027
0.681
0.112
0.106
1.089
1.692
1.205
0.517
0.138
2.275
0.08
0.866
0.821
2.003
2.634
1.814
0.215
1.227
1.077
0.849
1.296
0.031
0.505
0.932
1.931
0.628
2.991
0.435
1.254
0.868
0.086
0.625
0.784
1.076
0.991
0.221
0.099
0.124
1.338
0.146
2.175
2.604
0.21
0.158
0.159
0.067
3.053
0.773
0.207
0.377
1.189
0.506
0.612
0.947
3.285
1.24
0.806
0.577
2.889
1.159
0.744
0.188
0.258
0.041
0.95
0.093
0.118
1.335
0.051
0.247
0.15
0.357
0.497
0.06
0.754
0.663
0.14
0.696
0.526
1.325
1.04
0.804
0.413
0.08
1.259
0.718
0.882
0.644
1.287
1.587
0.06
0.055
0.231
0.066
0.773
0.918
0.775
1.616
0.432
0.846
0.115
0.466
0.238
0.071
0.82
0.057
2.303
0.135
0.704
0.119
0.165
0.221
0.639
1.728
1.632
0.79
0.29
2.248
0.731
0.544
0.12
0.722
1.891
0.421
0.663
0.587
0.173
1.061
0.072
2.569
0.15
0.047
0.634
0.052
0.944
0.689
0.489
0.934
1.069
1.388
0.236
0.589
1.04
0.772
0.722
0.068
0.539
0.043
0.867
0.381
0.765
0.106
0.029
0.133
0.387
0.599
1.229
2.74
0.998
2.017
3.391
4.459
0.935
0.163
0.098
2.044
0.047
0.173
0.768
0.63
0.069
0.726
1.398
1.337
1.301
0.034
0.638
0.153
1.37
0.175
0.745
2.366
0.19
1.496
0.675
0.084
1.013
1.333
0.124
0.918
1.036
1.524
0.631
2.191
0.13
1.115
0.047
0.132
0.802
0.523
0.644
0.891
0.171
0.377
1.627
0.131
0.034
0.755
1.413
0.978
1.224
0.084
0.57
0.983
0.262
0.65
0.527
0.821
0.133
0.282
0.668
0.939
1.6
0.916
2.616
0.012
1.151
0.672
0.455
0.115
0.092
0.651
1.92
0.752
0.821
0.186
0.125
0.893
0.02
0.182
0.64
0.595
0.684
1.992
0.677
0.722
2.399
2.006
0.624
1.514
1.463
0.046
2.319
0.225
0.465
1.073
2.125
2.142
1.442
0.035
0.02
0.029
1.262
0.613
1.767
0.731
1.112
1.252
0.903
0.07
0.03
0.541
0.078
0.071
0.717
1.422
0.601
0.085
0.6
0.67
0.655
0.801
0.234
0.593
0.045
1.139
0.907
1.096
1.508
2.069
0.618
0.085
0.117
0.767
1.139
1.451
1.469
2.006
0.055
0.638
1.217
0.385
0.735
0.438
0.026
1.06
0.03
0.932
2.064
1.174
1.616
0.71
0.797
0.817
0.171
0.219
0.017
1.67
0.705
1.294
0.034
0.171
0.48
0.207
1.044
0.359
0.852
0.682
0.815
0.048
0.693
0.996
1.206
0.495
0.65
0.55
1.215
1.128
0.03
0.049
0.909
4.333
1.504
0.977
0.917
0.559
1.098
0.061
1.438
0.774
1.365
0.935
0.686
0.169
2.328
0.983
1.201
0.994
1.047
0.271
0.708
2.209
0.883
1.312
0.083
0.46
0.56
0.846
0.832
0.867
2.192
0.713
0.03
0.587
0.059
0.146
0.836
1.662
0.789
1.216
0.733
0.85
0.15
0.187
0.665
0.731
1.254
0.316
0.639
0.088
0.075
0.086
0.747
0.936
0.999
1.377
0.176
1.385
0.733
0.024
1.03
0.028
0.676
0.788
0.246
0.56
2.493
0.257
0.31
3.442
0.735
0.06
1.56
1.003
0.043
0.73
0.038
2.281
0.026
0.238
1.776
0.13
1.414
0.464
0.905
0.94
0.88
2.09
0.635
0.632
0.034
0.352
0.158
0.115
1.279
0.092
2.164
0.268
0.029
3.454
0.056
0.038
0.793
0.232
0.804
1.167
1.882
0.242
1.188
0.773
0.293
1.256
1.892
0.823
0.875
0.05
1.729
1.534
0.826
0.731
0.822
1.187
0.747
0.177
3.045
0.159
1.644
1.175
0.778
0.984
3.207
0.019
0.534
0.059
0.655
0.143
0.574
1.119
1.289
0.052
1.211
0.094
1.381
0.692
0.105
1.358
0.776
0.369
0.686
1.157
1.965
0.068
2.3
0.162
0.175
1.024
0.04
0.798
0.042
0.813
0.037
1.286
0.644
1.813
0.558
0.514
0.592
0.039
1.673
2.229
0.043
0.067
0.171
1.309
0.746
0.946
0.994
0.608
0.641
0.28
1.836
0.038
0.571
1.709
0.538
0.492
0.043
0.045
0.765
0.71
0.244
0.065
0.925
0.808
0.201
1.073
0.246
0.019
0.594
0.723
0.217
1.295
0.726
0.126
0.116
1.111
1.671
0.215
0.142
0.034
0.022
0.884
0.701
0.878
0.181
0.053
0.71
0.774
1.173
3.886
0.082
0.604
0.565
0.846
0.243
0.659
0.074
2.544
0.093
0.904
1.74
1.353
0.628
2.714
0.215
0.713
1.303
0.109
0.029
0.771
0.096
0.771
0.478
0.07
0.235
1.322
1.653
0.081
1.112
0.038
0.818
0.073
0.731
0.015
0.754
0.831
0.232
0.846
0.193
2.373
1.24
0.804
2.426
0.62
1.081
0.102
0.133
1.847
0.414
1.318
0.029
1.041
0.032
2.482
0.086
2.163
1.154
4.185
0.689
0.882
1.566
0.62
2.009
0.976
1.377
0.711
2.305
0.055
0.027
1.426
1.378
1.343
0.654
0.265
0.112
0.434
1.416
0.711
0.05
0.323
0.938
0.057
0.278
0.07
0.551
1.081
1.256
0.651
0.528
0.203
0.524
1.085
0.116
1.432
1.141
0.991
1.014
0.366
0.077
0.525
0.079
0.697
1.608
0.647
0.4
1.162
0.927
0.047
1.947
0.712
0.059
3.617
0.045
0.973
2.119
2.251
0.935
0.822
0.166
1.684
0.179
0.792
0.036
0.03
0.035
0.678
1.514
0.075
0.837
1.049
0.808
0.873
1.799
1.22
2.883
0.7
0.155
0.126
0.161
2.677
0.058
0.806
0.58
0.06
0.541
0.169
0.899
1.69
0.937
0.108
0.643
0.617
0.083
0.036
0.021
0.144
0.036
2.199
0.692
0.082
0.679
0.913
0.056
0.184
1.031
0.578
1.56
2.106
1.288
1.038
0.046
0.036
0.749
0.522
1.149
3.228
0.966
0.09
0.743
0.873
0.763
0.352
0.077
0.755
0.659
0.036
0.148
0.613
0.152
3.773
2.953
3.998
1.86
1.657
2.66
1.16
0.635
3.319
1.153
0.031
0.061
0.046
0.043
0.047
0.188
0.148
0.047
0.046
1.02
0.043
2.044
1.194
0.639
0.078
0.049
0.81
0.606
0.329
0.642
0.203
0.083
0.828
0.324
0.795
0.824
0.025
0.1
0.497
0.097
0.915
1.641
0.9
1.002
0.702
0.053
0.995
0.257
0.057
0.065
0.09
1.496
1.916
0.808
1.17
0.582
0.113
2.241
1.035
0.803
0.85
0.355
0.682
0.069
0.079
0.659
0.575
1.003
0.122
0.042
0.093
0.174
1.686
0.135
0.655
0.053
0.134
1.684
1.701
0.465
0.107
0.661
0.619
2.051
0.565
0.107
0.669
0.614
0.042
0.934
0.741
0.052
0.813
0.053
0.112
0.361
1.146
0.053
1.216
0.048
0.561
0.754
1.163
0.707
0.034
4.168
1.126
0.601
0.186
1.038
0.059
0.202
0.664
0.023
0.335
0.601
0.616
0.893
0.618
1.869
0.611
1.96
0.604
0.035
0.866
0.046
1.184
2.996
0.729
1.614
0.041
1.673
0.177
1.438
0.442
0.023
0.577
0.826
1.197
0.977
0.055
0.887
1.572
1.198
0.214
0.061
0.866
0.61
0.699
1.25
0.61
0.049
0.042
0.15
0.704
0.922
0.062
0.594
0.045
0.382
0.046
3.778
1.621
0.175
0.774
0.13
0.553
0.204
1.786
0.053
0.041
0.036
1.261
0.208
0.082
0.701
0.569
1.301
1.218
0.952
0.753
0.707
0.046
0.186
0.773
1.032
0.839
3.337
0.488
0.093
0.1
0.134
1.333
0.075
0.725
0.768
0.688
0.658
0.572
0.717
0.653
0.174
0.985
0.501
2.217
0.271
0.052
0.831
0.463
0.034
0.248
0.773
0.032
0.048
0.164
0.034
0.12
0.876
0.687
0.821
1.333
0.053
0.137
0.03
0.703
2.685
1.433
0.928
0.628
0.109
3.421
0.156
0.045
0.157
0.037
2.233
1.382
0.712
1.342
0.026
0.135
0.842
0.053
0.103
0.537
0.747
1.065
0.657
0.667
0.126
1.778
1.068
0.8
1.801
0.036
1.458
0.069
1.208
0.181
1.065
0.067
1.216
0.011
2.313
1.857
0.58
0.442
1.679
1.684
0.058
0.611
0.981
0.05
2.92
0.039
0.691
0.627
1.216
1.691
0.659
0.221
1.109
0.164
0.142
1.809
0.164
0.02
0.163
0.06
0.674
1.052
1.559
0.339
1.425
0.11
0.528
0.065
1.722
0.083
0.1
0.664
0.528
0.999
0.67
0.781
1.114
1.546
0.109
0.793
0.035
1.106
0.087
0.879
0.092
1.945
0.309
0.176
0.368
1.087
0.896
0.735
0.119
1.24
0.732
1.513
1.003
1.278
0.674
1.009
0.813
0.506
0.016
0.992
0.112
1.697
0.214
0.236
1.096
0.108
0.819
0.035
0.587
0.244
0.066
1.168
0.662
1.654
0.088
0.245
0.672
0.191
0.38
0.83
0.763
0.095
0.338
0.151
2.01
0.035
0.068
0.169
0.105
0.527
0.887
1.49
0.042
1.788
0.669
0.346
0.21
0.578
0.756
0.088
0.071
0.866
1.208
0.058
1.15
1.917
0.054
0.722
0.564
0.04
0.143
0.679
0.122
2.017
0.067
0.389
0.05
0.845
0.539
0.788
8.516
0.055
0.618
2.415
0.16
0.053
0.786
3.188
0.103
0.114
0.024
0.133
0.19
0.06
0.882
0.195
0.988
0.932
0.058
1.353
0.575
0.811
0.23
0.061
0.083
0.97
0.747
0.259
0.04
1.305
0.246
0.259
0.021
0.025
1.07
1.019
1.031
1.808
0.114
0.083
0.124
0.85
2.047
1.341
0.015
0.106
0.786
0.066
0.027
3.178
2.553
0.066
0.026
0.404
0.717
1.395
0.206
0.168
0.203
0.631
0.182
0.681
1.024
0.534
0.578
1.193
0.085
1.221
0.682
2.045
0.576
1.245
1.744
1.319
0.625
0.429
0.957
1.449
0.685
0.021
0.36
0.279
0.673
0.614
0.197
0.065
1.006
2.005
1.177
0.695
2.051
0.755
1.853
1.023
1.778
1.219
1.013
0.343
2.091
0.791
0.027
0.878
0.553
0.062
0.562
0.678
0.785
0.528
0.22
0.368
1.752
0.567
0.334
1.441
1.506
1.882
0.115
0.119
0.57
0.194
0.51
0.526
0.335
0.345
0.669
0.064
0.938
0.693
0.072
0.032
0.297
0.078
0.543
0.024
0.021
0.569
0.028
0.865
0.052
0.077
0.589
0.328
1.955
1.834
0.441
0.889
0.629
0.053
0.047
0.641
0.021
1.151
0.448
0.057
0.683
0.104
0.529
1.334
0.683
0.635
2.061
2.679
0.075
1.155
0.592
0.717
1.477
0.091
0.582
0.138
0.662
0.061
0.087
0.031
1.915
0.183
3.151
0.085
0.536
1.18
0.322
0.65
0.102
0.547
1.14
1.664
0.405
0.055
0.582
2.723
0.105
0.588
0.274
0.702
0.288
0.44
1.065
0.728
0.052
0.064
0.048
1.227
0.149
0.549
0.714
2.931
0.616
0.061
0.014
0.035
1.303
0.098
0.025
0.635
0.725
0.876
1.003
0.935
2.096
0.993
0.513
0.871
1.061
0.921
0.019
0.554
0.736
0.079
0.03
0.86
1.73
1.897
0.255
2.986
0.125
1.852
1.144
0.632
0.806
0.179
0.361
0.718
0.281
5.236
0.063
0.065
0.353
0.476
0.097
1.053
0.913
0.346
0.719
0.042
0.938
0.81
2.781
0.106
0.771
0.107
0.204
1.054
0.055
2.748
0.728
0.703
0.94
0.767
1.454
0.815
1.168
0.242
1.622
0.163
2.959
0.598
1.441
0.333
1.099
0.997
0.077
0.461
0.149
0.267
4.019
0.081
1.461
0.715
3.481
0.727
0.113
0.345
0.135
0.086
0.075
0.324
0.534
1.861
5.158
1.629
0.061
2.721
1.413
0.998
0.168
0.112
0.909
1.174
1.15
0.42
0.075
1.165
0.073
0.055
0.157
0.764
1.016
0.044
1.251
0.615
0.076
0.704
0.047
0.024
0.085
1.557
1.787
2.306
0.781
0.773
0.995
1.041
0.308
0.793
0.193
1.448
0.043
0.016
0.768
1.41
0.621
1.833
0.89
1.898
0.099
0.706
0.056
1.427
2.888
0.688
0.499
0.817
3.133
0.056
2.895
0.966
0.803
0.81
0.044
0.143
1.053
0.22
0.669
0.032
0.539
0.798
0.098
0.633
0.428
0.255
1.103
0.089
1.09
0.087
0.722
0.558
0.363
2.655
0.024
0.523
1.664
0.606
0.133
1.297
0.79
0.027
0.91
0.083
0.692
1.946
0.088
0.058
0.344
0.639
0.071
1.715
0.135
0.667
0.542
0.652
0.169
0.117
0.097
0.648
1.253
2.483
2.582
2.054
0.071
0.056
0.051
0.937
1.015
0.84
0.956
0.053
0.749
0.334
1.487
0.149
0.042
0.49
0.132
0.112
0.557
0.052
1.19
1.535
1.372
3.712
0.292
0.034
0.302
0.97
0.272
1.077
0.637
0.577
0.334
1.126
0.089
0.285
0.171
0.061
0.177
0.027
0.079
1.015
0.099
1.557
1.98
0.751
0.26
0.088
0.858
4.773
0.567
0.672
0.036
0.532
0.044
0.124
0.704
3.928
0.244
1.044
0.649
0.637
0.729
0.285
0.672
0.143
0.75
0.407
0.767
0.677
0.862
1.755
0.915
0.033
1.081
0.676
0.518
0.088
1.637
0.642
0.845
0.402
0.772
0.144
1.304
0.627
0.026
0.349
0.184
1.958
0.306
1.096
0.212
1.527
0.894
0.623
0.725
0.58
0.589
0.404
0.027
0.347
0.801
0.023
0.828
0.96
0.191
0.609
0.034
0.902
0.919
0.147
1.247
0.163
0.078
0.468
1.669
1.427
0.513
0.157
0.784
0.69
0.776
0.062
0.033
3.232
0.745
0.15
0.028
0.256
0.839
0.204
0.317
1.103
0.025
0.355
0.077
0.641
0.608
2.381
0.906
0.225
0.024
0.64
0.487
0.234
0.082
0.022
1.877
0.771
0.148
0.031
0.893
0.057
0.537
1.283
4.401
0.566
1.372
0.075
3.005
0.607
0.58
0.031
1.378
1.209
0.047
0.46
0.025
0.023
0.848
0.953
0.521
0.671
0.754
0.392
0.698
0.031
0.653
0.034
0.449
1.618
0.108
0.779
0.278
1.573
0.09
0.658
0.658
1.434
0.055
1.598
0.315
1.959
0.076
0.817
0.663
0.193
1.404
0.787
0.052
1.123
1.71
0.776
1.233
1.663
1.255
0.387
0.775
0.347
2.128
0.121
1.657
0.207
0.512
0.815
0.173
0.712
0.809
0.706
2.537
0.046
0.055
2.313
0.039
0.785
0.582
0.413
0.581
0.134
0.703
1.02
0.97
0.101
0.957
1.024
0.606
0.223
0.953
0.056
0.457
0.579
0.27
0.809
0.934
0.588
1.594
0.722
0.209
1.054
0.609
0.84
1.051
0.248
0.616
1.299
0.047
1.21
0.744
0.082
0.581
1.159
0.705
1.354
0.814
0.565
1.835
1.466
0.838
1.664
0.18
0.808
0.034
0.598
0.446
0.044
1.74
0.118
1.816
1.377
0.337
0.254
0.577
0.399
1.521
0.173
0.7
0.197
0.192
0.668
1.546
0.761
0.02
0.93
0.192
0.311
0.161
1.723
0.033
0.51
1.64
0.482
0.023
0.715
0.081
0.04
0.706
0.102
0.071
0.046
1.01
0.152
0.217
5.671
0.085
0.133
0.444
1.703
0.866
0.77
0.182
0.931
1.132
1.259
2.07
0.563
0.486
0.853
0.164
0.048
0.059
0.05
0.681
2.135
0.187
1.136
0.018
0.764
0.923
2.838
0.631
0.616
2.331
1.608
0.04
0.38
0.574
1.803
1.552
0.579
0.528
1.047
0.854
0.069
0.523
1.386
0.052
0.023
0.928
0.945
0.207
0.953
1.44
0.574
1.547
1.508
0.935
0.715
0.064
0.605
0.333
0.687
0.227
0.265
0.95
2.738
0.616
0.174
1.539
0.896
0.046
0.539
1.661
0.738
0.789
0.771
1.806
2.361
0.286
1.096
0.163
1.24
0.045
0.359
2.694
0.043
0.608
0.674
1.015
0.545
0.104
0.676
0.613
0.32
0.665
0.047
1.231
0.084
0.231
1.036
2.61
0.654
1.36
0.674
0.825
1.735
0.251
1.396
0.681
1.879
0.701
0.714
0.555
1.44
1.049
0.151
4.673
0.586
0.611
0.679
0.02
0.793
0.935
0.698
0.95
0.457
0.046
0.351
0.065
1.388
0.988
2.658
0.142
0.043
0.037
1.968
1.197
0.72
1.075
0.14
0.62
0.763
0.051
0.095
2.008
4.99
1.133
0.059
0.04
0.135
0.202
0.944
0.047
0.283
0.298
2.231
0.452
0.053
1.781
0.218
1.427
1.127
0.683
1.466
0.514
0.534
0.074
0.78
1.201
0.459
0.529
0.075
0.082
0.241
1.089
0.908
0.06
7.503
1.072
0.111
0.048
0.1
1.565
0.047
0.928
1.54
1.06
0.093
0.939
0.168
1.02
1.724
3.955
0.101
0.789
0.643
0.914
0.97
0.11
1.724
0.617
0.87
0.825
0.814
0.129
1.092
0.065
0.789
0.683
2.282
0.602
0.781
0.801
0.139
0.247
0.746
0.17
0.783
0.044
0.987
1.017
0.112
0.764
0.699
0.628
0.916
0.066
0.128
0.523
0.672
0.036
1.214
0.065
0.047
0.811
1.174
0.085
0.928
0.369
3.12
2.078
0.846
0.147
0.075
1.573
0.187
1.25
1.999
0.03
0.041
0.194
0.895
0.804
0.916
0.326
0.197
0.792
0.214
1.447
0.661
3.25
0.743
0.146
0.151
0.054
1.815
0.546
1.29
0.093
0.135
1.294
0.785
3.379
0.827
0.596
1.689
2.02
0.032
0.607
0.599
0.413
2.058
0.04
1.271
0.657
1.252
1.516
0.036
0.695
2.672
0.053
1.77
1.631
1.646
0.119
1.625
0.035
0.087
0.933
0.306
0.208
0.271
1.513
1.621
1.14
2.452
0.612
0.188
2.004
0.104
0.942
0.096
0.8
0.083
2.39
0.673
0.82
0.033
0.583
0.144
1.025
0.802
2.409
1.419
0.464
2.015
0.749
0.621
0.632
1.426
0.589
1.167
0.877
0.04
0.268
0.042
0.044
0.098
0.086
0.533
1.351
0.752
0.057
1.367
0.399
0.071
0.588
0.463
0.699
1.283
4.74
0.15
1.719
2.59
2.156
1.565
1.325
0.024
0.676
2.013
1.206
0.609
0.657
0.165
1.063
0.894
0.093
0.792
0.728
0.069
2.955
0.046
1.715
0.025
1.719
0.935
2.096
0.155
1.03
0.845
0.675
1.905
0.057
0.704
0.663
0.032
0.228
1.241
0.767
1.381
0.958
0.614
0.648
1.034
1.426
0.621
0.207
0.041
3.053
1.103
0.956
1.903
0.158
0.537
0.925
0.024
0.338
1.544
0.588
2.21
0.711
1.384
0.721
0.046
1.509
0.049
0.977
0.798
1.631
0.981
2.701
0.857
0.474
0.176
0.725
0.556
0.764
0.193
0.052
0.176
1.574
0.64
0.04
0.054
0.02
1.735
0.075
3.905
0.374
1.008
0.329
0.039
0.991
0.07
0.055
2.238
0.456
1.175
0.923
1.916
1.598
1.106
0.287
1.019
0.173
0.686
0.644
0.385
0.781
0.063
0.649
1.487
1.366
0.27
1.91
0.614
0.499
0.317
0.812
0.944
1.263
0.607
0.831
0.15
2.672
0.375
0.067
1.017
0.956
1.016
1.255
0.076
0.206
0.15
0.023
0.08
0.57
0.88
1.119
0.482
0.062
0.096
1.614
0.796
0.298
1.295
0.199
0.207
0.074
0.955
1.137
0.63
0.024
0.854
0.061
0.895
0.122
0.618
2.129
0.707
0.942
0.065
1.71
0.602
0.096
1.153
4.203
1.231
2.865
0.824
0.036
0.055
0.702
1.224
0.575
2.022
0.246
0.777
0.632
0.058
3.921
0.644
0.028
1.082
1.149
0.547
1.033
0.212
2.243
0.13
0.643
1.593
2.343
0.767
0.988
1.235
1.14
1.818
1.104
0.637
0.029
1.537
1.568
0.072
1.464
1.847
1.149
1.074
1.572
0.764
1.7
1.419
0.141
0.053
1.811
0.791
0.905
1.612
1.338
0.626
3.638
0.18
0.134
0.04
0.811
1.482
0.831
0.083
0.675
0.054
0.056
0.069
1.321
0.823
0.367
0.608
0.083
0.676
0.653
0.048
0.075
1.487
0.897
0.161
0.304
0.021
0.035
0.696
1.46
0.086
1.068
0.043
0.579
0.441
0.6
0.089
0.694
1.163
0.065
0.139
0.022
0.036
1.753
0.686
0.578
0.622
0.098
0.842
0.755
0.075
0.097
0.683
0.707
0.97
1.501
1.553
0.022
0.915
0.274
1.53
0.66
1.673
0.79
0.812
1.427
0.037
0.525
0.873
0.129
0.489
2.458
1.696
1.056
0.147
0.051
1.294
0.453
1.183
1.527
0.27
0.262
0.646
0.894
0.965
0.211
0.031
0.901
1.263
0.034
0.572
0.08
0.284
0.69
1.818
0.775
0.091
1.476
0.215
0.171
0.206
0.736
0.633
0.821
0.835
0.689
0.257
1.009
0.146
0.921
0.905
0.647
0.634
0.043
0.046
0.135
1.23
0.645
1.025
0.878
1.366
0.632
0.035
0.132
0.841
0.771
0.741
0.055
5.94
1.676
3.023
0.608
1.265
0.777
0.398
1.669
0.036
2.535
0.832
0.963
0.033
1.656
1.234
0.111
0.96
0.801
0.73
0.285
0.045
0.598
0.765
0.767
1.183
0.794
0.69
0.817
0.954
0.019
0.623
0.543
2.561
0.141
0.563
1.64
2.628
0.207
0.574
0.793
3.125
0.058
0.064
0.484
1.217
3.309
0.618
0.536
0.492
0.582
1.165
0.854
0.386
1.307
0.949
2.084
0.785
0.078
0.073
2.1
0.024
0.768
0.062
2.18
0.023
0.034
0.052
1.851
0.071
0.183
0.194
0.02
0.799
3.281
1.588
1.862
2.905
0.055
0.028
0.039
0.081
0.07
1.038
0.102
1.17
0.632
1.813
0.099
0.422
0.896
0.122
1.367
0.036
1.178
0.653
0.105
0.181
0.043
0.038
1.055
0.852
0.887
1.1
0.507
0.527
1.472
1.697
0.027
0.055
1.757
0.159
2.013
0.628
0.283
0.25
0.061
0.026
2.814
0.055
0.767
0.472
0.183
0.139
0.995
0.367
0.235
0.789
0.263
1.302
0.877
0.048
0.857
1.491
1.694
0.093
0.316
0.979
0.172
0.872
0.082
0.841
0.881
0.037
0.957
0.701
2.447
0.058
0.031
0.533
0.573
0.819
0.061
0.037
0.483
0.935
3.676
1.511
0.056
0.97
1.406
1.526
0.443
0.683
0.062
0.563
0.045
0.671
3.51
0.871
0.62
0.771
0.773
0.024
0.912
1.801
2.236
0.847
1.692
0.259
1.131
0.039
0.033
0.724
0.521
2.425
0.593
0.827
0.134
0.651
1.124
0.043
1.04
0.765
0.036
1.439
1.073
0.741
0.434
1.25
0.532
0.019
0.773
0.027
0.072
1.511
0.029
0.742
0.063
0.721
0.578
2.274
0.052
0.795
0.424
0.011
1.547
1.593
0.153
1.418
0.63
1.006
0.273
0.563
0.092
0.627
0.659
0.075
2.394
3.016
0.819
0.413
0.707
0.522
0.681
1.27
0.431
0.379
0.213
0.401
0.064
0.03
0.859
0.765
1.288
0.1
0.63
0.053
1.585
0.679
2.231
1.535
0.636
0.192
0.782
1.093
1.639
0.293
0.201
1.192
0.886
1.152
0.043
0.17
0.102
0.186
0.642
1.328
0.225
0.038
0.169
0.041
0.638
0.267
0.807
0.983
0.565
0.958
0.293
0.044
1.239
1.445
0.049
0.044
0.171
1.833
0.059
0.248
1.219
0.139
0.068
0.079
0.327
1.611
0.064
0.803
0.033
0.058
0.067
0.69
1.086
0.095
1.005
0.058
0.429
0.095
1.526
0.811
1.924
0.062
2.106
1.719
0.144
0.999
2.105
0.053
1.613
0.758
1.027
0.053
0.03
0.102
1.601
2.789
1.116
2.213
1.936
0.11
0.745
2.78
0.626
1.905
0.759
0.088
0.075
0.603
0.035
1.616
0.089
0.227
0.068
0.103
0.175
0.931
1.314
0.037
0.805
0.272
1.233
0.089
0.03
0.899
0.227
0.056
1.363
2.165
0.142
0.723
1.125
0.457
0.564
0.696
0.53
0.562
0.55
0.999
0.606
0.683
0.171
0.885
0.152
0.628
0.846
1.556
1.993
0.063
0.076
1.245
0.683
1.327
0.072
0.082
0.066
0.081
2.131
0.9
0.569
0.108
0.925
0.591
1.498
0.183
0.531
0.914
0.23
0.414
1.835
0.047
0.99
0.089
1.552
0.161
0.675
0.51
0.647
0.892
0.143
0.845
0.621
0.07
1.803
0.572
0.304
0.523
1.24
0.221
0.483
0.762
0.731
0.772
3.648
0.567
0.034
0.054
0.683
0.799
0.969
7.513
1.324
0.044
1.022
0.227
2.116
0.615
0.652
0.343
0.095
0.844
0.272
0.131
0.162
0.943
0.057
0.176
0.178
1.721
0.114
0.022
0.08
0.327
0.762
1.171
2.606
0.892
1.75
0.14
0.076
0.801
0.898
0.956
0.649
0.765
0.07
0.922
0.845
1.58
0.978
1.171
0.037
0.891
0.39
0.923
0.886
1.028
1.066
0.717
1.531
0.017
1.181
0.746
1.703
1.43
0.162
2.084
0.684
1.06
0.34
0.078
1.049
0.03
0.039
0.558
0.564
0.064
0.861
0.193
0.027
0.096
0.317
0.068
0.593
1.861
0.43
0.785
0.718
0.725
0.722
1.371
0.029
0.069
0.054
0.022
3.587
0.803
0.289
0.172
1.098
0.036
0.866
1.945
0.836
0.147
0.056
0.11
1.839
2.148
0.888
0.619
0.549
0.692
0.052
0.201
1.422
0.051
0.779
0.036
0.286
0.097
0.491
0.632
0.034
0.041
1.524
1.829
2.256
0.831
0.909
1.179
1.2
1.716
0.27
0.119
2.468
0.613
2.418
0.025
0.916
0.196
1.652
0.027
1.307
0.78
0.099
0.096
0.051
3.546
0.265
0.71
0.141
0.299
0.085
0.855
0.657
0.067
0.556
0.683
0.026
2.222
0.666
1.701
0.43
1.083
1.18
0.058
0.011
0.455
0.136
0.819
0.036
0.035
0.71
0.322
0.125
0.617
1.947
1.299
0.189
0.879
0.554
0.361
0.026
0.233
0.042
0.446
0.682
0.025
0.674
0.028
0.651
1.273
0.659
0.077
0.163
0.821
1.547
1.799
0.864
0.659
1.52
1.871
1.072
2.213
0.043
1.056
0.079
0.752
1.214
1.276
2.187
0.773
0.847
0.148
2.24
0.523
1.563
0.025
0.951
1.609
0.774
1.545
0.506
0.142
0.591
0.533
0.717
0.579
0.078
1.064
1.315
0.101
0.541
0.913
0.755
2.229
0.942
1.148
1.427
0.021
1.746
0.037
0.134
2.396
1.608
0.898
0.189
0.845
0.389
0.386
1.527
4.691
1.091
0.078
1.73
1.581
0.415
0.538
0.184
1.909
0.79
0.167
0.907
0.029
1.41
0.023
0.281
0.633
1.335
1.845
0.12
0.791
0.981
0.025
0.675
1.322
0.203
1.244
0.267
0.067
0.523
0.101
0.958
1.727
0.029
0.204
0.668
1.321
2.409
1.452
0.33
0.827
1.094
0.217
2.206
0.602
0.314
1.133
0.084
2.153
0.196
0.031
0.061
0.984
0.695
0.272
0.95
0.043
0.159
0.143
0.042
0.1
0.402
0.286
1.039
1.218
1.773
1.584
0.778
2.131
0.079
0.908
1.716
0.04
0.869
1.978
0.421
0.05
0.648
0.113
0.813
0.038
0.588
2.754
0.991
0.873
1.939
0.038
0.879
0.901
0.067
0.363
0.151
0.033
0.099
0.948
1.283
0.751
0.547
0.38
0.766
1.731
0.82
0.315
0.045
0.732
0.033
0.971
1.266
1.661
0.077
0.727
0.403
0.038
0.033
0.152
0.727
0.964
0.676
0.714
0.207
0.267
0.902
2.099
0.09
0.017
0.649
1.51
1.42
0.206
0.902
3.271
1.185
0.154
0.227
0.622
0.138
0.631
1.014
0.073
0.37
0.293
1.138
1.165
0.456
0.088
0.254
0.05
0.572
1.578
1.395
1.963
0.91
0.164
0.712
0.031
0.641
0.888
1.242
0.702
0.736
0.167
0.274
0.639
0.747
0.025
0.954
0.361
1.305
0.151
1.625
0.137
0.066
0.757
2.041
0.139
0.091
0.569
0.058
0.704
0.221
0.706
0.023
0.192
0.088
0.312
0.038
0.077
0.039
0.207
1.519
0.131
0.711
0.525
0.761
3.578
0.592
0.696
1.028
1.289
0.669
0.659
0.096
0.251
0.064
1.62
0.02
0.039
0.046
0.712
0.704
0.088
0.583
0.757
0.027
0.725
1.703
2.657
1.186
0.846
0.696
0.336
0.569
0.678
0.812
0.155
0.799
0.835
0.269
0.27
0.203
0.055
0.732
0.36
1.492
1.49
0.466
2.427
0.688
1.124
3.548
0.222
1.533
0.841
0.643
0.854
0.77
1.119
0.037
0.012
1.239
1.349
0.035
0.141
0.416
0.026
1.941
0.214
0.035
0.249
2.326
0.816
0.017
0.49
0.085
1.064
0.187
0.041
1.794
0.872
0.92
0.462
0.471
0.167
0.753
0.051
1.886
0.025
0.059
0.063
1.139
1.653
0.041
1.071
1.068
2.523
0.859
1.853
0.098
0.049
0.758
2.785
0.322
0.66
0.691
1.164
0.742
0.069
0.608
1.449
0.382
0.502
0.548
2.339
1.177
1.916
0.691
0.673
2.193
1.273
0.658
2.216
0.634
0.159
0.799
0.08
0.08
0.06
0.906
0.227
0.043
1.141
0.163
0.038
0.81
0.781
0.81
1.4
0.021
4.379
1.039
0.801
0.347
0.806
0.835
0.862
0.841
0.936
1.067
0.05
3.511
0.072
0.094
1.907
0.038
0.065
0.184
1.495
0.024
0.101
0.7
0.257
0.046
1.077
0.216
1.478
0.775
0.171
0.046
0.843
0.494
0.657
0.407
1.689
1.292
0.598
0.115
0.757
3.318
0.641
0.345
0.061
1.004
0.85
0.839
0.065
1.23
0.034
0.915
0.029
0.108
0.511
0.795
1.348
0.299
0.195
0.163
0.035
0.977
1.898
1.631
0.029
1.366
1.246
0.854
0.873
0.693
1.688
1.283
0.958
0.027
2.038
0.631
0.382
0.019
0.077
0.833
1.879
1.229
1.129
1.966
1.172
0.031
0.588
0.117
1.004
2.936
0.963
0.379
2.244
1.779
0.029
0.045
0.031
1.036
0.031
0.826
1.585
0.144
0.578
0.049
1.559
1.034
1.504
0.132
0.25
0.047
1.308
1.426
0.039
0.025
0.594
1.22
3.715
0.765
0.443
0.593
1.446
0.525
0.151
0.979
0.923
0.542
0.79
0.021
0.058
0.146
1.173
0.104
0.065
0.118
0.613
2.7
0.047
1.743
0.73
0.058
0.052
0.901
2.566
1.055
0.718
0.766
0.271
0.246
0.069
0.065
0.065
0.257
2.307
0.626
1.69
1.09
0.052
0.221
0.393
0.265
0.954
1.595
1.362
3.042
0.311
0.419
1.417
0.273
0.45
0.715
0.783
1.737
2.037
0.689
0.025
4.978
1.616
0.827
1.095
0.029
0.978
0.48
0.586
0.111
0.578
0.879
0.883
0.235
0.028
0.838
2.443
0.041
0.098
3.833
1.597
0.137
0.712
1.106
1.133
0.236
0.126
1.913
0.076
0.716
0.841
0.717
0.02
0.819
1.064
0.628
0.167
0.818
0.442
0.204
0.981
0.031
0.657
0.896
0.567
0.924
0.613
0.054
0.869
0.973
0.25
1.369
1.708
0.751
0.018
1.74
0.047
0.626
0.808
0.725
0.09
0.513
1.166
0.925
1.378
0.668
2.361
0.73
1.124
1.425
0.104
3.73
0.671
0.185
0.741
0.759
0.787
0.039
0.028
1.481
1.528
1.261
0.451
0.086
1.65
0.695
0.661
3.693
0.768
0.166
0.678
0.088
1.186
0.355
0.074
1.404
1.579
0.072
0.303
0.931
0.123
0.407
1.737
1.26
0.821
0.56
1.546
3.447
0.745
2.082
0.226
1.471
1.291
0.877
0.327
2.3
3.233
1.499
0.056
0.532
0.05
0.876
2.425
1.338
0.132
0.642
0.072
0.031
0.021
4.269
0.865
0.173
0.818
0.052
0.038
2.559
2.685
0.844
1.13
0.983
0.605
0.063
0.755
0.809
0.233
0.863
0.643
1.072
0.138
0.108
0.847
0.584
0.22
0.037
0.157
1.36
0.043
0.61
0.108
0.133
0.108
0.686
0.044
0.032
1.09
0.053
0.151
1.22
1.27
0.667
2.494
1.908
0.048
1.021
2.132
1.549
1.132
0.574
3.81
0.183
0.039
0.061
0.607
0.039
0.666
0.16
0.867
1.31
0.067
0.147
1.7
1.121
3.743
0.05
2.406
3.142
0.335
0.04
0.098
0.947
0.929
1.085
0.05
0.048
0.065
0.742
0.084
0.863
0.552
0.398
1.221
0.815
0.053
0.097
0.741
0.23
0.899
0.047
1.061
0.263
0.287
0.675
0.076
0.344
0.045
0.148
0.71
0.488
0.632
0.721
0.057
3.505
0.116
2.392
1.238
0.144
0.638
1.952
1.113
1.314
0.138
0.534
0.02
0.679
0.441
0.064
2.529
0.262
0.062
0.411
0.666
2.694
1.035
0.615
0.049
0.663
1.686
0.103
0.837
2.08
1.115
0.738
3.578
0.684
0.29
0.076
0.925
0.241
0.497
0.053
0.124
0.787
0.762
1.146
2.733
1.331
0.519
0.655
0.159
0.609
0.324
0.888
2.944
1.443
0.733
0.033
0.234
0.637
0.07
0.065
0.255
0.069
0.162
0.708
0.204
1.474
0.309
0.921
0.119
0.134
1.483
0.626
0.625
0.06
1.73
0.057
0.216
0.591
0.033
0.767
0.086
1.565
0.575
0.938
0.053
0.131
1.658
1.336
2.108
1.421
0.085
1.077
0.468
0.064
0.046
0.178
0.338
0.496
1.139
0.891
0.776
0.044
0.033
1.444
0.036
0.027
0.699
1.044
0.922
4.024
1.366
1.464
1.165
0.554
0.076
0.022
3.461
0.097
0.464
2.009
0.739
0.298
1.913
1.228
0.591
0.789
0.042
0.062
0.063
1.415
0.104
0.646
2.139
0.091
1.863
0.037
0.758
2.493
0.597
1.269
1.391
0.183
1.979
0.976
0.072
0.949
1.346
3.272
0.019
0.115
1.044
0.028
1.042
0.064
2.23
1.336
0.694
0.234
0.996
0.33
2.025
0.158
2.782
0.493
0.037
0.712
0.254
0.057
0.72
0.017
2.506
1.075
0.945
0.059
1.009
0.026
0.164
0.9
1.921
0.952
0.689
1.303
0.204
0.677
0.038
0.633
0.754
0.795
0.362
0.142
0.673
0.044
2.031
0.043
0.679
0.733
0.171
1.081
0.049
0.075
0.628
0.63
1.534
0.731
0.521
1.414
0.062
0.542
0.204
0.239
0.647
1.25
0.197
0.093
0.72
0.049
0.664
1.503
0.06
0.623
0.678
0.023
0.282
0.863
1.051
0.034
0.66
0.423
0.627
1.966
1.025
0.795
0.217
0.101
1.846
0.574
0.682
0.475
0.167
0.65
0.379
0.18
0.087
3.393
1.076
0.072
0.23
0.027
0.777
0.544
0.709
0.353
1.151
0.818
0.512
0.131
0.603
1.181
1.024
0.179
0.082
0.837
0.168
0.18
0.045
0.963
0.309
1.133
0.075
1.594
0.905
0.643
4.033
0.665
0.597
0.849
1.271
0.437
2.808
0.753
1.057
0.059
0.035
0.079
1.401
0.135
0.625
0.161
0.713
0.021
0.669
0.54
2.359
0.043
0.933
1.172
1.061
0.017
0.207
0.685
0.056
0.247
0.031
0.734
1.298
0.89
0.032
0.963
0.957
1.774
0.901
0.793
1.365
0.059
0.096
0.907
0.478
1.056
0.06
0.194
0.241
1.175
1.533
0.046
0.148
0.521
0.152
0.257
0.264
1.02
0.861
0.319
0.159
0.128
0.088
0.093
1.017
0.241
0.063
1.617
0.032
0.208
0.061
2.461
0.716
0.447
0.065
2.256
0.122
0.023
0.06
0.053
0.702
0.066
1.951
0.623
0.052
1.833
0.809
0.863
0.095
0.674
0.662
1.011
0.171
0.121
0.783
0.53
1.364
0.195
0.025
0.796
2.401
1.195
0.109
0.624
2.632
0.875
1.432
1.667
0.934
0.448
1.171
0.285
1.97
0.985
3.796
0.082
0.543
0.359
0.525
0.6
2.445
0.212
0.749
0.088
1.056
0.655
0.078
0.808
0.463
0.681
2.267
0.725
1.837
0.788
2.286
0.049
1.297
0.719
0.017
0.833
0.715
0.182
0.506
0.529
0.997
0.051
0.955
0.647
0.6
2.697
0.746
1.062
0.326
0.536
0.063
0.097
2.609
0.77
1.012
0.101
0.324
0.878
0.618
1.8
0.753
0.992
0.33
0.845
0.106
0.954
0.14
1.979
0.602
0.626
2.142
0.922
0.029
1.899
0.08
0.088
2.145
1.541
0.043
0.168
0.093
0.752
0.049
0.048
0.985
0.274
1.948
0.14
0.069
0.58
0.26
0.768
0.239
0.055
0.932
2.089
0.032
0.752
0.891
0.109
0.134
1.468
0.026
0.094
0.748
0.036
0.294
0.623
1.7
0.123
0.171
0.673
0.629
1.49
0.086
0.575
0.235
1.821
0.035
2.093
0.984
1.321
0.738
0.051
3.637
0.701
0.169
0.116
0.044
2.01
3.314
0.181
1.648
2.046
0.223
1.716
0.104
0.084
0.54
0.21
1.015
0.639
0.162
0.056
1.393
2.02
0.604
1.689
0.2
1.607
0.654
0.941
0.578
2.269
0.102
0.298
0.674
0.563
0.377
0.131
0.567
1.124
0.046
0.162
0.253
1.048
0.045
0.104
0.588
0.032
0.54
0.862
0.889
0.026
0.588
0.085
0.261
0.833
2.34
1.01
0.799
0.779
3.77
0.884
0.057
0.063
1.239
0.037
1.711
0.071
0.785
0.021
0.162
0.965
0.946
0.713
0.973
0.054
0.054
0.477
0.404
0.678
1.506
0.68
0.204
2.009
2.696
4.676
1.128
0.698
0.188
1.87
0.099
0.651
0.464
0.087
0.28
0.397
0.618
0.095
0.036
0.592
0.288
0.008
0.223
0.137
0.743
0.817
0.109
0.051
0.735
1.975
2.824
0.771
0.176
1.676
2.348
0.205
0.203
1.271
0.023
0.77
1.534
0.816
0.143
0.919
0.83
0.039
0.041
0.055
0.688
1.746
1.413
0.035
0.038
0.923
0.285
0.038
3.555
0.287
0.643
0.121
0.796
0.051
0.292
0.341
2.199
1.32
0.182
1.142
0.035
0.802
0.623
0.094
1.113
0.213
0.061
0.68
0.813
0.584
0.052
1.209
0.84
0.613
0.911
0.105
0.654
0.702
2.492
0.711
0.022
0.797
0.151
0.919
0.874
0.873
0.111
0.316
0.226
0.369
0.661
0.018
0.984
2.596
1.778
0.288
0.634
0.064
0.582
1.173
0.069
0.046
0.139
0.665
0.138
0.172
0.044
0.173
0.664
0.561
0.46
1.165
0.739
0.038
0.832
0.082
0.656
0.613
1.106
0.073
0.662
0.903
0.514
2.414
0.71
0.479
1.245
0.273
0.704
0.118
0.175
0.084
3.286
0.76
0.099
2.703
0.712
0.844
0.035
0.059
0.077
1.334
0.43
2.587
0.936
0.06
0.073
1.868
0.064
0.025
0.391
0.867
0.135
1.001
1.196
0.627
0.757
0.043
0.037
0.022
0.024
0.028
0.06
0.627
2.09
0.105
0.062
3.403
0.03
1.941
0.583
0.631
1.0
0.247
0.074
0.722
0.061
0.833
0.633
2.07
1.707
0.836
0.082
2.047
0.669
0.124
0.28
1.192
0.361
1.753
0.086
0.068
0.098
1.605
0.296
0.052
0.805
0.073
0.33
1.652
0.195
0.221
0.03
0.744
0.705
0.646
1.758
0.91
1.143
0.829
0.532
1.347
0.466
1.257
2.029
0.891
0.117
0.78
0.033
0.565
0.216
0.019
0.26
0.865
0.358
1.414
0.126
0.112
1.541
1.523
1.863
0.711
0.014
0.186
0.097
0.176
0.76
1.06
2.14
0.176
0.484
1.017
0.876
3.347
0.974
2.19
0.531
0.151
1.538
0.05
0.134
0.708
1.372
0.154
1.35
0.272
0.206
0.421
0.049
0.664
0.87
0.686
0.281
0.093
0.037
0.665
0.02
0.694
0.059
0.146
0.387
1.278
0.05
0.027
0.132
1.184
1.208
0.172
0.029
0.581
0.15
1.646
0.787
0.539
1.186
0.328
2.791
0.736
0.922
0.816
3.414
0.233
1.21
0.173
1.896
0.891
1.058
2.623
0.894
1.308
0.937
0.157
2.528
0.222
0.024
0.707
0.572
0.041
1.068
1.853
0.737
1.518
0.724
1.253
0.048
0.064
0.674
0.933
0.265
1.735
0.868
1.131
0.99
0.304
0.225
0.715
3.938
0.884
0.838
0.876
0.074
0.115
0.602
0.121
0.938
0.338
0.477
0.137
0.027
0.461
0.076
3.636
0.541
0.964
1.544
0.068
0.705
0.553
0.647
1.095
0.081
0.033
0.174
0.087
0.029
0.522
0.198
1.526
0.067
0.018
0.046
1.302
0.867
0.133
0.045
0.71
1.505
3.198
1.809
0.271
2.508
0.126
0.08
2.211
0.752
1.548
0.124
0.688
0.196
0.145
2.929
1.339
0.62
0.851
0.744
0.242
0.229
0.834
0.638
1.698
1.669
1.628
0.866
0.119
1.4
0.16
0.215
0.263
1.814
0.365
0.969
0.032
0.252
1.453
0.107
2.173
1.991
2.78
0.216
0.184
1.903
0.164
0.828
0.536
0.057
0.49
0.082
0.639
0.594
0.059
0.942
0.807
0.55
1.135
0.1
0.737
0.823
0.093
0.735
0.85
1.454
0.121
2.225
0.061
0.882
0.193
0.851
0.686
0.754
1.299
0.759
0.051
0.388
0.801
1.23
0.416
0.993
0.355
0.808
0.092
0.124
0.766
0.561
0.69
1.038
0.487
0.524
0.925
0.956
0.733
1.231
0.782
0.05
0.054
0.42
0.177
0.454
0.515
0.551
0.641
0.64
0.728
1.85
0.217
0.812
0.657
0.033
0.743
1.225
2.098
0.929
1.741
1.481
0.086
0.027
1.015
1.114
1.232
1.031
0.087
0.663
0.593
0.676
0.883
2.166
2.135
0.122
1.298
0.788
0.134
0.696
1.902
0.687
0.634
0.02
0.25
3.868
0.016
3.971
1.681
0.655
1.917
0.018
1.227
0.09
0.217
0.202
0.101
0.023
1.119
0.621
1.329
0.703
0.826
0.393
0.074
0.268
0.621
1.477
0.946
0.609
1.156
0.064
0.452
0.033
1.8
0.265
1.032
0.177
0.273
0.308
0.884
0.228
0.221
0.704
0.113
0.021
0.63
0.037
0.725
0.61
0.758
0.93
0.734
0.091
1.291
0.018
0.463
0.109
0.066
0.688
1.856
1.378
1.366
0.02
2.251
1.459
2.048
0.937
0.022
0.88
0.685
0.962
0.033
0.814
0.706
0.154
0.814
0.903
0.082
0.839
0.707
0.03
0.581
0.919
0.575
0.215
0.595
0.531
0.029
0.926
1.196
0.072
1.776
0.723
1.325
1.817
1.087
0.84
0.838
0.181
0.893
2.071
1.08
0.965
0.846
0.734
0.616
0.846
0.021
0.779
0.565
0.567
0.409
1.127
1.06
0.729
0.214
0.578
0.046
0.695
1.953
0.565
0.059
3.518
0.452
0.278
0.043
0.057
0.19
2.113
0.166
1.554
0.89
0.591
1.078
2.917
0.272
0.662
0.137
1.407
0.054
0.274
1.227
0.039
0.086
0.035
0.032
0.606
0.567
0.709
0.904
0.02
0.082
1.474
0.61
0.044
0.231
1.608
1.098
1.105
0.022
0.055
0.824
0.299
0.737
1.624
0.792
0.921
1.368
1.763
0.799
0.025
0.855
1.286
0.907
0.377
1.055
0.396
0.299
1.392
0.026
0.652
0.135
0.372
0.071
0.435
0.476
0.304
0.346
1.215
0.082
0.439
0.082
1.036
1.056
0.049
0.76
0.154
0.621
0.604
0.853
0.633
0.691
0.147
1.127
0.619
2.071
0.059
0.196
0.894
1.375
0.144
0.903
1.218
1.228
0.664
0.033
0.725
0.68
0.935
0.675
0.814
0.626
0.095
0.516
1.224
0.118
0.676
0.721
0.519
0.554
0.806
0.745
0.703
0.572
0.643
0.026
0.186
0.666
2.199
0.732
0.845
0.333
0.025
1.905
0.662
3.071
0.448
0.679
0.794
0.046
3.357
0.049
0.096
0.753
0.151
0.297
0.985
0.359
0.848
0.749
0.22
0.941
0.069
0.132
0.47
0.612
0.048
1.014
0.096
0.039
0.715
0.122
0.029
1.633
0.123
0.228
0.82
0.528
2.258
1.634
0.595
0.104
0.653
0.348
0.994
0.599
0.769
2.026
0.329
0.189
0.708
0.253
0.697
0.101
0.61
0.624
0.034
0.287
0.78
0.747
0.816
1.996
0.905
2.554
2.208
0.468
0.779
0.066
2.266
1.192
3.382
0.045
0.177
0.097
1.28
0.023
0.046
0.152
0.646
0.993
0.045
0.714
0.181
0.806
0.593
0.077
0.678
0.11
0.031
0.772
1.235
1.254
0.708
0.448
2.967
0.657
1.383
0.153
0.913
0.574
0.737
0.681
0.673
3.787
0.616
0.284
1.635
0.363
0.782
0.88
0.342
1.694
0.711
0.028
1.134
1.902
1.05
0.641
0.617
0.06
0.07
0.889
1.49
2.522
0.737
0.108
0.844
2.532
0.915
0.397
0.895
0.041
0.744
1.065
1.362
0.052
1.142
0.619
1.92
0.873
0.046
1.181
0.122
0.316
0.082
1.704
0.069
0.482
0.017
0.967
0.528
0.953
0.834
2.801
0.074
0.068
0.632
0.058
2.213
0.465
0.091
0.741
0.037
1.384
4.664
0.087
1.464
1.871
0.194
0.613
1.264
0.12
0.033
0.795
2.228
1.071
3.618
0.134
0.044
0.036
0.944
2.084
0.143
0.751
0.054
0.939
1.117
0.83
0.146
0.269
1.19
3.817
0.052
0.553
0.659
1.476
0.165
0.101
0.073
0.135
0.332
0.987
0.918
0.944
2.134
2.315
1.45
2.646
2.472
0.701
0.588
0.766
0.649
0.741
0.243
1.084
0.122
0.243
1.44
0.558
0.167
0.747
0.077
0.644
0.269
3.766
1.836
0.422
1.202
0.613
0.03
1.701
0.301
4.467
0.588
1.171
0.393
0.927
0.6
0.066
0.048
0.08
0.537
1.085
0.966
0.047
0.203
1.007
0.284
1.084
1.266
1.034
0.415
0.552
0.585
0.541
0.749
4.174
1.23
1.279
0.258
2.019
0.288
1.288
0.048
0.672
0.049
0.998
1.496
3.207
1.493
0.038
0.115
0.029
2.078
0.261
1.043
0.766
0.296
1.421
1.347
1.838
3.554
0.63
1.033
0.436
0.867
0.453
0.051
0.045
0.99
0.211
0.404
0.098
0.151
0.206
2.01
0.044
1.002
1.432
1.646
0.415
0.645
0.925
0.048
0.33
0.063
0.083
0.613
1.528
0.745
0.113
0.548
0.077
0.202
0.039
0.923
1.381
1.196
1.815
0.757
0.059
1.63
0.78
1.891
1.239
0.643
1.437
0.897
0.835
0.166
0.594
1.292
3.437
2.175
0.892
1.617
0.851
0.605
0.856
0.078
0.086
0.173
0.585
2.931
1.423
0.06
1.803
0.166
0.894
0.361
0.298
1.812
0.692
0.038
1.955
0.237
1.032
0.784
0.66
1.774
0.043
1.119
0.842
0.951
0.092
0.236
0.623
3.321
0.06
0.026
0.193
0.866
0.075
1.159
0.09
1.164
1.883
1.094
0.322
0.807
2.005
0.602
0.793
1.958
0.663
2.256
0.596
0.122
0.118
0.257
0.962
0.838
0.696
0.772
0.455
0.875
0.93
0.141
0.048
0.972
0.13
0.82
0.783
1.281
2.079
0.036
2.256
0.209
0.162
1.392
0.141
0.871
0.071
0.06
0.021
0.196
0.77
0.749
0.128
0.682
0.06
0.515
1.382
0.032
0.856
0.867
0.916
4.873
0.533
0.095
0.779
0.707
2.002
0.047
1.014
0.927
0.038
0.833
0.67
0.125
1.61
0.926
1.151
0.501
0.29
0.85
0.133
0.612
0.32
1.154
0.477
0.564
1.294
0.855
0.727
0.228
0.629
0.058
0.202
0.953
0.218
0.819
0.189
0.602
0.937
1.161
0.656
0.859
0.678
0.286
0.017
1.456
0.508
1.275
0.922
0.698
1.1
0.767
0.477
0.976
0.066
0.148
0.051
1.344
1.528
0.842
0.643
1.627
0.703
0.997
0.215
2.995
1.123
0.744
0.692
0.736
0.775
0.299
0.019
0.668
0.076
0.627
0.215
0.74
0.424
0.2
1.437
0.763
0.179
0.234
0.123
1.811
0.217
0.066
1.045
1.12
0.297
0.313
0.738
0.897
0.695
0.654
0.215
0.187
0.238
0.574
1.054
0.075
0.566
0.077
0.116
0.095
1.385
0.258
0.011
0.027
0.996
0.663
0.018
0.668
0.214
0.212
0.176
1.591
0.21
0.707
1.371
0.09
0.585
0.58
1.57
0.79
0.044
1.218
1.434
1.221
0.538
2.428
0.786
0.796
0.284
0.699
0.654
0.746
0.304
0.659
0.029
0.912
0.024
0.04
0.279
0.181
1.071
0.057
2.335
0.107
1.676
0.849
1.047
2.043
0.726
0.054
0.633
1.083
0.704
0.231
0.568
0.109
0.027
0.018
1.002
0.878
1.182
1.481
0.818
0.23
0.141
0.337
0.102
0.576
0.817
1.286
0.061
0.054
1.11
0.144
1.033
0.058
0.581
0.703
0.33
1.921
1.798
0.131
0.678
0.607
0.967
2.148
0.132
0.554
1.613
0.017
0.502
0.064
0.237
1.507
0.824
0.025
0.161
1.496
0.366
0.81
1.452
1.911
2.093
2.197
0.811
0.712
0.447
3.291
1.747
0.778
1.123
1.748
1.755
0.755
1.814
1.413
2.552
0.016
0.11
2.101
0.185
0.059
0.638
1.292
1.044
0.022
0.024
0.537
0.035
1.487
0.457
0.078
0.062
0.727
0.603
3.159
0.667
3.202
1.446
2.836
0.026
1.363
0.641
0.695
0.062
0.115
0.738
0.877
1.103
0.29
0.092
1.219
0.593
0.027
0.885
0.866
0.022
0.597
0.689
0.908
1.173
0.441
0.032
0.869
0.842
0.064
0.084
0.063
0.533
0.58
0.234
0.337
0.055
1.492
1.091
0.267
0.778
1.369
0.027
0.114
1.006
0.549
0.868
0.069
0.628
3.823
1.782
0.546
1.081
0.996
0.037
1.364
0.062
0.026
0.65
0.629
0.068
1.374
0.094
0.884
0.365
1.487
0.047
0.024
0.657
0.688
0.14
0.795
0.637
0.175
0.058
1.498
0.997
0.05
0.65
0.034
1.838
0.069
0.785
1.234
1.064
1.719
0.131
1.497
0.61
1.866
0.122
0.323
1.101
0.77
4.166
0.606
1.493
1.322
0.796
2.399
2.131
1.467
0.048
0.666
0.091
0.085
0.681
0.54
1.137
1.493
0.719
1.316
1.965
0.097
0.051
0.059
1.247
1.05
1.768
0.226
1.282
0.044
1.132
0.879
0.938
1.524
0.349
0.937
1.159
3.235
0.291
0.714
1.128
0.533
0.764
0.107
1.194
0.535
0.912
0.412
2.744
0.662
0.021
0.755
0.067
1.05
0.978
0.047
0.444
0.353
1.357
0.712
1.024
1.26
0.225
0.139
0.53
0.403
0.244
0.231
1.46
0.127
1.53
0.049
1.6
0.778
0.265
1.145
0.686
0.021
0.974
0.827
0.182
0.527
1.021
0.145
1.641
1.346
0.199
0.624
0.853
0.449
1.971
0.061
0.055
0.031
0.444
0.196
0.999
1.273
0.327
0.054
0.454
1.382
0.219
1.25
0.624
0.08
0.086
0.515
0.763
0.091
0.728
0.519
0.712
0.1
0.301
1.727
0.743
0.527
0.054
0.718
0.705
0.221
0.753
0.631
0.037
2.266
0.457
0.531
3.77
1.029
0.07
0.049
1.51
1.832
0.695
0.057
0.641
0.295
0.586
0.499
1.017
0.531
0.204
0.067
1.654
0.5
0.629
0.18
0.93
2.216
0.594
1.795
0.204
0.762
2.208
0.026
0.867
0.204
0.744
0.887
0.554
0.068
0.133
0.278
0.207
0.78
1.019
0.777
0.165
0.792
0.844
1.222
1.464
0.735
0.065
3.244
0.966
0.057
0.08
1.087
0.549
0.152
0.058
0.448
0.115
1.379
0.846
0.734
0.044
0.536
0.726
1.255
0.87
1.409
2.624
1.491
0.514
0.835
0.058
0.089
2.183
0.081
2.286
0.875
1.264
0.822
0.313
0.091
0.437
0.599
0.443
0.28
0.03
0.763
0.027
2.593
1.257
0.285
0.03
0.776
0.056
0.272
1.06
0.662
0.059
0.786
0.212
0.883
0.3
0.518
1.267
0.567
0.086
0.262
0.71
0.458
1.875
0.03
0.581
0.954
0.433
0.067
0.153
3.302
1.066
1.612
0.937
0.518
1.733
0.694
0.431
1.746
0.175
0.024
0.026
1.219
0.982
0.669
0.576
0.227
0.061
0.045
1.304
0.794
0.174
0.096
0.045
1.369
1.963
0.762
0.061
0.742
0.747
0.077
0.807
1.084
2.039
0.261
0.418
1.14
0.116
1.023
0.265
0.14
2.922
0.783
0.731
0.022
1.519
0.021
1.152
1.005
1.017
0.082
0.508
0.238
0.637
0.784
0.124
1.865
0.02
0.619
0.89
0.037
0.946
0.103
4.499
0.678
0.792
0.081
2.15
0.724
0.607
0.031
0.545
0.031
0.717
1.156
2.351
1.061
0.025
0.157
2.173
0.27
0.056
1.673
0.712
0.411
0.648
1.482
0.19
1.885
0.164
1.956
0.075
2.162
0.726
0.068
0.921
0.421
1.49
0.094
0.969
0.103
0.096
1.339
0.72
0.062
0.272
0.473
0.924
0.679
0.124
0.674
0.39
0.061
1.277
0.057
0.85
0.342
0.65
1.302
0.811
0.047
0.06
0.048
0.621
0.504
0.647
0.043
0.14
0.175
0.275
0.06
0.26
0.09
0.952
0.968
1.655
0.828
1.143
1.547
0.074
1.909
1.219
0.448
1.121
1.388
0.838
0.849
1.083
0.74
0.118
1.142
0.08
0.606
0.768
0.044
0.851
0.677
0.544
0.437
0.961
1.056
1.23
1.419
0.051
0.402
0.316
0.958
1.302
0.979
1.048
0.023
0.549
0.147
0.099
2.576
0.115
0.835
0.056
0.163
0.071
0.45
0.902
0.734
1.338
1.025
0.735
0.089
1.87
0.71
0.519
0.715
0.239
0.876
0.109
0.064
0.954
0.077
0.067
0.2
0.143
0.049
0.593
0.837
0.05
0.105
0.04
0.08
1.075
0.591
0.984
0.526
0.096
1.934
0.899
0.027
0.591
2.881
0.033
0.141
0.179
1.376
0.056
0.826
0.806
0.267
0.102
0.042
0.602
1.67
0.713
1.098
0.971
1.553
0.701
1.031
0.735
1.207
0.02
0.085
1.743
0.601
0.944
0.558
0.049
0.161
0.116
0.714
0.043
0.627
1.464
0.347
0.772
0.152
0.018
0.07
3.992
1.12
2.184
0.048
0.062
0.677
1.32
0.072
0.027
1.053
0.633
1.064
0.498
1.706
0.723
0.027
0.05
0.362
0.056
1.231
0.6
0.335
0.955
0.203
2.813
0.208
0.774
0.622
0.031
0.768
1.244
1.724
1.449
0.156
0.225
0.392
0.162
0.911
0.736
0.091
0.108
0.608
1.35
1.357
0.659
1.102
1.287
1.171
0.382
0.53
0.725
0.123
0.711
0.037
0.158
2.464
2.275
0.473
0.137
0.948
2.621
0.095
0.832
0.101
2.364
0.05
1.174
0.107
0.041
0.757
1.085
1.906
2.281
0.046
0.961
0.85
0.067
0.619
1.129
0.626
0.198
0.728
1.179
0.875
0.027
0.072
0.072
0.076
0.39
0.514
0.059
0.041
2.213
0.115
0.13
0.26
0.844
0.617
0.1
0.747
0.78
1.919
0.727
0.706
1.168
0.997
1.397
0.068
0.081
0.707
1.394
1.643
0.714
0.585
0.666
0.122
0.24
0.939
0.972
1.376
0.076
0.985
1.076
0.099
0.738
0.601
0.501
1.126
1.343
1.04
0.909
0.058
1.7
2.662
1.603
0.658
0.925
0.569
1.638
1.075
0.081
0.374
0.395
0.623
0.099
0.809
0.078
0.792
1.485
0.166
0.524
0.88
0.05
0.163
0.078
0.059
0.078
0.11
0.607
0.029
0.072
5.729
0.073
0.099
0.095
2.145
0.591
0.568
0.016
0.72
1.18
1.717
1.113
0.798
0.991
0.625
0.844
0.351
1.561
0.034
0.832
0.207
0.093
0.152
0.679
0.387
0.726
0.641
0.716
0.067
1.281
0.068
0.033
1.194
0.535
1.127
0.787
0.828
1.732
0.036
1.393
2.59
0.934
1.361
0.723
0.415
0.074
0.566
0.051
0.684
0.571
0.022
0.07
0.075
0.044
0.749
2.877
1.33
0.886
0.038
0.661
0.56
0.94
0.635
0.787
0.764
0.955
0.028
0.801
0.565
2.203
0.648
1.97
0.585
1.211
0.799
0.544
0.255
1.021
1.731
2.929
0.691
0.077
1.027
0.048
0.852
0.238
0.882
1.003
0.789
0.059
1.124
0.118
0.02
0.856
0.228
0.057
0.682
0.276
0.637
2.899
2.332
0.358
1.494
0.221
0.09
0.595
0.146
0.056
0.826
0.095
0.678
1.477
0.044
0.048
0.077
3.263
0.106
0.746
0.838
0.528
0.031
1.708
0.54
0.71
0.04
0.078
1.345
0.052
1.257
1.381
4.047
0.024
1.401
2.03
1.241
0.646
0.013
0.1
0.712
0.72
0.893
0.703
3.096
1.152
0.038
0.319
0.72
2.504
2.704
0.023
0.29
0.027
0.072
0.626
0.936
0.052
0.364
0.729
4.375
0.858
0.032
0.13
0.785
1.65
0.924
0.073
0.015
0.338
0.614
1.301
1.143
0.957
0.775
0.898
0.71
0.089
2.011
0.699
0.054
0.207
0.53
0.053
0.292
1.279
0.227
0.299
0.254
0.014
0.844
0.815
0.165
2.493
0.843
0.165
0.611
2.113
2.981
1.043
0.187
0.654
0.035
0.569
0.775
0.407
0.637
0.673
0.795
0.692
0.094
0.046
1.273
0.28
2.818
0.568
1.171
0.293
1.06
0.054
0.073
0.942
0.091
0.283
1.408
0.106
0.668
0.032
0.025
0.731
0.217
0.253
0.916
0.582
0.103
0.141
1.46
0.766
0.09
1.126
0.979
0.723
0.077
0.322
0.476
0.07
0.59
0.122
0.719
0.05
0.601
0.065
0.762
1.443
0.398
1.6
0.668
1.147
0.174
0.132
0.052
0.164
0.277
2.317
0.685
1.657
0.84
0.781
0.547
0.751
0.05
0.117
1.127
0.09
1.214
0.657
0.027
0.042
1.072
0.063
0.39
0.037
2.222
1.052
0.04
0.105
0.641
1.478
0.391
0.144
1.362
0.901
0.116
0.685
0.074
0.087
0.61
0.857
0.872
1.322
0.445
0.151
0.156
0.995
0.087
0.01
1.048
0.986
0.134
0.826
0.266
1.431
0.519
0.896
1.343
1.676
0.013
0.478
1.026
0.761
0.024
1.333
0.225
0.034
2.106
0.312
2.312
1.718
0.098
0.776
0.719
1.018
0.73
0.658
0.693
0.649
0.464
0.04
0.679
0.116
0.679
1.71
0.024
1.381
0.78
0.111
1.813
1.214
0.57
0.579
0.616
0.602
0.722
0.698
0.063
0.117
0.192
0.614
2.742
0.069
0.077
1.09
0.367
0.109
0.758
0.731
0.987
0.247
0.037
1.315
2.094
1.295
0.121
0.197
1.373
0.242
0.532
0.049
0.08
0.158
0.867
0.083
0.028
1.057
0.097
0.097
0.502
1.485
0.87
1.532
0.029
0.678
0.887
0.024
0.053
0.336
0.96
0.197
1.53
2.47
0.602
0.226
0.762
1.138
0.635
0.866
0.017
0.959
1.549
1.184
1.059
0.642
0.089
0.295
0.232
1.081
2.222
1.624
0.063
0.053
0.093
0.886
2.056
2.552
1.65
1.717
1.301
0.617
0.128
0.518
0.515
1.242
0.988
0.065
3.277
0.824
0.099
1.087
1.158
0.07
0.506
0.066
0.944
0.088
0.533
0.02
1.583
0.018
1.303
3.057
3.434
1.108
0.181
1.173
0.748
0.472
1.337
1.86
0.679
0.027
0.843
0.315
1.069
0.673
1.951
0.066
1.802
2.779
0.611
0.517
0.954
0.024
0.145
3.739
0.036
0.598
0.051
0.806
1.975
0.505
0.038
1.02
1.739
0.592
0.048
0.495
0.325
0.607
1.105
1.345
0.243
3.878
0.219
1.062
0.653
2.729
1.057
0.848
0.244
0.649
0.035
0.599
0.627
0.102
0.077
0.082
0.423
0.575
0.054
0.575
0.173
0.027
0.024
1.379
1.076
0.162
0.041
0.037
0.113
0.861
0.034
1.176
0.471
0.468
0.092
0.018
0.887
0.052
0.099
0.112
0.684
2.318
1.101
0.135
0.056
0.172
1.78
0.069
1.187
0.035
2.142
0.785
0.381
1.164
1.024
0.205
1.937
0.889
1.45
0.645
0.858
0.159
1.126
2.638
0.324
3.122
0.138
0.169
2.524
0.615
0.685
0.041
0.095
0.731
0.236
0.911
0.922
0.764
1.427
1.315
0.036
0.145
1.219
1.187
0.661
0.07
0.753
2.476
0.311
0.066
0.747
0.096
1.353
0.989
0.341
0.908
0.052
0.95
1.135
0.09
0.946
0.73
0.405
0.052
2.437
0.574
0.674
1.384
3.031
1.743
0.649
0.17
0.048
0.703
3.983
0.083
0.649
0.266
1.044
0.978
0.135
0.029
0.583
0.101
0.171
1.012
3.43
2.325
0.302
1.303
0.133
0.048
0.73
0.11
1.432
0.075
0.227
0.035
0.091
0.836
0.04
1.815
2.457
0.059
0.196
0.04
0.049
0.376
0.629
0.507
0.052
0.047
0.063
0.086
0.789
1.322
0.103
0.074
0.578
1.29
0.129
0.817
0.698
0.035
0.478
0.309
0.299
2.346
0.682
0.063
1.08
0.126
1.807
0.444
1.272
0.077
1.54
0.197
0.607
0.576
0.078
1.233
2.491
0.08
0.048
0.204
1.443
0.656
0.814
0.989
0.142
0.692
0.114
0.06
0.071
0.973
0.355
0.502
0.872
2.997
0.064
0.696
0.272
0.077
2.563
5.033
0.747
0.155
0.615
1.3
0.935
2.035
1.186
0.057
0.512
0.062
0.117
0.684
0.568
0.144
2.505
0.707
0.179
0.637
0.807
0.05
0.936
0.024
0.774
0.072
1.788
1.677
0.732
0.757
0.039
1.3
0.071
0.821
1.451
0.039
1.442
0.25
0.046
0.946
1.328
0.643
0.32
0.111
1.805
1.83
0.986
0.658
0.745
0.515
1.473
0.728
0.953
0.354
0.059
0.059
1.869
0.682
0.349
1.497
0.639
2.122
0.603
0.051
0.131
3.083
0.948
0.028
0.176
0.237
0.982
0.757
0.863
0.505
0.878
0.681
0.683
0.47
2.343
0.666
1.065
1.007
0.654
4.897
1.355
0.183
0.212
1.02
0.095
0.8
0.612
0.056
1.384
0.067
1.017
0.704
0.673
0.995
0.091
0.684
0.201
1.025
1.086
1.378
0.052
0.632
0.142
0.583
0.034
0.584
1.805
1.021
1.458
0.701
0.047
0.802
0.566
1.463
1.004
0.875
2.402
0.273
0.776
0.029
0.86
1.251
0.794
0.082
0.229
0.735
0.696
0.104
0.234
0.425
0.993
2.046
0.089
0.135
1.445
1.566
1.016
0.167
0.587
0.045
0.255
0.052
1.519
0.056
0.737
0.078
0.033
0.685
0.135
0.092
0.033
1.222
2.564
0.139
1.048
2.082
0.733
0.084
1.512
0.039
0.052
0.332
0.127
0.584
0.019
0.784
1.395
1.65
0.295
1.087
0.031
1.527
1.19
0.946
0.028
0.896
0.747
0.988
0.143
3.085
0.183
0.712
0.858
0.514
0.031
1.84
0.339
0.217
1.37
0.118
0.61
1.265
4.526
1.586
0.169
0.061
0.315
0.121
1.365
0.64
1.207
0.277
0.019
0.687
0.578
0.827
0.087
0.803
2.101
0.763
0.67
1.04
0.074
1.043
0.457
0.107
1.255
0.897
0.563
0.2
0.303
0.829
0.159
0.108
0.077
0.034
0.604
1.119
0.098
1.157
0.115
0.053
0.696
0.831
0.247
0.636
0.052
0.645
2.33
0.563
0.064
1.64
0.849
0.904
0.683
0.781
0.069
0.139
0.197
0.787
1.554
0.142
0.744
0.354
1.648
0.964
0.748
0.074
0.725
1.076
0.102
0.497
0.071
1.078
0.216
0.587
0.321
0.087
0.039
0.636
0.2
0.085
0.103
2.643
0.403
0.563
1.352
0.63
0.221
1.053
2.344
0.154
0.077
0.824
0.058
0.589
0.148
0.914
0.263
0.79
0.777
0.098
1.202
0.773
0.206
1.264
1.056
0.231
0.673
2.359
0.091
0.222
1.002
1.003
0.026
0.738
0.537
0.177
0.078
2.933
1.75
0.91
0.161
1.12
1.036
0.685
0.157
1.738
1.023
1.543
0.973
2.017
0.699
0.657
0.675
0.032
0.079
1.014
1.135
1.913
1.079
0.607
0.286
0.563
0.994
0.632
0.028
0.09
0.066
0.295
1.228
0.038
0.325
0.038
0.067
0.052
0.14
0.885
0.253
0.814
1.452
0.651
0.596
0.248
1.395
0.146
0.929
0.65
0.215
0.719
1.102
0.761
0.047
0.436
1.167
0.191
0.675
0.219
1.793
0.741
1.1
0.067
0.186
0.143
0.789
0.207
0.061
0.131
0.916
0.443
0.345
0.135
0.384
0.68
0.773
0.269
0.057
0.554
0.987
1.908
2.04
0.632
0.756
0.607
0.051
0.427
1.143
0.956
0.63
1.864
0.901
0.748
0.662
0.046
0.91
1.064
0.032
1.004
0.154
0.127
3.671
0.43
0.033
0.016
0.26
3.409
1.906
0.194
0.919
0.082
0.926
0.821
0.03
1.738
0.07
1.04
0.098
0.083
0.35
0.627
1.017
1.476
0.184
0.977
1.807
0.881
0.314
1.8
0.08
2.124
3.387
2.264
0.256
0.778
3.23
1.193
0.047
0.818
0.05
1.061
0.771
1.161
2.324
0.643
0.088
2.192
0.084
0.678
0.738
0.104
0.233
0.71
0.5
0.042
0.902
1.565
1.005
0.106
0.115
0.671
0.046
0.037
0.044
0.093
0.221
0.948
0.297
0.846
2.902
0.527
0.627
0.579
1.52
0.501
0.345
0.041
0.934
0.609
0.048
0.242
0.853
0.078
1.002
0.111
1.2
0.045
0.266
1.933
0.796
0.731
0.315
0.852
0.855
0.766
1.168
0.053
0.036
0.034
2.458
0.859
2.687
0.633
0.983
0.767
0.066
0.894
0.587
1.797
0.588
0.332
3.909
0.122
1.74
2.019
1.139
0.246
1.711
1.887
0.538
0.697
0.117
1.623
0.049
1.091
0.893
0.202
0.062
0.046
0.489
0.85
0.21
0.886
1.489
0.142
0.825
0.187
1.784
1.494
0.172
0.436
0.989
1.295
0.745
0.331
0.045
0.563
0.399
0.045
0.803
0.508
1.576
1.239
0.108
0.718
0.739
0.578
0.667
1.577
0.363
0.397
0.078
0.716
4.901
0.102
0.685
0.121
0.83
0.241
0.041
0.081
0.756
0.022
0.643
0.072
0.784
3.488
0.04
2.337
1.29
1.599
0.12
1.433
1.049
0.785
1.051
1.09
0.149
0.665
0.565
0.038
2.374
0.767
2.026
0.054
0.064
1.363
0.156
0.094
0.746
0.844
0.982
0.214
1.297
0.131
0.698
0.471
0.125
0.101
1.287
0.029
1.038
0.164
1.132
1.079
0.588
0.812
0.341
0.237
0.024
0.083
0.091
5.021
0.651
0.25
0.695
0.285
0.69
0.536
0.035
1.634
1.065
0.133
0.617
0.044
2.118
0.652
0.781
0.185
1.18
0.016
1.63
1.783
0.109
0.622
2.17
1.059
0.671
0.953
1.544
0.022
0.049
0.647
0.061
0.009
0.148
0.884
1.062
0.231
0.998
1.171
0.71
0.568
1.773
0.923
0.065
1.572
0.988
0.504
0.667
1.003
0.861
0.043
0.154
1.239
1.3
2.622
0.901
1.387
0.545
1.818
0.655
0.072
0.052
2.496
1.279
0.028
0.019
0.072
0.098
0.457
2.312
1.606
0.762
2.001
0.681
0.622
0.303
0.946
0.786
0.294
0.675
2.952
1.739
0.565
1.155
0.669
0.753
1.48
1.425
0.751
1.179
0.072
1.302
0.042
0.589
1.662
0.623
1.123
0.076
0.896
0.151
0.029
0.048
2.438
0.025
0.377
0.332
0.171
0.049
1.716
0.047
0.049
0.533
0.265
0.709
1.146
0.068
2.096
0.483
0.05
1.005
1.683
0.537
0.046
1.107
0.748
0.289
0.395
0.939
0.456
0.971
0.045
3.466
1.919
0.045
0.037
0.091
1.224
1.044
0.139
0.09
2.014
0.03
1.169
1.0
0.299
1.78
0.462
0.684
1.703
0.883
0.028
0.067
0.079
1.823
0.103
0.183
0.729
0.766
0.026
0.48
0.662
1.016
0.916
0.038
0.806
0.1
1.836
0.571
0.217
0.028
0.091
2.324
0.904
2.055
0.193
0.827
1.243
1.692
1.768
1.601
0.289
0.093
0.593
1.484
0.97
0.373
0.025
0.664
0.828
0.113
0.073
0.096
0.729
1.502
0.805
0.556
0.052
0.268
0.576
0.226
1.294
1.153
0.677
0.486
1.871
1.88
1.41
0.193
0.093
0.108
0.651
0.115
0.655
0.029
0.795
2.187
1.377
0.113
3.035
1.521
0.657
0.824
0.114
1.032
1.574
1.712
0.975
0.463
1.422
0.362
0.064
0.069
0.022
2.145
0.051
1.279
1.043
0.087
0.029
0.559
0.51
0.147
1.648
0.061
0.796
0.984
0.381
0.286
0.711
0.445
0.477
2.073
3.612
0.084
0.035
0.044
0.533
1.332
0.629
0.675
1.36
0.712
0.029
2.05
0.953
1.637
1.011
0.898
0.288
0.844
0.378
0.7
0.421
1.483
0.714
2.631
1.18
3.072
1.641
0.07
0.063
1.935
0.257
2.325
1.793
0.033
1.029
0.092
0.073
0.529
0.042
0.26
1.117
2.707
3.882
0.053
0.773
0.874
1.009
0.219
1.563
0.982
1.032
0.188
1.946
0.196
0.93
0.406
0.804
0.64
0.071
1.188
0.591
2.499
0.122
0.539
0.175
1.035
2.765
0.124
0.205
0.197
0.507
0.72
1.107
0.586
0.206
1.553
0.042
0.026
0.606
0.038
0.075
0.064
0.071
0.046
0.884
0.064
0.053
0.244
0.225
0.021
0.283
0.407
0.213
0.445
0.857
1.23
0.931
0.013
0.107
2.036
0.469
0.732
0.055
0.08
0.85
0.956
0.658
0.08
0.196
0.036
1.607
0.032
0.621
0.072
0.96
0.866
0.832
0.364
0.051
0.169
0.934
0.633
3.561
1.856
0.659
0.779
0.065
0.822
0.687
0.037
0.048
0.918
1.142
1.177
0.092
0.072
1.093
1.129
0.32
0.056
2.15
0.094
1.037
1.419
1.192
0.921
0.447
0.089
0.475
0.244
1.05
1.089
0.036
0.027
1.196
1.018
0.032
0.684
0.563
0.641
0.046
0.152
0.794
0.608
0.103
0.97
0.646
0.24
0.12
0.102
1.833
0.026
1.511
1.88
0.688
0.195
0.061
0.878
0.692
1.168
0.714
0.542
1.449
2.13
1.56
0.736
0.102
2.072
0.845
0.577
0.75
0.233
0.249
0.182
0.821
0.24
1.313
0.536
0.467
0.657
0.03
0.38
0.12
0.08
0.11
1.877
0.826
1.509
0.037
0.062
1.425
0.755
0.074
0.099
1.353
0.65
0.712
0.966
1.21
0.579
1.012
3.074
0.927
0.265
3.439
0.269
0.525
0.163
0.845
0.899
0.708
0.051
0.606
1.073
1.115
0.044
0.881
0.637
0.169
0.21
0.385
0.624
0.894
0.208
0.393
1.657
0.215
1.197
0.029
0.263
0.672
0.786
0.197
0.049
0.899
0.988
0.563
0.064
0.722
0.055
0.792
0.583
1.104
2.784
0.106
0.434
0.153
0.72
0.618
0.042
0.849
0.098
0.033
1.205
1.95
1.122
0.947
0.678
0.839
1.719
2.094
3.921
0.663
0.896
1.848
0.13
1.331
0.713
0.755
0.659
0.02
1.242
0.181
0.497
0.187
1.018
0.007
0.291
0.599
0.718
1.534
0.017
0.973
0.075
0.024
0.036
0.886
1.0
0.572
0.676
1.692
0.117
1.475
0.058
0.052
0.045
0.106
0.36
0.135
0.104
0.742
1.322
0.081
0.936
0.956
1.161
0.672
2.94
0.731
1.537
0.919
0.076
1.766
0.655
0.653
3.173
1.677
0.841
0.082
0.179
0.692
0.053
0.367
2.051
0.014
1.56
2.17
0.46
0.081
0.871
0.047
0.813
0.189
0.882
1.139
0.578
0.105
0.814
0.37
1.228
0.165
0.046
0.722
3.033
0.632
0.021
1.182
0.06
0.042
0.567
2.105
0.52
1.114
1.402
2.01
1.633
0.313
0.068
0.603
0.24
0.062
0.103
1.755
0.284
0.06
0.758
0.726
0.68
0.185
0.042
0.556
1.154
0.053
0.046
0.685
1.129
0.74
0.994
2.371
0.072
1.141
0.672
0.593
0.633
2.56
0.192
0.123
0.734
3.801
0.829
2.384
0.516
1.436
0.683
4.16
0.913
0.123
0.049
0.087
0.038
0.099
0.818
1.014
0.078
0.093
0.964
1.273
0.023
0.057
1.005
1.405
1.875
0.66
0.921
0.858
0.69
0.167
0.259
1.121
0.425
0.92
2.711
3.029
0.417
0.19
0.554
0.037
1.492
0.604
1.405
0.039
0.643
0.73
0.947
0.983
0.089
0.967
1.915
0.323
1.295
1.302
0.04
1.076
0.637
2.867
1.093
0.489
0.297
0.079
0.662
0.105
0.783
1.092
1.226
0.765
0.894
0.108
0.962
0.993
0.139
0.639
0.606
0.204
1.58
0.097
0.58
2.624
1.204
2.074
0.754
1.078
0.934
0.056
0.789
0.609
0.531
0.681
1.498
0.915
0.018
0.04
0.663
1.536
1.553
1.445
0.054
1.006
0.034
0.084
0.066
0.09
0.239
1.182
0.209
0.569
0.048
0.071
1.28
0.042
1.539
0.042
0.134
0.014
2.049
0.162
0.368
0.638
0.982
0.7
0.047
0.039
1.079
1.317
0.292
0.657
0.161
0.071
0.09
1.969
0.754
0.111
1.651
1.679
0.059
0.025
2.155
0.059
1.287
0.089
1.176
0.485
0.098
1.431
1.865
0.058
0.266
1.09
0.697
0.563
0.232
1.845
0.044
0.719
0.743
0.599
0.86
0.042
0.244
0.549
4.485
2.087
0.899
0.745
2.212
0.196
0.162
0.652
0.841
0.181
0.166
2.14
0.546
0.851
0.73
1.755
1.235
0.806
1.425
0.021
1.112
0.023
1.22
0.833
0.799
0.471
1.237
0.048
0.745
0.794
3.252
0.68
1.191
0.655
0.042
0.572
0.087
0.041
1.618
0.026
0.772
1.653
0.073
0.703
0.144
0.743
0.982
0.094
1.018
0.115
1.188
0.097
0.874
0.754
1.021
1.199
0.092
0.096
1.662
0.825
0.643
0.903
0.773
0.228
0.273
0.052
0.761
2.001
0.784
0.114
3.481
0.851
0.14
0.624
0.076
0.545
0.062
0.798
0.691
0.195
1.418
1.499
1.075
0.049
0.245
0.659
1.678
1.209
0.702
0.634
2.328
1.392
0.072
1.003
0.048
0.998
1.109
2.348
2.423
1.595
0.811
0.574
0.866
0.059
0.109
0.874
0.954
1.093
0.244
0.025
0.215
0.63
2.105
0.71
0.708
0.166
0.036
0.045
0.129
0.698
0.893
0.575
0.574
0.257
1.698
1.3
0.416
0.021
0.046
0.26
0.069
0.763
1.0
1.323
0.559
0.055
0.095
0.275
1.019
0.358
0.219
0.669
1.084
0.054
0.739
0.052
1.132
0.036
0.303
0.383
0.808
0.047
0.676
1.238
0.035
0.028
0.248
2.214
1.138
0.866
0.838
0.962
0.647
0.036
0.896
0.661
0.206
0.061
1.139
0.092
0.055
1.029
2.003
1.122
0.143
1.275
0.141
0.252
2.249
0.144
0.226
0.152
1.003
0.724
1.397
0.075
1.952
1.224
0.362
0.074
0.779
0.028
0.623
0.158
0.068
1.863
0.989
0.097
0.809
0.745
0.093
1.424
0.639
1.101
0.293
0.048
0.045
0.406
1.683
0.526
0.635
0.826
0.043
0.061
0.159
0.517
0.507
0.237
1.678
0.734
0.046
1.549
0.671
0.611
1.744
0.304
0.986
0.566
0.682
0.337
0.037
3.726
0.012
0.676
0.145
0.06
0.075
1.941
1.767
1.414
3.149
1.286
0.036
0.049
0.58
0.124
1.33
0.845
0.217
1.023
0.992
0.921
0.108
0.728
1.679
0.022
0.045
0.655
1.661
0.816
1.705
1.178
0.108
0.995
0.056
0.079
0.857
0.115
0.039
0.947
0.054
1.353
0.024
0.528
0.713
0.124
2.038
0.665
0.518
1.56
0.076
0.075
1.225
0.468
0.714
1.625
0.705
0.604
2.288
2.98
1.251
1.494
0.104
0.016
0.139
1.079
0.345
0.963
1.567
0.998
0.358
0.027
0.803
0.709
0.074
0.71
0.092
1.116
0.789
0.122
0.386
0.866
0.552
2.01
0.87
2.644
0.069
0.088
0.097
3.193
3.345
0.686
3.517
0.613
0.726
1.247
0.265
1.219
0.642
0.719
0.725
1.106
0.929
0.138
1.496
0.047
0.17
5.047
0.055
1.39
0.041
0.024
0.53
0.049
0.775
0.551
0.751
0.043
0.86
0.104
3.224
0.88
1.843
0.207
0.627
0.295
0.052
2.501
0.216
0.26
0.754
0.011
2.274
1.401
0.036
0.496
0.474
0.843
0.293
1.352
0.027
0.769
0.626
0.284
0.034
0.016
0.099
0.026
0.753
0.883
0.673
0.534
0.455
0.091
0.235
0.207
0.014
0.802
0.048
1.582
2.022
1.194
0.926
0.069
0.85
0.1
0.745
0.668
2.265
0.725
0.546
0.893
1.434
1.765
0.625
1.691
0.583
0.851
0.481
0.641
3.933
1.016
1.125
0.984
0.472
0.335
0.153
0.52
0.166
0.015
0.111
1.998
0.346
1.048
0.532
0.563
0.819
0.746
0.693
1.558
2.69
0.612
1.29
4.164
1.236
1.351
0.243
1.086
0.234
0.986
1.517
1.739
0.085
0.885
0.357
0.584
0.855
0.708
0.07
1.161
0.715
2.19
0.049
0.649
0.146
0.115
0.297
0.045
0.034
0.036
2.364
0.542
0.119
0.089
0.733
0.95
0.185
0.841
0.57
0.664
0.034
0.767
0.83
1.087
1.781
0.746
0.21
2.838
0.73
2.354
0.737
0.392
1.766
0.263
0.272
0.109
0.687
0.208
0.127
0.24
1.081
0.82
0.622
0.116
0.175
0.523
1.553
0.109
0.634
0.172
0.106
0.18
1.332
1.143
2.411
0.063
2.155
1.116
0.222
0.742
0.436
0.046
1.888
0.667
0.133
0.322
2.704
0.076
0.037
2.173
0.336
0.644
0.035
0.028
1.765
1.175
1.038
0.121
1.301
1.928
0.104
0.344
0.121
0.774
1.499
0.287
0.885
0.156
0.13
0.298
0.097
0.906
1.891
0.802
0.2
0.925
0.037
1.397
0.036
2.346
0.805
0.669
0.726
0.778
0.124
1.806
0.918
0.349
0.608
0.574
0.087
1.49
0.063
0.359
1.169
0.018
1.258
0.076
3.206
0.84
1.039
0.557
0.675
0.09
0.163
0.634
0.063
0.06
0.288
0.094
0.07
0.734
0.036
2.381
0.139
1.806
0.702
2.184
0.123
0.023
1.427
1.703
1.202
0.992
0.099
0.033
0.07
0.022
1.207
4.544
0.113
0.228
1.947
1.587
0.654
0.51
0.518
0.043
0.408
0.162
3.758
0.015
1.22
0.733
1.462
0.06
0.411
1.828
0.381
1.385
0.044
0.126
0.061
0.036
0.175
0.144
0.076
0.132
0.154
0.678
0.113
1.133
0.159
0.197
0.025
0.192
0.537
1.259
0.045
0.247
2.716
0.178
1.694
0.738
0.759
1.044
0.286
2.671
1.164
0.082
1.191
0.917
0.436
0.377
1.718
0.805
1.863
0.533
0.072
0.049
2.394
0.483
0.674
0.08
0.217
0.029
1.05
0.056
0.429
2.781
0.013
0.919
0.764
0.496
1.549
0.101
1.064
1.129
0.104
0.99
0.111
1.869
0.058
0.802
0.686
0.354
0.074
0.174
1.049
0.045
3.024
1.05
0.64
0.076
2.36
1.357
0.903
1.438
0.858
0.466
0.051
1.183
2.018
4.298
3.775
0.041
2.021
0.674
1.625
0.086
0.311
0.873
0.169
0.578
0.674
0.045
0.801
0.71
0.16
1.177
0.148
0.145
0.977
1.283
0.064
1.573
0.747
1.245
1.894
0.932
1.101
0.748
0.572
0.039
1.019
0.048
0.717
0.272
1.285
0.697
2.095
0.079
1.259
0.908
4.963
0.882
1.572
0.039
0.764
0.239
0.693
0.078
0.185
0.579
0.051
0.865
0.121
1.257
2.223
0.025
1.761
1.714
0.077
1.444
1.122
0.071
2.085
1.658
0.867
0.096
0.282
0.028
0.086
0.436
0.874
2.028
0.93
0.083
0.177
0.192
0.572
0.917
1.127
2.298
1.136
0.098
0.067
0.105
0.196
0.755
0.202
0.843
0.772
0.718
0.741
1.882
0.599
1.108
2.204
0.592
1.283
0.034
3.819
0.117
3.173
0.93
0.855
0.814
0.549
0.039
1.409
0.775
0.672
0.086
0.202
0.865
0.72
0.025
1.443
1.228
0.718
0.749
0.671
1.323
0.088
0.079
0.062
0.565
0.791
0.064
1.53
0.099
0.035
0.035
0.607
0.216
0.235
1.359
0.962
0.121
0.783
0.03
0.901
0.559
0.251
1.202
0.094
0.034
0.105
1.107
0.742
0.69
2.403
0.031
0.175
0.031
0.057
0.405
1.479
0.069
0.063
1.284
1.93
0.137
0.882
0.076
0.017
1.137
2.534
0.064
1.054
1.89
0.065
1.964
0.869
0.983
0.583
0.076
0.954
0.72
0.802
0.154
0.168
0.032
0.062
0.036
0.329
0.025
0.777
0.699
0.245
0.227
0.683
0.319
0.029
1.107
1.222
0.058
0.249
1.044
0.035
1.255
1.399
0.079
0.086
0.014
1.734
0.323
0.755
2.091
0.654
0.037
1.0
0.419
0.031
0.971
0.682
0.101
1.275
1.034
1.534
0.077
0.464
0.262
0.754
0.047
0.023
0.028
0.029
0.051
1.009
0.022
1.206
0.172
1.495
0.88
2.134
0.948
0.719
0.83
0.626
0.67
0.694
0.79
0.042
0.692
2.44
0.219
0.055
1.788
0.714
2.014
0.178
0.391
0.429
1.723
0.815
1.038
0.881
1.027
1.063
0.821
1.058
1.845
0.615
1.036
0.708
0.135
0.666
0.493
0.027
1.399
0.586
0.823
0.043
1.875
0.641
0.116
0.663
0.029
0.032
0.065
0.053
0.788
0.776
0.589
0.705
0.742
0.093
3.577
2.514
0.324
1.121
0.725
1.564
0.731
0.923
0.699
1.49
0.687
0.135
0.62
0.65
0.516
0.343
2.261
2.233
0.778
0.981
1.448
0.639
0.527
0.203
0.244
0.7
1.232
4.668
2.886
1.994
4.045
0.724
0.26
2.837
0.127
0.026
1.02
0.668
0.029
1.135
0.249
0.081
0.239
0.802
0.107
0.674
0.244
0.779
0.043
0.058
0.641
0.978
0.92
0.602
0.138
0.558
1.14
1.013
0.638
0.902
0.04
1.538
0.099
0.24
0.078
0.203
0.64
0.186
0.048
0.116
0.822
0.727
0.283
0.329
0.51
0.73
1.323
0.828
0.742
0.77
0.381
0.591
0.039
1.712
1.027
0.633
3.627
0.327
0.737
0.952
0.034
0.752
1.124
2.319
0.128
0.759
1.682
2.669
2.666
0.032
1.471
0.013
0.029
0.377
1.915
0.118
0.777
0.021
0.394
1.051
0.748
0.718
0.589
0.09
0.157
0.108
2.107
0.043
0.738
2.711
1.098
1.261
0.024
0.085
0.671
0.873
2.76
3.791
0.855
0.081
0.428
0.943
1.461
0.65
0.029
0.503
0.028
0.332
0.737
2.428
0.049
0.204
0.343
0.744
0.675
1.356
2.136
0.068
1.589
0.067
1.707
0.109
1.546
0.131
0.092
0.083
0.02
0.092
0.692
0.38
1.081
1.171
0.053
0.905
0.093
0.918
1.53
0.685
0.571
0.036
1.897
1.161
0.03
0.568
1.12
0.995
0.064
0.742
1.111
0.035
1.36
0.054
0.091
1.358
0.06
0.044
0.641
0.807
0.087
1.283
0.649
0.136
0.126
0.725
0.235
0.037
1.018
0.088
0.065
0.573
0.284
0.16
1.361
0.839
0.915
0.017
0.542
0.147
0.599
0.051
0.105
0.743
0.574
0.031
0.325
0.16
0.818
0.77
0.231
1.633
0.107
0.641
1.878
0.233
0.098
0.687
2.127
0.166
3.812
1.186
0.285
1.121
0.934
0.209
1.091
0.07
0.021
1.646
0.178
0.055
1.559
0.042
0.673
0.127
0.5
0.027
0.865
0.837
0.185
0.666
0.407
0.552
0.137
3.708
1.763
0.021
0.793
0.998
1.932
0.01
0.15
0.331
0.189
0.732
1.519
1.388
0.795
1.85
0.116
0.052
3.372
0.111
0.043
1.144
2.14
0.03
0.429
0.724
0.46
1.177
2.183
0.822
0.279
0.782
1.555
1.037
0.064
0.655
2.221
1.505
0.81
0.057
0.206
0.578
0.438
0.062
0.046
0.8
0.788
1.725
0.115
0.673
0.986
0.057
2.195
0.273
0.238
0.073
0.749
1.107
0.818
0.042
1.502
1.605
0.577
0.078
0.033
0.257
1.33
1.241
0.751
1.046
1.487
0.726
0.813
0.226
0.837
0.807
0.652
0.649
0.182
0.053
0.046
0.435
1.209
0.07
0.014
1.362
0.817
0.68
0.265
2.983
0.819
1.295
0.792
0.081
0.828
2.619
0.442
1.779
0.336
0.808
4.702
0.348
1.918
0.621
0.573
1.614
0.039
2.221
0.05
0.056
0.092
0.148
1.482
0.283
0.93
2.961
1.619
1.803
0.947
1.192
1.043
0.922
0.049
0.786
2.123
0.152
1.107
0.113
1.816
2.137
2.38
0.6
0.641
0.105
0.829
0.498
0.052
0.053
0.733
0.373
0.05
0.172
0.631
2.65
0.07
0.259
1.29
0.769
1.535
0.205
0.078
0.09
0.029
1.175
0.088
0.547
0.034
0.668
2.244
0.233
0.075
0.118
0.968
0.327
1.127
0.134
0.032
0.73
0.925
0.694
0.476
2.011
0.979
0.653
0.9
0.027
0.968
0.053
0.065
2.053
0.08
0.123
0.606
0.409
0.768
1.214
0.885
0.769
0.416
1.746
0.062
1.628
0.186
0.668
1.908
0.954
0.189
0.478
0.625
0.366
0.019
2.128
0.133
0.06
0.124
2.025
0.678
0.524
0.021
1.626
0.195
0.657
0.568
0.213
0.305
2.413
0.067
0.034
0.369
0.418
0.962
0.951
0.093
0.135
0.256
1.254
0.747
0.055
2.186
0.164
0.075
0.362
0.063
0.684
0.684
0.733
0.09
0.176
1.289
0.752
0.805
0.091
1.945
1.09
2.085
1.199
0.096
0.341
0.519
0.085
0.294
0.864
2.21
0.603
0.088
1.041
0.796
0.058
0.735
0.27
0.034
0.627
0.083
0.069
0.042
1.3
2.375
0.062
1.842
0.582
1.411
0.802
0.877
0.796
0.724
0.376
1.948
1.726
0.773
1.354
0.703
1.139
0.181
0.049
0.25
0.887
0.193
0.04
0.16
0.068
0.063
1.123
0.189
1.212
0.044
3.158
1.259
0.599
0.653
0.939
1.808
0.798
1.308
0.985
0.037
0.408
0.899
0.973
1.124
1.531
0.326
0.018
0.162
0.777
0.051
0.09
0.042
1.17
0.151
0.789
0.615
0.073
1.033
0.119
0.027
1.107
2.039
1.09
0.858
0.066
0.085
0.06
1.16
0.7
0.749
1.454
0.959
0.89
1.254
0.883
0.072
1.042
1.209
1.633
0.774
0.142
0.531
1.103
0.556
0.208
0.575
0.189
0.055
1.805
4.654
2.024
0.297
0.046
0.205
0.305
0.953
0.098
0.692
1.068
0.601
0.593
0.746
0.076
1.422
0.081
0.52
0.11
0.111
0.841
1.531
0.348
1.007
0.646
0.902
0.103
1.408
0.012
0.654
0.218
1.519
0.086
0.751
2.395
0.043
0.635
0.085
0.922
0.089
0.478
0.418
0.051
1.131
0.885
0.031
1.161
1.446
0.092
0.016
0.036
1.801
2.608
0.686
1.803
1.527
1.743
0.374
1.372
0.01
0.248
0.756
0.641
0.902
1.426
0.091
0.024
0.036
0.095
0.067
0.683
0.235
0.052
0.17
0.059
0.746
3.711
0.569
0.082
0.123
0.201
0.853
0.79
0.061
0.159
0.131
1.065
0.976
0.539
0.749
0.494
1.615
0.66
0.769
1.408
0.04
0.035
0.042
1.984
0.022
2.046
1.359
0.103
0.855
0.416
1.812
1.34
0.039
1.82
0.253
2.509
0.433
0.791
1.476
0.929
0.028
0.037
0.023
1.483
0.592
2.171
1.382
1.133
0.678
0.074
0.16
0.603
0.902
0.137
0.72
1.165
0.663
2.732
0.09
1.005
0.031
0.929
0.751
0.649
1.409
0.459
0.02
0.624
1.2
1.085
0.133
0.886
0.283
0.157
1.578
2.44
1.707
0.1
1.086
0.708
0.748
1.42
0.074
0.628
0.092
0.745
1.129
0.698
0.844
1.467
2.978
0.317
0.619
0.027
0.433
0.686
0.161
0.811
1.291
1.068
0.845
0.463
0.794
0.195
0.873
0.023
0.853
0.133
3.036
0.589
0.652
0.035
0.274
0.698
1.001
0.879
0.908
0.428
2.05
0.118
0.684
1.134
0.952
0.306
0.028
0.608
0.27
0.712
1.009
0.701
0.857
0.97
0.684
0.077
0.872
0.671
1.351
0.712
0.175
0.635
0.864
0.134
2.313
0.344
0.099
0.927
0.933
0.14
2.298
0.191
2.632
0.753
0.685
1.495
0.775
0.76
0.07
1.875
0.641
0.058
0.025
0.094
1.852
0.824
0.492
0.687
0.135
0.18
0.048
1.843
1.082
0.062
0.982
0.089
0.094
0.485
1.826
1.246
0.584
0.094
1.283
0.793
0.571
1.145
0.132
0.107
0.04
0.041
0.137
0.708
0.199
0.02
0.638
0.169
0.212
1.099
0.519
1.848
0.063
0.17
0.023
0.095
0.954
0.048
0.15
0.289
4.739
0.183
0.14
0.876
0.906
0.782
0.018
1.236
0.622
0.228
0.465
1.276
0.56
0.513
0.718
2.065
1.412
0.309
0.786
4.146
0.74
1.19
0.126
0.357
0.043
1.339
0.79
0.888
0.063
2.89
0.623
1.238
0.145
1.182
1.419
0.13
0.177
0.791
0.214
1.552
0.207
0.21
0.053
0.247
0.104
1.227
0.12
0.846
2.123
0.108
2.002
0.038
0.638
1.289
0.029
0.04
0.516
0.879
0.492
1.066
0.623
0.625
0.4
0.766
0.57
0.106
0.069
0.039
1.932
1.033
0.425
1.473
0.061
0.057
0.229
0.03
1.25
0.082
1.559
1.135
0.662
0.792
0.069
1.293
0.695
0.742
0.929
0.589
0.251
0.575
0.499
0.761
0.648
0.888
3.595
0.147
0.576
0.56
0.062
0.182
0.712
1.334
1.387
0.317
0.07
3.842
0.141
0.022
0.212
3.918
0.172
0.075
0.675
0.886
3.539
1.972
1.411
0.115
1.181
0.082
0.822
2.382
0.109
0.06
0.022
0.861
0.598
1.098
2.521
0.053
1.062
1.504
2.747
1.012
0.016
0.046
0.561
1.68
0.746
1.002
0.99
0.028
0.035
0.861
1.849
0.77
0.17
0.806
0.512
0.609
0.398
0.701
0.655
0.913
0.244
2.289
1.024
0.883
0.852
0.346
0.409
0.331
1.017
2.704
0.934
1.459
0.708
0.025
1.011
0.975
0.825
1.797
0.03
0.913
0.642
0.631
0.153
0.052
0.866
2.557
0.027
0.273
0.994
1.409
0.121
1.71
1.154
0.499
0.074
0.389
1.243
0.574
0.532
0.6
1.11
0.691
0.091
1.402
0.877
0.154
0.175
1.065
3.177
0.81
0.051
0.033
2.758
1.364
0.55
0.032
0.79
1.006
0.228
0.841
0.68
0.127
1.648
0.922
0.644
2.079
0.62
0.032
0.382
1.002
0.084
1.079
0.064
0.078
2.38
0.591
0.24
0.957
0.104
0.155
1.339
0.815
2.151
0.617
1.26
0.634
0.559
0.773
0.032
0.022
0.141
0.632
0.052
0.118
0.401
0.165
5.321
0.033
0.209
0.034
0.634
1.672
1.795
0.058
0.607
0.017
1.07
0.325
0.095
0.474
1.214
0.026
0.142
2.405
1.538
1.746
0.712
0.542
0.844
0.839
1.052
1.927
1.236
0.067
0.068
1.347
0.099
0.08
0.626
0.058
0.574
1.614
0.53
0.914
0.834
0.648
0.042
0.684
3.742
2.149
0.03
0.047
2.675
0.619
0.876
1.129
0.702
1.168
0.041
0.752
1.342
0.702
0.891
1.274
0.401
1.254
0.038
0.182
1.26
1.174
0.054
0.069
0.613
1.055
0.667
0.062
1.161
0.613
1.357
0.74
0.754
2.057
0.427
0.184
0.784
1.304
2.64
0.845
1.369
0.227
0.132
1.493
1.009
1.022
2.128
0.679
1.125
0.067
0.587
1.183
0.85
0.237
0.198
0.106
0.058
0.543
0.062
1.213
0.407
0.469
0.117
1.361
0.054
0.134
0.624
0.124
0.78
1.241
0.559
0.265
1.061
0.921
0.079
1.047
1.949
0.665
0.685
0.764
0.126
0.808
0.719
1.404
1.425
0.941
0.028
0.684
0.038
0.03
0.058
1.046
1.341
0.899
1.324
1.642
1.863
1.025
0.054
0.86
0.62
0.257
0.037
1.104
3.514
0.057
0.778
0.721
0.631
0.076
0.03
0.133
1.083
0.045
0.769
0.667
0.572
0.766
0.671
0.632
0.026
0.673
0.033
0.057
1.727
1.682
1.202
0.122
0.45
0.786
1.837
0.754
0.896
0.966
3.359
0.066
0.082
0.064
0.034
0.161
3.063
0.918
0.646
0.55
1.761
0.796
0.221
0.098
0.026
0.899
0.05
1.33
0.977
0.376
2.949
1.198
0.583
0.256
0.7
0.746
0.143
0.205
0.961
1.503
0.593
0.042
0.653
0.026
0.123
0.538
1.779
0.072
1.816
0.043
0.056
0.285
0.052
0.133
0.776
1.237
0.146
0.036
1.161
1.571
0.14
1.12
0.792
0.828
0.028
0.039
0.041
2.551
0.75
2.004
0.108
0.727
1.301
1.285
0.344
0.024
0.342
0.551
0.055
1.08
1.639
0.047
1.561
0.03
0.319
0.078
0.872
1.017
0.718
1.26
0.821
0.022
0.018
0.909
1.152
0.806
0.47
1.055
1.043
2.919
0.593
0.073
0.578
0.725
0.364
1.004
0.271
0.068
0.783
0.958
1.529
1.536
0.03
0.291
0.902
0.652
1.414
1.031
0.102
2.175
0.024
0.822
0.091
0.228
1.471
0.897
0.847
0.484
0.927
0.034
2.365
0.643
0.045
0.75
0.039
0.652
1.016
0.673
1.658
0.167
0.119
0.555
0.99
2.01
0.033
0.68
0.158
0.037
1.999
0.517
1.091
0.6
1.334
0.438
0.76
0.051
0.984
0.673
0.823
0.798
0.655
0.796
0.047
0.547
0.684
0.158
1.206
0.735
1.054
1.129
0.55
2.27
0.252
3.069
0.121
0.955
0.014
0.898
0.752
1.146
0.72
0.342
0.996
0.045
1.31
0.031
0.484
0.783
0.224
0.801
0.593
0.822
0.06
1.126
0.34
1.233
2.418
0.055
0.02
0.236
0.32
2.519
0.203
0.018
0.084
0.798
0.569
0.053
0.4
0.146
0.036
2.596
0.189
1.526
0.293
0.95
0.148
0.789
0.076
0.567
0.67
0.122
0.375
1.233
0.854
0.092
0.053
0.04
0.8
0.596
1.265
0.584
0.885
0.663
0.087
0.024
0.627
0.024
0.093
0.127
0.748
0.126
1.625
0.571
0.05
0.079
0.209
1.121
0.533
0.087
0.057
0.232
1.469
0.93
1.561
0.053
1.119
0.617
1.121
0.758
0.029
0.438
1.3
1.07
1.028
2.267
0.052
0.051
0.636
0.043
0.131
0.829
0.807
0.941
0.741
1.233
0.208
0.04
0.852
0.943
1.055
0.664
0.32
0.068
0.098
0.469
1.034
0.598
0.069
2.39
0.078
0.364
0.655
0.417
0.21
0.066
0.594
0.665
0.508
0.929
0.412
0.597
1.594
0.861
0.604
0.637
0.712
1.551
0.692
0.023
0.668
0.84
0.054
0.638
0.021
0.911
0.843
0.701
0.646
0.402
0.691
0.629
3.962
0.107
0.043
0.657
2.333
0.049
0.261
0.164
0.082
0.284
1.474
0.207
2.091
0.226
0.184
0.662
1.41
2.363
0.036
1.684
0.64
0.939
1.09
0.649
0.336
0.207
0.275
0.022
0.932
1.509
0.278
0.721
0.179
3.162
0.846
0.32
1.68
0.451
2.285
0.172
0.201
0.592
0.22
2.588
0.111
0.111
0.207
0.474
0.803
0.282
0.901
0.863
2.371
0.215
0.71
0.282
0.049
0.209
0.692
0.918
0.102
1.746
0.771
0.695
2.442
0.584
0.028
0.072
0.791
0.842
2.033
0.272
2.208
0.29
0.048
1.207
0.633
0.971
0.124
0.252
0.257
0.156
0.946
2.434
0.36
1.677
0.72
0.014
1.506
0.579
0.804
0.66
0.185
1.279
0.933
0.704
1.34
0.151
0.019
0.942
0.072
0.901
0.048
1.051
0.038
0.01
0.833
1.337
0.088
0.283
0.323
2.073
0.881
0.155
0.085
1.7
0.113
0.132
0.822
1.447
0.829
0.408
0.024
0.703
0.454
0.061
0.025
0.453
0.437
1.209
0.677
1.307
1.101
1.539
1.395
0.052
0.707
0.323
0.187
0.203
1.704
1.148
0.445
0.239
0.615
0.877
0.103
0.674
0.513
0.74
2.197
0.312
1.184
0.018
0.949
0.806
0.633
0.096
0.03
0.819
0.789
0.102
3.414
0.684
0.088
0.576
0.929
0.078
1.267
0.92
0.023
0.153
0.184
0.034
0.054
0.649
0.722
0.571
0.734
0.667
0.978
1.2
0.049
0.656
0.779
0.034
1.791
0.724
0.832
0.835
1.067
0.043
0.037
0.045
0.88
2.293
1.118
0.14
0.558
0.031
0.104
0.084
0.602
1.417
1.303
0.209
1.316
0.053
0.15
0.271
1.51
0.206
0.097
0.334
0.83
0.142
0.039
0.847
0.755
1.243
0.768
2.538
2.573
0.021
1.179
1.818
0.952
0.08
1.046
0.238
0.766
1.073
1.253
0.05
0.652
0.696
0.225
0.579
0.567
0.059
1.128
0.025
0.376
0.129
0.343
0.027
1.301
3.778
1.292
1.247
2.531
0.797
0.793
0.102
0.287
1.022
1.42
2.124
0.806
1.573
1.118
0.831
0.853
0.702
0.056
0.798
0.068
0.83
1.535
1.368
0.263
0.184
2.289
0.015
0.989
0.076
0.804
1.521
0.188
0.179
0.721
1.049
1.326
0.063
0.883
0.519
1.455
0.028
0.698
0.452
0.143
0.141
1.431
0.104
0.819
1.441
0.117
0.88
0.119
2.689
0.527
0.037
1.308
1.643
0.604
0.598
0.607
0.756
0.103
1.421
0.739
0.235
0.072
0.993
0.702
1.437
0.279
0.654
0.523
0.129
1.42
0.147
0.934
0.895
0.064
0.828
0.438
0.885
0.116
0.04
0.115
0.788
0.066
0.884
2.65
2.733
0.072
0.899
0.655
0.027
2.252
0.013
0.624
0.696
1.072
1.092
1.833
1.56
0.092
0.554
1.449
0.226
0.168
0.62
0.362
0.094
0.91
0.064
0.032
0.638
0.93
1.398
0.043
2.371
0.87
0.026
0.243
0.02
2.112
0.207
1.587
0.04
0.463
0.146
0.306
0.025
0.345
1.774
0.584
0.776
0.075
0.705
0.898
1.143
0.796
0.645
1.009
0.595
0.307
0.714
0.264
1.085
0.516
0.127
0.854
0.607
0.077
2.367
0.425
0.077
1.818
1.338
0.22
0.894
0.608
0.672
0.09
0.079
0.582
0.02
0.056
0.09
1.081
0.371
1.029
0.987
1.338
1.91
0.021
0.067
1.144
1.368
0.626
0.026
0.248
1.5
0.598
0.117
1.161
0.078
0.034
1.364
0.392
0.736
0.07
0.028
0.368
1.029
1.31
1.695
0.063
2.561
0.924
0.953
2.959
0.146
1.021
0.039
0.744
1.042
2.066
0.102
0.595
0.692
1.479
0.074
1.03
0.308
0.032
1.401
0.038
0.64
0.836
0.95
0.511
0.716
0.905
1.054
0.225
2.138
0.574
0.213
1.355
0.748
0.603
1.403
1.392
0.154
0.785
0.116
0.532
0.823
0.759
0.075
0.789
0.298
0.055
0.839
0.85
0.044
0.553
0.835
0.099
0.993
0.92
0.379
0.067
0.704
0.647
0.784
2.538
0.865
0.276
0.567
0.204
0.109
0.051
0.67
0.011
0.911
0.378
1.006
0.171
0.616
0.079
0.064
0.024
0.957
0.838
0.863
0.049
0.038
0.97
0.397
0.246
0.041
0.3
0.149
0.691
1.368
4.488
0.253
0.048
0.2
0.207
0.74
0.249
0.853
0.031
1.254
0.021
0.749
0.368
0.728
0.704
0.63
0.061
0.816
0.135
0.136
1.028
0.285
0.767
0.882
0.134
0.062
0.775
1.584
1.204
0.025
0.698
0.108
1.071
0.412
0.945
1.207
0.205
0.08
1.534
0.789
0.063
2.227
0.946
0.737
0.969
1.183
0.399
1.793
0.711
0.764
0.953
1.348
0.711
0.184
0.043
0.724
2.806
1.286
0.246
1.098
0.881
0.048
1.644
0.842
0.753
0.081
1.86
1.067
0.7
0.655
0.638
0.624
0.749
0.37
0.824
0.568
0.026
1.572
0.718
1.124
0.544
0.107
0.576
1.527
0.026
0.634
0.645
0.128
0.758
0.728
0.628
0.203
0.661
0.955
1.616
0.424
0.461
0.835
0.755
0.969
0.652
0.366
0.04
0.648
1.401
0.075
1.591
3.392
0.113
1.008
0.794
0.638
3.445
1.392
1.296
0.068
0.862
0.997
0.922
0.207
0.553
0.642
0.806
1.542
0.097
0.752
1.657
0.1
0.092
0.067
0.837
0.837
0.105
0.78
0.861
0.826
0.038
0.967
0.718
1.239
0.649
0.394
0.684
0.603
0.569
0.185
0.706
0.684
0.658
0.093
0.269
0.013
1.318
1.218
0.927
0.802
0.954
0.292
0.765
0.087
0.084
2.286
1.068
0.413
0.091
0.058
0.746
1.277
0.224
0.929
0.994
0.9
1.47
0.991
0.036
0.658
0.279
0.138
1.573
1.149
0.84
1.541
0.022
0.858
1.897
0.296
0.816
0.028
0.676
0.364
0.072
0.831
0.701
0.416
0.863
0.757
0.03
0.893
0.627
0.039
0.646
0.841
0.046
0.707
0.697
0.076
1.85
1.801
1.024
3.265
0.066
0.902
0.108
0.198
1.058
0.65
0.17
0.34
1.735
1.394
0.214
0.1
0.693
1.195
0.703
0.092
2.307
0.925
0.717
0.786
0.98
0.932
1.505
0.972
0.054
2.522
0.746
0.733
0.117
0.223
0.841
0.917
0.908
0.794
1.419
0.217
1.485
1.517
0.607
0.87
1.42
3.43
0.435
0.099
0.149
0.562
0.969
0.097
0.976
0.227
0.074
3.229
0.852
0.647
0.088
3.891
0.792
1.145
0.384
0.083
7.895
3.026
0.563
0.035
0.046
0.137
0.075
0.274
0.532
0.392
0.181
0.537
0.044
0.057
0.073
0.348
0.234
0.287
3.488
0.09
0.489
0.075
0.931
0.143
0.969
2.234
0.921
0.089
0.02
1.644
0.798
0.044
0.047
0.018
3.764
0.793
0.856
0.261
0.333
0.045
1.424
0.042
1.18
0.744
0.595
0.024
0.806
2.058
0.347
0.743
0.121
0.035
0.033
1.266
0.904
1.636
1.111
0.615
1.041
0.112
0.837
0.6
1.788
0.109
2.56
0.654
0.163
0.11
0.046
1.121
0.437
0.727
1.216
0.306
1.312
1.641
0.059
0.176
1.535
0.703
0.051
1.657
0.765
0.606
0.739
0.773
0.018
0.075
0.793
0.025
0.908
0.576
0.097
0.846
0.136
0.132
0.093
0.221
0.91
0.583
0.766
1.093
0.413
0.087
0.809
1.659
0.048
0.058
1.31
0.306
0.57
0.735
0.164
1.379
0.038
3.177
0.904
0.05
0.063
0.972
0.046
0.581
2.362
0.138
0.028
1.72
0.543
1.273
0.926
0.132
1.07
1.349
0.769
0.495
0.668
0.215
0.185
0.015
0.744
0.777
0.696
0.578
0.041
0.017
1.01
0.985
0.814
2.626
0.961
1.194
2.607
1.025
0.993
1.398
0.071
0.065
0.081
3.164
1.582
1.012
0.629
0.737
0.23
0.721
0.682
0.534
2.801
1.002
0.714
0.671
0.908
0.446
3.01
0.099
0.035
0.068
1.177
0.142
0.953
0.097
1.466
0.835
0.089
0.816
0.041
0.552
1.032
2.301
0.746
1.084
0.154
0.985
0.649
0.669
1.324
1.321
0.06
0.61
0.231
0.075
0.792
0.027
1.234
0.895
0.08
0.585
0.847
1.029
1.575
0.678
0.579
1.661
0.988
1.414
0.536
0.273
0.199
0.142
1.172
0.04
0.665
1.498
0.061
0.054
1.014
0.073
0.843
1.233
0.682
0.393
1.923
0.133
0.72
1.376
0.073
0.785
0.649
0.126
0.022
0.293
0.024
2.679
0.758
0.08
1.241
0.118
0.778
0.11
0.403
0.994
0.044
0.456
0.572
0.668
0.724
1.106
1.261
0.015
0.993
0.438
0.248
2.474
0.715
1.857
0.112
0.572
0.453
2.959
0.898
2.202
1.224
0.036
0.158
0.021
2.818
1.613
0.656
0.7
0.039
0.748
0.672
1.206
1.861
0.597
0.08
0.153
0.499
1.081
0.044
0.821
1.091
0.211
0.606
0.104
1.515
0.741
1.177
1.368
0.135
0.761
0.387
0.641
1.265
0.188
0.665
0.554
0.715
0.882
0.185
1.079
0.119
0.976
1.095
0.694
0.113
0.722
1.109
0.025
0.47
0.553
0.034
0.886
0.854
0.957
2.902
0.674
0.171
0.172
0.869
0.985
2.075
0.263
3.489
0.281
1.636
0.086
0.697
0.687
2.115
0.538
0.134
1.539
0.802
0.806
0.356
0.161
5.352
1.129
0.912
0.099
2.411
1.015
0.245
0.092
0.645
0.749
0.936
0.018
0.413
0.647
0.75
0.539
0.933
4.489
0.016
1.655
0.05
0.101
0.426
0.675
0.639
1.932
0.915
0.03
0.026
0.633
0.865
0.073
1.095
0.49
2.539
2.175
0.274
0.924
0.576
0.829
0.094
0.918
1.288
0.766
0.727
2.766
0.759
0.049
1.346
0.598
0.353
2.462
0.019
0.525
1.037
0.018
0.081
0.25
0.655
2.167
1.615
0.04
1.044
0.742
0.657
0.109
0.054
0.55
0.618
0.116
0.077
0.308
1.149
1.668
0.05
0.354
0.5
1.266
0.286
0.337
1.016
1.287
1.41
1.048
0.629
0.233
0.969
0.044
0.601
0.625
1.717
0.642
1.239
0.741
0.866
0.894
0.033
1.409
1.413
0.695
0.764
1.832
0.648
0.859
3.615
0.076
1.128
0.514
1.512
0.88
0.603
0.028
0.354
0.138
0.587
0.051
0.429
0.713
0.598
0.139
0.122
0.152
2.719
0.663
0.072
0.019
0.154
0.576
1.916
1.11
0.655
1.971
0.931
0.357
0.045
0.027
1.319
1.014
1.053
0.281
0.181
1.038
0.541
0.108
1.666
0.059
0.515
0.623
1.412
0.201
0.225
0.675
0.781
0.029
0.684
0.029
2.347
0.842
0.402
0.041
0.844
0.852
0.492
0.522
2.548
0.668
0.842
1.333
1.471
0.741
1.327
1.1
0.211
1.166
0.347
1.238
1.746
0.12
0.034
0.775
0.128
0.859
0.226
0.56
1.818
0.384
0.063
0.401
1.811
1.716
1.689
0.121
0.853
2.686
0.614
0.75
0.095
0.616
0.443
0.874
0.509
0.975
0.164
0.721
1.532
0.504
0.769
1.502
0.038
0.993
1.747
0.252
0.994
0.654
1.507
0.52
0.053
0.051
0.106
0.229
2.629
0.187
0.056
0.722
1.282
0.798
0.19
0.291
0.124
0.055
0.042
3.046
1.022
0.615
1.407
0.525
0.936
1.196
0.014
0.446
0.352
0.767
1.007
0.57
0.107
0.783
0.084
0.949
0.393
1.31
0.471
0.924
0.746
1.122
0.117
0.244
0.235
0.663
0.826
0.792
0.023
0.08
1.249
0.681
0.082
0.574
0.071
0.757
0.603
0.517
1.003
1.62
1.088
1.629
1.149
1.112
0.61
0.038
1.552
1.156
1.453
0.061
0.21
0.049
0.239
1.223
3.208
0.034
0.906
0.685
0.202
0.05
2.363
0.058
0.591
2.017
0.824
1.193
0.611
0.92
0.056
1.654
0.123
0.227
0.2
0.651
3.362
1.664
0.648
0.026
0.572
0.878
0.737
0.66
1.469
0.215
0.815
0.727
0.029
0.943
0.503
2.283
0.665
0.455
0.274
0.303
0.536
0.461
3.358
0.03
1.11
0.574
0.932
1.126
0.173
0.073
1.676
0.031
1.163
1.926
0.141
0.093
0.689
0.227
3.077
0.711
2.729
0.36
0.055
0.98
1.074
0.574
0.058
0.112
0.615
0.596
2.667
0.027
0.021
0.05
0.141
0.141
0.85
1.097
2.82
0.164
2.339
0.16
0.781
0.714
0.137
0.775
0.214
1.704
0.347
0.46
0.151
1.31
0.05
0.1
0.046
0.045
0.614
0.211
0.612
0.076
4.826
2.164
0.32
1.63
1.219
2.328
1.024
1.388
0.101
1.519
0.625
0.133
1.706
0.773
0.633
0.047
0.093
0.12
1.178
0.699
0.969
0.083
0.526
0.289
0.349
0.142
0.932
0.047
0.05
0.324
0.953
1.111
1.189
0.581
0.026
0.614
0.618
0.627
0.87
0.089
1.633
0.074
0.021
1.169
1.063
0.024
4.887
0.915
1.25
1.855
0.683
0.056
1.325
0.53
0.022
0.52
0.448
1.324
1.133
0.704
0.986
0.293
0.026
0.756
0.556
0.042
0.035
0.942
1.181
0.124
0.076
1.452
0.176
1.001
2.497
0.609
1.517
0.616
0.754
2.689
1.746
0.586
0.899
0.617
1.153
0.156
2.315
0.17
0.686
0.208
0.167
2.203
0.693
0.078
3.212
1.366
0.062
0.053
0.159
1.122
1.199
0.354
0.132
0.676
2.389
0.08
0.847
0.924
0.572
2.04
0.605
0.756
0.878
1.623
0.135
0.03
0.697
1.426
0.764
1.247
0.156
0.052
0.076
0.654
0.774
0.331
1.89
0.058
1.311
0.473
0.073
1.995
0.032
1.103
0.7
0.176
0.024
0.186
1.353
0.293
0.176
1.575
0.696
2.047
0.806
0.601
0.089
0.655
0.548
0.171
0.173
1.034
0.064
1.981
0.266
0.629
0.456
0.023
0.261
0.159
0.101
0.04
1.22
0.584
0.733
0.706
0.742
0.715
1.405
1.442
2.009
1.356
0.569
0.641
0.71
1.899
0.062
0.848
0.486
0.149
0.37
0.648
1.784
1.853
0.602
1.125
0.888
1.186
0.812
2.701
1.007
1.062
0.906
2.825
1.103
0.781
1.292
0.677
0.234
0.097
2.277
1.984
0.742
1.674
0.155
2.595
1.244
0.023
0.62
1.21
1.735
1.194
0.796
0.838
0.421
1.847
1.549
0.194
0.058
0.785
2.382
0.88
0.753
1.183
0.975
0.656
0.132
0.015
0.052
2.931
0.049
0.733
1.385
0.986
0.036
1.622
0.089
1.865
0.627
0.584
0.651
1.287
0.343
2.764
0.551
0.042
1.694
0.932
1.489
0.771
0.695
0.852
0.239
0.625
0.761
0.026
0.192
0.688
0.038
0.261
0.728
0.806
0.023
2.39
0.973
0.705
0.638
1.382
0.023
0.055
0.231
0.053
0.173
0.14
1.853
0.907
0.868
0.037
0.72
0.057
1.037
0.671
0.083
0.723
0.258
0.013
0.615
0.719
0.645
0.397
1.377
0.254
0.115
0.126
0.668
0.205
1.115
0.035
0.053
0.34
0.584
0.676
1.594
0.634
0.713
0.576
0.923
0.783
0.902
1.211
0.342
0.629
0.088
0.384
0.265
1.471
0.373
0.84
2.299
0.213
0.824
1.099
0.773
0.928
0.901
0.653
0.662
0.126
1.516
0.714
0.895
0.111
0.056
0.689
0.1
3.445
0.012
0.543
4.248
0.186
1.264
0.086
0.614
0.687
0.792
0.033
0.042
0.559
0.382
2.112
0.885
0.782
0.149
2.317
2.364
0.022
0.883
0.117
0.303
0.115
1.706
0.018
0.045
0.293
0.684
0.149
1.44
0.628
1.468
0.606
0.11
0.766
0.678
0.02
2.783
0.752
0.633
0.236
0.782
0.736
0.015
1.01
3.966
2.468
0.865
1.236
0.531
0.655
0.99
0.029
0.127
1.391
0.837
0.924
1.756
0.099
0.769
0.04
0.076
0.835
0.3
0.244
0.111
1.086
0.114
0.076
0.154
0.058
0.21
1.189
0.278
1.538
0.645
1.223
0.148
0.135
2.224
1.571
1.549
0.045
0.161
0.043
0.318
0.711
0.625
0.826
0.076
0.035
0.955
0.097
0.694
1.221
0.79
2.556
1.378
0.945
0.677
0.203
1.137
0.154
1.061
0.807
1.577
0.201
0.508
1.79
0.714
0.873
0.994
0.036
0.727
0.622
2.539
1.398
1.814
0.658
0.917
0.63
1.013
1.539
0.598
0.045
0.601
0.715
1.275
0.071
0.822
0.75
1.371
0.373
0.16
0.124
0.135
0.887
0.184
0.05
0.394
0.807
0.809
0.032
1.508
1.223
0.674
0.074
0.601
0.013
0.637
0.167
0.051
1.592
0.291
0.159
1.642
0.069
1.359
0.818
0.196
1.437
0.981
3.95
0.32
0.164
0.681
0.15
0.36
1.022
1.929
0.818
0.025
1.831
0.643
0.187
0.665
0.129
1.789
0.518
0.843
0.354
0.638
0.943
2.079
2.921
0.139
0.747
0.079
0.08
1.476
0.36
0.688
2.279
0.245
0.933
0.243
0.07
0.701
0.147
0.202
0.035
1.65
1.705
0.573
0.083
0.706
2.678
2.548
0.527
1.163
1.539
0.167
0.096
0.051
0.043
0.729
1.691
0.782
1.065
0.579
0.094
1.096
0.63
0.114
0.304
0.892
0.705
4.343
0.865
2.316
0.635
0.048
0.021
0.604
1.385
0.182
0.067
0.748
0.677
0.572
2.082
0.031
0.702
1.413
3.556
0.927
1.665
1.081
0.023
0.803
0.983
0.138
0.077
0.056
0.783
0.024
3.044
0.191
0.841
0.284
0.156
0.63
0.157
0.771
0.586
0.507
2.286
0.125
2.498
1.225
0.564
1.068
0.514
1.13
0.247
0.201
0.859
0.706
1.942
0.658
2.201
0.598
0.991
0.557
1.821
1.589
0.121
1.061
3.126
0.753
0.855
0.457
0.555
0.967
0.123
1.082
0.346
0.561
0.593
0.872
1.017
3.058
0.02
0.958
1.408
0.024
1.763
0.118
0.84
0.057
0.764
1.088
0.533
0.219
0.784
0.084
0.118
0.072
0.918
0.561
0.689
1.686
0.144
0.569
0.028
0.978
0.673
0.125
3.163
1.759
0.112
0.056
0.011
0.257
0.199
0.928
0.076
0.671
0.034
0.226
3.14
0.111
0.263
0.063
0.649
0.036
0.568
0.062
0.08
0.676
1.066
0.516
0.964
0.996
0.226
0.039
0.613
0.134
1.293
0.172
0.081
2.421
0.359
0.793
0.558
0.657
0.037
0.132
0.256
2.16
1.003
0.194
0.072
0.228
0.165
0.035
0.76
0.148
0.026
0.12
0.205
0.05
0.042
0.919
0.07
0.07
0.98
0.054
0.636
0.471
0.165
1.722
0.116
0.088
0.785
1.142
0.167
0.581
0.286
0.047
2.448
0.106
0.063
0.058
0.623
0.641
0.766
0.124
1.15
0.116
0.725
0.666
0.439
0.037
0.516
0.078
1.579
0.737
0.371
0.374
0.237
0.772
0.574
0.283
1.557
0.818
0.043
1.08
0.893
0.907
0.257
0.06
1.204
1.337
0.637
0.062
0.057
0.049
1.24
0.05
0.786
0.71
0.131
1.815
0.813
0.058
0.803
1.218
0.046
1.321
0.185
1.693
2.449
0.104
0.429
0.045
2.475
2.235
0.516
0.613
0.676
1.82
1.395
1.079
0.118
2.229
0.933
0.525
4.104
1.401
2.402
0.029
0.093
0.693
2.411
0.556
0.268
0.771
0.121
1.028
0.049
0.984
0.723
0.083
0.166
0.044
0.084
2.349
0.018
0.726
1.139
0.046
2.859
0.809
0.044
0.234
1.412
0.058
0.338
1.914
0.258
2.553
0.534
0.046
0.116
0.202
0.109
1.959
0.119
1.567
0.83
0.857
0.728
0.038
1.294
0.859
2.4
0.112
0.042
0.038
0.434
0.463
0.085
0.882
2.85
0.641
0.412
1.355
1.012
0.038
0.71
0.803
0.04
1.276
0.624
0.693
1.95
0.727
0.677
0.817
0.624
0.02
0.245
0.054
0.095
1.966
0.544
0.05
0.038
1.561
1.415
0.046
1.277
0.015
0.028
1.864
1.377
1.096
0.733
0.795
1.419
1.272
0.245
0.047
0.745
0.059
0.182
0.59
0.178
0.132
0.197
0.426
0.687
1.277
0.714
0.048
1.779
1.027
1.165
2.099
0.412
1.479
0.226
0.142
0.035
0.072
1.169
0.049
0.847
1.024
0.044
0.739
0.557
0.153
0.44
1.284
0.556
0.075
1.824
0.668
1.539
0.757
0.575
1.58
0.896
1.205
0.096
0.353
1.44
1.37
1.577
0.682
1.923
0.304
0.152
0.632
0.034
2.051
0.846
0.501
0.833
1.228
0.559
1.875
0.258
1.389
0.67
0.134
1.219
0.651
0.442
0.149
0.563
0.135
1.178
0.631
3.03
1.052
0.787
1.506
0.304
1.419
0.168
0.712
0.525
2.192
1.52
0.572
1.025
1.691
3.065
2.552
1.193
0.804
0.414
0.141
0.674
0.42
0.225
2.538
0.051
0.537
1.973
0.095
1.828
0.748
0.715
0.817
0.328
0.39
1.163
2.144
1.008
3.365
0.075
0.736
0.779
0.04
0.911
0.728
0.127
1.102
0.04
0.336
1.055
1.3
0.832
1.38
0.654
0.604
2.305
0.108
1.627
2.023
0.959
0.615
1.546
0.065
0.118
0.311
0.734
0.375
0.797
2.373
0.047
0.097
1.566
0.555
1.876
0.682
2.172
0.07
4.644
0.19
0.243
0.894
0.044
1.827
0.677
0.788
0.118
0.893
0.127
0.755
0.129
0.541
0.719
0.624
0.631
0.459
0.882
0.299
0.067
0.713
1.068
0.94
0.892
0.725
0.667
1.433
0.849
2.605
0.057
2.507
0.076
0.822
0.108
0.655
1.334
0.062
0.762
0.561
2.255
0.801
0.305
0.594
1.275
1.262
0.391
1.02
0.614
0.365
0.357
0.065
0.581
0.03
0.033
0.47
0.017
0.615
0.163
0.043
0.254
0.204
0.05
0.467
0.764
0.036
0.644
0.008
0.057
0.916
0.016
0.048
0.303
0.085
0.454
0.161
0.143
1.897
1.55
0.291
0.049
0.093
0.675
0.618
1.111
0.735
1.13
0.655
1.969
0.255
0.719
1.054
2.003
0.816
2.128
0.596
0.516
1.079
4.394
0.058
0.066
0.073
0.541
0.951
0.045
0.804
0.012
0.942
2.188
1.116
0.065
0.88
1.27
1.445
0.032
0.642
1.147
0.024
1.366
0.2
0.277
0.739
1.082
0.201
0.191
0.785
0.822
0.205
0.692
0.535
0.731
1.712
1.624
2.187
0.011
0.622
0.74
3.617
0.684
0.087
0.647
0.285
0.038
0.021
1.651
0.256
0.052
1.154
3.211
0.649
0.066
0.248
0.287
1.188
0.045
2.343
2.025
0.252
1.1
0.052
0.106
1.253
1.806
0.527
1.569
0.263
1.62
1.694
1.159
0.788
0.62
1.818
0.451
0.955
0.868
0.457
0.028
1.332
0.169
0.947
0.061
1.243
0.118
1.033
0.671
0.147
1.543
0.046
0.696
0.078
0.853
0.477
0.553
2.361
1.923
0.108
1.149
0.128
0.663
0.842
0.166
0.047
0.07
0.132
0.105
0.532
0.945
0.899
0.542
1.288
0.196
1.986
1.071
0.076
0.059
1.795
0.964
0.067
0.333
0.654
0.073
0.496
0.819
0.049
0.023
0.055
1.397
0.106
0.18
0.401
0.737
0.676
0.265
2.046
0.029
0.06
0.811
0.227
0.029
0.068
1.559
0.025
0.153
0.191
0.077
0.175
0.053
0.99
0.6
1.731
0.161
0.204
1.088
0.123
3.14
1.2
0.511
0.798
0.516
0.611
0.094
0.249
0.509
0.12
1.581
0.048
0.722
1.829
1.665
0.77
0.651
1.885
0.104
1.314
0.06
0.761
0.061
0.106
0.192
0.297
1.345
0.134
0.039
0.68
1.099
0.114
0.323
0.09
0.613
0.313
0.483
0.018
0.734
0.184
0.068
1.672
0.203
0.663
0.156
0.423
0.761
0.625
0.705
2.0
1.216
0.646
0.969
2.025
0.115
0.892
0.227
1.868
0.394
0.568
0.363
0.031
0.19
1.891
0.044
0.761
0.328
0.932
0.61
0.149
0.874
0.656
0.262
0.169
0.237
3.93
1.108
0.122
2.245
0.281
0.364
0.709
1.033
0.236
0.759
0.029
0.603
0.931
0.935
0.697
0.186
0.786
1.881
0.4
2.72
1.204
0.031
0.079
1.536
0.599
0.119
0.796
0.808
0.08
0.615
0.187
0.171
2.17
1.777
0.327
0.764
2.385
0.913
1.292
0.09
0.757
1.164
0.049
0.608
1.366
0.136
0.046
0.063
0.621
0.024
0.637
0.039
0.881
0.058
0.838
1.154
0.054
0.379
0.627
0.468
0.654
1.908
1.127
0.716
0.913
1.503
0.704
2.055
0.037
1.247
0.024
0.017
0.065
0.891
0.077
1.207
0.444
2.219
0.171
0.735
0.888
2.819
1.106
0.841
0.752
0.337
0.624
0.552
0.7
1.02
0.716
1.435
0.114
0.672
1.063
0.046
0.101
1.999
1.695
1.322
0.026
0.381
1.546
0.139
0.929
0.89
1.589
0.147
0.038
1.351
1.045
0.018
0.039
1.177
0.727
0.078
3.064
0.136
0.679
0.597
0.067
1.292
0.506
0.935
0.165
0.102
0.544
1.012
0.298
1.029
0.049
0.073
0.748
0.119
0.046
0.073
3.619
0.183
0.11
2.838
0.108
0.244
0.077
0.634
0.089
0.536
1.089
0.712
0.16
0.767
0.036
0.929
0.663
1.258
0.922
1.186
0.635
0.051
0.631
0.078
0.184
0.087
0.04
0.561
0.765
1.126
0.062
0.195
0.802
1.109
2.816
0.049
2.299
0.045
0.327
0.989
2.252
0.128
1.107
1.613
0.04
0.622
0.864
0.751
1.585
4.141
0.929
0.357
0.982
0.939
0.687
0.735
0.132
2.334
0.925
0.716
2.455
0.132
0.941
0.718
0.284
1.554
1.644
0.621
0.106
0.137
2.463
0.52
1.158
0.77
0.437
1.149
0.832
0.122
0.665
0.966
0.26
0.031
0.62
1.943
0.146
0.095
0.614
0.514
0.077
0.22
0.079
0.093
0.375
0.213
1.356
0.117
3.164
0.027
1.173
1.323
1.257
0.182
0.258
0.635
0.324
0.943
0.573
0.458
0.695
0.197
0.036
0.201
0.759
2.778
1.546
0.124
1.31
0.882
2.626
0.717
0.499
1.385
0.338
1.078
0.655
1.454
0.759
0.086
1.031
1.001
0.706
2.804
0.086
0.826
0.782
0.116
0.117
0.554
0.186
0.036
3.503
0.154
0.068
2.37
0.674
0.138
1.151
0.6
0.101
2.044
1.212
0.315
0.364
0.804
0.918
0.558
0.131
1.435
0.038
0.111
1.606
0.241
1.179
0.639
0.568
1.894
1.535
1.72
2.639
0.933
0.075
0.649
0.078
0.409
0.831
0.646
0.13
1.509
0.523
0.933
0.144
0.752
1.303
0.781
0.626
0.019
0.221
0.075
1.279
0.613
0.836
0.119
0.229
0.937
0.103
0.173
1.543
0.026
0.784
0.639
0.189
3.188
0.069
1.276
0.469
0.202
0.23
0.794
0.038
1.729
0.839
1.438
0.875
0.2
0.984
0.656
0.227
0.416
0.523
0.816
0.643
0.026
0.129
1.285
0.025
1.526
1.516
0.033
0.098
0.055
2.154
0.871
0.098
0.716
1.14
0.046
0.887
1.209
1.642
1.017
0.574
0.794
0.163
0.688
0.432
0.087
1.323
0.684
0.747
0.117
0.815
0.981
0.714
0.191
0.054
0.76
0.035
0.148
0.398
0.257
0.853
1.697
0.239
0.246
1.189
1.364
0.105
1.227
1.247
0.051
1.658
1.292
0.287
0.028
1.114
0.21
0.366
0.651
0.192
0.076
1.044
0.041
0.102
3.902
2.654
0.848
0.55
0.353
1.814
1.066
0.815
0.051
0.695
1.05
0.283
0.439
0.452
0.726
0.058
2.17
0.928
0.43
2.243
4.508
0.834
2.425
0.799
0.55
1.449
0.865
0.864
0.047
1.012
0.868
2.498
1.409
1.652
0.862
0.281
0.167
0.769
0.036
0.766
0.056
0.517
0.731
1.129
0.675
0.166
1.314
0.635
1.389
2.201
0.446
0.238
0.142
2.193
2.584
0.191
0.701
0.725
0.055
0.119
0.235
0.308
0.945
1.139
0.104
0.833
3.183
1.055
0.056
0.906
2.002
0.313
1.992
0.762
0.16
0.772
0.615
0.108
0.056
1.27
4.272
1.157
0.05
0.423
0.859
0.032
0.29
0.027
0.616
0.038
0.026
1.166
0.063
0.018
1.023
0.052
1.601
0.135
0.529
0.957
0.025
0.318
0.486
0.64
0.093
1.35
0.683
0.185
0.065
0.081
1.044
0.614
0.108
0.022
0.84
1.204
1.141
0.021
0.685
1.707
1.018
0.598
2.928
0.821
0.133
0.029
0.867
0.036
0.721
0.116
0.059
1.553
1.006
0.234
4.551
0.845
1.838
0.039
2.646
4.164
0.881
0.523
0.812
1.144
0.883
0.137
0.709
1.427
0.689
0.419
0.024
0.062
0.749
1.04
1.043
0.092
0.1
0.035
0.967
0.591
0.845
1.178
1.401
1.138
0.042
0.04
0.318
0.268
0.098
0.036
0.075
0.87
0.95
2.492
1.291
0.129
0.618
0.507
1.814
0.741
0.374
1.455
0.04
0.745
0.779
0.442
0.434
0.852
4.41
0.745
0.192
0.882
0.174
0.068
0.036
1.245
2.077
0.797
0.121
2.018
0.772
0.809
0.098
0.541
0.09
1.849
0.617
0.686
0.059
0.923
0.174
0.77
0.427
0.563
0.123
0.945
0.83
1.859
0.779
0.426
0.781
0.705
0.989
0.031
0.165
0.638
0.22
1.38
1.397
0.108
0.612
1.709
1.038
0.069
3.21
0.886
0.082
0.986
1.212
0.859
0.023
0.608
1.177
0.042
0.046
1.008
1.638
0.865
1.633
0.114
0.025
0.501
0.679
0.854
0.68
0.494
0.031
0.099
0.043
1.112
1.242
0.059
1.372
2.338
2.383
0.079
0.856
1.538
0.609
1.375
0.793
0.121
3.042
3.365
1.622
1.052
0.698
0.661
0.173
0.117
1.166
0.545
1.931
0.034
2.03
1.105
0.994
0.029
0.126
0.602
0.893
0.059
0.946
0.826
3.337
0.161
1.056
0.847
0.922
1.003
1.276
2.281
1.845
0.05
2.318
0.134
0.105
1.483
1.14
0.032
0.052
0.065
1.307
0.052
0.874
0.727
0.528
0.743
0.086
2.473
0.414
2.141
0.109
0.104
1.856
0.207
0.238
0.741
1.646
0.037
0.358
0.066
1.762
0.056
0.609
1.677
0.021
0.608
0.025
0.296
0.511
1.816
0.575
2.154
0.733
0.66
2.815
0.17
0.588
0.764
0.013
0.838
0.666
0.063
0.206
0.031
0.133
0.478
0.07
0.306
2.37
0.731
0.915
2.398
0.688
1.512
0.057
0.028
1.365
0.501
0.577
0.056
1.166
0.396
0.04
0.655
0.23
0.062
0.75
0.519
1.569
2.243
0.779
0.048
0.142
0.637
0.466
0.04
0.148
0.673
0.862
0.379
0.03
0.399
1.26
0.087
1.452
0.552
0.615
0.225
0.646
0.593
0.731
1.37
0.913
0.601
0.798
0.091
0.9
0.577
0.555
0.05
0.275
0.03
1.344
0.628
0.111
0.233
0.19
0.668
0.957
2.21
1.417
0.669
0.086
0.121
0.663
1.123
0.669
0.047
0.549
1.854
0.158
0.966
0.142
0.08
0.667
1.08
0.055
0.553
0.616
1.338
0.72
1.281
0.776
2.88
0.641
0.043
1.869
0.723
0.604
1.886
2.22
0.501
0.78
0.075
0.051
0.733
0.066
0.655
0.04
3.067
0.059
0.688
1.204
0.055
0.204
0.018
0.617
1.043
0.029
1.02
1.131
1.398
0.066
0.379
0.49
0.657
0.05
0.619
1.132
0.037
0.847
0.053
0.752
0.329
1.181
1.011
0.17
1.516
2.337
0.082
0.239
0.736
0.057
0.695
1.711
0.087
1.497
1.152
0.689
0.125
1.098
0.723
1.919
0.283
0.634
0.065
0.511
0.104
0.865
3.008
1.608
1.307
0.673
0.331
0.809
1.359
0.066
0.75
0.042
0.219
0.331
0.082
0.267
1.438
0.997
1.573
0.601
1.96
0.109
1.784
3.045
0.303
0.725
0.529
0.591
0.058
0.568
0.273
1.298
1.152
0.14
0.059
0.062
0.975
0.553
0.773
0.869
0.137
2.044
0.194
0.091
1.495
0.816
1.336
1.108
0.153
1.334
1.902
0.025
0.734
0.103
0.796
0.048
0.626
0.677
2.839
0.096
1.763
0.882
1.079
0.649
0.516
0.726
0.6
1.4
1.028
0.669
2.076
0.055
0.578
0.895
5.852
0.025
2.903
0.892
0.844
1.877
2.293
1.947
0.78
0.767
1.293
1.428
1.932
0.423
1.197
0.321
0.601
1.98
0.036
0.593
0.077
0.048
1.637
0.018
0.045
2.222
0.131
0.229
0.299
0.049
0.049
0.076
0.725
0.908
0.638
0.799
1.725
0.212
0.035
0.658
0.864
0.701
0.213
0.524
0.371
0.028
1.667
1.384
1.556
2.439
0.997
0.035
1.686
0.066
0.705
0.414
0.128
0.021
0.923
1.721
1.661
3.044
0.243
0.069
0.662
0.124
0.876
0.346
0.099
2.124
1.162
0.855
0.911
1.573
0.957
1.943
1.708
3.641
0.44
0.958
0.834
0.585
1.292
1.523
1.146
1.334
1.093
0.498
3.005
0.087
0.858
0.759
0.744
0.287
0.147
0.363
0.292
0.355
0.783
1.951
0.569
1.656
0.804
0.793
0.324
0.805
2.427
0.012
1.966
2.42
0.967
1.933
2.052
0.02
0.034
0.789
0.309
0.637
0.409
0.399
1.181
0.201
0.024
1.144
0.87
0.105
1.243
0.842
0.152
1.405
0.049
0.826
0.751
2.645
0.079
2.034
1.588
0.188
0.883
0.115
0.031
0.095
0.843
0.658
1.518
2.661
0.028
0.115
1.298
0.051
0.959
0.791
0.152
1.06
1.195
0.722
1.079
0.53
0.019
0.063
0.019
0.53
0.02
0.238
0.683
0.996
0.038
2.675
0.678
0.599
0.517
1.364
0.701
0.878
0.528
0.027
0.321
0.724
0.452
0.575
0.697
0.967
0.041
0.647
0.735
0.874
1.292
0.84
0.863
0.157
0.535
0.684
0.362
0.25
0.753
1.19
1.48
0.644
1.303
1.187
2.495
0.746
0.06
1.172
0.232
0.728
1.08
0.764
0.031
0.838
0.972
2.891
0.054
0.057
0.579
0.058
0.101
0.932
0.089
0.043
2.058
0.935
0.287
0.059
0.746
0.839
0.93
0.347
0.672
0.345
1.852
0.577
0.051
0.188
0.963
0.173
0.657
0.425
1.002
1.04
0.201
0.125
0.073
1.308
0.43
0.751
0.526
0.116
0.721
0.262
0.749
1.005
0.045
0.805
0.067
0.158
0.1
0.234
0.071
0.165
1.76
0.597
0.646
1.617
0.016
0.369
0.292
0.869
1.58
1.213
1.022
0.939
1.922
0.953
1.528
0.751
0.85
1.618
0.304
0.631
0.045
2.934
0.774
0.995
1.175
0.032
1.09
0.124
0.258
1.86
0.275
0.692
0.845
0.1
1.519
0.305
1.33
0.743
1.423
1.749
1.5
1.367
0.242
0.835
0.86
0.061
0.064
0.682
0.145
0.075
2.304
0.178
1.758
0.978
0.134
0.946
0.461
1.301
1.335
0.211
0.072
2.012
0.735
0.566
0.321
0.599
0.204
0.302
1.325
0.96
0.949
1.192
1.738
3.43
0.744
0.063
0.336
0.342
0.039
1.649
2.024
0.699
0.697
0.644
2.232
0.985
0.415
0.57
0.052
0.848
0.188
0.268
0.215
0.366
0.219
0.876
1.792
0.033
0.928
1.285
0.031
0.975
1.572
4.902
0.59
0.794
0.078
0.712
1.757
0.936
0.533
0.976
0.922
0.756
0.091
0.697
1.387
0.574
0.691
0.494
0.729
0.479
2.17
0.924
1.117
0.127
0.021
0.039
1.234
0.644
0.242
0.051
0.14
1.2
0.913
0.616
0.046
1.352
0.802
0.567
0.565
2.281
0.392
0.018
0.64
0.143
0.813
1.035
3.827
1.694
2.154
1.496
2.49
1.239
0.876
0.578
0.278
0.225
0.306
1.074
0.711
1.583
0.174
0.115
1.792
0.885
0.623
0.937
0.694
0.144
0.657
0.026
0.518
0.983
0.114
0.73
0.271
1.402
1.18
1.792
1.072
0.718
0.495
0.694
0.679
0.671
0.053
0.12
1.385
0.129
0.651
0.965
0.882
0.33
0.883
0.026
0.057
0.026
2.739
0.542
1.484
0.616
2.5
1.145
0.075
0.614
0.35
1.367
0.046
0.75
1.453
0.05
0.376
0.595
0.552
1.223
0.597
0.564
0.091
0.666
0.614
0.163
2.187
1.09
0.664
0.191
1.34
1.008
0.75
0.093
1.965
0.603
1.725
0.963
0.611
1.733
3.209
0.262
0.87
0.047
0.782
0.635
2.006
0.802
0.707
0.077
1.494
0.144
0.126
0.669
1.905
2.995
0.202
0.688
0.056
0.657
0.035
1.324
0.969
0.041
1.697
0.065
2.072
1.12
0.022
0.016
0.562
0.578
0.829
1.16
0.499
0.081
0.192
0.806
0.236
0.666
0.574
0.02
0.029
1.858
1.741
0.323
1.263
1.769
0.859
0.162
0.517
0.185
0.057
1.036
0.712
0.935
0.815
0.058
0.732
0.643
0.126
0.544
0.471
0.498
0.134
0.271
1.167
0.815
2.372
2.796
0.754
0.158
0.208
0.798
0.268
0.712
1.545
1.115
1.396
0.038
0.795
2.891
0.14
0.156
0.68
0.537
0.814
1.115
0.856
0.261
1.201
0.189
1.821
0.317
0.705
2.742
0.922
0.038
0.237
1.17
1.211
1.806
0.576
0.59
0.073
2.563
0.193
1.58
0.03
0.041
0.95
0.188
0.082
0.088
0.02
1.76
0.115
1.044
0.244
1.078
2.092
0.483
0.964
1.571
0.698
0.065
1.445
0.055
2.167
0.821
1.022
0.04
0.73
0.267
0.654
0.078
0.841
1.259
0.891
0.652
0.07
0.242
0.099
1.489
0.77
0.095
0.512
0.106
0.016
0.742
0.183
0.049
0.193
0.86
1.081
0.768
0.895
2.21
0.496
3.424
0.657
0.129
0.024
0.609
0.077
0.67
0.622
0.043
0.976
0.091
0.441
0.678
0.52
1.246
6.104
0.655
0.817
0.067
1.167
0.59
0.213
0.954
0.044
0.282
0.039
0.738
0.774
0.097
1.753
0.134
1.205
0.324
0.392
1.707
1.436
0.923
0.215
0.658
0.293
0.452
1.699
0.751
1.465
1.222
0.884
0.057
1.268
1.508
0.064
0.299
1.11
0.167
0.869
0.627
0.824
0.964
0.136
0.607
0.068
2.596
0.923
0.694
0.056
1.462
0.223
0.551
0.847
0.361
0.831
0.529
0.067
0.957
0.969
0.798
0.205
0.134
0.255
0.639
1.215
0.064
0.183
0.055
0.501
1.897
1.201
1.181
0.948
0.162
1.001
0.36
1.48
0.067
0.703
0.997
0.892
0.59
0.065
1.571
0.832
0.628
0.911
1.042
0.694
0.661
0.111
1.751
0.157
0.062
0.067
0.73
0.047
0.606
0.269
0.801
0.261
0.75
0.16
1.839
0.024
0.705
1.16
0.716
0.658
0.317
1.302
0.042
0.685
0.789
1.127
2.548
2.147
1.077
0.061
0.548
0.109
0.12
0.252
0.867
0.867
2.505
0.983
1.247
0.263
0.053
0.332
0.199
1.036
0.691
0.19
0.068
0.73
1.297
0.798
0.048
0.642
1.317
0.924
0.871
0.046
0.753
0.08
0.633
0.8
0.171
0.773
0.072
1.741
0.113
1.528
0.948
0.545
0.051
0.196
0.037
0.045
0.102
0.273
0.83
0.803
0.604
0.095
0.303
1.872
2.038
1.184
0.639
0.667
1.021
0.042
2.114
0.968
0.531
0.871
0.747
2.053
0.271
0.064
1.035
2.474
0.192
1.249
0.121
0.538
2.441
0.544
0.812
0.129
0.564
0.108
0.296
0.154
0.697
0.06
0.29
0.079
1.289
2.76
0.073
0.264
0.023
0.183
1.409
0.169
0.625
0.086
0.753
0.966
2.348
1.31
0.56
0.688
1.68
1.091
0.042
1.411
0.712
0.094
0.083
0.022
0.05
1.062
1.645
1.131
0.105
0.08
0.065
0.216
0.515
1.404
0.662
0.721
0.174
1.721
0.563
2.999
0.995
0.601
2.746
0.076
2.409
0.377
0.033
0.699
0.761
1.008
0.781
1.098
0.738
0.525
1.507
3.387
2.592
0.033
1.782
0.719
0.369
0.471
0.631
0.206
0.617
0.681
1.329
0.78
0.485
0.683
0.35
0.129
0.574
0.064
0.554
3.738
0.876
1.923
0.072
0.072
0.019
0.081
0.701
0.271
0.504
0.065
0.694
0.685
0.781
0.196
0.944
0.094
0.091
0.517
0.089
1.745
1.748
2.028
1.118
0.758
0.09
0.195
1.447
0.101
0.753
0.757
0.071
0.233
0.962
2.132
0.839
1.81
0.112
0.56
1.404
2.316
0.514
1.227
2.45
0.144
2.1
0.14
0.17
1.291
0.215
0.073
0.107
0.099
0.227
0.68
1.261
0.086
0.075
0.59
0.055
0.056
0.094
0.705
0.493
0.152
0.329
0.584
0.024
0.477
0.18
0.603
0.029
0.085
0.641
0.077
0.848
0.893
0.929
1.468
2.951
0.053
0.047
0.982
1.982
0.932
0.679
0.022
0.736
0.025
0.914
0.732
0.055
2.384
1.584
0.079
0.053
0.89
0.028
1.78
1.141
0.68
2.166
0.083
0.849
1.841
0.206
0.226
0.031
0.026
4.118
1.444
0.982
2.06
0.088
2.053
0.025
0.382
0.663
0.169
0.088
0.654
0.155
0.029
0.468
0.79
0.257
1.38
0.108
0.387
0.651
1.506
0.055
1.397
1.842
0.015
0.153
0.65
0.342
0.858
0.226
1.825
0.058
0.079
0.807
0.202
0.181
0.067
1.528
0.669
0.447
1.886
0.865
0.194
0.63
0.134
0.081
0.258
0.703
0.182
0.484
1.303
0.104
0.992
0.059
0.029
1.95
0.933
0.036
0.094
0.864
2.652
1.341
0.276
0.129
1.47
1.083
0.042
0.047
0.112
0.343
0.627
0.1
1.13
0.75
0.742
1.057
0.701
0.877
0.156
1.072
0.33
0.154
0.65
0.131
0.609
1.314
3.98
0.532
1.109
0.035
0.047
0.674
1.153
1.118
0.044
0.528
0.82
0.783
0.628
0.67
0.048
0.298
1.244
0.506
0.048
0.126
0.443
0.046
0.235
0.03
0.025
0.045
0.202
0.607
0.09
0.75
0.19
0.777
0.071
2.099
0.224
0.135
1.466
0.673
0.831
2.748
0.809
1.709
0.381
2.116
0.893
0.038
0.344
2.288
0.549
0.055
0.248
0.093
0.855
0.542
0.62
0.721
0.475
0.687
1.014
0.054
0.512
0.093
0.522
0.053
0.065
0.758
1.058
0.925
0.097
0.275
0.61
0.689
0.097
1.356
0.834
0.205
1.201
1.402
0.159
4.031
0.832
0.032
0.75
0.034
0.785
0.708
1.681
0.027
0.175
0.548
0.76
0.81
0.667
0.741
0.024
0.193
0.121
0.345
4.149
1.235
0.07
0.794
0.095
0.931
0.908
0.172
0.906
0.036
0.119
0.027
0.55
1.714
1.631
0.048
0.025
1.381
0.298
0.039
0.814
0.918
0.201
0.838
0.875
0.029
0.995
1.775
0.06
1.054
1.015
1.617
0.746
0.971
0.173
0.247
1.475
0.747
0.391
0.076
0.112
0.642
0.33
0.794
0.06
0.507
0.052
0.247
0.146
1.022
0.048
0.02
0.202
0.795
0.106
0.06
0.048
0.015
1.058
0.682
1.63
1.78
0.786
0.635
1.431
0.241
0.44
0.167
1.207
0.03
0.647
0.093
0.903
0.972
0.642
0.995
0.881
1.229
0.945
0.246
0.994
0.691
0.026
0.107
1.287
0.764
0.786
0.113
0.146
0.233
0.385
0.694
1.253
0.706
1.317
0.663
1.209
1.588
0.607
0.508
1.768
1.233
0.48
0.862
1.943
0.63
1.685
0.971
1.127
0.945
0.622
0.084
0.128
1.396
2.879
0.629
0.558
0.145
3.433
0.537
0.042
0.219
2.618
0.823
0.798
0.088
0.012
0.098
2.992
0.073
0.055
1.097
1.59
0.617
0.788
0.086
1.385
0.884
0.9
1.894
0.507
0.75
0.328
0.14
1.41
0.296
0.047
0.871
0.886
0.86
0.817
0.02
0.587
0.863
0.759
0.068
0.708
0.093
0.887
0.02
0.112
2.219
0.809
0.019
0.787
1.968
0.851
0.688
1.13
0.318
0.045
0.223
0.834
1.107
0.15
1.226
0.042
0.735
0.665
2.195
0.627
0.142
1.495
0.045
0.049
1.227
0.966
0.806
0.038
0.63
0.796
1.701
1.443
0.044
0.284
0.758
0.84
0.04
0.047
3.063
0.031
1.019
0.501
0.055
0.819
1.042
0.05
0.717
2.721
1.006
0.719
0.674
0.675
0.755
1.695
0.894
0.833
0.672
0.043
0.069
0.52
0.131
1.304
0.795
0.048
0.129
1.728
0.081
0.036
0.173
0.884
0.121
0.218
2.312
0.766
0.202
0.058
0.07
0.091
1.423
0.124
1.323
0.063
0.291
0.701
0.986
3.441
1.021
0.076
0.821
0.048
0.759
1.951
0.585
0.294
1.617
0.952
0.631
0.375
0.089
1.376
0.185
0.67
1.469
0.094
0.211
3.475
0.196
0.867
0.586
0.053
0.19
0.048
0.719
0.131
2.861
0.101
0.041
1.636
1.428
0.216
0.063
0.901
2.107
0.797
0.213
0.098
0.059
1.734
0.03
0.229
3.273
0.405
0.448
1.287
4.09
0.29
1.3
1.176
0.816
0.58
1.753
0.118
1.022
0.698
0.649
0.02
1.023
0.078
0.703
0.038
0.688
0.337
0.959
0.029
0.461
1.927
0.052
3.082
0.08
0.601
0.082
2.032
2.027
1.246
0.583
0.763
0.271
0.026
2.136
0.061
0.654
2.178
0.077
1.655
0.039
0.879
1.773
0.077
0.597
2.161
0.441
0.075
0.126
0.135
0.407
0.062
2.716
3.856
1.598
0.7
0.104
0.099
0.963
0.254
1.948
0.563
3.64
2.433
0.098
1.716
0.817
0.214
0.73
0.063
1.346
0.82
1.132
0.033
0.517
0.376
0.868
1.114
0.72
0.58
1.638
0.75
0.603
0.29
0.117
0.716
3.123
0.048
0.058
0.095
0.866
0.761
1.768
0.616
0.087
1.358
0.748
0.088
0.55
1.249
0.169
0.602
1.765
0.179
0.069
0.024
0.02
0.743
0.069
0.602
1.833
0.693
1.098
0.081
0.152
3.842
1.593
0.906
0.056
1.156
1.469
0.107
0.999
0.066
0.779
0.708
0.955
1.636
0.09
1.835
2.238
6.284
0.111
2.446
0.947
0.066
0.728
1.17
0.025
0.785
0.592
1.661
0.08
0.188
1.185
0.044
0.043
0.812
0.046
0.013
0.742
0.044
0.637
0.783
0.087
1.883
0.297
0.056
2.383
1.114
0.026
0.183
0.065
0.362
0.085
1.052
1.214
0.056
1.45
1.013
1.517
2.923
0.748
0.246
0.174
0.786
0.027
0.711
0.042
0.981
0.188
1.09
0.363
1.252
1.639
0.366
0.067
1.075
0.071
0.19
0.276
0.097
0.165
0.559
1.603
1.065
0.572
0.211
0.747
0.048
0.708
0.747
0.118
2.586
0.925
4.071
1.232
1.007
2.166
0.654
0.017
0.027
0.688
0.184
1.144
0.053
0.194
2.037
1.453
0.59
0.762
0.983
0.873
0.027
0.027
0.299
0.635
0.096
0.045
1.316
0.684
0.879
0.065
0.057
0.056
1.294
2.173
0.289
0.034
0.253
1.059
0.135
0.584
0.591
0.664
1.863
0.74
0.159
0.48
0.706
0.078
0.076
1.455
1.361
1.617
0.533
1.12
0.98
3.125
0.593
0.052
0.032
0.715
0.638
0.025
0.028
0.544
0.317
0.975
2.359
0.213
0.139
0.809
1.78
0.639
1.484
0.779
0.724
0.267
0.048
0.09
1.018
0.803
0.061
1.159
0.047
0.701
4.59
1.026
0.063
0.133
0.032
0.872
0.533
1.021
0.014
4.688
1.402
0.65
1.126
0.604
1.289
0.994
1.847
0.086
0.107
0.821
0.634
0.049
0.033
0.647
0.957
0.467
0.018
0.258
0.026
1.336
0.143
2.215
0.039
0.265
0.776
0.636
0.809
0.664
1.977
0.585
0.901
0.096
1.51
0.352
0.53
0.143
0.268
0.971
0.054
0.043
0.585
0.081
3.408
0.807
0.632
0.039
0.555
0.285
0.062
0.074
0.071
0.875
0.914
1.321
2.216
0.766
1.211
0.015
0.717
0.732
1.111
0.209
0.329
1.435
1.388
1.662
0.973
0.889
0.921
0.264
0.696
0.827
2.235
0.803
0.236
0.789
0.06
0.198
0.196
1.638
0.205
0.058
2.144
0.146
1.983
0.939
2.399
0.288
0.14
0.703
0.205
0.491
0.867
0.998
0.115
2.275
0.248
0.101
3.163
0.707
0.755
0.075
0.128
0.062
1.14
0.766
0.023
0.032
0.05
0.758
0.615
0.048
0.689
1.693
0.168
3.123
2.336
0.086
1.595
1.12
0.87
0.98
0.071
0.303
0.057
0.069
0.015
0.795
0.099
0.114
0.033
1.392
0.485
0.791
0.777
0.793
0.169
0.432
1.746
0.586
0.019
0.146
0.512
0.04
0.058
0.041
0.608
0.744
1.094
3.339
0.054
0.197
0.922
0.111
1.004
1.035
0.663
0.079
0.606
0.935
0.709
0.228
0.65
0.884
1.224
1.18
0.247
0.184
0.763
0.606
1.317
1.029
2.109
0.06
0.949
2.169
0.584
0.058
0.876
0.619
6.258
0.971
1.83
1.87
0.058
1.215
0.503
0.507
1.413
0.242
0.079
0.681
0.124
0.591
0.803
0.824
0.038
0.153
0.064
0.138
0.157
0.624
0.633
1.577
0.032
1.432
0.165
0.695
1.362
0.758
1.259
0.979
0.121
1.037
0.265
1.231
0.665
0.048
0.036
1.08
0.95
0.19
0.85
0.126
0.785
0.07
0.058
0.163
1.099
0.848
0.359
0.175
0.796
1.625
0.137
0.084
0.557
0.938
0.608
0.486
1.417
1.274
0.034
0.724
1.289
0.577
0.152
0.259
2.24
0.105
2.159
0.797
0.049
0.749
0.705
0.041
0.842
0.104
0.032
1.787
0.905
0.332
0.181
1.273
0.522
0.03
1.471
0.327
0.447
0.058
0.218
0.248
1.423
0.293
0.596
3.037
0.243
0.047
1.339
0.019
0.104
1.38
2.033
0.882
0.053
0.599
0.156
0.697
0.06
1.339
1.62
0.742
3.044
0.337
0.682
0.258
0.073
0.803
0.924
1.208
0.729
0.13
0.392
1.46
0.044
0.039
0.094
0.997
0.185
0.059
0.031
1.014
0.067
1.26
0.204
0.763
2.162
0.87
0.756
0.745
0.067
1.223
0.244
0.864
0.107
0.79
0.664
0.063
0.696
0.571
0.089
0.343
1.101
0.786
2.032
1.518
0.152
0.451
4.019
1.291
1.564
0.101
0.131
0.134
0.851
0.553
0.541
0.051
0.009
0.053
1.108
0.028
0.083
0.837
0.125
0.8
2.297
1.175
0.589
0.601
0.507
0.495
0.077
1.673
0.581
2.365
0.061
0.487
0.592
0.81
0.963
0.03
0.563
0.477
1.044
0.886
0.879
0.165
1.191
0.052
0.039
0.423
2.699
0.889
0.842
0.783
0.211
0.141
0.683
0.131
0.621
0.129
0.304
2.702
0.137
1.735
0.532
0.286
0.585
0.033
1.673
0.655
1.182
0.032
0.621
0.083
0.67
0.899
0.698
3.508
0.112
0.083
0.858
0.155
0.983
0.037
0.855
1.058
0.029
1.297
1.777
0.107
2.642
0.419
1.538
0.929
2.791
0.101
0.057
0.279
0.067
1.27
1.038
0.037
0.061
0.709
0.653
0.033
1.307
1.877
0.072
0.922
0.087
0.125
0.022
0.804
3.003
2.931
0.727
1.924
0.885
1.532
0.12
0.052
0.697
0.844
0.045
0.691
0.849
2.509
0.039
0.115
0.26
0.592
0.615
0.255
0.636
1.288
0.12
0.821
1.035
0.146
1.061
2.386
2.67
1.002
1.413
0.886
1.439
1.143
0.817
1.092
2.045
0.692
0.085
0.119
0.771
0.082
0.128
0.085
1.435
0.95
0.572
0.102
2.069
2.16
1.206
0.627
0.757
0.794
1.774
0.905
0.192
0.612
0.767
0.325
0.262
1.274
0.594
0.667
1.807
0.779
0.644
0.967
0.769
0.834
0.105
1.62
0.754
0.921
0.743
0.058
1.556
0.848
0.894
1.452
1.642
0.898
0.882
0.72
1.145
0.616
0.584
1.386
0.033
0.186
1.266
0.596
0.731
0.875
0.23
0.229
0.971
6.388
0.991
0.076
0.671
0.1
0.071
0.079
1.136
0.962
0.415
1.848
0.035
0.029
0.391
3.129
1.095
0.066
2.415
0.774
0.021
0.69
0.616
0.039
0.734
1.86
1.634
0.856
0.735
0.095
0.053
0.586
1.12
2.944
1.204
0.116
0.954
0.048
1.096
0.581
0.172
0.172
1.099
0.685
0.129
0.162
0.619
0.129
0.653
0.211
0.015
0.791
1.629
0.872
0.098
0.021
0.187
0.086
0.048
0.199
0.182
0.022
0.3
1.006
0.182
0.015
0.324
1.909
0.155
0.122
0.822
0.293
1.844
1.033
0.589
0.924
1.438
0.572
0.816
0.944
0.291
1.012
0.908
0.912
0.247
1.736
0.64
0.883
0.91
1.284
0.091
0.345
0.057
0.625
1.441
1.199
1.313
0.568
0.047
0.075
0.05
0.096
2.012
0.035
1.779
0.033
0.875
0.938
0.033
0.075
0.054
0.177
0.153
1.995
0.716
0.948
0.022
0.055
0.39
0.245
0.665
0.629
0.679
0.9
0.585
0.55
0.046
1.036
1.45
0.065
0.719
1.921
0.023
1.425
3.236
0.613
0.596
0.858
0.026
0.053
0.1
0.157
1.207
1.388
2.744
1.153
0.622
2.409
0.092
0.917
0.103
0.962
0.642
1.364
0.536
0.824
0.55
0.122
1.189
0.638
1.096
0.028
0.145
0.118
0.303
0.146
0.265
1.289
0.02
1.081
0.999
0.852
0.653
0.403
0.604
0.706
2.657
0.107
0.04
1.67
0.194
0.095
0.129
0.995
0.178
2.267
2.086
0.184
0.19
0.693
0.744
0.131
1.22
0.126
0.183
1.585
2.857
0.847
0.361
0.233
2.389
0.492
0.023
0.123
0.169
0.169
1.418
0.1
1.033
0.243
2.951
0.459
1.367
1.048
0.117
2.142
1.063
0.061
0.743
0.057
0.144
0.758
0.613
0.809
1.66
0.521
0.649
2.849
0.067
3.311
2.389
0.275
0.398
2.68
0.103
1.987
0.246
0.644
1.641
1.751
1.114
1.917
0.849
0.715
0.83
2.212
1.677
0.997
0.778
1.08
2.72
0.333
1.379
0.325
0.668
1.344
0.313
0.145
1.298
1.171
0.14
0.181
0.202
0.916
1.277
3.947
0.638
1.156
0.501
0.092
0.324
0.776
0.825
0.75
1.112
0.053
0.816
0.609
0.035
0.17
0.74
0.032
0.48
0.797
0.56
0.898
0.113
0.707
2.791
1.07
0.756
1.47
0.031
0.063
0.822
0.059
0.799
0.956
0.718
1.213
0.914
0.139
0.222
0.661
0.836
0.215
0.061
0.736
0.136
0.028
0.73
0.903
0.852
0.215
0.537
0.038
1.348
0.43
0.039
1.53
0.992
0.577
1.242
0.08
0.364
0.696
0.668
0.067
0.074
1.116
0.744
0.749
0.656
0.615
0.991
0.065
0.121
1.434
0.226
0.63
1.325
0.063
0.812
0.105
1.762
0.155
0.057
0.274
1.246
1.155
0.075
0.813
2.238
1.577
0.764
0.19
0.896
0.049
1.839
1.505
0.065
1.93
1.483
2.115
0.515
1.192
1.584
0.913
2.666
0.063
0.964
0.076
0.658
0.295
0.741
0.098
0.125
2.542
0.06
0.657
1.596
1.657
1.094
0.034
0.131
1.388
0.083
0.863
0.608
0.668
0.226
1.537
0.039
0.172
0.642
1.553
0.868
1.267
0.139
1.48
0.675
1.489
1.119
1.592
1.424
2.353
0.63
0.065
1.496
0.18
0.782
0.197
0.643
3.081
0.512
0.13
0.036
0.041
0.138
0.047
1.987
0.859
0.33
0.055
0.042
0.086
0.632
2.051
0.793
0.132
0.582
0.752
0.057
2.013
0.699
1.002
0.982
0.089
1.285
0.666
0.509
2.176
0.133
0.237
0.693
0.642
1.616
0.077
0.988
0.996
1.466
0.082
0.07
0.903
1.051
1.025
0.075
0.03
0.942
0.1
0.072
0.609
0.801
0.774
0.091
1.084
0.053
0.162
2.128
0.971
0.652
0.022
0.364
0.12
0.079
0.72
0.508
0.857
0.774
0.591
0.217
0.688
0.064
0.737
0.043
0.041
0.743
2.936
0.501
1.084
0.354
1.024
1.398
1.581
0.894
0.172
1.131
0.729
0.744
0.037
2.341
0.318
0.972
1.057
0.034
0.542
1.042
0.385
0.914
0.73
0.043
1.427
0.3
0.146
1.293
0.025
0.071
0.047
0.043
3.288
0.21
0.884
1.815
1.609
0.392
0.68
0.712
1.105
1.866
0.806
0.022
0.702
0.078
2.506
0.757
0.415
0.228
0.707
0.763
0.069
0.039
0.26
0.583
1.905
0.589
0.873
0.75
1.699
0.899
1.3
1.197
0.316
0.379
0.024
1.628
1.139
1.924
3.623
0.174
0.554
0.124
1.327
0.599
0.713
0.851
0.09
1.732
0.782
3.081
0.112
1.456
0.919
0.072
0.854
0.737
0.8
0.066
2.256
0.554
0.749
0.732
0.062
0.314
0.06
0.05
0.805
0.135
4.02
0.105
0.801
0.049
0.411
0.863
0.653
0.161
1.111
1.579
0.1
0.873
0.085
0.736
1.09
1.276
0.071
0.634
1.097
1.446
0.012
3.263
0.619
0.885
0.061
2.698
1.259
1.98
1.426
1.267
0.173
0.681
0.082
0.46
0.936
0.043
1.107
1.243
0.727
2.206
1.501
0.057
0.042
0.072
0.162
0.682
0.029
2.506
0.032
0.709
0.151
0.185
2.094
0.043
0.136
1.179
0.634
0.286
2.616
0.336
0.505
0.839
0.69
2.996
0.649
1.19
0.049
0.735
0.379
0.047
4.196
0.603
0.6
0.739
2.33
0.151
0.605
0.148
2.094
1.436
0.698
0.677
1.295
0.117
0.129
0.599
0.276
0.721
0.376
0.069
1.224
0.98
0.893
0.858
1.395
0.281
0.821
1.777
0.77
2.975
0.167
4.576
0.752
0.213
0.949
1.144
0.774
1.065
3.116
0.666
1.71
0.498
0.033
2.695
0.035
0.681
0.028
0.763
0.66
0.687
0.019
0.035
0.936
0.728
0.534
1.135
0.788
0.601
1.312
0.073
2.673
2.047
3.015
1.036
0.06
1.159
0.65
0.802
2.234
0.052
0.934
0.764
1.485
0.646
0.031
0.028
2.625
0.686
0.74
0.061
0.586
0.652
1.085
0.092
2.108
0.868
1.608
0.92
0.074
1.276
0.716
0.137
0.105
1.061
0.73
0.947
1.675
0.078
2.256
0.049
0.11
0.091
1.473
0.027
0.775
0.915
0.793
1.289
0.528
1.9
1.057
0.731
0.023
0.247
0.618
0.709
0.805
0.637
0.723
0.039
0.725
1.681
2.084
0.033
0.489
1.042
1.512
1.135
1.405
1.324
1.682
0.433
0.184
0.102
1.151
0.076
0.689
0.63
0.731
0.05
0.137
1.072
1.856
0.203
0.054
1.28
0.791
0.054
0.637
1.507
0.174
1.796
0.031
0.054
0.015
0.975
1.822
0.046
0.655
0.094
0.25
0.547
1.136
3.372
1.002
0.07
1.029
1.733
0.799
0.048
0.238
0.637
0.552
0.945
1.893
1.936
0.079
0.08
0.487
0.127
0.21
0.072
0.749
0.599
0.094
0.329
2.202
1.78
0.057
0.02
0.584
0.566
1.727
1.017
1.088
0.237
1.735
0.61
0.257
0.725
1.146
0.824
0.173
0.255
0.426
0.742
0.935
0.886
0.31
1.433
0.883
0.04
0.035
0.801
0.04
2.593
0.923
0.396
1.28
0.058
0.082
0.306
0.313
0.459
0.088
0.309
0.025
0.317
2.218
1.628
0.784
0.171
2.01
1.587
0.645
0.117
0.241
0.097
0.018
0.901
0.055
0.651
0.136
0.082
0.826
1.009
0.79
0.057
0.861
1.834
0.269
0.062
0.809
0.643
0.714
2.936
0.716
0.63
0.854
0.052
0.162
0.133
0.082
0.031
1.849
0.07
0.219
3.365
0.907
0.881
0.036
1.406
0.086
1.01
0.055
1.525
1.197
0.565
0.293
1.054
1.066
0.848
0.274
0.828
0.036
0.051
0.743
0.148
0.686
0.174
0.686
0.79
1.124
0.061
0.283
0.379
1.742
0.879
0.018
1.498
0.019
0.082
0.511
0.637
0.075
0.071
1.101
1.035
0.677
0.092
0.538
1.042
1.804
0.92
0.66
2.122
2.763
1.802
3.391
0.552
2.922
0.098
0.272
1.939
0.157
2.5
1.425
1.166
2.135
0.055
0.766
0.037
0.711
0.224
0.25
1.36
0.065
0.054
1.694
3.487
1.185
0.023
0.067
1.001
0.39
0.917
0.551
1.162
0.556
0.132
0.056
0.352
1.01
1.277
0.22
0.77
1.807
0.09
0.072
0.68
0.881
0.053
2.251
0.695
0.053
0.135
0.739
1.887
0.313
1.44
0.292
0.673
0.437
1.791
0.123
0.021
1.646
0.666
0.024
0.925
0.978
0.359
0.669
0.642
0.067
0.859
0.661
0.059
1.885
0.036
0.241
0.202
0.856
0.045
1.205
1.008
0.613
1.221
1.29
1.145
1.389
0.149
0.189
0.057
0.131
0.568
0.897
0.615
0.9
1.543
0.32
0.054
1.175
0.029
0.125
0.042
0.07
0.087
0.064
0.907
1.378
0.826
0.052
0.034
2.3
0.94
0.153
0.679
0.08
0.545
0.629
0.862
1.246
0.088
0.031
0.813
0.087
0.132
0.803
0.638
0.025
0.305
0.547
0.824
1.52
0.105
0.155
1.683
1.08
0.334
0.749
0.437
0.059
1.485
0.335
0.306
0.274
1.255
0.017
0.112
0.081
1.208
1.901
0.117
0.055
0.022
1.396
0.086
0.037
0.031
0.961
0.094
0.082
0.629
0.642
0.807
1.037
0.086
1.14
0.885
2.544
0.755
0.56
0.068
0.717
0.756
1.338
0.718
0.637
0.643
1.048
0.729
0.616
0.061
1.743
0.979
0.408
0.782
1.404
0.034
0.83
0.061
0.077
0.083
0.02
0.71
0.389
0.99
0.033
0.091
0.064
0.082
0.683
0.55
0.923
0.024
0.585
2.087
0.886
1.638
1.38
0.583
0.025
1.827
1.654
0.71
1.821
1.208
0.3
0.875
0.059
0.096
0.29
0.723
1.393
1.597
1.034
0.028
1.033
1.445
1.959
0.046
0.442
0.492
0.763
0.321
0.056
0.136
1.565
0.832
0.84
2.643
0.837
1.424
0.462
0.432
0.97
0.155
0.215
1.469
0.072
0.749
2.121
1.9
1.15
1.231
0.548
0.99
2.703
1.536
1.192
0.106
0.68
0.055
0.79
0.627
0.171
0.16
0.685
0.042
1.562
0.351
2.547
0.731
1.801
0.102
0.19
0.05
0.635
0.061
1.556
0.504
0.036
0.373
0.619
0.558
0.604
0.237
0.469
0.085
0.056
0.974
0.077
0.124
2.383
0.182
0.782
0.324
0.085
1.158
0.578
1.534
0.791
1.812
0.04
0.18
0.975
1.003
0.032
1.581
0.117
0.759
0.813
1.895
0.029
3.81
1.37
0.339
0.595
1.252
0.041
0.54
0.19
0.156
0.037
0.885
0.674
0.932
0.622
0.653
1.208
0.109
0.083
0.292
0.122
0.662
0.71
0.095
0.051
0.736
2.162
0.351
0.049
2.437
1.297
0.903
0.026
2.43
1.086
0.906
0.923
0.028
0.117
1.094
0.083
0.192
1.086
1.118
0.084
0.66
0.042
0.043
0.531
0.787
0.98
2.415
0.997
0.124
0.062
0.743
0.62
1.029
0.817
0.056
0.708
1.285
0.84
1.652
0.218
0.621
0.349
0.051
0.707
2.457
1.623
1.245
0.447
0.127
0.201
0.231
1.171
0.119
0.062
2.449
0.691
1.242
1.412
0.051
0.331
1.771
0.04
0.02
0.697
0.942
0.054
0.07
1.949
1.153
0.706
0.022
0.371
0.143
0.599
0.071
0.015
0.961
0.112
0.664
1.623
1.212
1.494
0.077
0.9
0.026
0.075
0.608
0.181
1.444
0.174
1.83
0.075
0.817
0.045
0.178
1.278
0.05
0.603
0.072
0.068
0.08
0.841
0.024
0.326
0.887
0.87
1.231
0.789
1.02
0.623
1.097
0.104
0.705
0.448
0.637
0.201
0.035
0.097
0.044
0.56
2.793
0.758
0.072
1.14
0.153
0.756
0.76
0.52
0.777
1.103
0.863
0.977
0.095
1.124
0.196
1.242
1.307
0.91
0.192
0.039
0.021
1.563
0.25
0.134
1.131
0.166
0.116
0.015
0.027
0.077
1.958
1.036
0.795
0.035
1.362
0.678
0.403
0.326
0.142
0.752
0.023
0.129
0.341
1.723
0.101
0.079
0.692
0.094
0.114
0.09
0.133
0.092
0.221
0.677
0.817
0.03
0.074
0.036
0.682
0.568
0.345
0.696
0.203
1.593
0.525
1.531
0.71
1.11
0.124
0.054
1.004
0.829
0.849
0.12
1.0
0.242
0.537
1.208
1.824
0.719
1.27
2.699
0.093
0.75
0.492
0.385
0.167
0.384
0.065
3.556
1.259
0.107
0.111
0.238
0.165
1.746
0.098
1.415
0.167
0.039
0.15
0.03
0.623
0.692
0.62
0.154
0.625
0.087
0.554
0.583
0.03
0.505
0.588
0.611
0.043
0.82
0.728
0.174
0.032
1.027
1.332
0.058
1.394
0.544
0.021
0.374
0.671
0.523
2.085
1.477
1.846
0.283
2.496
0.368
0.606
0.088
0.751
1.054
0.054
1.458
0.192
0.889
1.728
1.207
1.222
1.539
2.625
0.591
1.209
0.092
0.4
0.036
0.635
0.129
0.459
0.069
0.073
0.844
1.789
0.963
2.046
1.765
0.903
0.628
0.023
0.406
0.456
0.042
0.043
0.394
0.694
0.269
0.725
0.423
0.083
0.544
0.257
0.624
0.558
0.031
0.828
0.029
1.846
1.283
0.371
0.175
0.763
0.603
0.081
0.095
0.247
0.621
0.928
1.517
0.178
1.882
0.21
0.246
1.057
0.329
1.439
0.609
0.08
0.143
0.869
0.913
0.849
0.07
0.672
0.797
0.593
0.55
0.28
0.827
0.078
0.039
3.283
2.17
1.039
0.059
0.165
2.105
0.656
0.255
1.155
1.189
0.343
0.813
0.703
0.275
0.333
0.58
2.269
0.303
1.439
2.479
0.04
1.956
2.413
0.797
0.631
0.057
0.791
1.124
0.047
0.1
0.065
0.732
0.79
0.655
0.088
1.484
1.46
1.185
1.751
0.586
1.225
0.179
0.263
1.011
0.14
0.512
0.819
1.077
0.086
1.416
0.667
1.011
0.511
0.065
2.683
0.674
0.878
0.048
1.272
0.577
0.707
0.446
0.561
1.471
1.321
1.059
0.602
0.211
0.738
1.051
1.625
0.041
0.042
1.387
2.255
1.091
0.647
0.688
1.51
0.284
0.018
0.115
0.166
1.48
0.05
0.378
0.945
0.14
2.264
1.519
0.032
1.978
0.512
0.207
0.034
0.687
0.941
0.012
0.7
1.117
0.066
0.796
0.52
0.84
0.679
0.018
1.277
0.606
0.027
0.73
0.33
0.901
0.793
0.042
0.743
0.54
1.374
1.718
1.026
0.026
0.859
0.018
1.443
0.893
0.698
1.668
1.813
0.761
0.772
1.072
0.033
1.386
0.012
0.726
0.331
0.054
0.778
0.076
0.052
0.052
0.315
0.87
1.236
0.678
0.059
1.114
1.458
0.169
0.217
0.126
0.622
0.752
0.655
0.815
0.429
0.162
4.166
1.849
0.881
0.03
0.576
0.659
0.114
0.073
0.026
0.566
1.22
0.821
0.691
1.354
1.185
1.022
0.019
1.006
0.982
0.691
0.707
0.16
2.08
0.264
1.685
0.106
1.514
0.723
0.145
1.19
1.348
0.445
0.349
0.354
2.491
0.715
0.12
1.285
0.436
0.788
1.679
1.085
1.221
0.143
1.304
0.064
0.788
0.697
0.338
0.694
0.044
0.092
0.025
3.347
0.049
0.053
1.639
0.098
0.536
0.735
0.104
2.589
0.884
0.051
0.036
1.879
0.769
0.364
1.738
1.926
0.984
0.55
1.886
0.189
0.686
0.963
0.538
0.035
0.315
0.026
0.229
3.216
2.136
1.729
1.054
1.593
1.458
1.368
2.016
0.642
0.032
0.178
0.113
0.74
0.108
0.837
0.617
0.249
0.693
1.238
0.035
0.615
0.289
1.253
2.095
0.795
0.132
1.17
0.225
0.673
0.786
0.069
0.039
1.649
0.045
0.582
0.044
0.238
0.767
0.062
1.502
2.473
0.767
0.776
1.617
0.299
0.632
0.014
1.789
0.21
0.796
0.057
0.038
0.653
0.746
0.475
0.05
0.656
0.129
1.453
0.299
1.013
0.297
0.279
0.359
1.344
0.566
0.877
1.404
2.631
0.811
2.063
1.359
0.782
0.832
0.524
0.058
0.283
2.945
0.58
0.967
1.351
1.51
0.538
0.042
0.828
0.086
0.672
1.221
1.354
0.032
0.029
0.451
0.629
2.0
1.569
0.069
0.795
0.678
0.72
0.662
0.029
0.141
1.27
0.307
0.106
2.314
0.258
0.073
0.034
0.769
0.742
1.222
2.608
1.658
0.946
0.74
0.551
1.177
0.038
0.107
3.182
2.782
0.812
1.217
0.071
0.675
0.87
0.652
0.972
0.745
0.035
0.803
1.035
0.117
0.157
0.267
1.96
1.645
0.93
1.209
0.236
0.216
1.317
0.99
0.017
2.328
0.922
0.052
0.414
0.776
1.472
1.222
0.094
0.414
0.21
0.028
0.621
0.722
1.255
0.469
0.162
1.187
0.045
0.629
0.116
0.058
2.434
3.148
0.729
0.033
1.525
0.672
4.271
0.029
0.065
0.871
1.992
1.528
0.117
0.797
0.038
0.912
0.247
1.18
0.09
1.411
0.675
0.881
1.095
1.612
0.854
0.179
0.721
0.936
0.283
0.396
0.651
1.577
0.048
0.882
1.934
0.067
1.083
0.108
2.923
0.81
0.56
0.585
0.719
1.103
0.069
0.232
0.888
0.053
1.608
2.504
0.567
0.123
0.618
0.503
1.65
0.676
1.061
0.011
0.564
0.853
2.328
0.581
0.653
0.019
0.774
0.694
0.169
0.513
1.606
0.905
0.171
0.645
0.057
0.046
0.256
0.844
0.383
2.19
0.885
1.525
0.899
0.095
0.678
0.813
1.039
0.842
0.031
1.211
1.281
0.034
0.886
0.051
0.738
2.778
0.067
0.148
0.853
0.807
0.841
0.809
0.018
0.681
0.037
0.587
0.836
0.079
0.02
0.83
0.048
2.135
0.801
1.45
0.729
1.225
0.116
0.745
0.18
0.983
0.818
0.588
0.2
0.012
2.266
0.204
0.027
0.23
0.449
0.948
0.191
0.572
0.061
0.028
1.806
1.18
3.42
0.628
0.456
0.758
2.454
0.165
0.648
0.299
1.527
0.067
0.053
1.148
0.835
0.082
0.717
0.524
0.016
0.755
0.54
1.861
1.063
1.113
1.935
2.475
0.587
0.181
0.844
0.057
0.68
1.26
0.045
0.593
0.717
1.975
1.711
0.54
1.069
0.128
1.535
0.906
0.199
0.057
0.114
0.765
0.827
2.939
0.886
0.055
1.659
0.826
0.79
0.225
0.079
2.255
0.769
1.897
0.025
0.644
0.064
0.58
4.047
0.757
1.466
0.589
0.9
0.082
0.966
0.356
0.506
0.637
3.437
4.34
0.172
1.118
0.02
0.857
0.059
1.707
0.777
1.855
0.692
3.313
0.443
0.096
0.614
0.689
0.628
0.033
0.153
0.027
1.558
0.763
0.32
0.101
0.501
0.656
0.017
0.248
1.782
0.81
0.301
0.663
0.136
1.215
1.457
0.711
0.549
0.643
0.75
1.985
0.085
0.094
0.068
0.086
0.686
0.353
0.338
0.569
0.89
0.09
0.143
1.16
0.781
0.034
0.745
0.023
0.215
0.132
0.067
1.196
0.156
0.623
0.031
0.764
0.108
0.818
0.032
0.089
0.263
3.186
0.073
0.752
0.547
0.108
0.044
0.351
0.892
0.909
0.088
0.033
1.112
0.024
1.051
3.194
0.029
1.405
0.343
0.622
0.054
2.44
0.746
0.035
0.018
0.062
0.465
1.048
0.742
0.72
0.044
0.152
0.048
0.842
0.074
0.893
1.024
0.734
0.779
0.046
0.72
0.162
0.218
1.354
0.147
0.634
0.182
1.024
0.219
0.241
1.026
0.259
1.444
2.733
1.956
1.157
0.786
1.144
0.864
2.874
1.363
0.052
0.03
1.348
0.507
0.261
0.109
0.764
0.35
1.024
0.2
0.039
0.829
1.845
2.019
0.04
0.15
0.815
1.318
0.966
0.102
0.098
0.779
3.107
0.651
1.775
0.117
0.668
0.025
1.74
0.143
0.76
0.154
0.079
0.214
0.026
0.712
0.172
0.959
0.154
0.879
0.495
0.033
0.056
1.865
0.129
0.274
0.602
0.064
0.699
0.58
0.964
0.807
0.648
0.322
0.761
0.652
0.628
0.324
1.121
0.811
0.422
0.109
0.769
1.838
0.874
0.711
1.736
0.715
1.662
0.699
0.156
0.799
0.662
0.726
1.113
0.106
0.609
2.422
0.055
0.894
1.003
0.651
0.02
0.024
1.201
1.177
0.357
0.686
1.004
0.948
1.206
0.079
1.128
0.794
0.217
1.025
0.291
1.141
1.047
0.068
2.837
0.065
0.567
1.611
0.714
0.692
1.182
0.645
0.237
2.065
0.077
1.184
0.651
0.111
0.833
0.443
0.83
0.037
0.055
0.142
0.884
0.788
0.678
0.562
0.223
0.735
0.825
0.268
0.724
0.309
0.974
0.802
1.278
0.572
0.731
0.343
1.957
0.026
0.598
0.075
0.381
1.196
0.078
0.06
0.342
0.977
2.474
0.177
0.956
0.084
0.571
0.791
1.369
0.27
1.159
1.521
0.735
0.291
2.767
0.546
0.249
0.253
0.071
0.373
0.93
0.972
0.037
0.897
1.65
0.194
0.821
0.374
0.02
1.138
1.61
0.403
1.058
3.16
0.286
0.115
0.304
0.649
0.625
0.846
0.848
1.745
1.539
2.803
1.243
0.728
0.09
0.896
0.833
1.613
0.105
1.851
0.604
0.036
0.375
0.052
0.048
1.351
0.052
1.62
0.893
1.901
0.027
0.033
0.084
2.268
0.606
2.96
0.312
1.574
0.251
0.291
0.208
2.051
1.838
0.786
1.233
0.864
1.244
2.843
0.169
0.17
2.052
0.576
0.467
0.02
0.165
0.914
2.013
1.21
0.836
0.028
0.494
0.169
0.057
2.577
0.718
0.399
0.199
1.787
0.078
0.139
0.804
0.156
0.033
1.144
0.302
0.071
0.025
0.07
0.237
0.259
0.587
0.811
0.793
0.094
1.012
0.049
0.049
0.616
1.666
0.019
0.069
0.205
1.488
2.526
0.687
0.198
1.041
0.151
0.262
1.148
0.053
0.056
0.165
0.964
1.565
1.068
1.744
0.496
0.109
0.665
0.03
0.068
0.228
0.276
0.04
1.577
0.201
0.044
0.743
0.264
0.03
1.65
0.652
1.725
0.701
0.08
1.014
0.034
0.672
0.015
0.057
0.693
0.813
0.067
0.618
0.684
0.033
0.075
1.315
0.153
0.861
0.061
0.151
0.054
0.049
0.608
0.085
1.089
0.208
0.022
0.107
0.035
0.794
1.721
0.52
0.028
0.71
0.082
0.364
0.096
0.894
4.043
1.907
0.758
0.587
0.692
0.13
5.654
0.499
0.643
0.07
0.955
0.074
0.158
0.565
0.042
1.949
1.879
0.21
0.323
1.49
0.664
0.095
0.755
0.914
0.164
0.211
0.71
0.222
1.383
0.042
1.154
0.034
0.943
0.032
1.416
0.102
0.526
0.073
1.384
0.383
1.726
0.693
0.704
1.43
0.083
0.519
0.186
3.379
0.241
0.739
0.83
0.738
2.073
0.043
0.642
2.562
0.115
0.129
0.772
0.569
1.114
2.219
1.616
0.819
0.057
0.14
0.358
1.176
0.088
1.587
0.035
1.578
0.111
1.943
0.137
0.687
0.06
0.91
0.703
0.049
0.046
0.097
0.098
1.569
0.765
0.19
0.709
0.91
0.731
0.997
0.899
1.507
0.65
0.358
2.228
0.501
0.823
0.031
1.596
3.013
2.092
0.198
0.792
0.187
0.173
0.715
0.784
0.466
0.053
0.055
1.495
0.024
1.468
0.274
0.611
0.026
0.023
0.063
0.745
1.342
0.378
0.193
1.541
1.029
2.9
0.053
1.276
0.689
0.995
1.667
0.224
0.658
0.626
0.324
0.862
1.399
1.866
1.684
0.637
0.075
1.114
0.747
0.022
0.214
1.609
0.033
0.149
1.186
0.105
2.007
0.765
0.031
0.074
0.065
0.02
1.434
0.166
1.302
0.474
0.021
0.72
1.864
1.031
0.695
1.258
0.034
0.013
0.231
0.266
1.121
0.813
0.29
0.258
0.73
0.225
1.615
0.784
3.97
1.116
2.664
1.505
0.049
0.796
0.876
0.56
0.135
0.086
1.731
1.136
0.178
0.015
1.148
3.359
0.705
1.36
0.032
0.877
0.356
0.555
2.148
1.995
5.489
0.087
0.139
0.209
3.5
0.672
2.5
0.294
1.364
1.236
0.611
2.041
1.093
0.325
0.054
0.668
0.131
1.132
0.75
0.148
0.98
1.334
1.328
0.629
2.772
0.663
0.267
0.822
0.167
0.942
0.569
0.708
0.645
0.195
0.077
0.816
0.536
0.796
0.999
0.339
0.258
0.092
0.244
0.763
0.856
0.547
0.51
0.807
0.497
1.686
0.805
1.1
0.528
0.656
0.601
2.396
1.158
0.722
2.859
0.924
0.058
0.614
0.265
1.069
0.837
1.935
0.541
1.826
1.77
0.339
0.536
0.961
0.029
0.76
0.387
0.036
0.722
0.201
1.285
0.067
2.781
0.117
2.297
0.045
0.263
1.139
0.654
0.087
0.898
0.97
2.22
0.653
0.088
0.105
0.132
0.046
0.942
0.429
0.37
0.058
0.139
0.352
0.694
0.537
0.1
0.541
0.015
1.472
1.169
0.028
1.049
0.039
0.092
0.039
2.314
1.0
0.91
0.138
1.049
0.019
0.558
1.148
0.497
1.174
0.49
1.121
0.803
0.549
0.061
0.834
0.021
0.084
0.113
0.613
1.193
0.554
0.825
0.087
0.612
0.062
1.002
0.049
0.776
0.697
0.979
2.615
0.066
0.086
0.157
0.865
3.071
0.28
1.477
0.836
0.526
2.611
0.831
0.073
0.957
0.756
1.344
0.119
1.142
1.422
1.108
0.8
1.034
0.53
0.895
0.779
0.041
0.163
0.597
0.819
0.126
0.911
0.105
0.739
0.097
0.239
0.572
0.342
0.551
0.249
0.625
1.859
0.596
2.061
0.946
0.018
0.451
0.674
0.47
0.701
0.493
1.732
2.542
0.864
0.916
1.521
0.069
3.092
0.725
0.702
0.554
1.07
1.958
0.111
0.509
0.872
1.034
1.736
0.253
0.053
0.039
0.151
0.885
3.321
0.128
0.044
2.682
2.473
0.84
0.053
0.615
2.405
2.86
0.34
0.213
0.721
0.629
1.207
1.933
1.143
0.252
0.574
0.439
1.663
1.83
1.419
3.067
0.131
0.669
0.607
0.164
0.139
0.016
0.682
1.471
0.763
0.027
0.102
0.523
0.585
0.789
0.811
0.5
0.091
0.758
0.895
1.18
0.377
0.958
0.593
0.986
0.197
0.904
1.28
1.503
0.664
0.932
0.105
0.032
1.193
0.077
0.841
0.646
1.582
0.321
1.823
0.316
0.101
0.133
1.337
0.95
0.585
0.15
1.002
1.137
0.238
0.103
0.107
1.977
0.157
0.696
0.844
2.032
0.035
0.271
0.276
0.23
0.707
1.156
0.071
0.033
0.194
0.039
1.257
0.082
0.073
0.584
0.032
1.355
0.049
0.669
0.613
3.857
0.791
2.764
0.491
2.351
0.076
0.812
0.184
0.889
0.1
0.063
0.855
0.323
1.569
0.559
1.417
0.734
0.038
0.685
0.043
0.366
0.297
0.248
2.079
0.077
0.613
3.296
0.032
1.076
0.332
0.04
0.081
0.903
0.634
1.548
0.117
0.129
0.041
2.722
2.446
2.222
0.644
1.098
0.261
0.097
0.836
0.947
0.22
0.707
0.737
0.655
0.037
0.146
3.356
1.442
0.243
0.917
0.858
0.588
0.231
2.21
2.489
0.335
0.054
0.555
1.223
0.275
0.899
0.32
0.319
0.027
0.018
0.079
0.21
0.186
0.836
2.768
0.696
0.14
1.06
0.561
0.416
0.556
1.214
1.064
0.531
0.045
0.864
0.5
0.211
0.373
0.661
2.761
0.027
1.202
0.802
0.812
0.345
0.32
0.375
0.907
0.585
0.761
0.685
1.076
1.476
0.672
0.057
0.073
0.066
0.687
0.077
0.25
0.364
0.992
0.258
0.959
0.892
1.41
0.091
0.74
1.268
0.767
0.801
0.406
1.241
1.833
0.725
0.141
0.054
1.433
0.883
1.092
0.55
0.743
0.053
0.336
0.01
0.104
2.237
0.251
0.682
0.086
0.053
0.033
2.495
0.804
0.6
0.062
0.899
1.203
0.841
0.673
0.677
0.061
1.925
1.882
0.726
2.768
1.369
0.888
1.75
0.835
0.067
0.404
0.152
0.366
0.66
0.013
0.857
0.054
0.785
2.166
1.043
0.557
0.797
0.079
0.071
0.636
0.465
0.656
2.462
0.585
0.612
0.068
0.88
0.827
2.647
0.148
0.68
0.218
1.703
0.075
0.088
1.154
0.536
0.369
0.107
0.142
0.481
0.495
0.214
0.044
0.272
0.774
0.564
1.008
3.172
0.101
0.785
0.518
0.059
2.469
0.309
2.057
0.616
0.107
0.518
1.566
1.996
1.102
0.81
0.86
0.511
0.463
0.858
0.18
0.726
0.916
0.778
1.567
2.003
1.075
0.966
0.069
0.093
0.03
0.11
1.325
0.597
0.102
1.445
2.352
0.885
0.03
0.041
0.666
2.747
0.608
1.126
0.069
0.159
1.427
0.424
1.873
0.753
0.716
0.625
0.021
0.888
0.138
0.23
0.245
0.122
0.836
0.927
0.13
0.113
0.679
0.699
0.595
1.175
0.025
1.916
0.629
0.704
0.08
0.166
1.625
0.603
1.386
0.171
1.374
1.126
0.094
0.651
0.49
0.037
1.41
0.667
1.132
0.497
0.112
0.643
0.252
0.679
0.615
0.28
0.088
0.18
0.326
0.363
1.288
2.96
0.033
0.051
0.593
0.436
0.131
1.604
3.094
0.123
0.044
0.627
0.052
0.067
0.946
0.041
1.073
1.643
1.633
0.544
0.97
0.574
1.98
0.041
0.734
1.444
0.859
0.452
0.025
0.192
0.608
0.78
0.2
1.244
0.087
0.04
0.23
1.87
0.151
0.052
0.222
0.891
0.083
1.376
1.596
0.704
0.095
0.76
0.099
1.165
1.06
1.577
0.852
0.835
0.472
0.196
0.2
1.891
0.709
1.502
1.233
0.059
0.866
0.072
1.138
1.043
0.13
0.909
0.057
0.051
0.698
0.215
0.93
1.06
0.334
0.612
0.793
0.026
2.029
0.052
0.025
1.315
0.085
0.748
0.037
0.148
2.869
0.54
0.122
1.351
0.718
0.536
0.284
0.663
0.045
1.851
1.262
0.045
1.141
0.541
1.007
0.766
0.324
0.143
0.191
0.122
0.62
0.181
0.104
0.012
0.248
0.036
0.037
0.571
0.511
0.102
0.711
2.007
0.276
0.868
0.77
0.074
1.499
0.393
0.364
0.897
2.398
0.079
0.068
0.791
0.317
1.199
0.743
0.135
0.365
0.086
0.777
1.717
0.138
0.054
4.894
0.622
1.033
0.622
0.903
0.787
3.086
0.676
0.835
0.635
0.208
1.018
0.631
0.199
0.673
0.508
0.03
0.123
0.31
0.618
0.076
0.134
1.825
0.377
0.67
1.979
0.622
0.866
1.32
0.066
0.119
0.026
0.801
1.024
1.06
2.31
0.162
0.49
1.065
1.554
0.861
0.558
0.052
0.448
0.609
0.915
0.145
0.053
0.74
0.206
0.778
1.678
0.698
0.107
1.073
0.357
0.657
0.3
0.683
0.451
0.601
1.134
0.119
0.508
1.204
0.752
0.562
0.706
1.842
0.132
0.815
0.354
0.346
0.696
0.024
0.019
0.827
0.053
0.072
0.81
0.098
0.026
1.39
0.037
0.568
0.31
0.067
5.16
0.703
0.056
1.822
0.054
0.104
0.046
0.687
0.785
1.148
1.311
0.741
2.943
0.899
0.978
0.086
0.26
0.743
0.293
0.053
0.22
0.634
0.136
0.615
0.33
0.657
1.229
0.075
0.667
1.934
1.043
0.058
0.749
1.142
0.577
0.578
0.651
0.455
0.034
0.702
0.547
4.2
0.668
0.853
0.457
0.781
0.083
0.611
1.018
0.639
0.307
2.78
0.026
0.221
0.053
0.842
1.054
3.223
0.092
0.056
0.672
0.044
0.586
0.744
5.218
1.149
1.202
0.333
0.798
0.316
1.245
0.078
0.583
1.633
1.631
1.161
0.387
0.09
0.041
0.184
3.263
0.099
0.026
1.916
0.366
0.399
0.669
0.483
2.932
0.828
0.105
0.622
0.697
0.767
0.462
0.052
0.331
0.044
0.979
0.066
3.198
1.035
0.622
1.855
1.725
0.055
0.648
0.808
1.012
0.033
0.25
0.17
0.482
0.037
0.835
0.696
0.195
0.16
1.514
1.106
0.684
0.716
0.066
0.077
2.616
0.077
0.719
0.714
0.637
0.331
0.124
0.062
1.013
0.174
0.815
0.084
0.935
1.89
0.032
0.127
3.503
0.073
0.761
0.395
0.888
0.879
1.327
0.629
0.211
1.449
0.428
1.39
0.057
0.849
0.113
0.055
2.111
0.86
0.1
0.055
0.188
0.594
0.038
0.808
0.048
0.028
0.706
1.082
0.621
1.132
0.589
0.089
1.348
0.295
3.118
1.449
0.786
1.571
0.597
1.834
0.533
0.055
0.051
0.784
0.67
0.679
0.025
0.056
0.192
0.427
0.586
0.087
0.034
0.061
0.535
0.68
0.651
0.021
0.935
3.666
0.14
0.965
0.083
0.596
0.139
1.456
2.04
1.064
0.468
0.755
0.039
0.087
0.51
0.513
0.06
0.031
1.571
0.473
0.023
2.094
0.227
0.041
0.377
1.791
0.712
0.809
0.942
0.646
0.793
1.571
0.098
0.089
1.545
0.068
1.213
0.59
2.698
0.043
0.184
1.013
0.562
0.084
0.076
2.98
0.93
1.345
2.237
2.257
0.054
0.041
0.129
0.178
0.274
1.198
0.03
1.502
0.031
0.57
0.644
0.046
0.368
1.711
0.562
0.105
0.733
1.061
0.605
0.014
0.862
0.601
1.264
0.606
0.76
0.048
1.04
1.083
0.117
0.231
0.902
1.998
0.742
0.669
0.154
2.13
0.622
0.291
0.25
0.4
0.038
0.685
0.136
0.152
0.274
0.446
0.349
0.77
0.877
0.032
0.649
0.055
0.957
1.437
0.863
0.255
1.258
1.878
0.747
0.053
0.493
0.692
0.861
0.865
0.076
1.018
0.879
1.161
0.06
0.129
0.892
1.012
0.612
0.812
0.091
0.262
1.059
0.072
0.078
0.033
0.288
3.004
0.022
0.367
2.595
0.149
0.118
0.86
0.105
0.188
0.078
0.857
0.071
0.847
0.082
1.723
0.151
0.34
0.64
0.112
1.787
1.587
0.227
1.081
0.027
1.58
2.039
1.356
1.176
0.975
0.022
0.72
0.104
1.112
1.77
1.274
0.738
0.566
0.388
2.49
1.024
0.165
0.484
0.037
0.774
3.515
0.656
0.435
0.056
0.411
0.03
1.136
0.196
0.153
2.389
0.217
0.019
0.076
0.215
0.041
1.418
0.072
0.22
0.184
1.148
0.895
1.331
0.097
0.035
0.757
0.777
2.554
0.078
0.086
0.341
1.268
1.652
0.233
0.159
0.057
0.058
2.2
1.105
0.034
0.508
0.253
1.377
1.148
1.442
0.488
0.561
1.737
0.048
0.06
0.621
0.6
1.455
0.836
0.034
0.219
0.084
0.604
0.526
0.88
0.076
0.332
0.016
1.999
2.525
0.024
0.149
0.601
0.026
1.83
0.344
0.843
0.135
0.035
0.036
0.861
0.674
0.823
0.988
2.225
1.362
1.521
3.435
0.091
0.136
0.057
0.205
0.628
0.114
0.866
0.029
0.975
0.435
3.39
0.024
1.692
0.041
0.303
0.03
0.779
0.467
0.407
1.536
0.588
2.855
0.84
0.614
1.059
0.119
0.691
0.883
0.107
0.037
0.573
1.396
0.929
0.629
0.412
0.766
0.084
0.156
1.245
0.24
0.734
0.198
0.604
0.014
0.538
3.658
0.929
0.973
0.081
1.258
0.122
0.522
0.267
0.61
0.471
0.992
0.011
0.359
1.581
0.049
1.363
0.105
1.592
1.559
0.898
2.274
0.033
1.254
0.13
0.969
0.026
0.956
1.723
0.839
0.756
1.46
0.547
0.074
2.652
0.024
0.032
0.147
0.175
0.019
0.013
0.27
0.251
0.696
0.063
0.622
0.04
0.055
0.887
1.535
0.187
1.608
0.807
0.046
0.807
0.417
1.302
0.048
0.972
1.575
0.678
0.863
1.033
0.807
0.028
0.523
0.641
0.341
0.678
0.07
0.608
0.908
0.654
0.796
0.48
0.812
0.084
2.281
1.106
0.568
1.274
1.631
0.759
0.552
0.928
1.739
0.281
0.99
0.845
0.714
0.635
0.746
0.233
0.777
0.701
1.307
0.214
0.804
0.809
0.105
3.233
0.816
0.268
1.091
0.191
1.148
0.036
0.026
1.256
0.24
0.632
1.175
0.024
0.338
0.931
0.799
1.765
0.247
0.644
0.671
2.131
0.793
1.331
1.578
0.097
0.036
0.763
4.017
0.437
0.513
0.147
0.584
0.766
0.161
0.649
0.81
1.58
0.79
0.054
0.658
0.158
0.889
0.724
0.68
0.705
1.358
1.559
0.784
0.815
0.119
1.345
1.395
0.53
0.06
0.94
0.12
0.255
0.438
0.186
1.284
0.183
1.921
1.031
0.026
1.226
1.554
0.067
0.74
0.777
0.605
0.733
0.029
2.815
0.226
0.815
0.355
0.185
0.046
0.854
0.018
1.483
0.015
0.699
0.795
0.137
0.581
1.175
0.032
0.534
0.632
0.283
0.2
0.03
0.906
0.143
0.074
1.015
0.047
0.055
0.306
0.341
0.607
1.313
0.032
0.765
0.029
1.403
0.124
0.52
1.258
1.898
1.31
0.096
0.987
0.971
0.462
0.801
0.172
1.342
0.601
0.847
0.073
0.549
0.252
0.801
1.533
0.077
0.139
0.376
1.41
0.226
0.038
0.063
0.041
0.907
0.056
0.929
0.599
0.971
0.196
0.063
1.353
0.218
0.672
0.198
0.928
0.688
0.668
0.495
0.728
3.426
0.652
2.311
0.728
1.124
0.583
1.384
1.906
0.651
0.61
1.89
0.918
3.1
0.746
1.238
2.861
0.758
0.254
0.987
0.095
0.741
0.053
1.259
0.52
0.073
0.011
2.161
0.699
0.525
0.751
0.121
0.676
1.444
0.912
1.518
0.617
0.043
0.902
0.138
0.565
0.067
0.058
0.703
0.029
2.812
0.806
0.057
0.451
1.12
0.617
4.724
0.948
0.545
1.183
1.91
0.996
0.713
2.684
0.871
0.06
0.649
1.362
0.644
1.598
0.82
1.198
0.173
0.798
0.828
1.97
3.621
0.54
0.525
0.059
0.075
0.416
0.051
0.79
0.766
0.966
0.703
0.477
1.569
0.427
0.815
0.027
0.886
0.086
1.663
0.036
0.051
0.185
0.215
0.872
0.782
0.691
0.051
1.1
0.037
0.558
1.04
0.132
1.011
0.09
1.11
0.013
1.346
1.162
0.602
1.987
0.487
0.506
0.922
0.81
0.628
2.808
0.272
0.941
0.061
0.188
0.691
0.201
0.115
2.033
0.554
2.74
1.364
2.153
0.043
0.039
0.086
0.297
0.023
0.789
0.068
0.883
1.535
0.087
0.021
1.249
0.053
2.654
0.166
1.13
0.028
0.305
0.676
1.544
0.498
0.028
0.046
0.986
0.163
0.938
0.446
0.058
0.307
0.9
0.33
0.165
0.032
0.057
0.267
0.096
0.114
0.098
1.652
0.428
0.404
0.428
0.125
0.843
0.915
0.867
0.818
0.242
0.174
2.769
0.914
0.61
0.21
0.03
0.578
0.033
1.021
0.918
0.095
1.122
2.511
0.086
0.059
0.577
1.622
0.82
0.769
1.683
0.739
0.268
0.4
0.878
0.679
0.043
0.601
1.733
0.958
0.365
0.038
3.339
0.041
0.726
1.04
0.032
4.01
1.46
0.883
1.694
1.083
0.593
0.026
0.699
0.042
0.967
1.77
1.173
1.63
0.596
0.541
0.087
1.409
0.227
0.016
0.65
0.036
1.155
0.776
0.072
1.999
3.626
0.208
0.898
0.858
0.562
0.031
0.094
0.636
0.138
0.805
0.97
0.354
0.857
0.255
0.739
0.632
0.936
0.809
0.053
0.12
0.629
0.044
1.409
1.598
0.132
0.074
1.014
0.037
0.215
0.032
0.73
0.096
0.045
0.051
2.196
0.389
0.65
0.657
0.743
0.83
0.922
0.937
0.05
0.133
0.749
0.532
2.349
1.647
1.728
0.858
0.586
1.04
2.565
1.06
0.627
0.772
0.931
1.189
0.838
0.055
0.126
0.218
0.536
0.988
1.206
1.45
0.633
2.292
0.285
1.324
0.048
0.568
0.48
0.053
0.073
0.051
0.825
0.75
0.597
0.783
0.585
0.788
1.292
2.589
0.088
0.244
1.234
0.096
0.798
1.056
0.471
0.861
1.345
3.2
0.83
0.92
0.826
1.031
0.043
0.844
0.11
1.941
0.831
0.075
0.69
0.011
0.04
1.301
1.593
0.121
2.448
0.088
1.156
0.562
0.591
0.716
1.296
0.257
2.366
1.915
0.035
0.779
0.614
1.648
0.77
0.139
0.29
0.864
0.44
0.058
0.661
0.648
0.093
2.329
1.124
0.133
0.119
0.305
0.075
0.936
2.382
0.817
0.027
3.973
0.342
0.054
0.063
0.909
0.983
0.12
0.047
0.124
0.734
0.42
0.792
0.504
0.923
0.061
0.628
1.381
0.229
0.056
0.069
2.24
0.227
0.217
0.336
0.056
0.748
0.96
3.376
0.121
0.325
1.03
0.12
0.06
0.053
0.994
1.501
1.187
0.922
0.594
0.129
0.516
0.176
0.054
2.091
0.124
0.05
0.498
0.189
0.091
0.557
0.725
0.403
0.729
0.073
1.112
0.119
0.024
0.894
0.301
0.722
0.151
0.065
0.884
0.048
0.651
0.253
0.043
1.034
0.035
0.811
1.473
0.832
0.092
0.511
0.809
0.043
0.586
0.376
0.681
0.682
0.952
0.757
1.76
0.85
2.28
0.096
1.191
0.016
0.222
1.056
0.447
0.712
0.783
0.593
0.183
0.086
0.919
1.049
0.111
0.207
0.116
0.043
0.08
0.592
0.276
0.049
0.089
0.801
0.741
0.163
1.623
0.1
0.188
2.218
0.045
0.177
0.242
0.093
0.674
0.187
0.035
1.208
1.249
0.644
1.281
0.19
0.687
2.558
1.635
0.448
0.088
1.134
2.392
1.725
2.544
0.225
1.123
0.665
2.057
0.763
0.668
0.045
3.595
0.6
0.056
3.108
0.6
0.946
0.226
0.468
0.969
1.238
0.114
1.379
0.266
0.52
1.007
0.379
0.014
0.599
1.338
1.57
2.514
0.099
1.958
1.437
1.815
0.573
0.718
0.189
1.242
0.397
1.168
1.132
0.305
0.068
1.211
0.367
0.448
0.112
0.602
0.707
0.025
0.638
0.705
0.677
0.078
1.243
0.06
1.977
0.649
0.911
0.731
0.014
0.904
0.06
4.335
0.211
0.884
0.37
0.825
0.328
0.091
0.866
1.121
1.154
0.046
0.435
0.581
1.073
0.631
1.765
0.708
0.15
0.582
0.022
2.399
0.673
1.041
0.045
1.101
0.075
0.758
0.611
1.801
0.039
0.013
0.122
1.588
1.549
0.965
1.263
0.752
1.997
0.56
0.959
0.088
0.642
0.052
0.674
1.569
0.181
0.195
0.691
1.916
0.052
0.692
1.99
0.136
1.689
3.169
2.181
0.179
0.76
0.125
0.541
0.035
0.103
1.029
0.163
0.572
0.608
0.084
0.049
0.134
0.851
0.831
0.654
0.127
0.951
0.93
0.519
0.657
0.833
3.008
0.903
0.037
0.109
1.408
0.823
0.754
0.031
1.001
0.778
0.729
2.461
0.908
0.973
0.026
0.604
1.085
0.203
2.147
0.136
0.085
0.078
1.51
1.302
0.116
0.041
0.814
0.911
1.012
0.82
0.648
0.946
0.774
0.286
0.036
0.115
0.521
1.045
0.35
0.119
1.046
0.885
0.796
2.359
0.049
0.875
1.485
0.049
0.616
0.712
0.717
0.681
0.144
0.827
2.828
1.72
0.977
0.034
0.316
0.121
1.066
2.436
0.721
1.534
0.11
0.061
2.0
0.236
0.955
0.509
0.774
0.047
2.108
0.714
0.049
0.074
1.791
0.084
0.149
0.938
0.793
1.868
0.235
0.558
4.051
0.532
0.65
0.582
1.872
0.268
0.014
1.131
0.773
0.789
1.549
0.325
0.106
0.234
0.871
0.091
3.787
1.513
1.479
0.121
0.014
0.601
0.216
0.406
0.107
0.98
0.616
0.69
0.087
0.781
0.114
0.515
0.533
0.348
1.29
1.152
0.858
1.765
3.093
0.224
0.546
0.536
0.992
0.749
0.611
2.113
0.031
0.054
0.768
0.136
0.577
0.304
0.121
0.2
0.486
0.057
0.774
0.207
0.887
1.949
0.071
0.895
0.889
0.201
0.975
1.217
1.672
0.712
0.086
0.111
0.637
0.512
1.062
1.458
0.046
0.043
0.111
0.654
0.04
1.001
0.677
0.836
0.03
1.245
3.273
1.561
0.018
0.725
0.753
1.287
1.36
0.742
0.248
1.374
0.04
1.28
0.187
0.207
1.378
0.759
0.581
0.031
1.861
0.924
2.187
2.182
0.869
1.053
0.019
0.733
0.857
0.806
0.181
0.587
0.236
0.692
1.262
0.397
0.728
0.671
1.266
0.708
0.076
0.042
0.761
0.202
3.468
0.849
2.106
0.127
0.076
2.013
3.154
0.736
1.163
0.927
0.093
1.188
2.01
1.184
0.828
0.536
0.734
0.224
0.543
0.187
0.921
0.167
0.034
0.653
0.952
0.885
0.07
1.897
0.769
0.243
0.228
0.832
1.04
1.644
1.11
6.159
0.92
0.954
0.227
0.569
2.091
1.844
0.063
0.727
3.189
0.272
0.593
0.267
0.893
0.24
0.029
0.65
0.114
0.641
1.951
0.132
1.039
2.264
0.187
0.121
0.522
0.6
0.656
1.032
0.062
1.045
0.582
0.177
0.095
0.263
0.129
0.877
0.396
0.777
1.041
0.777
0.789
0.569
0.017
0.054
0.746
0.25
0.027
0.021
0.05
0.026
2.486
0.41
1.121
1.028
1.266
1.919
0.664
0.866
1.001
1.416
1.312
1.173
3.418
0.318
1.015
0.394
0.51
0.978
0.389
1.419
0.014
0.446
1.052
0.385
1.084
0.63
0.406
0.756
0.68
0.081
0.774
0.652
0.137
0.312
2.105
0.032
5.279
0.166
0.353
0.02
3.303
0.044
0.59
0.141
1.03
1.577
0.698
0.108
0.08
1.656
0.091
0.411
1.913
0.069
0.731
0.519
0.173
0.032
0.639
0.729
0.521
0.158
0.048
1.031
0.153
0.952
0.749
0.644
0.061
0.149
0.301
0.688
0.524
1.833
1.308
0.491
0.092
0.555
0.035
0.36
1.696
0.773
0.564
0.232
1.145
0.074
0.061
0.625
0.744
1.21
0.759
1.238
0.761
0.615
0.775
0.088
0.396
0.037
1.699
0.907
0.241
0.793
0.116
0.131
0.94
0.198
0.068
0.426
0.149
0.184
2.09
0.919
0.12
1.392
0.834
0.076
0.081
0.032
1.967
0.114
0.686
0.292
0.079
1.197
2.344
0.93
1.571
0.272
1.029
0.105
0.054
1.057
0.068
0.565
0.093
0.703
1.123
1.466
1.51
0.375
2.728
1.625
0.754
0.062
1.095
0.047
0.155
0.277
0.643
1.86
2.125
1.713
0.306
0.811
1.103
2.327
0.178
0.965
0.596
0.693
0.567
1.203
0.816
1.396
0.044
0.918
0.241
0.689
0.151
0.305
1.715
0.062
0.759
0.064
0.339
2.048
0.775
0.261
0.13
3.657
1.966
1.326
0.057
0.038
0.059
0.686
0.711
0.277
0.066
0.737
0.288
1.02
0.54
1.026
0.256
2.06
0.315
0.686
1.073
0.97
0.623
1.24
1.229
1.596
0.771
1.451
0.92
0.643
2.59
0.132
0.923
0.606
2.417
0.025
1.061
0.084
0.05
0.098
0.051
0.615
0.933
0.508
0.613
2.409
0.835
0.052
1.517
0.591
0.091
0.348
0.064
0.114
1.537
0.094
0.117
0.115
0.261
2.039
0.518
0.04
0.105
0.666
2.139
0.033
2.597
0.319
1.235
0.059
0.027
0.06
0.566
0.713
0.016
0.946
1.501
0.816
0.034
0.089
0.665
0.43
0.76
1.338
0.692
0.67
1.375
1.248
1.265
1.319
0.267
0.663
0.155
1.606
0.592
1.382
1.676
2.59
1.304
1.126
0.185
0.752
0.207
0.062
0.214
0.809
0.139
0.03
0.042
1.557
1.917
0.05
0.4
1.086
1.19
0.704
0.599
0.04
2.072
1.02
0.801
0.058
0.514
0.671
2.041
0.851
0.153
0.385
0.028
0.734
0.145
0.862
0.59
0.729
0.109
0.716
0.111
1.071
3.922
0.091
0.86
0.677
1.008
0.739
0.082
0.88
0.036
0.886
1.393
0.643
1.421
0.062
0.694
0.693
0.438
0.079
0.102
0.706
0.071
0.213
0.1
0.792
1.082
0.598
0.095
0.201
1.094
1.42
2.086
0.812
0.017
0.054
0.571
0.829
1.301
1.375
0.915
2.412
0.728
0.284
0.804
0.661
2.171
1.089
0.069
0.211
1.228
0.04
1.429
0.701
0.517
0.195
1.077
0.118
0.653
1.748
1.133
0.715
0.039
0.486
0.159
0.523
2.005
0.653
0.675
0.165
0.674
0.036
0.658
0.574
1.857
0.706
0.087
0.977
0.703
1.219
1.602
1.215
0.048
3.707
1.68
0.02
0.182
0.21
0.794
0.282
1.242
0.532
0.763
0.849
1.259
0.385
0.09
0.047
2.771
5.324
0.755
0.246
0.726
0.759
0.63
0.049
0.024
0.779
0.153
0.094
1.728
2.999
1.069
1.673
0.015
0.658
1.354
0.732
0.035
0.922
0.094
2.151
2.354
0.8
0.536
1.76
3.252
0.639
0.066
0.14
1.37
0.933
0.031
0.51
0.33
1.939
0.135
0.852
1.106
0.437
0.807
1.113
0.084
0.751
0.78
0.582
1.148
0.448
0.366
0.07
0.339
1.703
0.686
1.851
1.376
0.991
1.2
1.815
0.152
0.113
0.835
0.073
1.623
0.553
0.06
0.111
0.699
1.557
0.475
1.34
0.966
0.022
1.534
0.303
0.788
0.769
1.81
1.503
1.105
0.217
0.973
0.275
0.853
0.709
0.031
0.242
0.997
2.623
1.348
0.566
0.083
0.11
0.726
1.179
0.845
1.455
0.049
0.856
0.047
2.234
1.203
1.177
1.225
0.606
3.359
0.146
0.959
0.777
0.788
1.278
0.559
0.657
0.147
0.277
0.525
1.191
2.959
0.932
0.925
3.108
0.863
1.353
0.502
0.823
0.836
0.801
0.041
0.757
2.1
0.203
0.411
0.456
1.664
0.205
0.801
0.135
0.265
1.604
0.703
1.466
0.08
0.041
0.066
2.042
0.5
0.091
1.42
0.82
0.032
0.929
0.161
0.459
0.813
0.75
1.203
0.82
0.022
1.161
0.105
0.57
0.883
0.035
0.832
0.052
0.673
0.12
1.158
0.693
0.781
0.43
0.046
2.276
0.101
0.144
0.63
0.296
0.913
0.221
1.116
0.675
0.262
0.999
0.597
1.391
1.354
0.423
1.012
2.128
0.189
0.095
1.483
1.054
1.26
1.138
0.218
0.03
0.132
0.664
0.622
0.026
1.16
0.3
0.568
1.386
1.258
0.7
0.086
0.052
0.457
0.033
0.828
0.661
1.284
0.996
2.693
0.789
1.154
0.583
0.977
0.778
2.936
0.521
0.951
0.613
0.609
0.132
0.106
2.513
1.465
0.647
0.33
1.972
0.08
1.058
0.565
2.751
0.125
0.929
1.241
0.22
0.234
1.162
0.035
1.93
1.851
0.09
0.676
0.958
0.789
1.864
1.275
2.268
1.696
0.082
0.256
1.214
0.754
0.217
0.667
0.654
1.024
1.78
0.071
0.723
0.937
0.568
0.669
0.533
1.239
1.319
0.74
0.054
0.459
1.38
0.079
2.81
0.033
0.954
0.477
2.742
2.326
0.089
2.405
0.032
1.299
0.67
0.102
0.029
0.166
0.317
0.743
2.072
0.42
0.907
0.812
0.114
1.541
1.389
0.536
0.022
0.554
0.288
0.297
1.509
0.075
1.125
0.014
2.002
0.109
0.857
0.51
0.979
0.244
0.085
0.979
0.782
0.041
0.102
0.632
0.563
0.288
0.371
1.06
0.584
0.892
1.306
1.309
0.197
0.876
0.299
0.913
0.074
0.486
2.978
0.681
0.768
0.024
0.651
0.064
0.579
1.882
0.095
0.372
0.704
0.295
0.785
0.312
0.066
0.756
0.035
1.587
0.036
1.024
0.032
0.762
0.127
0.247
0.609
0.04
1.366
0.568
0.462
0.737
0.525
0.042
0.744
0.658
0.586
0.055
0.024
0.155
0.139
0.107
1.105
0.766
0.182
0.929
0.438
0.043
0.037
0.307
0.658
0.65
0.136
1.612
0.827
0.033
0.694
0.144
0.106
0.766
0.539
1.503
0.058
0.04
0.207
1.097
0.897
0.642
0.295
0.047
2.345
1.914
0.571
1.767
0.488
0.951
0.763
0.745
0.879
0.583
0.51
0.122
0.679
0.69
0.29
0.067
0.757
0.709
0.709
0.048
0.018
1.879
0.087
0.488
0.041
1.197
0.636
0.296
0.796
0.606
0.191
3.034
2.034
2.913
3.841
0.447
0.139
0.522
0.693
0.608
0.192
1.034
0.766
0.029
0.24
0.028
0.046
0.812
0.678
0.794
2.272
0.303
0.785
0.62
0.801
0.868
0.834
0.831
0.857
0.546
0.037
0.779
0.899
1.888
1.168
0.25
0.102
1.002
0.727
0.067
0.947
0.048
1.395
0.18
0.428
1.66
1.879
1.238
0.028
1.612
0.138
0.458
0.112
0.769
0.577
1.022
0.045
1.149
0.04
0.085
0.311
0.973
0.677
0.838
0.991
0.355
0.575
0.171
0.292
0.478
0.186
2.463
0.036
0.973
0.86
1.061
0.625
0.656
0.533
0.921
3.471
0.992
0.059
0.125
0.105
0.057
0.653
0.089
2.686
0.026
1.511
0.859
1.036
0.369
0.712
0.027
0.775
1.649
2.483
0.282
1.353
1.825
0.06
2.42
0.152
0.738
1.607
2.758
2.106
1.795
4.629
1.1
1.146
0.712
0.296
0.63
0.312
0.72
0.804
0.071
0.466
0.108
0.967
0.158
2.016
0.051
1.536
0.063
0.035
0.218
0.656
0.717
0.19
1.604
0.815
0.843
0.108
0.238
1.401
0.067
0.117
1.67
0.497
0.059
0.888
0.048
1.95
0.716
0.085
0.625
0.806
0.804
4.776
0.386
0.043
0.097
0.723
0.846
2.162
0.1
0.68
1.681
1.8
2.001
3.014
0.621
0.325
0.148
0.846
0.014
4.273
3.088
2.405
1.485
0.096
0.032
0.055
0.962
1.766
0.06
0.121
0.427
0.733
1.13
0.82
1.105
0.409
0.604
1.629
0.635
0.032
1.11
0.456
0.206
0.031
1.241
0.11
0.22
0.07
0.892
0.183
0.025
0.161
1.077
0.628
0.144
1.11
0.546
0.07
0.111
0.025
0.884
0.068
0.868
1.413
0.09
0.916
0.067
0.064
0.757
3.511
0.06
0.126
1.549
0.561
0.506
0.043
1.942
0.631
0.755
1.022
0.073
0.57
1.169
0.797
0.036
0.188
0.67
0.901
3.115
1.469
0.099
0.457
1.575
1.144
1.41
0.373
0.668
0.087
0.824
0.645
1.102
1.54
0.153
0.633
0.025
0.957
0.026
3.017
2.073
2.018
3.014
0.352
0.013
0.05
2.297
0.104
0.044
0.676
0.623
0.872
0.88
2.242
0.532
0.943
0.405
1.399
0.819
0.082
1.452
0.788
0.601
0.777
1.86
0.804
0.032
1.307
0.684
0.055
0.281
0.395
0.717
0.679
1.641
0.66
0.535
0.179
0.626
0.805
0.633
0.614
0.832
1.395
0.502
0.619
2.112
0.673
1.029
1.712
0.292
0.597
1.964
0.052
0.6
0.063
0.991
0.06
3.255
0.106
0.462
0.957
0.1
0.539
1.022
0.176
0.651
0.068
0.569
0.572
0.141
1.013
0.045
2.024
1.722
0.18
1.289
0.034
1.897
0.052
1.906
0.713
1.279
0.706
0.606
0.606
1.826
0.055
0.251
3.538
0.217
0.767
0.069
0.853
0.315
0.786
3.838
0.736
0.057
0.153
3.041
0.717
0.028
1.363
0.933
0.21
1.189
1.835
0.774
0.853
0.216
0.062
0.279
0.579
0.547
0.682
1.584
0.903
0.713
0.071
0.694
0.166
0.982
0.307
0.105
1.129
0.023
0.165
0.154
0.282
1.7
0.104
1.64
3.654
0.822
0.68
0.889
0.57
0.028
0.422
1.095
0.277
0.717
1.187
0.413
0.44
1.009
0.046
0.013
0.372
0.857
1.134
0.044
0.016
1.332
0.085
1.304
0.258
0.034
0.145
0.038
0.065
1.903
0.102
0.06
0.155
0.045
0.088
0.779
0.716
0.044
0.461
0.185
0.854
0.143
0.87
1.965
0.682
0.068
0.627
0.519
0.165
0.76
0.099
0.838
1.603
1.1
0.604
0.035
0.036
0.03
1.016
1.484
0.955
0.092
2.423
0.705
0.056
4.133
0.612
0.033
0.829
0.1
0.156
0.082
1.047
0.566
0.083
0.451
0.563
0.83
0.973
1.043
0.572
0.019
0.096
2.77
0.075
0.598
0.57
0.627
0.589
0.138
0.772
0.179
0.619
0.045
0.015
0.954
0.606
0.213
0.62
1.504
0.557
0.229
0.031
0.032
0.229
1.906
2.213
0.342
0.623
0.022
1.397
1.667
1.366
0.638
0.075
0.65
0.556
0.031
0.762
0.85
0.016
0.522
1.267
0.875
0.088
0.569
2.063
0.553
0.898
0.144
0.098
0.967
0.362
2.329
0.483
0.297
0.158
0.778
1.591
0.078
0.731
0.661
1.831
1.263
3.25
1.06
0.583
0.866
0.354
0.029
0.753
0.876
0.071
1.664
1.124
0.045
1.595
0.117
0.649
1.055
0.649
2.578
0.019
0.21
0.92
0.727
0.909
0.101
0.049
0.156
0.945
0.37
0.132
2.038
0.733
0.695
0.066
0.064
1.57
2.335
0.77
0.673
2.584
0.28
0.948
0.229
0.958
0.164
0.69
0.158
0.966
0.113
0.204
1.104
0.704
0.066
1.07
0.916
0.041
1.099
1.339
1.232
2.569
0.089
1.105
0.778
1.586
2.75
0.99
0.399
1.574
0.945
0.195
0.671
0.201
0.149
2.377
0.387
0.791
1.535
1.789
1.567
1.415
0.537
0.126
0.819
0.764
0.076
0.672
0.522
1.631
1.81
0.518
1.095
1.181
1.095
1.332
0.054
3.511
0.224
3.814
0.019
1.961
1.24
1.613
1.132
0.08
1.098
0.921
1.917
0.088
0.628
0.177
1.052
1.587
0.105
1.921
0.107
0.049
0.929
0.129
0.626
3.252
0.881
0.613
1.636
0.131
1.33
0.101
1.145
0.883
0.264
1.358
1.352
0.903
0.08
0.97
0.015
0.91
0.643
0.767
0.21
0.039
0.685
0.025
4.129
0.604
0.196
1.131
0.338
4.246
0.034
1.87
2.069
1.052
0.216
0.027
1.732
1.607
0.254
1.142
0.041
0.883
0.031
0.121
0.025
0.047
0.059
0.595
1.786
0.778
2.851
0.432
1.121
0.613
0.097
0.654
1.279
1.504
1.515
2.86
0.964
0.909
0.152
0.954
1.711
0.044
0.055
0.13
1.023
0.823
0.217
0.961
1.312
2.255
0.032
1.6
0.08
0.893
0.163
0.019
1.3
0.807
0.067
0.049
2.572
0.643
0.085
0.119
0.816
0.123
0.642
0.819
0.086
0.062
1.147
0.123
0.53
0.69
0.52
0.064
0.417
0.931
0.171
1.802
0.531
6.964
0.109
1.79
0.018
0.871
0.772
0.175
0.479
0.691
0.018
1.263
0.136
1.635
1.67
2.353
0.412
0.556
1.077
0.824
1.207
0.092
0.539
0.076
0.033
0.029
0.049
0.053
1.279
0.819
1.219
0.812
1.248
0.291
1.168
1.254
0.614
1.007
0.979
0.812
1.218
1.008
0.744
0.623
0.611
1.042
0.555
0.034
0.123
0.34
1.18
0.788
0.111
1.167
2.275
1.217
0.678
0.09
0.896
0.237
1.191
0.221
0.053
0.015
0.732
0.733
0.049
0.334
1.854
0.865
0.057
1.137
0.725
0.099
4.888
0.719
1.807
0.89
0.666
0.015
0.065
2.756
0.154
0.796
0.233
0.599
0.594
0.603
1.141
0.954
1.892
0.565
0.098
0.072
0.507
0.148
0.192
0.107
0.071
1.605
2.658
0.395
0.673
1.101
1.162
0.068
0.049
2.034
0.123
1.96
0.017
1.841
0.659
1.581
1.037
2.15
0.079
0.893
0.815
0.249
0.051
0.865
0.758
1.852
0.018
3.764
1.647
0.756
2.169
0.062
0.636
0.884
0.222
0.73
0.653
0.567
1.151
0.825
0.167
0.806
0.879
0.668
0.815
0.586
0.058
0.038
0.063
0.071
0.993
0.866
0.032
1.794
0.233
0.127
0.638
1.176
1.653
0.787
0.616
0.862
1.895
0.776
0.073
0.727
0.61
0.055
0.103
0.905
0.071
0.078
2.164
1.31
0.943
2.37
0.619
0.027
0.698
1.162
0.773
0.631
0.479
0.079
0.3
0.869
0.664
0.076
1.156
0.247
0.062
0.923
0.166
0.699
0.191
0.024
0.944
0.116
0.477
0.128
0.111
1.041
1.099
1.272
1.234
0.074
0.107
0.944
1.009
0.349
0.167
1.522
1.029
0.649
2.943
0.892
0.585
1.138
1.448
0.713
0.098
0.549
0.042
0.453
0.281
0.603
0.111
0.767
0.526
1.04
0.194
1.255
0.598
0.081
0.869
0.558
0.855
1.817
0.078
0.825
0.052
0.682
0.745
0.035
0.085
0.163
0.246
1.004
0.808
1.02
0.067
0.096
2.422
0.073
0.206
2.732
0.38
1.103
0.48
0.71
2.213
0.589
0.806
0.055
0.066
0.842
1.391
3.039
0.638
0.181
2.866
1.126
0.03
0.456
0.971
0.158
0.044
0.117
0.726
0.542
0.091
0.75
0.916
0.786
2.222
0.909
0.499
0.857
0.963
0.6
0.055
0.707
1.73
0.2
0.481
0.751
0.252
0.326
0.648
1.554
0.733
0.791
2.1
0.969
0.951
0.071
0.014
2.379
0.033
2.088
0.209
1.146
0.034
0.166
0.038
0.615
0.908
1.149
0.024
1.545
1.944
0.63
0.68
0.268
0.598
1.265
1.256
0.043
0.035
0.808
0.057
0.688
0.758
0.962
0.854
0.333
0.131
1.846
0.216
1.172
0.097
0.955
0.927
0.941
0.157
0.081
2.85
1.053
0.722
0.072
0.949
0.732
1.911
0.729
0.24
0.148
1.862
0.064
0.277
0.025
0.073
0.465
0.785
1.226
0.727
0.081
0.722
0.041
0.641
0.082
0.081
0.707
0.311
0.075
0.592
1.021
0.491
0.856
0.711
0.191
0.77
0.883
2.609
0.048
0.021
0.035
0.761
0.581
1.115
0.779
0.05
1.187
1.715
0.208
0.78
0.028
0.765
1.839
0.921
0.672
0.85
1.49
1.068
0.379
0.816
0.393
2.147
0.038
0.485
3.03
1.154
0.2
2.101
0.101
1.923
1.395
0.797
1.592
0.702
1.253
0.143
0.603
1.138
0.074
0.654
0.092
0.08
1.503
0.834
1.221
0.768
0.023
0.971
0.032
0.197
0.129
0.779
0.979
0.744
0.054
1.159
3.259
1.472
0.277
0.059
0.068
1.026
0.777
0.673
0.837
0.466
0.393
1.47
0.64
0.818
0.088
0.627
0.648
1.832
0.121
2.942
0.645
0.83
0.791
0.993
0.97
1.715
0.54
1.597
0.026
0.827
2.175
0.081
0.714
0.965
2.151
0.058
0.045
0.564
0.586
1.23
2.342
0.5
0.221
0.219
0.165
2.492
0.545
1.085
0.785
1.952
0.105
0.147
0.311
0.729
0.489
0.608
0.603
0.698
1.164
0.863
0.062
0.909
0.849
0.17
0.767
3.211
0.055
0.4
0.943
0.039
0.75
0.032
0.618
0.704
1.039
0.692
0.688
0.119
0.138
0.045
0.114
0.467
0.392
0.328
0.575
1.781
1.152
0.034
1.418
0.653
0.764
0.062
0.587
0.043
0.036
1.538
0.519
0.983
1.027
0.454
0.401
1.364
1.053
0.157
0.843
0.107
0.029
0.238
0.776
1.507
1.025
0.142
0.42
0.039
1.949
0.877
1.17
1.479
0.041
0.146
0.049
0.671
1.44
0.582
0.715
1.29
0.09
1.131
1.289
0.8
1.3
0.124
0.519
0.861
1.366
0.26
0.016
1.187
0.829
0.052
0.054
0.066
0.149
0.22
0.073
1.557
0.328
0.032
0.023
0.943
0.638
0.768
1.209
0.79
0.042
0.551
0.626
0.05
0.757
0.306
0.064
0.213
5.084
0.712
0.111
0.725
0.83
0.124
0.091
1.141
1.207
1.049
0.522
1.113
0.019
0.747
0.875
0.363
1.967
1.374
2.87
1.242
1.603
2.372
0.025
0.292
0.646
2.494
0.079
0.687
0.627
0.787
0.327
0.591
1.091
0.659
0.157
0.259
0.551
0.023
1.118
0.636
1.102
0.442
0.311
0.079
0.631
3.222
1.491
0.034
0.687
0.475
0.06
2.808
0.657
2.337
0.494
0.1
0.609
1.223
0.763
1.001
0.56
0.175
0.64
0.636
1.241
1.109
0.039
0.188
0.994
0.853
0.071
0.731
0.874
0.824
1.009
0.064
0.663
0.05
0.439
0.059
1.574
1.108
1.025
0.031
0.026
1.588
0.047
0.044
2.04
0.597
0.503
1.003
0.118
0.812
1.902
0.291
4.597
0.658
0.787
2.221
1.297
1.319
0.162
1.338
1.155
0.149
1.345
0.133
0.723
0.08
2.964
2.127
0.487
0.09
1.851
3.049
0.983
1.387
0.127
0.637
0.586
0.754
0.11
0.106
1.178
1.889
0.042
0.806
0.849
0.93
1.844
0.558
0.549
1.524
0.146
0.518
0.553
0.039
0.826
0.333
0.016
0.888
0.782
0.058
1.555
0.803
0.621
0.618
0.059
1.515
1.219
1.155
0.557
0.276
0.086
0.03
0.061
0.041
0.112
0.699
0.203
0.302
0.769
0.177
0.621
1.905
0.056
1.752
0.225
1.001
0.639
1.178
0.824
0.606
0.999
0.858
0.089
2.127
0.077
0.726
0.666
0.654
0.664
2.627
0.8
0.056
1.074
0.04
0.195
1.216
0.292
0.568
0.978
0.243
0.028
1.182
0.055
0.858
0.467
0.173
2.928
0.757
0.077
0.976
0.069
0.981
1.29
0.81
0.732
0.028
0.783
0.427
0.044
0.113
0.076
0.014
0.326
1.097
0.156
0.014
0.292
0.694
0.8
0.026
0.17
0.711
0.07
1.462
0.384
0.035
0.255
0.724
0.833
2.303
0.059
0.238
0.522
4.585
0.818
0.071
0.743
0.078
0.647
0.663
1.683
0.113
1.23
2.852
0.523
0.808
0.267
1.215
2.203
1.801
0.096
1.284
0.163
1.417
0.793
0.99
0.034
0.506
0.055
0.061
0.655
1.987
0.092
0.634
0.577
0.149
0.037
0.05
0.541
0.041
0.845
1.218
1.065
0.802
1.543
0.583
0.062
0.266
0.579
0.264
0.02
0.759
0.748
2.84
0.669
0.929
0.781
0.043
1.741
0.762
0.035
1.045
0.964
0.977
0.346
0.938
0.566
1.072
0.735
0.014
0.026
0.094
0.315
1.575
1.447
1.346
0.212
0.213
0.588
0.872
1.51
1.167
3.385
0.838
0.921
1.381
0.143
0.789
0.183
0.269
1.251
0.066
0.929
0.266
0.771
0.827
0.239
0.357
1.641
0.109
0.108
0.484
2.461
0.065
0.702
0.072
1.747
0.186
0.048
0.883
0.899
0.699
0.019
0.346
0.112
0.152
0.62
0.192
0.131
0.149
0.029
0.59
1.392
0.747
0.222
0.714
0.427
0.698
0.897
0.787
0.038
2.249
0.697
0.815
1.409
1.481
0.015
0.204
2.669
0.04
0.84
0.545
0.607
0.611
0.039
0.183
1.779
0.789
0.214
0.736
0.566
0.562
1.196
5.719
0.708
2.528
0.318
0.836
2.393
0.339
0.611
0.052
1.593
0.21
0.077
0.998
0.184
0.026
0.68
1.396
0.682
0.257
0.568
0.547
0.609
1.209
0.041
0.019
0.102
1.245
0.054
0.519
1.345
0.65
0.019
0.023
0.82
0.662
0.733
0.079
0.84
3.329
1.478
0.443
0.686
0.627
1.858
0.711
0.961
0.907
3.129
0.725
0.316
0.991
1.289
0.822
0.397
1.68
0.773
1.074
0.131
0.127
0.572
0.931
0.787
2.271
0.216
0.134
0.092
0.735
0.856
0.793
0.748
0.869
0.612
1.122
0.112
1.423
0.576
0.092
0.054
0.618
1.217
0.57
0.783
0.565
0.972
0.515
0.073
0.295
2.015
0.588
0.034
0.812
1.13
1.21
0.623
0.595
0.092
0.902
0.045
0.742
0.843
0.035
1.2
0.772
0.581
1.771
0.568
0.671
0.942
0.091
1.234
0.737
0.854
0.251
0.69
0.746
0.738
0.966
0.951
0.301
0.88
0.703
0.039
2.05
0.12
0.027
1.434
0.986
0.045
0.791
1.405
0.944
3.54
1.152
0.495
0.616
1.65
2.988
2.915
0.84
0.046
0.988
0.245
0.962
0.888
0.953
1.047
0.254
0.436
0.977
0.042
2.067
1.2
0.568
0.252
0.79
0.214
0.422
0.801
0.081
0.151
1.681
1.695
0.14
2.801
0.065
0.98
0.603
0.026
0.735
0.209
0.039
0.039
0.163
1.421
2.413
0.9
0.042
0.013
1.815
0.038
1.072
1.907
0.154
1.024
1.959
0.109
1.913
0.172
3.692
0.8
1.324
0.031
0.887
0.65
0.064
0.037
1.425
1.82
0.675
0.172
2.57
0.173
0.081
0.076
1.105
0.308
0.061
0.976
2.202
1.343
0.533
0.548
0.973
0.302
0.933
0.257
0.724
0.028
0.497
0.681
1.141
0.034
0.217
2.282
2.904
0.549
0.92
0.767
2.701
0.737
0.113
0.131
1.908
0.645
0.651
1.076
0.676
0.663
0.728
0.8
1.499
0.345
0.374
1.694
0.148
0.209
0.986
1.394
0.66
0.342
0.952
0.03
0.837
0.406
0.721
1.282
1.009
0.53
0.957
1.064
1.886
0.734
0.687
0.107
0.598
0.109
1.079
0.736
2.48
1.595
0.377
0.727
0.388
0.72
0.172
0.108
0.705
2.769
0.536
0.96
0.648
0.713
0.656
0.941
0.688
0.381
0.721
1.125
0.077
0.039
2.06
0.506
0.917
0.838
0.566
0.369
0.964
1.27
0.272
0.068
2.007
0.742
0.064
0.66
0.837
0.031
0.027
0.016
0.708
0.191
0.584
1.101
0.946
0.126
1.04
1.589
1.8
0.746
1.097
0.033
0.271
0.141
0.49
0.939
1.785
0.569
0.948
1.774
0.037
0.858
1.119
1.719
0.694
0.6
0.25
0.765
2.457
1.66
0.289
4.029
0.614
0.137
2.221
1.274
2.171
0.056
0.891
0.074
2.068
0.026
0.351
0.028
0.036
1.31
0.403
0.649
0.668
1.46
0.063
1.04
0.439
1.39
0.054
0.396
1.56
0.653
3.349
0.601
0.654
1.186
0.765
0.514
0.617
0.647
0.941
0.672
0.793
0.729
0.71
0.182
0.016
0.123
0.646
0.39
2.648
0.651
2.219
0.587
3.685
0.978
0.028
0.604
0.903
1.246
0.16
0.173
0.166
0.901
1.194
0.914
3.429
1.141
2.336
0.187
1.396
0.744
0.046
0.083
1.212
0.262
0.072
2.28
0.122
1.655
0.168
0.109
0.038
1.202
0.045
0.024
0.09
0.51
0.542
0.096
1.192
0.147
0.927
1.347
0.897
1.114
0.114
0.511
0.048
0.677
0.726
0.713
0.028
0.754
0.045
0.09
0.287
1.48
0.044
0.646
0.918
0.937
0.108
0.054
0.608
0.058
0.081
1.745
0.657
0.058
0.036
0.844
1.088
0.462
2.266
0.143
0.569
0.07
0.044
0.032
0.032
0.132
0.05
0.635
1.995
0.052
2.132
0.034
0.917
0.819
0.848
1.212
1.131
1.149
0.414
0.064
0.096
1.409
2.311
0.267
1.4
0.06
1.897
0.114
0.026
0.062
0.651
1.339
0.734
0.13
0.68
0.611
0.431
0.639
0.55
0.82
0.089
1.281
1.133
0.028
1.023
0.386
0.946
0.163
0.145
2.206
1.027
0.38
1.178
1.739
1.484
0.127
2.681
0.594
0.722
0.719
0.107
0.112
0.095
0.707
0.668
0.012
0.936
0.05
0.731
0.126
0.259
0.148
0.891
1.783
0.114
0.798
0.03
0.028
0.31
0.685
0.678
0.029
0.672
0.714
0.294
0.563
1.117
0.618
0.267
0.24
0.459
0.124
0.218
1.13
0.394
0.018
0.073
0.124
0.676
0.085
0.165
0.968
2.133
1.562
0.366
0.597
0.556
0.586
0.391
0.556
0.163
0.991
0.134
0.37
1.368
0.63
0.421
0.689
0.406
0.164
2.695
1.518
0.134
0.618
0.06
0.04
1.391
0.718
0.801
0.743
0.223
0.107
0.182
0.021
1.27
1.306
2.229
0.182
0.194
0.927
0.026
0.565
0.717
2.416
0.041
0.08
0.276
1.051
3.331
0.129
0.809
0.748
0.033
0.903
0.891
0.229
0.054
1.238
0.583
0.053
0.075
0.286
0.207
0.897
1.433
0.797
1.45
2.123
0.102
0.156
0.135
1.219
0.304
1.43
0.622
0.178
2.517
0.042
1.229
1.064
0.193
0.037
0.621
1.414
1.939
0.073
0.615
0.07
0.048
0.717
0.055
2.246
0.213
0.826
0.207
0.274
0.96
0.426
3.867
0.339
1.391
0.322
0.057
0.146
0.63
0.553
3.68
0.058
1.73
0.094
0.351
0.558
0.041
0.684
0.12
0.12
1.142
0.861
0.751
0.485
1.429
0.739
0.138
0.766
0.098
0.259
0.037
0.014
1.385
0.623
0.038
0.674
1.539
1.895
0.815
0.111
0.064
0.075
0.935
0.069
2.373
1.995
0.57
0.152
0.051
2.353
1.717
0.68
0.051
0.089
0.536
1.192
1.324
0.981
0.102
2.405
1.909
2.144
0.283
1.771
2.336
0.21
2.074
1.019
1.34
1.207
0.665
0.041
1.128
0.284
0.662
0.066
2.78
0.124
1.742
1.736
0.093
1.093
0.6
0.063
0.015
2.807
0.865
0.197
0.661
1.732
1.491
0.18
0.788
1.108
0.013
1.038
0.967
0.158
0.148
0.337
0.83
0.657
0.653
0.337
0.181
0.066
0.378
0.122
0.684
1.136
2.569
2.071
1.42
1.294
0.115
0.57
0.03
1.75
1.623
1.452
0.52
0.493
0.801
1.986
0.247
0.917
1.211
0.886
0.053
1.378
0.866
0.629
2.011
0.065
0.118
1.33
1.111
0.053
0.036
0.714
0.101
1.053
1.65
2.593
0.837
1.836
2.249
0.397
0.9
0.617
0.807
0.016
0.922
1.262
0.829
2.878
0.098
2.037
0.028
0.947
0.425
1.603
0.107
0.158
0.049
0.705
0.735
0.757
0.088
1.019
1.044
2.626
0.236
0.28
0.171
0.129
0.831
0.502
1.076
0.58
0.19
0.893
0.695
0.668
0.19
0.813
1.545
0.804
0.039
0.755
0.54
1.002
1.021
0.616
1.476
0.21
0.056
0.824
0.916
1.43
0.635
0.107
0.517
0.641
0.035
0.934
0.47
0.043
0.083
0.496
0.678
1.522
0.107
0.035
0.065
0.849
0.253
0.054
0.824
0.815
0.034
0.75
0.71
0.141
1.069
1.583
0.044
2.121
0.842
0.127
0.165
1.615
0.584
3.137
2.609
1.405
0.1
0.714
1.741
0.882
1.498
0.734
0.516
0.743
0.674
0.057
1.798
0.022
0.756
6.135
1.135
1.183
0.785
2.509
1.396
0.155
0.149
1.265
1.079
0.96
0.086
0.308
0.77
0.255
0.25
1.057
0.778
0.16
1.508
2.44
0.551
1.003
1.385
0.759
0.551
1.262
0.124
0.995
2.501
1.035
0.072
1.142
1.344
0.064
0.681
1.038
2.044
0.026
0.823
0.644
0.255
0.121
0.593
1.101
0.182
0.773
0.797
1.777
0.726
0.372
0.044
0.921
0.088
0.778
2.915
0.059
0.356
0.932
5.463
2.806
0.055
2.189
0.055
0.658
1.923
2.522
0.697
0.552
0.775
0.089
2.933
0.021
0.899
0.02
0.515
0.649
0.857
0.4
0.944
0.026
0.558
0.829
0.632
0.082
0.76
0.025
0.397
3.256
1.609
0.329
0.695
0.689
0.274
0.865
1.62
0.701
0.9
0.15
3.365
0.572
0.658
0.324
0.102
0.151
0.236
0.53
0.107
0.042
3.088
0.939
0.81
0.603
1.263
0.045
0.243
0.671
0.836
0.051
0.34
0.075
0.16
0.695
1.404
0.739
0.287
0.916
0.606
0.997
0.297
2.98
0.043
0.866
2.19
0.136
0.067
0.144
0.248
0.754
0.045
0.591
0.75
1.428
1.062
0.053
1.107
1.376
0.733
0.304
0.679
0.142
0.57
1.753
0.519
1.19
1.977
0.794
2.549
1.207
1.226
1.745
0.309
1.342
0.103
0.039
0.121
0.735
0.213
0.195
0.327
0.115
0.268
0.03
0.234
0.032
0.069
1.19
1.568
2.211
0.147
0.136
0.183
1.108
0.013
1.428
0.047
1.273
0.831
0.749
0.861
0.042
0.19
0.017
0.499
0.033
0.603
0.652
1.947
1.331
0.785
0.166
0.086
1.963
0.71
2.136
1.062
2.661
0.373
0.096
0.407
0.072
0.233
0.077
0.671
0.054
0.188
0.018
0.031
1.278
0.181
0.593
0.216
1.119
0.802
0.177
1.335
0.062
0.022
0.919
0.041
1.827
0.276
0.727
0.495
0.864
0.059
4.29
1.047
0.883
0.715
0.057
0.265
0.183
0.071
0.72
0.541
3.394
0.719
0.708
1.858
0.021
1.01
1.46
0.707
0.055
0.83
1.543
1.658
1.051
0.704
0.578
0.02
0.786
0.029
1.099
0.178
0.082
1.454
2.212
0.864
0.661
0.109
0.793
0.109
0.766
0.116
0.597
0.862
0.793
0.712
1.586
0.096
2.713
0.569
1.156
0.635
0.103
0.155
1.487
0.955
0.181
0.219
1.191
0.385
0.885
0.116
0.88
0.07
0.945
1.38
2.26
1.203
0.328
1.195
0.737
0.818
0.465
0.053
0.075
2.125
0.909
2.179
1.72
0.357
0.433
1.468
0.349
0.294
0.055
0.857
1.78
1.772
0.743
0.178
0.988
3.162
0.723
0.025
0.281
1.48
1.513
0.901
0.244
0.767
0.523
1.689
0.817
0.71
0.688
0.341
1.824
0.155
0.018
0.047
1.124
0.069
0.538
0.061
0.561
0.015
0.118
2.976
0.666
0.182
0.647
0.196
0.736
0.021
0.293
0.297
0.924
0.036
0.679
1.111
0.735
0.03
1.335
0.034
1.92
3.779
1.27
0.503
1.139
0.741
0.113
0.247
0.797
1.504
0.856
0.611
0.761
0.64
0.028
0.015
0.42
0.744
3.861
2.255
0.865
0.571
0.089
0.643
1.292
0.468
0.34
0.735
2.604
1.556
0.094
0.049
0.087
0.608
1.614
0.036
0.539
0.273
0.593
0.41
0.128
2.154
1.36
0.182
0.968
1.306
0.134
0.046
0.159
0.058
0.711
1.242
0.8
0.491
0.34
0.207
1.751
0.124
0.052
1.221
0.08
0.798
0.818
0.149
2.191
0.858
0.933
0.743
1.05
0.617
1.441
1.957
0.815
0.744
0.155
1.0
1.012
0.017
0.605
0.075
3.823
2.384
1.641
0.7
0.812
1.464
0.04
0.551
0.56
0.105
0.14
0.077
0.055
0.096
0.788
0.561
0.096
1.138
1.134
0.065
1.256
0.342
1.21
0.116
1.139
0.637
0.105
0.672
0.509
1.069
0.103
2.45
0.692
2.03
1.305
0.517
2.052
0.279
0.61
0.028
1.032
0.108
1.442
0.928
1.082
1.997
0.94
1.537
1.604
0.554
0.17
0.153
0.028
0.754
0.764
0.165
2.105
0.615
0.419
1.131
0.145
0.758
0.103
0.628
0.872
0.408
0.131
0.147
0.549
0.236
2.646
0.654
0.655
0.618
1.196
2.679
0.066
0.643
0.319
1.18
0.612
0.584
0.277
1.986
1.887
0.116
1.238
0.021
0.057
0.783
2.212
0.846
1.492
0.189
0.677
1.738
1.178
0.047
0.805
0.05
0.656
0.539
1.652
2.58
1.03
0.114
0.892
0.12
1.342
0.388
0.134
0.56
0.744
0.592
1.15
2.006
1.501
1.008
1.228
1.916
0.636
1.112
0.156
0.14
0.033
1.562
2.086
0.033
0.742
0.509
3.014
0.611
0.223
0.032
0.084
0.691
0.083
1.945
0.881
0.751
0.191
1.245
1.047
0.256
0.276
0.028
0.944
0.05
0.541
0.239
0.679
0.093
0.217
0.615
0.664
0.405
0.971
0.087
0.052
0.498
0.067
0.051
0.926
1.635
0.69
0.693
0.027
0.059
1.018
0.053
0.847
0.055
1.347
0.65
0.108
0.049
0.67
0.197
0.762
0.222
1.133
0.836
1.694
1.053
1.334
0.276
0.134
0.37
0.237
0.651
0.858
0.689
2.14
1.025
0.853
0.013
0.017
0.884
0.79
0.652
2.667
0.23
0.253
1.176
0.723
0.092
0.687
1.383
1.402
0.941
0.959
0.22
0.793
0.583
0.184
0.096
0.441
0.051
0.371
0.749
0.131
0.785
0.816
0.686
0.133
0.151
0.239
0.795
0.646
0.021
0.876
1.187
0.945
0.719
0.045
0.138
1.628
0.092
0.679
1.201
0.403
0.036
0.636
0.042
0.702
0.685
0.074
0.682
0.162
1.12
1.124
0.717
0.839
0.385
1.141
0.69
0.673
0.039
0.679
0.293
1.459
0.029
0.914
0.048
0.056
0.908
0.407
0.056
1.116
0.015
1.199
0.474
0.211
0.073
0.168
0.142
0.957
0.968
0.113
0.247
0.95
0.735
0.967
3.993
1.379
0.061
2.71
0.292
1.304
0.439
0.058
1.095
0.035
1.972
0.713
0.891
0.815
0.068
0.314
1.059
1.434
1.037
1.458
2.816
1.111
0.115
0.799
0.889
0.762
0.098
0.079
0.72
0.116
1.178
0.151
0.112
0.094
1.152
1.102
0.248
0.961
0.203
1.426
0.701
0.078
1.812
1.491
0.083
0.877
0.847
1.114
0.062
0.081
0.822
0.755
0.194
0.049
0.809
0.613
0.91
0.113
0.933
0.24
2.7
0.798
0.07
1.678
1.502
1.141
0.382
0.089
0.239
0.599
0.581
0.731
0.658
0.175
0.485
0.045
0.092
0.868
2.661
2.14
0.932
0.798
1.68
0.526
0.078
0.299
0.583
1.539
0.061
0.016
0.707
0.835
0.129
0.761
1.003
0.079
0.853
1.238
0.074
0.143
0.676
1.778
1.125
0.16
0.848
2.51
0.542
0.646
0.169
1.885
1.562
0.604
0.905
0.818
0.732
0.074
0.117
0.049
1.423
0.117
0.071
0.774
0.665
0.192
0.71
0.744
1.212
0.705
2.194
0.023
0.326
1.496
1.759
0.075
0.041
0.045
1.803
1.319
0.077
0.031
0.03
1.876
0.59
0.221
0.698
1.673
0.062
1.467
0.144
0.032
2.55
0.047
4.871
0.795
0.499
0.778
0.725
0.871
1.204
0.103
0.151
0.724
1.487
0.146
0.064
0.953
0.603
0.096
0.832
0.234
0.663
0.064
0.164
0.222
0.069
0.04
0.789
0.765
0.03
0.88
0.46
1.169
0.109
1.827
0.846
0.712
0.226
1.438
0.622
0.957
0.979
0.483
1.043
0.652
2.208
1.622
0.819
0.098
1.026
0.785
0.313
0.259
0.144
0.074
1.198
0.026
3.2
0.166
0.175
0.043
2.287
0.903
0.214
2.109
0.037
2.349
3.903
0.052
0.065
0.074
0.666
0.077
0.577
0.636
0.081
0.246
0.628
0.059
1.712
3.11
1.356
1.501
0.568
0.858
0.711
0.142
0.165
0.251
0.079
0.687
1.73
1.063
0.718
0.611
0.829
0.734
0.693
1.69
0.018
0.683
0.18
0.344
0.068
0.603
0.094
1.705
0.469
0.737
2.121
1.457
0.681
1.462
0.752
0.654
0.078
0.589
0.872
0.546
0.815
0.546
0.046
0.779
2.89
0.098
1.006
0.022
0.066
2.549
0.642
1.053
0.629
0.036
0.168
0.623
0.529
0.182
0.193
0.199
0.699
0.602
2.137
0.845
0.168
1.181
0.903
0.076
1.239
1.141
1.263
0.194
0.127
0.904
0.06
0.044
1.459
3.09
0.072
1.062
0.656
0.821
1.084
0.801
2.688
0.796
1.561
0.036
0.084
0.161
0.285
1.59
1.936
0.473
0.616
1.278
0.036
1.261
0.836
0.108
0.872
0.216
0.144
0.047
1.156
0.663
0.7
2.722
0.457
0.154
0.888
0.081
0.766
0.623
0.622
0.562
0.32
0.057
0.07
1.355
5.255
0.033
0.297
1.396
0.741
3.154
0.046
0.052
0.344
0.277
0.991
0.719
1.925
0.035
0.05
0.644
1.497
0.139
0.804
0.12
0.814
0.19
1.495
0.977
0.116
0.128
0.713
1.806
0.908
0.727
1.017
2.558
0.104
0.656
3.367
0.056
0.565
1.825
0.845
0.142
0.472
1.098
0.057
0.64
0.801
0.194
1.041
1.011
0.67
0.094
0.022
0.144
0.209
0.082
0.032
0.791
0.729
0.08
1.048
0.782
0.031
4.903
0.686
0.629
0.854
0.735
0.589
0.496
0.03
0.086
0.154
0.161
0.715
3.19
0.791
1.279
0.889
2.148
0.287
0.81
0.864
0.041
0.085
0.955
0.244
2.108
2.12
0.081
0.932
0.741
0.732
0.057
0.043
0.985
0.149
1.239
0.564
0.109
0.532
2.67
0.043
0.085
0.692
2.201
0.509
0.701
0.048
3.765
0.132
0.258
1.355
0.773
0.666
1.298
0.115
0.136
1.859
1.587
2.169
0.643
1.607
0.095
0.14
0.075
2.24
1.011
0.854
1.534
0.062
1.433
2.117
0.053
0.579
0.771
0.178
0.183
2.048
3.263
0.858
0.641
1.009
1.095
0.981
0.019
0.059
2.166
1.374
0.894
0.497
0.145
0.611
0.153
1.354
0.262
1.352
1.918
1.341
1.728
0.104
0.24
0.532
0.717
0.087
0.17
0.033
2.404
3.299
0.328
0.016
0.055
1.613
1.033
0.216
0.258
0.083
0.358
1.283
1.874
0.914
0.56
0.767
0.391
1.295
2.161
0.026
0.77
0.319
0.744
1.231
1.045
0.218
0.596
0.036
0.615
0.738
1.119
0.206
1.083
0.751
0.881
0.043
0.127
0.156
0.807
0.911
1.606
0.168
0.846
1.612
0.064
0.363
1.144
0.286
1.289
0.067
0.093
0.83
2.595
1.427
0.288
0.907
0.674
0.698
0.028
2.309
0.198
0.734
1.615
0.019
0.591
0.806
0.081
0.747
0.717
0.653
0.749
0.86
0.016
0.179
0.848
0.553
1.398
1.419
0.075
0.384
0.586
0.665
0.016
0.995
0.789
1.577
1.079
0.044
0.077
0.734
1.299
1.462
1.798
0.574
0.527
1.337
0.045
2.248
1.388
0.031
1.853
0.951
0.552
2.437
0.063
0.637
0.591
0.11
0.036
0.158
1.152
0.66
0.898
1.007
0.71
1.439
0.714
0.58
1.967
0.752
2.506
0.053
0.252
0.46
0.4
1.718
1.331
0.062
1.989
0.75
2.509
0.085
0.633
0.905
0.023
0.674
1.169
0.552
0.03
0.844
1.054
0.895
0.076
0.584
0.049
0.815
1.888
0.182
1.412
0.839
0.035
2.001
0.251
0.056
1.018
0.028
2.823
0.79
0.92
0.109
0.243
0.779
0.694
0.025
0.033
2.131
0.153
1.033
1.707
0.774
1.669
0.616
0.079
1.102
0.99
0.556
1.055
0.91
0.133
0.382
0.309
0.967
0.102
0.965
0.609
3.414
0.779
0.134
1.01
0.776
1.107
0.602
0.23
2.159
0.714
0.774
1.305
0.096
1.292
0.835
0.786
0.741
0.147
0.618
0.961
0.13
1.723
0.047
1.872
0.925
0.44
0.051
0.087
0.028
0.837
0.102
0.14
2.188
1.268
0.047
1.104
0.247
0.684
1.708
0.064
0.157
0.281
0.596
0.158
0.545
0.521
0.078
3.364
1.974
0.451
0.024
0.977
0.981
4.368
0.173
1.274
0.398
0.356
0.353
0.077
0.878
2.002
0.09
2.028
0.246
1.031
0.056
0.842
0.634
0.033
2.0
0.678
0.744
0.9
1.595
0.769
0.259
0.916
0.803
0.089
0.697
0.891
0.295
3.639
1.426
0.107
0.036
1.135
0.497
1.959
0.031
0.601
0.257
1.061
0.061
0.79
0.754
0.292
0.709
0.16
0.053
0.077
0.069
0.092
0.538
0.034
0.592
0.825
0.169
0.153
1.308
1.654
0.277
0.098
0.728
0.886
0.799
0.053
0.253
1.833
1.165
1.654
0.13
0.447
0.653
0.018
0.491
1.518
0.119
0.138
2.297
0.067
0.68
1.724
0.268
0.581
0.778
0.559
1.284
0.739
0.203
1.453
0.848
0.082
0.038
1.362
0.07
4.259
1.207
0.936
0.509
0.693
1.178
1.743
0.195
0.373
2.765
0.873
0.1
1.208
0.834
1.248
0.89
2.956
0.723
1.112
0.053
1.8
1.359
1.978
0.339
1.281
0.029
0.07
0.047
0.776
0.965
0.176
0.804
0.374
0.916
0.876
0.234
0.771
0.915
0.286
1.745
0.808
0.02
1.437
0.248
0.021
0.134
1.921
1.121
0.672
0.161
1.491
0.691
0.129
0.142
1.051
1.223
0.767
1.092
0.073
0.092
0.206
0.175
2.125
2.197
0.092
0.103
0.97
0.037
0.053
0.114
0.732
0.262
4.416
0.822
0.022
1.533
1.61
0.041
0.68
0.875
0.51
0.879
0.63
0.516
0.061
0.208
0.943
1.582
0.269
0.682
0.083
0.077
0.054
2.615
0.18
1.164
0.099
0.584
0.143
0.613
0.504
2.193
2.747
0.06
0.538
0.284
0.569
0.182
0.032
0.222
0.167
0.316
0.629
0.015
0.627
0.133
0.17
0.09
0.694
1.364
0.179
0.058
3.46
1.003
1.962
1.071
0.225
2.039
0.82
0.7
0.129
0.129
0.065
1.269
0.592
0.036
0.172
1.071
2.965
0.884
0.031
0.02
1.757
1.213
0.127
1.224
3.038
0.703
0.062
0.808
1.847
2.067
0.662
2.209
1.4
0.646
1.999
0.449
1.158
1.048
0.047
0.283
2.491
1.227
1.428
0.047
0.029
0.944
0.686
0.026
1.168
2.181
0.047
0.817
1.849
0.863
0.704
1.442
0.078
0.674
0.12
0.728
0.363
0.351
3.081
0.131
0.453
2.479
0.108
1.12
1.87
0.253
2.022
1.191
0.13
0.064
0.702
0.291
0.045
0.749
0.799
0.027
1.127
0.151
0.041
1.311
1.498
0.661
0.06
1.255
0.645
0.167
1.122
2.175
0.761
2.784
0.099
1.124
0.07
0.31
3.986
0.049
1.362
0.299
0.055
1.228
0.472
0.051
0.478
0.101
0.036
1.128
2.121
1.824
0.136
1.064
0.787
1.418
0.651
0.558
0.957
0.058
1.753
0.167
0.439
0.134
0.537
0.301
0.224
0.015
1.546
0.974
0.497
0.77
0.124
0.031
0.715
0.111
0.384
0.14
0.042
0.873
0.427
0.026
0.952
1.453
0.227
0.708
1.86
0.096
0.194
0.107
0.922
1.051
0.043
0.144
0.704
0.551
1.51
0.643
1.024
0.978
0.03
0.226
0.056
1.454
0.996
0.158
0.053
2.304
0.05
0.733
0.802
0.736
0.661
1.508
0.919
0.291
0.067
0.164
0.771
1.351
0.349
0.283
0.537
1.306
0.591
1.794
0.811
0.703
0.68
0.01
2.205
0.025
0.362
0.626
1.028
1.376
0.046
0.712
0.037
1.183
0.523
0.147
0.957
1.11
0.038
0.528
1.426
0.03
1.164
0.918
0.657
0.097
3.746
0.226
1.023
0.607
0.698
0.505
0.662
0.704
0.729
1.936
1.713
0.865
0.491
0.634
0.938
0.079
0.921
0.064
0.115
0.68
0.999
0.122
0.712
0.108
0.977
1.94
0.263
0.07
2.447
1.147
4.64
1.403
0.083
1.665
0.131
0.927
0.816
0.532
0.653
0.831
0.792
0.43
0.056
0.166
0.622
0.924
0.029
1.522
1.733
1.024
0.06
0.354
1.024
0.995
0.678
0.866
0.231
0.637
0.295
0.026
1.108
0.232
2.63
1.002
0.376
1.283
0.977
0.063
1.252
0.253
1.056
2.137
0.152
0.023
0.09
0.875
0.7
1.496
0.022
1.26
0.047
0.854
0.849
0.161
0.174
0.503
0.529
0.944
0.821
0.75
1.153
0.26
2.357
0.025
0.761
0.403
0.679
0.051
0.015
2.551
1.233
1.164
1.499
0.34
0.069
0.064
7.432
0.169
1.222
0.332
1.314
0.987
0.093
0.846
1.977
2.374
0.869
0.694
0.072
0.573
4.042
0.022
0.346
1.739
0.707
0.033
0.745
1.719
0.696
0.832
0.842
1.016
0.049
0.778
0.643
1.098
1.047
0.389
0.331
1.062
0.166
0.068
0.084
1.842
0.665
0.185
0.961
1.684
0.814
0.673
0.04
0.368
0.027
0.239
0.611
1.922
0.019
0.699
0.089
0.116
1.513
0.415
0.574
0.181
0.926
0.122
1.054
0.055
1.592
0.608
0.158
0.686
0.689
1.365
0.764
0.22
0.469
0.565
1.25
3.224
0.032
0.707
0.531
0.336
0.552
0.207
0.81
0.169
0.862
0.05
0.186
0.024
0.595
1.971
0.073
0.79
0.054
0.702
1.735
0.533
2.059
0.035
2.367
1.244
0.68
2.336
0.65
0.221
0.116
0.616
1.258
2.122
0.137
1.219
0.598
0.833
0.584
0.917
2.192
0.016
0.139
1.335
1.346
2.186
1.568
0.453
1.671
0.708
0.899
0.663
4.395
0.069
1.287
1.95
0.754
0.766
0.733
0.475
0.711
0.075
0.611
0.648
0.658
0.27
0.994
0.085
0.013
0.885
0.076
1.024
0.655
0.99
1.044
0.106
0.997
1.315
0.715
0.645
0.081
0.306
0.04
0.749
1.229
0.066
1.529
1.667
0.543
1.844
0.463
0.11
0.605
0.549
1.088
0.012
0.167
0.546
0.363
0.805
0.062
0.169
0.656
2.821
1.652
1.452
2.046
0.402
0.342
0.108
0.056
0.926
0.618
0.273
1.523
0.194
1.841
0.63
0.331
0.031
1.552
0.515
0.037
0.023
0.618
0.811
0.701
0.528
1.319
1.477
0.833
1.288
6.363
0.024
0.213
1.046
0.835
0.628
0.942
0.815
2.143
0.052
0.736
0.056
0.777
1.444
0.247
0.579
2.272
0.053
0.901
0.228
0.665
1.347
0.78
1.169
0.688
0.027
0.061
1.173
1.15
0.099
1.491
0.282
0.308
0.059
0.779
0.626
2.527
0.764
0.741
0.708
0.996
0.386
0.647
0.891
0.856
0.946
0.724
0.269
1.235
1.488
1.074
0.713
0.314
0.058
1.212
1.457
2.121
1.694
2.82
2.161
0.559
1.703
1.01
0.971
1.011
0.229
0.864
0.035
0.064
1.159
1.7
0.963
0.06
1.846
0.659
0.313
0.784
2.211
0.144
0.051
0.644
1.439
0.638
1.191
1.637
1.038
2.147
1.503
0.465
0.723
0.053
0.046
0.084
0.142
0.175
0.087
0.739
0.995
0.092
0.586
0.659
0.204
0.092
2.578
2.301
0.056
0.054
0.302
1.457
0.033
1.003
1.277
0.057
0.087
0.036
0.688
0.923
0.27
0.397
0.596
3.275
0.066
0.02
1.947
0.666
0.042
0.757
0.035
0.591
0.519
0.881
0.021
0.767
0.05
0.061
1.536
0.822
0.136
0.036
1.491
0.597
0.086
0.033
0.051
0.573
0.264
0.78
0.921
0.544
2.723
1.269
0.742
0.727
1.349
0.874
2.529
1.817
0.566
2.515
0.822
0.565
0.034
0.809
0.012
0.918
0.054
0.114
0.956
1.201
0.126
0.241
0.709
1.597
0.762
1.457
0.105
0.574
0.041
0.653
0.052
1.419
0.145
1.035
0.627
0.536
0.757
2.0
0.948
0.022
0.969
0.69
0.902
0.019
0.152
0.971
0.527
0.68
0.889
0.616
0.853
0.987
0.168
0.541
0.635
1.648
0.39
0.046
0.058
0.334
0.773
0.319
0.02
0.994
0.075
0.091
0.05
1.185
1.135
1.046
0.563
0.339
0.223
0.032
1.145
2.044
0.798
0.366
0.751
0.035
0.278
0.563
1.876
0.313
0.206
0.124
0.045
3.696
1.03
0.063
0.748
0.121
1.913
0.086
1.435
1.153
1.627
1.139
0.713
0.738
0.364
0.287
0.672
0.067
1.403
1.813
0.535
0.143
0.055
0.4
0.499
1.106
2.51
0.087
0.123
0.131
0.138
0.494
0.75
1.406
0.261
0.703
0.512
0.275
0.326
0.103
0.818
0.776
0.941
0.67
0.212
0.783
0.844
0.255
0.212
0.384
0.028
0.301
0.847
0.097
0.832
0.811
0.147
0.297
0.051
0.759
0.115
0.154
0.124
0.124
1.698
0.581
0.788
0.767
1.117
1.557
1.13
0.027
0.141
0.721
0.12
0.595
0.539
0.405
0.617
0.039
0.341
0.239
0.075
1.869
0.62
0.057
0.057
1.203
0.267
0.453
0.062
0.903
0.56
0.057
0.104
0.685
1.602
0.054
0.06
0.807
0.074
1.073
0.333
0.585
0.732
2.766
0.145
0.052
1.132
0.272
3.958
1.34
0.025
0.815
0.756
1.982
0.07
0.619
0.573
0.738
0.86
2.254
0.148
0.303
0.602
0.784
0.638
0.66
0.899
0.067
4.286
0.523
0.022
0.038
0.14
0.265
1.228
0.061
0.093
1.1
0.867
0.426
2.454
0.693
0.668
0.597
1.807
1.674
1.439
0.752
0.885
0.471
0.184
0.019
1.265
0.646
1.647
0.504
0.801
0.346
0.86
0.304
0.03
0.741
0.885
0.501
0.836
0.124
0.188
0.322
0.053
0.101
0.2
1.299
0.073
0.519
0.607
0.678
0.815
0.732
0.163
0.155
0.276
0.067
1.587
1.162
0.026
1.034
0.055
0.595
0.183
0.536
0.881
0.827
3.515
0.606
0.7
0.097
2.603
0.301
0.023
0.638
1.082
1.998
0.129
0.717
1.011
0.815
0.223
2.304
0.14
2.547
0.057
0.03
0.609
0.636
0.657
1.106
1.213
1.266
0.091
0.976
0.304
1.047
0.463
0.66
0.223
0.161
0.162
0.139
1.014
0.015
2.075
0.099
0.813
0.036
0.201
0.67
2.691
0.167
0.061
0.019
0.394
0.042
0.468
1.314
0.479
0.615
0.079
0.898
2.228
1.014
0.206
0.865
0.801
0.643
0.097
0.055
0.632
0.933
1.088
0.071
0.703
0.693
0.642
0.943
1.174
0.574
1.342
0.038
0.477
0.404
0.792
0.057
0.527
1.519
0.15
1.632
0.03
0.975
0.29
1.108
1.977
2.69
0.323
1.536
1.755
2.348
0.955
1.309
1.422
0.996
3.617
0.25
0.637
0.091
0.835
1.294
0.532
0.065
0.186
0.912
0.191
0.226
0.787
1.133
0.727
0.055
0.102
1.555
0.117
1.256
0.565
0.787
0.041
0.214
0.217
1.414
0.139
0.281
0.06
0.188
0.469
0.268
1.11
0.054
1.252
0.104
0.841
0.096
0.048
0.046
0.932
0.625
1.096
0.165
0.895
3.192
0.068
1.055
0.757
0.238
3.227
0.034
0.712
0.844
0.067
2.216
0.118
0.179
0.082
2.436
2.444
0.54
0.034
0.279
0.086
1.118
1.498
1.761
1.057
0.046
0.891
0.62
1.549
0.275
0.645
0.755
0.028
1.775
0.663
1.108
0.958
0.165
0.556
1.966
0.907
3.181
0.981
0.628
0.108
0.1
0.066
0.233
0.085
0.058
0.934
0.069
0.817
0.654
0.292
0.022
0.082
0.11
0.497
0.903
0.085
0.051
0.193
0.613
0.721
1.206
0.134
0.28
0.895
0.256
0.568
0.057
0.582
0.063
0.109
0.035
1.983
0.133
1.82
1.509
1.773
0.137
1.275
0.033
0.06
0.36
1.135
1.693
1.447
0.63
0.775
3.366
0.82
0.134
1.117
0.031
0.129
0.811
0.904
0.829
0.731
0.05
0.066
1.271
0.045
0.865
0.37
1.405
0.173
0.103
1.695
2.9
0.702
2.673
0.729
0.645
0.964
0.147
2.791
1.43
1.366
0.065
0.02
0.139
1.487
0.601
1.987
1.013
2.163
0.287
0.044
0.06
1.288
3.611
0.054
0.05
0.668
1.735
0.792
2.165
0.861
2.385
0.776
2.213
0.104
2.369
0.409
0.996
0.774
0.082
0.359
0.727
0.785
0.165
0.65
0.744
0.662
0.247
0.025
1.356
0.22
0.085
0.432
0.269
1.302
1.46
0.054
0.767
1.005
0.016
1.149
2.729
0.047
1.429
0.088
0.04
0.066
0.69
2.071
0.917
0.032
0.627
1.051
0.217
1.653
0.297
0.756
0.735
1.172
0.149
0.162
0.061
0.754
1.902
0.095
0.72
1.342
1.346
0.02
2.242
0.152
1.156
0.902
1.033
0.414
0.563
0.282
1.176
0.044
0.717
1.24
1.065
2.114
0.936
0.244
0.805
0.082
1.486
0.606
1.624
1.186
0.539
0.034
0.111
0.108
0.627
1.267
0.156
0.185
1.077
0.624
1.118
1.513
0.022
2.631
1.273
1.677
0.594
0.759
0.688
0.728
0.392
0.959
0.72
2.141
0.573
0.07
1.374
0.166
0.039
0.127
0.971
0.039
0.776
0.066
0.06
1.259
0.159
0.443
0.711
2.754
1.219
0.055
0.382
1.114
0.726
2.431
0.975
0.093
0.57
1.217
1.11
0.725
0.071
1.529
0.818
1.815
1.52
1.078
0.936
0.809
0.143
0.045
0.305
0.08
1.131
0.048
0.86
2.197
1.154
0.115
0.05
0.565
1.589
1.72
0.747
3.198
1.581
0.491
3.908
1.94
0.926
2.571
0.365
1.138
1.747
0.076
3.253
0.865
0.551
0.168
0.435
1.333
0.029
1.058
0.086
1.32
4.333
0.559
0.044
0.967
0.085
1.429
1.462
0.294
0.199
3.731
0.724
0.083
2.327
0.594
2.058
1.866
0.664
0.638
1.232
0.087
0.881
0.068
0.054
0.815
0.069
1.614
1.53
1.951
0.353
0.898
1.441
0.012
2.96
1.201
0.047
0.202
1.199
0.648
0.121
2.852
0.637
1.017
0.083
0.749
0.796
0.729
0.102
0.743
0.079
0.246
0.025
0.748
1.374
0.163
0.263
2.073
0.041
0.244
0.772
1.24
0.955
0.55
0.212
0.103
0.056
0.289
1.175
0.74
0.152
0.045
1.114
0.066
0.639
0.106
0.823
0.366
0.018
2.103
1.949
1.718
0.84
0.269
0.033
0.117
0.084
0.031
1.431
0.994
0.371
0.087
0.76
0.607
0.115
0.059
0.158
2.183
0.571
2.692
0.588
1.518
4.235
2.068
0.925
0.909
0.61
1.707
0.733
0.041
0.053
1.794
1.608
0.877
0.109
0.051
0.789
1.576
0.178
0.73
1.233
1.089
0.077
0.55
1.944
3.756
0.796
0.086
2.227
1.097
0.653
0.093
0.559
0.049
0.649
0.563
0.025
0.469
2.049
0.052
0.193
1.106
0.686
0.026
0.718
0.048
0.679
1.963
2.251
0.869
0.725
0.208
0.043
0.362
0.597
1.128
0.043
0.567
1.33
0.109
1.259
0.961
2.035
0.751
0.305
1.005
0.021
0.695
0.494
2.5
0.861
0.893
0.706
0.604
2.525
1.16
0.183
0.974
0.245
0.692
2.215
0.812
0.529
0.803
1.912
0.136
0.193
0.749
2.218
0.602
0.065
0.679
0.504
0.832
1.243
0.697
0.536
0.028
0.014
0.578
0.341
0.666
1.479
0.028
1.213
0.771
0.636
0.777
2.055
0.043
0.042
0.716
0.041
2.991
1.508
0.645
0.66
0.089
1.314
0.034
0.679
0.866
0.893
0.644
0.03
0.567
0.22
0.231
1.038
1.027
0.798
1.204
1.196
0.718
0.735
1.101
1.317
0.522
0.034
0.997
0.085
0.037
0.016
0.037
1.469
0.775
2.34
2.291
1.095
0.958
0.925
0.132
1.099
0.983
0.028
0.614
2.986
0.965
0.086
0.649
0.124
0.09
0.069
0.086
0.027
0.068
0.236
0.109
2.277
0.814
0.026
0.321
0.043
0.083
0.08
0.599
0.183
0.18
1.783
0.495
0.978
0.097
0.527
0.413
1.542
0.028
0.075
0.089
0.69
0.106
0.771
0.709
1.496
2.062
1.638
0.106
1.094
0.939
0.329
0.87
0.708
2.376
0.706
0.753
1.424
0.036
0.686
0.203
0.47
0.698
0.094
0.843
2.533
1.191
0.941
0.075
0.028
0.56
1.379
1.018
0.943
0.117
0.293
0.626
0.629
0.071
0.11
0.832
0.038
1.805
0.098
0.037
0.439
0.818
1.468
1.184
0.049
0.861
0.073
0.088
0.602
0.739
0.112
0.185
1.183
0.221
0.033
0.946
2.145
2.701
0.209
0.848
0.226
0.798
0.808
1.347
0.073
1.173
1.784
0.105
0.841
0.652
0.054
0.195
0.076
2.074
1.061
0.093
0.224
0.806
3.109
0.122
1.728
0.594
0.712
0.14
0.079
0.052
1.48
0.856
0.324
1.177
0.198
0.751
0.42
0.414
0.714
3.215
0.686
0.271
2.813
4.77
0.139
0.086
0.294
0.041
1.312
1.163
0.955
0.053
0.625
0.036
0.956
0.939
0.563
0.069
1.084
0.398
0.545
1.173
0.865
0.605
3.065
0.045
0.042
0.161
0.456
0.075
0.734
0.294
0.234
0.458
0.045
0.685
0.896
0.659
0.101
0.873
0.344
0.18
0.034
0.519
5.132
0.255
0.026
1.673
1.941
0.055
1.453
0.087
0.662
0.164
2.593
0.134
0.302
0.164
0.239
0.023
2.083
0.511
0.46
0.34
1.389
3.552
1.378
0.911
0.117
0.648
0.662
0.045
0.572
1.552
0.807
0.068
1.652
0.618
0.584
1.603
0.05
0.616
0.328
0.683
0.231
1.509
1.547
0.437
0.105
0.126
0.628
0.043
0.187
0.1
0.737
0.61
2.397
0.049
0.043
0.032
0.26
1.05
1.719
1.651
4.118
0.081
0.945
2.844
1.267
2.694
2.284
0.796
1.431
0.805
0.56
0.929
0.437
1.792
0.537
0.668
0.698
0.599
0.521
0.039
1.581
0.105
0.57
1.625
0.131
0.043
0.6
0.694
1.146
2.085
0.049
0.694
0.14
0.063
1.198
0.231
1.378
3.431
1.49
0.449
1.066
0.25
0.661
0.698
0.653
0.783
0.049
1.451
0.06
0.919
0.116
0.197
0.074
0.509
0.595
0.75
0.201
0.289
0.595
0.194
0.836
0.769
0.699
0.092
2.931
0.117
0.689
2.914
0.685
0.655
1.661
0.031
0.039
0.118
2.514
0.314
0.038
2.473
0.404
1.028
0.017
0.91
0.83
1.026
0.932
0.975
0.05
0.081
0.016
0.719
2.4
1.183
0.081
2.759
0.551
0.086
0.207
2.364
1.036
1.585
0.601
0.949
0.053
0.124
0.632
2.488
0.637
2.113
0.78
0.133
0.596
0.627
0.758
0.901
0.121
0.42
0.107
2.433
0.081
0.146
0.738
0.567
0.163
0.877
0.103
1.057
0.667
2.494
0.702
0.15
1.288
5.808
2.154
0.795
0.069
0.782
2.322
0.706
0.1
1.572
0.634
0.635
0.245
0.07
0.095
1.812
0.222
0.054
1.135
1.015
0.088
0.678
0.644
0.042
0.051
0.06
2.175
2.762
0.75
1.853
0.544
0.184
0.735
1.902
0.021
0.979
3.154
1.008
0.095
0.097
0.076
0.773
0.87
1.296
0.082
0.255
0.158
0.024
0.114
0.725
0.611
0.426
0.8
1.477
0.346
0.021
0.022
0.376
0.643
0.424
0.397
0.452
0.912
0.884
0.693
1.162
0.34
0.121
0.179
0.869
0.048
0.721
2.29
0.064
0.784
0.913
1.967
1.857
0.039
1.751
2.063
1.187
0.93
3.055
0.664
0.096
1.1
1.056
0.172
0.49
0.385
0.804
0.372
1.872
0.653
0.039
0.254
1.975
0.036
0.044
0.763
0.759
1.995
2.353
4.273
0.953
0.659
0.042
0.65
0.567
0.259
1.19
1.411
0.095
0.923
1.429
0.083
0.384
0.742
0.244
1.151
0.037
0.34
0.75
1.577
0.723
0.257
0.259
0.038
0.107
0.643
1.729
0.383
0.062
0.713
0.238
0.124
0.527
0.632
0.161
0.162
0.73
0.664
1.282
1.72
0.719
2.125
0.75
0.712
0.813
0.657
0.145
0.562
0.785
0.052
0.92
0.624
0.504
0.594
1.573
1.259
1.353
0.138
0.676
1.257
1.04
0.711
1.296
0.84
0.523
1.655
0.932
1.235
1.462
0.438
1.021
0.934
1.591
0.508
0.146
1.445
0.302
0.1
0.045
0.704
2.229
1.624
0.858
0.376
0.965
1.137
1.317
0.165
0.126
0.148
1.146
0.042
1.026
0.319
2.24
0.643
2.669
0.059
2.307
0.127
1.282
3.837
3.053
0.635
0.816
0.359
0.83
1.096
0.581
0.06
1.029
0.818
0.932
0.929
0.559
1.152
0.146
0.582
1.353
1.997
0.784
0.181
0.064
2.44
0.998
0.117
0.857
0.98
0.308
0.751
1.295
0.762
0.111
1.318
0.092
1.898
0.991
1.537
2.682
0.036
0.194
0.871
2.354
0.78
0.525
1.079
0.601
0.515
0.509
0.802
0.722
0.703
0.154
1.306
0.722
1.103
0.677
0.072
0.485
0.296
0.154
0.895
0.084
2.472
0.664
0.671
1.007
0.142
2.049
0.337
1.668
1.972
0.103
0.797
3.567
2.469
0.115
0.694
0.923
0.628
1.305
0.484
0.4
0.035
0.368
0.651
0.185
0.113
0.65
0.675
0.645
1.867
0.581
1.156
0.797
0.057
0.09
0.195
1.15
0.603
0.645
1.49
1.254
1.418
0.679
1.3
0.789
0.839
0.294
0.481
0.134
0.025
0.032
0.069
1.336
1.268
1.519
0.08
0.699
0.128
0.385
0.73
0.666
0.924
1.344
0.154
0.692
0.149
1.054
0.227
0.017
0.08
0.654
0.247
0.637
0.808
0.601
0.836
0.074
0.1
1.541
1.731
0.693
0.044
0.715
1.39
2.119
0.094
0.263
1.565
0.865
1.393
0.148
0.93
0.886
0.223
0.06
0.655
0.054
0.897
0.046
0.597
0.817
1.155
0.135
0.057
1.223
0.052
0.05
0.228
0.887
0.094
0.094
1.492
1.029
0.457
1.516
0.086
0.146
0.148
0.092
0.061
0.619
0.945
0.066
0.054
0.609
0.626
1.16
0.159
0.608
0.555
0.937
1.294
0.757
0.839
0.045
0.87
1.211
0.894
3.325
0.836
0.15
0.104
0.972
0.028
0.707
0.05
2.448
1.141
0.09
0.551
0.953
0.034
1.49
1.317
1.152
0.042
0.943
0.787
0.781
0.543
1.44
0.51
1.431
1.425
0.514
0.262
1.708
1.282
0.617
0.882
0.623
0.119
0.135
1.556
0.152
0.436
0.108
1.124
1.12
0.061
0.09
0.045
1.14
2.639
0.73
0.592
0.054
0.07
0.681
3.134
0.045
1.698
1.284
0.721
0.037
0.087
1.676
0.047
1.422
1.475
3.417
0.191
0.026
0.092
2.873
2.047
1.881
0.716
0.203
0.043
1.477
0.129
0.388
0.092
0.326
0.478
0.794
0.584
0.873
0.761
1.566
0.06
0.666
2.105
0.959
0.608
0.684
3.909
0.791
0.061
0.032
0.58
0.531
0.603
0.779
1.166
1.866
0.386
0.599
0.083
1.227
0.073
1.926
0.329
0.826
1.21
0.138
0.629
0.605
0.032
0.596
0.715
0.04
0.729
0.421
0.643
0.054
0.76
0.181
1.322
0.661
1.565
0.055
1.416
0.132
2.24
0.257
0.172
0.117
1.794
0.097
0.054
0.654
0.779
0.1
0.946
0.645
0.88
1.973
0.831
1.409
1.655
0.796
0.519
0.028
0.185
1.657
0.572
1.795
0.995
0.997
0.104
1.189
0.177
0.19
0.076
0.339
1.924
0.899
1.536
0.285
0.878
0.067
0.177
0.68
3.314
0.185
2.104
0.116
0.05
0.431
0.532
0.145
0.583
0.662
0.377
0.115
0.157
0.085
0.591
0.735
0.659
0.932
0.75
0.091
0.675
0.676
0.076
0.08
0.907
0.913
2.645
0.729
0.713
0.067
0.552
1.288
0.781
0.856
2.164
0.821
2.116
0.033
0.143
1.142
0.614
0.047
1.045
0.876
1.445
0.702
0.939
0.036
0.598
0.81
0.117
0.693
0.767
0.033
0.05
0.039
0.043
0.71
0.344
0.817
0.058
1.159
1.227
1.549
1.448
0.747
0.135
0.052
0.017
0.089
0.04
2.725
0.07
0.719
0.943
2.795
0.056
0.164
0.086
0.62
0.033
0.049
1.04
4.018
0.361
0.214
1.628
0.14
0.598
2.369
0.245
0.05
0.081
1.462
1.314
0.258
0.241
0.272
1.866
2.169
1.195
0.607
0.045
0.128
0.038
0.994
1.316
0.05
0.047
0.824
0.844
0.543
0.756
1.882
1.617
0.268
0.838
1.915
0.077
1.176
1.445
3.137
0.765
0.034
4.303
1.309
1.737
0.475
0.034
1.0
0.735
0.649
0.815
1.216
1.262
1.215
0.812
0.3
0.302
0.07
1.141
0.403
0.061
0.652
1.443
2.248
0.678
1.04
2.169
0.495
0.05
0.615
0.831
0.169
0.529
1.417
1.473
1.008
0.82
0.154
0.013
0.281
0.794
0.046
0.911
0.149
0.744
0.795
0.786
0.128
0.278
0.089
0.599
0.062
1.651
0.382
0.92
0.084
0.413
0.823
1.525
0.943
0.239
2.615
0.126
0.79
0.389
0.233
1.036
0.06
0.125
0.247
0.773
2.085
0.717
0.072
1.131
0.558
0.734
0.639
0.08
0.787
0.797
0.882
0.557
0.584
0.026
1.33
1.567
0.165
1.034
1.366
0.649
1.008
0.563
0.065
0.697
0.913
1.07
0.057
1.942
0.678
0.987
1.02
0.176
0.081
0.691
0.32
0.732
1.682
0.612
0.035
0.166
0.93
1.709
0.689
0.586
1.848
0.022
0.085
1.054
0.813
0.584
0.643
0.586
0.682
0.182
0.205
0.13
0.019
0.756
0.141
0.18
0.996
0.746
1.279
2.925
0.023
0.285
0.202
0.847
1.9
0.062
3.002
0.814
0.691
0.075
2.228
0.152
0.989
0.899
0.668
0.848
1.833
0.758
0.7
0.107
1.302
0.956
0.607
0.05
0.057
1.265
0.699
0.811
0.033
0.221
1.477
0.637
0.039
0.144
0.284
0.214
0.751
0.096
0.976
0.571
0.667
0.112
0.698
0.19
0.307
2.336
0.759
0.904
0.063
0.653
0.644
0.591
4.148
1.583
0.227
0.81
0.065
0.105
0.985
0.703
1.601
0.109
0.789
0.218
0.097
0.568
0.749
0.646
1.747
0.296
0.532
0.512
0.641
0.561
2.603
1.05
0.503
0.851
0.721
0.63
0.833
1.754
3.859
1.014
0.957
1.231
0.048
0.067
0.028
3.252
0.938
0.199
2.211
0.54
0.068
2.066
0.043
0.602
0.032
4.007
0.198
0.093
0.649
0.637
0.272
0.891
0.716
0.303
0.658
0.439
2.543
0.637
1.864
1.23
0.022
1.689
1.712
2.697
0.735
1.031
1.427
0.05
0.208
0.967
0.752
0.781
0.586
0.716
0.029
0.067
2.665
0.143
0.634
0.375
1.036
0.019
0.27
0.118
0.604
0.116
1.641
1.094
0.031
0.901
0.245
0.065
0.21
0.904
1.468
2.712
0.755
0.049
1.052
1.363
0.336
0.61
0.581
0.203
0.837
0.027
3.054
0.368
0.692
0.64
0.175
0.061
1.377
0.711
0.716
0.37
1.905
1.937
0.095
0.92
1.535
0.754
0.185
2.804
0.046
0.062
1.211
0.013
1.529
1.6
0.782
0.946
0.108
0.488
0.093
2.911
0.06
0.612
0.201
0.833
0.697
1.162
0.031
0.064
1.039
0.565
0.855
1.311
0.939
1.603
0.787
0.18
0.317
0.647
0.129
2.839
0.559
0.137
0.667
0.752
0.254
0.038
0.769
0.402
0.688
1.114
0.407
1.074
0.673
1.34
0.093
0.602
0.708
0.828
0.119
0.708
1.274
0.083
1.629
0.71
0.615
0.869
0.643
0.106
0.92
1.065
0.433
3.281
1.421
0.064
0.958
0.73
0.821
0.608
0.816
0.07
0.219
1.666
0.698
0.02
0.52
3.052
0.576
0.283
0.965
0.159
0.294
1.049
1.006
0.524
0.341
0.855
0.681
0.11
0.992
0.734
0.082
0.704
0.842
1.117
1.45
0.764
0.589
0.641
1.005
0.781
1.114
0.685
0.351
0.592
0.847
1.127
0.035
0.095
0.986
0.294
0.901
0.178
1.611
0.579
0.239
0.069
0.168
0.406
0.029
0.041
0.011
0.685
0.653
0.835
1.83
2.026
1.298
1.065
2.986
0.11
1.179
0.763
0.527
0.878
0.892
0.045
0.827
0.193
0.768
0.64
0.882
1.374
2.108
0.649
3.035
0.717
1.697
0.444
0.912
0.759
0.035
0.776
0.019
0.17
2.101
2.402
0.149
3.155
1.044
0.952
0.113
1.232
0.971
1.821
1.137
0.238
0.044
0.62
0.112
1.094
2.097
0.556
3.462
0.473
0.021
0.083
0.702
1.014
0.142
0.682
0.468
0.587
0.728
1.646
0.901
1.668
1.173
0.329
0.716
1.074
0.613
0.068
0.852
2.383
0.119
0.651
0.107
0.841
1.472
2.236
0.815
1.014
0.452
0.26
0.506
1.233
0.791
0.554
0.609
2.607
1.678
0.03
0.831
0.027
0.914
1.278
0.258
0.08
0.742
0.676
0.89
0.04
1.513
0.069
0.093
1.095
0.542
0.188
1.15
0.941
0.067
1.036
0.218
0.064
0.034
1.072
0.32
2.968
0.065
0.022
0.643
0.078
1.867
0.725
1.927
0.467
0.956
0.488
2.023
1.973
0.474
0.018
0.016
0.332
0.182
0.865
1.146
0.026
1.179
1.319
1.091
1.189
1.749
0.984
0.799
1.247
0.129
0.813
1.231
0.706
0.35
2.869
0.272
0.168
0.561
0.027
0.736
0.977
0.761
0.054
0.625
0.113
0.604
0.853
0.066
0.046
0.688
1.742
0.04
0.881
0.083
0.476
0.17
1.806
0.772
0.728
0.995
1.092
1.487
0.574
1.728
0.072
0.458
0.895
0.02
1.6
1.788
0.702
0.545
0.688
1.109
3.677
0.355
0.549
0.097
0.052
0.693
0.326
0.065
0.315
1.793
0.023
0.253
0.014
0.939
0.079
2.542
1.801
0.672
0.758
0.971
0.626
0.648
1.131
0.993
0.604
0.018
0.115
1.114
0.061
1.318
0.262
0.126
0.839
0.945
0.994
0.89
0.054
0.659
0.712
0.031
1.016
0.939
0.117
0.3
0.086
0.515
0.376
0.199
1.063
0.34
0.031
3.034
0.483
0.572
0.528
1.686
1.161
1.091
0.097
1.299
4.069
0.069
0.046
0.028
0.562
0.09
0.649
0.273
0.188
0.153
0.206
1.076
0.107
0.605
0.071
0.378
0.718
0.134
0.731
0.048
0.03
0.67
0.059
0.934
1.355
1.346
1.171
2.203
1.333
0.604
0.782
1.269
0.03
0.044
1.979
0.031
0.032
0.616
1.01
0.511
0.026
0.555
0.575
0.043
0.036
0.862
1.241
1.043
1.373
0.796
0.561
1.05
1.983
1.264
0.067
0.61
0.97
0.783
0.809
0.679
3.103
1.443
1.148
0.628
0.07
0.81
0.021
0.858
0.78
0.027
0.054
1.215
1.635
0.378
0.13
0.304
0.216
0.957
0.347
0.601
0.091
0.19
0.774
0.11
1.256
0.739
0.862
1.013
0.219
0.013
0.771
0.054
0.106
2.353
2.939
0.832
1.445
0.142
1.741
0.076
0.815
0.478
0.587
0.03
0.593
0.133
0.922
0.077
1.401
0.574
0.939
0.043
1.861
0.212
0.344
0.872
0.884
0.022
0.609
0.045
0.83
1.001
0.05
0.147
1.351
0.153
1.207
0.193
1.214
0.589
6.369
1.096
1.29
0.792
0.835
0.042
0.107
3.056
1.703
0.104
0.238
0.081
1.121
0.691
1.399
1.541
0.056
1.201
0.648
0.676
0.179
0.794
0.608
0.174
0.784
0.037
0.645
0.096
1.405
0.31
0.14
2.28
1.388
0.021
0.057
1.021
0.68
0.722
1.093
1.259
1.052
0.752
0.648
0.675
0.064
0.081
0.758
0.792
1.661
0.073
2.687
0.144
2.631
1.295
0.02
0.751
0.965
0.794
0.591
0.862
0.149
0.92
0.263
0.455
0.895
0.607
0.496
0.162
0.85
0.656
0.05
0.877
0.661
0.623
0.337
0.079
6.037
0.21
1.319
0.098
0.671
0.572
0.028
1.761
0.791
1.447
0.082
0.844
0.696
1.687
0.269
0.814
0.71
1.446
0.822
0.105
0.111
0.922
0.607
0.318
0.926
0.689
0.133
0.034
0.626
0.34
0.194
0.526
0.035
0.573
0.705
1.274
0.861
0.099
1.564
0.125
0.54
0.771
0.1
0.444
0.391
0.194
2.906
2.195
0.889
0.21
0.853
1.504
0.072
0.753
0.124
0.057
1.632
0.999
0.521
0.202
0.373
0.634
0.138
1.705
1.581
0.088
0.873
1.223
0.029
2.684
0.043
0.837
1.442
1.965
0.638
1.075
0.776
0.809
0.124
0.854
0.035
1.518
0.396
0.14
0.139
0.159
1.429
0.622
0.75
0.508
0.436
1.979
0.06
1.176
0.053
0.117
0.957
0.084
2.355
0.061
2.026
0.077
0.574
0.755
2.021
0.035
0.146
1.677
0.733
0.048
0.136
0.141
0.757
0.114
0.763
0.057
0.278
0.979
0.273
0.673
0.729
0.199
0.037
1.755
2.995
0.718
0.628
0.062
0.603
0.715
0.033
0.859
0.215
1.129
0.527
0.118
0.621
0.533
0.026
0.706
0.05
4.146
2.614
0.026
0.718
0.798
0.475
1.091
2.644
0.09
0.075
0.187
0.261
1.994
0.495
0.038
0.056
0.222
1.641
1.687
0.955
1.299
1.779
0.049
0.567
1.148
0.289
1.07
1.455
0.334
1.256
0.058
2.107
1.474
0.826
0.136
0.025
0.104
0.176
0.714
1.246
3.078
0.101
0.763
0.153
0.313
0.706
0.147
0.352
0.119
0.511
0.531
0.045
0.507
1.422
0.015
0.08
0.073
0.14
1.604
0.636
1.729
0.996
0.633
0.101
0.628
1.185
0.1
1.274
1.157
0.571
1.873
1.25
0.609
1.092
0.697
0.902
0.782
0.213
1.472
0.243
0.702
1.556
0.47
1.769
0.856
0.305
0.875
0.906
1.591
3.839
2.279
1.159
0.872
0.716
0.756
0.06
0.631
0.131
1.163
0.053
0.055
0.71
0.674
2.065
0.03
1.471
1.178
1.132
0.032
3.712
0.028
0.132
0.116
0.676
1.056
0.03
0.064
1.101
0.031
1.391
0.329
1.101
0.614
1.095
0.965
0.028
1.34
0.727
1.523
0.03
0.058
0.667
1.834
0.177
0.555
0.579
0.03
0.462
2.089
0.072
0.062
0.191
0.694
0.085
0.232
0.745
0.768
0.068
0.045
0.955
0.386
0.474
0.845
0.253
1.237
0.325
0.109
0.546
0.651
1.89
0.066
0.888
0.892
0.483
0.257
0.875
2.636
0.045
0.079
2.224
2.36
0.593
0.104
1.409
0.901
0.36
0.769
0.442
0.553
2.759
2.17
0.022
0.098
0.314
0.619
0.496
0.043
1.114
2.497
0.354
1.27
0.729
0.111
0.399
0.755
0.038
1.165
0.066
0.84
0.75
1.785
0.055
0.854
0.804
0.363
0.025
3.563
1.227
0.559
3.35
1.067
0.819
0.696
0.411
0.088
0.746
2.01
0.666
1.326
0.306
0.069
2.344
2.305
0.117
0.633
0.167
1.763
2.47
1.782
0.037
1.485
1.178
1.676
0.671
0.584
0.91
0.944
1.982
0.701
0.178
0.077
1.008
0.892
0.177
0.44
1.111
0.458
0.582
0.776
0.087
0.085
0.099
0.051
1.548
0.143
0.107
1.18
3.682
0.914
0.88
2.199
0.015
0.672
0.028
0.449
0.708
0.765
0.473
0.399
0.562
3.556
0.687
0.033
1.088
0.36
0.1
0.3
0.047
0.652
2.087
0.861
1.316
0.617
1.427
1.037
0.621
0.063
0.668
0.815
0.116
0.558
1.466
2.569
1.226
0.04
0.488
0.434
0.843
0.406
0.061
0.155
0.62
1.182
0.112
0.067
1.022
0.19
0.745
0.238
1.001
0.293
0.863
2.59
1.269
4.328
0.574
0.826
0.121
2.788
0.063
1.016
0.976
0.82
2.0
0.341
0.776
1.052
0.786
1.602
0.353
0.838
1.021
1.521
3.134
0.211
0.548
0.498
0.719
0.038
0.065
0.037
0.127
0.034
1.578
1.359
1.299
0.611
0.036
0.036
0.78
0.128
0.028
0.726
2.29
0.415
1.087
0.395
1.002
0.785
0.133
0.93
0.047
0.712
2.134
0.645
1.757
0.25
0.088
1.861
0.114
0.547
0.063
3.644
0.563
0.721
0.123
1.121
0.356
0.908
0.076
0.244
0.069
0.576
0.017
1.089
0.11
1.123
2.891
0.041
0.791
0.061
1.627
1.03
0.056
0.518
0.625
0.752
0.652
0.676
1.087
0.223
0.868
0.847
0.057
0.107
0.97
0.081
0.832
0.061
0.048
0.447
0.906
0.64
0.159
0.043
0.303
1.072
2.04
1.236
0.029
0.799
0.649
0.568
0.556
2.282
0.732
0.179
1.371
0.281
0.441
1.816
0.146
0.073
0.816
1.973
1.447
1.176
2.763
0.061
0.776
0.09
1.369
1.439
0.77
0.715
0.034
0.178
0.026
1.159
0.045
0.045
1.17
0.757
0.399
0.116
0.084
1.698
2.08
0.802
3.118
0.044
0.754
1.557
1.749
2.079
0.078
0.821
1.362
0.041
0.052
1.119
2.676
0.071
1.153
1.242
0.951
0.655
0.127
0.627
1.598
0.855
0.182
0.856
1.264
0.193
0.147
0.841
0.186
0.688
0.067
0.05
1.179
0.122
0.596
1.063
0.31
0.988
1.292
0.088
1.067
0.452
2.615
0.122
0.084
1.524
1.543
0.407
0.729
1.508
0.082
0.044
1.133
0.529
0.057
0.674
0.872
0.498
2.322
0.135
1.21
0.644
0.659
0.031
0.074
3.054
0.557
0.701
1.414
0.852
3.08
0.868
0.042
0.061
2.971
1.145
0.119
0.012
0.566
0.049
0.378
0.771
0.877
1.358
0.072
0.138
0.943
0.107
0.077
0.67
0.874
0.682
0.564
0.041
2.21
0.034
0.884
1.064
0.573
0.852
0.081
0.051
0.156
0.166
0.607
1.016
0.113
0.071
0.603
0.543
0.046
3.81
0.767
0.976
0.052
0.801
2.404
1.428
2.251
1.11
0.601
0.567
0.234
1.248
1.174
0.794
1.501
0.051
0.175
4.082
0.726
0.365
0.35
0.81
1.274
0.036
1.403
1.646
0.033
0.639
0.101
0.03
0.16
0.701
3.314
0.093
0.112
0.172
0.06
0.111
3.453
0.757
1.283
0.525
0.074
0.068
1.265
1.91
0.175
0.747
0.722
0.152
0.02
1.004
0.195
0.721
4.388
0.016
2.569
0.639
0.777
0.02
1.315
0.024
0.724
3.781
0.769
0.818
0.051
2.194
0.029
0.038
0.811
0.11
0.048
1.173
0.645
0.36
0.346
1.643
0.534
1.188
0.717
0.051
0.06
0.661
0.074
0.953
0.861
0.192
0.103
2.107
0.341
0.528
1.431
0.405
1.137
0.068
0.877
0.031
1.091
1.917
0.083
0.022
0.918
0.907
1.728
1.69
1.825
0.698
0.439
0.848
0.078
0.744
0.557
0.748
2.112
1.063
0.754
0.269
0.801
0.06
0.072
0.07
0.136
0.827
0.984
1.499
0.107
0.768
0.674
0.725
0.073
1.731
1.428
0.854
0.051
0.76
0.759
2.015
0.117
0.826
1.851
0.046
0.435
0.745
0.121
2.477
0.075
0.774
2.361
0.531
1.684
1.715
0.422
0.071
0.787
0.501
0.09
1.143
0.815
0.621
0.856
2.803
0.448
0.136
0.827
0.924
0.162
0.716
0.581
0.601
0.135
3.039
4.24
0.03
0.874
0.066
1.78
0.717
0.169
1.03
0.041
0.596
0.742
0.626
0.273
0.198
0.056
0.649
0.091
0.722
0.402
0.709
0.145
0.172
0.909
0.398
0.948
2.128
0.079
1.296
0.555
1.629
0.938
2.641
0.064
0.573
0.145
0.138
1.623
0.671
0.232
0.566
1.06
0.106
0.787
0.113
0.429
0.243
0.604
0.05
0.852
1.043
0.102
0.924
0.044
0.67
0.073
0.225
0.104
1.119
0.969
0.137
0.285
0.514
1.034
0.7
1.429
1.712
0.065
0.927
2.047
0.685
0.332
0.193
0.032
1.086
0.686
1.197
0.882
1.368
0.839
0.057
0.669
0.254
0.046
1.771
0.603
0.873
0.843
1.137
0.212
0.874
1.631
0.217
0.378
0.917
1.242
0.092
1.056
3.036
0.824
0.061
1.534
0.036
0.428
0.68
0.555
0.797
1.106
0.14
0.048
0.113
0.892
0.025
1.663
1.151
0.874
0.043
1.797
0.497
0.281
0.788
0.575
0.847
2.956
0.39
1.32
0.038
0.058
0.736
0.25
0.08
0.2
2.539
1.513
1.553
0.106
0.09
1.212
0.022
0.677
0.134
2.718
0.087
0.061
0.686
1.362
0.883
0.859
0.215
0.284
1.743
0.436
0.094
1.647
2.646
0.405
0.067
0.582
0.863
0.309
1.091
0.059
1.209
2.673
0.883
0.105
0.148
0.221
1.761
0.09
0.301
0.548
0.316
0.023
1.063
1.573
2.796
0.989
0.343
0.099
0.07
0.735
1.111
0.749
0.912
1.221
0.736
3.332
1.577
0.746
2.467
0.033
1.298
0.023
0.151
0.046
0.17
1.579
4.545
0.694
0.462
0.592
0.64
0.694
1.134
0.105
0.697
0.022
0.587
0.987
1.099
1.031
0.539
0.568
0.786
0.299
1.337
1.146
2.378
0.151
0.044
0.89
2.324
0.099
0.704
0.567
0.645
0.617
1.405
0.874
0.112
1.237
1.541
0.126
0.226
0.097
1.608
0.732
0.909
1.243
0.02
1.058
0.162
0.825
0.774
1.36
0.808
0.067
1.632
0.039
1.483
0.046
0.94
1.712
1.982
0.676
0.703
0.675
0.298
0.729
0.083
2.395
0.122
1.23
0.254
1.051
0.994
1.254
0.11
0.834
0.298
0.731
0.688
1.515
0.063
0.947
0.183
0.408
0.065
0.06
0.025
0.651
0.992
0.358
0.88
0.043
0.078
0.508
0.851
0.163
1.448
3.813
0.051
0.008
1.797
0.087
0.624
0.084
0.922
0.902
0.424
0.889
0.043
0.663
0.681
0.881
0.267
0.392
0.068
0.156
1.032
0.637
0.139
0.721
0.998
1.046
0.674
0.529
0.643
0.91
1.807
0.903
0.537
1.334
2.706
1.002
0.795
0.732
0.029
0.031
0.978
0.042
0.073
0.978
1.289
0.125
0.639
0.1
0.403
1.737
0.09
1.47
0.035
0.55
0.783
0.282
0.578
0.663
0.048
0.142
0.923
1.487
0.148
0.23
0.733
1.905
2.095
0.841
0.645
1.608
0.707
0.409
1.184
0.062
0.029
0.102
0.656
0.647
0.749
0.163
0.451
0.075
0.637
0.113
0.747
0.187
1.928
0.265
0.85
0.414
1.145
0.941
0.198
1.746
0.441
0.753
0.241
0.192
0.769
0.041
1.832
0.305
2.389
1.787
0.815
0.072
0.735
0.854
0.747
0.64
2.308
2.027
0.14
0.095
2.678
2.607
0.907
2.598
1.278
2.168
0.623
0.678
2.517
0.393
0.041
1.089
0.035
0.03
0.963
0.127
1.997
2.263
2.011
1.055
0.812
0.061
0.918
0.869
0.367
0.091
0.704
0.057
1.488
0.661
0.367
0.958
0.092
0.828
1.363
0.071
0.816
0.07
2.005
0.015
1.538
0.033
1.914
1.076
0.023
1.246
0.044
0.94
0.656
1.521
2.219
0.062
1.616
0.034
0.45
0.684
0.317
0.952
1.372
1.199
0.672
0.028
4.022
1.034
0.056
0.175
0.298
0.905
1.198
0.351
0.396
0.151
0.091
0.039
0.553
0.877
0.762
0.541
1.111
0.266
3.845
1.516
0.062
0.875
0.6
2.678
0.895
0.505
0.996
0.517
0.507
0.054
1.745
0.723
0.037
0.768
0.136
0.169
1.093
0.929
1.253
1.178
0.659
0.518
0.868
0.974
0.053
0.085
0.072
0.613
0.03
0.15
2.114
0.582
0.946
1.557
1.408
0.547
0.827
0.774
0.731
3.93
1.63
1.081
0.65
1.652
0.837
0.938
0.868
0.034
0.746
3.449
0.9
1.164
0.572
0.69
0.601
1.858
3.423
1.568
1.567
0.446
0.165
0.1
0.06
0.918
0.056
0.593
0.034
1.335
0.078
0.922
0.078
0.662
1.417
0.171
0.026
0.598
0.598
1.181
0.069
0.672
0.658
0.278
0.719
0.344
3.398
0.068
0.135
1.121
0.093
1.317
2.333
1.174
1.096
0.677
3.636
1.142
0.098
0.154
1.111
0.726
0.036
0.822
0.03
0.114
0.057
0.46
0.22
0.198
0.831
0.106
0.847
0.893
0.096
1.369
0.078
2.754
1.047
0.834
0.017
1.621
1.533
0.588
0.101
1.512
0.049
0.82
0.071
0.681
1.444
0.691
0.072
0.035
0.3
0.403
0.611
1.03
0.024
0.043
1.136
0.968
0.847
0.151
3.99
1.919
0.538
0.599
0.085
1.893
0.09
0.029
1.401
0.864
0.654
1.126
0.095
5.861
0.765
0.071
2.522
0.793
1.492
0.758
0.114
0.722
0.612
2.207
1.717
0.169
0.085
0.604
0.371
0.61
0.585
1.685
0.219
0.078
0.115
2.542
1.241
0.671
2.561
0.016
0.831
0.588
0.294
0.049
0.84
0.149
0.072
0.99
0.664
0.569
0.938
0.364
1.238
3.141
1.305
0.027
2.494
0.744
0.64
0.032
0.84
1.129
0.669
0.074
0.052
0.774
0.427
0.769
1.601
0.663
0.042
0.706
0.079
0.038
1.026
2.025
0.801
0.356
2.469
0.062
0.572
0.484
0.719
1.312
0.048
0.155
0.671
2.437
0.445
0.058
1.378
0.922
0.016
1.554
0.581
0.859
0.76
0.034
0.649
0.923
0.598
0.067
0.35
1.995
1.313
0.255
0.587
0.188
0.632
0.477
1.756
1.152
0.175
0.916
1.981
0.608
0.068
1.126
0.24
0.719
0.324
0.053
0.691
0.717
0.826
1.144
0.089
0.903
0.053
1.003
0.036
0.088
0.069
2.339
0.844
0.94
1.465
1.241
0.051
0.086
0.615
0.022
2.898
1.893
0.805
0.188
0.65
0.585
0.291
0.839
0.693
2.308
0.685
0.495
1.25
0.55
0.786
0.765
0.037
1.161
0.642
0.577
0.289
0.897
0.626
1.71
0.113
0.037
3.432
0.719
2.066
0.82
0.136
0.094
0.864
0.424
0.154
1.032
2.0
0.06
1.462
0.571
0.628
0.171
1.32
0.659
0.746
0.96
3.05
0.106
1.906
0.044
0.038
0.84
0.26
0.744
0.189
0.605
1.761
0.014
1.886
0.352
1.322
0.588
0.108
0.73
0.712
0.671
0.021
0.771
0.022
0.301
0.05
0.686
0.759
0.047
0.036
0.108
0.141
1.571
2.243
0.315
0.851
1.347
0.034
0.049
0.438
0.379
0.684
0.285
0.125
0.016
1.908
0.044
0.481
0.047
0.631
0.685
0.811
0.594
1.352
0.247
0.065
0.496
1.736
0.236
0.087
1.029
0.705
0.047
0.3
0.18
0.074
1.019
0.041
1.179
0.925
0.072
4.162
0.192
0.14
0.451
0.724
1.574
2.489
0.06
0.841
1.716
1.5
0.868
0.727
0.142
0.943
0.046
0.854
2.23
0.146
1.054
0.081
0.536
0.905
0.072
1.537
0.084
2.374
1.192
0.627
0.726
0.487
0.073
0.024
0.034
0.246
0.556
0.179
1.364
1.112
1.092
1.641
0.938
0.836
0.027
0.724
1.706
0.855
0.063
0.462
0.659
0.084
0.855
1.292
0.095
1.651
2.229
0.023
0.849
0.259
1.28
0.791
0.048
0.619
3.655
1.623
0.048
0.035
1.021
0.792
0.095
0.709
0.09
0.59
0.172
0.841
0.869
0.078
0.039
1.512
0.163
0.507
2.63
0.696
0.603
0.214
0.864
0.579
0.755
0.105
1.505
0.094
1.312
0.837
0.668
2.378
0.023
0.683
0.746
0.18
0.695
0.103
0.828
2.442
0.944
0.672
0.309
0.58
3.63
0.441
0.82
0.134
0.126
1.457
1.013
0.606
0.625
0.22
1.612
0.453
0.841
1.119
0.325
0.979
0.479
0.048
1.752
0.792
0.945
2.623
0.202
0.307
3.01
0.898
0.786
0.087
0.88
0.054
0.753
0.323
0.024
0.028
1.366
0.543
2.652
0.897
0.071
1.713
0.041
0.938
0.111
0.981
0.324
0.799
0.189
0.237
0.045
0.582
0.633
0.243
0.02
0.07
1.22
1.335
0.246
0.145
0.235
0.409
1.074
2.315
1.402
0.081
0.016
0.205
0.549
0.594
0.203
0.724
0.349
0.123
0.07
0.394
0.224
0.533
0.178
0.887
0.563
0.525
1.183
0.977
0.491
0.076
0.962
0.746
0.084
1.265
1.007
0.187
0.037
0.421
1.325
0.32
0.033
0.836
0.029
1.075
1.772
0.547
0.295
1.241
0.727
0.643
1.046
1.521
0.65
0.8
0.773
0.326
0.515
0.526
0.92
0.06
0.391
0.03
0.859
0.135
0.968
0.173
1.248
1.739
0.063
0.042
0.698
0.819
0.826
0.056
2.268
0.303
2.434
0.044
0.081
0.037
0.389
0.409
0.598
1.349
0.049
0.019
0.893
0.946
0.104
0.768
0.52
0.416
2.242
0.185
0.885
1.617
0.254
0.07
0.86
0.227
1.719
2.767
1.908
0.519
2.235
0.217
1.057
5.36
0.04
0.177
0.053
1.595
0.674
0.072
0.849
1.413
1.229
0.023
0.181
0.782
0.084
0.615
1.447
0.671
1.089
0.226
0.089
0.345
1.294
0.549
0.026
0.616
0.088
0.125
1.715
1.667
0.811
0.033
0.296
0.376
0.646
6.428
0.064
0.202
0.912
0.962
0.274
0.601
1.732
0.21
0.131
1.695
0.055
0.774
0.924
0.897
0.933
0.748
2.956
1.089
0.12
1.611
0.023
0.167
1.983
0.122
0.87
0.868
1.786
0.077
0.577
0.18
0.128
0.562
0.096
0.062
0.184
0.758
0.868
0.16
0.604
1.896
0.02
0.042
0.613
0.765
1.454
0.231
0.676
0.031
0.072
0.586
1.596
0.082
0.723
1.288
0.019
0.918
0.867
3.209
0.742
0.176
2.814
0.635
0.111
0.707
0.036
0.736
0.08
0.066
0.119
0.764
0.135
0.528
0.045
0.106
0.044
0.057
1.021
1.802
0.112
0.044
0.798
0.19
0.821
1.191
0.175
0.488
1.043
3.501
0.65
0.647
0.676
0.765
0.896
1.088
0.617
0.078
0.083
0.041
1.291
0.238
0.987
1.162
0.652
0.623
1.485
1.388
0.482
0.616
0.619
0.119
0.973
0.121
0.438
0.62
1.406
1.63
0.035
0.1
0.123
2.016
0.291
0.761
3.374
0.613
0.03
0.306
0.153
0.182
0.83
0.077
0.834
0.097
0.936
0.75
2.218
1.868
1.227
0.933
0.188
0.411
0.63
0.123
1.037
1.248
1.063
0.071
1.565
0.942
2.644
0.518
0.038
0.284
1.245
0.191
0.793
0.617
0.038
0.75
1.173
0.029
0.684
1.19
0.151
0.295
0.526
1.225
0.264
0.617
0.787
0.067
1.127
0.966
0.923
0.718
3.061
0.832
0.492
0.045
0.03
0.666
1.926
1.239
0.218
2.505
2.036
2.601
0.313
0.097
0.075
0.019
0.679
0.742
0.302
0.089
0.689
0.886
3.096
0.882
0.876
0.508
0.585
0.88
0.099
0.068
0.586
0.056
0.019
0.602
0.626
0.1
0.082
0.215
0.718
0.23
0.038
0.543
0.218
0.174
3.042
0.664
2.274
0.098
0.607
1.528
0.61
0.898
0.139
1.256
0.057
0.72
1.092
0.774
0.064
0.105
0.073
0.551
0.937
0.637
0.548
0.679
0.962
0.716
0.9
0.162
0.776
0.916
0.061
0.07
0.079
0.664
4.282
3.818
0.566
0.791
0.255
0.091
0.729
0.058
0.28
0.467
2.054
1.092
0.065
0.516
0.847
0.069
1.561
1.664
0.06
1.304
1.038
0.073
3.016
0.101
0.07
0.867
0.307
0.06
4.014
0.38
1.064
0.056
0.769
0.561
0.139
1.525
1.403
0.577
1.292
0.124
0.6
0.444
0.072
0.784
0.669
0.107
0.337
0.971
0.905
1.012
0.635
0.186
0.044
0.282
0.099
0.74
1.887
0.081
1.574
0.621
2.821
0.624
1.411
0.044
0.069
1.798
1.308
1.114
1.829
0.08
0.998
2.202
0.914
2.237
0.725
0.057
0.025
1.353
0.57
0.625
1.248
0.829
0.325
1.789
0.376
0.281
0.197
1.178
0.731
0.581
0.199
0.604
0.091
0.043
0.21
0.069
0.355
0.136
0.698
0.721
0.075
2.199
0.607
1.338
0.028
0.065
0.216
0.616
0.16
0.223
0.734
0.678
0.121
1.001
0.88
1.234
1.263
2.105
0.141
0.123
0.179
1.317
0.055
0.036
0.046
1.1
1.29
0.208
0.717
0.132
0.168
0.944
1.057
2.768
0.373
0.806
0.811
1.702
0.869
0.039
1.348
0.734
0.028
0.065
0.726
0.064
0.684
0.732
0.489
0.311
0.06
1.8
0.926
0.775
0.545
0.256
1.392
0.144
0.562
1.08
0.699
0.388
0.204
0.515
0.667
0.635
1.929
0.619
0.606
0.322
0.042
0.832
0.045
0.145
1.446
0.708
1.494
0.101
1.074
0.955
0.221
0.277
1.29
0.129
1.905
0.071
0.278
3.129
1.356
0.736
0.088
0.064
0.859
2.116
1.381
0.195
1.109
1.493
1.294
0.064
0.089
0.895
3.533
0.341
0.066
0.025
1.111
0.603
0.354
0.797
0.75
5.001
1.085
0.317
1.054
0.026
1.342
1.816
0.172
0.037
0.982
1.044
0.251
0.129
0.899
0.243
1.701
0.068
0.532
0.041
0.163
0.543
0.189
0.113
1.446
1.1
0.216
0.188
0.245
0.359
2.552
0.671
1.119
0.063
1.335
1.35
0.136
0.099
1.4
0.501
1.543
0.144
0.599
0.045
0.894
0.828
0.248
1.686
0.551
0.093
0.103
0.045
0.237
0.868
0.148
0.957
1.359
0.177
0.825
1.425
0.019
0.6
1.476
0.653
0.696
0.217
0.019
1.68
0.589
1.046
0.644
0.868
1.223
2.351
0.066
0.043
0.55
0.777
0.861
1.505
1.594
0.031
2.215
1.329
0.719
0.516
0.109
0.092
0.648
0.44
0.217
1.082
0.883
1.619
0.044
2.408
0.262
0.836
0.072
0.556
1.14
1.222
0.959
0.665
1.123
0.557
2.159
0.246
1.649
0.785
0.747
0.263
0.996
0.571
1.536
0.561
0.139
0.952
1.371
0.657
0.036
2.161
0.062
0.038
0.106
1.652
2.029
0.74
2.205
0.809
0.034
1.145
0.699
0.762
0.695
0.576
0.435
2.816
0.498
0.058
0.419
0.164
1.496
0.813
1.12
1.591
0.13
2.197
1.648
0.784
0.123
0.229
0.955
0.087
2.613
0.047
0.635
0.566
0.019
0.139
0.113
1.649
1.441
1.418
0.708
0.028
0.219
3.119
0.058
0.03
1.182
0.364
0.093
1.16
0.046
0.301
0.269
0.68
0.264
0.044
1.855
0.101
0.564
0.144
0.719
0.271
0.258
0.788
0.073
1.979
0.034
0.056
0.677
1.572
0.129
0.361
0.075
3.4
0.531
0.363
0.86
0.663
0.135
0.606
0.233
0.595
1.425
1.343
1.529
0.044
0.117
0.312
0.269
1.044
0.59
0.055
0.042
0.053
0.074
0.142
1.236
0.091
0.077
0.213
0.051
0.594
0.079
0.082
0.026
1.527
0.684
1.402
0.059
1.927
0.892
2.292
1.047
0.491
0.032
1.284
1.688
0.04
0.358
0.132
0.026
1.088
0.793
0.598
1.204
0.295
0.854
0.126
0.594
1.161
2.447
0.567
1.254
0.596
0.897
0.635
0.686
1.44
2.443
0.072
1.141
0.615
0.328
0.733
0.044
0.64
0.608
0.609
0.168
0.379
0.773
1.48
0.639
0.044
0.075
0.502
0.647
0.766
1.451
0.231
0.815
0.611
1.937
2.328
0.592
0.168
0.069
3.278
0.221
0.049
0.766
0.113
2.261
0.5
1.162
0.73
0.268
0.115
0.707
1.096
0.768
0.547
1.079
0.096
0.74
0.415
1.989
0.69
0.983
0.961
0.032
0.915
0.057
0.739
0.501
0.743
0.751
1.652
1.021
0.134
1.378
1.327
0.499
0.58
0.778
1.682
0.864
0.048
0.242
0.597
1.089
1.764
0.03
0.208
0.952
0.07
0.038
0.539
0.612
0.198
0.035
0.225
0.535
0.77
0.931
0.084
0.06
0.025
0.58
0.262
0.012
1.249
0.173
0.146
0.077
0.083
0.029
0.559
0.276
2.664
2.225
0.715
0.052
1.101
0.096
0.761
0.266
0.045
0.167
0.642
1.052
1.071
1.5
0.706
0.679
0.076
0.594
0.978
0.206
0.649
1.04
3.459
1.115
0.902
0.224
3.216
0.502
1.844
0.621
0.044
0.042
0.264
0.933
1.861
1.102
0.659
0.037
2.425
3.199
0.75
3.239
0.76
0.859
0.364
1.105
0.488
0.921
1.046
0.036
0.084
0.703
0.64
1.872
0.414
0.74
0.691
0.114
0.654
0.111
0.71
0.765
0.9
0.11
0.169
0.652
1.229
0.49
0.74
0.529
0.639
0.845
0.06
0.061
0.852
0.119
0.709
0.205
0.068
0.02
0.283
1.59
0.093
1.032
0.688
0.297
0.036
0.725
0.962
0.217
0.615
0.047
0.708
0.026
0.646
0.772
0.679
0.066
2.717
0.106
1.151
0.182
0.654
0.104
1.191
0.125
0.62
0.044
0.154
0.224
2.146
1.339
0.77
0.06
0.864
0.298
1.014
2.337
0.237
0.378
1.236
0.084
0.651
0.975
0.107
0.034
0.037
0.778
0.461
1.53
0.552
0.713
0.482
0.918
0.075
0.503
0.012
0.773
0.803
0.611
0.113
0.04
0.977
0.703
1.023
3.133
0.798
0.295
0.146
0.201
0.784
0.355
5.035
0.708
0.09
0.747
0.585
0.146
1.463
0.565
0.082
0.724
2.159
1.598
0.822
1.667
2.909
0.715
0.84
2.242
0.793
0.737
1.714
0.041
0.958
1.937
0.171
2.38
1.908
0.377
0.097
0.077
2.832
0.771
0.229
0.398
1.019
0.041
1.141
0.96
2.059
0.047
0.064
0.033
0.099
0.627
0.866
0.078
1.284
0.723
0.447
0.541
0.132
0.638
0.819
0.641
0.039
1.95
2.488
0.771
0.023
0.664
0.015
0.18
0.738
0.042
0.582
1.341
0.727
2.933
1.436
0.617
0.896
0.182
0.387
0.066
0.069
1.826
1.553
0.074
1.068
0.165
0.135
0.239
0.891
0.11
1.273
3.389
0.32
0.072
0.045
0.213
0.616
0.052
0.038
0.717
1.354
0.581
1.153
1.963
0.898
1.538
1.125
0.203
0.068
3.328
1.064
1.449
0.041
0.066
0.044
1.516
1.339
0.982
0.545
2.387
0.053
0.023
0.1
2.063
1.002
0.105
1.044
0.671
0.068
0.027
1.204
0.074
0.749
0.623
0.684
0.886
0.025
2.331
0.549
0.788
1.727
0.184
0.388
0.532
0.299
0.14
0.198
2.172
0.367
0.986
0.164
0.752
0.853
0.754
0.013
2.332
0.602
0.057
0.049
0.725
0.588
0.109
0.245
0.638
0.025
0.827
0.047
0.969
0.022
3.279
1.712
0.09
0.462
2.027
0.635
0.714
0.618
1.079
0.157
0.14
0.609
1.857
4.008
0.55
0.162
0.268
0.311
1.522
0.424
0.06
0.694
3.05
1.862
1.037
0.584
1.199
1.465
0.055
1.203
1.029
1.739
0.667
0.271
1.328
1.588
1.933
0.816
1.927
0.08
0.669
0.945
0.704
0.999
1.39
2.338
0.635
0.616
0.03
0.869
0.09
0.453
0.645
0.638
0.811
1.255
0.829
1.07
0.257
0.066
0.041
0.766
0.076
0.3
0.203
0.584
0.074
0.573
0.117
1.784
0.103
0.275
0.808
1.282
0.813
0.185
0.025
1.555
0.021
0.204
0.164
0.034
0.032
1.009
0.157
0.034
0.048
1.414
2.808
1.01
0.257
0.108
1.03
0.25
1.135
0.857
0.04
0.224
0.181
2.114
0.253
0.13
0.015
0.081
0.033
0.072
0.041
1.046
0.08
1.769
0.661
2.997
0.96
1.763
2.278
0.575
0.719
0.028
0.493
0.881
0.135
1.41
1.651
1.369
1.175
0.275
2.317
0.065
0.735
0.983
1.284
0.395
0.857
0.074
0.239
0.608
0.077
0.167
0.264
1.007
1.541
0.183
0.061
1.377
2.047
1.065
2.061
0.398
0.083
0.408
0.237
0.116
1.146
0.441
0.053
1.278
0.058
0.572
1.422
0.097
0.071
0.073
0.138
1.158
1.334
1.787
0.109
0.649
1.139
0.688
0.025
0.893
2.252
0.05
0.738
0.067
0.845
0.722
1.274
0.891
1.803
1.185
2.562
0.011
2.217
0.124
0.036
1.695
0.043
0.048
0.816
0.792
1.145
1.7
0.03
0.706
0.727
0.318
1.091
0.999
0.079
0.465
0.825
0.027
0.776
0.079
1.127
0.04
0.062
1.223
0.035
0.257
0.85
0.35
0.027
1.484
0.107
0.162
0.05
2.932
2.714
0.753
0.999
0.568
0.815
0.632
0.27
0.584
0.812
0.869
0.19
0.054
0.811
0.022
1.254
0.11
0.695
0.738
0.068
0.846
0.02
0.09
0.24
0.737
0.94
0.721
2.034
0.274
0.661
0.013
0.022
0.657
0.275
0.048
0.971
0.947
0.071
0.481
0.124
1.223
0.192
0.822
3.751
0.054
0.361
0.459
2.079
0.726
0.022
0.097
0.344
0.042
0.137
0.596
0.852
3.331
1.06
0.026
1.356
0.204
0.065
1.37
0.045
1.053
1.365
1.05
1.852
0.118
0.932
0.017
1.545
1.76
1.058
2.624
1.004
0.378
1.27
0.054
0.033
1.615
0.046
0.717
0.697
0.131
0.229
0.974
0.737
0.017
0.337
0.809
0.014
1.543
1.005
0.04
2.402
1.338
1.42
1.171
0.039
0.234
0.935
0.701
0.914
0.815
0.76
0.062
0.587
1.816
0.076
0.118
0.09
0.64
0.806
0.155
1.075
0.693
2.823
1.913
0.39
0.766
0.082
1.158
1.061
0.13
1.312
1.43
0.85
1.681
2.604
2.865
1.026
0.317
0.314
0.04
0.963
0.064
0.292
0.574
0.999
0.051
0.758
3.461
0.8
0.524
0.993
0.813
0.058
0.809
1.035
0.717
1.851
0.652
0.941
0.08
0.862
0.024
0.667
1.844
0.326
0.3
0.146
0.514
0.258
0.026
0.851
2.634
0.622
0.844
1.741
1.0
0.895
1.055
0.082
2.632
0.067
0.758
0.893
1.914
0.988
0.073
0.076
0.073
0.273
1.568
0.077
1.141
0.624
0.24
0.06
0.999
1.512
1.509
1.083
0.817
0.962
0.112
1.246
1.291
0.322
0.87
0.533
1.708
0.862
0.984
1.321
0.706
0.052
0.824
0.945
0.227
0.066
0.228
0.517
1.334
0.691
0.08
1.797
0.801
0.089
6.64
0.14
0.041
0.933
2.157
0.756
0.607
2.021
1.722
0.194
0.658
0.75
0.035
0.091
0.038
0.07
0.831
0.936
0.812
2.063
3.73
0.15
0.069
0.923
1.155
0.234
0.97
1.057
0.921
1.589
0.045
0.057
0.94
0.025
1.452
0.085
0.948
1.195
0.074
0.57
0.125
1.612
0.497
0.533
0.649
0.911
0.596
1.022
0.725
0.06
0.067
0.851
0.028
0.934
0.338
0.5
2.938
0.149
0.599
0.487
0.799
0.68
0.021
0.024
0.823
0.018
0.851
0.993
0.022
1.238
1.818
0.035
0.936
0.502
0.154
0.853
4.04
0.755
0.202
0.959
0.773
0.029
2.622
0.082
0.885
0.091
0.054
1.104
0.847
0.078
0.037
1.743
0.097
0.095
1.142
0.972
0.501
1.156
0.256
0.061
0.091
1.11
0.628
1.577
0.308
0.509
0.087
0.655
0.052
5.676
0.068
0.991
0.102
1.143
0.619
0.752
0.053
0.504
0.091
1.786
0.296
0.021
0.901
0.633
0.234
0.415
0.752
0.886
0.795
1.369
0.353
1.039
0.09
0.746
0.158
0.817
0.209
0.863
1.301
0.034
1.23
0.907
0.797
0.019
1.486
1.037
3.046
1.579
0.172
2.142
1.277
1.361
0.166
0.929
0.723
0.033
0.671
0.191
0.87
1.248
0.378
0.616
1.813
0.723
0.355
0.034
0.162
1.238
1.015
1.321
0.775
0.639
0.075
0.81
0.098
0.483
1.155
0.039
1.266
0.931
0.714
0.358
2.325
0.176
0.881
1.296
0.092
0.815
0.64
1.793
0.829
0.65
0.874
0.024
1.039
0.611
1.379
0.1
0.072
0.085
0.7
1.729
1.51
0.039
2.045
0.183
0.577
2.968
2.25
0.109
0.087
0.757
1.429
1.685
0.125
1.401
0.048
0.166
0.807
0.505
0.748
0.73
0.067
1.109
1.047
0.265
0.798
0.15
1.472
0.623
0.789
1.079
0.321
0.893
2.034
1.693
0.148
0.16
0.03
1.77
0.128
1.022
0.505
0.27
0.119
0.252
0.93
1.215
0.852
0.901
1.144
0.608
0.04
0.56
1.048
0.486
1.333
0.912
0.151
1.023
0.067
0.07
0.82
0.638
0.758
0.06
0.688
0.141
1.2
0.329
0.233
0.131
0.148
0.044
0.057
1.077
2.256
0.067
0.849
0.854
1.489
0.103
2.374
3.204
0.083
0.056
1.261
0.457
1.168
1.949
0.04
0.039
0.042
2.042
0.048
0.528
0.945
1.197
0.663
0.722
1.234
0.424
0.869
0.833
0.615
0.199
0.964
0.597
0.031
1.765
0.593
0.289
0.077
0.698
0.033
0.97
0.078
0.051
0.157
0.099
1.009
1.919
0.136
0.112
1.101
0.03
1.854
3.017
1.774
0.962
1.25
1.839
0.059
0.853
0.852
1.34
0.705
0.874
0.133
0.097
0.803
0.115
0.954
1.505
0.064
0.037
2.762
0.632
0.048
0.042
0.742
0.1
0.848
1.107
0.129
0.89
1.392
0.054
0.717
1.013
1.058
0.934
1.337
0.775
1.155
0.926
1.156
0.244
0.129
0.756
1.66
0.07
0.63
3.867
2.254
0.78
0.095
0.871
3.289
1.11
0.411
0.314
0.05
1.071
0.138
0.723
1.225
1.59
0.655
0.976
1.218
0.612
0.984
3.039
0.903
1.123
1.25
1.659
2.264
0.197
0.912
0.698
0.116
1.582
0.934
1.133
3.222
0.133
0.715
3.185
0.138
0.137
1.046
0.886
0.054
0.582
0.049
0.908
0.57
2.487
1.031
0.588
0.483
0.803
1.877
0.213
0.234
0.044
0.813
0.067
0.616
1.098
0.332
0.753
0.751
0.5
1.991
0.064
0.035
0.64
0.217
0.168
0.21
0.53
1.287
1.439
0.508
0.8
0.123
0.556
0.06
0.057
0.561
0.942
0.105
0.137
0.839
0.271
0.056
3.042
1.899
1.66
1.196
0.611
1.174
0.776
0.094
1.583
0.65
1.194
2.425
0.066
0.177
0.302
0.107
0.241
1.332
1.889
0.183
0.038
0.259
0.03
1.07
0.07
0.798
0.048
1.305
3.052
0.128
3.589
0.902
1.043
0.233
0.365
0.552
0.991
0.068
1.428
0.084
0.043
0.33
0.687
0.766
0.439
1.551
0.766
0.032
0.05
1.691
1.376
0.522
2.088
0.517
0.121
0.114
0.057
0.275
0.257
0.034
0.025
0.33
0.228
0.355
0.14
0.377
0.686
1.339
0.024
1.797
0.602
0.049
1.41
0.818
1.078
0.155
0.531
0.019
0.483
0.042
0.162
0.287
0.922
1.317
1.259
1.868
1.37
0.051
0.32
0.104
0.509
0.245
0.134
0.663
0.05
1.261
2.468
0.386
1.589
1.32
0.553
0.536
0.85
1.465
2.475
4.581
3.069
2.026
2.146
2.78
0.308
1.146
0.133
0.51
0.099
1.3
0.028
0.687
0.04
0.126
0.032
0.158
1.388
0.572
0.317
0.274
1.216
0.057
0.662
0.206
0.277
0.808
5.143
0.183
0.1
0.735
0.082
0.076
0.277
0.044
0.109
0.41
1.554
1.189
0.247
0.098
0.416
0.647
1.855
0.17
0.53
0.105
1.016
0.096
0.852
1.039
0.031
0.671
1.8
1.526
0.027
0.138
0.219
0.663
0.319
0.064
0.618
0.704
1.102
0.611
0.026
0.447
0.236
0.063
1.004
0.678
0.691
0.844
0.82
0.051
1.129
1.837
1.214
0.505
0.72
0.903
0.039
1.058
0.783
0.797
0.56
0.772
0.252
0.12
2.87
3.667
0.812
0.496
0.712
0.523
0.16
3.239
0.731
0.685
1.683
0.084
2.095
0.232
0.712
0.239
1.077
0.192
0.538
0.074
1.498
0.548
0.077
0.042
0.057
0.327
0.683
0.122
1.996
1.443
0.096
0.146
0.243
0.031
1.214
2.992
0.593
1.265
1.963
0.043
0.503
0.662
1.234
0.067
0.041
1.375
2.385
1.131
0.741
0.097
1.971
1.162
0.052
0.83
0.085
0.103
0.204
1.504
0.284
2.958
0.224
0.059
0.903
0.049
1.854
0.138
1.886
1.6
1.186
0.162
0.028
0.858
0.63
0.595
0.729
0.096
0.814
0.048
0.795
0.05
0.699
0.227
0.803
0.713
0.229
0.143
0.078
0.036
1.053
0.218
1.447
0.234
1.046
1.262
0.254
0.081
0.649
0.695
0.04
0.193
0.799
0.061
0.561
0.044
1.16
1.304
0.287
1.538
0.06
0.658
0.952
0.2
0.767
1.598
0.102
0.516
0.763
3.18
0.601
0.084
0.058
0.637
0.798
0.554
0.391
0.048
0.836
0.75
0.127
0.638
0.478
0.219
0.049
0.024
1.92
0.169
1.141
0.627
0.624
0.042
0.163
0.672
1.106
0.039
0.212
0.497
0.07
0.658
0.319
3.046
0.669
0.75
2.91
2.417
0.26
0.132
2.766
1.145
0.42
0.166
0.174
0.293
0.667
2.572
0.072
0.919
1.755
0.875
0.324
0.273
0.36
0.38
0.112
0.212
1.774
0.767
0.028
0.025
0.241
0.181
1.467
0.255
0.151
1.617
0.741
1.662
0.229
0.853
0.33
0.107
0.561
0.879
0.236
0.616
0.845
1.187
0.781
2.149
4.453
0.042
0.17
0.514
4.081
0.08
0.87
0.636
1.267
2.508
0.651
1.254
0.691
0.028
0.917
0.878
0.017
2.693
1.483
0.298
0.636
0.197
0.76
1.166
0.621
0.796
0.7
1.104
0.419
0.652
0.951
0.766
0.779
0.024
0.142
0.861
0.182
3.762
0.19
1.142
0.831
1.352
0.584
0.941
0.076
1.035
0.724
0.643
1.457
0.596
0.767
1.081
0.741
0.952
1.66
0.295
0.037
0.034
0.673
1.849
0.506
1.111
0.809
0.067
0.075
0.081
0.278
0.664
0.812
0.724
0.084
1.024
0.119
0.04
0.887
0.969
1.141
0.09
1.929
0.392
0.768
0.097
0.569
0.89
0.334
0.344
0.374
2.244
1.23
2.115
0.471
0.153
0.567
0.64
0.722
1.028
0.026
1.185
2.061
2.082
0.64
1.679
0.124
0.681
0.759
0.975
0.747
0.345
1.767
1.438
1.563
2.535
0.556
1.397
1.021
1.603
1.855
0.058
0.259
0.074
1.826
0.739
2.547
0.484
0.873
0.648
0.186
0.597
0.233
1.548
2.704
0.027
0.05
0.572
0.275
0.111
0.888
0.059
0.329
0.136
0.75
1.15
0.091
0.118
1.568
0.802
0.949
0.152
0.766
1.948
0.617
0.178
1.207
0.755
1.642
0.156
0.102
0.049
0.528
0.781
0.572
1.855
3.597
0.808
0.033
0.102
0.613
0.076
0.27
1.109
0.19
0.197
1.688
0.075
0.049
0.492
1.795
1.802
1.063
0.718
0.103
0.15
0.176
2.481
0.91
0.307
2.195
0.657
1.728
0.065
0.437
0.97
0.712
1.767
0.283
0.142
2.179
1.015
1.364
0.668
1.294
0.203
0.69
0.858
0.566
0.823
1.621
0.02
0.813
0.027
0.446
0.032
2.612
1.41
0.274
0.018
0.088
3.125
0.596
0.056
0.175
0.691
0.193
0.559
0.941
0.784
0.059
1.745
0.364
1.09
1.017
0.146
1.637
0.044
0.682
0.072
2.132
0.036
0.838
1.001
0.586
0.968
0.917
0.074
0.038
0.802
1.141
1.583
0.097
0.149
0.111
0.872
1.203
0.136
0.53
0.139
0.865
0.771
0.08
2.251
1.497
2.605
0.733
0.568
0.085
0.136
0.84
0.025
0.073
0.875
0.193
0.047
0.642
1.737
0.029
1.126
0.225
0.787
2.378
1.026
0.862
1.147
0.136
1.021
0.445
6.618
0.155
0.08
0.053
1.03
0.082
0.039
1.661
0.054
0.099
0.269
0.61
0.505
0.038
0.983
0.634
0.431
1.802
1.792
1.023
0.045
0.097
0.024
1.0
0.783
0.925
0.832
1.913
2.204
0.086
1.555
0.969
1.196
0.097
0.055
0.162
0.188
0.766
1.492
0.105
2.928
0.023
0.047
0.037
0.805
0.857
1.751
3.259
1.457
0.892
0.063
0.077
1.012
0.126
0.786
0.063
0.378
0.279
0.06
0.063
0.054
1.655
1.056
0.339
0.821
0.778
0.631
0.604
0.881
0.276
0.969
0.046
1.249
1.158
2.902
1.164
0.043
0.774
0.031
1.156
1.98
0.061
0.792
1.695
0.037
2.059
2.192
0.104
0.482
1.857
0.592
0.599
1.16
0.4
0.892
0.818
2.173
0.036
0.121
0.886
1.244
0.051
0.659
0.162
0.2
0.577
1.89
0.576
0.946
0.579
2.305
0.149
0.916
1.729
0.132
0.754
1.757
0.723
0.766
0.257
0.616
0.992
0.433
1.067
2.525
0.291
1.099
1.682
1.631
1.389
0.145
1.053
0.871
1.498
1.358
1.216
0.717
1.163
0.818
0.252
0.666
0.718
0.138
0.671
0.353
0.546
0.717
0.335
1.735
0.768
1.825
1.2
0.554
1.146
0.189
1.541
0.055
0.06
0.161
0.097
0.816
0.189
0.898
0.125
1.209
1.736
0.038
0.967
0.652
0.991
0.038
1.031
0.196
1.97
0.886
2.135
0.642
1.84
0.03
0.057
0.092
0.658
0.685
0.028
0.259
1.003
0.217
1.46
0.64
0.837
0.804
0.372
1.169
0.804
0.651
0.076
0.148
0.092
1.546
1.754
0.038
0.077
0.312
0.618
1.027
0.832
0.283
0.079
1.53
1.373
0.151
0.048
0.262
0.344
1.333
1.072
0.776
0.13
0.705
0.861
1.649
0.616
0.906
1.116
1.377
1.546
0.332
0.066
0.996
1.838
0.029
0.305
0.178
0.045
0.046
1.282
0.057
1.197
0.259
0.74
0.62
1.991
1.297
0.87
0.038
0.729
0.045
0.195
0.784
0.021
1.123
1.989
0.917
2.131
0.648
0.101
0.089
1.065
0.921
1.733
3.307
0.052
0.465
0.302
0.437
0.054
0.82
0.766
1.576
0.036
0.417
0.7
2.672
0.099
0.048
0.902
0.08
1.939
0.073
0.118
0.086
0.806
0.722
0.86
0.191
1.098
0.665
2.603
1.306
0.14
1.238
1.053
0.665
1.037
0.876
0.313
0.983
0.856
1.925
1.69
0.04
0.982
1.285
0.027
2.881
2.116
0.138
0.947
0.25
0.844
1.925
0.668
2.84
2.78
0.218
1.417
0.308
0.124
1.253
0.677
0.18
0.029
2.217
0.542
0.591
0.744
4.667
0.354
0.293
0.2
1.957
0.685
0.047
0.09
0.053
2.745
0.108
0.164
0.879
0.725
2.491
1.002
1.972
0.027
0.022
0.07
0.151
0.953
0.175
0.103
0.812
0.288
1.263
0.927
0.097
0.725
0.053
0.067
0.727
1.075
0.046
0.088
0.94
0.258
1.964
0.134
1.141
0.042
1.048
0.847
0.196
0.794
1.54
1.036
0.045
0.816
0.021
0.091
0.671
0.69
0.969
1.583
0.597
3.941
0.292
0.93
1.107
0.142
0.495
4.416
0.052
0.56
0.464
0.365
0.593
1.189
1.319
0.274
0.386
0.029
0.565
0.077
1.427
0.543
0.621
0.378
0.075
0.564
0.052
0.619
0.415
0.863
0.099
3.833
0.428
0.134
0.108
0.523
1.073
0.068
0.93
0.745
1.16
0.141
0.123
0.068
0.685
2.433
0.035
0.89
0.02
0.14
0.063
0.095
0.169
0.032
0.159
0.022
1.062
1.438
0.739
0.959
0.98
1.45
0.13
0.048
0.032
2.385
0.741
0.032
2.187
2.674
0.505
2.348
1.079
0.196
0.187
1.594
1.489
0.145
2.0
0.186
0.898
1.136
1.223
0.565
0.754
0.25
0.179
0.032
1.183
0.613
0.053
0.237
0.67
2.705
0.76
0.878
1.707
1.081
0.897
0.148
0.372
1.623
0.398
0.94
0.728
0.293
0.621
0.785
0.581
0.676
0.699
1.639
0.611
0.079
1.487
1.475
0.914
0.537
0.065
0.119
0.87
0.96
0.063
0.451
0.468
0.4
0.02
0.715
0.975
0.51
1.232
0.042
0.7
0.765
0.027
2.179
0.668
0.742
0.027
0.106
1.435
0.37
1.968
0.037
0.118
0.04
0.997
0.292
0.613
0.282
1.858
1.106
0.346
0.023
0.135
0.128
0.178
0.659
0.059
0.057
0.13
2.022
1.208
0.042
0.155
0.187
0.046
0.12
0.554
0.041
0.931
0.074
0.114
4.77
1.024
1.008
0.957
0.049
0.523
0.131
0.769
1.054
0.688
0.06
0.112
1.357
0.039
0.264
1.704
0.049
0.298
0.883
1.6
1.529
1.499
0.24
1.023
0.611
1.489
1.092
0.692
0.745
1.49
0.051
0.566
0.104
1.066
0.062
0.795
0.381
0.734
0.991
0.631
0.689
1.924
0.651
0.668
1.485
0.585
0.167
0.845
1.248
0.476
1.364
0.638
1.246
0.268
0.148
0.055
0.8
0.965
1.275
0.042
0.085
1.705
0.908
0.12
1.297
0.108
0.971
0.217
0.464
2.017
0.122
0.075
2.927
0.914
1.906
0.036
0.047
0.457
1.028
0.213
0.327
0.086
1.301
1.317
0.743
0.054
0.171
0.979
0.171
0.591
1.089
0.036
0.836
1.213
0.062
1.311
0.378
0.076
0.308
0.993
0.53
0.066
0.047
0.211
0.462
0.098
0.817
0.233
0.675
1.982
1.156
0.06
2.296
0.026
0.562
0.128
0.275
0.341
0.676
0.182
1.816
0.067
0.397
0.017
0.278
1.34
0.121
0.271
1.33
0.215
0.581
3.538
4.747
1.888
0.713
1.373
0.027
0.631
0.063
0.135
0.38
0.653
0.68
0.353
1.79
0.086
0.974
1.486
1.133
2.251
0.029
0.066
1.98
1.16
0.677
0.92
1.045
0.017
0.819
0.761
0.679
0.032
0.049
1.825
0.042
0.188
0.419
0.046
0.051
1.048
0.711
0.519
0.697
4.165
0.206
0.035
0.04
0.768
2.053
0.096
1.015
2.469
0.033
0.042
0.665
0.012
0.775
0.109
1.0
1.116
1.048
1.161
0.878
1.465
0.448
0.873
0.638
0.098
0.163
0.719
1.413
0.297
1.338
0.075
0.833
0.659
0.079
0.87
0.042
0.093
2.754
0.947
0.098
1.098
0.505
0.054
0.029
0.794
0.161
0.702
1.672
0.073
0.096
1.95
0.121
0.916
0.159
0.03
1.717
0.343
0.04
0.76
1.202
0.585
0.904
0.031
0.646
0.297
0.028
0.641
0.647
3.645
1.121
0.397
0.835
0.174
1.291
0.056
0.769
1.105
1.189
1.334
0.62
0.733
0.885
0.183
0.798
0.075
0.845
1.082
2.72
0.725
0.393
0.935
0.935
0.648
0.629
0.899
1.296
1.238
0.065
0.567
0.375
0.073
1.955
1.484
2.104
0.662
2.011
0.195
2.71
0.078
2.205
0.693
1.617
0.066
0.038
0.097
1.05
0.551
0.111
8.727
0.251
0.771
0.87
0.245
0.392
3.082
0.904
0.965
1.838
1.602
0.028
0.017
0.224
0.738
0.706
1.351
1.556
0.587
0.952
0.085
0.03
0.051
1.404
0.666
0.754
0.67
0.886
0.261
0.101
1.359
0.847
0.951
0.062
0.631
0.03
0.109
0.63
0.654
0.036
2.675
1.649
0.507
0.186
0.134
0.813
0.57
0.013
0.827
0.057
0.075
0.74
0.765
0.03
1.36
0.026
0.243
0.712
0.091
0.033
0.345
0.023
0.08
0.025
0.093
0.979
0.172
0.082
1.787
0.929
2.219
0.048
0.576
0.492
0.664
0.417
0.038
0.109
0.087
0.018
0.866
0.037
0.096
0.634
0.051
1.024
0.064
0.037
0.162
1.544
0.497
1.298
0.037
0.691
0.2
1.606
0.137
0.121
0.596
1.421
1.938
0.05
1.215
0.028
1.6
0.776
0.817
1.31
0.083
1.6
0.046
1.997
0.02
0.176
0.127
0.028
0.037
0.932
0.898
0.983
0.558
3.106
4.22
0.282
0.667
0.881
0.698
0.174
1.093
0.814
1.185
0.206
1.048
0.663
1.43
0.666
0.979
0.76
0.066
0.992
0.078
0.325
0.982
0.194
0.087
0.088
0.398
0.81
0.482
0.813
0.497
0.617
0.649
0.78
0.761
0.946
1.372
0.068
1.245
0.02
1.394
0.906
1.229
1.804
0.063
0.61
0.974
0.704
0.048
0.362
0.025
0.396
0.02
0.75
1.717
0.032
0.665
1.117
1.833
0.077
0.029
0.773
0.463
1.57
0.135
0.54
2.634
0.238
3.293
0.643
1.536
1.248
0.059
0.16
2.88
1.057
0.583
1.0
1.262
0.077
6.78
2.407
0.295
0.581
0.514
0.969
0.059
1.415
0.783
0.077
0.863
0.043
0.598
0.608
0.744
0.373
0.239
1.692
1.111
1.186
4.576
1.017
0.089
1.826
0.301
0.087
0.832
0.051
0.059
0.191
0.056
0.041
0.062
3.441
0.95
0.529
0.164
0.489
0.568
1.623
0.14
0.071
0.05
0.73
4.19
0.49
0.772
0.621
0.821
0.226
0.052
0.819
0.058
1.126
0.095
0.865
0.033
0.101
3.445
1.415
0.886
0.347
0.831
0.08
0.569
0.038
0.801
0.099
0.695
1.146
1.202
0.516
0.202
0.867
0.609
1.738
0.709
0.876
1.564
0.102
0.36
0.571
0.114
0.028
2.956
1.589
0.441
1.575
0.029
0.801
0.042
0.042
0.035
1.595
0.049
0.325
1.043
2.555
1.157
0.058
0.101
0.117
0.712
2.143
1.63
0.086
2.796
0.704
0.836
0.092
0.027
0.552
0.922
0.024
0.728
1.553
0.046
0.799
2.025
0.958
0.03
2.342
2.01
0.309
0.131
1.698
1.012
0.051
0.814
1.454
1.538
0.839
0.022
2.354
4.23
0.751
0.659
0.937
0.164
0.081
0.1
0.619
0.412
0.016
1.224
1.785
1.698
2.244
0.826
0.305
0.634
0.414
0.065
2.562
2.194
1.017
0.256
1.253
0.542
1.814
0.427
0.078
0.042
2.418
0.019
1.173
1.483
0.922
0.033
0.118
0.557
0.827
1.695
0.161
0.854
1.576
0.046
3.003
1.651
2.466
0.896
0.06
0.561
0.743
0.727
0.036
0.177
0.53
0.746
0.884
0.64
1.074
0.329
1.944
0.114
0.029
1.157
0.093
0.654
0.16
0.024
0.981
1.029
0.665
2.36
0.077
3.358
0.124
1.544
0.077
0.038
1.121
0.035
4.37
0.056
0.076
0.114
0.093
0.321
0.034
0.92
0.037
0.043
1.979
0.697
0.642
0.114
2.033
0.034
0.607
0.701
0.058
2.737
1.933
0.148
0.048
1.318
0.182
0.549
0.565
0.77
0.244
1.131
0.117
1.155
0.048
1.602
1.031
1.336
1.188
0.729
0.715
1.254
1.396
1.941
1.803
1.239
0.259
0.172
2.576
0.039
3.379
1.363
0.659
0.321
1.464
0.117
2.246
0.267
1.036
0.044
0.529
0.347
0.607
0.721
1.294
1.854
0.666
0.017
0.897
0.094
0.295
0.562
2.003
1.041
0.253
1.605
1.516
0.941
0.75
0.654
0.564
1.003
0.955
0.875
0.06
0.029
0.808
0.184
0.077
0.079
0.18
0.294
2.944
0.531
0.874
0.67
0.75
0.839
0.096
0.351
0.113
0.067
0.18
0.097
0.093
0.585
1.211
1.38
0.718
0.215
2.469
0.052
0.063
0.285
0.569
1.113
0.054
0.797
0.826
2.567
0.059
0.405
0.328
2.293
0.245
0.351
0.078
0.239
0.789
0.683
0.045
0.962
2.213
0.618
0.052
0.083
0.053
0.222
0.757
0.024
1.039
1.164
0.869
1.435
0.154
0.064
0.535
1.595
2.624
0.11
0.023
0.036
0.617
0.092
0.23
0.36
0.147
0.397
1.259
0.943
0.519
0.066
0.802
0.238
0.027
0.012
0.02
0.137
0.918
0.734
1.327
2.481
1.201
1.154
1.405
1.989
0.355
0.029
0.632
0.064
0.528
0.209
0.053
0.538
0.075
2.141
0.106
0.416
2.463
0.156
0.859
0.14
3.074
1.622
0.631
2.696
0.064
0.86
1.878
0.984
0.549
0.531
2.951
1.012
1.289
0.047
2.257
1.224
0.774
2.682
0.679
0.185
0.827
2.625
0.571
1.126
0.933
2.673
0.138
0.308
0.123
0.596
0.974
1.486
0.954
0.079
0.925
0.751
1.867
0.042
0.85
0.475
0.725
1.247
0.085
0.35
0.746
3.045
0.691
0.732
0.554
0.074
0.876
2.035
0.203
0.775
0.081
0.673
0.023
0.068
0.709
0.841
1.723
0.082
0.484
0.775
3.207
1.198
1.759
0.193
2.079
0.622
0.168
0.023
3.75
0.432
0.121
0.275
0.042
0.522
0.961
0.789
0.594
2.322
0.638
1.836
0.04
0.757
1.663
0.095
0.505
0.696
0.64
0.037
0.452
1.0
1.387
0.042
0.844
1.221
0.71
0.262
1.48
0.671
0.074
1.316
0.693
0.135
0.922
1.58
2.548
0.179
1.926
0.716
1.075
0.557
0.924
1.492
0.755
2.407
1.042
1.215
0.887
2.22
0.041
0.681
1.83
1.497
1.221
0.77
0.069
0.988
0.968
0.107
0.018
0.208
0.755
0.716
0.087
0.016
0.832
0.623
0.02
1.302
2.34
0.968
0.782
0.697
1.54
0.03
3.067
0.199
0.584
0.785
1.131
0.102
0.565
0.899
1.295
0.86
0.738
0.634
0.012
0.034
0.87
0.906
1.043
0.049
0.951
0.547
0.926
0.645
1.204
0.924
0.109
0.854
1.02
0.17
0.176
0.863
0.875
1.854
0.25
0.121
0.675
0.028
0.229
3.626
0.483
1.402
1.334
0.56
1.265
0.561
0.727
0.029
0.83
0.057
1.553
2.421
0.161
0.074
1.492
0.052
0.746
0.064
0.364
0.77
0.051
2.159
0.099
0.212
0.214
1.131
0.376
0.069
0.044
0.358
1.715
2.288
0.928
0.125
0.222
0.444
1.029
1.861
3.512
1.145
0.531
0.896
1.554
2.185
0.975
1.29
0.139
0.131
0.061
1.776
0.069
0.05
0.215
0.861
0.989
0.625
0.664
0.034
0.672
0.85
0.027
0.768
1.455
0.33
0.801
1.232
0.914
2.112
1.085
0.161
0.272
0.209
1.456
0.04
0.695
0.726
0.82
0.767
1.262
0.055
1.23
0.044
0.517
0.074
1.928
0.942
0.019
1.686
0.184
0.475
0.082
0.015
0.071
0.111
0.53
1.258
0.719
0.04
1.18
1.245
1.173
0.087
0.026
0.159
0.183
0.191
0.64
1.152
0.053
1.296
3.864
1.31
1.005
1.507
0.047
0.952
0.631
0.239
0.702
0.534
1.835
1.26
1.464
0.686
0.322
0.632
0.768
0.189
1.165
0.303
0.083
0.239
0.841
0.604
0.913
0.654
0.134
0.636
0.96
0.873
0.044
0.13
1.351
0.74
0.031
0.057
1.679
0.184
0.022
0.948
0.189
0.871
0.667
0.7
0.858
0.745
0.646
0.088
0.018
0.652
0.058
0.081
1.007
0.055
0.856
0.246
1.114
0.18
0.532
0.809
0.285
0.419
0.94
0.069
0.61
0.522
0.048
0.272
1.209
0.084
0.132
1.199
1.847
0.095
1.365
0.309
0.039
0.782
1.095
0.323
0.697
0.612
2.2
1.009
0.09
0.036
1.583
0.08
3.475
0.021
1.685
0.923
0.191
0.739
0.993
0.198
0.517
0.606
1.094
1.2
1.363
0.509
0.031
0.582
0.726
0.583
1.432
0.187
1.275
1.512
0.714
1.092
1.006
0.821
0.017
0.302
0.629
0.44
1.311
0.315
0.856
0.995
0.171
0.026
0.324
0.02
0.664
0.051
0.092
0.793
0.199
0.961
0.179
1.472
0.063
0.359
1.917
1.074
2.659
0.155
0.174
1.874
0.903
0.72
0.541
0.758
0.937
0.111
0.677
0.866
0.666
0.759
0.716
0.04
1.402
0.05
1.073
0.631
0.668
1.068
0.417
0.798
0.247
0.624
0.876
0.146
4.013
1.777
2.461
0.749
0.087
0.118
0.266
0.185
1.355
0.028
0.106
0.816
0.113
0.698
0.27
0.309
2.189
0.05
1.455
0.707
0.141
0.764
1.834
1.197
0.275
1.03
0.422
0.746
0.722
0.043
0.536
0.083
0.09
0.729
0.633
0.733
1.026
1.448
1.522
0.918
0.041
0.988
0.624
1.02
0.078
0.711
0.923
0.381
0.235
1.096
0.069
0.127
1.333
0.036
0.502
1.068
1.352
0.068
1.49
0.628
0.073
0.744
1.107
0.956
0.331
0.911
0.426
2.696
1.051
0.048
0.162
0.1
0.622
0.5
0.029
0.846
0.041
0.652
0.286
1.279
0.105
0.195
0.626
3.318
0.154
0.733
0.354
0.675
0.122
0.173
0.563
0.127
0.956
0.034
0.058
0.566
1.408
0.028
0.154
1.115
1.924
0.758
0.796
0.583
0.652
0.648
0.064
0.272
0.786
0.078
0.028
3.363
0.48
0.889
0.752
1.729
1.866
0.163
0.123
0.053
0.659
0.596
0.789
0.867
1.439
1.33
0.848
0.791
0.627
0.491
0.684
0.034
1.142
2.029
0.155
0.045
0.06
0.035
0.053
0.125
0.886
0.133
1.876
0.589
0.607
0.03
0.858
2.604
1.381
0.02
0.595
0.071
0.365
0.08
1.863
0.598
0.307
1.243
0.623
0.152
0.865
1.581
0.306
0.11
0.785
0.274
1.391
0.85
0.093
0.864
0.105
0.779
1.088
0.065
0.181
0.699
0.543
1.45
1.718
0.867
1.86
0.151
0.479
0.082
0.132
0.371
0.688
2.319
0.694
2.538
0.154
0.805
0.189
0.155
0.918
0.071
0.742
1.171
1.77
0.581
1.144
1.326
1.564
0.626
0.975
0.655
0.738
0.957
0.026
0.07
0.643
0.604
0.212
0.031
0.234
0.177
0.044
0.053
0.821
0.385
0.039
4.425
0.079
0.614
0.674
0.989
2.181
0.691
0.329
0.053
0.11
0.693
0.082
0.346
0.854
1.026
0.582
1.114
0.701
0.621
0.906
0.619
0.37
1.805
0.654
1.094
0.046
1.056
0.052
1.197
3.051
1.426
1.951
1.656
0.038
1.968
0.131
0.077
0.114
2.537
0.705
0.777
0.099
3.611
1.889
0.053
1.267
0.131
0.078
1.027
0.02
0.266
0.339
0.785
0.825
0.131
0.128
0.589
1.072
2.534
0.028
0.114
0.794
0.167
0.691
0.408
1.584
0.095
0.325
0.808
0.795
1.478
0.791
0.229
0.014
1.205
0.069
0.713
0.133
1.29
0.777
0.186
0.024
0.344
0.584
1.982
1.114
1.209
0.12
2.834
0.193
0.026
0.094
0.691
0.946
0.662
0.708
0.61
0.055
0.733
0.686
0.085
1.72
1.542
0.211
0.329
1.258
0.793
0.244
0.922
0.577
3.85
0.546
0.049
1.276
0.569
0.055
1.422
0.664
0.22
2.632
2.343
2.297
0.721
2.654
0.295
2.652
0.774
0.233
0.239
1.694
0.09
0.763
1.174
0.03
0.89
0.782
0.042
0.047
1.018
1.272
0.081
0.042
0.419
0.132
1.171
0.098
0.642
0.631
0.661
0.761
0.172
0.652
0.317
0.12
1.077
0.088
0.919
0.166
2.215
0.095
0.606
1.212
0.282
0.042
0.06
0.279
1.805
0.362
0.276
1.043
1.649
0.209
0.613
0.692
1.044
0.137
2.272
0.761
1.074
0.78
0.648
3.958
0.037
0.578
0.199
0.047
1.706
0.035
1.722
0.437
0.675
0.768
0.064
4.922
1.576
0.747
1.684
3.557
0.087
0.156
0.82
1.138
1.032
2.905
0.036
0.732
0.054
0.208
0.194
0.081
0.036
0.287
0.762
0.628
0.34
0.027
0.886
0.633
0.246
2.005
0.317
0.993
0.349
0.939
0.064
0.752
0.478
2.482
0.64
3.538
1.54
0.771
1.733
0.032
0.057
1.139
0.051
1.28
1.06
0.23
1.488
0.107
0.062
0.026
0.069
1.367
0.612
2.622
0.771
1.274
0.296
1.553
0.084
0.473
0.587
0.868
1.43
2.057
2.034
0.055
0.882
0.121
0.098
1.675
0.488
0.238
0.065
0.409
0.039
0.086
1.443
0.835
0.017
0.29
1.906
0.78
0.586
0.583
1.12
0.779
0.393
0.252
0.196
0.415
0.662
0.923
0.024
0.662
1.563
0.728
0.088
0.793
2.091
0.346
0.715
0.016
2.02
1.081
0.767
0.057
0.945
0.663
1.107
1.282
0.695
0.657
0.014
2.41
0.028
0.577
2.002
1.139
1.386
1.637
0.785
1.066
0.682
1.345
0.627
0.084
1.607
1.085
0.632
0.449
0.374
1.708
0.035
0.081
0.608
0.801
1.901
0.741
0.911
0.051
2.419
0.05
0.694
0.626
1.795
1.1
0.04
0.752
0.913
1.597
1.042
0.991
1.156
1.704
0.019
0.666
0.048
0.125
0.582
0.42
0.104
0.161
0.051
0.871
0.247
0.069
0.609
0.028
0.751
0.895
0.207
0.015
1.156
0.226
0.059
1.082
0.711
0.172
0.528
1.268
0.066
0.894
0.218
1.442
0.182
0.04
2.49
0.349
0.545
0.046
0.05
1.37
2.43
1.315
0.929
0.391
0.67
0.532
1.506
0.027
1.085
0.804
0.186
0.645
0.096
3.292
2.016
1.649
1.695
0.075
0.082
0.027
0.538
0.885
1.184
2.138
0.143
0.786
0.061
0.605
1.365
0.182
0.691
0.019
0.672
0.267
1.798
1.545
1.124
1.867
0.511
0.085
0.942
0.022
1.03
0.973
0.041
2.236
0.12
2.737
0.031
2.082
0.71
1.775
0.393
1.102
0.026
0.067
0.125
0.087
0.389
0.947
1.742
1.671
0.138
0.298
0.405
1.64
0.503
0.142
0.975
0.213
0.584
0.722
0.567
0.058
0.032
0.863
0.638
1.481
1.396
2.697
0.063
0.08
0.054
0.658
0.939
0.712
0.125
0.846
0.054
0.131
2.028
0.105
0.154
0.062
0.054
0.421
0.133
2.113
1.167
0.098
1.718
0.023
0.043
0.847
0.954
0.125
0.101
0.931
1.987
1.461
0.79
1.992
1.361
0.07
0.709
1.093
0.568
0.205
0.788
0.572
3.718
0.615
1.324
0.838
1.346
0.838
0.609
0.552
0.713
1.411
0.92
0.766
2.062
0.985
2.976
1.884
1.391
0.746
1.128
0.197
0.795
1.071
0.919
0.2
0.238
1.894
0.508
0.034
2.726
0.019
0.069
0.204
1.436
1.525
1.895
1.532
0.533
0.082
0.608
0.601
0.543
0.047
0.178
0.537
0.769
0.02
0.147
0.632
1.891
2.377
0.047
0.892
1.817
1.036
1.513
0.454
0.08
0.035
0.948
0.306
0.945
0.112
1.241
0.68
0.137
0.631
0.045
1.053
0.16
1.544
0.048
0.03
0.075
4.1
0.053
4.806
0.635
0.92
0.124
3.039
1.016
0.157
1.013
0.029
0.184
0.284
1.32
1.961
0.136
0.596
0.173
2.93
0.999
0.017
1.064
0.826
0.698
0.037
0.131
0.136
0.046
0.06
1.791
1.251
0.846
0.023
0.034
1.006
0.115
0.858
1.264
0.649
0.259
0.239
0.603
1.071
2.777
0.757
0.024
0.138
0.743
0.563
3.872
0.424
0.097
0.394
0.07
0.872
0.867
0.033
1.408
1.591
0.549
0.258
0.154
0.104
0.043
0.194
0.079
1.049
0.39
0.5
0.596
0.201
0.734
0.185
0.06
0.047
0.986
0.237
0.099
2.395
0.05
0.638
1.996
0.13
0.735
0.069
0.915
1.023
0.026
3.111
0.046
0.135
0.095
1.432
1.288
0.043
1.856
0.646
2.496
1.231
1.345
0.032
1.371
0.15
1.231
0.025
1.42
0.162
1.422
2.51
0.984
0.062
2.163
1.934
0.772
0.287
0.321
0.472
0.661
0.043
1.202
0.328
0.18
1.297
1.66
0.963
0.608
0.577
1.145
0.497
1.411
0.718
1.958
1.053
0.374
0.033
1.105
1.001
0.317
0.05
0.224
0.793
0.102
0.835
0.831
0.887
1.092
0.049
0.014
1.537
0.422
0.908
0.722
0.483
0.895
0.042
0.107
0.482
0.03
0.172
0.186
0.227
0.791
1.921
1.348
0.428
1.174
0.039
0.816
0.887
0.136
0.715
1.597
0.866
0.079
0.157
0.13
1.983
0.651
0.869
1.392
0.59
1.42
1.764
1.085
3.545
0.051
0.804
0.791
0.089
1.689
2.237
1.468
0.153
0.646
0.17
1.059
0.648
0.782
0.179
0.1
0.237
0.795
1.441
0.889
0.792
0.276
0.031
2.725
0.035
0.592
0.021
2.108
0.234
1.226
0.075
0.128
0.147
0.65
1.668
0.401
0.23
0.052
0.377
1.019
0.957
0.216
2.81
0.715
1.038
1.104
0.95
0.025
0.915
0.728
0.574
0.052
0.019
0.02
0.484
0.845
0.337
1.101
0.853
0.523
0.023
0.021
1.337
0.961
0.355
0.886
0.11
0.625
1.034
2.121
0.137
1.693
0.074
0.11
0.613
0.738
0.705
0.01
0.02
0.68
0.164
0.924
0.622
1.575
0.023
1.479
0.878
0.33
0.068
0.087
2.822
0.898
0.038
0.296
0.505
0.06
0.044
0.794
2.223
0.758
0.028
0.38
0.801
3.04
0.119
0.821
0.609
0.894
0.335
0.12
0.6
0.262
1.0
0.046
0.83
0.115
0.75
0.044
0.035
0.744
0.63
1.171
0.251
0.021
1.807
0.913
0.943
0.09
0.697
0.105
0.757
0.335
0.785
0.091
0.039
3.154
0.045
0.11
0.403
0.122
0.832
1.076
0.145
0.189
0.069
0.64
1.399
0.755
0.038
0.115
0.028
0.803
0.493
0.165
0.266
0.197
1.422
0.568
0.033
0.618
0.278
0.554
0.113
0.031
0.205
0.792
1.488
0.114
0.775
0.912
0.151
0.777
0.066
0.115
0.833
0.728
0.066
3.513
0.137
0.046
0.102
0.532
0.617
0.564
0.09
0.768
0.658
0.038
0.105
0.083
0.257
1.026
0.14
0.055
0.029
0.882
1.083
0.448
0.684
0.807
0.594
0.041
1.935
0.346
0.607
0.201
0.954
0.648
0.91
0.328
0.04
0.12
1.077
0.213
2.312
1.521
1.409
1.413
0.027
0.272
0.803
0.084
1.554
0.948
1.084
1.495
1.232
0.131
0.855
1.007
1.739
2.456
0.594
0.149
0.906
0.075
0.027
0.638
1.512
0.517
0.246
0.788
0.063
1.931
1.7
0.118
0.633
1.239
0.601
0.593
0.254
1.297
0.45
1.658
0.048
0.039
1.263
0.69
0.54
1.17
0.766
0.06
0.171
0.02
0.288
1.903
0.941
0.594
1.688
0.683
0.091
0.56
0.014
0.09
1.225
1.052
0.746
0.831
0.632
1.195
0.063
2.598
0.661
3.714
0.057
1.314
0.017
0.768
1.46
2.338
1.01
0.74
0.071
0.217
0.121
0.016
0.379
0.828
0.947
0.74
0.066
0.071
0.559
0.746
0.024
1.162
1.763
0.846
1.194
0.671
0.62
0.552
0.553
0.78
0.121
1.014
1.307
0.179
0.093
0.896
0.158
0.196
1.429
0.083
1.144
1.128
0.053
0.153
2.881
0.022
0.044
0.393
0.088
0.149
0.052
0.615
0.033
0.882
1.862
0.651
0.603
1.64
0.018
0.9
0.079
0.409
0.396
0.232
0.636
0.036
0.865
0.058
0.664
0.098
0.258
0.541
0.466
0.075
0.081
0.813
1.13
0.563
0.761
0.372
0.967
0.07
0.279
1.237
0.587
0.187
2.655
0.601
0.829
1.142
0.692
0.052
0.87
0.038
0.981
0.103
0.048
0.685
0.579
1.003
0.605
0.436
1.936
0.118
0.026
0.042
0.061
0.781
2.186
0.839
0.378
0.743
1.078
0.762
0.041
0.084
1.344
3.798
0.927
0.053
2.28
0.074
0.056
1.782
0.813
0.61
0.325
0.377
0.226
1.927
1.997
2.556
0.656
1.143
2.483
0.101
0.653
0.336
0.796
0.897
2.612
0.018
0.543
0.861
0.129
0.948
0.026
0.587
0.091
0.155
0.028
0.034
0.109
0.616
0.767
0.612
0.533
1.221
0.617
1.679
0.853
0.057
0.22
1.495
0.102
0.56
0.094
0.85
0.623
0.541
0.503
1.4
0.044
0.238
1.39
0.026
0.086
0.656
0.034
0.093
1.746
0.066
0.148
0.03
0.09
0.028
0.561
1.017
0.048
0.791
1.473
2.073
0.106
4.435
0.801
0.057
1.002
2.303
0.017
0.637
1.623
0.556
0.099
0.203
0.994
0.026
0.073
0.034
0.342
0.076
1.911
0.701
0.062
1.145
0.105
0.194
0.806
0.243
0.844
0.093
0.541
0.111
0.094
0.038
0.558
0.075
1.58
0.723
1.035
0.038
0.172
1.411
0.438
0.632
1.358
1.69
0.049
1.318
0.088
2.166
1.411
0.725
1.418
0.689
0.23
0.576
0.752
0.209
0.57
0.522
3.203
0.371
0.035
1.745
2.635
1.738
0.828
0.929
0.79
0.068
1.024
1.115
0.131
0.627
0.065
0.755
0.971
0.092
0.029
0.807
2.348
1.235
0.028
1.785
0.084
0.046
0.677
0.085
1.083
0.16
0.166
0.733
0.59
0.068
0.033
0.06
0.177
0.766
0.796
1.14
1.668
0.72
1.268
1.856
0.726
0.779
0.787
1.949
0.608
2.624
0.048
2.432
1.337
2.116
1.142
0.043
0.356
0.778
0.293
0.114
0.249
0.071
0.987
1.77
0.088
1.074
0.556
1.919
0.591
0.873
0.711
0.912
0.051
0.578
2.33
0.655
0.034
0.993
2.435
1.101
0.053
0.504
0.641
0.244
1.677
0.884
0.783
0.699
0.64
0.228
0.122
0.917
0.81
0.592
0.539
1.173
0.749
0.036
0.652
0.393
0.206
1.438
0.07
0.016
1.188
1.201
0.169
0.193
0.035
1.609
0.319
0.757
0.597
0.824
0.946
0.691
0.076
1.037
0.902
2.553
1.171
0.807
0.661
0.756
0.057
0.067
0.492
0.038
1.107
0.326
0.731
1.786
0.782
0.15
0.061
0.626
0.556
1.268
0.058
0.038
0.851
0.841
0.266
0.646
0.312
0.732
1.351
0.839
0.062
0.115
1.022
0.03
0.364
0.479
0.502
0.032
1.05
0.79
0.388
0.143
1.221
0.087
0.06
0.147
0.662
0.26
0.17
0.469
0.969
0.071
0.771
0.746
1.525
0.06
0.124
0.621
0.236
0.999
0.114
0.299
0.108
1.179
0.015
0.594
0.759
1.205
0.043
0.595
0.026
0.165
1.592
0.695
1.056
0.029
1.011
0.898
0.224
0.682
0.975
1.532
0.14
0.929
1.362
2.644
0.147
0.963
0.99
1.247
0.613
0.081
0.143
0.062
2.473
0.231
1.247
0.728
0.628
1.684
0.68
0.843
0.903
2.426
1.261
0.856
1.15
2.643
1.084
0.295
0.012
0.993
0.588
0.127
3.125
1.024
0.05
0.083
1.897
0.214
0.909
0.649
0.017
0.621
0.595
1.403
1.766
0.711
0.583
0.042
0.334
0.091
2.034
0.842
2.158
1.086
1.395
0.747
1.208
0.909
0.829
0.546
0.027
0.81
0.919
0.177
0.048
3.292
0.299
2.231
0.817
0.691
0.626
1.512
1.146
0.647
0.909
2.134
0.042
0.464
1.693
0.884
0.578
0.634
1.215
0.384
0.056
1.932
0.072
0.064
0.187
0.339
1.008
0.049
0.901
0.016
0.126
0.093
0.739
0.661
0.643
0.731
0.226
0.024
0.069
0.8
0.107
0.358
0.754
0.574
0.918
0.014
0.764
0.17
3.076
1.652
2.091
0.675
1.234
0.329
0.165
0.08
0.223
0.402
0.892
1.793
4.333
0.674
0.257
1.777
0.59
0.237
0.593
1.18
1.395
0.571
0.025
0.545
0.041
0.928
0.258
0.78
0.848
0.091
1.221
0.037
1.425
0.141
0.072
0.16
0.082
0.027
0.117
0.044
1.114
1.663
0.835
0.486
0.851
0.951
4.181
3.076
1.952
0.851
0.062
0.11
0.955
1.14
0.751
0.019
1.866
0.6
0.761
2.187
1.791
1.166
0.814
2.185
1.148
2.47
0.369
0.022
2.531
0.726
0.478
0.043
1.014
0.532
0.037
0.17
0.261
0.071
0.033
0.814
0.144
1.638
1.379
0.023
1.591
0.902
0.452
0.07
0.048
3.564
0.946
0.027
0.022
0.291
1.08
1.188
0.746
0.885
2.306
0.904
1.703
0.241
0.124
0.036
0.738
0.103
0.728
1.825
0.411
0.107
0.458
0.037
1.039
0.082
0.038
1.102
0.188
2.198
0.956
0.362
1.782
0.233
0.754
2.26
1.052
0.611
0.877
0.777
1.53
0.058
0.148
0.073
0.695
0.55
0.161
0.349
0.038
0.927
0.196
1.063
0.054
0.683
0.84
1.077
0.748
1.349
0.113
0.077
0.155
1.716
0.147
1.66
0.924
0.129
0.136
0.965
3.479
5.071
1.157
1.868
0.755
0.093
3.958
0.097
0.053
0.045
0.703
0.091
1.056
0.045
0.768
0.23
2.486
2.926
1.167
0.204
0.532
1.652
0.199
0.074
1.134
2.052
0.16
0.752
1.707
1.303
0.141
0.707
0.042
3.463
0.342
0.799
0.05
1.001
0.852
2.113
2.397
0.875
1.481
0.121
0.142
0.103
1.178
1.713
0.049
0.794
0.78
1.133
1.644
1.268
0.519
0.578
0.643
1.437
2.107
0.095
1.307
0.098
1.254
0.02
0.646
0.8
2.469
0.016
0.678
0.036
1.011
0.231
0.648
0.835
2.38
0.673
0.155
1.165
0.031
1.254
0.452
0.094
0.078
0.616
0.055
0.022
0.649
0.022
0.033
1.038
0.087
0.469
0.6
0.188
0.122
3.185
0.022
4.452
0.038
0.319
0.839
0.157
1.157
0.127
0.711
0.12
2.258
0.06
0.334
2.629
0.559
0.769
3.592
0.449
0.479
0.906
2.648
0.945
1.817
1.143
0.092
0.694
0.048
1.034
0.137
0.65
0.055
0.117
0.974
0.145
0.799
1.753
0.55
0.051
0.796
0.523
0.039
1.629
3.367
1.13
0.054
1.724
1.516
3.444
1.362
0.669
1.373
0.134
0.071
0.05
0.695
0.725
2.111
1.013
0.081
1.004
0.46
1.677
0.279
3.038
1.597
1.422
0.678
0.818
0.657
0.014
0.8
2.583
0.939
1.67
0.398
0.145
1.473
2.172
0.09
1.354
0.336
0.086
1.07
0.407
0.636
0.087
0.702
1.62
0.02
0.032
0.912
0.784
0.179
0.316
0.142
0.072
0.686
0.03
1.157
0.519
0.055
0.862
0.822
1.667
0.053
1.707
1.855
0.157
1.237
0.039
0.951
1.203
1.21
0.091
0.494
0.676
1.716
1.082
0.073
0.897
0.119
0.082
0.038
0.844
1.442
2.067
0.774
0.116
0.149
0.047
0.058
0.075
0.634
0.022
0.023
0.15
2.965
0.039
1.09
0.912
1.095
0.79
0.27
0.903
0.044
0.317
0.699
0.229
0.102
0.636
0.059
0.74
0.262
1.618
1.249
0.812
0.085
1.407
0.742
0.653
0.653
0.634
0.193
0.927
1.656
2.744
0.665
0.072
0.566
2.363
0.609
0.323
0.12
2.19
0.09
1.447
0.745
2.123
0.032
1.032
0.044
0.079
0.18
0.141
0.74
0.792
0.112
0.638
1.258
0.367
0.724
0.666
1.298
0.802
0.144
1.151
0.648
0.029
0.122
1.235
1.29
0.842
1.038
0.185
0.555
0.908
0.891
0.683
1.106
0.175
0.072
0.551
0.224
0.762
0.564
0.127
0.797
0.746
0.037
1.337
0.271
0.062
2.749
0.63
1.055
0.614
0.204
0.043
0.566
0.049
0.875
0.034
0.092
0.437
1.379
0.672
0.761
0.817
0.079
1.073
0.584
1.485
0.107
1.046
1.051
0.051
0.963
1.031
0.658
0.896
0.654
2.696
0.159
1.034
2.62
1.374
0.181
1.2
0.472
1.976
0.295
0.132
0.703
1.711
0.67
1.189
0.241
1.393
0.096
0.34
0.765
0.861
0.641
0.189
0.683
0.694
0.255
1.537
1.276
0.027
0.643
0.257
0.678
0.155
1.683
0.09
0.129
0.297
0.029
0.412
1.479
0.702
0.725
1.221
0.812
0.483
0.558
2.698
1.774
0.081
0.161
0.453
0.141
1.69
0.767
0.655
0.05
0.618
0.049
0.876
0.822
0.033
0.029
0.205
0.635
0.834
1.007
0.067
0.857
0.163
1.404
2.302
0.264
0.23
0.895
0.261
0.303
1.441
0.122
1.279
0.671
0.727
0.401
0.97
0.659
0.732
0.995
0.091
1.413
0.648
0.436
0.83
1.313
0.056
1.932
0.642
0.035
1.264
2.33
1.502
0.106
0.707
0.151
1.381
1.628
0.019
2.693
0.777
1.323
3.208
0.66
0.852
2.061
0.028
0.144
0.037
0.358
0.071
0.704
0.094
0.14
0.843
0.722
0.653
0.853
0.29
0.631
0.701
0.762
0.019
0.131
2.244
0.023
0.772
1.79
2.202
0.041
0.831
0.129
0.196
1.527
0.732
0.408
0.026
0.049
0.637
1.64
1.063
0.078
0.265
0.036
0.597
1.065
0.315
1.561
1.709
0.796
1.356
0.269
0.179
0.613
0.083
1.66
0.127
1.658
0.163
0.126
0.039
1.022
0.192
1.144
0.95
0.936
0.107
3.246
3.137
0.016
0.065
0.888
0.129
0.115
0.667
0.878
0.769
0.869
1.099
1.064
0.03
0.737
0.698
2.201
0.707
0.418
1.129
3.068
0.841
2.742
0.808
0.034
0.175
0.114
2.171
0.962
0.188
0.142
0.099
0.811
0.408
0.132
0.029
0.986
2.277
0.729
0.746
2.33
1.18
0.232
0.072
1.804
2.413
1.254
0.783
0.067
0.257
0.053
0.69
0.031
0.942
0.216
0.088
1.818
1.024
0.039
0.58
0.055
0.852
0.124
0.105
0.622
0.553
0.111
0.023
1.913
0.645
0.589
1.321
1.006
2.091
0.03
0.502
0.024
1.389
0.242
1.709
0.102
0.325
2.431
0.099
0.674
0.034
0.166
0.632
0.697
0.254
1.302
0.969
2.495
0.085
0.82
0.899
0.973
2.077
0.814
0.351
0.285
2.137
0.067
0.121
0.581
1.249
0.908
0.1
0.023
0.737
0.61
0.373
5.423
0.742
3.002
0.775
0.637
0.348
0.757
0.608
0.639
0.07
1.059
0.203
0.461
0.182
0.034
2.01
0.626
1.068
0.532
3.912
1.286
1.959
0.731
1.018
0.791
0.685
0.516
0.87
0.054
0.666
0.791
0.376
0.156
0.463
2.926
0.285
0.106
0.721
0.145
0.703
0.024
0.064
0.572
1.566
1.426
0.783
0.112
0.059
0.07
0.658
2.557
0.041
0.028
0.608
0.029
0.79
0.053
0.921
0.688
0.841
0.566
0.372
1.735
0.784
0.713
0.839
0.03
0.941
0.654
2.063
1.101
0.7
0.026
1.031
0.43
0.09
0.229
0.132
0.269
0.146
3.366
0.122
0.658
0.068
0.058
0.877
0.02
0.207
2.315
0.988
1.195
1.289
0.363
0.557
0.021
0.95
0.631
0.02
1.572
1.511
0.577
0.238
1.029
2.117
0.991
0.772
1.324
0.165
0.764
0.026
0.896
1.222
0.787
0.747
0.095
0.791
0.034
0.875
0.273
1.265
0.094
1.946
0.124
1.486
0.916
0.071
0.022
0.04
0.08
0.72
0.062
1.917
0.164
0.086
2.058
0.036
0.974
0.033
0.658
0.165
3.212
0.448
0.052
0.373
0.032
0.671
1.938
1.49
1.187
0.127
0.235
0.412
1.753
0.796
0.063
0.891
0.447
0.797
0.711
0.723
1.515
0.041
0.054
1.126
0.085
0.011
0.619
1.273
0.167
3.497
0.752
0.904
0.242
0.741
0.702
0.058
0.12
1.649
0.296
1.199
0.803
0.967
1.669
1.84
0.01
2.813
0.092
0.081
1.279
0.032
0.896
0.538
1.131
0.9
0.28
0.768
0.071
0.282
0.243
1.249
0.653
2.435
1.256
1.254
2.061
0.054
3.437
0.024
1.379
1.096
1.175
2.255
0.223
0.099
0.053
1.582
1.631
0.027
1.166
0.044
2.373
0.501
0.115
0.835
0.893
2.381
1.355
2.575
0.121
0.425
0.124
0.119
1.003
0.645
0.586
0.704
0.695
1.871
1.024
2.107
0.506
1.096
0.667
1.725
1.54
4.629
0.089
0.087
1.389
0.686
0.189
1.045
0.036
0.87
0.133
0.031
0.776
0.748
0.75
0.779
0.752
0.035
0.049
0.03
0.372
1.283
0.335
1.2
0.099
0.024
1.375
0.378
0.827
0.104
0.057
0.56
0.06
0.792
1.276
1.782
1.254
0.93
0.03
0.696
0.25
0.182
0.04
0.631
0.777
0.657
1.179
0.612
0.544
0.845
1.175
0.118
0.5
2.515
0.701
1.675
0.562
1.54
1.021
0.302
1.003
1.433
0.475
0.693
1.999
0.881
0.693
1.735
0.843
0.079
0.327
0.135
0.831
2.022
0.224
0.529
0.467
0.092
2.174
0.815
1.583
1.808
0.05
0.601
1.154
1.696
0.035
0.814
1.139
0.927
0.725
1.439
1.493
0.03
0.79
0.15
0.043
0.894
0.633
0.696
0.737
2.058
0.407
1.047
0.558
0.7
0.03
1.107
0.07
1.672
0.948
0.121
0.438
0.081
0.744
0.04
0.756
0.526
0.713
0.08
1.963
0.818
0.788
1.309
0.882
0.92
0.217
0.835
0.109
1.365
0.041
0.043
0.035
2.34
0.878
0.19
2.165
0.812
0.175
0.14
0.595
0.128
0.078
1.214
0.356
2.196
0.128
0.808
0.079
0.694
1.323
1.24
0.583
1.249
1.266
0.09
0.963
0.259
0.074
1.277
0.114
1.459
1.068
0.034
0.035
0.138
3.023
0.067
0.515
1.32
0.948
1.473
0.787
0.287
0.94
2.194
3.343
2.184
0.773
1.029
0.312
0.166
0.135
0.512
0.976
0.496
0.6
0.034
0.023
0.507
0.471
0.921
0.031
0.602
0.576
1.338
0.876
0.109
0.409
0.022
0.718
0.02
0.593
0.229
0.825
1.725
1.044
0.88
0.969
2.297
0.204
0.364
2.589
0.743
1.653
0.051
0.974
1.002
0.054
0.204
0.824
0.955
1.391
3.552
0.174
0.034
0.666
0.741
0.941
1.02
0.652
0.02
0.576
0.568
3.581
0.832
0.374
0.037
0.041
0.213
0.767
0.751
2.619
1.279
0.813
0.078
0.028
0.062
0.152
1.721
0.097
0.058
0.908
0.023
0.046
0.715
0.037
0.152
0.261
0.308
0.733
1.207
0.706
0.231
0.025
0.712
0.146
1.103
0.207
0.85
2.476
0.052
1.176
0.301
0.973
0.928
0.812
0.096
0.2
1.173
0.029
0.704
3.06
0.678
2.504
0.053
1.698
0.026
2.756
0.077
0.243
0.54
0.037
0.865
0.995
1.232
0.683
0.711
1.536
0.147
1.19
0.695
0.193
0.731
0.922
0.718
0.026
0.679
1.165
0.323
0.968
0.632
0.657
1.673
1.007
1.715
0.055
1.357
0.034
0.932
1.305
0.054
0.096
1.439
0.251
2.27
1.265
0.595
0.879
0.842
1.063
0.563
1.009
1.338
2.309
0.106
0.309
1.62
0.072
0.152
2.086
0.182
0.844
0.784
1.765
0.971
0.128
0.064
0.417
0.633
1.412
0.09
1.069
0.167
0.708
0.842
0.447
0.756
0.052
0.091
0.151
0.049
0.844
0.085
0.798
0.68
0.624
0.378
1.148
0.58
0.215
0.717
0.024
1.475
0.405
0.839
0.708
0.716
1.675
1.543
0.096
0.29
0.258
0.066
0.422
0.66
0.069
0.7
1.399
0.725
2.461
0.074
0.147
0.261
0.663
0.784
0.103
2.234
0.825
0.209
0.742
0.786
0.173
0.595
3.205
1.099
0.711
0.772
0.744
1.123
0.862
0.831
2.0
0.875
1.138
1.027
0.491
0.075
1.514
0.697
0.18
0.065
0.05
1.26
0.116
2.157
2.34
0.145
0.762
0.042
1.63
0.026
1.555
0.072
0.066
1.158
0.794
0.557
1.77
1.744
0.677
1.785
0.047
0.468
0.092
1.063
0.053
0.087
0.772
0.034
0.049
3.202
0.021
0.077
0.282
0.061
1.37
0.186
0.847
1.316
0.654
0.04
3.121
0.768
2.943
0.064
0.048
0.121
0.049
0.046
0.693
1.408
0.092
0.052
0.087
0.731
0.904
0.299
0.791
0.782
1.167
0.862
1.937
0.11
0.068
1.278
0.671
0.552
0.071
2.999
0.027
1.002
1.441
0.989
2.057
0.043
2.991
0.962
1.995
0.084
1.59
0.053
0.08
0.551
0.222
0.038
0.137
0.664
1.105
0.102
1.551
0.571
0.568
0.882
4.395
1.399
0.632
0.368
0.854
0.691
1.619
1.676
1.067
0.4
0.132
0.063
0.364
0.148
0.065
0.913
0.106
0.229
0.495
1.251
0.961
0.034
0.61
1.954
0.03
0.974
0.506
0.232
0.716
0.029
0.027
0.772
1.592
1.405
0.03
1.577
0.93
5.026
3.096
3.143
0.551
1.348
0.74
0.73
3.374
0.636
1.439
2.302
0.603
0.396
0.065
0.108
0.584
0.528
0.135
1.99
0.849
0.039
0.719
1.048
0.975
0.635
0.515
0.113
0.065
0.212
0.032
1.023
0.807
1.824
1.004
0.031
1.001
0.81
1.089
0.722
0.293
1.319
1.865
0.733
1.727
2.613
0.237
2.256
0.842
0.057
0.042
4.735
0.074
0.66
0.502
0.042
0.924
1.063
0.768
0.899
0.58
1.05
1.037
0.939
0.819
0.129
1.045
0.585
0.045
4.65
2.9
1.105
0.04
0.543
1.029
0.194
0.024
1.267
0.284
0.838
0.03
0.934
0.084
0.873
0.557
1.751
0.769
0.346
1.017
0.973
1.185
0.113
0.586
0.081
0.799
0.583
0.04
0.402
1.742
2.99
0.769
0.043
0.821
1.602
0.282
0.047
2.156
0.884
0.562
0.02
0.102
0.192
0.597
0.053
0.95
0.032
0.072
0.556
2.539
1.947
0.258
0.993
0.053
0.041
1.317
0.178
0.215
1.166
0.466
0.19
0.075
0.248
0.036
0.034
0.155
0.031
1.869
3.522
0.08
0.907
0.549
0.096
0.632
0.92
1.038
1.442
0.525
0.043
0.371
0.034
0.852
0.261
0.678
0.037
0.065
0.064
0.166
0.896
0.631
0.154
0.532
2.163
1.476
0.526
1.109
2.213
0.046
0.082
1.129
0.045
0.574
0.746
0.078
1.88
0.032
2.663
1.206
1.522
0.075
0.63
0.745
2.295
0.062
0.067
0.125
0.223
0.202
0.153
0.392
1.487
0.286
0.678
0.057
0.066
1.175
1.307
1.192
0.789
1.021
0.917
0.976
1.493
0.073
1.453
0.139
0.06
0.969
2.05
0.062
1.192
1.274
0.26
2.601
0.042
0.195
0.667
1.835
2.419
2.145
0.077
0.282
0.44
0.872
0.741
1.521
0.518
1.76
0.93
0.088
0.612
0.735
1.87
0.03
5.777
1.178
0.859
0.166
0.114
0.788
0.796
0.355
0.142
0.219
0.778
1.046
0.097
1.105
0.766
0.891
1.394
0.341
1.6
0.231
0.284
0.103
0.081
0.083
0.31
1.359
0.68
0.242
0.209
0.983
0.149
0.226
0.101
0.595
1.47
0.22
0.259
0.774
0.679
1.357
2.168
0.026
1.566
0.75
1.325
0.025
1.158
0.347
1.178
0.623
0.122
0.057
1.554
2.07
0.104
1.258
2.061
0.125
0.329
0.683
1.199
0.086
0.985
1.229
3.341
1.297
1.62
0.065
0.791
0.755
0.05
0.324
0.417
0.047
0.017
0.878
0.665
1.649
1.214
0.212
1.207
0.964
0.078
0.536
2.316
0.084
0.449
0.115
0.661
1.916
0.02
0.296
0.637
0.975
0.041
0.753
0.269
1.023
0.862
0.082
0.658
0.062
1.676
0.019
0.453
2.387
0.162
0.02
0.874
0.219
0.052
0.754
0.04
0.162
0.071
0.704
1.245
0.061
0.212
0.699
0.998
0.363
1.458
0.655
0.754
1.195
0.243
0.572
1.226
1.806
1.029
0.819
0.063
0.62
0.542
0.467
0.307
0.67
1.075
0.697
0.975
0.713
0.591
0.049
0.256
1.88
0.469
0.929
2.869
0.697
0.08
0.491
0.965
0.578
0.772
0.125
0.051
0.019
0.453
0.748
1.323
0.056
2.372
1.049
1.23
0.02
2.195
0.631
0.118
0.363
0.231
0.085
0.881
1.975
1.67
0.592
0.909
0.455
0.906
1.721
0.208
1.551
0.881
0.834
0.791
0.748
0.039
0.235
0.156
2.773
1.227
0.714
0.094
1.108
0.623
1.634
0.12
0.372
0.936
1.602
1.647
0.504
2.077
0.037
0.884
1.345
1.838
1.557
0.702
2.518
0.258
0.649
0.212
0.945
0.255
0.911
0.036
0.092
0.868
0.154
0.888
0.672
0.81
1.379
0.167
0.103
0.863
0.887
0.2
0.038
0.337
0.048
0.849
0.091
0.206
0.42
0.893
0.281
1.606
1.178
2.064
0.667
0.683
0.013
0.282
2.368
0.368
1.062
1.173
1.032
0.674
0.208
2.643
0.812
0.911
1.447
0.834
1.538
0.639
1.511
1.197
0.599
1.99
0.772
0.257
0.878
0.104
1.502
0.35
0.751
0.07
0.037
2.134
0.045
0.231
0.234
0.243
1.081
0.168
0.755
0.843
0.575
0.081
2.595
0.211
1.115
0.329
0.022
0.051
2.337
0.069
0.127
0.122
0.757
0.115
1.124
0.859
0.315
0.098
0.378
0.75
0.795
0.472
0.669
1.367
0.128
0.482
1.409
0.572
0.072
0.038
0.803
0.696
0.325
1.701
0.046
0.028
0.436
0.1
0.724
0.148
1.261
0.686
0.812
0.788
1.343
0.797
0.97
1.643
0.124
1.264
2.257
0.034
0.093
1.244
0.044
0.726
1.585
1.258
1.293
0.498
0.08
0.014
1.007
0.575
0.026
0.739
0.76
0.253
0.845
1.275
0.923
0.897
1.887
0.104
3.5
0.875
0.296
0.044
1.044
3.3
0.91
0.145
1.383
0.683
0.092
0.297
0.56
2.932
0.176
0.792
0.849
2.066
0.069
0.49
1.181
0.294
0.688
0.818
0.227
0.064
0.361
0.747
0.195
0.629
1.154
1.422
0.1
1.356
0.82
0.179
0.153
0.023
0.065
0.634
2.6
0.689
0.476
0.031
0.134
0.846
0.047
0.357
0.077
0.576
1.178
0.146
0.231
0.019
0.053
1.39
0.97
0.467
0.054
1.534
0.197
0.961
0.023
1.087
0.765
0.093
0.098
0.728
0.779
0.052
1.429
0.188
1.706
0.146
4.746
0.815
0.58
0.06
0.288
1.805
0.928
0.153
0.777
0.15
0.27
0.042
1.623
0.895
0.075
1.264
0.379
1.887
0.537
0.27
2.718
0.178
0.193
0.03
1.241
0.683
1.168
0.14
0.062
0.049
0.185
0.043
0.031
0.081
0.256
1.845
1.147
2.136
1.098
0.58
0.973
0.232
0.254
3.664
1.78
0.106
0.884
0.059
0.036
0.022
0.691
1.026
0.021
1.305
1.73
0.924
0.039
0.117
0.78
1.001
0.015
0.746
0.494
1.956
0.758
0.236
2.365
2.678
0.624
0.066
0.071
0.075
1.116
0.145
0.145
0.204
2.038
0.849
0.631
1.331
0.791
0.13
1.558
1.252
0.236
0.388
0.069
0.384
1.108
1.63
0.13
0.143
1.049
0.601
0.061
1.057
1.501
0.361
0.725
1.657
1.369
0.167
1.178
0.063
1.333
1.886
0.061
0.741
0.845
0.043
0.833
1.755
0.05
1.321
0.041
0.664
0.737
0.023
0.059
1.371
0.037
0.337
0.443
0.105
0.227
0.064
1.731
1.36
0.152
1.807
0.86
1.034
0.789
0.103
0.05
0.062
0.604
0.693
0.272
0.209
1.129
2.459
0.159
3.53
0.711
0.987
0.213
1.089
0.182
1.033
0.539
1.061
0.785
0.183
0.925
0.125
0.122
0.603
0.629
1.095
3.191
0.194
0.621
0.083
0.839
2.17
0.629
1.248
0.704
0.884
0.033
0.586
0.554
1.549
0.247
1.367
0.127
0.876
0.265
0.757
1.188
0.916
1.799
2.07
0.766
1.027
0.054
1.12
0.698
0.703
2.199
0.065
1.007
0.648
0.079
0.737
0.158
1.42
2.222
2.544
0.684
0.796
0.15
3.067
1.386
1.125
0.162
0.449
1.321
0.941
0.191
0.956
0.372
1.746
0.249
2.336
0.259
0.599
5.445
0.707
2.273
0.087
1.388
0.186
0.391
0.971
1.164
2.049
0.032
0.045
0.814
2.7
0.733
0.118
0.898
0.265
0.061
1.628
0.636
0.105
0.986
1.361
1.141
0.247
0.719
2.266
0.085
1.556
1.525
0.835
0.105
0.105
2.572
1.138
3.171
0.05
1.297
0.144
0.61
1.397
0.062
1.871
0.074
0.022
0.016
0.025
0.29
0.112
0.241
0.581
0.109
0.987
1.32
1.816
0.328
0.05
0.664
0.038
0.14
1.327
0.158
0.076
0.229
0.931
0.238
0.109
0.076
0.868
0.672
2.739
0.791
0.122
5.497
0.263
0.069
0.176
0.689
0.185
0.018
0.167
0.291
1.298
1.325
0.923
1.772
0.711
1.143
0.148
2.412
0.331
0.599
0.112
0.153
1.077
0.099
0.772
0.047
0.736
1.41
0.763
1.239
0.122
1.15
1.914
0.101
0.019
0.049
0.064
1.296
0.275
1.318
0.173
0.927
1.052
0.147
0.855
0.431
0.638
0.099
2.978
1.298
1.371
0.638
0.681
0.44
0.628
0.122
0.896
2.267
1.429
0.916
0.837
1.252
0.518
0.648
1.008
1.228
0.17
0.106
0.171
0.922
0.654
0.053
0.213
0.983
0.253
0.145
0.763
2.474
0.724
0.042
0.037
0.026
0.138
0.054
1.282
0.83
0.584
0.467
0.783
0.159
0.062
0.422
0.096
0.008
2.841
1.798
1.707
0.572
0.207
0.884
0.715
3.443
0.218
0.157
3.246
1.839
1.162
0.078
0.763
1.693
1.22
1.078
0.061
0.228
3.191
0.191
2.388
2.953
0.218
0.095
0.514
1.494
0.369
0.665
0.021
0.677
0.136
0.713
1.065
3.325
1.222
1.274
0.085
1.609
1.384
0.065
0.875
0.692
0.673
0.701
0.043
0.231
0.538
0.055
0.689
0.028
0.866
0.567
0.432
0.152
0.76
0.524
0.583
0.55
1.454
0.637
0.052
1.617
0.942
0.848
0.137
0.083
0.887
0.958
0.708
0.128
0.052
0.414
0.058
0.503
1.194
0.782
0.198
0.193
0.037
0.925
0.589
0.807
1.665
1.55
0.075
0.101
1.764
0.879
0.807
0.059
0.921
0.031
0.205
0.942
0.248
0.034
0.871
1.117
0.899
1.389
0.501
1.17
1.92
0.728
0.153
2.651
2.206
0.847
0.029
0.66
0.212
0.564
1.731
1.101
0.146
1.25
0.096
0.851
0.385
1.986
2.121
1.432
0.823
0.659
0.765
1.308
2.083
1.477
1.869
1.3
0.081
1.637
0.035
0.072
0.966
0.172
1.148
0.12
0.88
0.712
2.005
0.331
0.135
1.625
0.174
1.05
0.508
0.075
0.768
0.794
0.554
0.52
2.471
0.545
1.114
0.232
0.538
0.031
1.412
1.299
0.504
1.105
1.184
0.189
1.105
1.25
0.089
3.31
0.253
0.627
1.702
0.286
1.094
3.093
3.136
0.394
0.852
0.051
0.058
0.576
0.142
2.501
1.66
0.631
0.52
0.051
0.222
0.842
0.112
0.655
0.033
0.769
0.862
1.525
0.782
0.077
1.403
0.891
0.1
0.228
0.036
0.496
1.175
1.021
0.168
2.146
0.704
0.876
0.638
0.044
0.349
0.052
0.942
0.798
1.107
0.031
0.778
0.863
0.766
1.587
0.86
0.025
1.073
1.666
0.787
0.207
3.307
0.664
1.061
1.389
0.713
0.785
0.043
0.308
0.053
1.1
1.763
0.271
0.068
0.07
0.944
1.376
1.835
1.5
0.671
0.043
0.762
0.105
0.82
0.908
0.024
0.86
1.085
0.905
1.304
0.104
0.153
0.095
1.196
0.649
0.008
0.551
1.078
0.175
0.119
1.098
0.065
0.356
0.865
0.868
1.123
0.482
0.898
0.714
0.217
0.257
0.042
0.236
1.348
0.891
0.082
0.507
0.04
0.415
0.772
0.632
0.844
1.486
0.559
0.014
1.944
2.419
0.197
1.047
0.108
0.489
0.595
1.21
0.819
1.096
0.625
1.288
1.59
0.238
0.604
0.033
0.478
0.856
0.074
0.051
0.694
0.03
0.143
0.174
0.463
0.023
0.746
0.47
0.969
0.021
0.051
0.902
0.87
0.072
0.73
0.929
0.955
0.222
0.57
0.03
0.702
0.528
0.825
0.601
0.868
2.909
0.845
0.919
1.257
0.788
0.728
1.412
1.848
0.061
0.8
0.053
0.65
0.908
0.033
0.05
0.032
0.084
0.06
0.144
0.089
0.15
0.793
0.211
0.04
0.019
0.737
0.025
0.861
0.729
0.477
2.9
0.567
0.186
1.795
2.484
1.64
0.644
0.203
1.179
0.181
0.068
3.235
2.74
3.166
1.861
0.517
0.084
0.577
0.805
0.83
0.037
0.777
0.266
1.015
0.932
0.622
0.203
1.028
0.723
0.042
0.896
0.148
3.105
0.023
0.088
0.041
0.866
0.62
1.14
2.556
0.843
1.962
0.051
1.069
0.027
0.146
0.154
0.076
1.14
0.787
0.916
0.225
0.058
2.27
0.246
0.669
0.772
0.608
1.082
0.56
1.564
0.614
0.073
0.682
0.204
0.074
1.243
0.836
1.503
2.066
2.457
0.757
1.12
0.744
0.699
0.616
2.127
0.762
0.882
1.926
1.308
0.034
0.147
0.587
1.952
0.544
0.514
0.025
0.12
0.088
0.248
0.04
1.92
1.386
2.603
0.662
0.453
0.11
0.031
0.749
0.1
0.889
1.261
0.831
0.076
1.286
1.226
0.128
0.083
0.587
0.71
0.04
0.085
0.839
1.001
0.738
2.212
0.038
0.57
0.488
0.056
0.665
2.174
0.086
2.192
0.561
0.3
0.103
1.304
0.743
0.967
1.329
0.432
0.021
0.172
0.892
3.222
0.606
0.208
1.853
1.974
0.618
0.123
0.728
0.906
0.201
0.042
2.057
0.672
1.371
0.047
0.164
0.048
0.826
1.714
1.579
0.614
1.101
0.128
0.323
0.047
0.149
0.783
0.052
0.587
1.666
0.047
0.66
0.688
0.543
0.047
0.128
1.567
0.368
1.143
0.047
2.03
0.05
1.909
2.78
0.265
1.458
3.02
0.038
1.078
1.466
1.278
0.062
1.364
1.324
0.52
0.268
0.094
0.068
0.376
0.416
1.492
0.205
0.031
0.544
0.432
0.075
0.74
2.008
0.298
0.344
0.024
0.828
0.809
0.026
0.397
0.034
0.037
0.035
0.539
0.284
1.883
2.302
0.865
1.06
0.096
1.009
0.188
0.486
0.844
0.854
1.181
0.55
0.034
0.539
0.488
0.07
0.971
0.917
0.08
0.657
0.117
0.029
0.084
0.844
0.093
0.114
0.03
1.137
0.664
1.889
0.976
1.077
1.983
1.635
0.032
2.195
0.024
0.725
0.716
0.187
0.054
1.598
1.8
0.819
1.617
0.859
1.582
0.354
0.19
0.689
0.043
1.187
0.729
0.059
0.591
0.669
0.573
0.558
0.179
0.844
0.795
0.047
0.629
0.026
0.328
0.234
0.303
0.753
0.159
0.031
0.605
0.761
0.168
0.095
0.567
0.503
1.176
2.15
0.56
0.337
0.819
0.499
0.026
0.232
0.634
0.115
1.011
0.851
0.732
1.145
0.047
0.279
0.94
0.173
0.078
0.833
0.194
0.504
2.659
0.069
0.98
0.537
0.086
0.861
0.692
0.404
1.351
0.073
0.291
0.854
0.112
0.917
0.039
0.064
0.044
2.278
0.644
1.874
0.17
0.536
0.822
0.033
0.768
0.565
0.048
0.35
0.797
1.702
0.553
0.783
1.997
0.195
1.073
0.171
0.1
1.044
0.092
1.119
0.726
1.38
0.215
0.953
1.194
0.026
0.117
1.113
1.738
0.734
0.703
0.771
0.663
0.76
0.865
0.352
0.565
0.616
1.402
0.186
0.771
0.091
0.122
0.592
2.44
0.949
1.012
0.997
0.78
0.214
0.835
0.148
0.56
0.532
1.045
2.748
0.091
0.1
0.594
0.803
0.124
0.516
0.137
0.929
0.217
0.033
0.61
0.703
1.331
0.785
0.051
0.611
0.03
0.171
0.311
0.705
0.522
0.8
0.108
0.023
2.126
0.697
0.04
1.409
0.882
5.022
0.056
0.067
0.199
0.856
0.081
0.788
0.693
0.032
0.803
1.994
0.182
0.981
0.062
0.04
0.882
0.349
0.09
1.275
0.411
1.867
0.068
0.472
0.793
1.219
0.693
0.615
1.069
2.974
0.035
0.257
0.375
0.06
0.987
1.598
1.094
0.783
0.305
1.368
0.14
1.296
0.771
0.699
0.09
0.104
0.06
0.881
0.095
0.057
0.592
0.355
0.63
0.185
0.173
0.955
0.1
0.135
0.726
1.239
1.399
0.649
0.119
0.113
0.989
0.093
0.054
2.185
1.704
2.328
0.142
0.985
0.853
0.759
0.019
0.681
2.096
0.85
0.588
0.729
0.896
0.242
0.416
0.05
0.957
0.039
0.178
2.045
1.236
1.409
0.746
0.278
0.798
0.998
0.706
1.738
0.862
0.068
1.187
0.229
0.755
0.163
0.761
0.041
1.122
1.16
0.73
0.37
0.24
0.138
0.043
0.581
0.362
0.148
1.281
0.146
0.222
0.03
0.648
0.147
0.034
0.372
0.902
0.229
1.038
0.792
1.245
0.049
0.588
0.712
0.411
0.933
0.392
2.326
1.443
0.37
0.203
1.941
0.06
0.022
0.089
1.004
1.023
1.988
2.148
0.261
3.13
0.108
0.093
0.973
2.016
0.037
0.09
0.295
0.797
0.972
0.608
2.352
0.072
0.853
0.383
0.212
0.101
0.631
0.747
1.062
0.757
3.349
0.944
1.895
0.867
0.61
0.571
1.083
0.236
0.789
1.006
0.022
1.026
0.918
0.128
0.074
0.088
0.253
1.287
0.891
0.2
0.887
1.553
1.775
0.328
0.069
0.312
0.048
0.847
0.858
0.091
0.553
0.645
0.042
2.074
0.132
0.7
1.441
1.351
0.854
0.838
1.336
0.953
0.772
0.122
2.572
0.086
1.921
0.863
0.783
2.078
0.058
0.053
1.039
0.392
2.732
1.087
0.065
0.349
0.036
0.201
0.603
0.937
0.672
1.184
0.026
0.599
0.06
0.988
0.257
0.98
1.084
1.08
0.096
1.201
1.041
0.222
2.894
0.041
0.16
0.565
0.045
0.51
0.05
1.626
0.226
0.115
0.911
1.181
0.119
0.059
0.052
0.911
0.854
1.496
0.035
0.116
0.014
1.411
0.039
0.134
0.533
0.065
1.732
0.233
0.015
0.726
0.806
0.561
0.66
1.785
0.904
1.253
0.167
1.67
1.948
0.647
0.935
0.217
0.716
0.779
0.076
3.069
1.1
0.849
0.412
0.81
0.034
0.121
0.921
0.358
1.861
0.074
0.705
0.154
0.674
1.8
1.151
0.154
0.82
1.035
0.605
2.391
1.706
1.286
1.095
0.032
0.107
0.153
0.959
0.162
0.049
0.065
0.876
1.855
0.818
0.603
0.558
0.244
0.032
1.311
1.41
0.555
0.518
0.128
0.156
0.067
2.032
0.24
0.441
3.047
1.353
0.131
0.844
0.031
0.181
0.067
0.743
0.707
1.273
2.908
0.039
0.723
1.22
0.646
1.462
0.106
0.095
0.34
0.656
1.987
0.685
0.742
0.068
2.297
0.039
0.05
0.039
0.087
2.027
0.764
2.746
0.662
0.775
2.38
0.239
0.818
0.516
1.032
0.962
0.798
0.828
0.062
0.047
0.051
0.985
0.898
0.043
1.604
0.7
0.335
1.075
0.619
1.018
0.195
0.555
1.132
1.506
0.623
0.558
0.035
0.028
0.261
0.061
0.632
0.105
0.679
0.215
0.646
0.558
0.595
0.205
2.344
0.067
0.712
0.708
0.704
0.089
1.321
0.657
1.429
0.893
0.217
0.838
1.022
1.024
0.592
0.682
0.847
0.532
0.266
0.735
0.03
0.198
1.322
0.745
0.044
0.661
0.155
0.02
0.371
0.605
0.184
1.152
1.468
0.047
0.924
0.281
1.141
1.266
0.015
0.966
0.026
0.629
0.6
0.061
1.039
0.343
0.118
0.157
0.218
0.029
1.081
0.817
0.701
0.596
0.073
0.06
1.326
0.977
2.636
1.862
0.663
1.814
1.002
0.079
0.611
0.034
0.986
2.933
1.518
0.769
0.126
0.069
0.621
0.601
0.84
0.156
0.781
1.301
0.201
1.917
0.806
0.558
0.619
0.911
0.038
0.086
0.228
0.608
0.577
0.187
0.089
0.775
0.889
0.815
0.229
1.686
0.056
0.557
0.664
0.178
1.789
0.091
0.146
0.068
1.897
0.179
0.05
0.708
1.059
0.768
1.098
0.816
0.058
1.893
1.153
0.697
0.757
0.817
0.08
1.17
0.122
0.125
0.813
0.52
1.052
0.25
0.053
0.078
0.233
0.855
1.627
0.052
1.142
0.464
0.028
0.661
0.63
0.564
1.652
0.363
0.205
0.68
0.084
0.827
0.749
0.916
0.552
0.734
1.322
2.052
2.13
1.038
0.965
1.086
1.046
0.114
0.726
0.83
0.151
3.936
0.775
0.773
0.087
1.852
2.809
0.15
1.014
0.853
0.946
0.357
0.029
0.201
1.21
0.118
0.159
0.722
1.467
0.03
1.399
0.286
0.583
0.222
0.12
1.531
0.016
0.745
0.575
0.803
0.658
1.103
1.876
0.759
0.462
0.028
2.144
0.63
1.011
1.11
0.02
1.846
0.683
1.002
0.948
0.058
0.039
0.044
0.08
0.718
1.473
0.32
0.873
2.551
2.425
3.713
4.332
1.589
0.886
0.042
2.437
0.809
0.657
0.185
1.149
0.328
0.043
0.583
0.047
0.568
0.074
0.745
0.745
0.748
1.802
0.688
0.945
1.085
0.899
0.685
0.665
0.684
0.693
0.836
0.708
1.157
1.167
0.084
0.075
0.038
0.707
0.26
0.085
0.557
0.034
1.2
0.803
0.612
0.997
1.995
0.957
0.091
0.065
0.497
1.545
0.136
0.911
0.985
0.206
1.918
0.702
0.377
2.583
0.356
3.998
0.04
0.167
2.114
0.105
0.171
1.075
0.217
0.341
0.99
0.234
1.062
0.475
0.038
0.862
0.057
0.242
1.328
0.064
1.223
0.837
0.061
0.86
0.627
0.069
0.752
0.668
0.039
0.048
0.349
1.154
0.194
0.718
0.278
0.843
0.063
0.546
0.862
0.026
1.146
2.022
0.071
0.773
0.317
0.078
2.58
1.02
0.669
0.201
0.178
0.817
0.03
1.707
0.827
0.058
1.107
0.613
0.779
0.613
1.004
0.406
0.616
1.526
0.608
3.467
0.398
0.218
0.857
0.287
0.741
0.549
0.67
0.644
0.96
0.385
1.607
0.049
0.073
0.059
0.468
0.032
0.252
0.844
0.189
3.178
0.806
0.078
0.786
2.026
0.887
1.476
0.707
0.122
0.051
0.723
0.023
1.121
0.976
0.897
0.814
0.709
0.77
0.934
0.777
0.789
0.247
0.393
0.035
1.137
0.663
1.147
1.913
0.09
0.082
0.218
0.518
1.086
0.106
0.783
0.661
0.186
0.769
0.054
0.094
1.231
2.059
0.233
0.767
0.167
0.697
0.132
0.772
0.921
0.597
0.039
0.78
0.023
1.013
0.096
0.123
1.545
0.041
1.092
0.08
0.08
1.476
0.601
0.901
1.249
0.577
0.112
1.362
1.448
1.854
0.233
0.083
0.412
1.179
0.296
0.287
0.029
0.727
0.087
1.449
0.151
0.711
0.094
2.431
0.291
0.042
1.553
0.048
0.664
1.306
0.993
1.929
0.139
0.05
0.377
0.693
1.436
1.271
0.995
0.77
0.615
0.916
0.624
0.172
1.907
0.024
0.034
0.08
0.075
0.05
2.674
0.556
0.4
0.11
0.763
1.829
0.765
0.787
0.861
0.974
0.815
0.692
0.857
0.252
0.038
0.999
0.673
0.117
0.048
1.147
0.697
2.185
0.644
0.79
0.677
0.591
0.087
0.955
1.563
1.065
0.913
3.429
0.044
1.847
0.717
0.444
0.659
0.237
0.735
0.273
0.212
1.732
0.706
1.388
1.648
0.721
0.547
0.664
0.026
0.639
0.396
5.015
1.333
1.254
0.047
0.039
1.34
0.819
0.598
1.826
0.555
0.418
0.497
0.253
1.534
1.568
2.288
1.088
0.179
0.744
0.762
1.176
0.805
0.038
0.264
0.922
0.035
0.5
0.913
0.832
1.221
2.026
1.814
0.591
0.409
0.566
0.888
3.263
0.952
1.215
1.048
2.4
0.751
0.614
0.721
0.061
2.475
1.38
0.035
0.989
0.233
0.899
0.454
0.576
0.03
0.038
2.065
0.383
2.151
1.064
0.108
0.081
1.223
3.5
0.794
0.948
0.885
3.992
0.113
0.035
0.083
0.076
0.967
0.047
0.336
0.469
0.967
1.141
0.918
0.687
2.168
0.019
0.621
0.777
0.779
0.79
0.909
0.189
0.323
1.33
0.686
1.952
0.222
0.021
0.518
0.69
2.666
1.423
0.24
0.175
2.087
0.927
0.071
0.604
1.14
1.064
0.928
0.047
0.228
1.097
0.792
0.097
0.862
0.055
0.609
0.818
0.538
0.343
0.075
0.599
0.698
0.095
0.091
2.146
0.749
0.048
2.567
3.732
0.657
1.954
0.476
0.111
0.17
0.098
0.068
0.976
1.163
0.859
0.078
2.394
0.181
1.401
0.722
0.617
0.038
0.223
2.827
0.051
0.105
0.908
0.045
0.656
1.349
2.139
0.255
0.74
1.014
0.705
1.107
0.255
1.102
0.224
0.06
0.109
0.079
0.776
0.163
1.034
0.671
2.073
0.793
0.059
0.055
0.65
0.077
0.137
0.724
0.241
0.031
0.138
1.41
0.57
1.219
0.152
1.385
1.903
0.073
0.702
0.775
3.61
0.373
0.056
1.194
0.13
0.678
1.403
0.29
0.069
0.739
0.576
3.529
2.719
0.105
0.625
0.977
0.79
0.128
0.041
0.568
0.106
0.117
1.059
0.206
0.782
0.039
1.93
0.837
0.782
0.125
0.241
0.05
1.226
1.719
0.691
0.58
0.671
0.718
0.92
0.92
0.049
1.308
0.679
0.236
0.64
0.663
1.709
2.271
1.46
0.791
0.051
0.729
0.27
3.289
0.042
0.602
0.59
0.081
1.461
0.04
1.357
0.014
0.754
0.61
1.344
0.163
0.424
0.703
0.952
0.637
0.447
0.183
0.734
0.633
0.837
0.188
2.56
1.444
0.039
0.111
0.083
0.111
0.096
0.062
0.026
0.899
0.755
0.021
0.739
2.514
1.12
0.652
1.271
0.736
0.59
1.925
0.967
0.565
0.062
0.698
0.093
0.781
0.98
0.09
0.907
1.347
0.077
0.677
1.115
0.372
2.074
0.218
0.869
0.119
1.461
2.348
0.414
0.893
0.233
0.759
0.023
0.621
0.17
0.84
1.015
0.248
0.05
2.101
0.171
0.544
0.625
0.473
0.895
0.858
0.036
1.799
0.108
0.604
0.075
0.189
0.723
0.065
0.25
1.082
0.87
0.06
0.025
1.26
0.142
0.671
0.448
0.758
1.526
0.875
0.672
0.765
2.764
0.246
0.915
3.649
1.372
0.776
0.093
0.708
0.106
2.433
0.611
0.157
0.45
0.43
0.039
1.281
2.695
0.723
0.233
0.696
0.766
0.026
0.619
1.904
3.283
0.519
1.216
0.849
0.63
1.035
0.819
0.335
0.212
0.052
0.537
0.684
0.579
1.181
0.038
0.036
3.534
1.573
0.519
1.735
0.074
1.018
0.051
1.49
0.599
0.094
0.973
0.312
1.986
1.575
1.512
0.054
0.67
0.618
0.084
0.073
1.259
3.023
1.17
0.807
0.227
0.588
0.805
0.547
0.547
0.406
0.882
0.812
0.627
2.693
0.032
0.92
0.068
1.449
0.054
0.062
0.188
0.74
1.868
0.58
0.685
0.213
0.551
0.111
0.097
0.37
0.689
0.056
1.596
0.058
0.836
1.211
0.611
0.792
0.086
0.025
0.793
0.044
0.053
0.952
1.314
0.531
0.503
1.508
0.044
1.041
1.16
0.062
2.316
0.87
0.054
0.116
0.807
0.1
1.892
0.05
0.029
1.526
0.089
0.204
0.633
0.43
0.859
0.61
0.183
0.708
0.042
0.478
0.684
0.036
0.831
0.565
0.218
0.073
0.035
0.829
0.804
0.739
1.165
0.111
1.011
0.086
0.062
0.667
0.931
0.107
0.837
1.009
0.203
1.038
0.292
0.621
1.29
0.229
0.998
0.134
0.642
0.97
1.225
0.04
0.84
0.957
0.456
0.065
2.109
0.839
1.726
0.637
0.771
0.043
0.969
0.141
0.036
0.298
1.456
0.601
1.052
0.504
1.379
0.085
0.775
0.468
0.082
1.993
0.969
0.645
0.658
0.121
0.684
0.311
1.192
0.777
0.04
0.245
2.792
1.265
0.205
0.042
0.186
0.75
0.089
4.078
0.096
2.148
1.558
0.569
0.839
2.453
1.558
0.697
0.294
1.16
0.958
0.985
0.846
2.127
0.053
2.177
1.335
2.957
0.072
0.019
0.368
1.141
0.024
2.417
0.102
0.54
0.565
2.171
1.458
0.834
1.426
0.819
0.303
0.171
0.591
0.14
0.034
0.714
0.617
1.619
0.081
0.927
0.706
1.898
2.71
1.685
0.097
0.245
2.109
0.936
1.008
1.68
0.246
0.641
0.035
0.1
0.892
0.066
0.623
0.377
0.67
0.485
0.724
3.178
0.072
0.258
0.039
0.071
0.092
0.215
2.078
0.515
0.739
0.083
0.806
1.347
1.203
0.854
0.722
0.038
1.664
0.077
0.262
0.611
1.03
0.715
0.128
1.051
0.704
1.043
0.089
0.256
1.54
1.251
1.997
0.537
2.057
0.161
0.728
0.743
0.147
0.115
1.208
0.597
0.961
0.891
0.625
0.861
0.046
0.163
0.439
3.42
0.443
0.988
0.543
0.673
0.028
1.029
0.866
0.465
0.235
0.256
0.761
1.686
1.05
2.628
0.582
1.17
0.18
0.903
0.92
2.01
0.488
0.03
1.178
0.05
0.876
0.167
3.27
0.743
0.768
0.227
4.167
0.884
0.053
1.766
0.334
0.801
1.979
1.756
0.067
1.178
0.539
0.09
0.196
0.55
0.821
2.022
0.717
0.092
0.153
1.357
0.028
2.172
0.736
0.121
0.086
0.644
1.428
1.963
3.208
1.108
1.102
1.628
0.146
0.885
1.484
1.378
1.127
0.111
1.964
0.828
0.065
0.339
2.099
0.114
1.26
1.164
0.04
2.196
0.816
1.744
0.073
1.189
0.363
0.165
1.086
0.548
1.05
1.528
0.274
1.279
0.173
0.302
1.406
0.022
0.644
0.639
0.879
0.144
1.737
0.463
0.073
1.507
0.168
0.088
0.903
0.804
0.459
0.192
2.322
0.579
0.521
1.811
0.302
0.155
0.753
0.719
0.659
1.132
0.114
0.137
1.654
1.276
0.089
0.827
0.589
2.705
0.039
0.141
0.194
3.312
0.869
0.122
1.028
0.047
1.168
1.845
0.863
1.717
0.067
0.061
1.278
0.57
0.929
0.146
0.996
0.781
0.086
0.05
0.326
0.84
0.169
0.05
1.001
0.181
0.028
0.661
1.153
0.561
0.872
0.016
0.088
0.152
0.161
1.417
0.375
1.166
1.083
0.654
0.244
0.754
0.627
0.843
0.583
1.124
0.604
0.662
0.707
0.118
0.421
0.678
0.174
0.563
0.241
0.103
0.816
0.623
1.764
0.027
0.554
0.398
0.508
0.811
0.021
2.778
3.024
0.044
