x,y,theta
-0.004155264391421141,0.26771160558444845,0.9759767747056216
0.007446513936149483,0.27182680348584903,1.019592100758981
0.019484323375563134,0.2923993345122405,0.985236109534438
0.033563030511283946,0.3086895616777924,1.0339264588972554
0.10905896046928182,0.34411240714234476,0.7218986614007612
0.2241477473629448,0.4100293217058943,0.6439723217182722
0.4557843060906641,0.5577502660541664,0.9311779394805839
0.8452960435038694,0.8805730586209453,1.4206328965593915
0.4496039322144109,0.9976993797484789,3.1379631742556926
0.047825615928027004,0.40894243178504835,-2.481664290378867
-0.5695947138543018,0.18611243271474548,3.1111537926648403
-2.271317774946221,0.11982739843300029,-2.819702701504716
-7.952277800154788,0.8596561535975252,2.0045870344033734
-20.69931863692336,0.04852423510036354,2.980852995856692
-45.072482360091634,0.9878909307964336,2.6851344594676334
-90.39352694514609,0.01663383716602605,2.938523068761283
-171.07536652476597,0.9932412369093737,3.028656285575517
-202.93298401078297,0.0030065470586744174,-2.681558619640956
-202.94284523590312,0.0041786338728994205,-2.7452895051292194
-202.9487959871668,0.004240289514958709,-2.7809225399849407
-202.95790057736934,0.0007595960736622653,-2.871123714863048
-203.00095085421708,0.009455739672998002,-2.789119604818669
-203.09355774596966,0.018217826072799998,-2.8064109094849075
-203.25978947453547,0.00035069598888079045,-2.676249176710998
-203.53272705057583,0.003488042758401166,-2.4848599749803824
-204.10331733131804,0.01007070164691048,-3.0169637281627275
-205.20723595310955,0.014557893364062938,3.0583656789553864
-205.76134723356623,0.9996882087993468,2.814430556416845
-208.9943197739028,0.18685679961282858,2.620532003313488
-212.8929898756072,0.592749328690562,1.5779603328332552
-222.7337151165661,0.008396386276157766,-2.6840418205918324
-250.02765819499976,0.9833601814069861,3.0668661510938637
-295.19648670612804,0.3948642414741415,-3.054142231487491
-371.7098286725028,0.5130029762543558,1.8446074631906253
-409.1282255406541,0.9855194735587327,2.750797325924859
-409.1394719843932,0.9852159569993109,2.756332590951599
-409.15848147064924,0.9850975626497087,2.808783476082729
-409.1662992517532,0.9903071140619805,2.8196661555400757
-409.22541484007564,0.9782832661842558,2.6687481378091835
-409.3186511620021,0.9982032397494193,2.7506083609303307
-409.4772750124711,0.9977798881947579,2.8541228642945233
-409.8037117471097,0.9760440368733392,-3.0159849468038114
-410.2874454897246,0.9676775024527704,2.837378246123002
-411.45480743426936,0.9972462152764223,2.6279213481830794
-413.36692579179453,0.6855288890224344,-2.416568732484004
-414.7196752287453,0.9629716804984036,2.315474445553596
-418.08398328219823,0.9984890738905348,2.8800537010779728
-425.6470120948434,0.4999642536439888,2.105417709463981
-447.3105139429792,0.015920656453392926,-3.1046452881610875
-487.11300167919603,0.8005897562503917,1.4286709686513852
-566.5318554464179,0.6213661819543734,-2.1806062689042163
-598.5922213563637,0.7484118047665719,2.8513138938615823
-598.5941778493772,0.7495200185271904,2.903939236089709
-598.6014194780738,0.7471678250985986,2.8751084792993833
-598.5876297368413,0.7618504432032815,2.804049990588089
-598.5928787924294,0.768250002141757,2.5797043971617803
-598.6007202161333,0.813472599180287,2.4779901892698692
-598.6483826807918,0.9017259950691828,2.532113401239714
-598.928197452477,0.9986841815522036,2.772946999652407
-599.5127588101002,0.9808730906448966,2.655774865851285
-600.6856957070027,0.9694150095016394,-3.1076189873457456
-601.4720717789397,0.2267196690971225,-2.944194226322424
-603.2393769137075,0.4291461053050989,2.3097789772625195
-610.9611604156572,0.8046705530137415,2.4554445329441474
-621.1249100715138,0.8796171725270338,3.074378046189617
-640.1128108228693,0.9110095235696349,2.192776542640946
-678.8141263520185,0.09743134987156979,-0.9339055329946531
-762.6298853601654,0.9986885196507269,3.048367547263698
-798.0161893090444,0.23780525007982317,-2.8176197716239995
-798.0183106003236,0.23605839670294113,-2.743304774688534
-798.0132907723865,0.22529132018444048,-2.7644651754064835
-798.0074325574932,0.23026120778050105,-2.782231420315813
-798.008517353762,0.20455156680398917,-2.844245034502551
-798.0652277285395,0.16028987511092918,-2.811305886781053
-798.1350160903229,0.042641527804575426,-2.664555900712427
-798.4047055300845,0.0064368776341069585,-2.7320872690553
-798.8227233008281,0.21557415269082986,2.5981612815634714
-798.9099843136574,0.9981964416306195,2.346520342229744
-799.9067162615291,0.000305786720086841,-2.881979699392178
-801.8339553042881,0.016982557481929908,2.995761885102004
-807.3107384281584,0.005014752382489806,-2.7282258927677834
-815.4253116131757,0.9798610210416346,-3.1313448139671056
-832.3337203875699,0.5970760232004443,-2.224968725843774
-872.8818409491142,0.19306911653054976,-2.8333646395836833
-961.7805654566363,0.9789529546005147,3.0882881178123736
-997.7574464867132,0.09364869295201313,-2.4136449108759486
-997.7610308855398,0.0923635523681178,-2.4990699792484317
-997.7649377032708,0.08327701797479761,-2.6605392649694033
-997.7758059902936,0.09480332447092889,-2.665056911140635
-997.812568815521,0.08621860846846338,-2.634519056090004
-997.8356670571224,0.07050445930268807,-2.9972923628556853
-997.9978232786946,0.049048718486320975,-2.836441477251466
-998.234919817687,0.0013981161611315834,-2.6506391263704447
-998.8859917123859,0.039811042996217426,2.9119148297910264
-998.856817465182,0.919763272445518,2.4324547432786368
-1000.9547560034675,0.9808815260849594,3.048163142075566
-1004.1238442032598,0.0016306589916454126,-2.6367241548517577
-1007.9509903843476,0.033364406240403766,2.630297321339329
-1016.5011586370822,0.6825273324317851,-3.0615232992044774
-1037.6939090532103,0.9901916314211222,3.13752854798987
-1079.8472317794015,0.008837923225576713,-2.942599232988784
-1154.7155975185995,0.9942965929317967,2.5328670253076666
-1192.1606111539381,0.008262053595877443,3.084350196892008
-1192.1715583349776,0.008078171702276853,3.120477998847794
-1192.1861865732005,0.02015946536626557,-3.122051232057194
-1192.193146909383,0.017122036443069023,3.082664106991828
-1192.2243572894008,0.04887139059004614,-3.0938943834970654
-1192.306154447869,0.03395965526069664,2.813309293440975
-1192.368539600463,0.07815288897085548,2.471923338111236
-1192.3318227999587,0.25923171603445827,1.4695539861461029
-1191.4280258346823,0.7943771206648874,0.7425043909113453
-1191.9562424050218,0.9989340801278607,2.1545437091386868
-1192.9164850033742,0.2137676441990091,-2.1578657792766487
-1195.632497748556,0.9969693455159979,2.503665278025089
-1200.4063645224057,0.6126201029120913,-2.17359906603777
-1209.2509919022896,0.7680191305723917,-2.858348277546916
-1232.3429678484247,0.8066946671192046,-2.6162689587056964
-1263.173518443946,0.9965750363940021,3.055975244175741
-1325.442336567067,0.7865633411118521,-2.941657401589761
-1357.3784910211468,0.8898123139049136,2.10859109982807
-1357.382498559873,0.8912911290189623,2.1042402186004825
-1357.3827256769996,0.8864212193485742,2.2176745260370296
-1357.4041147867454,0.9005719826292249,2.201129176757245
-1357.426891352806,0.9216928907129959,2.307393408852338
-1357.4942104244237,0.9808723144930878,2.496083939338952
-1357.608112932122,0.9968087440843427,2.811627214610917
-1357.9408517764443,0.9943319812163156,2.8239108950314646
-1358.493991731265,0.9181669052383893,-2.816768203434395
-1358.4400863183012,0.008960414823316852,-3.0009496215902245
-1359.6029224825782,0.9745707053795483,3.0185266774882047
-1362.569171182224,0.18139371969586934,2.8377544565122905
-1366.1401477971997,0.26611456652094007,-2.256227919290624
-1376.2685550920123,0.9848100736911523,2.582409378743323
-1393.9437522018754,0.4870624657460418,-2.2255108978552935
-1425.164069462962,0.6077951782405702,2.7137302316352514
-1497.3198148058646,0.7413708980198374,-2.948875895404623
-1527.181102390369,0.9985776918949951,2.9472406139037393
-1527.1787638475416,0.992404675538072,2.959606358060549
-1527.1749095942669,0.9771058867474544,2.873153887896936
-1527.1857413407217,0.9858901491405639,2.965953566024682
-1527.218425272833,0.9975672087343995,3.0351082820040602
-1527.312490633604,0.9927598202334282,-3.0348797447196962
-1527.4108332667734,0.949693811576186,-3.0367294882007982
-1527.6097792001297,0.8841361747629108,-2.4533931796871
-1527.2852337354552,0.33228912631048874,-1.667803947005301
-1528.1344811143995,0.053018583175945926,2.7116766474801786
-1528.6806977448255,0.5814144015523668,-2.289207764080891
-1530.8914855896749,0.9960424184271327,3.122381000979378
-1536.3434633611496,0.9753086638928847,2.8398545457258653
-1544.894296274353,0.9103903426125434,2.7803299582865977
-1564.961211514084,0.7837018956945511,2.4381856719243533
-1600.0863100027136,0.6146692193729735,-0.7784313414840041
-1670.0464321179056,0.055533553700712474,3.063429876946749
-1704.2357780415448,9.615369585359683e-05,-2.890288324300227
-1704.2422354913483,9.615369585359683e-05,-2.904794353907342
-1704.2609221467912,9.615369585359683e-05,-2.888507375077234
-1704.269022993084,9.615369585359683e-05,-2.9703629032009666
-1704.309405494372,0.009433482989629345,3.097951380188256
-1704.4111407638159,0.00985536401104781,-2.9022202641456283
-1704.5801670590017,0.0076772186698042255,-3.014058873552321
-1704.8489642268498,0.0027068267271068754,-2.474478186729354
-1705.451506611262,0.022894357302939504,-2.923853590049101
-1706.703482401301,0.008823848219528163,3.1402293128094145
-1708.7128742561765,0.25855328370863556,3.014418896928288
-1710.8933671399652,0.8918664753759233,3.12224819228737
-1716.0124532369837,0.6609903156916098,2.0982145497276807
-1727.6821312344086,0.6483678327327619,-2.187970402473861
-1749.4355784612774,0.7931081753911915,-2.8561993859431296
-1787.4961885451503,0.000365410286568414,-2.40971207003941
-1858.8782348599482,0.9951724965467834,2.911698298800639
-1888.32580992708,0.9773369936332849,3.0162613165915912
-1888.3348870395614,0.9738754969447209,3.044145633304499
-1888.3486130024637,0.9693696757946779,3.016466339814915
-1888.380375773183,0.9780438311116678,2.928807263749757
-1888.4059192832663,0.9696338638438092,2.918646050021966
-1888.4770575267037,0.9934491288648606,2.915421584646877
-1888.6252555120602,0.9898835101369282,2.7193970066824518
-1888.9182364939245,0.9852517940517221,-2.745692086208112
-1888.9932955885158,0.5878078160879436,-2.030886027218143
-1889.0861301391221,0.02983140440658159,3.1141723497196363
-1889.8920110567406,0.7693012795881915,-2.809450236135348
-1891.040408802554,0.002597944600028353,-2.5682227451757123
-1897.6300969946246,0.010448935742604037,-2.726436418490336
-1908.0768710302011,0.027723716244564232,-2.9467189362057877
-1929.5230673569035,0.9893159285024313,3.105024712582539
-1967.1385715483034,0.01878847429023975,3.132252990031164
-2048.9071165942973,0.0063719487968893936,-2.8383721956961194
-2084.7667154778806,0.9963800375905467,3.115259775692513
-2084.7698969182534,0.9979100131935191,3.1304770039258694
-2084.7788018900737,0.9908431757013022,3.0853953608722513
-2084.8121222604295,0.9874557439253905,-3.057957811854392
-2084.8178354409647,0.9688508876009737,-3.0068708813412472
-2084.8881073030407,0.945850545091698,-2.9971585189800702
-2085.0423432050766,0.9247590321263552,-2.995908185393058
-2085.1822157905185,0.9168337354681958,2.696600973221649
-2085.651210203763,0.9177360567593964,3.044116301620237
-2086.714527919129,0.7718009120393137,-2.227793268638067
-2087.9553086383457,0.004130915828228436,-2.8021437447258926
-2091.1947958156143,0.8226849268350122,-2.914249226848426
-2096.679679976057,0.9940930220294214,2.7166915087404178
-2108.140300459379,0.009823437158854021,-2.672163582226459
-2128.9062640264474,0.997488050333419,2.630796255820756
-2169.742402060462,0.010313016056527513,-3.1342150845547856
-2256.99708827796,0.9603352273736505,-3.07206203892404
-2290.0470626997426,0.010859947941394535,-2.260671663171444
-2290.0539026235265,0.008982079936478421,-2.220899087410558
-2290.0491348568326,0.01120541725310171,-2.2052839844708694
-2290.0757046789886,0.007542350840617868,-2.1808127227547898
-2290.116294519395,0.00026418809649973295,-2.344772642120615
-2290.1503423485146,0.010596335759773005,-2.5294473998824123
-2290.3165895759353,0.006769096496766619,-2.700856843359649
-2290.589414896266,0.006572446232653566,-2.8060666313880858
-2291.1428734923056,0.06484349513465665,2.567899141503254
-2290.762446109962,0.9999957362624591,2.61207850374959
-2292.978358693894,0.9995650026907257,2.7951455400936904
-2295.8564770371586,0.01957257530584461,-2.676514370983504
-2299.4847835075516,0.5966968815381297,-2.795957398241433
-2308.000479452714,0.0033237536517282916,-2.780668882930687
-2333.2924035393835,0.988010493493021,-2.9101754540678453
-2372.962133011133,0.9394556065808057,-2.5303516436073195
-2442.7145565631654,0.5001818729208475,-2.508989085878
-2478.4994924241973,0.003104851752386441,-2.954659811320804
-2478.4993929483267,0.003104851752386441,-3.0927097584971643
-2478.5082456601517,0.005307370900465389,3.12287347650555
-2478.5299146245766,0.0029117306967684983,3.123907159168545
-2478.5686949003034,0.004806857876815003,-3.0827491951397943
-2478.644280134887,0.032308708986905646,3.0425792977962764
-2478.755167831571,0.01748347183216667,-3.0181208165623823
-2479.0247431897906,0.005233231800492649,-2.884150991648436
-2479.625900063939,0.049420397962575184,-3.0305189794756133
-2480.6579405427287,0.23706234547956448,1.994384957508533
-2482.089636238474,0.9982159093990076,2.9713249897504515
-2485.028098684621,0.392059217618123,2.0725772422731854
-2489.9750767137693,0.9982084185887247,2.574926995937699
-2498.6502046829414,0.41253784802290194,2.7192095799685427
-2518.7068157571616,0.0019916431093785145,-2.9359401465050166
-2558.300940834852,0.9510365661845035,2.919581948270192
-2640.268427627968,0.9974394518445671,3.067224493247423
-2677.1567674532807,0.5433040984198307,1.2994267910473232
-2677.148062853768,0.5478370476439296,1.2805845845984472
-2677.1433245794456,0.5528809609431234,1.2700783369907143
-2677.134908063759,0.5808702162363916,1.3552772527918409
-2677.078311409433,0.6040238507769076,1.2070094820195365
-2676.9686213748764,0.6683247533030737,1.5070537437766394
-2676.893635965654,0.8250616349825913,2.071457802151075
-2677.046526054955,0.9986376658210215,2.657337941432578
-2677.645182298656,0.9722213945077187,-2.9947371220877304
-2677.6722445204778,0.26365638349444925,-2.436143413333524
-2679.7100756376544,0.00320831598456857,-2.6949283478015866
-2682.0683422396132,0.17658085394135448,-1.8120558652078416
-2689.5805112900107,0.9784737069951759,2.8678069575829177
-2697.2688070736867,0.997426269944986,2.2264387663040592
-2715.8950480843228,0.9988028924808454,2.6160030966803998
-2751.0582371505725,0.17562524182333875,2.115541526575779
-2820.3812540832414,0.42425991913376365,-2.6869535258183315
-2855.9214885666393,0.07734570305611496,2.6475849211271836
-2855.92665515387,0.09712882203362715,2.6944431863108047
-2855.932351544888,0.09925347924254453,2.6180083641971574
-2855.9421997949426,0.11266159654620837,2.6394748979120504
-2855.9571049236424,0.13610588520379113,2.496249876190906
-2855.978281777727,0.21242688183229833,2.24199737307446
-2855.969517997027,0.35035511874109765,2.014156762523209
-2855.7334082023253,0.6270392302826856,1.8450345527827992
-2856.0273177828817,0.9905732092836338,2.770780767436274
-2856.7047746384874,0.5544075757728455,-1.5764788228981095
-2857.849390261977,0.15363070445410926,2.2680524033819127
-2859.3612035355322,0.24027068889300884,-2.7410433562617884
-2863.082965724966,0.010670823099699953,2.9354410374985234
-2874.0650358183225,0.5987643153627894,1.752055038746403
-2894.1417916576797,0.9866646662337312,2.9842860943122593
-2937.9699107667243,0.008504601992852094,-2.778323452411225
-3001.6614357676876,0.9813895997260013,2.82028861732032
-3037.320246779726,0.002641210326619007,-2.7819154023912307
-3037.320992524906,0.00020204698180893222,-2.8137228740224183
-3037.3224421756486,0.0018558756127884921,-2.828792850413289
-3037.3323136983145,0.005326442405910834,-2.881799008293816
-3037.3594444191435,0.004691032855435907,-2.9158054767077988
-3037.4387383270723,0.02596276732778771,-3.060281462090847
-3037.578954078627,0.027497111711677357,-3.025862156393301
-3037.7207978399924,0.23510532169767537,2.101110551256875
-3037.426701602318,0.7796224495296885,2.123020139511845
-3038.4367702630802,0.9960804582593662,2.8664419927085873
-3040.7108713719485,0.9976061906704502,3.041795579101798
-3042.763062380884,0.3251480355821149,-3.039739809673352
-3049.798878021587,0.8258678970227894,2.482976489268909
-3059.4317010241666,0.2030149480767478,2.339798647962004
-3083.2451552528887,0.9963403503297584,2.7664969143878224
-3122.904009054583,0.003813222917533733,-2.74988893137048
-3201.8598583850944,0.8341373381251901,2.35952719598839
-3243.483731705404,0.9961782368528024,2.7426602059309886
-3243.4860885526423,0.9979407397190109,2.6952958918524335
-3243.4882377776207,0.9986430125742258,2.7507660137666825
-3243.5031436660543,0.9859963011367296,2.972938711760003
-3243.5421940634315,0.9876876932364623,2.8570235701943005
-3243.6393535661405,0.9871826408650881,-3.141084497311433
-3243.803536621358,0.9640410876879706,-2.413041119781895
-3243.8469154637487,0.7374023286584691,-2.341008120299335
-3243.3407127562505,0.2541605975429917,-1.5639218564665416
-3244.0907554332985,0.04253390762818737,-3.0279659620628747
-3245.3362935718737,0.2411493203354436,-3.1160448935614817
-3249.438150258434,0.0029005293351009494,-2.844021212804029
-3254.4051262363305,0.9292523478582563,2.6742878860524026
-3264.719970289021,0.8128023196168729,-2.7989236147583685
-3285.394352996001,0.9995760992682027,2.614391212477414
-3331.4657784660917,0.028276119610696468,2.582969808621465
-3409.3790371172936,0.034920602396421745,-2.786892833621033
-3449.0019584036017,0.9935028175087494,3.094931586076042
-3449.00837916845,0.9935028175087494,3.1017184700769036
-3449.030560272321,0.9938343748882499,3.10561631900147
-3449.0515806030485,0.9899270735110168,3.080183669348166
-3449.0997736403997,0.980662366136431,-3.075526206975915
-3449.1508369852863,0.9480745023991745,-2.8668186836462177
-3449.2801573384336,0.9306975625589323,3.1404727650939126
-3449.5248065529818,0.9151333424865736,-3.0957800505029964
-3450.12384580608,0.9882388705421282,2.9299330079766914
-3451.224221696496,0.9987211152868744,2.447660901762683
-3453.467197644105,0.8498236535673819,-2.1455065092884307
-3455.4195560992875,0.9911058718136565,2.7097202989460163
-3461.3924913615606,0.7157919296161585,-2.304380450893
-3471.634096864632,0.99497726570416,2.8573419746956947
-3494.2437162094,0.9980906079073322,2.7709699046398786
-3540.379016983458,0.9789962333931148,-2.869609038165936
-3621.061631804413,0.17050872969652203,1.5579895658125302
-3655.306960796244,0.05319590949727679,-3.0526298147414375
-3655.311231305282,0.04623434123252607,3.134226437140823
-3655.3141377649345,0.0459695302811999,-3.0549197208677414
-3655.3458952915366,0.04446532120608423,-3.1320084525895493
-3655.374615980442,0.0441122217469111,3.1180053841606963
-3655.4525933895493,0.05378408174520824,-3.066597107596249
-3655.580353110972,0.0952694954466976,3.029580739585384
-3655.676865022606,0.21841010993638088,2.3503762712149747
-3655.6337775660386,0.5734420183220048,2.697759623704777
-3656.359232538934,0.9897181129633383,2.799361713286821
-3658.0246532919778,0.5973707135733244,-2.2714035192441706
-3659.787242043562,0.9981804374139384,2.887185613804803
-3663.355691524976,0.5505980036615874,2.530490092976244
-3672.563006036765,0.9756644961160119,-3.055638869945544
-3692.2000246336543,0.36953289342297163,-2.295794031838217
-3727.771434140749,0.8681704927806727,3.0182560502762854
-3800.428964990998,0.9895387355244638,2.8521935913351584
-3841.467835504671,0.9894863414776762,2.7202813818199
-3841.464954176659,0.9954614660654656,2.697289625764034
-3841.4830122987855,0.9995380997222123,2.6004821881522577
-3841.5025147131105,0.9996990050011112,2.482296151952559
-3841.543128514857,0.9993160578426482,2.402141029501726
-3841.6016774953987,0.994076536194739,2.451984438012926
-3841.7479344532367,0.9994106545398246,2.833957753254751
-3842.0073722413995,0.979062794840241,-3.069404364432423
-3842.0423654191936,0.4963009030848968,-2.142501898555064
-3842.6208778266882,0.07563561486963115,2.5998009860101483
-3843.4518844579857,0.6824708910873364,-2.2339851935321717
-3844.8694347241612,0.9982249790324935,2.6555303934205305
-3851.27450782993,0.980107083761973,-3.0757581715100266
-3861.485962486348,0.39318572277745245,1.4651370673787572
-3883.237766411024,0.10833946123206127,2.6583325485842773
-3927.0995076070317,0.9802865854305177,3.1228079385986227
-4008.275399396622,0.008076721082762878,-3.1319837588135524
-4040.435737300171,0.0014353771988775514,-2.088425466326008
-4040.438444377768,0.0014353771988775514,-2.1243641991673057
-4040.4482350404014,0.0070655480576948685,-2.1372522146656685
-4040.465735697278,6.680733550949486e-05,-2.1585428073368114
-4040.4934854745466,0.0013306437833072735,-2.269171295060281
-4040.553198472329,0.002021296326820799,-2.3899273701946693
-4040.7076101688363,0.0013469912754972807,-2.6976438095194677
-4041.0109208173462,0.012173586757909024,-2.7661416203207256
-4041.5224570534824,0.003982381331255973,-3.0612169225863495
-4042.7541526867217,0.007046235856349987,-2.749077555569553
-4044.7143078870977,0.2478389520570518,2.5766522023377316
-4046.747873536886,0.27193285157263813,2.044549844880992
-4050.432912934543,0.2358241925910379,3.1269659773860274
-4059.23108769122,0.12161578782669788,-2.5979682799840003
-4082.165330776249,0.9514837829963667,2.8337223581080355
-4117.809175328407,0.6222905467804386,2.8829738274737036
-4198.7103112668065,0.4592259485986619,2.4793758745093504
-4230.2686410973365,0.9861229296164772,2.805830878675046
-4230.272516462752,0.9867241543056949,2.815356604011595
-4230.274996953449,0.9906202562904307,2.836971379677845
-4230.288802046174,0.9975377954200229,2.7870343742143717
-4230.30691070534,0.9956287752402282,2.8073689736225944
-4230.371981764386,0.9992183368629871,2.9852675425634825
-4230.553297533166,0.9942733248930272,2.995787506579081
-4230.8070955272005,0.999809022896381,2.8272497527638905
-4231.311401396022,0.905715494982479,-2.958284611063945
-4231.075914877178,0.04264019363022623,-2.098188357123007
-4233.326227994368,0.028001159481844607,-2.8379793342083897
-4235.59505476704,0.09238110152701345,3.0804784147975957
-4241.561628678677,0.03240260544021487,-2.9014099518917646
-4250.301156927501,0.034496843473575185,-2.800183679375325
-4272.947512970643,0.9659147918393074,3.088698323841399
-4311.303465127228,0.9913175562699218,2.8575697400226154
-4383.259823644116,0.909359273542979,3.084938029563121
-4409.857287282863,0.23786396938347978,-2.3680415717946315
-4409.8554715638265,0.23213812737540607,-2.4049758653866173
-4409.847365082067,0.2174653024357675,-2.5254994838574163
-4409.862758687083,0.21002134520663754,-2.568204599485878
-4409.888996737269,0.20805476411967597,-2.5209331058277598
-4409.898525840131,0.1656072248952115,-2.7717936356352184
-4409.960029458191,0.08062349875806538,-2.6509724228276697
-4410.202989133061,0.002975470318970969,-2.6030228292103237
-4410.797060957283,0.0373436141799876,3.1119498517596487
-4410.891737702329,0.8049471978366883,2.1662346715727363
-4412.570677071382,0.689809080707566,3.0849696855009423
-4415.114231512006,0.007769242174380686,-2.817894426445775
-4420.61001110314,0.6125139700724598,-1.4416326762638614
-4430.961033160439,0.9674116557185178,-2.91499329939904
-4454.467742410725,0.8092465381021234,-2.756569095451458
-4485.625685213081,0.0116856089898905,-2.8129295369847966
-4553.794185251867,0.0013144744069866115,-2.7254915225620944
-4585.924139066065,0.6069314679398337,-2.805503281246277
-4585.929822063073,0.6076249666273231,-2.8264386498907914
-4585.937593167687,0.5880199801465777,-2.8444652726968993
-4585.940001043492,0.576815122694797,-2.7716647104392513
-4585.935900015318,0.5773102903106515,-2.9525046147944884
-4585.93188311063,0.5465891724216789,-2.871683660472991
-4585.931958507822,0.429919506616307,-2.7889790934738987
-4585.900766684959,0.17235577775536107,-2.303835993543008
-4586.240427712579,0.0027066976230675117,-2.828196346812694
-4587.424359185713,0.021135861580344823,-3.0604900807395032
-4588.502784793796,0.9933664567291669,2.856743936987934
-4591.526869082429,0.021100421727417818,3.0201481677199205
-4595.119724115013,0.014578277367261755,-2.921408715671988
-4606.217506258609,0.18658680761167415,2.2546331157055146
-4624.209489377015,0.9992731216445824,3.023512229597256
-4663.6783003669,0.01813625711068167,-2.9319377460402363
-4742.450741738878,0.005963426579226473,-2.7263088319202744
-4776.578312847601,0.8362708700072675,-2.907278708542022
-4776.576202013728,0.8264407142254635,-2.9514109235885826
-4776.583554094888,0.8143699378044656,-3.0177950230353363
-4776.5956931055,0.8266506443527695,-2.8731844727665705
-4776.599504048844,0.8027330416159543,-2.7017262656401746
-4776.594334053338,0.7464919817985608,-2.2398324850668234
-4776.515546132592,0.5831226698375304,-1.7800094109244882
-4776.323316359732,0.313874755850336,-2.2000629435610626
-4776.60418227696,0.010564312387959983,-2.47625971917451
-4777.200179958153,0.5511784332673604,2.2654342084513077
-4778.8139128298335,0.9975724919944188,2.756759440215662
-4781.153216760432,0.7361627293359402,2.2852918683708303
-4785.137414095094,0.2912520601429653,-1.6964513914050503
-4796.161048493616,0.998623484718146,2.8671210223562102
-4814.096742412777,0.8910554689569687,3.007379154204809
-4848.6923653620615,0.9349910794205804,3.013442871450791
-4933.057793183468,0.3770439272023971,2.4202424727796465
-4968.32280944693,0.6852611891851917,-2.7968027583606436
-4968.322677537603,0.6838463721441447,-2.8333761222629885
-4968.327081457061,0.6736879559959346,-2.789418398304321
-4968.330987427512,0.6736944484939188,-2.8329452860049154
-4968.338706675343,0.6860838105089186,-3.0141276258652785
-4968.367891958482,0.6603863958123437,3.123032792344791
-4968.345929611609,0.6203820874207074,-3.0944367265412245
-4968.3637837187525,0.6161028052684338,-2.9763230025091008
-4968.269301873396,0.30061035980523965,-2.7126486994973678
-4968.482069117481,0.23358148881153123,-2.8565004655056128
-4969.325157562118,0.03411737640276403,3.0709573329399804
-4971.957217276269,0.9686583707948455,-2.870864255449361
-4976.906145146882,0.00014710032837849567,-2.707449001720042
-4985.106588013902,0.6748518240614659,2.5300310958102425
-5004.8995751959355,0.9237656013691736,-2.8745693660285676
-5052.254682932108,0.008104305819571085,-2.6393467957096073
-5134.223790317715,0.0009769393814801457,-2.688602877491449
-5172.750534070339,0.6506711261444865,2.268400728023675
-5172.751414876673,0.6543156020523269,2.1746721345203675
-5172.758140278362,0.6528940824307292,2.23592785672831
-5172.765643077219,0.6643026230679356,2.116774095852101
-5172.732515927865,0.6938369609951941,1.892176812820198
-5172.686297303884,0.7762853299701816,2.1660293724473956
-5172.660564874124,0.843229255595392,2.450103957554605
-5172.91969053827,0.9895102537503164,2.6641981339966296
-5173.493597833986,0.9898592121989749,-2.9380708331972274
-5174.769208396497,0.964317727791516,-2.838536003730284
-5175.134884015512,0.2179137288400693,-2.98988643777855
-5178.250821118207,0.8113230119101167,2.3380484157866537
-5183.697085557408,0.33260839642735074,-2.8399681253776907
-5195.170279103845,0.3472260315740808,-2.523771649644551
-5217.144480263581,0.857488915034751,2.5777881718066684
-5256.323394649097,0.4833006850644658,-2.1207588341229258
-5337.207714656974,0.9308588116305866,2.831778053330284
-5371.8727122328355,0.9950189774958498,3.078501744418209
-5371.87411154002,0.9996758013305023,3.0913117799713863
-5371.876543699497,0.9969312364026666,3.1200173675749525
-5371.895809502116,0.9944643918143685,3.0392044757163905
-5371.928529360208,0.9956300111565511,-3.1415566032618605
-5371.983047824724,0.9971304672899812,-2.865047755673162
-5372.09862680592,0.9799755113305899,-2.8127719651091576
-5372.245326070544,0.7749051891620505,-2.1011165962840685
-5371.812426336781,0.1299917916120607,-1.9955044584422932
-5372.645721524098,0.006708042399984406,-2.7698671091955105
-5373.629301626405,0.9815697191409691,-3.042064466796183
-5374.940803780011,0.5318789843895716,-2.7922072441978996
-5380.688563819924,0.03262578851980896,2.9468745062638178
-5392.40869874682,0.8729856936925027,-3.0115393171365246
-5409.505684894105,0.10806885647490715,2.512011440430051
-5439.161706873524,0.412780125367797,-2.167785933179686
-5521.609880219725,0.20042446647421883,-2.85351673705796
-5556.824157278826,0.13530099526584344,2.8274512253242348
-5556.82684588368,0.13359668965817792,2.7982764901214168
-5556.835707978693,0.14740687347899112,2.7474506051083303
-5556.838514463244,0.14759533950120024,2.71645277366272
-5556.874036491988,0.1371691695830629,2.7111178441340336
-5556.897082754931,0.19035553715489487,2.9954918836149
-5556.925104294284,0.18387436623830664,2.9967238271746464
-5557.079450596682,0.07805228119960345,-2.6010303839288245
-5557.568832595114,0.0026135608844266747,-2.6590978852980203
-5558.463598008014,0.19626871264468362,1.8871306770787175
-5559.420032277439,0.9335948786006398,2.9732866299509517
-5562.080756586229,0.29595884012515294,2.8343900512064835
-5565.577910966926,0.009607497792743738,2.9692195215776813
-5575.735791330201,0.9912681500253102,2.9250770995965905
-5596.169513660441,0.9746673052846704,2.927736562344787
-5636.178821552151,0.05579929598953062,-2.0767201877778705
-5717.235909251007,0.22126415299603006,-2.6525208746411546
-5752.71372518784,0.18887669543617658,-3.095842331222759
-5752.715937361076,0.18618259746443652,-3.1167895446699094
-5752.729979459341,0.19786863027278012,-3.0762525763328257
-5752.726725717545,0.19850886338580345,-3.1183784427347208
-5752.725657392652,0.2159518446411875,2.9956105323327273
-5752.752127736623,0.20499705335433555,2.9105530721459907
-5752.803606290315,0.2037993246509254,3.080446238869884
-5752.923606692901,0.2015558912654999,-2.7532137880148984
-5753.264372387305,0.01864573827824952,3.054899593838009
-5754.0647391174825,0.22667353388152395,2.7888380434962903
-5754.3772647268115,0.35266105552881777,-2.4803597824372856
-5757.302177417224,0.9990445415164774,2.9910788068157785
-5762.313436900026,0.0037519066302895924,-2.693895811808515
-5775.510214530804,0.9971614793124479,2.8591754021684608
-5796.317943018116,0.5472821842605504,-2.056397557538575
-5841.398058910638,0.8066305401250493,2.7715865416690635
-5923.709590273864,0.5187237813871353,1.9617350357064094
-5960.355742078317,0.9996845988531011,2.5748902833151845
-5960.359583892832,0.9996845988531011,2.57968031894879
-5960.3631924814745,0.9982275217763337,2.556007985211096
-5960.388870300861,0.9936533332790025,2.6054154599299
-5960.448109755452,0.9906309359488924,2.546422851733162
-5960.500492672194,0.9975157813557026,2.399306719136094
-5960.62331677082,0.9968249817991384,2.809403565213877
-5960.913655490844,0.9913712381923943,2.7384936582575907
-5961.494782277617,0.9709450089072222,-3.0945436347665707
-5961.295302472922,0.00016117100560619985,-2.1578806530276977
-5962.209762098862,0.25188783274574505,-2.9988094976753623
-5965.371507960375,0.9934912345735826,3.1077255272100412
-5970.560410515411,0.16231436050505166,-2.0688661988422417
-5981.387815716483,0.794264579324074,2.8901219350781684
-6000.982000504203,0.9810123837765564,3.140696486839765
-6041.320322449725,0.8807558907163794,2.609512934934507
-6133.465650059329,0.9913718985344981,3.1204859866912864
-6171.475547730052,0.967609092929503,3.035239117368169
-6171.481100069645,0.9575462082659693,3.038069933299729
-6171.491041381097,0.9589576583962222,3.025240470020359
-6171.510299428084,0.9620190349362606,3.118411169386256
-6171.548533317063,0.974255798308552,-3.1207855730758833
-6171.62683580207,0.9796917393354377,-3.071754813969455
-6171.783682708954,0.946362184678337,-3.0020253302800364
-6172.045397298774,0.9041357126333809,-2.575131307908194
-6172.09454039451,0.5467316242867984,-2.3638735203626258
-6171.906546016522,0.5929469394632733,2.25350305191159
-6172.8447441950475,0.3448255547953463,-2.3366714930921098
-6175.223252877814,0.5952901231523012,-2.9049145675865247
-6180.228893370127,3.297342732620041e-05,-2.692553739628838
-6188.269761025892,0.9989196665177429,2.7509744905286677
-6208.582512525586,0.012904800798321764,-2.4694828369251955
-6246.414745126978,0.011424509480965187,-2.967745878786309
-6325.709217408668,0.17674616303176632,-3.1356761025377855
-6363.201834930323,0.8566693932224918,3.0340855050766766
-6363.209885604389,0.8551219113214916,3.0556989051576
-6363.209072020703,0.8601822061442835,2.925561921968492
-6363.192998057748,0.8515987709042586,2.7459115184853182
-6363.197431300887,0.8493591687887887,2.7179820740073133
-6363.24149225702,0.8770554898212071,2.8655691444399807
-6363.323495167304,0.8675638438270113,-3.0101102185865947
-6363.3902759810835,0.7781821385286433,-2.908594815246604
-6363.442465722266,0.791367341355122,2.598592386310874
-6364.419727231637,0.9997595656482692,2.783531381732997
-6366.501403360289,0.9949299728289082,2.8065549447093874
-6367.836667540869,0.716427136424338,-2.726754414716254
-6371.464878713838,0.5942983485401614,-2.5049139414468056
-6381.194303815145,0.9974061204249917,2.7133534875737872
-6400.756647141848,0.432858103495107,2.7716000043732034
-6438.73864172584,0.6917397443585944,-2.885183106174774
-6515.603177740217,0.8647812628092147,2.5730585366660303
-6546.5051904524735,0.5439581004811921,1.803228434320606
-6546.506597517525,0.5479643229188527,1.8130923405976533
-6546.494926829041,0.5512188171904152,1.8250431033386123
-6546.493945126052,0.5766708066693224,1.7640587966523986
-6546.475909241251,0.6009271107351211,1.7660619978249397
-6546.433246307612,0.6817070436045128,1.9540982148588828
-6546.421358715294,0.8269760295677604,2.1929426419111167
-6546.663798563943,0.9997510840262958,2.5883656295607222
-6547.107624454516,0.9854589622653166,-3.0114301461116284
-6547.813441176991,0.6395102421523349,-2.4728462954282673
-6548.854190211693,0.21753825291207124,2.489314519926067
-6551.31195963972,0.15417307251918294,-2.5698420446763475
-6555.344865602776,0.6441531190007203,-2.7092735131542587
-6567.004073136368,0.05974494029075876,-2.9176832739455287
-6587.867167257207,0.002562301732392769,3.1265656603530596
-6630.618371380602,0.06488902978720869,2.338569990360271
-6704.259766158591,0.4564687912427695,-2.6809794118228076
-6743.951431894535,0.9989835528359453,2.822203431962677
-6743.959032316598,0.9989835528359453,2.8055741382168407
-6743.97558295117,0.9989835528359453,2.886957432159738
-6743.992315434194,0.9999061519902807,2.8803415636395906
-6744.071725156257,0.9904937146415844,2.8257685096264664
-6744.153781033073,0.9964246963590566,2.8022409002229693
-6744.249139702253,0.9978932120301619,2.9406272599018592
-6744.598421270087,0.9967671971363149,2.9113092794083864
-6745.121687919914,0.7852462745229223,-2.1779806677843223
-6745.416208399022,0.9976127319840207,2.8550001355010677
-6747.557804410628,0.9853163064096853,2.7537592926115515
-6750.725496189139,0.09219806166933578,2.465231311158556
-6754.499318904309,0.0002369826688085391,-2.8578941461444205
-6766.245960654148,0.010417254736398518,-2.8108347864486647
-6783.294816049359,0.9990314648057063,2.658074821087842
-6822.929889589616,0.0011598550874565268,-2.7918100287845586
-6914.140661238631,0.005964432550727395,-3.0256078029096365
-6951.914040073142,0.02543239971733921,-2.8154751320685185
-6951.913526786705,0.024099634523440955,-2.7850004714057355
-6951.9146698385775,0.024955379323662687,-2.7362582278983196
-6951.938778655123,0.028428126851766142,-2.7281171374513686
-6951.964396078024,0.0028545142328112692,-2.9463888091226074
-6952.06884892808,0.0070763255315304556,-2.926874278895449
-6952.238493830992,0.0037710506440819924,-2.8591048091367797
-6952.5210180110835,0.07222292580741957,2.8579656877020136
-6952.617535426153,0.3510147905232512,1.7083475987162462
-6952.789445509743,0.9917575271351563,3.087606480852198
-6954.477202085058,0.6174941338010396,-2.4816684921552503
-6956.345540800038,0.4788131717710589,2.868586919981702
-6960.352813870002,0.9947413532108543,2.8240503814883526
-6970.557526995356,0.947522945288451,-2.8277208204304003
-6980.372371372289,0.9841352576969769,2.7766440572841304
-7017.584624796645,0.8556166925990062,-2.9064697769048005
-7096.518601277823,0.822680844285906,2.8017662491566657
-7134.0413894421245,0.9050126715868103,3.056383200165545
-7134.043063142243,0.9013134920579408,3.1180986751687163
-7134.050779507935,0.9103697727747188,3.043408512194496
-7134.064037720925,0.8991355100917054,2.9979197997575273
-7134.070472010526,0.9152283031164468,2.9277125277860954
-7134.166990894214,0.8886500905239143,-2.8210702071545373
-7134.247684183022,0.8489404235966379,-2.245666024083379
-7134.104603454233,0.5346720901092287,-1.7588180288335016
-7134.113104153532,0.016178414386188004,-2.9699629234855207
-7135.300784262775,0.0005507128615552268,-2.9511295147307326
-7136.26560906495,0.7176656281706902,2.6954416019265093
-7138.854120923507,0.0009468879276333915,-2.3892456766630117
-7143.5194679924225,0.5943070599138348,-2.4683691530929606
-7155.213733060071,0.9920547293930506,2.615629700132927
-7175.698013014628,0.19112547004152167,-1.9306838185431898
-7213.067258831439,0.9226363277850002,-2.842062620432379
-7294.215656050045,0.5690589172124583,2.727697651722451
-7333.4411433599025,0.9688340162678434,-3.0610004426496227
-7333.450221750035,0.9661179700008441,-3.0559176739972798
-7333.459854147194,0.9639267032853444,-3.0327521888781885
-7333.477190119049,0.9691830165452483,3.087768231161511
-7333.53198571548,0.9759891983833988,2.9813913731529382
-7333.6317437809885,0.9894683024697789,-2.9943576940774874
-7333.8062587984095,0.9646371940544859,-3.112176129245387
-7334.077337631579,0.9239844691023996,-2.815218969161236
-7334.409471798611,0.9426039913777798,2.8471102440503495
-7335.408742870226,0.999891311241251,2.207587429122878
-7337.545441788449,0.9956213759027366,2.5458087830588436
-7340.884662751007,0.001374420668148278,-2.8028106663462076
-7343.863986679172,0.1884610717640084,-3.099828068209735
-7353.9121754289945,0.40980661456103595,1.8116325494860632
-7378.0458112608585,0.9918425227559731,2.673764503054313
-7413.114349003105,0.37240410240095745,2.4276482876839482
-7493.993723921083,0.99820099162312,2.8987663010914355
-7525.394173446996,0.7094470670425007,-2.336690820349808
-7525.392267042288,0.7097378144527582,-2.38509191141874
-7525.390639009795,0.7067468667889798,-2.412605566698752
-7525.382166996074,0.6923818553358013,-2.4001803453355803
-7525.369822899755,0.6670755616497729,-2.3630960388248625
-7525.385859414098,0.6346231142238782,-2.588539688313725
-7525.422195916977,0.5684286587950023,-3.0187253142586137
-7525.364434046693,0.5169901184374615,-2.8574340250327435
-7525.395616658386,0.2183264968079776,-2.4986812595733974
-7526.286011738952,0.005857642661434331,-2.571728264887201
-7528.538487951383,0.09357931799554399,-3.0950611398322483
-7530.22224564055,0.010584014112793614,-2.872694094055036
-7535.467709845433,0.9966394216800364,2.661456047308927
-7546.519197711804,0.030037685301643982,-2.8493562239259975
-7569.45822186574,0.9999389657916243,2.5528622487994204
-7605.117331864142,0.0004238967228421262,-3.127824234208472
-7685.814214344745,0.9925958653874998,3.0338057832986287
-7712.981541862697,0.5784288784570469,-2.263241001145197
-7712.97888227879,0.5778112191343159,-2.267634730878474
-7712.970704802803,0.565879110715892,-2.24289892682114
-7712.966412160278,0.5444343797649638,-2.1302598171715865
-7712.9693743893995,0.48657338567223174,-2.2047100295777744
-7712.93853667662,0.4124701347946816,-2.350731934455808
-7712.902517568199,0.3216608249277986,-2.5972740659930347
-7712.79742135534,0.0646375814237105,-2.2066639659472926
-7713.223631274835,0.0049850901169929554,-2.6197135597198145
-7714.270440445663,0.003147421936705334,-3.052342824748566
-7716.067895780486,0.5105572386690296,2.362160519223611
-7717.058381257687,0.6869745472074019,-2.27760649540277
-7720.6587570333495,0.055533863663208345,-2.4312026591682208
-7730.272661745773,0.902662805871453,2.6216785516146714
-7750.268167663558,0.2448012264914158,1.4433750514665862
-7789.559271701376,0.022626575660182835,2.962569789505128
-7867.946265125293,0.004246579843285547,-2.6336215888616032
-7901.762922275762,0.9782031377515078,3.0897977344528886
-7901.760824096406,0.976170451875266,3.097056650189585
-7901.777674468732,0.9804860259710809,3.140534233377484
-7901.794538147707,0.9989882582576446,-3.140350812942758
-7901.821909415903,0.9785505921890955,-3.0472190576451275
-7901.878740206717,0.929367640504035,-2.6098933906729687
-7901.967960750842,0.8208539138701421,-2.1478538322691536
-7901.839130182567,0.5717242666199998,-2.0376494028066503
-7901.791302165351,0.2457931892257072,2.855638202231381
-7902.5802676097055,0.030809155913810275,2.9449057290805243
-7903.214830017622,0.5908247068058033,2.9131314890426445
-7905.226775002755,0.27162280500854935,-1.5285596905139476
-7910.3626970252635,0.00508364948757755,-2.8426932070474447
-7920.704896120054,0.4713329432730695,-2.6189946207935844
-7941.098496343036,0.017323979873570365,3.070715010025249
-7974.663571436384,0.01838325804427374,-3.138275682077838
-8065.558524889449,0.9842448090194817,2.978173740082344
-8100.917835056716,0.01833441970472483,-2.5917200282277366
-8100.91986699409,0.012693589118974712,-2.5600471735725776
-8100.9220882393565,0.006508533621559277,-2.6904126680501617
-8100.945929588982,0.006709144885842229,-2.702887709506705
-8100.970179438151,0.006581200006004664,-2.704364760220961
-8101.058007010212,0.004314198258083495,-2.831631829559751
-8101.221378519631,0.05401090358820711,-3.0391525605959577
-8101.344592969685,0.2434561561492743,2.0260615437279625
-8101.111320457921,0.724916229178932,1.7359282200047819
-8101.874194667679,0.9966485274889072,2.426209462992504
-8104.12838093604,0.9407037372422987,3.1080750391932277
-8106.565277735099,0.9887231997207508,3.138222415163277
-8113.409391905213,0.9892413352089836,2.9447125034511448
-8125.647762254844,0.02054059530823247,-2.7086359008118817
-8143.141345506356,0.03331878185507946,2.97797488309664
-8191.118323446164,0.0058637871981847,2.959746405462486
-8266.048109387704,0.4916688483868392,2.5156059341516936
-8300.415201943368,0.9989215765700075,3.0518240604341837
-8300.42375394248,0.998854207538866,3.0073036333337146
-8300.448778516695,0.9954854615036142,2.933791044526332
-8300.463619829563,0.9824028985675275,2.8945763345070326
-8300.516788615361,0.9998701033918782,2.9269570328451895
-8300.587734616802,0.9929676804180116,3.1218292173436684
-8300.694936294876,0.9200641855585244,-2.726224954630547
-8300.89850552398,0.8683910386126628,-2.899018040178368
-8301.282676371899,0.9716448649824952,2.9479481124112743
-8302.525626168906,0.9861400152503634,-2.8319375548475882
-8303.411334507502,0.005979309530525814,-2.7168822078614623
-8305.433617122904,0.9273181164414724,2.771409262206186
-8311.100470655372,0.9980106956120374,2.725153606391383
-8320.574574253633,0.1292180365637461,-2.7281320268013407
-8339.497152469014,0.683012140497207,1.959304083302282
-8381.155091873703,0.8474279248724957,-2.6802814198235274
-8454.66323130779,0.14101198309302712,-0.9566041235647096
-8488.574498651742,0.7165352507999281,2.9003222764054293
-8488.574457696439,0.7150329825055681,2.8706905879011106
-8488.563619048462,0.7198382940661376,2.795037400304686
-8488.544351436916,0.7206081901705428,2.865946417940023
-8488.55924515795,0.7481618183422954,3.0161251482206346
-8488.592116807316,0.730752336936045,2.80637425478825
-8488.65678394913,0.7297259554530114,3.0600986392828258
-8488.71869989412,0.7107641353366959,2.9727516044769775
-8488.79243083952,0.6497146377175121,-2.7598133405208074
-8489.028378817138,0.00036361347770357097,-2.789441242049291
-8490.221271701057,0.8002305927451788,1.427660471953926
-8494.661389173787,0.9819119295442078,-2.986684878174146
-8500.673314658663,0.9998048865910635,2.5855029443011137
-8510.148684002324,0.9930947564906325,2.44185555662796
-8532.093978005176,0.0002274679915987947,-2.775895768064629
-8576.299027853811,0.9923184960295051,2.793804153989859
-8660.821103937276,0.9995318959161373,3.0594767080946017
-8695.094514722567,0.4749938820377002,-2.262502147104016
-8695.097517050124,0.4711257744226373,-2.2078320723627396
-8695.098595614905,0.4622660301915122,-2.035617458364646
-8695.083424017062,0.4579564775819052,-2.0665676956112273
-8695.078453359274,0.42834275514194187,-1.9225539895362824
-8695.06377707508,0.3611805935120578,-1.8927220924682717
-8695.007134532418,0.20963207940370526,-2.077470886937781
-8695.128460641261,0.006509369679986837,-2.4637408955433235
-8695.679406718906,0.06489727505158771,2.949457633327887
-8696.02769387118,0.1271538256632904,-2.883726053065714
-8697.4688277116,0.6806298686574925,2.128529915345818
-8699.026155218084,0.9965072036123718,2.8862730689174043
-8704.43984764003,0.7283204163083914,-2.3704076378284515
-8716.349531572703,0.9714705273927137,3.038996124899482
-8736.84227207824,0.0019318402765145385,-2.8162744662828136
-8779.427882572982,0.9613683153121615,2.904460601821638
-8846.857885739515,0.9802260928391322,-3.128543844114536
-8874.925527357896,0.9999418133693421,2.6832616505105644
-8874.93697674756,0.998714532243905,2.5977115651412603
-8874.954041581197,0.9939938376411813,2.64522593272718
-8874.964933825906,0.9988802930334882,2.6851757145699953
-8875.006508083006,0.975933763474792,2.6260931033769257
-8875.091304725513,0.9965838314646039,2.7062073754812417
-8875.211367332051,0.9807088642765681,2.9552806950126884
-8875.451098018631,0.8684269045067445,-2.6942280693639593
-8875.257455469036,0.36194104499840135,-2.0554772264318992
-8875.777579859725,0.007486702557163106,-2.43369837041333
-8877.911150459933,0.14482355612433812,2.5446941516982164
-8878.971455796936,0.9995248827216683,2.6774610541167627
-8884.020247705026,0.15017521271456172,2.3601647925856195
-8896.455552943582,0.9773915328918233,3.0625352238553063
-8915.935098816815,0.1526880145841927,3.110761662211397
-8954.279847486514,0.9821671392818634,3.140856487020539
-9035.057139527376,0.9332542961091264,2.623085127646646
-9072.085688346175,0.0940597387869168,2.894178566293114
-9072.084725924464,0.08733521491011118,2.8851286961432585
-9072.089715462434,0.08769043780617505,2.8418376791304354
-9072.108951006767,0.10727893863486075,2.928499868834371
-9072.142870515705,0.13001760151546893,3.0125579106583453
-9072.184145318986,0.14824173739608193,2.8784534354620153
-9072.287487296568,0.20727164483369423,2.871364181941143
-9072.275746581097,0.32501604670507567,2.1239381143368883
-9072.098106662916,0.8122727008257077,2.410328835844064
-9073.05617482375,0.9890882880240629,3.094985243270795
-9074.28208888054,0.010543894518590495,-2.585133117405608
-9077.332014389716,0.9966963871600761,2.6926900111957695
-9083.474159721714,0.999041426484825,2.772423536879911
-9091.807872578922,0.11161954878521478,3.0358848463140076
-9115.637422200762,0.012522349095207868,-2.7936469259434915
-9157.067161406532,0.28260589513869777,-2.60129827903616
-9230.40700020667,0.012302008627672233,-2.663272993306409
-9267.752284311753,0.014040188193710494,-2.4163339346684594
-9267.75603538025,0.019000184733586542,-2.4106750418510945
-9267.760642829955,0.0074386940256607244,-2.4417051964629364
-9267.770733256297,0.0038382225375678094,-2.524460817522229
-9267.812811471984,0.008512194884516463,-2.5635165102900666
-9267.914571124,0.0029183257505920606,-2.6128730609403052
-9268.024531471316,0.007766931819275287,-2.868896556709905
-9268.308537278512,0.0028448255955707048,-3.0367484294152662
-9268.751380761121,0.1796183050176247,2.8349660178485907
-9268.741090637659,0.8059694931865066,2.5156891539749626
-9270.899315473085,0.9912432789453768,-3.1226554914273894
-9273.933445558856,0.4575114174454508,2.415677669422913
-9277.69003451592,0.1889557674737813,2.7561462880437606
-9287.710882728325,0.07170411259425519,-2.369091377001989
-9307.309841736807,0.00044593886305625873,-3.0692786833554293
-9343.338884903218,0.8843798215497906,2.6181229211451384
-9420.2348738037,0.2839620716137535,2.5038787727598883
-9453.106674991977,0.627082890295246,2.6880775754936614
-9453.108339955897,0.6331196760038568,2.6838251780398608
-9453.11358780287,0.6382343007722713,2.795456967536479
-9453.105632020293,0.6402641093389395,2.8211012797594925
-9453.116439428597,0.6459845204299202,2.9929069125935213
-9453.1630118037,0.6902331312550702,2.8080696929818325
-9453.187584272726,0.7407836395112023,2.9524301425813144
-9453.247876234798,0.8175286628135874,3.0005279845885084
-9453.649888538559,0.8900388369782387,-3.128098516419355
-9454.693132940169,0.9958218455194617,2.514203347103388
-9456.820451730824,0.969990694487295,2.94478060529719
-9457.85874001518,0.35307321352547305,2.701090937796007
-9461.314200571249,0.25006358622544655,2.0991837352307288
-9470.127775365538,0.9019257061989332,-3.052964588807207
-9487.240398063344,0.00277665227091286,3.1223866384722827
-9521.73012149231,0.006823128080927723,-2.6534293452762308
-9602.785901495019,0.9986555774800269,2.9166248212617365
-9641.395184010193,0.9918506920840444,2.6545827120013836
-9641.403455450307,0.9918506920840444,2.6193951554544057
-9641.404414493312,0.9845983993985781,2.6511220516271052
-9641.408557754807,0.9999542742584981,2.676440342056205
-9641.416202127066,0.9930951491493979,2.5882768478498344
-9641.480452463344,0.9791793623848366,2.657634072824412
-9641.582896796703,0.9976243316592256,2.673004879210575
-9641.886145251457,0.9980454932656506,-3.095568312536729
-9642.480955117851,0.9060211482676342,-2.391946484982406
-9642.303856019704,0.0002488437300178692,-2.578495038875355
-9643.421790277302,0.8740999086928692,-3.0135833177603435
-9646.519381276375,0.010308490401935537,-2.8065812472322946
-9652.920804689054,0.045316451538110605,-2.862586886260655
-9662.851964612943,0.9291819308380077,-2.6780786878575484
-9675.293945912279,0.6013916717126049,3.0328962989185815
-9713.298798581696,0.004190068252208058,-2.430693247837027
-9793.092278195521,0.07831965323458968,2.9730422044673297
-9827.90387593363,0.9474377499769642,-2.882728842741349
-9827.907934158762,0.9418775156814502,-2.8632450802600253
-9827.917598795499,0.9370089276570822,-2.875490186748774
-9827.932752858553,0.9207933304734557,-2.860505747826325
-9827.973055015596,0.9172235078595279,-3.122280092235856
-9828.014734141736,0.9320698899361811,2.762785136900982
-9828.101542447983,0.95333787094031,2.79317686481624
-9828.32423750064,0.9915815470167263,2.4513872619965955
-9828.827415156822,0.9817443579473673,2.8681380091061044
-9830.027410018449,0.999948613221978,2.9434391076625914
-9832.358358249576,0.9996749078993401,2.500895559084631
-9836.062879739859,0.9640768663287075,3.047319635749414
-9840.50503685008,0.001331242227666549,-2.7171551615870206
-9855.16610544397,0.31407687994344335,-2.2182055777326655
-9875.705018677338,0.19195560478834375,-2.6282404339557
-9913.761030000183,0.0024440637500905953,-3.0401669988174915
-9979.776775438231,0.016316078905749827,-2.503448389761812
-10018.309454461276,0.18668647176717235,-2.277400332494949
-10018.311206441509,0.18057685549236643,-2.3309540753295326
-10018.31055042903,0.17560289790833308,-2.285086419784402
-10018.331666588936,0.15653978771336383,-2.3068001498014272
-10018.329057666151,0.14562305754847993,-2.3970759889701743
-10018.374207649833,0.13253909131809694,-2.5769073254505135
-10018.463171100926,0.04785367961148914,-2.54653276239545
-10018.770820543445,0.014999076087376922,-3.0789304861908153
-10019.340281055342,0.004996564168649453,-2.882579347025971
-10020.4762656516,0.006719572704474439,-2.4978800994940342
-10021.622156627169,0.9850086338908957,3.0727180017587745
-10025.251572822273,0.0059720992714805765,-3.0207538386258124
-10030.569858716219,0.5348621137542069,-3.0303376351558837
-10039.82073574913,0.9986492056858622,2.8531124730918718
-10061.787193078788,0.9986399247573838,2.798640549762018
-10105.217934243485,0.9743211168553553,3.007684670377362
-10193.436214881258,0.5382646596430023,3.1205609147466156
-10229.740365989706,0.007613556614133618,-2.7360400994315133
-10229.741384303888,0.0018156429903813769,-2.682339613223563
-10229.749815127263,0.003429750487412816,-2.838516282119088
-10229.763889691823,0.00118606360834994,-2.872807670740225
-10229.804301530266,0.00118606360834994,-2.7385013551824002
-10229.855035048538,0.007539278688377421,-2.764896317992469
-10229.98694155989,0.0009906018241071218,-2.9117983427653513
-10230.268037426682,0.0005231632045115779,-3.0085312316732793
-10230.78486642193,0.03250427337852166,-2.9240112789032793
-10231.909098342174,0.0061403863414342865,-2.964993244039457
-10234.121627874441,0.027854469904256867,2.9941561025853485
-10236.908639661446,0.8388079734083063,-2.7580963667252147
-10240.378421856814,0.8871987513260648,-3.073809736817998
-10249.45108304683,0.9902351342281827,2.6359946841908526
-10271.181241721879,0.9862677486198567,2.920428872698002
-10317.039013145166,0.6973477452457194,-2.6329166013856775
-10382.599776771276,0.998605324577579,2.5699260526699987
-10418.001666267264,0.002550192241131281,-2.36090359249746
-10418.007968881233,0.006159045369013464,-2.4024297488998005
-10418.001899868019,3.10188799789402e-05,-2.3974500025113223
-10418.02037235668,0.01006074261763517,-2.5574716011466636
-10418.05762579947,0.003822822842598169,-2.6933075358000167
-10418.117274487928,0.0035195804457211106,-2.664793446193068
-10418.249883920653,0.01851418535346854,-2.5590104911175646
-10418.486222729902,0.00030442375847790576,-2.692797491648202
-10419.04245453881,0.002942379033187427,-2.6141313511622544
-10419.572445845692,0.43774534560595696,1.1216677571956266
-10420.822918177191,0.9992856955360151,2.7303853529726023
-10422.752594082094,0.3553128112315075,2.6457326554423872
-10427.799033854688,0.9648418325308563,-2.7765782140122
-10434.046481755315,0.998489688889312,2.493158454093395
-10452.397728625652,0.9967047755591582,2.4485915679521932
-10490.195025890456,0.22227108242586135,2.1734118709444648
-10573.45234389587,0.5665780551300454,-1.0785835221589606
-10605.296135045548,0.9807275363770325,3.1391116685778186
-10605.308593749058,0.9792984734364937,3.12185128520769
-10605.321855045766,0.959373039812627,-3.1097232885900334
-10605.336291399974,0.9578133819357302,3.137496908705783
-10605.378400861715,0.952699073653596,3.1127138793651774
-10605.440219991146,0.9641795888958712,2.992696218611491
-10605.614576509915,0.9973626245999867,2.8568634415115852
-10605.959539360418,0.9944868847128899,2.821293470198392
-10606.571426114184,0.947285343261081,-2.8129071194708493
-10606.340247044986,0.09051411249668705,-2.4830029164905443
-10607.051469322996,0.9526775839933104,2.655654819350195
-10608.971337712763,0.5711995942195413,2.4944553359456894
-10612.493926499745,0.9668899986506626,2.934237678584992
-10621.414131074798,0.5368154521301612,-2.957212885726032
-10638.573830049587,0.970454099345634,2.9114558519480713
-10678.709190366695,0.006375784050735032,3.0571260007038283
-10755.535702403793,0.014102132929264622,-2.9920127872511104
-10791.270522904317,0.0070628572824159635,-2.767327691021222
-10791.275510791951,0.00898434772285143,-2.824622564739351
-10791.289903516967,0.008056219280297077,-2.763708874481779
-10791.31301480812,0.001774588198170349,-2.8449445290886253
-10791.34783958292,0.0021963915244121585,-2.8029213889865083
-10791.401175685794,0.01541004176312055,-2.8218306654805643
-10791.555549515755,0.01960307312512054,-2.6396477878542957
-10791.808558055343,0.011057643984901784,-2.917128418519388
-10792.193578552064,0.23590064561080246,2.568486230705391
-10792.08555170482,0.7090988236140701,2.596625664113554
-10792.470040668235,0.28735791247410153,-2.509789149255614
-10795.613764437518,0.9953532359277704,2.9601100755964236
-10799.11841140133,0.8184688407690173,2.6780948945923413
-10811.09120428915,0.991949699143834,2.9383025209127194
-10826.166889189639,0.28636857292504186,-1.1448491317606264
-10859.481687620759,0.023432997010473258,-3.1117397712769748
-10937.856399525399,0.1098388519897553,-2.402496032708169
-10969.230984834978,0.9376131536685749,-2.542184758193343
-10969.236434327657,0.9342652429227105,-2.502681535082907
-10969.230327153346,0.9280060314511931,-2.4760393015446995
-10969.236097852967,0.9272265289771815,-2.500617821396936
-10969.252133585947,0.927352044516949,-2.490163159268147
-10969.319949428596,0.8854631425991655,-2.578905960755475
-10969.320341733384,0.7118635875481373,-1.9989898816845313
-10969.175727197566,0.3903656564418595,-2.2088223618610923
-10969.438433269142,0.002898276314732898,-2.786369072549947
-10970.491769560835,0.010713315710079375,-2.754968711857791
-10971.667286615233,0.7249698204006312,2.248984640053087
-10973.830225802512,0.2919599675842114,-2.8674237818086956
-10979.802902675408,0.3960629788997906,2.190420365175612
-10990.849519430838,0.7870142766571044,2.729011999463985
-11012.718568442107,0.9799397498419105,2.9837222915768287
-11051.006770646976,0.002315428830097788,-2.7325878337846774
-11124.287135277997,0.8203945910088305,-3.040542442159278
-11160.507332299581,0.23944478567507674,-1.8859219448321938
-11160.501579933285,0.23662156478261537,-1.9290272130255222
-11160.49527384635,0.22378577077478976,-1.8432978126347648
-11160.482348109586,0.1987642820039531,-1.875566207689421
-11160.452975734022,0.16096455334959286,-1.862014430451671
-11160.460060061083,0.11669144130067836,-2.2718678232114002
-11160.54122720519,0.0009326603930778759,-2.50430394618744
-11160.725965845142,0.001668709613398391,-2.6764169661756716
-11161.327695606265,0.006528416005788611,-2.694151064440282
-11162.497369607638,0.013529858006275881,3.0630908478148102
-11163.191137681348,0.9954117758879806,2.8686287169741824
-11165.49867079177,0.4649700306400677,2.535653586833644
-11170.915837514432,0.061287165401385714,2.890173514648663
-11180.038431082105,0.9894633679921893,2.9459378169529007
-11198.040091196139,0.9736203304133055,2.9605780241953195
-11239.5644554941,0.9941158107437854,2.6088562359564946
-11318.542727253965,0.36731962591606826,2.2446312951614464
-11347.469008697206,0.06467113949907621,3.0914604672133263
-11347.475907855809,0.05836058768882441,3.104826694283979
-11347.488953971204,0.06659969115769719,3.129921309828852
-11347.512198462398,0.06997728853214569,-3.077383924544998
-11347.545381472095,0.06831935631122335,-2.92174827629705
-11347.613099525874,0.03234819701808684,-3.1236388453359085
-11347.780397152028,0.0687716029604943,-3.131696198218971
-11348.033562172566,0.09255732284153342,2.587585060615721
-11348.280385921504,0.22080794040355478,2.858436666471931
-11348.343566826781,0.9986375554522686,2.1797969133074266
-11349.938632658066,0.6908840151480213,3.093557181647273
-11353.668477200279,0.0039224918518725935,-2.6400249277414587
-11358.109401361158,0.9920389345242611,3.097583000816039
-11367.218580847015,0.5208499033639137,-2.0329427156279167
-11388.024714824278,0.9892716430654587,2.7866265051031647
-11428.087607914968,0.0244181229728845,-2.8947974166542063
-11509.412012211213,0.3676835485738003,-1.954490887728481
-11546.369399777239,0.0235810905638322,-2.808048963743604
-11546.374365229241,0.02696385406778137,-2.7874266808772994
-11546.387179175465,0.022022137673351008,-2.7904976913913426
-11546.40411400308,0.01174977079731347,-2.8140405748575117
-11546.450003304606,0.0034910617955656257,-2.8608545650648654
-11546.532105117825,0.005313678084522728,-2.8331910563143965
-11546.692509041513,0.019179087258151716,-2.8615487940630384
-11546.995701043897,0.02808196546244441,-3.0480152624663037
-11547.609449327521,0.009713714953130953,-2.65481106131665
-11548.754151361576,0.007786079928024435,-2.9948191750260547
-11550.523513588198,0.5362144924285762,2.085896468693485
-11553.473584087322,0.005680922237758138,-2.8141714950687353
-11559.946530960087,0.0036212153848214097,-2.830300717340406
-11571.891426328513,0.0025538668668050463,-2.8752761429987537
-11594.120274046894,0.9747655808073344,-3.126231921896788
-11624.263187657283,0.005766891704119367,-2.779463282280027
-11701.743446674798,0.8425480033249354,-2.279762200418346
-11741.68507966457,0.8329503262954041,1.6694974853237694
-11741.686005229682,0.8355249568686683,1.5634959611650006
-11741.679417134392,0.8454413336588167,1.6396498077192199
-11741.673251254595,0.8664441314022303,1.9353416381861601
-11741.684034727201,0.9002342150903407,2.0911262882608472
-11741.691795089888,0.9617536052571901,2.086614092329267
-11741.827700422173,0.9997090627658234,2.5105563239191246
-11742.151317443444,0.9692191571475262,-2.8151068355045354
-11742.653772586042,0.9301654914755012,-3.080757509723702
-11743.620693604968,0.9298152348785926,2.89575364258466
-11745.850409927087,0.9999328022853823,2.691582379542088
-11748.984475303749,0.28942494660894474,1.9283508643441412
-11756.45830556688,0.9850119470116917,-3.07326936218594
-11765.792014423396,0.9266990310960957,2.647477192382281
-11786.523864369785,0.010746075401172464,-3.04626997533781
-11822.888656758427,0.009215979624490528,-2.972440346053175
-11903.466863550071,0.2048616144541038,3.0257448521499306
-11933.176536498633,0.02027359724145957,-2.9080812335911093
-11933.181739320511,0.016954706220757284,-2.905117045134714
-11933.179089726604,0.023958202992159103,-2.927532085304929
-11933.187375664553,0.017374539856758187,-2.9412156702216197
-11933.230631371187,0.012015840393945477,-2.808346017287954
-11933.29345309478,0.003180221238822593,-2.850121927133916
-11933.441495429344,0.004222339180097935,-2.753344602238026
-11933.712425990654,0.020819607419222487,-3.0716038981370795
-11934.293604205308,0.059015001663358,3.0103318313733833
-11935.347911392922,0.03602154830018541,2.9599205652958602
-11937.480839463853,0.00289899677356029,-2.520766070526456
-11940.912642330184,0.9900034427970931,3.0078910921162585
-11944.83402419695,0.9982189649365213,2.7198027615592535
-11953.66855945632,0.9744230420685527,-2.881720397797336
-11974.600469961906,0.9022471111945163,2.3707751454832167
-12017.127439939099,0.7874993555337982,3.083508950505122
-12103.686567939283,0.5832867581113015,-1.4279652044716769
-12138.604440859426,0.9976824040578445,2.6210994431995953
-12138.612278058956,0.9929783325696322,2.5897606393111525
-12138.618910981573,0.9922541939162205,2.5610618269572747
-12138.624193760172,0.9924377212596457,2.5461869470636884
-12138.659857227914,0.9944419585514783,2.547648943529585
-12138.70932659147,0.9964615543296131,2.6101078044199824
-12138.852873420848,0.9959256620807976,2.5300362102367515
-12139.150553943842,0.995013190963017,3.041800351087671
-12139.454521388256,0.80133687049167,-3.085006567471397
-12139.356759814871,0.1155301135384728,-2.4262071455353333
-12140.441668537103,0.8806701246936264,2.899801149264002
-12143.386558695465,0.0038105089555420506,-2.7686776355745804
-12146.835873519116,0.004041101927190458,-3.0537939829913205
-12160.53805013201,0.997457605047454,2.322859261723596
-12178.314319265004,0.09606301337800406,-2.8978514037871466
-12216.47531253742,0.3537386843645828,-2.7910606309212533
-12302.44061778731,0.8950172919183247,3.081449120398066
-12334.323065888153,0.7992321046422092,-2.7781022417635817
-12334.325832257504,0.7964753234025777,-2.7679742130055907
-12334.324368161939,0.7907594578734602,-2.703447260673668
-12334.333525388087,0.782453850651925,-2.681816256950055
-12334.359437126728,0.7452465175924925,-2.7355869787739127
-12334.378813651929,0.7182671136132317,-2.632750995224777
-12334.41757292921,0.6703062168964646,-2.5225981976117913
-12334.379090959108,0.419197763517615,-2.5900612371648606
-12334.487983946323,0.0007122479713222449,-2.6142499779415
-12335.457095823143,0.2006143545773291,2.942879825339082
-12336.32234724243,0.9987118342176503,3.001595205183584
-12338.422186985861,0.8985825208890289,2.6906284509554936
-12344.848828234355,0.8141272323304328,-2.451670527590274
-12348.214608744245,0.996012664644461,1.907215938499772
-12368.489840730923,0.9604527285928611,-3.0081662298925567
-12409.089516412136,0.003940997604062623,-2.885507165612689
-12485.132517134267,0.0036658925055977508,-3.0624666144004538
-12523.943982766657,0.09902531385394137,2.7223756171875895
-12523.947327397826,0.1037844993050159,2.7639220378346234
-12523.950350988436,0.10590581711139878,2.884575225718091
-12523.974976381962,0.12136766507169909,2.865196520050853
-12524.002849488998,0.12621990992927523,2.9541156960275767
-12524.06682298111,0.1596953837995419,2.9735259650825263
-12524.091225939725,0.2045203971201047,3.101590059826127
-12524.260460263125,0.12255590495997135,-2.9717051655586735
-12524.89256742228,0.06654178493795077,2.9152745500809853
-12525.936936980775,0.04814735457191124,-3.0330455048662084
-12527.141961142528,0.9875236394410661,-2.6323420790185006
-12527.814488951797,0.8821454031711374,2.665410971813703
-12534.553235281504,0.6086303302497018,1.8015364280510457
-12545.55403647854,0.9988192601878949,2.966589019682427
-12562.897015932305,0.004166147146459776,-2.7108328930413212
-12601.688276174727,0.004972572603698593,3.128334391145576
-12685.817827068317,0.02088835729877306,-2.9528427809909763
-12718.917816134679,0.08089833920512067,-2.716547559976615
-12718.92897004669,0.08129647532123084,-2.734870993954666
-12718.936294835252,0.08164928332339899,-2.7412302770013346
-12718.94922709837,0.07627465636443909,-2.7210434969781647
-12718.971617377098,0.05057441912816697,-2.509399005126588
-12719.022298158834,0.011225939930380565,-2.7236120998864504
-12719.185437327716,0.01014928834652318,3.070631671519128
-12719.413934644359,0.13873252699797387,2.2521861574090494
-12718.971440895615,0.6895286852310971,1.847185079300341
-12719.787511411838,0.9953398149548444,3.011266143311362
-12721.422924951734,0.5678024235949825,3.0904032897693074
-12723.333816638476,0.319936542820822,-1.8504859226193804
-12728.546887089065,0.03759275353972396,3.0826249269577755
-12739.67723402535,0.9854437546473264,2.673221591047149
-12762.188848776428,0.9993499428181875,2.6833845692118397
-12807.18908657074,0.9914025528842751,-3.1050423822403355
-12890.83126056412,0.5940164735670614,2.6804930339357753
-12927.207750171601,0.10112264211456704,-3.094964440089676
-12927.205251938805,0.09870160562400837,3.1377006380516708
-12927.209797051975,0.10752519520198828,-3.0998032357913976
-12927.219187875377,0.11834675492706372,3.078658979509412
-12927.253935019726,0.0941607421800428,-3.0214804327790192
-12927.293416167027,0.06521533977856057,-3.0413118619495663
-12927.447787537063,0.03570129434831153,2.964844378394911
-12927.701041505181,0.1474416984222762,2.5875503083777005
-12927.622888782842,0.566153459072963,2.3684149677879383
-12928.332447155393,0.9974575396744919,2.8881128313216777
-12930.649111058323,0.9815245754907375,2.7854523145242664
-12934.162813009338,0.0038499598454436487,-3.010465842683828
-12939.376647866198,0.9936071679264217,2.276792192741283
-12949.707798710919,0.0098756713888654,-3.0564294643583216
-12970.424871414927,0.007860919272699579,-2.8073893344104435
-13014.183503933635,0.9891838970027265,2.569274348551825
-13109.322176105608,0.9998314069810114,2.7638166904549433
-13145.491982510615,0.998432053634676,2.458902590678001
-13145.493969949144,0.99846366289091,2.455532506355132
-13145.509654689551,0.99613905212399,2.414924795489343
-13145.543679257493,0.9915814885646311,2.5166642388002316
-13145.57125777251,0.99092582193455,2.48950216650384
-13145.644187077918,0.9979555478470521,2.366825933200852
-13145.740708819481,0.9909943324863221,2.5384080563230693
-13146.035272071034,0.9974624633080521,2.8858798692268817
-13146.6107679574,0.9876245838697163,3.0216483591869183
-13147.757435897624,0.9989985288253309,2.6540100805930784
-13149.981735965826,0.9971220666845652,3.0039355244830723
-13151.555779017322,0.8764870591751353,2.492326744292386
-13156.972092857064,3.0333474842698157e-05,-2.8651402764979075
-13164.913847826485,0.003474871778790095,-2.7392613535911097
-13187.991799882746,0.00019857544308353632,-2.780285277830299
-13224.725672464445,0.2651597569635347,1.9253106039825862
-13298.235968408508,0.2380858877748634,-3.108830043805192
-13332.269566620742,0.7313786625945767,2.9280493193902384
-13332.273953704884,0.7401608374178051,2.9225306173904126
-13332.266566659104,0.7433278369356795,2.8949015264970406
-13332.282176851528,0.7187440322491015,2.8866848408956836
-13332.304461729076,0.7054004662592103,2.8350738483189737
-13332.330697060614,0.7482414532158493,2.930246782802419
-13332.330140242091,0.778276701071342,-3.0377653652274086
-13332.467748830528,0.7916297644670818,3.1405692452287006
-13332.829063434307,0.8907564408602341,2.9687209726812984
-13333.619870607714,0.7900828355636549,-2.391140549574121
-13334.23220518235,0.18860351174044215,3.0496391436477177
-13336.893140067707,0.9782149596982221,-3.0655029211575227
-13341.029707659176,0.07724878337705579,-2.7986226938517054
-13351.088832523155,0.7111017180869187,-2.5963702506849735
-13374.229556808112,2.2174457925972987e-05,-2.4471680022671114
-13408.199703026823,0.0011665243164911718,-3.0023857057026517
-13485.754761731381,0.9999700564710345,2.6786238783956104
-13520.963998854852,0.98852219740091,2.848002591827896
-13520.973528347398,0.9972454093182915,2.8926986507652215
-13520.989131075024,0.997344884617682,2.7528071625110506
-13521.013248257115,0.9988842136560089,2.8260678310627245
-13521.062153996276,0.9994670917163315,2.9900009555173215
-13521.119124593732,0.9971549990206162,2.953178567213355
-13521.267062339786,0.997951045915508,2.612402628716321
-13521.5712177552,0.9977209070543874,3.091721534436191
-13522.195097898746,0.9989019209482818,-3.116688564157367
-13523.265778058598,0.8825296653603074,-2.291088847150286
-13524.231451173695,0.1261747545154348,2.820784966577193
-13526.14110306294,0.031166732533671852,-3.1203041972932097
-13532.389689500986,0.01911728039172402,3.0020644013136515
-13541.533645788215,0.004672174455963643,-3.0605906455467733
-13558.715729250547,0.8492631401902577,2.8444529752735264
-13594.268770480056,0.3580303519902092,2.1431872028188828
-13675.453854931116,0.0004961980020965964,-2.717833887406428
-13713.669439953308,0.4534485384589867,3.075569709270237
-13713.669918730666,0.4533278428159652,3.053629259813537
-13713.668632950985,0.4488456508009019,2.9499468953168737
-13713.656770517102,0.4608235637039039,3.046028737612475
-13713.644686442236,0.46070102674442726,3.107976014453028
-13713.63278282974,0.4852636515384599,2.8258614966621973
-13713.645131866382,0.5135107373782742,2.76610433128252
-13713.629058017663,0.4933273674441034,3.08910809576218
-13713.695737428103,0.6704965107817118,2.867226608528725
-13713.860943196647,0.5842177815518057,-2.6355555334643754
-13714.333820120277,0.005266992577166031,-2.625303062980684
-13717.346034701348,0.6600314199696252,-2.0525766167584067
-13722.52157306306,0.0013240472090011593,-2.5508612974101794
-13729.988004105742,0.2187491595747295,-2.814457091963717
-13749.576966149963,0.9101397854538361,2.950750617629227
-13794.550513898934,0.9020212023987807,-2.6783740774142015
-13875.55557880608,0.3065728562656541,2.1399490292884096
-13907.512133298143,0.09410070791804505,2.949047885340346
-13907.511473889157,0.09433645978596593,3.004628769659959
-13907.520016598897,0.09193529831159827,2.9856351999658255
-13907.536454728093,0.0794875707920426,3.085994465452462
-13907.56758853551,0.08856671133388844,-3.08319564415423
-13907.639337258093,0.091921834694629,2.824358199026328
-13907.783786719385,0.07736223897264544,3.1291263707147703
-13907.946184378428,0.1396456579426167,-3.0232410739695283
-13908.211465526732,0.18832693550252663,2.9278720408349876
-13908.845795479583,0.15805726720860852,3.062605385508439
-13909.554744060872,0.9991473600299602,2.212729510426101
-13912.482875692185,0.001991923581854903,-2.6371915153087655
-13916.887165832528,0.0019033843800846583,3.13522066367669
-13930.2600842581,0.0017229923507975885,-2.8128677130919195
-13950.566771584612,0.9989840186717366,2.7473179216282695
-13987.62609490558,0.00302602392658068,-2.501056620476949
-14069.22814289466,0.5452421501887007,1.734194073231941
-14102.414448839912,0.47832496355384563,2.446974828233132
-14102.408959703931,0.4793481562756335,2.4489523182194812
-14102.411858006157,0.4833370894869009,2.4815006815713936
-14102.418785002274,0.48382087102891713,2.5195401099307944
-14102.409838837466,0.5005118206337182,2.4273160984053286
-14102.425454449238,0.5560029227264557,2.432587024507975
-14102.343557490804,0.7074168646491591,2.161213737739521
-14102.356550811339,0.9140872750282577,2.609131355943628
-14102.828615489194,0.9861290169331045,2.8654106751158928
-14102.789494964312,0.15014043686425757,-2.314042792127709
-14103.779688390248,0.8420309059960134,-2.5497704156654577
-14105.456189221479,0.6814275859344604,-2.3563551542823222
-14109.094419123245,0.9525168410891354,-3.0533322819823527
-14122.26150524768,0.1094624406507175,3.0944871395448743
-14138.477663989903,0.0003000780381427711,-3.022483540180115
-14184.384184930379,0.012504192783793253,-3.060027007234778
-14256.923272750948,0.06737417996130936,3.128947223166545
-14296.864444867235,0.9387086240544968,-2.855833698375619
-14296.87128220676,0.9395062743082372,-2.8324023678255847
-14296.878999544948,0.929400054151017,-2.7964451363946523
-14296.893569540698,0.9107417390171383,-2.669819861245623
-14296.926217602,0.8867352536326494,-2.7345130196841123
-14296.969723915143,0.871813178722036,-2.91842643223622
-14297.03145106624,0.8227251857371295,-2.9614792883278636
-14297.13370355097,0.7556659436318235,2.8754355043525646
-14297.617977082627,0.9794395132840393,-2.8950930595857303
-14297.16540912391,0.011060614364787152,-2.4465821697070105
-14298.187972236035,0.9939194377878005,2.6477884366609707
-14301.172990678184,0.4205498045319277,1.9507967095647132
-14304.76438898169,0.38897859636092685,1.773967169817448
-14316.350102276383,0.9801877310253533,3.030374359428232
-14336.4750055352,0.9462499968298377,3.015927880743746
-14385.229939948327,0.0005206378164876613,-2.7789414368970724
-14463.081840831032,0.04013240547020731,-3.1044006277077756
-14500.153137939136,0.002059076486876531,-2.8729314096088947
-14500.153611496758,0.002059076486876531,-2.8905887728137603
-14500.158929964691,0.003483397776412798,-2.9476528674082294
-14500.185686855708,0.002236026934851139,-2.895511764009093
-14500.237166227284,0.003306227530236963,-2.8671860660845008
-14500.341762848584,0.020006971716180932,-2.870437082567715
-14500.493149737906,0.00903641498535797,-2.837120647979007
-14500.69897216595,0.002498918163445654,-2.3808623381184404
-14501.162023141427,0.0007639106147564957,-2.438044719284273
-14502.40391545815,0.012423669916253498,3.0908498713580865
-14503.410910674038,0.9268160721492311,2.856499780797435
-14505.195727738714,0.7958998910377966,-2.641588192008307
-14511.443660975921,0.08342645589693046,-2.9718462222415605
-14522.143611375255,0.024385179501120402,-3.045597467979853
-14544.346563565901,0.55401480319236,1.55205085930863
-14581.413969425346,0.9979332860733937,2.5067285267700345
-14662.167391080511,0.9994568864998923,2.7746317033521013
-14700.386330238458,0.9968603892171238,2.7063361471953353
-14700.39589991603,0.9968603892171238,2.7141101329179858
-14700.406839112828,0.9995779148120997,2.7904839396059735
-14700.439362625237,0.9954805421812224,2.682876655263719
-14700.473999134818,0.9941825364859642,2.777083638636787
-14700.545716772576,0.988560425914986,2.73182876798956
-14700.698641154999,0.9988273597082327,2.951863617105598
-14701.040866677786,0.9972413953030524,2.8409371961597945
-14701.743820763164,0.9882450548830418,2.867038542356772
-14702.939594020647,0.976255766342708,2.9242694139590046
-14705.281744553682,0.997786791994393,2.813423668050728
-14709.557299878412,0.8763505980341073,-2.9839740566335333
-14712.946597393307,0.45090387029893025,3.029397347570269
-14723.157646678988,0.035061532716869265,2.8683783810045718
-14739.673614593645,0.9900853549620965,2.6842352099323117
-14777.383626165769,0.9843245877768609,2.5957447537512124
-14854.059737847861,0.0049161779140705734,2.9499314311690608
-14888.053285972117,0.9981729688536212,3.0614017926260653
-14888.058696456175,0.9981729688536212,3.0212484287364916
-14888.062097210315,0.9970482149925031,2.8843454791913254
-14888.075198328841,0.9898555175955818,2.869901148592376
-14888.10475333145,0.9950045061960291,2.869658778881843
-14888.178166863685,0.9981629163038719,2.970219745325748
-14888.33747353432,0.989469831131326,2.9431581368522313
-14888.6504145057,0.9500305517978156,3.0435893114883417
-14889.094879915343,0.9540826158284028,-3.0148776630425704
-14889.831488496126,0.8899175719350023,-3.0145481252016664
-14890.742085938891,0.004259600492605775,-2.780639651367834
-14893.966217082172,0.995629188385672,2.8466971386769417
-14899.682779549219,0.9190780815764055,-2.831563157130031
-14906.027137955813,0.5554924368132295,2.741466594923507
-14924.91245104772,0.8065697648726673,-3.109399497579909
-14964.074382198369,0.9976527224760328,3.0379077819711764
-15045.351090461034,0.9994839749891801,2.4599276716241976
-15079.18889282337,0.00015288683708702532,-2.7467471483152814
-15079.194631645518,0.00015288683708702532,-2.7896396800535808
-15079.197509003912,0.00033898919866066435,-2.790421471711054
-15079.220974889775,0.005230715266204953,-2.8784214610984393
-15079.259163110688,0.002864173960259857,-2.8902444187121388
-15079.364497922781,0.002435237950613357,3.0971016480234344
-15079.54285242652,0.006023419637344725,3.04451907293672
-15079.825791439009,0.016883072499016806,-2.896019282718228
-15080.404319283269,0.0040081381427023565,-3.015490468279859
-15081.275207575387,0.35038278877645745,1.887045264711837
-15082.37613071898,0.8575142262397429,-2.677299474114708
-15083.756746731671,0.8070325614407748,2.7142682526771527
-15088.640202089457,0.01100255684186121,-2.957114113332453
-15100.33645959552,0.9527716318493854,3.046146920318649
-15119.383298710967,0.9995748802182561,2.770290208707518
-15155.655841442274,0.5290108381027273,2.2658823618228876
-15242.627895753327,0.9903177721216543,2.951443781102725
-15281.060105670533,0.9769427085755791,2.971354203085234
-15281.064868582753,0.9808891162329861,2.868979287849421
-15281.076186974607,0.9820273039125786,2.972713138677042
-15281.086348025428,0.9830809589548176,2.9427097806086007
-15281.120863170074,0.9844368447443067,3.0383581298967366
-15281.207726791441,0.9670148925550751,3.1188047790097855
-15281.277999001826,0.9709038635335906,-2.8352967195906515
-15281.453148302304,0.7538626130173566,-2.2373012108845365
-15280.886025717227,0.14473254785464557,-1.4650189661413056
-15281.273217304346,0.45644303585638835,2.0560889801529196
-15282.738995319005,0.9972609615714417,2.92427711926575
-15284.689505196155,0.8580042488544324,2.4137965910990875
-15290.104358541234,0.986328175596845,-3.0076680652583385
-15301.328582483333,0.6796492142142575,2.6522329173190515
-15321.175535210039,0.20996926981502617,2.262555925557958
-15355.225510676897,0.9864640954427445,2.950401506888518
-15438.059464957129,0.9885524522415549,2.5735771973937718
-15476.370490608859,0.4651852571623024,2.4635734852454885
-15476.369161729383,0.4751747898991201,2.4139740991271177
-15476.367026133048,0.48289887241162577,2.3577834402564797
-15476.3501297115,0.510163217610423,2.4239854803041077
-15476.339396184394,0.5363911003658108,2.437618087183049
-15476.344884417847,0.5687152398782804,2.6978899709740443
-15476.305219496815,0.6309272118771798,2.785989607697795
-15476.300200821415,0.7688069765779287,2.600388288249622
-15476.661347207033,0.9826189523824607,-3.133978352154662
-15477.01135648049,0.3467659990739039,-1.5021441136795188
-15477.502827062786,0.9948270020792804,2.862655652208721
-15480.809776423283,0.027387250358361818,2.8975380074710646
-15486.135636943032,0.9966697304865025,2.7356472627910087
-15497.897472175893,0.9896861103440769,2.862947170457298
-15518.407646841008,0.2543192240377211,-1.756717648283711
-15554.044035842642,0.9481722992987083,3.0880661409650134
-15633.104603936743,0.2026763424788138,3.071531797903642
-15676.57426638878,0.006153194163062767,-2.544944475991218
-15676.578907427227,0.00733342359065056,-2.556961307845176
-15676.59102591443,0.004664186608684772,-2.644782366539418
-15676.596726165775,0.005247114040984014,-2.67782064436586
-15676.603082404443,4.20366646218355e-05,-2.487934375032135
-15676.648731260562,0.0015143874073423773,-2.516389164269014
-15676.795562334832,0.011458891417886507,-2.735278849439483
-15677.156705050467,0.0005066482918350765,-2.643173588743962
-15677.723744228051,0.011210404630311385,-2.70544567671374
-15678.537578033296,0.31004273042816305,-3.12574598109285
-15679.015696916884,0.9922141850617312,2.3458772255988
-15680.917816473535,0.8892553623458505,2.5355996229758437
-15687.178060191529,0.4667986856615002,2.850089641948383
-15696.107606403328,0.01817644584090588,-2.8473445838139635
-15715.826491570886,0.8555210089188882,3.0293669606369935
-15759.57454170072,0.27756484249474567,2.0832681346656283
-15834.468941533069,0.015626061744328165,-2.5355552611920142
-15876.285574340534,0.9958760664880653,2.8868298135938897
-15876.287441202367,0.9960850011501213,2.923021112947775
-15876.30880509548,0.9892473270678194,2.9446563118379494
-15876.34641310287,0.9977290143602473,2.926834505215904
-15876.405440851777,0.9851698574748443,2.8829524078143542
-15876.496558705572,0.9937576825320134,2.739000854426899
-15876.67476193702,0.9979262670601228,3.073995205947237
-15876.964137511512,0.9564860338692103,2.895066679742393
-15877.463365611122,0.9907248437347674,2.9225105457178593
-15878.55770330882,0.8717018267158598,-3.0287967558135427
-15879.473798554074,0.017761932853061085,-2.9354153284563402
-15882.598675565472,0.9111181248475239,2.752325684251832
-15890.166329841319,0.009286816965487402,3.112644261916561
-15899.265162384818,0.9882335421309236,2.7508479979668436
-15921.986451846384,0.08084887828367335,2.3908815798170613
-15958.72954333385,0.9964591766092707,2.8011551710646714
-16045.984403698802,0.914043109502666,-2.927378468994748
-16080.8569129314,0.011975814455779877,2.9693368426005584
-16080.85562668547,0.010227525881668748,2.9137215543286263
-16080.870304494943,0.010958933076919338,2.9227247159347254
-16080.89404165366,0.011417149943277919,2.7901070684014595
-16080.92448941922,0.026594455316372584,2.6923878743561076
-16080.962734056093,0.0759850457037032,2.4498298830759424
-16080.96495505838,0.20078649586720537,2.097474767808526
-16080.772166845303,0.4507751293966614,1.7707199439743029
-16080.656587326881,0.9953014542004653,2.4923893509443493
-16081.863153749691,0.9892299818915954,2.9103700835056063
-16082.79727500585,0.04338399683781507,-2.1627820333067214
-16085.860169226475,0.7657581705415168,-2.9327134032173894
-16091.406218726333,0.989099559380234,2.8238261515962115
-16101.384798674357,0.9998072666679104,2.7404490662784635
-16120.038879397485,0.9990461881101428,2.790512023072031
-16160.338239748919,0.11552783405538462,2.95602207534016
-16237.455594287,0.8350266074908574,-2.004299368448443
-16266.612888350779,0.8771293466921154,-2.190624478872665
-16266.614289537369,0.8754054531338915,-2.120754237048362
-16266.611804370263,0.858813308120643,-2.0474806072044758
-16266.617588628013,0.8438541300422124,-2.0479350245778196
-16266.59428188887,0.8294828407850905,-1.929247460372888
-16266.5797164141,0.78514678581157,-1.9851928558135283
-16266.487614194677,0.5988271016318735,-1.7054298646783979
-16266.210482538236,0.25881247694247567,-1.746726194564115
-16266.48371665624,0.001987465665150202,-2.6815432715802787
-16267.539716352618,0.0011132715652643823,-2.808967710626881
-16269.752716588815,0.012205317688477652,-3.006281222475647
-16272.199580350327,0.8110654989057205,1.8352046195100362
-16278.01912007245,0.9999014095636667,2.4563402831424197
-16286.660591608888,0.9918766387209869,2.766032036158114
-16306.563951659247,0.6405461656851296,-2.4897493140165
-16348.156979452291,0.7215890061079258,-2.8866494925029724
-16425.829811077776,0.27757899591050716,1.757762261270627
-16463.380558536734,0.07802600436061137,-3.1161805068927326
-16463.388119335563,0.07832237431340572,-2.9945500100277584
-16463.39884077344,0.07152560736380767,-3.031723401979536
-16463.410686346055,0.06867382594785182,-2.9814814299743637
-16463.451479931075,0.06372237551331028,-3.092572899781558
-16463.498677377353,0.06807584015353366,-2.856721181866536
-16463.627995291023,0.013683055875158511,3.053357985131754
-16463.8322036594,0.16463292578722452,2.596537624565009
-16463.913723736146,0.601858905745394,2.6580532688864764
-16464.472304171897,0.98822471298681,2.829982839731713
-16466.276895688556,0.5089318843090411,-2.2445851643540333
-16469.477428107915,0.5009429533394119,1.2568677879220447
-16477.104349887402,0.9988372893724894,2.556533935602868
-16486.308954730135,0.08614890492042648,2.833996538292647
-16509.39371032275,0.0061936067400527525,-2.551284630328216
-16550.44498765372,0.00031088655536084327,-2.817572946366514
-16621.31591983363,0.9843612618340392,-2.949956775624851
-16653.809628694202,0.04691100375090372,-2.9489797677508442
-16653.814003950385,0.048103219418385725,-2.991364555432215
-16653.82334569384,0.04542787477885723,-2.8890031115377766
-16653.85384584942,0.04118041123627661,-2.971155846477346
-16653.88352519699,0.034293471048386946,-2.8178391673894647
-16653.990642794084,0.003919609794330434,-2.626824432123315
-16654.1433645575,0.002835301839616837,-2.8111476718991533
-16654.49727576138,0.03494466414543831,2.786735007649785
-16654.999378450993,0.0739649540561671,2.549479955072762
-16655.547834471083,0.002734091974824419,-2.549070108329739
-16656.291208808543,0.8122736433096652,1.56789251882525
-16659.83591513832,0.9857820238957924,2.9782479576986898
-16667.651076696948,0.11762263587739163,-2.9003260092221694
-16676.198766608748,0.7220960922174229,-2.618026430622228
-16699.574108788653,0.988762690691582,2.7120006881061682
-16742.051124254252,0.01418534032013194,-2.657251664461146
-16817.358717401978,0.9953949331054991,3.0057751451156616
-16850.423398884715,0.8965810364680776,2.5269239566570265
-16850.436301213234,0.9021815563973081,2.4874852350436427
-16850.451742877154,0.9050048798931226,2.505224201631634
-16850.474401334886,0.9231493465494933,2.54214941221818
-16850.509264887878,0.9417681603208519,2.706482481075289
-16850.564837829024,0.9651289827239083,2.7919025262791077
-16850.712721267333,0.9841792711099902,-2.981445490615278
-16851.042584997875,0.9889819400098963,-2.866958944621993
-16850.98127272612,0.5218815036145615,-1.4298521427057458
-16851.19490615743,0.007312945692266832,-3.0239243008683294
-16853.413678063724,0.10325644265411056,2.736139235202284
-16852.465158673316,0.14578863297748956,0.3588376389968926
-16838.762985364447,0.32857782320568957,-2.396315829382022
-16848.85189115887,0.13580883735337224,2.6322093580705284
-16867.842881533572,0.04837940393510863,3.0325756472025205
-16898.734020755535,0.7171289553197325,-2.284731221870344
-16972.801286311445,0.9803586517852281,3.1359974843687324
-17010.30509961819,0.38157055520462513,2.5910392275444893
-17010.30119821896,0.38750066612719186,2.6833959964245278
-17010.299236504583,0.3909674218198129,2.662902183552827
-17010.293061335542,0.3933879205073809,2.689330524388919
-17010.30662825746,0.42591149076889784,2.564127021377514
-17010.30943374089,0.46970298207129907,2.3416599111044913
-17010.253099674523,0.6079047228140476,1.9745087594578994
-17010.203945740872,0.8249355576337213,2.5764002556731134
-17010.58294798619,0.9991165237908693,2.561724482658854
-17011.714887498492,0.9899883325542701,2.8332060806805837
-17014.176588294213,0.9989920173481696,2.6627666557974834
-17017.45668442941,0.0025879725662101734,-2.6894739977995075
-17021.652565246215,0.31398794181913947,-2.89938031526614
-17032.47797090687,0.99826391406458,1.9381702242761403
-17054.103642007445,0.9992649619784914,2.627674683462674
-17100.16107881708,0.9178540668596726,-3.0487509886526825
-17183.098098287122,0.003658820905889417,-2.846358224508529
-17215.12556152089,0.07350273046067951,2.8378887187662514
-17215.12881389557,0.07891812225645477,2.8476447616427842
-17215.12920201109,0.08004614979489873,2.7958022004423393
-17215.12240920132,0.08857425064242128,2.757675133419035
-17215.149539288017,0.09043259726184594,2.8427468717096547
-17215.208853600423,0.12569927217233068,2.8194464588181916
-17215.27173556436,0.2235926720791479,2.851188349411073
-17215.32119767596,0.3565436336033027,2.0690196212473753
-17215.13938072663,0.9232037775596286,2.65066083605032
-17215.957948574516,0.6475873074251888,-1.9882111208284463
-17216.120214363316,0.7788401997513681,1.7194563633293276
-17220.86838341156,0.9645649448467402,-3.013977633869307
-17225.814305361564,0.004154349859068402,-2.523150374783414
-17235.237542022798,0.9678474509741745,-3.0969273129312116
-17256.24820327307,0.1035097775318112,-2.439246602308654
-17296.834975131078,0.9965924766255682,2.573626714129804
-17376.390293938603,0.01801409848451975,-3.0739862633687456
-17408.31185997648,0.006400187453510077,-2.438495027033776
-17408.30079848928,0.006339799891474944,-2.500153000793218
-17408.32108455103,0.005800811769059416,-2.555112373624761
-17408.33550179497,0.0006040251947726882,-2.5770642740235665
-17408.367005208223,0.0002543738400102571,-2.4183559494845346
-17408.413107524302,0.0003110320529659499,-2.4514060770570825
-17408.55262168511,0.005557510615950145,-2.7279059154778253
-17408.812301678023,0.0035990548763004558,-2.8942571236489547
-17409.44482673994,0.00022326869008384683,-2.7575087772741234
-17410.474532932018,0.004705364145780293,-3.103002310978573
-17412.61082141644,0.2567390008391516,2.445840551964938
-17412.637561507956,0.939253205177268,1.183920916283265
-17416.801369774756,0.02428391547850998,2.5849816814071698
-17427.145213305248,0.9816647396326742,3.0004124297634576
-17446.960870689138,0.8993103053100258,-2.3743176482873425
-17484.013779158347,0.17900634196447832,2.9365336355164127
-17557.348574274147,0.11819943281834167,-2.4336634216702255
-17597.73232362151,0.0007082567500840175,3.12248486645265
-17597.735719280714,0.003360756636744287,-3.0971605900747115
-17597.74096224721,0.00458891998650842,3.1281989504813694
-17597.76354560525,0.015349947773293666,-3.0766531827612034
-17597.78083296585,0.001498209471923466,-3.01674143115442
-17597.841865783215,0.02314608233089174,3.0367027111732092
-17597.977720859948,0.017479235463699776,2.99010556668979
-17598.214799384245,0.024320953697043984,-2.8183659668708714
-17598.761013138654,0.0030322299155214395,-2.90698119332868
-17599.322423140246,0.4077481564685797,1.137166059927507
-17598.80128751214,0.00414268246126892,-2.8436858704549803
-17600.416866663276,0.30982635243322887,-0.9241477345050315
-17605.862203969056,0.2969155522686273,-2.74235983037411
-17614.45084976437,0.19453492428688482,2.786839995655443
-17635.137184002582,0.03900777282052508,-2.9253728717132845
-17683.002918705464,0.0026851990924481113,-2.4655752679095775
-17756.596406311164,0.0262791278329738,-2.3777421483821013
-17790.959523697355,0.9775091152791249,2.185910432816814
-17790.961044055424,0.9850797644488735,2.1985060568951287
-17790.984879808064,0.9872087373672018,2.2400918663737492
-17791.00239018062,0.99522835518388,2.2468047311926878
-17791.03625195452,0.9918197877432948,2.121240921099579
-17791.090540930596,0.9983903335590207,2.5579774532598627
-17791.232017017068,0.9886332920214743,2.766107360803934
-17791.505079193816,0.9952925324289192,2.842625269293995
-17792.06793758819,0.992980148465158,2.7777547598800476
-17793.1152226137,0.9954017789878231,2.911407365735611
-17794.469820274808,0.5320300673525516,-2.857786750888002
-17796.701424086757,0.999782123568724,2.9590805276397383
-17803.509982425458,0.014886183158215726,-2.862584423120805
-17813.783531626803,0.9707045006274622,2.919485499871735
-17832.47656264477,0.00046594207967700935,-3.0864964220334676
-17868.48828786932,0.20931321101534162,-3.1050953190955117
-17944.52312816528,0.1639378713786354,-2.6064989924075124
-17978.063737510103,0.7124814749121559,2.7463236333925956
-17978.061024970728,0.7098638393005082,2.8263023923204784
-17978.05783898863,0.7195035903699079,2.748717511513064
-17978.069070204376,0.7236612556611375,2.8695924235482906
-17978.074878897045,0.7342202435751907,2.8798511945754246
-17978.087446168927,0.7605559923382158,2.8187152804152262
-17978.15298774848,0.780944754033751,2.9914001705073936
-17978.23545902154,0.8175568399468738,-3.0493244854927357
-17978.467033447727,0.7970691917010608,3.0259605884154306
-17979.02836606086,0.7543645788348321,-2.997844790507949
-17979.372451714138,0.9587161484204619,2.7076669444318675
-17982.791269471516,0.04044622901446435,-3.030666480312277
-17987.005025016708,0.17279160288479195,2.107300765383834
-17999.0167226411,0.5963762956691959,-1.796862283623709
-18016.331195388728,0.3935414334030475,-1.6366723764272222
-18055.911055104323,0.9975939209575542,2.5869056892524185
-18128.944015873753,0.9984809386579477,2.6937638233949386
-18163.893872129982,0.9992095815380471,2.049698086353878
-18163.89888709539,0.9992095815380471,2.1109966613463005
-18163.911190206003,0.9996986888702627,2.182600702316237
-18163.91799237601,0.9999843534005808,2.083814365532577
-18163.930694624378,0.9936050732309994,2.1674635934931725
-18164.00038817109,0.9955055097614195,2.3286233878840914
-18164.120854787263,0.9984188700110304,2.5081724128393112
-18164.390404087157,0.9978699973925483,2.554551431775705
-18164.991149180765,0.9363042793138802,-2.677952227023591
-18165.76671371337,0.9983344934576136,2.48840604928429
-18167.191361542158,0.2826712862697878,-2.075286427127854
-18168.86371750114,0.9998717695523957,3.073920102112467
-18174.365646011687,0.002104979546605962,-2.677221930879904
-18186.66820616373,0.9551505382231109,2.4889324396844223
-18204.934679138594,0.668921572909189,-2.715242779044004
-18243.657502623126,0.013552028139400624,3.0121914551927738
-18324.486079636987,0.0071728169277671654,3.0464529085682965
-18356.33853702945,0.033597293702233105,2.986596272102066
-18356.345073100732,0.04636410829297232,2.960454017646887
-18356.353356960542,0.054745194750957925,3.0007720731168543
-18356.382235809873,0.04754942574361602,2.981941881454077
-18356.39936146891,0.06374203237394835,3.0001560370901617
-18356.469823682844,0.04974850864456431,2.8728923362306578
-18356.634567317407,0.0011392831356990176,3.1321537396672863
-18356.937341432895,0.030929768320127057,2.678893239744407
-18357.097450571026,0.3826844758416848,1.9005984502505804
-18357.357097682874,0.9924598309638601,2.966173606157109
-18359.53487702816,0.9949831995768421,3.1143360724886584
-18362.45662283182,0.2468199560983937,2.783674769413297
-18370.16117328802,0.9991353960143194,2.6722195834832707
-18379.239581550937,0.37294943122948,1.5711959827228004
-18399.223847299654,0.9993304126116987,2.7437645258923045
-18442.062350490924,0.9964918371290183,3.0912184682715775
-18511.051955248633,0.9815205787920992,2.776298180277056
-18549.745855562895,0.9941663519941548,2.3378102024272547
-18549.760068821528,0.9966756414761859,2.3801603736436316
-18549.772627442337,0.9987408183548084,2.4507231903004527
-18549.778248652838,0.9973808221414764,2.5923356383051654
-18549.823158444975,0.9810044499040174,2.890092268273971
-18549.92318822943,0.9744490550113976,2.780064737816269
-18550.09467298679,0.9913603928654752,2.8788157253274758
-18550.30228383742,0.9809430587923247,3.080231222415998
-18550.746077627526,0.9994831117546631,2.742637782846238
-18551.94742065341,0.9375414510632957,-2.8135126548843967
-18553.031610028374,0.03185842874686837,2.855697660447257
-18556.225277059984,0.9962349028955474,2.6191041244464834
-18560.052210197126,0.8149915125697379,2.7092756791593295
-18570.637920371308,0.7069422850783423,-2.818687240805526
-18589.552743071166,0.9840842123669459,-3.0870543305386224
-18630.997229390046,0.0010327032033281966,-2.7224586672584468
-18710.033066816824,0.9169562834330328,2.5438371303177947
-18745.865063070156,0.1566150156668523,2.1667455188685585
-18745.864341017623,0.16512203689464555,2.219539720569454
-18745.86460677048,0.16086397676014155,2.2188549347521427
-18745.87016108299,0.18306026342313883,2.095658336941887
-18745.869420375268,0.22189651931660567,2.140956951684652
-18745.840895245226,0.29299290012831514,2.1946372755889723
-18745.78960173075,0.407610813950057,2.32292629773368
-18745.59407371904,0.7000062807260626,2.093848434808672
-18745.831432151015,0.9487520347325389,-2.7845175020525517
-18745.658895824923,0.0011160106114026474,-2.402422192280222
-18747.47914571303,0.0021626628126181105,-2.744517824428966
-18749.39420119586,0.8855314070627822,3.1395111962795257
-18755.117375267597,0.5845012923841785,-2.4325123865541176
-18764.224801260716,0.6808646637499879,2.955700713474588
-18773.156293603315,0.20156046579834988,-2.337175532395584
-18809.638532802714,0.05980301546540356,-3.0171087372331935
-18888.8220016908,0.31014651707135277,-1.7434729603933354
-18922.805900585576,0.9923492895636353,2.859438587767298
-18922.811378865656,0.9948512672980636,2.845754220340744
-18922.8109691687,0.9974422464008901,2.8408568967925616
-18922.817599441023,0.9965403277100773,2.9583911770325297
-18922.834421693082,0.9954817723106888,3.04480733795343
-18922.88922378123,0.9992854289376024,3.1295542487837613
-18922.99829819006,0.9835202811685773,2.903761059575877
-18923.153867662473,0.822619781574626,-2.6263473670390685
-18923.324332604716,0.6978017600067863,-2.5051069854170662
-18923.65599080559,0.0002967225751241368,-2.7919432251283687
-18925.87096437898,0.0023475596652606924,-2.4677237847894635
-18930.00658474917,0.027691544610471734,-2.596328016842258
-18936.73209726097,0.005023122653693103,-2.5007923642841154
-18944.60638525398,0.9901841845683085,2.8105944105751908
-18968.558887182517,0.9172031501058436,-2.9908528214566474
-19004.756169728946,0.010269910143618664,-2.6015691972858574
-19087.83853464604,0.9997696802012953,3.1301153273850453
-19121.472464428076,0.011862801206234591,-2.7772240959486516
-19121.480453764627,0.005919584552346609,-2.8367306218178516
-19121.48848033773,0.00504514628029484,-2.81496077445895
-19121.51475634811,0.005601440276690458,-2.722756986682658
-19121.54637589802,0.01786743425517727,-2.6259118666623382
-19121.61936994512,0.0026214689766517283,-2.9381163213106305
-19121.781490646204,0.009800041513225407,-2.754572781832984
-19122.091614909186,0.01820853848451495,-3.05463037106252
-19122.650298299417,0.0038406383682847885,-3.0742584019432178
-19123.51572175493,0.2507207372888334,2.720941420433543
-19124.736523456795,0.967046421746072,-2.901406476318938
-19125.871772795675,0.1733670998262591,-2.8337894268355956
-19128.49550430048,0.5145696832097931,3.0495960674204143
-19139.832992147865,0.8644806002561187,-2.986502061723114
-19157.848085450918,0.42794855909978385,1.5550585266840855
-19195.83954334103,0.013073386014873047,-3.0919242929008535
-19287.200580379715,0.04557152273460902,2.8738770809876923
-19327.159000914453,0.06136327065616097,-2.916474961278685
-19327.156255581183,0.0628140617674374,-2.8423638432164258
-19327.15517563134,0.0608483702806604,-2.851904097920761
-19327.1794724006,0.04622665824017911,-2.761648599911982
-19327.215575964477,0.0316313662955579,-2.8066071462473654
-19327.28854415539,0.0007223407342654522,-2.8097846310314716
-19327.368439885275,0.0024187976794508804,-2.8098147972571708
-19327.65228545236,0.0003316252564492257,-2.840216008675605
-19328.304527517772,0.004886086495985762,-2.5484712433457206
-19329.45213194642,0.033800817179546874,2.940837945022583
-19330.558611737917,0.9928015003838734,2.853473115382185
-19333.91786806847,0.0029060458776658965,-2.8666425053847506
-19340.579666689966,0.6426012057320344,-2.7040250120116833
-19352.82701451539,0.9979176804132265,2.667941667243306
-19370.78089340243,0.33462511002924433,2.563431310679716
-19409.777007288816,0.39692213551116945,2.2353388153603237
-19479.46732592124,0.3919023960011947,-2.7971334384579385
-19517.787300293658,0.11911489820238055,-2.076374752313628
-19517.78483983519,0.12241015492271179,-2.173134700631304
-19517.7887614343,0.11028356430490542,-2.187693278179861
-19517.79537205976,0.07355972752064209,-2.134524276451719
-19517.79921661874,0.018026141433481968,-1.995555600812635
-19517.815320461166,0.0006221928858653829,-2.382231994952439
-19517.987424361923,0.004173905317853131,-2.8321688178574487
-19518.344743061614,0.0008993476910157039,-2.951825887202565
-19518.98580239839,0.0009131158056106325,-3.0073393977083644
-19520.12440725072,0.007219656525746064,2.953151409122965
-19520.837606904264,0.5594979092209162,-1.5492271414582288
-19522.925231905905,0.9410969644578507,3.1221384436925987
-19527.717994007933,0.059820965799480534,3.0885043531638665
-19537.493456438104,0.415564199065206,-2.3299853004164537
-19561.96710085854,0.9812980483132212,3.09174031641294
-19596.987519402668,0.4833467467815688,-2.7972778546034087
-19683.134343756195,0.001277452037950184,-2.468449826108703
-19719.49075228977,0.16972817498067572,-2.399669060287512
-19719.48969475823,0.1637363705278913,-2.3395463597886725
-19719.48935167351,0.15958855520566076,-2.3675379277304858
-19719.50547003096,0.14673382848978378,-2.4142807183104478
-19719.518389787605,0.11663081783227999,-2.316262541694451
-19719.52611258669,0.07115930533691266,-2.206460425752393
-19719.589241175086,0.005909072887176158,-2.4462359165529803
-19719.91194612143,0.00661496261366957,-2.6413202590977134
-19720.468652723674,0.019096362797224535,2.802197483732244
-19720.574649535643,0.6871681060332353,2.543279276050159
-19722.432192768036,0.9539968527803936,-2.965158185238623
-19724.890766398283,0.994899954496014,3.085638176280691
-19726.778878343874,0.8204344897831869,-1.9468363836340685
-19734.177884049615,0.940761707372307,-3.115343702149148
-19755.871002777032,0.5700575489925518,-3.0215534161872504
-19794.029273043656,0.22890178572027003,2.513305899002118
-19873.746679540734,0.9563890450034686,2.887312921907327
-19908.60060180292,0.8063025952998277,2.8669572764478612
-19908.604885848883,0.8018863205153862,2.8887283205894487
-19908.606924740285,0.8074804135836942,2.8998208092713442
-19908.609908132275,0.8257311827588665,2.781442841374348
-19908.62625164254,0.844290865089531,2.7654453388909923
-19908.648030860062,0.8595395714888625,3.0023831695746424
-19908.69527338672,0.9104048505843503,3.131149139798892
-19908.880926999933,0.9152317773592968,3.073964662687195
-19909.29296439716,0.8400351694895453,-2.0065612518995537
-19909.130527409467,0.006869163146964154,-2.257919644622267
-19910.582641639034,0.6931124063845804,2.2584566042590666
-19913.467446382198,0.024792242739380584,-3.0897960754655673
-19918.81423686787,0.7587422991851439,-2.6629831077254082
-19927.904627686516,0.8567815159444306,3.1151863600818235
-19945.40966903366,0.9998963723401185,3.05082209689313
-19984.082494736173,0.9938713286589628,2.5127172614056477
-20061.8985484073,0.0011621629559793404,-2.3163601046510305
-20095.2654267555,0.024239337520030532,-2.872130977374347
-20095.26971597014,0.02076445607877605,-2.812411365712787
-20095.26923430579,0.0152443988203249,-2.9253105244207287
-20095.279844006403,0.0036489330044375354,-2.980056212019286
-20095.32941378439,0.009155940247568786,-3.066063498996884
-20095.412789356524,0.00458658938177713,3.0839088689376783
-20095.59830494281,0.020031945288762946,3.0993342058618767
-20095.869739027643,0.11323929385794401,2.5741142827523937
-20095.764922000835,0.5737335545959062,1.5784256388029796
-20096.239875774616,0.9573045149756995,-2.3106218584669813
-20097.1432551146,0.0014692207990703744,-2.718139692645923
-20101.274132814542,0.010887133649406336,-2.855451345874274
-20107.906476016284,0.000635445780840829,-3.0642764251338446
-20117.10568898324,0.05214314386029297,2.8688651410403843
-20136.54203534951,0.19025555354433804,-2.962861274601195
-20169.453440014768,0.999768676180386,2.6446267556077174
-20259.337703280216,0.0010291498777905022,-2.8139497742646222
-20301.54720305136,0.9966165813833768,-3.014901633274089
-20301.552676026415,0.9871949798049271,-2.970684282441232
-20301.568283858887,0.9909191164897131,-3.0017148453316858
-20301.594635828955,0.9977815378017039,-2.8413790014390212
-20301.61547897635,0.9847904384039972,-2.8109046530543593
-20301.70581871565,0.9458438382540193,-2.7257730800757294
-20301.785542695117,0.8851609588600596,-2.3854977473090666
-20301.837730877305,0.7022160497562354,-2.4333773137010266
-20301.7550762692,0.11981327212944937,-2.4351679775283306
-20302.234839094675,0.40369829634013504,-3.061204256623926
-20303.949884626316,0.09237051348389545,2.7306995913636367
-20306.765231208567,0.8568980810151401,-3.058458563984649
-20312.873016117846,0.7571201555587537,2.3139456270569365
-20321.848683621192,0.5383718134713289,2.9930792496367093
-20337.651484771566,0.2522563925650172,2.444497791715367
-20378.857135444094,0.8574904814820168,-2.7531444598019443
-20447.709685584425,0.9999103253188341,2.540137566629893
-20483.335682110654,0.20824683421907475,2.653578778298698
-20483.33423407128,0.21043330198513022,2.6242294630192777
-20483.331217742834,0.20137382047860647,2.641276606503692
-20483.315872255524,0.21069927725011908,2.5504998691596974
-20483.305574524347,0.23420290774324123,2.7396700584686435
-20483.29417831172,0.2886517417436444,2.718251064323665
-20483.336631970193,0.3513094732886035,2.677895924630138
-20483.277393103752,0.5581287400532196,2.0026751886617102
-20483.195606384914,0.969376414533927,2.17976469874767
-20484.18898403396,0.8997585560904776,3.121017029625902
-20485.376167504546,0.0065769071864576496,-2.8105807393398816
-20487.113534025542,0.10006025421118349,2.5335912589317857
-20491.337415138027,0.003211949323855173,-2.9141477224591776
-20499.80075755992,0.7205181924664554,3.121676078968065
-20517.866672515822,0.4291724155747224,2.496915827830085
-20552.9976774772,0.5410196438582093,-2.709719468483453
-20628.588521423604,0.015371980223508535,2.9548213409686888
-20663.023038167852,0.9908113320637185,2.658065737867622
-20663.03387116721,0.9833738037334979,2.6510277643359483
-20663.045033801605,0.9884438879571509,2.560198593930684
-20663.05915925591,0.9960375674090715,2.636458286784645
-20663.07786193362,0.9962394890184,2.601468004252821
-20663.132818891,0.9969094819554282,2.761524628519272
-20663.295265005967,0.9985301243195127,2.57351730673137
-20663.5646139324,0.9985527258589889,2.8864391908593667
-20664.26789437504,0.9979452511364574,2.879928927739691
-20665.375549961853,0.9328112014022459,-2.9000907188912226
-20666.41965103993,0.09704896963251358,2.711450439186648
-20669.507828026675,0.9744573217618991,2.9659896286852074
-20673.223354463033,9.088018054055603e-05,-1.9267613280862117
-20684.150234896915,0.9864562875319184,2.7953546297007206
-20700.51430381153,0.9979158770090485,2.659486455521389
-20741.505406602828,0.5356767313655361,-2.5017757629029664
-20821.9768804993,0.0004899781463993958,-2.798541847724268
-20857.038888874275,0.2357146494773101,2.817109822718388
-20857.03651775455,0.23840227875538691,2.7705014687768195
-20857.041277541754,0.24861611852616602,2.631570528934823
-20857.03970685336,0.2563392937853423,2.50334214617774
-20857.044369640018,0.29062592070269966,2.4415194258029036
-20857.034901061987,0.3624736497823455,2.470548886572325
-20857.009125625253,0.4333866163879949,2.379129636742668
-20856.86625909232,0.6189355523657458,2.5020238387119242
-20857.106267843166,0.9891689446543724,2.8783163535538243
-20858.004823790827,0.7065133397043156,-2.857287258521111
-20858.20956344505,0.319453023400491,2.9207214533494668
-20860.61064135978,0.015750213956933268,-2.7773190405259824
-20869.11170635414,0.07234956296058437,3.0991901904043297
-20880.79067359469,0.006262546249635737,-2.529923539195837
-20896.341315503403,0.23794689530842525,3.065773245117784
-20936.662962636077,0.9300889872026167,2.182203953704663
-21014.59724185775,0.019510076936014475,-2.912026666042437
-21049.562322577596,0.9979689902485599,2.6934028236716543
-21049.56609168346,0.9979689902485599,2.6769018815075203
-21049.575407567692,0.9979689902485599,2.724903623609544
-21049.578298127057,0.9979689902485599,2.7322043504671782
-21049.592801463416,0.9977852581868651,2.6379130484055775
-21049.686528031893,0.9983231032532203,2.5320299716004584
-21049.815653742746,0.988088464846133,2.60958799969867
-21050.061419282738,0.9984423327094043,2.4159275922254517
-21050.575405293523,0.9784851234905052,-3.060546636278209
-21051.67239234189,0.9875932535198969,2.912590294621781
-21053.771820051486,0.971989233548959,3.0858104096791212
-21056.747859015508,0.12048141942322471,2.729753122457005
-21060.3633273972,0.00020703379043522435,-2.750257911345279
-21072.99739059342,0.010908728684648431,-2.7680006780366715
-21091.61300662662,0.9644103229743858,2.8406741888185945
-21137.062880236525,0.00303484983002633,-2.837474978299818
-21217.99561990559,0.9778345926508009,2.795876703207856
-21245.554282855963,0.010895527688457458,-2.9467964553541917
-21245.55971506713,0.011417140200913044,-2.9449848644005074
-21245.5637740171,0.01211504005298734,-2.9848779007221844
-21245.58296648604,0.006207853369000282,-2.9180044911677174
-21245.631416753935,0.0008790950171171524,-2.921774502368195
-21245.6850243376,0.010666675140079275,-3.0137916455094422
-21245.847420881582,0.015875338539906615,2.968522644811869
-21246.109056646652,0.10569875647152387,2.4216203543320605
-21245.699691259706,0.6788058694029381,1.2888664008001758
-21246.214428109735,0.997925581127547,2.5781110397785056
-21246.78497081066,0.03318000849074051,-2.868615598199982
-21249.498614175136,0.9937804636208113,2.7824465347868195
-21255.08890913071,0.5481301052450135,1.8170339175944132
-21264.57026232178,0.004825695083741123,-2.4320397283119934
-21287.101183254326,0.2847248018113372,3.0041040172469025
-21323.500782756815,0.0029244503078667524,-2.7095044910119195
-21394.629891348093,0.817629685880982,3.0848772768322403
-21425.805015674778,0.7110863230896757,2.6692668853087422
-21425.805155636437,0.7078968071644159,2.6741858609887466
-21425.805346804584,0.7163030321869337,2.6280100183230672
-21425.81912101339,0.7240722769989772,2.545982572233024
-21425.82109534712,0.7416492677186851,2.6643550341028597
-21425.829933736128,0.8106292437983581,2.6874009681260436
-21425.92578755522,0.9040167489645309,2.8262224391476387
-21426.158738452443,0.9920016886722703,2.70360337038867
-21426.799652852435,0.8969817695906692,-2.3443913693295206
-21426.822291775105,0.2754267110319807,-2.533561640650891
-21428.84960938503,0.002238898160324811,-2.7635181115902054
-21432.118091006727,0.8690781660248756,-2.579190323358457
-21433.706369243137,0.7882051906006513,1.9430645704497307
-21446.446636960467,0.9884456276038533,2.7220050972404675
-21467.149524767487,0.9692170316520033,-3.063464035438473
-21499.838713261157,0.975555051755801,-3.107124727173425
-21582.268225419746,0.9839917542708438,2.6958837478217887
-21615.75178639285,0.17310863217573658,2.5755842808849874
-21615.75727939018,0.18226298423713655,2.5317041845610735
-21615.767633760133,0.19800886735666695,2.5911004079153255
-21615.771399240384,0.20273782963435816,2.517842088837642
-21615.779710925446,0.24585333276517726,2.313313095760707
-21615.77419201541,0.28814409771355826,2.4622503405975067
-21615.802202128056,0.3374321003070186,2.2987049417950765
-21615.74425889401,0.5057958947622513,2.6934150390855818
-21615.772518877635,0.7822933250514393,2.8163424053207162
-21616.803264710663,0.9786527651108344,2.594120300276119
-21617.836849648145,0.04580553498408488,-3.006295251519863
-21619.97515950016,0.0035603732016051743,-2.609040959219002
-21626.140380316905,0.21598107859646817,-1.943006896562703
-21635.401204505943,0.0033984988654448857,-2.5566521889272535
-21653.720711761587,0.34458798864421225,2.7471581266412217
-21691.866248111102,0.8627402726515278,-2.8926656719644854
-21774.1801753762,0.5558699099533404,1.5192172831747266
-21806.22746580058,0.9996059293722206,2.9309470300958784
-21806.233217924822,0.9996059293722206,2.923406948093975
-21806.24176267982,0.9996059293722206,2.94250970104555
-21806.249980454682,0.9905079288683365,2.9780383853195387
-21806.3043127156,0.9890785949325245,2.9190216029742224
-21806.364991298226,0.9938589100279727,-3.1221893809863097
-21806.51009685677,0.9937707499587961,2.9506313376457927
-21806.833787131483,0.9942846219866885,-3.0867508205275063
-21807.507553009626,0.9998360157908804,2.877136220517377
-21808.19405164471,0.5821175142209885,-2.935571812086081
-21808.924170870494,0.034500051407843124,-2.9045637552357735
-21810.333777153355,0.6165803312199982,-2.3860662981186644
-21814.95250971074,0.5563885698267192,2.668089996703042
-21824.33031646552,0.7562889905051978,2.5055325111188296
-21843.494288778635,0.9876299056295837,2.89159664773827
-21880.31246459767,0.007706889779691256,2.961353603208348
-21947.62060550094,0.9984782947842856,2.6262511598189464
-21983.8406024746,0.04852677328114443,-2.4301224116970843
-21983.83811356273,0.042766536916520936,-2.4096622910004295
-21983.842765993915,0.022572258600579913,-2.4432708812997164
-21983.8575958126,0.013323786228667313,-2.339171502396405
-21983.879028235267,0.0037610147879840014,-2.4788659153824524
-21983.947839863686,0.0022900524535556244,-2.4285237940407907
-21984.07757474269,0.0020890482584136755,-2.8535788572622445
-21984.41745561611,0.008518800189389783,-2.68225292371772
-21984.98225443983,0.005779871201198874,-2.663633270950733
-21985.891425843743,0.0976656069437572,-2.9811633026280755
-21986.673532358403,0.941602347972822,2.164120636849768
-21989.885294796328,0.00033319857776527686,-2.7388754165242752
-21996.796601313206,0.7971723616797995,-3.0903704301326136
-22006.195813610415,0.003300913240428081,-3.0242307398128254
-22024.221492812805,0.9965098875676371,2.696587705667925
-22069.637193752864,0.008069498223977414,-2.6520084276690237
-22148.290531479342,0.014304829777363125,-3.100324075709149
-22189.114658915663,0.9430307630430185,-2.5354112910056017
-22189.117014215815,0.9476474123338923,-2.5253584414766377
-22189.123265735943,0.9425352905754782,-2.530778801518837
-22189.131007104002,0.9308544038482244,-2.613503237654961
-22189.146248251756,0.9020295656370951,-2.7423639920793854
-22189.189459430345,0.8704347150119282,-2.751761218937332
-22189.27124919515,0.796065176567427,-2.8268482218270385
-22189.349658210733,0.7481205182326516,2.9935965337892227
-22189.380835508437,0.522853716906214,-2.8576504327004595
-22189.25204048245,0.491862080068335,2.947798383466253
-22189.902679405015,0.4100168286915564,1.8566071049539508
-22191.684845005675,0.003172517693556585,-2.980853217892463
-22198.354028726433,0.0008785468293230723,-2.8805417706378704
-22204.820327648285,0.9849256805346553,3.1184399302155406
-22224.035934088573,0.9971872133041502,2.608013845265889
-22270.403090782824,0.9934549063147015,3.0342423004602974
-22349.270519946545,0.9953688349065857,2.883396205737789
-22384.55539591595,0.7485895305438223,3.0811393669646776
-22384.552101746944,0.7437108990027811,-3.0545191906833136
-22384.554890349555,0.7483153898446772,-3.065946279479115
-22384.556121955655,0.750245716967004,-3.1111327757867686
-22384.582065390536,0.7432427940677782,-3.1007367503763295
-22384.59593203893,0.7175120559505862,3.1276399444159866
-22384.559762554818,0.6342596172834744,-2.3914378199134507
-22384.476767427343,0.41689192835533145,-2.3366591616348966
-22384.57794243537,0.025987213825919717,-2.7249763515053793
-22385.297699362654,0.44766238169343414,2.397202500148639
-22385.463265053175,0.13869376565020872,-2.7497085595419017
-22388.129350919262,0.9977471199213067,2.9333476621735226
-22393.878380549944,0.8147625234953404,-1.7182452279822942
-22404.771686783133,0.0008654469568742584,-3.0064679419537503
-22424.795401664884,0.9965481858743347,2.628927277173676
-22472.031384057875,0.04089505234835908,-2.932534908457811
-22544.476984867284,0.003377847735111532,-3.0219369393476097
-22573.822043170236,0.37054082720243703,-2.118788638239671
-22573.808894005488,0.3624942885775798,-2.118898690702146
-22573.80349944377,0.3479493227208484,-2.0713707790194427
-22573.790672060815,0.32873605062972144,-2.1114842694257905
-22573.781312330084,0.2963471250556313,-2.035303321608242
-22573.799096750285,0.22730352618364935,-1.9822233294784593
-22573.787244870313,0.08287937570953194,-2.5797556929355614
-22573.988180590433,0.05914893092852955,-3.040738224845849
-22574.588030792955,0.03874352904615685,2.917303184735097
-22575.187754360857,0.004158331546719702,-2.58269429624703
-22576.411211481,0.9984197673807965,2.9024214195321587
-22579.49995404617,0.025351686887828045,-3.019952890524062
-22584.699373902913,0.0017041860348606377,-3.0885052560098165
-22595.54447116916,0.08761717514752908,-2.586800331351711
-22617.138292804957,0.21611291617320116,2.7164915637436113
-22654.120207449872,0.0006049171967358064,-2.670826487922264
-22733.423696905076,0.0560721476470134,-2.8329158424585694
-22762.685112666943,0.8411081984741803,2.1098228668377326
-22762.687359777035,0.8404283005339209,2.1089761187943488
-22762.67995046066,0.8400451776162918,2.1695194864976735
-22762.694296183032,0.8674154023947996,2.1943983939598937
-22762.708224975897,0.8832799763246177,2.1968486134592586
-22762.71875265467,0.9537447532558523,2.271335683748058
-22762.83186721199,0.9982517123948531,2.6737863811444935
-22763.158783694522,0.9952181069308234,2.5515443918105785
-22763.62968287498,0.8184058697187515,-2.6311546677132194
-22763.68551240794,0.012655269967633985,-2.934719179184087
-22764.546817665116,0.9882902899440981,2.5614756554245615
-22766.068082760565,0.010710435455817189,-2.839728251599247
-22771.10148751668,0.781910995808318,2.28254141314361
-22781.25473751721,0.7846016021225525,-2.247688810237062
-22798.47855580431,0.8580867142894653,-2.650580067090453
-22844.427435599322,0.16473717664108667,3.1352972187647
-22925.241347814277,0.8514793114411274,-2.666003247204352
-22962.611947827438,0.9984389305692127,2.288928439626906
-22962.610699570436,0.9984389305692127,2.3437550183495492
-22962.610572039062,0.994045040066714,2.3487325732780775
-22962.61564102311,0.9864884224615201,2.3738019238405688
-22962.644047078356,0.9935295401179173,2.5250801303925385
-22962.70404353562,0.9991449759075,2.7069866188156393
-22962.792896913434,0.9995098018043735,2.2139680549823115
-22963.097348327723,0.999534311292019,2.758723416637773
-22963.63073565753,0.9656010413338235,2.9745199077737485
-22964.788606800914,0.996599013994492,2.852696972182903
-22967.098907889264,0.9935828035533181,2.816072812588885
-22969.63426854738,0.002006542698074784,-3.035377401189456
-22974.698240708418,0.9768871188044022,3.0706075952786787
-22982.996709999203,0.9963270914453943,2.346181103858104
-23007.711033237836,0.1751550307657414,2.985535587372935
-23043.011187969605,0.09478012796627179,2.823877345211839
-23125.068377212167,0.9072122347529388,-3.1026436900401917
-23160.287186941197,0.004062712298459682,-2.9714401981517895
-23160.293743051494,0.005080847955258224,-2.9273739852718994
-23160.30895178068,0.0011353602176324448,-2.9513409765427947
-23160.33318720331,0.004257951902914996,-2.991357540812476
-23160.38748575703,0.005173287866011897,-2.960963208892812
-23160.459098334668,0.011911419692642658,2.949472042225155
-23160.587624325373,0.08312104229726942,2.728345530479201
-23160.73819724627,0.2645564638990975,2.5668345114481346
-23160.716549885572,0.6999254696753974,2.5876898169421114
-23161.54406538613,0.9938498004994193,2.8009773826789246
-23163.838611606487,0.9606736488503148,-3.0655951660939893
-23165.483509100784,0.9784251347524896,-3.106625328357125
-23170.84072887703,0.0078192272542803,-2.7215921762155855
-23180.014627302135,0.21359734680028264,2.3494170898532847
-23194.320481442417,0.7056360270508246,-1.6433729699715278
-23232.96862976793,0.0009806145869842896,-2.2988223330396904
-23311.881812914053,0.24180519148451884,1.4244259692071832
-23340.469110403657,0.0011413637774505038,-2.885373832138321
-23340.469110153026,0.0011413637774505038,-2.8131473138113527
-23340.474263244967,0.004812671287813163,-2.914868003781457
-23340.48165693027,0.008315467422712271,-2.8607301587430602
-23340.533251841855,0.020247042284003144,-3.0794846207883477
-23340.60375409958,0.023875722677801327,-3.133227814476095
-23340.773929868497,0.024830298216778842,3.1038975207787107
-23341.011211370947,0.03310747125489757,-2.594589976886134
-23341.57259229282,0.004685946215311122,-3.1067333942556186
-23342.84285994392,0.00611199752903693,-2.6881547942163273
-23343.93898344762,0.9919558012808479,-3.116731977227314
-23348.506115933214,0.9922270302086927,2.6780855989230705
-23353.198502404543,0.22747549737154024,-1.7167917413731666
-23366.553992686,0.999861762261922,2.615626537392737
-23391.062281789746,0.15417436745238222,-3.1373576458612416
-23427.452096370755,0.0017338823993817895,-2.5000720140625647
-23508.18495710708,0.25311782434636587,2.4007857848755094
-23546.689045753712,0.9670650551809131,2.521995880198739
-23546.69553531852,0.9724022861931838,2.541717439971663
-23546.707042148668,0.9746085075442862,2.678790027823453
-23546.721290322806,0.9760813806748636,2.6685163903786977
-23546.762753492385,0.9959245686836792,2.6953659135318073
-23546.875490586153,0.9903954668871885,2.904264117982012
-23547.01198761961,0.993910949317643,3.1176660348289387
-23547.323464106583,0.9991300999455358,2.703874580065719
-23547.804591355864,0.9977745672581523,2.969386490879609
-23548.947349675134,0.9962820273911289,2.9621018531512124
-23549.605148205243,0.6682457233083097,2.984538039112156
-23552.550027529338,0.3984890897377354,-2.340254559467977
-23557.801899923023,0.9938075256161394,2.554336297350136
-23567.713325467837,0.9991274887103917,-3.077617939714335
-23587.17323472951,0.9999464029096272,2.9914794205438344
-23629.841504254277,0.9013134278478984,-3.121501723335502
-23706.05051210854,0.21744809085538253,2.3216221950183416
-23745.21702869521,0.7022174436802784,3.0253238615247557
-23745.21882702919,0.7037469357217963,2.9586323546143447
-23745.21976566658,0.7027414999603304,2.946310447258213
-23745.212566950737,0.7091720793495225,3.057353203883233
-23745.222491579974,0.7087595249108992,2.863912764746729
-23745.249968606775,0.7918538973723372,2.4645212033378936
-23745.332500928704,0.9086986052803946,2.1439985178540173
-23745.5179828223,0.993840913972205,2.532917791455503
-23746.060164683313,0.9986783148578793,2.6601671666533413
-23746.957129023074,0.6527296041690707,-2.336237156506139
-23748.309973424683,0.0007880436181482179,-2.833401668540012
-23751.63396497432,0.9792053484176846,3.1320228652138207
-23754.928039071463,0.9805353385338006,2.7141870925672498
-23763.85755042765,0.16759457546772477,-2.650054364271628
-23786.43255618878,0.502320446928977,2.549099759316923
-23824.674704572128,0.028688574259052635,-3.110162643855159
-23905.31569448199,0.00932417377422098,-3.067676037138162
-23943.77000163462,0.3919390827137589,1.7892752568041423
-23943.772187540515,0.4025034837941637,1.7688185740489475
-23943.757709063375,0.4133682529419642,1.755062375241856
-23943.720027385432,0.4388543756283239,1.8093840633504925
-23943.693125622067,0.47527902034544,1.6983664802515008
-23943.623018946942,0.5374577578142428,2.0054536691146296
-23943.592438973006,0.7475042623252024,2.034264747208356
-23943.67312208193,0.9846454827333312,2.526325351724209
-23944.302716606002,0.987153458400623,3.0405128410257394
-23945.1138997137,0.6708173994973979,-2.999794669716438
-23945.153165847983,0.465143077564794,-2.7161496697288565
-23946.06494146609,0.013628134184217195,-2.4822577476708725
-23951.454830422696,0.8327072206028683,-2.449308296399322
-23963.95759920015,0.7803230178711337,-2.4680288526094305
-23979.81214716121,0.8870674608782693,2.665202170812332
-24016.935204773537,0.7278241388316591,-1.7769017550668864
-24097.643757193622,0.00016158770464766176,-2.985943440585455
