0.0
0.0
0.0
0.0
0.0
0.0
0.001
0.001
0.001
0.001
0.001
0.002
0.002
0.002
0.002
0.002
0.002
0.002
0.002
0.002
0.003
0.003
0.003
0.003
0.004
0.004
0.004
0.006
0.006
0.006
0.007
0.007
0.007
0.007
0.007
0.007
0.008
0.008
0.008
0.008
0.008
0.009
0.009
0.009
0.009
0.009
0.01
0.011
0.011
0.011
0.011
0.012
0.012
0.013
0.015
0.015
0.016
0.016
0.016
0.017
0.017
0.018
0.018
0.019
0.019
0.019
0.019
0.02
0.02
0.02
0.02
0.021
0.023
0.023
0.024
0.025
0.025
0.026
0.027
0.027
0.028
0.029
0.029
0.031
0.032
0.032
0.034
0.035
0.041
0.042
0.043
0.044
0.045
0.049
0.052
0.056
0.057
0.057
0.057
0.057
0.059
0.064
0.065
0.067
0.067
0.068
0.068
0.073
0.078
0.08
0.083
0.096
0.098
0.104
0.104
0.11
0.112
0.113
0.114
0.117
0.132
0.134
0.139
0.143
0.144
0.147
0.148
0.149
0.149
0.151
0.156
0.022
0.159
0.16
0.16
0.16
0.162
0.166
0.167
0.169
0.173
0.177
0.179
0.181
0.183
0.187
0.193
0.194
0.195
0.196
0.2
0.2
0.202
0.207
0.066
0.051
0.215
0.217
0.219
0.219
0.224
0.225
0.228
0.228
0.228
0.229
0.232
0.237
0.237
0.237
0.129
0.24
0.241
0.245
0.246
0.248
0.253
0.253
0.253
0.26
0.263
0.265
0.265
0.266
0.268
0.27
0.27
0.047
0.141
0.039
0.106
0.147
0.288
0.291
0.137
0.294
0.294
0.18
0.174
0.102
0.188
0.055
0.306
0.306
0.142
0.313
0.315
0.216
0.158
0.319
0.323
0.326
0.326
0.327
0.331
0.331
0.332
0.339
0.341
0.344
0.348
0.348
0.351
0.239
0.357
0.364
0.195
0.075
0.368
0.369
0.371
0.045
0.373
0.039
0.039
0.386
0.065
0.388
0.153
0.392
0.166
0.047
0.398
0.41
0.418
0.237
0.42
0.421
0.421
0.104
0.426
0.197
0.429
0.092
0.041
0.431
0.035
0.436
0.436
0.069
0.107
0.439
0.443
0.444
0.063
0.105
0.049
0.455
0.255
0.077
0.028
0.464
0.466
0.08
0.469
0.469
0.471
0.307
0.472
0.353
0.479
0.479
0.212
0.483
0.485
0.112
0.487
0.487
0.488
0.489
0.491
0.164
0.503
0.503
0.503
0.506
0.285
0.1
0.507
0.508
0.053
0.511
0.512
0.262
0.519
0.522
0.522
0.523
0.523
0.524
0.528
0.244
0.531
0.101
0.533
0.535
0.538
0.541
0.034
0.544
0.546
0.546
0.554
0.25
0.559
0.568
0.113
0.237
0.577
0.583
0.078
0.133
0.593
0.371
0.153
0.229
0.599
0.418
0.603
0.173
0.094
0.608
0.168
0.055
0.614
0.616
0.089
0.621
0.22
0.626
0.2
0.309
0.63
0.633
0.634
0.635
0.255
0.539
0.648
0.032
0.171
0.65
0.653
0.654
0.657
0.659
0.071
0.664
0.025
0.67
0.671
0.673
0.035
0.677
0.464
0.68
0.681
0.684
0.055
0.047
0.073
0.693
0.472
0.179
0.698
0.222
0.113
0.054
0.087
0.138
0.354
0.714
0.72
0.188
0.732
0.733
0.733
0.739
0.741
0.13
0.743
0.507
0.744
0.75
0.756
0.169
0.763
0.095
0.039
0.444
0.775
0.09
0.778
0.778
0.783
0.329
0.786
0.032
0.079
0.091
0.789
0.797
0.104
0.047
0.801
0.801
0.036
0.168
0.806
0.068
0.03
0.81
0.81
0.811
0.074
0.054
0.093
0.175
0.823
0.149
0.824
0.827
0.611
0.829
0.32
0.703
0.83
0.831
0.048
0.07
0.047
0.839
0.841
0.842
0.267
0.85
0.068
0.854
0.091
0.166
0.182
0.874
0.176
0.044
0.875
0.152
0.011
0.881
0.881
0.726
0.885
0.07
0.037
0.073
0.894
0.895
0.903
0.114
0.028
0.683
0.917
0.094
0.92
0.251
0.06
0.175
0.708
0.144
0.032
0.051
0.028
0.299
0.589
0.946
0.947
0.024
0.955
0.957
0.037
0.966
0.761
0.976
0.064
0.08
0.676
0.175
0.868
0.114
0.993
0.222
0.539
0.994
0.126
0.875
1.001
1.003
1.01
0.348
1.012
0.03
0.848
0.215
0.444
0.091
1.026
0.114
0.055
0.06
0.777
0.056
0.213
1.04
0.454
0.332
0.222
0.139
0.03
1.068
0.069
1.07
1.071
1.075
1.076
0.099
1.079
1.088
0.438
0.386
0.245
0.169
0.524
0.033
0.847
0.157
1.104
1.107
1.107
0.704
1.116
1.118
0.184
0.146
0.069
1.125
1.127
0.091
0.152
1.132
0.775
1.134
0.064
1.14
1.142
1.143
0.127
1.15
1.152
0.22
1.161
0.051
0.522
0.043
0.907
1.176
0.173
0.024
0.297
0.074
1.192
0.174
1.196
0.695
0.217
0.244
0.333
1.204
0.324
0.115
1.214
1.214
0.645
1.216
0.087
0.27
1.221
1.221
1.224
0.09
0.095
0.079
1.235
1.237
1.243
1.244
0.104
1.25
1.25
1.252
1.252
0.871
0.051
0.041
0.523
1.261
0.808
1.27
1.27
0.142
0.03
0.136
0.47
1.287
0.079
1.289
1.294
0.091
1.301
0.839
0.271
1.307
0.175
1.174
0.112
1.31
1.313
0.067
1.319
1.324
0.133
0.122
0.119
1.328
0.661
1.33
0.032
1.333
1.335
1.336
0.453
1.339
1.341
0.467
0.537
0.092
1.36
0.632
1.37
1.227
1.38
0.438
0.046
0.041
1.387
0.028
1.39
0.056
0.707
1.405
1.405
0.213
0.138
0.045
0.048
1.415
0.096
0.174
1.264
0.328
0.044
0.624
0.364
0.893
1.001
1.45
0.096
1.456
0.062
0.225
1.467
0.04
1.47
0.032
1.374
0.086
0.109
1.479
1.479
1.186
0.101
1.493
0.529
0.043
1.5
0.478
0.555
0.075
0.072
0.225
0.102
1.512
0.056
1.513
1.523
1.293
1.534
0.89
1.541
0.13
0.498
1.546
1.348
0.539
1.554
1.554
0.862
1.565
1.567
1.567
0.107
0.226
0.462
0.998
1.573
0.038
1.192
1.048
1.585
1.585
0.06
0.022
0.098
0.218
0.267
1.593
1.596
1.598
0.716
1.603
0.045
0.266
1.606
1.617
0.042
1.619
1.5
0.18
0.072
0.062
0.412
0.128
0.172
1.63
1.63
1.631
0.051
1.633
0.096
0.137
0.795
1.641
1.331
1.646
1.65
0.195
1.65
1.651
0.083
0.237
0.116
0.53
0.175
0.149
0.28
0.223
1.671
1.672
1.674
1.676
0.223
1.686
1.687
0.08
1.695
1.695
1.697
0.954
0.972
1.707
0.252
0.606
0.103
1.437
1.723
1.171
1.447
1.735
0.029
1.738
0.262
0.024
1.748
0.145
0.043
0.45
0.567
0.267
0.109
0.534
0.183
1.59
0.091
0.094
1.775
1.775
0.136
1.778
0.756
1.78
1.78
1.784
0.032
1.784
0.326
0.489
1.214
1.79
1.791
1.793
0.084
1.157
0.358
1.797
0.033
0.835
0.735
0.079
0.303
0.072
1.817
0.79
1.822
0.067
1.825
1.828
0.357
0.027
0.097
0.259
0.026
1.838
0.226
1.843
1.845
0.339
1.476
0.136
1.851
1.852
1.057
1.861
1.863
0.052
0.031
0.693
0.073
1.871
0.063
1.872
1.257
0.968
0.19
0.164
0.658
1.887
1.268
0.091
1.58
0.098
0.065
1.899
1.904
1.341
1.91
0.065
1.923
0.236
1.926
1.933
1.934
1.935
0.05
1.006
1.939
0.131
0.077
0.043
0.126
1.942
0.238
0.184
1.947
1.949
0.3
0.945
0.044
1.958
1.645
0.193
1.963
0.053
1.118
0.378
1.971
1.972
0.852
0.103
0.073
1.981
1.984
0.176
1.675
2.011
0.086
1.82
0.028
2.017
2.022
0.068
0.227
2.029
2.029
0.705
0.048
0.923
0.093
0.086
2.043
2.045
1.567
2.05
0.077
1.59
0.619
0.033
2.067
2.074
0.09
0.041
0.043
0.137
0.203
2.083
0.093
0.551
2.088
0.689
2.088
1.399
0.05
0.27
0.075
0.553
0.232
0.018
2.1
1.038
0.241
1.031
0.036
2.131
0.077
0.043
0.158
0.116
0.369
0.218
0.352
2.149
0.075
0.826
0.373
0.058
2.173
1.325
1.479
0.052
1.757
0.02
0.937
2.182
1.783
1.781
2.184
0.256
0.292
0.058
0.065
0.279
0.566
0.056
2.207
2.21
0.141
0.036
1.338
0.285
0.269
0.284
0.294
0.062
0.902
2.242
2.248
2.044
0.643
2.25
2.252
2.254
0.045
0.472
0.78
0.062
2.269
2.27
2.271
0.025
0.081
0.03
0.537
0.098
0.087
0.1
0.283
2.288
2.296
0.521
1.095
2.304
2.304
2.304
2.311
0.778
0.673
0.326
1.482
1.04
0.048
2.334
0.686
0.188
0.092
2.34
0.049
2.343
0.492
0.075
0.131
2.352
2.355
0.063
0.366
0.184
2.373
0.47
0.121
2.379
0.266
0.023
2.381
0.934
0.072
0.661
2.014
0.286
2.4
0.407
1.882
2.404
0.05
0.358
0.065
2.059
2.406
2.406
2.409
0.59
2.414
2.415
2.417
1.99
1.038
1.438
2.42
0.683
2.424
2.062
2.429
0.023
1.259
1.6
2.45
0.797
0.961
2.457
0.38
1.42
2.468
2.468
2.471
1.314
0.127
0.385
0.857
0.275
0.385
0.282
2.492
2.494
2.5
2.504
0.088
1.055
2.508
1.439
0.111
0.913
1.934
1.737
2.518
2.518
1.635
2.523
2.525
2.526
2.528
0.154
2.267
0.175
0.821
0.293
0.071
1.942
0.13
0.459
0.057
0.213
2.108
1.622
2.578
0.02
0.087
0.09
2.434
2.583
0.069
0.014
2.045
2.594
0.304
2.6
2.601
0.622
2.606
2.274
2.113
0.054
0.48
2.611
0.636
0.096
0.283
2.355
0.209
1.102
0.169
0.08
2.647
1.746
0.088
0.474
0.064
0.034
0.121
0.184
2.116
2.668
0.39
1.409
0.313
0.269
1.277
0.043
1.033
2.684
1.936
0.476
2.076
1.335
0.031
0.647
2.701
1.011
2.702
0.129
0.032
0.114
0.162
1.343
0.695
0.339
2.181
2.725
1.454
2.729
0.295
2.734
0.315
2.738
2.739
0.8
2.061
0.638
1.856
0.042
0.063
2.592
2.754
2.755
0.02
0.159
0.31
0.05
0.132
0.585
0.46
0.265
2.785
2.788
0.176
1.224
0.561
1.516
0.295
0.424
0.641
1.051
0.277
0.374
2.805
0.05
0.779
0.946
2.184
0.735
2.811
1.152
2.814
0.436
0.128
2.819
0.06
2.825
0.749
0.81
1.204
2.835
1.398
2.844
2.845
0.04
0.11
2.06
1.051
2.853
0.071
0.14
2.862
2.862
0.166
1.984
2.573
2.875
1.643
2.877
0.99
2.884
0.985
0.066
2.892
0.016
0.043
2.895
0.092
0.043
2.898
0.107
0.499
1.09
2.909
0.409
0.86
0.028
2.921
0.966
1.635
0.839
0.369
0.488
2.934
0.67
0.106
0.059
0.121
0.751
0.303
0.378
2.947
2.351
2.954
0.287
0.251
0.329
0.113
2.968
0.159
0.017
0.1
0.217
0.131
2.987
2.989
0.885
0.164
2.992
0.978
1.288
0.308
2.754
0.632
3.006
0.128
0.042
3.011
3.012
0.478
0.152
3.02
0.068
0.05
3.025
0.213
1.837
0.023
0.639
0.531
0.317
1.089
0.869
0.16
1.006
1.649
2.333
0.161
0.829
0.106
0.128
3.066
0.016
3.067
0.82
0.478
0.364
3.075
0.123
3.076
3.076
0.04
0.796
0.039
3.091
2.371
1.447
3.099
0.127
0.649
3.106
0.154
1.222
0.132
0.138
2.911
1.244
0.058
3.131
0.02
0.1
3.133
3.137
0.104
1.306
0.045
0.742
0.205
3.147
1.282
3.152
0.087
3.153
0.499
0.63
3.158
0.49
0.083
0.547
3.162
0.164
0.166
0.072
0.261
3.177
0.741
1.779
1.346
2.918
1.285
0.686
1.426
3.192
0.175
3.194
2.786
3.201
0.999
1.005
1.315
0.09
0.183
3.224
3.225
3.225
2.202
1.148
0.037
0.401
0.046
0.242
0.847
1.319
3.247
0.176
0.152
0.728
0.129
2.262
0.088
1.558
0.491
0.339
0.515
1.557
3.274
0.118
2.652
1.181
3.285
0.851
0.049
3.297
0.1
0.123
0.073
0.921
0.022
3.308
0.947
0.452
0.667
3.318
2.228
2.461
0.037
0.263
3.329
3.333
3.336
0.149
0.572
0.075
0.088
1.623
3.351
0.805
0.663
0.446
2.301
3.372
0.349
0.33
0.106
1.072
3.378
1.615
3.378
0.044
3.245
2.585
1.591
0.64
0.083
3.391
1.847
0.462
3.132
0.47
0.047
3.398
3.404
0.132
0.452
1.235
0.069
1.103
3.421
1.563
0.051
2.59
3.428
1.963
0.056
3.431
3.431
1.667
0.069
0.122
2.428
0.384
0.563
3.447
3.447
3.449
2.058
0.133
0.367
1.098
2.255
2.548
0.066
0.025
2.684
2.973
1.477
3.48
1.168
0.035
0.051
0.193
0.146
3.488
0.038
0.054
0.042
3.498
0.649
0.708
3.393
0.093
2.8
0.161
0.061
2.35
1.759
2.546
3.555
0.116
0.032
0.138
0.964
0.18
2.004
3.577
3.579
0.069
0.162
2.009
3.587
0.137
0.298
3.595
0.311
0.258
3.436
0.069
0.066
3.612
0.183
0.153
0.19
0.177
3.626
0.104
1.88
0.107
3.634
3.639
0.028
3.643
3.644
0.151
0.109
0.696
0.989
0.191
2.814
0.318
0.144
0.455
1.151
1.162
1.733
0.13
0.053
3.677
3.681
0.077
1.101
3.683
3.687
0.883
0.158
1.902
0.992
0.112
3.699
3.7
3.705
0.339
1.515
3.712
0.343
0.08
0.06
0.207
0.064
0.472
2.918
1.547
0.299
0.033
0.555
3.617
0.302
3.391
3.737
1.04
3.738
2.805
1.972
0.091
1.208
2.676
3.749
1.477
0.074
2.774
0.331
2.462
2.684
2.007
0.085
3.774
0.065
3.187
1.491
0.299
3.786
0.376
3.386
0.307
0.638
0.095
3.799
3.81
3.81
0.727
3.812
0.16
0.757
0.438
3.828
0.387
1.221
0.453
1.114
3.249
1.229
0.201
0.568
0.137
2.838
0.145
1.274
0.157
2.449
1.402
0.159
0.047
0.549
2.914
3.88
0.203
0.969
1.639
0.034
0.547
2.578
0.367
3.897
1.099
1.21
0.096
2.603
0.095
0.163
0.158
0.211
0.446
0.158
0.117
1.496
0.602
1.895
0.228
0.163
3.945
2.385
3.946
3.953
0.253
0.099
2.442
0.164
0.086
0.104
0.7
0.567
0.872
0.107
3.986
3.384
3.988
3.988
0.073
0.55
2.99
0.888
0.159
2.888
3.215
0.444
0.948
0.895
4.01
1.447
2.678
4.021
4.022
0.098
0.304
1.134
0.614
1.07
0.437
0.552
4.045
0.078
3.287
1.949
0.961
0.079
0.836
3.573
4.06
2.664
0.023
4.066
4.07
0.573
1.456
2.512
4.09
0.099
0.616
0.775
4.097
0.155
2.964
0.142
0.258
0.084
3.508
0.43
0.63
0.762
0.202
0.031
2.518
3.145
1.936
0.752
4.116
1.584
3.716
0.038
0.222
0.207
4.129
0.015
0.978
4.132
0.356
0.411
1.882
3.192
1.108
4.165
0.138
2.117
0.056
0.151
2.864
0.024
0.101
0.69
0.141
4.178
4.18
0.439
1.154
4.185
0.199
0.039
1.581
4.193
4.198
1.549
1.419
4.208
1.811
4.21
0.557
4.212
0.705
0.975
0.203
1.394
1.213
0.48
0.938
4.226
1.254
1.021
1.814
0.143
0.989
0.103
0.072
4.239
1.247
0.713
2.829
0.171
3.198
4.255
0.583
4.262
0.931
0.139
0.06
0.107
0.227
3.62
0.306
1.648
0.956
1.347
0.415
1.285
1.787
0.246
0.056
0.733
4.287
0.127
0.068
4.296
0.055
1.172
0.2
0.065
3.179
0.082
4.318
1.279
4.323
0.463
4.331
2.772
0.325
0.316
1.271
3.446
1.086
0.079
2.579
0.213
0.439
3.417
0.531
0.928
0.066
2.89
0.434
1.198
0.346
0.405
4.37
0.545
0.079
1.587
4.378
0.029
0.475
2.414
4.382
1.182
4.39
0.102
4.392
1.335
1.498
0.062
0.708
4.397
1.63
2.676
2.661
4.033
2.633
4.411
1.399
0.14
4.416
0.169
1.722
4.419
0.039
4.421
1.043
0.696
0.04
0.03
4.436
1.03
4.437
1.802
3.405
4.443
0.058
0.45
0.032
0.345
0.06
0.121
0.044
4.455
0.18
0.45
1.818
4.462
0.071
2.261
1.58
2.391
0.069
1.503
0.044
4.47
1.605
0.077
4.474
0.282
4.488
4.489
4.49
1.592
1.395
3.546
1.037
1.77
0.704
2.983
0.398
3.279
0.979
0.065
0.049
0.074
1.067
0.059
0.414
1.955
0.144
0.242
0.873
0.201
0.95
0.38
1.52
0.234
0.665
0.547
3.924
4.062
0.631
2.293
4.586
3.336
0.213
0.16
4.594
0.072
0.259
0.728
1.051
0.069
4.605
0.132
0.447
0.132
0.094
0.174
0.557
1.055
4.622
4.622
0.106
0.08
0.922
1.555
0.027
0.385
0.152
0.119
0.114
0.946
0.252
0.203
2.58
4.653
1.488
2.844
3.922
1.2
1.278
0.075
1.305
0.998
0.591
2.832
0.068
0.442
0.119
2.69
0.082
0.041
0.168
4.692
1.04
4.695
4.698
2.071
0.37
0.154
1.342
1.703
2.595
4.712
0.356
1.538
0.875
0.338
0.118
2.882
0.097
1.391
3.546
1.804
0.079
0.056
2.071
1.531
0.057
1.606
1.777
3.033
0.964
0.532
4.776
0.037
0.65
2.575
4.781
0.155
4.783
3.313
0.028
3.797
0.093
0.397
4.056
0.101
2.641
0.08
0.078
1.008
4.802
1.603
0.581
4.813
1.975
2.215
0.054
4.817
1.388
3.461
0.04
1.01
0.454
0.211
1.908
0.244
3.717
0.092
1.617
0.627
0.852
0.075
0.839
0.143
2.415
2.905
0.122
0.692
4.865
0.118
2.084
1.247
0.048
1.995
4.877
4.455
4.878
1.328
0.1
0.123
0.078
0.548
0.083
4.904
4.905
0.053
1.305
1.011
2.696
0.164
0.424
3.456
0.039
1.055
1.627
0.628
0.264
0.042
0.714
1.879
0.186
4.94
1.609
0.528
0.509
0.087
0.042
0.205
4.947
0.075
4.948
1.606
0.784
1.783
0.573
0.038
0.755
2.679
3.872
2.12
1.604
1.956
0.257
4.973
0.13
0.43
0.085
0.049
0.099
0.246
0.167
0.068
0.04
0.278
2.307
0.035
0.073
0.435
0.28
5.01
2.367
3.237
5.012
1.084
0.073
0.042
5.014
0.216
4.406
1.22
0.993
0.87
1.324
0.654
0.371
0.232
1.051
0.072
0.737
1.807
0.121
0.339
0.708
1.833
0.254
0.052
2.242
0.082
0.155
1.213
0.074
0.199
0.077
0.883
0.138
3.678
0.039
2.184
5.066
5.07
0.542
1.195
0.145
4.588
0.053
0.33
4.695
0.108
0.141
5.091
1.888
0.772
0.031
0.07
5.101
0.65
5.112
0.388
0.076
0.078
0.024
0.194
1.984
0.557
1.147
5.139
0.673
1.303
0.165
2.327
0.107
0.089
1.192
0.054
4.25
0.184
0.489
0.644
0.13
0.122
0.155
0.154
0.195
5.168
0.697
0.257
5.175
3.816
4.863
0.062
0.083
3.609
0.815
1.43
0.028
3.899
5.192
4.393
0.154
0.429
0.055
4.533
5.218
0.06
0.045
0.069
5.226
0.081
0.084
0.501
1.608
0.364
0.89
0.079
0.037
0.187
0.79
5.251
0.198
0.081
0.441
0.053
1.226
0.032
0.188
0.741
2.125
0.126
0.036
0.026
0.811
0.159
0.903
5.279
1.087
5.284
0.223
5.29
0.284
1.502
1.34
5.304
0.113
0.033
3.38
0.124
2.713
0.225
0.099
0.056
2.948
0.335
4.826
0.105
5.331
0.1
0.111
0.066
0.719
1.566
2.821
0.126
0.503
1.121
0.068
1.439
1.178
0.116
0.364
0.08
0.053
2.739
0.141
0.031
3.608
3.502
0.111
1.286
5.391
0.052
0.326
0.144
2.385
5.398
0.335
3.023
5.407
0.197
0.117
2.021
0.872
0.037
1.482
0.24
0.597
0.469
0.861
0.12
0.041
0.68
0.093
0.144
1.176
0.076
0.915
0.369
0.088
1.084
5.445
3.272
1.486
3.65
2.514
5.46
0.125
0.042
1.156
0.151
4.938
2.695
0.246
0.177
0.03
1.232
1.671
1.465
0.388
0.115
1.028
0.122
0.742
0.687
0.201
0.024
0.942
5.492
0.054
0.308
0.153
0.043
4.059
0.042
0.069
0.297
0.194
0.136
0.067
5.522
0.495
0.451
3.17
0.1
0.986
0.933
0.069
1.076
0.319
5.55
0.097
5.555
0.126
5.56
0.112
4.67
1.953
0.395
1.183
1.772
1.755
0.047
0.253
0.204
0.592
5.577
3.734
0.121
5.03
0.099
0.711
4.75
1.779
5.598
1.383
5.601
0.135
1.503
0.311
0.163
5.604
0.427
0.052
0.084
1.806
0.465
1.294
2.814
5.621
4.393
5.627
0.021
0.094
2.063
0.193
0.279
0.102
1.328
0.947
2.489
5.645
0.054
2.574
0.067
1.288
2.494
0.093
0.632
0.151
5.675
2.455
0.396
4.318
1.202
0.286
0.509
1.162
0.674
0.754
2.905
0.873
4.581
0.1
5.697
3.475
5.573
0.063
0.168
0.07
0.157
0.562
0.089
0.177
0.028
0.049
5.719
0.215
0.092
3.487
0.045
2.63
2.771
0.348
0.191
4.344
5.76
5.76
0.146
2.988
1.17
4.673
0.871
0.064
0.27
0.563
0.533
5.789
4.628
0.035
0.565
0.109
5.345
0.187
1.464
0.463
0.771
1.531
0.203
0.141
0.121
1.64
0.095
1.28
3.498
0.687
1.466
0.888
0.191
5.844
2.69
0.053
5.857
1.916
1.647
0.129
3.91
5.059
0.181
5.868
5.872
0.15
0.059
5.875
0.144
2.099
5.057
0.317
5.682
0.284
0.045
3.247
0.104
0.056
1.056
1.677
0.136
0.104
0.271
0.523
1.187
4.534
0.756
0.518
1.415
0.177
0.759
2.489
0.839
0.222
1.391
0.719
0.303
0.696
0.127
0.29
5.941
0.381
3.835
1.462
0.126
0.057
2.396
0.161
3.903
0.25
0.526
5.151
0.537
5.973
0.08
1.421
0.74
4.517
2.657
0.042
0.252
0.433
0.077
4.52
3.583
0.302
0.136
0.077
2.177
2.878
0.059
1.396
3.265
0.42
1.671
0.084
0.22
6.026
0.158
1.259
0.127
1.379
0.032
0.328
2.612
4.532
1.049
1.352
1.133
6.052
0.05
2.557
1.007
0.236
0.141
0.312
1.231
4.293
0.771
0.228
6.072
0.112
0.309
0.038
0.223
0.058
0.347
1.042
0.068
6.088
6.091
0.086
0.935
3.994
0.114
0.902
1.193
6.1
0.543
0.198
1.41
0.544
5.973
0.139
4.798
0.117
5.513
0.022
6.124
0.419
1.349
0.145
0.259
0.551
1.471
0.136
0.039
2.513
3.424
0.05
6.147
5.232
0.43
0.171
6.149
3.588
0.655
4.801
0.796
1.332
0.477
0.489
0.128
2.986
1.097
0.479
1.429
5.145
0.626
0.223
0.026
5.398
2.808
0.138
6.209
1.01
6.211
4.756
0.128
0.644
1.516
0.36
6.222
0.35
0.1
0.76
6.236
0.431
6.237
1.914
6.25
1.627
0.479
6.256
0.026
0.64
0.058
0.074
5.094
0.135
2.028
0.185
0.301
0.269
2.473
0.149
0.036
2.891
3.456
5.623
4.157
0.25
0.124
2.13
4.241
1.459
0.052
5.685
0.2
0.651
0.052
0.08
0.803
0.27
1.81
0.576
5.936
0.371
1.404
5.297
0.628
1.913
0.09
0.206
1.215
0.098
0.058
0.261
0.195
3.797
0.093
1.611
0.019
2.065
0.084
2.587
0.078
0.211
1.023
2.884
5.038
6.37
6.371
0.113
1.878
1.479
0.084
1.316
2.208
6.394
6.394
0.078
0.232
4.989
1.076
0.2
0.302
0.663
2.401
0.646
0.27
0.093
0.656
0.071
0.168
0.223
0.085
0.382
0.952
0.366
1.484
5.109
0.233
0.765
0.636
0.078
0.27
1.237
0.129
0.577
0.064
2.802
4.721
0.464
0.208
0.162
0.113
2.89
2.087
0.14
2.79
1.224
2.869
2.267
1.602
3.275
3.993
0.121
0.363
2.44
0.048
1.567
0.605
0.159
1.807
6.489
5.489
0.93
1.904
0.055
2.949
0.024
5.149
0.055
0.047
0.803
1.608
3.32
0.266
0.967
0.086
1.436
0.034
0.128
1.78
0.065
4.665
0.854
0.131
0.27
0.417
0.711
0.132
0.127
0.041
4.431
0.569
3.639
0.48
0.228
0.161
0.216
0.695
0.985
0.586
0.177
0.079
2.734
6.591
2.07
6.595
6.596
0.319
0.856
0.143
0.125
0.069
0.11
6.608
6.609
6.612
1.819
0.141
0.744
2.932
1.047
0.207
0.186
0.731
0.04
0.064
0.623
1.851
1.703
0.061
6.656
0.149
0.179
0.926
0.718
2.055
1.293
0.132
2.835
0.414
0.089
0.037
3.798
2.861
2.16
6.684
0.754
3.291
0.165
1.156
6.693
0.098
0.983
2.492
0.843
0.075
0.041
6.71
3.401
3.301
0.064
6.718
2.125
6.722
6.725
0.649
0.127
0.14
0.059
0.849
1.389
0.325
3.641
2.317
1.914
4.646
0.051
0.687
6.752
0.071
0.066
0.512
1.175
1.268
4.805
6.759
0.215
1.571
0.32
0.59
0.047
0.075
1.493
1.312
0.147
4.098
1.652
4.037
0.076
3.551
0.608
0.158
0.127
0.014
1.636
0.227
0.02
1.507
4.758
1.879
0.048
4.36
0.122
0.02
6.808
3.444
0.592
6.809
0.321
0.273
6.815
3.048
6.177
0.263
0.614
0.121
0.079
6.402
0.062
0.152
4.996
3.616
5.573
2.066
1.378
1.31
1.042
3.121
6.849
1.055
0.253
6.851
0.059
0.484
0.251
5.702
1.053
0.132
0.113
0.821
1.462
4.038
0.615
0.348
1.76
3.16
0.12
0.095
0.398
0.877
0.156
0.117
6.905
6.906
0.076
0.246
6.918
3.15
6.922
0.279
0.126
1.878
0.07
1.92
0.993
0.41
1.407
1.222
6.938
0.253
0.574
0.694
0.16
2.336
0.117
2.859
0.312
0.536
0.446
0.511
0.266
2.832
5.518
2.414
0.434
1.132
0.171
1.362
1.547
0.137
3.564
2.653
0.245
0.615
0.187
0.065
0.307
0.975
0.066
0.718
1.969
0.071
3.102
0.162
1.263
0.029
0.087
0.799
3.424
0.122
0.444
0.112
4.636
4.659
0.652
2.623
0.258
2.057
2.634
1.739
0.14
5.13
0.195
0.016
0.628
0.836
7.062
1.79
0.052
2.59
0.326
0.051
0.598
0.224
0.082
2.688
0.102
0.341
0.135
0.274
1.261
1.185
4.453
0.05
7.091
1.273
0.189
6.928
0.161
0.104
0.326
1.218
0.89
0.06
2.287
0.195
0.117
0.176
0.013
2.135
1.898
0.192
6.947
3.411
0.329
2.194
7.131
5.783
1.777
2.656
1.92
0.089
2.307
7.153
0.208
1.887
0.108
0.877
0.011
1.501
0.045
7.168
0.142
0.182
0.715
0.145
0.085
0.393
2.615
0.319
0.018
1.469
0.078
1.586
0.881
4.378
1.183
0.225
0.267
3.747
4.572
2.06
0.51
0.212
0.684
1.067
0.044
0.626
1.025
0.153
0.197
0.421
3.076
0.085
0.168
2.687
0.065
0.121
0.265
7.237
7.238
0.792
0.768
0.114
5.814
5.796
0.217
6.348
0.915
2.464
0.051
0.658
4.098
0.065
0.847
0.098
2.505
0.709
0.191
0.028
0.033
0.186
0.868
0.395
7.135
0.382
0.076
0.064
2.166
0.213
1.784
6.502
0.276
3.485
0.288
0.079
0.079
7.319
7.319
7.32
4.276
0.038
0.638
0.748
1.143
0.055
0.344
0.875
0.275
3.51
0.389
0.121
0.358
1.019
0.35
0.142
4.759
7.357
0.243
0.078
0.821
7.361
0.097
0.126
3.11
0.22
1.734
0.117
2.098
0.717
0.649
7.37
7.37
2.041
5.653
0.099
0.438
0.286
0.128
2.099
0.185
0.458
5.274
2.407
4.089
0.104
1.122
6.894
1.479
1.325
0.606
0.269
0.817
5.683
0.48
3.563
0.061
1.281
1.895
3.834
0.478
0.068
0.57
3.909
1.373
0.316
0.789
0.086
2.804
0.04
0.076
0.307
0.471
0.764
0.146
0.338
0.905
6.166
1.241
1.957
0.074
0.015
0.015
0.436
7.449
7.45
0.107
1.276
0.209
0.131
0.196
0.017
0.209
0.103
0.074
2.023
0.178
0.617
0.092
3.239
0.183
1.334
0.46
0.068
2.134
3.721
0.481
5.619
0.46
0.612
1.971
3.097
1.057
0.078
4.68
0.132
0.034
0.068
1.062
7.536
0.061
1.021
0.645
0.078
0.123
7.541
2.197
0.858
4.112
2.826
1.297
0.028
3.336
7.568
0.179
0.027
2.38
1.629
1.429
0.169
0.041
0.325
4.24
0.447
0.149
7.6
0.215
0.311
0.255
0.058
0.061
0.046
0.139
3.666
2.566
1.084
7.628
0.085
7.634
0.08
0.07
0.165
0.102
7.638
1.828
0.05
6.002
7.498
0.691
2.137
1.816
1.172
7.658
2.828
6.971
0.052
0.026
1.534
0.118
2.158
7.683
0.085
1.18
7.689
0.179
0.037
1.332
2.483
0.978
0.095
0.247
1.156
0.454
1.754
0.163
0.63
0.057
0.057
0.242
1.004
0.158
0.072
0.095
0.464
0.561
2.045
0.313
0.238
0.823
0.2
0.263
0.147
2.053
0.391
0.644
0.041
3.364
0.146
0.075
0.179
0.079
0.617
7.774
0.549
1.406
4.102
0.105
7.785
0.051
0.442
0.2
0.939
1.54
0.334
3.475
2.859
0.305
0.117
1.751
1.446
2.61
2.585
0.148
7.541
0.123
7.293
0.814
0.112
1.522
0.565
3.954
7.829
7.829
0.682
0.775
0.102
4.621
2.967
0.096
0.251
2.024
0.189
0.369
1.388
0.046
1.283
0.443
0.065
2.755
3.622
2.071
7.871
2.675
2.624
1.206
0.139
7.88
5.689
0.813
7.271
0.033
0.541
0.069
0.982
0.082
2.867
0.266
1.054
7.92
7.922
7.922
0.699
1.907
0.542
1.258
0.094
0.657
2.296
0.106
0.032
0.127
0.262
2.941
1.844
0.09
0.035
0.268
0.941
0.047
0.726
2.821
1.611
0.078
0.173
0.197
0.079
2.08
1.986
0.094
0.035
2.691
7.999
7.084
4.058
0.636
1.239
0.134
1.491
0.459
0.897
0.484
0.133
1.123
8.024
0.157
0.035
0.656
0.042
0.098
3.978
1.021
0.316
0.173
6.145
3.447
1.855
0.131
0.576
0.497
0.03
0.386
0.045
2.008
1.586
0.791
0.104
0.183
0.254
0.052
0.103
0.957
0.05
0.443
0.402
0.262
0.061
0.482
0.078
0.784
0.14
2.76
4.178
0.039
2.384
5.719
1.556
2.788
2.462
5.697
1.855
0.232
1.115
0.154
1.24
7.811
0.074
0.05
1.795
0.202
2.404
0.404
0.665
6.985
0.036
0.295
0.074
1.877
0.14
0.233
3.201
0.647
1.222
3.663
0.733
2.658
4.98
5.282
0.438
0.074
3.137
1.927
0.204
0.126
4.548
0.256
1.48
0.64
0.539
0.954
0.165
8.246
0.511
0.879
0.148
0.098
0.446
4.263
0.747
0.721
6.372
0.05
1.072
8.265
3.153
1.029
0.129
5.081
0.327
2.012
1.78
1.27
0.178
0.15
0.274
0.225
0.816
0.27
0.123
0.389
0.557
0.049
0.036
2.088
0.052
0.357
0.125
0.815
1.234
0.809
0.118
8.345
1.48
3.739
0.754
0.176
0.29
2.014
0.24
0.258
0.156
0.858
4.448
0.318
0.101
0.125
0.998
2.641
0.81
1.071
0.019
1.525
0.748
0.05
1.02
1.348
3.551
0.188
0.398
7.754
2.746
0.354
0.586
0.808
0.5
0.862
2.257
7.911
0.779
1.67
1.432
4.612
2.437
5.193
6.667
0.282
1.66
0.134
0.749
0.054
6.14
4.202
3.292
1.144
8.453
3.641
7.687
6.396
0.298
0.926
0.075
0.113
0.687
0.096
0.516
1.078
0.576
6.141
0.017
5.387
0.127
2.572
1.879
0.069
0.965
6.901
0.131
0.142
2.62
0.207
2.86
0.264
1.05
0.087
1.693
1.376
0.104
0.153
4.109
5.945
0.658
2.785
2.303
0.398
1.472
2.776
1.64
0.716
0.106
4.174
8.535
4.403
0.976
0.06
0.13
1.899
2.097
5.708
0.034
0.432
0.981
0.127
7.114
0.679
1.703
1.987
0.634
0.121
0.316
0.382
4.89
2.036
0.031
0.044
8.581
4.391
0.047
0.157
1.619
0.306
1.524
7.411
0.471
4.156
2.473
0.991
1.306
0.339
0.548
0.147
2.253
1.505
4.225
0.755
0.341
1.023
4.762
0.739
0.282
0.054
0.092
0.067
4.122
0.427
0.236
1.571
0.781
0.431
0.452
0.106
0.075
1.828
0.145
0.733
5.982
2.746
0.131
0.135
0.037
4.398
0.985
0.117
4.67
0.044
0.346
0.357
4.145
2.483
0.058
7.08
0.654
8.727
1.082
1.207
1.233
0.054
0.605
2.807
0.101
0.028
0.621
3.099
0.038
2.217
3.919
1.227
0.524
0.254
2.81
0.043
8.343
6.771
3.51
0.115
6.375
0.142
0.26
2.502
2.812
0.49
0.258
0.279
0.869
2.913
0.173
0.144
0.095
0.076
0.149
5.857
1.845
5.241
0.158
2.97
0.053
0.272
0.097
0.634
0.032
1.081
0.381
0.802
0.17
0.949
0.045
0.407
8.858
0.326
0.258
1.493
0.064
0.075
0.279
1.129
0.391
4.603
6.241
1.387
0.036
8.894
0.259
0.1
3.308
1.169
1.229
0.162
1.083
1.426
0.626
4.272
0.923
0.287
3.519
0.467
0.54
0.156
0.911
2.642
3.557
2.565
0.366
0.025
0.053
0.034
2.046
0.444
0.031
5.579
0.845
3.802
2.067
0.357
0.523
0.197
0.236
5.31
1.472
0.452
0.473
0.146
4.696
7.735
5.185
0.962
9.015
0.095
1.12
9.022
0.837
4.175
1.55
5.633
1.941
0.364
1.296
0.076
2.424
0.373
0.289
1.408
1.523
0.698
0.047
0.504
0.336
2.036
0.252
0.742
1.06
2.773
8.58
5.494
1.526
0.294
0.22
0.167
0.462
0.233
0.303
0.072
0.684
0.174
1.601
0.334
0.039
1.789
0.256
0.789
2.397
0.126
0.98
1.198
0.125
9.129
6.188
9.13
0.191
5.266
9.132
2.025
0.339
0.117
0.623
0.102
5.965
0.062
1.282
0.046
0.199
5.192
0.265
1.046
0.981
0.056
2.223
8.14
0.028
3.263
1.026
2.573
3.207
0.496
3.254
0.117
0.457
0.069
0.062
1.776
0.306
1.623
0.04
9.201
4.858
0.815
3.419
1.064
1.482
2.159
0.228
0.063
0.061
3.228
0.075
6.914
1.585
0.152
0.627
2.196
0.219
0.258
1.241
4.888
0.6
0.138
1.912
2.652
4.215
3.846
1.959
2.114
1.402
0.82
0.248
3.083
0.138
4.869
0.184
1.279
2.181
2.13
0.1
0.358
0.258
0.053
0.816
0.611
0.129
8.609
0.894
0.12
2.58
0.79
0.894
1.221
1.152
1.515
0.066
5.736
0.044
0.064
0.256
0.157
6.229
4.631
0.246
0.115
0.749
1.862
0.566
0.47
0.08
0.298
3.252
0.07
0.034
2.163
0.625
0.316
0.026
0.097
0.046
6.42
1.938
0.127
1.725
0.739
0.082
0.204
0.091
9.38
1.318
2.955
1.937
0.145
0.088
4.015
0.021
0.61
0.886
1.401
0.093
0.609
0.039
0.101
0.111
1.675
0.238
2.275
1.731
2.541
0.433
0.12
7.059
9.234
0.333
0.384
0.114
9.434
8.619
0.127
1.128
2.324
0.279
9.449
0.029
1.127
0.063
0.709
9.458
0.733
9.464
4.598
8.934
4.337
0.177
0.206
0.143
2.537
0.167
0.13
7.669
0.477
9.013
1.825
0.063
0.034
3.52
0.06
2.064
0.059
0.232
0.612
0.181
0.458
3.156
2.44
0.133
6.437
0.021
0.879
0.56
2.208
4.432
0.116
2.445
0.822
9.557
4.821
4.452
0.998
0.066
1.993
0.875
0.077
6.734
0.217
1.199
0.041
2.559
0.2
0.087
9.593
0.05
0.459
0.044
0.394
1.13
9.218
1.671
3.364
0.096
0.914
2.372
9.609
0.034
0.13
0.028
9.62
3.65
6.469
1.255
3.806
2.28
3.158
0.446
5.138
9.632
0.542
9.065
1.521
0.385
3.059
1.675
0.223
3.843
0.607
0.066
0.61
0.101
0.186
1.648
9.66
0.092
0.726
0.075
3.036
0.043
0.189
1.973
1.488
5.238
0.437
1.523
0.195
0.148
0.054
1.071
0.795
0.743
7.693
9.292
0.815
0.057
0.073
0.076
2.503
0.25
9.736
0.042
2.816
0.661
0.135
1.147
0.066
0.089
0.411
0.04
2.804
0.034
1.292
0.082
1.269
0.04
7.336
0.44
0.044
0.653
1.935
0.317
1.204
1.04
2.874
0.859
1.453
0.249
0.413
0.115
0.908
1.458
0.338
0.102
0.867
0.057
3.149
0.046
4.456
0.05
3.217
0.053
0.107
1.979
0.537
0.062
0.054
0.074
6.669
4.932
0.313
6.564
0.076
0.204
0.026
3.744
0.173
0.087
3.353
2.682
0.042
0.064
2.994
0.129
8.708
1.892
0.267
0.074
0.071
0.133
0.189
3.692
1.419
0.79
0.223
1.167
0.098
6.515
1.185
0.138
0.832
0.901
4.236
0.175
0.078
0.706
0.128
3.793
0.021
3.955
3.385
2.807
0.233
1.788
0.399
1.418
0.196
5.032
0.612
0.083
2.527
4.391
1.585
0.796
0.093
0.813
6.444
0.705
0.335
0.338
5.923
0.174
4.011
4.738
0.044
0.174
0.684
6.466
7.467
0.273
0.161
1.028
0.039
0.128
0.222
6.573
0.382
0.489
0.166
1.991
10.046
9.913
0.458
4.392
2.459
10.054
0.332
3.05
0.105
3.304
2.621
0.082
0.119
0.087
3.438
1.513
0.986
4.962
1.297
2.736
1.154
3.598
0.292
1.351
2.156
0.39
9.875
10.102
0.529
0.148
1.332
0.054
0.418
0.378
7.278
2.821
0.541
0.639
2.446
0.382
0.102
4.871
0.411
0.094
2.983
0.314
0.041
1.456
0.121
2.742
3.292
0.031
0.262
1.375
0.061
0.456
0.116
5.549
10.183
3.206
4.025
0.672
0.162
1.582
1.767
1.531
2.499
0.082
0.517
1.003
2.744
1.16
0.17
8.111
0.474
0.261
0.144
0.527
1.671
0.698
10.091
0.044
0.102
10.22
2.22
3.941
0.149
0.973
0.46
0.263
0.104
0.158
2.744
0.286
0.49
1.893
7.508
0.962
0.522
1.071
1.542
0.669
0.158
1.393
0.047
5.324
8.027
0.085
2.133
0.592
0.564
0.688
0.181
0.024
7.878
2.645
8.2
0.46
3.968
5.101
0.153
0.143
0.098
0.939
9.211
0.065
0.061
2.456
1.959
2.299
0.43
0.069
0.143
5.855
0.307
0.306
5.797
0.84
1.027
6.041
3.196
0.035
10.224
1.115
0.293
0.34
6.567
2.183
0.161
1.215
1.09
0.056
0.076
0.083
0.02
4.985
0.07
6.983
0.915
0.042
0.829
10.355
0.878
1.116
0.649
7.795
0.651
0.042
4.048
4.252
0.176
2.072
2.347
1.559
0.056
1.996
0.057
0.299
0.125
0.032
1.152
0.048
0.035
0.51
0.073
0.033
1.041
1.233
0.569
1.575
0.188
10.414
2.697
0.16
0.404
0.07
3.648
10.435
0.942
0.157
0.563
0.217
1.49
10.15
0.701
0.112
0.067
0.593
2.553
0.097
0.573
0.032
0.111
3.479
1.006
0.068
0.285
0.045
0.154
2.749
0.301
4.5
2.997
0.382
5.781
0.028
6.614
0.093
0.08
0.099
0.891
2.617
0.323
0.209
0.113
1.616
0.173
0.166
0.079
3.326
0.297
0.034
0.184
0.088
0.052
4.435
0.124
2.443
0.044
1.642
0.818
0.258
0.072
0.102
0.121
0.95
3.782
2.082
0.1
0.297
0.024
2.644
1.27
1.327
0.22
1.369
7.764
4.359
1.523
0.027
1.975
2.615
0.079
0.139
10.162
0.4
0.4
10.619
0.017
9.053
0.3
1.28
2.296
2.259
3.971
2.393
0.05
1.241
0.073
1.49
3.405
0.071
0.617
0.127
0.422
3.533
0.101
0.159
0.073
0.345
0.214
1.54
0.127
2.143
4.106
5.523
0.115
2.283
6.25
3.616
1.079
1.683
0.13
0.885
1.558
0.246
0.809
0.899
0.089
10.696
0.365
1.781
0.096
2.186
0.504
0.43
6.489
1.145
0.03
3.688
1.194
0.086
10.735
1.531
0.017
0.052
0.02
4.097
1.599
0.228
1.507
8.459
0.09
0.893
1.337
1.521
1.784
0.057
0.821
2.585
0.044
5.195
0.086
6.163
4.59
0.583
0.206
0.524
0.049
0.094
3.981
4.338
5.301
1.192
0.257
0.061
1.391
0.832
0.618
0.498
0.059
0.086
1.161
10.827
2.798
3.34
0.381
0.081
6.315
0.105
0.442
2.055
0.054
0.422
0.144
0.659
2.617
2.898
0.871
0.905
0.065
3.068
0.494
0.196
1.591
5.917
0.066
0.2
0.231
0.416
1.407
3.667
0.415
4.935
1.233
0.102
0.389
9.464
1.74
0.167
0.121
1.527
0.12
0.023
0.088
2.197
0.22
4.288
0.189
0.595
2.497
0.353
0.049
3.134
1.893
0.304
0.123
0.971
0.754
0.175
7.723
4.806
0.211
0.704
1.033
3.125
1.484
0.09
0.121
0.336
3.195
0.299
4.339
0.481
0.087
0.224
2.544
0.021
0.058
10.792
0.041
0.147
0.534
6.777
6.778
1.104
1.259
2.813
5.202
8.075
0.125
3.218
0.079
2.424
0.076
0.126
1.315
0.406
0.111
0.064
2.326
0.66
1.022
7.458
1.014
1.552
0.822
7.524
1.033
5.235
1.63
4.601
3.635
3.767
0.76
5.786
1.514
4.287
0.634
4.447
0.72
0.156
0.063
0.308
0.987
0.132
0.152
2.047
5.802
9.164
0.113
8.707
0.165
1.152
1.361
0.296
0.277
2.745
2.84
0.026
0.316
0.608
1.546
2.175
2.531
0.084
0.278
0.148
0.185
0.099
11.017
0.447
0.73
1.645
0.15
0.022
0.1
0.342
0.545
11.157
8.187
1.434
4.258
0.052
1.265
11.174
5.856
0.592
6.694
0.122
0.037
4.603
0.156
0.152
0.165
4.746
0.076
0.086
5.257
0.054
0.084
0.786
1.689
0.093
0.999
0.077
5.764
3.481
0.094
0.56
0.087
0.098
0.024
2.568
2.926
0.086
5.707
0.285
0.035
0.666
0.054
0.183
0.507
1.038
0.021
1.297
4.662
0.027
0.276
0.445
0.293
0.739
0.086
0.16
0.325
2.106
6.173
10.878
1.975
0.355
0.478
3.183
0.061
2.197
4.333
2.721
4.506
1.318
0.862
0.299
0.09
0.196
2.242
10.686
7.739
0.702
0.033
0.519
2.49
0.793
3.705
0.04
0.587
0.21
0.21
8.082
2.162
0.865
1.11
5.147
10.38
0.059
0.103
11.372
1.003
7.183
5.453
0.086
1.459
0.029
0.096
0.049
6.9
0.217
0.062
0.501
3.716
0.378
2.521
0.213
1.298
4.446
0.1
0.097
1.596
0.096
4.608
8.481
0.206
1.585
0.061
1.209
0.528
4.411
2.069
2.194
0.5
0.032
0.127
0.128
0.038
0.255
7.01
0.357
0.039
0.068
3.604
0.055
0.463
0.062
1.0
1.253
5.341
3.143
0.15
1.439
0.925
11.49
1.044
0.131
0.091
0.196
0.145
1.032
1.445
6.529
0.129
0.352
7.457
0.062
0.066
7.815
0.08
0.084
2.243
4.003
0.284
0.269
1.506
2.46
0.812
11.555
0.081
0.544
0.212
0.625
0.078
8.313
4.066
0.096
4.168
0.083
0.681
0.06
8.666
0.471
4.473
0.394
0.05
0.256
0.415
10.084
0.47
0.283
0.711
2.828
3.045
0.184
2.244
0.903
0.051
1.196
0.119
3.903
11.642
3.796
0.08
0.11
0.069
0.17
0.11
0.404
0.267
3.136
4.195
0.104
0.836
0.159
0.233
3.22
0.039
5.079
0.584
0.894
2.613
1.017
0.211
3.366
3.856
1.454
1.343
2.348
0.125
0.28
0.449
0.976
1.899
4.149
6.615
1.052
6.935
0.07
2.328
1.159
1.331
0.065
0.085
11.747
0.215
0.047
0.176
1.959
3.423
5.109
2.313
0.71
0.082
0.326
0.036
0.171
2.013
0.026
0.048
1.108
3.458
0.713
2.12
0.963
5.932
1.664
0.373
0.039
1.51
4.429
0.393
8.048
1.534
0.037
0.387
2.654
3.759
3.762
0.112
0.367
2.376
2.325
2.36
2.966
0.703
4.178
0.957
0.156
0.398
3.07
0.46
0.115
0.392
3.128
0.424
0.061
0.091
7.569
0.148
2.067
0.841
0.105
2.569
0.201
3.34
4.086
2.282
0.141
10.915
5.147
0.245
0.617
0.428
6.704
3.08
11.442
0.484
0.455
0.076
0.383
0.254
0.279
0.712
2.184
4.502
0.951
0.043
0.182
0.458
8.572
5.551
0.303
2.423
0.095
1.019
6.094
1.172
1.461
8.672
4.082
0.841
0.744
1.252
5.414
0.059
0.039
5.538
5.038
0.088
0.886
4.671
1.061
0.895
11.073
0.162
2.406
0.338
1.154
10.751
1.995
0.075
0.059
4.118
0.213
0.333
1.0
6.822
1.988
0.26
0.602
2.264
2.072
0.074
0.118
0.099
0.706
6.615
3.018
2.93
2.133
0.303
1.684
1.52
2.141
3.778
0.119
0.118
2.608
0.034
2.432
0.056
0.126
2.391
0.175
1.333
0.658
2.535
0.726
0.126
0.325
0.482
0.139
0.069
0.583
0.274
7.59
0.093
0.688
0.234
1.863
0.089
0.062
5.65
0.74
0.392
2.734
1.618
6.838
4.18
0.856
1.936
3.518
7.706
0.706
1.115
0.194
0.107
2.557
0.061
0.038
0.073
3.722
0.082
0.167
0.386
0.751
0.795
0.721
0.275
0.046
0.92
0.26
0.097
0.783
0.362
0.161
1.294
0.721
4.387
0.252
0.531
0.389
2.772
0.089
9.559
0.479
1.806
0.085
0.73
3.764
2.511
0.054
3.59
1.19
0.029
0.02
1.868
0.049
5.946
10.969
1.932
1.16
0.235
2.117
0.552
1.173
0.568
0.431
1.249
0.793
0.695
4.752
1.063
0.814
0.284
0.143
4.768
0.641
1.44
0.197
1.814
1.358
1.354
6.593
3.545
3.485
2.454
0.186
8.722
1.535
11.771
0.088
2.484
0.033
0.146
8.016
0.661
0.495
0.186
0.333
1.659
5.626
0.05
2.228
0.962
5.947
1.555
1.474
6.119
0.038
1.765
1.754
1.405
1.468
0.186
0.848
0.078
1.187
0.918
5.057
0.34
1.556
0.054
0.142
0.305
0.109
0.102
0.237
0.2
0.552
0.651
1.39
1.154
0.446
0.103
0.665
0.3
7.338
1.029
0.155
0.4
7.448
1.905
0.054
10.092
0.032
0.666
0.127
0.493
0.425
4.048
1.368
0.889
2.858
0.87
3.457
0.983
12.485
0.252
0.181
9.015
2.974
0.048
0.196
0.391
0.178
0.063
6.97
0.428
7.593
0.079
0.05
0.037
0.479
0.315
7.972
12.538
0.893
0.715
1.293
6.059
0.347
1.294
0.617
5.084
0.387
5.453
2.942
0.441
4.273
0.055
0.136
2.03
0.278
0.612
0.278
1.389
0.472
0.081
0.407
2.208
0.026
0.056
4.157
0.908
0.635
10.023
0.15
0.233
2.657
0.088
0.114
4.731
3.038
1.182
3.784
0.046
0.69
0.136
0.986
2.977
1.227
0.123
1.954
1.756
1.1
9.189
5.607
0.143
0.225
5.778
0.08
0.116
4.317
2.394
0.96
8.885
0.023
5.278
1.256
4.533
0.14
0.054
0.094
0.117
0.127
0.053
0.184
0.114
0.024
0.021
0.13
0.048
10.219
0.725
0.06
0.444
3.264
0.242
0.391
2.432
0.401
6.551
0.083
2.985
0.576
4.217
0.089
0.206
2.653
0.122
0.044
2.203
0.086
5.477
12.808
1.816
0.127
1.319
0.612
2.013
0.269
1.32
0.588
0.942
1.317
0.157
0.083
1.209
0.12
0.173
0.036
3.904
7.04
5.557
7.236
0.288
0.924
2.515
0.359
0.576
0.31
0.029
1.591
2.174
0.131
0.035
0.797
5.232
0.707
9.746
3.134
2.849
0.158
8.198
1.161
1.97
5.155
4.278
2.712
0.031
12.273
1.92
0.138
0.35
0.81
2.197
4.612
0.62
0.699
0.808
6.629
8.817
0.157
2.38
0.949
5.824
0.429
0.087
0.368
0.044
2.426
0.06
0.202
0.355
8.912
0.321
3.528
0.068
0.835
1.645
0.572
1.136
0.398
4.774
1.691
12.146
0.138
1.659
0.614
0.142
0.259
0.015
1.454
1.461
0.06
4.247
0.298
0.04
3.575
0.105
0.145
0.211
0.846
3.715
0.068
0.105
2.469
0.209
0.05
0.123
1.973
0.118
0.902
0.497
0.166
0.866
1.064
4.75
2.821
3.773
0.696
10.782
1.783
0.585
2.233
1.05
1.209
0.254
0.16
6.452
0.223
0.793
0.821
0.698
6.677
3.373
2.08
1.905
0.301
0.809
12.283
1.818
1.608
4.781
0.253
0.701
0.246
0.945
13.01
0.96
13.135
3.743
0.624
4.541
8.564
8.6
0.051
0.091
0.38
0.12
2.465
0.481
0.031
1.307
0.091
0.173
4.769
0.624
0.036
0.063
1.258
5.271
9.013
0.901
0.053
2.354
0.258
4.015
1.519
0.359
1.565
0.752
0.178
0.287
0.161
6.907
4.336
6.939
1.588
0.283
5.881
0.215
1.277
0.198
0.362
5.126
3.617
1.728
0.824
0.398
0.274
1.646
0.678
0.052
2.321
12.418
4.877
1.805
2.697
6.074
0.035
0.143
1.068
2.164
0.458
1.469
0.056
0.145
0.074
0.274
0.123
3.796
0.102
2.47
0.085
0.223
2.64
5.665
1.949
0.881
1.422
1.983
3.412
8.505
0.153
1.039
3.128
4.548
0.044
0.114
0.177
0.071
0.334
6.773
0.084
2.673
0.139
0.235
0.026
3.013
0.899
0.139
0.286
1.865
0.11
0.206
0.053
0.131
0.117
0.682
6.439
0.355
1.768
0.162
0.243
1.734
0.103
0.423
6.633
1.516
1.211
11.72
0.03
3.691
3.772
1.904
1.482
4.434
0.052
1.974
3.939
3.446
1.793
0.153
10.193
1.28
0.091
0.128
0.77
0.25
4.711
0.025
0.179
1.44
0.531
6.54
0.081
0.094
0.027
2.955
0.073
0.147
7.158
2.318
0.044
0.068
0.162
4.942
0.277
0.726
0.121
1.07
7.214
4.664
0.518
0.534
2.744
1.147
0.267
0.137
6.284
1.365
2.481
0.594
3.754
1.728
3.91
1.943
0.075
2.116
1.137
0.573
2.436
0.077
3.681
2.932
0.805
0.69
0.893
2.635
0.202
0.48
2.273
0.368
1.825
2.159
0.038
9.68
7.45
5.368
1.919
2.6
5.625
0.527
0.878
0.056
1.628
3.639
1.46
4.975
13.604
0.031
5.005
0.074
0.215
0.046
1.34
0.034
6.051
0.025
2.133
0.749
0.109
5.185
0.077
11.064
1.321
0.634
0.916
3.244
3.523
0.256
0.288
0.101
0.088
0.033
7.515
4.587
1.873
7.018
1.656
2.542
2.91
5.682
1.119
2.005
0.893
0.751
3.405
0.245
0.46
3.799
0.895
1.988
1.661
0.098
1.726
7.96
0.548
0.08
0.285
4.951
5.585
4.327
0.119
3.932
7.426
0.341
0.789
1.4
1.55
5.573
0.183
3.118
3.23
11.309
0.079
0.737
5.721
1.189
0.523
0.076
2.475
0.039
8.958
1.608
7.312
0.109
3.267
0.145
4.843
0.088
6.021
0.413
13.81
1.659
5.546
0.214
1.456
0.713
0.165
6.978
0.426
0.319
1.384
0.109
3.076
4.095
1.301
1.759
0.297
0.367
0.258
1.297
3.608
0.197
0.447
0.091
0.036
0.381
3.5
1.329
0.662
3.897
0.58
0.13
0.049
9.488
3.235
0.175
0.351
8.202
0.748
0.074
3.32
4.075
0.361
0.065
0.1
0.037
0.015
0.165
2.209
0.969
0.653
0.771
2.054
6.742
2.835
1.025
0.683
6.796
0.037
0.479
0.198
0.362
0.04
0.086
0.062
0.09
6.906
0.118
5.408
2.712
0.814
5.844
9.98
0.941
4.167
13.993
0.05
3.611
0.099
0.16
0.081
0.221
0.205
0.335
0.022
0.59
4.423
0.068
0.404
7.668
0.572
0.272
12.162
2.16
0.553
0.294
0.175
2.78
2.742
14.033
0.397
0.698
0.471
0.212
9.985
1.749
5.482
0.284
0.264
2.728
2.374
4.318
1.296
0.442
1.865
0.069
0.186
4.473
2.997
9.64
1.085
0.15
4.451
0.169
4.924
1.429
0.322
6.753
0.112
1.56
0.047
2.901
4.643
0.778
0.068
1.72
0.106
0.596
0.929
7.616
0.108
0.99
0.236
0.104
0.144
4.786
11.678
0.114
0.075
0.187
0.082
0.038
0.028
3.906
4.668
0.216
0.235
3.702
4.632
1.591
1.13
0.089
9.267
1.616
0.844
0.64
1.584
1.798
0.05
0.083
3.78
5.719
0.832
1.805
4.854
1.549
6.051
0.093
4.732
3.11
1.286
1.593
1.339
0.958
14.198
2.962
3.105
7.093
3.623
1.483
1.889
6.547
0.067
3.718
2.539
0.084
1.705
0.409
0.249
2.279
5.107
2.15
4.621
2.92
0.101
1.32
0.184
3.029
0.191
0.284
0.275
0.817
10.631
0.777
4.885
2.35
1.028
0.074
0.113
0.566
4.832
0.691
3.147
0.282
0.048
0.063
3.141
0.363
0.267
1.32
0.046
0.06
3.208
0.112
10.082
8.758
0.029
1.447
2.268
2.46
2.695
0.195
2.846
0.105
0.199
0.37
1.134
0.052
3.563
12.123
0.334
0.195
0.301
0.248
0.384
0.327
3.491
0.815
1.652
3.063
0.128
4.058
4.212
2.981
3.259
3.988
3.97
6.956
13.944
0.083
7.467
0.238
5.271
8.061
6.853
0.205
0.081
0.073
3.661
10.029
1.399
1.437
0.06
1.085
0.032
5.183
0.099
6.564
1.705
0.733
3.647
0.261
4.583
1.54
6.693
0.246
0.108
1.561
2.096
0.098
0.685
2.206
0.173
0.635
0.15
0.849
0.911
0.294
0.08
0.157
2.057
0.288
0.538
0.093
9.753
0.035
0.848
7.598
0.274
1.457
1.095
12.971
14.475
0.093
0.056
7.491
0.619
3.725
5.945
1.052
2.018
2.016
6.715
3.871
5.675
0.068
0.054
0.064
0.238
0.062
0.032
0.172
0.109
0.091
4.176
0.163
1.19
0.717
0.233
0.234
0.102
0.081
0.269
1.298
0.049
0.086
6.569
0.14
0.867
13.113
0.423
0.531
0.019
0.054
1.178
0.95
0.16
0.348
0.073
0.118
0.199
1.666
2.479
4.296
0.128
7.788
0.119
0.5
0.978
0.343
5.155
0.041
0.166
0.508
1.589
0.447
3.27
0.164
2.379
0.036
0.079
0.534
0.242
0.332
0.279
0.185
1.963
0.078
3.102
0.255
4.771
0.31
0.425
1.71
0.047
9.275
0.098
0.193
4.025
0.92
0.365
11.985
1.678
0.188
2.36
2.641
0.079
4.644
0.967
0.533
2.586
1.174
1.516
0.094
1.284
2.188
2.73
0.038
0.255
12.945
0.081
0.533
0.085
0.439
4.709
0.099
0.132
0.406
0.118
2.834
2.651
1.246
1.803
0.301
0.664
1.12
4.104
14.186
0.644
3.487
0.031
1.217
11.517
4.766
0.117
0.169
1.183
2.64
0.043
0.905
0.091
2.924
1.616
1.808
0.033
0.594
0.125
0.641
0.691
0.11
0.092
0.058
1.112
0.054
0.611
4.177
0.132
0.776
0.057
13.151
6.032
1.747
3.13
5.47
0.179
3.073
0.23
1.637
0.581
0.051
1.63
0.634
0.035
2.787
4.056
4.072
8.275
7.319
0.224
3.537
0.087
0.15
3.196
0.014
3.403
0.058
3.843
0.913
1.445
2.541
6.518
2.652
6.354
0.045
1.234
2.168
4.182
0.264
3.216
7.609
1.168
3.999
2.536
0.173
0.141
0.037
0.046
0.086
0.302
0.084
12.536
0.791
0.017
0.018
1.448
0.421
10.13
0.258
0.1
1.097
0.017
6.457
6.988
0.023
4.152
0.225
0.136
1.384
6.645
1.041
11.189
0.839
0.264
0.069
0.423
0.483
3.405
3.432
0.944
0.557
0.291
0.298
1.59
0.359
0.327
0.07
2.384
13.417
1.288
0.771
0.128
0.046
0.139
0.058
0.418
0.101
7.552
0.229
1.27
0.481
0.119
0.305
2.458
0.633
0.065
1.769
8.497
2.494
1.064
1.988
0.129
0.357
1.572
0.261
0.396
0.266
0.034
7.299
0.583
0.145
0.738
1.514
1.559
0.966
0.968
0.414
0.048
10.293
0.059
3.538
0.115
6.26
4.151
0.317
3.98
0.043
0.024
12.019
0.047
1.09
0.051
0.032
1.211
0.033
0.165
9.916
0.356
9.798
7.797
2.087
1.495
0.059
0.148
1.33
0.903
1.009
3.079
3.967
1.472
0.894
8.08
3.068
0.442
2.724
0.452
0.178
0.128
4.267
0.018
0.797
3.002
0.029
3.278
2.369
7.491
2.216
0.413
6.736
12.4
4.249
1.582
0.104
0.106
0.183
1.002
0.842
1.286
0.116
0.937
4.025
1.029
1.035
1.561
1.851
1.398
0.533
0.501
0.039
1.619
8.103
0.687
0.064
0.311
8.704
3.663
10.302
1.992
0.143
1.638
0.608
0.094
0.105
0.338
0.015
0.184
0.54
1.105
3.533
0.042
0.838
0.194
0.809
0.031
0.724
0.779
2.655
0.778
0.772
0.928
1.022
9.5
0.05
0.139
1.663
3.539
0.064
1.205
0.255
1.141
0.055
2.504
0.832
0.072
0.831
7.261
0.249
0.156
1.036
2.209
0.217
0.224
1.333
2.894
0.186
1.775
0.03
0.31
3.156
1.552
1.788
2.816
0.856
2.208
0.259
0.108
1.494
2.881
0.526
2.234
0.93
0.125
2.826
3.253
0.19
0.04
0.243
2.309
4.432
0.21
6.816
0.142
1.367
0.605
0.195
0.393
0.093
4.125
7.102
5.202
0.651
0.022
3.415
0.03
5.689
0.217
0.12
14.363
2.786
0.089
0.218
1.478
7.892
0.228
2.733
1.197
8.233
0.219
0.05
0.04
5.326
0.04
5.453
1.229
0.05
0.389
0.561
0.049
2.619
0.075
0.064
4.677
0.643
1.864
0.748
1.929
0.032
0.454
0.635
14.921
4.546
0.027
15.63
1.655
4.934
0.165
0.153
1.991
6.039
0.045
0.116
0.104
5.364
2.03
0.082
3.557
0.809
0.422
5.053
0.019
0.132
5.128
3.272
0.048
8.616
10.129
13.818
7.087
4.925
0.932
2.254
3.71
0.293
2.431
1.587
0.7
0.405
0.246
0.758
1.028
1.103
0.085
7.737
0.492
0.047
0.066
0.741
1.199
1.085
0.241
8.903
4.975
6.613
4.177
1.144
15.766
1.089
0.058
3.763
1.75
0.591
4.152
0.488
1.216
0.622
0.989
1.605
0.205
3.418
0.053
6.283
8.792
7.958
4.694
0.115
0.14
1.249
0.061
0.133
6.834
6.584
3.773
3.617
7.795
1.914
0.077
0.122
0.455
1.709
3.678
0.098
2.582
0.526
2.256
11.202
0.097
0.066
5.073
0.295
0.726
1.643
5.268
6.991
6.937
0.163
0.062
0.054
0.057
0.427
8.148
0.056
1.99
1.113
0.778
3.651
0.249
1.118
0.158
4.039
1.078
3.786
0.137
0.488
0.252
0.632
3.652
0.843
6.226
0.24
0.172
0.066
0.234
0.055
0.142
1.609
1.484
0.05
0.063
4.663
0.098
0.043
1.027
1.95
0.174
1.638
0.148
0.708
0.141
0.829
2.462
0.257
0.056
9.906
0.125
1.307
0.267
3.548
0.036
0.543
0.034
3.47
2.675
4.497
8.239
4.275
0.164
1.495
0.527
1.734
5.01
16.035
0.09
2.248
0.152
0.101
0.052
0.043
0.249
0.142
0.163
8.795
0.061
0.154
1.09
0.822
1.025
4.13
0.633
0.055
1.217
0.875
0.689
0.18
2.895
0.385
1.983
1.16
12.854
5.856
1.279
3.498
1.244
6.856
0.141
0.137
0.07
0.105
0.559
2.193
0.439
0.23
0.978
2.099
0.086
2.618
0.185
1.18
0.304
3.227
0.784
1.274
0.391
0.077
0.111
0.746
3.798
0.351
0.477
1.357
2.43
0.066
0.278
11.462
0.747
0.201
0.058
0.123
3.245
0.559
0.202
1.762
0.466
8.685
0.047
13.887
0.075
0.958
10.211
3.314
0.068
0.852
1.007
6.901
1.162
0.222
0.75
0.686
1.334
1.374
0.888
0.028
2.732
7.602
0.119
2.374
2.465
0.12
0.618
2.186
0.691
1.236
0.161
1.662
0.721
4.018
5.87
0.34
2.272
3.445
0.382
0.086
0.014
1.595
1.952
0.154
0.264
7.08
5.048
3.965
0.262
0.077
3.185
0.109
2.614
0.132
0.299
0.022
5.95
0.095
0.092
0.074
0.096
6.718
4.83
7.03
1.914
0.416
2.514
0.085
5.094
0.955
8.173
0.048
0.331
3.17
0.07
3.654
0.723
0.058
1.199
6.565
1.244
11.564
0.034
0.116
0.221
0.281
6.083
0.115
0.097
2.621
0.052
0.05
6.318
0.756
1.298
2.81
0.123
1.634
0.023
0.081
0.768
0.02
0.952
1.025
0.254
0.022
0.07
2.291
0.033
0.609
1.512
1.461
6.614
0.549
0.641
0.366
0.186
0.055
0.376
0.463
2.138
0.963
0.388
0.037
0.244
1.619
0.706
0.117
0.031
2.386
1.808
2.736
0.129
1.514
0.758
12.259
8.692
2.369
0.185
1.587
1.912
0.211
0.055
0.042
1.076
3.101
0.243
0.516
0.034
2.276
0.037
0.061
0.05
1.17
0.126
4.005
0.029
0.992
0.04
0.234
0.301
1.594
5.655
4.111
0.068
0.085
0.951
4.538
0.582
0.36
1.556
8.204
0.191
1.108
1.942
4.132
0.353
0.04
1.742
0.29
1.769
0.52
1.245
2.335
0.282
0.735
3.072
6.559
1.323
3.592
0.024
2.496
3.662
0.041
5.419
2.587
0.092
0.178
0.09
0.863
0.644
0.089
0.034
1.399
6.488
0.398
3.651
6.119
1.851
0.32
0.631
6.383
0.044
0.175
3.623
0.07
0.199
0.369
0.466
3.288
9.774
2.05
1.65
1.249
5.949
1.295
0.067
3.61
0.102
0.123
0.287
2.066
1.07
0.211
0.155
0.042
0.103
0.203
16.729
0.123
1.393
0.062
0.651
6.202
1.054
0.149
8.226
0.451
0.04
1.669
0.05
0.057
0.658
1.056
2.612
0.151
0.031
2.76
0.926
7.688
0.072
1.028
4.542
2.578
0.161
6.807
0.314
3.755
9.461
0.336
2.256
1.062
0.406
12.696
0.234
0.414
0.174
0.564
2.196
4.236
0.087
2.099
3.139
0.276
0.104
0.121
0.43
0.583
2.128
0.143
0.982
0.392
1.393
1.116
0.269
0.033
1.708
0.406
0.105
0.149
1.301
4.649
0.21
0.062
3.0
7.882
0.087
4.445
0.693
0.654
4.777
0.032
4.138
0.487
0.294
2.384
1.5
1.608
0.038
0.021
6.575
0.181
8.977
0.169
6.396
0.043
0.944
0.049
1.338
0.191
0.113
2.225
4.653
0.069
4.985
3.198
0.093
2.187
4.064
3.13
0.68
0.032
3.545
3.129
3.843
2.832
0.33
0.163
3.87
0.851
1.692
2.031
4.233
0.256
0.443
1.421
0.206
0.189
4.577
6.704
0.07
4.276
1.483
2.64
0.024
0.245
1.237
0.599
2.355
0.033
0.507
1.981
0.649
0.131
6.881
0.404
0.105
0.638
2.351
0.277
0.037
0.708
2.632
0.506
1.362
0.176
8.562
0.316
0.028
5.168
10.739
0.238
0.049
2.035
0.08
2.309
0.232
0.032
0.495
0.125
0.869
0.124
0.906
3.514
7.514
4.012
1.069
1.55
1.747
1.725
0.639
1.834
0.036
0.615
6.11
8.159
0.167
13.034
0.053
0.235
0.054
6.666
1.334
1.26
7.734
1.826
0.906
0.08
0.094
0.671
4.401
0.239
0.417
2.696
4.303
0.16
0.078
3.91
0.519
3.705
0.375
0.253
0.035
2.172
2.516
1.007
1.287
5.533
4.489
0.336
0.276
0.073
1.494
2.393
2.87
6.665
2.084
6.464
4.396
5.948
0.04
4.714
0.158
0.174
0.042
0.026
0.044
15.431
2.445
6.147
3.928
1.69
0.142
0.05
0.163
0.05
0.034
0.525
1.262
2.797
0.263
2.975
0.606
0.37
0.068
0.089
0.067
0.042
0.136
10.359
0.823
1.415
0.23
0.033
0.197
1.368
0.095
3.056
4.241
8.297
0.252
0.521
3.659
13.961
0.689
2.116
0.278
0.164
1.72
2.991
10.674
0.109
1.215
1.056
0.102
0.24
0.367
4.439
0.082
0.082
0.655
3.814
0.057
1.825
0.524
0.121
0.896
1.922
0.032
1.467
1.498
0.549
6.753
0.144
1.368
0.104
0.077
5.521
0.131
8.338
0.63
0.095
1.554
0.791
2.476
0.492
0.937
0.101
7.146
1.829
1.056
0.98
2.115
2.083
0.72
0.495
0.189
1.173
0.277
2.095
3.453
0.632
6.681
4.804
0.317
1.556
3.509
1.614
0.044
2.921
0.074
2.355
4.417
0.073
1.56
0.179
0.257
1.448
5.368
0.366
0.101
5.953
0.048
5.125
0.075
2.291
1.954
0.058
6.521
0.091
0.027
3.954
1.527
0.877
5.22
0.097
2.717
0.032
0.064
0.105
3.246
5.128
0.89
0.532
7.312
3.606
0.099
1.68
2.479
0.152
1.13
0.87
3.505
2.271
0.941
9.625
1.493
0.287
0.035
0.868
0.317
0.082
0.052
0.095
3.255
0.051
1.591
5.3
2.212
0.714
0.04
1.164
1.056
0.151
0.096
9.809
10.607
0.109
2.102
0.484
0.239
0.314
0.034
5.433
0.073
0.192
0.224
0.096
0.45
10.491
4.506
0.174
0.17
0.322
0.091
0.224
0.035
0.131
0.813
5.633
0.322
2.604
1.73
4.645
8.525
1.695
0.206
8.525
0.777
0.14
3.819
1.124
0.057
2.145
0.132
1.498
0.06
0.074
5.674
0.022
0.239
2.695
7.952
3.019
0.055
0.074
5.719
0.039
0.124
0.144
0.421
6.108
2.604
2.199
0.141
0.133
1.071
8.324
0.225
10.883
0.042
1.08
0.066
1.172
3.217
0.314
0.395
1.105
0.566
1.776
0.168
0.244
0.056
6.125
2.763
2.299
0.172
0.027
0.458
1.154
2.29
11.959
0.055
3.147
9.162
1.397
0.079
0.052
0.205
0.081
2.494
1.763
0.039
0.456
0.025
0.679
1.688
0.182
0.041
4.637
6.209
4.172
0.109
5.919
2.141
0.077
11.613
3.911
0.013
0.527
4.373
0.295
0.614
3.713
4.458
1.485
2.842
0.067
0.262
1.639
11.966
0.083
0.036
4.498
6.839
1.35
0.276
0.111
3.686
0.028
4.476
0.298
0.641
0.081
2.753
7.347
6.984
0.36
1.882
0.195
0.96
1.223
2.61
3.28
1.667
3.41
4.382
0.036
0.151
0.178
4.028
1.076
3.353
1.217
1.272
3.936
8.995
0.863
0.031
0.632
2.612
5.833
0.523
0.131
8.268
0.083
5.901
1.928
0.035
0.056
0.523
0.626
3.061
0.429
0.203
0.042
1.547
0.237
0.241
1.835
4.058
0.053
0.063
1.261
1.923
1.286
0.065
4.021
0.065
9.449
4.987
0.335
0.172
0.132
1.708
3.534
0.115
1.094
0.356
0.365
4.762
1.639
2.521
2.055
0.094
2.661
9.393
1.349
0.071
0.431
0.239
3.106
0.019
0.504
6.3
9.781
0.172
0.033
9.161
4.226
0.66
0.28
2.269
1.25
0.444
0.277
4.519
3.698
0.076
4.885
2.333
0.034
2.275
0.307
0.106
5.116
0.058
6.651
14.521
0.11
3.166
2.573
0.273
2.226
0.921
0.266
2.037
1.682
0.129
0.994
2.225
0.896
2.412
0.257
2.445
0.082
0.256
0.08
0.097
2.98
0.279
4.303
2.68
1.048
2.891
1.157
0.107
8.471
4.0
2.121
0.164
0.197
0.935
4.636
7.46
4.04
0.555
0.176
0.055
0.55
0.561
1.694
2.079
4.163
0.857
0.117
1.442
0.193
0.026
0.58
2.582
8.405
0.151
1.5
1.342
5.271
0.153
3.509
0.07
0.012
0.059
0.145
4.776
1.222
1.843
2.22
0.412
0.056
7.426
0.635
2.507
6.342
1.548
5.551
1.762
0.116
0.165
6.34
0.132
0.033
5.09
0.163
1.245
0.111
0.021
4.159
1.508
1.972
12.187
1.285
0.566
4.216
0.106
1.159
3.098
0.407
0.093
0.075
0.159
4.341
0.126
0.04
4.798
0.107
0.303
1.135
0.135
11.169
1.689
0.073
0.071
1.288
1.133
13.157
0.108
1.698
0.1
1.553
0.174
0.317
5.239
7.462
0.819
13.057
5.763
6.508
6.797
5.097
0.097
0.042
0.178
0.215
1.998
2.405
0.643
4.34
0.22
0.267
1.092
0.298
8.006
9.534
4.824
0.322
8.295
3.293
0.578
0.142
2.857
1.612
0.129
2.353
2.76
13.465
0.027
3.514
5.168
0.99
0.393
1.097
0.84
5.024
2.216
3.378
0.601
0.598
0.116
0.095
0.078
0.098
0.138
0.341
1.638
0.591
5.652
4.197
0.139
3.129
6.725
0.328
3.792
0.795
2.082
3.419
1.748
0.14
0.089
0.051
1.647
0.067
0.094
1.093
0.824
11.1
4.414
0.163
4.136
0.672
1.158
1.51
2.054
2.036
3.552
0.03
0.081
5.181
0.194
0.346
1.376
0.409
0.041
1.473
0.246
0.056
0.399
1.761
4.969
0.166
0.466
2.122
0.099
0.11
4.377
0.129
4.882
0.679
0.757
1.794
4.467
1.484
0.745
0.489
0.079
4.721
0.976
1.938
0.7
0.759
0.81
0.07
5.409
0.5
1.466
3.959
0.065
2.871
5.341
3.637
0.392
9.257
0.221
0.2
0.077
1.216
0.246
0.193
0.196
3.252
0.4
0.49
4.016
0.072
0.498
1.544
2.515
0.241
0.081
1.096
2.789
0.289
1.447
0.424
3.505
12.28
1.436
0.798
1.684
0.036
0.244
4.024
0.682
0.118
5.261
0.489
5.439
4.256
0.05
2.165
3.747
0.091
3.439
1.503
1.961
0.534
8.401
0.319
3.974
1.033
3.857
3.007
2.577
0.727
0.12
0.099
0.403
0.196
1.002
6.474
5.003
0.397
0.059
1.991
3.822
0.17
1.582
5.403
0.88
0.889
2.91
0.031
0.378
4.152
5.453
0.042
0.592
3.124
1.663
0.019
0.35
0.053
0.128
0.25
0.178
0.344
0.034
0.021
2.794
3.795
0.896
0.222
2.055
0.17
0.726
0.74
0.221
0.098
0.294
4.552
0.029
8.052
0.105
0.098
2.719
0.614
0.24
0.298
0.377
0.173
0.244
0.037
0.173
0.061
11.511
0.141
0.217
0.756
8.535
0.729
3.492
5.905
2.736
0.051
11.612
2.132
7.46
8.079
0.117
0.163
0.802
0.465
0.065
10.328
1.147
0.02
0.177
0.197
0.226
0.216
0.949
0.096
1.518
0.741
0.189
4.192
4.239
0.825
4.541
8.543
0.901
0.074
0.757
0.094
18.079
7.118
0.449
3.504
5.219
0.594
2.139
0.095
1.534
0.99
7.154
2.768
2.989
0.08
0.397
2.61
0.116
0.173
3.079
0.381
2.464
0.243
2.246
4.98
3.75
2.668
1.761
0.563
8.447
0.054
0.717
0.552
0.04
0.379
0.135
0.041
2.31
0.261
0.224
2.856
0.088
0.186
2.622
2.45
0.82
6.787
0.213
0.926
0.053
0.901
0.512
0.167
0.158
1.766
0.038
0.734
1.906
7.668
1.421
0.098
0.144
0.117
4.244
6.304
6.166
4.259
0.116
0.124
0.229
0.312
16.038
2.087
1.827
0.198
1.203
0.321
0.226
0.087
1.187
5.284
4.483
0.728
0.046
1.132
2.469
0.762
0.164
1.394
11.32
0.388
10.448
4.847
0.137
19.389
0.317
8.784
0.111
3.078
0.102
0.118
0.733
0.052
0.971
0.117
0.633
4.948
0.036
0.322
2.687
0.169
2.671
1.583
2.175
1.173
0.746
3.036
2.556
1.517
1.207
1.756
0.335
4.37
6.263
0.38
2.382
0.039
0.044
2.497
0.099
1.13
0.101
0.058
0.088
0.669
1.413
1.646
0.731
1.036
0.142
1.401
1.713
2.513
4.932
0.355
0.038
0.04
0.293
2.361
6.033
7.753
0.09
0.036
2.084
4.471
0.102
2.776
0.285
1.158
0.057
0.195
0.062
0.481
0.396
0.068
1.402
0.611
0.4
5.113
1.718
9.357
0.055
0.134
0.157
0.681
0.482
0.062
0.043
0.123
0.089
0.155
7.459
2.699
0.856
19.593
6.842
0.061
2.694
2.373
1.064
0.677
1.915
0.185
4.972
0.811
0.103
0.079
2.527
0.157
0.042
1.701
1.953
0.191
3.551
0.569
0.874
9.429
0.288
0.087
0.045
0.118
2.239
14.811
0.097
3.544
0.054
0.178
0.299
0.146
0.026
2.384
12.389
0.129
1.274
13.436
2.47
6.716
3.643
0.066
2.433
3.875
4.383
7.08
0.58
4.927
0.881
0.052
1.311
3.293
4.415
0.928
1.071
14.426
1.172
7.86
4.261
0.271
2.835
0.087
0.552
15.131
0.372
1.435
1.62
0.045
0.72
0.126
0.18
17.737
0.519
0.052
0.154
2.042
0.546
0.084
4.994
0.066
0.081
0.783
0.098
0.138
0.372
1.279
0.336
0.63
0.087
2.426
0.151
1.274
1.937
0.611
1.396
1.284
0.204
0.078
0.529
1.626
2.63
1.268
0.575
1.424
14.569
3.721
1.093
1.34
7.409
1.801
0.137
0.924
0.018
0.044
0.089
0.975
0.816
0.801
3.862
2.737
1.052
7.874
0.767
0.041
0.104
0.087
0.039
2.501
3.146
0.671
0.764
0.81
5.558
0.117
2.908
3.101
0.04
2.408
0.188
5.75
0.881
0.296
2.414
0.074
0.106
4.57
0.285
0.271
0.411
0.566
2.085
0.081
0.076
0.143
7.323
9.736
0.124
2.281
0.036
2.352
1.513
5.384
0.379
2.676
5.991
0.86
4.028
0.309
3.141
5.597
0.156
0.729
0.595
0.085
0.116
8.135
2.474
0.772
1.12
0.021
0.145
0.305
0.074
0.057
0.044
0.045
0.817
3.258
0.185
0.077
0.815
0.164
0.48
0.57
0.405
2.95
5.193
5.102
0.066
3.595
6.514
0.32
12.406
4.935
5.695
0.059
4.029
0.48
0.735
0.017
7.491
1.448
1.821
1.356
11.643
0.365
0.781
0.034
0.22
0.357
3.815
0.789
2.52
12.446
2.971
0.416
1.406
7.746
3.499
0.178
0.05
0.097
0.091
1.628
0.323
2.438
1.17
6.37
0.102
0.474
6.703
1.162
5.666
0.17
1.243
0.527
2.222
2.045
1.477
0.101
1.916
0.112
0.138
1.547
0.062
0.121
4.545
3.002
0.243
6.056
0.134
4.021
4.441
3.703
1.329
0.05
0.047
2.804
2.571
3.494
1.254
1.794
0.797
0.038
0.11
0.414
6.149
0.064
0.311
0.07
0.43
2.264
5.724
0.231
5.963
0.149
0.192
2.158
0.244
2.674
2.741
7.265
2.442
1.17
2.419
0.099
0.444
0.053
6.662
0.072
7.69
0.691
3.035
1.265
0.322
1.46
8.718
1.117
0.096
1.223
0.651
4.123
5.685
6.359
6.145
0.342
3.722
0.354
6.599
7.986
0.463
1.408
7.752
2.416
1.524
0.054
0.518
0.491
9.014
8.401
2.301
2.941
0.116
0.065
0.038
2.253
5.526
0.226
2.489
0.147
0.938
0.84
4.219
0.955
0.087
3.059
3.717
0.123
1.585
0.065
0.016
0.116
1.258
0.023
0.273
0.084
0.131
0.083
9.675
0.294
0.121
0.995
0.056
0.011
0.095
4.408
0.829
0.907
1.149
1.19
1.344
0.3
1.684
4.549
1.347
1.201
1.609
0.074
0.077
4.617
5.397
1.587
6.144
0.05
0.782
4.848
0.167
0.163
1.335
0.17
1.83
0.092
0.305
0.828
0.05
0.324
1.002
1.858
0.161
2.946
1.148
6.152
0.021
0.048
0.539
3.453
7.762
1.688
0.032
4.192
0.077
0.028
2.193
1.055
0.734
0.621
3.358
5.326
0.343
2.34
0.276
4.921
0.561
1.935
0.068
3.413
2.463
2.138
4.947
0.989
0.237
5.087
2.77
0.814
0.228
1.478
4.023
1.947
2.622
3.91
3.471
3.582
0.093
0.144
0.117
0.178
13.085
2.077
4.421
2.665
4.781
18.273
1.71
0.089
0.187
0.089
2.182
0.033
1.694
0.03
2.957
6.918
1.489
0.056
0.946
0.141
1.397
1.811
2.426
0.596
3.817
0.89
0.084
0.388
0.529
0.142
0.473
0.729
0.165
8.647
0.086
4.993
5.534
0.037
10.546
1.857
2.288
2.942
0.045
4.115
6.196
8.243
0.193
3.253
0.052
0.234
1.953
15.896
0.042
0.161
0.441
0.075
1.518
6.665
0.839
1.411
0.413
0.094
1.738
0.249
6.907
12.755
0.175
0.367
8.728
0.812
1.242
0.25
6.826
11.067
0.635
0.103
0.102
0.766
0.066
0.701
0.373
0.081
0.072
5.151
0.189
0.057
0.177
0.08
0.577
0.156
0.87
2.852
5.093
0.434
5.022
0.045
0.148
0.159
0.135
0.133
0.075
0.057
0.125
1.004
0.734
0.086
1.117
1.734
0.037
0.139
0.267
0.042
1.735
9.961
0.046
0.042
0.498
12.381
0.512
1.094
0.206
0.07
0.066
1.689
1.499
0.074
1.052
0.215
1.1
0.902
1.142
8.018
2.331
1.146
2.307
4.196
5.138
6.717
4.187
10.37
1.107
2.59
3.285
7.323
0.024
4.465
0.117
0.106
1.772
2.553
0.15
2.852
2.864
1.463
8.045
3.701
0.139
0.025
2.768
0.045
7.671
0.07
3.683
0.397
2.722
0.074
0.957
5.654
0.047
0.814
5.328
6.202
0.02
0.644
0.646
0.116
2.536
0.867
0.069
4.879
0.437
0.533
0.584
0.438
0.137
1.681
1.735
2.068
3.397
0.355
3.272
5.719
8.133
0.103
1.185
0.108
0.071
1.591
0.618
0.033
0.053
0.912
0.097
0.092
0.651
1.705
1.155
0.684
0.148
0.102
0.16
0.116
0.229
0.082
0.291
4.645
0.521
0.233
0.931
4.111
1.467
3.293
0.204
1.734
1.361
0.066
3.687
5.094
0.047
2.765
0.073
3.261
7.41
0.058
3.076
0.154
0.287
2.328
2.256
0.103
0.073
0.523
0.044
0.816
0.027
0.071
6.757
2.42
1.173
9.957
0.065
1.405
0.525
1.616
0.093
2.296
0.058
0.315
2.514
0.022
0.279
3.323
0.116
2.994
18.418
5.828
7.61
0.354
0.57
0.243
0.078
0.095
0.091
2.159
0.024
0.146
8.049
0.585
0.571
4.798
1.744
0.18
0.233
0.031
0.157
0.056
1.094
0.359
0.081
0.308
0.101
0.068
1.735
0.442
0.045
5.22
6.501
1.485
0.181
6.995
10.905
0.067
0.364
0.17
0.907
0.196
0.356
3.683
3.382
0.036
0.97
7.725
12.672
2.521
3.507
0.031
0.851
10.073
5.386
0.403
0.109
0.593
0.762
0.711
17.674
0.052
0.069
1.477
3.667
0.019
0.091
0.193
0.155
1.338
5.239
1.24
1.26
0.045
0.065
0.157
6.094
0.046
2.691
2.495
0.56
0.361
0.269
1.176
10.876
0.151
2.092
0.575
0.038
5.08
0.276
0.043
1.198
0.655
0.491
0.089
3.735
0.67
8.964
0.039
0.017
0.055
0.236
13.188
2.615
0.269
1.189
0.793
0.515
3.496
0.109
0.886
0.12
5.204
0.221
8.322
0.537
0.374
0.272
1.757
8.035
2.481
1.263
0.157
1.583
0.255
0.046
0.074
0.331
3.126
2.162
2.866
0.059
1.592
3.93
0.383
6.744
0.144
0.159
0.074
0.814
1.414
0.226
0.206
6.629
0.779
2.346
4.009
0.956
0.134
2.066
3.804
2.615
0.218
1.006
0.734
0.019
2.649
2.007
3.312
1.858
2.635
1.865
2.411
0.136
4.544
0.186
0.542
0.267
0.155
0.594
5.692
4.647
0.028
3.734
5.431
0.078
6.137
0.231
0.19
1.458
4.329
0.336
0.067
0.339
5.262
0.747
3.961
0.262
0.098
4.191
5.472
0.145
3.118
0.106
2.481
0.793
4.412
0.39
10.783
3.104
2.779
3.052
0.28
0.055
4.845
0.168
0.182
3.659
1.116
1.834
0.267
0.044
0.31
2.144
0.11
1.195
4.904
4.932
0.703
0.262
0.218
17.771
0.309
0.069
0.89
0.075
1.331
0.062
1.573
1.853
2.258
1.529
1.837
0.235
6.232
6.965
0.98
1.629
2.021
13.322
0.14
2.114
0.146
0.656
0.93
0.574
0.754
5.629
0.099
1.769
0.336
0.18
5.748
0.192
8.23
0.048
5.723
1.009
4.273
4.765
0.063
0.057
2.793
0.35
0.965
0.04
0.064
1.16
1.121
0.154
0.806
0.67
3.821
9.901
2.288
0.367
0.608
0.026
9.108
0.216
1.626
0.869
3.513
0.173
0.032
0.228
0.889
2.734
0.137
2.043
0.029
0.883
1.344
1.526
1.459
1.096
1.758
0.03
0.986
0.084
0.196
0.055
0.429
2.162
4.012
0.308
1.985
0.037
0.232
1.169
1.486
0.327
6.821
7.561
2.133
2.365
4.204
0.935
0.535
1.226
2.466
0.48
0.296
0.333
0.051
0.039
0.978
0.101
2.827
3.247
1.346
0.89
2.164
0.206
2.367
0.062
0.309
0.102
0.132
0.049
0.1
0.19
17.99
0.092
0.246
0.118
0.168
0.417
5.486
0.32
2.202
2.687
0.124
0.126
2.899
0.147
4.491
7.182
1.954
0.436
1.219
0.521
0.069
0.323
0.402
1.231
1.544
0.11
1.117
1.462
0.631
3.172
7.567
1.846
2.081
0.143
2.794
1.94
0.145
8.244
0.146
0.476
1.649
2.464
0.113
1.037
2.023
8.773
5.05
0.056
1.093
0.202
1.199
3.202
0.555
1.627
0.145
3.539
0.982
0.126
0.153
0.903
0.138
5.688
0.949
0.207
0.052
19.513
3.339
1.064
0.357
1.227
0.355
0.038
0.122
0.175
1.481
3.154
0.797
1.121
0.233
0.789
5.838
0.08
0.41
1.875
2.798
0.222
1.018
2.927
0.009
0.625
0.088
0.031
0.344
5.936
0.457
0.198
3.523
0.423
0.057
2.906
0.037
0.345
4.4
0.091
5.673
4.424
0.743
0.198
1.011
3.182
5.402
1.687
0.238
0.093
1.284
0.23
7.445
0.938
0.424
1.084
0.191
0.024
0.729
6.163
13.755
0.082
0.048
4.757
1.352
1.226
0.312
0.118
8.18
0.132
0.21
2.464
1.205
0.218
2.525
9.037
4.155
5.662
4.419
5.938
1.132
0.13
5.768
0.108
3.164
8.976
0.525
0.249
5.598
1.746
0.647
4.145
12.35
0.829
0.244
0.073
5.816
1.068
12.294
0.195
4.026
0.037
4.932
0.37
1.525
0.787
0.149
0.427
0.07
0.034
3.427
0.056
1.793
0.033
1.298
2.682
1.123
0.545
2.179
4.97
0.158
0.126
3.152
0.681
0.054
3.602
0.66
2.077
0.711
0.345
6.069
0.485
0.07
4.724
2.465
4.076
0.461
2.538
1.74
6.387
15.476
0.032
0.124
0.07
2.175
5.358
0.067
0.056
13.42
3.539
0.899
3.966
8.167
1.863
0.049
4.986
0.172
0.193
2.625
0.063
5.084
1.162
0.2
0.293
8.867
11.998
0.018
2.66
0.778
0.092
1.506
1.547
6.56
2.657
0.775
1.28
0.48
10.584
4.394
1.589
0.056
0.023
1.974
0.088
0.341
10.903
5.724
8.714
0.571
1.328
0.177
9.119
0.446
1.015
0.021
0.192
0.066
1.774
0.067
0.022
9.2
2.108
0.415
0.121
7.604
0.23
15.198
0.165
4.219
0.119
0.026
5.73
0.71
11.804
4.395
2.789
0.359
2.363
0.074
2.192
0.249
0.1
6.508
0.12
6.338
0.237
0.317
0.246
0.205
4.333
0.477
1.645
0.048
1.7
0.301
0.234
1.463
4.634
1.745
1.508
5.4
4.131
0.148
0.451
4.102
0.126
0.039
0.905
3.788
5.449
2.407
11.914
1.11
5.07
0.17
6.729
3.311
2.653
5.443
0.182
0.881
0.272
0.127
0.196
0.056
2.053
0.147
5.271
2.468
0.184
4.967
2.461
0.016
1.493
0.067
0.127
0.131
0.469
5.505
7.696
0.05
0.301
8.411
0.183
11.17
0.176
0.085
8.239
0.504
0.868
1.524
0.075
0.209
0.167
3.326
0.101
0.462
0.039
0.057
0.168
2.238
2.536
1.685
1.954
0.624
0.709
0.08
0.047
3.296
1.192
0.037
6.276
3.199
2.421
0.613
7.64
10.477
2.72
0.041
0.492
0.778
0.041
0.057
0.425
9.261
0.133
6.229
2.292
13.346
0.163
0.17
1.284
0.028
6.223
0.17
0.074
0.075
0.472
1.044
0.199
0.048
0.218
3.51
0.302
0.081
0.88
0.817
4.319
0.08
1.468
0.314
1.179
1.951
4.809
2.45
0.053
1.113
5.319
0.02
0.051
0.399
11.253
0.286
0.058
0.06
0.1
0.096
0.504
1.506
5.218
0.036
0.159
3.541
0.074
2.067
13.173
2.278
0.59
5.903
7.862
0.045
9.895
0.659
0.072
0.722
5.014
0.059
0.052
1.129
0.023
0.053
0.229
2.113
4.239
0.155
0.606
1.365
0.043
0.657
0.184
1.537
0.756
3.241
4.247
0.975
4.267
2.398
1.01
6.795
0.072
3.069
7.966
0.019
0.22
0.116
3.84
3.026
1.538
0.785
0.198
0.044
0.933
6.63
3.385
0.032
7.361
5.03
11.696
0.581
0.074
0.07
0.407
5.252
0.05
1.265
6.708
0.207
1.378
10.674
4.443
1.663
0.248
6.295
0.043
0.162
7.246
0.058
0.337
0.097
4.645
5.018
2.492
1.09
0.227
3.963
2.587
7.602
0.051
7.693
1.506
0.096
0.151
0.108
4.222
0.318
3.301
0.683
0.082
0.128
0.801
0.04
0.105
2.738
0.118
0.092
5.495
1.976
0.398
0.122
0.067
2.794
3.478
5.271
0.086
0.054
2.471
6.717
2.2
3.503
10.962
0.275
2.796
0.119
1.257
0.331
0.12
4.998
0.114
0.407
0.092
1.724
1.006
2.785
1.554
0.116
8.202
3.718
2.67
0.055
0.349
0.071
0.118
0.643
4.602
0.153
0.118
1.825
7.76
2.218
0.384
5.246
0.076
7.82
12.464
1.882
0.446
0.126
0.032
2.66
3.335
3.071
0.414
2.956
5.686
0.475
3.627
0.077
0.793
0.406
0.057
0.901
5.461
1.061
0.072
8.501
0.105
2.171
0.072
2.641
0.061
0.483
1.256
0.931
2.474
1.276
6.931
1.489
0.384
2.49
5.032
0.101
0.05
0.893
2.434
4.879
4.862
0.174
0.209
0.115
0.077
0.06
1.683
0.838
2.775
1.84
0.02
0.294
0.843
2.983
0.255
6.116
1.155
0.028
2.577
0.994
0.874
0.071
5.74
0.929
0.19
0.08
0.071
0.594
0.207
1.128
0.158
0.793
1.235
0.094
3.525
1.186
0.16
0.495
0.623
0.025
4.211
0.73
0.422
3.148
1.209
0.11
5.121
0.702
0.077
0.505
0.523
2.19
0.366
0.078
1.423
0.03
1.315
0.09
5.209
1.815
1.8
0.157
0.308
0.283
1.91
0.402
0.128
1.906
0.375
0.234
0.19
5.566
11.024
0.443
0.089
4.659
4.095
0.45
2.35
13.663
0.38
0.708
0.187
2.082
0.773
0.148
0.059
2.272
2.409
3.146
0.042
0.993
2.61
0.213
2.629
0.082
4.923
0.659
0.131
12.689
0.124
0.621
0.958
0.104
5.695
0.538
0.598
0.132
0.173
0.145
6.543
5.332
0.176
1.125
0.692
5.598
3.916
0.235
2.524
0.137
0.595
1.444
0.79
2.19
6.614
2.965
1.114
4.824
1.314
1.949
1.647
1.761
0.819
2.989
0.035
0.075
6.93
0.406
0.038
0.052
0.901
0.023
0.081
2.162
2.914
0.067
4.435
1.585
0.225
0.06
1.225
0.465
0.026
6.383
0.068
0.105
0.08
0.556
0.047
1.669
0.025
4.671
4.18
2.031
0.407
0.123
1.041
3.518
0.122
9.722
0.036
0.549
0.044
10.515
8.016
15.963
0.814
0.792
0.632
0.022
0.762
0.72
2.751
0.085
0.064
1.706
0.242
3.499
0.246
1.049
2.136
0.143
6.452
0.1
0.064
3.292
2.0
0.363
0.025
4.022
1.476
4.415
0.065
5.87
1.207
2.501
6.851
1.274
5.557
0.055
3.827
0.065
1.369
2.451
5.251
0.448
1.639
0.383
0.462
0.745
0.297
3.429
0.173
4.561
0.273
0.15
9.031
0.068
0.895
6.159
0.07
1.732
9.315
5.262
1.432
21.806
1.193
2.016
2.992
2.603
1.277
0.656
1.637
3.532
0.458
0.133
5.549
1.638
7.622
1.398
0.485
0.029
11.644
1.943
0.76
1.446
0.482
3.111
0.927
10.209
1.36
0.51
1.347
4.795
0.082
0.258
2.017
1.044
0.225
6.713
0.584
1.499
0.092
0.102
0.054
1.459
0.085
1.285
1.699
0.032
3.618
0.083
2.535
1.77
1.673
0.42
0.038
0.046
0.319
0.08
1.854
0.057
0.453
4.745
1.701
2.572
3.552
3.131
0.085
1.88
0.156
0.803
0.114
3.691
0.832
0.694
6.245
0.079
3.063
0.073
3.171
0.669
1.701
6.799
1.207
4.634
0.396
0.055
0.278
0.063
6.969
0.939
0.159
2.471
0.223
0.095
0.04
0.113
1.074
0.087
0.034
0.38
0.035
1.398
0.346
1.043
0.026
1.161
0.867
1.281
7.494
8.021
0.109
0.211
0.013
0.235
9.862
0.3
0.649
0.06
4.549
1.696
4.801
0.139
0.229
3.727
4.533
0.525
1.214
4.673
5.856
3.671
0.065
0.104
0.667
0.409
0.21
3.976
1.726
8.587
0.028
0.074
0.114
2.981
3.081
0.284
1.258
1.241
0.15
0.023
9.865
0.627
0.175
3.015
0.869
0.038
6.886
2.587
1.017
0.68
0.097
0.173
2.237
3.74
4.464
0.19
6.063
3.232
3.84
0.044
0.592
0.163
0.118
1.647
0.049
6.617
2.404
6.476
3.519
0.547
1.444
14.86
1.686
2.263
0.093
5.447
0.02
9.98
0.072
0.327
0.873
0.776
0.095
1.328
0.015
2.841
5.914
1.176
4.222
2.287
0.079
1.807
4.938
3.687
1.438
3.133
1.882
0.229
0.835
3.055
5.4
3.731
0.295
7.515
0.802
0.586
1.744
2.857
0.099
0.47
0.035
0.207
4.013
4.808
9.97
5.642
1.672
0.334
0.047
0.131
4.031
0.98
1.272
0.293
0.97
0.119
1.038
0.01
0.856
0.951
0.076
0.017
12.625
0.321
2.797
3.133
0.363
0.059
0.124
7.08
4.452
0.196
0.098
0.074
0.172
3.35
0.101
5.028
0.172
7.648
0.07
1.464
0.073
0.146
0.171
7.257
0.066
0.6
3.552
2.922
8.455
23.02
0.099
1.152
3.547
0.596
2.886
0.759
1.874
2.815
2.943
0.134
1.325
2.435
0.108
2.875
0.203
2.966
6.368
0.085
3.522
4.458
0.044
2.976
0.514
0.101
0.079
0.264
1.977
0.089
2.798
8.962
0.233
1.711
6.206
4.881
0.324
1.729
11.084
1.207
1.353
0.044
1.347
0.352
0.581
5.083
2.697
15.862
7.01
3.174
0.797
0.031
0.261
0.583
0.208
0.608
1.014
1.416
0.076
0.115
0.047
0.084
4.077
0.919
0.196
2.268
0.372
0.057
1.902
3.132
3.869
0.093
0.529
0.332
0.142
0.216
0.043
0.106
0.818
1.006
1.753
2.191
0.318
1.401
2.062
0.048
2.495
0.653
7.85
0.094
0.97
0.581
3.976
8.362
0.889
3.654
2.162
0.773
2.147
4.238
0.073
4.549
0.072
1.843
0.08
0.475
0.662
0.079
1.031
1.29
4.865
0.128
4.183
6.487
1.944
1.794
0.305
0.093
0.042
0.928
0.177
0.141
0.157
0.041
0.334
0.371
1.762
3.425
4.763
1.669
0.188
0.033
0.19
0.045
0.099
0.058
0.301
1.569
0.465
0.056
1.82
3.765
0.212
0.051
0.893
0.887
2.22
0.787
4.11
0.121
0.162
0.89
9.286
0.151
1.009
4.61
0.293
2.324
0.959
0.655
0.13
2.527
0.934
0.578
0.034
3.114
1.989
1.953
0.273
7.149
4.714
0.635
4.874
2.808
0.064
13.607
1.616
3.002
0.178
0.083
0.094
2.021
2.161
0.988
0.533
6.005
0.493
0.053
3.172
0.198
0.052
0.059
2.981
1.168
0.093
2.959
0.046
0.035
3.76
1.271
0.046
0.025
2.14
0.076
1.81
1.034
0.105
1.414
2.373
0.049
2.067
0.024
1.522
1.515
0.109
15.301
0.598
0.042
0.182
0.209
0.051
0.063
0.663
1.848
1.182
11.569
1.429
0.024
2.857
2.449
0.118
0.563
0.13
5.029
12.118
0.055
3.333
5.287
0.048
1.198
2.19
11.129
0.731
0.072
0.457
0.184
0.149
0.023
0.524
0.05
0.178
0.107
0.111
1.281
0.045
0.837
0.117
0.245
1.259
1.217
4.764
2.754
0.097
1.261
3.118
0.04
1.813
0.156
0.051
0.531
0.11
0.337
1.183
0.295
1.326
2.752
0.078
6.915
0.615
1.415
0.19
0.387
0.613
0.962
0.05
3.62
0.087
7.475
0.105
1.098
0.499
2.746
1.175
1.845
0.631
0.396
0.247
1.264
0.534
3.034
0.271
2.442
1.404
0.052
1.454
8.777
4.297
4.763
0.071
0.068
10.82
0.123
7.281
0.08
3.243
4.156
0.212
0.068
0.037
0.124
1.204
0.097
0.192
3.063
0.73
0.053
0.361
0.144
4.764
0.074
7.878
1.505
0.033
0.531
1.644
5.807
2.421
0.037
1.422
1.439
1.283
0.148
0.235
3.434
1.481
2.784
0.135
0.606
9.885
7.315
0.08
0.025
0.03
4.072
1.901
4.239
0.21
0.403
0.088
0.04
0.785
0.025
0.238
0.258
2.498
6.337
2.459
0.329
0.119
3.286
3.78
0.065
2.467
0.078
0.351
3.325
0.358
0.084
0.165
0.445
0.657
0.091
0.245
0.254
0.078
0.283
1.411
6.246
0.581
0.199
0.041
0.108
4.264
9.31
0.411
11.501
0.205
0.128
0.07
2.873
2.799
1.065
0.055
4.919
0.068
1.064
0.643
4.348
0.068
0.171
6.741
0.156
0.029
0.564
1.807
8.657
4.476
2.079
0.028
1.148
0.056
1.219
0.22
2.963
0.101
0.642
1.628
0.34
0.876
1.218
3.194
0.952
0.054
0.221
0.395
0.019
5.101
0.126
4.882
0.055
0.319
3.022
0.07
1.105
0.272
0.224
6.004
0.463
1.597
0.051
1.391
6.073
8.352
6.207
0.565
0.072
3.524
4.647
1.286
6.279
6.028
0.318
0.694
0.949
7.626
2.149
0.666
0.472
0.233
0.286
6.597
3.656
0.062
4.367
0.658
0.956
0.326
3.578
0.079
0.394
3.091
0.067
1.486
7.141
0.98
0.064
0.65
3.72
0.022
0.311
1.093
17.085
3.868
3.314
0.081
1.186
4.651
4.196
5.039
6.857
1.688
0.04
0.14
0.12
9.468
0.62
0.05
2.154
3.067
0.58
0.421
0.137
0.225
2.522
0.209
1.629
0.245
0.152
1.178
0.836
0.078
0.026
0.039
0.529
1.848
2.684
0.112
0.154
0.086
0.122
7.361
9.227
0.123
1.149
0.067
0.06
0.093
0.163
1.626
9.367
0.025
5.09
5.423
3.422
5.813
1.382
1.007
0.5
0.042
7.47
0.304
1.457
0.436
0.194
0.265
1.198
0.049
0.134
0.502
0.04
2.115
0.418
1.306
0.079
0.9
1.394
2.786
6.503
0.732
0.045
0.159
0.124
1.487
0.419
1.732
0.389
0.07
10.861
0.175
4.504
4.645
1.103
0.167
12.97
7.628
0.542
7.62
2.909
0.251
0.068
7.689
1.723
0.032
2.153
0.3
0.155
0.671
1.232
9.724
1.232
2.39
0.031
0.11
0.205
0.195
0.256
0.046
0.708
3.781
1.96
0.307
13.886
0.85
1.295
0.038
1.38
4.943
0.136
1.349
0.924
0.366
12.186
3.396
0.092
1.137
1.036
4.635
0.086
0.181
1.021
8.902
0.092
8.564
4.966
0.148
0.212
7.056
0.092
0.453
0.125
0.069
0.213
6.081
6.457
1.998
4.336
6.276
0.112
5.43
0.133
7.056
0.155
0.039
0.117
0.308
0.114
1.224
0.155
0.502
3.609
0.254
0.085
1.597
0.145
12.035
2.76
0.063
0.209
0.225
3.728
2.094
0.272
3.987
0.635
0.799
0.076
1.167
0.109
0.938
1.144
0.068
0.747
3.735
2.838
0.118
0.063
1.274
1.143
3.335
0.051
1.243
1.075
0.102
0.088
3.62
0.029
8.087
5.919
0.146
2.343
0.818
0.252
1.019
0.029
0.383
8.194
2.806
12.605
0.873
0.024
3.754
0.912
7.393
0.462
0.966
10.086
0.556
0.189
0.119
0.799
0.172
1.222
4.365
0.143
4.039
2.673
13.187
2.336
2.431
4.048
2.454
0.353
0.086
0.201
9.506
7.407
0.042
1.049
3.279
1.741
0.097
0.423
5.799
3.564
0.047
0.08
0.061
1.019
1.237
0.793
0.169
0.94
0.027
0.646
0.859
1.363
1.038
0.09
0.711
0.69
0.445
2.805
1.457
0.059
0.906
6.37
21.25
1.335
7.358
6.141
0.192
0.323
6.025
1.219
2.482
3.467
3.615
1.627
0.421
3.668
0.5
5.087
3.054
6.855
3.797
6.447
0.335
1.144
2.888
0.988
0.185
1.836
6.306
1.114
1.295
0.097
0.766
6.721
0.147
0.107
0.891
0.065
1.33
4.149
0.913
4.579
1.892
12.651
0.053
0.222
2.219
0.626
0.213
6.862
0.378
0.093
0.332
6.351
3.577
7.338
0.436
5.43
0.08
3.126
1.261
0.288
0.031
0.213
2.327
0.085
0.126
10.281
2.337
0.062
5.486
0.135
0.644
3.527
6.547
2.238
0.653
0.178
0.533
3.108
7.208
0.57
8.499
2.266
0.405
2.556
0.097
0.128
4.201
1.793
0.03
2.683
0.039
0.433
4.948
0.057
0.471
3.538
4.225
0.019
0.066
1.854
0.507
2.285
0.442
1.187
4.281
0.917
0.378
3.188
0.07
1.233
0.039
0.052
4.754
0.193
0.115
0.137
4.967
0.809
14.508
0.035
0.41
0.763
0.172
4.035
1.757
0.029
8.16
0.051
0.022
0.254
1.344
0.341
0.629
0.55
1.185
5.02
1.966
4.498
7.411
0.09
0.443
0.574
2.07
0.789
0.222
0.283
4.293
0.043
0.15
1.478
0.269
0.058
6.326
0.476
11.163
0.336
6.059
0.096
0.131
0.059
0.141
1.223
0.342
0.125
15.494
0.662
0.019
0.189
0.027
2.123
0.188
4.43
4.925
1.062
0.189
0.622
0.131
0.666
1.505
0.072
0.252
0.089
1.61
5.376
0.129
0.76
0.203
0.082
0.101
6.918
7.005
3.703
2.623
0.073
1.817
0.216
0.862
0.032
0.033
5.717
0.054
0.78
0.176
17.5
0.206
1.673
0.244
0.173
0.494
5.595
0.1
3.906
0.875
0.085
0.22
0.182
0.085
2.228
9.011
0.171
1.14
3.847
5.581
0.312
12.044
7.536
2.376
0.763
10.008
0.191
0.608
0.466
1.232
0.149
10.174
2.525
0.856
0.083
0.157
0.098
0.119
0.215
1.776
0.111
0.043
0.277
3.739
1.155
0.227
0.478
8.21
0.131
0.297
0.053
0.641
0.089
0.243
6.729
0.821
0.764
5.045
1.549
0.065
0.133
0.294
0.794
1.086
0.02
0.609
10.704
0.324
0.173
0.071
0.428
13.87
1.618
0.424
0.348
0.699
0.079
0.78
0.329
0.062
9.471
0.318
0.152
2.637
0.423
0.115
1.887
0.328
0.085
4.417
0.193
0.067
0.077
0.185
0.24
2.713
1.527
0.747
0.261
9.049
0.114
0.037
0.145
2.764
0.875
0.82
4.59
0.083
0.446
0.214
0.686
0.057
1.135
0.041
0.499
0.093
4.765
0.463
0.351
0.172
0.331
6.633
0.168
1.396
6.276
1.891
4.687
1.317
2.328
0.239
0.077
0.692
0.083
0.061
1.663
9.686
0.81
9.094
0.691
1.252
0.614
2.228
0.316
0.317
0.275
1.662
12.597
0.049
19.676
0.107
0.05
0.064
0.121
0.478
3.46
2.256
0.168
0.316
1.981
2.069
0.954
0.77
1.999
12.744
0.076
0.266
1.26
0.231
0.979
0.042
2.29
3.056
1.386
0.034
5.137
2.098
0.251
2.093
0.854
7.268
0.923
7.131
0.059
0.156
0.053
0.203
5.733
1.37
0.434
0.019
2.969
9.424
0.139
0.069
0.065
1.156
2.77
0.094
6.859
0.084
0.042
1.73
1.388
1.487
0.041
1.345
2.2
2.06
0.115
0.473
6.995
4.25
0.118
0.261
1.157
2.172
0.565
0.354
2.657
0.516
1.749
1.366
1.588
1.038
3.072
1.625
0.916
0.627
0.127
0.116
1.263
0.658
1.035
2.881
0.145
0.054
0.54
1.555
3.197
1.735
2.364
0.047
7.008
0.085
3.248
9.075
2.569
1.022
5.714
7.081
0.237
0.546
0.059
3.386
0.118
3.665
2.887
1.011
0.136
0.849
0.18
2.643
0.076
0.161
0.11
21.638
0.536
0.143
0.064
1.44
0.12
5.811
4.555
0.101
0.446
0.143
3.415
5.108
4.047
0.106
0.38
0.096
1.279
2.678
3.879
0.313
0.534
0.065
1.702
0.143
9.158
2.014
12.34
1.956
3.22
9.026
2.14
1.48
0.157
0.146
0.234
1.502
1.386
0.051
2.937
0.07
0.213
0.104
5.034
0.648
4.951
2.597
2.121
0.252
2.462
0.047
1.478
2.908
0.106
0.484
0.722
0.878
0.084
2.526
0.546
6.748
1.031
3.104
0.259
1.345
0.699
0.04
2.221
0.028
13.953
0.439
0.25
1.312
0.257
6.304
0.171
0.231
3.47
1.536
0.269
0.312
0.113
0.147
0.834
0.025
1.083
0.045
1.244
0.184
1.247
11.346
0.972
0.515
0.071
0.498
0.318
0.043
0.016
1.214
0.078
2.339
10.471
3.658
4.835
7.945
0.271
0.082
2.424
0.787
13.667
1.662
0.884
0.119
0.894
0.051
0.042
0.051
5.813
0.02
1.526
0.089
0.649
0.916
4.77
0.388
1.256
0.409
3.807
0.762
0.288
2.337
1.108
3.323
10.514
0.589
0.087
0.208
7.275
0.034
4.766
3.657
0.042
1.62
0.581
0.146
0.188
0.399
0.348
1.955
2.609
0.115
5.122
1.387
3.255
0.583
1.627
0.05
2.258
0.753
1.134
0.574
2.157
1.172
0.06
0.175
13.123
0.616
0.107
5.604
0.033
0.423
1.788
1.911
0.348
0.095
0.102
0.535
0.083
2.087
0.048
0.33
3.78
0.361
0.438
0.182
1.446
0.486
0.229
1.495
2.227
0.338
0.123
0.934
2.658
0.041
3.776
11.376
1.952
4.54
0.05
0.046
3.67
2.092
0.786
0.393
12.841
3.632
0.686
0.44
7.026
7.788
1.428
6.585
0.179
3.047
1.488
2.309
2.186
2.703
2.298
1.802
0.273
9.316
0.441
0.085
0.036
1.097
1.623
9.294
0.658
1.476
0.368
1.703
2.517
2.968
2.0
0.099
0.144
2.735
2.003
0.072
0.041
0.218
0.178
0.043
0.986
0.051
4.193
0.632
10.056
5.048
4.434
0.746
0.231
2.155
3.615
7.886
0.037
0.567
0.045
3.407
0.681
6.312
1.268
10.46
0.045
5.092
0.339
1.001
3.86
0.162
0.181
4.073
6.687
1.099
1.232
0.092
3.212
4.392
0.327
0.067
0.09
0.116
0.037
0.143
0.753
0.166
8.592
7.605
0.232
0.018
16.308
0.101
0.087
0.239
1.099
0.822
10.721
4.251
1.06
6.589
0.779
0.112
1.073
0.064
0.085
13.525
0.044
1.356
7.466
0.628
2.22
0.658
0.084
0.149
1.724
9.471
5.128
0.204
4.127
0.132
3.598
1.378
0.234
3.387
5.614
4.518
5.003
4.632
1.088
0.289
3.588
0.106
3.086
2.036
12.273
0.444
0.616
0.269
3.877
1.148
2.462
1.728
2.173
0.828
0.121
0.318
0.387
3.98
0.268
3.846
1.562
0.311
0.295
0.334
0.135
0.216
1.297
0.351
0.304
0.069
1.114
4.578
0.275
0.576
4.234
0.026
0.166
0.285
0.222
0.841
0.899
1.2
0.235
5.558
0.113
4.091
0.346
0.205
0.141
0.134
0.492
10.204
0.099
0.066
1.207
0.032
0.167
3.774
4.733
0.283
0.213
3.714
5.464
1.066
6.258
1.218
1.961
0.124
0.229
17.23
0.469
0.407
0.049
10.354
0.167
5.733
0.021
12.282
11.872
3.056
2.084
0.15
0.621
3.726
0.059
1.898
1.532
5.125
0.083
0.076
4.844
1.58
0.478
0.118
0.57
0.797
0.706
6.729
15.098
1.846
4.396
0.029
0.064
9.803
0.062
0.853
2.068
0.214
4.498
0.88
2.483
0.104
2.45
2.037
1.232
2.036
1.288
1.827
0.168
0.045
0.027
1.353
0.037
0.776
0.081
0.484
0.458
0.158
0.341
1.184
0.3
2.717
0.19
0.325
0.085
5.264
0.032
0.142
0.529
5.378
0.165
2.07
0.05
12.076
0.979
0.727
1.178
7.214
11.68
0.06
3.494
1.507
0.174
1.609
1.861
1.608
4.887
2.023
0.229
1.396
2.233
4.193
0.415
1.165
6.042
4.206
0.028
2.555
0.03
2.623
2.149
6.645
0.065
0.92
3.811
0.179
0.31
6.667
2.811
12.201
0.022
0.484
0.538
0.103
11.431
3.881
0.053
3.777
0.603
0.187
0.244
0.401
0.279
0.091
9.339
0.336
1.275
2.961
1.692
1.988
0.994
3.367
3.815
1.925
1.228
3.349
0.88
1.014
0.17
0.038
0.084
0.83
0.071
4.334
0.34
0.095
0.621
4.057
0.169
0.927
0.077
0.053
0.044
0.199
0.828
1.766
1.069
0.24
12.642
3.704
0.075
0.889
3.691
4.336
0.623
0.113
0.076
16.659
0.1
0.215
0.061
0.812
0.037
0.029
1.732
0.461
12.643
0.499
3.742
0.971
7.933
0.024
11.659
0.038
4.31
0.109
0.85
0.143
5.95
0.695
0.046
3.251
0.081
1.299
0.046
2.665
4.629
1.858
2.65
8.241
1.567
1.216
1.569
3.748
0.295
7.378
3.237
0.066
2.767
0.201
1.803
0.078
0.122
9.68
0.553
1.313
4.421
2.841
0.112
0.024
2.269
0.369
0.077
0.08
0.702
0.184
4.449
0.92
0.396
2.093
0.389
1.558
1.607
0.684
0.398
0.048
0.33
3.532
0.071
0.798
0.238
3.999
0.207
0.27
1.692
0.824
0.645
0.054
2.05
1.991
0.11
0.399
0.167
0.02
0.363
5.376
7.137
0.115
2.109
1.4
0.091
0.071
0.087
3.109
0.046
0.645
5.078
0.23
0.357
0.044
1.972
3.714
5.609
1.434
0.064
4.377
0.142
1.101
0.406
0.773
0.091
0.029
0.062
0.09
19.954
3.06
0.138
0.275
2.469
0.289
0.076
0.169
5.864
0.256
0.541
0.102
3.313
1.639
8.469
4.436
0.041
5.188
0.02
6.525
5.235
6.798
0.195
0.353
1.562
12.662
1.944
0.436
0.062
3.532
0.075
0.393
1.088
0.738
8.942
5.928
0.314
0.014
0.033
0.137
1.562
2.637
0.084
0.798
0.066
4.873
0.056
3.782
7.025
9.665
4.991
0.195
0.994
0.16
1.311
0.056
0.149
0.672
2.879
0.073
0.465
0.033
4.096
8.282
0.654
3.557
0.033
0.952
0.272
0.138
1.325
0.033
3.096
0.622
0.443
0.044
1.946
5.455
0.488
0.825
4.622
2.021
0.306
6.853
9.662
8.022
0.154
3.431
0.554
0.459
0.077
0.083
0.135
0.27
0.052
0.06
1.696
0.289
0.198
4.156
0.911
0.836
1.496
0.426
0.892
0.067
1.001
0.067
1.996
0.511
0.697
1.992
0.823
9.352
1.891
0.072
0.166
0.096
6.281
1.602
0.12
0.056
2.022
4.645
14.316
9.866
0.222
0.229
0.07
0.361
9.043
16.912
0.143
0.092
1.861
11.949
5.731
0.064
1.664
1.081
1.398
0.031
2.387
4.241
0.148
6.457
0.09
1.936
0.148
2.827
2.411
5.657
0.375
1.831
3.485
4.004
0.042
0.605
0.277
0.074
0.426
1.078
3.321
7.1
1.229
1.828
4.468
0.338
8.974
3.892
0.705
2.398
0.5
1.894
0.535
0.139
0.05
8.059
3.002
0.235
1.142
1.021
0.222
0.663
1.021
7.044
3.541
0.129
0.325
0.295
0.107
2.061
14.517
1.259
2.982
0.199
0.593
3.546
0.298
0.876
0.909
1.702
4.943
4.978
0.054
0.145
0.08
1.461
0.796
0.051
1.269
0.404
2.17
0.042
0.044
0.341
0.171
0.934
4.109
0.497
0.063
10.882
1.136
2.155
0.668
0.305
0.071
0.513
0.129
2.394
0.692
3.073
1.794
0.121
0.356
10.137
0.053
0.447
0.968
0.39
7.938
0.574
0.095
1.675
8.201
2.152
0.057
0.025
0.687
0.392
0.585
0.619
0.882
0.128
0.741
0.049
2.903
0.411
0.816
3.821
0.946
0.103
0.729
5.691
0.192
0.082
0.59
0.29
4.586
0.035
0.078
0.618
0.111
2.437
10.35
0.116
0.598
0.092
0.07
0.014
5.633
0.752
2.381
3.293
0.691
0.054
0.387
0.269
0.648
5.933
6.912
0.02
0.535
1.413
0.314
0.036
0.067
16.396
0.721
0.112
3.31
0.55
2.84
0.034
7.561
0.637
0.416
1.8
0.131
0.779
3.062
0.704
6.133
1.445
0.605
0.095
0.121
0.362
0.056
0.277
0.072
4.675
2.994
0.216
1.757
1.333
2.435
0.918
2.997
1.588
2.614
0.098
1.959
0.481
0.418
0.684
7.902
0.158
0.105
0.096
0.074
5.556
0.691
0.128
0.678
0.088
13.449
0.274
0.216
0.523
2.596
0.145
0.818
2.631
2.853
4.911
1.797
3.443
1.26
0.186
4.406
0.059
0.374
0.037
1.322
0.474
4.159
0.057
12.286
7.184
0.088
0.035
0.484
0.165
1.079
6.685
4.282
2.39
1.419
0.034
4.137
0.051
1.193
5.233
2.712
0.262
0.381
0.852
1.851
0.21
0.357
0.678
0.7
0.769
0.074
0.193
0.039
0.114
0.465
0.293
3.815
1.302
4.238
0.102
0.415
0.253
0.202
0.051
4.827
0.809
0.105
0.157
0.109
3.506
2.63
15.425
3.261
1.737
0.122
5.6
0.118
0.551
6.295
0.256
4.636
4.782
2.147
3.002
0.295
2.577
6.765
8.362
1.047
0.539
0.132
4.432
0.407
0.218
0.186
2.127
13.907
3.55
20.363
0.055
2.904
3.416
0.139
0.279
0.601
0.21
4.39
0.227
4.428
0.176
1.942
5.983
0.045
1.244
0.185
0.917
1.011
2.445
0.051
0.301
0.372
4.431
0.205
0.346
0.114
7.054
0.465
0.715
1.475
0.033
0.284
0.168
1.933
3.144
0.241
0.024
2.219
2.285
2.697
0.658
0.497
3.045
1.025
0.396
0.511
0.043
0.341
2.57
0.851
1.186
0.332
1.627
1.94
4.137
1.35
0.289
2.94
2.705
0.348
0.02
1.198
4.174
5.346
5.931
0.06
0.076
0.223
0.063
0.651
0.385
0.304
1.936
0.09
0.271
0.362
4.931
8.609
0.369
3.401
0.182
0.986
0.533
0.589
0.078
0.187
0.038
0.039
0.73
0.173
0.117
0.049
0.065
0.033
4.33
4.915
4.866
0.037
0.072
1.563
0.819
1.344
4.425
0.109
7.445
1.61
0.045
0.116
0.108
1.034
0.374
0.25
2.157
0.472
0.507
0.583
0.377
0.295
0.105
3.476
0.645
2.695
3.124
0.256
0.254
0.114
0.35
0.108
0.608
2.149
0.16
0.777
0.1
0.082
0.627
0.709
0.141
0.179
0.053
6.719
0.032
2.498
6.35
6.215
0.692
0.107
0.941
1.01
0.221
3.967
4.986
4.153
0.062
0.985
6.873
1.702
1.047
0.071
0.062
0.068
2.266
0.582
0.048
1.455
7.386
0.238
1.878
0.356
5.633
6.989
2.933
3.177
7.478
0.851
1.025
0.127
0.653
2.454
5.557
6.58
4.814
0.114
5.202
2.302
0.045
0.13
0.732
0.045
0.301
2.118
1.904
1.531
3.626
0.063
0.293
0.053
0.109
0.113
0.133
2.934
1.588
0.066
1.754
1.67
0.15
1.945
0.412
0.46
0.05
6.203
0.077
0.045
1.361
0.238
0.04
0.24
0.27
0.168
1.318
0.997
0.053
0.265
0.38
0.11
0.571
0.483
1.482
3.616
1.858
0.544
0.142
5.981
1.25
0.15
0.064
0.076
1.413
0.202
0.103
8.548
0.106
1.368
0.179
0.708
0.109
4.594
3.247
0.41
0.521
9.329
2.55
2.819
0.842
1.681
0.255
0.734
2.598
0.376
3.072
4.095
6.27
5.43
1.418
0.308
2.435
0.806
0.187
0.16
0.228
1.211
8.601
2.476
0.123
0.699
0.983
2.713
4.018
0.126
0.07
1.564
0.075
1.688
1.758
5.965
4.046
0.263
5.93
0.683
0.258
0.681
2.649
0.894
0.067
1.666
2.934
0.07
10.09
10.792
0.789
0.373
0.371
0.053
0.761
2.963
1.604
1.537
1.165
0.051
4.065
0.205
0.408
0.574
1.54
0.614
0.028
0.049
3.337
1.682
11.603
2.134
2.425
0.099
0.693
0.638
1.312
9.689
0.075
3.252
0.096
0.195
3.541
0.024
0.172
0.278
0.258
1.785
0.134
0.889
1.607
0.235
1.191
0.028
0.393
1.432
4.113
8.117
8.096
0.346
0.245
1.076
0.793
0.048
15.584
0.615
1.886
0.065
0.064
4.029
0.306
0.571
0.083
0.759
0.404
0.121
1.006
8.105
0.85
0.622
0.871
0.024
0.186
0.194
0.122
14.855
0.064
0.28
1.517
0.097
3.216
2.854
6.497
1.354
8.217
6.229
0.738
1.582
10.741
0.076
0.267
0.156
4.751
0.181
0.797
0.643
0.464
1.489
0.146
3.747
0.238
1.134
0.183
0.112
0.363
1.558
0.518
1.519
1.727
0.724
0.253
13.056
1.484
1.409
2.297
11.188
0.685
0.337
19.194
1.132
1.277
1.219
0.34
3.957
0.042
2.467
7.214
0.372
4.695
1.505
1.853
1.614
2.583
6.142
0.163
3.65
0.157
3.536
0.07
2.689
0.568
0.208
1.483
1.81
0.179
2.649
4.454
0.049
0.772
7.323
1.488
0.189
0.096
2.172
0.1
0.09
0.071
0.676
0.143
5.849
0.348
0.197
1.175
3.661
0.116
1.347
1.51
6.75
1.959
0.889
7.073
0.093
0.24
1.959
0.16
0.563
0.172
2.651
6.76
2.757
2.311
0.196
0.094
4.421
0.776
1.662
0.666
3.073
0.094
0.243
0.223
0.119
0.363
0.038
0.05
0.175
19.579
0.074
1.404
0.843
10.601
16.915
1.364
1.077
8.926
0.641
1.629
3.383
8.292
0.045
1.984
1.176
0.184
0.061
0.652
0.158
3.412
6.718
5.133
0.835
0.093
0.04
0.416
3.642
0.071
4.387
0.057
0.024
0.121
3.042
0.606
4.068
0.365
2.436
0.092
0.402
1.795
0.812
1.863
0.148
2.036
5.859
0.11
0.051
1.167
8.397
1.763
2.7
0.824
0.095
4.509
3.838
0.115
0.164
0.086
0.064
8.796
0.073
0.067
4.059
0.433
7.292
2.048
4.46
0.084
0.902
1.352
1.792
0.06
0.81
7.447
0.566
0.606
2.4
0.047
0.084
0.132
3.883
3.648
0.104
0.27
0.111
1.788
0.578
0.097
0.879
1.94
3.374
1.079
0.263
0.244
6.867
0.488
6.614
1.901
0.721
6.631
1.051
0.308
6.541
0.062
3.124
0.189
0.895
0.152
17.203
0.092
0.944
0.168
4.469
4.393
2.269
0.149
0.157
0.494
1.688
2.448
1.182
0.06
0.208
0.687
0.498
0.096
0.098
0.158
8.186
0.08
1.217
0.477
3.664
1.454
2.525
0.066
0.061
0.12
0.499
5.735
0.41
0.946
0.902
0.122
0.984
0.102
0.054
0.043
0.172
9.681
1.804
9.52
1.051
1.552
0.177
0.393
4.856
10.096
0.702
0.945
0.075
0.344
0.232
0.155
0.261
0.026
0.134
5.158
11.566
1.89
0.019
2.953
0.203
1.301
0.137
0.469
0.144
2.804
1.554
0.066
0.858
5.433
0.49
1.674
3.504
0.033
4.092
13.967
0.159
3.309
0.05
0.136
0.063
0.056
11.663
6.693
0.384
0.665
11.051
0.033
0.341
0.692
0.134
0.038
0.181
2.111
3.091
2.882
5.593
0.283
0.067
0.066
0.965
0.444
1.308
2.546
0.563
0.1
6.222
1.155
0.465
11.479
0.803
0.303
2.682
2.602
2.718
0.147
5.003
0.196
4.32
0.085
5.279
0.201
0.105
1.017
0.117
4.266
2.683
0.096
0.291
2.709
0.205
1.835
0.251
10.832
0.07
0.481
3.641
0.124
3.994
4.431
3.157
4.884
10.089
0.084
2.019
1.795
5.351
0.136
0.128
0.114
1.034
1.557
5.013
0.055
11.162
4.681
1.333
4.214
0.047
0.932
0.431
0.324
2.894
0.052
1.317
0.104
2.114
7.537
0.045
2.034
11.418
0.146
1.991
1.304
1.24
8.045
0.294
4.845
0.012
4.84
5.272
1.28
0.876
3.889
3.721
1.408
3.844
0.092
4.685
0.051
2.517
0.939
5.603
2.415
8.949
0.04
1.689
1.152
0.086
7.311
1.858
2.739
7.089
0.574
0.044
5.782
0.08
0.964
1.246
0.888
0.26
0.032
1.081
0.723
0.091
0.276
0.052
0.117
1.068
0.69
1.282
0.022
0.097
6.057
0.135
2.02
0.482
0.132
5.379
0.888
2.719
13.805
9.387
1.111
0.995
1.601
2.135
0.054
6.075
1.141
0.204
0.662
0.266
0.265
0.129
0.143
0.137
0.029
5.014
0.981
6.881
1.366
0.051
1.035
4.27
1.19
0.305
1.042
1.567
0.125
0.053
1.563
0.262
0.041
6.608
2.194
0.149
0.051
0.215
0.107
1.313
1.711
4.427
0.104
3.942
4.984
0.216
5.702
0.185
2.34
1.962
1.438
0.026
0.186
0.073
0.706
0.464
0.156
0.365
1.244
0.074
1.089
0.142
2.744
0.092
1.957
1.805
2.732
0.79
0.053
7.366
0.614
0.312
0.098
3.442
3.5
8.778
3.199
0.034
1.445
0.262
1.115
0.237
0.089
0.011
0.134
0.253
0.356
0.407
0.324
4.522
0.493
1.542
1.154
1.225
0.064
2.569
0.679
0.347
0.234
0.257
4.428
1.946
0.326
0.561
0.119
2.798
3.336
2.766
1.592
7.012
8.737
0.093
2.936
1.741
3.076
1.294
0.06
1.793
0.91
0.273
2.974
5.315
1.963
3.386
2.941
0.054
0.829
0.349
0.685
4.179
2.85
8.139
4.445
0.023
2.885
8.452
0.774
0.392
0.264
0.127
2.756
0.108
3.663
3.488
7.283
5.518
3.249
3.128
9.717
2.921
3.388
0.249
0.241
1.224
0.361
1.984
0.662
0.27
0.368
0.074
1.26
0.148
0.46
0.127
1.611
1.828
0.048
10.63
0.123
10.368
0.159
0.038
0.11
0.165
0.089
1.086
1.858
1.611
0.347
0.039
0.678
0.025
0.122
1.458
5.038
0.092
0.087
0.242
2.035
1.547
3.2
2.302
0.041
0.167
4.148
0.506
0.84
0.146
0.221
0.033
0.517
2.836
1.224
4.718
2.681
5.158
0.035
0.839
7.492
0.025
0.027
1.6
2.004
13.06
2.157
0.181
4.696
4.222
0.027
0.098
0.919
0.194
1.934
0.105
2.377
0.207
6.63
0.545
0.755
0.092
4.412
0.041
1.452
9.041
0.11
0.144
0.17
4.976
3.945
0.923
2.14
0.101
0.102
0.222
2.623
0.206
1.932
4.68
0.129
0.288
0.518
0.108
1.45
0.018
1.61
0.486
0.042
0.288
9.083
2.335
4.319
0.089
0.859
0.041
0.321
0.066
0.048
12.383
0.198
0.217
3.21
1.511
1.262
0.061
2.41
0.995
4.104
2.071
2.755
3.497
2.556
1.069
2.121
0.069
5.693
0.092
0.722
0.763
0.404
2.069
1.207
2.978
0.83
1.715
0.094
6.967
0.179
0.578
4.013
0.066
0.792
0.849
0.723
7.882
5.377
0.12
1.352
5.841
1.623
0.128
0.063
0.732
0.321
0.115
3.255
0.624
0.048
7.172
0.358
1.809
3.775
0.949
2.503
0.03
8.755
0.976
0.446
0.191
1.37
1.102
2.053
2.057
0.231
7.829
0.179
0.047
7.726
1.6
2.958
10.551
1.306
3.995
0.054
0.77
1.904
0.135
8.803
0.171
1.167
0.767
0.137
1.379
0.094
0.471
1.427
13.017
2.755
0.11
1.565
0.22
4.632
0.068
4.262
0.054
2.84
0.029
0.04
0.698
1.215
5.949
4.828
0.848
0.22
0.054
1.525
0.125
2.11
0.424
0.128
0.256
0.37
2.753
2.663
0.561
0.162
1.342
0.064
0.076
1.447
2.659
1.188
0.058
2.78
0.39
0.06
0.046
3.089
0.916
0.701
5.973
3.096
3.184
0.402
0.235
13.357
1.022
1.097
0.501
0.082
1.927
7.568
0.128
7.948
0.07
0.153
0.323
0.042
2.034
0.242
1.265
7.253
0.201
0.404
0.325
0.785
0.481
0.854
4.257
4.022
4.245
0.411
2.429
1.882
5.806
0.826
13.397
0.089
0.043
8.323
2.552
0.023
0.761
3.638
2.047
0.59
0.707
0.121
2.637
4.872
0.18
8.471
0.668
0.048
0.99
5.686
2.905
0.095
0.051
1.44
1.327
5.271
1.492
1.811
2.708
0.267
4.74
0.638
0.436
3.976
7.631
1.443
0.799
0.3
0.252
0.114
0.583
11.722
7.836
4.112
0.133
3.964
1.32
1.059
3.364
3.101
0.099
0.917
0.031
0.213
6.509
0.523
1.064
5.954
0.042
0.172
0.076
0.218
0.033
0.053
1.787
0.044
0.149
2.557
0.995
0.281
0.438
0.061
0.122
0.253
0.729
6.498
0.138
1.114
0.933
0.801
1.074
0.832
17.102
4.513
0.103
1.308
2.404
3.996
0.306
5.702
2.534
2.767
0.036
0.094
3.936
0.09
0.527
0.064
5.1
0.408
0.132
9.716
5.167
2.469
1.747
1.193
0.22
0.98
0.071
0.1
3.929
0.36
0.199
1.812
0.142
0.155
0.484
5.864
0.318
0.05
0.102
1.485
0.624
12.34
0.147
0.877
3.732
0.798
0.828
0.04
0.407
5.858
0.022
0.195
0.126
4.259
5.263
8.954
3.739
0.038
0.075
0.138
0.131
13.859
0.238
0.072
0.938
4.441
0.169
0.108
0.07
0.216
1.564
0.248
1.35
0.225
1.591
6.986
0.225
4.041
5.954
1.8
2.294
0.219
0.16
5.396
0.059
0.329
28.745
0.234
0.081
0.412
0.286
0.105
1.727
0.084
1.642
0.051
3.049
0.33
1.31
2.377
6.221
7.592
0.029
2.821
5.393
3.432
1.485
0.116
1.709
0.122
1.876
0.82
0.639
1.131
0.943
0.413
0.229
0.299
4.956
0.266
1.024
0.081
0.384
0.071
1.93
0.052
10.813
0.132
2.14
2.874
0.791
0.654
0.418
1.498
0.074
2.655
8.602
8.449
0.537
1.803
0.119
0.206
0.061
0.167
0.033
1.3
5.753
9.464
0.142
1.0
1.722
16.167
0.303
0.127
0.141
1.845
2.852
0.207
0.17
0.687
2.848
2.268
11.012
1.461
4.714
0.131
0.066
4.485
0.099
0.152
7.387
6.849
0.624
3.275
4.108
0.105
0.027
0.203
7.951
0.035
0.659
0.115
6.586
3.249
6.468
1.292
0.191
0.037
0.624
1.349
0.249
3.87
2.162
0.651
2.108
0.123
1.539
20.431
0.528
0.399
0.06
1.095
0.866
0.758
0.095
0.516
1.17
10.68
3.485
1.028
1.434
0.08
16.141
5.375
0.961
0.168
0.311
3.006
0.656
11.421
1.663
0.066
14.331
3.168
2.276
0.348
6.503
11.358
0.191
1.035
0.862
1.01
0.033
0.048
0.09
0.14
7.108
0.099
0.204
0.149
0.309
3.738
0.134
0.093
0.85
0.065
0.064
7.641
0.129
0.326
5.238
0.101
3.035
0.043
0.113
4.235
2.97
3.978
8.792
12.2
3.685
0.621
1.65
1.621
3.142
0.535
0.148
0.029
0.775
4.376
0.464
0.692
1.922
0.024
0.06
0.915
0.28
0.635
0.736
0.286
1.729
1.15
2.254
1.813
0.424
0.569
0.16
2.505
6.464
1.042
1.864
0.826
3.275
1.032
0.067
4.559
5.64
0.039
0.106
0.189
19.204
0.069
0.396
0.123
2.129
0.185
0.08
0.129
0.115
0.129
0.026
1.023
7.167
0.079
0.136
2.484
0.084
1.556
0.873
1.681
0.063
5.403
1.167
0.506
1.106
0.093
0.591
1.637
6.969
0.055
2.446
0.045
4.538
0.197
12.978
0.193
0.096
0.121
0.045
0.033
0.087
0.082
0.054
0.898
4.035
0.344
0.094
0.055
2.385
3.875
1.567
0.804
0.093
0.823
2.629
8.384
0.644
0.431
3.381
3.62
0.11
0.085
0.181
2.753
2.165
8.054
5.87
2.96
0.176
2.125
0.228
3.235
0.03
0.8
2.752
1.068
0.537
1.853
0.089
6.075
0.591
0.151
0.18
0.968
2.589
10.638
7.375
0.085
2.578
1.815
0.683
0.48
0.133
1.359
1.343
0.769
3.276
2.498
0.047
2.398
0.185
1.015
2.102
8.715
1.092
1.294
2.515
0.678
0.623
0.064
1.062
2.349
4.592
7.737
2.152
0.59
0.07
0.973
2.307
1.235
1.826
0.044
0.019
5.378
0.134
0.758
0.773
0.425
2.784
0.044
7.042
1.22
0.161
5.082
5.159
0.102
0.137
1.612
1.587
0.118
0.049
8.65
0.13
0.567
0.09
0.139
8.482
1.127
0.511
0.28
0.513
0.096
0.063
0.073
8.388
1.065
2.506
0.02
4.343
3.601
0.337
2.746
1.92
1.93
0.045
0.907
2.876
2.725
3.839
0.409
0.279
0.826
0.107
1.33
4.685
0.784
0.247
0.037
2.056
0.547
3.97
0.983
2.622
8.78
4.298
3.497
0.797
1.664
0.283
0.057
3.489
0.092
0.063
0.47
0.085
1.108
5.584
2.574
0.58
4.366
11.188
1.301
0.903
1.958
1.785
6.034
1.491
0.48
2.625
1.28
0.073
5.524
5.822
0.292
12.396
5.937
0.341
1.858
1.389
0.022
0.094
5.753
1.696
1.244
0.074
3.843
0.08
0.599
0.147
15.537
1.746
0.602
8.67
0.403
0.063
1.5
2.19
0.807
0.054
0.649
8.156
1.586
9.388
6.844
0.959
0.022
0.211
1.373
1.079
0.181
0.142
1.875
0.232
0.259
0.033
0.086
0.629
10.828
3.116
0.36
0.254
0.281
2.06
0.175
0.165
7.465
1.327
0.115
0.296
0.056
2.336
6.143
0.79
7.867
1.787
0.671
1.735
0.547
0.353
0.036
0.439
0.1
4.835
3.609
0.105
0.193
1.778
0.017
0.111
0.706
0.378
11.453
0.118
1.187
3.024
7.435
2.71
2.015
0.064
0.073
0.654
1.4
9.641
0.804
0.105
8.131
5.61
5.961
0.191
0.094
6.162
2.01
0.101
0.099
0.078
0.237
1.653
0.152
7.012
0.935
4.968
0.856
9.991
0.03
4.75
4.305
0.205
7.515
5.523
1.351
0.992
3.648
7.442
8.327
2.387
0.262
1.908
0.114
0.095
0.03
2.533
0.246
0.105
15.899
0.067
10.946
1.252
4.522
0.088
0.032
11.703
5.163
0.11
4.221
0.121
0.589
13.381
0.838
0.605
0.084
0.067
12.852
1.561
3.799
0.162
0.874
5.019
0.698
1.249
2.094
1.584
0.448
0.577
0.153
13.481
0.347
0.164
0.07
0.507
1.86
0.28
0.219
1.884
0.607
0.433
0.075
0.073
2.315
2.254
2.178
1.039
0.054
1.363
0.053
0.03
1.309
0.212
4.622
5.518
1.812
2.837
8.792
0.14
0.245
0.129
8.46
0.036
0.083
1.564
0.225
1.921
1.057
0.09
1.497
0.093
0.928
0.073
10.609
5.597
0.039
0.207
0.066
0.915
0.755
0.033
0.283
0.08
0.812
0.29
3.739
0.123
3.843
0.329
0.091
0.642
0.244
5.733
1.911
0.384
3.09
2.529
0.315
0.363
1.884
1.111
4.516
2.491
1.704
1.936
0.736
0.047
0.153
0.405
0.234
3.081
0.185
0.159
0.224
0.046
0.053
2.023
5.785
0.529
1.012
0.575
0.174
0.063
5.426
2.139
0.078
9.293
1.4
1.602
0.29
3.022
4.699
1.635
3.486
2.246
1.547
0.096
0.139
3.085
0.201
0.866
0.047
1.709
10.75
0.068
6.561
13.27
0.71
0.108
2.413
2.804
2.566
1.37
2.555
3.975
1.282
2.497
0.059
2.041
0.068
0.281
10.384
10.778
0.418
0.137
8.816
0.685
0.157
0.128
0.21
0.131
0.063
0.046
1.349
2.763
0.049
5.889
0.053
0.032
0.256
0.048
2.312
0.048
0.054
6.2
0.908
0.079
0.053
0.1
0.846
1.557
1.856
0.676
0.514
0.947
1.669
2.301
1.836
0.14
0.973
0.358
0.069
1.078
1.449
0.072
0.019
1.607
0.24
0.061
2.38
1.954
0.838
2.122
2.967
3.295
0.397
6.829
0.024
2.401
2.195
0.043
0.048
9.07
8.004
0.08
0.099
1.242
0.033
0.169
1.506
0.073
0.543
4.225
6.268
0.116
0.67
2.171
1.914
5.039
0.089
4.152
0.841
0.032
1.878
0.176
0.315
3.738
0.052
0.132
2.442
3.684
1.642
0.84
1.207
0.281
0.085
0.386
0.596
0.688
0.091
1.18
0.075
0.048
0.138
0.148
0.076
0.848
0.268
0.085
0.022
0.209
1.523
0.424
0.258
2.921
1.922
24.596
0.8
0.11
0.082
0.962
0.113
0.083
0.058
0.295
1.586
0.079
0.085
1.605
3.179
0.525
0.192
0.035
6.847
7.743
2.355
6.594
0.126
6.576
0.664
2.273
0.395
1.175
0.547
0.137
1.294
2.851
0.063
1.818
0.061
7.191
2.16
0.417
6.824
0.049
1.718
3.027
0.139
2.63
0.512
0.077
0.905
0.071
2.327
0.074
0.344
0.082
1.256
0.151
6.864
4.652
6.056
8.212
6.194
0.066
0.216
0.026
0.201
0.027
0.264
0.1
3.594
5.093
0.735
3.646
0.835
10.903
1.255
0.052
3.036
7.711
1.208
0.665
1.623
0.161
1.451
0.137
2.923
0.287
0.044
0.2
0.54
0.137
1.637
4.32
3.531
0.6
0.215
0.029
0.206
0.137
0.221
0.044
3.91
0.066
3.927
1.144
0.135
0.167
2.544
12.647
0.312
0.119
20.194
0.058
0.826
6.031
0.753
1.777
0.069
17.767
1.903
0.093
0.025
0.09
0.023
0.274
3.093
3.97
5.837
0.551
0.634
6.361
0.084
0.484
0.014
1.583
0.53
4.479
2.98
0.444
0.423
0.027
4.274
0.068
5.827
3.793
7.802
2.382
7.276
1.243
0.054
0.43
10.053
10.959
0.189
0.127
3.496
0.097
0.409
3.464
3.56
0.059
8.258
4.317
2.777
0.516
1.35
3.192
0.771
0.081
0.313
1.598
1.142
2.303
0.171
4.13
7.792
1.753
0.094
0.404
2.705
0.924
0.124
0.036
0.051
24.226
0.18
0.108
2.093
0.413
0.089
0.211
1.332
7.782
0.041
5.903
0.025
0.146
4.789
8.074
0.149
2.543
0.082
1.617
0.226
0.556
0.079
0.04
0.091
1.013
0.118
0.426
1.761
0.169
2.796
0.64
2.411
2.395
4.083
0.124
4.129
0.098
0.084
0.68
6.4
0.183
6.055
2.481
4.947
0.076
0.037
1.673
0.501
2.945
2.96
1.649
5.515
6.781
8.3
0.651
0.537
8.456
0.065
5.945
1.22
1.416
0.049
0.035
0.316
1.905
0.06
3.348
5.859
6.293
0.024
1.52
2.335
0.146
1.352
0.678
1.583
0.827
0.606
2.553
5.31
5.841
1.083
1.408
1.426
4.14
0.071
0.784
3.789
0.029
1.615
0.762
0.391
4.179
0.027
2.836
0.091
4.933
8.042
0.249
0.237
3.834
5.132
0.062
4.631
0.782
2.793
1.247
0.114
0.486
1.475
5.648
1.369
0.385
0.29
0.208
0.906
1.376
0.042
0.088
0.057
0.017
0.819
8.222
0.141
0.151
0.996
9.03
6.518
0.975
0.918
0.019
6.297
0.881
2.743
0.055
1.019
0.057
13.537
1.07
0.039
0.084
0.033
2.51
0.067
1.581
0.177
1.07
3.726
4.25
0.141
0.812
2.752
5.772
7.371
0.223
0.618
0.141
0.034
0.013
0.085
1.229
9.508
1.536
0.873
0.094
0.612
1.414
0.094
0.132
0.137
0.444
5.981
0.685
7.301
3.402
0.083
2.521
6.945
0.377
0.123
0.33
22.064
0.117
1.645
0.806
7.359
0.955
0.541
0.024
0.242
2.877
0.305
2.006
4.034
6.291
0.909
0.444
3.827
1.721
0.137
0.16
0.062
3.125
3.001
1.126
0.122
0.062
0.128
13.044
0.814
8.572
4.055
9.0
1.746
1.667
9.538
0.51
1.403
0.896
1.581
1.676
0.106
0.455
2.81
0.858
0.304
0.73
0.036
0.149
0.098
1.707
0.653
1.059
0.116
0.305
1.904
1.277
3.987
4.08
3.63
0.796
0.178
5.369
0.072
0.327
0.57
3.973
0.049
2.665
0.118
0.66
0.19
0.288
1.063
2.193
0.27
3.184
0.172
0.212
2.351
1.411
3.545
6.206
0.761
1.01
1.36
5.518
6.856
0.248
1.76
0.176
2.69
0.118
1.427
0.09
0.373
0.471
0.039
0.143
2.313
1.106
6.747
0.047
3.638
6.795
2.665
0.258
0.027
0.694
0.057
1.822
1.198
0.174
0.148
4.521
3.011
0.666
0.985
6.173
0.073
0.143
1.275
0.096
5.939
1.09
0.804
0.057
0.992
4.291
0.05
3.566
0.806
0.081
1.535
3.465
0.026
0.735
3.756
1.443
3.908
2.053
2.025
0.054
0.075
0.199
0.055
0.346
0.601
2.018
1.023
0.031
14.778
0.164
1.598
0.053
3.765
0.181
0.112
4.668
0.954
0.823
0.079
0.773
0.361
0.097
0.186
0.194
0.081
4.101
0.119
0.109
1.236
4.562
0.152
0.348
0.636
0.242
1.802
0.058
0.944
0.139
0.12
3.62
8.201
0.08
0.443
0.118
0.304
0.051
0.135
0.193
0.15
10.205
1.307
0.528
0.169
0.156
1.367
0.046
0.504
2.881
0.157
0.1
0.104
0.849
0.065
0.121
0.217
1.44
0.046
3.682
0.151
1.154
0.111
1.044
2.182
3.49
3.827
0.645
0.178
0.108
2.326
1.701
2.363
0.462
1.432
1.358
3.071
0.016
0.449
5.096
1.371
0.023
0.105
0.703
0.054
0.039
0.578
0.155
0.12
0.823
0.064
7.093
0.029
0.402
8.003
0.467
0.206
1.279
0.151
5.041
0.188
6.74
0.512
7.879
0.024
0.339
1.964
1.367
0.023
0.282
3.267
12.561
0.035
0.103
1.405
0.136
4.903
0.171
0.069
0.088
0.085
4.497
3.805
0.059
0.184
0.335
0.941
0.56
1.893
0.115
0.62
0.041
5.458
3.802
0.067
0.896
0.172
0.6
0.449
0.111
2.496
0.174
1.062
1.609
0.036
0.058
1.189
0.463
6.168
8.921
0.149
0.459
0.554
8.31
2.156
2.137
5.528
0.483
0.397
0.223
1.485
0.105
7.193
6.027
9.543
3.032
0.292
0.212
5.782
0.163
0.349
0.754
0.116
9.716
0.031
4.344
0.918
0.107
4.375
0.037
1.198
1.157
3.421
1.823
0.727
2.065
0.031
0.046
0.055
3.447
12.553
0.032
5.883
0.527
0.182
0.537
1.494
1.233
0.645
0.134
0.107
0.196
7.995
6.801
0.32
0.69
4.261
0.086
0.118
0.589
1.143
0.342
1.037
0.194
2.643
0.032
1.306
0.082
1.822
1.762
0.608
0.712
0.931
6.288
11.124
0.128
2.709
0.645
6.191
1.149
0.158
0.099
5.503
0.597
0.122
3.081
0.024
0.303
1.544
0.155
0.174
1.293
12.253
0.076
0.083
1.218
0.826
14.985
1.204
1.171
1.396
2.695
0.866
1.85
7.067
0.517
0.375
0.15
0.464
0.777
1.75
0.232
0.029
0.228
1.142
5.819
2.891
0.062
0.026
1.594
1.98
2.575
0.06
1.101
1.914
4.455
0.933
1.943
2.666
0.05
0.088
3.078
6.346
2.091
3.768
3.868
1.561
11.046
2.744
7.039
3.637
0.488
1.523
0.21
2.119
0.084
0.095
0.387
0.29
0.259
4.023
0.688
0.326
12.32
0.123
1.305
0.131
0.69
2.164
2.113
0.299
0.61
0.373
0.36
1.206
0.031
0.797
0.052
3.83
1.484
0.322
0.448
0.146
0.704
0.087
9.066
2.238
2.93
4.0
0.792
1.894
4.45
1.307
0.834
1.962
1.492
4.171
6.712
3.673
1.617
3.296
0.685
0.246
0.115
2.275
4.663
0.038
0.116
10.11
1.375
0.18
2.614
1.118
0.071
0.079
0.235
4.405
4.429
3.346
0.043
0.18
1.104
4.431
1.539
6.869
1.326
6.616
7.408
0.107
0.786
1.35
0.039
0.455
0.331
0.207
0.136
1.115
0.061
0.118
0.11
2.776
0.516
4.571
1.934
1.246
9.544
0.757
0.153
0.025
0.888
0.188
0.266
3.736
0.316
0.142
4.322
7.443
0.243
0.15
11.395
0.128
0.658
0.059
0.925
0.148
5.338
0.743
3.099
0.737
2.305
0.149
0.15
11.382
3.399
2.749
0.888
9.741
5.292
1.148
0.029
2.296
8.447
0.482
2.413
7.284
0.049
0.321
0.104
5.655
2.006
0.459
6.89
1.752
1.944
0.905
0.57
0.237
6.351
6.067
0.74
0.113
0.211
3.229
0.086
2.913
2.15
3.879
0.076
0.505
0.123
0.03
0.267
0.356
7.214
0.915
0.65
0.5
4.715
3.588
0.072
0.578
0.064
0.167
11.776
2.595
3.758
0.08
1.917
0.391
0.229
0.109
0.706
2.256
2.402
0.671
0.061
0.069
9.998
0.069
0.71
2.759
4.617
0.271
0.675
3.398
3.558
0.626
0.126
0.285
2.967
0.175
0.946
0.243
0.669
0.202
0.144
6.17
0.127
0.089
1.076
1.975
1.394
0.144
1.697
0.237
2.087
1.04
4.717
12.954
1.613
0.032
3.263
0.234
0.431
1.485
2.605
0.155
0.567
0.685
2.56
0.408
5.918
0.479
0.145
0.74
0.165
1.059
4.364
0.815
2.393
6.445
8.237
0.091
0.056
0.062
0.277
7.425
0.04
0.491
0.413
0.395
0.022
0.363
0.304
9.875
0.052
2.253
0.171
3.048
0.403
0.734
0.478
0.075
1.459
2.227
5.305
0.155
1.139
0.159
0.089
0.134
2.394
0.123
0.078
0.941
4.85
0.325
0.423
0.236
2.163
0.144
7.745
0.395
0.92
0.525
0.441
0.103
0.093
0.081
0.947
0.093
1.154
1.691
0.019
0.063
0.146
7.267
10.014
1.214
0.047
11.96
0.195
2.758
1.923
0.525
1.528
2.256
10.027
0.323
0.174
0.972
1.866
0.119
0.786
0.76
0.644
0.142
0.031
0.439
0.194
0.546
0.108
5.711
0.531
1.517
1.579
7.416
0.429
1.887
0.181
1.644
1.273
0.275
1.547
1.031
7.394
0.18
1.354
0.383
2.513
5.424
0.45
6.64
4.497
0.036
0.171
2.312
4.977
0.515
3.308
0.039
1.031
2.294
2.602
0.818
0.705
0.034
2.873
10.463
0.832
4.882
20.914
0.805
2.478
6.73
5.221
2.366
0.18
0.032
5.265
1.017
0.316
0.915
0.656
0.114
7.069
5.057
0.069
2.265
1.668
0.159
2.259
2.797
0.078
3.174
0.677
0.109
0.046
0.061
0.87
0.594
0.112
0.023
0.03
0.295
0.03
0.362
0.157
0.568
0.888
0.338
2.053
2.153
0.633
0.703
6.795
9.155
2.272
3.434
0.074
2.97
1.819
0.04
0.068
0.385
0.235
9.879
7.385
4.934
2.053
0.741
0.307
0.079
3.339
0.233
7.928
0.154
0.053
9.973
0.059
0.986
0.104
20.128
1.705
1.896
0.37
2.92
0.069
0.09
0.428
0.134
1.808
1.209
4.304
0.551
0.344
0.647
0.066
2.725
6.246
0.088
4.481
0.07
0.149
3.946
1.094
2.859
1.405
3.633
0.673
6.153
0.719
0.238
0.326
0.08
3.69
0.603
0.082
0.122
0.854
0.161
5.094
3.664
0.129
0.075
0.74
4.772
1.488
1.08
2.993
0.05
0.048
0.113
3.653
0.764
2.855
0.065
0.065
0.996
4.742
1.115
0.233
2.673
1.215
0.036
6.884
1.389
8.409
4.685
0.79
0.15
2.434
5.926
0.064
2.421
0.045
0.123
2.68
4.728
2.416
0.041
0.083
5.502
1.547
0.112
1.26
2.428
8.414
0.107
14.362
0.862
0.04
1.595
0.252
0.142
0.364
1.059
0.147
0.094
5.694
0.863
0.034
7.417
1.563
2.015
0.117
0.651
0.372
0.135
12.703
0.047
0.977
0.798
10.945
5.667
0.062
2.117
11.285
0.749
3.283
0.332
11.068
0.059
0.462
0.086
0.16
0.04
3.264
0.036
0.234
0.092
7.013
2.193
0.125
0.949
0.698
4.948
0.058
3.851
3.795
6.18
0.658
0.16
0.034
0.484
0.104
1.425
0.576
1.397
0.449
0.859
0.038
2.883
4.178
1.617
0.438
0.089
0.72
4.332
0.099
0.054
2.216
0.097
1.619
0.65
7.851
0.054
0.088
1.512
0.701
2.193
0.112
2.447
1.483
0.278
5.641
0.67
1.363
0.087
0.788
0.094
2.474
0.278
0.111
0.238
2.636
0.406
2.499
1.26
0.061
0.513
1.213
0.054
8.785
0.348
2.157
8.431
2.12
0.194
3.827
5.221
0.044
0.05
9.058
2.266
0.851
0.387
0.085
0.103
10.374
0.632
1.453
0.14
6.582
1.206
2.53
0.12
0.908
0.06
0.469
0.749
0.817
0.26
0.289
6.794
0.838
9.213
2.2
0.435
4.508
0.372
0.082
0.751
2.523
5.828
7.287
10.252
0.286
0.073
0.031
0.132
0.211
0.388
2.87
8.502
0.285
0.846
0.141
0.076
1.533
0.161
0.195
3.197
1.995
8.28
1.169
1.226
0.066
2.536
0.104
0.056
0.064
0.157
0.465
6.867
0.355
2.314
0.033
2.409
2.342
0.117
1.03
0.118
1.076
1.366
1.755
5.435
0.118
4.578
2.723
1.95
5.031
0.458
0.358
0.055
0.053
4.793
6.322
0.934
1.865
0.08
0.762
0.054
0.17
0.389
6.873
0.961
0.061
1.413
4.704
0.985
2.991
0.104
8.719
3.209
2.704
10.6
0.137
1.898
10.356
9.607
2.189
0.513
0.111
11.259
6.741
0.195
0.099
3.731
0.033
0.079
1.206
0.278
3.804
0.135
0.916
0.669
1.118
3.872
9.46
0.163
1.422
2.238
0.323
1.302
0.481
5.161
0.279
0.402
0.316
0.079
0.037
7.529
0.793
0.032
1.519
1.848
0.276
0.07
0.455
0.035
7.456
1.441
4.557
0.134
1.989
2.059
0.092
3.448
0.663
0.087
7.053
0.046
1.312
0.565
2.103
8.758
0.099
1.825
0.312
0.039
0.034
0.301
1.63
0.331
2.296
0.975
8.053
0.897
0.11
3.297
1.031
8.786
0.035
0.841
0.323
0.934
10.307
0.175
4.401
0.907
0.954
0.066
0.101
0.145
0.468
0.118
0.935
0.083
0.075
0.072
0.406
0.147
1.469
5.929
0.041
0.535
0.528
7.002
3.689
3.845
8.788
0.242
0.187
4.432
6.726
2.146
1.089
0.095
2.823
0.084
15.428
1.329
2.124
0.042
4.658
0.417
0.08
0.809
0.685
0.596
6.934
1.163
6.312
0.041
5.795
1.31
5.927
3.514
3.02
0.67
0.076
0.07
1.065
0.331
3.776
0.061
0.339
0.072
0.248
7.586
1.952
1.292
0.197
0.097
0.212
4.447
5.81
2.627
3.753
0.836
1.332
0.22
10.324
7.534
0.55
0.176
11.495
7.663
4.026
0.459
0.044
0.93
4.415
3.056
2.825
3.518
6.673
0.162
3.695
0.021
0.627
1.941
7.616
0.095
6.926
0.154
1.434
3.204
3.003
0.061
3.643
0.071
0.314
1.205
5.495
1.852
8.17
0.498
1.271
0.586
3.39
0.204
0.089
0.044
0.097
0.641
0.021
2.315
0.699
0.051
3.535
0.182
4.623
1.823
4.675
0.448
2.423
0.244
0.275
5.86
1.959
9.119
2.189
2.584
1.702
0.238
2.049
1.669
0.466
4.827
0.08
2.523
0.866
1.421
0.914
0.74
0.034
0.815
1.459
0.125
0.057
1.743
0.532
0.149
0.844
0.99
5.952
0.031
1.363
0.063
0.177
3.313
9.34
4.703
1.421
1.041
0.049
0.104
0.06
0.025
0.091
0.279
0.326
1.519
1.361
2.542
0.856
0.474
3.173
5.808
2.76
3.013
0.504
0.201
5.451
0.125
1.996
1.481
0.236
1.029
0.077
0.421
1.858
3.479
0.063
1.056
0.316
0.141
0.036
0.827
0.649
0.531
1.395
0.054
2.568
2.586
2.134
1.675
1.675
0.531
2.711
0.514
0.712
2.593
1.61
1.89
10.94
4.232
0.193
0.132
4.342
4.431
1.413
2.015
1.338
4.366
9.25
2.147
1.505
1.649
0.671
0.105
1.396
2.996
1.009
12.942
0.042
0.152
0.466
0.424
0.115
0.373
8.853
0.099
11.054
12.707
5.255
2.283
0.186
0.258
0.134
0.041
0.469
0.064
0.449
0.141
0.681
0.131
6.456
0.4
0.141
0.073
0.083
4.317
0.063
5.211
0.343
8.549
0.711
0.06
5.523
2.896
5.42
1.926
4.406
0.452
3.227
0.119
0.861
5.247
4.375
0.108
6.122
0.874
1.108
0.111
1.319
7.226
9.998
3.865
0.167
1.385
1.06
0.044
3.077
0.031
0.504
7.634
2.007
0.073
1.14
0.054
4.185
0.884
0.047
13.733
0.084
0.049
7.154
1.406
4.077
0.157
0.116
0.93
1.971
0.669
1.314
0.193
0.133
0.169
2.669
0.042
2.561
3.27
2.648
1.774
0.108
6.152
12.386
2.304
0.144
0.045
0.056
0.04
3.515
0.503
6.082
0.052
0.181
2.454
1.579
0.189
1.105
4.558
2.714
0.121
2.848
7.366
4.294
0.381
0.046
0.05
0.055
1.475
0.107
0.056
3.933
0.824
0.276
1.088
5.452
0.114
0.988
15.692
1.194
1.774
0.849
1.829
1.772
0.123
0.214
1.326
1.048
0.929
18.227
0.16
0.715
0.728
3.323
1.741
5.74
0.038
6.877
0.537
1.069
0.057
0.065
0.336
0.325
5.505
0.271
0.107
1.334
3.132
9.007
0.156
2.398
1.064
3.942
10.414
0.116
0.049
1.113
1.396
0.159
7.602
0.136
4.254
0.557
0.116
0.055
0.536
0.497
0.165
0.165
0.373
1.001
0.076
0.066
0.255
13.962
7.884
0.103
2.212
0.119
0.569
0.185
0.175
0.346
0.342
7.773
0.887
1.795
0.099
0.462
0.755
0.908
0.048
0.035
0.062
2.473
0.132
0.064
4.185
0.03
1.855
1.058
0.874
0.271
0.076
0.159
9.749
1.941
5.587
0.29
0.429
9.699
0.057
0.244
0.181
3.204
0.163
0.239
0.911
5.119
0.103
0.187
2.571
5.499
0.726
0.058
0.075
0.432
1.153
0.871
0.032
8.241
9.66
2.751
1.368
0.06
0.342
1.293
1.159
0.058
0.693
2.521
0.342
4.006
2.52
1.079
4.798
2.196
1.614
2.265
0.05
0.036
2.824
3.376
4.114
0.463
0.177
0.379
0.166
0.712
1.133
0.742
0.237
0.306
2.003
6.937
0.094
0.165
0.059
5.411
0.423
2.839
0.746
2.966
0.898
8.913
4.346
1.421
0.097
0.088
0.106
6.564
0.771
0.132
0.478
0.71
0.832
8.39
2.769
2.097
4.952
1.549
1.752
0.11
0.243
1.272
0.131
9.119
1.525
0.226
0.042
1.174
0.234
0.422
2.881
0.988
2.877
0.044
1.591
0.113
6.656
0.175
0.137
0.056
0.113
0.098
0.102
8.135
0.195
0.082
0.192
3.758
0.07
0.282
9.936
2.974
0.306
3.84
2.139
0.058
0.197
0.226
0.375
6.518
0.099
0.499
0.227
0.043
2.386
2.589
1.235
5.442
0.147
6.693
2.852
0.105
1.842
0.312
0.199
2.267
1.158
0.223
7.614
0.147
0.541
1.536
5.247
1.287
9.139
0.247
0.124
0.143
3.981
2.112
0.086
4.602
2.681
0.613
0.931
0.535
3.321
1.511
1.621
5.674
0.021
1.939
5.345
0.277
0.507
0.054
0.038
1.432
0.071
1.678
6.946
4.097
0.037
0.458
3.696
0.062
0.547
9.071
2.609
5.423
0.102
5.24
10.767
4.795
0.513
1.352
0.108
1.051
0.79
1.946
0.088
1.134
4.856
0.305
1.584
0.093
0.1
0.204
5.602
0.778
2.36
0.301
0.033
0.193
0.058
0.066
4.491
8.776
4.161
0.35
0.128
0.081
0.178
1.778
0.913
13.96
7.576
0.674
8.551
0.079
1.09
0.057
0.443
0.365
0.247
0.056
2.168
0.356
1.095
3.15
1.734
0.161
1.276
2.804
0.642
4.536
2.428
0.174
3.02
3.231
0.437
2.157
11.859
1.797
6.611
0.066
0.855
1.511
17.359
0.09
1.297
0.313
0.385
0.047
0.082
0.444
0.453
2.229
1.182
0.027
0.652
0.493
0.176
13.254
0.094
4.492
1.445
0.075
2.635
1.158
0.384
0.118
1.249
0.323
0.114
1.102
2.098
3.407
5.897
4.506
1.7
0.313
1.64
4.062
4.765
0.578
6.114
0.156
9.087
4.376
7.292
4.814
0.052
0.084
0.626
0.354
1.472
2.006
0.026
1.56
0.165
3.788
2.218
2.163
0.473
0.172
0.247
0.103
7.546
1.588
1.655
0.154
1.417
2.022
0.268
0.047
0.149
0.086
1.05
0.181
6.802
5.066
0.912
0.107
10.881
1.26
0.148
0.054
2.021
6.489
0.554
0.46
1.838
11.396
0.037
0.135
1.643
0.102
4.48
0.55
0.776
0.438
0.567
0.035
1.716
0.146
3.451
0.817
0.077
0.1
6.185
0.016
0.301
3.21
0.084
7.45
0.151
0.061
9.769
0.76
6.714
5.519
0.07
6.325
0.059
0.09
5.95
0.112
9.887
0.246
3.492
0.039
2.291
2.108
1.293
0.123
0.027
1.391
2.715
3.638
6.594
0.091
0.204
8.795
6.574
0.13
0.114
0.392
0.788
0.575
1.837
1.097
0.085
0.742
0.107
0.016
0.078
10.814
2.201
0.354
0.107
0.059
2.107
0.076
3.175
0.166
0.075
10.438
9.166
0.061
1.905
2.177
1.619
1.329
1.291
1.92
0.135
0.513
0.845
0.257
7.012
2.088
1.53
7.825
1.205
0.238
9.457
0.105
2.754
0.069
3.036
5.466
0.062
0.253
10.955
0.176
0.38
2.479
1.939
0.052
2.503
0.498
1.056
2.315
2.14
0.075
0.047
0.486
0.107
0.106
6.584
1.172
9.759
5.096
3.091
1.935
0.07
0.508
0.663
4.523
0.067
0.222
1.921
0.248
1.982
2.177
0.123
0.272
2.339
3.294
2.225
4.021
0.226
0.197
0.062
1.408
2.394
3.439
7.024
0.049
7.034
0.029
0.016
1.98
1.048
1.149
0.07
0.917
0.06
0.04
11.9
1.507
2.11
0.073
0.099
1.881
0.043
0.094
0.753
0.268
6.502
0.444
0.045
0.128
2.332
1.275
0.124
1.296
0.724
1.164
3.206
0.132
8.01
0.325
0.693
0.077
0.024
0.046
0.023
0.185
0.109
2.415
0.73
0.145
1.277
0.061
1.659
1.292
1.81
9.251
0.155
5.336
0.158
0.142
0.206
0.737
0.699
0.1
0.044
4.361
0.199
0.054
1.78
8.908
0.087
0.213
0.046
2.522
0.041
0.562
0.231
0.029
6.02
0.889
2.943
10.337
8.626
1.32
0.169
5.175
0.236
7.511
0.083
6.44
5.747
2.742
0.04
1.859
7.85
1.676
0.29
1.047
0.028
6.804
0.03
2.01
0.112
4.181
11.19
1.117
2.784
0.133
1.483
6.545
1.167
0.22
2.881
9.072
0.061
20.767
0.146
1.937
1.239
0.539
0.143
1.136
1.089
1.695
5.258
0.186
3.945
2.872
3.012
0.358
5.684
8.01
7.334
2.144
0.045
2.971
7.738
5.435
2.33
0.172
1.062
13.278
3.733
0.286
1.251
0.158
3.897
0.207
1.706
0.058
1.604
3.855
0.184
1.204
0.057
0.998
0.995
2.786
0.042
0.175
1.37
0.026
1.068
0.117
0.164
3.44
10.84
0.84
0.336
0.131
0.223
0.037
0.028
1.58
0.228
2.97
3.727
0.132
0.098
0.041
0.141
0.747
3.542
3.274
1.74
0.636
0.382
0.195
0.101
0.608
4.665
0.275
1.481
1.268
1.073
7.054
7.31
0.036
0.108
0.24
0.163
0.223
0.124
4.206
0.513
0.02
0.498
0.232
0.043
0.669
0.102
8.558
0.092
0.578
0.508
0.139
5.924
4.672
0.049
0.017
3.808
7.635
13.383
0.309
0.08
2.049
0.555
4.237
4.892
2.349
0.032
0.238
0.948
0.489
10.794
0.156
0.989
10.288
0.122
0.695
0.057
5.161
2.013
0.843
0.104
0.061
0.144
0.05
0.142
2.953
4.428
6.323
0.154
0.234
3.449
0.044
22.364
5.936
7.667
1.652
1.468
0.401
0.482
0.178
0.056
0.361
0.158
6.845
0.193
0.703
14.008
5.798
0.485
4.884
0.058
0.16
6.849
0.129
0.896
0.024
0.139
0.373
0.983
3.763
1.49
1.673
6.979
0.22
1.167
0.031
0.195
0.051
17.648
1.623
1.449
0.477
1.864
4.019
1.204
2.615
0.497
1.226
0.804
2.878
0.249
1.509
0.372
0.718
0.99
2.844
0.118
0.07
3.008
2.558
2.398
0.115
2.207
6.138
2.906
0.607
5.613
2.931
0.973
0.121
0.299
1.268
1.131
0.329
0.181
1.645
0.423
0.325
0.926
9.722
0.127
0.057
3.73
2.523
0.157
0.027
0.048
2.176
3.811
1.855
0.229
1.525
3.711
0.045
3.735
3.726
0.51
7.525
0.059
6.285
0.125
0.654
2.901
0.219
12.822
0.185
2.525
2.105
3.205
1.486
0.149
0.17
0.603
3.099
5.562
0.227
0.253
0.511
1.897
0.73
0.572
0.063
2.003
1.676
2.53
0.101
1.486
0.319
0.117
0.019
7.86
0.058
1.947
1.04
0.152
4.487
0.05
8.079
0.107
0.087
2.522
0.271
0.173
0.353
0.401
6.563
0.23
0.243
1.148
3.624
2.79
0.217
1.79
0.023
1.123
1.332
4.228
0.101
0.555
0.14
0.126
2.087
3.213
0.444
0.086
7.213
5.788
0.334
0.037
0.246
0.434
0.331
6.898
0.103
0.047
0.15
0.153
0.194
0.135
0.923
0.148
6.68
0.369
0.06
0.103
0.408
0.159
10.107
2.162
5.413
0.468
0.454
5.165
0.651
0.065
1.702
0.222
0.486
2.382
2.231
1.955
0.184
0.923
0.474
1.345
0.562
0.481
9.419
3.403
6.914
0.518
1.764
1.377
0.251
0.452
0.084
0.08
0.046
0.04
0.14
3.299
2.896
0.08
0.051
0.15
0.416
1.206
3.987
6.228
1.444
1.301
5.646
0.354
1.082
0.939
6.476
2.047
0.099
0.102
1.814
1.009
0.633
2.136
2.241
9.178
0.521
0.033
0.737
0.447
0.059
6.435
0.667
14.277
0.047
0.665
0.043
0.69
9.882
1.659
0.069
0.078
0.045
0.654
3.71
0.509
0.742
4.616
1.645
1.684
1.782
3.683
0.037
0.716
1.696
2.499
1.939
0.059
2.09
0.057
0.22
0.082
0.044
4.458
0.095
0.252
5.896
3.257
0.389
0.029
0.049
6.567
1.412
0.377
0.962
2.896
2.711
4.477
0.671
0.22
1.794
1.064
3.017
4.749
0.996
1.231
0.249
0.979
0.236
0.027
1.474
0.125
0.419
4.425
2.057
3.211
0.732
0.033
0.039
0.127
2.821
8.9
0.769
0.026
0.468
2.709
0.039
1.531
3.711
0.289
2.011
0.08
0.231
0.574
0.067
0.584
2.328
3.951
0.448
0.886
3.233
3.256
7.478
2.062
0.237
0.044
8.536
0.112
1.449
2.422
0.99
1.537
6.884
10.715
0.063
0.065
0.573
2.671
4.207
0.782
2.748
6.007
0.227
0.705
0.853
0.452
3.678
0.036
0.123
2.326
0.358
0.115
2.794
0.161
2.693
3.968
0.101
0.309
5.673
0.057
0.051
1.709
7.674
0.281
0.991
3.758
0.667
2.238
0.219
1.016
0.195
0.685
4.509
0.054
1.734
0.433
5.607
4.217
2.64
0.54
0.054
0.299
1.382
0.111
0.214
0.754
0.441
5.604
0.218
0.532
0.217
0.435
3.639
13.255
0.498
0.046
0.104
0.682
0.205
2.112
0.679
0.098
1.786
0.147
2.367
0.86
6.009
0.257
0.658
0.086
0.219
1.31
1.212
1.097
2.587
0.327
2.513
0.232
0.481
0.112
0.06
0.245
2.738
1.257
4.028
1.031
0.747
0.1
0.287
0.171
0.274
9.328
1.434
0.101
1.137
1.551
0.479
2.256
0.115
1.059
0.253
5.544
0.274
0.025
0.127
1.019
9.371
2.335
0.836
6.104
0.28
0.038
3.984
2.554
0.622
0.123
0.308
1.003
1.112
0.359
0.372
1.399
3.686
0.042
0.074
1.923
0.092
4.048
0.113
2.553
0.276
0.277
0.569
3.068
9.364
1.919
6.163
6.626
0.075
1.052
1.708
0.233
0.989
0.128
0.088
0.181
0.021
0.033
0.125
1.704
0.039
0.047
0.125
0.199
4.275
0.068
0.032
1.581
5.795
4.82
0.909
3.801
0.147
0.527
0.349
0.048
1.474
1.971
0.746
2.457
8.116
1.371
0.039
3.47
2.106
0.069
0.06
15.865
0.251
8.65
7.172
12.862
0.065
0.762
9.402
0.02
1.96
3.734
4.461
3.324
5.266
2.367
0.378
1.306
1.604
0.283
3.075
0.089
8.082
5.285
0.26
4.145
0.133
0.596
3.748
0.77
0.115
5.447
0.396
0.455
14.53
0.258
0.526
4.864
0.117
1.958
0.915
7.254
6.395
0.564
0.146
1.031
3.025
0.605
5.508
0.235
2.843
0.236
1.361
0.641
0.156
0.279
0.403
0.301
0.713
3.266
0.099
0.211
0.191
6.71
1.842
0.136
0.167
0.133
4.353
5.072
0.141
0.934
1.363
1.319
3.107
3.219
1.623
1.597
0.313
0.183
1.767
0.232
0.943
0.967
5.551
3.181
3.592
0.85
2.115
0.131
2.211
1.207
3.662
5.192
1.26
0.043
0.074
0.157
0.604
1.244
0.056
1.915
2.524
0.074
0.048
6.339
0.301
0.96
1.039
3.202
0.308
8.665
2.095
1.499
0.19
2.039
8.162
0.703
3.011
0.197
0.077
0.119
1.67
0.035
2.95
3.023
8.781
4.448
0.375
14.108
0.693
4.859
0.635
0.934
0.121
4.367
1.407
0.082
0.087
3.574
3.218
0.187
3.144
0.031
0.085
0.094
4.774
0.08
0.071
3.199
0.185
0.15
0.05
0.217
0.063
2.084
0.226
2.082
0.526
0.112
0.065
0.898
2.874
1.371
4.354
0.321
0.039
1.43
1.474
19.266
1.353
3.238
0.6
6.689
1.979
1.104
0.106
1.149
0.414
0.11
0.664
0.631
0.151
1.261
6.596
7.413
1.118
7.319
3.604
0.118
0.043
7.969
0.934
0.021
0.051
2.536
3.648
1.566
2.624
0.059
0.913
0.595
2.934
3.931
1.86
1.406
2.316
0.551
0.391
2.802
2.274
0.169
8.104
3.033
9.598
0.097
0.033
13.042
0.685
2.402
0.062
0.366
6.095
0.601
4.331
6.483
12.35
2.318
1.098
0.15
0.066
1.046
5.736
0.58
0.066
1.207
3.967
7.553
0.293
0.614
0.421
3.292
1.22
0.197
2.291
0.056
2.846
1.799
0.094
0.09
0.022
0.086
4.088
0.214
1.787
3.586
0.927
0.046
0.101
0.547
2.256
1.401
1.181
0.664
0.058
3.4
7.142
2.253
3.526
0.643
10.432
0.067
1.633
5.482
3.578
0.955
0.052
4.154
2.617
7.07
0.591
2.708
0.26
12.552
0.07
2.242
0.016
0.725
0.341
0.071
0.04
21.647
5.453
2.952
0.085
4.739
2.283
2.061
2.72
5.754
0.365
3.426
0.024
0.054
0.05
6.766
0.484
1.037
0.074
0.139
0.078
0.988
1.163
0.176
1.715
0.913
0.027
3.036
0.17
1.438
0.513
0.136
0.785
1.126
0.168
0.409
3.12
5.471
0.049
3.483
1.298
3.244
0.762
1.345
5.63
2.123
0.46
6.423
5.209
2.309
0.058
0.046
0.18
0.208
0.985
0.033
0.272
2.983
0.267
0.814
2.403
0.739
0.029
0.056
0.143
3.623
8.007
2.013
1.618
0.781
0.055
1.91
0.222
8.126
0.219
6.607
3.97
3.987
0.476
0.073
0.072
0.087
1.786
0.144
3.394
5.131
5.997
0.563
1.54
0.464
9.091
5.384
7.15
1.8
0.45
0.022
0.665
0.367
2.882
6.287
0.037
0.092
0.131
1.355
0.331
1.901
2.825
4.007
0.139
5.403
0.075
2.293
1.208
0.832
0.905
3.485
3.883
0.039
14.171
2.603
4.422
5.342
1.048
0.276
0.186
1.058
1.111
0.064
0.187
4.775
0.191
1.535
0.512
1.757
0.095
0.183
2.693
1.834
2.99
0.041
1.411
0.07
0.083
0.292
0.473
2.895
4.894
2.225
0.786
0.115
0.121
0.742
5.237
1.787
0.165
7.849
1.162
2.741
2.272
0.126
0.04
0.119
0.824
11.697
0.206
2.319
0.029
3.677
2.142
0.032
0.674
1.102
0.635
0.386
0.783
0.101
5.266
0.237
0.336
0.304
13.275
3.027
0.63
0.527
0.27
0.94
0.15
0.538
3.282
6.605
0.514
1.528
0.033
1.003
1.135
0.864
1.852
2.579
0.245
7.642
3.428
0.036
0.077
1.858
3.637
0.218
0.049
0.888
0.305
0.147
0.112
5.248
2.644
5.995
0.599
0.067
3.647
0.073
3.554
4.372
0.786
2.77
3.577
0.054
0.129
2.741
0.491
0.123
0.339
1.229
1.462
4.997
0.125
4.42
2.382
2.316
1.034
0.039
4.593
4.171
0.581
3.353
6.309
6.975
0.925
1.164
0.246
0.988
0.17
0.041
0.053
2.972
0.076
2.331
0.089
1.115
4.619
2.403
0.305
0.144
0.267
0.017
7.277
1.883
8.488
0.215
0.385
2.095
0.865
9.322
4.873
0.088
0.136
0.258
1.764
7.387
3.041
0.222
0.177
0.674
0.122
0.503
2.393
0.227
0.051
0.205
0.126
3.6
2.44
2.448
0.076
1.603
0.077
1.331
0.097
0.042
0.53
0.193
0.336
0.213
0.618
8.612
2.902
2.906
2.517
0.198
0.503
0.173
2.219
1.681
0.851
6.92
0.323
0.596
0.077
0.046
0.575
0.994
0.827
7.626
0.245
0.867
0.711
0.102
0.065
2.593
1.137
1.879
1.959
0.13
0.105
0.884
0.765
0.064
4.175
0.05
2.326
0.131
2.287
0.233
5.786
2.585
0.217
1.303
0.523
6.0
6.386
0.817
5.782
0.095
5.965
0.525
1.861
1.11
1.352
2.017
0.091
1.98
0.07
2.859
0.049
7.851
7.903
2.332
1.931
1.781
0.059
0.044
3.069
2.572
0.607
0.716
4.311
0.239
8.724
10.792
6.287
0.078
9.128
0.475
0.131
9.855
8.061
0.145
5.455
0.092
0.178
7.186
0.192
0.315
3.655
2.91
1.273
3.535
0.122
0.365
0.477
0.076
0.687
2.143
0.112
13.53
1.011
5.007
1.539
1.144
0.248
1.704
0.629
0.064
2.086
6.362
0.024
1.143
1.532
0.039
0.138
0.179
1.638
0.502
0.072
0.261
2.263
0.195
1.189
0.212
0.22
1.193
7.127
0.291
0.055
0.176
1.531
0.9
0.077
0.023
0.301
0.161
5.591
9.218
0.104
8.23
0.284
0.168
2.273
0.073
0.035
1.777
0.425
1.494
2.075
5.349
0.091
0.331
1.876
1.296
0.043
0.047
4.597
3.473
0.86
0.301
0.051
0.775
0.247
0.198
0.953
0.108
0.553
6.374
5.171
3.748
5.134
10.268
0.311
9.027
0.451
0.101
0.478
0.026
7.726
0.316
7.432
0.084
8.602
1.514
0.174
0.169
0.107
1.281
0.087
1.148
0.083
0.046
0.192
1.562
3.116
0.101
1.163
0.74
0.119
0.336
9.575
0.093
0.072
0.938
0.124
3.14
33.301
5.48
7.977
0.095
0.769
0.636
1.988
4.151
0.043
3.176
1.372
0.15
0.914
2.779
1.01
0.085
0.31
0.067
2.55
5.407
0.028
1.718
0.036
7.39
1.471
2.46
0.407
7.092
1.653
0.237
0.024
0.059
0.091
0.105
12.731
1.852
0.093
0.044
6.395
1.219
1.218
1.569
5.238
4.303
0.117
0.071
6.26
0.087
0.181
0.051
0.083
5.968
6.731
3.803
2.582
0.598
0.036
0.105
3.264
13.146
6.834
0.195
0.385
0.926
0.158
4.659
1.42
0.757
0.049
0.199
0.039
0.516
0.473
0.18
0.04
1.62
0.04
0.237
2.544
0.168
0.58
8.899
0.868
0.49
0.756
1.246
0.097
0.138
4.395
0.519
1.248
0.272
0.018
6.613
0.893
0.283
1.218
0.76
8.184
1.004
0.042
0.552
1.163
0.084
1.337
2.151
0.519
0.13
0.026
4.97
3.958
1.849
0.728
0.98
6.981
1.89
8.663
0.103
1.817
2.409
0.062
0.107
1.572
1.968
1.902
8.566
7.283
1.079
0.589
0.103
3.984
0.037
17.009
5.338
2.888
0.528
0.155
0.078
0.288
1.86
0.134
0.206
3.131
0.418
3.363
2.898
0.444
0.03
0.903
0.155
0.802
0.264
1.49
0.085
5.096
0.158
3.638
3.207
0.067
0.11
5.422
2.552
0.121
0.149
0.409
3.534
2.362
0.876
0.057
5.288
0.92
0.123
3.059
4.947
1.924
2.088
1.441
0.662
0.437
1.132
0.292
0.594
0.062
0.097
1.396
0.339
3.485
0.041
1.633
0.648
0.135
1.56
0.098
0.129
0.167
0.185
0.374
2.054
3.927
0.594
0.666
0.049
0.918
1.255
0.034
0.018
0.105
0.288
2.378
1.289
0.263
9.393
2.081
2.122
5.88
3.557
0.871
2.588
0.832
0.706
0.307
0.291
3.131
3.618
0.163
0.247
0.38
0.943
1.196
2.561
0.434
0.502
0.064
0.02
0.179
0.026
1.157
7.06
1.046
1.08
0.133
0.534
0.33
0.287
0.072
0.702
3.088
0.424
0.156
3.611
0.142
0.117
7.112
3.852
0.11
0.137
0.568
9.464
2.852
4.169
3.964
0.048
0.342
0.098
0.137
0.629
1.374
1.774
0.617
0.079
0.139
0.74
1.329
0.103
4.253
1.786
1.815
0.729
0.204
0.035
0.033
0.091
0.516
0.032
1.256
1.792
14.433
0.036
0.208
0.663
9.134
1.239
0.056
2.605
0.509
1.857
2.473
0.24
1.309
3.685
0.107
9.422
2.236
0.246
0.753
1.889
0.366
0.842
3.237
6.163
0.112
0.518
2.308
4.516
0.808
0.113
0.244
0.276
2.462
2.288
0.754
0.12
0.043
0.322
0.901
0.137
0.571
3.454
1.521
0.061
1.671
0.221
0.11
1.605
4.949
0.075
0.172
0.097
0.61
0.048
0.106
4.396
1.359
0.563
5.413
0.682
0.129
3.017
0.771
2.68
0.144
6.73
0.195
0.052
0.864
0.048
1.129
0.104
6.541
0.066
1.687
0.115
0.083
0.062
0.106
0.566
0.155
1.246
0.182
4.019
0.057
0.102
4.876
0.126
2.373
0.191
0.053
0.067
3.551
7.083
3.327
0.924
3.06
2.961
0.466
0.208
0.101
0.651
0.454
0.634
0.683
3.332
1.866
0.321
0.273
0.128
18.101
10.705
1.205
2.709
0.081
0.144
5.37
6.279
0.354
3.338
0.57
0.093
0.044
1.978
2.581
0.032
0.777
0.228
0.063
0.176
0.035
0.081
0.077
0.389
0.079
0.069
0.353
1.176
14.615
0.139
0.203
1.129
0.574
10.006
0.351
0.246
1.67
0.484
0.033
0.759
5.465
1.485
10.336
0.206
0.065
0.959
1.492
0.066
0.867
5.048
0.44
0.564
1.495
0.266
2.326
9.132
7.914
5.976
0.035
1.531
0.033
1.018
0.144
4.87
1.114
2.097
1.211
1.168
15.888
8.052
0.408
2.096
0.255
1.058
0.067
13.979
5.586
0.164
0.07
0.1
10.903
0.292
1.356
0.133
0.289
3.937
0.037
1.656
0.435
2.043
0.908
3.343
0.211
0.18
0.352
0.092
0.181
0.017
2.107
0.072
0.056
3.209
0.028
0.037
2.843
0.056
0.086
1.44
0.128
6.661
0.654
3.736
0.019
1.24
0.157
0.256
0.051
0.123
0.149
0.096
3.32
0.542
0.189
1.901
1.272
0.212
0.85
8.676
7.087
4.29
6.631
6.823
3.299
1.298
0.036
0.469
0.041
0.076
0.233
8.558
1.158
0.067
0.265
4.33
11.029
0.609
1.137
0.054
0.088
19.223
7.02
0.394
0.131
1.503
1.033
0.041
7.932
5.939
0.167
1.498
2.307
0.184
0.175
2.908
0.058
0.283
0.04
9.181
2.645
0.075
0.071
2.854
0.129
0.206
6.58
0.348
0.114
7.078
0.567
6.603
0.035
0.329
0.036
1.298
0.159
0.115
0.313
4.715
2.05
3.909
1.279
0.014
1.559
9.95
3.081
0.038
1.766
0.038
3.21
0.072
0.785
0.079
0.926
9.06
0.931
0.046
0.063
1.664
0.058
0.097
0.275
0.081
1.492
1.257
0.48
0.014
7.136
0.133
0.301
0.167
12.969
0.133
1.484
0.83
0.533
0.04
4.32
12.712
4.326
1.293
1.394
2.477
1.622
5.655
5.271
3.073
8.624
0.749
0.136
0.158
1.043
0.709
0.095
2.172
0.95
1.617
1.436
5.523
0.03
7.111
1.889
0.203
3.084
0.586
2.78
5.397
0.046
0.271
4.318
6.965
0.087
0.135
1.12
1.411
3.341
5.09
2.146
0.912
0.075
2.772
1.098
0.249
0.55
1.723
0.115
0.234
1.827
0.218
0.018
0.225
0.135
0.462
2.708
0.348
0.073
1.053
0.091
0.143
2.735
0.632
0.222
0.074
0.114
0.17
6.009
0.693
0.027
0.067
6.435
4.547
0.799
2.057
2.364
4.879
2.902
2.399
5.333
0.131
0.801
6.973
7.683
0.062
0.079
0.231
0.481
6.052
1.197
0.214
0.742
12.221
0.075
0.242
0.982
0.121
5.731
1.34
1.256
2.364
0.04
2.477
0.034
8.441
5.908
0.142
1.178
0.339
10.717
5.562
0.688
0.217
2.011
2.851
2.551
0.104
2.63
0.214
0.461
0.074
2.077
4.137
1.012
0.03
20.371
0.602
0.262
0.112
0.493
10.969
14.345
0.083
3.344
0.09
0.03
1.463
3.958
1.923
4.444
1.716
2.969
0.098
0.285
3.295
3.554
0.178
3.45
2.459
0.63
0.089
1.912
0.423
0.15
1.062
0.236
10.711
2.911
0.07
1.997
0.097
7.259
0.298
1.593
0.299
2.917
0.785
0.407
0.134
1.461
0.227
0.351
6.958
0.466
0.097
1.892
2.867
3.142
0.129
1.886
17.477
5.766
13.599
0.047
0.854
0.042
2.011
0.996
2.085
2.854
3.133
0.428
6.848
3.398
0.698
0.053
3.109
1.265
0.106
0.839
0.101
3.159
4.555
0.098
0.04
0.234
2.537
7.924
4.299
0.143
1.405
0.92
0.185
0.062
0.565
0.869
0.304
2.448
0.363
0.182
6.041
4.883
0.488
0.995
0.383
0.894
0.08
4.179
0.093
4.382
1.434
1.621
2.396
1.592
0.123
0.298
0.091
0.713
0.217
2.665
0.759
2.66
0.035
0.057
3.4
2.6
0.257
13.86
0.154
0.543
0.079
0.108
0.261
8.131
2.959
0.044
0.249
3.781
0.014
0.065
0.019
1.386
2.029
0.178
5.831
0.21
3.591
0.129
0.648
0.259
1.643
1.002
0.208
0.11
0.076
0.101
3.199
0.749
0.686
4.238
2.646
0.583
3.322
0.187
8.855
3.345
0.238
1.367
0.32
0.447
0.064
2.267
5.997
0.046
1.02
0.277
7.2
0.19
0.218
5.841
0.328
0.459
0.034
0.05
3.066
0.109
2.956
3.746
1.956
0.058
0.088
2.917
0.11
1.224
1.207
0.038
2.016
5.205
0.076
12.938
3.818
0.073
7.843
0.136
6.274
1.135
3.139
2.762
0.262
0.379
1.429
0.134
1.461
0.049
0.15
0.095
3.704
1.162
0.417
2.853
2.673
0.045
2.044
0.079
2.994
3.671
0.887
0.142
0.782
0.182
0.053
0.178
0.081
5.745
3.06
6.063
0.106
0.16
1.138
0.958
0.195
1.442
0.535
0.077
0.208
1.41
12.743
0.255
1.662
0.093
1.692
5.556
0.093
0.653
0.079
0.182
7.328
0.065
1.077
0.119
4.95
0.237
0.395
1.979
3.313
12.473
0.065
0.028
0.214
0.713
0.314
0.185
1.893
2.714
1.997
0.022
0.038
0.681
0.248
2.52
0.03
0.301
0.353
0.338
0.547
6.313
1.771
0.098
0.097
0.058
0.311
6.398
2.391
1.306
2.455
8.591
1.002
0.662
2.224
2.442
1.044
2.83
1.171
0.102
0.149
0.105
0.226
0.038
0.272
0.03
2.347
0.281
1.844
3.513
0.134
0.245
8.485
0.062
0.122
0.469
1.401
16.365
8.564
0.085
0.855
6.035
6.317
2.957
2.025
13.883
1.599
4.522
5.189
0.606
3.713
0.617
1.434
6.375
0.165
0.046
0.124
3.508
0.044
0.028
3.859
0.053
2.239
8.355
3.047
4.44
0.056
0.771
3.914
0.655
0.148
0.865
0.395
0.394
1.08
0.36
0.084
0.04
1.922
8.139
5.554
2.837
11.248
0.064
0.258
4.201
3.139
0.999
0.26
5.997
3.768
2.095
3.915
0.02
0.856
8.193
0.097
2.977
0.09
0.68
1.202
0.152
0.027
0.084
0.072
3.363
1.715
0.042
0.133
2.354
7.212
6.035
13.577
5.077
0.253
1.003
2.726
0.651
3.218
0.818
1.96
3.009
4.945
0.325
0.107
0.556
2.208
7.399
0.075
0.142
0.808
1.382
1.575
0.501
0.072
2.999
0.037
1.031
1.259
0.177
0.066
1.448
0.216
0.176
0.228
0.845
3.583
0.036
0.129
8.148
0.282
0.097
0.14
0.058
4.52
1.198
3.345
0.263
1.008
0.456
0.075
0.046
1.327
0.117
0.939
0.239
3.012
0.092
0.159
0.957
4.29
5.665
0.572
1.411
0.051
0.127
2.681
2.864
0.547
0.884
3.833
0.321
0.056
6.048
0.141
0.206
0.057
0.899
0.694
0.099
2.347
9.258
0.837
0.108
0.085
2.35
6.172
0.13
4.296
0.163
0.059
17.758
3.128
0.784
1.598
0.389
0.05
0.023
2.962
0.242
0.071
0.045
1.496
0.81
0.1
0.934
0.756
0.399
3.424
3.671
0.015
1.958
0.396
0.446
0.419
0.867
3.387
1.106
0.587
0.104
0.222
0.689
7.175
4.362
6.918
3.664
0.907
6.151
0.946
2.252
0.084
14.608
5.133
0.615
2.433
0.164
12.608
0.517
0.058
3.34
0.604
2.281
0.238
0.176
0.149
0.796
1.213
7.725
1.778
2.876
1.706
0.653
0.03
3.001
0.502
0.521
2.645
2.176
0.056
0.462
0.103
0.057
0.074
2.767
0.15
1.206
1.047
0.609
1.25
0.487
0.152
0.046
0.042
1.92
1.511
0.098
0.054
1.4
0.347
0.052
0.389
0.071
3.35
4.485
2.529
0.096
0.44
0.07
0.259
0.7
0.032
0.242
2.547
0.163
0.11
1.616
0.256
0.046
0.681
7.382
2.429
5.33
0.241
0.026
4.723
0.435
4.915
2.854
0.061
0.209
1.018
0.039
0.228
17.764
0.044
1.122
8.021
0.366
0.502
5.891
1.442
0.177
1.231
1.142
0.326
0.041
0.056
1.026
6.431
0.637
0.252
8.523
0.735
0.062
0.255
6.434
0.045
3.285
4.425
1.139
10.054
0.218
0.146
1.618
0.069
0.663
0.046
0.13
0.102
0.238
0.081
0.262
0.857
0.125
6.343
0.243
1.944
1.267
3.112
8.097
0.065
1.428
0.204
0.929
4.205
8.884
0.042
1.28
0.207
0.21
0.216
0.595
0.714
0.863
0.583
0.395
0.369
0.842
6.248
0.676
0.079
9.083
2.757
0.678
1.601
0.17
0.08
2.602
0.091
2.728
0.069
1.698
3.73
1.064
0.082
0.409
0.625
0.769
1.5
2.4
0.052
0.848
0.966
0.175
0.047
1.128
1.424
7.95
0.932
0.153
9.026
2.544
0.898
0.13
0.843
3.125
4.949
0.091
5.366
7.927
0.139
6.309
1.273
0.208
5.845
0.063
0.736
0.053
1.659
0.771
0.59
2.425
5.417
1.491
0.147
1.518
0.062
0.072
0.111
0.292
2.243
4.174
6.339
4.904
3.022
0.222
0.031
0.955
0.096
0.107
4.962
0.345
2.553
3.242
0.712
1.267
3.065
0.234
0.043
0.71
4.711
0.094
2.875
10.234
0.355
2.007
0.627
0.158
0.053
0.075
0.461
13.071
3.241
8.492
0.04
0.103
0.077
0.121
0.332
0.049
0.116
1.045
3.289
3.285
0.967
1.211
4.53
0.998
9.445
0.175
0.131
1.142
0.5
0.666
0.162
0.825
6.219
3.851
1.897
0.159
12.563
0.047
0.056
0.89
15.616
0.114
1.674
5.324
0.076
11.305
1.878
5.156
1.018
2.933
1.35
0.139
1.133
0.438
0.722
0.035
0.066
2.65
10.064
2.096
1.126
10.214
3.078
10.298
6.149
9.245
0.083
0.797
0.975
5.599
4.524
1.502
0.229
0.346
0.102
2.085
0.051
0.279
0.712
3.71
9.995
3.377
6.662
0.345
4.174
5.309
0.093
0.258
1.097
0.322
3.291
3.94
10.683
3.191
4.635
0.204
0.077
0.338
3.747
0.746
0.049
2.291
6.284
1.688
1.349
0.034
0.945
1.255
0.168
2.246
0.524
10.339
0.729
4.308
2.464
4.926
9.57
3.144
0.45
2.774
0.051
0.135
1.944
0.16
0.136
0.116
5.765
0.148
0.353
0.747
7.198
0.592
0.079
0.346
1.122
0.611
11.837
1.715
1.184
1.933
0.108
0.078
7.123
0.791
6.784
4.202
1.669
2.194
2.899
0.049
0.179
0.072
0.079
0.285
0.138
0.169
7.841
0.024
1.417
4.176
0.223
0.05
1.019
3.903
3.275
2.876
3.603
3.947
9.577
0.746
0.566
0.126
0.621
1.842
2.607
0.989
0.022
0.12
4.798
0.175
1.521
0.152
0.185
8.039
1.931
3.704
3.142
0.701
1.281
0.095
0.143
1.804
0.783
0.223
0.083
0.618
0.071
2.462
5.733
0.098
0.921
0.401
3.232
0.158
0.076
0.682
1.562
0.073
4.759
0.572
9.843
1.004
0.089
0.084
7.174
2.086
2.891
3.026
1.576
0.103
5.474
0.079
16.359
5.896
0.098
3.204
3.443
2.475
0.108
0.071
5.359
0.469
0.174
0.293
0.038
0.369
0.328
2.488
5.912
0.909
2.718
5.79
0.051
0.041
4.21
2.937
1.071
13.78
1.712
0.138
1.077
0.469
0.101
12.904
6.457
0.053
0.08
0.101
0.396
5.772
1.014
0.052
0.618
1.354
0.069
0.196
3.187
3.203
0.141
28.819
0.279
3.101
0.333
0.038
1.143
0.348
1.248
1.499
0.037
0.954
0.534
4.694
0.135
0.683
0.435
0.142
3.482
2.661
1.41
3.034
3.254
4.675
0.037
0.071
0.835
1.012
0.028
2.762
1.844
3.308
0.809
2.72
0.155
0.074
0.262
0.169
0.054
0.035
0.87
0.259
0.093
1.351
8.522
3.722
0.746
0.589
11.508
0.116
2.068
0.075
0.503
9.17
3.993
2.719
0.057
0.036
0.23
7.244
4.337
4.924
1.251
2.972
0.096
0.107
0.381
0.31
7.08
0.991
0.321
1.067
9.62
2.881
1.002
4.165
1.853
1.816
0.987
7.77
0.937
5.072
0.999
0.095
2.37
0.078
0.427
1.212
1.069
0.435
12.941
0.064
0.334
10.23
7.09
0.331
0.108
1.561
0.035
0.362
0.816
0.429
0.076
2.313
0.1
0.149
0.045
3.387
0.054
0.354
0.603
0.867
0.038
0.389
2.185
6.383
2.303
1.574
0.058
9.402
1.69
0.091
0.156
0.089
0.62
0.068
0.326
0.083
0.161
3.995
0.067
1.572
2.556
0.073
2.059
2.956
1.078
0.239
2.801
0.673
0.073
1.629
10.598
0.678
1.482
0.037
0.282
0.585
2.592
0.635
13.955
2.094
0.136
0.148
0.115
0.296
7.113
0.749
0.812
3.651
1.912
0.916
1.486
3.815
0.208
0.642
20.488
3.336
0.3
0.072
0.314
4.141
0.894
1.955
2.48
1.878
3.546
0.04
2.327
0.052
1.293
0.11
0.547
2.245
0.372
8.927
4.358
0.237
1.0
0.735
0.037
0.444
0.199
0.625
1.437
0.107
4.632
0.029
0.094
0.219
13.023
0.019
2.114
0.2
3.865
0.343
0.225
11.074
0.1
5.427
0.091
0.142
10.051
10.484
1.532
1.635
0.651
0.049
0.166
0.062
0.363
4.276
0.066
0.375
0.031
4.787
0.09
0.226
0.09
0.456
16.537
0.093
0.188
0.325
2.836
0.223
0.123
2.246
4.344
3.412
0.764
1.674
2.719
7.022
0.128
0.199
0.142
0.579
4.889
11.293
3.903
5.147
10.147
3.28
0.757
7.86
0.55
17.6
0.038
9.898
2.598
0.103
1.21
1.785
3.066
0.036
3.557
0.038
0.073
2.182
1.105
3.208
0.162
6.128
3.409
0.084
0.229
6.172
0.2
0.353
3.39
4.591
4.357
2.189
0.529
0.055
3.197
3.006
9.998
0.981
0.895
3.262
1.478
0.022
0.016
1.118
0.146
0.166
0.991
0.494
1.739
2.639
0.036
0.441
0.152
1.194
0.04
9.399
0.169
0.049
3.451
0.089
0.132
0.14
7.524
0.646
3.793
0.229
0.968
0.153
0.161
0.117
4.476
2.938
0.051
0.308
0.483
0.106
0.256
1.975
0.124
0.717
1.181
0.16
0.1
1.414
0.426
2.414
0.071
1.852
0.047
0.061
0.973
0.889
2.667
3.407
1.441
4.568
0.079
9.786
0.182
0.839
0.425
4.012
3.184
2.789
3.294
5.177
0.138
5.065
1.769
3.882
9.613
2.114
0.048
0.143
0.897
0.15
8.966
5.13
0.096
3.978
1.289
8.684
0.159
1.402
1.941
0.226
6.33
1.147
6.965
1.896
0.25
0.743
0.043
0.496
2.447
0.039
0.207
0.038
1.633
0.09
1.242
0.506
1.13
0.444
2.285
2.008
0.911
3.369
0.075
0.471
1.287
0.175
2.387
11.134
3.01
0.029
0.792
0.223
0.322
1.246
0.08
0.219
0.267
0.904
0.746
0.039
0.086
7.328
2.687
0.868
1.824
2.153
0.048
2.186
1.906
0.409
8.167
1.709
1.075
0.762
0.467
0.441
0.159
11.828
3.444
0.127
9.951
0.386
0.029
0.054
0.033
3.047
10.807
1.455
0.224
0.706
0.021
1.688
1.26
0.241
8.018
0.764
0.214
0.226
0.166
0.31
0.199
0.144
2.973
0.302
0.674
0.503
0.115
0.229
0.524
0.025
0.057
5.196
4.771
1.947
0.089
0.362
3.431
0.268
2.08
0.052
0.063
0.106
0.02
1.096
1.042
4.167
0.06
8.985
0.35
9.749
7.906
0.266
0.243
5.095
0.48
0.709
0.13
1.358
5.84
0.62
0.511
1.905
0.418
0.376
5.564
4.314
1.039
1.364
1.955
0.356
0.056
0.269
0.063
0.141
5.856
6.214
0.957
0.795
4.411
5.85
13.565
0.222
0.234
1.245
7.713
3.105
0.384
0.076
4.342
0.452
0.231
0.217
0.037
0.064
0.14
16.286
0.645
2.466
0.132
1.592
7.859
0.187
0.398
0.334
0.325
3.128
4.319
8.994
1.842
1.056
0.207
0.06
7.611
4.127
0.797
0.688
2.793
0.017
0.9
1.069
7.81
3.163
0.481
0.09
0.354
0.171
0.183
2.492
0.133
4.793
5.319
0.119
0.682
0.404
7.852
0.097
4.707
0.226
1.733
0.146
0.344
4.551
2.584
0.095
1.71
0.533
0.153
1.383
1.857
0.175
9.967
1.496
3.062
8.625
3.379
0.677
0.53
10.964
1.681
3.159
0.198
0.103
0.047
0.186
0.18
0.539
3.825
1.133
3.314
0.152
1.873
0.479
0.058
0.126
6.059
0.049
0.071
9.456
4.503
0.039
2.591
2.663
0.083
1.323
0.979
7.751
8.349
0.088
0.075
0.232
0.129
8.943
0.048
1.229
0.201
0.036
0.104
0.158
2.411
0.126
3.716
0.211
0.14
0.025
5.273
0.634
0.071
5.205
0.067
0.243
2.304
0.137
6.945
0.154
2.29
0.897
0.018
4.841
0.083
1.078
0.076
0.136
0.204
0.059
6.427
2.229
5.579
2.141
0.249
9.678
0.266
0.109
12.366
4.05
6.272
1.893
3.867
0.1
0.127
0.097
0.139
2.101
0.144
1.15
0.212
0.142
0.75
2.18
0.117
1.667
6.832
3.411
0.058
8.102
0.068
0.516
0.964
6.414
1.376
3.813
2.808
3.021
1.069
1.625
0.264
4.221
2.564
6.143
0.12
0.187
0.024
5.444
0.08
2.021
0.06
0.051
3.761
1.101
0.278
0.111
0.129
7.267
0.587
1.141
1.729
3.604
1.652
13.68
0.015
10.58
0.704
7.196
1.248
0.944
0.143
0.136
0.722
6.008
0.469
0.421
0.125
1.746
0.457
0.043
0.116
0.811
0.095
5.883
6.751
3.256
1.316
5.333
4.375
0.818
1.25
0.396
1.476
0.176
7.194
9.995
2.428
3.185
1.208
0.059
0.304
0.153
1.54
3.003
0.095
1.189
0.088
0.711
6.794
0.108
0.427
3.27
0.416
1.237
0.695
0.296
1.32
1.297
0.206
0.527
16.148
0.713
0.577
0.089
0.138
1.053
1.753
1.168
0.877
0.522
0.169
0.068
6.022
0.104
0.665
0.425
0.958
10.185
0.217
0.255
3.119
0.997
0.108
6.607
0.042
7.974
0.503
0.052
1.056
4.639
0.288
7.065
0.14
0.24
0.089
0.761
0.036
1.696
0.05
0.967
0.181
1.359
0.038
1.946
0.787
0.078
0.148
1.057
2.796
0.125
0.071
0.622
1.42
3.197
0.098
0.052
0.226
14.482
1.036
2.215
0.098
0.565
1.812
0.051
3.498
8.712
1.557
4.432
0.361
3.258
0.391
1.47
0.027
3.217
0.765
0.102
2.709
1.093
0.959
5.689
3.955
0.078
0.782
2.306
0.082
0.032
7.816
3.188
2.237
0.091
2.546
0.845
0.433
0.134
3.809
0.333
1.291
5.074
0.295
1.63
0.192
0.273
3.761
0.19
2.38
0.454
0.752
0.036
1.064
0.283
1.614
1.866
2.058
0.144
0.229
3.9
4.868
9.638
0.113
1.57
1.934
6.493
3.039
6.174
0.05
0.849
0.134
0.582
0.424
0.131
2.672
4.344
0.04
0.094
0.167
0.761
6.234
2.02
0.04
0.043
0.027
5.07
0.083
0.366
0.297
1.872
2.539
5.092
0.287
0.068
6.427
0.285
0.072
1.297
0.35
2.542
10.773
0.288
0.724
1.228
2.679
1.804
4.021
0.124
3.12
0.119
0.025
2.097
14.11
0.222
3.495
2.449
1.641
0.09
3.279
0.316
16.956
0.264
0.248
2.44
0.081
3.335
0.062
1.583
6.789
0.078
5.851
1.929
3.329
1.531
0.418
2.612
0.888
0.041
4.534
0.391
5.558
0.047
0.05
1.285
0.272
0.05
1.798
1.305
0.079
1.297
0.086
0.116
0.126
0.122
2.073
1.84
0.325
0.079
2.81
5.038
3.767
0.158
6.148
0.261
0.653
1.155
0.235
8.589
0.073
0.044
3.184
0.202
0.122
7.909
4.882
0.244
1.322
3.657
0.282
1.838
1.763
3.9
2.983
0.105
1.016
0.449
0.233
0.655
0.719
2.97
3.318
3.502
0.068
7.964
0.146
0.034
1.23
2.148
0.203
6.365
0.099
4.232
2.832
0.805
0.662
0.044
0.033
8.099
3.98
4.863
3.123
4.003
0.156
0.05
0.884
1.403
0.865
3.613
0.04
2.857
2.529
0.045
0.799
0.145
1.894
8.117
10.345
0.447
3.751
0.047
2.5
1.224
0.532
0.611
2.567
5.18
0.344
0.329
1.972
3.5
0.658
6.615
3.993
0.079
3.323
3.031
0.928
0.565
3.837
0.09
1.388
0.113
0.722
3.616
0.066
0.504
2.702
1.668
0.075
0.448
2.144
0.196
1.46
4.382
1.049
1.008
1.576
0.117
0.051
3.889
3.465
1.043
0.016
0.218
0.029
0.242
0.768
0.263
0.247
4.77
1.115
3.148
0.088
0.776
1.488
8.316
0.233
1.006
4.044
7.387
0.484
0.155
4.723
0.213
0.081
0.228
0.058
0.606
0.545
1.87
0.053
5.134
0.552
0.098
7.239
4.617
11.926
3.745
0.45
9.286
0.732
0.996
0.224
1.066
1.324
0.6
2.804
3.004
0.396
0.117
1.061
2.221
0.119
1.147
0.1
6.048
0.579
1.103
1.344
1.222
0.099
0.436
0.454
1.328
3.612
3.083
5.67
0.184
4.39
0.867
2.829
1.17
8.155
0.088
0.754
0.075
9.934
2.088
0.134
0.703
1.297
0.124
0.104
0.482
6.611
0.188
3.896
0.747
0.071
1.147
0.095
2.074
2.018
4.979
0.549
5.639
0.067
0.874
0.131
4.812
10.19
2.699
3.304
0.502
0.073
6.233
0.382
3.938
0.337
0.132
0.059
4.546
0.934
0.049
0.175
5.136
0.131
0.47
0.057
8.581
0.149
0.058
0.39
0.796
1.346
3.163
0.093
0.933
0.031
0.771
10.763
1.845
1.646
0.056
2.874
0.237
1.492
7.929
0.029
0.645
0.211
0.045
0.497
8.832
0.764
1.027
1.66
0.172
4.261
0.061
0.12
1.509
0.102
0.072
0.308
2.398
12.138
0.095
0.57
12.886
10.907
4.256
0.298
3.055
1.331
3.61
0.161
1.967
2.521
0.147
4.141
0.01
1.162
1.47
4.829
0.115
0.072
0.078
0.208
0.057
4.473
1.139
0.572
0.582
11.48
0.107
2.922
0.06
3.934
0.048
0.268
3.084
2.077
4.239
2.104
2.119
5.177
0.685
0.182
0.114
0.215
0.51
10.931
2.023
1.048
1.193
0.021
1.479
4.088
3.234
12.304
0.315
9.32
0.322
0.114
1.188
0.317
0.147
0.109
0.041
1.342
0.129
4.744
1.694
2.003
0.446
0.309
0.162
0.094
11.219
4.791
1.868
2.372
0.706
6.644
8.611
0.353
1.0
6.217
16.058
0.071
5.481
0.092
2.711
0.034
0.505
4.655
1.461
0.269
0.062
0.034
5.936
5.263
11.679
0.203
0.098
0.184
13.401
0.047
4.494
15.716
0.035
1.834
0.517
7.321
0.143
0.12
0.069
3.047
0.621
7.3
2.798
0.073
2.229
0.245
0.723
1.985
1.715
17.199
4.353
2.322
1.035
1.008
0.16
1.532
6.949
4.647
0.079
5.233
0.247
0.173
0.886
0.119
13.029
0.048
0.081
0.097
0.045
0.1
1.618
0.05
0.097
3.134
2.038
0.37
1.576
0.806
5.978
5.624
2.117
0.158
5.298
0.258
1.33
9.275
0.084
5.044
0.144
13.003
0.134
0.324
0.311
0.063
0.038
3.953
0.103
0.114
0.051
1.72
0.143
0.277
0.887
7.916
0.053
27.861
0.497
0.083
2.698
6.066
0.335
5.307
0.125
0.104
4.808
0.597
0.448
0.068
0.686
1.158
4.903
0.646
1.457
4.326
0.182
0.427
3.283
5.925
3.564
3.015
10.919
0.075
3.118
1.51
4.296
0.23
0.133
0.498
5.572
5.62
1.232
0.161
0.422
0.679
0.099
0.059
0.842
0.566
0.616
0.082
0.038
1.021
0.736
0.326
1.799
0.414
2.798
0.322
6.496
0.314
2.748
0.913
2.145
0.06
0.558
0.044
5.819
2.867
0.148
0.977
0.433
2.873
2.733
0.158
6.819
8.465
8.005
0.45
2.148
0.206
1.512
0.152
1.656
0.648
0.214
7.304
4.498
1.262
7.395
3.738
0.108
2.307
0.084
6.192
6.453
0.02
0.218
0.223
2.351
0.684
0.93
6.542
0.19
0.079
0.088
0.555
1.084
0.093
1.458
0.152
3.719
0.018
0.048
0.379
3.877
0.046
0.869
9.551
0.411
10.256
0.257
0.025
0.576
0.041
0.608
5.885
0.25
0.631
0.037
4.388
5.194
0.811
5.004
3.133
1.231
0.137
7.924
0.155
3.382
0.594
0.16
0.256
2.903
0.276
3.701
0.088
0.773
0.169
1.836
2.464
0.628
1.619
0.229
4.131
0.111
1.358
1.521
5.339
11.132
0.676
0.658
3.734
1.096
0.542
0.29
4.4
0.496
0.045
0.136
5.293
0.141
0.973
0.659
0.512
0.134
0.276
0.062
6.374
1.104
0.948
0.647
1.53
0.043
0.086
0.253
0.842
1.526
14.211
2.536
1.326
0.299
0.125
3.863
2.518
0.139
0.665
0.215
1.332
4.213
0.939
0.1
0.314
3.651
0.283
5.452
0.257
0.799
1.379
1.389
2.936
0.082
0.069
0.158
1.602
0.19
1.805
0.124
6.516
4.824
0.232
0.124
0.11
0.225
0.032
1.704
0.264
5.178
0.675
0.193
0.745
0.357
0.074
3.79
0.088
0.169
0.029
0.497
6.144
0.65
2.203
0.235
0.159
0.048
0.206
0.146
0.39
1.014
6.981
1.034
3.969
0.074
0.118
1.234
0.318
2.669
0.825
0.04
0.994
9.124
0.063
1.827
2.762
0.047
0.077
0.745
0.137
2.305
2.62
0.595
0.843
2.202
6.715
0.132
0.097
3.353
5.407
0.048
0.05
20.092
10.969
0.339
0.098
0.242
0.116
3.485
0.165
0.21
0.738
0.041
0.099
0.029
5.023
5.158
0.308
5.516
0.403
5.127
0.536
5.03
0.413
5.634
0.49
3.858
0.244
0.866
3.376
1.239
0.422
0.039
7.692
0.508
0.051
2.24
4.62
0.204
0.077
4.967
1.139
0.111
0.095
4.248
9.296
1.211
0.113
0.749
0.081
0.073
0.038
2.755
0.064
1.829
0.869
0.067
0.138
0.028
0.124
0.401
0.119
8.698
0.269
2.575
0.068
0.099
0.427
0.22
1.076
13.642
2.149
1.266
6.795
6.746
0.041
5.944
0.475
0.747
0.265
1.762
5.516
0.032
9.99
0.624
2.874
0.159
4.031
4.834
1.897
0.196
1.454
0.3
2.348
0.022
0.235
0.79
2.483
0.029
5.604
4.851
2.501
0.368
6.925
2.381
6.891
1.034
1.422
0.084
0.131
0.573
0.05
0.04
4.378
5.469
4.575
0.602
1.215
0.296
0.034
0.316
1.057
1.341
2.864
0.176
0.065
0.369
0.369
0.067
0.053
3.006
0.838
0.036
0.102
0.283
0.07
0.559
0.129
0.148
9.604
2.089
0.07
0.029
2.586
0.201
7.854
0.513
1.333
0.653
0.052
0.26
0.058
2.286
8.011
0.663
0.076
0.077
3.325
0.14
0.045
12.487
0.082
0.249
7.275
0.364
0.639
0.131
1.617
5.09
2.514
0.039
0.446
0.109
5.829
1.734
1.414
2.919
0.416
2.516
0.028
0.35
0.425
0.239
1.212
0.08
0.392
3.922
6.382
3.964
0.631
5.501
0.207
0.448
0.85
0.098
4.438
1.404
2.483
0.088
1.552
3.901
0.068
1.29
8.221
9.888
0.579
0.227
0.152
0.082
1.227
0.068
0.585
0.286
6.961
0.401
1.018
1.971
4.232
1.522
1.576
0.95
0.76
10.189
0.978
0.396
0.058
8.454
3.618
8.535
0.19
4.561
0.153
5.045
2.439
0.133
0.136
10.162
0.216
0.661
7.867
0.464
3.961
3.019
0.077
5.667
0.545
9.126
2.56
0.262
7.152
3.103
6.51
0.037
4.123
11.211
1.207
0.909
0.153
2.903
5.872
2.002
0.315
0.096
0.116
1.83
2.386
0.222
6.779
8.168
0.017
0.896
0.046
0.43
0.565
0.185
0.282
2.434
6.216
0.029
0.061
1.8
1.108
0.315
0.307
0.119
1.332
0.264
13.059
2.153
0.248
0.113
6.514
0.674
4.374
0.44
5.951
0.132
1.517
0.107
1.166
1.118
0.047
0.079
0.687
9.584
2.798
6.105
0.085
2.467
0.1
0.707
0.244
0.122
0.065
0.11
8.317
5.332
0.479
8.352
0.323
6.574
0.134
2.752
3.962
1.079
3.192
7.119
0.716
0.295
11.714
0.127
3.699
4.23
4.845
13.29
16.717
0.251
0.091
0.136
2.035
11.621
0.3
5.605
0.093
0.015
0.171
2.702
0.156
0.126
0.037
6.908
1.489
6.288
1.77
0.312
0.258
0.822
5.297
0.215
0.039
0.876
1.583
0.453
0.488
2.162
2.002
0.126
0.876
1.225
0.161
0.136
4.618
3.126
0.721
0.076
1.496
0.583
0.415
0.088
0.13
0.456
0.173
1.475
9.5
0.626
2.738
0.441
0.749
0.225
2.791
0.272
0.834
3.178
1.743
6.948
0.284
0.954
1.96
4.317
0.284
0.237
0.294
1.514
0.164
0.047
0.094
0.236
0.119
5.116
5.014
0.477
0.027
5.965
0.162
3.397
0.287
2.633
0.383
1.664
2.919
0.179
11.044
1.038
4.425
0.032
2.533
0.051
2.633
0.769
0.101
2.665
4.102
0.073
0.596
3.707
0.227
4.043
2.69
1.077
4.646
3.433
0.158
0.033
0.064
1.75
2.039
5.576
0.101
4.601
1.246
11.973
2.103
1.366
0.944
0.224
1.232
0.426
0.804
3.3
0.08
0.154
3.932
3.677
0.405
0.221
8.78
1.584
0.054
1.888
2.372
6.513
0.609
4.573
1.197
6.142
0.359
0.678
6.798
0.021
0.803
0.455
1.481
1.787
0.159
0.128
5.02
3.995
3.581
1.698
0.062
3.569
0.48
0.453
0.077
0.593
1.294
3.629
5.191
0.344
9.03
0.032
1.85
0.529
0.046
0.102
3.59
1.272
2.617
0.834
1.363
1.594
3.846
0.606
0.127
6.895
2.295
0.044
3.463
0.029
0.395
0.032
0.042
4.575
0.244
2.164
0.56
0.424
2.106
2.277
0.189
1.037
3.987
0.794
0.085
5.662
5.897
0.058
0.025
0.545
1.192
4.946
0.375
0.433
7.925
0.148
0.236
2.345
0.191
0.093
4.384
0.091
0.656
0.21
0.162
0.125
0.065
0.163
3.495
0.22
0.685
1.709
0.046
0.164
2.365
0.151
0.786
0.148
0.117
3.079
5.236
3.176
1.364
1.906
0.876
0.033
6.573
6.476
0.029
4.081
7.868
0.385
2.169
5.379
1.264
0.149
0.073
1.678
5.165
1.283
3.228
0.446
0.515
0.12
2.614
0.126
0.294
2.495
0.791
0.217
3.325
9.203
0.367
2.907
0.056
0.071
0.53
0.497
0.151
4.386
0.199
4.813
5.047
0.062
0.556
3.014
2.307
0.042
0.159
0.116
0.28
0.684
0.183
6.1
5.149
0.693
1.01
0.097
0.424
7.928
3.22
2.667
3.289
0.463
8.391
0.887
0.041
1.483
0.771
0.075
4.099
0.091
5.204
0.185
0.609
1.679
4.543
0.908
0.295
0.791
0.213
0.591
0.077
4.382
0.082
0.353
9.817
1.264
7.09
1.076
1.17
1.864
0.125
0.374
0.11
0.029
0.053
6.833
0.06
2.419
0.374
0.854
0.068
1.306
1.612
0.214
6.026
0.133
0.232
1.077
0.039
0.153
3.964
4.102
0.955
0.353
0.113
0.082
0.313
0.393
1.992
8.356
0.029
2.357
2.96
0.142
18.031
0.026
12.469
2.758
0.038
2.897
0.075
0.022
3.267
6.784
0.563
0.045
0.263
2.332
0.365
0.756
0.744
0.257
0.699
0.104
5.517
0.837
0.057
3.903
1.757
5.113
4.394
3.03
1.158
0.742
0.464
0.635
0.034
2.574
0.071
0.678
0.063
0.062
2.83
2.849
0.137
6.739
0.149
2.475
0.148
0.51
0.408
0.129
0.021
8.828
0.203
12.109
3.048
0.223
0.569
2.355
0.267
0.253
0.193
0.527
0.085
0.28
0.081
4.22
0.407
4.734
0.057
14.966
3.926
4.78
0.198
15.001
0.9
1.759
0.037
8.263
0.046
0.719
1.48
1.358
0.059
0.367
16.47
0.23
4.316
1.083
1.636
0.652
0.424
0.085
0.334
0.922
2.436
0.563
3.626
6.05
0.225
1.25
1.353
0.295
1.777
0.088
1.282
2.187
0.089
6.317
0.377
0.552
0.539
0.073
0.114
2.851
1.294
4.688
0.357
1.527
0.039
0.969
0.82
5.8
0.03
0.072
0.116
0.556
0.063
1.553
0.128
0.339
0.499
4.081
0.013
0.284
0.06
0.047
0.032
12.783
1.04
0.159
3.927
0.463
0.116
1.929
0.246
1.23
0.763
0.06
1.431
10.51
0.22
1.992
0.433
1.117
1.488
1.212
0.145
0.36
6.747
3.349
0.323
0.265
12.322
3.264
1.431
0.691
0.05
0.096
8.921
0.296
7.969
0.97
0.04
6.105
0.794
6.444
2.998
7.143
5.592
0.074
0.353
0.044
0.078
4.166
0.043
2.039
0.177
9.12
9.223
2.976
0.03
3.116
0.076
0.459
1.504
0.22
1.272
0.209
0.828
12.324
0.545
2.664
0.66
0.669
3.137
1.348
3.21
0.052
0.152
6.986
0.063
1.706
3.84
2.24
1.008
0.656
12.89
0.11
1.301
0.091
0.226
0.059
7.534
2.703
1.194
9.062
0.102
4.796
12.339
1.052
0.127
1.484
1.175
0.059
0.176
0.098
0.112
1.507
0.822
0.044
0.168
1.276
0.303
1.542
1.71
5.316
0.119
0.224
0.03
0.121
1.769
0.057
3.006
12.705
0.15
0.161
1.402
0.021
0.739
6.415
1.013
9.267
7.412
0.312
0.11
0.516
0.047
0.125
6.273
0.119
0.175
3.275
5.079
0.049
2.864
0.802
0.747
0.384
5.866
1.979
5.291
6.746
0.032
5.702
0.252
0.648
0.048
3.33
0.27
2.076
1.371
4.307
0.492
0.434
0.434
10.33
1.406
8.604
0.743
0.549
0.027
0.167
12.527
1.466
0.075
1.181
0.32
0.123
5.549
0.947
5.135
3.287
0.047
0.218
15.72
0.358
0.988
4.434
0.182
3.533
0.093
1.569
4.653
2.63
2.353
0.055
2.217
0.869
0.949
0.307
0.148
2.53
1.924
0.261
3.721
11.496
0.158
1.548
0.136
3.864
0.244
0.06
0.804
3.514
0.087
0.51
2.1
0.049
1.49
0.089
1.617
0.781
0.324
0.077
1.304
0.268
0.483
4.473
0.3
2.162
0.03
0.224
3.035
0.685
0.688
16.696
0.437
0.221
0.52
0.106
0.138
0.173
0.542
0.142
0.499
1.8
5.283
0.212
0.23
2.088
3.573
0.165
2.355
1.801
6.654
3.797
0.08
0.154
0.166
2.632
4.117
0.111
0.762
0.059
0.361
6.551
0.812
0.143
0.083
0.493
15.126
7.264
7.115
0.59
0.082
2.538
0.177
0.041
0.026
2.648
0.118
1.173
0.048
2.138
6.057
1.198
3.433
6.251
3.215
0.061
0.993
8.16
1.208
2.648
0.356
0.207
0.158
0.812
0.228
1.409
0.618
0.784
6.815
2.401
0.04
1.242
0.702
0.995
0.348
0.04
7.703
0.072
0.055
3.648
0.467
0.676
0.12
9.276
0.142
0.042
0.316
0.236
6.951
1.016
0.367
0.062
0.231
0.246
1.022
0.495
3.162
1.536
6.667
3.536
0.04
1.281
0.107
17.321
1.312
0.48
0.044
0.031
0.069
0.072
1.242
0.123
2.972
0.248
0.115
0.115
0.225
12.096
0.342
6.792
5.039
3.571
1.888
0.911
4.576
5.839
5.984
0.031
0.081
2.814
3.63
0.626
0.019
9.995
2.456
0.286
8.189
0.055
1.886
0.66
2.411
0.081
0.094
0.776
3.061
0.041
10.362
3.844
5.721
0.11
1.42
7.442
0.055
2.557
0.827
0.157
0.058
0.043
0.182
0.147
1.027
4.384
2.263
0.037
13.528
1.908
2.337
0.087
0.569
1.455
0.106
0.045
9.411
1.493
0.174
2.565
0.809
0.165
0.257
0.707
0.146
0.603
3.407
0.055
1.094
0.852
0.522
1.932
4.439
4.829
1.821
1.283
0.37
4.791
0.067
5.282
0.034
0.701
0.37
2.724
9.425
0.061
0.053
0.334
3.715
1.969
0.14
4.329
0.069
0.126
0.137
0.208
0.102
4.858
0.088
0.743
0.826
8.543
4.636
0.249
0.331
1.605
0.163
0.22
0.178
0.05
7.373
5.517
0.152
0.821
0.241
0.109
1.058
0.065
5.841
5.04
2.122
4.211
0.086
0.61
7.132
1.43
0.165
0.176
0.757
6.471
1.418
0.043
0.14
0.096
2.584
9.888
2.843
7.831
3.678
11.602
0.239
6.729
0.134
0.926
2.738
2.873
0.159
0.052
0.204
0.114
0.975
0.608
0.162
3.81
0.591
0.147
0.72
0.102
5.802
1.96
0.536
4.839
1.798
4.197
0.076
0.066
0.404
0.105
0.152
0.138
0.133
0.223
4.853
10.406
0.141
0.275
0.16
0.224
0.21
0.207
1.969
0.311
1.581
5.392
2.99
3.015
0.115
0.451
12.013
4.013
0.423
3.264
1.8
0.055
0.602
3.474
1.755
0.066
1.226
0.824
0.038
0.482
1.291
1.471
0.101
0.527
0.122
0.059
2.676
2.711
0.189
0.33
0.134
0.033
2.852
5.031
4.99
2.742
0.613
0.09
1.669
1.59
0.211
1.714
5.048
1.715
2.35
0.103
0.684
3.437
0.19
0.668
7.006
0.901
0.139
0.136
0.759
0.131
1.736
0.68
0.2
7.935
2.633
9.315
0.093
6.399
2.573
0.032
3.008
2.248
0.624
0.099
0.175
0.287
4.414
0.17
1.31
4.332
1.202
0.145
1.614
4.087
0.335
2.96
0.722
0.144
0.06
3.316
6.24
11.425
5.388
1.705
0.058
0.04
0.079
10.746
0.229
5.526
12.766
0.041
9.915
6.528
0.083
7.367
1.162
2.596
0.071
0.346
0.401
0.046
8.872
0.074
7.465
0.764
1.371
0.125
0.084
0.95
2.031
2.643
2.399
5.19
0.202
5.295
0.095
3.769
2.61
0.062
0.051
1.047
0.54
0.433
0.302
0.58
1.293
5.161
0.057
9.829
1.9
2.564
8.08
0.434
3.409
0.241
1.165
0.156
2.734
0.05
0.271
0.082
3.028
4.5
0.384
0.045
1.423
0.244
0.122
3.893
0.414
4.832
1.563
1.741
0.04
4.882
0.057
13.991
0.209
4.252
3.671
1.483
0.1
0.341
8.84
0.083
0.048
4.226
0.253
6.937
0.381
1.391
0.37
1.459
0.151
0.167
0.364
13.857
0.092
5.771
2.877
0.055
1.357
0.065
1.084
0.04
0.252
0.038
0.078
1.184
1.292
2.432
0.091
0.872
3.719
0.248
2.942
0.162
2.128
0.085
2.189
0.069
2.394
0.134
0.034
0.126
2.66
11.782
3.605
0.19
1.166
3.203
1.746
0.041
16.492
0.552
2.583
1.018
1.849
1.594
0.993
0.478
5.549
0.406
0.038
0.058
0.136
18.272
0.091
0.134
0.264
3.363
0.321
0.187
3.162
0.032
1.963
0.192
0.083
5.665
1.086
1.0
8.461
0.299
0.631
1.129
0.107
0.519
0.968
2.154
0.039
2.383
2.586
8.726
0.043
0.365
0.703
0.156
1.243
2.57
1.153
0.978
0.043
4.982
7.716
3.268
0.755
0.769
2.487
2.018
8.069
0.089
2.008
4.159
0.062
0.071
0.085
0.815
0.092
14.662
9.846
1.707
2.41
0.719
0.371
1.034
5.821
0.767
2.29
1.389
1.456
1.679
0.864
0.106
0.719
0.083
0.047
0.145
0.155
1.451
7.171
0.011
0.264
3.056
0.265
0.074
1.352
3.548
6.159
0.094
1.88
1.81
2.751
0.719
0.245
0.144
0.417
0.6
4.582
1.432
3.533
5.779
0.059
6.916
3.035
1.383
2.842
0.264
2.276
5.045
1.874
0.061
0.076
4.642
0.146
0.172
4.589
0.046
0.071
6.997
2.493
1.455
0.169
0.175
0.098
0.87
0.386
0.069
0.202
0.763
0.096
0.033
0.039
0.758
0.025
3.71
0.092
1.602
5.263
2.137
18.66
1.461
0.464
0.978
0.141
0.086
0.205
1.755
0.059
0.276
7.319
0.607
5.118
1.941
1.808
0.237
0.142
0.984
0.11
0.025
1.271
12.409
2.089
5.032
20.096
1.189
0.542
0.082
1.077
0.271
1.245
2.134
0.542
0.396
0.122
0.706
0.585
1.245
1.216
0.015
0.487
7.265
15.958
3.977
1.713
0.072
1.335
0.776
6.902
9.639
0.11
4.907
10.996
0.103
0.112
2.157
0.25
1.237
1.309
1.296
6.32
16.65
0.075
4.569
13.534
0.014
0.208
0.304
0.154
1.978
15.839
11.135
2.837
4.291
3.493
0.717
0.063
0.63
3.429
3.353
2.569
0.049
0.071
0.061
1.0
5.568
4.318
3.374
0.181
1.878
0.201
0.068
0.242
0.142
0.271
2.615
2.333
1.6
2.962
1.633
0.914
0.426
6.175
1.136
0.476
0.023
0.133
5.665
0.262
0.028
0.803
5.707
0.661
0.067
2.731
1.925
0.05
8.84
0.914
0.7
0.071
0.072
0.065
0.633
3.448
3.117
1.188
1.354
5.901
8.2
0.344
0.37
0.098
0.146
0.106
0.137
7.186
0.134
1.34
3.977
4.513
4.394
0.032
0.061
0.415
0.081
6.745
0.502
1.344
0.202
0.969
0.815
0.14
1.05
0.558
0.06
1.067
4.691
6.228
0.035
1.915
1.021
0.114
0.223
10.768
0.038
1.977
2.135
1.426
1.732
0.849
3.935
2.5
1.406
4.456
2.81
0.172
0.382
0.057
16.63
5.768
0.082
0.102
2.242
0.029
1.585
0.127
0.279
2.497
5.596
0.628
0.075
0.551
4.441
0.165
1.757
3.367
0.043
0.032
0.092
4.025
0.094
0.646
0.142
0.381
0.37
0.053
8.003
0.274
0.739
0.717
0.073
1.164
0.08
0.147
0.06
5.892
0.065
1.618
0.041
1.197
0.867
0.032
0.124
4.114
0.059
0.344
1.667
2.606
0.766
1.428
2.275
3.001
1.509
0.062
2.287
2.385
11.705
0.095
0.124
3.496
0.084
2.678
8.212
0.676
3.326
0.029
3.002
0.51
0.062
7.114
0.951
8.505
2.789
9.735
2.199
7.772
1.297
1.205
0.736
0.172
3.059
8.243
0.664
0.143
5.563
0.539
0.562
0.091
0.195
2.142
0.103
0.03
6.467
4.71
6.368
4.201
1.212
1.449
1.211
0.135
0.025
2.132
0.093
0.174
2.432
0.1
0.089
10.415
0.385
0.091
0.567
0.929
0.933
0.084
0.109
0.05
4.269
6.35
2.081
5.89
0.035
0.608
0.104
0.088
0.732
14.642
1.428
0.927
0.042
2.116
0.538
0.326
0.033
11.408
0.088
0.375
0.051
1.495
0.222
3.101
1.84
1.779
0.933
0.115
0.977
0.283
3.631
9.257
0.102
10.29
0.058
0.221
3.147
9.556
0.783
1.753
2.038
1.202
2.717
0.036
0.42
1.054
0.74
0.033
1.513
1.41
2.715
1.194
1.39
3.705
1.784
0.253
1.459
4.519
0.757
0.052
0.972
0.064
0.129
7.611
1.22
0.037
0.099
0.721
0.086
5.215
2.57
1.169
1.176
3.17
3.508
0.188
2.295
3.35
6.504
2.603
6.194
3.243
5.655
5.133
6.834
0.492
0.118
0.53
0.533
1.836
0.249
4.345
2.407
2.451
0.078
1.492
1.504
1.05
0.41
0.194
2.105
0.023
1.7
0.256
0.129
7.786
0.054
0.059
1.225
0.807
0.087
3.7
3.861
1.088
1.3
3.567
13.426
0.195
0.082
0.512
0.756
4.519
0.038
0.763
1.705
0.199
6.515
0.913
1.848
0.133
0.044
0.126
0.547
1.704
1.044
0.214
0.443
0.104
2.04
0.152
0.089
0.06
0.136
2.541
4.25
0.075
12.006
8.658
0.07
1.534
0.73
1.039
0.323
0.255
1.984
1.801
2.935
2.584
0.129
0.225
3.51
2.029
0.09
0.155
0.698
0.259
4.29
0.067
0.238
2.981
2.4
1.291
0.852
0.667
0.175
4.81
2.34
1.376
5.593
0.128
4.172
0.031
7.757
2.802
0.906
6.404
0.747
0.188
0.58
0.338
1.158
1.47
0.075
0.634
0.055
9.336
0.099
0.105
0.199
0.118
0.089
1.891
0.159
0.227
1.657
0.177
5.535
0.152
3.851
0.212
1.571
0.338
1.156
0.18
2.276
2.547
0.134
0.072
0.188
0.661
0.542
0.512
1.357
0.413
4.765
0.212
13.016
1.031
6.583
5.64
0.385
0.391
1.797
4.499
1.516
2.869
0.219
2.738
8.217
3.386
0.157
0.103
0.05
0.178
3.94
3.355
0.702
0.06
0.167
14.787
0.472
3.814
0.669
0.163
0.312
2.445
1.873
1.163
0.742
0.035
7.443
0.069
0.06
5.349
0.04
0.146
0.052
5.177
0.875
1.089
0.161
7.652
1.648
8.462
0.313
1.612
0.256
0.121
11.648
4.752
6.229
3.774
0.642
0.181
0.276
1.736
0.359
0.142
9.118
1.652
9.821
1.306
3.006
0.179
0.879
5.177
0.396
0.086
0.076
0.133
0.155
0.989
2.525
2.091
1.294
10.017
1.019
6.991
0.162
0.045
0.183
8.041
0.179
0.112
3.83
0.022
8.058
0.056
0.755
0.311
0.492
0.108
2.574
2.066
0.066
1.112
1.288
6.579
0.035
2.94
3.493
0.088
0.094
0.345
0.386
1.564
0.674
0.159
3.16
0.085
0.049
0.218
0.328
0.439
0.499
2.6
6.131
0.094
0.187
3.163
5.565
1.804
5.614
0.199
1.492
1.267
1.262
0.211
0.037
1.665
0.096
7.853
10.722
0.086
0.14
4.457
2.81
1.866
0.154
0.546
0.081
0.202
0.811
0.073
0.043
6.524
1.227
2.089
10.685
1.398
0.079
1.114
6.064
0.774
0.986
1.11
1.255
1.479
0.275
0.087
7.138
8.368
0.534
0.086
4.846
2.523
0.119
0.058
0.206
0.019
11.762
1.734
0.263
0.105
0.173
1.927
4.697
0.25
0.084
0.229
0.042
0.349
1.711
0.054
4.777
0.642
0.885
0.106
1.826
4.836
0.118
1.228
3.027
0.101
3.556
0.174
0.835
2.053
0.319
0.032
4.894
1.411
2.631
0.736
2.304
0.094
0.037
0.246
0.488
0.544
7.31
1.613
0.623
6.42
2.166
5.689
1.033
0.174
4.078
0.034
0.276
0.288
0.503
0.048
0.036
1.132
4.302
1.654
1.256
2.754
0.125
2.954
0.506
0.063
0.131
2.325
4.822
1.304
0.056
5.968
2.231
1.365
1.358
1.8
1.447
0.382
1.953
1.839
0.184
1.24
0.357
3.58
0.932
11.553
5.792
2.596
2.06
0.287
0.029
0.111
0.09
0.378
4.687
6.242
3.067
0.106
0.109
0.038
0.049
1.75
4.54
1.037
4.159
0.504
0.072
3.171
0.41
3.645
0.097
2.089
0.472
5.917
4.041
10.523
0.106
1.061
1.263
0.113
0.329
1.528
1.315
3.39
2.81
0.085
6.585
1.898
0.045
0.174
0.051
5.873
0.05
0.189
0.055
1.293
0.98
0.697
10.344
0.369
0.965
2.733
1.884
0.85
0.521
0.151
2.943
2.698
0.046
0.136
8.258
0.178
0.63
11.413
6.184
1.829
1.304
0.01
1.932
5.069
10.149
2.252
1.179
10.416
3.932
0.03
2.34
0.095
0.084
2.373
5.955
0.739
0.134
0.258
0.078
0.101
1.178
2.631
0.82
0.526
5.517
0.507
1.252
20.499
0.587
0.226
4.806
0.759
5.884
0.091
1.016
9.146
5.416
3.705
1.711
9.446
3.412
5.411
6.744
0.342
3.738
1.064
0.259
1.5
0.132
1.267
0.299
0.029
4.753
0.633
4.769
0.793
4.458
0.128
0.066
8.668
0.969
0.552
1.85
0.106
0.105
0.092
0.07
3.161
0.918
0.471
0.074
0.723
0.821
0.701
10.319
1.295
0.593
2.213
0.441
0.579
0.091
2.415
0.891
0.185
2.173
0.415
0.714
4.349
0.15
0.04
0.072
0.139
0.243
0.142
0.194
4.654
0.272
0.129
0.28
0.181
0.086
10.216
1.115
1.099
0.371
9.272
1.64
0.226
16.085
5.498
4.534
0.046
0.125
3.528
0.03
0.033
0.045
3.946
1.843
4.733
5.018
1.24
0.114
3.89
2.255
5.174
3.474
5.423
0.099
0.076
0.054
1.18
0.046
5.277
0.675
0.071
2.315
0.216
0.291
0.639
0.241
2.203
0.183
0.13
1.683
0.667
2.522
6.063
7.887
3.251
0.154
0.546
0.26
0.101
4.432
0.042
0.183
11.211
1.966
1.777
5.773
4.385
0.48
5.317
2.338
1.333
8.654
4.224
2.809
5.626
2.717
1.252
1.457
0.471
3.379
0.03
1.748
2.899
1.59
0.523
6.389
0.375
1.288
0.202
1.176
2.099
0.776
0.058
0.062
0.676
4.104
0.036
2.926
0.127
0.227
3.825
0.993
1.331
0.081
0.819
10.289
0.114
1.504
3.064
0.069
0.099
0.129
0.535
0.082
5.993
1.426
5.072
0.767
0.213
1.146
0.104
0.276
0.049
3.991
5.0
0.055
2.24
2.619
23.999
0.749
1.992
0.109
4.199
0.034
0.051
3.549
1.624
2.281
0.065
0.075
0.189
0.671
0.527
0.253
2.144
0.108
0.044
0.269
1.774
7.925
5.529
3.214
5.126
4.848
2.714
4.635
1.591
0.205
0.239
0.297
0.182
0.032
0.075
0.059
0.161
1.67
0.177
5.393
0.117
0.101
0.107
1.829
0.02
0.096
0.17
0.582
1.511
6.077
9.434
0.795
2.956
0.387
0.031
4.821
0.014
0.499
3.025
0.048
0.185
1.671
3.952
3.078
1.45
0.027
7.74
6.542
0.926
6.87
2.363
14.364
0.727
6.472
0.49
1.046
2.001
0.061
0.065
0.218
14.269
0.08
17.534
0.499
0.202
0.243
4.158
1.458
0.052
3.854
0.291
0.033
0.131
0.809
2.906
1.195
4.899
3.347
0.834
0.077
0.087
0.159
0.541
0.038
5.45
2.157
1.705
0.022
3.052
0.057
0.026
9.073
0.199
0.1
9.954
0.147
0.378
1.146
1.772
0.077
0.068
0.241
8.11
3.815
0.157
4.715
3.651
2.012
1.28
0.656
0.292
1.828
3.896
0.837
1.808
0.027
0.339
0.153
7.46
1.376
12.986
11.224
0.591
7.679
0.475
0.854
0.794
0.044
0.14
1.686
10.758
0.56
4.048
2.956
8.634
5.362
0.05
0.221
1.098
0.109
1.144
4.36
0.941
3.154
3.114
0.12
3.814
3.271
0.642
3.239
0.293
5.382
2.224
0.027
0.089
1.329
0.966
3.509
0.919
0.068
8.681
1.765
3.965
0.304
0.085
4.12
2.617
0.059
7.419
5.683
0.164
9.475
1.674
1.161
0.331
0.036
0.473
9.135
3.259
0.068
0.893
0.826
0.06
3.683
0.184
4.084
0.05
0.029
9.072
0.405
4.412
0.126
10.563
0.144
4.959
4.704
0.085
0.237
0.373
0.564
0.045
0.323
10.305
0.243
0.896
6.599
0.814
2.32
1.63
6.569
0.226
2.716
2.023
3.069
0.346
0.015
0.37
1.687
0.031
0.632
0.563
0.437
1.028
3.573
3.0
3.711
4.47
8.354
0.095
0.89
2.429
1.154
0.072
0.235
0.079
6.247
0.185
1.146
0.078
1.935
3.18
5.243
0.138
7.808
0.318
0.036
0.942
0.623
0.108
0.512
1.083
0.45
1.388
0.088
0.893
4.543
2.933
1.461
5.975
3.211
0.027
0.375
0.152
0.088
4.284
0.083
0.14
0.058
3.608
1.065
0.056
3.585
3.383
0.2
7.471
0.076
0.118
1.21
2.137
0.113
1.831
0.182
5.98
1.66
0.108
0.525
0.142
0.207
0.045
0.508
0.166
1.533
0.9
1.574
3.07
0.022
6.658
0.052
1.438
0.357
0.039
0.035
2.063
0.152
0.732
14.299
3.272
0.242
5.517
0.389
0.107
0.15
2.527
0.945
1.832
2.354
3.487
3.742
4.766
0.335
7.795
0.871
0.642
0.458
0.676
0.327
0.108
0.428
0.095
1.976
5.307
0.394
0.083
8.222
12.982
2.632
1.695
0.741
0.304
0.269
0.819
0.35
0.296
15.838
0.081
0.285
1.043
0.66
0.768
1.38
8.687
7.758
0.075
0.368
3.951
0.171
0.512
1.022
0.029
1.94
4.876
0.461
0.329
0.128
0.945
0.038
2.459
4.987
0.349
0.087
0.252
0.608
4.888
0.163
0.035
0.367
4.839
0.068
0.513
5.076
0.872
0.423
6.04
1.496
0.146
1.656
8.284
0.174
4.084
0.273
1.52
5.768
0.095
0.9
1.041
0.025
0.427
2.137
0.094
3.59
1.739
0.25
0.142
0.058
0.202
0.069
0.153
8.235
2.033
0.026
0.075
8.552
0.17
0.379
0.03
8.831
0.096
1.993
0.112
1.101
0.045
0.346
0.733
2.887
0.665
6.773
0.035
0.095
3.311
0.16
0.071
11.006
6.369
5.526
0.444
1.373
0.097
0.063
14.67
0.18
0.067
2.778
2.812
0.328
2.17
0.117
3.849
0.062
0.973
0.727
0.158
0.127
0.898
4.959
3.498
1.873
0.04
0.223
0.208
0.065
0.339
0.337
0.06
0.228
0.114
5.885
16.52
1.482
0.141
0.156
0.073
3.184
3.281
2.654
1.059
1.129
0.072
0.031
2.08
2.316
1.712
0.182
2.181
0.022
0.142
5.034
0.196
0.089
8.543
0.996
1.626
0.125
4.142
0.085
1.915
0.108
4.712
8.179
0.412
1.673
4.383
1.444
9.89
2.754
5.754
0.111
5.242
0.603
0.083
4.165
0.544
16.767
1.147
0.087
0.116
0.817
0.347
2.444
0.09
1.895
0.05
0.087
0.332
0.111
6.172
2.465
0.333
0.673
0.904
0.262
0.112
3.306
0.106
1.12
0.052
12.992
0.255
0.583
4.328
0.191
4.166
0.184
0.195
1.722
1.423
2.158
2.571
7.421
0.129
0.122
3.584
0.84
0.079
6.186
0.081
14.153
0.513
0.11
0.177
0.772
0.1
1.451
0.364
0.338
3.892
3.331
3.468
8.384
6.189
0.146
2.49
0.342
0.094
6.105
0.062
0.055
0.056
11.736
0.606
0.729
2.74
1.763
0.6
0.135
2.378
7.89
0.997
0.077
0.734
0.038
0.535
0.068
0.092
0.123
0.687
0.382
0.485
3.632
0.022
3.04
0.021
0.103
0.038
0.111
0.539
0.271
1.695
0.78
0.062
3.388
0.057
2.605
0.572
3.089
4.603
0.27
0.059
3.228
0.709
2.161
0.47
0.726
0.06
4.794
0.368
0.078
0.438
0.03
0.212
1.554
1.269
1.496
0.356
3.379
2.619
0.101
0.085
2.134
0.064
0.033
7.431
1.467
0.116
2.403
2.025
0.03
0.121
5.535
5.189
1.471
0.549
2.221
2.053
0.5
0.114
1.151
0.488
0.617
0.085
0.473
0.108
11.62
5.616
0.042
3.669
1.066
0.522
2.367
1.903
0.443
1.557
2.428
9.013
2.967
2.703
0.493
0.054
0.469
1.144
0.043
0.277
6.381
0.23
10.558
10.751
1.488
1.571
0.287
3.275
0.251
0.042
0.049
0.084
0.901
1.15
8.517
0.081
0.059
0.47
4.965
4.331
0.471
1.0
0.902
2.042
0.197
1.51
0.073
0.376
0.82
0.917
1.356
0.094
0.089
2.979
4.013
0.187
2.234
2.169
0.108
0.636
0.203
7.813
0.017
5.614
4.376
1.609
0.119
0.841
1.321
2.648
11.158
0.498
2.252
0.259
0.246
2.941
0.352
5.001
0.121
6.171
3.863
0.202
1.051
0.202
1.057
0.122
0.053
14.88
0.417
0.094
0.904
3.31
0.543
4.049
2.533
1.683
3.419
0.589
10.91
2.206
10.231
0.144
6.455
1.227
0.161
0.363
0.086
0.037
1.662
0.758
0.033
1.275
0.25
0.557
2.255
0.155
0.125
0.275
0.733
0.038
6.096
3.868
0.116
0.431
0.04
2.172
0.066
0.06
5.273
0.087
0.052
10.618
1.275
9.061
0.066
2.692
0.118
0.055
2.173
0.881
1.38
0.041
4.686
0.051
0.96
0.227
0.178
1.049
0.166
0.179
2.721
0.172
0.182
0.069
1.601
0.209
0.096
3.874
0.058
1.192
0.088
1.411
1.691
2.16
1.178
0.06
2.341
1.899
2.861
0.163
4.799
3.102
0.35
0.432
0.04
2.293
5.645
2.531
0.051
2.666
0.052
0.021
0.131
3.24
0.17
3.799
11.295
4.689
0.041
8.746
1.767
5.352
0.642
4.382
2.274
0.15
0.35
8.119
4.541
1.176
0.29
0.04
2.725
0.039
0.991
3.774
0.078
0.159
3.118
4.595
0.197
0.112
3.878
3.574
0.147
0.418
8.28
0.602
0.922
0.093
7.17
0.112
0.026
2.271
1.255
0.077
1.535
8.639
1.801
3.602
0.027
1.186
0.411
1.475
0.129
0.137
0.416
0.417
0.18
1.676
0.407
2.328
1.701
3.351
1.12
4.702
0.031
2.409
0.059
0.966
0.135
0.028
0.27
4.457
0.227
0.97
5.797
0.387
0.144
3.256
1.286
0.055
1.775
0.113
0.818
0.163
0.053
0.143
0.225
8.951
0.949
0.219
1.394
0.14
0.553
0.747
1.452
3.275
0.268
0.45
6.488
0.812
0.037
2.384
0.026
1.114
1.101
0.037
0.083
1.187
0.055
6.176
5.053
0.574
7.521
3.607
0.04
0.052
0.318
16.609
0.99
3.894
9.766
4.312
1.745
0.052
0.833
0.137
3.713
0.493
2.594
0.158
0.525
5.786
0.135
0.489
0.06
0.08
2.008
1.259
12.999
0.452
0.073
0.715
1.664
0.105
0.349
1.69
7.178
1.081
0.226
0.05
27.14
1.846
0.184
5.957
4.66
0.063
0.035
5.871
0.045
0.092
3.246
0.098
1.658
0.096
0.959
1.485
0.27
0.207
0.491
0.59
0.035
0.311
0.095
0.196
2.022
0.048
0.03
0.051
0.606
0.065
1.144
0.261
0.549
2.917
0.3
0.786
0.02
0.096
4.417
0.773
2.124
0.049
20.126
0.107
2.298
0.611
0.247
1.135
3.931
0.131
19.791
0.297
5.898
0.096
5.913
3.812
0.078
3.905
0.483
0.13
0.046
0.294
0.064
2.499
7.157
2.045
0.848
0.099
0.183
2.467
0.639
0.022
0.058
1.848
5.422
1.215
0.029
3.519
1.363
0.121
2.888
0.081
0.036
0.15
0.024
0.033
0.592
0.86
1.704
13.81
0.521
6.983
0.133
0.23
0.118
0.448
0.05
0.183
0.087
3.446
2.176
0.088
0.138
3.589
2.061
0.955
0.075
2.425
0.122
0.059
0.096
4.518
0.089
9.138
0.042
0.119
0.122
0.542
0.163
1.67
0.955
9.225
1.805
0.127
0.13
8.383
2.731
0.062
0.039
2.171
0.547
0.081
6.485
0.031
2.423
0.076
0.121
0.162
0.341
1.339
1.075
0.153
0.634
1.485
6.452
1.429
0.453
0.152
16.55
8.094
3.51
1.999
4.83
0.884
10.44
0.635
1.882
0.135
0.62
2.655
0.823
1.538
0.042
3.206
1.616
9.96
2.911
1.706
0.726
2.221
0.085
0.973
0.618
4.758
2.046
0.048
0.143
1.681
7.667
0.051
0.081
6.96
0.125
0.04
0.092
2.301
5.458
0.283
0.046
0.307
0.174
0.129
0.421
0.058
0.308
3.546
0.148
0.058
0.304
0.138
0.5
2.046
0.784
3.596
1.36
5.578
0.025
3.389
0.181
0.051
3.917
0.058
6.502
0.372
4.225
0.038
0.407
0.172
0.155
0.147
0.521
1.516
4.205
0.432
2.443
3.93
0.41
0.395
1.305
2.087
0.048
0.033
0.147
3.692
1.13
2.983
0.887
0.105
1.225
0.025
9.685
0.234
0.392
0.243
7.609
0.47
0.297
0.207
2.954
0.089
0.088
0.284
8.319
1.568
2.361
26.703
0.15
1.765
0.926
4.658
0.141
3.168
4.558
0.076
5.503
7.695
0.947
4.569
4.538
0.072
5.644
0.368
0.587
1.763
2.133
0.063
0.023
0.494
1.54
2.321
4.542
0.027
1.434
0.12
1.379
0.89
0.597
8.409
0.08
0.758
0.115
0.082
0.302
0.115
2.261
1.537
0.176
0.174
0.039
7.363
5.416
4.344
5.237
0.694
5.639
0.125
4.064
0.518
1.355
0.027
0.128
1.107
2.639
1.808
2.287
0.051
3.625
0.085
2.444
0.073
0.053
0.035
2.798
6.031
0.073
3.705
0.11
0.976
8.728
0.032
4.634
0.366
0.367
0.753
2.861
2.902
0.092
0.198
1.997
1.14
0.383
0.205
0.352
2.933
0.056
0.084
0.159
0.423
4.209
0.34
0.254
0.593
2.12
3.294
0.068
2.59
0.787
0.372
0.044
10.169
0.671
0.056
1.114
0.857
0.36
0.045
0.809
0.621
0.064
11.783
0.057
0.105
5.201
0.932
0.46
4.235
0.062
0.379
3.136
1.789
7.383
1.226
2.39
0.434
0.095
2.416
3.293
1.121
0.567
7.433
0.661
0.128
0.966
9.321
5.806
0.355
1.556
0.265
0.328
7.905
0.048
0.97
0.057
2.736
6.187
3.301
10.927
1.553
9.32
0.15
0.052
0.054
2.426
1.565
2.065
0.587
0.279
11.341
0.569
0.154
4.132
0.597
1.944
4.937
0.465
0.755
0.042
1.899
9.851
0.076
14.335
1.232
0.226
1.026
8.754
6.463
8.134
1.463
14.873
3.736
0.079
0.107
7.909
0.876
0.089
0.993
0.181
1.634
1.298
8.581
1.279
1.594
5.836
3.532
14.628
4.987
6.936
0.126
2.941
0.115
0.054
0.67
0.118
7.204
0.124
0.201
0.416
0.215
1.597
3.381
4.031
5.705
0.071
0.034
8.52
6.807
0.165
0.024
9.043
1.418
0.925
0.1
0.119
0.154
2.012
0.106
7.649
0.484
0.132
0.519
1.455
2.582
0.244
4.327
0.962
0.042
0.186
0.373
6.757
0.064
4.265
0.145
0.369
0.662
0.626
0.099
0.29
0.942
2.056
0.108
0.172
0.066
0.272
0.1
0.766
5.04
0.38
5.917
0.906
0.216
1.806
0.56
4.51
6.769
0.111
1.035
3.55
0.062
0.454
0.163
2.629
5.255
3.704
0.101
0.509
2.901
0.05
5.341
1.071
0.038
0.228
3.018
0.386
7.972
0.293
0.872
2.468
2.247
1.92
6.331
3.8
5.918
1.108
0.053
0.172
1.992
2.063
3.806
0.161
2.205
16.376
0.409
0.101
1.972
0.534
0.192
0.035
0.292
0.718
5.034
1.324
1.551
3.393
5.935
2.503
2.399
0.049
1.965
0.18
0.276
0.033
1.53
1.804
0.132
0.633
0.205
0.041
1.489
0.102
0.077
0.136
0.099
0.169
2.439
0.198
5.245
0.099
0.111
0.156
3.282
0.191
0.065
0.049
3.378
0.052
1.682
3.773
0.653
0.21
4.717
0.091
1.844
5.021
7.573
7.482
1.65
6.943
3.698
0.819
1.596
0.094
11.643
0.841
1.878
3.072
12.162
0.468
0.116
0.036
1.626
1.022
1.035
0.063
0.09
0.07
1.187
0.569
3.29
0.412
1.97
0.039
0.03
0.043
0.164
0.953
0.133
0.136
0.066
1.332
0.179
1.016
7.316
0.304
0.107
1.406
0.622
1.864
0.652
5.204
0.195
0.024
0.459
0.136
0.04
1.922
0.256
0.107
12.681
1.195
0.034
1.228
1.004
1.354
0.185
0.306
6.555
2.634
0.038
0.845
1.446
0.406
1.016
1.288
0.196
0.14
0.196
0.13
3.02
0.15
0.688
1.686
0.226
3.938
0.549
3.054
5.479
0.031
5.822
0.041
1.263
2.265
0.036
0.341
1.228
4.525
3.265
8.858
1.666
0.341
1.257
4.023
4.85
0.454
1.56
9.319
0.421
21.718
7.541
3.783
0.761
1.23
0.043
8.485
1.553
5.28
17.517
0.167
3.009
0.807
1.18
7.49
4.198
2.29
0.364
0.054
2.582
0.055
5.24
3.033
1.766
0.104
0.789
0.546
0.225
0.04
0.531
0.144
1.735
5.524
0.46
0.057
2.125
1.92
0.168
0.04
0.119
9.627
0.15
0.21
0.538
3.243
0.571
2.759
0.576
3.504
0.035
1.68
8.006
0.695
14.728
0.112
0.066
4.954
3.781
0.578
0.112
0.273
3.291
2.139
5.856
0.083
5.747
1.011
0.125
14.174
1.472
0.267
2.695
6.886
1.868
8.079
3.947
0.282
0.044
0.075
0.416
0.12
0.912
1.518
2.339
2.085
1.006
0.684
0.195
0.084
4.35
1.046
6.964
0.143
2.077
5.426
0.111
0.17
9.211
0.888
0.64
0.586
0.061
0.286
0.034
0.243
1.148
0.133
3.124
2.104
0.312
2.628
1.216
0.041
2.216
0.947
2.991
0.247
0.883
0.045
0.135
0.682
2.95
1.333
5.003
3.053
2.076
0.101
4.808
0.047
2.915
0.123
0.073
0.185
8.953
4.03
6.243
3.65
0.092
1.358
0.784
0.076
2.333
3.078
0.425
0.033
2.527
10.697
0.062
8.757
0.341
0.074
0.048
5.698
2.151
0.138
0.31
1.207
0.057
1.002
0.111
1.669
0.202
0.181
0.136
0.693
3.923
1.105
0.271
0.227
4.413
0.436
2.088
5.143
0.061
0.131
0.191
0.727
0.043
0.111
0.633
2.177
3.51
0.883
0.744
0.148
0.06
0.114
0.346
3.835
1.981
0.437
1.061
0.803
0.092
3.328
2.352
1.616
0.053
1.791
6.105
0.15
0.761
0.122
3.415
0.793
0.18
1.027
1.521
2.89
0.421
0.685
0.049
5.07
1.347
1.882
1.765
3.332
9.648
5.579
0.282
1.341
0.128
0.478
0.211
0.033
0.536
0.527
3.265
0.895
5.263
1.415
0.055
0.928
2.424
0.882
9.011
1.129
1.999
1.022
0.9
0.39
6.319
0.951
0.933
0.139
0.603
6.655
0.046
12.653
10.391
3.548
11.217
0.077
4.685
2.642
0.754
0.186
7.44
0.797
0.121
6.174
0.699
3.37
1.181
1.296
0.225
0.028
1.018
4.832
0.182
3.232
13.792
0.088
4.894
0.024
4.318
0.019
4.339
15.725
3.769
1.794
5.955
9.422
0.653
0.094
0.591
10.538
9.381
0.355
0.742
4.03
6.42
1.338
0.449
3.467
11.886
1.957
1.073
5.408
0.029
0.859
3.876
1.652
0.993
0.167
1.822
4.776
1.489
0.159
1.708
3.492
0.014
0.285
0.211
0.85
7.209
0.062
1.63
1.474
6.145
10.189
0.051
0.939
1.489
0.69
1.363
2.147
0.252
2.084
0.265
0.081
0.68
0.677
4.368
1.56
0.153
1.386
0.024
2.172
0.236
0.02
5.084
4.967
0.649
4.776
0.964
0.365
0.475
7.653
2.898
2.821
11.566
0.034
0.09
0.943
11.183
0.239
0.976
2.408
1.007
5.684
2.278
1.159
0.989
4.765
0.077
0.258
0.813
0.081
3.414
9.738
0.187
10.691
0.528
2.857
10.622
1.291
1.31
0.163
1.624
1.316
0.087
0.076
0.135
4.323
6.826
6.398
0.795
0.037
5.689
1.265
0.084
1.873
2.012
5.403
0.061
0.084
2.346
0.121
3.699
0.572
2.241
0.051
0.28
3.082
0.276
1.038
0.147
9.019
0.917
3.332
0.047
0.138
0.078
0.107
0.647
10.593
0.023
0.034
0.042
0.154
0.054
0.676
1.021
0.155
3.786
0.042
0.103
0.068
5.528
3.349
1.06
6.696
0.088
0.033
2.266
1.126
13.109
1.418
6.635
0.612
0.421
4.526
1.165
5.751
0.198
0.624
6.503
2.287
0.026
1.153
0.407
0.312
2.779
0.945
0.062
2.522
8.276
2.568
0.081
1.116
1.453
0.629
1.251
3.047
0.173
2.893
4.303
0.276
0.079
0.454
0.402
0.463
0.797
0.236
0.145
0.721
1.492
3.671
0.494
0.532
3.626
2.952
3.807
2.436
1.135
3.275
0.048
9.521
9.907
2.683
1.298
0.104
0.054
2.915
0.046
8.421
0.102
5.755
0.216
2.256
1.002
4.446
4.441
0.093
0.157
0.117
1.066
0.075
10.432
0.109
0.36
0.264
2.893
2.736
16.054
0.061
3.139
0.185
4.909
6.748
2.1
13.815
0.335
0.735
1.733
1.108
0.317
5.427
4.09
0.126
2.297
4.95
0.236
0.774
3.595
2.273
0.666
4.078
1.813
1.316
0.057
0.684
2.469
12.712
3.474
0.093
16.22
2.309
0.583
0.036
0.158
1.364
3.717
0.575
4.798
11.456
0.045
0.653
0.106
2.615
1.552
0.279
1.35
0.256
0.422
3.683
2.188
3.897
6.644
0.04
0.37
0.391
0.367
0.711
0.11
3.041
4.012
5.064
1.262
0.118
0.043
0.456
0.181
0.774
4.08
0.64
7.672
0.865
2.088
0.033
6.606
0.123
2.886
0.35
1.615
0.323
5.641
0.289
0.068
0.826
8.944
0.105
0.593
0.226
0.715
1.173
3.922
0.827
0.032
0.036
0.555
0.068
1.229
4.2
0.945
0.037
1.133
1.024
0.041
0.057
0.043
0.13
10.203
0.243
3.352
5.62
5.868
0.482
0.477
3.605
0.037
3.051
0.137
3.711
0.061
0.882
5.085
1.063
2.383
3.354
3.026
0.077
0.074
2.799
4.683
3.553
0.044
1.411
2.989
0.12
6.026
1.704
14.945
2.458
0.112
0.03
0.961
1.2
2.058
4.756
5.685
0.102
3.708
4.773
0.501
2.522
0.024
1.821
0.465
1.574
2.373
5.99
2.728
6.043
1.162
0.12
6.294
1.287
7.192
3.258
0.269
0.882
0.783
0.114
2.602
4.136
0.074
4.574
0.527
0.371
3.52
3.347
0.428
1.1
1.573
0.054
0.069
0.347
9.247
15.631
0.046
1.742
0.666
2.832
3.988
0.687
0.04
0.049
0.427
0.052
0.542
0.703
7.82
0.228
0.954
0.535
0.1
1.274
0.123
1.515
1.136
0.042
0.087
0.077
4.365
0.081
0.125
8.405
1.921
0.683
0.444
0.938
1.23
0.146
0.277
0.583
2.18
1.428
7.017
0.58
0.097
3.198
0.041
0.177
1.106
5.634
9.1
1.471
2.519
1.136
5.029
1.033
1.152
1.107
0.242
2.248
0.089
0.981
0.983
9.169
1.402
0.031
4.525
0.157
2.384
0.356
0.091
0.935
0.395
0.088
1.245
4.423
0.289
9.535
2.692
0.253
1.044
1.824
7.461
0.218
0.583
2.091
0.246
0.164
0.984
7.376
0.23
0.333
6.288
0.223
6.989
2.603
3.644
1.221
0.078
0.078
0.303
0.08
1.725
0.08
0.128
3.719
9.664
0.223
1.006
2.972
0.038
0.165
0.463
0.06
0.174
1.238
4.238
0.644
0.596
0.304
0.147
0.161
6.487
0.121
1.223
3.333
0.823
8.153
0.088
0.944
5.13
4.212
4.819
0.371
1.251
0.432
0.267
0.15
3.011
1.287
0.184
0.914
5.133
1.134
0.026
0.328
0.03
18.494
12.956
1.255
3.661
0.625
0.375
0.02
7.1
0.544
0.471
0.222
3.032
3.887
1.033
0.029
0.044
0.102
0.092
0.493
0.142
2.359
1.289
3.362
3.994
3.658
2.698
3.084
1.284
0.067
7.605
0.304
3.072
1.506
0.806
0.089
2.671
0.245
3.226
0.613
1.35
0.108
9.705
9.913
0.319
5.007
0.467
0.396
4.199
1.005
3.696
0.595
0.054
2.968
0.464
0.551
1.879
1.33
12.309
0.167
1.946
0.645
1.851
4.343
9.225
1.232
8.009
12.406
8.281
0.106
3.377
8.702
1.396
0.664
6.89
10.93
0.045
7.603
3.051
0.29
0.047
0.963
5.226
0.659
5.285
0.314
6.194
3.669
9.526
4.442
0.801
2.184
0.258
0.747
1.736
3.59
0.305
1.257
5.519
0.838
0.798
11.692
0.642
15.021
0.234
0.104
8.573
3.785
4.891
0.863
3.34
6.405
1.201
0.657
4.958
0.105
0.108
0.9
1.501
0.479
4.221
1.245
0.494
1.918
0.103
0.768
1.166
5.668
0.11
0.057
0.647
3.209
0.227
0.167
2.112
5.165
13.624
2.692
0.109
0.751
3.583
5.974
0.464
0.066
6.001
0.048
0.515
0.065
0.045
0.053
0.169
0.205
0.824
1.702
1.566
4.327
5.942
1.67
0.862
0.055
2.609
4.314
0.257
7.982
0.015
2.761
4.2
0.216
2.446
0.052
2.078
0.019
0.468
2.172
0.309
0.765
0.137
0.159
0.204
1.582
0.737
2.15
5.955
0.317
2.328
1.04
0.113
0.047
8.366
1.415
0.262
0.406
0.649
3.526
1.471
4.676
2.947
0.515
0.561
0.09
0.043
0.08
1.516
3.795
1.9
3.177
0.079
8.995
2.083
0.392
0.998
0.156
10.538
2.314
0.538
0.372
0.233
0.212
0.071
9.989
1.224
3.383
2.862
0.135
0.074
0.036
2.366
2.252
0.035
0.406
0.07
1.649
0.633
0.248
0.065
5.612
0.324
4.764
5.134
1.998
0.081
0.779
5.607
0.119
0.525
0.078
0.534
4.043
2.867
4.491
0.145
2.649
8.602
5.306
0.105
0.203
3.922
0.051
0.061
0.425
0.097
2.763
3.25
3.006
0.267
0.668
5.703
0.055
4.671
2.248
0.117
0.25
12.168
0.15
0.268
0.031
3.761
0.52
11.584
3.282
0.308
7.016
0.898
4.08
1.037
7.35
1.6
0.329
1.617
14.825
9.546
0.854
0.024
5.407
0.494
0.013
0.013
10.991
4.753
1.24
0.855
0.085
1.959
0.314
1.253
1.222
0.073
0.043
0.181
0.67
0.053
0.473
0.134
0.762
1.881
3.954
0.141
0.803
1.264
0.044
2.941
0.022
2.5
6.095
1.551
1.727
4.095
0.689
1.141
0.196
6.534
0.096
0.176
1.991
0.163
0.536
0.08
0.247
0.21
0.096
0.087
9.466
1.808
5.078
0.038
0.167
4.338
4.305
0.128
0.124
3.928
3.102
1.387
0.277
0.09
0.192
0.672
2.733
2.168
0.041
18.407
15.488
0.201
4.242
3.288
0.223
1.74
3.422
4.254
0.027
1.381
1.46
5.51
1.512
2.167
0.088
0.142
0.336
0.869
0.15
8.157
0.333
0.017
0.192
0.019
1.215
14.167
0.221
0.362
0.124
0.162
1.464
4.174
1.428
0.78
0.078
0.724
0.178
0.04
0.249
0.094
0.649
0.221
4.423
0.387
0.138
2.874
3.632
0.097
6.258
0.908
0.449
0.43
0.443
0.067
1.503
1.923
3.067
0.085
1.43
3.695
1.77
0.059
0.23
0.901
8.893
0.043
3.158
2.856
0.02
1.412
4.389
0.018
1.083
0.708
10.461
0.098
0.835
0.157
0.062
0.107
0.383
2.427
0.11
0.212
6.004
0.811
0.084
0.163
0.723
0.028
0.224
0.238
0.066
0.709
0.736
0.217
1.318
0.036
1.337
0.068
0.748
12.134
0.039
0.105
0.891
0.193
0.129
0.629
0.018
1.808
0.956
0.155
0.024
3.898
0.095
2.502
1.651
0.059
0.256
0.218
0.694
7.849
0.331
0.831
0.324
3.193
0.091
0.154
0.029
2.795
0.089
0.677
0.763
0.154
2.127
8.761
8.435
0.036
0.079
0.762
2.791
1.861
3.831
2.814
8.947
2.71
3.75
8.646
0.849
0.973
1.382
0.121
0.078
2.108
1.763
0.736
0.041
2.479
0.193
0.081
6.242
0.108
3.421
0.076
0.16
2.047
0.428
3.443
0.61
0.127
0.173
0.404
4.769
0.551
0.086
4.072
0.026
0.867
3.525
1.119
0.075
1.515
3.174
7.165
5.329
0.266
0.768
0.11
4.511
0.022
11.711
4.788
5.092
0.218
1.048
0.966
0.065
0.04
0.085
0.094
0.142
3.536
1.523
0.718
0.574
0.098
0.449
0.106
0.292
0.648
6.98
6.731
0.466
1.648
2.272
2.798
1.59
6.448
0.189
2.48
0.478
6.875
5.929
1.089
6.018
1.08
4.163
11.503
0.203
0.306
3.875
1.25
0.054
3.904
10.283
0.539
2.333
0.079
0.16
3.116
0.407
0.514
0.404
0.24
0.693
0.035
7.784
3.197
8.387
0.788
8.021
14.18
1.437
0.065
0.983
0.213
0.431
0.44
1.12
0.035
1.845
7.889
0.493
0.667
5.821
4.642
4.617
5.334
2.121
0.044
0.366
1.439
0.148
0.035
2.58
0.051
0.189
0.075
0.053
0.052
4.023
0.028
0.111
0.624
9.162
0.09
0.114
0.868
0.07
0.298
6.949
0.095
0.068
0.044
0.116
7.312
2.435
1.787
0.023
0.369
0.111
7.675
1.122
4.473
1.976
4.524
1.186
0.065
15.664
1.185
0.163
1.318
2.588
1.426
2.037
2.78
0.198
0.57
11.159
0.304
1.881
1.282
0.064
0.813
2.106
0.818
0.811
7.669
7.444
0.151
0.569
1.697
0.093
1.476
2.856
0.12
1.38
0.148
0.7
0.216
0.062
4.073
8.189
0.199
0.155
3.135
0.098
0.054
3.536
0.11
0.059
0.075
3.809
0.608
2.508
1.132
2.494
0.017
0.937
6.596
1.436
0.123
2.394
6.203
0.024
2.472
0.042
14.644
0.762
1.664
4.05
1.568
0.067
7.682
0.148
2.63
0.221
0.04
4.723
1.949
0.258
1.231
0.16
0.227
1.479
0.135
4.622
1.103
5.241
0.122
1.868
2.268
4.803
0.777
0.078
0.177
0.783
0.088
5.174
0.196
0.254
0.513
0.129
0.155
0.202
1.87
0.048
0.122
7.601
0.089
0.345
0.803
0.073
1.665
0.251
0.67
0.9
1.87
0.094
0.055
0.06
2.043
1.084
3.529
0.446
0.957
0.418
0.087
7.994
5.913
0.115
0.182
1.213
0.091
1.662
0.25
0.057
3.116
0.434
9.549
0.131
1.007
0.381
3.878
2.548
4.552
0.093
14.892
0.255
4.79
0.05
0.461
1.464
0.133
0.518
5.324
0.071
3.422
8.43
6.401
0.126
1.439
0.503
3.971
0.203
0.04
5.163
0.095
0.064
5.468
0.342
0.467
1.82
0.21
7.023
0.125
3.784
0.158
4.844
0.682
0.053
5.173
0.447
0.134
2.36
2.231
1.19
1.045
0.19
0.067
0.1
0.144
2.779
4.948
0.431
0.775
0.076
4.506
3.065
0.048
5.55
1.674
2.569
3.135
0.086
3.002
0.955
0.059
5.549
4.205
0.056
1.428
0.139
0.272
0.415
1.191
0.083
4.454
21.154
0.094
0.322
1.118
4.774
2.132
3.197
2.892
5.947
2.412
0.342
1.276
0.035
0.875
3.395
1.237
4.366
15.479
0.127
8.074
0.465
1.979
0.652
0.191
2.436
1.222
0.506
0.021
1.431
2.86
1.709
3.999
0.128
0.163
3.153
0.695
0.198
0.061
2.099
0.473
3.791
5.92
2.773
6.03
0.058
3.467
0.414
1.412
1.193
3.069
0.398
0.053
0.064
10.927
0.069
3.126
3.578
1.957
0.055
0.931
2.325
2.108
7.103
0.325
0.062
0.136
0.044
0.049
1.59
0.118
0.36
2.6
1.139
0.073
0.033
6.485
0.037
3.771
7.474
0.127
0.165
0.106
1.547
0.084
0.047
0.029
2.142
1.279
1.284
3.244
9.374
1.776
3.614
0.05
0.404
0.036
0.035
1.693
0.126
2.035
1.005
1.155
0.365
0.092
1.306
0.063
0.409
0.297
4.756
2.031
0.627
0.695
1.477
0.129
0.035
1.707
5.555
3.498
14.2
0.155
0.189
0.179
1.288
0.415
0.556
0.401
0.546
0.995
0.515
0.103
0.219
0.06
1.04
0.43
2.362
8.012
0.15
0.879
0.251
2.246
0.142
2.913
7.677
2.114
3.822
3.767
0.863
1.042
0.425
0.728
0.979
0.195
1.171
5.05
0.07
0.069
0.065
0.188
2.286
0.078
0.194
0.347
0.087
0.018
0.105
5.227
4.328
2.47
0.586
1.034
0.098
1.067
0.629
5.225
1.648
1.667
0.184
0.13
2.632
0.68
5.304
1.115
0.647
0.893
0.647
2.476
9.107
0.432
0.48
0.081
8.42
2.918
0.449
0.057
4.847
1.473
0.14
0.741
2.197
3.909
0.425
6.207
0.064
0.908
1.769
0.048
2.264
0.055
3.89
0.872
0.064
0.558
0.185
0.028
0.054
1.979
0.212
0.065
0.959
0.75
2.293
4.145
0.027
4.765
0.455
0.117
0.102
0.755
1.111
0.174
0.039
1.437
4.743
0.083
0.089
0.679
14.827
0.748
0.943
17.459
0.324
2.586
0.042
4.172
1.211
3.174
6.72
1.173
0.88
0.708
4.555
11.709
6.453
0.86
0.408
0.571
0.213
0.049
0.1
1.187
1.541
5.806
3.361
0.761
0.103
0.241
2.239
0.058
0.058
1.003
1.736
0.085
1.951
3.073
1.717
3.714
2.195
0.147
0.972
0.382
14.702
7.101
1.489
6.884
1.161
19.359
0.105
0.038
0.545
0.186
0.565
0.99
1.312
0.461
0.787
0.189
1.737
0.223
0.875
0.12
2.033
0.37
0.092
0.415
0.055
0.158
1.272
1.716
0.512
6.031
2.201
10.46
19.957
7.842
0.036
1.401
0.541
0.357
1.789
1.62
0.113
7.542
0.096
0.099
0.778
0.533
0.382
0.528
6.737
0.607
2.909
0.153
0.065
0.055
9.692
3.73
1.065
7.401
3.618
6.774
3.473
1.327
4.788
0.094
7.791
0.71
0.699
0.875
1.491
0.075
3.007
0.065
1.629
0.122
6.326
2.029
9.08
0.122
1.78
0.289
0.081
0.073
0.049
0.116
0.937
0.15
0.188
0.27
0.06
0.278
0.9
0.153
1.277
0.342
4.668
2.645
4.534
4.851
0.949
0.64
0.271
1.701
0.231
0.146
0.188
8.389
10.655
6.957
4.386
0.479
0.268
0.559
0.443
5.99
3.107
1.914
0.161
0.713
0.121
0.117
4.912
0.332
1.427
1.005
7.917
2.771
0.052
0.269
2.731
0.187
0.075
0.571
1.131
0.15
3.423
1.932
3.484
0.073
5.377
2.065
0.096
0.366
0.062
0.417
1.369
0.782
5.066
0.105
3.693
0.058
3.027
0.346
3.44
1.451
17.817
0.701
1.072
0.29
3.367
1.073
1.08
0.067
1.097
0.503
0.274
0.055
0.013
0.056
6.427
0.036
3.057
3.035
11.059
0.015
0.254
2.22
0.339
1.692
1.528
0.157
2.248
21.346
0.224
2.014
0.259
1.364
0.498
1.5
0.119
0.946
7.692
0.101
1.629
2.48
0.28
1.782
0.54
0.898
15.568
0.049
0.049
0.318
0.4
6.456
1.192
0.115
4.198
3.955
2.742
0.128
0.827
0.536
0.685
0.033
0.114
4.596
0.931
0.215
0.131
0.039
10.054
3.425
0.626
1.018
10.81
1.068
0.323
0.408
0.09
0.046
0.188
2.173
0.155
3.31
0.083
0.029
7.718
3.052
1.062
0.323
1.002
0.053
1.601
16.082
0.618
0.868
0.132
0.275
0.668
0.242
0.365
0.542
2.662
1.928
0.169
3.734
0.115
0.126
0.057
0.171
11.426
0.07
0.086
3.137
0.264
0.276
0.494
6.451
2.447
0.125
0.089
0.098
1.553
0.741
1.556
1.575
0.081
6.411
2.894
0.064
0.054
10.188
0.088
0.166
0.201
6.219
0.158
0.086
4.407
0.229
1.484
15.443
4.796
1.196
7.436
3.301
0.098
0.519
2.195
0.038
0.43
0.175
0.077
0.052
2.401
0.099
3.265
0.29
0.107
0.113
4.095
0.095
2.345
0.033
0.069
0.068
7.508
0.04
0.057
2.778
0.031
2.948
0.318
2.496
0.767
8.299
0.202
7.876
4.707
4.718
1.056
0.077
2.323
3.801
0.055
0.31
3.43
0.106
0.798
6.769
0.084
1.09
2.602
2.701
0.066
0.09
0.044
0.109
1.611
1.056
1.397
9.814
0.15
0.353
0.188
1.016
2.736
0.456
0.568
5.792
0.173
0.094
1.282
1.856
1.245
0.065
1.55
1.844
0.272
0.943
0.059
0.42
0.081
10.153
0.954
2.453
0.402
7.668
3.986
0.09
0.142
5.157
0.096
0.369
0.145
1.98
0.525
3.875
0.388
13.907
12.133
6.258
1.167
6.582
0.137
9.718
2.122
0.057
0.078
1.844
1.433
2.887
0.236
0.726
4.753
1.874
0.057
0.174
2.256
0.163
2.081
0.861
0.531
0.046
0.135
0.268
1.396
0.207
1.432
6.141
0.042
0.159
4.773
3.476
5.353
1.026
0.113
0.063
1.332
0.208
0.171
0.175
3.014
0.167
0.855
2.579
1.246
1.151
0.856
3.379
0.148
1.165
0.435
2.747
0.462
4.08
0.17
2.818
15.44
0.709
0.095
0.335
0.298
2.085
0.077
5.099
2.052
0.524
11.463
7.887
0.922
0.442
1.712
4.145
0.7
0.063
0.33
0.225
5.847
4.875
1.866
0.052
0.388
6.517
0.726
5.196
3.901
0.337
1.358
0.097
16.042
0.52
0.286
1.337
0.138
2.153
0.172
0.049
0.314
0.661
0.422
14.388
2.403
0.378
7.641
0.147
0.023
0.126
3.913
2.55
13.041
0.032
5.959
0.963
0.628
1.751
0.067
0.183
0.021
0.017
3.307
1.074
2.502
0.918
1.495
7.771
0.771
0.088
4.698
1.623
2.336
0.277
0.064
0.072
8.158
2.064
0.067
7.573
1.586
7.097
1.449
0.022
4.722
2.3
6.719
0.079
4.775
0.961
0.045
0.122
9.593
18.583
0.153
0.092
2.988
0.106
0.374
0.186
3.418
0.924
0.199
0.06
0.2
0.056
0.083
2.35
1.888
2.559
6.963
1.071
0.665
0.919
0.482
7.817
0.401
2.176
0.831
2.248
8.064
1.61
1.92
3.048
0.938
1.168
0.197
0.12
0.071
1.157
9.676
3.87
2.869
0.143
0.269
1.372
0.251
0.222
5.66
6.556
0.281
5.243
0.107
0.06
0.101
0.131
0.486
0.172
0.143
0.351
0.214
1.261
0.428
25.545
0.559
0.041
0.237
0.327
3.63
2.279
0.076
0.043
0.817
0.083
0.764
0.038
1.674
3.883
0.065
0.242
0.145
2.407
0.068
1.443
0.058
0.937
0.164
0.871
0.089
6.129
0.19
2.555
1.082
7.416
0.2
0.648
1.206
0.078
12.493
5.104
1.289
1.474
0.927
0.307
3.266
1.942
0.138
0.973
3.425
0.076
0.108
0.049
1.286
0.966
1.199
0.072
1.05
0.834
2.648
0.257
6.163
1.132
0.129
3.649
0.15
1.59
0.097
0.508
1.936
0.032
0.268
0.056
0.113
1.511
2.754
2.806
1.147
1.297
5.112
0.307
3.953
0.052
1.995
0.507
2.248
2.301
0.364
0.436
0.053
0.256
0.059
0.248
2.108
0.12
0.139
2.295
2.238
4.958
1.577
2.342
2.987
0.217
3.284
0.029
0.137
0.623
0.073
4.137
0.091
1.942
0.036
1.091
5.649
0.151
0.122
5.977
0.026
3.317
0.016
1.862
1.03
6.554
0.06
0.926
1.43
0.056
1.058
0.167
0.125
0.382
3.072
0.032
1.886
11.049
1.119
0.037
0.309
0.82
8.995
4.624
0.285
0.249
0.091
4.469
0.07
0.239
0.345
2.317
0.913
4.311
0.099
0.017
0.778
1.939
0.158
0.234
0.043
0.097
1.91
2.661
3.643
5.359
0.681
3.413
0.356
0.223
1.717
0.141
0.927
3.879
5.376
0.03
0.644
1.059
0.168
2.701
0.134
2.896
1.147
0.215
0.988
1.835
1.18
0.041
3.964
1.437
0.183
0.106
4.82
0.147
0.114
6.249
6.861
1.039
2.061
7.701
0.221
5.725
0.162
0.208
0.476
7.75
0.166
5.275
0.126
1.738
1.352
0.722
3.165
1.444
1.767
0.062
1.625
0.665
0.183
2.937
4.284
0.074
0.12
0.049
2.671
2.104
0.183
0.657
5.188
3.503
1.62
0.232
0.218
4.424
5.422
16.468
0.096
1.756
0.631
15.143
0.039
2.261
5.714
2.19
0.091
7.451
0.218
0.099
0.036
2.289
0.662
5.871
2.2
0.155
0.103
11.857
0.225
2.212
0.075
4.905
0.199
0.057
0.037
0.506
1.312
0.07
4.468
7.039
0.047
2.529
6.766
0.021
6.686
0.322
0.159
0.191
0.059
18.099
0.181
1.339
0.073
1.16
3.401
2.176
4.719
3.888
1.925
0.811
0.386
0.206
5.828
0.168
3.449
0.533
2.197
0.03
1.207
0.035
4.114
4.221
0.097
0.308
1.257
1.444
0.385
0.641
0.794
0.119
4.527
0.341
0.366
0.185
0.084
0.293
0.546
2.878
6.236
0.027
0.287
2.589
0.66
2.866
3.509
0.565
1.692
1.879
1.384
4.086
0.119
7.048
3.975
1.273
1.242
0.554
0.115
0.311
0.534
0.047
2.273
0.073
2.276
0.72
1.288
1.813
0.071
10.011
1.307
0.123
13.435
8.466
1.875
1.584
0.99
3.291
0.068
15.616
0.287
0.11
1.286
3.848
0.947
2.947
0.823
0.339
1.306
5.322
8.643
1.533
1.877
0.522
0.425
5.616
0.215
1.279
2.511
0.647
0.072
1.681
0.11
0.266
0.156
3.07
0.147
11.034
17.212
8.229
0.984
0.676
0.107
0.189
0.905
1.933
2.732
0.243
0.317
0.213
3.646
0.355
0.091
0.111
2.24
0.047
0.139
0.145
8.381
0.233
0.398
0.546
1.497
7.741
0.601
0.691
0.497
2.011
0.178
0.087
6.298
0.644
0.047
9.21
1.068
0.351
3.716
0.076
1.353
0.622
1.315
0.696
0.112
0.192
0.172
0.566
0.108
0.06
4.807
5.057
1.669
0.532
8.851
0.04
1.577
0.033
0.865
0.103
4.332
0.532
3.466
0.271
1.429
0.405
0.102
4.219
5.362
5.874
0.503
6.713
0.053
3.058
0.11
0.041
2.361
1.007
0.292
2.216
0.047
0.769
0.512
1.824
0.07
0.177
0.851
6.767
3.201
0.036
11.859
1.213
0.818
1.489
2.616
0.188
0.698
1.38
0.774
1.588
0.223
1.54
4.667
0.045
4.245
0.508
0.88
1.035
5.215
1.1
2.11
0.066
0.96
0.085
1.422
0.027
2.716
0.279
0.028
0.11
1.581
4.993
0.092
0.197
3.838
0.109
0.108
10.096
0.123
0.623
0.314
2.807
1.558
0.708
0.145
0.575
5.999
0.718
6.464
0.129
0.239
9.717
0.576
0.072
0.102
0.665
0.057
2.561
0.262
1.628
7.228
0.442
0.081
5.377
2.817
0.127
2.554
4.24
2.401
0.648
3.476
0.77
0.147
1.583
0.268
0.454
0.709
10.557
0.09
0.175
20.479
0.043
6.008
0.591
0.732
2.012
0.148
1.67
2.547
3.093
1.319
1.645
1.172
1.128
1.121
0.069
0.03
2.127
4.777
0.11
2.254
4.384
0.049
0.037
3.907
0.39
10.667
0.18
1.207
0.378
3.701
0.083
4.418
0.054
0.361
2.019
2.698
3.022
0.892
0.166
0.233
0.041
2.763
0.197
0.082
0.213
0.289
3.582
0.053
3.839
1.111
1.372
14.313
0.973
0.037
0.095
0.18
5.963
5.59
0.038
2.056
0.136
3.781
1.44
2.335
0.516
0.044
4.378
0.793
0.023
0.133
2.594
4.839
5.209
0.138
1.593
1.362
2.044
0.504
0.117
0.543
0.527
0.048
3.731
1.075
6.146
0.293
0.022
2.542
0.057
1.842
3.859
0.138
0.281
0.087
0.278
4.311
0.228
3.814
0.053
0.603
0.239
1.209
0.072
0.401
0.067
1.514
1.825
0.19
4.034
1.657
3.355
0.251
0.185
0.134
1.551
12.519
1.242
0.466
0.138
10.31
2.383
1.729
0.014
10.854
0.181
1.614
0.085
0.457
2.347
0.035
3.72
0.052
0.609
0.273
2.29
0.239
0.338
4.243
1.361
0.488
1.953
2.919
2.75
4.856
0.537
2.632
0.504
1.295
4.368
1.041
0.027
0.16
6.053
0.168
0.806
0.726
0.095
0.132
1.35
0.204
3.572
0.09
1.531
3.333
1.592
1.892
4.893
4.265
0.827
0.136
2.465
0.083
3.04
0.398
0.119
0.089
4.972
10.002
6.745
0.322
0.026
1.353
0.839
1.68
1.022
3.313
0.179
0.056
0.079
12.585
0.574
0.761
0.17
0.186
3.933
4.097
0.281
1.223
1.629
0.201
0.825
0.029
0.079
5.396
0.065
0.093
1.528
0.335
2.964
1.429
0.5
0.047
3.696
1.27
0.095
0.198
1.414
2.484
1.703
0.222
0.125
0.635
1.695
0.045
0.119
0.203
10.379
0.147
0.132
0.537
0.12
4.44
0.1
1.256
3.396
0.603
3.892
1.654
8.902
0.27
6.744
0.501
0.023
0.092
2.045
3.692
4.891
1.249
0.35
0.226
4.355
8.124
0.021
8.456
0.691
0.078
1.715
1.756
0.164
14.001
3.857
2.746
0.07
4.089
1.46
0.103
0.319
5.108
3.512
4.709
0.226
0.122
0.11
1.348
0.012
4.269
0.028
7.352
0.706
0.044
3.312
0.102
0.045
0.09
15.419
0.033
0.986
2.637
1.318
3.113
0.279
0.931
0.19
2.224
3.201
0.1
3.484
0.032
0.161
0.036
6.212
0.205
0.073
6.16
15.944
0.306
0.237
0.535
0.705
0.221
0.244
0.77
0.058
0.623
1.959
0.066
0.768
0.045
4.499
0.478
0.211
0.267
0.063
1.128
0.746
0.715
1.259
0.067
7.579
0.11
0.441
1.492
0.129
0.059
1.33
5.213
0.117
0.065
8.255
0.468
0.148
0.053
0.329
3.29
0.044
6.28
4.355
0.14
4.635
0.209
0.533
0.939
0.022
3.146
0.315
0.03
0.173
0.096
1.944
2.781
5.959
0.054
1.163
0.183
2.17
0.181
0.103
4.998
0.453
0.278
6.888
4.433
0.749
0.099
1.738
6.283
0.031
2.624
1.165
0.072
0.224
2.185
0.066
0.815
0.237
0.101
3.882
0.094
11.129
0.033
0.116
7.057
7.909
2.135
0.106
0.166
3.864
3.301
5.937
0.05
3.813
0.687
0.16
0.058
0.087
3.921
0.101
6.318
13.054
4.337
0.031
0.071
1.56
0.153
0.032
0.036
0.059
4.932
3.044
0.343
21.69
0.072
0.702
0.193
0.872
2.915
0.391
0.412
8.404
0.076
1.335
0.047
1.435
0.374
0.847
0.044
1.132
0.299
3.811
0.968
0.543
0.197
0.91
3.303
0.04
0.065
4.108
0.13
4.474
0.076
0.069
1.513
3.575
0.378
1.448
5.825
0.039
0.961
0.763
1.745
0.07
2.982
0.207
1.973
1.566
0.22
2.384
0.064
0.972
0.066
0.759
8.474
0.191
3.048
3.319
0.081
7.637
4.264
6.656
0.079
7.107
1.318
0.799
0.118
0.179
0.476
3.724
0.08
2.768
3.892
2.653
0.187
5.5
5.18
0.053
9.4
8.862
8.76
0.145
0.588
0.031
4.115
0.719
0.14
0.14
2.75
0.031
0.227
4.701
0.412
2.154
2.181
6.933
0.036
0.043
0.605
0.114
0.044
0.276
0.04
3.118
0.263
0.086
5.482
0.446
0.029
2.234
1.071
0.233
8.476
1.758
6.485
0.289
0.062
1.685
5.133
0.082
2.64
3.092
3.516
1.652
1.607
5.014
0.627
1.494
1.771
5.464
0.124
3.8
0.049
0.098
9.205
0.038
0.833
1.012
8.819
0.209
3.594
2.934
0.618
1.673
0.134
0.718
0.179
0.759
0.09
5.751
0.499
2.829
4.622
1.59
0.024
8.048
2.19
0.81
2.036
0.21
0.063
1.3
6.661
0.194
0.11
3.328
0.425
0.055
0.389
3.332
0.063
2.931
0.086
1.279
0.086
0.095
6.586
0.073
0.051
4.885
6.542
4.008
1.203
0.147
0.055
1.431
0.5
0.113
0.12
0.184
1.867
0.294
4.79
0.353
1.351
0.23
0.111
0.957
1.041
1.165
0.057
0.074
0.807
0.346
0.105
3.821
1.688
0.846
2.355
0.025
0.188
0.049
0.08
0.696
7.066
1.161
3.93
12.046
0.913
0.164
0.676
5.244
1.366
8.553
0.077
8.351
0.126
0.054
0.648
0.216
0.066
0.436
1.257
0.949
5.875
3.734
1.841
4.537
0.21
4.972
1.235
0.865
12.791
6.533
4.27
2.469
0.019
0.052
6.513
4.533
3.142
0.176
0.358
0.89
1.331
4.085
0.999
0.046
2.168
0.07
0.289
0.576
0.201
1.026
0.626
2.845
0.131
0.339
6.625
1.64
4.743
0.06
0.5
0.028
1.086
0.471
0.853
7.007
0.526
5.418
0.52
0.887
12.003
1.825
1.528
0.992
0.637
0.189
3.82
4.539
3.929
0.237
0.256
0.084
0.748
0.287
0.409
6.039
5.763
4.341
4.175
3.708
3.673
1.663
1.329
0.042
1.176
9.464
1.244
0.26
0.049
0.083
10.047
8.506
0.07
0.232
8.693
1.578
0.071
1.278
0.578
1.794
1.866
1.219
0.106
1.52
1.288
0.291
1.202
0.629
0.176
4.241
0.745
0.04
0.114
0.164
10.136
0.132
0.038
6.492
2.73
1.273
2.727
0.1
0.438
2.602
6.605
1.824
4.597
0.284
0.077
0.027
0.963
0.344
0.164
1.832
0.148
6.396
6.998
0.81
0.542
1.19
0.667
0.139
0.274
0.926
1.308
0.272
2.02
0.095
1.841
4.781
0.247
1.458
0.057
0.137
2.571
0.029
0.06
3.414
0.543
0.089
0.037
2.426
0.096
0.051
1.109
0.097
0.052
0.098
0.556
8.211
0.091
4.758
1.049
2.859
6.41
0.071
0.789
0.488
6.094
3.908
6.015
0.475
0.029
5.942
1.945
0.08
2.404
0.508
0.538
1.742
0.039
1.36
5.251
5.196
0.447
1.521
1.613
0.311
0.121
0.03
0.119
0.361
9.827
0.051
2.316
0.063
2.413
12.982
5.769
0.101
6.258
0.134
2.625
0.412
2.409
1.281
0.667
0.122
0.076
0.049
2.378
0.161
0.108
0.031
1.23
0.102
0.108
9.877
0.102
0.135
1.743
0.232
4.612
0.123
0.584
0.031
1.058
0.649
3.076
5.455
0.023
1.571
0.114
0.034
1.659
0.473
0.411
0.093
5.517
0.025
6.217
1.279
5.066
1.582
0.023
4.471
0.411
0.617
0.389
2.779
3.666
4.889
4.299
0.837
0.079
2.516
0.042
0.138
0.049
1.824
1.241
3.957
0.597
8.926
0.109
7.035
0.039
1.286
11.275
4.59
8.489
0.499
0.026
1.853
6.179
0.696
0.153
0.03
1.598
0.05
1.217
0.194
3.083
0.067
1.594
0.62
1.072
0.16
0.143
2.088
0.07
14.094
0.161
0.681
0.072
0.029
0.157
0.043
0.658
0.896
0.736
1.696
7.155
0.775
0.207
1.377
0.065
0.187
1.521
0.165
0.128
4.534
0.017
4.095
4.81
0.932
0.085
0.619
0.675
16.381
5.706
3.561
0.1
0.242
17.149
2.17
0.023
0.229
7.513
0.333
4.371
2.922
3.765
1.28
0.073
2.597
4.838
1.301
0.118
0.694
1.275
8.505
2.469
0.892
0.402
0.058
0.581
0.036
1.878
0.209
4.815
0.05
3.125
9.613
6.911
0.153
0.938
3.403
3.519
0.537
0.713
6.915
0.175
9.133
1.385
0.068
0.085
0.945
4.316
0.125
1.35
0.277
0.058
1.626
9.041
0.083
1.606
0.736
3.982
0.092
8.217
3.878
2.816
0.101
0.062
0.015
0.052
12.605
11.358
10.929
1.393
0.025
0.028
0.056
0.566
2.799
0.132
0.223
0.073
0.021
0.115
0.143
1.084
0.538
8.291
0.111
1.722
0.251
6.599
0.162
4.83
10.711
0.366
0.185
0.149
7.327
0.03
0.052
0.051
6.186
4.4
10.748
1.696
1.293
3.039
9.828
1.032
3.624
0.046
0.114
0.934
0.363
0.936
0.054
5.903
0.033
7.021
0.178
3.752
7.611
0.54
5.522
0.797
0.192
0.071
3.5
0.222
0.39
1.862
0.75
1.003
0.098
2.054
0.026
0.068
0.693
1.287
0.478
0.402
0.935
2.305
1.154
2.31
4.297
1.223
1.548
6.786
2.713
1.172
0.935
0.075
0.283
0.955
5.562
0.353
1.275
8.301
1.28
1.139
7.544
0.763
0.579
2.596
0.04
2.466
0.242
0.182
0.343
2.778
0.048
11.42
3.682
0.19
3.91
0.029
1.263
0.179
3.493
7.37
2.862
1.015
2.377
0.689
0.069
5.138
1.885
1.32
0.043
4.798
4.48
18.01
2.993
0.208
4.362
0.122
0.225
0.671
2.012
4.9
0.025
0.045
0.103
2.55
0.508
2.754
3.132
0.045
0.089
0.19
0.039
0.116
1.658
0.292
5.241
0.119
1.088
4.375
0.073
1.015
1.053
10.471
0.812
0.027
0.024
2.748
0.708
0.298
6.053
13.805
0.282
0.425
0.96
5.167
1.283
0.329
0.704
0.043
6.327
14.266
0.142
1.643
3.782
1.452
2.81
0.175
0.68
0.032
0.397
1.867
0.265
5.106
1.198
0.119
0.055
0.028
16.708
0.049
3.188
3.329
2.679
0.065
0.154
0.268
5.972
0.866
3.273
9.509
2.184
0.716
0.424
1.494
1.32
2.783
0.132
15.466
8.406
13.062
0.122
5.76
9.175
2.222
0.153
8.495
0.133
0.634
0.785
0.029
0.134
9.273
0.599
0.138
0.629
0.485
0.047
1.0
0.751
0.958
0.024
3.226
0.085
1.513
2.435
0.418
7.345
0.052
5.15
3.682
0.053
0.26
0.68
3.183
0.257
1.596
6.074
0.664
0.071
0.792
0.085
6.626
0.168
2.092
10.406
0.979
0.112
0.091
0.286
14.189
9.344
0.101
4.672
0.078
0.798
0.076
2.636
0.189
0.769
0.046
0.08
9.597
0.221
0.18
2.977
7.294
3.852
3.089
2.637
2.729
0.058
0.178
0.659
0.045
0.285
0.039
0.495
0.066
0.361
0.272
0.047
0.038
0.488
0.219
2.831
0.375
1.166
0.205
10.461
0.309
0.591
3.112
4.789
0.037
0.031
0.253
0.082
0.141
0.834
6.015
0.091
0.461
1.63
0.034
2.376
1.673
5.537
0.127
1.546
0.062
0.759
4.243
0.189
0.109
0.117
0.038
4.041
0.086
0.054
11.621
0.984
3.383
3.423
0.34
0.068
0.077
0.086
4.621
0.149
0.074
1.545
1.558
1.154
3.379
0.409
0.397
6.444
6.628
2.079
1.456
2.608
0.224
6.56
0.302
4.08
0.761
2.606
11.586
2.325
0.471
10.596
0.492
0.05
3.453
2.445
0.255
4.912
0.993
1.612
0.199
0.117
0.137
4.663
0.071
0.901
0.031
6.245
2.885
0.251
5.887
3.517
4.589
2.473
1.679
4.959
0.043
7.729
0.711
1.727
2.878
4.136
1.227
1.07
0.085
0.016
0.521
9.854
2.582
0.12
0.623
0.153
2.071
0.625
2.464
0.291
6.04
3.582
0.119
0.141
1.736
0.217
2.075
0.738
0.301
1.402
1.479
2.47
1.323
0.045
2.966
4.603
0.122
0.965
4.607
0.028
0.276
1.855
1.556
0.061
0.244
0.042
0.053
0.204
1.075
0.583
0.05
10.907
2.682
10.503
1.65
1.086
0.888
0.403
0.174
0.921
3.603
2.859
0.045
0.093
1.414
11.985
0.106
2.476
0.042
4.197
2.255
1.633
0.189
1.413
1.362
0.812
0.357
2.964
5.334
0.809
0.631
0.519
0.028
1.594
0.028
0.257
0.097
0.09
0.386
0.094
1.238
1.839
0.205
0.15
0.884
1.525
8.768
2.582
0.016
3.609
0.141
1.342
0.732
12.392
3.651
3.52
0.072
4.185
2.909
4.419
2.958
1.946
0.308
0.108
0.197
1.148
0.084
0.172
0.312
0.668
3.673
0.066
2.123
0.152
0.528
8.936
0.13
1.481
1.544
0.057
0.169
0.609
0.041
3.531
1.169
0.071
0.16
0.19
5.241
0.11
1.697
0.072
0.087
9.37
5.95
0.869
0.796
1.013
2.982
0.072
2.289
1.627
0.375
6.806
1.554
0.196
4.557
6.526
0.155
0.624
0.542
5.57
1.296
2.984
0.042
1.693
3.925
8.048
0.069
1.454
2.76
7.89
0.653
0.774
0.816
3.184
4.264
1.425
1.113
4.406
8.47
2.786
0.021
1.593
0.067
5.879
1.757
0.207
0.434
0.174
0.448
3.542
0.302
8.659
0.526
12.732
0.111
0.027
0.766
0.106
0.235
4.578
1.354
0.09
0.563
0.039
4.75
0.88
1.396
0.684
0.028
1.258
0.082
5.202
3.665
5.246
0.282
0.929
0.503
8.111
8.218
2.017
2.328
0.123
0.283
0.158
0.053
1.185
3.265
1.775
3.104
2.236
7.122
0.237
1.607
0.371
9.222
12.741
3.929
7.829
0.705
5.539
0.03
0.912
0.064
0.278
0.106
0.184
7.324
0.554
0.32
1.382
0.357
1.666
1.194
0.064
0.382
4.487
0.197
2.095
3.488
0.212
1.97
0.12
0.071
5.145
0.886
0.019
2.159
0.37
1.157
1.684
4.201
0.783
1.755
0.185
1.288
1.311
4.571
1.231
4.84
3.015
7.057
0.121
0.031
1.332
0.097
10.27
1.974
3.399
3.432
0.074
5.298
3.205
1.802
1.513
0.027
0.175
0.706
2.978
0.335
1.976
0.745
0.151
0.652
0.098
6.735
0.767
0.832
0.397
9.442
6.75
2.493
1.71
0.678
0.096
0.584
0.669
0.719
6.506
6.118
0.233
5.826
1.937
0.27
0.023
0.766
0.615
0.478
0.193
0.885
0.284
4.445
0.467
0.197
1.074
2.809
0.045
0.701
5.578
1.347
2.636
8.177
1.07
6.137
0.646
1.835
0.086
0.136
0.721
3.475
0.153
0.034
5.062
0.162
0.89
5.833
5.243
2.882
0.085
0.238
0.252
0.223
0.424
0.102
3.616
3.57
1.545
0.03
0.328
0.108
0.939
0.164
3.857
0.371
0.043
0.55
0.839
5.408
1.635
0.092
0.025
2.851
0.315
0.691
0.727
0.184
0.086
0.18
0.231
0.251
0.13
1.676
0.282
0.894
0.303
0.14
0.085
0.444
1.0
0.309
3.244
1.6
0.259
7.886
0.589
1.315
0.042
1.29
2.574
1.155
22.312
10.486
0.021
1.086
4.428
0.186
0.114
5.186
3.295
0.162
4.625
0.026
0.571
4.262
1.251
0.153
2.12
4.696
0.056
4.825
0.117
2.449
2.126
0.102
5.164
4.414
0.222
2.554
1.472
0.081
0.116
0.084
2.304
2.121
0.073
6.239
1.396
4.175
0.22
4.65
8.422
7.238
0.492
1.445
0.029
0.319
0.621
0.21
1.153
0.482
1.237
4.21
0.28
0.069
0.153
1.732
0.383
1.019
6.363
1.305
3.32
4.111
0.197
2.919
2.311
1.363
2.905
1.027
13.317
2.587
1.689
0.947
1.353
0.058
0.361
0.088
0.141
0.336
0.33
0.043
7.345
1.753
0.473
2.225
0.137
0.665
6.179
2.988
1.212
0.527
0.226
4.996
0.097
0.031
2.239
1.254
0.061
0.047
0.055
0.093
1.545
0.104
2.888
0.479
6.415
2.239
0.958
0.509
1.839
0.596
1.945
5.831
0.072
0.376
0.291
0.175
0.531
7.531
0.07
8.291
0.042
0.742
0.121
0.528
0.193
5.743
0.031
0.035
0.237
2.263
0.08
23.115
1.125
1.938
1.355
0.031
3.829
0.034
0.669
0.047
2.397
0.155
3.042
1.091
0.066
7.74
0.952
3.68
0.053
0.028
2.23
2.397
2.216
1.372
0.972
7.378
3.153
6.43
6.516
0.032
0.031
0.042
0.392
1.574
10.658
0.387
0.198
0.315
1.398
0.186
0.156
0.035
1.348
0.216
0.084
0.943
3.729
18.819
0.098
0.179
5.316
0.102
10.969
0.169
3.554
3.521
0.03
0.067
1.978
1.046
0.263
0.237
2.063
6.869
0.051
1.398
2.829
0.063
0.322
10.484
0.903
8.502
0.056
0.114
0.63
0.09
16.524
0.077
1.312
15.788
1.747
0.039
0.092
0.283
0.972
0.683
0.021
7.175
0.059
0.594
0.199
0.072
0.15
1.136
0.132
3.537
0.083
1.762
0.164
0.035
0.132
0.037
1.182
0.064
0.128
0.063
0.828
0.95
0.225
0.514
1.587
0.052
4.407
0.667
2.068
0.122
1.697
0.258
3.358
2.594
3.178
0.825
0.876
1.257
5.385
1.887
3.587
0.404
2.297
6.464
2.131
0.057
0.239
2.997
0.73
0.112
0.058
0.082
4.65
0.081
2.474
0.1
0.287
0.052
3.799
0.248
8.546
1.868
0.192
0.082
0.032
0.027
0.02
6.245
0.436
0.6
4.108
0.961
4.241
2.134
1.455
0.023
1.908
8.632
0.586
3.946
3.122
2.748
0.058
0.312
1.942
0.274
0.097
2.133
4.761
2.086
0.103
3.426
0.281
0.252
4.567
0.665
0.04
8.773
1.511
0.906
0.193
0.174
3.275
3.621
2.285
0.2
7.201
0.051
0.952
4.562
0.052
0.482
0.277
1.054
0.22
3.189
9.407
0.351
5.96
0.537
0.995
0.064
5.561
4.8
0.043
0.345
0.211
7.74
0.114
3.348
0.902
0.24
2.543
6.198
0.024
1.026
6.89
0.06
0.039
5.964
0.174
4.021
0.092
12.487
0.022
14.805
2.522
8.195
6.621
3.48
0.546
0.258
1.901
0.025
0.404
3.54
4.18
0.647
2.593
4.734
0.506
0.114
12.635
0.058
0.399
0.058
0.774
0.024
0.245
0.114
13.453
0.332
0.193
0.281
0.099
4.63
0.081
0.071
12.299
0.362
0.125
1.473
0.785
3.317
1.615
0.281
0.173
0.128
0.311
0.101
0.093
7.022
1.386
0.347
13.549
0.067
0.045
0.09
0.958
19.853
0.25
0.044
1.259
2.583
3.679
3.451
0.118
3.099
0.042
0.056
0.061
6.247
1.986
1.026
10.904
4.708
1.622
1.479
0.958
0.067
2.222
0.087
1.438
3.572
9.865
0.188
4.289
3.419
2.797
1.177
0.138
0.083
0.395
0.66
6.322
7.742
2.623
4.453
0.149
0.244
2.721
2.582
6.665
0.198
1.32
0.072
0.127
0.169
2.376
1.211
0.047
4.28
7.153
8.954
1.038
1.01
0.62
5.857
0.508
3.495
5.34
0.066
0.164
0.114
3.762
0.056
3.705
2.365
2.838
0.034
4.102
2.617
4.464
0.3
0.117
0.183
1.039
0.139
0.147
0.026
2.478
1.057
0.761
2.544
0.167
0.164
0.687
0.029
0.023
0.116
1.293
0.033
0.56
0.842
0.159
0.101
0.402
3.802
4.27
0.315
0.445
0.126
0.696
1.485
1.414
17.652
0.471
0.761
4.194
1.51
0.156
1.757
0.132
1.26
14.786
0.031
0.154
5.557
4.761
1.68
1.203
0.24
3.582
0.731
4.157
0.065
0.172
0.047
0.853
0.041
4.312
0.041
0.439
1.561
0.145
0.041
1.14
1.816
2.473
1.478
2.28
2.823
0.041
0.208
0.058
3.369
0.563
0.06
0.076
0.076
0.947
15.323
0.021
0.336
0.057
4.88
2.472
0.055
0.049
6.22
0.146
0.219
10.436
0.209
1.735
9.76
0.111
1.848
0.162
2.26
4.171
3.403
1.099
6.053
0.177
1.271
0.229
0.467
3.655
4.441
2.45
0.639
0.049
0.419
0.86
0.139
2.377
1.437
0.066
0.047
0.59
0.266
6.324
1.315
0.148
0.059
10.66
0.679
0.306
7.23
1.18
0.866
0.029
0.131
0.647
0.031
9.755
3.867
1.346
0.612
0.599
0.335
1.871
0.034
0.284
0.091
0.963
5.473
0.226
8.946
1.697
0.136
0.25
6.392
1.125
5.637
2.434
16.892
7.598
0.147
6.257
0.096
0.687
4.195
14.913
0.025
0.693
0.724
1.165
1.218
5.988
1.06
0.116
2.282
0.386
1.218
0.118
0.156
12.79
0.855
1.084
16.791
1.291
0.093
0.734
2.497
6.973
0.662
0.066
1.748
0.107
3.652
0.389
1.452
4.588
0.092
0.632
0.179
0.216
5.763
2.867
0.284
6.28
0.531
8.87
0.215
2.914
12.182
1.869
0.226
0.171
2.372
8.918
4.553
0.216
1.973
3.27
0.165
0.817
0.373
0.696
3.244
0.146
0.371
0.503
1.361
0.164
2.167
0.284
4.081
1.527
1.043
0.412
0.599
2.653
4.322
5.676
3.544
0.208
0.072
1.521
0.152
2.891
0.743
1.273
2.913
1.63
0.138
2.873
0.426
7.292
0.08
1.939
0.746
0.232
0.042
0.315
0.164
1.815
0.064
6.946
0.091
0.15
0.338
20.606
1.911
0.042
3.836
0.28
0.362
0.6
2.171
7.397
0.101
3.996
0.193
0.065
0.14
1.071
0.203
2.18
0.162
0.87
0.635
0.064
10.748
0.057
0.642
0.113
7.321
0.102
4.534
4.473
0.168
0.911
0.306
2.276
1.772
8.628
0.06
0.09
6.238
0.137
4.093
0.153
0.978
0.381
4.782
4.202
0.099
0.741
4.706
0.958
0.135
0.697
0.274
2.033
0.325
1.886
0.93
0.514
10.445
0.59
0.145
0.079
0.309
1.608
6.248
0.08
5.498
4.926
0.139
0.519
0.274
7.449
0.535
0.631
3.321
0.231
2.243
4.494
1.724
1.397
0.055
1.151
1.552
3.556
0.115
8.962
1.779
0.852
1.378
0.237
0.547
0.046
4.626
2.36
1.789
0.826
1.455
0.221
2.243
2.298
0.188
2.402
3.32
10.247
0.157
0.091
0.084
0.052
5.291
12.463
5.383
2.011
2.588
0.781
0.968
3.569
0.453
2.301
0.378
10.263
1.949
1.083
0.126
1.17
0.182
0.408
4.63
1.706
2.228
0.201
0.058
3.69
0.06
1.302
0.173
0.26
0.054
3.987
4.063
0.08
3.558
0.026
7.683
2.468
7.794
3.387
1.967
0.837
3.371
8.907
0.058
8.608
1.307
3.42
0.362
3.967
3.376
9.608
1.868
2.324
0.04
0.457
0.205
1.274
5.156
1.102
0.142
0.044
0.018
0.746
1.933
0.396
1.382
0.644
0.929
0.083
0.481
0.416
2.548
0.922
2.977
1.122
12.762
1.057
0.043
0.209
2.872
1.09
0.069
0.076
0.605
11.924
0.128
0.054
0.032
0.043
3.75
0.275
6.745
0.152
2.854
0.08
0.117
0.427
0.03
0.035
0.451
9.13
0.22
5.875
0.582
0.386
0.073
5.359
0.774
0.193
0.142
0.055
0.665
5.269
3.78
1.15
1.053
0.131
0.323
1.506
0.585
0.576
7.129
4.734
0.087
0.059
2.417
0.073
2.589
0.083
1.207
4.36
1.415
2.809
1.957
0.084
2.048
0.294
0.196
0.455
0.737
3.722
0.153
0.073
0.439
0.266
0.471
2.157
3.271
14.062
1.179
8.487
0.133
0.053
0.304
0.233
0.918
1.414
0.061
5.011
0.243
2.007
0.036
2.203
3.99
0.376
1.796
0.49
1.119
0.05
0.751
0.25
0.226
0.043
2.02
0.103
7.398
0.614
10.509
3.326
5.144
0.15
0.592
1.021
1.658
0.272
5.956
1.337
0.077
5.441
1.785
0.914
0.1
4.947
8.512
2.514
7.346
0.645
2.423
1.809
2.081
0.386
0.157
2.307
5.286
0.494
0.994
1.063
1.989
3.747
2.987
7.118
2.039
0.698
0.23
0.163
6.481
0.167
3.753
0.421
0.72
13.955
0.07
3.277
0.102
0.028
2.099
0.217
2.253
0.114
0.874
1.08
0.507
0.129
0.947
0.366
0.168
6.059
3.209
0.196
3.907
3.953
0.75
1.476
5.461
0.195
6.427
0.144
0.345
0.362
0.14
0.039
13.021
4.29
0.73
0.091
0.256
1.863
1.981
0.571
0.809
0.414
0.065
9.024
0.996
8.634
2.711
2.799
8.767
0.701
0.08
0.089
0.284
6.55
0.048
1.734
0.086
2.067
0.034
0.396
9.505
0.034
0.063
5.827
8.048
5.235
0.194
0.077
1.382
0.255
1.834
0.142
0.702
0.842
0.518
0.047
0.204
5.741
0.056
0.779
0.045
0.324
0.184
0.353
0.099
3.581
1.728
0.091
0.075
1.062
0.214
0.135
0.04
4.634
0.027
0.178
0.054
0.087
0.608
1.059
8.166
4.206
7.079
0.271
3.774
0.255
0.112
0.381
4.163
4.064
0.038
8.958
0.454
0.098
5.821
0.271
0.79
0.127
1.564
0.476
3.366
4.118
0.118
0.173
0.22
0.425
0.077
0.422
0.131
0.056
0.256
3.641
0.166
0.487
8.389
0.603
0.062
0.073
0.141
0.661
1.87
0.232
7.113
0.041
0.434
0.797
8.722
0.077
0.056
4.99
6.575
0.373
0.219
0.462
8.828
0.07
0.095
1.916
0.081
3.253
0.037
0.038
6.802
0.859
0.966
3.541
1.738
6.025
1.016
0.597
0.194
0.403
1.238
1.212
0.15
0.105
0.768
3.636
0.601
0.025
1.515
0.485
0.035
0.043
0.142
0.861
4.563
0.37
1.443
8.131
0.33
2.861
1.363
2.592
2.752
0.336
7.565
0.194
5.631
8.502
8.399
0.559
1.758
7.445
0.036
0.389
2.943
0.937
3.779
0.196
0.398
3.26
0.141
0.281
3.333
0.885
2.096
3.507
1.063
0.508
0.212
5.948
0.132
0.16
9.467
2.071
0.109
1.831
0.05
1.736
4.43
0.206
1.036
5.148
2.212
16.53
0.113
1.575
0.308
2.197
0.244
1.649
0.908
0.116
5.706
3.692
0.107
5.489
0.162
0.051
0.35
0.048
2.617
4.068
0.859
0.018
2.478
0.293
4.006
0.479
4.19
1.605
12.043
1.616
0.087
0.682
3.073
2.912
0.217
6.19
2.381
11.329
5.607
3.875
0.101
0.726
0.141
0.156
2.258
0.204
1.358
0.054
2.284
4.135
0.237
0.495
2.446
0.027
3.509
0.805
1.723
5.227
18.223
2.266
1.995
0.227
2.038
0.666
2.289
0.03
0.512
1.843
7.435
1.74
0.779
1.755
1.515
1.156
0.315
0.377
0.712
0.066
3.363
10.383
0.14
0.35
6.006
3.892
0.848
0.255
0.298
0.12
0.169
3.747
0.309
0.113
0.067
0.073
2.913
0.284
4.597
11.754
0.523
2.83
4.979
0.06
0.218
0.232
2.603
2.65
0.166
1.1
0.976
2.458
3.365
0.1
0.098
7.703
1.613
0.44
3.631
5.046
0.328
1.839
5.27
0.438
1.162
0.456
1.966
0.214
1.04
1.302
0.53
10.3
7.425
7.819
0.792
2.981
0.054
0.218
0.101
0.034
0.157
1.007
16.396
1.011
0.133
1.629
0.265
0.118
0.031
4.113
0.518
0.8
0.148
0.937
0.724
0.435
0.078
1.04
0.063
7.559
0.594
1.096
5.581
0.163
4.104
0.299
0.775
0.051
0.596
1.728
2.497
0.764
8.594
2.445
1.887
0.779
0.035
1.677
1.099
0.053
0.079
1.558
0.053
2.682
3.39
2.128
4.086
0.568
0.637
0.046
0.154
0.037
0.069
1.344
3.263
0.79
1.721
1.872
0.245
3.758
1.871
0.08
3.509
0.061
0.769
3.023
0.184
0.776
4.33
3.746
1.735
0.062
0.85
2.971
0.415
1.541
0.05
0.286
0.152
1.664
0.159
0.049
0.215
4.063
4.014
12.673
5.508
0.728
0.095
0.103
0.054
0.112
0.675
0.067
0.209
5.966
0.213
10.096
0.218
0.092
9.528
0.08
0.047
4.548
3.873
0.087
0.759
0.052
0.072
0.8
0.047
0.219
1.373
0.474
0.041
5.41
0.736
6.527
0.337
0.069
1.373
4.357
0.079
3.564
5.338
1.717
0.133
5.552
0.075
0.099
2.3
0.378
0.029
9.849
3.985
0.016
1.383
0.047
2.991
0.312
2.703
0.356
0.244
5.014
0.037
0.059
4.717
0.777
0.115
6.704
0.031
0.137
0.027
0.068
0.083
0.115
0.729
0.132
4.618
0.599
1.341
8.811
10.949
5.238
0.231
1.326
0.023
2.017
8.365
0.094
0.353
1.232
0.134
3.742
1.999
0.052
0.409
0.178
0.174
0.106
0.32
0.304
0.701
6.168
0.56
0.065
1.649
0.167
1.513
1.854
2.053
2.129
1.425
0.377
1.065
0.096
0.636
0.724
11.62
7.148
0.425
2.319
7.537
0.669
0.268
0.572
2.691
20.289
0.778
0.09
2.477
0.152
1.355
0.108
7.41
6.996
0.364
1.167
1.411
0.389
1.211
0.088
3.655
0.032
0.455
12.743
0.784
0.646
2.698
0.462
1.776
6.224
1.245
4.499
2.222
1.693
2.841
0.037
0.393
0.028
1.436
0.193
0.228
0.21
0.071
8.696
4.218
0.249
4.481
0.525
1.519
0.586
2.092
2.635
6.335
0.059
1.518
0.527
0.7
1.43
0.103
2.393
4.121
0.03
3.764
2.251
0.352
4.513
0.208
10.82
1.147
0.183
1.966
3.16
0.524
0.096
1.655
9.675
3.923
7.619
5.945
5.343
4.337
0.055
4.976
3.308
0.801
0.048
9.83
1.67
1.92
1.481
0.183
0.057
0.032
3.992
5.4
1.236
3.632
0.145
0.722
1.277
5.196
0.418
1.1
0.067
0.639
2.731
0.043
0.248
0.075
2.394
0.737
3.229
8.512
0.527
0.187
3.303
0.151
5.687
1.77
8.449
10.066
2.591
0.15
2.517
5.682
1.858
0.112
0.076
0.051
2.015
0.136
0.098
1.431
0.185
0.811
1.752
1.001
2.745
0.072
1.834
0.229
2.455
0.379
6.348
0.397
5.984
0.034
3.015
0.116
3.579
0.504
0.13
1.79
1.349
6.935
1.448
3.005
2.151
0.054
5.134
0.036
0.162
3.105
9.686
0.047
11.891
2.947
3.055
1.255
2.388
4.259
7.372
5.6
0.069
0.693
4.461
11.192
1.003
1.675
0.178
8.815
0.043
10.211
2.186
0.045
0.172
0.088
0.059
0.055
0.933
5.73
0.806
0.076
4.65
0.06
0.633
0.326
0.08
1.072
3.73
8.435
0.385
1.102
2.656
0.023
0.022
5.189
3.338
4.525
0.722
0.069
4.708
0.267
0.074
0.379
0.177
0.027
0.08
1.482
0.168
0.131
1.84
1.882
7.917
1.69
0.681
0.492
0.387
0.566
0.138
1.655
0.071
0.082
0.074
7.783
0.135
1.588
1.346
0.85
0.191
0.099
0.699
0.341
1.526
0.046
1.534
0.774
0.077
6.533
0.393
0.958
0.051
1.788
0.396
0.135
0.625
4.049
4.399
2.957
0.129
1.303
0.082
1.836
0.278
0.04
0.232
10.249
1.987
0.176
3.825
0.347
2.618
0.47
0.073
1.362
0.711
2.513
8.48
1.931
3.787
1.064
0.063
0.577
2.426
0.064
0.263
2.653
1.881
0.119
1.117
0.033
0.193
3.896
0.723
8.337
6.502
7.133
0.464
0.158
2.034
6.606
0.153
1.417
0.114
1.72
4.112
4.846
0.138
1.082
2.202
0.227
0.034
4.576
0.061
6.171
0.315
1.048
1.654
1.264
0.031
6.209
0.055
0.109
0.055
3.923
5.256
0.358
0.06
0.058
0.379
7.43
2.238
1.458
0.106
1.202
12.093
0.152
3.568
1.067
5.856
3.841
0.35
0.242
0.643
0.119
0.163
0.654
0.797
0.067
0.313
1.13
2.83
4.749
0.609
0.042
0.354
1.283
0.107
10.47
0.06
10.712
9.86
0.179
12.066
0.171
0.19
0.513
2.842
11.046
2.492
0.371
0.046
7.991
3.639
0.135
5.158
1.771
0.022
1.244
2.425
1.091
1.303
3.52
2.292
3.624
0.252
0.193
0.133
1.443
11.172
0.909
5.753
0.35
0.215
0.452
5.925
0.171
0.091
0.17
0.208
0.476
2.455
1.239
0.029
0.161
0.808
1.429
1.542
2.154
2.431
3.12
0.149
0.055
0.979
4.545
5.821
0.065
0.106
0.064
1.698
2.366
0.63
0.676
0.039
1.027
0.335
2.624
1.978
1.827
0.047
0.175
0.124
2.245
0.317
7.195
0.029
0.558
7.838
0.275
3.246
0.915
0.061
0.792
3.188
0.051
0.133
0.384
0.183
1.346
0.526
1.403
0.059
0.713
0.406
6.253
16.605
0.837
0.019
5.268
0.365
3.827
10.178
0.552
0.222
1.927
1.776
0.054
0.068
2.581
0.07
1.89
0.267
2.029
0.471
1.05
0.082
0.028
0.239
4.237
0.073
0.283
15.066
8.502
0.852
3.344
3.021
0.81
1.135
8.113
0.149
4.099
1.34
0.875
0.523
2.719
4.647
0.26
0.147
0.739
0.094
0.079
0.571
0.601
4.378
1.293
0.054
0.26
1.829
0.14
1.757
1.843
1.731
0.061
15.678
8.356
4.367
0.158
0.095
8.562
3.177
0.03
3.712
0.559
1.584
0.097
2.976
0.046
4.113
1.512
0.05
4.09
0.695
0.855
0.042
9.947
1.288
1.329
2.348
0.734
1.357
1.342
1.419
0.373
10.263
1.86
0.023
0.34
2.418
0.926
0.106
0.864
6.061
0.361
0.191
0.031
0.306
5.248
0.177
0.942
0.04
0.098
0.081
0.077
4.941
3.417
4.308
0.085
0.076
0.028
0.038
0.817
0.688
0.984
0.07
0.076
9.865
0.026
0.295
3.627
3.425
0.026
4.918
0.853
0.13
2.665
0.106
1.159
4.028
5.579
0.173
0.204
6.303
1.149
1.629
0.058
0.571
0.126
0.518
0.056
4.017
0.15
0.258
1.024
3.456
0.52
0.109
0.049
0.225
0.107
1.998
1.443
0.474
4.935
0.716
0.072
0.266
0.149
0.042
0.231
0.048
7.374
8.144
5.276
0.953
0.032
1.216
0.76
0.025
0.064
0.321
0.372
5.249
0.603
8.52
5.331
0.454
0.478
3.294
0.81
0.166
0.358
1.153
0.058
4.87
3.189
0.493
2.295
3.181
0.227
2.453
4.592
0.043
6.447
0.195
0.29
0.335
0.718
7.911
0.172
6.254
0.744
0.219
1.257
1.998
1.031
0.164
1.075
1.696
0.613
2.279
0.025
0.923
3.501
0.08
0.16
0.169
0.074
0.139
0.239
0.42
5.086
1.066
1.355
5.937
0.23
0.055
0.134
9.694
0.176
0.086
1.747
0.07
0.844
0.09
0.501
0.815
0.029
4.742
2.704
0.27
0.137
4.005
0.206
0.106
0.63
0.526
0.538
0.054
0.852
0.187
5.964
1.034
1.325
0.385
4.083
10.125
0.304
0.141
1.256
0.041
6.814
0.473
0.351
0.794
3.211
0.826
0.565
0.822
0.056
1.126
0.309
0.758
1.986
0.33
0.057
0.033
0.136
5.343
0.044
0.877
6.671
0.402
2.456
0.218
1.149
0.06
1.861
7.438
0.06
5.811
0.083
4.796
0.075
0.162
0.037
2.204
1.84
0.11
0.061
0.588
3.261
0.669
1.76
5.757
1.399
0.068
4.866
4.067
0.301
0.169
0.876
0.754
2.588
1.669
6.662
3.128
0.325
0.564
4.059
1.18
1.01
0.119
2.458
0.556
2.121
1.309
0.522
0.263
1.15
2.295
2.143
3.08
0.785
0.715
4.607
1.766
0.239
2.775
0.898
18.121
2.191
10.137
1.014
0.222
0.878
0.322
2.692
0.07
4.239
2.367
3.688
0.974
0.439
0.1
3.332
2.227
2.101
13.588
1.144
0.499
0.027
0.14
10.548
1.031
0.241
0.072
5.486
0.625
0.081
1.473
0.186
0.256
6.912
4.749
2.738
5.181
0.079
6.541
7.818
6.289
3.937
1.163
0.129
0.539
0.738
6.531
0.249
7.9
0.137
1.076
3.419
0.312
0.085
0.642
0.406
0.809
3.617
0.164
0.054
0.114
2.921
0.653
0.214
14.393
1.595
1.411
0.864
0.305
0.089
0.571
0.173
0.7
0.93
7.05
0.044
1.045
8.525
0.08
1.615
2.232
0.08
0.099
2.291
1.616
1.043
1.155
0.113
0.861
0.137
6.244
2.913
5.388
1.547
0.155
0.036
0.148
0.247
0.339
0.463
0.098
0.362
1.626
1.067
0.526
0.158
0.187
0.051
0.104
0.624
0.202
0.697
0.182
2.195
0.465
0.102
0.193
3.255
0.249
1.333
2.02
0.409
0.565
0.113
3.891
2.144
0.795
7.14
1.784
0.027
5.94
1.915
0.064
10.878
0.15
0.72
0.095
4.589
4.295
0.381
4.061
0.202
5.786
0.066
0.148
0.015
0.031
2.222
0.154
2.515
0.075
0.132
0.191
7.279
0.038
10.362
0.132
5.249
0.051
2.145
0.242
0.325
0.131
0.102
0.146
0.352
0.173
0.022
6.898
2.093
9.701
0.277
0.153
3.525
12.409
1.83
7.026
2.198
0.039
0.822
0.058
0.252
0.16
0.463
2.103
0.48
0.477
1.175
0.117
1.243
1.431
2.59
0.041
2.074
0.08
0.251
1.292
0.497
0.871
0.969
0.972
0.478
0.04
0.18
6.75
0.026
0.039
0.071
9.614
0.025
4.205
1.899
0.072
0.091
1.362
0.186
9.197
4.326
1.995
0.15
0.023
0.389
0.619
0.282
6.173
0.609
0.482
0.096
8.125
0.608
2.941
0.982
7.038
0.3
0.083
0.42
2.217
0.394
0.548
1.231
0.661
0.058
0.142
0.308
3.932
0.083
0.092
0.77
0.065
0.585
0.393
0.723
2.277
0.064
6.745
1.778
0.658
1.86
0.221
4.601
3.507
0.198
0.079
0.344
0.387
2.34
0.06
0.181
1.802
1.039
2.903
2.044
1.032
1.336
1.801
0.384
5.631
0.106
0.074
0.067
8.384
2.043
0.799
0.118
1.557
1.677
3.513
5.33
2.898
0.066
2.599
4.306
0.419
0.439
15.52
2.361
0.086
0.036
0.07
0.536
1.854
0.117
1.645
0.2
3.47
3.922
0.719
0.247
5.11
0.367
0.07
1.362
0.777
0.059
10.508
1.957
0.152
0.122
0.117
0.138
1.249
7.6
0.125
0.327
0.073
2.917
2.158
0.153
0.738
2.72
2.793
0.083
2.152
2.66
3.902
1.943
1.108
0.118
1.041
0.962
2.165
0.079
0.881
3.733
0.066
0.071
3.742
1.382
0.192
0.042
1.952
5.734
0.166
0.712
7.425
1.969
0.103
0.146
0.104
0.821
0.895
1.655
2.427
0.062
0.055
0.167
0.139
0.096
6.888
0.134
2.305
0.401
0.068
1.172
0.101
7.67
0.097
4.806
0.113
0.909
1.029
5.14
0.216
0.103
1.266
0.045
0.817
7.823
0.031
2.52
0.127
0.307
0.074
1.425
1.805
0.699
0.253
2.624
1.768
0.257
0.58
0.441
0.791
0.086
5.088
0.114
4.884
0.251
0.585
9.118
1.676
1.739
1.068
0.109
0.947
0.32
1.156
2.001
0.275
0.026
4.268
1.336
1.119
1.072
0.15
1.12
1.41
0.3
8.497
0.066
1.019
1.384
6.534
5.162
0.752
0.051
2.663
6.668
4.245
0.096
5.495
0.165
0.865
0.249
0.249
0.267
3.237
0.088
0.216
0.086
14.465
0.088
0.738
0.328
1.148
1.023
1.127
2.135
0.162
2.279
0.763
1.16
1.971
0.242
1.923
1.481
0.029
0.128
6.642
0.762
3.342
0.244
5.233
0.408
0.077
0.198
0.056
1.886
24.558
2.519
8.128
1.104
0.499
0.541
0.424
0.061
1.551
0.682
20.287
11.346
1.255
11.008
3.077
1.446
0.371
0.273
0.278
0.063
11.352
2.072
1.767
0.039
0.019
0.149
6.186
12.77
8.998
4.548
1.631
0.162
0.749
1.099
0.16
2.518
13.352
0.05
0.208
0.102
1.198
1.271
0.364
4.498
0.146
3.507
6.688
0.159
0.788
0.19
0.852
0.25
0.671
0.135
2.471
8.375
3.764
4.933
0.077
5.491
7.639
0.038
2.061
12.05
2.178
0.155
3.649
0.281
0.567
0.216
0.768
0.04
2.069
0.034
2.513
0.019
0.082
2.05
0.085
0.314
0.679
1.118
2.522
0.105
2.388
1.013
8.665
10.632
0.066
0.046
3.373
1.626
0.857
9.575
0.227
0.814
1.175
1.199
9.321
13.075
0.49
2.179
0.027
1.537
0.072
0.982
0.22
0.072
0.235
2.066
0.063
0.069
8.956
2.839
0.493
2.583
0.064
0.342
1.078
3.714
0.392
1.089
0.45
0.566
0.686
0.035
0.082
0.026
0.066
0.066
1.689
5.936
7.945
0.749
1.124
3.793
1.586
0.535
0.109
3.217
3.469
0.476
0.025
5.706
0.908
2.705
0.06
2.481
0.095
10.448
0.03
1.225
11.635
0.214
2.773
7.801
0.226
0.219
0.069
0.44
0.894
0.086
4.428
0.573
0.063
1.021
7.486
0.127
1.449
3.714
1.55
0.034
0.065
6.596
0.332
0.058
0.621
3.85
16.945
11.608
1.778
0.328
4.121
0.102
1.877
0.137
0.161
7.902
4.283
0.067
6.769
0.134
5.095
4.791
5.537
0.13
0.153
0.076
0.098
0.57
0.047
0.2
0.28
0.933
0.227
0.234
6.194
5.149
7.884
11.197
1.43
1.056
3.739
4.561
0.958
3.246
8.903
2.149
0.131
5.934
0.031
0.14
0.153
3.298
5.179
1.232
6.178
11.609
10.582
0.622
1.76
2.225
0.052
0.06
0.807
0.063
2.32
0.546
1.418
18.479
1.189
7.234
5.06
0.714
1.517
2.894
2.241
0.203
0.451
0.131
0.075
1.831
0.357
0.057
5.385
2.75
0.057
0.522
0.279
2.898
1.891
2.432
0.589
2.904
0.191
10.694
0.601
1.542
2.147
0.953
12.345
2.862
0.165
0.069
0.534
0.044
1.306
6.598
3.78
0.053
1.374
0.074
1.505
0.059
0.096
0.877
0.532
0.06
6.37
1.487
1.089
1.992
0.101
0.135
0.191
0.144
0.048
0.125
0.032
0.33
0.044
0.244
0.986
1.198
0.081
0.114
1.948
0.08
2.042
0.775
2.582
0.062
0.156
0.333
2.254
0.454
3.946
1.55
1.205
0.62
1.273
0.028
0.279
0.052
1.036
0.167
0.164
6.38
0.988
1.875
0.121
6.423
5.968
3.259
0.065
1.973
2.144
0.171
0.302
0.671
4.593
1.214
0.1
0.231
2.0
0.082
0.098
0.082
2.16
0.527
2.089
8.352
3.489
7.303
4.093
0.059
0.14
7.206
0.978
3.623
1.86
5.26
0.172
0.069
2.226
0.075
1.345
7.544
0.639
2.119
2.729
0.05
0.477
1.507
0.128
0.079
0.452
7.676
0.097
0.603
3.675
0.065
5.292
0.092
0.161
1.189
0.576
0.579
6.274
3.602
0.105
7.493
0.783
0.637
0.675
0.644
2.903
0.178
0.071
0.038
0.263
0.041
0.051
3.169
0.024
0.071
0.118
0.418
0.151
0.192
0.084
0.601
0.043
0.059
0.099
0.091
11.593
9.305
2.089
1.844
0.028
0.77
9.001
5.761
1.592
4.378
0.652
0.107
2.13
0.155
2.226
7.437
1.166
1.527
2.526
3.726
0.42
0.245
2.198
2.163
3.926
2.745
2.281
1.145
0.079
0.661
0.257
0.737
1.415
6.312
0.125
0.49
0.892
0.738
6.894
17.163
0.656
0.8
4.935
0.273
0.339
0.025
0.081
0.027
4.706
0.032
0.076
0.635
0.084
4.885
0.217
1.302
0.122
0.119
1.373
0.204
0.03
0.142
11.731
0.116
0.569
5.533
3.193
1.505
6.452
5.323
7.475
2.177
18.786
0.768
0.201
0.532
0.049
1.457
1.343
1.021
0.173
4.652
0.512
0.07
0.078
1.347
5.838
0.268
0.135
0.169
1.945
0.944
19.967
0.095
0.157
0.121
1.822
1.55
6.799
0.038
0.4
1.271
0.07
0.11
1.505
4.005
0.897
4.677
0.027
0.708
2.076
0.134
4.784
0.028
1.085
2.744
7.112
0.622
0.383
9.531
12.916
0.039
0.104
7.176
3.556
4.191
0.065
1.243
2.287
0.434
0.108
0.764
0.163
0.067
5.313
2.096
0.156
0.054
0.198
0.056
3.04
0.241
10.039
0.98
0.291
4.705
2.549
5.284
1.478
0.428
0.361
0.071
1.695
0.477
0.31
0.795
0.29
0.133
0.141
1.302
2.587
0.487
4.691
9.027
1.141
0.175
2.987
0.266
0.957
0.054
0.078
3.279
1.52
3.205
6.699
0.075
0.789
0.328
2.907
0.318
2.578
7.288
0.175
2.011
0.277
9.62
0.016
1.904
0.517
0.015
0.092
0.087
2.109
12.043
0.771
1.418
0.201
4.959
0.281
0.16
0.227
6.982
0.034
0.081
6.713
0.028
0.169
0.867
0.226
2.384
1.352
4.025
0.152
0.655
0.928
9.731
0.091
0.368
3.805
7.786
0.573
2.39
0.076
2.564
2.247
0.13
3.365
6.564
2.334
1.929
0.657
0.14
0.694
0.079
0.453
2.692
0.029
6.185
0.844
0.159
0.18
1.815
1.747
2.596
5.054
1.141
1.133
1.053
0.104
1.41
0.192
0.172
1.397
0.733
1.503
0.124
1.003
3.082
1.883
0.327
0.345
0.117
0.713
6.379
1.967
4.383
2.64
2.983
6.172
2.643
0.215
1.413
7.681
0.127
1.232
0.208
0.768
0.044
1.907
0.046
0.06
0.083
2.716
1.657
0.302
0.655
0.408
0.116
0.672
5.609
0.203
8.752
9.871
0.867
0.123
0.249
0.478
0.072
2.979
0.269
2.865
17.497
0.162
0.047
2.817
0.141
3.419
5.195
1.336
1.977
6.215
0.851
0.08
0.227
0.12
2.62
0.077
0.338
2.214
5.751
2.723
0.256
0.059
0.247
1.201
9.207
0.031
0.093
3.999
0.213
0.178
4.032
0.192
1.959
2.188
1.491
0.742
9.809
0.364
0.559
0.125
0.843
0.054
6.906
0.237
14.931
0.72
1.753
0.114
5.466
1.074
2.728
2.583
2.684
1.388
0.438
0.91
0.048
0.508
0.063
0.042
0.081
0.724
0.029
0.515
2.851
1.916
0.022
0.11
0.177
0.194
5.122
0.265
0.114
9.9
0.049
0.049
0.753
5.676
3.431
0.461
1.396
0.687
1.341
1.285
0.126
2.751
0.044
0.673
0.073
3.878
0.472
0.433
4.351
2.745
2.979
0.938
0.043
2.04
0.155
0.102
3.123
2.94
2.26
2.33
1.976
2.412
4.783
5.587
1.096
0.057
0.811
0.026
0.538
6.963
0.059
0.192
2.184
0.721
0.194
2.628
0.165
1.094
1.972
0.027
3.248
0.068
0.693
4.665
4.036
6.614
2.245
0.616
1.214
1.072
5.37
9.741
0.053
7.018
0.034
5.283
0.527
0.226
2.292
3.309
0.035
2.76
1.162
0.542
6.199
4.142
0.682
1.525
1.296
0.114
2.417
4.774
2.554
0.048
9.401
2.165
0.199
0.04
10.309
6.872
5.729
2.74
0.277
0.071
1.42
0.038
0.037
0.208
1.401
3.215
5.543
0.118
0.493
0.822
2.1
2.132
2.418
0.025
0.514
0.079
1.443
0.762
0.036
17.137
0.219
3.147
3.141
0.139
0.067
5.738
0.094
2.115
2.567
1.338
2.878
3.176
3.904
2.442
1.077
0.605
0.043
3.86
0.033
5.388
0.338
4.778
6.636
8.343
5.56
10.109
1.248
1.492
0.261
0.094
1.139
8.368
0.787
0.141
1.303
3.0
0.138
6.638
0.266
0.273
1.727
5.209
13.341
0.444
3.711
0.443
2.71
0.953
0.039
0.536
4.108
0.119
6.568
4.083
0.151
0.158
5.509
2.249
0.424
0.24
2.014
4.953
1.068
0.921
2.972
2.036
0.327
0.197
0.563
5.869
13.112
0.644
0.162
1.966
0.856
0.158
0.388
10.069
12.104
0.026
0.763
0.118
4.294
0.449
7.372
0.445
0.033
0.091
3.897
0.197
1.093
0.235
0.474
2.997
0.487
0.269
0.06
0.38
2.061
5.343
3.298
3.421
0.122
6.892
0.918
0.087
0.025
0.107
1.953
0.111
3.11
1.702
0.046
4.283
0.308
0.777
2.029
0.128
3.5
2.74
0.304
0.174
0.119
0.899
2.693
0.458
4.366
0.091
0.091
0.125
1.902
10.634
3.045
0.949
1.643
1.1
5.348
4.892
0.785
0.049
0.721
1.443
0.038
4.055
7.204
2.912
13.772
0.977
4.594
2.515
1.264
5.617
0.082
0.728
1.643
0.994
0.48
5.907
0.049
0.378
0.222
0.26
0.081
0.201
0.904
0.36
1.85
4.543
0.067
0.031
12.647
2.097
5.591
0.737
0.051
3.946
1.681
0.194
1.364
0.154
0.318
0.606
0.948
0.152
0.028
0.509
0.111
2.171
3.121
0.09
0.121
2.508
9.381
0.123
2.427
0.94
5.06
0.057
2.694
0.865
0.033
0.071
0.048
0.04
0.017
2.148
3.026
1.25
1.084
0.961
2.171
6.074
0.111
2.883
0.799
0.887
25.047
7.498
12.725
0.486
0.043
14.959
2.529
1.956
0.099
0.832
1.322
0.618
1.142
6.312
0.73
0.51
3.453
0.799
0.263
3.19
0.077
0.818
2.428
0.384
4.02
1.63
0.174
4.192
5.247
0.209
1.531
0.073
0.139
1.952
10.685
0.315
0.496
0.193
0.602
1.485
0.11
0.318
0.529
0.07
1.57
1.563
4.433
0.071
1.035
0.622
9.666
0.691
2.521
2.27
0.155
2.358
1.142
0.057
0.355
0.185
6.488
0.598
4.929
2.328
0.027
0.04
0.512
12.455
0.212
5.192
2.598
9.892
0.082
1.172
0.094
10.163
6.907
4.867
3.526
1.746
0.21
0.217
0.134
0.132
0.223
0.468
1.542
0.027
0.307
2.444
1.361
1.46
1.796
0.144
0.721
2.056
0.449
5.94
0.045
1.462
11.986
2.93
0.736
0.115
1.812
4.497
0.032
0.674
2.91
0.026
1.172
5.648
0.04
0.295
1.652
0.288
0.131
0.615
0.728
0.064
0.095
0.36
1.869
0.31
0.349
4.909
0.077
0.248
5.079
0.085
0.441
0.146
0.099
0.034
0.739
1.455
0.034
6.654
1.254
0.087
0.059
0.158
0.021
0.085
2.755
3.53
1.694
0.838
0.532
0.668
10.61
10.026
0.146
0.223
1.845
0.652
0.13
0.036
0.081
0.162
0.112
2.227
0.374
0.054
1.741
3.672
0.055
1.119
0.347
0.886
0.133
1.817
2.471
14.755
4.675
0.058
5.593
0.366
5.257
0.024
0.07
0.667
0.997
0.074
2.164
0.054
1.28
3.442
0.154
0.255
0.145
0.14
0.32
3.638
0.926
3.213
3.824
1.371
1.166
0.126
0.98
0.24
0.89
1.713
0.341
1.635
3.858
0.066
0.317
9.826
1.022
0.116
0.065
0.911
1.675
1.589
0.572
0.134
0.379
4.683
16.892
0.193
6.423
0.036
0.215
0.033
0.081
0.64
3.089
0.027
0.075
2.997
1.752
2.158
1.976
1.112
0.373
0.811
0.152
10.849
0.604
1.42
0.146
2.08
0.274
0.292
6.623
0.143
0.15
0.128
5.334
0.021
0.074
0.217
13.617
8.432
4.703
1.744
0.351
1.627
0.44
0.903
0.111
0.534
0.096
5.883
1.316
0.649
0.086
3.366
0.505
0.135
0.727
0.824
1.502
0.409
3.806
1.111
0.543
1.172
0.092
0.54
0.066
0.402
1.219
6.75
0.404
0.513
0.168
14.169
0.163
2.953
0.347
4.724
3.987
6.045
1.151
0.848
1.669
2.356
10.334
5.951
0.703
2.927
2.025
0.3
0.06
3.568
0.151
0.715
1.479
0.116
0.035
3.014
0.257
0.064
0.101
0.746
0.128
0.455
0.541
0.071
0.083
0.72
0.747
0.871
4.713
2.408
4.672
1.782
0.592
0.123
8.758
12.72
0.244
5.01
3.327
0.494
0.744
0.055
0.032
0.63
3.468
0.019
0.569
0.158
1.048
0.217
5.4
0.208
0.042
0.975
0.372
0.535
1.236
8.044
2.608
0.206
0.104
1.015
4.393
5.148
2.109
0.037
0.056
1.726
0.084
7.371
2.631
4.088
0.565
0.02
0.72
0.162
4.441
0.926
1.321
0.388
0.145
0.065
0.666
0.147
0.735
0.219
0.276
4.913
1.762
0.315
0.757
1.569
1.102
0.634
2.087
0.452
8.864
1.828
2.08
0.054
1.715
0.042
0.961
0.102
1.291
0.791
0.07
1.816
1.406
3.857
1.222
0.519
1.692
0.611
3.367
0.874
0.231
1.193
1.348
1.753
0.014
0.189
0.294
0.64
0.188
0.143
0.701
0.175
0.598
0.154
13.124
0.088
2.627
1.694
17.21
0.043
3.002
4.627
0.226
0.13
0.032
2.763
3.264
0.717
11.671
1.961
0.082
0.979
0.57
1.389
3.594
2.389
0.643
0.118
0.52
7.122
2.462
1.426
0.056
1.961
0.915
3.11
0.126
2.835
0.113
3.135
0.051
7.556
0.07
2.115
5.378
0.075
0.085
1.569
0.139
0.52
0.594
0.148
0.026
0.267
0.074
1.382
0.063
0.797
1.012
3.491
5.84
0.141
0.092
0.884
6.052
0.834
1.125
0.115
4.428
8.212
0.336
3.675
3.371
0.384
5.201
4.23
6.948
1.015
4.344
0.171
2.535
0.826
2.415
0.13
2.436
0.116
0.044
12.647
0.073
9.867
0.064
1.819
2.744
0.058
2.3
1.818
0.038
0.188
1.024
0.153
0.868
0.527
2.61
7.896
0.088
4.405
0.144
0.116
1.137
0.017
13.949
3.144
0.151
0.098
1.042
9.003
0.352
0.11
0.287
1.098
2.1
0.138
1.607
7.187
0.054
2.479
0.045
0.552
0.255
0.026
0.156
1.578
0.15
0.586
0.272
0.986
1.148
6.938
0.968
1.148
0.14
0.113
3.127
9.124
1.162
0.83
0.122
2.963
9.727
0.835
0.134
0.285
0.187
0.355
4.928
10.175
0.456
0.049
0.199
0.046
0.182
1.026
5.771
1.08
1.75
8.707
0.118
2.438
4.362
9.698
0.648
0.086
0.056
4.372
1.347
1.026
0.337
0.041
0.13
2.239
2.131
0.521
0.659
0.091
0.903
14.994
1.024
0.089
0.05
0.887
1.846
0.229
0.654
6.483
3.768
0.115
2.69
13.913
0.157
3.403
0.184
5.678
8.947
2.819
11.509
4.256
7.617
0.124
0.804
0.631
0.038
6.356
0.147
0.062
5.581
0.094
1.635
1.739
1.636
5.218
1.372
0.065
0.316
1.485
0.065
0.028
0.037
15.625
10.901
1.528
8.233
1.226
3.022
0.244
0.113
5.699
7.819
1.629
0.091
0.499
0.206
4.624
15.932
1.142
4.968
3.339
0.17
2.276
0.557
3.727
0.141
4.464
3.721
0.952
0.273
0.298
0.103
1.241
1.654
0.343
1.357
7.703
2.818
0.046
0.588
0.138
0.419
1.723
0.207
0.771
0.207
1.051
1.129
0.213
1.747
0.371
0.096
0.55
0.083
0.912
0.155
0.07
4.358
4.748
0.032
3.836
0.061
1.608
0.154
0.462
4.611
3.643
0.054
1.099
0.12
7.65
3.828
0.235
1.169
6.721
0.04
12.091
0.535
0.025
3.193
4.364
0.074
1.763
2.088
4.658
4.838
5.25
0.814
0.066
1.317
1.25
0.084
12.109
0.03
0.03
0.277
0.098
0.148
0.139
0.874
0.101
0.104
2.669
0.386
0.137
16.024
0.376
7.178
19.501
0.582
0.153
1.285
1.696
0.249
4.482
5.045
1.42
1.203
0.079
4.747
1.961
0.209
0.063
0.034
0.624
6.544
2.09
1.128
1.893
0.414
0.061
1.169
1.034
2.922
0.059
0.046
0.071
1.117
0.143
11.183
21.003
0.078
1.104
2.214
8.559
1.07
0.806
0.041
7.832
0.157
4.373
0.146
0.04
0.197
0.464
6.843
3.587
0.686
0.745
2.247
10.474
2.921
2.571
0.141
0.112
0.082
1.656
0.087
5.992
0.225
0.164
0.46
0.697
2.848
11.96
0.02
0.035
2.979
5.018
0.113
0.168
1.608
0.178
0.099
0.54
1.123
2.008
2.981
1.268
5.908
3.683
0.096
3.652
1.364
0.095
0.549
2.359
0.105
0.168
0.125
0.098
3.925
7.272
0.616
0.071
9.794
0.505
0.046
0.166
0.252
1.026
2.084
8.767
0.381
0.023
2.526
0.208
0.457
0.359
0.103
0.489
16.987
5.644
1.442
0.082
1.008
10.329
4.822
0.736
4.855
0.048
0.087
0.07
0.399
0.036
0.024
1.684
0.089
0.042
6.564
1.879
8.475
0.774
0.118
0.161
0.099
10.214
2.034
0.088
1.247
0.167
0.117
0.118
0.349
0.034
2.728
1.115
7.284
0.029
1.001
8.266
0.434
7.024
0.058
0.043
0.073
1.769
1.402
0.08
16.04
0.845
0.023
0.018
0.657
1.051
0.732
0.095
8.932
0.735
0.271
0.188
13.119
3.097
0.582
0.161
2.491
0.525
0.1
8.671
0.439
1.653
0.347
0.851
2.481
9.863
0.347
0.41
1.637
2.244
0.173
0.268
1.511
3.561
7.51
0.869
4.942
3.154
0.034
1.574
10.69
0.437
0.13
0.086
0.121
2.773
0.024
0.579
11.524
0.045
0.116
0.288
7.557
14.661
1.021
0.123
0.063
0.144
12.955
0.434
5.128
0.092
0.073
0.064
0.654
3.2
0.35
1.956
0.909
0.151
1.61
1.302
1.93
0.068
0.09
11.218
1.493
0.188
3.186
0.653
0.023
0.041
7.999
1.207
5.64
4.51
0.455
0.146
5.463
0.68
1.752
0.259
0.061
1.925
9.814
0.046
0.047
0.073
0.029
0.073
0.758
0.326
0.204
0.122
0.205
0.172
1.282
0.991
0.116
0.016
0.056
0.888
3.376
8.422
1.116
0.11
0.126
3.428
3.136
0.042
0.036
0.996
1.123
0.032
0.05
1.095
0.404
8.636
5.969
0.366
1.848
0.074
0.109
0.27
1.849
0.185
1.911
5.763
0.043
2.61
0.968
0.07
4.072
1.569
6.69
0.042
0.025
2.221
3.86
6.665
0.747
0.043
1.566
6.77
1.453
3.487
0.012
8.997
3.565
12.113
15.718
0.288
0.271
0.822
1.466
1.178
4.4
0.06
0.501
0.432
0.819
3.147
0.439
2.132
0.755
1.974
1.452
0.172
6.611
0.236
3.703
0.447
2.552
1.432
5.137
0.129
10.937
0.423
0.368
0.574
2.41
2.237
0.092
2.462
0.045
1.983
4.699
0.051
3.959
0.424
1.236
0.345
0.756
0.617
1.882
0.547
10.535
0.112
2.818
1.182
0.176
0.322
0.222
0.182
1.306
0.057
0.9
3.76
0.588
5.288
1.572
7.628
6.173
0.371
0.061
0.379
2.765
0.084
2.558
3.152
0.324
5.22
0.023
0.373
0.126
0.702
0.806
0.208
0.262
1.99
0.344
1.655
5.831
0.672
0.053
2.632
0.059
1.048
8.971
0.694
0.725
0.42
0.128
0.814
1.067
4.13
4.845
0.265
0.496
0.764
0.709
10.442
0.71
0.551
3.478
0.782
2.526
2.186
0.214
1.937
0.048
0.211
0.166
0.137
0.038
3.179
0.137
0.097
0.541
3.209
1.399
5.627
0.138
1.714
0.342
0.131
0.074
0.214
0.83
0.033
16.372
2.955
0.743
0.124
2.508
1.617
0.212
2.249
2.985
5.039
0.062
0.558
0.822
0.115
0.1
0.123
7.641
3.665
1.367
7.534
6.575
8.364
0.031
2.998
4.882
1.546
0.107
2.149
2.918
8.824
1.211
0.188
1.078
0.125
0.113
1.707
4.223
0.059
3.597
0.112
5.213
1.116
0.077
0.057
1.338
1.784
0.029
0.171
1.738
0.134
1.826
5.058
0.339
0.445
0.374
0.689
0.068
0.098
0.07
0.83
4.381
0.593
0.156
0.546
0.943
0.162
0.969
0.101
0.045
7.107
2.997
0.133
0.843
0.552
0.395
0.874
0.426
0.04
0.065
0.154
1.144
0.921
1.096
2.599
0.522
2.601
0.014
5.163
1.638
0.981
6.63
0.098
0.029
4.006
9.506
3.752
0.141
1.38
3.458
1.874
0.457
0.027
0.226
0.668
0.06
0.986
4.124
2.247
0.071
0.038
1.751
1.736
0.634
0.554
0.452
1.544
0.023
4.007
0.258
1.405
0.941
7.286
2.519
0.021
0.183
1.115
3.128
0.096
1.939
0.283
0.424
0.117
0.789
0.275
0.031
2.802
0.115
1.218
0.03
0.136
0.148
11.643
5.406
0.878
0.485
0.04
0.367
1.939
5.631
0.053
0.279
0.203
0.373
1.134
7.487
2.766
1.042
0.575
1.198
0.181
0.046
8.91
0.858
4.896
2.124
9.434
0.221
0.677
2.627
3.568
0.035
0.038
0.083
12.831
3.703
2.337
3.461
0.033
0.049
0.048
0.62
0.091
0.571
1.107
0.08
0.751
1.27
0.125
0.113
2.272
0.082
0.647
0.16
0.189
0.032
0.337
0.164
9.378
1.544
0.272
1.214
0.294
2.395
1.876
2.234
3.635
0.179
0.123
1.431
0.02
0.047
0.766
1.1
9.637
1.472
0.074
0.25
0.625
7.85
1.368
0.105
0.075
0.074
0.099
0.415
0.357
0.09
0.175
3.037
0.516
1.523
0.13
0.042
2.194
7.364
0.132
1.306
5.768
0.372
0.13
0.233
0.021
0.117
0.542
0.469
0.155
0.079
1.482
0.056
3.744
0.205
0.107
2.986
1.738
2.119
7.052
2.476
1.038
4.323
1.496
3.725
0.068
0.296
0.686
1.289
2.093
4.681
5.172
7.299
0.203
1.095
1.097
2.346
0.215
1.925
0.248
0.798
2.835
8.647
0.039
1.047
5.144
0.419
0.524
0.326
0.313
1.018
0.029
0.027
0.712
1.028
0.574
0.706
0.246
1.515
0.952
0.212
1.295
4.557
2.048
1.599
0.461
3.603
0.629
0.43
1.892
2.045
0.432
1.354
1.131
0.136
4.237
0.11
1.845
0.051
0.256
1.113
0.033
0.132
0.143
0.061
0.244
0.168
6.661
0.548
0.276
0.105
3.664
7.501
2.268
3.962
0.222
1.883
1.918
2.817
0.135
0.387
2.022
3.292
3.887
0.298
1.064
1.564
0.04
3.425
1.138
2.736
1.205
2.508
4.907
0.872
0.018
0.26
10.452
0.104
0.09
3.039
0.158
0.425
0.128
0.113
0.108
6.755
2.505
0.202
0.114
1.428
0.09
2.151
2.798
9.769
2.988
1.23
0.115
0.783
0.138
0.051
0.267
2.516
3.913
0.097
3.86
0.431
0.065
0.072
4.549
1.469
2.565
0.062
0.25
10.798
8.694
0.185
0.135
3.101
1.06
0.395
0.188
4.266
3.163
0.145
1.794
1.686
1.481
0.972
0.094
0.048
2.936
11.129
8.683
0.104
0.153
0.209
5.541
6.783
0.44
5.023
0.072
0.192
0.094
8.527
0.268
0.079
1.358
2.188
0.04
0.92
0.058
0.171
1.811
0.168
2.964
1.169
1.097
8.28
0.335
3.271
0.152
12.733
1.548
0.078
0.216
2.99
4.337
0.035
1.01
0.547
2.936
0.429
1.205
0.685
5.435
2.668
0.747
0.624
0.316
0.776
0.382
4.603
0.051
0.036
1.909
0.605
0.039
0.919
3.572
0.174
0.976
1.242
0.081
20.657
1.116
0.506
0.142
0.385
2.302
7.797
6.069
0.087
0.541
0.607
4.445
2.184
0.033
3.109
0.516
4.392
0.648
9.204
5.429
11.394
7.26
2.266
2.75
0.708
1.208
1.423
1.305
0.127
0.081
0.192
0.17
1.077
6.534
5.63
0.371
0.127
1.679
0.626
0.122
0.767
13.137
0.289
0.359
0.072
1.421
0.09
0.703
2.255
2.758
9.589
0.032
0.082
0.121
2.929
0.066
0.181
1.721
5.086
10.596
0.346
2.481
0.48
0.302
0.989
9.786
0.843
2.133
0.413
4.029
0.811
1.197
0.126
2.266
0.135
0.156
0.193
1.052
3.733
0.072
2.843
3.212
0.086
3.556
0.581
2.386
0.299
0.84
1.106
6.869
0.808
0.301
0.077
1.367
0.31
1.613
0.096
1.12
0.16
2.056
1.188
3.051
7.334
0.403
0.089
0.379
7.639
9.314
0.32
0.539
1.762
3.343
0.055
12.435
2.263
0.571
0.199
3.022
2.106
3.412
7.184
0.143
0.05
4.066
0.132
0.029
4.912
0.037
0.085
5.34
0.461
3.39
0.129
0.241
1.508
5.415
0.186
0.06
0.124
0.471
0.093
0.79
3.258
0.271
0.079
0.32
0.78
0.655
10.502
0.301
0.232
0.293
14.973
0.903
1.213
0.103
0.167
4.296
0.456
1.034
0.525
0.26
0.481
0.091
3.838
15.17
0.622
1.15
2.703
0.829
0.919
0.174
0.198
0.024
0.091
0.276
0.986
0.015
0.023
4.54
1.484
2.472
8.172
0.088
0.176
5.71
0.088
1.442
0.166
0.085
0.145
1.362
1.0
0.244
0.134
0.048
0.317
0.677
0.142
0.076
0.842
0.158
3.853
0.641
1.801
2.829
0.915
0.167
0.156
2.755
0.074
0.019
11.162
0.071
0.259
0.336
3.433
2.52
1.423
2.638
0.174
0.06
0.07
5.869
0.113
4.065
0.375
5.498
3.349
10.523
0.877
0.474
1.216
0.043
0.032
16.512
3.594
1.172
1.274
0.268
0.852
1.287
0.41
0.518
0.108
0.622
7.626
0.082
1.837
0.041
6.728
1.893
0.068
0.051
1.623
1.628
0.828
6.193
0.526
1.714
1.747
2.933
0.986
0.048
2.228
0.957
1.657
3.044
1.427
0.096
1.768
4.5
0.043
0.163
0.106
2.616
0.231
1.222
0.269
1.654
0.115
5.148
5.261
0.04
1.259
0.115
4.067
0.078
0.024
2.956
0.097
6.218
0.025
0.808
6.643
0.243
0.798
4.678
0.227
4.849
4.54
0.621
0.112
10.957
0.788
0.078
0.227
3.555
7.493
0.651
1.261
0.128
0.057
0.139
0.166
0.12
1.053
4.629
0.161
1.71
4.431
6.455
4.733
0.046
0.646
1.574
3.408
0.528
1.399
1.46
1.472
14.818
3.622
11.268
1.65
0.177
0.715
0.984
8.531
0.06
0.661
0.111
0.126
3.698
0.231
7.491
2.76
10.194
0.07
0.136
3.679
0.125
0.29
0.234
5.397
5.586
5.02
0.079
8.832
2.175
1.894
3.838
0.752
1.396
1.494
4.184
5.189
0.081
3.286
2.541
3.204
3.493
1.042
0.81
0.099
2.065
0.921
0.061
2.694
1.952
0.128
5.593
1.393
0.102
0.181
0.065
4.865
0.776
0.593
0.66
0.277
1.019
2.169
0.211
2.36
1.517
1.88
0.017
2.183
0.083
0.377
0.176
1.766
2.526
7.938
0.022
0.135
1.593
0.023
0.209
0.388
0.052
0.099
1.952
0.302
0.572
4.775
0.028
7.531
3.403
0.224
1.048
3.874
4.06
1.677
1.646
0.04
5.115
1.877
3.233
0.558
0.794
0.099
0.478
1.047
3.169
0.166
3.572
2.067
0.344
0.183
1.219
1.237
1.263
0.413
16.294
0.169
0.838
7.979
0.088
0.101
0.052
0.038
0.836
15.811
1.305
1.419
0.491
0.091
0.097
1.765
2.799
0.629
0.342
1.313
8.822
1.655
4.058
7.594
2.826
0.012
6.738
1.291
1.153
0.271
2.294
0.443
0.039
0.06
4.751
12.202
4.99
0.081
2.954
0.745
2.232
2.316
17.479
0.074
4.388
10.179
0.034
3.914
2.966
0.113
0.147
5.852
4.256
0.621
0.287
6.98
0.395
0.072
0.298
0.213
0.315
0.111
0.055
0.203
0.591
0.138
14.917
3.267
6.498
2.484
3.87
4.177
0.059
0.025
0.554
4.168
10.632
1.781
1.206
0.082
9.484
0.427
0.349
0.491
0.208
3.935
0.325
0.022
4.086
1.766
0.1
0.471
0.553
0.357
0.178
0.034
0.312
0.407
0.041
0.045
0.128
0.152
0.126
3.715
0.828
3.432
1.767
0.282
0.266
0.101
0.155
1.674
0.211
1.757
0.675
3.597
3.444
0.031
1.001
4.928
4.324
9.334
0.166
0.122
0.795
0.095
0.028
1.14
4.288
1.745
0.212
7.522
3.344
0.631
3.419
0.046
1.082
0.078
0.032
0.236
3.699
4.974
8.943
0.145
0.347
0.871
0.822
0.167
0.283
3.504
6.191
9.856
1.6
0.912
0.066
0.043
0.049
0.075
0.795
0.419
0.051
1.367
0.531
8.973
0.047
0.515
4.973
5.419
2.637
3.23
0.858
0.094
4.813
1.543
0.487
0.786
0.218
1.759
1.435
0.027
0.339
7.291
7.586
0.042
2.314
1.776
11.172
6.474
1.193
5.585
0.586
0.806
0.079
1.775
2.902
0.22
0.052
4.372
1.91
0.025
0.259
0.075
0.509
7.883
1.082
0.06
0.127
0.054
0.473
0.908
11.715
1.241
0.943
0.534
2.13
0.341
0.201
2.427
1.498
2.335
0.058
0.241
1.778
0.128
2.163
0.636
0.119
1.104
5.217
0.114
0.105
1.703
0.037
2.163
0.144
0.027
5.325
1.447
0.073
0.619
0.065
1.762
1.995
5.286
5.074
2.374
2.345
1.97
12.106
1.255
0.14
1.171
4.201
0.85
1.238
0.903
0.069
0.071
0.757
0.098
0.093
0.39
0.272
0.023
0.949
4.45
0.826
0.078
0.54
1.669
0.548
3.293
0.103
0.072
0.339
0.111
0.097
2.121
0.152
6.628
1.718
0.02
0.44
0.391
5.743
0.246
0.161
0.021
18.688
0.53
3.352
4.918
0.061
3.132
3.388
0.058
2.303
8.984
1.334
0.038
0.049
0.048
0.406
0.744
2.223
3.237
0.087
0.084
0.063
0.052
0.099
0.022
0.465
0.153
0.039
1.289
16.102
2.033
7.895
1.462
0.171
0.399
0.556
0.643
0.594
0.2
0.88
0.166
3.639
1.381
0.285
0.126
7.944
0.095
0.106
0.065
1.007
0.067
4.55
7.366
3.949
3.985
0.29
0.984
1.067
16.231
0.271
1.008
1.682
1.067
4.511
0.044
0.126
0.977
0.152
0.123
0.05
0.2
1.966
0.051
0.13
0.217
0.072
1.819
0.189
11.838
2.14
1.573
2.982
0.11
0.368
0.14
0.028
2.809
0.748
7.023
0.077
0.105
5.54
0.7
7.134
0.161
1.139
6.664
1.438
0.277
0.406
1.199
0.117
6.268
5.931
0.931
1.414
2.708
0.093
2.504
0.08
2.967
2.6
3.924
1.75
12.009
5.193
0.163
0.045
0.599
0.105
3.237
1.785
0.212
1.174
6.32
3.428
0.113
0.066
1.423
1.627
2.81
0.568
3.218
0.404
6.718
2.604
5.406
0.658
0.254
0.801
0.038
0.051
0.104
1.913
0.598
0.227
3.342
1.389
2.085
0.027
0.33
1.036
2.646
0.3
0.23
1.116
2.942
2.054
0.409
0.768
0.837
0.108
0.028
1.125
4.181
1.406
14.882
1.169
0.034
0.24
0.057
0.218
1.18
7.529
0.242
0.041
1.646
1.15
0.069
3.405
0.595
0.63
0.869
1.045
0.744
0.22
0.679
1.212
0.049
0.249
3.488
5.15
0.539
1.244
4.057
0.06
0.92
6.177
2.619
1.71
0.781
0.11
3.343
1.906
3.083
0.087
0.098
15.865
14.408
6.574
3.393
4.345
5.195
0.868
0.047
1.854
0.371
0.051
0.445
1.043
0.056
0.939
5.877
2.663
1.078
0.08
1.669
4.101
0.195
1.128
0.19
2.798
0.103
3.671
0.177
3.379
6.013
3.878
0.8
0.036
0.401
0.997
0.104
0.15
2.064
2.489
2.939
0.117
1.563
0.093
1.664
5.172
0.96
0.177
8.751
0.468
1.146
1.546
0.066
3.58
0.234
7.364
0.134
1.239
1.304
0.84
3.078
2.115
7.365
3.676
1.385
0.012
0.178
3.843
0.058
0.024
0.057
0.224
0.104
0.074
5.948
0.925
0.154
4.162
0.076
0.325
0.752
0.839
1.769
3.517
4.785
5.818
0.953
0.16
0.79
2.731
2.692
0.348
0.211
0.074
0.027
0.123
0.098
0.035
11.1
0.147
0.822
0.037
3.138
5.173
15.038
5.296
1.339
0.349
0.019
6.004
5.102
2.58
0.364
0.153
0.056
8.561
0.343
0.343
1.215
1.466
0.132
0.024
3.688
0.094
7.468
3.661
0.041
0.808
8.79
6.343
3.05
4.747
0.198
0.033
0.67
0.775
0.21
0.076
0.065
16.359
0.138
0.07
2.694
4.529
7.932
5.263
1.698
18.749
4.08
0.438
0.758
0.272
0.797
0.986
6.342
0.023
0.996
6.286
0.086
0.409
3.037
1.205
0.259
0.102
0.082
5.196
1.645
0.086
0.244
0.162
2.46
0.105
0.706
2.84
0.098
1.152
2.152
3.763
5.838
0.181
9.068
1.072
0.405
1.118
8.146
0.22
0.118
2.436
1.93
2.363
0.067
0.147
0.68
0.354
0.098
4.408
2.268
0.062
1.123
0.085
0.038
0.348
0.124
0.73
1.051
2.756
0.13
0.148
1.674
3.013
0.292
0.08
0.104
2.054
0.217
3.387
0.545
0.275
1.24
5.397
0.066
0.111
0.734
7.702
8.173
1.074
1.008
7.319
4.399
1.121
2.75
5.066
0.181
0.02
1.015
7.457
0.717
2.467
1.643
0.035
0.089
6.054
15.744
0.017
0.672
0.189
0.101
0.085
7.405
1.665
2.554
0.27
0.478
0.167
0.15
6.266
0.255
1.022
1.657
0.094
1.167
8.611
1.632
0.05
4.127
2.217
1.373
1.911
0.652
0.165
3.147
8.155
0.108
7.083
2.839
0.033
0.445
0.185
0.266
1.223
0.168
0.062
0.21
2.926
0.125
0.105
0.352
0.058
0.083
0.12
4.768
0.128
0.051
7.212
8.396
0.76
0.933
1.763
1.042
0.245
0.675
2.489
1.012
1.412
0.564
9.642
0.429
2.65
6.905
0.5
1.5
0.016
7.373
0.047
0.104
0.132
0.152
0.057
0.16
3.881
0.069
0.191
0.041
15.025
0.723
3.025
2.863
9.25
1.679
0.039
0.341
0.837
0.197
0.061
5.995
2.113
3.456
1.542
0.706
0.077
0.756
0.067
0.106
0.244
1.267
2.06
3.57
4.834
2.442
0.081
3.33
0.404
0.133
1.374
5.161
0.53
0.234
0.38
5.634
0.418
0.092
0.134
1.625
2.507
0.664
0.707
4.558
3.252
0.796
0.1
0.33
0.977
0.182
7.866
0.886
0.377
0.103
3.031
0.515
0.402
3.701
0.25
0.18
0.448
4.232
6.472
0.099
1.512
1.165
0.198
1.355
0.552
0.145
0.054
0.06
0.066
0.079
0.112
5.464
0.152
3.128
0.116
0.214
0.072
1.547
1.725
3.779
0.934
0.382
0.541
7.016
0.407
1.346
0.311
0.11
1.407
0.079
0.049
0.168
2.342
0.387
0.41
0.356
4.517
0.339
0.041
0.04
0.243
3.261
2.171
0.043
0.26
0.74
1.108
5.055
0.244
4.762
0.063
0.053
0.805
0.51
0.031
3.447
0.91
3.202
3.704
0.06
0.378
0.037
0.155
0.136
0.508
1.542
1.132
0.65
2.363
0.736
0.222
0.122
0.645
1.843
1.196
3.507
0.105
0.09
0.081
2.173
0.185
5.535
3.357
0.344
0.116
2.849
0.308
0.043
1.971
2.315
5.899
0.071
10.626
0.273
1.421
0.065
0.48
0.171
0.368
0.177
3.498
1.466
0.081
0.081
0.024
0.876
1.419
2.573
0.098
5.496
0.094
1.397
5.506
0.508
0.033
1.986
2.289
0.791
0.145
0.052
1.396
0.824
0.345
11.098
5.523
0.406
10.231
0.21
1.268
0.087
0.471
2.32
1.238
4.903
0.078
0.573
0.161
0.108
0.026
7.682
1.216
0.21
0.114
0.021
4.453
5.467
3.018
0.199
1.251
0.692
11.191
2.622
0.092
0.98
3.313
0.036
2.41
1.271
0.044
1.499
4.89
0.788
2.221
0.41
0.169
2.821
6.304
1.879
4.732
0.046
0.047
1.65
5.285
0.676
10.135
1.817
9.151
0.103
5.648
1.138
0.445
0.356
0.575
1.823
0.13
1.161
0.124
0.061
0.476
0.051
0.25
0.975
0.068
0.734
0.217
0.314
8.249
0.065
0.549
2.848
0.307
0.185
0.129
7.121
7.446
3.26
0.581
0.572
0.594
1.259
7.391
0.108
1.229
10.982
4.442
1.03
0.459
0.492
2.789
2.335
5.586
2.626
0.109
2.249
1.368
1.533
0.084
4.063
12.139
0.111
0.479
3.538
8.995
2.414
6.767
0.03
4.938
0.142
0.078
0.206
1.39
0.761
2.726
0.026
0.177
0.024
0.334
0.174
3.086
6.449
2.427
3.414
0.061
1.193
5.312
7.603
0.875
0.454
0.878
0.058
1.841
0.69
2.753
0.533
0.995
2.917
0.275
3.762
11.13
7.745
0.036
0.053
4.216
1.41
3.309
1.359
0.966
1.921
5.015
1.373
0.033
0.048
0.452
1.364
0.224
5.225
0.187
0.26
3.062
0.135
0.282
11.968
0.027
3.944
2.691
4.617
0.162
1.89
0.612
3.787
4.333
0.938
2.78
0.074
2.307
3.678
0.144
0.047
2.618
2.701
0.035
0.693
0.117
6.049
0.162
0.222
3.602
1.61
0.312
0.853
3.299
0.044
4.769
0.086
0.2
0.163
0.923
4.21
8.462
0.86
5.424
0.199
2.95
0.23
0.054
0.218
0.654
5.23
0.354
5.858
0.612
0.133
0.031
0.108
0.119
0.079
0.077
5.717
1.08
6.885
0.071
2.93
0.125
1.105
0.118
0.634
4.82
0.064
0.074
3.996
0.04
0.154
1.339
4.181
0.58
25.463
0.21
0.035
0.136
0.032
2.174
0.086
0.032
12.264
4.301
0.857
0.197
0.089
3.974
0.39
10.356
1.753
0.048
0.59
0.604
7.136
0.047
5.259
5.456
7.036
1.248
0.771
0.971
0.065
2.708
0.871
4.692
5.249
0.092
3.421
1.426
14.334
0.041
3.266
0.121
2.268
0.106
1.0
0.033
2.723
3.104
0.041
0.144
2.147
2.253
0.317
0.07
0.274
3.347
0.04
0.766
1.485
2.608
11.088
1.103
0.316
0.656
2.563
7.178
0.09
1.428
0.032
12.774
0.658
2.132
4.899
7.966
4.209
1.677
0.03
0.139
0.215
0.774
1.326
0.237
0.133
0.853
2.565
5.874
0.118
3.225
0.165
0.15
0.174
0.361
0.575
0.19
0.398
0.73
4.796
11.646
1.907
3.781
0.407
0.202
0.268
3.453
1.219
2.797
0.068
0.078
1.137
0.211
0.048
0.198
0.098
1.897
2.406
0.484
0.479
1.429
0.05
0.605
7.942
0.179
7.691
0.021
2.696
0.162
1.957
1.457
0.553
0.098
6.401
6.491
2.642
0.281
6.147
0.031
0.026
1.51
5.414
9.628
1.345
2.703
1.561
0.182
3.544
1.942
6.007
0.69
0.041
6.583
0.513
1.839
5.802
3.984
3.343
1.37
6.164
0.137
0.43
1.213
0.23
10.957
0.29
0.061
1.862
0.269
2.416
0.891
1.154
1.374
0.256
0.121
0.377
4.018
6.394
0.053
3.083
0.061
1.351
1.734
1.38
0.689
0.045
0.157
1.96
18.733
0.468
0.812
0.55
0.956
5.197
0.742
4.01
6.128
0.576
0.805
0.144
1.515
0.095
3.408
3.176
0.068
0.163
2.888
0.048
1.346
0.482
2.425
0.373
0.637
5.877
1.295
0.062
0.137
0.997
0.292
0.112
0.182
0.42
0.125
2.667
0.1
1.116
0.138
1.469
3.649
0.062
0.03
15.274
0.13
3.667
0.352
0.986
0.551
0.183
3.441
5.26
0.047
0.31
0.891
0.384
0.151
2.554
0.236
0.049
1.721
0.725
1.253
0.643
3.191
7.343
5.182
3.253
0.192
7.732
0.295
0.548
10.972
8.325
0.031
0.37
0.311
0.703
0.253
4.772
0.042
0.58
0.195
0.081
0.095
7.568
0.043
3.567
0.029
0.051
5.051
1.955
0.138
1.348
1.673
2.084
5.545
0.864
0.139
3.785
0.08
1.515
2.88
0.687
10.18
0.354
14.117
8.503
0.715
14.576
0.05
0.239
0.097
0.332
0.35
1.126
4.751
0.139
5.743
5.023
1.521
0.134
0.271
5.642
0.08
0.392
6.659
0.091
1.216
0.481
3.394
3.087
4.275
1.417
9.006
0.38
0.047
6.906
0.049
2.525
1.211
4.312
0.217
3.032
0.434
1.338
0.102
22.437
3.355
2.062
13.803
2.763
0.722
8.338
2.641
7.136
2.031
0.672
0.188
0.224
0.956
0.33
0.779
0.118
0.258
0.118
0.834
0.073
2.251
18.701
0.178
2.492
5.587
0.059
0.12
0.196
0.103
8.148
2.28
0.203
1.993
0.13
1.846
0.038
0.17
0.454
0.08
1.553
0.108
4.496
0.116
0.268
0.129
6.466
0.129
0.215
3.85
0.154
0.541
0.072
0.786
0.791
0.029
0.072
0.302
0.055
1.032
0.082
0.129
0.677
0.534
0.295
6.652
0.501
8.02
0.713
7.575
2.969
0.098
0.074
0.095
0.685
0.027
0.083
0.268
10.03
0.945
3.48
4.21
0.064
6.956
1.626
2.606
3.258
3.778
0.122
0.827
5.697
0.194
4.057
0.532
2.406
2.871
1.28
8.575
0.226
0.422
4.807
0.162
0.551
0.644
4.98
0.075
4.986
0.522
0.058
0.237
2.433
0.315
0.524
0.1
0.853
0.054
6.162
0.805
0.92
0.058
0.066
3.323
4.257
0.189
2.804
0.052
0.147
1.604
0.072
5.376
0.767
0.061
2.919
0.025
0.086
4.94
0.196
0.231
0.774
0.186
0.061
0.048
4.284
0.181
0.23
0.068
1.645
0.057
0.059
0.138
0.214
0.811
2.855
2.444
1.737
0.141
2.415
0.331
0.06
0.302
1.567
0.033
0.106
0.288
3.421
0.162
1.07
7.649
1.714
0.064
18.681
0.068
0.096
1.659
0.052
9.813
8.211
0.122
0.061
0.347
2.762
0.659
3.62
0.025
1.655
0.263
2.637
0.778
0.951
1.959
1.428
0.117
0.15
0.037
0.08
5.233
2.355
0.121
0.112
12.06
14.045
0.015
0.206
0.102
1.426
0.539
0.055
0.036
11.089
0.029
3.611
2.168
3.111
0.052
0.393
2.672
14.704
0.099
10.681
2.452
0.758
0.385
2.919
2.041
0.384
0.058
0.78
0.062
0.025
0.066
0.773
6.117
10.965
1.118
2.345
0.175
2.922
0.295
0.303
0.373
1.395
1.291
4.172
0.096
9.02
1.545
4.871
1.054
0.084
3.324
0.126
4.872
1.39
11.722
0.23
0.049
0.895
0.084
0.982
0.395
3.233
0.072
0.513
0.033
0.201
0.076
0.222
0.677
5.879
2.542
2.075
1.854
0.071
4.338
0.034
2.489
1.959
0.237
0.634
0.519
0.063
2.087
1.448
3.244
0.08
10.488
0.531
0.589
0.02
0.242
2.274
2.105
0.064
0.091
0.081
2.911
0.881
10.747
3.758
8.466
4.454
2.609
0.594
0.129
0.322
0.123
0.077
0.167
3.604
0.332
0.838
1.14
0.097
0.028
0.392
0.08
0.06
8.961
0.681
2.479
0.141
2.658
0.471
1.149
3.923
0.097
1.513
0.123
3.846
0.051
5.716
0.063
6.197
0.498
0.134
1.148
14.111
0.022
4.381
0.129
1.088
0.095
1.028
2.067
1.642
0.156
1.248
0.02
1.436
0.102
0.564
0.055
4.025
0.954
0.465
5.647
0.05
0.122
0.218
0.191
4.754
0.795
3.019
5.193
0.18
2.87
0.222
2.984
0.129
2.828
4.612
4.183
1.947
3.351
0.129
0.071
0.242
0.032
4.07
0.144
0.649
1.162
8.245
0.075
1.45
2.167
5.724
0.692
0.211
4.41
0.67
0.118
0.061
1.236
0.043
1.921
0.158
1.477
0.102
0.129
7.111
1.23
3.607
1.038
1.352
4.36
1.687
2.68
0.09
0.815
2.88
3.261
1.589
13.425
8.122
4.688
8.479
0.661
4.198
0.448
0.11
0.097
0.582
0.088
0.904
1.177
0.086
0.125
9.996
0.046
5.63
4.739
12.95
7.055
2.961
4.366
0.55
0.222
0.106
0.112
2.23
0.781
2.19
5.279
1.893
0.082
0.224
5.692
0.553
5.687
1.42
0.264
0.977
1.047
0.039
0.029
0.046
3.313
2.408
1.916
0.932
2.39
3.155
3.051
0.174
0.601
0.191
0.133
5.611
3.339
0.03
6.825
0.21
0.08
1.389
0.148
0.117
1.138
11.706
3.6
8.794
1.986
0.061
0.154
0.024
0.597
0.685
0.087
0.064
0.919
9.17
1.267
5.8
1.483
1.514
0.69
2.594
1.985
0.657
0.125
3.261
3.824
1.211
4.882
3.988
3.168
0.033
3.776
5.033
1.467
0.067
0.187
2.112
1.12
0.983
0.781
4.033
1.216
3.037
0.024
0.292
0.952
0.157
0.175
3.722
0.445
0.198
0.356
0.279
8.722
2.704
3.235
1.05
4.394
0.589
0.798
0.513
0.102
2.77
3.614
3.634
5.441
1.316
0.511
0.137
2.57
6.57
8.176
0.209
1.58
0.132
0.075
0.146
3.178
0.063
0.15
1.704
7.76
6.111
7.97
1.771
3.183
0.101
0.033
0.612
1.199
3.12
0.122
15.444
0.31
0.526
2.052
1.189
2.826
4.392
0.87
3.251
1.067
1.846
0.067
2.539
3.515
4.105
0.987
0.776
0.98
6.581
0.506
0.118
4.468
1.133
2.967
0.571
4.223
0.036
1.083
0.132
0.569
0.059
0.094
0.221
0.959
4.742
0.038
0.915
5.348
15.253
0.062
3.456
2.171
0.223
0.825
0.04
8.709
0.111
4.562
2.852
0.121
2.668
0.113
0.035
0.063
0.2
2.392
0.987
1.149
2.166
0.38
1.012
0.692
0.044
5.274
0.267
0.805
0.687
0.025
0.08
0.091
5.866
2.764
0.132
0.097
0.075
0.115
0.339
9.311
1.226
0.572
0.243
0.559
0.045
3.491
1.435
3.791
10.935
3.192
3.506
1.165
0.075
3.664
6.806
1.41
0.083
0.56
1.15
0.298
1.452
0.157
0.12
1.348
3.812
0.201
12.235
1.702
0.75
0.216
0.063
4.76
0.268
1.076
0.232
0.081
0.106
0.274
0.213
0.039
0.051
9.64
0.089
2.566
0.075
11.004
0.084
0.078
4.603
0.961
0.029
0.855
0.022
1.804
1.188
3.228
1.98
0.165
1.247
9.317
0.747
0.213
3.015
0.302
0.413
0.044
8.647
0.134
0.032
13.631
1.037
0.118
0.089
8.03
3.016
0.066
0.102
4.551
1.46
1.03
12.886
9.145
7.408
0.724
4.089
0.033
0.504
1.949
3.727
7.798
0.669
8.621
3.39
0.703
1.505
0.542
4.874
0.277
1.807
6.993
0.073
0.776
1.124
0.867
0.524
0.574
0.062
1.572
3.231
10.057
0.896
0.162
0.052
0.063
0.249
0.102
0.086
0.09
1.883
1.382
0.086
2.415
1.177
5.799
6.19
0.398
0.025
0.79
0.207
0.083
0.034
0.09
7.332
8.413
1.212
0.824
0.071
0.86
0.417
1.1
7.403
0.276
0.695
1.25
0.016
0.911
2.106
3.028
2.885
9.582
2.343
0.434
3.356
1.241
10.818
0.036
0.988
2.337
1.863
12.072
2.724
0.062
0.498
0.222
0.141
4.974
1.158
1.605
4.698
0.057
0.315
0.114
0.039
1.028
0.554
2.404
1.746
1.987
5.031
3.589
1.018
4.733
12.385
0.45
2.225
1.015
0.132
0.211
3.234
3.586
2.685
0.085
0.075
0.037
0.154
0.194
4.802
4.395
0.126
0.682
0.066
5.424
0.396
0.045
4.01
1.073
4.304
0.344
0.801
0.164
5.535
0.036
1.283
5.34
0.176
3.135
2.62
0.596
1.836
0.234
0.573
0.117
0.052
1.235
0.263
9.619
0.41
5.824
0.126
0.326
5.339
7.083
0.738
0.311
0.032
7.896
0.435
0.143
0.986
4.334
0.545
0.469
0.616
0.077
2.562
2.606
0.2
0.095
0.475
0.149
0.045
0.12
0.169
0.585
0.055
0.914
8.308
0.187
0.145
3.823
2.229
2.02
0.034
6.39
4.067
0.963
0.899
0.056
2.442
0.111
1.355
1.21
2.299
2.478
6.405
0.055
0.562
6.269
0.116
1.716
7.923
0.691
0.229
0.648
0.052
2.619
0.264
0.125
0.352
0.177
2.055
0.068
0.059
3.251
0.101
0.856
1.983
0.732
0.461
0.421
0.042
4.803
0.737
0.031
0.091
0.1
3.674
0.037
0.939
0.636
0.217
0.358
0.127
1.352
0.042
0.061
1.154
0.177
0.772
4.252
0.451
1.206
0.073
2.306
0.239
5.041
0.031
0.406
11.888
0.428
2.63
1.044
0.093
0.054
0.226
4.011
0.135
1.86
0.942
0.201
3.592
1.776
0.175
6.088
0.038
1.571
0.236
0.307
0.114
0.04
0.108
0.381
0.246
0.068
0.058
3.467
0.269
4.001
0.405
0.171
2.008
12.725
2.009
4.882
3.472
4.556
3.583
0.446
5.204
0.097
0.727
0.991
8.614
7.091
0.128
1.472
8.539
0.337
0.212
5.345
1.219
0.248
0.309
2.034
0.048
0.177
9.381
3.039
0.038
0.12
0.069
0.639
0.194
1.701
0.024
0.392
0.904
0.829
1.493
3.769
9.037
2.475
0.082
7.632
0.072
0.107
5.611
0.066
0.187
0.125
0.515
8.097
0.115
6.696
4.291
10.426
0.081
0.393
2.604
0.209
0.052
0.017
2.912
0.809
3.073
0.278
3.197
0.206
0.534
0.95
0.292
0.572
1.381
3.549
2.315
0.17
3.233
0.075
1.011
0.039
0.887
3.467
13.333
15.658
0.243
0.787
5.507
16.915
3.635
2.506
7.446
0.19
1.207
0.204
0.074
0.193
5.825
0.082
0.118
0.046
4.987
3.465
1.84
1.933
4.173
0.548
10.113
0.06
0.032
0.027
1.148
12.084
0.965
0.063
1.482
0.81
3.952
0.188
0.999
4.794
0.949
0.252
8.325
0.121
3.59
0.707
2.401
3.613
5.189
0.059
0.18
0.755
0.468
0.235
0.047
0.049
0.488
2.691
0.151
3.454
0.068
0.153
3.879
2.224
1.162
2.828
0.385
0.057
8.987
0.033
2.171
2.021
0.075
1.49
0.035
0.039
0.299
0.551
0.14
1.398
8.184
4.747
1.108
0.255
4.496
0.092
0.069
0.882
1.325
2.171
3.805
0.18
0.077
0.033
0.165
0.637
1.882
1.274
0.17
0.219
2.444
0.202
0.113
0.045
7.261
0.2
5.943
1.816
0.302
0.643
1.341
0.061
0.713
0.13
2.066
4.682
0.051
5.78
1.047
3.388
3.131
2.315
0.146
0.122
0.414
8.263
2.249
0.368
0.138
0.037
0.165
0.065
0.448
0.068
0.064
7.648
0.152
0.208
3.134
4.342
0.137
0.467
6.538
1.337
0.267
0.163
3.524
1.515
0.101
12.261
0.6
2.04
0.285
10.602
16.423
5.191
1.266
10.527
1.089
0.452
2.022
0.175
0.223
1.3
0.067
0.605
0.85
0.351
0.085
0.085
0.152
0.099
0.1
0.524
0.464
0.042
1.35
0.043
0.054
0.075
0.109
4.534
4.888
0.067
3.815
6.473
0.084
1.679
0.064
0.425
14.834
0.08
0.017
8.611
1.681
1.393
0.048
5.363
4.29
3.792
0.101
0.217
4.535
1.287
1.382
0.693
0.093
6.283
0.442
5.381
1.305
0.111
0.501
3.672
1.22
0.68
2.997
0.14
1.6
0.034
0.973
3.14
5.58
0.072
1.394
1.806
0.056
2.761
2.864
1.403
1.827
0.498
1.933
0.639
0.326
5.129
7.47
0.037
0.077
0.522
0.039
0.521
1.502
0.114
2.481
6.743
0.39
5.288
2.008
0.198
1.329
6.914
0.376
0.301
1.119
0.081
0.41
1.251
0.079
5.057
0.211
4.972
2.666
2.022
2.494
0.13
0.306
2.022
0.601
0.415
0.362
1.066
0.947
0.041
0.031
0.094
0.415
3.947
4.625
1.897
3.684
1.075
8.014
2.437
0.034
0.451
2.292
2.699
0.689
0.347
0.126
8.527
8.308
6.898
0.132
2.473
1.041
0.165
3.757
0.132
0.278
1.061
1.031
1.995
6.177
5.137
0.534
3.537
0.629
0.92
0.911
0.079
0.244
0.034
1.933
3.935
1.798
0.186
4.993
0.103
3.569
0.088
3.355
3.105
0.803
0.104
0.881
1.789
3.502
1.788
13.833
10.586
0.115
0.087
0.099
4.342
0.08
3.849
0.697
0.228
0.055
3.641
0.978
1.231
0.303
0.02
4.603
0.175
9.442
0.088
5.393
0.758
2.743
0.051
0.408
2.763
0.162
0.299
0.052
0.048
2.26
0.124
0.138
3.858
2.651
0.075
0.137
0.314
0.532
12.08
4.877
0.909
0.063
0.051
2.58
0.038
0.501
0.21
1.41
2.602
1.049
0.176
4.067
0.242
0.31
1.123
0.153
1.447
0.147
1.62
9.725
1.038
0.887
0.076
13.943
0.198
0.024
5.893
0.045
17.584
0.688
0.076
0.056
0.189
0.043
0.414
14.844
0.106
0.07
0.066
1.161
0.623
0.149
0.129
0.949
0.04
0.536
3.271
0.246
8.783
0.591
10.012
0.079
3.815
4.359
1.332
5.643
0.03
4.925
6.888
0.08
1.308
1.336
1.568
0.305
0.352
1.322
0.24
0.025
0.95
0.281
2.911
0.062
0.197
20.422
0.127
3.483
0.636
3.67
0.062
6.295
0.683
0.549
5.101
0.53
0.331
0.971
1.369
0.297
1.595
2.04
2.416
1.534
0.096
1.171
0.474
1.926
0.058
3.535
0.176
0.05
11.865
0.259
0.607
0.087
0.216
0.137
1.696
0.286
0.133
0.221
4.398
2.066
1.323
0.148
2.148
0.054
0.465
1.781
0.236
0.569
0.16
0.062
8.534
1.448
1.625
0.621
0.052
5.786
2.115
0.111
0.06
0.192
0.136
0.113
1.965
1.114
0.123
0.922
0.22
2.678
1.356
3.078
1.189
0.082
0.337
9.14
3.212
2.697
1.303
2.503
0.255
0.489
6.174
3.31
0.451
0.568
0.238
0.196
0.106
5.718
1.116
0.796
0.066
5.15
0.155
1.455
0.285
0.09
0.711
4.465
4.102
0.136
0.327
0.107
0.609
0.193
5.607
3.273
1.226
4.25
1.307
0.047
0.749
1.954
0.275
0.608
0.476
0.844
1.446
2.749
0.091
2.437
0.047
5.433
9.153
0.132
3.737
5.266
0.388
5.777
1.537
0.258
0.269
5.629
8.224
2.002
0.999
2.469
4.866
1.876
0.078
1.93
0.11
0.92
0.065
0.075
1.63
3.373
4.275
2.117
1.859
0.306
0.09
10.122
0.21
0.052
1.033
1.223
0.078
6.311
0.121
6.838
6.949
0.057
1.596
0.04
0.376
0.029
18.792
0.494
4.624
3.895
0.121
0.17
0.036
0.204
4.606
0.085
0.5
0.127
0.062
1.048
0.437
0.409
3.373
0.049
3.643
0.117
0.229
5.399
0.059
0.545
3.656
0.348
2.537
0.614
1.487
0.519
14.051
6.334
1.325
6.625
0.463
1.135
1.441
0.563
2.007
1.94
0.587
1.982
0.433
3.322
0.067
4.184
0.035
5.522
2.684
7.542
0.082
3.144
0.114
0.037
0.127
2.302
5.9
0.155
1.459
1.281
3.262
0.199
0.149
2.38
0.364
2.854
1.552
1.084
0.095
0.631
3.581
0.206
0.073
0.38
4.478
0.33
14.926
4.717
0.047
0.228
0.129
8.533
0.068
2.825
6.618
7.063
0.661
2.027
1.237
0.701
0.098
0.302
0.841
0.024
0.124
3.18
0.05
0.182
3.386
9.514
0.038
0.728
0.924
0.486
8.296
1.853
0.389
0.864
4.124
5.413
0.058
6.205
1.792
0.05
1.366
0.193
0.27
3.16
0.988
0.081
0.488
0.098
0.061
5.043
2.311
0.131
1.011
0.229
0.48
0.141
0.998
0.023
0.319
1.456
0.105
6.398
2.386
0.957
0.091
0.025
9.079
0.036
0.039
3.094
3.495
0.156
2.158
0.811
1.019
1.139
1.053
0.155
2.08
1.35
4.156
0.25
0.349
0.085
0.05
2.63
3.626
1.838
6.467
3.324
0.781
0.813
0.213
0.072
0.331
2.394
2.105
6.012
0.052
8.763
0.155
0.035
1.37
0.931
2.477
0.782
0.071
1.186
0.058
0.432
6.449
0.824
4.324
0.05
0.219
1.239
1.714
13.544
6.147
10.251
0.048
0.12
11.773
4.797
0.065
1.113
1.154
0.052
0.187
0.499
0.332
0.896
2.226
0.581
0.116
0.102
6.12
2.116
0.716
0.064
0.96
0.73
0.071
0.375
5.426
3.377
6.683
3.333
2.44
7.634
1.332
1.334
7.084
3.149
0.519
0.061
2.633
1.639
0.186
0.715
0.202
0.118
0.103
1.101
5.363
1.039
5.84
0.931
2.063
2.931
0.476
3.234
0.039
2.29
3.32
0.156
3.461
1.752
2.901
0.892
2.989
10.191
11.445
0.054
2.271
0.079
0.632
0.251
1.24
10.115
0.093
0.021
0.376
0.122
1.116
0.096
0.028
0.739
0.564
2.701
1.006
2.954
0.077
0.084
0.035
0.635
0.254
0.35
1.19
0.214
0.072
0.776
4.457
0.424
1.519
0.111
0.21
0.153
0.06
8.061
4.569
13.644
5.924
0.751
0.198
0.096
0.398
0.047
0.86
0.35
0.96
0.161
1.986
0.067
10.651
1.334
5.049
0.227
0.068
6.746
1.018
1.194
1.486
2.252
0.727
1.442
0.105
2.687
2.633
0.579
2.029
1.822
0.249
1.547
0.554
8.228
0.222
0.776
2.401
0.146
0.435
5.61
1.058
0.812
4.794
2.071
0.316
4.269
0.076
0.172
0.204
4.323
0.547
0.078
5.504
0.54
0.884
1.02
3.826
0.194
1.673
4.888
0.097
0.438
5.751
0.023
0.548
0.164
4.607
1.485
3.186
0.117
1.26
0.211
5.753
0.223
1.771
0.051
0.153
2.866
7.857
0.451
1.512
2.83
1.771
1.13
0.27
6.682
4.688
0.181
0.098
1.163
0.254
1.221
0.023
0.098
3.053
3.679
1.125
4.203
0.113
0.067
5.662
0.231
0.73
0.281
2.812
0.078
1.421
1.439
0.437
4.07
0.42
0.17
4.471
0.203
0.504
2.841
0.554
2.595
0.066
3.649
0.66
3.417
2.307
0.144
2.128
0.163
0.041
0.675
7.05
0.379
0.052
1.67
2.449
3.383
3.633
0.276
2.826
0.445
18.759
1.808
4.105
8.634
1.732
10.368
0.298
6.066
1.419
0.262
3.534
8.132
12.46
0.253
0.374
2.616
6.846
0.086
6.743
0.681
10.079
3.135
0.065
0.061
0.483
0.193
12.325
0.045
3.235
0.236
2.179
0.353
0.581
0.374
1.637
0.654
0.885
0.4
0.641
0.068
0.16
0.956
10.108
0.606
4.341
0.04
0.281
0.417
0.02
2.051
0.193
0.113
1.099
1.215
2.847
1.874
0.91
0.516
1.514
0.044
1.081
0.631
0.913
7.469
0.06
2.847
0.061
4.952
0.168
0.808
1.551
6.828
13.705
10.671
0.226
2.533
0.222
1.934
0.479
0.411
2.311
0.214
1.331
0.892
5.05
0.142
12.251
2.769
1.145
1.517
1.371
7.499
3.83
0.095
0.204
0.745
1.472
0.295
0.089
0.042
3.198
0.04
1.447
0.153
0.031
1.532
0.889
0.193
3.082
0.82
0.697
6.103
0.139
1.349
4.877
0.066
2.222
6.543
2.529
1.025
0.165
2.473
9.16
0.096
0.645
0.63
1.084
0.207
6.762
2.56
0.813
3.197
0.522
0.105
0.133
1.945
0.629
0.45
1.898
1.23
7.439
4.288
0.115
0.558
0.829
0.229
0.05
4.034
1.25
0.925
1.428
2.305
12.868
0.384
1.771
0.103
0.095
0.062
0.153
0.516
0.198
2.399
0.101
0.043
8.51
0.021
5.367
0.663
0.055
11.982
0.338
0.091
0.326
3.091
2.08
0.07
0.176
1.601
0.227
2.629
1.396
0.099
3.489
0.329
0.59
2.004
0.06
0.516
0.068
2.319
0.285
0.072
3.754
0.059
0.877
0.081
1.905
5.191
0.087
0.267
0.943
5.951
5.153
0.614
6.606
5.216
0.246
3.076
2.266
5.367
0.027
1.677
0.117
0.084
8.609
5.412
3.256
0.787
0.11
2.155
2.122
0.035
0.527
0.59
1.324
0.791
0.035
1.376
7.675
1.42
5.299
0.304
0.754
1.758
1.016
0.261
15.529
6.242
0.428
0.88
0.062
0.074
0.102
5.025
0.143
0.079
0.631
0.115
0.183
0.332
1.513
2.265
0.068
1.241
0.144
0.038
0.085
0.16
1.798
5.053
0.176
1.194
10.939
5.048
6.715
0.5
0.368
4.009
0.406
0.154
0.034
0.906
0.402
3.418
0.2
1.537
2.888
1.97
7.59
0.084
4.379
2.925
5.156
5.774
6.59
0.608
0.366
3.251
1.719
4.691
0.032
3.016
3.272
4.657
0.049
1.246
0.358
0.479
0.124
2.766
1.966
0.371
0.173
10.449
0.414
1.152
4.943
0.319
0.298
0.032
3.7
2.677
6.347
2.707
3.186
9.629
0.141
0.056
2.001
4.171
0.272
0.066
0.059
0.067
1.53
8.216
0.251
0.049
0.161
0.138
2.026
3.101
0.136
1.466
1.441
4.598
0.203
0.118
0.086
0.17
3.44
0.153
6.079
0.027
11.3
3.77
2.857
0.588
0.072
1.458
7.282
1.963
0.091
3.321
8.862
0.08
1.402
0.24
0.328
0.356
3.244
0.032
0.093
4.142
0.135
0.155
0.123
7.039
1.712
0.841
12.186
4.286
3.749
1.661
0.566
0.061
0.073
1.496
4.719
0.133
0.104
11.843
1.153
0.191
0.273
0.161
0.054
2.156
4.826
1.617
0.347
1.257
0.052
0.164
0.667
0.529
0.066
1.733
0.066
0.224
3.518
1.211
3.079
0.056
4.85
7.109
0.125
0.348
0.179
0.528
7.028
7.633
0.04
0.26
0.101
2.515
5.406
0.331
5.057
0.314
0.114
4.519
0.131
0.073
0.531
0.622
1.277
0.206
5.634
1.853
0.159
0.393
5.774
0.471
0.102
1.922
0.188
0.92
0.688
9.851
1.681
0.177
0.909
0.08
1.855
4.794
1.009
11.669
7.289
0.595
0.115
0.132
0.077
0.065
3.996
5.109
1.912
0.554
1.775
0.203
0.03
0.961
0.152
3.871
1.284
0.354
0.231
4.61
0.221
0.051
4.347
0.267
3.719
0.069
2.846
4.487
1.389
0.048
5.617
6.661
3.541
2.815
3.905
2.364
0.637
0.018
2.001
8.54
1.348
3.504
6.352
1.827
4.721
0.084
0.28
1.439
7.109
0.319
9.171
4.823
2.18
2.574
6.254
3.426
2.577
3.923
7.379
0.079
0.916
0.272
2.498
0.106
0.144
0.308
7.431
0.024
0.286
0.176
0.067
0.038
0.938
0.861
0.151
0.875
7.973
4.657
0.089
0.124
0.897
1.427
0.182
0.148
3.424
0.69
0.175
1.982
4.707
0.189
2.628
0.075
0.139
0.117
2.262
5.996
0.03
2.681
1.316
2.311
1.839
0.737
0.34
0.298
0.151
0.202
1.329
0.034
0.044
2.168
0.295
2.175
2.03
0.091
6.079
0.313
10.439
1.666
0.964
2.3
5.354
0.436
1.144
0.261
8.309
3.635
0.098
1.068
3.681
0.123
3.143
0.016
0.03
0.075
0.134
9.666
0.365
0.185
5.65
1.928
1.271
0.276
2.924
0.227
0.093
3.451
6.446
0.672
0.071
0.406
0.286
0.276
2.176
1.28
0.053
0.126
0.299
0.119
2.336
2.427
0.232
2.273
0.239
0.316
5.436
0.042
0.151
3.206
0.068
0.054
5.599
3.277
0.124
0.071
5.327
1.034
1.066
2.187
0.036
1.956
0.4
5.35
0.818
3.655
0.139
2.222
4.696
4.988
0.137
0.068
2.495
2.844
0.04
0.909
1.039
0.075
0.077
3.097
2.933
4.152
0.868
0.268
0.067
0.19
0.113
3.965
1.023
5.578
3.59
0.031
1.559
0.33
0.133
0.631
2.112
0.073
3.536
2.082
1.261
0.026
0.104
2.539
0.428
6.341
0.143
2.446
0.028
0.043
0.44
0.058
0.147
2.942
0.502
0.106
3.397
0.035
2.83
0.93
0.358
4.151
0.705
1.246
0.046
3.738
0.682
0.142
0.18
3.72
0.165
1.661
3.425
0.026
0.156
0.68
0.28
0.909
0.342
3.986
3.449
0.079
0.535
0.071
2.083
6.337
0.382
0.115
0.053
1.072
0.063
0.434
0.908
6.809
0.05
4.093
0.145
1.739
0.245
0.079
0.736
0.81
2.007
5.845
0.102
0.527
0.823
4.12
0.219
4.764
3.512
0.053
0.303
1.043
0.173
6.697
1.185
1.91
1.995
0.387
0.743
0.084
2.815
1.6
5.194
0.024
1.835
0.439
0.334
0.859
7.927
2.498
0.062
0.045
0.035
0.671
0.308
0.023
4.613
0.976
1.5
0.976
0.473
2.73
0.196
2.61
2.563
0.297
0.036
8.252
0.093
0.163
8.831
0.658
3.337
5.565
5.139
0.588
2.012
1.349
8.229
12.011
0.061
0.061
0.247
2.344
0.445
1.111
1.968
0.164
2.74
0.593
0.054
1.155
0.579
3.111
0.476
0.74
2.98
1.603
0.735
0.196
0.019
0.557
3.799
1.001
0.071
2.57
1.631
0.135
1.819
6.129
0.567
0.426
5.853
0.063
0.26
0.452
0.191
0.092
0.255
0.045
1.615
1.195
3.816
4.279
3.651
0.207
2.709
0.404
4.423
0.114
8.741
11.765
2.152
2.175
2.492
3.601
5.388
7.464
2.359
0.065
1.133
5.983
2.297
7.282
1.504
0.493
0.134
6.811
5.256
0.112
1.045
0.073
8.122
0.087
0.044
0.037
1.104
0.142
0.04
0.044
2.128
1.152
7.61
3.511
0.273
0.511
0.057
2.55
5.958
3.597
1.976
2.827
1.948
0.575
1.263
2.625
0.507
1.647
0.126
8.909
2.469
3.352
3.619
0.041
3.081
6.958
0.147
0.204
1.4
0.065
0.096
0.448
0.076
2.88
0.068
2.974
13.389
0.203
0.745
2.195
1.34
1.479
0.077
0.118
0.424
0.237
2.213
7.333
0.077
0.646
2.99
0.167
0.279
3.639
4.745
0.232
0.555
4.872
0.06
1.042
2.121
0.102
12.795
1.751
0.15
0.306
1.882
0.519
1.319
0.042
7.57
0.949
0.153
1.279
0.807
0.635
0.088
1.529
4.491
1.777
3.458
0.691
10.289
1.079
0.134
0.037
1.609
0.142
0.08
8.433
0.064
0.247
2.755
0.632
0.703
0.084
4.962
0.978
0.922
0.105
2.203
0.967
2.867
4.555
2.134
1.774
0.125
0.237
0.924
0.183
1.867
0.392
10.758
1.123
0.221
0.263
2.416
11.897
0.322
1.507
0.047
6.065
0.963
7.524
5.119
0.584
0.287
13.674
8.346
0.704
4.9
0.049
0.036
0.058
0.059
0.925
0.159
13.339
9.141
5.782
0.072
7.826
11.282
0.291
0.04
2.37
4.335
0.55
2.491
2.679
0.245
0.074
2.207
0.654
2.116
5.067
14.738
0.087
1.278
0.821
3.27
0.029
0.127
1.243
5.05
3.496
2.739
4.445
4.224
0.522
0.944
0.141
0.109
0.318
1.135
1.622
0.159
1.808
0.151
0.089
0.593
0.016
0.189
0.027
0.074
1.538
3.92
2.649
2.813
0.084
0.074
0.157
0.143
1.477
0.024
0.053
0.09
1.919
7.136
0.106
0.222
0.052
4.196
0.314
1.966
0.39
0.208
3.496
0.333
0.19
0.746
3.99
0.046
0.035
0.029
1.08
0.659
1.974
1.731
8.05
0.143
2.069
2.167
7.287
0.882
0.128
0.161
0.34
1.577
0.105
3.035
1.824
5.079
0.257
0.027
1.074
0.129
4.677
0.331
0.077
1.012
0.191
0.27
3.345
0.348
1.995
1.252
1.194
0.432
0.307
0.497
0.218
0.365
0.071
0.882
0.13
8.522
2.27
3.569
0.071
0.055
0.148
0.121
0.264
0.123
0.02
3.237
2.827
1.041
5.68
0.265
0.103
1.627
2.129
0.206
0.05
2.719
0.136
0.095
11.839
1.041
2.104
0.377
7.029
1.025
0.087
0.06
0.19
1.307
0.032
3.351
5.421
3.205
0.058
2.371
1.1
2.812
3.697
0.214
0.091
1.25
1.225
0.135
4.766
1.195
0.1
1.865
5.142
3.697
0.047
1.443
0.302
0.273
12.477
0.554
2.951
0.078
0.23
0.25
1.081
26.194
1.904
3.661
0.025
4.325
0.08
0.378
2.075
0.149
1.351
0.077
0.497
2.615
0.508
0.121
0.178
0.903
1.935
0.131
0.757
12.274
9.318
0.049
0.039
0.256
1.503
0.123
1.181
0.038
0.039
0.063
0.657
0.221
5.936
0.083
0.832
0.326
1.323
0.072
0.125
0.128
1.648
3.17
2.872
3.296
0.057
0.397
2.482
8.357
0.194
2.375
