0.0
0.0
0.0
0.0
0.0
0.0
0.0
0.0
0.0
0.0
0.0
0.0
0.001
0.001
0.001
0.001
0.001
0.001
0.001
0.001
0.002
0.002
0.002
0.002
0.002
0.002
0.002
0.003
0.003
0.003
0.003
0.003
0.003
0.003
0.003
0.003
0.003
0.003
0.003
0.003
0.004
0.004
0.004
0.004
0.004
0.004
0.005
0.005
0.005
0.005
0.005
0.005
0.006
0.006
0.006
0.006
0.006
0.007
0.007
0.007
0.007
0.007
0.008
0.008
0.008
0.008
0.008
0.008
0.008
0.009
0.009
0.009
0.009
0.009
0.009
0.009
0.01
0.01
0.01
0.01
0.01
0.01
0.01
0.01
0.01
0.01
0.011
0.011
0.011
0.012
0.012
0.012
0.012
0.013
0.013
0.013
0.013
0.014
0.014
0.014
0.015
0.015
0.016
0.016
0.018
0.018
0.019
0.019
0.019
0.02
0.02
0.02
0.02
0.02
0.022
0.022
0.023
0.024
0.024
0.025
0.026
0.026
0.027
0.028
0.028
0.029
0.029
0.029
0.03
0.03
0.032
0.032
0.033
0.033
0.035
0.036
0.036
0.036
0.036
0.038
0.038
0.039
0.04
0.041
0.041
0.041
0.042
0.043
0.045
0.045
0.045
0.046
0.047
0.048
0.05
0.05
0.05
0.05
0.051
0.053
0.053
0.054
0.057
0.057
0.059
0.061
0.063
0.065
0.065
0.069
0.07
0.073
0.074
0.074
0.075
0.075
0.076
0.077
0.078
0.08
0.08
0.08
0.081
0.081
0.082
0.083
0.086
0.089
0.09
0.09
0.091
0.093
0.093
0.093
0.093
0.093
0.094
0.095
0.095
0.096
0.098
0.099
0.106
0.107
0.108
0.108
0.111
0.112
0.115
0.115
0.116
0.118
0.119
0.121
0.121
0.123
0.123
0.126
0.128
0.129
0.129
0.131
0.132
0.134
0.135
0.027
0.137
0.139
0.141
0.142
0.142
0.143
0.143
0.144
0.145
0.031
0.146
0.038
0.15
0.152
0.153
0.153
0.155
0.156
0.158
0.158
0.159
0.161
0.05
0.031
0.164
0.165
0.034
0.023
0.168
0.168
0.171
0.173
0.175
0.175
0.175
0.176
0.178
0.18
0.183
0.183
0.185
0.185
0.186
0.187
0.188
0.053
0.188
0.189
0.191
0.192
0.192
0.193
0.195
0.198
0.094
0.202
0.203
0.067
0.095
0.052
0.207
0.209
0.213
0.219
0.221
0.052
0.222
0.089
0.225
0.226
0.227
0.227
0.227
0.122
0.23
0.231
0.232
0.098
0.236
0.031
0.066
0.239
0.24
0.243
0.043
0.244
0.246
0.247
0.103
0.25
0.25
0.25
0.025
0.251
0.251
0.119
0.253
0.256
0.258
0.093
0.263
0.266
0.27
0.271
0.053
0.272
0.273
0.277
0.084
0.058
0.282
0.099
0.283
0.284
0.053
0.289
0.29
0.023
0.29
0.291
0.13
0.188
0.089
0.291
0.127
0.188
0.295
0.295
0.101
0.297
0.305
0.306
0.308
0.308
0.31
0.314
0.316
0.317
0.318
0.318
0.32
0.32
0.036
0.322
0.322
0.323
0.323
0.028
0.328
0.079
0.332
0.333
0.336
0.061
0.34
0.34
0.341
0.053
0.344
0.345
0.217
0.242
0.35
0.351
0.356
0.098
0.051
0.36
0.031
0.034
0.365
0.196
0.122
0.251
0.132
0.034
0.373
0.105
0.078
0.375
0.063
0.087
0.033
0.382
0.383
0.384
0.384
0.385
0.387
0.392
0.086
0.395
0.396
0.397
0.399
0.172
0.401
0.088
0.403
0.404
0.062
0.404
0.112
0.407
0.151
0.408
0.409
0.112
0.412
0.412
0.412
0.414
0.414
0.054
0.035
0.049
0.072
0.426
0.427
0.429
0.09
0.059
0.103
0.432
0.152
0.035
0.109
0.438
0.113
0.442
0.157
0.326
0.445
0.446
0.446
0.02
0.447
0.304
0.451
0.451
0.023
0.454
0.081
0.458
0.068
0.462
0.048
0.463
0.196
0.465
0.185
0.466
0.095
0.467
0.087
0.47
0.025
0.107
0.475
0.082
0.477
0.185
0.48
0.077
0.482
0.483
0.066
0.034
0.488
0.489
0.489
0.491
0.491
0.494
0.495
0.495
0.498
0.073
0.5
0.071
0.14
0.503
0.503
0.505
0.507
0.507
0.509
0.072
0.513
0.513
0.514
0.517
0.519
0.52
0.521
0.522
0.035
0.524
0.525
0.135
0.128
0.529
0.53
0.061
0.532
0.538
0.539
0.54
0.54
0.345
0.047
0.546
0.548
0.162
0.039
0.559
0.56
0.263
0.028
0.561
0.562
0.563
0.564
0.564
0.565
0.565
0.565
0.037
0.031
0.056
0.571
0.572
0.474
0.579
0.579
0.583
0.11
0.078
0.126
0.032
0.597
0.597
0.426
0.236
0.603
0.604
0.137
0.606
0.132
0.609
0.038
0.61
0.611
0.059
0.614
0.166
0.617
0.051
0.199
0.129
0.619
0.116
0.073
0.354
0.432
0.628
0.096
0.63
0.631
0.632
0.099
0.032
0.076
0.635
0.636
0.636
0.042
0.638
0.639
0.085
0.642
0.094
0.505
0.032
0.645
0.137
0.647
0.192
0.652
0.653
0.034
0.659
0.663
0.667
0.669
0.669
0.386
0.338
0.088
0.677
0.679
0.68
0.111
0.089
0.688
0.689
0.689
0.69
0.693
0.696
0.083
0.081
0.697
0.698
0.071
0.704
0.708
0.708
0.709
0.128
0.711
0.053
0.067
0.204
0.717
0.144
0.435
0.494
0.058
0.091
0.729
0.731
0.736
0.054
0.11
0.089
0.2
0.105
0.042
0.747
0.748
0.356
0.193
0.75
0.75
0.572
0.086
0.757
0.14
0.069
0.173
0.763
0.764
0.765
0.037
0.767
0.767
0.768
0.52
0.768
0.037
0.078
0.053
0.772
0.082
0.09
0.778
0.778
0.778
0.074
0.78
0.78
0.781
0.782
0.052
0.127
0.787
0.787
0.787
0.788
0.791
0.092
0.052
0.12
0.794
0.794
0.495
0.799
0.8
0.639
0.8
0.119
0.683
0.81
0.811
0.045
0.07
0.812
0.813
0.817
0.204
0.442
0.141
0.824
0.824
0.825
0.826
0.827
0.829
0.829
0.83
0.832
0.834
0.835
0.242
0.837
0.039
0.839
0.84
0.842
0.282
0.845
0.847
0.443
0.85
0.027
0.23
0.147
0.139
0.079
0.061
0.868
0.868
0.868
0.869
0.871
0.872
0.023
0.199
0.876
0.876
0.881
0.881
0.745
0.883
0.885
0.034
0.048
0.892
0.892
0.027
0.897
0.027
0.898
0.147
0.902
0.073
0.655
0.521
0.913
0.914
0.045
0.917
0.918
0.034
0.501
0.045
0.04
0.924
0.925
0.926
0.928
0.928
0.931
0.933
0.043
0.23
0.072
0.055
0.339
0.58
0.94
0.941
0.942
0.176
0.944
0.246
0.033
0.141
0.948
0.949
0.264
0.954
0.361
0.273
0.043
0.473
0.301
0.967
0.204
0.066
0.088
0.979
0.981
0.983
0.984
0.02
0.988
0.989
0.989
0.992
0.993
0.21
0.51
0.997
0.036
0.046
1.001
1.001
1.003
1.005
0.292
1.007
0.042
1.007
0.05
0.058
0.835
1.019
1.021
1.021
0.073
1.023
0.242
0.869
1.027
1.03
1.031
1.032
0.073
1.035
0.047
0.058
0.101
0.047
1.043
0.803
1.044
0.242
1.046
0.932
1.046
1.047
0.254
1.053
0.07
1.056
1.058
1.062
0.083
0.901
0.549
0.095
0.202
1.074
0.475
1.076
0.136
0.038
0.127
0.147
0.214
1.083
1.084
0.231
1.085
0.834
1.089
1.09
0.051
1.094
1.095
1.099
0.313
0.069
0.776
0.684
1.109
0.023
0.025
0.96
0.023
1.114
1.118
1.119
0.14
0.217
1.127
1.128
0.047
0.074
0.15
0.038
1.142
0.201
0.88
0.022
0.245
0.078
1.155
0.102
0.801
1.159
0.706
0.075
0.022
0.036
1.167
0.089
1.17
1.171
1.173
1.173
1.176
0.558
1.073
0.189
0.015
1.182
1.182
1.182
0.033
1.189
0.875
0.142
0.083
0.97
0.222
1.194
1.195
0.074
1.196
1.198
1.092
1.205
0.103
1.012
0.868
0.669
0.24
0.159
0.049
0.201
1.218
0.992
1.008
1.219
0.583
1.224
0.727
0.816
0.042
1.23
1.06
1.233
1.234
1.235
0.252
0.039
0.301
1.237
0.074
0.263
1.118
0.245
1.243
0.072
1.248
0.087
0.901
1.252
0.052
1.255
0.111
0.293
0.756
0.378
0.877
1.263
0.028
1.151
0.364
0.082
0.145
0.055
0.153
1.274
0.355
1.278
0.085
0.41
0.622
1.28
0.161
0.094
0.761
0.843
1.293
1.296
0.102
0.095
1.3
0.283
0.044
0.654
1.072
1.306
0.237
1.309
0.44
0.933
1.21
0.07
1.32
1.32
1.146
1.325
0.057
0.081
0.085
1.328
1.329
1.33
1.152
0.09
1.145
0.949
1.337
1.338
1.031
0.753
1.343
0.069
0.748
0.851
1.353
1.353
1.355
0.056
0.963
0.733
1.359
0.774
1.259
0.147
1.364
1.364
0.733
0.048
0.077
0.029
0.039
1.2
0.127
1.374
0.214
1.377
0.044
0.126
1.385
0.03
0.93
1.386
0.04
1.391
1.394
1.398
0.724
0.4
0.029
1.406
0.077
0.129
0.606
0.516
0.884
0.827
1.417
1.171
0.18
1.177
1.432
0.975
0.827
1.434
1.317
0.134
0.031
0.063
0.089
0.215
1.442
0.079
1.443
0.647
1.445
0.06
0.089
0.593
1.451
0.374
1.453
0.572
1.26
1.455
1.455
0.088
0.101
1.456
1.461
1.462
0.261
0.078
1.471
0.033
0.03
1.473
0.97
0.092
1.027
1.306
1.482
0.319
0.267
0.053
0.933
1.24
0.079
0.767
1.489
0.097
0.029
0.948
0.951
1.5
1.37
0.533
0.216
1.332
0.06
1.51
1.513
1.515
0.183
1.515
0.026
1.264
1.518
1.522
0.357
1.16
1.525
1.527
1.527
0.044
0.112
0.2
1.534
0.667
0.032
1.536
0.164
0.028
1.542
1.544
0.062
0.069
0.11
1.546
0.081
0.033
0.172
0.73
0.077
1.553
0.042
0.087
1.555
1.556
0.978
1.561
1.561
1.093
0.385
0.533
0.123
1.295
1.575
0.717
1.216
0.019
1.237
0.838
0.958
0.06
0.174
1.589
0.106
0.149
0.73
1.066
0.067
0.132
1.47
0.486
1.205
0.039
1.612
1.371
0.939
1.344
1.615
0.131
1.616
1.618
1.619
1.621
1.2
0.961
0.061
0.65
0.039
1.628
0.074
1.628
0.124
0.118
0.026
0.112
1.637
0.168
1.642
0.045
1.22
0.051
0.131
0.072
1.163
0.948
0.211
0.105
0.1
1.659
0.3
1.662
0.095
0.668
1.211
1.112
1.42
0.74
1.673
0.087
1.674
1.677
0.311
0.064
1.686
0.826
1.687
1.687
0.042
1.431
1.483
0.769
0.049
0.031
1.701
0.107
1.308
0.087
0.07
1.707
0.083
1.711
0.106
0.886
1.719
1.491
1.435
0.17
1.726
0.029
0.032
0.03
0.069
0.943
0.737
1.739
1.381
1.74
0.673
1.744
1.749
1.751
0.094
0.089
0.088
0.209
1.759
0.113
0.31
1.362
0.259
1.766
0.866
1.357
1.768
1.769
0.067
0.156
0.066
1.175
1.776
1.776
1.328
0.041
0.873
1.116
1.779
0.798
0.854
0.039
1.795
0.997
0.043
1.379
1.8
1.802
0.697
1.803
0.121
0.898
1.804
1.595
1.177
1.807
1.035
0.018
0.042
1.811
1.003
1.812
0.486
1.813
1.209
1.816
0.207
0.039
1.818
1.819
1.348
0.033
1.509
1.821
0.078
0.304
1.826
0.946
0.182
1.828
1.828
1.829
1.142
1.108
0.73
1.226
1.422
1.353
0.068
1.124
1.84
0.923
1.841
0.041
0.289
0.595
0.998
1.851
1.854
1.315
1.857
0.167
1.861
0.19
0.155
1.202
0.853
0.989
1.872
0.239
0.215
1.877
1.879
0.039
0.127
1.885
0.839
1.099
1.741
0.086
1.053
0.376
1.356
1.896
1.277
0.131
0.037
0.118
1.223
0.658
1.903
1.903
0.086
1.106
1.91
0.881
0.335
1.205
0.015
1.924
1.925
0.064
0.603
0.288
1.093
1.934
0.066
1.636
0.018
0.14
1.945
0.077
1.948
0.144
0.092
0.021
0.118
0.182
0.096
1.621
0.046
0.14
1.064
0.077
0.979
0.023
0.301
0.305
0.043
0.572
1.976
1.35
0.174
1.134
0.844
0.255
1.046
0.993
0.894
1.789
0.892
1.309
0.175
0.032
0.653
0.192
0.946
2.018
1.594
0.148
1.687
0.954
0.196
0.941
0.087
2.028
0.039
0.909
1.527
1.104
1.248
0.987
2.043
0.041
0.882
0.165
0.865
2.051
0.069
0.576
0.092
1.209
2.058
1.321
0.124
1.708
0.102
0.673
1.273
1.43
0.02
0.105
0.069
1.933
0.177
1.678
1.15
0.531
1.15
2.085
1.056
2.087
0.231
1.829
2.093
1.304
0.151
2.096
0.034
0.152
2.1
1.087
2.107
1.878
0.887
0.592
0.08
1.727
0.804
2.118
0.792
1.188
2.122
0.033
1.62
0.617
0.185
0.071
1.963
1.465
0.091
0.084
0.617
2.137
0.973
0.035
0.897
1.421
0.873
0.093
1.154
1.792
1.996
1.794
0.059
0.762
1.668
1.02
1.12
1.107
0.999
1.016
0.132
0.081
2.171
1.381
1.449
0.109
0.145
0.13
0.03
1.391
2.183
0.276
0.255
2.186
2.188
0.021
2.044
0.12
0.249
1.459
0.845
0.225
2.199
0.077
0.715
0.543
0.084
0.866
1.164
1.901
0.26
0.032
0.891
0.127
0.087
1.346
1.707
0.154
2.226
0.08
0.057
0.263
0.268
2.23
2.232
1.862
0.167
0.194
1.172
0.93
0.99
1.641
2.049
2.246
0.127
2.248
0.791
0.12
0.037
0.139
1.368
1.076
0.593
1.77
0.381
2.266
2.008
0.189
0.111
0.164
2.27
0.305
0.746
0.031
0.638
0.944
2.279
0.053
1.335
0.352
0.101
0.362
1.654
1.339
0.273
2.293
0.755
0.075
0.038
1.528
0.178
0.953
1.139
2.309
0.435
0.426
1.619
0.107
0.118
0.059
2.323
0.299
0.404
1.579
2.33
0.157
2.334
0.669
0.158
1.245
0.917
0.235
1.726
0.892
0.167
1.218
2.354
0.071
0.889
0.147
0.022
2.36
0.396
2.361
2.003
2.192
0.132
0.044
2.367
1.025
1.148
2.371
1.878
0.382
0.953
0.041
1.954
1.223
0.376
1.733
0.553
0.036
1.275
0.168
0.747
2.389
1.411
0.077
2.393
1.276
0.114
0.163
0.895
2.397
2.397
2.397
0.136
0.197
1.271
0.052
1.072
1.225
1.004
2.409
2.409
1.964
1.689
0.433
1.539
2.416
2.418
2.15
0.297
1.093
0.354
0.99
0.094
0.04
0.051
1.332
1.233
0.039
1.129
0.339
0.449
0.589
1.506
0.568
1.573
2.443
2.448
1.07
0.086
0.218
0.76
0.048
1.393
0.047
0.13
0.339
1.419
2.466
2.121
1.92
2.133
0.714
1.376
0.949
0.733
1.601
1.434
2.474
2.476
0.083
2.476
1.242
2.48
1.056
2.233
0.81
0.112
0.127
2.484
1.111
1.359
0.276
0.08
2.491
2.492
1.203
2.494
0.203
1.182
1.199
1.362
0.096
0.209
0.746
1.918
1.104
0.994
1.42
2.072
1.451
0.064
0.384
1.547
2.517
0.488
0.041
0.281
1.39
1.385
0.105
1.76
0.052
1.499
0.772
1.858
0.946
1.659
1.772
0.142
0.768
0.612
2.538
1.104
2.54
2.543
0.119
0.63
0.052
2.547
0.122
1.134
0.466
0.162
2.556
1.974
1.05
1.73
0.489
1.859
2.565
2.416
0.036
1.056
2.356
0.793
1.612
2.021
2.577
1.21
2.579
0.315
1.316
0.652
0.595
1.523
1.893
1.38
0.198
0.095
2.206
2.604
0.379
0.359
2.605
0.862
0.182
0.746
2.611
0.746
2.614
0.609
0.552
0.186
0.106
0.707
0.126
0.922
2.624
0.69
0.466
0.052
0.235
0.057
0.327
0.042
1.258
0.406
2.633
0.722
2.027
2.635
0.901
0.5
0.087
0.702
0.025
2.644
0.073
2.182
0.078
2.652
1.065
1.143
0.284
0.131
0.033
1.052
2.664
2.667
0.855
0.228
1.734
0.034
2.676
1.085
1.299
1.676
1.243
1.279
1.993
0.09
2.688
0.54
0.097
2.16
1.071
0.05
0.037
0.057
1.539
0.021
0.43
0.314
0.089
0.075
0.749
1.741
1.092
0.076
0.374
2.189
1.208
2.719
0.209
2.258
0.074
1.37
2.729
0.101
0.041
1.393
2.74
1.482
2.745
0.546
0.236
0.224
0.763
0.136
0.215
1.845
0.033
0.677
1.059
0.062
2.755
0.089
0.467
0.058
1.778
1.695
0.123
2.401
2.776
2.777
2.504
0.226
0.062
0.722
0.103
0.023
0.651
2.3
1.06
2.793
0.081
1.482
0.664
0.069
0.933
0.069
0.602
0.094
1.034
1.346
2.105
0.106
0.14
1.194
2.006
0.027
0.324
2.165
2.816
0.042
2.817
0.831
1.042
2.818
1.221
0.028
0.011
1.081
1.606
0.96
2.824
1.636
1.935
0.073
0.032
1.756
1.285
0.099
0.088
0.035
0.962
2.168
0.333
0.17
1.263
0.186
2.72
0.697
2.577
0.797
2.019
2.864
0.026
0.942
2.867
0.374
1.392
1.12
2.871
0.154
1.714
0.377
2.89
1.073
0.047
1.044
0.19
0.278
2.896
0.069
0.069
0.073
0.422
2.589
2.091
2.014
2.415
0.986
2.575
2.273
1.973
0.068
0.148
0.864
1.667
0.161
1.658
0.101
0.301
2.511
2.929
0.052
2.932
0.04
2.515
0.114
0.034
2.943
2.235
0.043
0.136
0.079
2.954
1.892
1.085
0.048
0.244
2.223
1.897
0.74
0.619
1.439
0.922
1.211
1.193
0.321
0.371
0.422
2.792
1.02
2.406
1.193
0.09
0.02
0.328
1.805
1.24
0.18
0.268
0.117
0.188
3.0
2.518
0.05
0.38
1.077
0.098
3.006
0.202
1.404
2.523
0.095
1.934
0.063
1.988
1.107
0.051
0.153
0.084
0.996
0.055
0.023
0.148
0.072
0.071
3.027
2.717
0.241
3.034
0.052
1.872
0.023
0.106
0.065
1.358
3.043
1.141
1.363
3.049
3.05
0.048
3.056
1.442
0.723
1.779
3.063
0.05
1.178
0.319
1.103
0.029
0.611
1.531
2.024
0.082
0.051
0.657
0.821
1.504
0.043
0.203
1.148
0.036
3.094
0.185
3.096
0.104
0.021
0.08
0.307
0.071
0.033
1.358
0.086
1.282
1.623
0.025
2.27
1.334
3.12
0.109
1.068
3.123
0.702
2.346
0.529
3.127
0.982
0.184
1.264
0.1
0.176
1.168
0.789
0.838
0.086
2.299
0.093
0.384
3.146
0.154
1.082
0.208
0.836
2.437
1.298
0.067
0.033
0.121
3.157
0.212
1.05
0.869
0.059
3.162
0.115
1.735
1.033
0.18
0.152
1.09
2.054
0.157
1.451
0.736
0.109
0.06
0.672
1.406
1.274
1.139
0.4
0.079
0.068
1.39
0.438
0.976
1.781
2.777
1.847
2.685
0.168
1.026
0.091
0.541
0.027
1.658
0.881
1.769
0.149
1.038
0.278
0.089
0.083
1.998
3.233
0.152
0.165
0.602
1.001
0.213
2.408
0.104
0.028
0.825
0.087
1.318
0.065
0.04
3.113
0.807
0.748
0.036
1.351
1.396
0.83
1.308
0.267
1.284
0.135
1.515
0.706
0.572
1.865
0.812
0.239
0.088
0.172
0.613
1.798
0.188
1.339
0.075
1.316
0.12
1.035
1.23
0.392
1.002
0.828
2.487
0.351
3.293
0.145
0.111
0.061
0.983
1.819
2.145
0.931
0.092
2.396
0.535
1.909
0.393
3.32
1.622
2.103
2.27
0.366
0.106
0.06
1.463
1.56
0.732
0.706
2.385
2.637
0.356
0.152
0.14
0.396
0.095
1.711
0.238
3.077
1.095
1.956
0.222
0.169
3.358
0.022
2.692
1.506
0.188
1.712
1.138
0.155
3.372
1.084
2.599
0.26
1.448
2.688
2.725
0.129
0.374
0.999
0.281
3.26
0.995
1.215
0.354
1.292
1.751
0.404
0.078
0.112
1.777
1.346
0.296
0.814
0.136
0.125
0.014
0.39
1.394
0.195
3.05
0.34
1.688
0.063
1.052
1.568
2.107
0.796
0.678
1.396
0.029
0.164
0.089
0.102
0.579
0.178
0.415
1.638
0.055
0.051
1.181
1.002
0.062
1.152
0.134
0.104
2.867
1.817
0.624
0.926
1.019
1.474
1.568
0.085
1.806
0.121
0.078
0.241
3.477
1.473
1.718
0.061
0.048
0.069
0.15
0.865
3.323
1.448
2.714
2.872
0.108
3.105
0.113
0.075
0.011
0.991
0.329
1.492
1.062
0.392
1.605
0.282
0.955
1.102
0.709
3.085
0.918
1.223
0.898
0.811
1.907
0.795
0.042
0.786
0.085
3.526
1.862
2.122
0.46
0.031
0.178
1.118
0.073
1.054
2.598
0.843
3.542
0.518
3.544
0.02
0.13
0.444
1.792
0.049
0.099
0.129
0.028
0.935
0.019
0.056
0.176
0.244
2.07
0.095
1.14
1.396
3.266
3.582
2.473
0.067
0.988
0.092
0.147
0.272
0.721
3.593
0.038
0.144
2.655
0.354
0.419
0.826
2.347
0.068
0.423
1.314
0.061
1.057
2.325
2.401
1.247
1.175
0.032
0.129
0.046
0.103
2.494
0.142
0.299
0.096
0.907
3.629
0.253
0.123
1.121
0.141
0.053
0.742
0.075
0.789
1.125
0.585
0.942
0.101
2.559
0.886
0.103
1.94
0.739
2.675
0.229
0.877
0.035
1.584
0.114
0.119
0.245
0.127
2.12
0.469
0.174
0.107
0.068
0.839
0.748
0.078
1.744
0.053
1.265
0.355
0.5
0.938
3.693
0.606
1.149
2.18
1.913
0.643
0.02
1.387
0.765
1.925
0.87
1.147
1.317
2.784
0.919
0.086
0.181
0.101
0.051
0.09
1.131
0.094
3.713
2.78
0.882
0.274
0.091
0.919
0.024
1.285
0.526
1.609
0.172
1.262
2.423
2.995
0.096
0.815
2.493
0.938
1.069
2.665
1.693
0.799
0.044
0.216
0.94
1.111
0.106
0.142
1.86
1.675
0.601
3.53
0.236
0.021
0.037
1.344
2.337
0.192
1.719
0.188
0.202
1.476
1.123
3.784
2.099
0.996
0.119
0.146
0.781
0.845
0.845
0.158
0.79
2.314
0.086
1.013
2.665
1.327
2.281
0.056
2.784
1.972
0.418
0.859
1.011
0.126
0.965
0.826
1.406
0.815
0.93
3.656
1.353
0.975
0.43
0.094
1.0
0.268
2.62
0.031
0.032
3.155
3.405
1.104
0.062
1.942
3.471
0.128
2.477
1.162
1.113
0.017
0.011
1.52
0.124
0.226
1.299
1.299
1.255
2.084
0.022
1.107
0.581
0.322
0.039
0.981
0.857
1.798
0.656
1.226
1.836
3.619
1.278
0.036
2.949
2.252
1.739
1.67
1.141
3.891
0.141
0.076
0.9
1.843
0.517
0.849
1.035
0.049
1.176
1.313
1.075
0.167
1.513
0.579
0.112
0.406
2.932
1.489
2.973
1.985
0.761
1.088
1.397
0.123
0.017
2.367
2.677
0.896
0.096
2.556
1.413
1.569
0.129
1.448
0.239
0.957
0.556
0.195
1.538
1.079
2.29
0.644
0.114
0.721
1.78
1.727
3.963
2.554
0.072
1.674
1.554
0.513
0.593
0.139
1.382
0.224
3.982
0.115
0.319
0.076
1.211
3.989
0.047
0.663
1.166
0.362
0.068
1.287
0.88
4.004
0.984
0.159
1.102
0.441
1.396
1.185
0.184
0.86
0.614
3.826
2.635
0.127
0.941
4.019
1.21
1.014
2.384
0.567
1.17
0.054
0.106
0.698
0.368
1.283
1.912
0.066
1.347
0.237
0.025
0.058
2.3
1.724
3.065
0.567
0.109
0.085
0.033
1.498
0.051
0.015
0.096
1.305
0.082
0.19
3.283
1.737
1.669
4.077
4.077
0.07
2.092
0.225
0.119
1.021
4.086
0.036
2.363
0.039
1.088
0.165
1.8
4.096
0.086
0.348
1.024
0.817
0.801
0.084
3.323
1.198
0.046
4.111
0.914
0.115
0.093
4.117
0.999
0.196
0.7
0.092
0.933
1.805
0.82
1.16
0.053
0.026
2.219
1.75
0.7
1.242
3.23
0.051
0.061
1.893
4.143
0.206
2.435
0.14
3.385
2.236
1.062
0.036
1.391
0.061
0.83
1.546
0.155
1.635
0.374
2.512
0.916
4.167
1.487
1.594
1.077
0.861
0.207
1.818
1.259
0.166
0.564
1.261
0.185
3.74
2.475
0.112
2.309
0.044
0.138
0.074
1.349
0.944
3.551
0.846
0.049
0.143
0.07
0.644
0.101
1.238
0.731
1.876
2.102
0.097
0.748
3.847
0.379
0.028
0.068
3.09
1.008
0.58
0.1
2.421
2.207
0.96
0.419
0.099
0.029
0.385
2.768
1.017
0.152
1.182
0.661
0.328
0.041
0.117
4.248
1.074
0.025
0.091
3.613
1.683
3.994
1.511
3.573
1.05
1.917
3.04
0.07
0.089
1.013
0.824
1.041
0.77
1.853
0.076
1.355
2.496
0.652
0.113
0.842
0.108
0.417
2.655
0.022
2.221
2.875
3.71
0.18
0.087
0.564
0.117
3.611
2.154
0.662
0.459
1.456
1.751
1.572
1.691
0.111
2.187
0.034
0.214
1.704
0.54
0.098
0.124
1.616
1.047
1.308
1.128
1.45
0.052
1.069
0.579
2.577
4.326
0.088
1.677
0.07
0.25
0.043
0.195
2.821
1.227
0.074
0.054
0.202
1.057
0.104
3.208
0.064
2.36
0.06
1.176
3.503
0.788
0.218
0.035
0.031
0.104
0.11
1.652
1.394
1.085
4.385
1.048
0.877
0.868
2.976
0.124
1.261
0.133
0.059
4.392
1.559
0.131
0.083
0.062
2.228
0.774
0.142
0.133
1.216
2.39
1.953
0.114
1.804
0.032
0.195
2.168
1.113
0.04
0.782
2.451
0.085
0.266
0.042
1.921
0.743
0.867
0.826
0.173
2.243
0.141
0.432
0.524
4.434
0.153
0.089
1.839
3.43
2.22
0.05
1.005
2.476
0.819
1.432
0.681
3.614
0.898
0.047
2.264
0.089
1.035
0.11
0.064
2.434
1.09
0.626
1.036
0.076
1.788
4.218
0.562
0.122
1.422
0.08
0.538
1.115
0.093
1.211
0.043
0.235
0.052
1.103
0.14
0.543
0.999
0.547
2.388
0.103
0.776
1.801
0.865
0.755
2.896
0.026
0.128
1.454
1.091
0.921
0.155
0.915
0.13
2.955
0.051
4.178
0.069
0.932
1.383
0.171
2.333
0.995
2.06
0.157
0.064
0.513
0.193
1.116
0.812
0.117
0.071
0.119
0.049
1.949
4.549
0.03
0.937
1.376
1.009
0.032
0.122
0.146
0.698
0.834
0.36
0.429
0.038
0.147
0.218
3.18
1.043
1.12
4.575
0.075
0.956
3.242
1.789
0.021
0.035
0.627
1.264
2.278
0.038
0.82
0.067
0.103
3.769
0.172
2.769
0.075
0.068
0.669
4.614
0.285
0.171
2.444
0.061
0.063
1.837
3.676
0.039
0.367
1.657
2.146
0.049
0.177
0.518
0.286
2.42
0.832
0.168
0.773
0.037
2.377
0.389
0.812
0.05
1.046
2.392
0.499
3.255
4.16
0.979
0.044
0.07
0.047
1.271
0.137
1.443
0.072
4.354
1.848
4.701
0.032
3.759
1.574
0.352
3.392
1.382
0.941
1.967
0.065
0.361
0.05
0.329
0.457
0.979
0.834
2.397
1.459
0.195
0.073
0.069
0.818
1.827
1.375
0.971
0.225
1.583
0.033
2.977
1.092
4.328
1.231
0.102
0.082
1.003
2.428
0.047
1.615
0.029
0.221
0.997
0.168
1.917
1.737
1.289
2.845
0.057
4.193
1.599
2.051
1.149
0.163
1.423
0.334
0.984
0.018
4.799
0.621
0.082
0.956
0.087
0.027
0.894
1.092
0.069
4.821
4.821
2.149
2.026
1.582
0.501
3.254
1.353
0.058
0.111
1.298
0.356
0.108
0.174
1.19
0.206
1.333
0.152
1.167
4.023
1.961
3.431
0.104
0.052
1.7
0.203
0.993
0.209
4.694
0.518
0.761
1.455
0.312
0.122
0.108
2.899
1.214
4.882
2.088
0.092
1.204
4.171
0.033
0.032
0.946
0.748
2.844
0.101
1.534
4.522
0.785
0.04
1.089
1.644
1.241
0.753
1.144
0.063
0.613
1.375
0.761
4.914
0.091
0.714
0.045
0.054
1.977
0.87
1.924
0.241
0.02
3.823
0.118
0.209
0.186
2.099
0.057
1.18
0.236
0.532
2.14
0.067
0.108
1.516
0.324
0.226
2.539
0.948
1.738
2.093
0.197
2.749
1.196
1.815
0.086
3.316
1.495
0.112
1.207
4.965
0.108
0.837
0.867
4.973
0.495
0.045
0.774
0.629
0.228
4.983
1.449
1.057
4.997
3.037
2.022
3.661
1.119
0.279
0.046
0.558
0.202
3.147
1.242
0.217
0.894
1.207
2.106
1.727
0.048
3.081
0.142
0.056
0.242
0.732
1.994
0.026
0.461
0.352
0.097
0.755
1.393
0.025
1.083
1.21
4.083
0.092
0.074
0.135
0.045
3.269
0.207
0.31
1.009
0.024
0.072
0.934
1.927
0.971
0.171
1.189
0.156
1.715
1.276
0.281
0.711
0.9
4.325
0.19
3.094
0.927
0.882
1.235
1.797
1.577
0.204
0.093
0.034
1.539
0.081
5.1
1.228
0.348
1.098
1.001
4.588
0.084
0.031
1.748
2.717
0.042
1.635
0.033
0.073
2.031
0.425
0.099
0.169
1.829
1.593
0.124
1.085
0.347
4.577
0.838
2.195
0.045
0.148
1.926
1.174
4.629
0.034
1.888
1.333
0.849
0.263
0.053
1.346
1.482
2.337
0.937
1.259
0.864
5.169
0.726
0.353
1.465
2.121
0.133
0.927
1.851
0.053
0.021
0.186
1.04
3.499
0.175
0.696
2.782
0.707
1.409
0.151
1.025
2.415
3.397
0.329
0.445
0.596
1.145
2.527
0.14
2.342
0.162
1.359
0.256
1.859
5.033
2.985
1.34
0.821
1.953
4.252
1.385
0.137
0.13
0.095
2.542
0.151
0.688
2.39
0.911
0.993
0.956
0.084
1.259
0.876
1.131
0.063
4.91
3.078
0.078
0.089
0.28
2.486
0.094
1.372
1.174
0.13
1.166
0.546
0.039
0.075
0.337
1.199
5.268
0.124
0.971
0.967
2.271
0.998
0.756
0.105
1.123
0.248
0.962
4.692
0.605
0.169
0.119
1.471
0.804
1.054
0.203
2.647
0.219
0.82
0.269
1.888
0.695
1.003
0.116
5.306
0.033
1.095
0.259
0.059
5.312
5.315
2.009
2.725
3.925
5.321
1.957
3.99
2.681
0.722
0.067
0.111
0.835
0.258
5.332
0.033
3.061
0.073
0.996
0.041
0.123
0.095
1.232
0.213
3.758
2.423
4.301
0.046
0.353
1.639
0.077
2.082
0.073
0.954
4.755
0.387
0.595
0.137
3.871
0.957
0.118
1.39
1.89
0.087
0.053
0.636
0.03
0.288
0.042
2.176
0.367
0.033
0.243
0.945
1.574
0.606
0.098
0.075
0.122
0.062
1.562
1.02
1.113
1.345
1.164
0.984
0.215
0.035
1.369
0.029
0.396
0.78
0.05
1.638
4.468
0.895
1.716
2.364
1.043
0.14
1.683
0.063
0.042
0.038
2.514
0.108
0.081
1.571
2.221
1.308
1.112
0.061
0.139
4.289
1.659
0.033
4.363
0.924
1.089
1.686
1.496
0.325
0.882
0.104
1.165
0.117
1.326
1.581
1.008
1.471
1.212
1.872
4.415
1.292
0.894
0.843
0.992
1.061
1.325
0.768
0.961
3.038
0.096
0.07
2.682
0.07
0.071
0.028
0.723
1.354
0.849
1.24
1.134
0.074
0.062
4.611
0.055
0.102
0.043
0.218
1.22
2.877
3.241
0.055
0.217
0.835
1.41
0.103
1.351
0.266
1.734
1.891
2.204
0.095
0.242
0.14
3.821
1.048
0.084
2.976
1.865
1.898
2.199
1.218
1.054
0.614
3.979
2.725
1.809
0.279
1.163
0.861
1.299
0.049
0.028
1.956
1.683
2.26
3.602
2.013
0.04
3.098
0.882
3.566
5.399
4.37
0.113
0.086
0.318
0.59
1.863
1.004
0.058
1.297
0.682
0.798
1.02
0.124
3.856
2.311
0.096
0.065
2.1
1.232
0.913
0.095
1.805
0.15
0.104
5.628
0.883
1.193
0.031
0.115
3.656
0.191
0.027
0.129
1.053
0.042
2.373
2.362
4.749
2.446
0.207
1.304
0.137
0.088
0.012
2.184
0.056
0.037
1.706
0.085
1.738
0.156
1.277
1.217
2.399
1.582
0.218
3.68
0.053
0.065
0.767
0.073
0.402
0.061
0.849
2.326
0.227
0.76
5.705
0.074
0.383
1.563
1.627
0.216
0.875
5.728
0.127
0.122
2.769
1.2
0.046
2.189
2.59
0.208
1.421
0.116
4.171
1.858
1.268
0.07
0.275
0.471
1.628
1.339
1.913
0.178
0.562
0.23
2.144
2.051
3.521
0.642
0.029
0.335
0.787
0.675
1.321
1.426
0.863
0.034
0.539
0.51
2.422
0.329
0.143
1.98
0.575
0.034
0.107
1.699
2.313
0.026
1.599
0.928
1.555
0.041
0.902
0.048
0.217
0.273
0.609
1.506
0.117
0.077
3.409
0.512
1.468
0.039
0.145
1.967
4.45
1.08
1.398
1.836
0.192
0.032
0.174
0.827
2.069
0.057
2.779
4.162
0.057
0.282
0.809
2.712
0.18
3.419
0.848
1.073
3.635
3.151
0.706
5.045
0.521
1.873
0.168
1.198
2.026
0.845
4.491
1.662
5.462
3.97
2.025
2.454
1.619
4.082
3.871
2.553
0.071
0.1
1.157
1.124
0.329
1.04
4.673
0.052
0.129
0.044
2.001
2.662
0.041
1.298
0.526
4.962
0.096
0.074
2.088
0.055
0.156
0.066
1.505
0.167
1.511
0.855
2.341
4.334
0.343
1.249
3.028
0.07
3.532
0.717
0.436
2.588
0.966
0.867
0.145
0.535
2.11
0.035
0.121
4.819
1.855
1.303
0.088
0.919
2.118
0.104
1.981
1.242
3.674
0.142
0.031
2.469
5.295
0.077
0.887
1.044
1.586
1.163
0.941
1.452
5.161
0.07
0.017
0.043
0.03
3.476
1.8
0.259
2.359
0.05
1.789
0.1
0.209
0.949
1.057
0.057
0.092
1.255
0.913
1.438
0.125
0.032
0.113
2.102
4.485
1.863
4.423
1.146
0.6
1.121
0.203
1.432
0.21
3.528
0.282
4.375
5.539
1.901
0.198
0.092
4.446
3.645
0.056
2.238
0.048
0.347
1.282
2.335
0.127
2.89
1.676
0.052
1.855
1.066
0.614
1.282
0.118
1.711
5.362
0.036
1.591
0.959
0.168
0.509
5.786
0.656
0.882
0.039
2.474
1.732
0.053
0.193
0.15
0.121
0.066
1.323
0.068
0.194
0.048
2.369
0.329
0.015
0.061
2.592
1.955
1.732
0.969
0.08
0.073
2.865
2.566
0.037
4.052
0.13
0.069
0.193
0.62
5.243
0.049
4.751
0.86
0.785
1.912
2.013
0.049
1.213
3.81
5.15
0.262
0.117
3.163
0.026
0.154
3.589
0.049
1.227
0.042
0.937
1.64
0.878
3.354
1.758
1.465
2.498
2.093
0.977
2.913
2.227
0.037
0.112
0.034
0.997
1.469
0.05
1.776
2.853
0.037
1.555
0.981
0.746
0.264
0.609
0.948
2.92
4.71
0.11
0.259
0.998
0.123
1.844
0.116
0.132
0.203
2.809
0.148
1.678
1.349
0.056
0.968
0.298
0.101
0.782
0.117
0.103
0.117
0.862
0.09
0.896
1.485
0.054
0.95
0.07
2.27
0.103
0.379
3.398
0.034
1.192
1.019
0.039
0.152
0.815
1.444
1.502
0.119
1.058
0.701
1.797
0.094
1.169
0.123
0.127
0.813
0.519
4.28
1.721
1.113
1.694
0.488
0.041
0.264
0.098
0.139
2.149
2.118
0.799
0.115
2.874
1.052
0.117
2.881
0.892
1.103
1.351
1.342
0.429
1.845
1.386
0.038
0.884
0.098
3.332
4.656
0.022
0.04
1.126
0.019
0.106
1.146
2.355
1.289
1.449
1.505
0.701
0.101
4.09
0.032
0.06
0.739
1.112
1.694
0.058
0.585
0.018
0.71
3.766
1.059
1.239
3.616
0.177
1.275
0.748
0.253
0.069
1.679
0.06
3.696
0.08
2.898
0.077
2.802
1.643
0.542
3.288
0.946
2.26
0.149
0.051
0.218
2.73
0.105
1.504
2.626
0.365
1.391
0.298
0.517
1.17
0.022
0.084
1.058
0.911
0.056
0.795
0.067
2.127
0.283
1.685
0.733
0.04
0.201
1.165
1.083
3.601
0.081
1.182
0.042
0.077
2.764
0.082
0.908
0.143
0.257
0.1
0.612
0.2
0.438
1.502
2.952
1.667
0.447
2.239
2.638
0.088
0.136
1.958
1.147
0.163
0.641
0.053
0.818
0.037
3.834
1.15
0.168
0.475
0.088
0.099
0.051
0.32
2.239
0.265
0.125
2.316
0.267
1.716
0.847
3.607
0.019
0.84
2.074
0.884
0.108
1.875
1.459
2.249
1.249
0.279
4.119
2.865
2.865
3.369
0.085
0.441
0.121
0.522
0.233
0.027
3.767
0.287
1.328
3.389
4.386
4.064
0.043
0.042
1.087
1.026
1.999
1.984
0.07
1.952
1.129
0.072
2.753
1.888
2.279
0.953
0.144
0.663
1.089
3.851
1.064
0.379
0.057
2.066
0.381
1.134
0.196
0.699
0.088
0.116
4.422
3.365
2.236
1.897
0.07
3.059
0.142
0.156
1.729
0.077
0.775
1.032
3.04
1.085
0.021
0.628
0.178
0.083
2.102
1.259
1.585
4.531
0.346
0.312
0.609
1.013
1.132
0.23
4.222
1.289
0.189
0.677
6.564
0.403
5.555
2.013
1.239
0.576
2.129
0.05
0.059
0.774
4.43
0.089
0.811
1.209
0.982
0.238
1.131
0.108
0.027
0.164
1.153
0.261
1.014
1.584
0.165
0.112
0.065
0.186
0.036
3.466
0.623
0.132
1.334
0.791
1.712
1.169
0.413
0.745
2.492
0.179
0.232
0.074
3.29
0.028
0.441
0.109
0.038
2.208
1.17
0.065
2.095
2.03
1.3
3.142
0.689
0.886
0.209
1.047
1.152
0.413
2.778
1.407
0.638
2.255
0.416
0.255
1.861
0.099
5.973
0.65
1.486
3.733
0.814
0.086
1.215
0.809
1.264
3.656
0.959
2.134
0.293
0.154
0.039
0.062
1.404
1.431
1.409
3.979
0.489
1.242
0.913
1.333
4.564
3.27
1.544
0.056
3.926
2.082
4.844
2.697
4.237
1.036
1.671
0.321
0.238
2.456
0.135
0.044
1.156
0.258
4.237
1.284
0.048
2.075
0.758
1.633
1.067
1.049
0.201
0.432
5.083
0.861
0.065
2.51
5.292
0.165
4.341
3.139
1.849
1.997
0.07
1.257
3.401
2.303
1.242
4.972
1.368
3.693
0.071
0.414
6.743
1.173
2.123
0.642
2.026
4.802
2.158
0.078
0.101
0.036
0.054
0.111
0.326
1.021
4.962
1.641
0.937
1.996
0.883
0.198
6.773
0.323
0.08
0.811
0.722
3.338
2.208
0.656
2.051
1.032
0.2
2.134
1.191
0.173
0.134
3.852
1.827
1.854
1.368
0.63
0.834
6.299
0.034
5.397
0.912
0.05
0.069
0.414
0.093
2.169
2.027
0.135
0.724
3.075
0.931
2.309
0.194
0.737
1.074
0.223
1.366
0.177
0.108
2.613
0.131
0.546
2.105
0.703
3.398
0.283
1.398
0.54
1.492
1.712
2.311
0.19
1.681
1.255
1.17
0.066
2.553
0.122
0.102
6.197
0.086
1.444
0.076
0.165
0.092
1.676
0.148
1.206
0.086
0.918
2.701
3.648
0.075
1.036
0.395
6.893
0.059
0.137
3.549
0.043
1.35
0.031
0.251
0.168
0.1
0.122
4.333
4.619
1.847
1.59
1.237
0.049
0.018
0.155
1.793
0.129
1.155
0.093
0.087
1.059
0.1
2.629
1.191
0.178
1.833
0.859
6.205
0.081
0.215
0.061
6.953
3.325
0.798
1.037
1.932
0.024
0.075
0.107
0.908
0.323
0.108
1.24
0.243
0.905
1.966
1.481
1.091
0.044
0.114
0.561
2.055
0.873
1.691
1.387
0.117
1.491
0.124
6.993
0.084
0.822
2.419
0.142
1.324
0.211
0.083
0.122
2.796
0.011
1.069
0.703
0.158
0.119
0.202
2.162
0.325
0.09
2.446
1.375
0.084
0.307
1.214
0.094
1.501
1.226
1.924
0.13
2.624
4.027
0.039
3.561
0.021
1.087
0.881
0.94
2.245
0.919
0.832
0.109
0.975
0.03
0.157
3.277
1.653
0.047
3.559
1.112
4.485
0.046
0.38
0.69
1.054
0.067
0.065
1.918
0.031
1.091
0.12
1.659
0.258
0.055
3.98
0.024
0.202
0.628
1.826
0.035
1.403
1.143
0.177
1.338
0.026
1.267
1.095
1.259
0.528
0.235
0.045
1.772
0.061
1.029
0.078
1.835
0.076
0.139
0.61
2.262
1.093
0.052
0.033
1.551
1.044
0.185
1.605
0.038
0.065
1.852
0.111
0.145
0.048
2.115
0.015
1.456
2.665
1.205
3.203
0.14
0.049
1.727
0.13
3.592
0.22
0.525
2.742
0.087
5.78
1.615
0.021
0.888
0.263
1.031
0.186
3.157
0.094
2.095
0.075
2.623
0.054
0.142
0.828
1.416
2.624
0.166
3.17
0.161
0.882
0.154
0.063
0.088
1.54
0.22
0.078
1.307
1.093
0.121
0.105
1.168
0.498
0.065
0.734
0.073
0.079
0.111
0.687
0.126
0.777
5.469
0.789
2.071
0.181
0.579
0.926
1.525
0.06
0.068
0.032
0.204
0.222
0.88
1.285
0.065
0.108
0.097
0.329
0.096
0.208
1.159
0.408
5.323
0.288
1.196
0.635
0.926
1.517
1.712
0.074
2.808
0.084
3.166
2.61
4.708
2.515
0.121
1.321
0.171
0.052
1.598
0.439
0.703
1.302
0.227
1.49
2.643
1.109
0.258
0.973
0.204
6.66
1.384
1.429
0.05
1.567
2.175
1.111
0.31
0.16
0.586
1.874
2.048
0.833
1.892
0.34
5.937
1.461
1.269
2.053
0.135
0.355
2.655
0.169
0.168
1.839
0.238
0.142
1.423
0.838
0.022
4.668
0.926
0.051
0.072
3.847
0.131
0.251
0.802
1.702
0.043
1.883
1.288
1.946
0.085
1.426
0.121
0.679
2.571
1.39
0.151
0.623
0.667
6.906
3.838
0.083
0.809
0.644
1.84
0.151
0.953
0.583
1.592
0.05
0.868
3.099
0.14
0.452
1.186
2.194
0.037
1.78
0.058
1.352
1.614
0.075
0.072
0.03
0.607
1.964
2.433
0.032
1.302
0.059
2.7
0.043
3.062
3.388
0.035
1.308
0.425
0.192
1.362
0.042
0.951
0.569
0.851
0.03
1.28
1.631
1.617
0.588
0.04
1.133
1.229
2.502
2.457
0.067
0.733
1.26
0.035
0.095
0.93
1.51
1.556
0.327
0.103
0.208
0.145
0.086
0.095
0.982
0.612
1.528
1.13
0.153
3.732
3.878
0.068
0.048
3.426
0.122
4.75
0.08
0.958
0.903
2.177
0.238
2.194
2.821
0.037
1.377
0.144
1.462
0.162
1.39
1.404
0.953
0.881
1.269
0.089
2.519
0.945
0.112
0.072
0.034
3.964
1.286
0.116
0.628
0.374
1.888
3.836
1.528
2.198
4.666
1.455
0.144
1.0
1.006
2.67
0.069
0.718
0.592
0.371
0.922
1.195
0.135
0.079
1.312
0.012
0.045
2.123
0.165
1.162
2.582
1.387
0.415
2.845
0.18
1.025
7.567
0.042
0.07
1.197
1.573
0.099
1.197
2.577
1.218
1.254
0.3
3.451
0.131
1.235
3.965
0.363
2.894
0.486
0.06
1.867
0.079
0.288
0.195
1.2
0.786
1.191
1.111
0.248
1.125
0.849
1.381
0.326
1.574
1.973
0.67
1.093
0.354
0.236
0.152
1.147
0.735
0.673
0.75
0.068
0.031
0.045
0.118
0.388
1.513
0.854
1.261
1.637
0.038
0.917
0.066
0.031
0.066
1.379
1.131
1.335
6.937
0.951
0.057
0.581
2.844
0.267
4.016
0.149
0.97
1.465
0.767
1.423
0.039
0.147
2.37
3.5
0.801
0.249
4.678
0.083
0.081
0.736
2.363
7.295
2.761
1.065
0.443
0.125
0.832
0.077
0.019
0.034
0.25
0.646
0.131
1.956
1.318
0.08
0.07
3.095
0.251
1.433
1.387
0.973
1.171
0.108
1.245
0.102
1.219
3.143
1.231
0.083
0.054
2.55
0.059
0.086
0.153
0.062
1.328
1.211
3.596
0.079
0.058
0.152
0.55
0.118
0.068
0.055
0.229
1.077
0.967
1.39
0.193
0.867
0.093
0.998
0.869
0.957
0.144
0.192
0.852
3.489
1.209
0.544
1.804
0.105
3.912
0.169
0.053
1.627
0.748
0.183
0.04
0.076
2.442
0.97
1.875
0.057
1.397
0.248
0.059
0.233
0.093
3.607
0.615
0.891
0.06
0.319
1.059
2.704
0.344
1.9
0.246
1.457
0.126
0.188
0.071
0.975
2.52
1.19
0.106
0.313
0.202
2.26
0.184
0.58
1.612
1.264
0.1
0.037
1.155
1.469
1.646
0.248
0.113
1.135
2.089
0.009
3.625
0.057
0.046
1.138
1.009
1.993
0.086
0.094
0.074
0.081
0.123
2.784
7.37
0.207
1.348
1.678
0.119
4.025
1.156
0.232
0.06
0.97
1.354
0.139
2.007
3.414
0.077
0.652
1.832
0.957
1.998
2.577
1.125
0.333
0.233
4.272
0.062
2.411
3.008
5.486
2.767
0.044
3.365
0.027
1.862
0.96
1.81
1.126
0.256
0.158
3.358
3.737
0.89
1.257
1.357
5.657
4.617
0.049
0.519
0.279
0.135
0.084
0.066
0.139
2.179
1.67
0.353
0.505
1.66
0.103
0.488
0.031
0.069
1.005
0.273
0.885
5.609
6.332
0.498
1.75
1.355
0.887
0.062
1.003
0.052
0.049
1.826
2.385
1.621
3.792
0.188
0.333
0.114
0.59
0.903
0.01
0.797
0.042
3.498
0.788
1.484
2.118
1.394
0.21
1.784
0.62
1.517
5.709
1.453
0.991
1.016
0.501
0.075
0.941
2.247
1.45
1.874
0.037
0.12
0.308
0.684
1.917
1.687
1.832
0.914
1.481
1.281
0.781
0.246
0.722
3.324
0.882
1.523
1.161
0.165
0.076
3.385
1.983
0.895
0.04
0.881
1.308
4.532
4.94
1.356
0.036
0.115
0.829
1.318
0.052
0.178
0.08
1.083
0.171
0.395
1.574
1.144
2.271
2.002
2.122
0.848
0.473
1.787
0.086
1.221
7.486
0.636
0.228
0.022
2.438
4.494
1.052
0.633
0.795
2.406
1.152
0.045
0.824
1.692
0.439
1.425
0.121
2.223
2.171
0.053
0.101
0.092
2.7
0.046
0.06
1.136
1.083
1.03
3.946
0.12
3.98
0.689
1.333
2.107
1.194
2.411
7.119
2.205
1.408
0.078
3.97
0.088
0.088
0.372
0.07
0.494
0.116
2.015
0.08
1.341
0.341
0.074
1.213
0.035
0.121
1.78
0.041
0.033
1.865
2.648
0.201
0.717
0.328
0.998
1.179
0.087
1.057
0.129
0.132
1.914
0.073
3.26
0.052
2.486
0.038
1.544
1.582
0.065
0.549
0.023
1.006
0.651
8.228
1.15
0.803
1.129
0.129
2.002
0.802
0.917
0.024
1.436
1.53
0.187
2.408
0.042
1.176
0.94
0.085
1.934
0.024
0.408
0.092
0.982
0.967
1.249
0.197
0.087
0.077
3.696
2.034
0.152
3.016
0.123
3.291
0.816
0.178
0.067
2.536
0.052
3.334
0.013
2.23
1.704
0.215
0.274
0.321
0.299
0.1
0.287
0.818
1.085
0.029
0.173
1.294
1.112
1.059
0.528
0.04
0.814
1.206
0.529
2.164
0.958
1.052
0.192
0.206
0.035
0.686
3.589
0.033
0.364
0.806
0.145
0.051
1.599
2.384
2.339
0.622
0.084
0.052
2.285
0.836
0.589
0.899
0.272
0.162
0.068
1.058
4.53
3.425
0.308
1.109
0.053
0.061
0.037
0.053
1.644
1.251
0.185
0.201
0.07
0.116
0.097
1.796
0.086
0.108
0.876
0.028
0.069
1.047
0.848
1.193
6.221
1.457
0.482
0.085
0.968
0.182
0.088
0.75
0.066
0.032
1.323
3.01
1.846
1.634
0.604
0.062
1.502
0.062
3.324
0.071
0.895
0.174
0.968
0.237
0.18
1.772
1.932
0.846
0.065
0.471
2.501
0.117
2.273
0.08
0.992
2.125
2.268
0.023
1.578
0.3
0.115
0.026
1.078
1.013
3.483
2.562
1.967
2.054
0.736
0.125
0.168
0.048
2.5
0.078
0.514
0.042
0.207
0.407
0.807
0.192
0.888
1.297
2.746
0.698
3.986
1.089
2.498
0.915
0.47
2.971
1.151
4.521
0.08
1.422
2.014
1.768
1.257
2.2
1.129
0.064
1.124
0.181
3.041
4.473
0.068
3.47
1.456
1.357
7.02
0.374
2.147
0.862
1.768
3.338
1.941
0.089
4.037
0.215
0.056
0.888
4.445
4.102
0.915
4.791
0.161
0.765
1.118
2.477
0.217
1.117
0.067
0.184
1.935
4.305
3.333
3.21
1.07
2.369
0.103
0.975
2.88
2.79
3.912
0.664
1.115
2.006
0.919
1.074
4.691
0.054
3.873
1.298
6.068
1.009
0.096
0.039
2.259
1.188
2.044
0.517
1.338
1.815
1.857
0.325
1.362
1.203
0.029
1.831
3.193
1.11
1.494
0.613
0.14
0.462
1.189
1.199
1.239
2.357
0.037
0.08
0.867
1.762
0.111
0.065
2.879
0.806
0.109
3.478
1.468
1.871
2.039
0.352
0.296
2.395
1.032
0.789
1.935
2.883
0.021
0.664
0.722
0.051
0.249
0.542
1.462
0.14
0.338
0.149
1.375
0.109
2.628
0.038
0.749
2.529
1.561
0.063
0.33
0.296
5.157
0.022
0.163
0.179
1.586
0.126
1.777
2.565
0.932
2.049
0.386
0.047
1.96
0.051
0.023
0.987
0.786
1.89
0.192
2.605
0.72
1.234
0.083
4.276
0.201
1.312
0.225
3.912
0.114
0.075
0.511
1.408
0.079
0.071
0.058
0.998
0.226
2.086
0.057
0.977
1.698
0.032
0.118
0.053
2.275
0.032
0.889
0.034
1.108
2.196
0.023
0.816
3.367
0.023
3.494
0.13
0.05
3.625
0.191
0.856
0.779
0.859
2.931
1.186
0.037
0.112
0.161
2.096
0.026
2.716
1.37
0.856
1.344
1.461
0.059
0.912
0.331
5.37
2.84
0.028
1.377
0.419
2.02
0.131
1.062
0.033
0.816
0.895
1.534
0.04
0.424
0.035
2.199
1.283
2.688
1.152
0.02
0.106
0.03
1.025
0.348
3.341
0.089
1.508
2.365
0.226
2.098
3.799
0.025
0.687
1.264
0.107
0.101
0.115
1.475
0.073
0.792
1.133
2.945
0.049
0.097
0.055
0.03
3.045
0.841
3.435
0.976
0.067
2.385
4.772
1.218
0.104
0.114
0.144
0.83
2.21
4.589
1.384
0.052
0.047
0.097
0.424
0.989
1.153
1.21
2.945
2.598
1.853
0.28
2.741
0.055
0.214
4.2
0.119
1.34
0.042
1.859
2.301
0.332
1.572
0.07
0.084
2.234
1.823
0.037
1.15
0.103
0.182
0.061
1.062
3.282
0.056
1.092
1.853
0.348
3.387
2.587
0.061
1.846
0.449
2.948
0.427
3.369
0.251
1.314
1.259
0.106
1.919
1.212
1.602
0.215
1.637
3.263
2.033
4.444
0.65
1.04
0.289
0.103
4.259
7.162
0.043
0.185
2.752
0.847
1.453
0.07
9.012
0.177
0.038
2.275
0.061
0.565
0.031
0.369
0.597
1.31
0.069
1.748
1.388
0.037
1.849
0.767
5.394
4.512
0.805
0.149
9.042
4.348
1.401
3.873
0.37
0.078
0.354
0.054
4.341
3.505
0.055
0.05
1.029
2.086
0.055
0.12
3.809
0.315
2.196
1.421
0.138
0.06
0.085
0.224
0.035
2.479
0.12
1.375
0.249
2.116
4.387
1.168
0.998
0.155
0.111
1.031
2.628
0.031
1.418
1.988
4.585
1.101
1.688
7.207
0.078
0.811
0.271
0.259
2.742
1.777
0.331
0.024
0.988
2.091
0.029
1.069
0.482
0.523
1.732
3.302
0.098
0.691
0.861
6.441
2.151
2.525
0.276
0.227
0.088
0.203
1.744
7.52
0.107
0.088
0.779
0.04
1.801
0.993
0.105
0.164
0.674
0.263
0.045
0.177
5.175
1.462
1.237
1.41
0.108
0.107
2.399
1.659
2.241
1.338
0.081
0.764
0.291
0.679
0.293
0.195
1.333
1.622
2.947
0.051
0.117
1.781
0.045
1.44
0.697
0.137
1.546
1.691
2.616
0.129
0.107
0.037
0.81
8.333
1.998
0.683
0.268
1.136
2.794
1.422
1.027
1.961
0.165
0.619
2.206
0.285
0.1
0.182
0.496
1.841
0.996
2.059
0.061
0.05
0.071
0.274
3.203
1.669
0.667
0.129
0.071
0.073
0.78
3.972
2.588
1.643
0.24
0.024
0.112
0.636
0.414
1.466
2.839
2.364
0.093
0.04
0.059
2.892
0.102
0.122
0.201
2.541
0.928
0.812
1.611
0.111
4.698
2.751
1.621
0.036
1.762
3.381
0.057
2.463
0.966
1.761
0.111
1.797
2.898
1.578
0.717
0.35
1.466
2.037
0.991
3.973
1.163
1.88
0.049
1.012
1.263
1.99
0.089
2.02
0.253
5.548
2.83
0.085
0.202
0.112
4.989
0.43
0.966
3.681
0.181
0.871
1.511
0.151
0.99
1.594
0.232
0.059
1.307
0.149
0.484
1.471
0.311
0.788
0.471
1.386
1.243
1.02
2.1
0.541
0.036
0.696
0.183
0.286
0.562
0.074
1.161
1.196
1.28
0.122
0.063
0.716
0.22
0.208
0.978
0.286
0.058
1.906
0.734
4.083
0.031
1.209
0.792
0.077
6.699
0.198
0.99
0.151
2.733
1.652
0.052
2.376
1.072
0.132
2.867
1.177
1.54
0.532
0.067
0.821
2.141
1.518
0.054
0.039
0.986
0.048
1.06
1.721
2.959
0.995
1.231
1.135
2.241
1.22
1.578
0.051
0.232
0.883
0.945
0.069
1.985
0.101
0.484
0.637
0.053
1.789
0.178
0.073
1.164
4.746
1.008
0.06
0.089
0.507
1.212
1.136
1.684
0.738
0.186
1.498
0.151
1.82
0.1
0.04
1.407
2.035
0.219
0.84
0.153
7.307
1.106
0.194
1.879
0.054
1.496
0.047
1.041
0.124
0.135
1.576
1.029
0.544
0.062
0.166
0.763
0.154
0.952
0.166
5.846
1.341
0.187
0.035
0.034
3.366
1.291
0.218
0.223
0.056
3.227
0.075
0.186
1.825
0.024
4.64
0.697
2.728
2.599
0.07
5.956
1.272
0.905
1.1
0.041
0.97
0.694
3.173
3.641
8.447
2.528
0.285
2.422
4.093
0.869
1.008
0.39
2.594
2.341
0.069
0.75
0.086
0.503
1.186
7.374
1.26
0.043
0.055
0.091
1.414
4.368
3.258
1.627
1.003
0.147
3.941
1.609
2.428
0.043
0.14
0.362
0.028
3.671
0.087
0.027
1.329
0.309
2.049
0.187
1.288
0.079
0.716
7.102
0.051
0.373
1.371
0.07
0.079
0.187
0.169
0.149
3.247
1.701
2.384
1.133
0.022
0.715
1.602
0.423
2.816
1.154
2.245
0.205
0.023
2.635
0.103
1.554
2.101
1.447
1.669
0.054
3.077
0.741
0.107
0.054
0.868
2.089
1.082
0.998
1.12
0.568
1.19
1.377
1.327
6.084
1.197
0.189
0.989
0.527
1.023
3.662
3.122
1.877
1.472
1.931
1.319
3.631
0.718
2.089
0.142
0.134
0.652
0.19
0.358
0.082
0.307
0.185
0.77
0.075
0.036
1.85
0.187
0.076
3.636
0.033
1.176
2.966
0.24
0.126
0.926
4.492
3.511
0.078
3.512
0.721
0.413
1.651
0.812
0.033
0.978
0.774
0.056
0.91
0.123
1.385
0.245
0.821
1.1
0.981
0.416
0.12
1.663
0.019
0.371
0.089
1.349
3.189
2.021
0.102
0.225
1.191
1.745
0.88
0.881
1.796
0.174
0.307
0.025
0.839
0.354
0.831
6.266
0.045
0.735
1.551
1.299
1.536
0.652
1.233
0.083
2.042
1.522
0.584
0.014
0.039
1.911
0.253
0.986
0.132
1.978
1.82
3.818
1.104
0.558
1.696
0.068
2.053
0.065
4.546
1.463
2.36
0.073
0.507
0.358
1.044
7.204
0.134
0.035
1.685
0.128
0.031
8.146
2.135
0.125
4.971
2.676
0.108
8.404
0.34
2.023
1.041
0.73
3.7
4.112
0.327
1.883
0.068
1.873
0.047
2.857
0.049
2.058
2.701
1.047
1.374
2.783
0.099
0.193
0.461
1.767
0.201
1.065
2.676
3.037
3.575
3.161
0.846
1.156
0.373
0.061
0.098
0.514
4.333
0.033
1.201
1.089
0.807
0.885
1.735
0.844
0.072
0.26
1.665
0.39
0.882
0.095
0.034
0.997
0.129
0.102
2.233
2.64
0.052
0.714
1.59
0.819
2.073
0.028
1.708
0.073
0.742
2.429
0.6
1.716
0.051
0.403
3.828
2.269
0.28
0.736
0.127
1.626
1.957
1.833
0.938
0.023
4.255
3.196
1.349
0.764
0.886
2.642
3.053
0.294
0.176
0.031
0.046
0.398
0.194
0.075
0.033
0.21
2.429
1.962
1.215
0.041
2.811
0.117
0.065
0.217
0.057
0.051
0.032
0.105
0.807
3.722
1.832
0.051
2.021
1.681
0.037
0.107
0.124
0.091
0.05
0.092
0.341
3.072
0.354
0.911
1.353
0.046
0.639
0.588
1.045
0.961
1.381
0.145
0.824
0.162
0.061
1.055
1.019
0.528
0.371
0.146
1.227
3.435
6.177
1.811
0.938
0.143
1.662
0.505
1.462
0.098
6.837
3.669
1.675
0.223
2.008
1.24
0.497
0.997
0.495
0.332
2.249
1.189
0.971
1.585
1.732
0.202
0.059
1.588
0.072
0.118
1.236
1.862
0.131
0.113
0.235
0.11
0.019
0.113
1.574
0.983
0.123
0.044
0.187
0.532
1.544
1.203
0.076
3.758
0.031
0.221
1.19
0.104
0.097
0.064
0.037
1.108
1.98
0.033
0.37
0.021
2.14
0.245
1.184
2.597
1.266
0.118
0.041
2.575
0.438
2.064
0.054
0.042
2.414
0.023
1.982
0.861
0.064
0.21
1.509
0.686
4.386
1.928
0.923
0.299
0.036
0.099
0.032
1.666
0.27
1.805
0.022
0.071
1.0
6.532
0.053
1.145
1.33
2.467
1.346
0.295
0.936
1.757
0.028
0.062
0.129
1.0
0.023
0.242
0.153
0.577
0.459
0.471
0.04
0.718
4.305
2.474
1.563
1.091
1.068
0.139
1.216
1.178
0.038
1.034
1.954
2.005
1.952
0.468
0.796
0.047
0.07
0.951
1.002
0.101
0.046
1.291
0.033
0.17
0.856
3.497
0.387
1.512
3.225
2.356
4.525
3.736
0.069
1.108
1.385
1.26
0.715
0.05
2.64
1.793
3.105
2.683
4.595
2.264
0.926
0.991
1.125
2.205
0.026
1.286
1.058
0.098
1.094
2.285
1.53
0.147
4.547
2.613
2.989
0.528
6.51
2.467
0.038
0.159
1.134
0.138
0.085
5.221
0.049
1.054
1.158
0.069
0.125
0.641
0.746
0.689
4.791
1.759
0.073
1.104
1.292
0.127
1.764
1.042
1.024
2.291
0.061
1.255
1.118
0.088
2.604
0.208
0.303
1.725
1.042
0.067
0.167
3.284
0.884
3.071
0.696
1.38
0.262
0.865
0.12
3.091
0.036
0.868
0.95
1.531
0.177
2.508
0.059
1.179
1.355
0.056
1.049
1.084
0.889
0.03
0.137
0.775
1.068
2.381
0.179
1.36
0.038
4.314
0.73
0.214
2.028
0.104
0.052
0.151
0.058
0.122
6.072
1.239
0.088
2.492
1.231
1.209
1.381
0.799
0.404
0.269
0.612
1.834
2.207
0.025
0.848
2.329
1.333
2.21
0.954
0.124
0.579
2.258
0.234
0.022
0.947
2.436
0.267
2.46
0.704
1.218
3.138
0.571
0.178
1.736
1.269
0.123
0.039
2.917
2.069
0.687
0.243
0.055
3.996
0.16
3.055
0.077
2.158
0.159
1.689
0.043
2.813
0.456
0.149
2.134
1.359
0.334
0.832
1.39
1.705
1.196
6.065
5.751
0.853
1.851
0.692
1.57
0.913
1.058
0.083
1.16
0.647
1.267
1.414
1.05
1.496
1.108
1.179
1.003
0.255
2.627
0.097
0.093
3.182
0.633
1.636
0.125
0.061
2.436
3.259
1.287
1.3
0.132
1.287
2.824
1.056
1.722
1.727
0.062
0.105
3.088
0.939
2.106
0.03
0.526
1.261
9.679
1.793
0.014
0.941
2.231
0.365
1.023
0.226
0.537
0.089
0.078
2.313
3.577
0.151
1.601
0.068
0.34
0.735
0.028
0.101
0.075
0.264
0.077
0.369
1.189
1.464
1.075
0.891
1.813
3.924
0.063
3.102
1.659
0.112
0.099
2.17
0.079
2.606
1.192
1.566
0.188
0.019
0.913
2.338
1.231
0.053
2.28
1.013
0.084
0.181
0.106
2.341
1.752
0.926
1.33
2.643
1.491
0.44
3.496
0.871
1.153
0.056
2.666
2.873
1.155
0.336
0.9
0.023
0.398
0.049
0.203
4.998
0.147
3.625
1.839
0.823
0.888
0.057
0.169
1.856
0.32
2.619
0.119
0.835
0.153
4.055
0.875
0.108
0.494
0.029
1.046
1.933
0.124
4.055
5.325
0.052
0.151
0.754
0.036
5.227
0.112
0.796
1.138
1.24
0.131
0.392
0.462
2.017
1.929
1.109
1.978
0.174
6.945
3.09
0.088
0.7
0.2
2.944
0.165
0.042
0.847
3.451
1.637
0.889
0.021
0.741
0.211
0.887
0.078
0.214
0.03
1.818
1.056
2.425
0.212
1.768
0.904
0.077
1.065
1.049
4.914
1.246
0.683
0.112
0.128
1.519
5.899
1.896
0.095
0.805
0.548
0.44
0.236
0.085
0.205
3.282
0.32
0.703
1.424
0.032
1.685
0.096
0.048
2.193
1.561
0.032
0.027
0.376
0.129
0.658
0.136
1.204
1.12
1.878
2.98
5.787
0.2
1.342
1.945
3.07
0.753
1.675
1.046
4.583
0.143
1.894
2.491
2.259
0.133
1.718
1.865
3.721
0.157
2.56
1.045
4.095
1.696
0.019
1.945
2.913
2.969
1.19
1.305
2.504
1.553
0.124
0.222
0.229
1.988
2.544
0.016
0.445
0.452
0.087
0.675
1.549
0.114
0.284
0.945
0.948
0.013
0.815
0.117
0.078
0.196
0.088
0.919
2.028
0.267
3.535
0.679
1.765
0.833
1.863
1.905
2.0
1.529
1.176
0.11
0.11
0.082
0.584
1.218
0.458
3.618
2.996
2.735
0.025
0.14
0.164
2.469
1.424
1.749
0.992
0.968
1.625
0.07
0.147
1.923
0.899
1.503
0.058
5.995
0.998
1.455
0.212
0.085
1.201
2.048
0.921
2.999
1.775
0.062
0.038
3.118
0.716
0.124
0.051
1.8
0.051
4.968
4.917
0.048
1.263
2.18
0.986
0.327
2.073
0.208
0.081
0.314
3.805
1.029
6.74
2.252
0.044
0.085
3.241
0.503
1.565
1.606
0.492
2.861
1.261
0.132
0.09
9.431
4.71
0.274
0.379
0.016
2.161
0.047
0.23
0.939
1.613
0.694
0.59
1.583
1.291
1.816
0.1
0.574
0.941
0.139
1.225
2.095
1.894
0.109
0.107
0.126
2.938
0.915
2.641
5.658
2.046
0.572
1.782
1.503
3.021
0.209
1.125
1.93
1.305
2.229
3.021
3.303
0.089
0.21
2.024
0.238
0.092
1.535
0.051
0.807
1.441
0.247
0.184
0.191
3.929
0.118
3.078
1.133
1.11
2.063
0.168
0.832
1.113
1.046
0.128
2.055
2.35
0.144
0.887
0.83
0.969
0.026
0.255
0.037
0.111
0.024
7.804
2.254
0.914
0.227
0.548
0.169
0.566
1.896
4.422
1.743
1.045
1.489
1.048
1.105
0.05
1.281
0.052
0.043
3.554
0.177
0.127
0.052
0.095
0.173
6.884
0.071
4.637
0.111
0.087
0.894
0.038
0.028
1.224
0.953
0.164
0.526
0.078
6.163
0.774
2.332
1.016
1.471
4.087
1.598
0.761
1.234
1.163
0.045
3.298
0.264
1.056
0.26
0.197
0.74
0.259
0.155
0.31
1.775
1.493
4.143
1.498
1.495
0.04
1.106
1.095
3.461
0.234
1.836
0.036
0.056
0.606
1.839
1.475
0.951
3.633
0.91
0.494
0.896
0.258
0.204
2.54
0.121
0.036
0.039
2.751
1.258
2.61
0.021
1.577
0.074
1.131
2.228
3.656
1.269
0.131
1.061
4.038
0.044
0.017
2.419
0.129
1.714
1.014
3.355
1.081
1.112
0.075
0.224
1.75
1.3
1.235
0.237
2.154
1.506
0.085
0.071
1.28
4.64
0.949
0.107
1.154
1.984
3.987
0.034
1.765
1.824
3.188
0.098
0.151
1.207
1.276
0.099
0.077
3.619
1.772
5.207
1.082
0.037
4.47
1.363
4.455
0.21
0.621
1.033
0.403
3.936
0.06
0.116
0.268
1.883
0.603
0.021
0.039
0.072
0.042
0.503
1.478
0.106
0.825
1.025
0.062
0.107
0.951
0.05
1.239
1.413
0.029
1.15
5.451
0.95
1.751
0.833
0.168
0.693
0.277
0.022
1.648
0.186
0.038
3.79
2.147
0.798
2.159
0.19
0.04
0.048
0.284
0.14
2.259
0.891
0.375
0.074
1.972
3.537
0.09
0.057
0.972
1.392
0.315
1.671
0.219
0.937
1.447
1.157
1.564
3.766
0.142
1.785
3.143
1.626
1.056
2.502
7.547
1.044
0.136
2.207
2.945
0.119
0.312
0.156
0.108
3.703
1.283
2.002
0.379
2.107
1.917
0.166
3.702
0.054
0.074
0.134
2.695
0.083
4.381
2.213
0.257
0.278
1.78
0.307
2.89
5.32
1.938
0.881
0.913
0.101
0.538
1.845
3.013
0.283
0.049
3.514
0.816
1.462
0.033
0.287
4.225
1.405
0.106
1.513
0.182
0.257
0.164
0.599
0.247
1.503
2.627
5.624
0.23
0.022
1.366
2.447
0.065
3.92
7.818
0.778
2.086
0.067
1.346
2.055
0.233
0.285
1.673
1.545
0.605
0.037
0.945
1.553
0.617
0.101
0.129
0.832
0.718
0.113
5.406
0.186
4.069
0.024
1.189
0.214
0.068
0.284
0.381
0.616
0.057
0.175
0.077
0.965
3.953
0.048
0.084
0.043
0.556
1.685
0.426
0.497
3.718
2.251
1.32
1.837
0.134
0.694
1.628
1.468
1.23
1.182
0.844
0.143
0.191
11.707
0.064
0.09
1.594
0.132
2.435
2.441
1.11
0.434
0.08
0.919
1.013
1.082
1.556
0.738
4.195
0.106
4.577
1.275
1.83
2.68
0.081
0.079
1.025
1.876
0.3
0.605
1.807
2.895
0.063
0.178
0.243
2.018
2.254
3.31
1.3
0.067
1.261
3.278
11.757
2.134
2.759
4.837
1.591
1.717
0.096
1.137
0.675
2.185
0.068
0.754
1.641
0.047
4.688
0.777
0.298
0.213
1.771
1.272
1.376
1.513
0.113
1.463
1.294
0.179
2.345
0.238
1.015
0.115
0.042
0.127
0.048
0.91
1.219
1.547
0.696
2.481
0.287
1.228
2.424
0.11
0.142
0.108
0.015
1.567
1.728
0.128
0.099
0.038
0.051
1.414
0.244
0.39
0.035
0.933
0.035
3.338
2.126
0.097
2.222
1.92
1.409
0.523
0.033
1.257
0.458
4.758
1.419
0.922
0.084
1.732
0.147
4.226
2.342
2.073
3.808
3.193
0.09
0.91
0.054
0.082
1.622
0.113
3.195
0.047
0.066
0.698
1.326
2.061
1.236
2.757
0.095
0.028
1.443
1.144
5.697
0.651
0.809
0.108
0.278
0.129
0.5
0.042
2.805
0.124
1.653
0.916
2.417
0.179
0.156
2.182
0.504
5.254
1.264
1.155
2.25
8.091
1.556
3.542
1.323
0.046
1.029
0.099
0.237
1.611
3.162
2.222
0.216
0.166
0.119
3.264
5.567
0.065
0.333
0.694
0.152
1.512
0.888
1.987
0.122
3.089
0.981
0.974
0.123
0.672
2.708
0.035
0.323
3.052
0.119
0.166
0.068
3.264
1.614
1.314
4.999
0.093
0.105
0.034
0.21
0.862
0.918
0.498
0.221
0.846
0.17
0.384
0.076
1.012
1.413
1.251
2.747
2.674
0.02
0.973
1.357
0.075
4.422
0.952
0.089
1.356
0.519
0.448
1.241
0.105
0.131
1.604
0.126
1.922
0.048
0.071
2.73
0.531
1.581
1.672
0.827
1.817
0.038
1.877
1.842
3.82
0.889
1.938
0.014
0.128
0.024
0.201
2.262
0.049
0.956
0.977
0.035
0.054
0.376
2.414
0.039
1.456
0.265
0.775
1.189
1.435
0.183
0.116
1.401
2.435
0.041
0.515
0.044
3.761
0.032
1.443
0.181
2.322
8.658
0.803
1.34
1.136
1.52
1.181
1.388
1.967
0.183
0.054
1.956
4.182
1.918
0.326
3.424
0.735
1.048
0.017
2.831
0.066
0.057
0.286
1.452
1.345
2.202
1.361
1.142
0.113
0.158
1.469
0.088
1.792
6.204
0.179
3.471
0.656
1.008
2.99
1.006
0.163
0.507
1.006
0.036
5.089
0.707
0.146
6.289
2.207
0.137
1.247
1.798
1.015
0.149
0.09
3.856
0.346
0.074
4.164
0.038
0.311
0.89
0.921
2.374
1.111
1.154
0.111
1.493
4.469
0.029
0.958
0.118
0.104
1.289
1.48
0.249
1.388
2.42
0.205
1.464
0.784
0.028
2.676
0.063
0.037
6.33
0.058
2.972
1.728
2.666
11.488
0.324
1.78
1.339
0.053
1.238
2.436
0.422
1.065
0.16
1.003
1.134
0.169
3.217
0.048
1.006
1.609
3.924
0.248
0.521
1.742
3.849
1.72
1.164
2.011
0.205
0.777
1.979
0.069
0.047
1.024
2.393
0.037
3.143
0.088
5.058
0.028
1.382
0.032
3.332
2.016
0.071
4.308
0.89
0.725
0.736
0.037
0.202
0.101
1.407
1.761
2.099
1.218
0.048
1.044
1.095
2.103
0.045
0.046
3.036
0.853
1.999
0.077
0.956
2.272
0.867
1.228
0.045
0.094
0.031
0.043
0.106
0.298
0.874
4.213
1.242
0.521
0.064
2.065
0.043
1.158
1.451
0.805
1.783
2.153
0.044
0.518
4.546
4.523
1.992
0.982
2.949
3.689
0.06
1.289
4.466
1.091
1.827
0.838
0.157
1.356
0.697
0.56
0.213
1.044
0.349
0.288
0.303
2.017
5.176
1.367
1.058
0.565
1.33
0.126
0.718
2.042
0.049
0.012
0.894
0.127
0.1
2.651
1.02
0.631
0.938
1.452
0.023
0.118
0.153
0.071
0.072
1.326
0.037
1.947
0.739
2.945
1.52
0.236
1.015
0.041
1.235
0.058
0.29
1.031
0.915
0.257
2.049
2.512
0.141
0.161
3.062
0.147
1.243
0.047
0.039
0.132
2.94
2.216
1.732
0.069
0.864
0.199
0.05
1.508
2.494
0.406
0.167
0.127
0.074
2.659
0.12
1.388
3.13
0.942
1.065
1.063
0.05
1.865
0.188
0.05
1.728
0.514
1.375
0.066
4.927
1.5
8.797
0.074
0.107
1.5
3.295
1.364
3.237
1.162
0.849
1.06
0.124
1.177
0.196
1.299
1.466
0.889
0.376
0.412
2.602
0.162
2.289
0.289
0.148
0.945
0.207
3.182
0.105
1.428
0.032
1.925
1.29
1.867
0.142
2.364
1.031
0.087
0.166
1.102
0.023
2.929
6.329
0.107
1.044
0.079
0.28
1.46
1.46
3.409
1.838
0.385
1.41
0.183
0.215
3.978
0.228
1.343
1.149
0.764
0.031
0.084
2.476
1.172
1.647
1.414
2.172
1.535
0.185
0.291
2.642
0.047
2.009
0.855
0.453
0.718
0.053
1.536
0.056
4.492
2.525
3.42
0.535
0.093
0.265
0.284
7.04
0.405
0.839
2.936
1.17
0.52
0.092
0.108
2.936
0.078
0.023
0.036
3.02
0.148
1.276
0.78
0.073
1.556
0.076
1.042
0.032
1.007
0.075
0.283
2.006
0.86
2.426
6.148
0.041
1.81
1.565
0.512
0.01
0.923
1.629
0.737
0.081
3.312
0.122
0.096
1.08
0.024
3.597
1.388
2.45
0.085
1.537
0.951
3.295
0.169
2.484
0.049
0.067
0.198
1.183
5.845
1.029
0.053
0.773
0.145
0.703
0.659
0.068
0.109
0.136
0.848
0.219
5.836
0.76
1.933
3.336
0.164
3.594
2.55
1.184
1.383
8.469
0.499
0.061
1.2
0.137
0.468
0.079
1.378
0.151
1.0
0.108
0.102
0.995
0.021
1.005
1.965
2.333
3.281
0.172
0.126
0.768
0.888
0.057
3.287
1.676
0.384
1.327
1.143
10.316
1.581
2.559
0.03
0.285
0.111
0.427
1.636
0.419
1.979
0.078
1.48
1.512
0.072
1.632
0.047
1.294
0.11
1.816
2.327
1.418
2.765
1.475
0.037
0.042
0.115
2.873
0.17
1.128
1.055
0.241
1.842
0.807
2.122
3.418
0.038
0.143
0.168
0.177
1.431
1.47
0.597
2.013
1.696
0.281
0.11
0.158
0.3
1.435
3.35
1.825
2.972
0.079
0.098
0.733
0.974
2.288
0.965
1.087
2.61
2.871
1.108
1.451
2.164
4.171
1.861
1.363
1.375
0.432
0.474
0.832
1.19
0.642
0.037
0.058
0.275
0.028
0.024
3.028
1.228
0.044
1.526
1.119
0.142
1.856
0.684
0.07
1.313
1.354
2.432
0.186
1.386
1.456
5.178
0.06
2.184
1.517
4.007
1.004
8.579
0.36
1.888
0.28
0.876
1.15
0.143
0.028
0.372
1.573
0.065
0.252
0.217
0.046
1.031
0.811
0.058
0.084
0.043
0.979
0.101
1.503
0.096
1.281
1.006
1.665
0.251
1.404
0.192
0.62
0.266
7.155
0.088
1.668
2.884
1.05
1.072
2.175
1.132
0.081
0.78
3.91
0.999
0.041
0.543
0.586
0.095
5.645
0.221
0.73
1.732
0.715
3.593
2.127
1.852
1.296
3.682
0.046
2.712
1.756
0.028
0.144
0.092
1.737
0.083
1.715
0.076
5.881
1.33
4.572
0.51
1.185
0.172
0.051
0.243
0.051
4.953
1.011
4.644
0.084
1.72
0.976
0.241
0.077
2.84
0.594
1.473
2.868
0.855
3.943
2.093
0.929
2.625
0.851
0.083
0.143
0.148
0.06
0.645
1.397
0.046
0.163
0.078
2.947
4.138
0.996
0.024
1.242
2.525
6.331
3.465
3.046
2.237
0.08
1.052
1.497
2.91
1.771
2.126
0.637
1.171
1.831
0.297
0.416
0.117
0.052
0.116
2.221
0.361
0.05
0.878
0.614
0.115
0.387
1.931
0.071
1.602
2.307
0.109
0.067
0.039
0.055
0.702
1.763
0.245
2.203
5.142
0.863
1.663
0.199
0.794
2.101
1.107
0.241
0.095
1.22
0.139
0.296
0.926
0.067
0.231
3.247
0.395
1.395
1.382
2.766
0.847
0.844
1.382
1.801
0.998
0.047
0.314
0.809
0.468
0.399
0.06
0.029
2.098
0.117
1.489
0.757
1.019
0.035
1.187
1.272
0.114
0.147
0.068
0.086
1.256
0.19
2.868
0.021
3.083
1.62
1.077
0.127
0.95
1.189
3.658
2.328
0.694
1.564
0.032
0.042
1.033
0.052
0.925
3.454
0.129
0.019
0.227
3.581
0.028
0.048
8.172
1.115
2.324
0.843
1.256
3.042
1.433
0.905
0.3
0.027
0.053
1.204
0.083
0.462
2.17
0.093
5.317
0.265
1.639
0.16
0.978
0.041
0.064
0.111
1.365
0.252
0.027
0.156
0.382
0.11
1.393
1.076
0.043
2.69
4.48
0.673
0.416
0.244
3.464
2.297
0.573
1.19
0.993
0.056
2.01
0.162
0.074
1.598
1.744
2.924
1.779
0.041
0.119
0.294
4.219
1.315
0.028
0.073
2.581
0.066
0.084
1.294
4.677
0.052
5.074
0.593
4.023
0.191
0.74
0.106
0.278
0.181
1.037
0.128
0.146
0.302
2.258
1.186
2.525
0.747
0.077
0.209
0.101
0.888
0.043
3.929
1.118
1.787
4.829
1.334
0.086
0.855
2.297
0.835
0.159
0.558
2.53
2.3
0.041
1.276
1.423
3.963
1.305
0.382
1.776
1.681
0.035
2.851
0.905
0.106
0.112
3.675
0.142
5.483
2.173
0.067
2.906
0.092
4.119
3.869
0.424
0.152
3.965
1.921
1.683
1.029
0.069
1.484
0.634
0.048
0.044
0.21
0.052
0.909
1.111
1.511
0.027
5.211
0.069
0.995
0.161
1.597
1.041
0.121
0.064
0.034
1.957
0.927
0.18
0.984
1.765
0.152
0.155
0.118
0.229
0.228
0.832
0.248
0.028
1.153
2.892
0.085
0.903
0.037
2.472
0.183
0.772
2.638
0.114
3.195
1.899
1.136
0.299
0.027
0.031
0.48
0.258
1.004
0.027
3.406
0.197
0.047
2.873
0.332
0.111
0.05
0.205
0.054
0.402
1.126
0.94
0.026
0.4
5.527
2.737
0.357
0.681
0.105
0.39
0.341
0.067
0.105
0.058
1.53
0.127
1.964
0.026
1.791
0.191
2.907
0.089
2.643
1.23
0.1
1.627
0.062
1.204
4.389
0.077
0.858
0.068
0.453
2.014
0.068
2.45
1.384
1.343
2.015
1.838
0.103
0.968
1.521
5.226
0.955
0.095
1.116
1.326
0.038
1.619
1.153
0.983
0.854
0.024
0.034
0.079
1.114
2.134
0.093
0.083
4.236
2.249
0.017
0.04
1.489
0.03
0.123
1.921
0.529
8.645
0.947
0.207
2.198
0.023
1.296
4.715
0.365
0.902
1.411
0.78
0.265
3.001
0.615
1.068
0.765
0.078
1.547
0.221
0.104
0.103
0.052
1.375
1.125
0.039
0.041
1.332
0.043
0.611
1.433
0.132
1.167
0.57
2.461
1.185
0.597
0.569
1.91
10.715
1.522
0.103
1.0
1.576
1.274
4.886
1.383
0.751
1.043
0.188
2.011
2.905
1.21
5.492
1.423
0.825
0.104
0.295
0.164
0.101
0.314
0.024
0.09
0.968
2.666
0.793
0.054
0.857
2.076
1.034
0.083
0.024
0.916
2.776
0.017
3.095
0.166
1.733
0.03
0.113
0.146
4.951
3.112
1.631
1.403
0.051
0.588
4.315
1.7
0.809
0.975
2.428
1.195
0.976
2.002
1.686
0.603
1.223
0.187
2.118
0.147
2.876
1.899
1.624
1.021
0.066
0.861
0.124
0.111
7.954
0.183
0.622
3.62
1.187
0.269
0.082
1.451
0.103
2.403
0.128
1.429
0.66
0.354
0.958
0.113
0.058
1.034
0.138
0.313
2.968
2.388
1.078
0.106
1.222
0.028
1.597
1.227
0.098
2.044
1.479
1.284
2.029
1.036
0.062
0.151
0.047
0.09
0.014
1.283
0.168
1.55
1.223
0.097
0.325
0.083
0.83
3.435
0.19
0.603
1.42
0.292
1.458
2.739
0.523
0.897
0.676
0.08
0.163
2.643
0.28
0.81
0.094
0.081
1.506
0.207
0.854
0.22
1.56
2.452
0.17
1.549
0.061
1.044
0.11
0.029
0.159
0.061
0.229
0.029
1.127
0.101
0.047
0.026
3.398
0.031
3.172
1.54
0.349
0.258
0.12
3.708
0.802
0.752
2.172
1.358
0.566
1.669
0.24
0.023
0.05
0.122
1.482
1.464
0.06
1.747
0.27
0.971
3.426
0.938
4.687
0.057
2.524
0.411
0.27
0.133
0.076
1.007
2.046
0.087
0.519
1.291
0.095
1.128
3.395
0.053
0.725
0.842
0.086
3.475
0.032
0.062
0.301
0.092
2.13
0.322
2.955
1.408
1.403
0.79
1.318
0.421
0.514
0.054
0.829
2.91
0.037
1.625
0.894
1.724
0.06
0.427
0.101
0.097
0.099
1.86
3.166
0.897
3.527
1.061
0.07
4.792
0.711
0.093
0.053
0.973
0.061
0.052
0.217
0.032
0.122
0.027
1.653
0.242
2.495
4.781
1.225
3.498
0.036
0.851
0.066
0.881
0.132
0.066
0.24
0.054
3.298
1.914
0.555
0.072
0.939
1.833
0.107
0.415
1.81
0.487
1.622
0.057
0.194
1.215
0.96
2.428
2.267
0.11
0.929
0.328
0.365
0.443
1.787
0.026
0.059
1.434
0.043
1.228
0.088
0.045
0.246
1.534
0.268
0.836
0.861
0.066
0.048
1.068
0.219
2.036
5.323
0.727
6.466
0.89
0.097
1.207
1.758
1.652
0.063
1.284
2.008
0.09
3.821
1.516
1.309
0.047
0.114
1.482
2.32
0.043
0.25
2.014
4.49
0.025
1.467
0.147
1.063
0.946
0.675
0.201
0.675
0.028
2.175
0.323
0.146
1.202
1.35
1.508
0.218
2.412
0.08
2.266
1.885
1.521
2.779
0.063
0.422
1.456
1.976
3.2
0.052
1.327
5.292
0.346
0.089
0.133
0.861
0.776
0.886
0.807
3.018
6.811
1.507
0.411
3.756
2.228
2.575
1.863
0.072
1.358
0.137
1.897
2.023
0.96
1.567
0.054
0.496
2.181
0.291
0.747
1.139
0.904
4.538
1.333
0.203
0.534
3.797
2.721
0.028
1.931
0.053
0.068
0.356
1.608
2.063
0.099
2.887
0.597
0.16
2.764
0.026
0.035
0.798
1.791
0.276
0.142
0.321
0.109
0.903
1.205
0.033
0.068
1.139
0.119
0.037
1.944
0.156
0.836
2.493
0.119
0.095
1.148
1.347
0.039
2.029
1.095
2.41
0.931
2.526
1.019
1.19
4.016
0.199
0.187
3.364
0.994
1.238
0.561
0.141
1.646
0.109
0.309
1.269
1.391
2.929
5.202
1.419
3.365
1.304
0.911
1.414
0.039
1.657
0.066
1.171
2.168
2.687
0.182
2.119
0.129
1.534
1.141
1.886
0.79
2.558
0.352
0.088
0.107
0.044
1.801
3.116
0.08
0.914
0.136
0.042
0.046
5.284
0.093
1.765
0.05
1.262
0.133
3.391
2.361
5.679
3.628
0.14
0.124
0.082
0.03
1.197
2.896
0.305
0.994
2.98
0.686
1.985
3.604
1.12
0.121
2.727
1.912
0.524
1.229
3.366
1.931
0.498
3.132
1.265
0.622
1.378
2.181
0.444
0.23
5.51
0.133
3.609
0.674
1.705
0.084
0.059
0.142
1.72
1.355
0.019
0.158
0.228
1.164
2.118
0.37
0.075
0.949
1.035
1.205
1.488
4.746
1.889
0.158
0.887
0.863
1.006
0.047
0.086
2.097
1.578
3.14
1.209
1.088
0.589
2.403
0.047
0.019
0.588
1.365
1.063
0.603
0.064
0.224
3.773
0.184
1.773
0.263
1.534
2.867
3.79
4.984
0.056
1.018
0.068
0.091
0.187
0.757
1.635
0.034
0.123
2.83
1.425
0.289
0.409
0.715
0.256
1.225
0.092
0.308
0.091
1.245
1.7
3.016
4.526
0.095
0.845
0.114
0.125
1.486
3.179
1.524
0.138
1.048
1.281
2.91
1.154
0.279
0.066
0.074
1.3
5.105
0.126
1.9
1.146
3.477
0.784
0.174
0.054
2.462
1.066
3.895
1.753
2.687
0.521
1.899
0.18
0.039
0.654
0.025
0.083
0.564
2.335
2.131
2.075
3.244
1.721
2.195
1.601
0.088
0.974
0.134
6.144
0.041
0.146
1.025
1.043
0.92
1.4
0.266
0.464
0.146
0.022
1.314
2.101
0.021
0.505
0.287
3.95
1.259
0.117
1.137
1.069
1.383
0.346
1.135
2.013
1.222
0.65
0.126
5.018
2.782
2.221
1.691
1.13
0.194
1.584
1.37
2.563
0.093
0.117
1.4
0.936
1.803
1.763
4.493
4.143
0.073
1.178
1.49
0.266
2.581
0.097
0.142
4.359
0.059
1.571
0.08
0.149
0.953
0.135
0.862
0.091
2.159
0.083
1.943
0.595
1.019
0.762
2.122
1.251
0.505
1.034
0.14
1.197
2.719
1.658
0.8
3.831
0.086
0.94
0.042
0.347
0.115
0.557
0.07
0.031
0.967
0.036
4.089
1.769
0.458
0.581
0.675
2.685
2.148
0.204
3.599
0.054
0.12
0.642
1.421
1.197
0.239
1.015
0.934
2.091
0.167
2.435
1.604
1.196
1.344
1.365
0.919
0.057
3.087
0.113
0.099
1.96
1.267
4.445
2.422
0.886
0.265
0.084
2.218
0.08
5.166
2.379
0.663
1.063
0.923
2.003
0.865
3.773
0.036
0.199
1.337
1.058
1.467
0.094
0.988
0.084
1.094
1.015
1.143
0.999
0.783
4.817
0.714
1.094
3.015
1.258
2.049
1.533
0.057
0.992
1.233
0.083
0.082
1.702
1.147
1.207
0.123
0.187
1.482
4.23
0.719
1.285
1.376
0.056
2.554
1.688
2.412
0.145
0.14
0.037
2.148
0.981
0.248
1.895
0.664
0.377
1.869
0.839
2.031
0.506
0.069
0.757
0.102
0.169
1.107
0.141
0.014
0.979
0.078
0.507
0.041
0.029
1.277
3.936
0.898
0.875
0.844
1.572
0.188
1.057
0.625
1.903
2.731
0.172
1.294
2.448
0.052
3.067
2.403
0.053
0.02
0.214
0.07
1.589
0.794
0.038
2.234
0.883
0.082
0.946
0.252
2.364
0.126
1.679
1.413
2.007
2.412
2.59
3.699
2.294
1.302
0.443
1.522
2.643
0.414
0.098
2.419
0.411
0.099
0.233
0.084
1.267
0.127
0.108
2.786
1.869
2.203
0.217
0.048
1.662
0.148
0.016
0.048
0.478
0.123
0.057
0.186
0.084
4.464
0.25
0.064
0.311
1.031
2.625
1.181
1.679
1.915
0.989
0.338
4.738
0.07
0.092
0.039
1.207
1.409
4.673
0.088
1.652
2.06
0.085
1.198
0.068
7.26
1.54
1.395
1.13
0.115
0.029
2.461
0.374
0.845
0.314
0.076
1.367
0.393
0.121
0.064
0.11
0.205
0.137
0.061
2.824
0.101
2.457
0.144
3.668
4.227
1.537
0.336
0.887
0.029
0.744
0.053
1.337
0.226
3.198
0.252
0.428
0.201
0.074
0.886
0.144
0.958
0.82
0.467
0.061
0.752
0.125
4.206
0.051
0.191
0.12
0.803
1.645
4.62
1.538
4.089
2.263
1.331
0.108
0.3
2.083
7.73
0.075
0.06
0.467
0.175
0.209
1.229
1.322
3.484
1.795
0.085
0.591
1.54
0.068
0.739
0.458
2.541
1.119
2.405
1.047
0.285
0.84
3.263
3.246
1.162
0.998
0.135
1.872
0.033
0.185
0.234
2.103
0.216
0.929
0.11
0.803
0.072
1.141
3.733
0.037
1.449
1.104
10.168
0.833
0.178
1.044
0.051
0.11
1.226
2.083
0.041
0.615
1.88
2.584
0.957
1.997
0.456
7.244
1.039
1.249
1.191
0.061
2.481
1.916
1.399
0.124
1.451
0.097
0.86
1.047
2.596
2.28
2.034
2.615
1.193
0.128
0.933
0.972
0.572
1.101
7.462
1.377
1.912
1.35
0.426
0.066
3.241
0.054
0.763
0.841
3.05
1.742
0.02
0.062
2.478
4.739
0.837
0.126
1.241
1.126
2.998
2.683
0.263
0.037
1.017
1.897
0.059
0.25
1.161
0.076
0.187
5.931
0.144
1.821
1.221
1.325
2.152
1.149
2.309
0.106
0.524
0.976
2.438
2.929
0.039
0.231
0.059
0.057
0.084
0.287
0.066
1.341
1.632
0.038
1.257
0.215
0.05
3.417
3.954
0.876
0.847
1.555
1.368
0.069
1.002
3.756
0.568
0.048
0.097
0.153
0.209
0.745
2.038
0.183
0.77
0.261
0.228
1.669
0.178
0.124
1.243
2.462
0.163
1.978
0.07
0.056
0.028
1.333
0.899
0.914
0.054
1.192
0.945
1.265
0.909
0.293
3.594
2.638
1.205
1.171
1.721
1.136
1.22
1.311
3.218
4.648
1.532
1.684
1.181
1.721
1.734
0.356
0.025
0.18
0.079
0.172
1.618
0.051
0.911
0.249
2.379
2.443
0.974
0.827
0.124
0.045
0.988
1.004
1.303
1.856
1.008
0.949
0.482
0.031
0.874
1.651
1.996
0.061
0.1
0.059
4.35
1.238
0.202
2.925
1.219
1.236
1.16
0.541
1.52
0.202
0.053
0.259
1.204
5.257
1.8
1.051
0.129
0.133
0.752
0.086
1.607
4.05
0.922
1.088
0.038
2.9
2.144
1.963
3.051
0.174
1.788
0.052
0.855
0.046
3.457
0.03
0.611
0.922
0.149
3.278
1.105
0.845
2.366
1.793
2.536
1.401
0.104
4.548
0.106
1.089
0.634
0.082
2.435
0.044
0.055
0.161
1.085
0.076
0.055
1.122
1.867
0.03
1.09
0.253
1.467
1.454
3.282
1.825
1.924
0.087
2.111
1.244
1.082
0.016
1.04
7.605
4.293
2.27
0.964
0.77
0.052
1.725
0.203
0.035
1.007
1.802
0.329
1.47
0.143
2.671
2.38
0.965
2.431
0.516
0.176
2.691
2.111
0.066
1.437
0.097
0.797
1.38
0.04
0.705
0.04
1.152
0.03
1.952
0.023
3.987
1.582
6.107
2.444
1.524
0.936
1.818
0.253
1.446
0.729
1.697
1.279
0.055
6.204
0.778
0.439
0.343
0.151
0.168
1.765
0.23
0.341
1.191
0.951
0.018
0.116
1.716
0.094
0.118
1.518
0.345
1.206
2.412
0.238
2.54
0.079
1.951
0.985
0.088
0.068
0.513
1.055
0.922
2.056
0.01
1.736
0.221
1.324
0.889
1.828
1.818
0.325
1.358
0.819
3.25
0.581
1.307
1.783
1.316
0.348
2.81
0.967
0.204
1.619
2.676
2.692
0.668
3.426
0.206
1.259
1.169
2.413
0.832
0.057
0.068
0.031
0.055
1.064
5.651
0.076
4.409
0.067
0.075
0.94
0.865
5.821
0.19
1.552
0.861
0.04
2.008
2.362
0.398
0.106
3.08
3.635
0.912
3.116
0.02
0.243
0.091
2.728
0.898
0.264
3.255
1.096
0.019
0.193
0.044
0.058
0.017
1.518
1.011
0.03
0.9
3.801
2.168
5.455
0.185
0.057
4.242
1.368
0.044
0.063
0.034
0.094
2.181
0.271
3.767
0.586
0.141
1.081
0.209
2.446
2.586
0.025
2.96
0.054
0.051
2.179
1.322
2.893
1.17
0.069
0.134
0.098
0.84
0.74
1.081
2.457
0.729
0.03
1.572
1.721
0.885
0.065
0.082
0.804
0.134
0.028
0.311
0.762
6.622
2.013
3.862
0.087
0.124
0.839
0.081
1.503
2.222
0.283
2.774
1.125
0.45
0.118
1.028
0.874
1.187
1.916
0.593
1.921
0.435
2.862
0.308
0.017
3.853
0.063
0.775
1.27
0.138
1.127
0.141
0.216
2.603
2.073
1.746
0.127
1.71
0.644
0.096
0.451
0.033
1.369
0.107
1.26
1.018
0.564
1.884
0.325
2.781
1.105
0.8
0.25
0.053
0.109
3.315
0.03
2.828
0.147
0.227
0.035
1.133
0.095
1.77
3.406
1.411
3.532
0.105
2.16
1.76
1.478
0.037
0.094
1.784
1.209
0.942
1.756
2.844
0.758
4.576
0.053
1.043
0.635
2.622
0.074
0.061
0.103
0.354
2.17
0.017
0.12
1.465
2.715
1.176
0.16
0.262
1.313
1.274
0.848
3.138
2.034
0.338
1.086
1.597
0.072
0.133
2.414
0.071
2.012
2.431
1.405
0.043
0.054
2.115
0.069
2.434
0.048
1.286
1.863
0.036
1.354
0.162
0.114
0.183
0.146
0.032
3.107
1.953
0.055
0.534
0.185
0.126
1.41
0.303
1.688
0.07
0.041
0.758
0.538
0.329
3.117
1.433
0.088
1.603
0.191
3.087
2.752
2.224
0.292
2.038
0.303
2.105
0.293
0.022
0.068
1.682
1.503
1.525
0.489
1.174
3.506
1.391
3.224
1.153
1.746
0.304
1.112
0.885
1.241
0.137
0.536
0.831
0.039
0.158
0.904
0.503
1.098
0.026
2.807
0.199
0.045
0.367
0.17
1.006
9.077
2.163
0.1
1.112
0.156
0.065
6.448
3.159
1.169
0.119
0.385
0.113
0.13
0.094
0.119
0.239
0.552
0.771
1.418
4.568
0.05
2.166
0.235
2.121
0.676
5.249
3.155
2.935
0.014
0.093
2.22
1.772
0.019
1.318
0.024
2.551
0.684
0.184
0.967
0.086
0.131
2.239
0.076
0.264
0.066
1.394
1.865
0.051
1.65
0.804
0.196
2.81
2.631
3.268
1.078
1.075
1.136
1.788
0.03
0.576
1.236
0.302
4.225
0.158
0.038
0.053
1.009
0.844
3.475
1.144
2.554
0.298
0.69
6.014
1.634
0.03
0.027
0.853
3.011
0.123
1.149
1.015
0.074
1.696
0.263
0.115
2.326
2.096
1.705
0.062
3.003
0.065
1.472
1.845
0.342
1.211
0.064
0.991
4.632
0.163
1.504
0.065
1.314
1.285
1.854
1.402
0.073
0.345
2.503
0.826
0.129
1.975
1.184
0.113
1.558
1.793
0.065
2.287
0.049
0.116
2.014
2.952
0.129
0.036
5.272
4.741
1.67
1.579
0.767
4.107
1.915
1.503
1.065
0.941
1.088
1.514
0.146
0.179
0.081
1.018
1.032
0.127
1.055
0.896
2.303
0.111
0.719
0.06
0.969
2.436
3.288
1.078
0.084
3.177
1.242
1.556
0.06
0.876
3.244
1.38
3.98
0.041
1.217
1.605
0.926
5.485
2.257
0.847
0.062
0.094
0.956
1.436
0.381
1.761
1.233
0.179
3.526
0.051
0.429
1.041
3.0
0.101
0.762
1.732
1.13
1.835
1.196
0.03
1.325
0.567
0.726
1.174
1.265
0.018
0.016
0.05
2.729
0.299
0.545
3.996
4.575
0.096
0.112
1.907
3.722
0.125
7.2
0.444
1.261
0.197
0.063
0.223
0.066
6.195
1.615
0.074
0.802
0.204
1.793
0.221
0.043
4.255
1.427
4.999
0.232
0.146
1.131
0.096
0.013
1.067
0.067
0.951
1.449
0.716
1.05
6.176
0.098
0.157
4.009
5.097
2.836
0.44
0.706
2.751
3.859
0.079
2.497
0.734
0.236
5.789
0.144
0.102
0.07
0.087
0.897
3.024
2.472
0.179
0.83
1.521
1.575
1.064
0.067
0.253
0.442
0.728
0.227
7.794
0.241
0.101
0.019
1.318
1.105
0.029
0.339
0.095
0.91
1.114
1.875
2.484
1.902
0.696
0.057
0.065
1.588
0.125
0.25
1.263
0.083
0.828
6.176
0.305
1.116
0.081
0.227
2.355
0.08
0.165
3.354
0.218
2.816
0.197
3.905
2.081
0.554
0.03
1.352
1.318
0.88
0.926
2.335
2.885
1.592
0.789
1.115
0.042
1.507
1.087
0.911
0.688
0.327
0.069
1.894
0.133
0.053
1.348
0.018
1.522
0.521
0.051
0.224
0.271
2.016
0.092
1.884
5.897
1.968
0.27
7.63
0.899
0.108
2.892
0.035
0.136
0.887
0.267
0.079
0.203
0.904
1.451
3.593
0.065
1.185
0.105
0.731
2.347
1.397
5.515
0.196
2.095
1.835
0.051
0.214
0.176
1.057
2.475
0.511
1.227
0.187
1.348
0.708
0.491
1.017
0.23
0.079
0.071
1.354
0.928
0.383
0.58
2.166
4.579
2.89
3.213
0.138
0.049
1.226
0.031
2.887
2.872
1.357
0.048
0.162
2.22
0.907
0.624
0.37
2.625
0.072
2.726
0.088
0.081
0.385
1.062
0.77
0.153
3.482
2.542
0.068
0.08
1.456
0.721
0.603
0.402
0.111
0.169
0.339
0.026
2.069
1.011
0.923
1.228
0.148
4.893
0.594
0.02
1.542
1.348
0.309
1.066
2.708
3.616
0.106
1.661
0.02
5.958
0.079
4.06
0.055
0.113
0.026
1.344
1.311
1.153
1.684
0.183
3.715
1.007
1.646
1.541
0.136
2.236
2.057
0.325
0.487
1.31
0.233
2.024
4.234
0.478
0.231
3.13
1.242
8.856
0.439
3.285
0.093
2.673
0.107
2.316
0.144
0.057
1.169
1.132
1.245
1.247
1.472
1.17
8.156
4.043
0.076
0.045
0.044
0.081
0.095
0.042
5.394
0.913
0.105
3.541
1.037
5.403
2.035
0.06
0.022
2.225
1.64
0.289
1.636
0.152
1.116
0.288
0.298
0.092
0.112
0.905
0.074
0.825
0.052
3.225
1.407
1.34
1.145
2.916
0.122
0.046
0.054
1.231
0.063
1.615
1.485
0.117
1.729
0.18
0.177
1.512
2.525
0.531
1.054
1.805
1.415
0.058
0.136
1.306
1.046
1.821
2.037
1.053
0.241
0.07
1.688
0.066
2.358
3.07
0.039
2.325
1.935
3.738
0.037
0.953
1.191
2.719
0.197
1.298
0.84
0.144
0.445
0.224
1.606
0.988
1.53
0.166
1.4
3.944
0.8
0.142
0.129
0.92
1.111
0.34
0.079
1.355
1.084
1.477
0.092
1.027
0.102
0.292
3.852
0.082
0.087
3.539
0.026
1.684
0.394
0.055
0.883
2.604
1.208
2.934
1.017
0.049
0.503
2.956
0.067
1.372
0.096
2.088
0.088
1.498
0.138
0.128
0.052
5.269
0.087
1.899
0.094
0.078
0.038
1.233
0.658
0.074
0.736
2.644
0.037
1.575
0.058
0.095
1.602
3.358
0.13
1.512
0.103
0.814
0.134
0.045
1.815
0.665
0.768
0.188
1.692
0.053
0.054
2.137
0.353
0.057
3.995
0.784
0.928
3.923
3.74
0.046
0.033
1.36
1.475
0.781
0.066
0.978
1.461
0.838
1.249
3.076
0.086
1.453
0.457
0.155
0.042
0.567
0.071
1.721
1.011
1.1
0.032
2.667
0.05
4.716
1.114
1.194
0.408
0.245
0.175
2.887
0.856
0.781
3.131
0.07
0.504
1.862
0.235
0.178
1.41
1.561
1.134
0.128
2.396
1.88
0.062
0.06
0.028
3.157
0.057
0.918
0.828
2.951
1.643
0.394
0.028
7.782
3.404
2.607
0.07
0.974
2.668
2.772
1.229
0.071
0.949
3.015
1.021
1.764
0.357
0.154
0.022
0.021
3.293
0.24
6.171
0.036
1.531
0.065
1.758
0.564
2.369
0.332
0.03
0.114
1.089
0.138
0.141
1.921
0.354
4.316
0.948
0.17
1.264
4.417
2.761
4.4
0.754
0.081
0.121
1.082
1.676
1.064
1.715
3.574
1.158
0.138
0.807
0.213
2.251
0.327
0.315
2.583
0.745
1.815
5.569
0.173
3.865
0.086
0.106
0.014
1.044
0.093
2.067
2.534
0.759
2.469
1.173
0.891
0.096
0.222
5.263
1.667
0.074
0.101
2.483
0.124
1.42
0.124
0.097
1.684
0.05
0.017
0.234
5.018
0.337
1.337
0.106
1.235
3.367
0.078
4.058
2.851
0.027
0.044
1.674
1.559
0.072
0.303
1.101
1.691
0.079
0.231
1.346
0.138
0.105
0.257
1.222
0.857
2.645
0.138
1.314
0.018
1.412
0.549
2.059
0.028
0.179
1.071
2.585
1.387
1.413
1.18
0.95
0.419
0.073
0.091
0.211
3.363
0.978
1.147
0.052
0.714
1.179
2.504
0.873
0.084
2.524
0.062
0.886
0.063
0.318
1.716
0.219
0.226
0.765
0.304
3.548
1.039
0.044
1.019
0.348
2.977
1.73
0.031
0.987
0.192
0.844
2.879
1.653
2.64
0.022
1.144
3.402
0.298
0.082
3.133
0.077
2.217
3.034
3.968
0.187
0.397
0.099
1.203
0.946
1.286
1.012
0.035
1.344
0.761
3.934
2.382
1.092
2.228
1.663
1.695
0.164
0.24
5.515
0.269
4.982
0.377
1.005
0.041
0.608
3.303
0.402
1.435
0.774
0.175
0.425
0.327
0.198
1.909
0.105
0.017
3.127
0.096
0.895
0.303
0.98
0.11
0.102
1.347
1.802
0.084
0.119
1.445
4.517
0.537
0.811
0.157
0.065
1.351
1.443
1.58
0.063
0.902
0.092
0.846
1.368
1.463
0.065
1.162
1.56
0.873
0.334
1.105
3.568
0.904
1.007
0.05
2.847
1.719
0.016
0.077
1.224
0.947
1.028
0.138
1.175
0.055
2.098
0.477
0.915
1.224
1.357
0.038
1.853
1.28
1.439
1.747
0.936
0.93
0.248
0.166
2.6
2.321
0.197
2.192
2.589
1.156
0.074
0.038
0.156
0.571
2.005
0.678
0.928
0.211
2.128
0.269
0.852
1.158
2.175
1.269
0.345
1.63
0.055
0.05
0.055
1.3
3.888
0.025
0.169
0.24
0.926
0.735
2.272
0.205
0.858
2.111
1.384
2.136
2.465
1.167
0.287
1.91
0.035
0.875
0.917
0.251
1.894
4.394
0.13
0.052
4.951
0.103
2.042
2.481
0.08
0.568
1.074
0.143
1.776
0.908
1.005
5.048
0.766
0.974
2.104
1.035
0.087
0.083
1.219
1.128
0.035
0.047
3.001
2.278
0.261
1.462
0.07
1.787
0.76
2.235
0.126
2.014
1.549
1.111
1.397
1.288
3.475
1.804
1.113
1.383
0.136
0.986
2.829
0.108
3.713
0.198
0.156
0.137
0.085
0.034
1.788
0.777
1.267
0.061
1.871
0.06
2.342
1.349
1.794
1.196
0.12
0.047
0.133
1.114
0.036
0.96
0.025
2.97
0.051
0.849
0.285
0.256
1.479
0.169
0.024
1.559
0.283
1.338
0.026
2.395
2.66
3.987
1.766
0.494
0.047
1.728
0.051
0.095
1.644
2.669
1.991
3.309
0.866
2.356
0.996
2.213
0.236
1.276
2.683
2.983
0.149
0.058
1.348
2.181
1.165
1.247
0.036
0.318
1.296
0.514
2.636
0.918
1.643
1.254
4.304
1.218
4.456
0.057
1.522
0.963
0.027
0.119
1.339
1.036
1.836
0.196
1.203
0.8
1.891
0.103
0.881
2.635
0.128
0.092
1.098
0.293
0.957
2.158
1.966
2.171
0.724
0.095
1.893
2.117
1.022
2.955
0.069
1.173
6.89
0.03
0.056
0.167
0.909
1.268
6.56
0.081
1.066
2.401
0.097
0.223
0.072
0.242
0.073
2.307
0.355
4.243
0.063
3.75
0.084
1.484
1.166
1.66
2.716
1.815
0.171
1.872
0.851
2.777
1.134
2.472
0.018
0.22
5.274
3.225
1.566
1.412
1.055
0.183
2.088
1.134
2.58
0.284
1.115
1.075
1.312
2.702
0.285
0.085
0.122
1.058
0.097
1.406
0.111
0.201
0.542
0.691
2.053
0.015
1.447
1.483
0.156
6.555
2.313
0.573
0.126
0.125
2.516
0.048
0.093
1.862
0.967
1.045
6.877
0.044
1.081
0.047
4.471
0.217
0.059
2.861
0.074
0.832
1.48
3.073
0.092
1.62
2.337
1.654
1.076
0.812
0.402
0.912
0.042
5.194
0.091
4.764
1.055
1.572
2.33
2.289
0.181
2.866
3.194
0.097
4.028
1.145
2.895
0.053
1.084
0.104
1.051
0.129
0.113
1.619
0.783
1.031
4.623
1.748
9.284
0.79
0.893
1.123
0.129
1.418
0.057
0.172
5.589
0.27
1.272
1.568
1.0
2.726
0.8
0.028
0.044
2.263
0.049
2.298
1.599
1.56
6.647
3.448
0.122
2.647
0.838
0.322
2.581
0.043
2.092
3.821
1.396
1.051
2.1
0.07
0.864
2.276
1.543
0.847
0.107
1.697
2.588
0.819
1.228
1.253
0.842
0.112
1.161
0.135
0.039
1.412
1.623
0.09
1.294
0.188
0.665
2.138
1.986
0.067
1.1
1.15
0.488
0.551
0.108
2.282
1.134
0.138
0.237
1.281
0.069
2.309
0.73
0.055
2.908
0.87
0.848
3.258
0.749
2.959
0.03
0.301
0.057
0.197
5.135
0.695
0.045
1.774
2.206
3.299
0.043
2.238
0.052
2.606
0.057
0.088
3.672
0.042
0.067
0.202
0.03
0.191
4.448
4.696
0.08
5.665
1.002
1.618
1.117
2.217
1.967
1.66
0.058
2.392
3.428
0.048
7.103
0.178
0.558
2.474
0.291
3.638
1.536
0.137
0.107
1.493
2.549
0.13
1.318
2.619
0.041
2.241
4.232
2.997
0.669
0.344
5.441
0.833
2.74
1.209
1.476
1.282
2.628
3.265
1.39
0.045
3.475
4.391
0.04
3.285
0.789
0.1
0.047
1.967
3.279
2.089
0.118
1.199
3.381
1.902
0.295
3.071
1.722
4.524
0.138
0.199
0.253
3.376
0.045
0.128
5.12
0.348
1.54
3.406
2.179
1.03
3.955
1.145
0.964
0.055
1.303
3.294
0.206
0.268
0.591
0.238
1.018
5.476
1.601
3.62
2.114
1.624
1.87
0.122
1.367
0.198
0.168
2.934
0.028
0.167
2.137
0.395
0.171
3.94
0.336
0.04
0.162
0.104
0.634
2.311
0.111
0.204
1.207
0.121
0.463
0.844
0.818
1.013
1.274
2.055
0.988
0.142
4.623
0.835
0.093
3.375
0.133
1.569
4.317
2.304
0.452
0.106
4.726
0.113
0.037
0.847
0.221
3.358
0.047
3.126
0.038
0.299
6.289
1.377
0.111
1.667
0.9
2.751
0.252
0.883
0.085
0.853
0.439
1.158
0.083
0.141
3.735
1.646
0.996
3.274
1.116
3.409
0.104
0.92
5.544
0.339
0.114
0.561
0.083
2.446
0.367
0.577
0.945
0.434
0.018
0.282
0.454
2.151
0.173
1.963
1.376
5.795
1.891
4.746
1.012
0.939
0.074
0.259
1.369
0.09
4.298
0.115
0.667
0.688
0.102
6.711
1.257
1.565
0.149
0.807
2.367
0.221
0.947
1.783
0.223
1.15
0.517
1.295
1.406
0.133
2.66
1.523
0.939
0.079
4.213
2.473
9.028
0.025
0.23
0.37
0.964
0.975
0.499
1.185
1.167
0.056
0.901
1.096
0.05
0.389
2.307
1.369
3.196
1.057
0.359
1.902
0.041
0.801
1.164
1.026
2.164
2.225
0.044
0.709
2.385
1.594
1.236
0.096
2.102
0.206
0.026
2.24
0.123
6.059
1.613
0.076
0.192
1.048
2.594
0.169
3.097
1.303
0.26
0.835
0.028
0.965
0.096
1.169
3.166
1.178
0.463
2.693
1.332
1.734
4.875
1.332
1.151
0.148
2.769
1.234
2.485
8.42
0.401
0.333
0.751
3.517
3.391
1.198
0.162
1.815
2.823
0.543
0.058
0.053
0.062
0.326
1.874
0.414
1.955
0.023
1.19
3.491
2.082
0.022
0.13
1.488
0.065
0.973
1.678
2.669
0.136
0.052
4.132
0.834
0.051
1.645
5.571
2.243
0.04
0.054
1.669
1.209
0.312
1.933
0.023
0.029
0.165
0.242
0.465
0.707
2.804
2.508
6.718
2.218
0.11
3.963
3.025
0.029
0.733
0.813
0.809
1.829
0.032
0.776
0.493
0.032
0.173
0.271
5.539
3.053
3.715
0.057
0.083
2.664
0.027
1.014
0.276
0.572
2.705
1.185
3.174
0.311
2.45
0.071
0.778
0.833
1.603
0.332
0.093
0.652
1.277
0.866
0.036
0.054
0.089
1.165
0.198
0.106
1.037
1.196
3.176
1.019
1.329
0.525
0.022
0.036
0.662
1.235
6.019
0.575
1.169
3.221
4.712
0.032
0.095
1.001
0.102
4.224
0.319
1.184
0.085
2.248
0.142
0.066
5.979
0.75
2.609
0.121
1.069
0.142
5.165
1.31
0.2
0.921
1.509
1.266
0.13
1.716
0.054
1.599
0.155
0.343
5.827
0.06
0.621
1.375
0.076
0.108
0.267
0.234
0.14
2.928
0.037
0.053
3.101
0.12
0.124
0.127
0.074
0.068
0.021
1.669
2.016
1.465
0.603
2.6
0.151
1.066
0.215
1.531
2.474
5.999
3.78
2.083
1.239
4.724
1.408
1.117
1.039
2.982
1.807
0.969
0.072
3.726
3.828
2.313
2.904
0.033
0.74
0.236
1.98
0.088
0.753
0.695
0.484
0.191
1.113
2.022
0.914
0.072
0.268
3.098
0.014
0.322
1.014
1.571
2.248
1.471
0.018
3.115
2.203
0.17
0.103
0.065
1.966
1.62
0.027
0.142
0.183
1.332
0.025
1.368
1.775
0.252
2.749
0.182
0.13
0.176
0.608
0.762
1.213
4.09
1.855
1.338
5.52
0.699
0.714
0.369
4.356
1.769
3.218
2.307
0.308
1.63
0.108
1.886
0.397
2.171
1.129
0.134
1.083
4.804
0.763
4.744
1.06
3.088
0.113
0.41
0.026
0.104
2.216
1.688
3.27
2.549
0.805
1.605
0.849
0.162
4.529
1.065
1.361
0.049
0.094
1.982
4.8
1.692
2.097
0.41
1.137
1.006
0.112
0.123
0.635
5.345
1.785
0.066
0.638
0.758
0.167
3.125
0.083
1.48
0.415
0.718
0.023
0.073
2.262
0.081
0.756
0.993
1.871
1.564
1.092
2.211
0.076
0.066
0.264
1.53
0.077
0.036
1.835
0.839
1.033
1.76
0.054
0.015
3.05
0.029
0.057
0.1
0.039
0.389
1.132
0.093
1.22
2.826
3.593
0.339
1.215
0.038
0.032
0.312
1.055
0.066
3.768
0.035
0.913
1.255
1.437
0.154
2.025
0.09
2.951
1.289
1.163
2.91
1.831
0.029
0.136
0.262
1.42
2.285
0.44
0.868
0.145
0.044
1.86
1.035
0.873
0.085
1.282
0.089
0.317
2.958
3.7
0.073
0.024
1.814
1.106
1.4
2.49
0.175
0.076
1.27
0.573
1.611
0.078
1.162
0.159
1.106
0.035
3.813
0.233
0.014
0.066
2.866
0.068
1.671
1.344
0.075
0.087
0.415
6.597
2.337
1.334
1.552
0.086
2.173
0.098
0.191
0.113
0.826
0.844
2.84
1.524
0.513
3.529
0.894
0.557
1.507
1.907
1.394
0.701
0.068
1.887
0.182
0.105
4.62
1.039
1.1
5.535
0.529
0.25
0.282
1.598
0.048
1.122
1.806
0.127
0.099
0.804
3.078
0.555
0.073
1.249
2.243
1.125
0.147
0.026
1.369
4.899
0.114
0.704
0.094
1.48
0.138
0.052
1.25
0.843
0.018
0.319
0.631
0.266
1.815
0.401
6.318
0.042
1.468
1.185
1.181
3.603
0.213
0.206
0.067
0.086
1.844
3.785
0.955
0.048
0.851
1.419
0.186
0.205
0.235
1.174
0.087
0.704
0.347
1.07
0.949
2.464
5.007
0.37
0.053
0.045
3.388
0.09
2.647
0.069
0.104
0.09
2.664
2.918
0.086
1.086
1.121
3.973
0.264
1.423
0.131
2.21
4.896
2.622
0.066
1.803
0.696
0.202
1.607
1.823
2.7
1.062
2.245
2.111
0.113
2.004
0.042
0.154
0.512
3.22
4.219
0.225
0.944
0.171
4.042
1.199
0.039
1.398
0.094
2.558
0.871
1.477
1.717
2.029
0.303
2.141
0.089
0.87
0.04
1.105
0.206
3.151
0.122
1.528
0.95
0.082
0.046
0.149
1.663
1.014
0.037
0.023
0.04
0.354
5.558
0.021
1.738
1.052
2.474
1.997
0.165
0.049
5.425
2.094
0.122
0.426
0.213
0.06
0.086
2.118
5.282
0.144
1.129
0.244
2.911
2.914
4.824
3.311
1.368
0.314
2.214
0.132
0.086
1.12
0.076
0.834
1.393
1.134
1.219
3.699
1.216
0.76
0.917
2.891
0.995
0.721
1.362
1.104
0.194
0.022
0.165
0.948
4.015
0.874
0.212
0.017
0.172
0.091
0.019
1.572
0.225
0.105
1.228
5.629
1.413
0.288
1.541
1.571
0.924
0.428
0.276
0.154
0.157
0.033
0.22
0.094
1.363
0.541
2.913
3.592
0.081
1.253
1.302
0.128
0.183
0.858
2.402
0.039
0.141
1.517
1.224
4.249
0.273
0.081
0.082
0.186
3.616
0.172
0.061
1.546
1.393
0.032
0.039
0.453
1.137
0.915
0.952
0.072
0.052
0.03
2.131
1.102
0.725
0.059
1.294
1.324
0.689
1.28
2.201
2.979
2.21
2.136
0.478
0.066
0.069
1.29
0.232
1.33
0.672
2.56
0.412
0.276
1.084
0.776
4.53
0.226
1.195
0.839
2.683
1.644
0.067
0.083
0.682
1.191
0.695
2.396
0.3
0.028
0.323
1.578
4.198
0.119
0.072
0.027
1.537
2.517
1.244
1.958
0.073
2.91
0.322
0.991
1.832
4.233
0.252
0.134
2.215
0.104
1.652
2.506
4.199
1.535
0.249
0.843
0.422
1.192
1.329
2.598
1.58
0.808
0.026
1.019
0.06
0.067
7.976
0.1
0.953
0.261
3.874
0.121
0.131
0.136
3.7
0.448
0.361
1.066
3.498
1.084
2.244
4.759
0.256
2.32
0.968
0.097
0.092
0.13
0.302
1.053
2.251
0.959
0.018
1.587
0.257
1.255
1.977
0.066
0.447
0.082
3.255
0.102
0.632
3.245
5.67
0.608
0.291
0.097
2.499
0.037
1.98
0.102
0.798
4.003
3.07
6.813
0.322
0.076
1.253
0.059
1.193
0.709
0.025
0.361
2.356
0.569
3.176
0.044
1.045
0.388
2.136
2.662
1.15
2.595
1.234
0.09
0.034
0.054
0.102
2.737
0.676
7.238
0.92
0.102
1.587
2.066
1.123
4.998
0.851
0.031
0.068
6.807
1.288
0.971
0.321
1.053
0.143
5.789
0.045
3.672
0.159
1.555
0.057
2.344
2.017
1.887
3.012
0.195
1.273
1.022
0.853
1.893
0.21
1.127
0.059
2.226
0.026
0.109
0.928
0.037
1.136
1.306
1.663
1.393
0.864
2.557
0.659
1.478
0.087
0.032
0.727
0.05
0.695
0.138
1.763
0.359
1.917
0.982
0.171
0.652
0.057
1.199
0.915
2.785
0.417
0.266
0.028
0.019
0.176
0.088
0.069
1.657
1.078
2.042
0.466
0.053
0.94
2.153
2.741
0.051
0.235
0.151
0.152
0.372
0.099
0.069
3.58
1.188
0.047
0.78
0.85
1.584
0.627
0.079
0.181
1.965
1.639
0.423
2.952
0.082
0.539
2.286
0.394
2.214
2.209
1.431
0.268
1.389
1.156
0.311
0.913
0.122
3.779
3.61
0.123
0.033
1.968
0.849
0.361
0.88
1.539
3.884
1.139
0.753
1.759
0.301
0.144
1.035
4.489
0.795
1.907
0.719
2.167
1.055
0.126
0.988
0.465
0.87
1.689
0.792
0.149
1.141
1.479
1.729
2.014
0.963
0.968
0.545
0.087
0.054
0.058
1.107
0.517
0.206
0.059
1.943
4.727
1.027
0.984
0.037
3.085
3.02
0.662
1.719
0.256
0.058
0.918
0.743
2.919
0.995
0.073
1.88
0.524
0.172
0.085
0.167
5.72
0.078
0.127
0.896
1.787
2.391
1.736
1.247
0.843
0.928
0.035
0.024
1.407
3.839
4.748
2.239
0.215
0.028
0.481
0.18
2.188
0.829
0.11
0.036
1.131
2.729
0.155
1.274
0.28
0.057
10.904
0.275
1.368
3.637
3.137
0.329
1.602
0.08
2.316
1.212
1.134
1.042
0.054
0.07
2.407
0.757
0.056
0.259
0.049
0.952
2.799
0.756
5.011
0.092
7.721
0.16
1.448
0.638
1.81
1.34
0.062
0.871
0.031
0.64
1.265
0.077
1.422
0.216
1.768
2.935
0.06
0.175
0.637
0.082
0.261
0.289
1.29
5.004
0.197
0.121
0.058
0.649
1.352
0.06
1.422
0.675
0.078
3.31
4.563
0.186
5.272
0.022
0.86
0.135
1.769
1.02
1.847
0.049
0.22
1.988
1.761
0.064
2.0
0.267
2.344
0.363
0.156
0.226
0.857
1.113
3.152
2.634
1.118
2.421
0.243
2.176
0.129
0.635
3.159
0.334
0.103
1.661
1.354
0.922
0.428
2.586
1.764
4.012
2.519
5.047
0.199
0.818
0.075
0.122
2.58
1.045
0.044
0.08
2.094
0.24
1.723
6.366
0.138
0.296
0.755
2.382
0.06
0.061
1.079
0.677
1.175
1.028
0.796
0.916
2.127
1.174
0.094
0.056
0.594
3.31
6.371
2.316
0.049
3.254
0.306
0.09
0.201
5.284
4.514
0.101
0.221
0.036
0.697
2.266
0.615
0.85
0.666
3.352
1.33
0.174
0.956
1.559
1.652
0.502
1.875
1.884
2.663
1.469
0.024
1.678
0.757
1.108
4.792
0.334
4.928
0.078
0.082
4.508
4.998
1.006
0.224
1.081
4.149
1.58
0.921
0.015
0.285
4.176
0.061
0.147
0.027
0.405
1.176
0.14
3.365
0.528
2.382
0.376
2.282
1.089
0.173
0.047
5.54
0.853
0.031
0.137
0.962
0.178
0.156
0.034
4.418
0.029
1.851
1.861
0.085
0.165
1.478
2.677
0.037
1.006
0.405
1.588
3.227
1.154
2.711
0.256
0.057
0.216
2.742
2.183
6.279
0.047
0.061
0.085
3.73
1.474
1.306
1.043
0.881
2.451
0.726
2.412
0.309
4.232
0.144
0.797
8.717
2.384
1.365
0.932
3.672
2.32
0.845
0.081
0.921
0.027
2.074
1.397
0.099
0.552
2.666
1.667
0.174
1.731
0.98
0.16
4.824
0.06
1.396
0.977
3.424
3.854
2.662
3.322
0.029
0.193
2.527
0.918
0.083
2.592
0.152
0.328
1.219
0.141
0.161
1.141
1.444
2.27
0.196
0.69
0.718
0.115
2.68
3.175
0.089
3.678
2.306
0.108
0.24
2.097
0.032
0.15
4.786
1.024
0.057
0.903
2.151
3.32
0.601
0.812
0.037
1.698
0.09
0.236
0.17
0.031
0.947
2.407
0.915
3.393
0.564
0.208
0.283
0.742
0.099
1.719
0.409
0.023
0.265
0.029
2.411
1.356
1.642
0.692
2.253
1.914
4.016
0.896
4.418
1.032
0.658
0.253
1.458
0.715
1.096
0.894
2.289
5.056
5.396
3.301
3.024
0.171
0.253
1.25
0.034
1.046
0.136
1.067
0.039
3.704
0.196
0.707
0.971
0.131
0.826
1.881
2.403
0.098
1.443
0.97
0.122
0.105
0.706
0.03
0.302
0.872
0.393
0.074
0.079
0.072
4.654
5.276
0.094
0.102
2.038
1.116
0.048
0.021
0.244
4.398
1.349
2.316
0.051
0.034
3.978
0.474
8.216
1.004
1.217
0.242
0.056
2.319
3.257
0.052
1.125
2.475
0.057
1.496
2.426
0.988
0.857
0.845
0.068
0.92
0.066
0.101
0.169
0.278
2.76
1.971
0.268
5.084
0.029
0.033
0.059
0.115
7.585
2.539
0.147
1.465
1.324
1.455
2.09
0.084
1.632
1.792
0.11
3.117
0.368
0.093
2.494
2.038
1.401
0.555
1.449
1.159
0.321
3.961
1.401
0.542
0.536
3.165
1.772
3.25
0.058
2.258
0.114
0.568
1.363
1.616
0.02
0.044
0.166
0.193
0.326
1.304
0.099
0.913
1.074
2.385
1.101
1.159
1.149
3.02
0.059
0.893
0.085
4.385
0.047
0.109
0.102
0.942
1.528
0.577
0.135
1.814
4.16
0.958
1.259
0.036
0.112
2.327
1.403
0.036
0.069
2.653
0.727
1.752
2.141
0.073
2.784
1.48
2.284
1.062
0.147
1.31
0.852
0.814
2.818
0.117
0.994
0.119
1.488
0.958
1.273
0.342
0.033
1.667
1.039
1.342
3.267
1.884
0.41
1.296
0.852
0.235
0.349
1.517
1.254
0.043
0.125
0.533
0.233
1.531
0.11
0.095
0.855
0.08
5.861
0.88
1.029
2.056
0.097
0.301
1.343
4.936
0.894
0.084
0.067
0.042
1.457
0.38
0.037
1.17
1.226
0.054
0.123
0.634
2.836
1.19
5.216
2.917
0.102
1.199
0.732
3.171
4.076
0.055
3.43
0.032
0.138
0.072
0.92
1.709
0.102
0.896
0.233
2.535
0.891
2.918
1.195
1.157
0.731
1.424
0.95
1.459
0.613
0.949
0.334
1.069
1.108
0.955
0.073
0.062
4.425
1.338
2.15
1.027
0.356
1.774
0.985
3.745
0.138
1.725
0.2
0.169
2.434
0.601
1.645
2.597
1.281
1.14
2.816
0.581
2.477
0.077
3.219
1.992
1.241
0.059
0.166
0.056
4.406
1.101
2.591
0.227
0.067
1.137
0.062
0.053
1.504
0.76
0.957
4.004
0.036
1.057
0.039
0.238
0.053
0.135
1.312
2.475
3.892
1.441
6.929
1.607
0.027
2.344
0.225
0.08
0.038
0.079
1.332
0.58
1.486
1.753
0.995
3.214
0.358
2.461
1.447
0.049
0.029
2.499
1.487
0.1
0.235
5.621
1.055
0.723
1.684
0.257
1.089
2.945
1.648
0.262
0.501
0.096
1.767
5.469
2.169
0.126
0.153
0.614
8.589
1.44
8.713
1.179
0.11
1.168
1.498
1.659
0.16
0.048
0.124
3.182
0.068
0.069
6.584
1.273
0.061
0.078
1.75
1.943
0.041
0.498
4.05
0.101
0.039
0.137
0.965
0.014
0.154
0.203
1.244
0.022
0.053
0.345
0.966
1.035
0.047
0.054
0.193
0.139
1.02
2.084
0.133
4.149
1.814
0.141
1.934
0.146
1.16
0.213
0.056
1.602
0.143
2.132
1.147
0.865
0.05
1.122
3.068
0.073
0.15
0.043
1.74
0.253
1.036
1.606
0.65
0.799
1.4
0.901
2.137
0.07
0.108
1.067
1.288
1.413
0.28
0.926
1.683
0.349
5.65
3.048
0.28
0.18
0.979
0.264
2.681
0.394
1.555
5.221
0.54
2.115
0.069
0.038
1.927
0.035
1.728
1.017
1.396
0.051
0.148
0.983
0.516
0.147
0.266
0.357
1.016
1.705
3.747
4.408
0.88
1.405
0.068
0.151
0.103
0.061
4.993
0.94
1.138
0.042
3.162
2.54
2.442
1.34
0.678
0.084
2.482
0.744
3.261
0.428
2.554
1.067
4.015
1.018
0.034
1.009
5.363
0.944
0.458
2.649
0.118
0.823
0.081
0.631
0.102
0.724
1.54
0.084
0.107
0.024
0.903
1.481
0.021
0.062
1.019
1.853
0.047
1.538
1.047
1.12
0.029
0.324
2.631
0.057
0.297
0.897
4.24
1.052
2.167
3.604
1.034
0.365
0.405
0.841
2.498
0.316
0.104
1.14
0.056
3.121
0.956
0.036
0.224
0.037
0.072
0.071
0.14
0.851
4.244
1.105
0.075
0.734
1.347
0.438
1.723
0.906
0.544
4.131
0.309
3.917
2.853
2.776
0.545
0.143
0.047
1.368
0.051
0.043
0.059
0.902
1.836
0.112
0.129
0.077
1.168
0.157
0.217
1.097
0.064
1.696
3.33
0.595
2.81
0.796
0.911
0.095
1.655
0.059
0.542
0.105
1.074
0.064
0.05
2.152
3.047
0.086
1.462
3.715
1.417
0.052
0.567
0.878
1.049
1.318
0.063
3.257
1.116
1.055
0.76
0.138
0.848
1.345
0.148
0.69
0.234
1.912
0.132
3.513
2.864
1.048
1.102
0.051
0.216
0.742
0.015
1.703
0.029
0.457
0.863
0.391
2.198
0.667
1.537
1.137
0.901
0.03
1.271
2.441
0.218
0.646
1.548
0.04
2.482
2.668
0.239
0.119
2.161
0.788
2.566
0.46
2.556
0.051
1.52
3.291
0.062
0.685
0.061
5.727
0.901
0.166
3.429
0.159
3.524
5.259
0.05
0.95
0.108
0.072
2.757
0.052
0.026
3.433
0.588
1.926
2.543
0.246
1.038
0.387
0.043
0.108
0.372
2.776
1.021
1.187
0.057
0.685
3.692
1.322
0.084
3.247
0.075
0.469
0.777
0.146
0.912
0.768
0.173
1.161
2.378
0.057
2.832
0.206
1.596
2.314
3.921
0.065
1.624
0.113
0.616
0.083
2.044
0.85
2.774
1.203
7.751
3.234
0.943
4.185
0.836
0.3
0.913
0.434
0.479
2.094
1.001
4.071
3.812
1.124
0.126
0.117
0.137
1.275
0.029
2.292
0.541
7.199
0.249
0.051
1.801
0.399
0.577
4.575
1.947
1.357
0.081
1.186
0.04
0.096
0.367
0.068
1.648
2.711
1.957
0.22
4.187
1.624
0.123
0.813
1.197
0.728
1.261
2.288
0.951
1.147
1.749
1.878
1.019
0.35
1.102
2.728
0.066
1.055
1.054
0.907
0.921
0.052
0.926
2.452
0.973
0.144
0.578
3.986
0.561
1.534
3.828
1.026
0.067
0.066
0.223
0.79
0.148
1.357
0.157
1.684
1.7
0.175
4.674
2.129
0.256
0.954
3.319
0.98
0.167
0.135
3.935
1.149
3.958
0.185
1.588
0.174
0.06
0.098
0.098
0.885
0.062
1.635
3.618
0.078
0.107
2.728
0.924
1.267
1.363
1.077
1.789
0.788
1.165
0.717
0.688
0.711
1.413
1.689
0.073
1.016
0.955
2.967
0.075
0.418
1.907
0.089
0.556
2.179
0.944
3.733
2.484
1.617
0.128
0.298
0.245
0.361
0.119
2.509
2.457
1.596
0.314
0.783
0.263
0.903
0.939
0.27
0.189
1.423
0.066
0.043
0.162
1.44
0.035
0.08
3.982
0.227
0.889
0.051
1.494
0.061
1.603
4.575
0.138
0.086
1.114
0.978
2.171
0.185
1.669
3.619
1.867
2.369
0.194
0.194
1.351
0.875
5.521
1.226
0.28
0.221
0.253
0.133
1.387
0.687
3.923
0.669
0.345
2.619
2.05
1.397
0.221
0.588
3.879
1.661
1.543
0.053
0.145
0.085
1.013
1.11
0.113
0.067
0.597
0.808
0.709
1.496
0.056
0.043
0.018
0.07
0.038
0.055
1.853
0.155
0.373
0.534
2.068
0.946
0.097
0.103
1.501
0.046
0.048
0.185
2.448
0.055
0.022
5.611
1.111
0.513
0.106
1.304
0.216
0.749
1.832
2.794
0.33
0.035
0.15
4.139
0.047
0.083
1.253
0.948
0.03
3.862
2.452
0.035
0.079
0.096
2.624
2.05
0.048
1.047
1.5
0.188
0.234
1.441
0.154
0.728
0.058
2.32
1.435
0.106
0.872
0.112
1.026
0.045
0.112
1.411
0.12
0.93
0.1
3.925
1.292
0.929
1.93
2.946
3.08
3.863
1.042
0.05
1.946
1.744
1.096
0.959
5.066
0.089
1.202
2.27
4.756
0.153
0.079
0.925
0.102
0.773
1.449
1.498
3.546
0.676
1.727
0.049
5.469
0.811
4.485
2.863
7.0
0.744
1.077
0.131
1.459
0.064
4.669
1.055
0.15
1.534
1.176
0.122
2.712
1.216
1.187
0.029
2.606
1.813
1.389
3.427
0.936
2.244
0.853
1.279
0.995
2.995
0.387
2.796
1.621
0.734
0.164
1.292
0.071
0.097
2.114
4.428
0.224
2.154
1.016
0.068
0.11
0.968
0.111
0.11
0.035
0.964
0.163
0.047
0.095
0.336
0.088
0.509
3.398
1.785
7.283
1.13
2.77
0.236
0.146
0.036
0.27
0.477
1.513
1.275
0.038
0.671
0.089
0.071
0.217
0.052
3.435
0.032
0.037
2.752
0.03
0.047
0.795
0.947
0.374
4.755
0.642
2.029
0.228
0.05
0.899
1.013
0.05
3.089
0.046
0.759
1.421
1.627
1.144
0.039
0.132
3.406
0.111
0.103
0.716
2.222
0.045
0.06
0.735
0.358
1.344
1.377
2.354
2.898
0.143
3.305
2.079
2.654
0.042
4.204
0.792
0.039
6.679
0.608
3.857
0.158
0.089
0.045
2.332
1.323
1.464
0.078
1.363
1.625
0.019
1.973
0.232
0.345
1.343
1.75
0.165
3.342
2.064
0.182
0.511
0.197
0.256
0.987
3.286
0.675
0.174
0.849
1.753
5.37
0.053
0.129
4.42
0.105
0.335
0.739
2.803
1.311
1.533
0.141
0.094
3.756
0.749
4.63
0.523
0.161
2.865
0.75
1.563
0.839
0.359
1.21
0.762
3.654
0.287
1.261
2.397
0.015
0.177
0.195
0.357
2.45
0.061
1.023
0.198
2.186
1.053
1.16
0.119
0.925
1.201
4.07
1.024
0.606
1.018
1.576
0.104
0.554
0.029
1.064
0.216
0.046
2.042
0.512
0.171
1.906
0.183
1.258
0.84
2.306
0.82
0.362
0.748
0.147
0.161
0.183
2.91
5.86
1.645
1.273
3.521
0.697
0.644
1.023
1.233
0.051
0.564
1.161
1.704
2.027
0.039
2.054
0.083
1.363
0.317
0.377
0.067
0.978
2.364
1.875
1.721
0.515
1.591
0.041
0.062
3.205
2.71
0.915
2.128
0.942
1.82
0.286
1.385
5.31
0.042
2.77
0.039
0.082
0.439
3.967
0.206
0.044
0.963
0.08
0.354
1.363
0.024
0.94
4.438
2.629
1.355
1.334
1.472
0.091
0.112
0.1
0.59
0.374
2.289
1.955
3.012
0.459
0.943
0.348
1.493
0.054
1.038
0.871
1.101
0.452
0.754
3.948
0.072
0.045
0.839
0.864
2.907
3.281
0.294
0.733
0.044
0.085
1.308
2.221
5.191
1.033
0.809
0.16
1.726
0.186
0.487
1.23
0.16
0.298
3.418
0.36
0.898
0.041
1.141
1.287
2.899
1.167
0.436
0.133
1.021
4.279
1.619
0.05
0.061
0.605
0.126
3.138
0.169
1.049
0.029
0.089
0.169
1.095
0.075
0.689
2.49
0.274
0.772
0.881
3.095
0.044
1.535
2.028
1.237
0.05
2.359
0.683
2.621
4.092
2.841
1.29
4.693
0.054
1.259
0.094
5.817
0.349
1.219
0.983
0.447
2.621
0.917
0.926
0.553
0.086
0.066
0.081
4.222
0.451
1.213
1.668
3.805
1.076
2.641
0.993
0.634
1.387
0.064
0.311
1.021
0.187
1.866
0.541
0.778
0.037
0.096
1.406
0.138
0.042
2.496
0.037
0.823
1.138
0.289
0.557
0.749
0.066
1.049
0.09
3.145
1.161
1.267
0.083
1.658
5.716
0.065
0.661
0.031
0.07
2.711
4.473
0.903
4.285
1.75
1.471
0.143
1.617
0.162
3.168
0.022
0.154
0.3
0.059
0.32
0.207
0.314
2.791
0.206
0.073
1.713
0.138
3.044
0.149
0.041
3.753
0.114
0.059
0.089
3.12
0.908
1.257
1.321
0.787
10.673
2.038
0.022
3.858
4.519
0.981
0.091
0.101
0.106
1.156
2.457
1.047
0.968
2.057
3.386
2.033
1.159
1.51
0.295
0.763
0.081
0.011
2.116
2.495
4.851
0.045
0.981
1.083
0.117
1.7
1.434
3.934
0.376
3.639
1.2
0.216
0.092
3.106
0.096
1.092
0.139
0.048
0.171
2.509
0.27
3.08
0.037
0.387
2.112
10.696
0.113
0.073
1.977
1.552
0.217
4.289
1.229
2.45
0.268
0.121
0.039
0.394
0.057
0.982
1.025
1.95
0.926
0.944
0.723
1.05
0.449
0.215
2.213
0.652
0.061
0.432
1.697
0.069
2.174
1.399
0.056
1.698
3.231
1.046
1.451
2.09
0.094
0.142
0.18
1.234
0.914
0.085
2.339
1.925
1.77
1.219
0.044
1.853
1.277
1.05
0.128
0.888
0.07
1.96
1.612
1.788
0.103
1.961
1.065
2.032
2.66
0.425
1.166
0.386
1.407
2.745
1.093
1.042
0.997
0.865
1.319
1.091
0.243
0.08
1.335
0.207
0.07
1.594
0.026
1.683
0.209
1.827
2.568
0.117
2.145
2.056
1.226
0.136
1.062
0.156
1.027
0.148
0.044
0.53
1.905
0.057
0.333
1.251
0.072
2.922
2.608
0.146
1.601
1.315
1.286
1.258
0.069
1.903
0.78
1.786
1.491
0.395
2.879
0.924
0.786
1.418
1.589
0.856
2.023
3.526
1.108
1.7
0.112
0.609
0.042
8.066
0.039
0.566
1.417
1.188
1.227
0.085
1.308
0.14
0.105
0.104
1.793
0.164
0.335
0.088
0.382
1.019
0.988
2.539
0.054
2.076
0.04
1.677
0.309
2.007
1.243
0.1
0.198
1.177
0.131
1.331
4.09
2.652
1.89
0.034
1.522
0.106
1.125
0.191
1.995
0.073
0.253
0.058
0.073
0.085
0.035
0.049
0.211
0.446
0.016
0.094
1.445
2.614
1.696
0.056
1.449
0.085
3.019
2.024
0.066
0.055
1.035
1.53
0.131
1.348
1.761
0.085
0.02
0.248
0.149
1.248
0.282
0.955
0.032
0.074
0.091
0.12
0.192
1.097
2.035
4.601
0.896
2.394
0.939
4.652
3.477
0.406
0.018
0.75
0.914
0.078
1.278
1.391
0.047
3.512
0.165
2.738
0.796
1.723
4.728
1.062
2.149
0.051
1.67
0.029
0.133
0.086
0.068
0.058
0.378
0.34
5.322
1.265
0.108
1.492
0.069
0.038
0.919
5.21
0.122
0.065
1.618
0.109
0.047
0.091
0.56
0.886
1.231
2.632
0.062
1.2
0.098
0.951
0.867
0.248
1.062
1.034
4.592
0.364
1.765
0.093
0.164
0.089
1.92
2.857
3.875
0.021
0.974
2.426
0.115
1.716
0.168
0.914
0.021
0.034
1.282
0.236
0.045
1.714
0.057
0.014
0.156
0.04
3.464
0.335
2.968
2.285
5.711
0.067
0.025
6.253
0.49
0.748
0.626
0.041
1.495
1.102
0.083
0.951
1.185
0.067
3.196
0.16
0.129
0.443
3.017
4.073
0.083
1.729
1.915
3.005
0.665
1.736
0.4
1.503
0.444
1.154
1.577
0.074
5.329
3.729
0.378
1.078
0.097
0.343
1.002
3.255
0.933
1.039
0.06
0.813
0.103
1.129
1.97
1.158
1.75
2.875
0.29
1.407
1.518
2.075
0.16
0.075
0.155
0.296
0.598
1.452
3.66
2.439
1.762
0.989
1.069
2.654
0.199
0.166
0.972
0.04
2.142
2.069
0.114
0.062
3.999
0.02
0.738
0.042
0.542
2.582
1.122
0.102
1.26
2.174
1.286
0.064
0.511
6.112
2.18
0.507
0.123
0.773
0.073
0.044
6.45
0.063
0.072
1.919
0.023
3.987
2.014
1.741
2.648
0.049
0.083
0.091
1.284
1.118
0.714
0.041
2.702
2.173
0.039
0.74
0.262
3.375
0.273
4.143
1.898
3.433
2.022
2.268
0.097
0.087
1.584
0.127
0.026
0.277
0.057
0.222
0.182
3.251
0.067
0.55
1.14
3.623
2.449
2.275
0.07
1.19
3.284
4.018
0.06
1.092
1.244
1.948
2.184
0.187
4.568
2.962
0.052
0.197
2.084
1.379
0.773
0.137
1.034
3.351
1.318
0.046
2.427
1.084
2.209
1.433
0.14
3.053
1.032
6.216
0.905
0.353
1.038
1.852
0.026
2.57
1.136
2.129
0.085
2.427
0.985
2.169
2.744
3.443
0.18
0.114
2.731
0.211
1.176
0.121
1.822
1.398
0.102
0.161
0.342
2.928
0.099
0.063
0.26
2.058
0.839
0.049
0.04
0.178
3.111
1.045
0.13
1.376
0.374
1.254
1.578
2.335
0.837
0.058
0.055
0.105
0.188
0.353
1.428
1.18
0.057
3.711
0.612
1.617
2.794
1.062
0.123
0.934
0.369
2.574
0.603
1.591
0.963
1.598
0.073
3.093
0.059
0.155
0.568
0.16
1.149
0.863
0.349
0.291
0.811
2.248
1.23
2.025
0.396
2.029
0.248
1.273
0.05
0.163
0.058
0.155
0.095
0.032
1.186
0.939
0.138
2.995
0.132
0.102
0.882
2.535
0.116
4.673
2.021
0.941
0.808
0.039
3.376
0.984
5.75
0.082
0.06
1.236
0.074
1.688
1.103
1.289
1.674
0.164
0.091
1.178
1.41
1.647
0.424
0.107
1.313
0.402
0.115
2.299
0.074
0.116
0.063
2.878
2.518
1.609
0.03
0.03
0.156
1.892
0.676
3.707
1.123
0.679
0.811
1.36
1.073
0.295
0.23
1.577
0.332
1.034
0.919
0.062
0.921
0.941
0.688
1.226
0.161
4.126
1.875
1.216
0.517
0.092
1.225
1.336
0.146
0.992
0.03
1.031
0.129
0.13
0.879
0.815
0.037
0.34
2.036
4.039
2.755
1.919
0.169
0.189
0.253
0.065
0.056
1.728
2.054
0.109
1.295
0.05
3.013
2.154
0.02
0.081
0.18
0.193
1.29
1.166
1.171
5.492
0.049
1.742
1.338
0.64
0.442
0.043
4.713
4.784
0.034
0.103
1.033
0.368
0.084
0.836
1.12
0.06
3.214
0.513
2.991
0.236
2.32
1.045
0.101
3.805
1.832
0.092
1.656
1.491
0.062
0.107
1.401
1.264
1.113
0.075
0.445
0.154
0.025
0.495
1.766
0.835
1.003
1.067
1.039
0.101
0.065
1.423
2.211
1.048
0.189
1.02
1.227
3.781
1.058
0.025
5.699
1.75
1.683
0.075
0.341
1.031
1.001
0.554
1.031
0.026
0.084
0.101
2.664
0.41
0.114
3.161
0.845
0.076
0.752
2.362
2.166
0.451
1.284
1.781
0.382
1.291
0.147
1.039
1.363
0.115
4.957
0.085
0.095
1.997
0.035
0.055
0.812
0.306
0.281
1.011
0.85
2.448
1.802
0.11
0.136
0.664
0.054
0.228
3.288
3.003
0.049
4.337
2.558
2.027
2.802
1.375
2.989
2.179
1.162
1.439
1.221
2.418
0.276
0.033
0.037
2.546
3.679
0.191
0.053
0.057
2.63
0.103
0.533
0.042
0.291
1.527
1.126
2.551
0.083
1.406
4.098
0.97
0.964
0.993
0.337
0.02
3.497
0.045
1.414
3.076
0.77
0.805
0.067
0.198
0.433
5.585
0.066
0.044
2.918
0.917
1.253
0.738
5.301
0.429
1.039
5.7
0.031
0.12
2.18
0.866
2.347
4.58
2.519
0.224
3.102
2.612
0.784
0.56
1.707
0.069
0.07
0.048
1.54
0.07
0.055
2.879
1.111
0.426
0.04
2.41
0.147
4.813
0.151
0.049
0.126
1.066
0.098
0.228
1.091
0.204
1.973
0.25
1.473
0.176
0.222
0.828
1.814
1.441
0.968
0.054
0.553
1.06
2.137
0.053
0.027
2.704
0.94
4.258
1.082
0.031
0.489
0.062
0.21
0.129
2.254
0.049
0.868
2.72
11.721
0.73
1.111
0.243
1.281
2.085
1.553
0.027
2.529
0.412
1.146
0.132
1.117
0.463
3.677
4.162
4.841
2.647
0.12
0.659
0.105
1.39
5.471
0.134
0.498
3.073
0.028
1.527
1.052
0.163
1.684
0.111
1.444
3.622
0.495
1.41
4.999
1.81
0.208
0.053
5.445
1.227
1.847
1.444
6.164
1.071
1.45
2.188
0.132
1.173
5.957
0.757
0.04
2.468
3.304
0.859
2.519
0.024
1.07
1.106
2.174
0.331
6.363
0.864
0.056
0.205
2.177
4.157
0.378
0.969
0.085
3.815
0.976
3.037
0.582
0.973
0.039
0.072
1.065
1.231
0.028
0.062
1.175
0.095
4.092
0.042
2.481
2.398
0.084
2.687
0.404
0.281
0.038
1.127
0.107
3.534
2.529
0.848
4.347
3.752
0.032
1.974
1.346
3.671
3.397
0.024
6.189
0.232
0.961
0.055
2.311
1.349
0.069
4.769
1.75
1.158
0.04
1.117
0.055
1.119
7.378
0.093
1.403
0.167
0.045
0.179
0.435
0.337
0.759
0.202
0.116
0.026
0.993
0.044
0.094
0.456
0.051
3.323
2.16
0.301
2.314
0.836
0.953
0.047
0.07
0.041
0.787
0.16
0.157
0.401
1.319
1.261
1.472
3.909
0.985
2.186
3.429
2.843
0.871
0.12
1.681
2.151
3.49
1.738
2.012
0.06
0.927
2.803
3.189
0.349
0.079
0.64
1.684
0.04
1.189
8.49
0.044
0.646
2.01
0.956
3.209
0.179
0.105
2.916
0.873
3.335
0.941
0.227
0.493
0.223
0.088
5.911
0.898
0.336
1.124
2.617
0.12
0.82
1.273
0.134
1.93
1.126
1.02
0.757
0.328
2.584
4.055
1.655
0.151
2.215
0.628
1.224
0.774
1.539
0.031
0.932
0.586
0.812
0.066
1.478
0.065
0.53
2.179
0.561
0.166
0.912
2.534
0.798
0.068
1.26
2.074
3.612
5.483
0.123
1.836
0.137
2.239
0.119
0.875
0.793
3.505
0.047
1.176
0.151
1.676
1.831
1.693
0.144
2.507
0.934
1.009
1.423
0.337
0.961
1.939
0.082
0.047
0.082
1.541
0.159
0.8
0.873
3.406
4.043
2.089
1.996
0.46
0.606
1.771
0.043
1.483
1.807
0.492
0.738
0.128
3.554
1.674
2.259
1.323
1.984
0.283
0.142
1.688
0.018
0.406
0.148
2.821
1.271
2.124
1.305
2.669
0.166
0.695
0.757
0.847
0.05
2.237
0.073
0.152
2.283
2.303
0.178
1.998
5.155
2.836
4.273
1.607
0.035
0.261
0.215
1.179
0.244
0.519
0.112
1.016
3.208
5.33
1.239
0.569
3.635
0.347
0.21
2.194
1.817
1.03
0.776
1.163
0.04
0.679
0.531
0.529
1.837
1.332
0.344
0.3
1.171
1.79
1.643
1.999
0.029
0.02
1.331
1.396
0.073
0.665
0.189
1.709
0.071
0.116
0.035
1.783
0.037
1.135
2.604
0.084
1.433
0.05
0.486
0.167
0.072
0.155
0.077
0.043
1.284
3.541
1.703
1.31
1.357
0.506
0.1
0.074
2.109
0.117
0.068
0.08
1.66
0.454
2.368
3.559
0.066
3.849
0.24
0.505
4.311
0.795
1.489
1.975
1.806
6.077
1.912
1.738
1.642
1.049
1.507
2.164
1.565
2.595
5.446
0.075
2.16
0.035
0.483
1.204
0.854
2.252
2.139
0.021
4.637
4.779
0.142
1.577
0.036
0.164
1.168
0.783
1.879
0.089
0.16
0.049
1.409
4.346
0.04
0.626
0.43
0.088
1.903
0.266
1.725
0.99
1.481
0.138
1.32
2.35
0.021
2.419
1.054
0.149
2.339
0.08
1.422
0.918
0.062
0.616
0.04
0.1
0.162
1.997
0.054
0.086
0.052
0.056
0.128
0.033
0.115
4.002
2.229
1.27
1.709
0.099
0.721
1.412
0.061
4.185
1.059
1.001
0.094
1.064
1.081
0.819
0.046
0.064
0.355
3.375
0.044
0.486
0.051
0.227
0.803
2.651
2.591
0.858
0.517
1.438
1.116
2.311
2.615
2.668
0.843
0.094
1.143
0.324
0.092
2.859
0.056
0.052
0.06
1.149
0.038
0.592
2.483
0.054
4.242
0.474
2.836
0.683
1.671
0.087
0.887
0.029
0.112
1.375
0.05
0.238
1.047
1.294
0.081
1.197
1.388
0.09
0.618
1.02
0.546
0.927
0.032
0.05
1.146
0.265
1.545
0.981
0.665
1.351
0.048
0.042
0.073
1.515
1.545
4.843
1.774
1.262
1.455
0.117
1.154
2.517
0.096
4.048
2.134
3.379
0.121
1.76
4.134
3.021
0.948
0.054
1.208
0.035
0.659
0.146
1.354
0.279
1.435
1.099
2.611
0.04
1.723
1.121
0.065
1.495
0.71
8.895
0.025
2.52
0.949
0.014
1.59
0.276
3.003
1.386
0.131
0.407
1.083
0.048
0.986
0.085
1.155
0.817
0.053
0.107
1.453
0.277
1.644
0.885
0.12
0.061
0.105
2.865
4.619
3.32
0.104
0.372
1.984
2.237
1.523
2.393
0.045
0.15
0.056
0.434
0.208
1.371
0.03
1.231
0.048
0.881
0.354
0.574
1.015
0.939
1.746
1.881
2.318
2.009
1.337
0.58
2.12
0.047
1.228
0.165
0.079
0.681
1.022
0.46
1.605
4.599
0.521
0.875
0.031
0.055
2.312
0.159
1.197
0.96
0.944
0.103
2.064
0.162
1.211
0.939
1.235
0.071
1.971
2.432
0.547
1.835
0.888
0.187
4.547
0.125
1.648
0.13
0.208
0.146
1.975
0.146
1.284
1.066
1.724
0.034
0.076
0.039
0.043
1.012
0.079
1.668
0.823
1.927
0.075
0.108
1.622
2.066
0.523
0.185
0.838
1.562
0.112
0.255
1.154
0.08
0.845
0.416
2.071
0.152
0.582
2.938
0.695
0.019
1.458
3.31
0.048
0.258
0.646
0.779
2.626
0.097
0.676
1.929
4.146
2.092
3.519
1.068
0.103
1.691
0.175
0.033
1.295
0.05
0.035
0.085
3.025
0.877
2.082
0.795
0.042
1.989
1.213
0.156
0.261
0.725
3.757
0.117
0.081
0.25
0.134
6.422
3.554
2.446
0.162
0.131
0.068
1.158
1.224
1.046
1.39
1.826
2.263
3.141
0.691
1.419
2.711
1.255
0.037
1.597
0.074
0.097
0.156
2.302
2.269
0.78
0.04
0.641
1.639
0.05
2.389
1.494
2.785
1.588
2.585
0.862
2.657
3.904
1.133
3.629
0.048
0.142
1.821
1.524
0.933
0.3
2.848
0.748
1.009
0.663
0.031
1.678
1.324
3.061
0.639
3.304
0.961
1.415
2.218
0.256
0.026
0.35
0.936
0.07
0.089
3.325
1.387
0.92
0.054
2.003
0.209
0.277
1.238
0.275
2.853
0.144
0.352
0.459
1.906
0.371
3.815
0.37
0.045
2.519
3.907
0.417
1.388
0.137
2.39
0.171
0.677
2.614
1.529
1.181
0.052
1.089
0.074
0.141
0.091
0.067
0.032
0.133
0.134
0.106
0.13
0.057
0.167
0.772
0.394
5.527
0.703
0.228
0.234
1.044
0.065
0.071
0.1
1.607
1.196
0.059
1.065
5.812
1.317
1.825
0.024
0.244
0.079
0.081
5.291
0.069
1.252
0.057
3.398
1.022
1.026
1.062
2.894
1.755
0.401
1.392
2.167
0.025
1.03
2.039
5.711
1.002
2.068
0.172
1.226
0.143
0.687
1.426
1.32
0.049
1.127
0.102
2.881
0.937
1.338
2.674
1.178
6.037
0.735
0.486
1.05
0.264
1.532
0.814
1.07
0.955
1.91
2.234
0.116
1.876
0.109
2.544
1.134
2.346
2.124
0.846
0.204
4.248
2.325
1.203
2.204
0.969
1.429
0.754
0.213
0.044
0.604
0.034
0.031
1.251
0.779
1.441
1.017
0.299
0.859
1.022
1.191
2.903
0.381
0.033
0.201
0.97
3.416
0.039
1.721
3.472
2.535
0.095
1.551
0.926
1.337
2.747
0.035
0.043
1.092
1.01
0.093
0.366
0.039
3.251
1.127
1.796
0.036
0.075
1.399
0.661
1.141
1.474
0.412
0.146
1.061
0.117
0.084
1.329
0.763
0.939
0.07
2.707
0.147
2.951
0.12
5.411
1.093
1.02
1.784
1.122
1.162
0.153
0.047
1.166
0.534
1.412
7.692
0.405
4.105
2.879
0.549
0.132
0.075
1.065
0.063
1.278
0.096
1.305
2.925
0.034
0.654
0.066
2.015
2.34
0.111
0.774
0.114
2.643
2.213
3.105
0.159
0.238
1.893
3.255
0.084
0.033
0.175
0.226
1.234
1.6
0.812
0.068
7.134
0.12
1.314
1.021
0.171
1.751
6.076
1.053
0.527
2.025
4.765
2.268
0.095
0.067
1.012
0.91
0.332
1.621
2.002
2.74
6.548
0.039
0.33
1.478
0.807
1.65
2.263
1.264
1.251
2.588
0.872
0.136
3.361
1.074
0.721
0.036
4.123
2.721
0.031
0.139
1.824
0.101
0.37
0.947
0.855
2.151
0.116
5.327
1.284
0.074
2.921
0.994
1.365
2.701
2.679
3.057
0.307
4.975
0.274
1.677
2.266
0.082
1.838
1.39
0.39
0.189
0.321
0.184
2.591
2.207
3.2
2.033
2.088
1.793
1.495
0.06
0.026
0.391
0.818
2.36
2.584
0.225
1.125
0.902
2.122
4.945
0.703
0.278
0.053
0.601
0.027
1.156
0.897
0.617
1.046
0.054
5.228
0.09
5.822
1.324
2.976
1.415
0.153
4.955
0.088
1.433
3.18
0.201
0.753
0.301
1.637
0.103
0.943
0.105
1.109
0.385
0.139
0.819
1.07
0.346
3.988
1.084
0.29
0.948
0.203
2.086
1.321
1.033
7.769
1.267
1.7
0.197
2.521
0.132
0.494
2.76
4.791
0.471
0.094
1.17
1.27
1.961
2.205
2.305
0.433
0.239
2.211
8.533
1.294
1.32
0.101
0.791
0.228
0.081
0.42
0.065
1.663
0.059
1.569
0.097
0.023
1.515
1.248
0.23
2.491
0.22
0.106
1.482
1.527
4.179
0.203
1.403
0.788
1.042
0.031
0.092
0.903
4.788
0.597
2.656
0.151
0.064
1.385
0.526
0.15
0.175
0.74
0.091
0.107
0.026
0.022
2.348
0.296
3.282
3.185
0.038
0.592
0.053
1.432
2.398
0.06
0.166
0.048
0.155
0.962
4.137
0.164
2.213
0.137
1.086
0.034
0.584
0.633
0.755
0.14
1.587
0.164
0.233
0.049
0.028
2.594
0.127
0.049
3.869
1.897
2.665
1.024
2.107
0.023
2.096
4.418
0.092
3.511
1.733
1.247
0.495
4.392
1.027
1.077
0.955
0.082
1.322
0.596
1.016
2.295
0.059
0.048
1.363
2.364
0.783
1.5
0.144
0.073
0.956
1.006
1.268
1.389
0.158
0.069
1.868
0.064
4.139
0.085
2.11
0.05
1.138
1.782
1.271
1.111
2.271
0.314
0.146
0.038
0.021
2.527
0.781
1.361
0.132
3.863
3.967
0.213
2.018
0.816
0.159
3.746
0.031
1.167
5.274
0.064
0.026
0.031
0.181
0.05
3.325
1.814
1.907
0.053
0.067
0.453
0.402
1.539
0.073
0.136
0.945
1.19
0.639
0.561
1.206
1.414
0.164
4.344
0.742
0.932
2.446
1.163
0.093
0.178
2.061
1.845
0.068
0.094
5.14
6.351
2.015
0.041
0.918
0.109
0.047
1.154
0.091
4.195
1.075
0.256
4.119
1.582
2.098
0.486
5.568
0.314
1.033
0.825
0.059
1.319
2.869
0.095
2.506
0.277
1.03
0.039
0.375
3.989
3.184
0.262
4.009
0.038
0.58
0.802
5.216
0.183
0.359
1.403
0.17
2.445
0.045
0.888
1.294
0.116
1.375
0.027
3.374
0.13
1.005
0.654
0.568
3.274
1.25
0.169
1.526
3.808
0.073
0.772
0.863
1.02
0.058
0.219
0.123
3.241
0.686
0.424
0.151
0.515
5.873
0.125
0.16
0.069
0.57
1.092
1.598
1.394
0.031
2.115
0.219
4.622
0.936
1.431
1.524
3.293
0.735
0.386
1.424
1.741
4.087
0.12
0.047
2.94
1.864
0.054
0.071
1.256
0.724
0.636
4.074
0.065
1.713
1.098
1.128
3.027
1.794
0.087
0.059
0.029
2.554
3.188
0.966
2.478
1.573
0.043
0.07
2.591
1.579
3.561
0.182
0.101
1.946
1.901
0.069
0.859
0.806
1.059
0.753
0.376
0.067
2.502
1.566
0.148
0.681
1.145
1.47
0.203
0.124
3.97
2.585
0.028
1.246
0.056
1.165
3.756
0.263
0.125
0.134
0.059
3.812
0.925
0.041
0.248
0.807
0.885
0.038
0.162
2.107
2.311
3.475
0.2
0.088
0.888
3.779
2.358
0.064
0.113
0.164
1.219
0.071
0.085
1.408
0.126
0.033
4.61
1.038
0.91
0.231
1.609
0.811
0.376
0.18
0.114
0.165
4.352
2.311
1.117
1.547
0.888
1.532
0.059
4.511
0.064
2.776
0.032
0.143
0.075
2.395
0.257
0.395
0.365
0.868
0.67
0.068
0.599
0.064
0.181
1.343
0.968
1.28
0.237
1.728
0.053
2.412
0.087
2.36
0.26
0.182
0.076
2.047
1.235
0.046
0.456
0.258
0.078
0.054
2.258
0.275
0.101
1.198
0.114
0.577
4.177
0.065
0.952
3.24
0.177
0.562
0.074
0.084
0.4
2.053
2.071
1.105
1.291
2.358
0.255
3.355
0.141
0.794
1.767
4.198
4.113
3.406
0.037
0.257
3.874
1.954
1.126
0.055
1.734
0.476
0.037
1.453
2.694
0.064
3.578
1.25
5.298
0.04
0.048
0.077
0.2
0.334
1.642
1.422
0.086
7.046
0.043
0.037
5.786
1.986
1.997
1.512
4.519
0.246
0.054
0.773
2.592
3.958
15.578
3.547
1.961
1.126
0.041
0.442
0.033
1.287
1.003
1.085
0.445
0.932
0.072
0.658
0.835
0.942
1.283
4.74
1.029
6.163
0.155
0.056
0.414
0.802
2.616
1.493
0.103
1.846
1.329
0.034
0.076
3.268
0.462
0.126
0.076
0.034
0.031
1.107
1.254
0.128
0.033
0.732
0.752
1.242
1.033
0.206
0.844
2.45
1.557
0.027
1.747
0.058
0.527
1.295
2.057
0.017
1.558
2.774
1.66
3.495
0.138
1.235
2.463
1.673
0.038
0.031
0.217
0.066
0.932
2.809
4.727
0.46
1.651
0.583
1.941
1.269
1.946
0.297
1.53
2.041
0.192
0.134
0.26
3.127
0.996
0.042
0.686
2.456
0.271
0.043
0.044
0.25
0.084
0.218
6.358
0.132
1.174
0.053
0.07
1.186
0.091
0.335
0.406
0.092
0.037
0.044
0.65
0.206
0.06
0.045
1.169
1.585
0.226
1.874
2.222
1.825
1.833
3.616
1.199
0.024
0.033
3.933
0.183
0.245
0.239
0.121
2.707
1.521
0.241
0.054
0.049
0.167
0.167
1.024
2.978
0.06
0.173
2.223
0.98
4.793
1.701
1.501
0.684
0.033
2.096
0.095
2.125
0.288
1.114
0.146
0.865
0.113
0.902
1.555
3.2
1.212
0.39
1.544
3.309
0.929
0.047
0.057
0.074
2.265
0.089
0.734
0.062
2.194
0.27
0.55
0.989
0.145
0.868
0.068
0.974
0.185
0.057
0.26
0.037
0.529
0.087
2.358
1.734
2.67
0.026
0.405
1.241
2.773
1.048
3.586
1.138
2.688
0.055
0.672
0.707
1.707
0.299
1.389
1.039
0.098
6.036
0.918
1.28
0.09
0.985
0.595
1.472
1.219
0.999
5.575
0.089
0.046
0.663
0.861
0.047
1.041
0.424
0.203
0.031
0.36
0.034
0.828
2.05
1.359
1.207
3.361
0.107
1.079
3.373
2.836
4.32
0.028
0.049
1.228
0.078
0.102
3.715
0.842
2.225
0.074
0.045
0.032
3.264
1.195
0.025
0.089
0.042
0.617
1.283
0.594
0.052
2.82
0.909
0.312
2.181
1.801
0.844
3.026
1.263
0.221
1.2
1.217
2.159
0.165
0.868
1.335
1.328
0.099
0.705
0.209
3.821
0.217
0.192
0.058
1.224
0.036
1.34
1.042
2.233
1.151
1.057
0.118
3.632
1.542
1.621
0.232
1.531
1.859
2.017
1.203
3.648
0.017
0.079
0.507
1.882
1.004
0.366
1.557
1.416
0.043
1.0
1.917
2.463
0.087
0.04
6.032
0.129
1.603
0.974
1.594
0.033
0.754
0.269
0.077
0.062
1.758
1.395
0.12
0.944
5.7
0.15
0.375
1.271
0.895
2.604
0.163
3.439
2.045
0.881
0.898
0.203
3.908
0.155
0.034
0.967
0.013
0.989
2.027
0.89
1.418
2.937
0.018
0.07
0.567
1.185
3.373
0.21
1.471
0.042
4.16
1.482
3.863
1.234
2.772
0.172
0.226
1.371
0.043
0.142
0.099
0.276
2.57
0.179
1.088
1.62
1.716
3.878
1.001
0.837
1.007
0.116
0.077
0.418
0.321
0.027
1.196
0.985
0.137
0.035
0.687
0.148
0.873
0.079
0.176
0.893
0.752
0.043
1.627
0.567
0.043
1.692
1.174
1.038
0.053
1.396
2.641
0.109
2.323
1.234
0.102
0.2
11.979
0.017
0.27
4.74
1.18
2.256
0.097
0.46
0.087
1.013
0.442
0.074
2.55
0.056
0.083
0.213
2.287
0.033
2.689
1.136
3.904
0.301
1.902
3.43
0.563
2.173
0.105
0.05
0.16
2.004
0.236
0.612
0.081
0.809
0.19
1.711
0.738
0.058
3.962
4.852
0.093
0.046
1.109
0.921
1.827
1.055
3.352
0.048
0.351
0.801
0.5
0.983
0.136
2.037
1.896
0.122
0.141
1.296
0.048
0.022
2.636
6.933
0.071
5.146
0.869
1.719
1.968
0.124
0.103
0.687
1.338
1.317
0.117
1.741
1.411
0.154
0.924
0.047
0.018
1.361
0.423
1.65
0.037
0.062
1.929
0.043
0.229
3.56
0.986
1.229
3.056
2.417
0.159
0.683
8.509
0.109
0.197
0.609
2.384
0.234
0.028
1.357
0.822
1.966
0.033
1.017
1.277
3.578
0.29
1.619
0.062
1.031
0.052
0.914
1.388
0.149
0.323
1.054
0.107
1.914
2.988
8.159
0.037
0.379
0.945
0.043
0.058
0.115
1.881
0.045
0.045
0.434
0.05
0.963
1.298
1.347
1.915
5.466
2.853
0.051
0.231
3.368
1.573
0.835
0.128
1.468
0.029
3.55
4.162
0.365
2.979
1.147
0.034
0.564
0.234
4.695
0.085
2.867
1.095
0.196
1.061
0.258
0.99
0.244
1.244
1.398
0.058
0.055
0.983
0.092
11.191
1.595
0.148
2.715
0.206
2.249
1.12
1.062
0.284
1.573
0.11
0.052
0.938
1.385
0.114
2.136
1.171
0.052
1.208
0.264
0.129
0.133
1.156
0.696
1.242
1.431
1.18
0.022
3.064
0.086
1.256
6.205
0.22
0.108
0.025
3.266
0.17
0.095
1.774
0.24
0.063
1.511
0.928
0.067
1.782
0.048
0.055
4.212
0.307
5.706
3.763
0.173
1.145
1.921
1.055
2.743
0.194
2.12
4.885
0.085
0.042
0.074
1.512
0.912
1.195
0.037
0.403
0.057
0.365
0.769
1.453
0.158
0.082
1.266
0.337
2.797
1.279
2.637
1.355
0.026
0.662
0.89
0.238
1.047
0.608
0.068
0.112
1.065
1.62
0.465
3.858
0.115
0.245
1.475
1.036
0.71
0.06
2.125
0.12
0.121
0.049
1.43
4.791
2.392
0.388
0.048
1.444
1.48
2.957
0.29
0.181
0.807
4.127
0.055
1.206
0.232
0.119
1.328
2.174
1.147
1.183
0.09
0.937
0.24
1.102
3.578
1.763
0.71
2.01
0.098
0.153
0.112
0.918
1.514
2.731
0.09
2.119
1.854
1.739
1.366
1.042
2.664
1.434
0.325
2.035
1.584
1.5
0.046
0.626
0.138
4.271
0.058
0.857
0.414
1.161
1.768
0.671
1.833
1.215
0.172
4.565
1.18
3.196
0.783
0.031
0.276
3.941
0.996
0.089
0.037
3.216
0.347
1.026
0.044
0.118
3.257
0.716
0.048
2.287
0.966
0.045
0.151
0.065
1.555
0.903
8.903
1.583
0.085
0.749
0.128
1.453
0.11
0.764
4.553
0.822
1.012
1.977
2.5
0.079
0.06
6.044
1.036
0.275
3.045
1.509
0.132
0.595
0.094
0.65
0.183
1.055
1.227
0.052
0.038
1.524
0.11
1.397
1.329
0.029
0.035
1.096
2.736
1.606
0.915
0.968
0.189
2.469
2.55
3.912
1.652
1.554
2.484
1.257
1.297
1.917
3.219
1.189
0.046
0.941
0.494
0.649
1.204
1.376
4.535
0.982
2.075
1.779
1.274
0.796
0.182
2.241
3.783
0.756
0.167
1.461
2.802
0.845
0.921
0.45
0.143
0.113
2.603
0.09
1.449
2.713
0.213
1.063
0.083
6.2
3.064
1.051
0.711
0.233
0.266
1.091
0.234
1.39
1.619
0.028
0.283
2.403
0.859
3.131
0.221
0.063
0.098
0.071
0.11
1.129
0.029
0.282
2.045
0.942
0.032
0.732
0.216
4.381
1.796
0.504
0.182
0.025
1.205
0.068
2.272
1.302
0.936
3.638
1.142
0.054
0.401
0.629
1.262
3.653
2.872
0.041
2.459
0.107
0.083
0.105
1.025
1.461
3.233
0.251
1.334
1.173
1.953
1.731
0.596
0.962
1.376
1.69
1.892
0.023
3.287
0.889
1.896
1.11
0.497
0.887
1.425
0.498
0.94
0.418
3.401
1.4
1.221
0.303
0.082
0.276
2.283
1.936
1.677
0.108
0.531
0.116
0.295
0.321
1.802
0.684
0.316
1.487
0.054
0.316
0.824
0.135
2.36
1.195
1.148
1.645
1.339
0.94
0.034
1.36
1.231
0.095
0.485
0.047
0.222
0.894
0.066
2.497
0.134
0.963
0.309
0.103
0.021
1.708
0.102
1.525
0.101
0.969
4.511
0.077
0.209
0.935
1.568
1.469
1.799
1.141
0.638
0.044
2.381
1.33
0.146
0.891
0.033
1.325
0.884
2.255
1.774
2.52
0.107
3.178
2.46
0.092
0.992
2.125
4.331
1.293
2.469
1.925
2.681
0.167
0.742
2.068
0.318
4.943
0.943
0.142
1.957
0.145
0.131
0.958
0.087
3.366
0.903
0.886
1.17
0.588
0.925
0.25
1.152
3.69
0.927
2.182
0.768
2.55
0.723
0.497
0.198
0.238
0.079
0.043
0.174
0.956
0.147
0.14
1.32
1.706
0.194
0.075
1.745
1.389
3.906
1.334
2.167
0.032
0.952
0.951
0.149
0.702
3.065
0.079
4.702
1.531
3.06
1.393
0.085
1.697
1.729
0.049
0.207
0.963
0.255
0.481
1.01
0.113
0.061
0.182
1.127
1.654
0.225
0.869
0.763
0.23
0.235
1.704
1.067
0.032
0.296
2.694
0.272
0.833
2.211
0.15
2.385
1.944
1.137
1.32
1.692
0.021
5.387
0.705
0.063
2.924
1.085
2.621
1.894
0.22
0.077
0.101
2.958
0.796
0.04
0.057
0.04
3.066
0.434
0.906
3.137
1.372
0.107
0.716
0.922
3.653
2.207
0.314
2.785
0.214
2.2
2.31
0.039
1.222
0.077
0.102
0.082
2.805
0.966
1.284
2.298
2.075
0.727
3.199
1.021
0.983
0.551
1.159
0.08
0.496
0.189
0.384
2.137
7.37
3.298
2.544
0.055
0.171
0.075
0.162
0.031
0.012
1.397
0.241
0.418
0.053
0.818
0.548
3.23
1.713
2.952
0.96
0.021
6.632
0.137
0.841
5.197
0.388
0.608
0.029
0.11
0.083
2.731
0.82
0.047
1.651
2.214
1.349
3.307
0.053
0.04
0.021
1.096
0.103
1.658
1.532
0.049
1.057
0.102
0.741
2.373
0.072
3.749
0.052
1.25
6.006
2.944
1.826
1.415
4.211
0.155
1.477
0.055
0.12
0.43
2.292
0.971
1.15
4.121
4.027
0.093
2.418
2.163
1.513
0.994
2.33
3.172
0.478
1.093
0.172
2.191
0.072
5.505
1.421
1.184
0.479
1.078
0.047
3.739
0.226
0.038
1.159
0.097
1.803
1.399
1.125
0.987
0.203
0.029
1.769
0.72
0.128
0.029
2.22
0.135
0.831
0.165
0.605
2.78
1.103
2.233
1.797
4.861
4.233
0.115
5.118
2.811
0.75
0.123
0.039
1.029
4.071
2.219
0.942
0.844
1.107
1.139
1.037
1.0
2.758
0.151
4.047
0.315
0.057
0.993
1.675
0.478
0.045
2.604
0.041
0.028
2.507
2.139
1.97
0.021
1.93
0.026
3.918
0.026
0.862
2.096
1.012
1.915
0.063
0.51
0.171
0.764
0.79
0.03
3.1
0.657
1.088
3.516
0.08
0.796
1.85
1.215
0.809
0.774
1.419
2.498
0.871
2.504
4.613
1.912
1.05
0.332
2.674
0.142
0.062
0.245
1.121
1.349
1.011
2.669
1.891
1.949
1.569
1.943
9.195
3.965
0.801
0.215
0.482
1.173
2.48
0.166
0.062
0.035
1.627
0.157
1.347
1.216
0.883
2.372
0.1
1.593
0.177
0.07
5.183
1.472
0.095
1.849
0.151
0.806
2.296
1.599
0.133
1.164
1.161
2.151
0.984
0.898
0.964
1.886
1.069
2.227
4.327
2.165
0.068
5.127
2.26
0.073
2.271
0.685
0.128
5.486
1.085
3.983
0.035
1.618
2.958
0.106
1.872
0.872
1.755
1.036
1.484
0.114
0.143
0.139
0.762
2.273
1.387
1.178
1.303
0.087
0.015
6.392
0.138
0.05
0.98
0.23
1.251
1.898
0.155
1.972
0.152
0.114
3.456
1.695
0.073
0.075
4.594
2.668
0.05
0.108
1.461
0.035
1.153
0.081
0.524
0.069
0.05
1.082
0.075
2.84
0.954
2.102
1.562
0.118
0.067
1.604
0.743
1.539
0.468
0.068
0.892
0.513
1.054
0.155
0.063
0.078
0.157
0.016
6.315
1.037
0.034
0.244
1.23
1.583
1.269
0.057
0.048
0.787
1.13
3.427
0.751
0.102
0.586
0.24
0.051
2.822
0.081
0.023
0.009
0.324
0.151
0.726
0.052
3.777
1.512
0.26
5.891
2.59
0.321
0.694
5.331
0.904
0.261
0.299
0.16
1.101
0.17
0.524
0.091
0.092
0.055
0.058
0.579
2.168
7.878
0.994
1.651
6.741
1.244
0.475
0.04
0.178
0.107
0.043
0.323
0.866
0.054
0.396
0.299
7.458
1.426
5.07
0.198
2.662
0.014
0.237
0.228
4.232
0.046
2.715
1.814
0.46
0.095
0.159
1.3
0.803
0.108
1.054
1.539
0.952
1.323
0.177
0.57
1.33
0.161
2.055
1.044
1.01
3.222
1.738
0.124
0.135
0.821
0.443
2.801
2.105
0.174
1.526
0.749
1.643
2.857
2.46
0.231
0.625
3.104
0.063
0.064
0.363
1.0
3.286
0.076
0.278
6.168
4.733
0.138
1.511
0.18
0.8
1.341
0.998
3.576
0.156
0.137
0.047
1.969
2.043
0.048
0.959
0.102
0.139
0.067
2.122
0.198
0.069
0.046
1.029
1.387
1.48
0.803
0.059
0.818
0.062
0.085
0.344
0.952
4.307
0.078
0.112
1.207
0.042
0.937
1.131
0.571
0.188
6.232
1.414
2.387
2.255
3.239
0.23
0.116
0.093
1.309
1.769
0.101
0.873
0.135
0.035
1.102
1.005
0.144
0.24
1.824
1.088
1.504
2.202
0.094
0.32
1.979
0.035
0.193
1.872
0.852
0.091
0.126
0.936
3.518
0.669
2.269
0.137
1.494
1.087
0.326
0.175
0.939
0.076
1.047
0.586
0.366
0.123
0.744
0.133
0.284
4.461
0.046
4.336
0.048
1.667
1.64
1.758
2.756
2.214
0.343
0.079
0.472
0.119
0.644
0.055
1.802
0.466
0.063
1.053
1.234
3.026
0.138
1.835
2.017
0.054
0.185
0.606
1.459
4.549
2.296
0.024
0.151
0.095
0.481
0.055
0.165
1.048
0.054
0.23
1.062
0.317
0.054
0.274
1.606
0.874
0.176
2.637
5.619
0.883
1.155
1.411
0.217
0.936
2.672
1.244
0.726
3.501
3.103
0.335
0.05
0.167
0.025
0.813
0.3
0.45
4.285
1.058
5.375
0.124
0.035
0.909
1.31
1.241
0.058
0.062
3.923
1.271
1.004
0.743
0.177
0.09
0.819
0.069
2.283
3.216
0.128
0.173
0.982
4.127
1.293
0.795
0.036
0.081
1.56
0.24
0.588
4.121
0.05
0.124
1.231
0.392
0.964
1.027
1.575
5.135
0.071
1.105
1.359
3.126
1.232
0.342
1.9
0.139
2.006
0.99
0.048
2.333
8.066
4.838
0.889
1.342
2.005
0.112
0.109
2.978
0.888
1.941
0.089
0.038
0.723
0.167
1.021
0.208
0.428
2.798
1.244
1.853
0.927
0.317
1.056
0.083
1.146
0.963
0.165
0.371
2.408
1.498
2.518
1.144
1.7
0.252
1.379
0.158
1.282
4.5
3.904
3.388
0.316
0.019
2.244
0.59
0.974
0.921
0.219
0.749
5.273
1.38
0.122
0.34
2.179
2.17
1.357
0.075
0.1
0.608
0.75
0.109
1.159
1.111
0.066
0.267
0.085
0.225
0.398
1.322
0.086
0.817
2.096
0.779
1.061
4.287
3.627
0.508
0.023
4.017
2.808
1.492
0.18
1.162
0.036
1.181
1.62
0.9
0.1
0.955
2.883
1.208
1.692
0.111
0.15
0.036
0.037
0.131
1.1
0.217
0.432
0.179
0.713
0.173
0.067
0.917
2.074
0.081
0.034
1.004
0.069
2.377
0.025
0.19
2.973
0.112
0.176
0.084
0.71
1.105
0.438
1.272
3.407
2.001
2.34
0.202
1.101
1.878
1.052
2.63
0.06
0.473
1.277
0.175
0.123
0.167
1.079
0.745
0.7
0.091
0.188
0.01
0.893
0.326
0.114
0.548
0.232
0.065
0.256
1.101
0.855
3.034
0.287
0.082
0.571
2.105
1.632
1.79
0.098
0.039
1.419
1.237
1.339
0.936
2.421
0.053
1.25
6.813
0.034
0.67
0.949
1.402
1.309
2.444
0.112
2.852
0.067
2.284
0.058
1.71
3.792
0.768
0.181
2.239
0.88
2.522
1.006
1.19
0.803
1.588
3.071
1.567
0.324
0.974
1.451
2.838
0.534
0.173
0.486
1.109
0.732
0.709
1.051
1.776
0.071
1.986
0.314
0.886
6.569
0.086
3.193
0.021
2.985
1.212
2.571
1.644
2.138
0.088
0.152
0.39
1.754
1.276
1.28
1.016
0.065
0.039
0.121
0.45
1.146
0.918
0.439
0.133
1.182
0.126
0.104
2.043
1.795
0.538
0.212
1.62
0.036
2.181
0.99
0.243
1.435
0.107
0.561
1.361
2.609
3.552
0.157
4.049
0.091
0.81
1.237
0.091
1.504
1.69
1.824
0.254
0.59
1.066
0.282
1.05
3.323
0.54
0.04
0.561
0.319
0.143
1.963
0.6
1.158
1.356
2.764
2.659
0.084
1.838
1.683
2.517
1.952
0.048
0.077
3.335
3.462
6.146
1.036
0.02
3.423
2.419
0.026
0.434
0.255
0.557
3.79
1.296
0.099
2.316
0.124
0.628
0.606
0.82
1.549
1.112
2.411
0.853
0.045
0.103
0.172
1.319
0.172
2.405
1.48
0.665
0.253
1.472
0.054
0.343
3.347
0.089
1.476
0.753
0.026
0.162
0.707
0.062
1.235
0.07
0.055
0.983
0.159
1.412
0.055
0.104
0.144
0.321
0.327
0.732
5.926
1.188
0.172
0.355
0.679
3.75
1.01
0.095
1.196
0.136
0.711
1.708
0.096
2.78
2.34
1.179
1.508
0.728
4.562
1.058
1.203
3.01
1.139
0.101
2.571
0.801
0.701
0.049
2.5
0.22
0.058
2.687
0.659
0.181
0.771
0.465
3.025
5.025
0.246
1.855
0.052
1.756
2.758
1.756
0.075
1.485
0.057
0.023
0.237
0.15
1.771
3.201
0.77
2.123
0.092
3.868
0.074
0.067
0.049
0.212
0.27
0.151
0.154
1.158
0.393
2.642
0.134
0.066
0.249
0.123
0.823
0.745
1.012
3.346
3.503
0.894
0.648
0.156
1.48
3.898
0.444
2.486
0.049
0.98
0.187
5.938
0.017
1.262
1.026
1.086
0.35
0.6
1.641
0.206
0.98
0.065
0.241
0.106
0.2
0.18
0.134
0.032
0.054
0.054
1.085
0.163
2.805
0.889
1.147
0.13
1.032
1.152
0.259
0.133
1.057
1.992
0.026
2.334
3.448
1.196
0.023
0.164
2.974
0.078
0.043
0.068
0.364
1.291
0.914
1.824
0.022
1.902
0.16
1.85
0.635
0.074
0.048
0.703
0.037
0.463
0.224
2.764
0.97
0.069
0.133
4.133
2.84
2.91
1.211
1.199
0.113
0.474
2.334
1.626
3.807
0.733
1.922
0.097
0.067
0.972
1.155
0.079
1.26
3.34
1.061
1.594
0.017
0.473
1.531
1.557
0.082
2.104
0.994
4.183
0.034
1.111
0.117
0.062
1.816
1.883
1.879
0.65
0.383
1.202
1.083
2.25
0.051
3.655
0.153
1.592
0.182
2.408
3.24
3.385
0.611
1.203
2.177
0.86
0.031
2.714
2.663
0.821
5.452
3.486
1.644
3.871
1.099
1.477
0.086
0.09
0.068
0.772
2.85
0.063
0.034
2.17
0.086
3.384
3.156
0.088
1.133
0.045
0.76
0.13
0.277
0.89
0.329
0.096
0.124
0.031
2.237
1.397
0.097
0.307
0.136
0.617
0.095
0.237
1.185
2.745
1.285
0.151
0.334
0.098
0.946
2.065
1.136
0.054
0.048
0.038
1.484
0.2
0.039
1.545
0.951
4.164
5.987
1.079
2.908
0.25
2.005
3.649
2.438
0.147
0.053
0.117
1.789
4.005
0.177
0.058
2.42
0.057
0.062
1.657
0.625
1.027
2.078
0.104
1.118
0.523
2.0
0.15
1.215
0.336
1.051
0.114
0.062
0.16
1.611
1.719
0.154
3.783
0.533
0.161
2.593
0.952
0.145
0.216
1.424
0.433
0.147
0.091
2.765
0.459
1.19
0.486
3.9
2.386
0.493
1.097
0.047
0.063
7.64
0.642
0.1
0.029
5.665
1.924
0.03
0.062
2.11
0.089
2.518
0.03
0.172
0.907
0.154
0.213
0.475
2.022
1.726
1.733
0.119
3.593
0.108
1.384
2.603
1.219
3.528
0.155
1.16
0.098
1.501
2.401
0.051
1.36
2.532
0.047
1.472
0.441
1.618
0.128
0.032
0.218
0.018
0.453
1.218
2.599
3.747
0.823
3.345
0.135
4.838
0.592
0.928
0.068
1.03
2.622
2.727
2.419
0.054
0.2
0.147
1.09
0.076
1.293
0.093
2.074
0.077
1.957
0.109
0.095
1.042
0.135
1.212
0.172
4.31
0.808
0.026
2.458
2.593
0.087
1.572
1.037
0.997
1.059
1.058
0.784
1.288
0.126
1.372
1.403
0.152
1.52
1.707
0.055
0.055
0.065
0.03
0.099
0.036
1.907
0.042
1.784
0.116
0.091
0.43
0.046
0.027
3.836
0.35
0.07
0.516
2.865
0.819
1.892
1.777
0.036
0.862
0.033
0.042
2.214
0.138
0.998
2.057
4.228
1.028
0.905
0.054
1.863
1.326
2.389
1.739
0.903
3.499
1.717
1.686
0.054
0.082
1.427
1.827
0.288
1.63
1.916
0.114
0.03
0.127
1.161
0.053
0.052
0.065
1.623
0.045
0.764
0.915
0.176
0.03
1.223
1.46
0.965
1.167
1.485
0.778
0.781
0.062
1.19
0.716
0.224
1.118
1.296
1.428
1.153
0.024
0.034
0.255
0.358
1.728
1.119
2.119
0.071
0.03
0.102
1.469
9.58
2.491
0.097
2.384
0.677
2.264
0.1
1.625
3.501
1.407
0.059
2.834
1.087
1.033
0.845
1.35
1.547
1.037
0.422
0.065
0.379
1.623
1.436
0.23
0.067
0.096
3.159
0.06
1.125
0.066
0.092
0.897
1.124
0.162
6.059
3.426
0.482
0.087
2.787
0.741
3.132
0.141
1.487
2.026
0.171
3.945
0.138
1.03
4.013
0.931
0.234
0.035
0.801
0.037
1.354
3.213
1.313
1.164
0.4
2.413
1.808
1.234
0.081
0.058
1.937
0.986
0.922
0.037
0.121
0.587
2.296
0.076
1.738
1.063
2.441
1.763
0.752
0.09
0.869
1.65
2.207
0.104
0.759
0.016
0.016
1.131
0.887
1.352
0.074
2.245
0.118
3.094
1.015
0.235
2.952
0.048
0.093
0.28
0.098
0.986
0.064
0.325
0.33
0.177
2.487
0.097
0.372
2.448
0.907
0.038
1.142
1.711
1.197
1.036
2.045
3.286
0.329
1.555
1.962
0.028
0.016
0.042
0.212
0.106
0.214
0.088
0.063
1.192
0.173
2.172
0.017
1.114
1.197
0.068
5.439
0.918
0.658
1.369
0.083
1.178
5.182
0.416
1.018
0.071
1.416
5.914
0.029
1.174
0.126
0.091
3.05
1.56
0.672
0.312
1.449
1.083
0.662
1.058
1.376
2.938
0.73
3.265
1.648
0.137
0.233
0.774
1.209
0.176
0.144
0.22
0.083
1.93
10.684
0.292
1.723
1.085
3.905
0.035
1.052
0.489
2.043
0.07
1.265
0.062
0.085
1.473
1.278
2.394
0.992
1.308
2.599
7.368
0.096
1.224
2.808
2.33
1.119
7.209
0.558
0.083
0.025
1.148
5.311
3.234
0.725
0.524
0.803
0.036
1.577
0.078
1.031
0.249
2.616
0.463
1.812
0.076
1.851
0.243
1.157
0.145
0.086
2.11
1.132
0.093
0.093
0.123
2.868
3.947
0.135
0.094
0.116
1.248
0.189
0.93
0.826
1.493
3.131
0.045
0.054
2.2
0.106
1.93
2.966
0.8
3.269
1.064
0.178
1.705
3.729
1.605
0.334
1.015
2.45
0.137
0.052
3.29
0.085
1.596
0.575
0.549
3.387
0.238
3.996
0.345
0.038
0.024
0.111
1.111
1.491
0.088
0.041
0.209
0.032
0.455
1.143
0.168
0.787
0.112
1.071
0.245
4.477
0.138
0.105
0.019
0.355
1.078
0.296
0.166
0.409
0.929
1.319
0.213
0.044
2.899
0.735
0.24
0.476
3.16
1.158
0.131
3.531
1.868
5.203
0.213
0.041
1.296
0.081
2.374
0.06
2.887
1.143
2.613
0.673
2.129
0.041
0.52
0.028
2.557
5.081
0.047
0.03
0.56
0.042
0.044
1.793
1.963
1.13
1.853
1.344
0.142
2.117
1.496
1.028
1.235
1.431
4.961
0.818
0.065
1.866
0.236
0.09
2.268
0.752
1.782
0.942
0.445
1.538
1.11
0.774
0.086
1.194
0.122
4.336
1.428
0.376
0.851
4.126
1.215
0.662
0.024
0.621
1.498
1.445
0.759
2.714
0.058
1.049
2.055
0.9
3.083
2.424
0.9
5.213
0.025
0.642
2.224
1.038
0.106
2.181
3.517
0.053
1.493
1.77
0.608
2.325
1.635
1.646
0.045
4.101
1.994
0.16
0.02
1.127
0.06
1.376
1.618
0.101
0.039
1.407
1.035
0.072
1.26
0.261
0.084
0.078
0.04
0.165
1.743
2.275
1.248
2.691
2.403
2.177
0.355
0.043
0.668
1.378
4.881
4.688
0.122
1.618
1.204
4.48
0.12
0.131
0.793
2.196
3.818
0.554
2.192
0.308
0.354
0.089
0.811
1.335
1.519
1.846
0.288
0.107
1.368
2.977
0.08
0.389
0.916
0.115
0.667
0.488
0.793
1.991
0.107
0.048
1.408
0.026
1.549
0.986
2.353
0.061
1.266
0.018
0.164
0.419
1.184
3.346
0.121
1.245
6.398
0.105
0.695
0.063
0.858
1.113
0.053
1.922
0.041
0.049
1.89
4.675
2.157
0.152
1.262
0.122
1.404
0.116
0.335
0.02
0.071
1.089
1.278
0.853
0.681
0.96
3.451
4.204
0.341
1.267
2.757
0.975
2.858
0.009
1.791
1.803
0.29
0.14
0.057
1.143
2.087
0.812
2.061
4.292
0.187
0.206
2.053
1.262
1.066
2.936
1.613
1.192
1.901
4.824
2.755
0.136
0.156
5.516
0.871
0.21
0.161
0.401
0.11
0.78
0.127
0.047
2.661
0.187
3.45
5.951
0.517
0.566
0.118
0.093
0.785
1.031
0.168
2.411
0.289
0.549
0.035
0.801
0.043
0.934
0.429
0.077
2.75
0.097
0.047
0.374
0.093
1.132
2.88
2.329
0.348
0.108
1.288
1.157
0.194
0.052
0.055
2.452
0.293
2.634
0.79
6.354
0.681
0.05
0.198
0.091
1.602
1.316
0.922
0.443
3.059
0.767
0.073
1.969
3.618
0.325
2.893
0.212
1.473
2.048
0.198
1.359
1.471
0.022
0.84
1.077
1.091
0.045
0.05
0.115
1.379
3.386
0.128
2.618
3.542
0.899
2.505
0.217
1.849
0.712
1.394
0.132
3.148
0.018
1.5
0.488
2.55
0.038
1.056
1.698
4.647
0.81
0.106
0.035
1.26
0.968
5.004
0.712
0.794
0.148
0.892
1.179
0.863
0.058
3.055
1.039
1.453
1.179
0.121
1.128
0.368
0.022
0.223
0.061
1.755
4.702
1.432
1.299
0.154
1.48
0.556
1.989
1.402
3.701
2.176
0.203
2.988
0.079
0.096
3.8
1.314
4.684
0.339
1.387
0.148
1.952
1.605
1.018
0.115
0.122
2.308
0.088
2.464
2.152
0.023
6.628
3.809
0.016
0.158
1.902
1.036
1.677
0.452
5.306
2.324
0.872
1.471
0.053
1.062
0.111
0.085
0.089
2.503
0.099
0.143
0.025
0.503
3.571
2.017
0.068
0.192
2.578
0.102
4.189
0.144
1.0
0.081
0.387
0.917
1.449
0.037
0.738
2.067
0.088
1.42
3.543
0.867
0.617
1.232
0.04
0.373
1.523
3.211
0.049
0.725
3.903
1.228
2.152
0.977
9.567
0.612
0.036
2.696
2.488
0.127
0.1
0.79
0.511
1.937
2.078
2.292
0.039
1.086
0.981
2.256
1.178
3.271
0.843
1.346
1.015
4.186
0.072
0.04
0.026
1.003
0.046
1.587
0.183
0.096
0.07
2.189
4.22
0.202
1.591
2.695
0.201
0.053
4.013
1.315
1.345
0.051
4.868
0.054
1.488
1.884
1.422
0.285
0.044
0.107
0.027
2.001
0.835
0.06
0.056
1.203
3.265
0.029
1.319
1.451
0.113
0.195
0.125
0.243
1.949
0.079
1.009
1.799
0.216
1.328
2.172
1.421
0.137
1.134
0.063
0.073
1.396
1.639
2.089
0.042
1.159
0.417
2.8
0.068
1.292
1.353
0.027
0.041
0.04
0.033
3.264
1.159
0.841
1.061
0.203
0.127
0.79
0.76
0.536
0.179
1.837
1.613
1.597
1.023
1.936
0.759
3.642
1.122
0.802
2.527
0.059
1.446
0.011
1.938
0.31
4.068
0.033
0.101
0.952
1.275
2.382
2.969
0.23
0.083
0.071
0.114
2.746
0.088
1.317
1.982
0.997
1.363
0.074
0.799
0.485
0.447
0.569
0.266
0.842
0.998
2.71
0.063
0.738
0.834
1.878
2.753
0.053
1.073
1.624
0.454
0.148
1.968
0.053
0.067
0.86
0.155
1.608
0.265
3.915
0.892
0.628
3.467
3.358
0.911
0.147
0.374
0.139
0.1
0.246
1.692
0.052
0.048
2.476
0.199
2.055
1.021
4.354
0.219
1.738
1.619
1.026
0.78
0.049
1.275
0.1
0.049
0.328
0.366
1.168
1.818
0.959
2.228
5.223
2.877
0.801
0.153
0.324
1.33
0.963
0.061
0.062
0.447
0.409
0.026
0.941
0.104
2.272
2.73
2.093
0.748
0.153
3.057
1.517
0.199
1.228
1.608
2.002
0.308
0.156
0.062
0.927
2.056
0.814
3.602
0.132
0.434
1.7
2.339
0.153
0.562
0.063
0.601
0.07
0.064
0.129
0.969
0.119
0.695
0.022
0.339
0.045
1.768
4.765
0.262
4.054
0.116
0.074
1.856
0.88
2.261
2.102
1.161
3.296
8.607
0.223
1.267
1.029
0.117
0.051
2.929
1.062
1.123
0.162
1.225
0.089
0.078
0.311
0.054
1.273
3.307
1.431
1.659
0.138
0.576
1.079
0.395
1.725
1.059
5.53
0.131
0.02
0.265
1.037
2.106
0.91
1.159
1.219
3.328
0.016
1.062
0.043
0.322
0.106
1.578
0.04
0.091
0.594
1.149
0.033
0.076
2.503
0.021
1.071
0.853
0.086
0.246
2.003
0.071
2.444
2.625
0.045
1.299
1.373
0.542
1.009
1.522
0.09
0.172
1.11
0.383
0.826
0.085
0.049
3.284
2.621
2.21
0.076
1.341
0.818
2.374
0.939
0.695
0.204
0.073
1.695
2.37
0.087
0.321
3.818
3.039
2.476
1.322
1.308
0.743
0.06
1.045
0.078
0.229
1.784
2.279
1.125
0.98
0.055
1.403
4.72
4.176
1.025
2.93
0.177
1.867
3.278
0.086
1.882
0.129
1.693
0.614
0.069
8.011
1.802
1.314
2.081
0.082
0.211
4.936
0.143
1.069
1.799
0.186
1.331
0.097
0.304
0.279
1.022
1.218
5.018
0.233
0.758
0.035
1.62
0.619
0.041
1.039
1.964
0.895
0.038
0.39
1.889
4.963
2.691
1.339
0.655
0.43
0.875
0.135
1.641
0.045
0.907
3.919
0.492
1.355
3.486
0.12
4.299
1.787
0.309
1.589
2.06
1.625
0.028
0.116
0.177
0.752
0.833
3.49
0.72
3.3
0.994
2.026
4.313
4.558
2.445
1.102
0.091
0.145
0.233
2.598
2.03
0.733
1.213
1.651
1.338
2.529
1.573
2.148
1.04
0.543
0.15
1.281
1.04
2.077
1.401
1.626
0.22
0.298
1.446
0.09
2.174
2.983
0.242
0.303
0.079
0.665
0.09
0.421
0.056
0.012
3.574
0.654
0.094
1.105
0.129
0.046
1.815
0.978
0.037
2.694
0.096
0.209
1.401
2.621
2.287
1.295
0.832
0.46
0.159
4.228
1.258
0.087
0.19
0.172
0.055
1.228
3.344
0.047
1.214
2.897
1.696
1.948
0.915
1.612
0.191
2.712
1.142
0.533
0.727
0.881
0.11
0.129
1.104
2.451
2.576
1.87
0.479
0.156
0.085
1.293
0.09
0.053
0.258
1.666
0.086
0.045
0.102
2.174
1.552
6.319
2.095
0.2
1.666
0.871
0.823
0.497
0.843
0.154
0.042
3.371
1.618
0.917
1.751
0.546
0.255
0.14
0.061
0.908
0.799
0.826
3.03
1.98
0.112
0.786
1.544
1.307
2.142
2.02
0.094
0.03
0.955
0.321
2.145
0.103
2.261
0.186
0.074
2.835
0.066
0.951
2.534
0.436
2.092
0.083
0.89
0.825
0.933
1.423
2.761
0.864
2.248
0.023
0.064
0.139
0.028
0.04
0.099
0.034
3.268
1.206
2.493
0.768
0.257
5.587
0.184
0.144
2.049
0.085
5.624
0.871
1.041
0.031
0.193
0.058
3.359
1.043
0.546
0.03
0.974
0.111
0.076
0.668
0.046
0.61
1.606
3.044
0.85
0.03
3.203
1.744
0.12
1.306
0.29
0.037
1.354
0.107
1.132
1.931
0.708
1.769
0.243
0.104
0.034
1.566
1.181
1.541
0.74
0.297
0.041
3.405
1.342
2.601
1.449
1.041
0.023
0.112
2.182
0.026
1.459
2.177
0.793
0.093
4.609
0.234
2.03
0.022
2.373
0.152
1.021
0.076
2.019
2.902
0.15
0.166
0.024
0.022
1.07
6.111
0.074
3.116
0.88
3.184
3.071
2.935
3.597
0.033
1.001
0.124
1.549
0.049
0.698
1.585
1.681
0.039
1.628
1.939
1.711
1.26
3.752
2.552
0.125
1.63
3.286
0.358
0.424
3.907
3.15
0.069
0.641
1.297
0.985
0.053
3.182
0.964
1.39
3.021
1.174
0.757
0.335
0.976
1.254
0.573
0.914
4.124
1.514
7.958
1.985
2.251
0.051
2.349
0.742
1.665
0.213
2.198
1.025
0.404
2.302
0.081
1.171
0.038
0.074
0.57
1.222
0.085
3.13
0.124
2.674
4.37
5.125
0.173
0.949
0.371
0.131
0.507
1.85
0.95
0.175
1.806
1.55
0.058
2.546
4.511
2.185
0.979
0.053
1.644
1.292
1.333
0.093
0.097
0.071
2.568
4.817
0.312
2.541
0.162
0.398
0.046
1.386
2.728
0.176
1.48
1.589
1.519
0.069
3.268
1.151
0.94
1.288
2.725
0.059
0.238
4.919
0.359
1.099
3.141
1.07
0.06
0.191
0.027
0.68
2.314
0.035
0.085
0.178
0.876
2.808
0.062
1.251
0.091
4.815
6.995
0.191
1.465
7.201
2.693
1.121
1.271
0.99
2.602
0.052
2.562
1.63
1.881
0.726
0.492
0.543
0.301
1.159
0.13
0.567
0.988
3.439
1.128
1.996
0.047
0.356
0.446
2.389
0.103
1.905
0.247
0.056
0.877
0.096
4.319
1.397
0.429
1.137
1.3
1.112
1.954
1.151
0.158
1.157
1.04
1.596
2.52
0.136
0.247
1.077
1.11
0.315
2.485
0.951
1.942
0.163
1.46
1.096
1.048
0.672
2.589
0.05
0.837
1.863
1.666
2.198
4.874
0.042
1.223
0.102
0.523
4.747
1.43
0.069
1.633
0.826
0.031
4.546
0.997
4.018
1.524
0.731
1.172
1.022
3.062
2.747
1.267
0.889
0.094
0.036
1.684
0.574
1.275
4.957
0.327
2.794
0.88
0.07
1.089
3.751
3.037
0.389
0.048
2.359
2.137
0.737
0.341
0.093
0.08
0.085
0.951
2.778
0.091
1.834
0.059
0.359
3.241
3.384
0.145
0.229
0.073
1.356
0.058
1.098
1.777
0.072
0.028
0.171
0.351
1.096
0.114
4.447
1.64
0.97
2.755
1.774
1.371
0.089
2.994
2.128
5.246
0.658
1.942
1.696
0.072
0.106
0.184
1.484
0.935
1.455
1.939
1.268
2.658
1.532
1.234
0.787
2.959
0.117
1.017
1.438
0.161
1.046
1.891
1.744
0.029
1.095
3.516
0.643
0.351
0.59
1.682
0.033
0.34
1.447
0.236
0.139
0.077
0.136
0.092
0.067
1.391
0.158
1.026
0.596
2.501
0.115
3.156
1.672
0.264
0.037
0.061
2.195
0.107
0.122
1.002
1.022
1.453
0.474
0.115
0.827
3.199
1.355
1.476
0.039
0.338
0.956
0.159
1.968
0.094
1.934
0.094
2.551
0.044
0.05
0.02
0.049
0.084
4.097
4.048
0.04
0.851
3.817
1.995
0.198
1.957
1.123
3.466
0.158
4.256
0.269
0.329
0.267
1.276
0.208
2.499
5.918
0.879
1.063
0.426
5.448
0.089
0.065
2.695
2.234
3.452
2.377
1.219
0.053
0.788
4.822
0.213
0.137
0.539
1.351
1.527
0.874
0.128
0.633
0.404
0.101
2.444
1.575
1.877
2.385
0.114
5.116
1.103
1.976
0.018
0.478
0.9
1.791
0.096
0.051
11.05
2.084
0.072
0.044
1.557
0.056
0.511
0.033
3.25
1.114
1.193
2.372
0.188
2.276
0.844
7.332
2.635
0.625
0.788
0.167
0.049
0.179
1.492
3.529
3.936
0.08
0.263
0.061
0.074
0.191
2.687
1.553
0.087
0.457
0.918
0.033
0.06
1.424
1.351
0.976
0.82
0.306
4.163
0.183
1.058
2.79
0.17
0.678
0.045
1.329
1.602
1.975
1.873
4.64
1.352
6.152
0.04
0.964
2.589
1.087
0.596
0.108
1.379
1.153
0.228
1.046
1.552
0.239
0.517
1.427
1.518
0.588
0.482
4.603
0.384
2.423
0.17
0.349
3.667
0.102
1.31
0.045
0.155
0.108
0.967
0.051
0.249
1.523
0.051
2.006
0.337
1.261
0.116
0.038
2.863
0.686
0.436
0.332
4.512
0.084
0.071
1.054
0.231
0.076
0.111
0.043
0.1
0.072
0.103
0.101
0.109
5.356
0.765
0.136
0.131
2.797
0.202
0.089
0.188
1.388
0.143
1.816
0.216
0.021
0.084
2.054
0.079
1.218
1.145
2.333
0.074
2.411
0.499
0.149
1.962
2.738
0.862
1.933
1.172
0.099
1.553
2.873
1.011
5.201
0.326
2.105
0.046
0.259
1.857
0.033
6.013
0.05
0.544
0.981
1.141
3.999
2.86
0.767
0.599
1.767
0.089
1.118
4.385
1.312
4.612
0.056
1.604
2.037
0.364
0.088
2.934
0.858
4.151
0.089
0.088
2.52
0.107
1.263
1.193
1.766
0.1
0.17
0.089
0.038
0.064
2.253
0.8
0.391
0.726
3.145
1.672
1.064
1.037
1.346
0.84
2.726
1.115
0.05
0.742
1.272
0.997
3.709
1.239
1.084
0.121
0.583
0.114
1.661
0.691
1.047
1.281
1.259
1.113
2.821
0.025
0.97
2.215
2.962
1.859
2.835
0.251
0.192
0.645
0.165
1.093
0.025
2.551
4.468
0.07
1.663
0.043
0.024
1.031
0.141
2.26
0.221
2.432
1.714
1.296
1.414
0.092
0.032
0.952
0.337
1.799
1.399
0.23
0.249
2.196
1.018
0.03
0.172
3.025
0.071
2.713
0.834
1.332
0.97
1.573
1.321
0.061
1.257
1.194
1.882
0.095
2.53
0.573
2.132
1.448
0.079
0.169
0.012
3.754
1.299
0.064
0.204
0.09
0.082
0.051
0.103
5.366
0.34
1.464
0.116
5.922
3.342
0.487
3.156
0.069
2.223
0.342
0.056
2.668
1.788
1.035
1.09
0.475
0.778
1.919
1.382
2.854
2.874
0.068
0.416
0.316
1.083
0.093
3.006
2.194
0.048
2.874
1.963
1.058
3.343
2.368
3.432
3.938
0.155
0.991
2.287
2.218
0.144
0.064
2.578
2.325
1.588
0.449
0.031
1.744
2.826
0.974
0.636
0.045
0.097
0.173
0.066
2.391
0.143
1.078
2.445
1.18
0.094
6.696
3.178
0.088
1.05
0.097
0.826
2.978
0.075
0.639
1.721
1.802
0.1
2.538
0.068
0.204
0.694
0.773
1.516
3.365
0.129
0.138
2.751
2.025
0.672
0.229
0.016
0.514
1.859
0.384
0.835
0.034
1.22
0.224
1.062
0.039
0.24
0.013
0.277
2.832
1.585
0.031
2.431
0.843
0.245
0.075
0.282
0.063
1.634
1.043
1.764
3.76
1.581
0.033
0.947
1.381
0.271
1.215
1.486
0.546
1.566
0.095
1.949
1.683
2.102
1.408
0.296
0.028
6.134
1.912
1.855
0.992
0.538
1.633
0.489
3.587
0.932
0.108
2.084
3.88
1.484
2.23
3.099
0.449
1.484
0.048
2.194
0.049
0.068
1.207
1.567
0.812
0.726
0.085
0.103
0.067
0.994
0.967
1.06
0.9
3.32
1.008
2.452
2.009
1.112
1.067
2.461
0.055
0.309
1.29
0.141
1.745
0.167
1.245
2.973
1.366
1.631
0.183
0.04
0.824
0.093
0.444
0.72
0.068
0.455
0.429
3.827
1.293
1.125
0.056
1.09
0.099
1.012
0.023
3.709
0.1
2.508
0.313
0.073
0.066
4.321
0.115
0.041
1.335
4.876
1.127
1.689
0.942
2.86
0.077
0.495
3.386
1.257
1.035
1.699
0.054
0.623
4.825
3.768
0.246
5.566
1.67
0.028
1.182
2.354
1.461
0.127
0.286
0.127
3.179
1.111
0.094
0.094
0.096
5.909
1.404
1.889
2.629
0.78
2.447
4.691
1.474
0.996
3.053
3.087
1.621
5.152
1.099
0.08
0.024
5.392
1.184
3.306
0.896
1.135
0.139
0.037
0.037
1.68
0.074
1.453
0.196
2.553
1.075
2.371
1.561
2.033
1.308
0.234
2.341
0.113
0.745
1.444
0.034
1.24
0.845
0.573
0.103
0.259
0.188
1.165
0.048
0.068
0.656
1.589
4.571
1.231
0.659
0.097
1.007
0.953
2.463
1.756
0.865
0.182
0.127
3.703
1.896
1.494
2.743
0.789
0.048
0.038
0.042
0.036
0.068
1.61
5.394
1.348
1.239
0.79
0.789
3.691
1.655
1.275
5.176
2.0
0.868
0.053
4.581
4.033
0.303
0.375
0.201
0.089
1.105
3.872
1.178
2.547
0.961
0.067
3.326
0.897
1.049
3.194
2.891
2.019
1.192
0.906
3.011
0.992
0.184
5.999
1.743
2.332
2.733
0.062
0.226
3.181
0.12
1.072
1.202
0.988
0.113
0.273
0.478
0.12
0.774
0.082
2.476
5.382
0.228
0.259
1.675
0.209
0.104
0.135
0.067
0.054
0.041
1.147
0.158
2.021
2.586
0.737
0.917
1.09
0.037
0.647
0.251
0.114
0.139
1.049
1.036
1.194
0.03
0.201
2.155
0.217
1.367
1.722
0.864
0.147
0.059
0.027
2.601
0.23
0.439
0.189
0.034
2.01
1.981
2.876
0.101
0.391
4.221
1.762
0.131
0.245
1.775
0.088
0.099
1.452
0.042
0.822
1.587
0.292
0.287
1.548
1.046
0.367
1.907
5.439
0.037
0.365
0.388
0.52
1.485
7.271
0.096
2.508
0.628
0.467
0.214
0.137
0.836
0.14
0.448
3.766
0.131
0.099
2.025
3.787
0.208
0.113
1.122
0.078
0.071
0.518
0.846
3.982
1.978
2.17
0.081
2.792
0.166
0.899
0.034
0.114
2.419
1.144
0.054
2.994
0.01
1.173
1.259
1.111
1.766
0.089
0.023
0.109
0.532
0.719
1.295
7.006
0.029
0.046
0.584
0.953
1.311
4.214
2.614
1.674
1.031
0.026
0.064
0.967
0.081
0.757
1.844
1.18
4.636
0.141
1.396
0.193
0.84
1.447
2.785
0.159
1.223
0.735
0.865
2.989
0.11
0.085
0.354
1.326
1.672
1.283
0.118
4.944
0.871
0.253
1.23
2.133
1.979
0.074
2.26
1.009
1.277
2.713
0.889
1.054
0.096
1.268
0.794
0.052
2.458
1.972
0.161
1.329
0.032
1.269
0.807
0.062
2.592
0.871
0.838
0.17
0.211
0.048
3.153
0.057
0.064
0.265
0.6
0.084
2.363
0.32
0.049
0.713
1.132
0.296
0.159
0.996
1.551
0.332
0.81
1.214
1.162
6.003
1.499
0.207
0.112
0.759
0.147
0.051
1.325
1.972
0.135
1.215
0.999
0.076
0.719
1.604
0.622
0.052
2.897
0.642
0.177
2.649
0.843
0.199
0.516
0.995
0.728
2.538
1.431
0.709
2.672
0.238
1.669
0.135
3.457
1.594
1.03
2.669
0.176
2.572
0.883
0.279
0.036
0.792
0.127
0.086
1.188
1.995
1.102
0.097
2.235
0.095
1.117
0.187
0.157
0.139
0.382
0.057
1.835
0.079
0.082
2.564
0.261
0.185
0.09
0.067
0.193
0.109
0.204
0.088
1.266
2.27
1.832
0.764
0.124
0.072
0.083
0.697
0.985
0.521
0.369
0.126
1.592
0.044
2.559
0.201
2.362
0.229
3.561
1.046
1.284
0.074
0.169
0.06
0.356
1.511
2.188
0.911
0.684
0.442
0.089
2.024
2.586
0.038
0.167
0.818
0.097
1.17
0.047
1.531
0.89
0.036
0.525
0.071
2.279
0.897
1.716
0.829
0.483
0.057
0.037
2.773
4.05
0.584
2.85
0.182
0.307
1.928
0.191
0.065
0.775
0.097
0.062
4.928
1.298
2.389
0.94
1.349
0.086
0.178
0.221
0.118
0.026
4.654
0.059
0.046
0.065
4.9
0.734
3.058
0.053
4.038
0.037
1.837
2.008
1.563
0.058
0.341
1.491
0.397
0.236
1.145
1.093
4.381
0.636
0.73
0.397
1.778
1.929
1.088
0.996
1.103
1.008
0.025
1.11
0.814
1.183
0.099
0.77
1.806
1.052
0.166
0.087
0.097
1.687
0.101
1.354
0.05
1.596
1.433
0.08
0.064
0.954
2.918
2.37
1.078
0.544
1.055
3.168
1.769
1.469
1.466
6.025
1.966
6.173
0.09
2.898
1.887
0.167
0.074
0.808
0.168
2.641
0.023
6.403
0.934
0.096
0.888
0.947
1.367
1.387
1.335
1.614
4.402
0.157
0.03
2.293
0.194
0.055
0.109
0.415
1.862
1.111
3.16
1.268
1.958
2.533
0.998
0.019
0.686
0.333
0.528
1.608
0.577
0.096
0.06
0.128
0.1
0.094
0.104
0.561
1.344
0.023
0.041
0.069
1.988
9.839
0.478
3.966
0.929
0.461
1.137
1.795
0.079
2.017
0.314
2.625
3.199
1.897
0.217
0.235
1.065
1.827
1.061
4.016
0.101
2.811
1.989
2.131
0.655
3.418
0.049
1.979
5.316
3.839
2.958
0.104
0.14
0.068
2.853
3.31
0.127
1.062
0.083
0.087
2.189
0.788
0.27
3.01
0.786
0.1
2.855
0.057
0.085
1.171
4.763
6.127
0.054
0.992
0.112
0.893
4.307
0.373
0.187
0.215
0.316
0.052
0.908
2.13
0.281
0.141
0.441
1.622
0.26
0.975
0.08
0.154
0.979
0.089
0.794
1.158
2.101
2.249
0.261
1.487
2.613
0.907
2.231
0.785
0.041
0.121
0.143
0.942
2.096
0.064
0.225
0.959
0.305
0.036
0.093
0.165
1.387
0.644
1.393
1.583
0.654
1.88
2.199
5.403
0.649
2.411
1.928
1.393
2.233
0.264
4.426
1.12
1.236
1.364
0.048
2.595
1.113
1.421
1.017
0.084
0.067
0.373
1.146
0.083
0.967
0.849
1.581
0.943
0.126
1.985
0.953
2.615
0.072
0.714
4.324
0.031
0.049
0.152
0.444
0.069
0.047
0.038
1.27
5.282
0.035
0.444
1.777
0.037
0.957
0.049
0.39
0.168
0.181
1.005
1.438
0.086
0.123
1.466
0.104
2.62
0.045
1.231
1.807
1.328
1.264
1.041
0.021
0.206
3.152
2.825
0.121
0.091
1.454
0.242
0.012
0.11
0.056
0.093
0.212
0.871
0.091
0.026
1.33
0.11
0.046
2.036
0.403
1.269
1.096
0.122
2.026
2.473
1.194
0.03
0.076
0.227
4.58
0.021
6.902
1.065
4.998
0.095
0.05
7.822
0.261
0.116
1.009
0.113
1.117
1.153
1.265
0.02
2.45
0.051
0.054
1.163
0.095
0.064
1.99
1.897
0.048
0.238
0.098
0.079
2.075
1.253
0.54
0.067
1.356
0.842
0.063
0.04
1.483
0.043
1.205
1.133
2.178
0.066
0.272
2.656
2.662
2.083
1.324
3.653
0.024
0.841
0.158
3.128
0.093
0.672
0.086
1.276
1.258
1.538
3.049
0.785
0.21
0.06
2.34
0.789
0.874
0.032
0.105
1.133
0.979
1.502
1.427
0.018
0.118
0.119
0.017
2.992
0.806
1.455
0.322
0.112
0.132
0.057
0.055
0.589
4.187
0.034
0.028
0.056
1.234
0.034
0.114
1.215
0.041
1.131
1.578
3.407
0.929
0.879
0.872
0.243
0.757
1.281
0.549
0.068
1.925
0.816
0.862
0.059
3.786
0.729
0.185
1.796
0.541
0.064
0.442
0.036
0.106
1.154
3.472
1.912
0.182
3.855
0.116
1.63
4.704
1.988
0.317
0.035
3.429
0.053
1.481
1.196
1.049
0.028
0.968
1.735
0.344
1.8
1.867
1.93
0.234
0.728
0.737
5.736
0.797
0.128
1.201
0.754
1.35
0.037
0.148
0.028
1.247
1.053
0.279
2.872
2.382
0.603
3.417
0.06
3.325
1.217
0.21
0.154
0.094
0.053
0.039
3.554
2.482
0.092
1.488
0.887
1.862
0.051
0.659
7.741
0.077
0.936
8.112
0.034
4.777
2.085
3.541
1.255
0.219
1.839
1.48
0.06
3.153
1.3
2.903
0.138
0.072
1.143
0.061
2.403
0.17
1.144
3.232
8.95
0.168
0.059
0.074
3.667
0.216
2.339
0.337
3.293
0.053
1.382
0.402
2.984
0.061
3.408
4.371
0.046
0.747
1.045
0.058
1.448
0.102
1.855
2.878
2.004
0.296
0.051
0.979
1.679
1.065
1.126
1.449
1.739
0.997
0.78
1.344
0.698
0.583
1.263
3.285
0.026
2.08
1.882
0.196
3.634
0.043
3.293
3.047
0.094
2.09
0.081
0.015
1.1
0.081
1.048
1.373
1.985
0.454
0.964
1.576
1.571
2.388
1.425
3.33
0.894
0.591
0.034
0.048
0.489
0.942
1.364
0.232
0.048
2.662
0.123
1.538
0.185
0.153
0.589
3.345
0.838
1.506
0.138
0.117
0.986
0.019
0.914
1.596
0.87
0.167
0.125
0.06
3.493
4.353
1.002
0.855
1.213
0.063
2.039
2.586
1.412
1.971
0.097
0.056
0.071
0.039
1.196
2.671
2.232
0.156
1.234
2.62
2.822
0.283
0.156
1.645
0.217
4.343
0.051
0.478
1.0
0.218
1.016
1.094
0.021
0.243
1.138
1.483
0.439
0.345
2.536
1.153
2.992
1.209
0.186
0.209
0.168
0.077
4.228
0.115
0.143
0.757
0.247
1.604
4.923
3.437
1.601
2.249
0.097
1.598
3.04
1.205
0.383
0.499
0.023
0.154
2.9
0.056
0.207
1.138
1.144
0.342
0.435
2.358
0.177
1.884
2.419
0.636
0.238
0.163
0.078
1.856
2.151
0.92
0.052
0.334
1.744
1.594
2.532
0.796
2.318
0.578
0.916
2.808
3.258
0.049
1.109
0.73
1.097
0.062
0.967
1.997
0.093
0.991
1.973
2.712
0.157
1.059
2.388
0.225
1.269
0.099
0.074
4.007
0.321
1.237
0.058
0.077
0.225
2.835
0.072
1.816
1.01
0.786
1.913
0.193
1.008
0.638
1.549
1.187
0.064
1.145
0.982
0.081
0.073
1.041
0.359
4.267
0.028
1.428
0.614
0.609
2.329
0.752
1.412
0.043
0.533
2.172
1.441
3.848
0.397
0.689
0.098
2.165
2.551
1.624
2.625
2.231
0.358
0.011
1.932
5.405
0.545
3.416
2.291
0.806
0.893
0.066
0.343
0.486
0.371
0.118
4.355
4.725
0.089
0.095
1.18
1.622
8.036
1.324
0.82
0.161
0.967
0.967
2.211
1.579
0.639
0.993
0.091
1.157
4.02
2.921
4.054
0.969
0.222
0.856
0.754
0.251
0.062
0.95
0.867
0.063
1.68
2.129
1.846
1.502
0.241
0.962
1.302
0.253
1.802
3.223
1.697
1.452
2.91
0.025
0.171
0.036
0.688
2.77
1.225
0.133
3.35
0.226
0.104
1.909
2.605
0.193
0.36
0.098
0.963
1.568
0.063
1.075
0.677
0.03
0.973
0.907
0.444
0.066
4.199
2.142
1.268
0.214
1.083
0.144
0.061
0.904
0.302
3.016
0.172
0.039
1.717
0.062
0.419
1.234
0.851
0.052
1.019
2.239
0.059
1.163
0.399
0.892
1.454
1.015
0.668
0.273
0.064
0.152
0.878
0.059
1.401
1.372
0.04
1.011
1.71
1.947
2.27
0.095
4.983
2.94
2.651
0.157
0.021
2.978
0.085
3.589
0.144
0.203
0.813
0.684
0.765
1.321
0.03
0.048
0.987
0.047
3.046
1.341
0.293
0.561
0.068
0.126
0.012
5.783
0.371
2.788
0.288
1.262
1.274
0.254
2.536
0.183
1.444
1.063
0.583
3.309
5.072
1.675
2.095
1.018
0.509
0.054
1.378
0.086
1.77
0.242
0.062
2.581
0.37
0.084
4.91
0.109
1.782
4.231
0.079
0.169
1.884
0.044
0.043
2.188
0.174
2.126
4.445
0.048
1.785
0.113
1.123
0.042
0.882
0.641
5.707
0.033
0.035
0.526
0.321
0.081
0.233
0.211
1.168
0.047
0.046
0.14
1.975
0.318
1.099
3.963
0.178
0.945
0.087
0.037
0.281
3.568
1.153
0.585
0.997
0.057
0.076
6.865
2.003
2.67
1.608
0.092
2.484
0.193
0.091
0.186
0.231
0.21
1.972
0.798
0.229
0.994
0.905
0.038
2.198
1.05
0.041
0.254
0.145
0.097
0.067
0.745
0.028
2.378
0.092
5.202
0.733
3.716
5.226
0.988
1.895
0.032
0.049
2.935
1.766
0.066
0.165
0.193
1.431
0.168
2.69
0.131
2.226
0.389
1.182
0.055
0.021
0.281
1.54
1.477
2.006
1.047
0.894
5.606
2.301
1.991
1.095
0.876
1.842
3.44
5.001
0.327
1.632
0.868
0.431
2.182
1.406
5.117
3.479
0.926
4.152
1.909
0.051
0.967
1.199
1.731
0.197
0.647
2.597
0.139
0.081
0.249
1.317
3.295
0.209
2.468
2.945
0.056
5.188
1.601
0.034
2.563
2.679
0.927
0.665
3.556
0.819
1.223
2.64
1.568
1.637
0.122
0.148
1.396
1.552
2.09
0.276
0.043
0.098
0.484
0.179
0.1
1.237
3.411
1.383
1.428
0.043
2.242
0.365
0.055
0.166
0.106
1.793
1.945
0.788
0.14
0.864
2.099
1.54
0.043
0.385
0.045
0.234
4.995
0.821
0.036
0.173
0.126
0.115
1.577
0.95
0.072
0.644
1.261
0.087
0.987
3.522
0.256
0.036
1.188
0.903
1.072
0.016
0.474
0.036
0.074
0.109
1.057
1.349
2.734
0.04
0.07
1.179
3.651
2.095
6.349
1.786
3.111
0.253
0.04
0.332
0.029
1.941
1.076
0.043
6.573
2.707
4.431
0.089
0.92
0.071
0.914
1.579
0.052
1.082
0.028
2.974
1.873
0.214
0.013
0.06
1.812
6.112
2.153
0.42
1.637
0.086
0.147
2.192
1.343
0.786
1.43
0.879
0.051
0.051
1.395
3.927
0.124
0.076
0.023
2.628
0.193
0.54
4.328
3.703
1.049
0.993
0.452
0.083
0.927
3.472
0.121
1.579
1.063
5.344
0.549
4.674
1.386
1.649
2.076
1.453
3.638
1.591
1.364
1.126
1.345
0.966
0.066
0.025
7.03
0.388
1.758
0.068
1.302
1.863
4.069
1.281
2.75
1.455
1.218
0.939
0.06
0.611
0.171
1.358
0.058
3.574
0.103
2.335
1.149
1.786
0.386
0.056
0.056
1.381
1.571
1.172
1.352
0.247
0.157
3.191
1.383
1.171
2.198
0.929
0.116
0.126
0.04
0.086
0.464
3.034
4.029
0.157
0.099
2.486
2.44
0.203
0.133
1.863
0.68
2.812
0.213
0.089
1.046
0.829
0.782
3.301
0.842
1.169
1.661
2.674
0.89
0.326
1.176
0.42
1.25
1.436
1.444
0.886
0.273
0.246
3.499
0.091
1.146
1.599
0.053
1.899
0.833
1.075
3.267
0.045
0.687
4.202
0.053
0.482
0.251
4.251
0.114
0.763
0.074
0.051
0.048
1.076
0.954
1.821
0.214
1.292
2.518
1.006
3.182
4.747
1.223
0.094
2.831
0.523
0.783
3.507
0.126
0.03
1.802
0.934
4.773
3.477
0.775
0.221
3.038
0.19
1.937
0.155
2.366
1.208
2.42
2.856
0.932
0.129
0.114
0.834
2.267
1.015
5.241
1.181
0.95
0.121
0.135
0.031
4.247
0.816
2.498
0.035
1.142
0.139
1.021
10.762
1.159
1.456
2.114
0.751
2.757
0.128
2.673
9.253
0.934
1.723
5.507
0.307
2.191
0.967
2.282
0.143
5.642
1.063
2.057
3.191
2.282
4.006
0.136
0.304
0.062
0.925
0.1
0.22
0.135
0.399
4.715
1.689
0.049
1.325
1.226
0.893
0.214
1.113
0.031
0.086
0.375
0.185
0.478
0.553
0.1
4.334
1.041
2.871
3.209
1.207
1.214
2.868
0.95
0.038
0.111
3.055
1.414
6.957
2.069
0.866
0.147
1.638
3.999
0.18
0.221
1.123
0.535
6.803
0.061
1.211
2.452
1.508
0.198
8.721
6.629
0.786
0.083
4.139
0.106
3.586
1.054
0.21
0.281
1.029
1.173
0.05
1.105
2.512
3.038
0.178
0.107
5.559
0.123
6.004
0.32
0.062
0.037
1.613
1.073
0.139
1.148
1.549
0.041
6.337
3.127
5.017
1.039
0.133
2.074
0.203
1.562
0.555
2.178
0.396
0.473
0.346
0.178
0.95
0.1
0.119
2.963
2.5
1.862
0.108
0.838
1.326
3.166
2.537
0.784
0.052
0.163
1.179
0.229
0.119
5.223
0.2
1.908
0.024
0.176
3.269
0.75
0.156
0.203
2.314
1.43
1.301
1.699
2.142
0.052
1.392
1.52
0.036
0.045
0.019
3.888
0.174
1.085
0.091
0.138
0.702
0.697
0.755
1.434
0.619
0.095
0.061
0.208
0.132
1.335
1.693
1.22
1.375
1.04
1.93
0.755
1.286
2.319
0.022
4.85
1.059
1.118
0.982
0.532
0.123
1.087
0.052
0.02
0.84
0.058
1.251
7.715
0.086
0.082
0.083
0.879
1.053
1.218
1.872
0.091
0.036
0.587
0.033
1.076
1.021
1.673
3.951
0.297
0.062
2.532
1.624
0.093
0.149
1.344
0.815
0.247
1.329
0.945
0.42
1.744
1.8
0.039
1.504
0.413
1.551
0.737
1.105
4.374
0.077
0.897
0.961
1.129
0.929
1.413
1.157
5.318
0.966
1.572
0.919
0.055
0.125
0.999
0.856
1.708
0.073
4.019
0.598
3.353
0.04
1.077
3.018
0.979
0.184
0.034
3.252
0.884
1.085
1.559
0.066
0.86
0.042
1.02
1.734
0.189
1.126
3.108
2.884
0.261
1.9
0.165
0.9
0.044
2.037
1.199
0.218
1.545
1.47
1.783
1.931
1.825
1.388
0.292
0.758
0.907
0.287
1.622
0.052
0.086
0.167
0.088
0.015
1.218
1.063
2.183
1.497
0.741
0.176
0.076
0.806
0.075
0.043
0.074
0.122
1.198
2.718
0.034
2.869
1.953
1.153
1.266
1.374
1.515
1.678
2.967
4.363
0.908
1.045
1.356
3.306
0.103
1.256
1.964
0.163
1.784
1.61
0.073
4.49
0.917
0.036
1.752
0.045
0.165
2.199
0.894
4.082
0.05
1.392
0.441
1.302
1.604
0.809
1.327
0.128
1.25
0.128
2.601
0.76
0.053
0.082
2.215
0.128
0.811
0.681
1.6
3.007
0.282
1.139
0.851
3.016
0.552
0.087
0.023
0.73
2.426
0.162
1.689
1.178
0.813
1.996
0.835
1.048
2.169
2.59
2.041
2.177
0.046
0.084
0.069
3.358
2.049
3.437
0.099
2.719
1.232
2.053
1.009
0.41
1.011
1.41
0.971
0.928
0.162
1.018
0.789
2.642
0.021
0.085
1.137
3.83
1.559
0.039
0.02
1.602
2.845
3.189
1.22
0.143
0.057
1.818
1.214
4.873
0.957
0.21
1.973
2.359
0.074
1.217
0.166
2.352
3.468
0.074
1.067
1.518
6.606
0.027
1.915
0.05
1.92
0.057
0.177
0.805
1.547
1.909
0.511
0.904
0.154
1.027
2.687
0.579
0.017
0.025
0.765
0.477
3.685
0.804
2.791
1.679
1.22
0.039
0.048
0.039
2.56
0.067
0.117
0.1
1.436
1.096
2.088
2.091
1.621
4.297
0.11
0.087
1.348
0.622
0.046
2.894
2.011
0.842
0.362
0.033
4.661
0.35
0.99
1.398
0.54
1.862
0.091
0.14
0.047
1.578
1.041
0.733
1.542
3.001
0.136
0.842
0.442
0.063
0.776
4.81
0.086
0.139
5.867
1.875
0.197
0.407
0.187
0.081
0.024
0.056
0.085
0.028
1.07
1.75
0.514
0.161
0.089
2.794
0.196
1.374
1.249
4.5
0.09
0.115
1.343
0.038
3.33
0.672
2.012
1.401
0.89
0.627
0.019
1.305
0.595
0.254
0.087
1.377
1.29
0.122
1.081
1.263
2.357
0.298
1.104
1.195
1.569
0.911
1.051
2.8
0.279
0.045
1.16
0.158
3.381
0.031
2.838
1.164
0.064
1.312
0.084
2.711
2.292
1.773
2.336
1.547
0.07
0.074
0.12
0.296
2.734
0.064
0.174
1.619
1.711
0.766
0.056
1.362
1.389
0.255
2.253
0.406
2.759
0.016
0.137
1.49
2.138
0.069
1.088
4.746
2.83
0.056
1.736
2.006
0.72
1.391
0.044
1.255
1.944
2.73
0.068
3.792
0.994
0.042
0.036
2.044
1.119
0.128
0.367
6.148
0.063
0.101
1.506
0.226
1.269
0.93
0.218
0.086
1.665
5.969
5.107
0.161
0.09
0.09
0.233
1.637
1.885
4.307
0.097
0.476
3.348
1.09
0.035
0.07
2.468
0.1
5.012
0.984
4.382
1.623
1.239
0.074
0.086
0.036
0.062
3.61
1.082
0.734
0.089
0.144
0.113
0.033
0.781
0.844
3.002
0.065
2.184
0.055
0.469
0.102
0.044
2.838
1.304
0.071
0.128
1.461
2.441
1.203
1.004
0.046
0.326
1.234
0.05
1.533
1.513
0.918
0.852
2.439
0.26
0.041
1.353
0.068
1.891
0.339
1.541
2.163
0.096
2.136
0.948
4.385
0.1
0.345
0.029
0.05
1.416
0.345
0.821
0.058
0.272
0.097
0.192
0.703
1.121
1.573
0.158
3.811
3.443
1.31
0.141
0.086
1.067
3.656
0.089
0.593
0.218
0.052
0.117
0.133
0.12
0.38
0.065
0.069
0.16
1.353
3.347
1.61
0.157
1.561
1.048
0.187
1.961
0.274
1.664
0.115
0.298
0.118
3.954
0.031
3.785
0.056
0.056
2.308
0.977
1.18
0.193
0.053
0.802
2.097
1.377
0.791
2.18
3.636
1.937
4.54
1.205
0.884
0.391
0.988
0.299
0.56
0.081
0.092
2.184
0.415
0.855
1.198
0.153
0.182
0.049
1.591
0.043
1.017
0.1
1.284
7.939
0.019
0.155
1.349
0.065
0.687
5.427
2.327
2.625
0.187
0.504
2.251
1.195
0.073
1.485
0.616
1.298
0.943
0.347
0.266
1.369
0.073
1.387
0.145
0.034
0.125
1.292
0.694
0.017
0.612
0.05
2.054
0.745
1.315
0.162
0.196
3.5
0.9
0.034
2.131
6.33
0.085
0.069
2.659
0.566
3.45
2.225
4.851
2.114
3.008
0.164
2.388
3.449
0.47
0.079
2.274
0.227
0.716
0.176
0.046
1.007
2.61
1.087
1.188
0.131
0.469
3.524
0.633
2.37
0.987
2.286
0.141
1.356
0.069
4.727
0.054
1.171
0.185
2.444
0.132
0.055
1.793
1.572
0.07
0.818
0.11
3.171
2.306
1.13
0.507
6.699
0.079
0.024
1.082
0.123
0.805
1.173
0.125
1.081
1.428
1.179
1.499
2.646
1.346
0.442
2.167
2.9
2.514
0.414
2.184
0.925
0.166
0.094
0.169
0.137
0.204
0.092
1.342
0.039
2.353
1.462
3.178
1.001
0.117
0.163
0.155
0.783
1.408
0.031
1.236
0.146
0.224
0.262
1.988
0.213
0.072
2.224
0.145
2.161
1.181
1.938
1.671
0.578
0.121
0.302
0.188
1.633
0.162
0.245
0.037
0.245
0.706
0.113
3.288
2.978
0.89
0.202
0.052
1.022
0.301
0.159
1.024
0.348
1.308
1.931
0.046
4.47
0.963
0.64
0.32
0.061
3.681
1.232
3.246
1.172
0.054
0.056
1.256
8.587
0.667
0.022
3.673
0.902
0.078
0.25
1.28
0.307
0.996
0.194
2.047
0.449
1.975
1.532
1.917
0.107
0.092
0.096
2.228
2.193
0.996
1.946
0.923
0.104
0.125
1.354
1.115
0.089
1.238
0.065
0.068
3.405
1.753
0.196
1.29
0.038
0.073
2.595
0.984
4.328
1.398
2.181
0.951
0.804
2.334
0.849
5.493
3.405
1.59
0.098
1.372
1.712
0.822
0.017
0.062
0.029
0.926
0.658
4.298
0.328
0.298
2.875
0.137
0.041
0.968
0.981
0.041
2.623
0.269
4.564
0.033
3.583
2.255
0.426
0.636
1.947
1.543
1.441
0.079
0.831
0.106
0.1
0.039
3.57
1.713
0.457
0.298
3.717
0.899
0.267
0.039
0.065
0.075
0.886
2.572
0.799
0.638
1.971
8.089
3.537
1.259
0.101
0.976
0.653
0.066
2.293
0.909
2.892
0.102
0.265
1.818
1.018
0.093
2.325
0.044
1.194
1.508
1.214
2.007
1.239
0.116
1.175
1.114
0.385
1.124
0.343
0.046
0.36
0.799
0.644
1.196
2.437
0.204
2.349
1.709
0.736
0.287
2.724
0.13
0.087
0.526
1.026
2.127
1.19
1.421
3.873
1.344
0.069
0.649
0.757
0.043
0.47
0.561
0.08
2.654
3.502
2.793
1.153
0.169
0.794
1.197
0.06
0.121
0.357
0.055
5.531
0.541
2.086
0.496
1.1
0.589
0.078
0.393
3.009
0.076
0.092
2.604
2.453
0.637
1.359
0.269
0.251
0.091
0.805
0.937
0.162
0.063
0.8
0.604
2.627
0.355
0.075
5.216
1.448
0.228
0.088
1.813
4.956
0.134
1.127
0.196
1.281
0.943
1.671
1.158
0.208
3.195
0.252
0.166
2.389
1.341
0.068
0.06
0.069
0.023
0.08
2.442
1.495
1.85
2.888
0.792
0.618
1.912
1.502
0.328
0.726
2.608
0.119
1.142
3.312
0.177
1.053
0.108
0.301
0.176
0.228
0.105
1.653
0.095
0.226
3.914
0.125
0.979
5.893
0.904
0.146
3.145
0.393
1.932
0.048
2.691
2.695
2.635
1.394
0.123
0.194
1.555
1.104
2.909
2.526
0.229
3.342
0.602
1.878
0.236
1.805
0.056
1.722
1.107
1.813
0.028
1.968
1.081
2.11
1.304
0.146
2.952
0.877
0.104
0.294
0.164
1.245
0.081
0.6
0.075
0.103
1.055
0.952
1.194
0.126
0.907
1.153
0.692
0.64
0.953
0.069
3.904
1.145
2.688
0.802
0.04
0.025
2.504
3.387
0.107
0.786
0.313
1.129
1.153
0.687
1.14
2.344
0.376
1.264
0.025
0.095
0.101
1.655
2.517
3.125
0.057
0.276
1.489
1.517
0.627
0.062
0.242
1.283
1.475
4.289
4.588
1.708
0.33
0.284
0.18
0.082
1.459
1.186
0.431
1.115
1.673
0.339
6.97
2.548
0.159
0.146
0.093
0.031
0.322
0.049
0.896
0.706
1.352
0.223
1.076
1.608
4.381
0.217
0.822
1.528
2.287
0.25
0.215
2.745
0.726
0.041
0.039
3.078
0.117
1.592
0.772
1.432
0.077
0.025
0.061
0.805
0.059
0.046
0.156
1.096
1.185
0.059
0.18
0.116
0.162
1.171
1.222
0.566
0.18
3.579
1.202
0.187
1.815
0.508
2.138
0.121
3.807
1.043
0.071
1.079
0.871
0.765
0.055
1.312
4.98
1.106
0.017
0.02
1.123
3.412
0.953
0.397
0.084
0.09
2.808
1.103
0.17
1.051
0.329
1.222
0.156
0.073
1.547
0.918
2.195
2.239
2.201
2.986
0.575
1.817
3.845
2.717
1.166
1.409
2.959
2.44
0.889
2.876
0.887
2.319
1.593
1.602
0.78
2.773
1.065
0.982
1.129
1.67
2.016
0.134
2.315
0.194
0.111
0.127
0.824
0.042
0.038
0.151
0.893
1.273
3.406
1.008
1.341
0.031
0.117
2.138
0.068
0.219
2.473
2.244
1.689
0.629
4.374
0.047
0.051
0.351
0.026
0.065
0.191
0.827
0.037
0.943
1.305
0.053
1.847
0.064
2.31
0.211
2.933
0.25
2.308
0.181
1.068
4.715
1.433
0.211
1.623
0.039
2.46
1.122
2.57
1.125
0.037
0.019
0.898
0.564
2.194
1.463
1.916
1.058
0.097
0.059
0.095
0.07
0.869
5.884
2.601
0.137
0.919
0.133
0.028
0.077
0.638
1.66
1.171
8.709
0.144
0.538
1.197
2.208
1.81
0.063
0.643
0.942
0.046
0.028
3.927
1.157
0.047
1.016
0.043
0.02
6.805
1.031
0.075
1.562
1.132
1.477
0.718
0.039
1.078
0.108
0.747
8.179
1.566
1.576
4.297
0.596
0.107
0.043
0.228
0.769
0.073
3.405
0.823
4.115
0.12
3.807
1.313
0.114
0.052
0.08
0.934
0.033
1.303
0.059
0.051
0.154
0.026
3.711
0.058
0.044
1.065
4.271
3.241
0.43
0.176
1.368
0.429
0.122
0.037
0.817
1.447
1.066
0.996
0.906
0.779
0.418
1.693
2.211
1.852
0.29
0.405
1.381
0.102
0.237
1.249
0.224
0.055
0.796
2.963
2.422
1.007
1.625
1.168
0.852
0.105
0.674
1.214
4.527
0.703
3.975
2.077
1.047
0.037
0.064
0.199
0.967
0.044
0.814
2.839
0.967
0.108
1.173
1.116
0.307
1.331
3.026
0.02
0.072
4.349
1.206
1.15
1.156
1.12
0.995
0.785
2.177
0.842
1.008
0.254
2.339
0.871
1.155
3.297
1.134
4.296
0.221
0.061
2.334
0.082
1.857
2.043
0.078
0.155
1.069
0.968
0.109
2.187
3.906
3.949
0.261
0.9
0.235
0.083
1.355
1.613
0.926
0.015
3.886
0.829
0.046
1.238
2.965
1.95
1.929
1.178
1.333
0.045
0.619
1.951
0.122
0.046
2.884
0.072
0.554
0.845
0.739
0.766
3.0
1.378
1.27
0.132
0.7
3.106
0.064
1.642
1.878
4.496
1.121
1.247
1.357
0.754
1.084
0.59
0.071
2.093
0.071
2.245
0.651
0.081
1.342
0.962
2.536
0.718
4.426
0.129
1.562
1.207
1.191
0.154
1.097
0.104
2.127
2.215
1.46
0.055
4.121
0.316
1.426
1.085
2.448
1.845
0.231
2.886
0.065
0.519
1.388
8.407
1.009
3.479
8.463
0.982
0.22
2.553
0.696
3.201
4.779
0.542
5.655
1.886
3.942
0.198
2.27
1.264
1.24
0.155
1.649
0.689
2.18
0.245
0.395
2.48
0.073
1.683
0.372
3.477
2.0
0.2
1.503
5.379
2.601
0.042
1.248
1.259
0.075
0.059
1.667
1.319
1.75
1.206
0.056
3.262
1.544
0.1
0.974
1.223
1.305
3.788
3.635
3.033
1.767
3.63
0.168
3.872
0.199
0.039
2.744
0.26
0.83
5.672
0.275
0.045
0.306
3.382
0.187
1.0
0.143
0.285
1.134
3.431
0.772
0.066
1.427
0.07
0.044
0.282
0.071
0.103
3.922
0.242
0.888
0.444
0.037
1.624
1.074
1.579
3.662
0.113
0.515
1.222
0.084
0.812
2.072
1.176
0.425
5.657
0.434
0.525
0.184
0.126
1.937
1.01
0.51
1.458
0.066
6.403
0.046
0.232
0.065
1.156
1.373
0.162
1.329
1.451
1.163
1.02
1.043
0.053
0.168
0.701
3.976
0.127
0.079
2.305
1.068
0.049
2.21
1.139
0.115
0.658
1.029
0.252
2.611
0.058
0.316
1.443
0.02
0.054
4.703
1.621
2.529
0.118
0.767
0.028
5.854
2.134
0.113
0.091
6.073
1.413
0.069
2.702
1.358
1.583
1.717
0.158
1.096
0.124
0.13
0.048
0.107
0.058
2.063
1.16
3.724
0.995
0.759
2.243
0.913
1.007
0.891
1.175
2.525
0.09
0.045
0.074
2.908
1.401
0.037
0.516
0.801
1.961
0.022
0.797
1.014
1.813
0.916
3.428
0.048
0.03
0.733
0.881
0.167
1.902
0.048
0.569
1.042
2.946
0.914
0.033
1.414
1.505
0.064
1.402
1.409
2.759
0.037
0.129
0.22
0.147
0.073
0.043
1.6
4.059
2.03
4.151
1.271
1.024
1.714
0.08
0.993
2.449
0.131
0.098
0.234
0.089
0.066
0.219
1.557
0.17
4.513
0.209
1.167
1.159
1.69
7.426
0.169
1.818
0.058
0.203
0.047
0.085
2.274
1.778
1.052
1.203
1.158
0.053
2.872
0.083
2.406
1.804
0.079
2.198
0.411
1.905
0.259
0.662
2.961
2.195
0.179
2.282
0.143
1.496
0.84
0.08
0.377
0.144
0.525
0.04
0.058
0.034
1.686
0.068
1.427
0.977
0.256
1.02
2.27
3.95
2.416
1.314
0.045
0.06
1.111
0.774
1.42
1.183
0.45
2.15
3.413
0.173
1.315
1.586
0.886
4.014
0.035
0.126
4.104
1.663
4.757
1.137
1.85
4.58
1.172
1.32
4.522
3.688
0.235
1.094
0.134
0.072
1.894
0.18
1.056
0.387
0.57
0.057
4.66
1.744
0.024
0.365
0.092
1.926
1.276
2.623
0.018
0.076
0.537
3.545
5.218
1.076
0.081
4.597
1.412
0.746
0.108
2.093
2.958
0.45
0.294
0.131
2.015
4.428
0.888
0.033
1.069
0.059
0.105
0.127
1.115
0.119
0.047
0.142
0.591
0.248
1.11
3.644
2.054
1.196
0.201
0.082
2.745
1.438
0.024
0.864
0.727
1.392
0.744
0.296
0.903
0.17
1.003
0.057
0.122
0.085
3.854
2.167
1.082
0.171
0.125
0.126
0.273
1.28
0.27
0.073
1.181
0.034
0.042
3.438
0.109
2.45
0.953
0.066
0.045
1.649
3.306
5.456
1.51
0.948
0.12
0.091
1.419
3.771
0.077
1.148
0.107
0.044
0.018
2.406
0.499
0.95
2.677
0.953
1.275
8.346
1.908
0.82
0.18
2.278
3.14
3.863
0.258
1.57
1.02
0.914
0.074
0.193
1.071
0.997
1.674
3.387
1.236
4.529
1.233
0.274
0.143
0.776
0.049
4.388
2.673
0.871
0.152
0.772
1.126
0.023
0.15
0.303
1.346
0.12
0.776
2.392
3.863
2.715
1.432
1.704
1.767
0.331
2.58
0.184
1.157
0.032
0.292
1.583
0.102
1.623
5.65
2.523
3.413
0.073
0.079
1.169
2.034
0.166
1.318
0.695
0.033
2.325
0.884
1.616
1.405
0.384
1.969
0.048
4.223
2.383
1.424
1.466
0.093
0.3
0.89
1.776
0.991
1.345
2.513
2.704
0.525
1.454
0.08
3.271
0.022
2.754
0.031
1.481
4.253
0.338
1.082
1.556
0.531
2.098
0.253
2.224
0.844
0.061
1.118
3.378
1.185
1.068
0.471
2.963
0.27
4.266
0.055
0.231
0.054
0.626
0.022
7.827
0.713
0.106
0.054
0.815
1.823
1.95
2.795
0.276
1.058
2.0
2.388
0.195
1.908
1.058
0.908
0.768
1.079
2.46
0.158
2.447
0.411
1.33
3.474
1.15
1.074
1.37
0.125
1.447
0.885
0.261
1.037
0.555
0.046
1.107
0.265
0.03
4.885
2.508
0.83
1.21
0.033
0.057
1.224
1.856
0.73
0.078
1.301
0.017
1.351
0.078
0.993
1.008
2.832
2.033
0.964
3.643
2.003
1.042
4.743
0.873
0.086
0.151
0.974
0.821
0.13
0.179
3.724
4.707
1.567
0.586
1.029
0.592
1.214
0.073
0.057
0.86
1.679
3.325
0.091
0.329
3.617
0.082
3.982
1.127
3.73
1.946
0.923
3.347
0.092
0.525
0.456
0.061
0.299
0.82
4.343
1.1
0.174
0.149
5.594
0.974
1.126
0.398
0.294
2.54
0.122
0.147
2.546
3.177
1.709
0.991
0.069
1.779
0.134
0.961
0.056
0.216
1.556
0.103
0.13
2.248
0.521
1.19
2.074
0.771
1.006
1.365
0.093
0.706
0.04
0.892
1.559
0.431
2.516
0.126
0.033
1.602
0.503
0.047
0.048
0.933
0.677
1.757
0.847
0.126
2.223
1.546
3.224
1.624
0.093
0.097
1.306
0.462
1.123
3.256
1.382
1.346
1.283
1.604
1.465
0.089
0.066
1.381
3.56
0.147
1.771
0.174
1.15
0.708
1.326
0.782
0.036
0.069
0.026
1.183
3.402
1.773
3.8
0.11
1.039
0.047
0.089
0.081
5.253
3.493
0.231
0.109
1.182
1.592
0.05
1.141
1.072
3.116
0.071
0.919
4.105
1.05
0.024
2.455
4.063
2.339
1.943
0.044
0.151
1.031
3.905
1.491
0.083
0.128
0.031
0.851
0.228
0.031
0.904
0.063
2.168
1.057
0.188
0.862
0.182
0.962
0.78
0.276
1.866
2.142
0.859
3.625
0.134
0.033
0.098
0.677
0.104
0.892
0.998
2.192
0.273
3.178
4.828
0.647
0.778
5.383
0.912
1.05
1.314
0.053
0.797
1.96
1.333
0.193
0.184
0.79
0.948
1.063
0.05
0.784
2.881
0.25
4.908
0.068
0.761
2.379
3.484
4.055
2.064
0.142
1.435
0.107
1.141
0.061
0.169
2.102
1.206
1.158
0.043
1.153
0.339
6.087
0.93
1.891
0.21
0.172
0.094
0.075
1.036
0.08
1.279
0.034
0.394
0.073
3.173
2.494
0.069
0.313
1.163
0.096
2.928
0.619
2.699
0.829
0.789
0.275
0.031
1.574
1.914
3.326
0.267
0.814
0.98
0.038
0.169
1.225
0.03
1.689
0.243
0.034
1.543
0.112
0.787
2.592
0.128
1.854
0.087
0.091
1.76
0.766
0.037
2.977
1.635
1.21
1.087
0.195
0.058
0.014
0.046
0.153
2.968
1.19
0.068
0.084
2.35
1.254
0.568
0.107
0.773
0.101
0.03
1.243
1.459
2.548
0.111
0.791
3.234
0.702
0.808
0.171
0.036
0.064
0.035
0.175
0.038
0.884
1.714
0.577
1.225
0.046
0.03
0.822
0.227
0.215
0.734
1.553
0.518
0.059
0.634
0.15
1.381
2.247
0.986
1.038
2.285
0.849
0.112
0.165
0.17
1.156
2.622
0.865
0.884
0.18
0.063
1.419
1.982
0.889
1.013
1.081
1.173
0.855
1.11
0.177
3.125
1.91
2.8
1.634
3.728
0.173
3.344
0.068
0.613
2.7
0.033
2.589
0.318
0.112
0.382
2.09
1.259
1.617
0.117
3.95
1.25
0.133
1.907
1.316
0.114
0.377
2.353
1.077
0.817
0.422
1.201
0.174
0.054
0.137
0.308
1.293
2.002
1.516
0.169
0.017
1.419
0.14
1.178
0.072
0.086
0.932
3.133
5.863
0.066
0.088
0.883
1.682
0.349
1.2
0.994
0.047
1.901
0.251
1.659
0.099
0.714
0.046
1.056
1.036
0.906
0.055
0.208
1.028
1.015
1.51
3.659
6.275
0.086
0.263
0.045
0.067
2.007
0.09
0.094
8.158
0.046
1.413
3.798
1.363
5.604
2.629
0.205
0.032
0.127
0.117
0.572
0.084
4.916
1.213
2.727
2.041
0.086
1.967
0.735
4.292
0.211
0.977
1.94
0.039
0.057
1.831
0.072
1.105
0.873
0.175
0.998
0.094
0.985
1.82
2.861
2.265
2.398
0.055
0.61
4.096
0.131
0.031
6.605
1.354
1.133
0.024
6.115
0.09
0.185
0.049
0.085
0.494
0.066
0.043
0.022
2.85
0.998
2.726
1.304
0.784
0.151
0.145
0.096
1.728
2.299
0.093
1.663
1.635
0.125
0.935
0.14
0.077
0.792
0.061
2.083
0.772
0.151
0.176
2.82
1.621
0.372
1.433
0.992
2.249
1.411
1.661
1.85
0.107
0.072
2.926
1.94
0.304
0.784
1.894
1.039
1.721
0.15
1.117
2.303
1.282
1.906
0.278
0.075
0.101
1.129
0.07
0.062
1.151
0.093
0.036
0.246
1.439
1.284
0.135
0.067
0.85
0.02
0.784
3.143
0.074
4.453
0.619
1.305
1.43
1.152
0.82
0.71
0.162
0.407
0.054
0.065
0.206
0.155
3.859
0.072
0.422
1.86
1.872
0.028
0.394
0.953
4.677
0.15
7.161
0.041
0.405
1.85
0.083
4.671
1.713
0.769
1.843
1.187
0.801
1.275
1.167
1.253
0.111
1.026
1.226
0.039
7.323
0.034
12.17
2.08
1.137
2.282
1.807
0.107
2.214
0.068
0.7
1.553
2.148
1.371
0.137
4.236
0.143
3.153
4.67
0.343
0.105
0.181
0.255
0.037
1.493
3.683
2.285
0.032
0.249
0.085
2.182
0.031
0.032
0.137
1.256
4.066
0.768
1.169
0.21
1.776
0.859
0.115
0.132
0.912
0.751
2.317
0.062
0.072
1.16
1.017
1.144
0.081
0.808
0.328
0.128
0.809
1.724
2.071
1.067
4.485
1.699
1.18
3.408
2.383
1.561
0.027
0.115
0.988
0.087
0.439
0.027
0.103
2.127
0.072
1.414
1.416
1.29
0.809
0.298
0.083
0.172
0.932
2.228
1.361
0.858
1.229
0.063
0.307
4.524
3.495
1.991
3.686
0.81
0.035
0.771
0.074
3.883
0.241
0.056
0.016
0.083
2.221
3.657
1.771
0.08
1.75
0.153
2.807
4.455
4.246
1.191
6.051
0.525
1.123
0.952
0.067
4.877
0.052
0.031
0.193
0.818
0.111
0.313
0.117
0.058
2.851
1.45
2.729
0.201
0.116
1.666
1.172
0.147
0.927
1.296
1.226
1.487
0.699
3.844
0.063
2.022
0.353
0.027
0.084
0.983
2.174
0.286
0.15
5.903
0.141
0.148
4.341
0.066
0.062
3.221
1.698
1.53
1.746
0.181
0.639
0.969
0.121
0.33
0.196
1.909
0.366
0.798
5.052
0.758
0.067
1.024
5.554
0.147
0.061
3.126
0.028
1.272
0.775
0.076
0.65
1.327
0.07
0.637
1.024
1.225
0.248
4.122
0.961
0.076
1.181
0.048
1.254
0.039
0.231
0.095
0.04
0.782
1.853
1.986
0.781
0.134
0.05
1.112
0.765
0.217
0.133
0.1
0.169
0.292
1.629
0.53
0.058
2.747
1.001
1.337
0.098
3.522
0.275
0.182
3.086
0.271
1.139
1.248
2.502
1.638
4.233
3.001
2.163
1.565
0.05
0.127
1.128
1.654
1.061
1.685
1.063
1.521
0.101
1.106
0.558
0.906
6.13
0.569
1.826
0.043
1.845
1.068
0.634
0.029
0.074
2.068
2.512
0.134
3.52
1.843
0.169
1.902
0.256
3.345
1.057
1.37
2.11
0.029
0.03
0.604
0.064
0.233
0.139
0.032
0.236
0.237
0.597
0.123
2.681
1.365
3.498
1.029
1.007
1.238
4.48
1.579
4.232
0.353
0.742
0.28
1.286
4.543
1.895
0.036
0.29
1.826
1.15
1.225
1.427
1.794
1.773
2.714
0.343
2.059
0.076
1.251
0.029
0.793
5.146
0.915
0.059
0.05
1.051
0.086
0.058
0.937
0.085
3.955
0.079
0.09
2.683
3.109
0.905
0.208
1.166
0.168
1.332
1.097
4.208
2.787
0.086
0.769
2.008
0.049
4.238
0.099
3.242
0.085
1.557
1.657
2.493
2.288
3.803
0.318
2.098
2.375
0.111
0.148
0.778
1.278
0.125
0.192
3.248
0.316
3.115
0.408
0.321
0.975
0.07
1.606
0.055
1.012
1.011
1.659
0.125
3.263
2.937
2.289
1.909
1.308
0.839
3.703
0.747
6.183
1.506
2.646
1.259
1.214
0.063
2.477
2.512
0.901
3.742
0.235
0.205
1.125
0.051
0.041
0.135
0.97
2.094
0.091
0.216
1.083
0.06
1.248
6.343
0.111
0.169
1.016
0.081
2.379
0.717
0.048
0.034
0.051
0.848
0.199
0.474
1.08
0.103
0.096
0.237
1.67
0.045
2.21
0.081
0.032
0.495
1.175
0.698
1.368
0.524
0.592
1.207
0.664
0.116
1.951
1.704
0.314
1.313
1.097
2.342
0.11
0.055
3.862
0.615
0.067
0.649
1.925
3.953
0.723
0.642
0.09
1.132
0.282
2.512
1.272
1.286
0.675
0.044
0.992
0.081
1.109
1.939
2.443
2.506
7.316
0.132
1.188
0.039
0.15
0.245
1.171
0.357
3.189
0.937
0.048
0.67
3.013
0.096
1.597
1.444
0.572
0.087
1.72
0.121
1.943
1.109
1.371
0.044
0.126
1.205
1.72
0.628
2.116
0.187
0.673
3.139
1.176
1.593
2.399
1.703
1.081
1.565
0.051
0.105
0.66
3.993
4.093
2.601
0.535
0.074
0.035
3.133
3.493
2.516
0.407
0.474
2.657
3.661
1.302
2.177
3.348
0.063
0.121
1.042
0.026
0.303
2.397
2.378
1.27
0.177
1.473
1.165
1.427
0.177
1.328
0.07
3.378
0.358
3.312
0.085
2.376
0.076
1.044
4.072
0.183
1.718
0.236
0.279
1.595
1.247
2.186
0.792
0.81
0.08
0.102
1.761
1.673
0.136
1.725
0.891
2.188
0.046
2.017
1.292
0.078
0.046
0.853
1.041
0.039
3.652
1.533
4.628
0.093
0.181
1.849
0.967
0.052
0.862
0.963
0.146
0.065
1.782
1.16
1.296
0.763
1.185
0.954
0.506
0.056
1.31
1.255
0.174
1.342
1.483
2.266
3.757
0.15
0.138
1.219
1.493
1.016
1.087
0.161
2.627
1.13
0.036
0.014
1.418
0.338
0.033
1.133
0.796
0.673
0.297
0.795
1.162
1.876
0.775
0.418
0.054
3.51
0.109
0.081
4.735
0.16
0.078
3.743
1.831
0.06
0.303
0.058
0.036
1.406
0.164
0.075
2.225
0.115
1.637
1.269
0.089
0.096
2.497
1.251
0.301
1.006
2.16
0.059
3.405
5.163
0.721
1.043
0.395
1.15
0.105
0.071
0.626
0.723
0.869
0.819
0.068
0.101
1.461
0.92
0.429
0.963
0.662
0.09
0.104
0.258
0.072
0.063
2.355
0.045
1.273
0.127
1.712
0.779
0.525
0.102
0.967
1.362
2.028
1.03
1.676
1.819
1.288
3.383
0.235
0.909
0.198
0.067
0.948
1.311
1.399
0.16
4.762
2.974
2.535
1.714
1.96
1.725
0.213
1.726
1.103
0.404
0.104
0.143
0.937
1.252
0.153
2.795
0.042
0.089
1.796
2.298
1.501
1.215
0.248
0.091
1.005
1.164
1.804
0.309
0.094
3.425
0.04
0.087
1.114
0.986
2.42
0.224
0.055
2.913
0.837
0.978
6.57
1.424
6.809
2.418
0.409
2.046
2.117
1.64
2.033
0.934
2.031
2.378
0.102
0.043
2.076
0.868
1.936
0.287
2.858
2.46
0.889
2.019
0.145
0.868
0.106
0.332
0.088
2.486
0.606
4.2
1.113
1.528
1.876
1.952
3.482
0.988
1.813
1.494
0.769
0.11
6.055
1.746
2.148
3.417
1.271
0.926
0.352
3.085
3.086
0.061
2.614
1.452
0.229
5.675
2.875
0.166
1.269
0.077
3.198
1.245
1.729
0.107
1.797
0.082
1.699
1.374
0.196
1.693
2.093
0.067
0.808
1.564
1.122
3.453
0.845
1.627
0.104
0.902
3.668
3.643
0.278
5.338
0.151
3.896
0.163
0.938
0.091
0.81
0.073
4.08
3.381
0.072
1.216
1.028
3.997
2.756
0.467
2.997
0.079
1.502
5.307
0.023
0.149
0.556
0.028
0.177
0.134
1.371
0.078
1.744
0.729
0.852
0.101
2.48
0.957
2.597
0.057
1.782
2.28
0.069
3.028
2.106
0.941
3.459
0.055
0.182
1.057
2.597
1.513
0.721
1.011
0.707
2.529
0.756
0.054
2.747
2.748
1.55
1.166
1.165
6.273
0.052
0.089
1.866
1.095
0.978
2.656
6.22
0.14
0.375
0.094
0.011
0.777
0.038
0.149
4.005
0.126
0.268
0.081
0.062
1.006
0.107
0.292
1.214
0.084
0.074
0.064
0.967
0.311
0.228
1.819
0.515
0.811
0.058
4.431
0.862
1.571
2.13
0.155
1.271
0.028
5.112
3.525
0.866
1.111
1.696
1.328
0.103
0.435
2.394
0.513
3.629
2.899
1.774
2.716
1.15
7.765
1.192
7.612
2.871
0.231
0.966
0.755
0.58
0.081
0.036
2.584
0.011
3.383
0.048
1.693
0.178
0.04
0.082
0.133
1.329
5.683
0.091
1.027
5.926
3.051
1.101
1.35
1.243
6.131
4.258
0.956
0.247
1.147
0.051
0.191
0.084
0.226
0.11
1.091
2.561
3.457
0.071
3.584
2.505
1.444
1.277
1.223
0.169
1.514
0.03
1.91
1.079
1.762
1.328
0.356
1.1
0.163
0.065
1.664
1.27
0.862
0.076
2.089
2.988
0.027
0.138
3.382
0.063
2.013
0.119
3.162
0.142
3.542
4.131
0.072
0.097
3.528
4.209
1.013
0.172
0.326
5.839
1.751
0.147
2.938
2.017
1.921
1.118
0.085
1.04
0.036
0.058
2.064
0.06
1.466
0.413
2.818
0.04
1.52
0.895
0.799
1.211
4.375
1.129
0.029
1.9
1.239
1.489
3.362
0.797
0.123
0.864
0.288
0.065
1.165
0.886
1.589
0.214
2.539
0.039
0.31
0.955
0.45
2.25
2.309
1.133
0.033
0.104
0.033
1.079
0.066
5.184
0.514
0.106
0.6
0.719
3.244
3.041
6.133
0.251
2.589
0.892
0.031
2.775
2.502
2.688
0.365
1.479
1.51
1.295
1.85
3.29
0.018
1.139
1.557
0.107
1.974
0.049
0.144
0.03
1.415
0.406
0.795
0.17
0.142
0.298
0.83
0.91
1.845
1.407
2.038
1.88
1.585
0.033
0.363
0.238
0.078
2.346
1.61
4.716
1.383
1.004
1.28
4.795
0.971
0.066
0.029
0.953
4.511
0.061
0.274
0.457
1.603
2.422
1.226
0.137
1.091
0.103
0.204
0.337
0.176
6.628
0.251
1.056
0.508
0.155
1.79
0.965
2.069
3.302
0.147
0.038
0.044
0.665
0.166
0.064
3.493
2.228
1.007
3.888
0.949
2.794
0.028
4.972
0.097
1.544
1.291
0.537
0.231
4.188
1.155
0.129
2.843
0.069
0.235
6.072
1.267
0.032
4.09
0.188
0.057
0.075
0.022
0.259
0.089
1.628
0.933
2.089
0.129
2.28
1.354
1.132
0.024
0.05
2.72
2.122
1.899
0.5
1.786
2.831
1.16
1.782
0.762
2.56
2.224
0.141
1.155
1.512
0.048
0.102
0.097
0.162
0.205
0.237
6.278
0.363
2.017
1.641
1.76
1.79
1.197
2.203
0.101
0.398
0.828
1.279
2.593
0.662
0.434
0.994
0.084
0.042
0.159
0.113
0.196
2.615
0.241
0.583
0.141
0.809
0.103
1.44
0.276
0.518
1.817
2.543
1.46
1.769
1.032
0.155
0.043
0.107
3.217
0.902
0.118
2.419
2.311
0.965
0.032
0.072
1.019
2.187
1.258
8.285
1.911
0.449
0.651
1.36
0.04
2.032
1.115
1.68
0.132
1.83
0.122
2.7
0.028
1.112
0.341
4.027
0.041
1.747
0.564
0.075
0.143
2.348
0.029
2.2
0.779
0.043
0.735
0.996
0.868
0.966
0.105
1.2
0.086
0.941
0.174
0.166
0.163
0.083
2.37
5.639
1.085
1.064
0.058
0.157
2.272
0.941
4.913
0.271
0.888
3.115
0.107
2.077
1.557
0.475
0.792
0.052
3.685
0.134
0.897
1.314
1.009
1.464
1.336
1.393
2.807
0.054
0.116
0.733
1.173
0.075
1.268
0.099
0.034
0.99
1.133
0.09
1.354
0.958
0.054
3.713
1.069
0.017
1.807
0.967
1.867
0.029
1.234
0.821
0.12
1.081
1.157
3.604
0.84
0.031
0.063
0.768
0.172
0.782
0.025
0.066
2.451
4.312
1.025
3.645
0.137
1.125
3.138
0.733
0.107
0.721
6.239
0.823
1.821
1.136
2.733
0.847
2.072
0.439
0.061
0.127
0.049
0.613
0.399
0.77
2.656
0.089
1.755
3.37
0.756
0.067
0.924
1.237
0.234
1.057
0.026
0.046
0.152
0.169
0.652
0.885
0.592
0.287
2.151
1.273
0.02
0.181
4.734
1.454
0.39
0.114
1.595
0.619
0.033
4.543
0.058
2.389
1.039
0.067
3.396
3.203
2.714
2.136
0.032
1.189
0.182
4.538
1.344
0.13
1.761
2.042
0.794
0.272
1.148
0.211
0.371
4.152
0.152
3.929
0.087
1.283
0.906
1.748
0.79
1.793
1.261
0.915
3.16
2.193
1.2
2.278
1.864
4.251
2.376
1.441
0.305
3.34
0.03
0.249
0.031
1.446
1.056
0.164
7.112
0.276
1.021
2.33
0.046
1.387
0.59
1.096
0.809
0.925
0.252
2.411
1.045
0.761
0.835
1.365
3.536
0.047
0.128
0.065
1.556
0.629
3.231
4.285
0.398
1.343
0.61
1.252
1.155
2.402
2.199
0.061
1.48
0.863
1.931
0.837
0.077
0.543
0.05
0.585
0.206
1.989
0.141
2.039
0.882
1.08
0.087
0.633
1.095
0.776
1.118
0.057
0.537
0.252
0.02
2.957
1.039
0.884
3.209
0.843
1.253
1.061
0.112
0.212
0.162
0.038
2.918
2.16
0.918
0.564
0.166
0.102
1.527
0.494
1.656
4.105
0.056
6.947
0.046
0.058
1.131
1.601
2.428
0.93
0.072
1.535
0.102
5.08
0.326
0.114
1.293
0.2
2.072
2.874
0.088
0.057
0.147
0.514
0.086
0.424
1.58
1.558
0.804
0.125
3.424
1.802
0.02
2.891
0.976
2.569
0.339
0.037
0.807
0.814
2.092
0.264
1.446
0.077
0.104
1.972
3.338
0.035
2.365
0.714
0.088
0.044
1.454
1.717
0.239
0.674
0.056
0.966
0.252
0.106
0.072
0.844
0.118
1.071
0.05
3.049
0.827
0.861
0.051
0.879
0.054
0.058
3.317
0.097
0.14
0.081
2.631
0.219
1.139
0.307
0.511
2.414
0.185
0.379
0.043
0.931
1.808
0.081
0.885
0.276
0.037
0.881
0.17
0.94
7.075
0.625
2.502
2.037
2.942
0.805
1.02
0.079
0.941
1.547
0.255
0.116
1.352
0.172
1.653
1.516
1.456
0.371
0.173
0.055
0.106
3.168
1.003
0.122
0.044
0.739
2.176
0.089
2.926
0.102
0.023
0.135
0.055
1.065
1.578
0.06
4.233
0.829
1.401
0.385
1.653
0.11
0.158
1.992
0.287
0.102
0.105
0.026
0.121
0.189
2.067
1.677
0.147
0.346
7.106
0.056
1.802
0.035
0.178
5.407
2.161
1.359
1.347
2.952
0.093
1.767
1.418
0.575
0.034
0.543
1.586
0.057
1.448
7.278
0.053
1.5
0.046
1.021
2.888
2.342
0.333
1.145
0.359
0.055
1.704
3.41
0.831
0.822
2.891
1.665
0.893
0.59
0.045
0.241
0.23
2.273
2.269
1.714
0.901
2.078
1.145
1.179
1.234
0.024
0.033
5.026
0.162
1.634
0.028
0.027
0.174
0.12
0.088
1.172
0.043
2.938
1.262
0.14
0.073
0.04
2.022
0.118
3.365
2.598
2.031
1.402
1.407
0.76
0.102
0.634
0.234
1.927
0.254
0.537
1.952
0.285
0.138
0.967
0.457
0.155
1.142
1.366
0.315
1.084
1.698
0.055
0.092
0.943
1.047
0.044
0.077
0.043
1.635
0.095
0.042
0.339
0.169
0.039
0.031
1.905
1.143
0.956
0.882
1.323
0.246
0.389
1.724
1.468
1.165
0.094
0.32
1.051
3.237
0.071
0.28
0.921
0.737
0.881
0.634
1.967
0.293
0.061
1.206
0.092
2.545
1.135
0.966
2.88
1.155
0.068
2.293
3.751
0.05
0.264
1.436
2.21
0.954
0.672
6.486
0.144
1.637
0.094
8.436
1.216
0.782
1.388
1.364
0.927
1.721
0.07
3.037
0.593
0.604
0.051
0.512
1.53
1.146
2.513
2.143
0.27
0.201
0.012
0.192
2.389
0.054
1.389
0.017
6.727
3.659
0.178
0.433
1.665
1.389
0.024
1.671
0.326
0.303
8.385
0.294
0.803
1.39
1.574
0.068
0.929
0.877
0.025
0.24
0.39
0.891
1.088
2.371
0.065
0.169
0.268
0.044
0.241
2.382
0.159
3.092
1.424
0.295
1.286
0.092
1.468
0.048
5.141
0.053
1.544
0.15
0.026
1.187
1.735
0.222
5.402
2.862
0.053
2.43
0.116
4.287
3.54
0.223
0.128
7.569
0.111
0.463
0.536
2.096
0.173
0.055
0.113
0.973
0.078
1.6
0.888
0.059
1.183
5.46
4.639
0.121
3.446
4.108
0.043
1.067
0.111
1.702
0.12
2.357
3.336
0.191
5.196
0.994
0.067
1.298
0.095
1.278
2.919
0.079
0.854
0.034
3.09
5.375
0.086
2.859
0.72
3.529
1.177
0.057
2.905
4.24
3.098
0.299
3.365
2.044
1.301
0.845
0.682
1.998
3.302
2.127
0.124
0.263
0.886
1.864
1.465
0.122
1.323
0.744
0.052
1.332
0.135
0.143
1.579
1.076
0.184
2.093
1.207
1.209
1.595
0.088
0.067
0.097
0.77
1.788
0.039
0.093
1.605
3.031
0.915
2.195
0.198
1.128
0.065
2.049
3.223
0.022
0.017
0.145
0.276
0.182
0.898
1.16
3.357
1.166
0.909
0.043
1.284
1.55
1.17
3.265
0.832
0.313
0.209
0.067
2.031
0.47
0.471
0.743
0.794
1.253
1.792
7.327
0.033
0.141
1.199
0.091
1.154
1.917
1.282
0.828
6.301
1.545
1.563
0.616
0.167
1.984
0.817
5.749
0.03
0.519
0.068
0.124
0.068
0.093
0.136
0.086
2.867
1.301
1.114
4.669
0.125
0.799
0.032
1.191
0.588
0.03
0.09
0.143
3.893
0.09
0.711
1.27
2.138
1.198
4.229
0.252
1.268
1.307
1.877
0.084
0.592
2.993
0.147
0.1
0.906
2.8
0.666
1.785
0.06
0.276
1.568
4.886
0.401
0.028
0.796
0.929
1.95
1.559
1.692
3.296
3.67
0.212
2.061
0.1
1.879
1.143
0.061
0.166
0.1
0.866
0.948
0.828
0.378
1.762
0.108
0.045
0.065
0.188
1.901
0.07
1.203
0.039
2.767
0.083
0.596
0.093
0.14
2.415
2.818
0.843
0.498
1.249
0.076
2.385
3.765
0.173
0.083
0.996
1.366
2.497
6.133
0.921
0.247
1.26
5.721
0.111
0.496
0.645
0.811
0.099
0.339
1.74
0.996
0.033
3.63
0.723
0.56
1.858
0.341
0.038
0.171
0.295
1.517
0.095
1.712
0.04
2.648
0.075
5.139
1.247
0.917
1.233
0.966
3.001
1.227
0.652
0.48
0.023
1.111
0.553
0.058
2.524
0.223
1.034
0.386
0.033
0.464
0.78
0.014
5.573
1.897
0.883
1.251
0.909
0.263
2.725
0.064
0.043
0.155
1.41
0.019
3.616
3.739
2.471
1.514
1.955
1.333
0.972
3.479
0.467
6.395
0.52
0.486
0.04
0.088
2.909
0.896
0.433
0.035
0.027
1.73
1.554
0.021
0.049
0.938
2.147
2.061
0.067
2.095
1.356
1.052
0.76
1.586
2.281
1.168
1.816
3.07
0.4
0.903
0.041
1.109
0.875
0.032
0.172
0.686
0.946
0.24
0.897
1.305
0.367
1.863
6.207
0.095
0.126
1.545
0.306
3.215
2.064
0.037
0.035
0.354
0.18
0.365
3.219
1.122
0.965
0.078
0.015
2.263
0.181
2.191
1.129
0.1
0.074
1.075
1.701
0.901
1.592
0.053
0.026
0.213
1.469
0.511
0.068
1.35
0.126
1.472
1.553
0.113
0.958
0.79
0.083
0.595
1.402
1.399
0.067
3.828
0.094
0.029
0.085
3.802
0.019
0.201
1.263
0.029
0.846
2.815
3.213
1.003
1.046
0.063
0.103
0.936
1.114
0.251
0.038
1.109
1.167
7.786
0.335
1.133
0.828
0.726
1.024
5.343
2.278
0.02
0.152
0.127
1.65
1.497
6.761
0.988
1.709
0.491
4.907
0.965
0.096
0.015
0.098
0.475
0.028
1.625
2.378
0.034
1.395
1.661
0.061
1.272
0.859
4.161
0.077
0.065
0.12
2.002
2.539
0.055
1.888
1.169
0.831
0.293
2.396
1.798
0.506
1.037
3.948
0.698
0.446
1.634
0.802
0.046
0.111
1.602
0.064
0.951
1.243
0.339
0.101
0.221
0.949
0.073
1.264
0.448
0.075
0.881
1.81
1.026
10.143
0.175
1.356
0.307
3.717
0.146
0.934
0.121
2.35
7.915
2.477
0.889
1.145
2.433
0.08
0.056
1.635
0.067
0.079
0.619
1.349
0.061
3.326
0.662
0.511
0.763
1.685
0.08
0.454
1.122
5.506
0.789
0.166
0.205
0.393
0.532
0.093
3.145
9.346
1.113
0.569
1.651
0.092
1.874
6.999
0.698
1.871
0.214
0.019
0.526
2.922
2.46
2.409
2.817
0.467
6.144
4.193
0.624
0.11
1.481
0.058
1.038
0.227
1.991
1.164
0.142
0.793
0.695
0.214
0.551
2.392
1.06
1.351
0.252
1.136
2.97
1.168
0.014
1.129
0.066
1.174
1.181
0.045
4.411
0.125
2.549
0.954
1.212
3.483
6.38
0.663
1.187
1.783
0.044
1.534
0.123
0.174
0.172
0.333
1.487
1.168
2.265
2.041
0.999
0.054
1.906
0.099
1.507
1.325
0.178
1.023
2.12
1.329
0.197
0.034
1.169
0.266
1.669
2.57
0.051
6.508
1.414
0.426
0.666
0.139
0.071
0.605
0.033
1.105
0.099
4.565
1.501
0.713
0.587
1.566
0.116
0.927
0.909
0.099
1.15
2.762
2.722
0.02
0.021
0.743
2.445
0.186
3.116
0.107
0.993
0.044
2.414
0.232
0.236
5.332
0.06
0.921
0.075
0.143
1.885
1.067
0.099
0.287
2.828
0.046
0.076
2.517
1.864
2.464
0.528
0.021
0.058
2.478
0.071
1.485
0.823
0.093
0.109
0.162
0.09
5.314
0.042
0.241
0.388
2.563
0.684
2.234
2.413
2.095
0.049
0.022
2.533
0.133
2.562
2.119
1.422
0.282
2.129
1.145
1.458
0.098
0.079
2.043
0.037
0.027
3.796
0.147
0.083
2.776
0.644
1.102
1.833
0.093
0.107
0.027
0.049
0.066
0.076
1.342
3.234
0.112
0.397
3.168
5.2
0.05
0.181
0.026
1.863
0.28
1.424
2.608
0.203
0.615
0.971
0.026
3.058
0.192
0.074
0.366
0.018
0.833
0.114
0.927
2.049
1.173
3.868
0.98
4.36
0.3
0.287
0.071
1.211
2.101
0.141
0.285
1.141
2.337
3.624
0.15
0.026
0.189
1.392
0.812
0.175
2.352
6.407
0.243
0.144
0.032
3.75
1.749
0.032
1.26
6.818
2.306
0.224
0.985
3.964
0.024
0.127
2.853
1.231
0.112
0.103
0.063
0.282
0.094
2.855
0.792
6.323
0.783
0.062
1.233
1.152
2.605
0.973
0.279
0.186
1.006
0.955
0.114
1.008
3.376
0.078
0.042
1.168
0.832
0.285
5.786
0.038
0.497
1.168
0.082
0.069
0.05
0.104
1.303
1.407
1.917
2.938
0.273
0.753
2.174
1.003
0.22
1.25
0.783
0.958
0.994
0.968
1.742
0.997
1.54
4.045
0.999
7.425
5.102
1.08
3.133
0.301
0.094
0.488
0.06
0.123
0.096
1.019
2.487
0.087
0.812
4.449
0.234
0.955
2.425
0.133
0.047
2.767
1.078
1.394
2.723
1.103
1.236
0.085
0.062
0.679
1.445
0.599
1.075
5.055
3.787
0.251
0.213
1.683
0.094
2.15
0.801
1.241
0.109
1.034
1.217
1.219
0.178
1.11
0.02
0.158
1.033
5.457
3.181
0.915
0.9
0.163
1.574
0.965
1.375
1.076
0.347
2.175
1.781
2.687
2.226
0.035
0.053
0.631
0.238
3.766
1.537
0.251
0.353
0.478
2.899
0.341
0.875
0.194
0.082
2.78
0.127
0.15
3.993
1.368
0.049
0.261
0.222
2.312
1.314
1.23
2.011
2.089
0.922
0.027
1.321
0.073
2.976
0.132
1.366
0.142
0.025
0.048
0.056
2.344
0.925
0.107
0.516
1.1
1.781
1.126
0.998
0.985
0.201
1.829
1.077
0.879
4.145
1.125
0.868
0.063
0.04
1.15
0.876
2.399
0.231
1.04
1.73
5.198
1.246
0.133
1.277
0.504
1.091
0.239
0.831
1.037
0.104
0.082
0.074
0.682
1.119
1.794
1.866
1.997
1.912
0.834
0.446
0.062
1.176
1.207
0.019
0.238
0.527
2.235
1.618
1.064
1.273
0.068
0.04
0.081
0.158
0.85
0.05
4.588
1.1
0.444
1.195
0.04
1.027
1.912
0.186
0.111
0.251
1.505
0.044
1.274
0.933
1.401
3.568
1.16
0.024
0.031
0.18
0.854
1.645
2.167
2.439
0.968
0.104
0.066
0.046
1.311
9.683
0.38
0.15
1.317
2.47
0.152
0.022
0.03
0.135
0.146
3.36
0.058
2.233
1.625
0.086
1.258
0.043
0.094
0.108
0.054
1.273
0.823
0.66
0.795
1.273
0.232
1.084
0.947
0.889
0.22
1.125
2.393
0.422
1.767
1.211
1.338
1.52
0.927
0.078
1.31
4.083
0.035
2.284
1.158
0.095
0.057
3.787
4.107
0.039
0.794
2.433
1.223
0.995
0.952
0.023
0.188
0.138
3.15
0.218
0.346
0.915
0.049
0.06
0.111
0.036
0.126
0.702
1.283
0.043
2.559
0.965
2.501
1.019
0.033
1.401
0.166
0.034
1.713
0.038
2.196
0.068
0.062
0.139
4.51
0.747
2.391
0.889
1.541
1.269
1.974
0.838
0.153
0.276
6.595
0.991
0.455
0.046
0.202
0.952
0.955
0.046
0.059
0.052
0.743
0.14
0.052
0.083
0.06
0.458
0.177
0.102
1.462
0.27
0.047
3.931
1.44
0.877
0.038
1.332
0.505
0.469
0.249
0.643
1.454
1.148
1.054
4.557
0.097
0.068
0.047
1.417
1.095
1.137
0.146
1.374
2.466
2.103
2.269
0.125
0.106
0.598
1.195
0.211
0.065
0.828
1.867
0.777
3.868
0.403
5.356
2.874
0.141
3.432
0.03
6.085
0.204
0.785
0.792
0.152
1.121
1.176
1.098
0.867
0.074
0.053
0.782
0.118
0.052
4.272
0.924
2.298
0.055
0.035
0.811
1.259
1.78
0.767
0.119
3.011
2.596
2.36
2.266
2.415
2.147
1.784
4.038
2.651
0.168
1.186
1.547
0.967
1.244
0.665
0.108
0.104
1.733
1.457
1.369
1.092
1.072
0.021
2.764
0.059
1.241
2.294
3.022
4.067
0.308
2.927
0.125
0.06
1.735
0.652
1.366
2.989
2.698
0.058
0.025
0.95
0.084
0.067
0.051
2.057
2.729
0.207
4.701
1.622
0.093
0.151
2.043
1.406
0.815
0.183
1.039
1.811
3.839
3.097
1.107
1.915
0.95
0.041
1.434
0.096
2.311
0.202
0.042
1.522
0.089
2.707
2.714
1.634
0.054
0.173
1.042
0.085
0.825
0.027
0.12
1.267
3.73
1.335
0.242
3.765
2.531
0.04
0.053
0.08
5.263
1.705
3.185
1.816
3.276
1.641
1.032
1.177
2.674
1.399
0.062
3.494
0.108
2.411
2.603
0.18
1.83
1.668
0.14
0.923
0.616
0.106
0.062
0.019
0.116
0.103
1.761
0.028
3.508
2.783
0.246
0.85
0.155
0.129
0.094
0.299
0.274
0.169
3.356
0.369
3.46
0.089
0.112
0.751
0.971
3.216
0.023
0.133
8.294
0.03
0.351
2.387
1.084
0.851
0.116
0.429
0.729
0.066
0.856
0.855
0.993
1.247
1.702
2.565
1.01
5.129
2.878
0.792
0.671
0.604
0.02
3.005
0.172
1.26
0.179
0.12
4.383
2.025
0.514
0.032
1.066
0.171
1.291
1.247
0.022
0.24
0.154
0.17
0.931
2.546
0.995
0.106
3.305
0.912
1.304
0.257
0.026
2.139
2.943
0.133
1.146
0.018
0.491
2.751
0.143
0.149
4.591
0.041
1.751
0.062
0.235
1.999
0.872
5.217
1.231
1.201
1.987
1.523
0.096
1.52
1.22
3.022
3.493
0.388
0.063
0.17
0.113
0.867
0.077
1.838
2.765
0.07
0.889
1.498
0.279
3.662
2.054
5.266
3.726
0.063
0.157
2.479
0.375
2.191
0.114
0.15
0.02
0.972
0.289
0.076
1.142
2.54
0.371
2.223
0.393
0.06
1.108
5.567
2.031
1.774
0.084
0.032
0.147
1.608
2.067
0.126
0.112
0.794
0.266
0.27
1.164
2.772
1.095
1.224
2.96
0.05
0.165
0.222
1.774
1.598
1.337
0.053
1.029
0.181
1.293
1.856
0.057
0.701
2.984
0.954
1.521
0.024
1.725
1.136
1.698
0.071
4.097
0.064
1.454
0.032
1.316
2.026
0.184
0.239
1.511
0.077
5.012
0.071
0.053
0.041
2.333
0.564
1.223
0.115
1.517
1.646
0.024
1.318
0.833
0.302
1.367
1.206
1.037
2.98
0.054
3.196
1.597
0.722
1.956
1.001
0.044
0.358
1.365
1.856
0.307
0.419
1.059
0.316
0.199
1.344
0.08
3.891
0.042
0.015
2.824
0.092
1.176
0.068
0.016
0.719
0.059
0.06
4.906
0.016
1.189
1.213
1.142
1.645
0.068
0.976
5.349
7.186
0.152
0.072
0.094
1.074
2.764
1.74
0.852
0.131
1.681
0.022
1.306
1.794
1.0
0.013
0.082
0.184
0.082
1.988
0.865
1.122
0.025
0.929
0.258
0.022
3.867
1.479
1.177
0.867
1.004
0.075
0.804
0.159
1.177
0.159
0.164
0.529
2.975
1.564
1.646
0.129
1.252
1.505
0.174
1.262
0.027
2.014
0.061
0.048
0.427
0.268
0.6
0.994
0.811
0.39
1.649
0.134
0.044
2.941
1.978
1.608
0.604
1.931
2.036
0.132
2.681
2.399
1.14
0.217
0.249
1.692
2.786
1.616
0.12
0.074
1.367
0.166
0.16
0.045
0.631
0.076
3.764
0.185
0.084
3.815
1.147
2.767
0.091
0.109
0.036
0.073
1.286
2.279
0.915
0.635
0.486
2.312
4.421
0.073
0.941
0.105
0.075
0.141
0.027
0.33
1.718
0.084
0.189
0.97
2.259
0.372
4.078
2.608
0.388
1.039
1.205
1.31
0.022
1.18
0.141
0.962
0.064
0.086
0.794
0.258
2.975
1.961
2.718
0.743
0.029
0.771
0.224
1.299
0.91
5.486
1.253
0.042
0.162
1.417
0.033
1.057
1.33
0.138
1.814
4.375
1.253
4.191
0.08
3.424
0.112
0.587
0.039
0.447
0.196
0.449
0.123
0.138
1.534
0.767
4.012
2.782
2.088
0.049
3.821
4.885
1.047
0.15
0.181
1.366
1.719
0.158
0.074
0.141
1.934
3.361
0.122
0.791
1.703
1.048
0.819
0.05
2.08
0.827
0.45
0.074
2.077
1.345
0.144
0.046
0.062
0.302
0.025
1.279
1.457
1.562
2.922
2.024
0.826
0.825
0.168
0.661
0.193
0.593
1.092
0.182
0.892
0.985
0.181
0.05
3.16
0.933
1.15
0.601
0.098
1.486
0.097
0.03
0.232
4.881
2.328
2.601
0.043
0.298
0.322
1.381
0.898
8.133
0.945
2.432
0.178
1.024
1.175
0.584
0.78
0.058
1.446
0.992
2.19
0.065
0.115
1.706
1.142
0.038
0.065
0.628
0.198
0.057
0.387
2.029
1.358
0.156
2.5
1.118
1.287
0.051
0.123
6.634
1.722
0.038
3.226
1.074
0.059
1.22
0.412
0.539
3.471
0.877
0.606
3.863
0.071
0.034
0.046
2.221
2.899
0.25
0.979
1.449
0.03
2.913
0.087
0.772
1.848
0.053
0.048
1.637
0.17
2.193
1.279
0.1
0.145
0.147
0.985
2.026
0.263
1.026
1.036
0.136
0.024
3.005
2.962
0.103
0.969
0.08
0.085
0.048
1.583
0.266
0.044
1.25
2.479
1.157
0.917
0.759
1.136
2.609
0.458
3.888
2.205
0.118
1.495
0.056
0.247
2.271
3.515
0.069
1.24
0.417
0.944
0.042
1.755
0.61
1.101
0.032
0.282
0.031
2.019
0.492
0.103
0.072
0.903
1.161
1.284
0.067
1.764
1.132
1.169
3.963
2.087
0.104
3.828
1.239
0.993
0.275
0.075
0.115
0.656
1.826
0.848
0.987
2.513
0.077
0.089
2.391
1.541
0.052
0.822
0.277
0.126
0.493
3.382
0.125
0.059
0.806
1.793
4.773
1.257
1.006
1.644
0.088
0.146
0.076
0.056
0.387
0.103
3.129
1.266
2.141
0.271
0.067
0.076
1.767
0.959
0.091
0.151
0.918
0.072
1.269
0.078
0.134
1.392
4.6
2.074
2.365
0.025
0.057
4.952
1.166
0.978
1.254
0.137
1.828
0.464
0.48
0.162
1.105
0.956
1.0
1.425
0.061
0.135
0.104
1.754
0.306
0.024
1.63
1.794
0.172
1.105
0.176
0.568
2.627
1.322
2.519
3.479
0.04
0.095
1.136
2.081
0.955
0.074
0.049
2.876
0.289
2.621
0.072
0.806
0.027
0.921
1.409
1.014
2.296
3.095
4.042
0.06
0.765
1.32
0.11
0.101
1.48
0.889
0.052
0.938
1.127
0.056
1.567
1.536
0.04
0.882
0.037
1.162
1.049
0.177
3.697
2.081
0.421
2.042
0.907
1.567
0.685
2.188
1.312
0.64
0.97
0.089
1.008
2.113
0.153
0.585
0.692
1.447
1.634
0.995
0.372
0.799
4.034
0.362
2.63
0.088
1.782
0.224
0.605
1.285
0.426
0.085
1.918
0.51
2.36
0.367
1.749
5.164
1.564
1.808
1.272
2.065
1.097
1.143
1.219
0.914
0.101
3.424
4.849
0.071
0.972
1.812
0.07
0.107
0.012
0.31
1.458
0.161
1.018
0.445
0.138
0.11
4.971
0.037
2.565
2.243
0.208
0.184
1.77
1.084
2.273
0.102
3.263
0.151
1.924
0.965
0.119
5.952
0.258
1.847
1.311
0.125
3.272
0.155
2.373
0.103
0.999
2.476
0.351
0.897
0.084
0.028
2.159
0.094
0.043
3.157
0.025
0.975
0.568
0.147
4.619
1.412
0.092
2.796
1.616
1.197
1.038
1.308
3.567
0.17
1.558
0.487
0.85
0.524
3.073
0.084
0.498
0.714
0.124
0.08
0.13
0.036
2.019
2.863
1.871
0.581
2.467
0.039
4.647
1.261
0.044
1.249
0.055
2.011
0.109
2.32
0.279
2.08
0.081
3.512
1.159
2.996
0.222
0.65
1.397
2.301
0.689
0.051
0.037
1.353
0.07
3.595
3.949
1.422
1.564
0.447
0.141
0.326
1.082
0.07
0.316
0.027
2.346
3.52
0.161
3.572
0.016
3.861
0.131
0.082
1.194
1.383
7.351
0.828
0.881
1.134
4.143
0.012
0.992
0.171
1.897
0.64
2.206
1.89
6.056
3.202
0.231
0.281
0.844
2.259
0.905
1.298
1.389
0.218
1.547
2.555
0.078
0.057
0.166
2.286
0.075
4.037
0.075
1.292
0.134
3.516
1.433
3.247
0.023
2.065
0.101
1.421
0.123
2.018
0.214
0.022
0.733
5.249
0.047
0.166
0.096
0.671
0.159
0.145
2.525
0.173
0.048
1.803
0.139
1.528
0.064
1.143
1.505
3.699
1.448
0.365
0.197
0.09
1.564
0.135
1.007
1.963
0.109
5.325
1.464
2.694
0.409
1.783
1.18
2.289
2.122
2.248
0.219
1.197
0.029
2.307
2.436
0.155
0.046
0.014
2.076
1.36
0.824
0.117
1.794
0.113
0.301
0.267
4.526
2.474
0.034
0.03
0.274
2.011
0.038
1.466
0.12
1.671
1.099
0.737
0.945
0.028
0.702
4.78
2.0
0.089
0.104
4.053
1.429
0.129
1.039
1.041
0.076
2.843
0.116
1.398
2.243
0.54
2.539
0.269
2.089
0.126
1.102
2.282
3.041
0.041
1.306
0.829
0.035
2.431
0.743
0.031
2.092
2.824
0.756
5.78
0.1
0.025
0.136
0.224
2.161
1.458
0.151
6.986
1.089
5.649
1.189
0.612
3.187
0.113
0.947
0.082
1.677
0.934
0.025
0.122
1.575
2.543
0.914
0.319
3.575
0.036
0.982
0.115
0.689
1.737
0.087
0.192
0.136
2.937
1.35
0.053
0.07
3.239
0.421
2.922
2.156
2.95
3.277
2.891
2.525
0.122
0.336
0.074
2.489
0.922
1.537
0.106
2.101
1.838
0.277
1.466
0.379
0.101
1.562
1.639
0.056
0.998
1.021
0.148
0.089
0.139
0.05
0.117
2.278
1.452
0.891
1.977
1.118
0.043
0.233
3.664
2.101
0.249
1.424
0.249
0.972
1.859
0.044
0.963
1.149
0.116
2.845
1.173
1.577
0.163
0.668
0.063
0.455
1.107
4.282
0.195
0.377
0.712
0.193
1.819
0.887
0.025
0.333
3.144
1.207
0.096
0.56
1.093
2.037
0.154
2.306
0.723
2.223
1.409
2.07
0.027
0.358
0.031
1.734
2.942
0.931
1.089
0.054
0.087
1.11
2.026
3.683
1.367
0.049
3.443
1.53
1.291
0.265
2.305
0.23
1.653
0.074
0.245
2.957
0.811
1.337
0.027
0.917
1.851
0.903
1.281
0.06
1.403
2.253
1.124
0.155
0.112
1.354
0.442
0.275
0.091
1.701
1.097
1.845
0.713
0.093
0.093
0.091
0.118
1.021
0.062
1.081
0.287
0.424
0.699
2.56
0.106
0.077
2.096
3.767
1.398
5.073
0.203
1.09
0.621
0.821
2.276
1.067
3.772
0.875
2.56
0.073
1.404
0.295
1.271
0.082
0.079
0.072
1.168
0.94
5.698
1.743
0.098
0.098
4.162
0.116
2.244
4.045
0.286
0.081
6.081
2.521
0.734
2.657
2.886
0.111
0.086
1.339
8.714
0.741
0.294
1.433
6.024
1.065
1.12
2.795
1.259
0.307
0.799
2.681
0.844
1.525
0.044
1.467
0.221
1.817
0.795
1.295
0.026
3.185
1.244
0.167
0.111
0.11
0.935
0.118
0.534
0.498
0.09
0.084
0.382
1.27
0.038
0.372
1.545
2.236
0.172
1.028
0.128
2.193
0.803
2.763
0.698
1.178
0.239
0.599
5.608
0.113
0.934
1.662
0.031
1.688
1.165
0.963
4.11
0.817
1.526
1.442
0.387
1.202
0.592
1.319
1.33
3.854
1.341
1.593
0.137
0.03
1.869
0.044
0.06
0.049
0.353
1.25
1.448
4.717
0.687
1.048
4.098
1.782
0.897
0.185
4.386
2.443
0.548
0.287
0.027
0.077
0.5
0.049
2.068
1.432
0.174
2.12
3.105
0.836
1.188
0.979
1.424
1.863
1.384
2.301
0.068
0.912
8.346
3.016
1.02
0.247
0.11
0.792
0.109
0.756
1.364
1.122
2.727
0.993
2.359
0.046
0.624
0.701
4.214
0.646
0.064
0.053
1.917
0.204
0.03
0.029
0.889
1.076
2.211
0.098
0.174
0.168
1.253
0.212
0.152
5.434
1.163
0.089
1.54
0.025
0.839
0.034
0.206
0.063
0.031
1.941
0.028
3.787
1.331
0.44
0.168
5.282
1.125
0.062
5.97
1.657
1.944
1.252
2.037
1.129
4.212
0.167
0.141
2.386
0.373
1.891
0.696
1.36
0.156
0.103
0.663
0.267
4.329
1.287
0.305
0.029
1.324
1.18
3.189
1.12
1.159
0.017
0.768
1.474
1.873
3.355
0.509
0.093
1.071
3.143
0.103
0.075
0.056
1.416
0.2
1.575
0.039
1.468
0.907
0.066
0.819
1.151
1.481
1.04
0.059
0.839
0.14
1.664
5.931
1.816
0.044
0.205
0.137
7.256
1.751
0.023
0.765
0.081
1.078
1.509
0.158
0.217
0.585
2.587
2.85
0.289
1.076
6.159
1.266
0.723
0.998
0.062
0.133
1.232
0.075
0.163
0.1
0.089
0.061
0.434
1.223
2.874
1.045
0.035
0.987
1.258
5.371
0.044
1.971
1.389
2.679
1.9
2.192
0.02
3.42
0.01
0.033
1.141
0.036
0.957
4.576
0.697
0.13
3.137
0.601
1.791
6.572
0.178
2.532
3.647
0.196
0.018
1.544
2.503
1.914
1.147
0.049
0.137
0.032
3.119
2.935
0.197
1.06
1.81
2.282
0.064
0.286
0.254
0.071
0.644
2.763
0.072
0.107
1.295
3.645
1.294
0.053
0.558
0.13
2.088
1.296
2.521
0.114
1.096
1.155
0.063
0.139
1.277
0.917
2.977
3.848
2.19
1.732
1.169
0.059
1.485
1.998
1.675
1.324
0.878
1.095
1.234
0.173
0.044
0.354
0.22
0.2
0.879
0.06
1.274
1.078
5.077
1.19
1.26
0.18
1.388
0.765
0.068
2.363
0.076
0.063
0.796
1.657
0.142
1.496
0.042
0.533
0.117
2.621
1.372
2.529
1.714
1.162
0.073
1.547
1.094
5.22
0.703
1.12
0.048
1.945
1.321
0.824
2.311
0.123
0.037
2.683
0.048
0.469
1.348
0.201
0.154
0.283
0.768
4.031
1.244
2.557
0.261
0.211
1.649
0.129
5.466
0.158
2.28
0.737
4.344
2.685
4.006
1.531
0.099
3.078
2.186
1.245
1.812
1.434
0.192
1.299
0.702
0.136
3.205
3.956
1.907
0.077
0.091
1.876
0.769
1.039
0.284
1.153
1.089
2.522
0.129
2.501
1.358
1.216
0.058
0.085
0.032
0.99
1.147
2.198
0.04
1.815
0.734
0.118
1.213
0.741
1.473
0.361
0.197
1.216
0.052
0.068
3.964
0.096
4.579
0.698
0.084
0.848
2.056
0.96
1.223
0.067
1.633
1.45
1.249
0.054
1.733
1.293
0.086
2.99
1.79
0.227
2.054
0.867
1.374
6.039
0.079
2.17
0.741
1.213
5.606
3.157
0.074
1.466
1.6
0.347
0.771
0.748
2.024
2.205
0.067
0.104
1.069
0.106
7.75
1.424
0.112
0.427
1.696
1.643
0.099
0.178
0.156
0.675
1.673
2.319
2.219
3.978
2.136
0.178
1.385
0.038
1.634
0.11
0.505
1.549
1.292
0.027
0.525
0.389
0.07
0.379
2.528
0.125
1.478
1.319
0.87
0.956
2.231
4.788
0.478
3.938
0.035
1.433
1.287
1.264
0.14
5.224
1.247
7.609
2.668
1.997
2.146
0.019
0.103
1.452
1.858
2.12
0.21
2.874
1.133
0.194
0.089
2.56
0.08
1.55
0.086
0.09
1.207
0.131
3.478
0.057
0.416
2.384
0.022
3.111
2.865
0.325
0.103
0.023
1.545
3.405
3.198
0.236
1.627
1.565
0.25
0.232
0.533
4.669
0.694
1.208
0.24
0.582
0.217
0.972
0.069
3.241
0.691
0.209
3.217
1.336
0.15
0.026
1.279
5.424
2.159
1.156
0.216
1.042
1.478
1.093
1.001
4.478
0.62
0.047
2.196
0.032
4.121
0.427
0.037
1.26
1.078
1.603
0.433
0.055
0.059
1.108
0.083
0.904
2.963
0.225
0.7
1.236
0.58
6.844
1.529
0.098
1.336
0.796
1.171
1.077
0.15
0.326
0.242
0.863
1.927
1.172
0.109
0.103
0.041
0.967
0.097
2.358
0.126
1.653
0.078
3.685
0.862
4.773
0.774
0.1
2.461
1.287
3.749
0.109
0.031
2.377
1.693
0.595
0.084
2.322
1.003
0.28
2.606
0.111
0.63
3.499
0.076
0.284
1.985
0.194
0.755
0.022
1.699
0.025
0.062
1.281
0.177
7.06
0.064
1.389
0.036
3.785
1.319
0.068
1.21
4.227
0.046
5.762
3.38
5.781
0.097
0.206
2.565
0.412
0.039
0.014
2.188
1.873
0.112
0.083
0.855
0.104
1.035
0.976
1.799
1.193
0.245
0.75
0.848
0.324
1.364
2.239
0.128
0.065
0.151
0.107
2.289
5.527
1.253
1.886
1.61
1.378
2.961
0.517
5.55
0.883
0.049
0.038
0.744
0.031
0.064
0.043
1.279
0.55
3.015
3.413
1.44
1.822
1.038
0.158
0.812
1.069
0.037
0.944
0.11
1.765
2.131
0.093
1.848
2.793
0.017
2.891
0.026
0.257
0.07
1.334
1.087
0.155
1.915
0.06
0.837
0.034
0.951
0.305
0.03
0.065
0.665
0.171
0.969
1.87
0.605
0.046
0.178
0.074
1.147
0.637
0.484
0.068
0.129
0.189
0.047
0.077
2.557
4.41
0.04
0.045
0.056
0.279
1.831
0.946
0.145
1.141
0.409
0.165
0.733
0.992
0.768
0.122
0.29
2.261
1.045
3.739
2.691
0.039
0.05
6.002
0.023
0.631
0.202
1.861
0.044
1.986
1.966
1.981
1.742
1.564
0.92
1.397
3.22
1.516
0.058
1.006
1.933
0.068
3.008
0.655
0.167
0.871
0.123
1.05
0.054
0.992
0.376
0.134
0.087
0.764
0.127
1.301
2.253
3.554
1.054
0.089
1.83
1.492
0.068
2.52
0.546
0.032
1.719
0.966
0.064
0.957
0.306
0.895
4.276
1.87
0.076
0.604
1.165
0.112
0.154
0.617
5.512
1.47
0.092
0.354
0.418
1.737
0.053
0.228
0.124
1.184
2.282
0.082
1.616
0.824
0.211
0.229
2.212
0.039
1.099
0.381
0.07
7.261
0.097
0.119
2.465
2.221
0.088
0.603
1.046
0.992
2.977
2.417
0.765
2.044
0.995
0.811
0.061
0.089
2.081
2.382
0.03
1.968
3.175
0.017
3.683
2.526
2.295
3.303
2.205
3.123
1.363
3.405
1.186
0.109
1.209
0.78
0.735
1.036
0.039
1.128
0.516
0.887
1.147
0.896
0.15
0.548
0.297
4.698
0.079
2.962
1.267
1.846
2.002
0.894
1.162
2.106
0.183
1.011
2.037
1.87
1.317
3.53
0.593
0.81
3.102
1.022
1.094
0.084
0.074
0.875
0.879
0.21
1.015
0.44
4.851
1.814
0.458
0.103
3.924
1.234
1.691
1.324
1.242
1.241
1.487
0.58
0.13
0.463
0.054
0.149
1.69
0.055
0.69
0.687
2.314
2.466
1.046
2.492
4.547
0.301
0.834
0.101
1.852
5.955
1.022
0.202
0.651
1.116
2.024
1.624
3.258
0.57
1.464
7.416
0.923
0.56
1.366
0.831
1.239
0.158
0.034
0.956
0.037
2.979
3.755
1.757
0.27
5.059
3.31
0.072
0.157
1.089
1.133
0.307
0.07
0.553
1.676
0.296
1.076
1.308
0.194
1.399
0.073
0.812
2.404
0.145
0.052
1.577
0.111
3.22
0.1
0.935
0.027
0.116
2.158
0.374
0.087
0.118
0.186
2.165
3.189
2.635
2.977
1.792
2.483
0.061
3.216
0.11
3.636
1.843
1.35
0.09
1.064
0.086
0.785
4.154
1.29
2.467
0.071
0.133
0.194
0.066
0.79
2.331
5.189
0.94
0.772
0.64
0.051
0.031
1.046
0.866
0.106
2.191
0.049
0.032
1.407
0.151
0.987
0.035
1.226
0.861
1.367
0.722
0.569
1.95
0.791
2.108
0.832
0.072
0.315
0.093
0.053
1.226
0.431
0.38
0.115
0.282
2.461
1.802
0.199
1.019
1.361
2.621
0.071
2.089
1.248
0.862
0.097
0.793
0.064
1.365
3.149
0.022
1.282
0.065
0.198
0.913
1.405
0.027
0.058
0.067
0.141
1.74
2.544
0.467
1.263
1.72
1.05
0.079
2.715
0.207
4.631
0.338
0.593
0.031
0.044
3.304
0.377
0.041
0.151
1.162
0.165
4.921
0.125
0.116
0.131
0.084
0.044
0.943
2.492
0.122
0.029
1.16
1.017
0.131
0.069
0.093
0.068
9.024
1.793
3.952
0.304
0.133
2.159
1.648
0.054
0.148
1.553
0.188
0.046
0.069
1.212
2.527
1.335
0.043
2.181
0.049
1.73
0.973
0.06
0.763
0.304
0.254
1.71
2.159
0.888
0.61
1.275
0.051
0.058
0.021
0.051
1.589
2.708
0.963
0.889
0.087
0.358
3.516
0.159
1.914
1.926
0.117
1.728
0.037
1.005
0.094
1.853
2.296
1.523
0.726
1.083
0.891
0.021
0.73
0.523
0.079
1.725
1.191
0.324
0.086
0.068
4.494
0.029
1.114
0.093
0.137
1.749
1.33
2.063
0.068
0.058
0.116
0.097
3.858
0.188
0.264
0.825
5.281
1.213
1.328
5.064
0.292
1.75
0.078
0.341
0.837
0.082
0.579
0.061
1.089
0.08
0.058
1.816
0.192
0.111
0.311
3.879
0.037
0.046
0.181
1.154
0.222
1.176
4.858
1.704
1.643
3.247
0.275
1.131
0.169
0.032
4.418
0.104
0.92
0.74
3.554
7.019
0.992
3.742
0.128
2.624
1.273
1.554
0.053
0.151
0.066
0.413
1.321
0.029
3.003
2.525
1.078
0.996
1.751
0.041
0.034
0.164
1.604
2.399
0.031
1.12
1.174
0.623
0.032
3.465
2.685
0.411
5.809
0.06
0.783
0.67
0.073
0.152
3.903
0.359
0.06
0.045
4.286
0.132
0.915
1.184
1.415
0.109
1.114
0.113
0.139
0.345
1.549
0.72
3.896
4.016
0.112
2.044
0.124
1.431
4.928
0.579
0.033
0.209
1.271
0.901
0.525
4.442
1.638
0.303
1.704
0.669
0.094
2.38
0.14
1.299
1.466
0.947
0.177
0.086
1.147
1.126
1.038
0.102
0.957
0.101
0.017
0.25
0.153
0.589
0.108
1.979
1.616
0.148
0.035
1.311
0.032
0.139
1.439
0.394
0.521
1.954
0.034
0.997
2.42
2.057
0.07
0.151
2.07
0.833
0.868
2.265
0.352
0.086
0.141
1.435
2.876
2.035
6.373
0.088
0.064
0.63
0.056
1.717
1.76
0.438
0.353
0.02
0.496
0.967
2.438
0.045
1.072
0.123
0.054
0.068
1.323
3.915
0.696
0.076
2.309
0.084
2.584
1.144
1.674
1.71
0.047
0.87
0.054
2.159
0.068
0.187
1.305
2.572
0.141
0.036
0.149
0.641
0.915
0.078
3.58
0.125
0.117
0.046
0.083
1.943
0.471
0.091
0.098
4.326
0.6
0.138
3.079
1.361
3.084
0.093
0.185
0.651
1.017
2.484
0.267
1.125
0.052
0.061
1.502
1.509
1.978
0.081
1.362
0.028
2.656
0.985
0.229
0.185
0.701
1.175
2.505
2.377
5.215
1.238
0.492
0.086
0.065
0.461
1.805
0.076
2.327
0.795
1.221
4.686
1.591
2.165
0.06
0.083
0.819
3.292
1.08
1.542
0.097
2.072
4.733
0.308
0.774
0.015
0.169
8.495
0.158
1.703
1.254
0.142
1.399
0.073
2.325
2.676
0.164
0.605
3.358
0.052
0.093
5.606
3.981
3.077
2.303
1.133
0.026
0.114
1.086
0.102
3.346
1.071
0.882
0.057
0.77
3.778
5.255
1.157
0.025
0.606
0.212
5.211
0.041
2.798
0.228
3.155
1.658
4.023
0.961
0.068
2.082
2.915
0.537
1.371
0.048
1.522
5.114
1.315
0.066
0.679
2.221
0.904
0.166
1.125
0.99
0.148
1.207
0.35
1.673
6.043
0.075
0.987
0.089
0.847
0.94
0.839
2.772
0.198
3.224
0.03
3.879
1.6
0.926
0.072
1.171
1.106
1.348
1.824
0.791
0.103
0.471
4.663
0.022
0.018
0.064
0.145
0.141
1.39
1.861
0.119
0.066
1.086
0.082
0.041
1.089
0.108
0.246
1.748
1.404
1.283
5.583
0.094
0.187
0.829
0.059
3.962
0.163
0.35
0.12
4.336
0.35
0.152
0.077
0.602
0.055
0.045
2.052
0.757
2.463
2.862
1.729
2.398
1.516
1.155
0.393
0.084
0.045
2.17
0.522
0.961
1.168
3.789
3.944
1.018
0.947
3.78
0.03
0.093
1.341
1.288
0.635
0.468
0.132
0.075
0.217
3.12
2.278
0.101
1.121
0.678
0.603
1.377
0.055
1.978
1.08
1.183
2.039
1.53
0.05
4.458
0.772
1.517
0.384
1.625
3.705
0.645
3.295
1.487
1.206
0.287
0.525
1.995
0.168
0.91
0.043
1.626
0.029
1.076
1.084
0.765
3.038
0.502
0.032
3.412
1.476
1.708
0.033
1.214
0.037
1.365
0.2
2.322
1.827
3.095
1.027
0.662
0.046
4.592
0.02
0.179
0.071
0.066
0.067
4.69
0.147
0.12
2.599
0.026
0.797
2.305
1.222
0.894
0.98
1.949
0.764
0.095
1.038
1.151
5.955
0.123
0.631
0.102
0.064
0.06
1.43
0.19
0.066
0.634
2.168
0.069
0.855
0.706
0.124
2.563
0.163
2.7
1.936
0.081
2.318
0.053
1.276
1.316
0.028
2.334
2.201
0.012
1.287
0.803
0.081
8.17
6.759
0.732
1.68
2.634
0.064
0.041
0.253
2.307
1.141
1.839
0.309
0.07
0.051
0.044
0.134
0.128
4.086
0.959
2.652
0.964
0.163
0.083
0.067
2.412
0.938
0.082
0.126
0.046
1.005
2.833
2.814
1.979
1.27
0.069
0.978
0.038
1.761
0.928
0.086
0.143
0.085
0.067
3.94
1.6
0.189
5.394
1.069
1.603
3.566
0.133
0.229
0.203
0.851
0.028
0.136
0.163
1.037
0.818
6.712
3.185
0.068
1.0
0.808
2.156
0.292
0.117
0.6
0.041
1.433
2.522
3.141
0.98
0.164
0.041
4.397
0.143
6.345
0.91
2.462
0.026
0.18
2.79
0.102
1.934
0.827
2.731
1.525
0.893
0.779
1.23
0.088
1.297
0.089
0.091
0.653
1.608
1.017
0.936
0.047
0.039
1.111
1.886
1.683
1.121
1.182
2.096
0.107
0.056
1.947
0.053
0.705
1.318
0.035
1.315
0.23
2.764
0.163
0.301
0.79
3.289
0.53
2.719
1.246
0.354
0.786
0.585
0.907
0.169
0.058
2.479
0.933
2.134
0.051
0.047
0.335
4.319
0.729
0.092
1.304
2.019
2.388
0.836
0.238
0.85
0.094
1.341
4.162
1.098
0.916
1.472
1.58
0.288
0.87
1.203
3.453
2.312
0.227
0.534
0.199
7.152
0.162
0.034
0.096
0.046
1.174
0.045
0.049
1.987
0.569
0.652
1.428
0.314
0.089
1.803
0.158
1.049
0.337
0.031
2.508
0.427
0.177
1.889
5.373
0.077
0.374
1.997
0.884
0.778
1.639
2.405
2.108
1.159
0.537
2.358
0.052
0.149
1.25
2.103
0.105
2.12
0.272
3.308
1.422
3.274
0.03
3.668
1.463
0.146
1.617
0.071
3.551
0.541
0.027
0.597
0.063
0.384
0.119
0.955
1.09
1.924
0.886
2.024
0.654
1.365
1.315
0.752
4.8
1.906
0.025
1.083
0.677
0.041
0.118
1.883
1.427
0.025
1.284
3.205
3.171
0.547
2.375
0.188
0.962
0.105
0.047
5.269
1.351
0.138
0.064
0.1
0.103
1.111
2.319
1.244
0.26
0.9
0.036
2.756
0.196
0.112
2.367
0.034
0.102
0.256
0.267
0.154
6.64
0.197
0.209
1.644
0.932
0.066
1.175
0.069
0.046
4.626
0.986
0.194
1.063
1.245
0.638
0.345
0.019
6.72
3.763
0.053
0.366
0.183
0.092
0.071
1.694
1.173
0.061
0.924
0.036
0.257
0.849
0.682
0.177
0.04
1.25
3.382
0.058
1.163
1.001
1.709
0.137
1.208
0.121
2.02
1.098
5.907
0.112
1.278
2.578
1.383
1.984
0.97
0.862
1.874
2.442
0.097
0.13
1.078
2.154
0.235
0.965
0.033
0.083
1.039
0.11
1.519
0.913
0.792
2.445
0.108
0.477
2.108
1.337
0.093
0.083
0.022
0.927
0.182
0.048
0.021
4.089
0.776
0.043
0.022
0.034
1.662
2.202
0.695
0.121
0.045
3.597
2.287
0.143
0.166
0.264
2.538
0.059
2.566
0.792
1.593
2.604
8.023
0.969
0.952
0.11
1.17
0.114
0.213
0.455
3.551
6.521
2.571
1.679
1.225
0.037
0.805
2.165
2.495
3.887
0.923
0.068
1.122
0.059
1.843
1.999
3.965
2.371
0.06
0.057
0.078
0.077
1.11
2.656
0.103
0.08
0.361
2.745
1.564
1.065
0.045
0.073
3.651
0.359
0.394
3.867
0.098
0.55
1.157
0.097
0.228
3.328
0.425
0.047
0.134
1.358
1.212
0.017
1.179
0.107
0.166
0.793
1.064
3.244
4.144
2.526
0.124
0.989
1.531
0.956
0.057
2.669
0.131
0.217
1.404
0.103
0.123
0.606
1.701
0.812
0.059
0.102
0.102
2.795
2.186
1.906
0.128
1.336
1.03
0.175
2.939
0.114
0.319
0.065
2.533
0.03
0.04
2.532
2.414
2.422
2.075
0.066
5.777
0.691
1.376
2.87
0.719
0.286
0.175
0.608
0.208
0.09
0.159
1.243
2.952
0.042
1.376
1.262
1.343
1.933
0.283
0.053
0.146
0.152
0.16
1.104
2.203
1.379
0.979
0.861
0.942
0.788
0.016
0.177
2.291
0.226
0.961
1.081
0.258
1.179
0.127
1.887
0.14
0.035
0.173
1.218
2.426
2.383
1.241
0.036
0.157
0.115
5.792
3.488
0.983
1.083
0.522
0.409
0.068
1.066
5.63
7.206
0.429
1.377
0.058
1.801
3.29
0.856
0.233
3.07
2.955
0.026
0.042
0.726
0.125
3.156
1.529
0.019
2.138
1.011
5.733
0.102
0.095
0.042
0.542
2.653
0.923
0.192
1.567
2.138
2.146
1.019
2.436
0.015
1.712
0.119
4.379
0.12
0.115
0.034
1.011
0.043
5.801
0.802
0.689
0.107
1.015
0.088
1.174
1.097
0.91
0.048
1.989
0.128
0.038
0.664
0.048
0.056
0.124
0.82
0.168
1.289
0.083
3.088
0.036
0.21
2.055
0.064
0.803
2.288
0.053
2.302
1.009
0.872
1.448
1.635
1.499
0.15
0.116
1.525
1.106
1.937
0.394
0.021
0.934
1.72
0.916
0.076
0.061
0.648
0.247
0.072
0.947
0.943
1.682
0.749
0.748
0.074
5.545
1.712
1.632
2.684
0.962
2.866
0.133
2.117
2.767
0.104
0.901
0.093
1.043
2.114
3.816
0.108
1.149
0.2
6.189
1.982
0.683
4.938
0.258
0.043
0.082
2.13
1.997
1.415
0.234
0.451
0.044
0.142
0.085
1.055
0.776
0.714
0.671
0.122
0.072
1.177
0.091
0.065
0.074
0.098
1.353
0.88
0.049
0.115
1.395
0.733
0.704
3.4
0.057
1.504
0.461
0.08
0.33
0.149
0.023
2.03
0.253
4.621
0.181
0.147
1.811
0.512
2.116
4.121
3.291
2.126
0.035
0.049
0.719
6.402
1.942
0.061
1.405
2.812
3.96
1.152
3.368
2.967
0.099
1.218
0.791
1.417
0.127
4.128
1.395
2.41
2.59
0.061
0.751
0.273
1.539
1.694
1.162
0.198
3.804
1.168
0.709
0.099
1.257
3.666
4.74
0.912
1.081
1.987
0.124
0.093
0.156
0.208
0.202
0.76
0.17
0.304
0.095
2.912
0.06
0.144
0.549
2.185
0.07
1.273
0.849
1.478
1.017
0.563
0.043
0.071
2.188
2.297
0.025
0.024
0.164
0.121
1.924
0.13
0.181
0.076
3.01
0.29
0.07
0.657
0.115
0.022
2.434
0.064
0.072
4.176
0.847
1.931
1.77
0.914
0.234
0.92
0.052
0.06
0.644
2.777
1.725
0.8
0.027
0.035
1.63
1.756
4.585
1.215
0.054
1.01
1.927
1.142
1.353
7.102
4.066
2.275
1.035
0.197
0.222
0.041
0.045
0.754
1.753
0.03
0.884
0.105
0.17
0.294
0.035
0.043
1.045
0.068
1.013
1.054
0.052
2.261
0.313
0.128
1.28
0.918
1.86
0.038
1.008
1.072
1.112
1.025
3.264
1.706
2.325
0.66
1.215
0.091
0.181
3.229
1.277
0.654
0.052
2.226
1.087
0.148
1.682
0.071
3.982
0.136
2.886
3.327
1.29
0.064
0.075
1.899
3.405
2.287
1.211
0.122
0.225
1.046
0.191
0.667
0.081
1.399
0.144
0.047
3.479
1.798
3.351
1.366
0.838
3.209
2.512
1.001
1.279
0.113
1.343
0.201
0.715
1.008
0.765
1.282
0.293
0.024
1.709
3.438
0.901
5.834
1.114
0.063
0.091
1.879
1.245
1.683
0.349
0.248
0.215
3.397
2.136
0.986
1.925
0.037
0.018
0.053
0.535
0.149
0.036
1.404
1.0
1.34
0.696
2.745
1.203
0.694
0.035
3.889
2.063
0.114
1.615
1.404
0.123
2.773
0.198
0.349
2.763
2.886
1.128
0.029
0.056
0.072
1.424
3.923
0.36
0.044
3.727
0.931
1.829
0.931
5.674
0.623
0.045
1.285
1.56
0.76
0.062
0.032
0.398
0.719
0.606
1.562
1.396
1.64
7.671
2.722
1.32
3.472
0.105
1.793
0.136
0.211
0.175
1.507
2.046
0.447
1.592
0.937
0.03
0.765
0.073
0.918
0.344
0.794
1.854
0.245
0.048
0.458
0.176
0.074
0.067
1.318
0.113
0.075
0.044
3.104
2.597
0.253
0.107
0.105
0.1
3.842
0.183
1.205
0.067
0.321
0.272
0.031
0.933
0.713
2.089
2.46
1.165
2.533
3.365
0.381
1.718
2.393
0.905
1.114
3.784
0.799
1.231
0.85
3.386
0.091
0.816
3.425
1.282
1.499
0.07
1.228
0.89
2.589
0.652
1.268
2.556
0.11
0.184
0.079
1.429
0.084
1.386
1.463
0.224
2.587
0.154
0.139
1.091
2.652
1.108
0.128
0.085
0.118
4.967
0.097
0.115
0.253
0.254
0.022
0.376
0.036
0.146
0.653
0.705
0.176
0.463
0.772
1.184
1.929
1.262
0.113
1.665
1.742
0.372
0.095
1.104
0.162
3.245
0.396
0.345
1.171
0.141
0.524
0.038
1.131
1.559
0.835
0.129
4.066
0.23
0.582
0.016
1.201
2.842
0.441
0.267
0.503
0.375
0.671
2.141
0.071
1.644
0.128
0.035
1.097
0.131
0.063
0.278
0.506
0.127
0.324
1.236
0.864
1.403
1.327
0.165
3.298
0.184
0.584
0.045
2.234
0.102
1.055
0.093
2.776
0.914
1.38
3.941
0.738
1.86
4.525
0.991
0.058
1.071
0.094
1.218
0.758
0.935
1.745
0.024
2.787
3.625
4.218
0.075
4.772
2.611
2.108
1.487
0.724
0.322
0.379
0.038
2.228
0.023
1.24
0.086
2.232
3.811
4.686
0.239
0.059
0.04
0.139
1.742
0.875
0.685
1.205
0.073
3.062
3.925
0.026
0.07
0.727
2.044
1.165
0.074
0.05
0.11
0.118
0.071
3.485
2.76
1.443
5.016
0.017
2.179
2.388
1.173
1.595
0.948
0.098
0.987
0.824
0.988
0.024
2.015
2.014
0.019
0.098
0.18
0.822
0.415
0.744
0.314
4.313
0.053
0.573
4.329
3.416
1.143
1.563
6.131
1.313
0.248
0.031
0.132
2.253
1.441
1.603
0.225
0.198
0.799
0.131
1.016
1.789
1.21
0.942
0.058
0.068
1.821
6.346
2.009
0.2
0.417
2.445
0.158
3.842
2.021
4.271
0.096
0.228
0.42
0.141
1.113
0.933
0.577
0.766
1.454
0.791
0.059
0.308
0.039
4.719
0.837
1.302
0.108
0.531
0.264
0.781
1.121
0.2
0.76
0.258
0.861
0.109
1.441
2.689
1.163
0.524
0.055
1.465
0.038
0.474
0.999
1.231
0.148
3.234
8.727
2.863
0.025
2.217
0.064
0.064
0.836
0.09
2.255
0.564
2.77
0.091
0.052
0.113
0.195
1.835
0.2
0.459
0.072
1.757
1.783
0.993
1.314
1.451
0.891
0.604
4.667
0.295
0.056
0.086
2.622
1.369
1.01
2.496
0.384
0.428
1.317
2.408
0.111
0.189
1.537
0.564
2.926
1.083
0.492
0.022
0.025
2.973
1.511
0.555
0.148
0.971
2.272
0.207
0.061
0.109
3.406
0.226
1.415
1.162
1.299
0.026
1.547
0.085
0.049
0.082
0.468
0.077
0.082
0.319
1.193
0.037
1.573
0.075
0.739
1.031
0.082
0.044
1.046
0.86
0.315
1.008
0.154
0.102
1.228
0.082
0.06
4.443
0.829
1.603
3.707
0.881
0.05
1.386
1.791
0.108
2.141
1.167
1.201
2.427
0.222
0.809
0.307
2.401
0.625
3.928
2.612
0.086
1.815
5.52
1.296
1.046
0.034
0.79
0.471
0.114
0.294
0.824
0.068
2.038
0.079
0.031
2.414
0.375
0.102
0.032
0.531
1.87
0.087
0.042
0.022
0.308
4.935
3.813
1.001
1.912
0.215
1.507
0.392
0.092
0.23
0.088
1.307
0.024
1.19
5.314
1.237
1.11
2.004
1.267
0.063
0.045
0.486
0.847
2.557
2.084
1.84
0.079
0.051
0.843
1.7
0.821
2.98
0.516
0.196
0.064
0.065
0.026
0.087
1.749
0.904
0.037
1.359
1.85
1.506
1.032
0.812
0.032
0.123
1.097
0.039
0.064
1.438
3.176
1.098
0.124
0.065
1.168
0.624
0.146
0.979
0.814
1.253
0.698
0.053
0.054
3.12
0.149
4.304
1.93
0.104
1.206
0.106
2.469
0.073
1.392
0.044
0.337
1.719
0.415
4.443
0.034
1.746
0.678
1.631
2.785
0.131
2.215
0.394
0.12
2.336
0.064
0.168
0.225
0.196
0.06
0.051
1.261
0.033
0.929
1.9
4.473
0.361
1.101
0.072
1.489
0.169
2.338
0.133
0.023
1.389
1.152
0.037
0.036
1.213
0.747
1.727
0.081
0.028
1.02
1.555
1.102
0.843
1.304
0.883
5.515
2.348
0.056
1.02
1.679
0.017
0.095
1.289
3.563
1.292
1.541
0.136
0.083
4.887
1.801
1.899
1.258
2.677
1.089
2.046
1.676
0.406
0.361
1.006
1.537
3.309
1.53
3.426
1.18
0.134
0.047
3.257
0.971
0.071
2.745
0.142
1.768
0.051
1.125
0.036
0.124
0.128
0.041
0.214
0.23
0.559
1.684
2.362
0.078
1.677
1.0
0.142
1.148
0.087
0.236
0.122
4.422
2.631
0.13
0.049
1.995
2.335
1.263
0.703
0.571
0.966
5.174
2.721
1.496
0.073
2.284
1.193
1.567
0.632
0.279
0.076
0.179
4.803
1.048
1.39
0.213
0.807
0.114
0.72
0.013
1.293
0.967
1.656
2.749
0.032
0.042
1.605
0.243
4.705
1.406
0.856
1.13
1.877
4.183
1.696
1.305
1.258
0.118
0.032
1.139
0.096
0.178
8.966
0.07
2.455
1.182
0.144
0.035
0.739
0.989
1.87
0.068
0.872
1.568
0.056
0.085
0.08
2.231
0.054
2.731
0.033
1.039
1.237
1.845
0.4
2.022
0.019
4.184
2.677
1.123
0.455
1.699
0.038
3.787
1.096
1.126
4.823
0.112
1.163
0.217
1.113
4.359
1.075
4.366
0.427
0.726
2.151
1.046
3.22
0.321
1.013
1.281
1.195
0.375
0.662
4.715
2.475
0.18
4.404
0.549
1.273
0.312
1.117
0.82
0.127
1.097
0.188
0.117
3.934
2.05
0.816
0.146
0.062
2.79
0.064
0.127
0.079
2.131
3.757
2.065
2.979
0.195
0.944
0.776
0.14
0.127
0.145
0.06
2.522
0.94
0.23
3.431
4.624
0.24
0.033
2.881
1.24
0.017
0.149
1.609
1.486
1.423
1.673
0.98
0.556
1.537
0.095
1.275
0.055
0.901
2.475
0.866
1.575
0.796
7.467
0.523
0.122
2.826
1.634
1.579
2.301
0.033
0.908
2.868
0.866
1.324
0.411
1.023
2.56
2.457
0.111
2.387
1.357
1.727
0.192
2.669
3.586
1.355
0.056
1.923
1.473
0.169
0.514
1.706
1.25
3.834
4.47
0.188
0.984
0.91
4.356
0.052
0.754
1.344
3.562
1.263
0.304
0.069
0.133
0.094
1.247
3.132
0.186
0.166
1.642
1.248
1.886
1.356
2.342
0.798
0.148
2.142
1.289
0.125
0.771
0.102
0.174
0.068
2.858
0.063
0.369
0.062
0.037
0.031
0.777
1.191
0.968
0.943
2.342
2.997
0.118
0.875
0.848
3.404
2.221
1.257
0.051
0.927
1.215
1.267
0.024
1.218
0.107
0.088
1.366
0.05
0.8
1.262
2.902
5.421
0.145
2.97
0.868
2.922
0.038
4.415
0.374
1.378
0.753
1.196
0.687
0.831
0.022
2.248
2.673
0.843
0.073
1.374
0.063
0.314
0.233
1.7
0.114
0.866
0.14
0.29
0.095
0.059
0.093
0.09
0.12
0.048
0.78
5.612
2.512
0.402
1.559
0.082
1.375
1.355
0.046
0.148
1.435
0.102
0.289
0.019
3.746
0.058
0.077
1.029
0.96
0.077
2.887
0.044
0.821
1.039
0.111
1.38
0.049
3.913
2.622
0.533
0.059
3.907
3.698
0.038
0.907
0.09
0.683
0.952
2.455
1.336
0.214
0.048
3.529
0.182
0.031
2.015
0.851
0.183
0.321
0.971
1.969
1.773
0.551
0.034
0.204
1.382
0.113
3.303
0.833
0.117
3.18
1.613
6.604
1.602
1.001
1.766
0.838
0.109
1.084
0.048
1.185
0.106
0.129
0.208
1.917
0.197
0.692
0.029
0.03
1.146
0.158
1.926
0.304
0.299
0.091
0.29
1.813
0.11
0.049
0.353
7.749
0.048
0.013
2.782
1.016
0.074
0.085
1.222
0.063
2.29
1.823
0.402
2.646
2.16
0.915
4.965
0.159
1.343
0.877
0.049
1.172
0.116
2.092
7.013
0.047
1.514
0.999
0.036
0.871
0.876
1.015
3.978
0.968
1.111
0.096
0.029
0.093
0.209
0.614
0.102
0.367
0.242
0.057
0.284
0.872
0.519
0.435
3.297
0.061
0.03
1.076
1.041
2.586
0.264
3.342
0.034
2.597
0.083
0.756
0.151
0.889
0.842
1.303
1.281
1.09
0.021
0.065
0.112
0.729
0.04
1.251
0.135
0.032
1.699
3.593
1.297
0.066
0.918
0.191
1.21
4.315
0.08
0.99
0.843
0.193
3.147
0.09
4.203
0.661
0.239
0.18
0.931
2.017
0.052
0.036
0.068
1.211
0.915
1.138
0.951
1.811
0.665
0.036
0.878
1.353
0.118
1.294
5.453
1.576
1.931
0.096
1.09
1.351
0.633
3.599
1.55
0.993
0.158
0.56
0.858
0.178
3.532
1.804
2.352
1.471
0.187
1.07
0.037
0.053
0.445
0.697
1.675
0.234
0.077
0.736
1.34
1.666
0.202
0.108
4.276
0.04
2.061
1.125
0.129
4.142
0.088
1.471
0.798
0.229
0.096
0.022
1.077
0.109
0.037
0.918
1.237
1.064
0.368
3.082
0.97
0.762
1.984
0.069
3.376
0.044
3.439
0.22
1.41
4.523
0.346
0.049
6.468
1.505
0.227
1.41
0.127
0.033
0.089
1.904
0.02
1.162
5.223
0.166
0.38
1.584
0.16
1.259
0.022
0.104
0.359
1.096
0.213
2.328
0.138
1.476
0.779
0.12
0.127
0.107
0.919
0.243
0.388
0.14
1.244
1.383
1.968
2.036
0.952
2.924
1.303
0.069
1.308
0.843
1.125
1.946
0.02
0.102
0.107
0.054
1.905
0.081
0.344
0.085
1.409
3.751
2.816
0.079
1.082
0.061
0.14
0.997
1.077
2.068
0.827
1.152
0.477
1.435
0.961
3.58
2.037
1.916
1.638
0.202
0.833
0.03
0.221
0.916
0.069
2.772
2.156
2.105
0.961
0.059
1.402
0.194
0.43
2.067
1.284
0.183
1.527
6.461
1.422
0.091
3.468
0.926
0.288
0.07
4.149
0.947
0.66
1.459
0.143
2.781
0.122
1.155
2.091
1.077
0.134
0.786
0.958
0.253
0.983
0.031
0.31
2.102
2.271
2.716
0.226
0.969
1.694
2.492
1.757
2.449
1.883
0.141
1.285
0.025
2.361
0.656
0.113
0.744
0.14
2.102
0.438
3.603
0.074
0.058
0.831
0.08
0.146
4.48
0.085
0.054
1.367
0.037
0.068
0.045
1.15
0.285
3.44
0.05
0.174
1.11
1.291
1.656
1.187
1.706
0.908
1.369
2.63
0.061
0.23
4.102
1.168
1.092
1.67
0.04
1.752
0.072
3.676
0.36
6.038
0.101
0.229
2.522
0.027
0.481
0.439
0.706
1.236
1.354
1.206
2.012
4.701
1.213
3.506
1.024
1.634
0.508
2.62
2.286
3.835
0.043
1.318
0.248
0.816
0.2
1.141
4.951
0.954
0.116
3.03
0.881
0.409
0.051
0.977
0.959
3.009
3.125
1.164
0.942
1.226
1.834
1.279
2.825
1.084
0.038
2.545
0.108
0.864
0.03
0.662
0.026
1.84
1.296
1.037
0.387
0.817
0.167
0.11
0.103
1.231
0.823
2.011
0.724
0.046
3.929
0.317
1.335
2.789
0.036
0.142
2.514
0.807
0.239
0.818
0.198
0.913
0.694
0.75
1.213
1.243
0.495
1.348
0.052
0.132
0.411
1.789
2.456
2.504
1.147
0.062
0.016
0.347
1.138
0.087
1.041
0.074
0.788
1.36
1.214
2.3
1.193
3.358
3.454
0.187
0.898
1.364
1.425
1.54
2.39
4.545
2.019
0.094
1.303
1.939
7.683
0.105
1.093
1.273
1.646
2.467
1.358
0.241
4.613
0.095
0.179
0.031
0.17
10.748
1.78
0.065
0.881
0.138
0.159
0.085
0.994
1.526
0.226
0.83
0.133
0.127
0.088
0.126
1.948
0.315
0.197
2.437
1.654
1.211
0.114
0.486
1.112
1.312
0.586
0.152
0.049
0.431
4.348
0.473
2.044
0.128
0.168
1.375
1.083
0.208
8.05
0.044
0.414
0.755
1.021
2.431
1.064
0.049
1.935
0.493
0.046
0.752
1.509
2.565
5.448
0.136
0.037
0.17
0.184
0.173
0.815
1.31
2.415
0.041
0.819
2.385
0.491
1.149
3.471
0.271
2.242
0.16
0.162
3.252
1.751
0.817
1.012
0.043
5.25
0.955
0.028
0.071
1.289
2.23
0.867
1.49
1.066
4.293
0.032
1.43
0.116
2.177
0.757
1.227
0.083
3.005
0.131
1.792
0.118
0.07
0.963
0.049
0.094
0.125
0.988
0.183
2.551
1.052
0.895
0.342
0.144
0.052
0.1
0.056
2.941
2.714
5.995
1.021
0.211
7.295
1.024
0.763
4.265
0.134
0.158
1.103
0.888
0.491
0.065
0.693
0.041
3.63
2.264
0.767
0.14
0.051
1.454
0.027
2.37
2.04
0.256
0.063
0.067
3.774
1.452
0.082
0.511
1.905
0.077
2.786
2.944
0.853
0.056
0.041
0.119
1.47
0.87
1.394
0.033
0.87
4.055
0.2
1.026
0.429
0.189
0.752
0.021
0.402
1.321
0.204
8.201
0.192
1.894
2.714
2.175
2.454
1.518
3.412
1.814
1.242
4.502
0.571
1.287
0.862
0.048
2.052
0.095
2.727
1.216
0.455
0.216
2.03
0.091
0.049
3.984
0.327
1.306
1.522
0.036
0.047
0.131
0.99
1.822
0.211
3.237
1.333
0.021
0.784
0.32
2.026
1.595
1.065
2.489
1.072
0.634
2.609
4.338
1.359
0.271
1.298
0.115
0.036
3.717
2.831
0.254
0.288
0.075
1.345
3.053
0.473
0.043
1.331
0.138
0.288
1.223
2.899
0.23
0.358
0.87
0.064
0.152
0.093
3.299
0.377
1.807
1.121
0.146
0.056
3.638
0.421
2.433
0.282
4.305
0.179
1.347
0.652
0.71
0.25
0.158
0.082
0.033
0.122
0.092
0.922
2.617
0.554
1.361
0.19
2.264
4.19
0.086
1.339
4.23
1.596
0.342
1.953
0.931
0.179
0.311
0.993
2.221
0.051
0.042
1.814
1.419
3.017
0.036
3.225
2.89
0.083
1.254
0.068
0.112
1.198
0.174
0.057
0.042
0.503
2.053
0.171
0.029
0.071
0.906
2.288
1.835
0.549
1.355
0.093
0.17
1.166
0.945
0.058
1.543
1.005
0.554
1.094
0.185
0.554
0.25
1.215
0.15
1.193
2.328
2.189
6.232
1.363
0.298
3.001
0.149
0.542
1.055
1.889
1.789
0.377
2.087
0.033
1.203
0.161
4.308
0.083
1.556
1.997
1.468
1.788
4.933
0.081
0.323
1.256
0.432
2.837
0.547
1.184
0.88
0.068
2.215
1.594
1.067
1.123
1.734
0.172
0.115
2.558
1.808
0.865
0.027
1.556
0.04
0.392
0.119
1.055
1.542
0.131
0.723
0.268
0.142
0.279
0.829
0.264
0.057
1.053
0.728
0.164
1.306
0.9
0.999
2.913
0.055
1.671
0.512
0.159
2.084
0.084
0.027
0.843
0.467
0.36
0.069
0.118
1.109
0.056
0.102
0.09
6.695
0.115
1.62
0.045
0.111
0.777
0.787
0.234
0.236
0.028
1.053
0.142
0.407
1.561
0.163
2.575
3.832
2.428
1.106
0.463
0.392
0.159
0.199
0.049
0.084
1.787
0.076
1.075
0.059
1.635
1.05
0.12
2.886
0.852
1.249
1.841
0.189
0.341
0.557
1.359
0.273
0.429
2.909
0.712
3.286
0.822
0.072
0.89
0.237
1.559
0.179
0.579
0.077
1.902
0.633
2.254
0.081
0.835
2.842
2.994
5.588
0.941
6.735
0.066
0.048
0.093
1.277
0.108
2.668
0.124
0.04
0.36
1.743
0.104
2.0
1.328
1.368
0.123
1.391
0.054
0.576
0.204
0.02
1.013
3.826
0.11
2.295
0.056
1.492
1.251
1.018
6.202
0.115
1.316
2.658
2.065
0.95
0.127
0.213
2.053
1.284
0.707
2.662
1.168
1.062
0.057
2.293
5.105
0.101
0.792
0.896
1.384
0.134
0.071
1.4
1.083
1.007
0.065
0.758
0.919
2.364
1.035
2.471
1.026
2.72
0.759
0.85
2.751
0.804
1.753
0.281
0.365
1.023
3.432
3.176
2.513
0.095
0.44
0.287
3.317
0.052
0.06
0.644
0.157
1.727
1.672
0.245
0.411
1.075
0.582
0.332
0.105
1.078
0.168
0.114
0.839
0.097
0.064
0.238
0.053
0.021
0.043
0.668
2.058
0.203
1.686
0.058
0.115
1.9
2.01
3.233
2.149
0.059
0.031
1.133
0.048
0.186
0.294
0.321
0.119
2.149
0.055
3.863
1.834
2.175
0.807
0.04
1.502
0.238
1.243
0.242
1.023
0.617
0.104
1.006
0.196
0.072
2.258
0.03
0.065
3.93
1.118
1.319
1.085
2.219
1.766
2.634
0.094
0.043
0.141
2.03
1.744
2.421
0.073
1.67
0.099
0.035
0.796
1.191
0.075
0.028
1.224
1.829
4.363
0.247
1.815
3.838
0.813
0.705
0.032
0.132
1.21
1.766
0.053
1.065
0.744
1.701
0.045
1.753
0.414
0.036
1.414
0.367
1.143
1.22
0.085
0.309
0.303
0.06
2.882
3.713
0.065
0.175
1.578
0.058
2.235
1.024
0.126
0.086
0.121
1.994
1.473
0.071
0.27
1.182
0.862
1.185
0.064
0.085
2.114
0.48
5.13
0.142
0.698
0.473
0.029
0.842
0.103
0.314
1.517
1.242
0.768
0.062
1.35
2.566
0.051
1.712
0.715
0.835
0.321
1.882
5.036
1.109
0.083
0.107
3.47
0.886
0.369
0.15
2.626
0.149
0.878
0.117
6.697
2.511
6.303
0.122
0.3
1.944
4.463
1.654
1.505
0.044
1.575
0.561
0.104
2.918
0.908
0.067
4.769
0.079
0.106
0.044
0.96
0.097
1.23
0.258
0.885
0.075
1.094
1.157
0.628
0.57
4.489
0.562
0.077
2.528
4.819
1.319
1.115
1.118
0.201
0.042
0.654
0.583
0.711
0.245
0.271
0.914
1.786
0.546
0.923
0.072
0.187
0.066
3.043
0.018
0.257
0.197
2.12
1.846
3.182
1.049
0.675
0.222
0.086
2.288
0.767
1.212
2.163
0.758
1.481
1.423
2.964
2.246
0.113
1.518
0.633
1.031
0.119
0.05
0.22
2.16
1.944
0.08
0.862
1.884
0.91
0.059
0.077
1.053
0.236
0.225
0.034
0.484
0.191
1.34
1.139
1.58
0.199
2.904
0.647
1.095
2.96
0.023
0.22
0.026
1.202
0.131
1.767
1.05
1.191
0.855
0.507
0.166
1.153
0.267
0.065
0.163
0.216
1.321
3.355
0.078
2.088
1.254
0.357
1.935
0.12
1.658
0.086
0.107
1.62
3.117
2.038
2.321
3.582
0.959
4.46
0.092
2.916
0.053
1.02
0.925
0.781
1.125
0.084
1.114
0.944
2.171
0.034
0.04
0.986
0.96
0.705
4.893
2.296
1.746
0.195
0.034
1.115
1.895
0.038
0.87
2.16
4.339
0.086
0.304
0.705
2.06
1.58
0.097
2.468
1.276
0.129
2.79
2.367
0.081
1.684
1.046
1.649
0.12
1.829
1.676
0.096
1.053
5.004
0.486
2.861
0.239
2.461
3.97
2.43
1.661
2.147
1.629
3.419
0.095
1.369
0.259
0.998
1.28
4.67
2.924
2.0
2.02
0.917
1.916
0.689
1.978
0.076
2.616
1.913
1.456
1.105
2.756
1.976
2.953
0.037
0.97
0.952
3.264
1.246
0.913
0.079
0.099
6.417
0.873
2.948
1.619
0.141
2.051
0.266
1.559
1.914
1.611
1.713
0.191
0.989
1.158
0.473
0.758
0.048
0.113
4.063
0.737
1.098
2.511
1.122
2.78
3.15
4.643
3.139
0.287
0.173
1.33
0.049
1.174
7.413
1.37
0.539
2.266
0.857
0.067
1.934
1.08
0.029
1.702
1.578
3.229
0.303
0.059
1.048
2.196
0.322
4.882
0.313
0.133
1.003
0.693
1.784
0.312
1.782
0.115
0.69
0.045
0.048
1.002
0.077
1.128
0.828
0.041
4.959
0.039
2.409
1.123
2.445
0.031
0.585
1.709
1.881
2.628
1.083
2.232
0.943
1.992
1.461
2.212
3.32
0.086
0.657
0.038
0.829
3.405
0.128
3.187
0.021
1.208
1.803
3.116
0.082
2.624
0.05
0.04
0.082
2.716
0.683
0.13
1.06
0.554
0.748
0.067
1.788
0.692
0.911
1.178
1.083
0.09
0.03
0.042
2.789
3.321
1.876
0.16
1.3
0.16
0.061
1.892
0.14
1.493
0.579
1.903
0.043
1.427
2.566
0.089
0.34
4.085
0.029
0.24
3.895
1.686
0.096
0.076
1.482
0.908
0.503
1.896
1.069
0.575
0.052
1.155
0.996
0.065
1.154
0.702
3.638
0.757
0.169
1.342
0.14
5.656
1.273
0.096
0.069
1.346
1.107
0.862
1.28
1.416
0.914
0.763
0.11
0.819
1.695
0.894
1.848
0.529
0.175
0.047
0.914
1.566
0.858
0.916
1.112
5.227
1.398
1.617
0.04
2.692
3.5
0.071
1.47
1.243
2.281
2.326
1.509
1.272
1.55
1.68
5.816
2.571
2.764
2.469
0.665
0.12
2.168
0.247
1.021
0.04
0.032
0.891
1.24
0.037
0.114
2.712
0.738
2.598
0.026
0.53
1.513
2.718
1.008
1.733
0.148
3.156
0.205
2.183
0.054
0.204
3.609
1.655
3.927
2.145
0.253
1.127
1.891
4.208
5.958
0.262
7.342
1.762
4.156
0.108
0.247
0.278
0.043
0.15
1.083
0.047
1.137
1.667
5.825
2.656
0.89
0.672
0.409
0.166
1.139
0.829
0.424
2.158
1.338
0.044
1.868
1.35
0.035
0.199
0.035
0.713
1.304
0.213
1.59
0.836
1.282
0.275
1.727
0.053
1.426
0.386
1.001
0.893
1.241
1.549
2.045
1.976
1.953
3.85
0.135
1.335
1.611
1.224
0.075
0.081
3.289
1.465
0.126
0.067
0.141
2.327
0.959
0.065
2.107
0.966
1.944
0.423
0.107
0.343
2.269
1.201
0.992
0.797
0.024
0.113
1.037
1.913
0.224
1.432
0.08
0.186
1.228
1.046
0.827
0.16
0.914
5.638
0.888
1.925
3.234
1.495
0.404
0.05
2.026
3.268
0.202
0.096
1.39
1.351
0.87
0.049
1.038
1.751
0.862
0.383
0.069
1.101
0.626
1.619
6.059
1.163
1.289
0.494
0.065
1.922
1.333
1.596
3.633
3.044
2.503
2.972
0.538
1.238
1.053
0.016
0.262
0.386
1.131
1.134
0.028
0.072
0.033
2.228
0.462
0.153
8.281
0.913
0.02
1.273
0.82
2.218
1.12
3.164
0.206
0.064
0.138
1.107
0.432
0.233
0.053
3.104
1.158
0.212
1.57
0.987
2.066
0.778
0.173
0.313
1.936
1.817
1.668
0.233
1.263
1.475
0.032
0.204
0.141
1.654
2.038
0.262
1.186
3.218
0.074
0.054
3.8
1.628
1.704
2.186
0.27
1.449
0.066
1.226
3.697
0.702
0.19
1.005
0.211
0.26
0.08
1.366
0.088
2.192
3.257
1.224
0.145
1.405
2.428
2.096
0.023
0.503
1.608
0.48
0.146
3.004
1.008
1.175
0.06
0.752
0.129
0.912
3.382
1.435
0.024
0.965
1.271
0.031
1.96
0.697
0.068
0.041
1.208
0.107
0.11
0.283
0.206
2.831
3.047
0.3
0.974
1.598
0.085
2.481
3.102
0.141
4.428
2.608
0.257
2.309
1.257
4.143
0.998
0.205
0.114
1.467
1.468
1.534
1.784
0.167
0.03
0.019
0.752
0.856
0.37
2.05
0.846
1.155
0.088
0.104
1.043
2.176
0.857
0.031
0.068
0.233
0.742
2.179
0.783
5.684
11.501
0.599
0.072
1.533
0.487
0.044
0.264
0.408
0.102
0.014
0.033
0.052
1.013
0.223
0.309
0.289
0.832
0.099
3.857
0.09
1.042
0.091
2.277
2.784
2.788
0.037
0.031
1.674
2.303
1.571
4.151
0.096
1.06
0.039
0.646
0.039
2.661
2.316
1.195
1.193
0.82
0.969
0.28
1.346
0.034
0.121
2.131
1.893
1.722
1.14
0.043
1.134
1.637
1.408
0.897
1.176
0.325
1.677
0.161
0.356
1.255
1.557
0.067
0.735
0.051
1.029
0.179
0.966
1.085
4.388
0.79
0.054
0.691
0.07
2.362
0.529
1.623
1.493
8.029
0.135
0.092
2.591
1.168
1.899
1.092
0.024
0.243
0.05
0.661
0.853
0.024
1.101
0.089
1.261
0.819
0.11
1.525
0.836
0.29
0.012
2.471
1.629
1.159
0.106
0.957
0.069
4.334
1.194
0.182
1.775
0.161
1.396
0.064
1.606
0.065
2.619
0.934
1.251
0.067
1.366
1.093
0.105
0.03
1.505
0.025
1.369
2.411
0.163
3.942
0.777
2.838
0.397
0.071
0.035
1.549
8.983
0.07
1.876
0.022
0.489
0.191
0.341
0.552
5.126
0.309
0.619
0.225
0.177
0.902
1.524
5.741
0.95
0.983
0.127
0.57
0.159
0.189
0.021
1.223
0.998
1.81
0.911
1.815
0.044
0.184
1.35
1.812
1.32
0.127
3.032
1.142
0.159
3.037
0.192
1.471
0.855
0.141
3.245
0.776
0.293
1.086
4.282
0.092
1.086
0.177
0.053
1.162
0.59
0.852
0.019
0.157
0.048
3.871
0.023
3.598
0.076
0.128
3.833
1.939
1.479
0.507
0.511
1.43
0.727
1.272
1.526
0.086
1.309
5.025
0.131
0.017
0.377
0.802
1.67
0.458
0.252
0.384
0.116
1.605
1.803
2.059
0.067
1.611
2.249
2.238
0.105
1.053
1.661
1.136
1.085
1.08
3.268
1.941
0.883
2.436
0.762
3.036
0.117
1.153
0.041
0.166
0.359
1.309
0.465
2.042
0.964
0.085
0.133
1.886
2.764
1.301
1.011
1.608
0.594
1.551
0.122
2.133
0.09
2.877
0.05
0.841
2.574
1.697
0.467
0.348
0.078
1.682
0.2
1.242
3.171
0.087
1.899
1.664
1.25
0.042
0.844
0.054
1.225
4.703
0.298
0.517
1.331
0.216
2.848
6.365
1.208
0.055
0.999
0.085
1.172
0.053
1.165
1.899
2.492
0.148
0.177
2.013
2.388
1.405
0.152
0.156
0.043
0.887
1.26
6.751
0.088
0.753
0.12
0.048
1.061
0.85
0.146
0.127
0.083
0.226
2.129
0.041
0.967
2.797
0.311
0.213
4.611
3.052
1.92
0.033
0.087
1.452
0.538
0.816
0.705
0.037
1.246
1.249
3.91
0.117
0.772
1.307
5.163
4.824
0.075
0.127
1.998
3.7
0.019
3.368
2.557
0.097
0.887
1.291
0.55
1.177
1.2
0.119
1.189
1.181
0.825
0.772
0.186
0.024
1.937
0.035
0.82
0.87
1.012
1.094
1.802
0.199
3.838
3.359
0.073
0.055
2.023
0.434
1.428
1.763
2.453
0.042
1.827
0.087
2.709
2.482
0.057
1.697
1.17
1.748
1.165
1.078
0.073
0.019
1.61
2.294
0.096
0.318
0.182
0.848
0.99
0.043
1.273
0.659
4.083
0.226
2.597
0.024
2.579
2.316
0.065
0.043
0.115
0.383
0.154
2.961
0.106
0.782
1.287
0.042
0.892
0.078
0.057
3.102
0.058
0.104
1.046
0.092
0.981
0.098
0.07
0.227
2.977
0.125
1.348
1.852
1.319
0.111
0.237
0.045
0.032
0.025
5.289
1.197
0.642
1.797
0.211
0.121
0.093
0.62
0.743
2.274
0.847
0.119
0.125
2.043
0.175
1.553
0.259
2.863
2.487
0.265
3.202
0.069
3.538
0.975
0.06
2.066
0.013
0.124
0.561
0.278
0.363
0.051
0.564
0.084
1.002
0.119
7.891
2.202
1.989
1.154
0.151
1.432
0.204
0.934
0.961
0.033
0.899
0.091
0.999
0.041
0.175
3.145
0.356
1.266
1.508
2.038
0.063
2.499
0.071
0.101
1.148
1.083
0.075
0.758
3.985
0.118
0.06
1.523
0.277
0.813
6.077
3.085
0.097
0.684
1.833
1.429
2.412
0.957
0.117
2.86
0.088
0.047
0.134
1.008
0.212
0.06
0.364
1.727
3.173
2.292
3.971
2.535
0.111
1.854
0.23
0.046
0.214
1.535
1.133
1.454
1.763
0.261
1.289
2.319
3.724
0.723
0.024
9.116
0.098
0.034
1.129
0.768
0.177
0.11
0.998
0.056
0.374
1.231
2.927
0.206
2.995
0.126
1.027
2.788
1.709
1.375
0.033
1.255
2.191
0.027
0.077
1.406
0.868
0.503
2.817
1.245
2.018
1.586
0.869
4.268
0.702
1.17
0.029
1.156
0.135
0.252
3.389
0.357
0.845
3.314
0.816
0.139
0.464
0.093
0.153
0.124
0.415
0.566
0.212
3.9
0.907
1.949
0.133
0.146
3.448
4.991
2.217
0.118
2.979
1.156
3.561
0.119
1.943
3.865
3.636
0.707
0.073
2.088
0.097
0.095
0.132
2.474
0.106
0.062
1.732
0.116
0.087
2.512
0.067
1.935
0.052
3.489
0.076
1.525
1.301
0.327
1.157
0.113
2.534
0.163
0.125
0.186
0.079
0.194
1.402
2.037
1.014
0.041
5.016
2.482
0.575
1.069
0.084
1.193
1.208
0.094
1.156
1.13
3.468
3.363
1.101
0.131
1.127
1.383
1.104
0.932
1.421
2.33
0.346
0.826
0.178
1.869
0.074
0.128
0.088
0.512
0.903
0.092
3.528
0.126
1.267
2.049
0.045
3.776
0.227
2.992
1.889
1.175
3.032
0.486
0.117
3.222
2.129
2.031
1.857
0.976
3.075
0.077
0.083
1.412
2.407
1.351
1.157
1.188
0.877
0.831
0.322
0.268
1.034
1.498
1.038
3.656
0.166
8.79
0.89
2.773
5.718
2.252
1.13
3.074
0.031
3.035
0.955
0.39
0.952
5.786
0.093
1.081
0.161
4.33
1.345
1.272
0.908
2.321
1.918
2.604
1.384
3.888
0.922
1.849
0.109
0.053
0.075
0.159
1.446
1.694
1.136
1.215
1.197
0.026
0.041
0.139
0.245
0.331
0.106
0.151
6.693
0.031
0.613
0.236
0.629
0.034
1.353
0.333
1.147
0.121
1.014
2.052
0.141
0.166
3.229
0.059
0.025
0.462
1.878
0.301
1.186
0.836
0.112
1.675
0.058
0.162
0.844
0.207
1.653
1.128
1.404
0.092
0.059
0.192
2.304
0.874
1.539
0.034
0.077
2.367
0.039
0.033
0.823
3.574
1.792
0.13
0.104
1.439
0.107
4.161
0.99
0.192
2.488
1.592
0.045
0.12
1.378
3.158
5.225
0.853
0.132
0.749
1.143
1.308
1.594
1.186
0.197
1.039
0.052
4.94
0.166
0.03
0.052
1.251
0.363
0.061
1.185
6.144
0.251
0.216
2.619
0.582
0.125
0.086
2.301
0.048
0.684
1.451
0.129
1.034
2.06
0.995
1.172
0.802
1.786
1.484
3.509
0.237
0.046
1.057
0.116
0.338
3.088
0.582
0.617
0.765
1.281
1.009
0.061
5.87
2.668
0.981
0.094
0.084
0.046
0.076
0.75
2.149
6.551
0.875
0.987
0.786
0.56
2.282
0.552
1.51
1.222
0.032
1.03
0.492
1.529
2.18
0.131
0.032
3.029
0.049
0.809
0.274
0.083
0.874
1.676
0.338
0.336
1.535
2.601
0.064
1.437
1.676
5.852
2.233
0.749
4.863
1.328
0.133
0.124
0.911
1.987
0.781
4.167
1.813
2.102
1.41
1.756
0.072
8.828
0.756
0.083
0.495
1.005
0.041
0.065
0.809
1.374
0.025
0.775
0.287
0.924
0.06
3.011
0.465
1.88
0.088
1.092
0.859
2.237
3.288
0.212
1.24
0.927
2.972
0.972
0.202
0.201
0.039
0.149
1.855
2.332
0.131
0.665
0.127
3.333
0.982
0.298
0.012
3.683
0.127
0.207
2.125
0.098
1.054
1.574
3.307
0.146
0.255
0.948
2.643
0.172
1.943
0.089
0.03
1.644
1.281
0.276
0.201
1.154
0.888
0.144
0.242
0.029
2.601
2.125
0.868
0.882
0.059
0.787
2.327
0.071
0.939
0.124
0.18
0.254
1.049
0.046
3.245
1.396
0.029
2.462
0.026
0.101
2.642
1.055
0.048
0.024
0.271
0.199
0.716
1.095
0.135
3.968
1.251
0.039
3.719
0.092
0.898
0.037
6.26
0.071
0.127
0.792
0.296
0.043
1.776
1.41
0.065
0.517
2.37
2.051
0.783
0.045
0.183
0.048
1.004
0.024
0.458
1.063
0.38
0.098
1.063
1.284
2.096
0.698
0.374
0.803
2.155
0.758
3.453
0.069
0.962
0.1
0.927
0.763
0.026
2.981
0.216
1.945
0.148
0.603
4.121
0.092
0.043
4.625
0.012
0.121
0.906
1.414
0.133
0.345
0.034
1.154
0.112
0.873
4.865
0.115
1.066
0.193
0.047
1.264
0.14
4.91
1.379
0.061
6.995
0.809
0.043
2.442
1.288
0.373
1.423
1.601
1.027
3.83
0.651
1.947
1.144
2.662
0.086
1.412
0.126
0.064
0.046
4.122
1.357
1.733
0.084
1.621
0.078
4.807
0.066
0.32
0.035
2.336
1.212
0.04
0.631
0.043
2.101
1.968
0.045
1.837
0.027
0.213
0.14
0.092
0.04
1.549
2.212
0.515
0.456
4.016
2.833
0.952
1.979
0.07
0.845
0.313
1.176
0.523
0.122
2.029
1.131
0.094
0.098
0.466
1.266
0.064
3.357
0.476
0.228
5.186
2.806
0.035
0.16
0.036
1.838
1.585
0.178
0.068
3.108
0.49
0.764
1.547
0.151
4.051
1.225
0.594
0.467
0.084
0.915
1.113
3.315
0.063
1.435
1.243
0.623
0.04
0.516
0.235
0.956
1.0
0.944
1.284
0.195
0.049
5.582
0.056
4.111
1.884
2.699
2.896
1.086
0.231
0.078
0.783
0.514
1.028
1.053
0.577
0.433
0.07
0.216
0.175
1.465
0.819
1.567
2.276
1.178
0.871
1.257
0.776
0.818
1.178
1.515
0.778
1.125
0.05
0.388
4.327
0.32
1.382
0.201
0.364
0.113
0.134
0.09
1.015
2.364
0.236
1.55
1.539
1.15
5.0
1.27
1.362
0.048
0.019
2.975
0.029
0.149
4.056
2.534
2.758
0.884
3.422
1.18
1.289
0.207
0.059
0.072
0.133
1.657
0.035
0.081
0.337
0.932
1.969
1.17
0.057
1.062
0.29
1.517
0.047
0.046
1.087
0.12
0.824
0.067
0.833
1.05
0.936
0.751
0.443
1.389
1.334
0.048
1.605
0.067
1.959
1.183
0.246
1.3
0.866
0.079
4.125
3.739
0.154
0.083
0.858
2.838
2.294
2.052
0.219
0.062
0.062
0.176
1.363
1.6
0.031
1.523
1.33
3.19
2.04
1.401
0.14
1.852
0.071
0.029
2.064
0.096
1.237
0.264
5.117
1.673
2.399
0.132
0.18
0.088
1.009
1.322
2.277
2.563
2.47
1.169
4.93
0.063
1.9
3.121
2.737
0.149
2.096
3.962
2.108
0.331
0.634
0.069
2.343
3.041
0.095
1.469
0.763
0.088
0.039
1.449
1.872
0.042
0.946
0.791
3.199
0.092
1.037
0.076
0.691
0.304
0.027
0.207
3.522
0.058
0.298
0.158
0.56
0.049
1.444
0.113
0.075
0.103
1.453
0.128
0.189
1.604
1.369
0.956
0.162
0.149
0.455
0.035
0.08
0.072
0.088
0.061
0.587
2.741
2.517
0.071
0.16
1.288
0.047
0.218
0.017
0.177
0.098
1.033
0.551
0.167
2.261
0.941
1.54
1.45
0.503
2.179
3.08
1.485
0.333
0.152
3.1
0.976
0.032
0.7
0.078
0.024
0.465
0.476
0.035
2.041
0.704
0.044
1.247
4.813
2.424
0.245
1.588
1.596
1.437
0.143
2.382
0.688
0.096
0.222
5.697
0.134
2.862
2.426
0.142
0.024
2.157
0.885
0.035
1.425
1.278
0.067
0.462
1.055
0.249
4.112
1.089
1.407
0.148
0.929
0.162
1.84
0.513
1.725
3.769
0.823
0.096
4.771
0.138
2.156
0.072
0.91
0.519
3.135
0.929
0.9
0.143
3.552
0.697
1.07
1.668
2.776
0.164
0.038
0.031
0.809
0.147
1.872
0.031
4.322
0.683
1.023
1.108
0.205
1.402
1.291
1.111
0.068
4.416
1.05
1.009
1.389
0.281
4.559
1.539
0.926
0.328
0.177
0.072
2.442
1.344
0.075
2.154
1.845
0.735
0.073
0.155
1.819
3.543
5.303
0.038
0.909
0.41
0.045
0.146
1.967
1.672
2.264
1.204
2.59
3.118
0.045
0.86
0.261
0.822
1.016
2.744
0.999
0.079
1.108
1.794
0.078
0.874
0.03
1.511
0.982
0.081
4.448
0.221
0.245
0.042
1.152
3.672
2.491
0.023
0.575
2.111
1.384
0.042
1.256
1.188
4.93
2.771
1.133
0.878
0.033
0.087
0.174
0.741
0.256
3.103
1.681
1.503
0.089
0.285
1.022
4.096
0.201
0.03
0.121
4.385
0.101
1.402
0.127
3.535
0.574
1.657
0.112
1.435
0.067
0.503
0.669
0.051
1.387
0.054
0.047
1.108
2.465
1.926
3.474
1.135
2.113
2.856
2.293
0.854
1.195
3.565
0.123
1.762
0.125
1.303
0.87
0.588
0.143
0.037
1.374
0.091
0.276
0.826
0.661
0.948
0.076
0.055
0.96
1.615
0.922
1.005
1.18
0.552
2.004
1.219
4.828
0.923
0.061
3.065
0.072
1.361
1.287
1.458
1.325
1.775
0.196
0.993
0.043
1.258
3.905
0.056
0.259
1.004
0.162
2.135
0.949
1.417
0.07
0.885
1.141
5.942
3.203
3.349
0.061
1.5
0.87
0.311
0.029
0.079
1.881
3.526
2.281
0.08
2.129
3.601
0.58
0.034
0.421
0.174
0.595
2.173
0.137
4.081
0.059
1.169
1.082
0.384
0.017
0.328
0.956
0.248
3.027
0.064
0.309
0.2
0.069
0.022
0.886
6.115
1.142
3.714
1.355
4.39
0.175
0.038
0.099
2.873
2.559
0.173
0.295
3.039
1.652
3.373
0.056
0.119
1.276
0.764
2.509
0.051
0.532
0.187
3.282
0.046
0.112
3.004
3.759
1.228
2.116
0.031
0.057
1.377
0.664
3.521
0.376
1.216
0.124
0.04
0.879
3.558
0.085
1.495
1.012
0.553
0.058
0.537
0.396
0.249
0.904
0.699
2.865
0.492
0.04
1.689
0.14
6.05
0.993
2.039
1.437
4.021
0.105
2.973
0.306
0.036
0.451
3.25
0.9
0.107
0.179
0.113
0.073
0.078
2.505
0.807
0.128
1.146
1.545
1.384
0.32
2.378
1.0
0.032
3.195
0.141
0.569
0.027
2.775
3.247
5.407
0.088
0.025
3.381
2.263
0.129
2.877
0.594
3.544
0.382
1.133
0.17
2.334
1.013
3.736
0.885
1.673
0.112
0.047
0.144
1.228
3.22
1.005
0.025
1.293
1.082
1.08
1.785
0.036
1.126
0.16
0.17
3.309
1.487
1.67
6.376
0.132
1.266
0.886
0.594
0.078
0.195
1.331
0.117
0.357
0.038
0.409
0.103
0.181
2.818
6.292
0.173
1.204
0.19
0.189
2.085
0.056
1.212
0.168
1.131
0.675
0.783
1.513
0.361
0.147
2.646
1.94
0.083
0.056
1.046
0.047
1.084
0.025
1.72
0.092
0.373
1.284
0.962
2.807
1.185
1.321
3.366
1.846
2.747
0.356
1.307
0.972
0.233
0.171
0.064
1.234
1.498
0.796
1.05
3.131
2.45
0.896
0.623
0.192
2.059
5.951
0.17
0.798
0.105
1.178
0.995
0.757
0.763
2.003
2.311
1.597
1.618
0.113
0.789
3.167
1.718
0.697
1.834
0.965
0.153
0.083
2.184
1.425
0.046
2.884
1.868
2.324
1.853
0.176
1.311
0.279
0.419
0.025
0.179
0.054
0.514
1.221
1.275
0.035
2.703
0.04
1.547
7.339
0.144
1.517
0.113
0.152
0.026
3.007
0.649
0.05
0.103
1.866
0.104
0.948
0.104
0.343
0.133
1.392
1.621
2.46
0.804
0.456
0.045
3.215
5.084
0.182
0.032
1.194
0.957
0.142
0.121
0.031
1.163
1.478
0.211
0.914
2.438
0.497
0.368
2.464
4.194
0.197
0.974
0.246
0.034
0.147
0.106
4.487
2.067
2.545
0.059
0.197
0.961
1.3
0.171
1.84
0.302
1.823
1.531
0.043
1.448
1.24
0.575
0.094
0.069
1.91
0.058
1.246
0.9
5.512
0.644
0.089
2.047
1.535
1.596
2.666
1.669
1.555
0.177
0.131
1.251
0.118
0.082
1.611
4.394
0.02
2.81
1.022
0.377
2.459
1.111
5.002
1.915
0.088
0.118
1.055
0.395
0.678
0.85
0.768
0.037
1.678
2.649
0.255
0.187
3.48
0.051
0.087
1.047
0.756
0.132
0.163
0.049
0.107
0.557
2.366
1.995
0.054
0.318
0.816
4.738
0.195
1.669
2.887
0.746
1.866
1.13
0.418
1.825
0.189
0.128
0.229
1.656
4.438
2.854
0.902
4.247
1.433
0.368
1.323
2.202
1.441
0.082
0.085
1.161
2.833
1.071
1.455
1.265
0.156
1.313
0.259
0.953
0.199
0.94
0.348
3.203
0.777
2.481
1.667
5.042
0.231
0.055
0.313
1.132
2.208
0.758
4.021
1.506
1.517
0.03
1.124
0.057
0.795
0.319
0.056
1.547
0.742
0.083
0.034
0.021
1.058
0.957
0.289
0.952
4.536
1.941
9.759
0.979
1.174
0.342
1.667
1.399
0.077
0.085
1.629
1.959
1.554
0.107
3.532
0.035
0.638
0.103
0.036
3.494
0.152
1.426
5.575
3.079
3.759
1.714
1.211
0.793
0.144
2.871
0.061
0.075
1.19
0.74
3.488
3.103
1.382
0.043
0.155
1.159
0.06
1.189
0.146
0.06
0.038
0.046
1.52
0.099
2.537
1.213
0.038
0.021
0.171
0.052
3.764
0.881
0.048
1.319
1.846
0.076
0.699
0.527
0.845
0.125
0.036
0.996
1.88
1.095
0.04
0.467
3.783
0.989
0.056
1.33
1.113
1.497
0.24
2.36
0.114
1.539
0.253
0.253
0.478
2.616
0.088
1.844
0.827
1.208
1.133
1.252
1.385
0.216
3.836
2.589
0.132
1.425
0.751
5.858
2.105
2.923
0.157
0.427
0.027
0.35
0.774
0.873
0.799
1.272
0.916
0.089
1.899
0.824
0.735
2.0
1.744
1.141
1.269
5.711
0.2
2.589
0.089
4.485
1.011
0.277
1.211
0.156
0.959
1.096
0.583
0.087
0.269
0.043
0.696
0.122
7.994
1.458
1.046
0.104
0.067
0.083
1.302
0.075
0.394
1.666
0.151
0.057
2.646
2.474
0.945
2.443
0.847
1.279
0.021
1.123
1.223
0.102
0.111
2.12
0.015
1.284
0.854
0.195
0.021
0.29
1.994
1.152
4.775
1.403
0.259
0.06
2.951
0.076
0.408
1.975
1.469
0.298
1.828
0.508
12.237
0.828
1.03
0.798
1.184
1.507
1.096
1.11
0.073
0.174
0.043
1.623
0.271
2.546
0.039
1.685
2.182
0.067
3.146
0.382
0.044
0.145
2.862
1.346
0.33
1.464
0.157
0.066
1.135
0.017
1.354
1.292
1.213
0.738
2.117
0.122
1.265
2.699
1.929
1.426
0.706
4.266
1.586
2.166
0.551
0.931
2.475
0.421
0.794
0.635
3.29
0.042
1.753
1.047
0.84
2.579
2.376
0.885
1.796
0.059
0.103
0.233
2.013
1.76
0.881
0.143
0.137
0.668
0.748
2.299
0.672
1.101
0.159
2.077
1.376
0.222
1.022
0.028
2.091
0.335
0.748
0.066
0.173
0.081
0.09
0.117
1.587
0.9
0.958
1.476
2.844
0.95
1.204
0.375
0.032
0.025
1.475
2.812
0.899
1.631
1.458
4.16
0.028
0.199
0.064
2.083
1.504
0.041
0.271
1.063
1.456
2.516
0.089
0.091
1.266
1.769
0.163
1.839
1.435
4.528
0.891
4.19
0.465
0.214
0.062
6.142
0.09
1.769
0.062
2.656
1.396
0.083
0.054
4.027
0.192
0.512
0.048
0.143
0.074
0.069
0.22
1.02
0.832
1.106
0.049
4.215
1.436
2.198
1.699
0.209
0.079
2.35
0.121
0.138
0.124
0.068
0.474
1.007
2.0
3.174
0.064
0.117
0.032
0.956
1.208
1.383
1.52
0.829
0.675
0.424
0.956
0.296
0.568
0.058
1.083
0.357
0.891
1.853
1.312
4.053
1.042
0.087
1.408
2.103
1.654
2.886
0.539
1.187
1.14
6.742
0.912
0.219
0.184
0.031
1.21
0.064
0.112
0.747
0.026
2.483
0.28
0.725
0.072
0.116
1.036
3.618
0.055
0.091
0.074
5.421
3.184
0.454
0.063
1.6
7.421
0.955
3.264
1.111
2.394
0.446
1.641
1.296
0.87
0.269
0.046
1.421
0.086
2.203
1.506
1.065
0.948
0.359
1.337
1.183
0.04
0.051
0.031
5.53
6.104
0.063
0.242
1.364
0.476
0.052
1.349
1.655
6.384
2.987
0.327
1.075
2.258
0.28
1.936
1.113
0.104
2.038
0.29
2.859
3.406
1.006
0.072
0.095
0.905
0.029
0.907
0.046
2.167
2.213
2.556
1.712
0.821
1.974
0.018
0.202
1.028
2.647
0.063
3.666
1.026
2.823
4.946
0.912
0.317
0.32
1.069
0.955
0.089
0.924
0.041
0.119
0.077
3.723
0.788
2.48
1.843
0.057
0.033
0.061
2.092
2.179
0.046
3.484
0.627
0.267
0.045
5.712
1.916
0.925
0.222
1.027
0.027
1.163
0.487
0.409
1.467
0.949
0.35
3.282
1.68
0.077
4.38
0.766
0.079
0.824
3.774
0.058
0.921
0.031
0.059
0.418
0.072
1.003
0.367
1.49
0.876
0.124
0.419
0.032
4.642
0.189
1.505
0.103
1.164
0.605
0.447
2.237
1.173
0.382
1.273
0.033
1.007
0.486
0.102
0.079
0.162
4.933
2.666
0.521
0.654
1.712
0.567
0.67
0.033
1.316
2.743
0.264
0.763
0.057
0.643
0.08
0.973
0.064
1.825
0.474
0.199
0.663
2.278
1.148
0.995
0.027
0.055
2.641
4.82
1.53
0.108
1.169
1.042
0.222
4.075
0.353
1.266
0.186
0.146
0.016
0.057
1.477
0.475
5.057
1.061
0.084
1.843
0.53
1.306
5.457
1.033
2.141
0.266
1.466
0.939
0.118
3.273
0.452
1.008
1.384
0.023
0.021
1.273
1.553
0.048
1.754
1.615
0.108
2.84
1.658
2.552
3.747
4.027
0.649
1.101
5.605
0.113
1.13
1.144
0.542
0.628
0.222
0.804
0.147
0.288
0.127
3.043
1.323
1.501
1.684
0.767
0.151
2.109
1.409
0.899
0.075
0.048
1.145
0.039
1.884
0.083
0.458
0.088
1.34
0.044
0.054
0.095
0.639
1.374
1.302
2.779
1.871
0.278
0.492
1.58
2.418
0.04
0.202
2.927
1.082
1.691
0.092
0.109
1.237
0.658
1.948
2.352
1.595
0.139
2.586
0.131
0.099
0.636
3.789
0.324
0.246
0.241
1.165
1.928
1.431
0.049
0.123
2.913
0.791
0.046
0.403
3.354
0.997
2.327
0.042
0.016
4.007
0.742
1.315
1.4
4.714
3.727
0.296
5.283
2.065
3.696
1.372
0.14
1.936
3.143
0.063
1.584
0.848
1.242
0.3
2.885
2.851
0.024
0.949
0.016
3.05
0.035
0.986
0.096
1.237
1.087
0.084
1.162
4.046
2.198
1.921
0.994
2.161
2.653
0.391
2.024
0.209
0.064
1.546
0.957
1.326
0.946
0.056
0.182
0.357
0.03
0.064
1.838
0.07
0.754
0.169
2.12
0.104
1.508
1.186
2.61
2.139
0.137
0.158
1.671
2.835
0.704
2.637
0.948
0.995
6.682
0.68
2.147
0.858
0.103
4.623
0.704
0.066
1.936
1.273
0.277
0.056
0.091
1.947
0.051
1.955
3.226
1.838
0.842
0.196
6.05
0.497
0.038
1.365
0.774
0.109
0.286
4.933
0.058
0.875
0.045
0.033
0.051
2.961
0.24
0.856
2.641
1.024
1.136
0.861
1.573
0.111
1.148
0.072
3.583
0.178
0.135
2.571
0.166
0.04
1.025
0.554
1.337
0.361
2.259
0.078
0.051
2.481
2.068
1.01
3.134
3.084
0.027
1.449
0.864
0.058
0.464
0.592
1.622
0.069
0.366
0.677
0.063
4.706
1.826
4.162
1.793
0.435
3.927
0.118
1.864
1.057
1.774
1.856
2.384
1.991
0.241
2.985
2.016
1.713
1.237
1.068
0.222
1.035
1.623
1.457
1.301
1.991
0.151
4.382
0.039
0.024
0.446
0.244
0.103
0.161
3.551
1.425
3.124
0.244
2.371
0.901
0.058
2.269
0.154
1.112
5.229
1.307
2.071
0.219
3.29
1.391
0.078
1.553
0.072
1.285
4.616
1.001
0.481
1.12
1.925
0.943
1.012
0.04
0.164
0.896
0.013
5.656
0.398
0.115
3.572
5.463
0.047
0.061
0.214
2.764
1.178
1.125
0.912
0.981
0.358
0.018
0.096
0.049
1.935
0.051
1.104
0.139
3.086
3.377
0.285
1.568
0.599
0.581
0.117
1.184
3.374
1.66
0.811
0.984
2.138
3.193
0.159
0.338
1.458
0.403
0.689
1.114
0.657
0.942
2.149
3.806
0.186
0.836
0.048
0.213
2.031
0.434
0.106
2.684
0.444
2.646
5.185
0.52
0.107
0.491
0.132
0.076
0.078
0.777
2.384
5.204
4.946
0.145
2.098
2.085
0.095
0.85
4.324
0.12
1.126
0.885
0.025
0.787
1.509
3.543
0.095
0.062
4.315
0.07
0.245
1.864
0.951
3.98
3.229
0.988
0.722
8.743
0.836
1.186
0.069
0.072
2.165
1.589
0.282
0.056
1.005
0.042
2.813
1.384
0.136
2.566
0.227
1.352
6.774
0.152
1.033
2.365
1.14
0.228
0.052
1.694
2.467
0.331
3.498
0.138
1.267
0.167
0.28
3.106
2.819
4.177
0.616
1.278
0.097
1.045
1.433
0.1
0.647
0.07
0.092
0.923
0.953
1.375
0.047
1.897
0.25
1.306
0.073
0.638
1.382
1.235
0.268
1.269
1.849
4.783
4.626
1.315
1.364
0.21
2.074
1.28
1.836
1.049
1.741
0.805
0.068
0.921
1.601
0.792
1.273
0.457
0.055
0.063
3.301
0.785
0.06
1.275
6.312
1.221
1.295
1.161
4.445
3.196
0.07
1.9
0.593
3.59
0.066
2.263
0.948
0.156
0.84
0.177
1.118
3.43
0.511
0.935
0.171
5.993
1.632
1.758
0.105
0.877
1.57
0.074
0.049
0.05
1.204
0.698
1.26
0.074
0.08
0.049
3.661
1.032
0.09
0.733
1.077
1.166
2.726
1.859
0.813
0.142
1.978
0.996
2.098
9.604
1.07
6.556
3.295
0.122
0.275
3.978
0.784
1.333
5.045
0.133
0.113
1.191
0.237
0.249
0.035
3.105
0.057
3.548
0.182
0.203
0.981
4.762
1.436
0.251
0.157
0.187
1.047
0.872
1.934
1.076
0.287
3.757
0.09
1.161
0.452
1.979
0.047
1.112
4.922
6.252
3.21
0.129
0.645
0.505
0.062
0.155
0.413
6.401
2.969
0.797
0.034
0.815
0.214
0.097
0.694
0.037
0.843
0.104
0.22
1.12
0.11
0.745
0.529
0.078
1.015
0.141
1.421
1.234
1.035
0.156
0.615
0.622
2.459
0.111
2.486
0.047
0.085
0.94
1.003
0.85
1.415
1.14
1.296
1.317
0.394
0.902
1.057
2.115
0.118
0.893
0.118
0.304
1.209
0.043
0.818
1.792
0.8
0.547
1.052
0.1
0.354
1.552
2.446
1.709
0.681
2.299
2.83
1.491
1.062
1.17
1.43
4.153
0.137
1.764
0.565
1.853
0.896
1.406
0.857
0.035
0.032
2.636
0.051
0.34
0.058
0.737
0.253
0.706
0.728
0.484
0.086
2.093
1.758
3.938
0.067
0.115
0.968
4.245
1.541
3.298
1.097
0.73
1.102
0.056
0.092
1.846
0.228
1.45
2.504
0.284
1.461
0.419
3.684
0.827
1.243
1.36
0.135
0.089
2.775
0.105
0.081
0.092
0.969
0.166
0.066
1.183
1.907
0.984
0.995
0.042
1.33
0.042
0.187
2.458
0.041
1.966
0.909
0.09
0.069
0.043
0.185
2.6
0.079
0.185
0.21
0.633
0.084
0.065
0.146
0.276
0.748
1.955
1.587
0.084
0.215
3.238
2.022
0.158
0.03
0.305
0.061
1.202
0.627
0.236
1.016
0.055
1.961
2.664
3.457
1.521
1.882
1.026
0.262
3.507
2.675
0.907
0.609
0.115
2.465
0.188
0.085
0.187
0.032
1.336
0.027
8.147
1.128
0.8
0.313
1.701
0.439
0.059
2.84
1.592
5.151
0.054
0.086
0.169
1.633
0.975
3.545
0.738
0.043
0.998
0.495
0.929
0.124
1.526
1.513
1.467
0.091
0.068
1.045
0.067
0.928
0.251
1.815
1.299
0.672
0.278
0.086
3.442
2.596
0.846
0.195
0.765
0.389
3.133
2.645
0.035
0.041
1.35
0.402
1.099
0.155
0.274
0.087
0.143
0.421
0.086
1.787
0.08
1.917
0.794
1.492
3.11
1.931
0.028
0.186
0.111
1.242
0.132
2.677
0.087
0.051
4.828
1.076
0.073
2.084
1.83
0.135
0.697
2.011
4.627
2.509
0.363
0.095
1.106
0.258
0.053
2.05
5.193
0.108
0.024
0.122
0.638
2.319
2.667
4.242
1.914
1.086
0.318
0.083
1.628
0.078
0.085
0.176
0.08
1.277
3.744
0.161
2.688
0.061
0.087
2.206
0.15
1.018
2.796
4.96
0.146
2.859
0.111
2.532
0.138
3.518
1.197
5.042
1.378
0.333
1.013
0.154
2.91
0.051
7.063
0.237
0.238
3.037
0.916
1.346
0.073
0.663
0.278
1.939
0.04
1.853
1.619
0.605
8.911
0.88
1.118
1.124
0.044
2.524
0.387
0.043
1.225
0.042
2.341
0.933
0.184
0.185
0.024
1.906
2.783
1.786
0.965
3.22
1.102
0.054
0.072
1.009
0.293
3.243
0.77
0.195
0.072
0.088
0.442
1.031
0.515
0.976
0.032
2.642
2.02
0.658
1.848
3.091
0.085
0.178
4.214
2.037
0.585
0.414
1.228
0.847
0.109
0.081
1.731
0.028
0.692
0.091
1.967
0.196
0.112
3.006
0.255
0.085
1.687
0.685
0.662
0.109
0.052
0.197
0.778
0.961
2.355
0.2
2.248
0.068
2.102
4.277
4.214
1.192
0.049
1.074
1.665
2.179
0.012
1.914
0.093
0.039
1.402
1.508
0.121
0.048
0.035
0.159
0.07
0.126
1.767
2.177
1.456
0.472
1.056
2.995
0.1
1.435
1.39
0.04
0.775
0.463
1.012
3.502
0.097
0.78
2.912
1.968
1.058
1.965
4.445
0.686
0.056
0.189
1.972
2.507
0.351
0.941
1.724
0.136
1.514
1.496
0.899
0.965
3.327
0.998
1.131
1.129
2.302
1.698
1.371
2.228
0.155
1.025
0.859
4.711
1.883
0.1
0.077
0.023
0.06
0.082
0.087
0.055
0.994
0.918
0.763
1.479
1.591
0.207
0.703
0.11
0.386
1.517
1.665
0.104
0.054
2.134
0.1
2.44
0.044
0.812
0.982
1.104
3.9
0.186
1.253
0.913
0.569
1.526
1.508
1.267
1.085
2.418
3.617
0.036
1.721
2.821
1.083
0.052
0.124
0.701
2.757
0.151
0.224
0.11
2.762
0.035
1.081
0.048
6.3
1.06
1.139
0.029
0.281
4.048
1.325
6.401
0.021
2.957
0.031
0.072
0.1
0.032
1.389
4.363
1.036
0.816
1.21
1.04
1.791
0.829
1.243
0.031
0.121
4.872
0.854
1.54
4.132
1.002
0.104
0.065
0.25
2.171
0.061
4.54
1.195
1.264
0.242
1.035
4.003
1.526
1.174
0.454
0.043
0.111
0.966
1.477
3.462
0.03
1.627
2.334
0.066
0.943
4.208
0.041
0.396
1.008
2.641
0.241
2.18
0.192
1.197
0.029
5.174
1.44
0.211
0.86
1.078
0.958
0.119
1.372
0.969
0.042
0.905
0.042
2.95
0.627
0.074
0.125
0.048
0.122
0.976
1.584
0.129
1.227
2.79
1.892
0.068
2.783
0.643
0.889
1.291
0.107
0.062
5.375
2.804
2.154
0.147
0.823
0.093
0.081
1.186
1.096
1.987
1.551
0.936
0.037
1.129
0.07
2.256
0.77
0.832
5.722
0.135
1.218
0.076
0.95
0.081
0.733
0.057
0.93
2.011
8.086
1.441
1.05
0.631
1.087
0.226
0.037
0.023
0.256
1.197
0.734
0.121
2.339
1.916
0.013
1.02
1.306
0.127
0.073
0.736
1.249
1.088
2.759
0.065
0.675
0.156
0.25
1.048
3.305
0.062
1.598
1.069
4.383
2.816
1.063
1.019
1.921
0.491
0.281
4.743
3.781
4.933
1.808
0.049
0.054
0.864
2.061
0.751
4.145
6.445
1.171
0.462
0.487
0.04
1.107
3.628
0.019
0.047
1.569
0.751
2.669
0.106
2.375
0.034
1.144
1.803
3.273
0.876
0.089
6.826
2.134
0.571
0.183
0.558
0.08
0.062
1.166
0.055
1.284
0.605
0.147
1.222
0.081
1.079
1.128
0.663
0.151
1.033
0.084
0.067
2.477
2.625
0.045
0.087
0.026
2.318
0.062
0.478
0.06
0.587
0.285
1.705
1.754
0.096
0.766
0.855
0.274
2.325
0.242
1.207
0.619
0.07
0.194
0.74
1.209
1.302
0.096
0.272
0.649
0.525
0.063
0.314
0.1
2.942
1.279
0.419
8.048
0.065
3.015
1.743
0.59
0.104
3.972
0.078
0.901
1.221
0.155
0.152
1.989
1.483
2.342
0.026
0.308
0.127
0.101
1.77
4.63
0.37
0.09
3.602
0.276
0.509
1.685
3.678
0.83
1.089
0.77
1.189
0.122
4.907
0.119
0.254
1.789
0.069
0.271
3.476
1.219
0.179
1.195
0.153
0.075
0.093
0.034
0.057
0.043
0.224
0.856
0.089
0.47
2.54
1.788
0.194
1.303
0.177
0.154
2.826
9.09
1.319
0.212
2.797
0.195
0.086
0.154
0.115
2.572
2.019
0.167
7.156
1.735
0.113
0.057
1.288
0.186
1.538
5.3
1.015
0.097
0.379
0.535
5.57
3.6
0.801
0.065
0.047
0.079
0.135
0.025
5.834
0.019
1.757
1.136
1.045
0.78
1.061
1.922
1.706
0.85
1.152
0.062
2.141
0.087
0.153
0.993
1.125
3.905
1.686
2.419
0.26
2.076
0.114
1.958
1.221
1.657
0.666
1.173
1.33
1.469
3.97
0.615
1.457
4.066
4.019
1.194
2.09
0.258
1.567
0.786
1.347
0.537
5.536
1.868
2.329
0.558
0.761
2.003
0.173
2.13
0.122
1.116
0.079
8.302
0.084
3.77
0.178
0.064
0.039
0.939
1.168
1.062
0.844
0.038
1.021
0.907
1.28
1.642
2.119
0.926
1.869
1.848
1.322
0.082
0.122
0.062
0.222
0.219
0.121
0.077
2.356
0.036
5.033
3.221
0.039
2.261
0.155
0.058
0.069
1.991
3.034
0.564
2.243
1.347
2.751
1.912
3.526
1.369
0.952
0.069
0.068
1.021
1.003
5.118
0.656
0.056
3.19
1.537
0.083
0.744
1.275
0.029
1.664
0.027
0.186
0.201
0.035
0.133
0.89
7.122
0.083
5.416
0.259
0.164
0.029
4.151
4.047
0.806
2.195
1.026
0.133
1.753
2.532
0.405
0.208
2.845
0.458
0.109
0.106
0.122
0.757
1.247
0.809
1.669
0.104
0.698
0.268
0.691
1.18
1.084
4.216
2.559
2.047
3.536
2.336
2.22
0.088
1.311
0.082
0.073
0.071
1.507
0.136
1.101
1.699
0.015
0.656
0.875
0.096
0.9
3.162
0.067
2.563
0.868
6.194
2.607
0.032
1.055
1.231
1.261
3.124
1.401
7.949
1.144
1.497
0.072
1.225
3.67
1.032
0.172
0.726
0.144
1.331
0.07
3.076
0.742
0.035
0.151
0.961
0.261
1.116
1.782
0.036
0.492
3.824
0.081
1.786
0.393
0.049
0.41
2.8
0.087
0.862
1.5
2.618
0.901
0.034
0.069
1.824
0.335
6.481
1.215
0.342
0.48
1.844
0.096
2.209
1.391
0.332
2.598
2.13
0.197
0.021
5.165
0.073
1.084
1.295
2.755
0.034
0.015
0.05
2.002
1.674
0.834
0.135
0.6
0.936
5.731
0.08
0.253
0.046
0.039
2.186
0.048
0.766
2.188
1.65
5.268
2.716
1.156
0.029
1.471
0.308
3.165
2.465
0.319
1.929
2.372
0.825
4.698
0.077
0.728
1.026
0.339
3.221
0.86
0.2
0.851
0.927
3.857
0.096
0.025
1.165
2.111
0.304
0.735
0.047
0.788
0.948
1.487
1.259
0.988
0.777
0.175
2.996
1.516
0.08
0.034
0.111
0.145
0.025
3.431
1.755
0.057
1.172
0.323
0.071
2.443
1.227
0.188
1.127
4.606
1.292
0.115
0.166
0.124
0.046
3.412
5.731
0.445
3.722
0.95
0.149
0.263
0.154
1.059
0.054
1.26
0.086
0.45
0.08
5.453
2.908
1.633
0.373
0.848
0.421
0.165
3.181
0.654
0.891
2.737
0.055
0.019
0.082
0.021
0.126
0.158
1.06
1.854
1.856
0.144
1.203
0.087
0.051
1.692
0.354
0.214
6.388
0.456
0.146
0.039
1.353
1.204
0.536
1.053
1.605
5.019
0.064
0.035
2.205
0.943
0.069
1.731
0.209
0.215
5.43
0.635
1.465
1.727
0.385
0.664
0.068
2.135
0.592
2.297
4.331
1.963
1.836
3.233
3.452
1.354
1.304
0.863
1.194
0.033
1.771
0.202
0.315
3.097
4.422
3.728
1.56
1.013
1.044
1.15
5.011
1.505
3.582
0.237
0.395
0.64
0.783
0.593
5.878
1.62
0.944
0.53
4.432
0.957
0.133
3.878
0.706
0.039
2.69
2.705
3.79
0.392
0.086
0.145
1.986
2.361
0.9
0.037
1.185
2.183
5.225
3.733
0.074
1.051
1.571
0.931
0.843
0.175
2.341
1.202
0.21
0.066
3.33
0.734
3.287
0.142
1.079
0.861
1.405
0.034
1.489
1.216
1.338
0.907
0.118
3.352
0.879
0.022
1.328
0.23
4.028
2.66
2.338
0.091
0.097
0.08
0.393
1.273
0.95
0.751
0.467
2.422
1.042
0.598
0.09
1.134
0.519
0.663
5.834
0.913
1.497
0.925
0.273
0.104
1.299
0.296
0.833
0.06
0.149
1.521
0.582
1.968
1.41
1.563
3.518
0.076
4.525
2.845
1.025
0.441
1.201
3.042
1.44
2.144
0.162
0.065
1.078
0.089
0.031
1.537
3.52
2.069
0.19
0.056
1.415
0.85
0.279
3.603
1.312
4.16
0.893
0.07
1.333
1.516
0.099
2.147
1.921
0.165
0.085
1.981
2.319
3.055
2.283
5.396
0.938
0.849
0.032
1.507
1.401
1.68
0.511
0.071
2.772
1.906
6.107
4.384
1.216
0.272
0.118
0.109
4.549
0.26
0.948
0.033
0.322
0.424
1.172
0.031
0.233
0.832
0.046
1.198
0.446
1.226
1.416
0.157
1.205
0.035
0.43
0.016
2.326
1.137
1.136
2.56
0.021
3.524
2.481
0.073
0.884
0.091
0.127
1.222
0.152
0.848
1.383
0.319
0.972
2.833
1.912
0.242
0.154
1.447
0.085
0.252
0.076
0.973
0.035
0.041
3.457
0.043
0.082
0.892
0.077
0.151
3.05
0.044
0.037
0.882
0.525
3.611
0.559
2.401
0.096
0.076
4.822
0.102
2.847
6.82
0.136
0.342
0.037
3.699
0.192
0.74
0.579
0.066
0.068
1.251
1.783
0.047
7.061
0.472
1.397
0.097
0.1
1.468
0.07
0.122
0.049
0.414
1.429
0.917
0.769
0.226
0.117
1.029
0.951
3.936
3.9
0.077
1.051
1.574
0.284
0.289
0.547
0.12
0.909
0.188
0.099
0.707
1.08
0.101
0.246
1.375
4.468
2.841
0.87
0.156
2.029
0.946
0.74
0.153
0.079
0.15
1.776
0.14
1.476
0.09
0.186
0.615
0.142
1.071
0.438
2.131
2.401
1.981
1.078
0.029
0.26
1.575
0.06
1.205
0.825
2.856
0.084
0.279
0.039
1.17
0.693
7.375
7.027
0.076
4.13
0.851
2.298
0.081
1.081
0.042
2.383
1.147
0.441
1.347
0.685
0.04
1.177
1.312
0.861
0.099
1.195
1.093
0.045
2.006
0.914
0.104
0.178
4.655
0.039
0.912
0.101
0.493
2.207
4.399
0.098
6.958
1.122
4.1
2.454
0.138
1.273
0.024
0.521
0.038
0.875
0.177
0.034
0.379
3.255
0.065
0.758
4.312
1.715
2.253
0.445
0.973
0.063
0.598
1.771
0.948
0.059
0.05
3.435
0.193
0.07
0.825
1.39
1.499
0.107
1.306
1.469
2.375
1.293
7.183
1.061
0.619
1.383
1.663
4.965
2.931
0.054
6.218
2.801
0.032
0.142
0.847
2.56
0.463
0.175
4.208
2.984
0.427
0.939
0.349
2.883
0.722
0.449
0.082
0.042
0.053
1.377
3.533
0.033
1.571
2.207
5.143
1.683
1.554
2.07
1.183
0.926
0.816
1.478
0.407
2.865
0.183
0.099
1.618
1.377
0.103
0.039
0.192
1.747
0.9
1.664
1.168
0.114
0.084
3.43
1.35
0.354
2.26
0.067
0.186
0.03
0.088
0.186
0.159
0.112
1.188
0.053
0.751
0.141
0.122
0.391
0.129
1.613
3.576
0.987
0.088
1.028
0.956
0.613
0.907
1.37
0.106
0.09
1.512
0.205
1.294
2.039
1.805
2.075
1.413
0.456
0.093
0.467
0.81
1.322
0.14
1.191
2.256
1.018
1.73
1.168
2.776
1.885
5.087
2.868
0.127
1.802
1.442
1.148
0.443
1.031
0.079
5.522
0.116
1.833
1.035
2.783
2.513
1.344
1.08
1.349
2.367
3.139
3.802
0.921
0.768
0.886
0.245
0.163
1.383
0.038
1.758
0.952
0.342
0.445
2.651
1.087
0.673
1.631
0.966
1.457
4.464
4.681
0.242
1.432
1.82
0.65
0.091
1.941
1.247
0.792
0.194
3.313
1.199
5.601
0.277
1.585
1.077
0.023
1.067
0.033
1.006
1.547
0.112
2.24
2.723
0.076
0.903
2.943
2.25
1.386
1.316
1.534
0.022
0.063
0.456
0.49
1.913
1.142
1.593
0.023
0.06
0.019
4.028
0.288
0.138
3.657
0.067
0.49
3.969
0.071
0.12
0.509
0.63
1.677
0.164
0.056
1.184
4.099
0.911
2.707
0.102
1.428
1.182
0.521
0.322
0.792
1.284
1.451
0.097
0.16
1.2
2.065
0.319
0.524
1.13
6.969
1.736
5.784
3.928
1.506
0.029
1.034
0.436
0.718
0.172
5.209
14.705
1.308
0.124
1.01
0.169
1.675
0.054
3.562
0.047
0.104
0.448
0.083
2.31
1.688
0.073
0.72
4.418
0.061
2.032
0.176
0.104
3.236
3.898
0.602
2.096
0.113
0.092
4.658
0.115
3.231
0.024
0.028
1.527
0.045
0.039
0.181
0.624
0.098
3.939
1.293
2.662
1.491
1.805
0.381
5.839
0.109
5.975
2.055
2.856
1.052
0.025
1.562
2.35
0.026
0.478
1.385
0.297
1.59
0.693
3.118
0.54
0.477
1.973
0.833
2.262
0.216
1.396
2.216
1.479
0.536
5.399
1.319
1.37
0.06
0.255
2.59
2.998
1.217
1.666
7.637
0.044
0.061
1.903
0.116
0.5
0.705
2.505
2.251
0.395
0.089
1.233
1.339
2.858
2.505
1.198
2.099
0.109
2.251
1.495
0.866
1.424
1.198
1.3
1.358
3.074
0.581
0.74
3.619
1.166
1.04
0.093
2.44
1.18
3.798
2.785
0.723
0.055
0.035
1.804
3.095
0.092
0.046
4.035
0.043
0.367
0.614
0.635
0.132
3.796
5.099
3.53
2.745
1.667
2.352
2.88
0.092
1.24
0.424
4.912
0.105
0.089
0.771
1.764
2.798
0.745
2.738
1.484
2.138
0.375
2.602
4.594
0.112
3.206
0.524
2.225
0.543
1.055
0.794
1.368
1.088
1.293
1.19
0.09
0.058
0.375
1.692
5.459
0.057
0.24
0.104
0.14
0.121
0.861
0.078
1.039
0.959
2.63
0.065
3.145
2.59
8.871
1.219
1.136
1.006
0.756
2.703
1.426
0.092
0.835
0.051
4.122
0.213
1.332
1.621
1.972
0.042
5.072
1.179
3.677
0.066
1.408
0.911
0.603
2.178
0.046
0.62
0.092
3.752
0.158
7.341
0.053
3.303
7.919
0.726
1.34
1.011
0.407
0.155
2.896
0.201
1.823
0.047
0.084
0.062
0.275
0.053
4.113
1.621
0.081
7.622
0.03
0.835
4.114
2.348
0.314
4.024
1.641
3.394
0.863
1.872
0.07
0.049
2.55
0.31
0.243
0.995
1.856
0.061
4.61
0.047
0.987
1.293
4.295
0.106
0.672
0.208
0.065
0.093
2.331
0.095
0.904
0.811
0.108
1.315
0.936
1.924
0.944
0.583
1.601
1.51
1.21
0.062
2.532
4.244
0.11
3.976
4.454
0.069
5.794
0.857
1.373
1.081
0.159
0.115
1.127
6.214
0.189
0.934
1.017
4.086
1.722
2.233
1.037
0.946
0.444
1.754
2.295
3.92
0.633
2.962
2.341
0.121
1.207
0.079
0.106
0.163
0.058
0.113
0.038
1.197
0.16
0.088
0.859
0.233
1.453
3.838
0.888
1.329
5.285
1.772
0.772
0.654
1.774
2.055
3.611
0.204
1.95
1.302
0.236
0.268
1.013
0.094
1.204
0.802
0.222
1.798
0.319
4.347
0.446
0.466
0.879
0.079
0.059
0.095
0.059
3.781
0.347
0.086
3.646
1.076
0.41
0.997
0.295
1.479
1.11
2.881
1.716
0.08
0.32
0.061
0.184
0.025
0.073
0.279
2.018
0.107
0.085
1.452
0.185
2.373
0.105
1.187
0.131
3.274
0.064
0.057
0.428
0.381
1.613
0.06
0.455
0.105
0.848
0.084
0.145
1.432
0.912
3.431
0.578
0.072
0.028
0.118
1.838
0.106
0.198
1.858
0.839
1.076
1.018
1.355
1.647
0.292
0.985
0.206
1.592
0.078
1.795
1.431
0.128
0.488
0.03
0.1
1.934
0.133
2.339
0.119
1.238
0.046
0.209
1.121
0.734
0.208
0.939
1.147
0.552
0.235
0.043
0.083
2.254
0.854
0.037
0.076
1.926
0.024
0.443
3.08
0.089
0.077
1.491
0.463
4.709
0.856
0.451
0.118
4.488
2.767
3.072
0.026
0.093
1.25
0.804
0.034
0.92
1.283
2.231
1.026
0.134
0.048
0.175
1.365
0.213
1.345
0.257
0.816
0.039
0.071
0.421
0.344
0.076
2.302
0.036
3.293
0.956
2.436
1.526
0.981
0.72
0.039
0.119
0.983
1.184
0.103
0.816
0.045
1.805
2.912
0.07
1.941
0.541
0.935
0.042
0.87
0.488
1.704
0.227
0.039
0.907
0.089
0.202
1.09
0.419
1.358
0.115
0.075
0.041
1.469
0.073
0.203
2.44
0.074
0.333
0.075
1.182
1.894
1.945
1.16
0.401
1.416
2.317
0.087
6.396
2.361
1.089
0.192
0.973
0.912
1.126
0.086
0.07
1.383
2.38
0.101
3.22
0.765
2.231
0.059
0.012
2.467
0.134
1.069
0.868
0.205
0.44
1.463
0.812
0.085
3.254
0.122
0.071
0.104
1.537
0.071
1.963
1.437
0.82
2.896
0.08
1.026
3.302
4.276
1.016
1.217
0.045
0.954
0.042
0.031
1.074
0.451
1.656
3.932
0.057
1.974
0.337
1.776
0.068
1.37
1.193
0.033
3.22
0.049
0.027
0.114
0.945
0.243
0.954
0.056
1.384
1.385
6.175
1.2
1.186
4.704
0.387
1.697
1.04
2.918
0.205
0.772
2.39
1.48
1.112
0.044
1.441
0.021
0.567
2.275
5.573
0.121
1.121
2.328
3.369
2.815
1.363
0.02
1.63
2.145
0.147
0.084
0.612
0.081
0.098
1.189
3.088
0.348
0.425
0.041
0.049
3.165
0.048
1.269
2.769
2.144
1.737
2.93
1.178
1.41
0.88
0.628
0.039
0.344
0.71
0.675
1.053
0.133
0.058
2.198
0.048
1.256
0.794
0.373
0.064
0.302
0.086
0.751
1.728
2.306
0.358
1.968
0.478
3.333
0.17
0.38
1.443
0.229
0.308
1.296
1.158
0.238
0.21
0.342
0.632
1.185
2.216
2.917
0.063
1.674
2.279
1.486
0.44
0.235
0.047
0.18
4.067
3.74
0.075
1.106
0.046
0.158
0.978
0.629
0.094
2.804
0.114
0.355
0.156
1.93
4.718
1.205
0.021
0.1
0.918
0.652
0.142
1.021
2.117
0.053
0.059
0.079
0.249
0.589
1.305
2.913
0.947
0.552
0.83
1.861
0.205
1.206
0.964
0.114
1.907
2.317
1.526
1.005
1.892
0.06
0.038
0.428
1.432
1.038
0.03
0.853
0.909
0.165
1.034
1.104
0.483
0.032
0.882
0.117
0.053
0.144
3.116
0.121
3.955
3.274
0.061
0.053
1.425
1.29
0.078
0.773
0.866
0.137
1.412
1.613
0.029
0.035
0.211
1.156
0.195
0.752
0.827
1.659
0.991
0.057
2.675
0.659
0.085
1.091
0.056
1.63
1.243
0.215
0.146
1.047
0.283
0.821
0.181
1.241
2.497
0.115
5.113
0.125
0.767
0.033
2.637
3.49
1.501
2.366
0.094
2.811
2.656
3.793
0.297
0.252
0.022
1.088
5.062
0.151
1.589
0.893
0.35
0.966
1.587
0.946
1.302
4.924
0.372
0.539
1.326
0.321
0.461
1.189
1.273
0.85
1.815
2.001
0.918
0.816
1.881
0.08
2.005
0.041
0.513
1.459
0.025
1.233
1.211
0.028
1.958
5.084
2.808
0.332
2.807
6.056
1.877
10.658
4.475
0.249
0.301
1.009
0.04
0.165
0.085
7.158
0.188
3.285
0.967
0.119
0.14
5.713
0.502
1.49
0.023
3.292
0.102
1.884
2.713
0.106
0.738
0.058
1.022
1.645
1.509
1.68
0.584
1.823
0.194
0.042
1.212
1.096
0.043
1.104
1.859
0.041
0.984
0.709
0.025
0.028
1.997
4.807
1.177
4.985
3.016
1.131
1.82
0.877
1.159
2.405
2.197
0.111
4.996
0.355
0.059
0.28
1.177
3.133
0.066
4.005
0.061
1.187
0.054
0.055
0.089
0.317
1.096
0.313
2.779
0.77
2.656
0.167
1.266
2.23
0.118
0.129
0.09
1.855
3.602
4.614
5.329
0.895
0.081
0.08
1.644
1.958
3.696
0.363
1.228
1.21
2.491
2.088
0.046
0.052
1.481
1.425
1.265
0.12
3.338
0.027
2.289
2.206
1.99
0.761
1.253
0.081
0.056
1.672
0.584
1.861
5.257
0.012
2.684
1.358
1.126
0.801
0.541
0.938
0.092
0.622
1.388
0.291
0.06
0.037
1.544
2.935
0.101
1.293
2.735
1.822
6.886
1.221
1.369
0.992
0.159
0.953
0.141
0.13
0.682
0.054
1.331
0.064
1.806
2.043
0.056
0.154
0.76
1.556
0.066
0.112
1.233
1.824
1.401
0.193
0.665
0.01
1.76
0.182
0.173
1.127
0.96
1.509
6.261
1.076
1.472
1.06
0.422
3.401
0.486
0.127
0.785
1.044
0.032
3.078
0.104
0.962
1.754
1.873
0.072
1.378
0.05
1.088
0.032
0.075
0.758
0.11
0.121
0.138
0.121
0.056
0.066
0.704
1.178
0.176
0.336
0.125
0.095
0.095
1.416
1.252
1.339
0.036
0.277
0.016
2.201
0.771
0.074
0.05
2.805
0.324
0.106
5.73
1.633
0.322
1.185
0.468
0.95
0.053
1.984
0.121
0.643
3.159
2.203
0.869
0.985
4.712
0.927
1.52
1.191
0.088
0.027
7.291
0.991
6.855
1.63
1.317
1.714
0.056
0.743
0.043
0.997
2.88
1.128
0.028
1.364
0.027
5.026
0.069
1.23
2.563
0.205
1.575
0.058
0.125
0.064
0.725
0.066
2.392
1.209
0.973
0.561
0.236
0.026
1.52
0.254
0.069
6.06
0.156
0.046
0.063
0.911
0.753
3.406
4.646
1.087
0.249
5.351
2.266
0.044
1.349
0.036
1.426
1.831
0.208
1.525
1.195
1.488
0.102
4.443
0.101
1.434
0.119
0.594
3.814
2.38
1.371
2.302
0.865
0.074
1.833
0.035
0.067
1.068
0.229
1.8
1.287
0.574
1.807
1.286
0.729
0.049
4.034
1.165
0.487
0.966
0.068
1.648
1.113
0.062
0.051
0.561
2.897
0.121
0.304
0.637
0.093
0.592
2.234
2.069
3.669
0.022
1.541
0.404
0.204
3.224
2.089
0.165
1.737
0.146
5.259
0.107
2.222
0.071
0.727
0.489
1.035
4.686
0.786
0.578
0.47
0.065
1.74
0.095
1.06
1.264
0.077
0.21
1.723
5.016
1.737
0.375
0.769
0.402
1.319
0.097
0.729
2.487
2.948
0.852
4.378
0.235
0.324
0.037
0.899
0.062
0.808
1.125
1.155
1.013
0.771
0.108
1.156
2.063
0.151
2.29
2.326
0.958
0.844
1.675
0.023
0.058
0.045
0.575
3.208
4.712
0.132
0.134
0.059
0.577
0.132
0.87
0.11
0.093
1.189
0.8
1.466
0.147
1.591
1.925
1.181
2.334
0.077
0.415
2.604
2.945
0.931
0.301
0.753
0.75
0.596
2.363
1.11
0.121
0.92
0.676
1.157
0.098
0.244
0.188
0.109
0.218
0.106
1.847
0.659
0.187
0.778
1.87
0.022
3.896
0.343
1.159
0.126
0.106
1.073
1.315
0.026
0.245
1.198
0.882
0.966
0.417
0.982
1.139
2.158
0.057
0.782
0.931
0.031
1.015
0.098
1.204
0.057
0.099
7.937
1.073
0.146
0.545
0.183
0.649
1.408
4.938
1.201
0.039
2.892
0.184
0.31
0.171
0.056
0.846
2.716
0.102
1.855
1.171
5.055
0.243
3.654
1.325
0.92
0.14
0.671
0.27
1.457
0.025
0.048
0.123
2.383
0.441
2.856
0.236
1.454
0.675
0.068
1.012
0.06
0.948
0.86
0.99
0.752
1.496
2.186
0.185
2.062
1.545
1.939
1.734
1.554
2.499
2.867
0.269
7.394
2.494
0.114
0.343
0.035
0.956
0.946
0.863
4.004
0.039
0.994
3.284
1.103
0.088
2.443
1.22
0.031
1.496
0.12
0.076
2.534
0.712
0.449
0.083
1.579
0.084
3.04
1.085
1.192
0.861
0.611
0.08
0.332
0.792
2.75
1.504
3.211
3.197
3.368
5.407
1.914
2.134
1.103
1.13
0.023
0.054
0.06
0.043
2.305
0.108
1.176
2.055
0.035
0.103
1.207
0.674
0.22
0.149
0.347
0.034
0.021
0.091
0.031
0.389
1.642
0.049
1.043
0.04
0.027
0.238
4.562
1.899
1.55
0.081
3.954
0.174
0.065
0.59
1.445
1.597
1.973
1.413
0.865
0.883
0.029
0.979
0.044
0.133
0.112
0.1
0.022
0.212
0.687
0.134
0.218
1.054
3.117
0.243
0.22
0.03
0.044
0.656
2.251
2.557
1.125
0.035
1.121
0.198
1.555
5.343
1.351
1.659
0.149
2.271
0.171
0.061
2.849
0.893
4.296
2.503
0.857
1.013
1.091
0.053
4.087
1.187
1.781
0.06
0.012
0.09
4.141
1.686
0.037
2.356
1.306
0.307
2.018
2.772
1.01
5.982
2.328
0.984
0.053
0.177
0.049
0.118
1.108
0.1
0.434
0.038
6.049
0.074
0.159
0.061
0.051
0.143
1.081
0.074
0.797
1.793
0.4
0.188
0.175
3.199
2.094
0.106
0.054
0.082
0.984
1.317
2.51
1.006
1.867
0.022
1.143
1.383
3.095
1.64
3.121
0.073
0.06
0.059
0.916
2.441
1.116
3.817
0.02
1.809
0.035
2.102
0.034
1.511
0.113
0.102
0.866
1.602
0.072
0.125
3.683
0.132
3.599
1.02
0.382
3.451
1.747
1.143
7.163
0.045
2.421
0.434
2.495
0.088
0.055
0.999
0.855
0.184
0.016
0.179
0.679
1.77
0.159
0.181
0.082
0.157
0.206
0.952
0.265
0.038
0.674
1.382
1.014
1.782
3.688
0.766
0.064
0.026
1.877
0.897
1.446
2.503
1.606
1.077
0.541
0.848
1.055
4.616
0.098
1.274
0.113
0.227
2.314
1.657
4.665
0.05
3.033
0.132
1.493
0.452
1.615
0.142
2.034
0.022
2.302
0.086
0.949
0.08
0.09
5.588
0.774
0.087
0.655
1.863
0.085
1.353
0.894
1.106
3.523
0.091
1.003
1.465
10.54
0.268
2.286
1.005
1.092
1.965
3.472
3.626
2.475
0.066
0.068
1.925
12.335
0.054
1.194
0.063
1.528
1.164
2.036
0.501
0.046
0.072
5.958
2.901
0.71
0.209
0.558
2.65
4.785
6.087
1.109
4.014
0.387
0.107
1.662
0.685
0.955
2.122
1.102
0.438
1.083
1.408
6.227
3.063
0.13
0.052
0.843
1.867
1.085
0.2
1.592
1.272
2.596
4.019
0.169
1.01
3.082
1.2
0.142
2.892
0.96
2.356
3.503
0.331
2.923
0.332
0.044
1.095
0.34
2.008
1.153
0.035
0.204
2.867
0.857
2.669
1.595
3.531
1.276
3.89
1.869
0.11
0.019
0.242
0.211
0.194
0.441
1.316
3.14
2.284
3.088
0.073
0.085
0.093
0.017
1.207
3.123
1.492
4.617
0.093
1.205
0.673
1.719
0.836
0.019
0.245
1.77
2.76
1.238
0.04
1.067
0.115
0.525
1.848
0.233
0.19
0.329
7.056
1.61
0.188
0.022
2.617
3.038
1.35
3.752
0.947
0.063
0.76
1.613
1.46
0.428
0.047
0.272
0.034
1.882
0.047
0.11
0.037
1.24
0.296
1.542
0.946
0.321
0.044
0.139
2.284
0.052
0.153
0.349
1.673
0.678
0.12
2.27
1.787
6.109
1.137
0.089
2.654
2.311
0.804
0.975
0.052
0.786
4.517
4.693
0.425
1.067
0.089
0.131
2.451
3.359
0.124
2.551
3.997
3.045
0.036
1.548
1.301
2.349
2.782
1.989
12.96
0.33
4.018
3.072
3.182
2.427
0.122
1.884
0.738
1.063
1.097
5.131
1.114
1.973
0.057
1.579
0.165
0.059
1.52
0.678
1.064
1.269
0.966
1.052
1.104
0.176
2.19
0.038
0.229
0.957
0.401
0.897
0.271
0.137
0.088
0.642
1.086
0.128
5.605
0.072
1.66
0.153
0.359
0.031
0.068
0.164
0.096
0.909
0.021
3.073
0.228
0.197
0.241
1.095
0.892
1.847
1.187
0.035
2.702
0.057
0.04
0.044
2.871
1.135
0.051
2.256
1.104
1.153
1.474
0.117
0.09
2.919
2.752
0.066
2.719
0.057
1.018
0.203
0.15
1.473
0.261
0.031
1.236
0.036
1.345
0.66
0.056
1.607
1.978
0.512
0.145
0.164
0.145
2.318
0.212
0.951
2.008
2.785
1.301
1.896
0.04
0.075
0.095
0.21
0.329
0.302
0.105
0.066
0.038
1.222
2.409
4.56
1.488
0.049
1.215
0.034
4.326
0.024
1.09
1.952
0.186
0.865
0.231
1.267
2.886
0.038
2.588
0.27
0.445
1.007
4.118
1.103
0.952
0.111
1.384
1.036
0.31
0.139
0.124
2.025
0.026
1.696
0.358
1.38
1.727
2.148
0.833
0.596
4.714
0.068
1.162
2.82
2.958
0.083
0.106
1.145
2.133
1.927
1.626
0.024
1.528
0.085
2.361
0.744
2.151
0.996
2.959
0.852
6.091
0.041
0.808
5.402
3.413
1.345
0.626
0.924
2.356
0.053
0.068
1.176
2.379
6.51
0.966
0.125
0.052
0.104
1.798
1.685
1.201
0.808
0.104
0.045
0.179
0.064
0.044
0.11
3.29
1.31
2.601
1.18
5.188
0.168
0.15
0.054
0.422
3.813
1.398
2.878
0.064
0.048
0.027
0.034
0.885
0.817
1.11
1.466
0.088
5.333
0.432
0.026
0.03
2.111
1.033
0.098
0.13
1.896
0.049
0.864
1.945
1.607
1.667
0.071
1.53
0.133
0.219
2.012
2.175
2.251
1.892
1.144
0.138
0.826
0.749
0.142
0.891
0.72
0.739
1.869
0.04
0.358
5.94
0.058
2.066
3.153
0.151
1.073
0.995
1.227
0.895
0.097
0.646
0.119
1.308
0.032
1.631
0.105
0.099
3.786
0.287
1.068
0.282
1.168
0.245
1.498
0.046
0.153
1.236
0.023
0.043
0.058
1.395
6.455
1.473
1.971
0.042
1.876
0.919
0.125
0.141
2.254
0.104
0.051
0.082
3.634
1.439
0.831
0.205
0.975
0.253
5.686
2.517
1.845
0.21
2.939
1.273
4.978
0.658
0.096
1.069
1.489
0.04
0.048
0.023
0.226
7.842
3.962
0.101
2.576
2.094
1.14
0.885
4.551
4.229
2.358
1.02
0.101
1.595
1.816
1.181
0.104
2.193
2.08
0.025
0.714
0.788
2.624
0.056
0.079
0.061
0.327
0.412
1.352
0.907
0.096
0.884
0.696
0.149
0.089
0.128
1.774
1.295
0.517
0.473
1.959
0.39
0.09
3.425
1.976
4.95
0.242
2.509
0.13
1.799
0.662
0.915
1.266
4.891
1.021
0.063
1.753
3.457
1.063
0.718
0.514
1.121
0.971
0.122
0.27
4.198
0.339
1.011
4.97
0.087
2.342
0.295
1.003
1.97
3.763
1.313
2.915
0.679
1.061
1.11
0.99
0.318
1.182
0.134
0.052
1.286
0.033
2.263
0.162
2.517
0.074
0.046
8.9
4.541
0.161
0.047
1.363
1.961
2.967
0.996
0.085
1.059
0.114
0.108
1.361
0.762
0.809
2.638
0.494
0.357
0.034
2.06
0.126
1.496
0.471
0.101
0.024
0.23
0.256
0.548
0.962
0.116
0.028
0.184
1.357
0.048
0.103
1.085
0.153
0.05
1.69
0.427
0.1
0.108
2.334
0.047
1.447
0.448
0.969
0.126
0.224
1.337
0.088
3.754
0.348
1.774
0.152
0.062
1.239
3.866
3.695
0.974
2.163
0.193
0.594
0.092
1.35
1.349
0.964
0.997
5.194
1.781
0.06
2.918
0.074
0.157
0.13
0.085
1.075
1.015
1.612
2.383
1.632
2.685
1.138
0.163
0.702
0.128
0.943
0.068
0.092
1.613
3.643
0.184
1.351
1.069
1.924
1.947
0.048
1.758
0.952
0.055
1.325
0.063
0.201
1.831
1.929
2.231
1.417
1.58
0.322
2.919
2.479
0.067
0.194
3.51
3.259
3.04
1.279
6.842
0.24
3.174
0.049
1.151
0.988
0.24
0.561
1.317
0.039
0.019
2.046
0.054
0.442
0.415
2.62
0.094
1.169
0.739
1.8
0.065
0.724
1.11
0.079
0.651
0.113
1.067
0.099
6.322
3.39
1.566
0.21
0.326
4.923
3.803
0.082
1.319
0.038
0.916
1.998
0.249
0.568
4.02
1.442
0.963
2.041
0.277
1.321
2.183
0.087
2.869
1.478
1.141
0.035
0.13
1.078
0.043
0.053
1.764
0.063
4.293
1.596
0.035
0.082
0.268
1.583
1.936
1.155
4.166
2.825
0.368
0.252
0.191
0.038
0.05
0.889
3.992
1.253
2.993
1.796
1.147
0.917
0.035
0.119
1.909
0.266
0.996
1.152
0.49
1.14
0.035
0.297
0.025
0.09
0.581
0.245
0.42
0.121
0.163
0.419
0.973
0.914
0.253
2.331
0.053
1.827
0.101
0.048
0.275
0.044
0.968
0.07
0.991
0.095
0.892
0.231
0.955
0.863
1.972
2.376
1.525
0.041
0.049
0.364
0.064
1.987
0.95
1.042
1.651
1.844
0.053
0.843
0.109
1.738
0.421
0.14
0.815
0.101
0.143
0.026
0.984
2.586
0.064
0.048
0.148
3.437
0.657
0.294
0.215
0.097
0.074
0.145
0.233
1.189
0.146
2.6
1.004
2.186
0.163
0.039
0.112
0.815
1.133
0.086
0.136
1.365
1.038
1.762
1.179
1.303
2.391
0.041
0.048
0.072
0.715
0.084
10.998
1.247
0.438
0.912
1.059
0.36
0.261
1.341
1.737
0.045
1.821
3.608
0.267
1.163
0.08
0.093
1.239
1.364
0.101
2.937
0.117
1.575
2.769
1.042
2.167
0.367
1.837
0.844
1.491
1.189
0.071
0.075
0.081
3.876
0.072
1.103
1.734
1.047
0.154
5.492
1.357
0.73
0.085
0.043
0.035
0.897
2.065
0.773
0.034
0.282
0.078
0.036
0.06
0.604
0.973
0.121
1.854
1.196
2.447
1.794
0.67
0.053
1.936
0.646
0.048
0.089
0.015
1.105
2.398
0.186
1.383
0.046
0.399
0.923
3.376
1.843
0.057
0.885
0.454
0.116
0.798
0.199
0.928
1.189
3.452
2.801
0.226
3.019
0.173
0.207
2.542
0.067
1.841
2.556
2.153
1.911
1.144
0.041
1.008
0.073
1.7
0.152
2.56
0.959
3.189
0.082
0.322
1.008
0.638
3.516
0.281
0.055
0.662
2.898
2.037
2.205
1.102
0.422
0.785
0.024
2.585
0.219
1.279
0.72
1.249
0.887
1.166
0.244
0.044
0.175
1.585
2.558
0.502
0.221
2.931
2.342
2.243
0.864
0.293
0.539
0.1
0.214
5.931
0.38
1.066
4.255
2.288
0.278
1.423
0.193
0.266
3.046
0.172
0.44
1.648
1.015
0.054
0.803
5.899
6.876
2.1
3.571
2.534
0.888
3.819
1.158
1.227
1.242
1.325
0.889
0.046
0.152
0.991
5.647
0.987
0.245
0.1
0.89
0.143
0.233
0.157
0.041
1.203
1.23
1.318
1.038
2.002
0.352
0.06
0.394
1.278
0.057
2.172
0.24
0.335
0.428
0.818
0.034
6.133
0.074
0.036
3.484
0.188
0.099
1.607
0.147
2.874
0.089
4.182
0.189
0.022
1.21
0.84
0.105
0.925
0.968
0.143
0.103
2.116
0.886
0.019
1.161
1.326
3.469
3.688
1.223
1.67
0.09
0.188
0.644
2.299
3.96
1.623
1.585
0.3
1.803
0.015
2.027
1.459
2.689
4.956
1.57
0.857
0.067
4.442
0.133
0.991
1.26
0.192
3.584
2.435
0.021
0.337
3.942
0.987
0.093
0.883
0.711
0.131
1.794
0.058
2.08
2.144
1.147
0.747
0.913
0.189
1.441
1.684
3.648
2.436
1.696
0.085
2.18
1.137
0.09
0.174
0.966
0.684
1.029
1.151
0.035
1.476
0.059
0.863
2.439
1.07
0.235
0.844
0.055
1.288
1.791
0.873
1.275
1.756
1.083
0.052
0.079
4.461
0.162
0.937
0.583
0.454
0.239
1.207
1.293
0.703
2.598
0.101
0.948
0.049
1.168
2.042
0.137
3.75
1.156
5.237
5.531
1.424
0.085
3.125
3.739
0.861
0.59
0.201
3.636
2.955
0.198
0.082
5.31
1.008
1.862
0.085
0.206
0.032
0.046
0.924
0.117
0.221
0.521
2.776
0.912
0.62
5.692
1.962
3.162
1.376
0.465
1.761
2.313
2.886
4.833
1.358
1.999
1.246
0.642
0.147
4.106
0.032
2.582
3.547
0.038
1.347
2.034
0.381
0.095
1.711
0.063
0.135
1.916
0.026
3.068
0.03
0.813
1.789
0.25
1.481
3.268
1.038
0.697
0.173
0.026
1.042
0.16
0.083
1.074
1.028
1.441
1.658
2.322
0.09
0.089
0.214
0.203
2.203
1.387
0.085
0.292
0.04
0.277
0.074
0.836
1.872
0.755
1.625
0.088
0.198
2.554
0.076
0.351
0.228
0.1
0.711
0.027
0.297
0.045
1.493
0.019
0.063
0.594
0.581
0.116
1.209
3.615
3.659
0.136
0.119
2.201
0.215
2.93
2.807
0.044
0.676
2.39
0.392
1.491
0.147
0.617
1.729
0.518
0.083
0.923
1.03
0.777
3.876
0.06
1.9
0.019
0.146
1.214
0.746
3.766
0.716
2.068
0.151
3.534
0.215
0.695
0.216
0.771
0.69
0.228
0.417
0.067
1.434
0.044
0.617
1.466
3.872
0.279
1.034
0.735
2.723
0.19
1.349
2.06
0.058
1.828
0.532
1.294
1.931
0.149
0.716
2.073
0.069
0.048
0.03
0.03
0.975
4.596
0.079
1.178
0.151
3.076
0.118
1.323
1.447
0.021
4.85
2.331
1.147
1.576
0.056
2.367
0.092
0.18
5.638
0.063
0.058
1.683
2.376
0.641
0.675
0.252
0.778
1.523
1.124
1.986
3.339
2.5
0.023
0.086
0.051
2.413
2.41
0.178
1.284
0.651
0.059
0.96
0.248
1.537
0.119
0.752
0.068
0.983
2.128
0.111
0.987
6.245
1.298
0.21
1.263
0.586
0.751
0.031
0.055
0.811
0.044
1.116
0.785
0.504
0.517
0.095
0.076
1.157
0.046
1.977
0.285
2.582
1.007
1.168
1.858
0.073
0.049
1.184
3.327
0.878
2.282
2.016
1.026
0.415
0.068
3.311
1.07
1.656
0.413
1.141
5.636
0.136
0.168
1.557
0.021
2.545
1.188
1.838
1.656
0.888
2.372
0.03
0.102
1.917
3.196
0.384
0.049
0.085
1.382
1.078
0.474
3.001
1.498
1.231
1.177
0.098
0.09
1.582
0.324
4.707
1.13
0.151
1.453
0.229
0.085
0.196
0.846
1.057
0.028
0.572
4.727
0.057
1.872
2.637
0.904
0.28
0.359
1.224
1.192
0.905
1.523
1.297
0.042
1.847
4.267
0.039
0.086
0.093
2.261
0.97
0.088
0.435
0.07
0.129
2.005
0.463
2.179
1.345
1.008
1.031
0.073
1.813
2.549
1.562
0.196
2.484
0.081
0.109
0.308
4.455
1.942
0.15
1.058
0.193
0.682
0.072
0.956
0.97
1.77
2.812
1.0
0.148
0.959
0.144
3.006
1.092
0.034
0.032
0.07
0.044
0.419
0.243
0.984
2.679
0.874
0.061
1.714
0.169
1.117
0.279
1.081
2.586
1.982
1.187
0.085
0.064
1.315
2.027
0.225
0.128
2.22
0.843
0.078
0.098
5.137
0.117
0.221
1.931
0.153
7.687
3.063
0.061
1.75
1.171
1.992
0.324
2.039
1.113
2.699
0.214
0.101
3.352
1.51
0.038
0.047
1.848
1.069
2.396
0.172
1.397
4.131
0.025
2.817
1.055
2.024
0.805
0.039
1.123
1.892
0.186
0.064
1.748
0.109
0.135
0.298
0.505
0.826
0.741
0.714
0.319
0.038
2.493
0.746
0.815
0.528
1.185
0.983
0.135
0.058
0.715
2.759
0.95
0.346
0.154
4.138
1.043
1.175
1.003
0.959
1.89
2.61
3.144
0.826
0.523
3.631
0.074
0.147
0.27
0.229
4.163
2.971
1.086
3.516
0.263
1.64
0.918
0.155
3.003
0.139
0.229
1.712
4.471
1.105
0.054
0.027
1.515
2.586
0.204
1.982
0.555
0.031
1.06
1.505
0.152
0.258
0.063
2.778
0.046
0.259
0.852
0.068
3.42
0.317
0.829
1.005
0.582
0.04
0.051
0.115
1.276
1.002
0.23
1.993
1.815
0.082
0.098
2.552
0.586
2.246
1.543
0.195
0.24
0.167
2.208
0.363
1.164
2.342
0.526
0.159
0.97
0.573
1.74
0.489
1.515
0.886
3.322
0.086
3.596
0.918
0.113
1.634
0.496
0.974
3.948
0.126
1.563
1.508
0.168
0.131
0.043
0.445
2.529
0.081
2.242
3.622
1.958
0.28
0.255
0.116
0.209
0.141
1.111
0.35
0.669
0.053
0.794
1.102
2.499
1.482
1.127
1.134
0.036
0.063
0.016
0.083
2.482
0.178
0.061
1.14
1.576
0.167
5.107
1.817
1.482
1.114
2.049
2.211
6.355
0.053
1.76
0.212
0.112
0.666
1.002
0.356
0.117
1.504
1.019
2.259
2.597
0.172
0.141
0.449
3.224
0.101
4.118
0.175
3.695
0.569
0.034
1.834
0.707
0.195
1.259
0.031
1.492
7.148
0.164
0.043
0.053
1.122
2.749
0.157
0.136
0.284
0.088
0.15
4.53
2.609
0.638
1.751
6.135
0.032
0.141
0.039
9.419
0.923
0.177
3.629
0.076
1.418
1.309
2.471
1.464
0.906
3.736
1.421
4.215
0.124
1.398
0.212
0.165
0.952
2.521
0.191
0.638
0.147
0.16
1.071
0.897
0.066
0.029
0.673
0.075
0.098
0.851
0.743
2.092
2.918
1.506
0.066
0.103
0.132
3.379
0.3
2.662
0.554
0.097
3.493
1.938
0.919
0.808
1.53
0.645
0.128
1.495
2.494
2.121
0.491
0.1
0.639
0.093
0.367
1.789
0.268
0.201
0.935
2.249
0.058
0.505
0.159
1.782
0.057
1.382
0.025
0.834
1.387
2.107
0.808
1.534
0.081
0.047
1.857
1.79
0.054
0.232
0.995
0.881
0.036
0.184
1.133
0.147
0.907
0.182
4.739
6.594
0.106
0.427
0.08
0.135
0.099
1.024
1.457
1.479
1.359
2.747
0.403
1.299
1.136
0.95
0.919
1.955
0.991
1.666
0.78
0.787
0.194
1.498
0.059
0.072
0.032
1.427
1.03
0.057
0.059
0.281
0.017
0.578
0.015
0.33
0.747
0.805
0.336
0.436
2.33
1.999
1.041
2.028
1.136
0.062
0.188
3.18
1.756
5.058
5.068
0.161
2.544
0.208
0.05
6.444
0.33
2.215
1.445
1.148
3.704
2.566
0.897
0.945
1.402
0.057
0.07
2.438
0.151
0.046
0.158
2.047
0.076
0.137
0.606
2.522
2.907
1.351
0.838
1.043
1.32
0.082
1.065
0.852
0.101
1.54
3.592
3.631
3.787
0.349
0.159
0.044
0.619
0.057
0.102
2.843
0.621
0.906
1.936
0.116
0.13
0.466
3.199
0.544
0.805
3.814
0.964
2.164
1.637
2.085
2.31
0.828
0.379
0.026
1.477
0.067
0.052
0.221
6.052
1.191
1.826
0.102
0.98
1.979
1.805
1.414
1.058
0.072
0.05
0.04
0.533
0.705
0.072
0.047
1.909
2.643
0.061
6.42
1.242
2.52
0.069
1.97
0.161
0.089
0.041
0.621
0.107
0.294
0.024
0.967
0.078
1.365
3.032
10.476
1.217
0.159
0.071
1.972
0.101
0.942
0.802
0.172
0.048
4.373
1.251
0.038
1.511
0.15
0.777
0.219
1.309
0.046
0.042
0.035
3.537
0.665
0.122
0.039
2.056
0.029
0.166
0.953
0.071
5.202
1.349
0.205
0.144
1.279
1.086
0.613
1.055
0.961
0.059
3.786
0.07
0.316
0.266
0.072
0.924
0.193
2.535
0.102
0.63
0.119
0.685
0.241
5.926
1.567
2.0
1.178
0.089
0.037
0.181
0.805
1.35
0.182
1.452
1.947
1.153
2.692
0.884
0.058
0.919
2.817
2.689
0.117
4.282
0.988
1.389
0.72
0.085
1.306
0.062
0.968
1.216
1.414
1.257
0.607
2.519
0.082
0.993
0.516
0.163
1.47
1.864
0.138
1.266
1.452
0.679
1.113
1.25
2.78
6.02
0.096
0.745
0.913
0.315
1.468
0.055
0.162
0.089
1.532
1.106
1.276
0.121
1.701
1.346
0.096
0.819
4.355
0.102
0.026
1.589
0.395
0.041
1.909
0.225
1.81
7.789
0.064
0.601
0.032
4.439
1.595
0.424
1.173
2.482
0.251
0.156
1.58
0.911
1.189
0.413
1.559
0.613
0.086
1.103
0.722
0.049
0.057
0.158
3.328
1.047
1.57
1.997
0.876
1.268
1.596
0.384
3.095
0.832
0.159
0.937
1.158
0.145
0.466
1.362
0.187
2.419
3.365
2.049
0.139
1.15
1.355
0.718
3.079
0.106
0.803
0.019
3.61
0.069
0.073
1.054
0.746
0.562
0.894
1.207
0.223
0.159
0.783
0.947
0.342
3.11
2.48
0.073
2.304
0.12
0.146
0.843
1.506
1.302
0.16
1.386
1.507
1.118
0.47
1.317
2.047
1.529
5.365
0.193
0.19
1.291
2.246
12.258
0.049
0.064
0.958
1.053
2.915
0.057
1.104
0.721
1.879
1.273
0.077
3.161
2.999
0.035
0.922
1.366
0.711
2.684
3.681
0.041
4.543
0.057
2.278
0.851
0.088
0.33
0.748
0.084
1.093
0.023
0.041
0.095
4.518
0.777
0.315
1.99
4.134
0.071
0.048
0.077
0.916
0.041
0.898
1.682
2.521
2.046
0.343
0.837
3.618
0.945
0.175
1.372
0.48
2.104
1.171
0.561
1.777
2.009
1.742
2.419
0.108
2.419
0.892
0.121
6.412
0.179
0.913
0.087
0.172
1.254
1.896
1.173
1.107
0.806
0.155
2.868
0.963
1.226
0.044
0.048
4.2
0.435
3.481
0.102
3.909
3.578
5.972
0.92
1.894
1.949
0.404
1.154
1.314
4.613
1.259
1.02
0.102
0.265
0.203
0.853
0.302
0.021
1.603
0.998
0.316
0.184
0.075
1.266
0.149
1.081
2.615
3.722
2.452
0.079
0.14
0.928
1.811
1.293
0.131
2.057
1.38
0.081
0.201
2.254
1.432
0.148
1.007
0.148
3.043
0.541
1.801
0.936
0.101
2.09
1.138
0.226
2.643
0.813
1.584
4.4
0.023
0.029
0.988
4.21
2.43
1.352
1.243
0.544
2.413
0.058
0.074
0.401
2.807
0.101
1.155
2.188
0.053
0.128
0.494
0.074
0.065
0.099
0.07
1.014
0.03
0.694
0.122
5.716
0.032
2.432
0.107
0.11
0.77
0.118
0.031
0.072
0.115
1.134
0.118
0.849
0.61
3.54
2.004
0.634
0.194
0.091
5.978
0.39
0.822
2.375
1.264
1.192
0.059
2.734
0.079
0.07
0.06
0.107
0.597
0.94
1.535
1.301
1.194
0.054
2.799
0.2
1.853
1.271
0.054
0.091
1.624
5.451
2.879
0.081
1.048
1.248
1.553
1.324
0.024
0.214
0.194
2.706
1.062
2.156
1.043
1.01
0.338
0.909
0.266
1.656
1.864
1.531
3.437
0.357
2.159
0.39
1.36
0.084
3.822
0.968
1.045
0.205
2.846
0.062
0.101
0.152
0.075
1.691
0.021
1.726
2.82
0.969
1.664
0.761
0.122
1.916
0.35
0.069
3.482
0.105
1.629
0.818
0.055
2.451
0.323
1.453
0.797
1.151
0.685
0.158
1.67
0.089
1.027
1.517
1.591
0.981
0.869
3.685
0.058
5.538
0.301
1.155
0.039
1.386
1.933
1.299
1.852
0.067
0.334
0.049
0.591
0.224
0.08
3.104
0.214
0.412
0.385
1.595
0.019
3.831
0.909
0.04
0.848
0.888
1.377
0.66
0.057
0.299
1.09
0.516
1.129
0.182
2.472
2.267
0.155
0.61
2.747
2.117
5.262
0.951
0.062
1.06
1.127
3.306
3.631
0.073
0.058
0.109
0.024
1.595
1.472
2.042
2.173
5.946
2.348
1.039
0.44
0.04
3.917
1.068
3.199
0.14
0.045
0.178
1.391
1.055
3.409
1.097
2.432
1.606
0.028
0.105
0.036
1.268
0.017
0.036
2.07
1.979
2.149
1.141
1.044
0.068
0.765
1.791
0.028
1.939
0.076
1.104
0.522
0.989
6.372
0.065
0.042
0.131
1.833
0.176
4.855
2.944
0.15
2.538
0.979
5.701
2.081
1.174
0.054
1.177
0.309
0.165
1.497
2.715
0.66
2.746
2.996
0.186
3.393
2.703
0.687
2.906
0.119
0.125
2.012
2.151
2.742
1.757
0.516
0.164
1.034
0.053
1.506
1.11
2.351
0.19
1.066
0.761
1.192
0.171
0.874
0.42
3.003
0.083
0.049
4.53
1.745
0.083
0.415
3.051
2.286
2.168
4.976
0.082
0.922
0.171
0.083
0.935
0.982
0.642
1.058
0.136
1.66
0.066
1.598
3.971
1.096
0.047
0.879
0.085
4.665
0.099
0.963
0.105
0.097
4.416
0.881
0.109
1.322
0.034
2.212
0.314
0.029
1.565
0.353
0.238
2.456
2.889
0.956
2.302
1.776
3.837
0.091
0.176
0.014
0.994
0.909
0.841
2.76
0.385
0.025
1.141
1.733
0.198
0.092
3.175
0.428
0.86
1.532
2.16
0.094
1.402
0.96
0.779
1.03
0.107
0.088
0.337
3.065
0.124
1.153
0.231
1.245
0.209
1.971
2.749
1.418
0.061
2.666
1.671
1.004
1.177
0.919
0.164
1.197
0.052
0.032
0.03
0.044
0.063
3.892
2.214
0.119
0.33
0.491
0.309
0.931
0.034
5.441
0.717
0.059
0.593
0.732
2.401
0.035
0.033
0.095
1.034
0.067
0.159
0.91
2.464
1.502
0.066
2.398
0.05
1.184
2.602
0.067
0.024
0.1
0.573
1.415
0.064
0.107
0.229
1.452
3.189
1.605
1.168
2.036
1.033
0.069
1.035
0.052
1.118
0.714
4.193
0.491
0.14
0.055
1.229
0.177
0.25
1.675
0.808
1.072
0.401
1.043
1.007
0.062
1.329
4.571
1.594
0.286
0.235
0.307
0.052
0.829
0.091
1.383
0.083
0.563
0.264
0.868
0.146
1.386
0.325
6.818
0.023
3.336
0.06
0.209
2.095
0.136
0.915
0.02
1.864
3.888
3.88
0.109
0.206
0.104
0.096
1.884
0.024
0.208
0.056
2.342
1.307
3.67
0.887
1.173
1.143
0.062
1.106
0.134
3.508
0.203
5.541
0.145
1.143
0.026
1.069
0.233
1.035
1.392
0.854
0.082
2.861
0.625
0.057
3.582
1.797
1.518
0.038
1.753
0.126
1.261
0.809
0.029
0.082
0.145
0.102
0.961
3.896
0.094
1.658
1.627
1.099
0.106
1.293
0.026
0.06
1.523
4.281
1.404
1.671
0.676
0.607
0.093
1.113
0.803
1.787
3.562
1.264
1.034
2.134
0.194
1.444
1.998
0.03
4.453
0.045
3.517
1.979
0.927
1.339
2.523
0.041
0.054
2.055
1.88
0.025
3.243
2.733
0.291
0.118
2.401
0.994
1.183
0.091
1.666
0.128
0.175
0.232
0.072
1.412
0.226
1.116
0.031
0.93
2.177
6.749
0.66
2.674
0.03
0.115
0.058
1.158
0.129
3.384
0.192
1.302
0.908
0.485
1.212
0.114
0.698
1.164
0.019
1.903
0.566
0.037
0.039
0.837
1.623
0.224
0.117
1.487
2.513
2.987
1.676
1.592
2.991
0.135
1.314
3.669
0.187
2.945
0.229
0.036
0.183
1.48
0.671
1.091
3.473
1.153
0.029
1.049
1.943
0.105
0.052
0.13
0.989
1.274
0.088
0.448
0.205
1.282
0.035
2.517
0.501
1.473
0.915
0.179
2.138
0.042
2.659
1.074
0.791
3.207
3.038
1.932
2.105
0.841
0.044
2.666
7.455
0.041
3.824
1.067
0.1
1.459
1.005
0.537
1.203
0.163
0.645
0.592
5.112
2.49
1.048
1.173
0.236
1.15
0.032
0.832
1.607
1.223
2.952
0.782
0.017
3.369
0.087
2.212
0.967
2.177
0.299
1.011
2.553
0.215
3.034
1.014
2.388
1.187
0.923
0.953
1.963
1.041
0.255
0.828
0.07
0.166
0.038
0.12
0.907
0.82
1.043
1.595
3.258
1.614
2.343
1.26
0.122
0.04
0.083
1.816
0.049
0.089
0.1
1.144
1.403
2.593
0.12
0.145
2.971
0.818
1.021
0.653
1.169
0.066
1.525
0.07
0.581
0.736
1.02
0.102
0.046
0.938
0.252
0.945
3.239
0.084
1.002
0.235
0.209
0.124
0.056
0.449
0.247
5.512
0.095
3.918
0.07
3.155
0.044
0.037
0.394
0.061
2.356
0.106
2.641
0.898
0.105
0.091
0.282
0.673
0.682
0.126
0.359
0.741
0.017
0.099
0.844
1.239
0.219
3.413
0.037
0.197
0.383
4.246
0.039
1.672
0.222
1.137
1.248
0.098
0.146
0.145
2.369
3.373
2.195
0.476
0.106
0.972
0.102
1.903
1.038
1.419
0.993
1.05
1.888
0.359
3.447
0.559
3.764
1.257
5.901
2.244
0.237
1.638
5.002
2.691
3.344
0.393
1.262
0.148
2.352
0.277
0.834
2.691
1.555
0.129
0.029
0.055
0.124
2.403
0.074
0.499
2.165
1.48
0.859
0.062
0.397
0.776
5.754
0.39
0.048
4.795
0.09
1.307
0.23
2.309
1.336
0.035
2.126
0.991
0.135
0.047
1.614
0.187
3.004
0.864
0.129
0.088
0.783
0.064
5.18
1.826
0.941
0.118
1.233
0.956
0.076
4.859
0.095
0.023
1.046
0.061
0.235
3.229
0.921
1.871
0.667
1.225
1.523
0.113
2.678
3.439
2.394
1.026
1.508
0.632
0.15
1.489
1.543
3.563
0.931
1.231
1.531
3.873
3.057
0.885
0.954
0.468
0.15
2.059
0.873
0.257
0.029
2.849
0.128
2.316
1.094
5.736
1.292
0.046
1.082
0.584
1.632
7.512
0.115
3.062
1.895
0.042
0.302
1.954
0.287
0.912
0.043
0.071
2.118
1.075
1.439
0.932
0.066
0.038
1.34
0.018
0.066
0.048
0.529
0.994
0.425
0.157
1.231
1.083
0.88
0.676
0.847
0.122
0.53
0.878
2.119
1.625
1.232
0.672
7.165
0.157
1.09
0.094
2.516
0.105
1.643
0.807
1.707
1.457
0.929
4.874
0.111
5.065
0.288
1.091
1.282
0.102
2.132
0.14
1.872
0.859
2.809
0.186
1.128
1.262
4.568
2.97
0.631
0.144
0.127
1.031
1.189
1.645
1.044
4.162
1.239
0.061
3.873
0.078
1.109
0.059
0.035
0.192
0.594
0.07
4.619
0.042
0.183
0.075
5.383
0.131
0.051
0.203
1.052
4.342
0.265
0.24
0.139
0.07
1.771
3.452
1.396
0.214
1.604
0.838
0.418
2.993
0.072
2.347
0.174
1.776
1.624
0.708
1.613
0.111
0.871
3.439
1.414
0.76
2.666
0.671
1.139
3.318
2.924
0.346
2.287
0.133
3.742
1.774
2.702
0.207
0.983
0.879
0.073
0.753
1.634
0.215
0.041
0.716
5.134
1.488
2.559
1.284
2.284
0.025
0.122
0.039
3.157
0.878
1.801
1.131
0.196
2.239
0.984
1.953
0.03
1.188
1.682
1.25
2.492
0.123
0.599
0.136
0.073
2.302
1.127
2.596
0.509
0.21
2.097
0.941
1.238
1.164
1.262
2.609
0.021
0.169
0.068
1.874
1.761
0.206
5.506
0.78
2.953
4.551
2.922
0.056
0.136
2.0
0.25
2.454
0.726
1.017
0.049
2.06
0.129
1.247
0.86
6.148
0.183
1.387
2.639
1.418
1.369
0.039
0.064
1.189
0.378
0.034
1.032
0.038
0.61
0.113
1.079
2.191
2.401
1.054
1.274
1.284
3.186
0.158
3.032
5.874
0.186
0.825
1.828
0.038
1.371
1.101
0.066
0.569
0.15
2.852
0.128
0.556
0.054
1.281
1.518
2.736
0.055
0.234
3.85
0.146
0.965
0.04
1.435
0.037
0.866
0.127
1.004
0.841
0.074
0.06
0.895
0.135
2.197
0.046
2.019
1.303
0.678
0.087
0.051
0.066
0.084
0.809
0.04
0.888
0.789
0.791
1.993
1.209
0.367
0.029
0.132
1.079
2.271
0.879
1.655
0.065
0.387
0.026
4.602
0.927
3.857
1.185
0.11
1.806
0.034
0.845
1.018
1.306
0.088
1.402
4.326
0.132
1.585
0.168
0.791
2.707
1.046
2.715
1.128
1.103
2.886
1.812
0.19
0.924
2.946
3.337
1.415
3.927
4.294
0.394
2.86
2.449
0.141
0.062
0.661
3.259
0.055
0.398
1.383
0.036
2.302
1.208
0.058
1.749
0.698
0.047
0.073
1.926
1.802
2.229
2.967
0.048
0.126
3.802
0.442
0.851
0.035
1.359
0.035
0.102
1.344
2.579
1.561
0.032
0.55
1.487
0.469
0.078
4.081
0.21
0.092
0.482
1.239
0.725
1.323
0.136
0.05
0.114
3.645
0.163
0.146
0.122
0.922
1.026
0.029
0.998
1.784
0.31
1.725
4.904
0.37
1.324
0.128
8.445
0.869
2.284
0.16
1.69
4.159
0.682
0.242
1.113
1.629
1.806
10.438
1.122
0.307
0.121
1.453
0.16
0.195
0.04
1.288
0.817
0.057
0.199
0.663
2.777
0.047
1.995
1.679
0.304
0.071
1.39
0.284
0.829
1.872
0.964
0.72
1.274
1.012
0.081
1.573
0.052
1.044
2.489
0.126
0.566
0.825
1.794
0.081
0.93
0.045
1.307
0.092
1.25
3.664
0.682
0.065
0.153
1.166
1.427
2.429
0.108
0.116
0.053
1.028
0.769
1.443
1.197
0.199
0.907
0.184
1.301
1.762
1.322
0.047
1.625
4.03
0.142
0.184
0.112
0.995
0.78
0.062
1.144
3.509
0.177
1.081
0.118
0.367
0.055
0.982
2.359
1.729
1.572
0.75
0.478
0.038
0.051
0.019
0.046
0.192
1.783
2.488
1.977
1.231
0.492
3.963
1.316
1.094
0.074
0.752
2.932
1.112
0.584
0.426
2.414
0.222
3.432
0.028
1.112
2.072
0.67
0.092
5.327
0.057
1.276
2.268
0.14
0.145
0.182
0.732
2.707
0.077
0.472
1.678
0.799
0.093
0.219
1.868
0.039
0.035
0.66
3.585
0.733
0.012
0.269
0.066
0.164
0.136
0.109
1.073
2.055
0.805
3.985
0.125
3.915
0.025
0.057
4.407
4.728
0.392
0.085
1.734
2.101
0.972
0.065
4.052
0.837
0.58
0.064
0.037
1.145
3.245
3.191
0.054
3.433
1.242
0.06
0.849
0.886
2.442
1.555
3.102
0.08
0.111
0.463
1.204
1.156
5.141
4.176
2.542
3.792
1.44
0.883
0.864
0.806
0.448
0.046
1.983
0.094
1.259
0.086
1.413
0.058
2.527
0.031
0.058
1.325
1.94
8.763
1.972
0.635
0.796
0.033
1.828
2.719
0.12
1.85
0.049
0.054
5.579
3.859
2.222
0.076
0.042
0.892
0.252
0.789
0.865
2.924
0.069
0.158
1.255
1.709
0.011
0.151
0.069
0.066
0.049
0.207
3.034
1.252
1.16
0.02
6.751
2.101
2.803
4.104
1.79
0.15
1.577
3.714
1.55
0.938
1.019
2.751
0.101
0.058
3.18
1.959
0.095
0.642
0.742
0.037
3.236
0.215
0.162
2.181
2.691
0.072
0.047
1.329
0.077
0.387
0.143
1.921
0.305
0.052
2.456
2.448
1.099
4.183
0.093
1.888
0.033
0.944
1.004
0.026
2.664
1.368
0.335
1.095
1.063
0.061
1.879
1.278
2.311
2.249
1.144
0.026
0.482
0.523
1.211
0.123
1.204
1.271
0.137
3.505
0.72
2.061
3.334
0.936
0.498
0.21
1.43
1.061
0.262
0.078
2.796
0.314
0.759
2.777
0.81
0.124
0.084
3.898
1.249
0.028
0.035
0.058
0.063
0.154
1.852
1.867
1.032
0.077
0.075
1.924
5.098
0.296
1.314
0.364
1.553
10.746
0.714
4.818
0.441
1.612
2.915
0.13
1.069
1.312
0.454
2.023
0.087
0.113
2.277
0.214
3.014
0.046
0.065
3.927
0.019
0.052
0.788
3.409
3.253
0.14
0.161
1.29
2.794
0.079
0.66
0.033
0.86
1.101
3.216
0.108
2.727
0.955
1.408
4.485
0.222
1.435
0.916
1.358
0.134
0.39
1.661
0.707
1.067
1.428
0.603
0.869
1.136
0.157
0.034
1.926
0.043
1.743
5.005
3.976
2.407
1.075
5.107
0.934
0.434
3.255
0.14
0.882
9.007
1.345
0.068
0.432
0.044
1.866
1.04
0.099
2.321
0.014
2.215
1.295
0.032
0.116
0.536
0.118
0.081
1.338
11.845
1.666
0.111
1.211
0.05
1.047
1.668
0.084
0.068
0.876
0.232
0.138
1.057
1.245
0.014
2.452
1.04
1.279
1.148
0.027
1.432
0.036
0.132
0.814
0.714
1.196
0.02
1.077
0.173
1.645
1.586
0.508
0.25
1.094
1.255
2.545
0.039
2.014
0.071
2.488
0.276
0.86
0.161
0.94
4.319
1.948
1.269
0.259
0.101
0.359
0.061
2.126
0.068
0.029
0.581
1.97
0.027
0.334
1.058
0.214
2.349
0.923
3.242
0.047
0.024
0.038
1.948
0.217
0.343
0.711
0.555
2.579
0.068
2.687
0.633
4.323
0.213
0.418
1.385
0.172
0.131
0.218
0.334
5.286
0.14
0.238
0.147
0.152
2.213
0.101
1.318
0.217
2.77
0.038
0.043
0.136
1.157
2.234
0.124
0.128
1.732
1.452
2.849
3.569
1.437
0.17
1.096
0.058
0.455
1.657
0.145
3.008
2.967
0.056
0.37
0.914
2.168
0.151
0.057
1.924
0.03
0.067
1.573
1.245
0.644
0.035
0.032
2.649
2.448
0.045
0.047
0.733
0.13
1.015
0.12
2.452
0.917
1.74
0.228
0.661
1.049
0.113
0.286
0.112
1.485
0.785
0.933
0.039
1.042
0.52
2.834
0.993
1.096
1.659
2.499
0.169
1.182
0.056
1.381
1.086
0.047
0.397
0.824
0.088
1.167
0.269
5.325
3.233
0.928
2.177
0.02
1.489
0.587
0.633
0.941
1.377
0.028
3.037
1.262
0.327
1.674
0.058
0.081
2.476
2.014
0.135
1.99
0.202
0.751
0.344
1.073
0.027
0.187
0.07
0.048
0.627
0.819
2.653
0.046
1.659
0.052
0.127
1.103
0.541
3.401
0.963
6.594
1.822
0.877
1.355
0.353
1.439
0.575
0.173
2.476
1.102
0.162
0.03
0.117
0.156
3.256
0.275
1.262
1.969
0.098
1.535
0.035
0.046
0.868
0.036
0.283
1.211
0.916
0.727
0.561
2.461
1.641
0.216
2.253
0.921
1.51
1.498
1.108
0.105
2.131
0.05
1.175
0.051
1.411
1.506
0.047
2.52
1.328
1.06
0.798
0.081
1.665
1.3
0.065
0.038
6.048
0.169
1.295
1.326
1.267
0.178
2.322
3.847
2.896
3.221
3.924
1.404
0.053
0.113
0.902
2.634
1.128
1.453
0.04
4.689
0.143
0.12
1.251
2.418
2.09
2.43
0.129
0.091
0.175
2.359
1.555
0.034
1.17
0.291
0.417
0.045
2.289
0.19
3.716
2.904
0.517
1.398
6.128
0.136
1.466
0.855
0.815
4.574
0.06
1.115
0.667
0.041
3.163
1.21
4.55
1.031
0.277
0.108
2.625
2.602
0.127
1.559
3.373
2.518
1.798
0.068
0.273
1.071
0.815
0.582
0.347
5.273
0.132
2.162
0.856
0.039
7.149
1.673
0.208
1.239
0.091
0.187
0.175
5.713
0.078
3.136
3.318
0.104
0.073
1.917
1.236
6.501
0.1
1.42
0.053
0.441
0.042
4.634
1.145
1.027
0.041
0.226
1.428
0.051
0.986
0.808
1.45
2.354
2.615
1.335
1.267
2.131
0.06
1.227
4.664
0.045
0.05
1.089
3.44
0.243
1.104
0.029
0.221
4.552
0.566
0.473
1.744
0.073
2.233
1.354
0.625
2.641
0.983
1.606
0.803
0.083
0.048
1.299
0.891
3.495
6.888
5.324
0.383
0.08
2.523
3.076
0.065
0.985
1.158
5.53
5.063
1.017
0.039
1.013
0.829
0.77
1.578
6.371
0.175
0.176
1.822
3.083
3.758
0.669
0.124
0.452
1.012
2.39
3.268
1.367
1.081
3.523
5.175
2.098
0.097
3.075
0.124
1.351
0.039
0.078
1.353
0.239
0.203
0.319
2.969
0.129
0.203
0.083
0.161
1.278
0.055
0.457
0.085
2.412
0.058
1.523
0.85
2.18
0.306
0.269
0.082
1.288
1.196
1.352
1.686
0.622
0.047
0.109
0.03
1.146
0.582
1.786
0.053
0.29
0.741
2.604
2.097
1.497
2.433
2.271
0.125
0.023
1.472
2.198
1.649
2.276
0.67
0.975
0.798
1.058
0.223
0.282
0.092
0.592
0.757
3.225
0.098
0.836
4.856
1.703
3.711
0.483
2.256
0.075
1.352
0.077
1.484
0.142
0.354
0.095
2.515
0.91
0.519
1.153
0.032
0.092
1.562
0.463
2.058
1.48
1.415
1.24
1.005
1.1
1.712
0.273
5.185
0.332
2.826
1.005
4.849
0.82
2.399
2.461
0.065
3.086
0.555
0.464
2.087
3.746
1.632
0.064
3.925
2.416
1.992
0.103
0.32
0.166
1.324
1.308
1.218
4.985
0.1
1.483
0.834
0.449
0.068
0.264
0.523
2.859
4.99
1.146
3.048
0.982
1.004
3.438
0.083
0.13
0.134
1.0
0.763
0.791
1.137
2.32
2.246
3.689
8.101
0.237
1.927
0.079
1.15
1.562
0.207
0.663
1.335
2.721
1.143
1.763
3.296
0.035
1.265
0.08
0.211
0.027
0.8
2.457
1.861
1.138
0.155
1.249
0.481
0.372
0.235
0.068
0.909
0.042
4.443
1.329
1.697
0.084
0.368
0.107
2.036
2.368
0.173
0.968
0.053
0.56
0.965
0.594
1.205
0.025
0.085
0.162
1.882
2.601
0.03
2.063
2.574
0.177
1.828
0.815
0.357
0.321
6.075
1.904
0.059
0.055
0.318
0.052
0.079
0.529
0.144
2.225
5.132
5.019
1.34
4.144
1.274
3.535
2.926
0.225
0.531
0.569
2.112
0.216
2.033
0.115
0.088
0.33
3.242
0.058
2.233
0.028
0.06
0.3
2.133
1.481
1.376
5.072
1.66
0.481
1.131
0.222
1.311
2.279
0.06
0.032
1.376
1.151
3.259
0.246
0.054
0.919
1.427
2.674
0.532
0.016
1.236
1.227
0.999
0.163
0.089
3.196
0.094
0.74
1.148
1.807
0.145
0.027
0.125
0.077
0.925
0.063
1.497
0.958
1.659
1.044
0.965
0.119
0.092
0.54
4.275
1.059
0.081
0.042
0.605
1.387
0.893
0.176
0.271
0.295
0.053
0.242
2.459
3.729
4.27
0.063
0.077
1.355
2.946
0.014
1.188
1.642
1.081
0.719
0.055
0.132
2.661
3.015
0.038
1.519
1.01
1.216
0.034
1.308
2.732
0.973
3.021
0.102
1.04
4.047
0.616
0.062
1.249
0.285
1.183
0.129
0.146
0.388
1.272
1.137
4.791
0.17
1.415
0.783
1.538
2.133
1.431
0.153
4.727
1.414
0.396
0.098
2.229
0.896
1.455
2.132
1.581
0.147
1.066
2.078
0.119
3.454
0.123
0.322
1.229
1.16
0.224
0.031
0.178
0.796
0.272
2.691
0.541
0.16
1.001
0.765
0.403
8.276
3.235
0.132
0.133
3.542
1.44
0.1
0.945
0.803
0.175
1.067
0.123
0.155
0.171
0.742
3.956
0.425
2.797
0.072
1.448
0.137
0.943
0.13
0.027
2.164
0.082
0.432
1.413
0.875
6.506
1.363
0.084
1.284
2.917
0.055
0.129
0.219
0.81
0.057
0.732
3.828
0.066
1.103
0.204
3.454
1.225
0.054
0.024
0.196
0.171
1.175
0.418
0.133
1.137
0.075
0.924
0.108
0.088
1.382
9.701
0.315
0.941
0.051
0.313
0.871
3.972
0.057
0.152
1.024
0.08
1.99
0.127
1.04
1.538
5.309
0.029
0.142
3.23
4.613
3.675
0.055
0.054
3.301
3.45
0.11
1.113
2.754
0.258
1.193
0.629
0.312
0.083
1.032
1.768
0.027
1.2
2.006
0.252
2.158
0.109
2.596
1.905
0.192
1.574
0.028
0.313
0.036
0.987
0.659
0.139
2.138
3.374
0.904
0.231
0.069
0.088
0.439
0.091
0.961
1.548
2.642
1.203
2.878
2.482
2.38
1.251
1.195
1.358
0.591
0.238
2.294
3.386
0.152
2.218
1.098
2.594
0.986
0.264
0.284
0.116
0.077
1.361
1.294
1.723
0.087
1.394
1.012
0.264
0.046
0.807
0.496
2.363
3.356
0.032
2.967
1.048
1.208
0.122
1.187
5.422
0.397
1.6
0.034
2.27
3.224
0.091
0.167
3.42
0.785
0.092
1.987
1.771
4.011
0.075
0.858
0.936
1.995
1.27
1.199
1.371
1.617
0.059
2.123
1.259
0.048
4.386
0.039
1.491
0.084
0.208
2.285
1.657
1.233
1.275
3.303
1.832
0.133
1.224
1.199
2.15
3.932
1.28
0.917
1.249
3.666
0.076
0.29
2.217
0.751
1.615
0.225
0.741
0.534
0.103
1.08
1.62
0.856
1.151
0.967
1.55
4.54
2.073
0.145
0.149
0.875
1.829
2.131
1.467
0.13
1.106
0.17
0.079
3.194
1.404
0.1
1.825
0.672
1.102
4.85
0.043
1.752
0.577
0.074
2.143
1.892
3.332
0.048
0.232
0.032
0.058
0.994
0.106
0.126
2.283
2.617
1.624
0.763
0.893
1.18
1.539
0.47
0.909
1.555
0.051
1.484
0.076
0.517
1.207
0.464
0.212
2.328
0.058
2.53
0.045
3.874
0.773
2.266
3.071
0.742
0.073
2.973
2.185
0.09
1.24
4.208
0.464
2.002
1.089
0.194
0.146
1.986
0.296
1.707
1.246
2.447
0.71
1.925
2.372
0.147
0.067
0.356
0.838
0.079
0.862
1.014
1.344
0.588
6.568
0.051
1.754
0.047
0.514
0.059
1.09
0.152
2.084
0.162
0.416
0.374
2.079
0.085
3.223
1.531
0.329
0.229
0.044
0.066
0.109
1.051
1.116
0.71
0.302
0.187
1.105
1.43
0.754
1.034
2.699
0.128
1.313
3.509
1.285
0.116
0.12
0.148
1.325
0.167
0.061
1.728
0.272
0.053
1.047
0.472
1.087
0.609
1.754
0.256
3.716
4.833
1.284
0.088
1.426
1.831
0.115
7.369
0.106
4.887
4.002
2.146
2.231
0.695
2.78
0.046
3.829
0.075
1.068
0.031
2.637
0.294
2.926
4.209
0.976
2.102
0.641
4.952
0.078
0.043
1.464
1.435
0.877
2.038
0.695
1.017
0.458
0.145
0.085
1.603
0.053
0.07
0.885
0.134
0.1
1.342
3.288
0.193
0.948
0.091
2.217
2.925
0.043
2.882
1.178
0.836
1.834
0.246
3.187
3.594
0.535
0.384
0.158
0.933
0.501
0.447
0.152
1.33
0.778
0.75
0.047
0.239
0.083
0.255
0.695
0.298
0.435
0.497
0.054
2.452
2.033
0.29
1.536
0.856
0.722
0.056
0.231
1.712
1.032
1.732
0.189
5.677
3.704
0.68
1.419
0.086
1.429
1.392
2.217
1.554
1.267
3.451
1.15
0.521
3.787
2.093
0.041
1.998
0.207
0.774
1.213
0.081
1.637
2.236
3.188
0.331
1.353
1.256
0.174
0.044
0.863
1.916
0.062
0.023
1.198
0.078
0.076
0.029
3.44
1.586
0.381
0.083
0.091
2.73
1.465
1.416
0.301
0.117
1.553
0.099
0.048
0.062
0.647
3.063
1.194
1.698
0.035
1.359
5.475
0.184
1.298
0.032
0.839
0.125
1.115
1.008
0.932
0.043
0.71
0.916
1.459
0.423
0.082
0.298
0.151
2.006
0.224
0.23
0.317
0.77
0.167
2.006
0.088
2.132
0.203
0.67
6.217
1.012
0.984
0.13
0.506
0.075
1.542
0.145
2.18
1.137
1.051
0.149
0.105
5.194
5.741
0.182
0.187
0.125
0.312
1.293
1.281
1.263
0.084
0.169
2.016
0.095
2.212
0.081
2.52
3.862
0.102
0.844
0.691
1.443
0.079
1.447
0.026
2.412
2.011
3.858
1.028
2.623
2.493
2.632
0.859
1.678
0.149
0.092
0.122
0.092
1.083
0.069
2.66
1.783
0.724
1.029
2.735
0.752
4.362
1.281
0.702
1.553
5.997
1.662
1.063
0.107
1.069
1.445
0.623
0.075
0.826
0.051
0.302
1.223
0.028
1.105
0.097
0.065
0.142
0.171
3.328
1.302
0.025
5.195
0.98
0.047
1.066
0.184
0.18
2.221
2.654
1.586
1.295
1.094
0.143
1.835
1.225
0.142
1.37
0.076
0.048
0.103
0.032
0.122
0.893
0.618
3.431
0.306
1.083
0.966
4.333
1.338
0.379
0.1
0.028
0.872
4.81
0.824
1.392
3.979
1.384
1.435
2.832
1.958
0.17
1.746
2.331
1.491
0.071
1.166
1.075
1.081
0.035
0.042
1.367
2.871
0.841
3.54
1.361
0.094
1.218
1.098
0.387
0.106
2.986
1.96
0.207
3.963
4.425
0.157
3.82
0.552
0.619
0.074
4.304
1.148
1.323
0.015
3.698
1.204
0.105
0.855
0.191
1.629
3.788
0.038
1.124
0.106
0.073
0.072
0.164
0.39
0.286
1.184
0.511
1.624
0.524
0.027
0.054
0.725
0.07
0.364
0.028
4.353
1.181
0.501
2.896
0.054
0.136
3.331
0.15
0.269
1.28
1.069
0.605
0.064
1.374
1.557
3.095
2.275
0.963
0.255
0.332
0.072
0.09
0.833
0.875
0.638
1.39
2.01
1.533
1.15
0.743
1.115
2.295
1.929
1.394
0.303
0.156
0.06
0.082
1.583
1.993
0.116
1.964
0.91
1.868
0.476
0.062
4.657
0.323
1.536
0.146
0.132
0.884
1.624
0.408
0.746
0.818
1.219
0.088
1.983
3.883
2.085
2.306
1.003
3.211
0.038
3.637
1.539
1.889
0.836
0.919
0.122
0.076
0.088
0.831
0.279
0.742
2.412
1.148
3.701
0.081
0.486
1.631
1.923
0.914
0.863
0.128
0.251
0.019
0.064
0.836
0.042
2.897
1.405
0.183
0.923
1.142
0.656
1.752
0.15
0.033
0.054
0.675
0.511
0.537
0.029
0.149
1.58
0.939
2.535
2.037
0.432
3.747
1.112
2.077
0.045
0.228
0.867
0.175
1.127
0.146
0.076
1.198
2.289
0.972
0.415
0.641
0.107
0.772
2.216
1.506
0.061
0.062
0.427
0.457
0.232
0.129
1.14
0.069
0.084
0.912
0.865
1.129
0.135
0.551
0.382
0.145
0.776
1.283
1.641
2.69
0.19
1.361
0.719
1.693
0.032
1.63
0.103
0.868
1.367
0.825
0.087
3.936
3.513
7.483
1.938
0.062
0.04
0.332
0.505
1.638
1.315
2.592
0.074
1.988
4.194
0.147
2.472
0.152
1.52
0.073
0.167
0.234
0.039
0.799
3.383
0.03
1.189
5.528
1.257
0.185
0.054
0.86
1.386
1.032
0.052
4.012
1.455
0.156
2.166
1.955
4.864
0.996
1.282
4.061
1.809
0.05
0.269
2.532
0.073
0.053
3.164
3.864
0.11
1.172
4.203
0.808
0.126
1.358
0.387
0.266
1.516
1.208
0.428
0.137
0.516
1.176
2.14
1.745
7.677
2.252
3.504
0.106
1.862
5.137
2.821
1.198
1.031
1.251
0.252
0.089
1.294
0.24
0.229
2.364
3.289
0.187
0.586
0.029
0.09
0.66
0.831
3.094
0.037
0.06
0.143
3.695
1.093
1.157
0.068
2.322
1.997
0.057
2.888
0.101
0.112
0.669
2.739
1.612
0.401
0.678
0.673
1.934
0.117
1.268
0.268
2.4
0.121
0.741
0.066
0.264
1.24
0.093
1.245
0.698
1.161
0.176
0.943
0.469
0.219
0.768
0.097
3.191
4.971
0.482
0.09
3.441
0.871
0.319
0.965
2.472
1.497
0.42
0.029
0.027
1.268
0.316
0.628
1.626
0.031
0.174
2.471
0.068
0.433
1.117
0.074
0.07
0.902
3.7
2.191
0.641
0.165
0.732
0.886
0.151
0.013
0.038
0.086
1.81
0.251
1.566
3.6
0.087
0.042
0.619
2.843
0.034
0.05
0.388
0.08
0.028
0.132
0.05
0.353
1.212
2.831
2.571
1.772
1.041
0.041
0.294
1.752
2.152
1.495
0.997
0.188
0.046
1.671
0.311
0.227
3.268
4.759
0.79
2.482
0.853
0.554
0.175
0.849
1.264
1.778
0.04
0.069
1.493
0.15
1.038
0.025
1.174
0.142
0.179
2.657
1.592
1.29
0.23
4.011
0.55
0.991
0.851
2.136
0.195
0.056
0.08
0.153
1.202
1.527
1.575
0.055
1.771
1.45
5.428
0.247
3.432
2.42
0.254
0.027
1.038
3.045
0.082
0.146
2.701
4.065
0.185
1.312
0.547
0.05
0.379
0.818
1.398
3.566
2.036
1.512
0.358
0.115
1.776
0.133
2.083
3.948
0.62
0.489
1.286
0.056
0.199
1.854
0.594
0.161
0.705
1.107
0.037
0.331
0.327
0.415
1.147
0.88
0.588
0.444
2.53
2.589
0.085
0.073
0.254
5.268
3.022
2.573
2.842
1.911
3.321
0.056
0.062
0.124
0.353
0.076
0.076
1.0
1.471
2.36
1.839
1.241
1.333
0.108
1.456
2.03
7.187
1.118
0.028
0.88
1.19
2.225
0.212
1.008
1.219
1.82
0.072
3.232
2.981
4.741
2.888
0.837
2.457
1.44
1.113
0.718
0.121
0.15
1.229
0.039
0.127
3.549
0.326
2.808
0.741
0.038
1.219
0.403
0.038
3.476
0.526
0.16
2.006
1.278
1.289
3.899
1.553
0.882
0.103
0.028
3.923
0.061
0.282
0.24
1.269
0.627
1.24
0.46
1.599
0.2
2.2
1.374
0.066
0.958
0.617
2.163
4.567
1.557
3.125
0.136
0.35
0.216
1.427
0.068
0.958
0.965
1.11
0.364
0.12
1.575
0.828
0.098
0.062
0.516
0.686
0.142
1.738
3.081
0.993
0.197
0.069
0.941
0.258
0.038
1.319
2.677
0.062
0.427
0.167
0.4
0.198
1.545
2.075
1.582
1.627
0.688
1.578
0.068
2.007
0.13
0.832
0.168
0.077
0.473
3.374
1.504
0.897
0.669
0.052
1.023
1.015
0.512
1.82
0.151
0.986
1.703
0.15
2.18
0.06
4.273
1.191
0.137
2.384
0.971
3.118
0.096
1.204
0.997
1.146
1.814
0.233
7.75
0.186
0.251
0.03
2.606
2.449
0.159
0.06
1.021
0.109
0.413
1.692
1.076
1.159
3.067
0.069
1.065
0.071
0.937
2.435
1.535
0.717
2.906
0.028
0.175
0.362
4.28
1.118
1.525
0.439
0.087
0.919
3.273
0.137
1.486
0.043
0.047
0.079
0.098
2.169
0.108
1.593
0.624
0.806
0.103
3.467
0.049
2.586
1.025
0.219
0.175
1.151
0.024
0.074
0.029
0.042
2.033
0.038
0.107
0.049
0.669
2.722
2.532
2.383
0.047
2.425
1.136
0.104
0.126
0.413
1.292
1.404
0.872
1.453
1.446
2.922
2.27
2.685
4.12
0.142
5.106
0.226
0.027
0.095
4.616
0.085
0.115
0.126
0.2
0.196
2.93
0.048
0.983
0.049
1.43
1.335
0.44
0.33
1.909
0.625
3.153
1.914
6.586
2.133
1.94
3.31
1.359
1.483
2.337
0.213
0.099
4.073
0.275
0.023
0.061
0.07
0.271
0.38
0.84
1.925
4.121
0.312
0.308
1.303
2.217
0.641
0.035
1.091
0.109
0.147
0.873
0.144
0.039
4.328
0.082
0.964
2.228
0.022
2.319
0.233
2.134
1.322
0.052
2.589
1.86
5.008
0.909
0.076
0.069
3.463
0.814
0.262
0.098
1.04
0.055
1.902
5.071
3.612
0.066
0.791
1.117
0.266
0.257
1.041
2.668
0.087
0.314
0.643
0.389
2.127
0.197
0.096
2.703
2.499
0.148
0.931
1.373
0.328
1.676
0.02
1.288
0.19
2.523
0.92
1.84
0.07
0.666
0.093
1.618
1.068
0.145
1.346
1.772
0.035
1.487
0.111
1.885
0.072
1.115
0.135
1.652
4.961
0.397
0.706
0.027
0.016
1.08
0.727
1.204
0.121
0.18
4.589
1.063
1.567
2.419
0.018
1.274
0.967
2.326
1.477
4.451
0.076
1.529
0.892
0.111
1.781
2.414
0.17
1.995
0.888
3.135
1.014
2.231
1.172
2.901
0.293
3.589
0.198
5.012
1.443
0.055
0.644
1.637
0.184
0.103
1.07
0.344
0.085
0.081
0.033
2.28
0.691
0.993
1.492
1.371
0.228
0.061
2.77
0.958
0.2
0.885
0.65
0.995
1.454
1.12
1.893
1.49
0.287
2.667
2.829
1.713
0.1
2.064
0.979
1.416
0.056
0.043
0.099
0.286
2.306
3.74
0.037
0.095
1.056
2.341
1.16
0.517
1.71
0.093
0.277
1.667
0.651
0.125
1.368
0.058
2.647
0.098
3.799
0.085
0.063
1.221
0.035
0.083
0.103
0.099
0.169
0.926
0.115
3.01
3.04
0.485
0.917
1.604
0.816
0.647
0.365
4.458
0.866
0.256
1.207
0.165
0.065
0.352
0.651
0.85
2.86
1.111
1.744
0.039
0.733
2.964
0.124
2.532
0.501
0.319
0.083
0.961
0.816
0.075
0.094
1.232
0.826
0.097
0.066
4.502
3.644
0.097
0.487
1.147
1.005
2.855
0.046
5.565
1.055
0.056
2.108
0.453
0.108
1.867
1.419
1.215
0.057
1.792
3.897
1.237
0.045
0.6
3.179
1.082
2.101
0.157
0.673
0.245
1.29
0.843
2.495
0.087
2.311
0.574
1.704
0.108
0.209
0.05
0.464
1.059
0.044
1.259
1.679
0.148
0.045
0.682
1.98
1.183
0.036
0.047
1.789
0.714
0.096
2.372
1.174
0.924
0.073
0.219
0.178
0.04
2.229
1.546
2.773
0.379
1.266
0.968
2.346
1.306
1.096
0.141
2.753
0.054
2.862
2.1
0.026
1.108
2.682
1.23
0.031
2.247
1.129
5.842
0.055
3.06
4.891
0.814
0.154
2.242
11.097
1.943
3.173
0.155
1.534
2.027
1.677
0.063
0.126
2.984
0.051
3.035
0.859
0.078
2.054
0.041
0.555
0.983
0.091
1.743
0.035
4.608
0.159
0.418
0.067
1.061
2.005
1.052
2.047
0.125
1.336
3.248
1.204
0.097
1.683
3.039
1.387
0.192
0.292
2.816
2.073
6.908
1.249
2.408
1.559
3.643
2.106
1.015
2.057
0.085
2.844
0.294
1.708
2.614
0.087
0.741
2.741
4.783
0.079
1.571
0.653
1.568
0.073
0.064
1.075
0.187
0.046
0.02
0.128
0.073
0.12
0.798
0.103
3.21
0.87
0.018
0.173
0.054
2.028
0.483
0.274
0.05
4.538
0.938
0.205
0.426
0.444
0.117
2.024
1.674
1.163
0.077
0.19
1.17
0.192
0.677
2.092
0.073
0.476
0.926
0.055
1.938
0.158
1.083
3.727
0.035
2.549
0.998
1.884
2.503
4.761
0.05
1.811
3.659
0.84
0.708
2.392
0.171
2.82
1.659
1.146
0.842
0.035
0.03
0.087
4.697
0.468
2.898
0.077
0.109
2.949
4.173
3.575
0.476
0.142
0.763
1.135
1.041
2.316
0.033
1.379
0.987
1.554
0.191
0.168
0.131
3.66
2.207
0.037
2.062
0.958
0.888
0.102
0.066
1.664
0.272
0.778
2.01
5.237
2.948
0.74
2.03
0.065
0.037
1.076
0.341
1.798
3.04
0.888
1.701
2.346
3.037
2.175
1.064
1.505
2.979
1.634
1.986
1.028
0.275
1.168
0.043
1.392
0.122
0.045
1.292
2.482
0.065
2.252
1.339
1.964
1.615
1.878
2.62
0.765
0.088
0.871
4.67
1.074
0.043
2.227
0.946
0.177
0.07
1.703
0.487
4.226
1.969
0.015
0.05
2.08
1.627
0.146
0.804
0.146
0.089
6.209
0.876
1.448
0.152
1.531
0.885
1.682
0.143
0.506
0.123
1.234
0.08
4.617
0.372
1.959
0.105
2.905
5.061
1.492
5.169
0.078
1.337
0.348
1.377
0.055
1.174
0.845
1.775
1.312
0.075
0.075
0.339
1.743
0.682
5.249
2.588
3.351
0.069
0.057
0.117
0.027
2.917
0.055
0.055
0.963
0.524
0.151
0.1
1.414
0.07
0.166
1.188
0.045
0.222
2.554
0.337
3.688
4.58
2.077
0.042
1.479
0.782
0.823
1.562
2.322
0.143
0.166
0.578
2.585
0.728
0.524
1.273
0.404
3.607
1.724
1.403
0.107
0.084
1.829
2.674
0.37
0.137
1.103
1.812
0.293
0.999
3.491
0.864
0.976
1.279
2.151
1.414
2.748
0.121
0.103
0.047
0.061
1.196
0.097
1.401
0.322
3.367
0.213
2.673
0.089
0.04
0.131
0.329
1.541
4.828
0.357
0.06
0.867
0.274
2.345
0.05
0.408
0.123
0.504
1.031
0.156
0.272
0.744
4.415
3.307
0.171
1.012
9.145
1.161
0.044
0.043
1.495
0.152
1.102
0.111
0.308
0.558
0.627
0.018
1.249
1.071
0.148
2.827
3.016
2.987
0.033
0.566
0.044
1.25
0.047
0.026
0.991
1.702
0.056
0.018
0.536
1.597
0.261
1.239
3.92
0.363
0.104
4.529
2.022
3.94
2.555
0.99
4.559
3.656
0.054
0.513
1.135
0.369
0.026
0.08
1.393
0.074
0.246
1.285
1.534
0.132
0.138
0.364
0.065
1.13
0.392
1.716
1.218
0.046
2.548
1.811
0.203
2.235
1.078
1.717
0.342
1.796
0.059
4.156
1.094
1.496
3.055
0.486
0.048
2.983
0.135
2.722
0.12
0.057
2.458
0.479
0.09
3.024
0.122
0.185
0.026
1.355
0.096
0.563
0.077
0.923
1.115
0.108
0.038
1.258
0.063
0.177
2.433
0.113
0.181
1.212
0.076
1.715
0.486
2.357
0.139
0.421
0.042
1.507
0.141
2.31
2.756
0.061
0.208
4.718
1.249
0.972
0.831
0.07
0.898
0.019
0.037
1.176
0.791
0.038
3.357
5.633
1.124
0.283
0.073
0.996
1.528
0.145
1.794
0.092
1.871
0.473
1.061
0.628
0.14
2.597
3.4
2.21
1.266
1.491
1.17
3.572
0.82
0.073
0.082
1.393
0.111
0.096
0.09
0.091
2.23
1.996
0.913
1.381
0.133
0.286
0.926
2.701
0.041
0.563
12.533
1.423
1.056
2.694
1.312
0.421
1.543
0.071
0.072
0.861
0.136
1.35
2.363
1.49
1.664
0.643
2.107
0.152
0.418
0.02
0.082
2.218
2.031
1.727
0.679
0.956
0.179
0.216
0.839
1.944
3.246
0.05
0.031
0.942
2.936
0.188
0.625
0.123
0.046
0.798
0.138
0.104
0.582
4.551
0.616
1.341
1.291
0.799
0.202
1.285
0.109
0.039
0.979
0.48
0.056
2.787
1.43
0.893
2.102
0.436
0.037
1.716
0.171
0.657
2.505
1.753
1.119
2.44
1.167
0.69
0.01
2.136
1.722
0.024
3.499
3.163
0.209
0.066
0.93
3.522
0.019
0.764
0.195
2.769
0.052
0.537
1.249
1.26
0.076
1.756
0.776
0.503
3.537
0.275
0.103
0.042
0.383
0.52
1.311
0.933
0.785
3.127
0.08
0.067
0.78
0.682
2.955
2.701
1.921
0.016
0.433
2.475
0.106
2.203
0.698
0.095
3.162
0.783
0.046
0.24
0.036
0.204
1.21
0.256
0.116
0.06
0.151
0.032
0.087
1.677
1.482
1.376
0.853
1.571
1.907
0.51
0.111
0.418
1.066
1.75
1.056
1.645
1.779
1.073
0.798
0.802
0.045
0.066
1.074
4.928
0.169
0.201
0.061
0.923
3.18
0.767
1.432
4.57
1.379
1.021
2.856
0.201
0.974
3.819
0.501
0.796
0.057
0.039
0.023
1.355
2.968
0.042
0.384
1.086
3.5
0.059
1.155
1.214
0.932
0.928
0.088
1.823
1.379
3.797
0.037
1.212
2.01
1.032
0.04
4.48
0.177
1.101
1.233
0.091
1.225
1.014
0.043
1.617
0.123
0.056
1.059
1.054
1.263
0.73
0.38
0.049
0.046
2.482
0.184
0.057
1.825
1.968
1.156
0.151
2.067
5.391
0.747
0.047
0.077
1.756
0.095
0.199
0.189
0.051
2.073
1.212
0.05
0.039
1.389
0.133
3.099
0.362
0.156
3.302
1.457
0.201
1.767
1.629
0.153
0.046
0.125
3.914
3.748
3.718
1.276
1.557
1.18
1.95
2.667
0.139
2.828
3.911
0.017
1.362
1.343
2.937
0.085
1.491
0.135
3.021
0.139
0.244
0.229
0.948
0.901
0.068
0.483
1.382
0.392
0.076
0.761
0.942
1.376
0.832
0.173
0.881
3.371
0.027
0.136
0.554
1.925
2.736
1.583
0.575
0.04
0.052
2.804
0.076
0.639
0.139
2.733
0.132
0.122
1.232
0.136
0.139
1.005
0.518
0.159
1.199
0.08
1.747
3.292
0.099
0.695
0.343
1.296
1.865
0.93
1.166
0.062
2.943
2.738
2.201
3.601
1.302
0.155
5.227
0.318
0.031
1.554
0.082
0.409
7.235
0.218
1.226
0.819
3.616
0.191
1.156
0.064
0.987
1.856
2.55
1.072
0.07
4.406
2.155
0.199
1.915
0.062
0.071
1.322
0.035
2.692
0.593
1.792
0.664
0.807
1.583
1.857
0.063
0.9
0.074
1.738
0.249
2.745
1.374
0.052
0.693
0.1
0.746
4.747
0.838
0.128
0.839
6.094
5.827
0.833
0.217
2.752
0.124
3.105
0.707
3.34
0.04
0.167
1.134
0.139
1.324
0.097
0.274
1.364
5.598
0.19
4.25
1.381
0.115
2.431
1.393
0.265
1.283
3.894
0.048
3.119
0.156
0.072
1.774
5.771
0.061
1.025
0.151
2.762
2.477
1.901
0.039
1.775
1.632
0.074
2.613
0.017
1.291
1.175
0.559
0.228
0.359
0.042
0.106
2.967
4.132
0.047
0.893
0.328
1.222
1.317
1.357
1.584
4.307
1.128
2.122
2.071
0.118
0.035
0.354
1.095
0.719
1.43
3.148
0.131
0.797
0.025
5.086
0.079
4.208
0.171
0.154
1.961
0.98
1.041
0.827
1.112
2.072
1.277
0.091
1.869
1.504
0.41
0.115
0.972
2.831
0.947
2.864
0.561
3.029
4.048
0.16
0.146
3.698
0.198
1.578
1.051
1.171
1.552
0.04
3.983
0.053
1.052
0.574
1.617
2.247
0.059
0.088
2.184
0.083
1.704
1.924
0.185
1.24
0.998
1.496
0.135
0.3
0.271
0.883
0.089
4.285
0.023
0.212
3.754
1.838
3.404
0.063
1.779
3.48
1.608
0.85
0.192
2.321
0.246
1.348
0.873
0.858
0.233
0.715
1.311
3.049
1.575
1.102
2.415
0.099
0.036
1.237
0.085
0.74
4.339
2.018
0.142
0.039
1.781
1.227
0.74
0.223
0.563
3.624
1.025
1.639
1.195
3.931
0.924
2.274
0.714
0.619
1.229
3.082
0.052
0.094
0.208
0.279
0.333
1.669
0.347
0.199
0.319
0.195
10.21
0.17
2.418
1.483
2.17
0.054
1.744
1.469
3.879
0.069
5.016
3.859
1.857
0.094
0.504
3.712
2.156
2.944
1.966
0.133
0.191
0.107
1.401
0.829
1.876
1.314
0.134
0.24
0.111
0.033
0.264
0.893
0.815
0.217
0.991
0.229
1.313
0.021
2.572
1.412
0.065
0.401
1.224
0.088
2.56
0.045
0.084
3.171
0.257
10.307
3.001
1.893
2.505
0.895
0.051
0.655
1.139
0.644
3.885
4.482
0.658
2.177
2.182
2.624
0.112
1.705
0.456
0.931
2.376
3.846
0.066
3.303
0.062
1.231
1.202
1.305
0.088
0.403
0.95
2.88
0.18
1.075
0.053
0.08
4.229
0.078
1.31
0.301
0.04
5.414
1.539
0.045
1.123
1.025
0.048
1.498
3.182
1.431
1.022
2.244
4.856
3.655
0.28
4.342
0.042
0.111
0.559
1.993
0.036
0.052
0.299
0.097
1.302
0.073
0.141
3.824
1.687
1.365
0.166
0.133
4.497
1.831
0.018
5.489
1.19
0.412
1.318
7.924
0.109
1.002
1.405
1.599
1.729
1.64
0.971
1.315
0.08
0.903
4.262
1.034
5.06
1.193
1.562
1.344
0.925
0.257
0.207
0.032
0.154
0.907
1.762
0.561
0.031
1.495
0.095
1.079
2.349
0.473
0.323
0.423
1.021
0.485
2.345
1.074
0.42
0.194
0.167
4.622
1.046
0.662
0.344
2.271
1.128
1.295
5.333
1.699
1.215
0.147
2.457
4.917
0.066
0.086
0.098
0.078
4.794
1.025
0.072
4.721
0.044
0.2
0.984
0.096
1.224
1.399
1.42
0.596
1.603
0.129
2.061
0.036
0.021
0.973
0.03
3.22
0.124
0.449
0.322
0.665
2.239
0.991
1.072
2.505
0.028
3.244
0.222
0.717
4.066
1.583
1.008
0.955
2.51
0.515
2.114
6.539
4.709
0.739
1.366
0.607
1.185
1.853
0.029
0.706
2.103
0.485
0.192
0.858
3.564
2.437
1.955
0.257
2.65
1.24
5.579
6.191
2.763
1.825
0.599
1.936
1.461
0.095
0.02
0.408
1.147
0.977
1.664
0.083
0.06
0.921
2.869
1.225
3.788
4.504
3.315
0.135
0.041
0.563
0.06
0.587
0.161
4.276
0.505
1.986
3.139
2.955
0.127
3.211
0.13
0.096
1.768
0.642
1.372
4.216
0.116
0.325
1.578
4.872
0.895
0.088
0.184
1.11
0.161
1.133
0.981
4.452
0.036
1.257
1.255
1.238
1.663
1.075
2.372
0.25
0.045
0.059
1.138
0.128
1.365
1.565
1.212
0.562
0.555
0.19
0.397
1.007
0.925
0.612
1.004
4.974
0.046
1.718
1.241
0.222
0.15
1.594
0.506
0.147
0.758
0.059
0.262
6.198
0.104
0.151
1.653
1.098
1.995
0.159
1.179
1.73
2.674
1.066
0.061
1.389
0.42
0.925
0.164
1.565
1.892
0.032
0.127
1.045
0.626
0.083
0.356
0.165
0.12
0.632
2.147
0.31
4.319
1.464
2.771
0.037
0.062
0.585
1.998
8.767
0.178
0.182
2.9
1.543
2.096
1.249
0.057
0.951
1.595
0.171
1.037
0.028
0.478
0.095
1.4
0.199
1.985
3.973
1.567
0.892
1.33
0.244
1.409
0.264
0.116
4.143
1.107
2.385
3.506
0.946
1.13
0.345
2.556
1.001
3.365
0.128
0.103
1.339
0.41
0.495
1.281
2.444
0.086
0.268
0.097
1.575
0.103
0.087
0.053
2.866
1.398
2.114
0.971
0.76
0.7
0.763
0.81
7.412
0.995
3.476
1.382
6.375
0.164
0.171
2.955
0.121
4.321
1.363
2.378
0.203
0.781
0.898
0.15
1.374
1.504
0.078
0.118
0.089
0.134
1.232
2.423
3.843
0.033
1.296
0.607
0.676
2.087
0.747
1.352
0.994
4.242
0.204
0.229
0.029
1.325
0.073
1.13
0.917
2.168
1.009
0.073
0.106
4.348
0.107
0.081
0.123
3.937
0.121
0.686
1.508
4.014
0.076
3.086
1.014
0.336
2.819
2.122
0.994
2.73
3.77
1.241
0.271
1.311
2.147
0.199
2.542
0.031
0.894
0.771
0.718
0.045
0.32
0.048
0.216
0.865
0.848
0.071
1.237
0.041
2.48
0.31
2.631
2.017
0.017
0.18
0.364
0.035
0.112
3.884
0.033
1.244
0.947
3.03
0.321
0.044
0.926
4.365
1.743
2.363
6.689
1.375
2.267
1.141
0.953
0.088
0.25
0.149
0.153
0.335
0.135
3.471
0.095
2.372
0.151
2.379
1.089
5.414
5.621
0.238
0.372
0.056
0.531
2.501
0.038
2.233
0.523
0.218
0.403
3.234
0.818
0.857
0.307
1.585
1.689
1.08
0.141
2.971
7.303
3.628
5.45
0.997
0.038
0.911
1.84
0.037
7.114
0.218
0.129
0.93
1.224
0.03
0.725
3.622
1.152
0.05
0.099
1.746
0.041
1.376
0.036
0.164
0.9
0.211
1.451
3.146
0.127
0.038
0.152
0.116
1.114
2.652
1.229
0.075
3.412
0.803
0.112
1.362
0.345
1.085
2.063
1.525
0.092
0.94
0.127
1.914
1.389
0.554
2.151
5.932
0.153
2.249
0.054
0.553
0.788
0.708
0.102
0.112
1.428
2.655
2.954
0.083
1.012
1.094
0.64
0.857
1.383
0.023
0.035
0.359
5.276
0.966
1.212
0.859
0.774
0.098
0.055
2.834
0.254
2.364
1.881
0.182
1.033
0.109
1.329
2.586
1.018
0.209
5.641
0.123
0.036
0.14
1.665
0.147
1.02
0.806
0.046
0.201
0.161
2.271
0.047
7.046
0.127
0.166
0.814
0.066
3.253
0.081
0.018
2.568
1.341
0.308
0.032
2.071
1.138
5.232
3.86
0.363
2.152
0.291
0.097
1.918
0.108
0.929
0.304
0.813
3.611
0.174
0.382
0.877
4.143
3.448
2.827
1.696
2.865
1.183
0.713
0.041
1.331
0.022
5.014
2.841
0.041
1.228
1.972
0.159
2.756
3.147
0.128
3.157
3.696
0.118
0.021
3.026
1.116
1.174
1.341
0.395
0.947
0.107
0.039
0.35
1.461
0.708
0.139
0.116
0.945
3.25
0.988
1.149
3.779
0.035
1.712
0.576
1.69
1.729
0.053
3.003
0.07
1.453
1.3
1.517
0.052
0.157
0.891
0.061
2.377
1.321
2.736
0.994
0.083
3.656
0.059
0.044
1.078
1.037
0.043
0.092
0.037
0.029
1.753
0.064
0.872
0.145
4.994
0.761
0.762
0.847
0.134
2.131
1.409
1.052
2.218
0.679
0.077
0.302
0.21
0.053
0.167
1.681
0.624
0.478
0.096
1.241
0.179
3.641
0.035
3.531
1.004
2.508
0.946
2.498
1.939
0.917
0.3
0.061
0.089
0.909
0.074
0.028
0.178
0.299
1.593
4.546
0.622
0.236
0.033
1.032
1.979
0.7
0.609
0.024
3.166
0.226
0.197
0.029
2.873
0.024
2.801
3.097
3.597
0.667
0.176
0.129
2.409
1.206
0.341
0.163
1.094
3.024
1.115
1.201
0.459
1.618
0.648
4.303
1.623
1.278
0.132
2.342
0.397
1.597
1.0
0.098
0.089
3.88
2.96
3.331
0.123
1.547
0.104
2.211
1.764
1.203
1.824
0.052
0.064
0.061
0.106
0.041
0.069
1.078
3.689
0.929
0.12
1.928
0.024
0.93
2.798
0.275
0.077
3.229
0.16
1.292
1.336
1.616
0.021
2.795
1.398
3.028
0.091
0.038
0.067
1.776
2.546
1.215
0.182
1.12
0.054
2.996
3.151
0.471
2.353
1.272
4.156
0.605
0.106
0.51
1.003
2.001
0.187
1.23
0.248
2.658
0.089
2.067
0.035
1.145
1.702
1.87
0.042
0.893
0.087
0.139
1.002
0.328
1.932
0.754
0.137
1.183
0.053
0.629
0.103
0.095
2.546
5.641
0.033
0.168
0.102
0.998
3.606
0.885
2.213
0.96
0.088
0.215
0.3
0.748
0.056
0.23
0.038
0.068
0.148
0.06
0.036
0.736
0.673
1.344
1.219
3.606
2.741
1.021
0.774
0.108
2.059
1.42
1.107
1.05
0.062
0.201
2.785
0.147
1.411
1.872
1.307
0.325
1.676
0.021
1.222
0.072
0.13
1.042
2.433
2.181
0.085
1.987
0.155
0.498
0.061
0.09
0.92
0.035
3.167
0.933
0.037
1.635
0.063
0.24
0.273
0.868
3.274
3.289
0.164
1.003
0.282
0.108
0.764
1.083
0.168
1.227
1.297
0.56
1.186
1.946
3.512
0.869
0.061
0.037
0.86
1.016
0.365
0.986
0.241
1.177
5.275
2.34
1.6
0.07
0.986
0.22
0.032
0.051
1.299
0.073
3.802
1.416
0.073
0.704
0.326
0.434
0.79
0.983
1.8
2.578
0.222
0.095
1.515
0.118
0.08
0.054
0.198
1.868
1.942
0.018
1.087
0.847
1.088
1.214
0.071
0.148
2.351
2.572
0.047
0.076
2.094
1.842
0.333
1.418
2.479
1.89
1.037
5.601
2.237
8.824
1.656
3.151
0.454
2.308
1.296
0.392
1.945
0.048
3.49
3.048
0.101
0.125
0.108
7.362
3.977
2.45
1.197
5.234
0.116
0.162
2.458
0.931
0.42
0.711
0.752
0.792
0.651
0.16
0.054
1.187
0.05
0.078
2.44
0.107
1.159
1.361
0.083
1.296
2.36
0.194
0.253
1.326
1.939
2.298
0.03
1.485
2.536
0.113
2.107
5.586
2.96
0.552
0.068
3.266
0.07
3.219
1.76
0.094
0.033
0.719
0.115
0.135
0.854
0.228
2.576
0.019
1.817
0.058
1.154
2.69
0.099
2.271
2.197
1.627
0.276
0.23
5.984
0.07
1.429
0.125
0.085
2.618
0.662
5.904
3.864
0.909
0.072
1.898
4.421
3.876
1.178
0.406
0.851
0.674
0.177
0.096
2.221
0.185
0.966
2.081
0.144
2.035
2.485
0.166
0.035
0.032
1.758
0.172
0.056
1.305
0.121
1.688
0.281
1.245
0.237
3.869
0.024
2.715
2.603
1.602
1.413
0.286
1.574
1.374
1.56
2.017
2.489
0.933
0.066
0.235
0.285
0.044
6.156
1.419
0.814
1.166
1.592
6.893
0.658
0.142
1.183
1.005
0.073
2.37
1.649
1.588
1.016
3.257
0.057
0.115
1.161
1.67
0.035
0.069
0.568
3.324
2.141
1.252
0.154
0.074
0.787
1.186
1.159
1.69
0.156
0.227
0.214
0.726
0.504
0.048
3.375
1.865
1.13
1.137
2.711
0.977
1.836
0.976
0.148
0.142
0.115
2.348
0.35
0.361
0.047
0.047
0.026
1.486
3.589
1.597
7.089
0.04
0.444
0.072
1.834
0.5
3.37
0.277
0.257
0.185
0.877
0.871
0.092
0.55
0.678
0.1
0.192
3.128
0.845
2.92
0.037
1.204
2.006
0.258
0.056
0.309
0.493
0.883
0.187
0.044
0.272
0.691
1.08
2.261
0.1
0.538
0.698
2.071
0.427
2.698
0.148
1.923
1.662
0.222
0.231
0.045
0.44
0.61
0.546
1.662
0.056
1.719
2.599
1.128
1.04
0.034
1.234
4.665
1.337
2.622
2.681
3.195
0.925
0.078
1.659
2.661
1.447
0.061
3.469
1.211
3.339
0.159
0.83
0.167
8.417
4.619
0.134
4.883
1.865
4.784
0.16
2.566
1.782
0.028
1.636
0.111
0.091
0.164
0.981
0.126
0.384
0.143
0.241
0.82
2.362
4.67
0.065
1.786
1.916
4.014
2.676
0.141
1.151
0.065
1.42
1.714
0.191
0.168
1.306
0.114
0.346
0.221
0.855
1.564
1.167
0.267
0.076
1.701
0.822
0.902
1.109
2.02
0.038
0.046
3.01
3.578
0.181
2.018
0.074
6.912
1.337
0.07
0.099
0.648
0.043
1.738
1.058
0.148
2.799
1.109
0.106
1.82
1.208
0.272
0.058
0.867
0.574
2.429
1.734
0.913
0.047
0.135
0.07
1.976
0.695
4.097
4.426
2.023
0.872
4.721
0.154
0.091
2.507
3.17
1.322
2.433
0.529
1.226
0.036
0.279
1.926
0.126
0.135
0.17
4.488
3.329
1.098
0.168
4.955
0.768
0.843
0.027
1.232
0.091
0.042
0.113
0.046
0.084
4.817
0.615
0.145
1.117
1.281
0.186
1.078
1.556
0.097
0.102
2.197
1.526
1.381
0.836
2.223
0.089
1.083
0.062
0.632
0.938
1.618
0.514
0.05
0.156
0.058
0.175
0.193
4.174
1.475
0.079
1.401
1.812
1.641
2.469
5.37
0.435
0.015
1.297
0.274
4.313
0.114
0.026
1.284
3.984
0.124
0.063
1.067
0.043
1.912
0.086
0.964
0.464
0.858
0.501
0.853
0.139
0.053
2.406
2.52
0.154
0.107
3.032
1.639
1.043
1.272
1.177
0.141
1.511
0.079
4.902
0.037
1.15
0.111
0.063
0.254
2.781
0.959
5.138
2.142
1.001
4.679
0.65
0.28
0.435
9.333
1.404
1.523
2.028
1.012
0.083
0.019
2.555
0.244
1.31
1.109
0.998
7.579
0.806
0.151
0.755
0.049
0.201
2.067
0.114
0.05
1.714
3.439
2.048
0.125
0.61
0.719
0.047
0.247
1.585
4.947
0.021
0.07
3.115
2.75
1.275
7.633
1.887
0.087
2.007
0.452
1.942
0.052
0.031
1.857
0.721
1.54
5.447
0.081
0.103
0.174
0.142
3.05
0.061
1.013
1.702
1.326
1.123
0.16
0.933
0.743
1.101
1.146
3.099
8.08
2.014
1.255
0.168
0.699
1.377
0.318
0.03
0.028
0.157
1.491
2.223
4.224
0.033
0.217
0.198
1.543
0.934
0.11
2.357
0.226
0.137
0.077
1.454
0.018
0.025
0.045
0.28
0.2
1.706
0.039
0.904
1.534
1.179
0.126
1.853
1.607
1.411
0.043
3.238
1.011
1.488
0.441
0.39
2.28
1.684
0.123
5.788
1.275
0.109
0.967
1.094
0.732
1.569
0.271
0.02
2.264
1.1
1.359
1.445
1.137
0.07
2.908
2.404
3.033
0.253
1.618
0.251
5.677
0.446
2.643
4.791
0.103
1.63
0.119
3.616
1.271
0.069
1.001
1.126
0.729
2.45
2.715
0.094
1.508
0.796
0.1
0.562
0.597
1.098
0.571
0.131
0.108
5.765
0.903
0.069
0.164
0.201
3.35
1.814
1.631
0.581
1.488
5.365
2.274
0.524
0.148
0.556
3.027
2.003
0.928
1.071
1.478
1.55
0.101
0.358
0.564
1.114
3.579
0.075
0.243
0.139
1.078
3.861
0.962
0.103
1.015
0.123
2.54
0.105
3.707
2.573
1.199
4.122
0.222
0.204
2.39
1.218
0.101
1.739
0.124
1.189
0.845
0.881
1.353
1.552
0.929
1.206
1.452
0.939
1.349
1.07
1.281
0.109
1.475
0.176
2.847
0.273
0.275
5.228
1.147
0.518
0.452
0.308
1.116
1.07
1.852
0.143
0.071
0.064
1.527
0.22
0.865
0.017
1.824
0.575
2.303
2.521
0.091
2.054
0.406
0.204
0.061
0.156
0.793
0.09
0.08
0.161
1.696
2.465
1.121
1.122
0.903
1.199
1.1
2.642
1.261
0.139
1.576
0.083
0.248
0.081
1.923
1.641
0.072
0.052
3.06
1.991
0.036
2.918
2.128
2.151
3.553
0.605
2.189
0.112
3.845
5.774
0.13
0.898
1.871
0.875
0.859
1.985
0.681
0.02
1.194
2.408
0.222
0.95
0.11
0.538
0.114
3.389
0.512
6.379
0.351
1.336
1.184
2.935
1.038
2.114
1.273
2.096
0.432
1.754
0.054
0.776
0.053
0.968
1.59
0.05
0.104
0.069
2.561
3.953
2.149
0.127
1.883
0.174
2.093
1.245
1.382
3.217
0.314
0.033
0.083
1.815
1.55
1.425
2.864
0.139
0.796
0.171
1.515
1.012
0.185
1.265
1.163
2.38
0.04
0.172
3.882
0.977
0.198
0.045
1.978
0.234
0.071
0.078
1.008
2.0
0.054
0.898
2.287
0.911
0.421
0.103
1.973
2.494
1.99
0.171
0.048
3.741
0.03
3.61
3.141
0.745
0.283
1.362
1.745
0.903
1.308
0.054
4.853
1.148
0.144
2.029
0.083
0.983
3.038
0.114
2.027
0.126
0.767
4.376
1.963
2.385
1.472
0.721
0.77
0.223
0.066
4.523
0.717
0.042
0.064
4.921
0.197
0.159
0.016
0.034
0.081
0.696
0.108
1.249
3.671
0.638
0.919
2.903
0.062
1.035
0.036
0.384
0.915
1.806
0.06
0.031
0.14
0.027
1.151
0.187
3.968
0.681
3.508
0.078
0.129
2.006
2.076
0.671
4.695
0.046
0.815
0.076
0.048
1.04
2.499
3.027
0.131
1.028
0.058
0.091
2.275
0.271
0.121
0.157
4.6
1.929
0.133
3.419
2.609
0.615
1.243
2.667
0.108
0.054
0.053
0.099
0.12
1.799
1.038
0.074
1.043
0.115
0.051
1.178
0.58
0.131
2.748
0.426
0.693
0.086
1.25
1.009
0.547
0.083
0.052
0.998
0.216
0.238
1.378
3.212
0.077
1.514
1.65
0.024
1.243
0.201
1.642
3.29
1.859
0.58
2.122
1.037
0.586
3.13
1.428
0.455
4.13
2.875
1.04
0.03
2.449
2.737
0.055
0.935
0.106
3.666
1.379
2.417
0.083
0.451
1.853
1.694
2.792
0.589
0.526
0.154
3.015
3.649
1.133
0.288
0.096
0.203
1.721
0.318
2.785
1.116
0.562
2.69
0.111
0.161
1.037
0.895
2.544
0.776
2.772
0.703
0.124
2.577
0.168
1.264
0.13
0.399
0.055
0.766
2.79
0.453
1.211
2.199
1.298
0.133
0.019
2.263
6.982
2.798
0.05
0.143
0.098
0.933
0.286
3.997
0.031
1.015
0.163
1.5
2.426
1.251
0.125
0.018
1.68
3.29
1.802
2.334
1.048
0.036
1.02
2.655
0.899
5.037
0.446
1.03
5.603
1.79
0.029
0.587
3.072
0.057
5.023
0.298
0.939
0.089
0.027
0.042
0.094
2.486
1.572
0.086
0.038
1.155
0.284
0.05
1.709
0.764
2.679
0.765
4.984
1.336
1.0
0.43
1.544
0.781
0.102
1.239
1.486
0.188
0.971
3.023
0.079
0.092
2.133
1.36
0.682
0.575
2.344
6.591
1.253
1.284
0.092
0.985
4.171
0.199
0.999
0.908
0.091
1.115
0.934
2.206
2.503
0.142
0.657
0.876
0.671
0.034
4.15
1.574
0.999
2.083
0.926
1.133
6.731
3.469
0.545
0.103
1.093
0.099
0.928
0.225
0.036
0.11
2.494
0.255
1.15
2.795
4.51
1.528
1.423
0.098
1.338
2.933
0.03
1.125
4.63
1.918
0.153
1.0
0.024
2.063
3.299
4.296
2.69
2.225
0.072
2.275
0.054
0.127
1.382
0.097
1.873
0.06
0.141
1.138
0.093
1.921
3.115
0.092
2.207
1.069
0.584
0.163
4.908
4.253
0.068
0.126
1.624
1.251
0.092
1.892
0.257
4.896
0.909
1.191
0.831
0.165
3.276
1.476
0.064
1.944
1.258
2.775
4.115
0.117
3.064
1.546
0.036
2.511
0.045
1.359
0.339
0.189
0.835
2.12
1.375
0.059
0.041
0.127
1.11
3.207
1.765
0.126
1.126
0.344
1.514
1.485
0.065
1.043
1.071
0.101
1.942
0.836
2.62
0.155
2.958
0.022
1.198
0.711
0.601
1.652
0.404
0.74
0.136
0.046
0.048
0.836
0.902
0.161
2.082
2.684
2.086
3.588
2.44
0.024
0.035
0.06
0.797
1.031
0.058
2.373
0.051
1.521
0.123
1.229
0.197
0.146
0.159
0.694
1.596
0.028
1.221
0.281
0.154
2.134
1.461
1.049
2.477
0.042
0.14
3.707
0.378
0.633
0.29
2.158
0.111
2.082
0.141
0.182
2.108
1.261
0.079
0.868
0.098
1.194
1.287
6.023
0.211
0.063
1.859
1.229
0.264
0.036
0.7
1.273
9.058
1.889
1.085
3.06
0.193
2.635
1.139
1.866
1.928
1.788
1.084
1.038
4.36
0.027
0.632
1.32
0.048
0.22
0.321
1.87
1.748
1.381
0.067
1.852
1.244
1.895
0.057
2.369
1.064
1.485
0.963
2.352
0.181
2.154
0.081
0.491
0.036
1.017
0.03
0.221
0.362
1.284
0.495
1.301
1.533
7.512
1.338
0.178
0.021
1.01
0.14
0.787
1.087
1.092
4.753
1.472
0.674
1.178
1.856
4.519
0.853
1.498
0.224
1.224
0.153
2.294
0.059
0.058
0.881
0.58
1.124
0.323
0.091
1.175
0.097
0.404
0.048
0.043
6.333
4.628
5.7
0.088
2.965
0.076
3.009
1.852
3.38
4.41
2.883
3.295
0.045
0.564
2.215
0.516
0.06
0.056
4.89
0.051
0.651
0.428
1.377
1.224
0.157
0.037
0.069
0.891
0.014
3.196
0.099
3.947
6.028
0.971
0.3
0.118
1.864
1.529
0.054
0.424
0.089
1.366
0.031
0.061
0.705
1.345
0.119
0.98
0.669
1.538
5.478
0.295
1.841
1.134
3.701
0.201
4.499
0.048
1.818
0.803
0.895
0.033
2.679
4.714
0.055
0.069
2.027
1.473
2.217
0.064
1.311
0.019
0.219
0.068
0.053
0.046
0.126
1.195
1.831
0.102
2.728
0.067
4.902
1.299
0.05
0.269
2.275
2.554
0.443
1.417
0.798
0.167
0.966
0.052
3.417
1.13
1.127
1.524
2.239
0.139
0.951
0.547
0.374
1.882
1.429
1.398
0.916
2.946
0.994
0.558
0.115
0.066
0.295
0.237
1.545
0.863
2.162
3.366
2.792
0.086
0.745
2.451
0.201
0.255
2.323
2.075
1.605
0.295
0.127
0.338
5.36
1.063
0.054
1.564
1.948
0.038
1.342
1.26
0.865
4.127
1.467
1.913
0.113
0.174
1.94
0.076
3.4
0.141
1.544
0.569
0.996
0.991
1.373
0.874
4.129
1.185
0.236
1.019
0.497
0.142
0.145
4.48
0.173
0.053
3.831
0.138
2.63
2.897
0.332
1.052
0.064
0.215
2.434
0.079
1.742
0.047
0.07
4.681
0.155
7.737
0.681
0.361
0.479
1.211
0.105
0.074
0.068
1.113
1.894
0.474
2.03
4.768
0.047
0.165
0.981
2.561
0.044
1.006
1.056
1.29
0.038
4.021
1.539
4.593
1.023
0.047
0.969
0.665
3.422
1.1
7.929
0.047
0.124
0.095
0.026
1.417
0.891
2.01
0.881
0.22
1.843
0.969
0.177
0.667
2.049
2.1
2.982
4.169
0.057
0.619
1.056
0.334
0.072
2.854
0.115
0.183
0.147
1.202
2.133
2.555
0.035
1.218
8.045
2.908
0.26
0.671
4.181
1.72
2.363
1.578
0.114
3.051
1.97
1.455
1.992
0.687
1.352
0.097
1.904
0.132
2.183
1.087
0.022
2.473
1.477
0.242
6.539
0.869
7.702
0.95
0.082
0.063
0.041
1.658
0.093
0.119
0.979
1.497
3.477
2.203
3.046
0.191
1.1
0.379
0.169
4.3
0.843
0.482
0.075
0.714
1.174
2.021
0.067
0.06
1.752
0.332
3.907
2.229
1.2
0.061
1.683
0.045
1.47
0.093
1.964
0.039
0.919
0.049
4.13
0.701
1.531
0.039
0.026
0.805
0.084
1.141
1.756
1.097
0.167
0.902
1.287
5.2
0.113
5.328
0.191
1.259
0.029
0.537
0.133
0.119
1.7
0.051
1.595
3.818
0.826
0.897
0.175
0.79
1.108
1.428
2.2
0.606
1.815
0.764
3.826
1.047
1.541
1.096
0.058
0.083
1.486
1.692
0.054
0.614
1.412
0.04
1.617
1.104
0.403
2.157
0.599
1.102
4.827
0.126
0.658
1.816
2.277
7.989
0.084
0.942
0.763
0.014
3.006
0.27
1.578
2.382
2.435
1.896
0.234
0.102
0.192
1.631
0.056
1.38
0.055
0.573
0.048
0.219
0.433
0.014
0.617
5.313
0.079
0.969
0.136
0.552
1.285
3.534
3.528
0.471
1.318
0.117
1.59
0.281
0.072
0.06
1.932
0.34
1.912
0.04
0.025
0.3
2.633
2.743
2.298
2.854
6.536
0.099
0.362
1.941
0.188
3.465
0.089
0.44
0.028
2.319
0.45
0.041
0.083
0.655
0.087
0.198
0.579
0.495
1.153
0.988
0.88
0.086
1.916
0.23
1.848
1.856
0.865
0.074
0.487
2.899
0.46
0.587
0.167
1.209
0.318
3.381
2.716
0.132
1.684
0.396
0.101
0.06
1.86
0.053
0.034
0.098
0.098
0.035
0.093
0.039
0.803
1.364
0.916
0.424
5.524
1.008
1.032
0.038
0.052
1.377
0.327
2.268
0.242
1.12
0.122
0.509
0.109
0.671
1.237
1.212
1.083
0.063
1.312
0.152
0.053
0.263
0.277
0.04
0.183
0.878
0.975
0.927
0.06
1.471
1.16
0.181
1.134
0.747
1.944
1.083
0.502
0.518
1.063
1.907
7.195
1.272
0.137
1.54
1.428
0.02
0.905
1.889
0.17
0.047
0.02
0.084
0.331
2.973
4.22
1.617
0.084
0.093
1.518
0.062
0.208
0.126
5.987
0.071
3.135
0.143
2.08
1.079
1.516
1.951
1.438
0.085
0.063
0.069
3.493
1.272
3.221
2.096
2.958
0.197
0.537
2.237
2.023
2.68
0.876
0.173
0.279
0.073
0.332
2.705
1.489
3.676
0.019
1.249
2.02
0.033
3.206
1.71
0.11
0.737
2.363
0.108
0.103
0.036
2.642
1.408
0.666
1.477
0.399
1.379
1.787
0.524
0.876
0.735
0.193
0.079
2.763
5.08
1.721
1.559
1.044
1.445
2.601
0.068
1.015
0.099
0.446
1.455
0.162
0.198
4.025
5.797
0.094
1.253
0.123
1.801
0.037
0.115
1.663
0.073
1.635
0.777
0.955
0.028
1.762
0.327
0.811
0.218
0.096
3.853
0.894
1.047
0.865
0.211
0.059
1.828
7.713
0.892
3.672
0.774
1.356
3.948
0.089
1.046
0.093
0.031
0.935
1.015
1.635
1.333
1.055
1.375
0.207
0.07
1.391
1.683
1.089
2.892
0.287
0.986
0.172
0.021
0.209
1.07
0.405
0.766
0.166
2.484
2.092
1.771
1.311
1.954
0.892
2.752
0.048
4.692
0.793
0.952
3.385
0.293
4.641
4.611
0.918
2.081
0.037
0.171
1.933
2.769
0.055
9.277
2.982
4.735
0.092
2.112
1.389
0.094
0.645
0.123
1.744
1.252
0.231
0.869
0.065
0.377
1.202
1.107
1.332
7.763
0.806
0.038
0.981
0.117
0.98
0.151
1.906
0.098
0.828
0.465
1.718
0.21
1.359
3.219
2.084
2.096
0.062
2.64
0.925
0.083
0.152
0.2
0.988
0.089
1.035
1.725
0.575
1.771
0.075
0.039
0.039
0.063
0.075
0.053
2.975
3.527
2.006
2.669
0.051
2.133
0.042
0.805
0.274
3.408
0.963
0.095
0.123
0.445
3.792
1.597
0.537
0.219
0.077
4.148
1.079
1.248
1.072
0.076
0.458
0.09
0.155
0.559
2.624
1.056
0.022
0.045
1.869
0.042
3.451
0.143
1.633
0.574
3.503
3.707
0.064
1.583
3.205
0.796
4.093
2.047
0.157
0.875
0.092
1.111
3.175
0.036
1.454
0.158
0.056
0.075
0.573
1.162
0.14
0.074
0.547
0.058
1.181
0.92
0.143
1.132
1.109
1.428
0.09
0.698
0.83
0.187
0.13
3.499
2.411
0.174
3.48
0.061
3.155
0.638
4.719
0.028
0.221
2.405
2.625
1.261
0.056
0.03
0.252
2.205
0.046
3.65
0.049
6.938
1.314
0.047
0.062
2.044
1.168
0.791
2.614
2.621
0.855
0.169
1.466
0.076
1.18
0.05
0.054
0.065
0.821
0.901
3.765
0.066
2.148
0.094
0.105
0.103
2.791
0.043
6.172
1.016
2.957
0.051
0.204
2.352
0.082
4.66
2.034
0.15
3.42
0.395
1.267
2.362
2.885
0.194
0.097
0.55
0.768
0.229
0.481
3.268
0.093
0.026
0.022
2.145
0.046
0.895
4.76
0.038
0.15
0.09
1.827
1.1
3.941
1.5
4.478
0.097
4.12
0.059
3.299
0.074
0.263
0.071
2.095
2.416
0.906
0.668
0.229
0.114
0.143
0.061
2.881
0.592
0.859
1.506
1.377
0.365
0.078
0.371
1.04
2.559
1.228
0.198
1.848
3.844
0.091
3.51
4.09
2.108
0.038
1.035
0.029
0.224
2.818
4.226
1.07
0.113
0.088
0.786
0.145
0.16
2.2
3.239
0.83
0.128
0.183
0.272
0.9
0.054
1.069
0.392
1.792
1.104
2.521
0.123
2.901
2.949
0.983
1.028
1.396
0.056
0.928
0.076
0.429
0.021
0.037
0.401
2.379
2.55
3.569
4.366
0.081
0.144
1.011
2.792
4.209
2.341
0.164
0.89
0.11
0.054
0.607
2.177
0.805
1.937
0.208
0.166
2.587
3.932
0.269
0.236
3.15
1.697
0.846
0.198
0.105
0.895
0.098
3.22
2.92
2.642
1.177
5.954
0.224
5.64
5.136
0.435
1.919
0.082
0.154
1.943
2.058
4.252
0.077
0.038
0.76
1.904
2.839
1.23
2.722
2.774
0.472
0.07
1.869
0.681
1.192
3.676
0.268
0.112
1.645
3.605
1.886
1.799
0.769
2.674
3.789
0.336
0.97
2.839
0.304
2.933
0.423
1.402
0.132
0.069
1.16
0.046
0.851
0.035
1.642
1.054
2.8
0.144
2.088
0.587
1.118
0.093
0.229
0.609
2.547
1.059
1.665
0.516
1.389
0.041
1.846
0.457
0.091
2.047
1.632
1.389
3.181
1.22
0.04
1.34
0.849
0.799
0.959
0.995
3.742
1.32
0.028
2.707
0.03
1.831
0.055
2.177
4.84
1.315
0.1
0.134
1.231
0.136
1.245
0.204
1.598
0.18
1.149
0.173
1.128
0.205
1.06
1.318
1.278
1.174
0.06
0.106
1.793
1.426
0.767
0.16
3.497
0.877
2.078
1.862
0.89
0.72
0.371
0.623
1.528
1.377
0.9
0.624
0.044
0.025
0.155
1.632
0.03
1.668
0.337
2.336
0.933
0.025
1.813
3.846
0.063
0.846
0.069
0.04
0.45
0.378
0.383
0.378
0.072
0.164
1.073
0.104
0.239
0.806
0.677
3.331
0.045
0.883
2.66
0.568
3.779
2.261
0.045
0.052
2.328
0.743
1.937
1.052
1.282
0.037
0.085
0.031
5.751
1.573
1.411
2.246
0.967
0.081
1.228
0.038
2.949
0.356
1.12
0.578
0.244
0.914
1.546
3.484
1.431
2.65
2.741
0.036
2.223
1.228
1.12
1.199
1.517
3.804
3.072
1.06
1.695
0.027
0.12
2.788
0.038
0.372
2.193
0.789
0.527
2.045
1.467
4.454
2.088
1.708
0.067
2.354
2.542
2.213
3.158
0.039
1.791
1.368
0.042
3.73
0.069
1.643
1.799
0.908
2.096
0.057
2.058
0.48
0.947
0.068
1.107
0.052
0.179
0.099
0.356
1.092
0.041
1.036
2.19
2.144
1.481
0.899
1.815
3.256
0.171
0.031
0.33
0.324
0.483
0.053
0.102
0.19
1.936
1.034
2.508
2.637
0.982
0.672
0.626
0.59
2.829
0.277
2.371
1.876
1.773
0.094
0.025
3.675
1.126
0.852
2.5
2.872
1.052
0.418
0.052
0.151
0.16
0.044
0.135
2.897
0.264
0.902
0.153
4.195
1.098
1.105
0.247
0.046
0.055
0.366
0.158
0.088
0.979
5.139
0.288
1.699
1.478
4.802
1.573
9.528
0.03
5.221
2.95
0.701
2.409
0.095
0.358
1.704
0.129
1.108
2.357
4.081
0.064
0.368
0.072
0.06
1.13
7.327
1.796
2.05
0.414
0.019
1.605
3.104
0.952
1.009
0.563
0.089
1.013
2.351
0.027
0.088
1.968
0.087
1.526
0.78
2.047
0.082
2.367
0.276
3.337
1.117
2.058
0.054
1.101
0.064
0.033
1.287
0.046
0.03
0.073
5.087
7.987
0.889
0.907
0.074
1.124
1.596
0.088
3.026
0.702
4.116
1.741
5.659
0.99
5.993
1.051
1.061
0.239
1.714
1.158
1.191
0.114
0.481
0.063
2.165
1.456
1.297
3.309
0.937
0.024
1.153
0.178
0.035
0.211
0.046
0.494
0.317
5.027
1.6
3.46
0.072
0.087
2.532
0.086
0.113
0.11
0.224
0.02
0.034
0.396
0.105
1.493
1.724
0.039
1.552
0.643
1.28
2.244
2.043
2.097
0.603
1.437
0.063
2.32
4.432
0.07
2.849
2.729
0.049
4.264
2.32
0.054
0.054
0.789
2.904
2.614
0.143
0.865
1.071
1.675
1.023
3.239
4.445
1.077
0.122
0.086
0.944
0.085
7.257
0.212
0.859
0.104
0.974
0.725
1.49
0.418
1.906
0.049
0.802
0.914
0.437
0.957
0.658
3.194
0.202
1.521
2.42
1.267
0.469
0.895
1.899
1.325
0.245
2.723
0.029
0.025
0.786
0.138
1.036
1.528
0.935
1.128
1.097
0.152
0.061
0.016
1.635
4.848
0.844
1.622
2.448
0.96
2.397
0.764
2.741
0.848
0.284
0.065
1.126
1.481
2.829
4.282
0.925
0.062
2.442
3.043
0.098
1.176
0.946
2.005
0.969
1.185
0.604
1.091
2.505
0.045
1.898
0.067
2.403
1.466
4.234
5.504
0.266
2.813
0.863
0.151
3.11
1.143
1.179
0.056
0.882
0.069
0.153
0.128
1.16
1.696
0.083
0.52
0.838
4.077
0.787
1.759
1.197
0.833
1.862
0.363
0.055
1.766
3.597
0.048
0.112
0.045
0.966
2.439
1.787
2.64
2.343
0.273
1.046
0.083
0.104
0.1
0.098
0.072
0.037
0.428
3.621
0.132
2.691
1.611
1.761
1.141
0.334
2.238
1.538
0.09
1.559
1.216
2.131
0.985
0.045
0.291
2.154
1.519
2.166
1.31
2.294
0.833
1.447
0.306
0.867
1.032
3.664
1.175
0.402
0.271
0.172
0.178
1.08
1.015
0.099
0.099
0.528
0.16
3.889
1.034
0.643
1.701
0.915
3.373
1.389
0.236
0.189
0.273
0.111
0.106
0.126
2.478
0.097
0.272
0.842
0.17
0.118
0.309
1.232
0.031
0.453
0.038
0.075
4.738
1.476
3.735
1.17
0.318
0.134
1.069
0.464
1.191
1.064
0.111
1.636
0.461
0.041
1.464
1.312
1.693
2.121
0.066
0.369
1.34
2.04
0.066
0.71
2.872
1.042
0.031
3.079
1.044
2.807
0.058
1.387
1.949
0.117
0.027
0.529
0.176
0.459
0.025
2.238
0.122
0.205
0.107
0.041
0.155
0.66
5.542
1.072
1.563
0.534
3.12
1.865
0.036
2.085
2.064
5.163
2.118
1.809
0.042
0.132
0.053
0.055
0.033
1.654
0.039
0.122
0.046
1.381
0.62
1.021
0.962
0.16
1.626
1.031
2.391
1.145
3.793
0.028
0.153
2.408
0.27
1.812
1.635
2.304
1.035
2.016
3.034
0.216
1.176
0.53
1.799
0.509
1.072
0.224
2.302
4.075
4.754
0.07
1.412
0.55
2.605
3.062
4.253
0.17
0.159
0.651
0.058
0.126
0.088
1.269
0.285
3.586
2.627
0.198
2.285
1.126
0.061
0.157
1.594
1.047
2.948
0.092
1.981
1.242
2.005
7.215
2.289
0.964
0.042
1.023
3.385
1.456
1.726
0.765
0.227
4.897
0.048
5.3
3.166
3.658
1.149
0.185
0.104
0.11
0.134
0.464
0.769
0.707
0.071
2.573
0.41
0.16
1.729
4.751
3.556
1.246
0.07
0.055
0.453
0.072
3.27
0.227
0.035
0.87
0.035
2.036
0.188
1.131
0.084
0.067
1.588
0.118
1.02
1.33
2.713
0.175
0.242
0.644
2.058
1.018
0.021
1.897
2.24
0.202
0.826
1.172
2.41
0.638
1.821
0.064
1.822
1.135
2.171
0.955
0.769
0.962
0.11
1.027
0.046
0.073
0.018
1.299
0.149
0.033
1.878
2.908
2.652
0.035
0.132
0.126
0.057
0.112
0.049
0.016
0.152
2.247
0.053
0.032
1.381
1.561
0.058
1.916
0.382
1.189
0.998
0.176
0.871
1.43
0.763
0.108
3.08
0.194
3.033
5.018
0.04
2.677
0.053
4.669
1.403
1.944
1.592
2.73
1.307
0.06
0.099
2.737
0.243
0.957
0.562
1.017
2.907
0.894
0.123
0.27
1.01
1.104
1.193
2.991
0.701
5.641
1.143
1.304
0.022
5.357
1.465
2.352
2.6
0.257
0.846
2.407
0.138
1.109
0.202
1.192
0.059
1.05
0.32
0.779
0.092
4.709
3.213
0.855
0.233
1.735
1.812
0.065
2.246
0.171
0.054
1.172
0.201
2.383
2.624
1.087
1.072
0.967
0.175
2.525
0.076
0.14
0.29
1.195
0.739
0.058
0.986
0.06
1.189
0.523
4.059
1.861
1.274
2.571
0.099
0.058
3.827
0.522
2.565
1.195
1.454
0.802
0.506
1.843
0.032
0.615
0.792
0.448
1.042
1.015
3.832
1.427
0.54
0.035
1.874
1.983
1.149
2.395
2.062
1.188
0.071
6.312
0.185
0.846
2.138
0.802
1.597
0.386
2.396
0.343
0.03
0.125
1.056
1.7
0.244
0.065
1.819
0.133
1.587
0.877
2.326
1.451
6.793
1.281
0.112
0.109
0.688
0.32
0.038
0.044
0.062
1.644
2.458
2.876
0.897
1.821
0.25
2.764
1.818
1.3
1.861
1.488
0.295
5.577
0.16
1.497
0.19
1.156
1.08
0.839
0.943
1.209
2.24
2.173
1.474
0.064
1.525
1.352
0.702
0.243
1.264
3.932
0.624
0.077
1.465
0.13
0.053
3.772
0.115
2.51
0.039
0.925
0.064
2.964
0.439
1.147
1.176
0.048
0.609
0.157
0.431
0.894
0.097
0.035
0.116
0.12
0.053
0.103
0.035
3.902
2.917
1.841
0.551
1.321
0.08
3.031
1.229
0.059
0.047
0.032
0.259
0.055
0.661
0.062
0.088
0.086
2.678
1.681
0.966
0.119
1.024
0.235
7.823
0.266
0.129
1.062
6.856
2.102
0.668
0.316
1.34
0.668
0.258
4.066
1.159
1.327
0.165
1.07
1.576
0.104
0.055
2.944
0.062
0.279
0.036
1.672
1.597
1.336
1.66
0.578
0.119
0.115
1.07
1.521
0.043
2.208
1.941
1.804
4.887
3.958
3.576
2.194
5.082
0.803
1.26
0.108
0.027
2.04
0.909
0.128
3.809
0.555
1.209
1.261
2.286
4.505
0.929
1.99
0.645
0.168
0.032
0.076
1.183
0.921
5.307
0.043
1.369
0.558
0.069
1.879
0.716
1.309
5.091
0.9
0.066
0.185
1.693
2.268
0.438
0.034
1.379
4.168
1.347
1.864
0.735
0.058
0.151
0.053
0.191
0.045
1.258
0.772
0.078
1.203
1.278
0.902
2.427
1.394
1.401
0.96
0.168
3.174
3.053
0.705
0.284
5.104
1.245
2.69
0.26
0.104
0.6
2.05
0.223
2.405
0.051
0.059
2.163
0.876
0.039
0.356
0.51
0.051
0.603
4.758
2.256
1.497
0.657
0.888
1.63
0.161
0.025
0.188
1.071
0.014
0.753
2.716
1.201
0.07
1.512
1.241
0.088
1.256
1.158
0.175
1.2
0.07
1.2
0.847
0.33
1.086
0.03
2.932
0.086
4.724
2.746
0.372
0.54
0.085
0.984
0.199
1.058
2.007
0.161
0.12
0.052
0.115
3.743
0.023
1.474
3.471
0.971
1.57
1.246
0.155
2.426
0.199
1.157
0.313
1.826
0.131
0.05
1.088
0.062
0.434
2.635
0.031
0.197
1.21
1.852
0.868
0.926
2.544
1.191
0.666
0.265
0.363
0.865
1.939
0.144
2.046
0.014
0.081
0.949
5.643
0.179
1.408
2.325
0.248
0.433
0.247
3.438
0.128
1.157
0.022
0.09
0.041
1.759
0.157
0.11
0.049
0.812
7.406
3.437
1.418
0.062
1.125
0.355
0.25
0.081
6.187
0.045
0.048
0.09
0.069
0.292
2.687
0.6
0.087
0.611
2.468
1.282
5.099
2.029
0.438
1.367
0.08
0.726
0.12
0.066
1.201
0.078
0.142
0.166
0.28
0.426
1.429
3.031
1.913
0.09
4.076
2.634
0.487
0.071
0.072
0.191
1.112
1.45
2.794
0.035
0.638
3.201
0.044
0.037
0.171
2.655
0.08
1.226
0.697
1.606
0.08
1.362
1.727
1.519
1.093
0.11
0.037
0.681
1.016
0.034
1.882
0.145
1.07
1.097
0.041
0.054
0.097
3.226
2.459
2.27
1.362
0.43
2.015
2.408
1.226
0.141
0.841
0.212
0.65
1.035
0.042
0.069
0.921
1.105
1.141
0.464
0.421
0.104
0.155
0.766
1.586
0.893
0.917
0.132
4.914
1.149
1.541
0.594
0.02
0.544
1.344
3.359
1.313
1.025
0.991
0.056
1.708
0.082
0.194
0.085
0.754
0.183
0.838
4.759
0.274
0.03
2.276
3.019
2.329
1.064
2.62
2.535
0.07
0.201
2.225
0.229
5.612
0.138
0.95
0.868
0.037
0.989
1.122
3.375
1.576
0.108
1.616
0.36
1.249
2.641
0.037
0.035
0.046
0.673
1.059
2.863
1.117
2.83
2.359
0.461
1.529
0.164
0.051
0.328
1.708
0.883
2.378
1.84
1.04
0.011
0.856
0.069
3.074
1.298
1.052
1.65
1.174
0.028
0.083
1.343
0.819
0.085
0.403
1.738
0.962
3.611
1.629
0.9
0.632
4.644
5.077
0.036
0.071
0.043
0.987
3.882
1.377
2.536
1.251
7.462
2.559
0.436
1.101
1.065
3.201
0.845
1.137
1.049
2.38
0.879
2.314
1.007
1.142
0.688
0.128
1.582
0.077
6.437
1.654
0.85
0.109
0.025
0.268
0.059
1.864
0.18
0.508
1.601
1.928
0.039
0.063
3.492
0.228
3.181
0.047
0.311
3.565
1.402
2.209
1.745
2.434
1.389
0.122
1.18
0.099
4.863
0.422
1.163
0.083
1.79
0.085
0.36
1.951
0.999
1.312
0.107
0.861
0.074
2.885
1.682
0.067
0.138
0.217
1.689
0.659
0.063
0.109
1.973
0.095
0.063
0.055
2.706
0.182
3.78
0.705
0.175
5.211
0.147
0.951
1.034
3.349
5.767
2.193
1.824
2.077
0.397
0.939
1.276
1.981
0.051
4.041
1.13
0.035
2.119
3.537
2.397
0.055
1.778
0.028
1.5
1.238
0.047
2.792
2.256
1.567
0.013
0.046
7.276
0.04
0.917
0.49
2.422
0.065
0.104
0.229
1.607
0.539
5.72
0.085
1.547
0.172
0.052
0.036
0.582
0.039
0.134
0.647
0.018
0.1
0.488
0.019
1.118
1.887
2.153
0.104
0.848
1.607
1.016
0.046
0.796
1.781
0.029
0.033
0.051
2.803
0.185
0.544
1.907
0.462
1.874
0.253
0.063
0.826
0.087
2.731
0.039
0.89
1.136
0.458
6.54
0.126
2.189
0.133
0.438
1.85
0.696
0.15
0.256
0.026
1.635
4.718
1.998
2.212
0.208
0.09
0.056
2.281
2.412
1.293
1.0
1.639
0.524
2.816
1.013
1.075
1.123
0.836
0.238
3.895
0.725
2.534
0.135
1.713
0.817
0.707
1.419
0.344
2.567
1.345
0.173
1.153
0.095
1.388
0.134
0.087
1.49
1.987
1.17
1.087
3.45
1.728
1.18
1.2
0.318
0.235
0.988
0.441
8.249
0.146
3.082
0.146
5.385
2.604
1.342
4.179
1.753
0.032
1.1
4.228
0.97
0.05
2.736
1.057
1.396
0.046
1.053
1.645
1.304
0.781
0.09
3.899
0.151
1.015
3.614
1.378
3.07
0.154
0.041
0.076
0.436
3.271
0.042
0.172
0.152
4.523
1.197
0.135
6.823
0.978
0.104
0.151
0.151
0.271
2.084
3.906
1.39
1.605
0.661
0.164
0.992
2.501
0.147
1.874
0.027
0.091
0.621
1.106
0.121
1.491
1.301
1.559
0.065
2.176
0.024
0.759
0.593
1.051
2.587
4.657
0.515
0.709
0.305
1.404
3.963
9.354
0.054
1.208
1.435
0.757
0.346
1.721
1.086
3.505
0.111
0.908
1.834
1.454
2.166
5.675
7.905
1.188
0.049
0.997
1.163
1.582
1.482
0.042
0.969
0.498
0.321
0.074
2.217
4.886
0.041
1.741
1.323
0.312
0.06
0.931
0.953
1.209
1.29
0.092
1.007
1.003
0.504
1.102
1.105
3.007
0.048
0.296
0.03
0.022
0.063
1.292
0.629
0.04
0.649
0.141
0.047
2.104
0.562
0.281
3.051
0.794
0.92
0.6
1.119
1.212
0.083
0.228
1.485
0.406
0.403
1.792
4.507
0.024
1.904
0.063
2.646
0.1
1.242
2.784
0.15
0.051
0.076
3.737
0.968
0.027
0.032
0.086
0.898
0.121
1.473
0.129
0.017
0.195
0.076
0.971
0.467
2.801
1.578
1.213
1.149
1.161
2.368
0.93
0.113
4.612
0.566
0.089
0.913
0.063
0.047
0.982
1.278
0.637
1.302
0.123
0.037
1.545
0.042
0.341
1.03
0.15
0.971
0.13
6.457
1.006
0.117
1.083
1.89
1.458
0.242
0.201
0.036
0.647
0.379
0.659
0.089
1.867
0.021
1.715
0.079
5.514
0.164
0.118
0.289
0.093
0.117
0.017
0.179
0.974
1.942
0.051
0.481
0.049
0.064
1.013
0.245
0.033
0.052
0.042
0.083
0.244
1.043
0.135
0.053
5.348
0.504
1.43
0.08
1.406
1.435
1.125
2.996
1.062
0.852
0.077
0.214
0.759
2.191
2.724
1.449
1.659
1.073
0.118
3.612
0.439
0.265
1.282
0.098
0.5
0.267
4.259
0.136
0.774
0.881
2.556
0.139
0.531
0.047
1.035
2.307
0.73
2.981
0.129
2.107
0.16
1.329
2.01
0.073
0.144
0.099
1.25
0.08
0.528
0.057
1.046
1.181
2.052
2.332
0.558
0.047
0.046
1.006
5.376
0.706
0.033
1.031
0.64
1.166
1.05
1.013
1.382
0.365
3.308
2.806
1.627
0.149
3.132
1.958
1.203
0.039
1.034
0.052
1.281
1.099
2.851
1.991
2.567
2.419
1.397
2.41
0.031
1.103
0.034
0.138
0.047
0.033
0.234
0.879
0.034
1.581
1.043
3.099
1.545
1.486
1.528
0.05
2.163
0.192
2.11
0.983
1.767
2.868
0.792
0.301
2.301
0.063
1.142
0.14
1.381
1.368
2.907
0.075
0.169
1.524
0.707
0.776
3.214
0.209
0.459
1.69
1.571
0.911
0.229
2.764
2.831
0.123
0.092
2.499
3.115
1.204
0.056
0.076
0.852
1.597
0.137
0.051
1.254
0.113
1.133
0.671
2.503
0.858
0.111
0.234
2.707
2.203
3.762
0.188
0.063
1.842
0.659
0.114
0.152
0.049
2.08
0.129
3.911
0.428
0.076
0.081
2.188
0.094
0.279
4.943
0.095
1.822
1.845
6.294
4.661
0.931
1.808
0.127
0.201
0.165
1.767
2.464
0.588
0.136
0.138
1.111
0.279
4.035
0.199
0.737
0.027
1.734
1.157
1.179
0.061
1.298
1.27
2.765
0.719
0.731
0.1
3.539
0.031
0.565
0.323
1.5
0.18
0.037
1.883
0.103
0.041
1.435
0.065
5.041
0.059
1.608
0.05
0.132
0.033
1.132
0.132
2.255
1.907
0.1
0.099
1.442
4.136
0.176
2.411
1.229
3.699
1.85
0.03
1.053
1.066
2.29
1.198
0.882
0.553
0.178
0.107
1.269
0.112
1.187
1.382
1.014
3.214
0.071
1.298
1.273
0.886
1.036
0.695
6.337
0.283
2.581
0.335
2.917
0.66
0.091
0.047
0.108
1.681
0.845
1.203
0.558
0.441
0.036
0.035
0.249
0.184
4.803
5.856
0.024
4.279
2.616
1.307
2.605
0.181
0.07
0.132
0.116
0.044
0.884
0.056
5.383
1.746
1.519
0.944
1.023
2.161
0.825
2.245
3.276
0.052
0.179
0.159
0.991
1.936
2.06
0.591
1.317
1.815
1.465
3.51
0.116
2.221
1.737
0.03
0.113
0.049
0.418
0.029
6.809
2.368
0.85
0.848
1.091
1.251
0.832
1.953
0.888
5.057
3.374
3.916
2.137
0.139
0.06
0.041
2.933
1.375
2.414
0.051
0.443
0.052
0.728
2.515
0.892
0.112
0.077
1.008
0.075
0.805
0.963
6.68
0.549
0.366
1.585
1.445
0.927
0.866
1.646
2.042
1.306
0.086
1.195
0.127
0.208
0.69
2.68
0.109
1.626
0.44
0.087
0.088
0.644
0.053
0.927
2.046
0.272
0.033
0.738
0.917
3.501
1.354
0.622
2.968
0.016
0.084
2.082
2.915
2.11
1.788
0.111
0.771
0.117
0.185
2.249
0.895
0.182
1.205
0.151
0.806
0.225
0.087
4.273
0.078
2.558
1.293
0.311
0.054
0.046
1.787
0.824
2.08
0.042
2.505
0.75
1.179
2.368
0.559
0.306
0.235
0.112
0.14
0.094
0.262
0.258
3.781
0.347
1.254
2.853
0.118
1.808
2.519
1.947
1.052
0.067
0.725
1.026
0.08
1.205
1.528
0.183
0.097
0.622
0.06
0.561
1.743
5.081
0.242
4.038
0.062
0.034
0.79
0.617
1.074
0.057
1.079
2.103
1.229
0.788
2.919
0.801
2.089
1.672
1.128
0.025
0.425
1.222
0.027
1.424
4.591
4.454
1.908
0.019
0.127
1.085
2.141
0.631
1.083
2.033
1.112
0.117
2.678
0.962
0.046
1.35
1.094
1.635
1.363
1.214
0.093
0.317
0.495
0.1
1.916
1.657
0.962
0.068
0.148
0.27
0.291
0.215
3.168
0.087
0.991
3.111
0.05
0.155
0.054
1.306
1.164
0.102
0.198
1.002
1.025
0.077
2.949
0.032
1.032
1.192
1.887
1.704
3.564
0.239
1.403
2.64
1.568
0.759
0.781
1.448
0.131
0.03
4.571
0.11
0.15
3.329
1.628
0.289
1.14
1.221
0.086
0.051
0.118
0.448
2.053
2.806
0.042
1.147
3.007
1.89
0.083
0.119
1.512
0.092
1.308
3.024
0.865
0.031
1.761
0.023
1.001
0.532
2.718
0.011
0.344
0.062
0.15
0.855
8.839
0.172
0.597
0.979
3.803
0.143
1.074
5.924
0.114
0.276
0.971
2.012
1.308
0.489
4.084
1.299
1.964
0.05
0.227
1.685
0.287
0.953
1.772
1.686
0.828
0.131
1.028
0.039
0.836
0.966
1.501
0.074
0.042
2.554
0.126
1.109
0.08
1.786
1.092
0.123
0.1
0.047
0.286
0.628
1.355
0.693
0.787
0.357
0.087
1.201
0.279
1.14
2.274
0.03
0.622
1.768
0.043
0.105
1.792
0.059
0.166
1.318
0.814
0.51
0.227
2.225
6.919
0.854
1.033
5.385
1.921
4.893
3.0
2.061
0.78
1.356
0.1
2.192
0.094
2.115
0.85
0.763
0.773
0.48
0.029
0.118
0.693
0.13
1.02
1.672
0.189
0.103
0.607
0.995
1.434
1.049
0.029
2.783
1.373
1.565
2.626
1.669
0.085
2.521
1.471
3.726
2.23
0.061
0.038
2.931
2.46
0.078
0.144
2.088
1.915
0.213
0.071
0.059
8.081
0.036
1.804
3.667
0.079
0.023
3.677
1.343
2.56
2.41
1.58
0.098
0.077
2.92
0.86
2.833
0.197
0.295
1.547
1.439
1.523
0.107
1.188
0.169
0.086
1.153
1.175
4.187
0.665
2.814
1.702
0.657
0.816
0.635
1.251
0.03
0.278
0.286
0.117
0.075
1.396
2.452
0.328
0.074
0.96
0.152
0.278
0.136
1.555
0.059
0.035
0.032
0.257
0.025
0.275
2.232
0.025
0.953
0.177
3.821
0.187
1.796
0.069
0.173
0.719
3.172
1.857
0.11
4.605
1.212
1.346
0.951
0.09
0.242
1.471
0.053
1.486
0.257
1.212
0.379
2.931
1.198
0.015
0.24
0.576
0.071
1.496
0.081
0.795
0.028
0.143
0.963
0.63
0.978
3.117
0.064
0.964
0.079
3.689
0.81
1.668
1.537
0.225
1.543
0.965
5.234
1.431
3.38
1.328
3.46
0.076
1.028
1.873
0.061
1.45
0.931
2.033
0.307
0.205
0.689
1.057
0.924
0.486
1.28
0.056
0.297
0.082
0.228
1.278
0.121
0.189
0.132
1.519
2.091
0.049
0.068
2.942
2.463
0.861
0.096
5.995
0.707
0.07
1.308
0.125
3.316
1.116
2.589
2.033
0.956
2.319
1.03
0.716
1.281
1.566
1.874
1.357
1.252
1.254
0.302
0.106
1.067
0.078
4.512
1.165
1.827
1.645
0.041
0.121
0.747
0.1
0.064
2.474
0.102
1.306
0.059
2.155
0.733
1.185
0.094
0.653
2.815
0.054
0.144
1.463
0.143
0.114
0.941
0.024
0.057
0.259
2.045
1.261
0.127
0.927
0.194
4.204
1.505
0.476
0.113
1.257
0.869
2.685
0.03
2.614
0.952
2.264
0.556
0.032
0.689
0.708
1.103
4.311
0.355
0.117
0.812
3.397
2.815
0.885
3.041
1.223
0.854
0.83
2.613
1.211
0.042
1.591
1.205
1.047
0.672
0.074
0.754
2.326
0.404
4.564
2.239
0.122
2.044
4.006
0.107
1.584
3.211
0.224
0.033
0.964
0.121
0.509
0.025
1.562
0.048
0.089
3.505
0.901
0.064
0.021
1.675
1.857
1.014
1.596
2.24
0.073
0.047
0.044
1.619
3.139
0.055
1.605
3.302
1.64
0.787
0.086
0.707
4.683
1.296
0.098
0.957
0.187
2.749
3.285
0.205
6.998
1.189
0.18
0.075
2.35
0.12
2.103
1.193
0.092
1.064
0.042
0.072
0.557
3.164
0.712
2.543
2.089
0.081
3.29
6.302
0.944
0.85
0.065
0.338
1.686
0.735
0.977
1.94
0.04
1.7
3.657
0.054
3.265
0.209
1.097
0.785
2.245
3.365
0.042
2.409
3.553
0.171
1.641
0.163
6.039
0.319
0.739
0.157
3.205
1.493
0.596
0.136
0.704
2.038
1.309
1.101
0.206
0.017
0.078
3.183
1.142
1.213
0.312
0.054
2.836
0.023
1.413
1.58
0.062
0.658
3.092
2.35
0.144
0.07
0.055
1.362
4.148
0.204
0.086
0.428
0.077
3.937
1.099
2.071
0.166
1.068
1.594
0.752
0.057
0.033
1.952
5.18
1.243
1.214
1.726
0.179
2.325
0.948
5.471
0.025
0.277
6.22
0.122
0.011
1.953
0.118
0.907
0.028
0.074
0.074
0.937
0.025
1.488
3.754
0.396
0.365
3.13
0.845
1.148
0.954
0.078
0.977
0.032
0.537
0.043
2.608
0.048
0.177
0.162
1.417
3.845
1.188
2.574
1.217
0.123
0.466
0.025
0.8
0.068
1.354
1.298
0.112
0.251
1.459
1.072
1.233
0.227
1.253
1.516
0.182
0.113
0.021
0.271
0.079
2.057
1.529
0.486
0.271
1.116
2.155
0.115
0.149
1.193
1.102
0.248
2.921
1.32
0.619
0.788
3.278
0.165
2.852
0.062
0.871
5.22
3.019
2.706
0.992
3.943
1.057
1.695
2.1
0.157
2.116
5.436
2.228
0.734
0.067
2.522
1.276
1.958
4.588
0.277
5.349
3.629
0.58
0.03
3.29
0.492
0.47
0.058
1.411
0.031
0.274
0.181
0.748
4.217
0.397
5.394
1.241
1.794
0.152
0.056
0.214
0.092
0.477
0.578
0.061
0.163
2.209
0.243
1.657
1.427
0.909
1.515
3.851
3.179
1.208
0.166
3.52
1.323
1.041
4.197
0.036
2.503
0.839
1.27
0.129
2.914
1.522
0.058
0.081
2.535
0.372
0.057
0.975
0.073
0.128
4.465
4.983
1.769
0.102
0.835
1.77
2.164
0.395
0.047
0.91
0.875
1.494
0.146
0.316
1.545
0.226
1.349
0.445
5.575
1.247
0.142
0.865
3.127
1.63
1.051
0.846
0.112
0.807
0.087
1.002
0.244
0.692
0.474
1.468
0.083
1.808
4.452
1.037
0.16
0.184
2.126
1.131
0.046
0.596
0.157
0.141
1.232
0.909
0.908
0.104
0.19
2.556
0.906
0.641
2.756
2.972
0.042
0.339
0.134
0.85
0.096
1.129
0.112
1.105
0.14
0.52
1.787
0.218
0.038
0.099
0.883
1.6
0.12
0.025
0.713
1.267
0.16
1.496
0.401
0.072
0.098
0.771
1.504
2.474
0.116
3.671
1.058
0.274
0.702
0.097
1.419
0.172
3.426
0.167
0.8
0.77
0.326
2.996
1.495
0.063
0.89
2.752
1.929
0.238
0.05
2.136
0.332
0.921
2.493
0.12
0.793
2.918
0.201
0.063
0.059
5.385
4.842
2.614
3.603
0.824
0.028
2.457
0.325
2.265
1.302
0.649
0.031
0.681
1.149
0.053
3.83
3.445
0.101
1.011
1.311
1.058
1.13
0.37
0.074
0.182
0.078
0.197
0.235
0.647
0.063
0.15
1.0
2.954
0.079
1.774
0.737
0.16
3.633
0.935
1.391
2.335
0.824
0.976
2.372
2.651
0.091
0.372
1.742
0.74
1.257
0.181
0.098
1.059
1.193
1.729
0.142
2.574
0.075
2.775
0.074
0.891
0.115
1.676
0.157
0.971
0.824
0.023
0.093
0.856
0.214
6.454
0.171
1.521
1.452
0.25
0.047
1.272
0.183
2.088
1.787
0.119
0.85
0.034
1.489
0.285
1.608
1.392
0.188
1.694
0.199
0.072
0.259
0.267
0.22
1.21
3.197
0.953
0.865
2.198
0.134
0.273
0.146
0.834
0.104
0.089
0.175
1.529
3.077
0.385
1.55
0.032
1.253
0.033
1.587
2.253
1.29
0.721
6.821
2.214
0.173
2.742
0.169
0.025
2.387
6.022
0.823
1.697
1.528
0.125
0.037
0.392
0.544
0.134
2.758
0.062
0.804
5.391
0.337
1.279
1.176
1.841
1.449
1.881
1.79
0.139
2.249
0.924
0.076
1.261
3.49
0.225
0.069
1.235
0.943
0.178
0.688
0.125
2.314
0.029
0.192
0.458
0.569
0.318
0.804
1.195
0.039
0.222
5.279
1.433
0.185
0.073
1.098
0.072
0.241
1.489
0.104
0.088
0.052
0.047
0.242
1.289
0.073
0.122
0.31
0.044
0.103
3.001
1.849
1.421
0.04
1.234
0.634
1.972
0.04
0.266
0.089
0.263
0.038
0.074
0.688
3.28
0.045
2.027
2.982
0.05
0.143
3.988
0.218
0.775
0.101
1.54
0.047
2.47
0.362
1.869
4.231
0.21
0.153
2.272
1.695
0.799
0.062
2.921
0.13
0.025
6.567
1.544
2.683
1.089
0.755
0.867
0.126
0.452
1.273
5.404
0.113
1.54
0.029
2.1
0.259
0.181
3.58
0.049
0.479
1.383
0.863
1.154
1.058
0.174
1.725
0.196
3.435
0.025
0.964
1.923
0.258
0.073
0.408
0.143
0.363
4.446
1.024
4.871
0.206
1.144
1.258
0.227
1.061
1.119
0.09
0.708
0.874
2.658
1.603
0.561
0.043
0.092
1.609
1.501
2.493
4.798
1.616
1.855
0.94
1.979
0.295
0.181
0.966
0.827
0.122
0.119
2.391
0.041
0.995
2.328
0.154
0.743
0.162
0.518
1.917
0.557
0.242
3.148
0.24
1.105
1.058
4.326
1.414
4.113
0.946
4.411
1.907
2.418
1.195
0.863
0.08
2.433
0.203
1.227
0.08
1.806
1.256
0.074
3.05
1.108
0.992
0.192
1.056
2.989
0.096
1.235
0.024
0.975
0.051
2.448
1.089
5.121
1.141
1.457
0.781
0.884
2.028
0.966
0.289
0.368
2.18
1.022
3.489
0.899
3.344
2.079
0.061
1.269
1.796
1.837
0.184
0.052
0.965
0.059
0.07
0.821
0.055
5.335
0.06
1.209
0.372
1.367
1.582
0.823
0.079
3.736
1.966
0.141
0.768
0.345
2.419
0.824
1.935
0.754
0.128
3.065
0.12
1.055
0.086
0.069
0.91
0.061
1.846
0.679
2.349
0.168
0.584
0.412
5.311
5.032
0.034
0.043
3.574
0.036
1.255
0.147
1.005
0.107
1.006
0.552
1.602
0.92
0.044
0.052
0.249
0.61
0.264
1.019
2.829
0.317
0.02
1.553
0.133
2.505
0.204
0.755
7.877
1.025
0.273
4.526
1.599
0.897
3.825
1.634
3.484
0.102
5.149
1.55
1.333
2.59
0.858
0.093
0.391
0.172
0.676
1.005
1.768
1.852
1.552
1.079
6.186
0.222
0.211
3.065
2.834
2.281
3.442
1.148
0.932
0.066
0.025
0.441
3.816
0.052
3.763
0.091
2.097
0.36
1.0
1.062
2.908
0.088
0.045
0.298
0.049
0.167
2.344
0.098
2.645
1.345
0.658
2.272
0.072
0.733
0.043
0.255
1.697
1.581
2.859
0.025
0.957
2.577
3.591
2.459
1.358
1.922
0.046
1.943
3.276
0.474
2.013
0.29
8.448
0.604
1.563
0.035
0.041
0.964
1.058
0.712
0.964
1.019
1.132
0.14
0.04
5.462
2.253
1.568
0.941
0.049
0.857
2.99
0.979
1.185
3.989
0.113
0.51
0.065
0.162
0.149
0.143
0.992
2.59
1.55
0.661
0.03
1.609
0.033
1.18
1.009
2.25
1.624
0.826
1.16
0.463
0.074
0.995
3.488
1.596
3.812
0.084
0.24
0.963
0.113
0.196
1.098
0.846
0.951
0.076
1.067
0.758
0.229
0.896
0.559
0.078
2.238
0.706
1.381
0.04
1.231
0.782
2.978
1.111
0.223
1.435
0.192
1.621
0.17
0.166
0.148
1.285
3.164
0.089
0.801
0.028
0.422
0.191
0.07
0.049
0.021
2.573
1.114
4.261
1.309
1.129
0.141
1.251
1.041
1.878
1.082
1.22
0.176
0.706
0.939
2.817
0.899
0.323
0.113
0.721
0.106
0.097
0.123
2.774
0.117
1.155
0.084
0.334
0.103
0.592
0.254
0.243
0.073
4.019
1.203
0.072
0.393
3.292
0.647
0.026
2.695
0.248
0.527
4.434
0.131
0.905
0.04
1.558
1.416
1.404
0.071
0.136
0.594
1.097
0.165
0.922
1.866
3.449
2.859
0.097
1.664
0.803
0.351
0.723
0.1
1.244
0.395
0.022
0.259
1.502
1.14
0.237
0.972
0.131
6.072
0.101
0.989
0.03
5.765
0.249
1.871
0.389
0.212
0.106
0.092
0.529
1.92
0.902
0.968
0.06
0.053
1.005
4.431
3.173
1.435
0.236
0.1
0.043
2.857
2.615
0.194
0.018
1.914
0.649
1.211
1.072
2.593
2.386
0.073
0.457
1.898
5.998
2.034
0.024
0.655
0.312
3.643
2.767
0.957
1.397
0.181
6.941
1.297
1.519
0.017
0.285
1.325
1.514
4.93
0.111
1.313
2.249
0.397
0.074
0.048
1.075
0.984
0.028
2.291
0.056
0.038
0.113
0.045
0.113
3.704
1.438
0.831
3.527
2.189
0.046
0.124
1.365
0.471
1.054
0.141
0.246
0.13
1.346
2.775
1.871
0.723
4.189
1.383
1.579
0.919
0.999
0.55
1.398
1.558
0.424
0.887
5.058
0.081
0.042
0.095
1.5
0.149
2.16
1.132
1.279
0.041
0.612
0.968
3.329
0.972
0.059
2.353
6.259
2.604
5.992
3.161
3.556
0.215
0.168
1.027
1.943
0.426
1.34
0.052
0.793
1.15
0.273
0.037
0.079
0.214
1.053
1.17
0.044
2.38
0.033
1.481
0.091
1.269
0.027
0.2
1.856
0.062
1.347
0.987
1.283
1.499
0.141
0.588
0.059
1.998
1.196
0.211
1.363
0.049
1.939
7.117
1.497
1.448
0.097
0.44
3.385
2.597
0.073
1.224
1.034
1.462
0.088
1.284
0.02
1.531
0.759
0.131
0.059
0.249
0.051
0.361
1.009
1.516
1.836
2.276
0.396
1.556
0.408
0.15
0.052
0.078
0.266
0.074
0.935
0.181
0.367
0.042
1.101
0.412
0.546
2.696
1.193
1.918
0.536
0.8
0.065
0.651
0.176
1.032
0.021
0.091
1.618
0.163
1.858
6.299
0.109
2.669
0.753
1.659
0.089
0.117
0.23
1.105
1.174
1.539
1.274
2.77
1.127
0.359
1.135
2.362
0.42
2.966
0.17
0.05
0.089
0.199
1.327
0.039
1.899
0.241
0.297
0.025
0.178
0.892
5.893
0.071
1.498
10.661
0.099
0.036
2.118
0.29
1.733
0.086
2.092
0.847
2.907
0.941
0.937
0.089
0.055
0.224
4.651
0.075
2.367
2.666
1.276
0.138
0.475
0.018
1.182
0.348
3.412
0.421
1.357
0.358
1.452
1.562
0.074
0.808
1.428
1.499
7.009
0.058
0.107
1.147
6.41
3.56
3.585
2.782
1.007
0.197
0.489
0.305
0.286
0.783
0.211
0.034
0.212
0.059
2.08
1.357
1.98
0.077
2.075
0.245
0.193
0.067
2.227
1.228
0.925
1.384
0.085
0.034
1.014
3.353
2.331
0.04
2.105
0.588
1.026
0.052
1.773
2.676
0.078
1.109
0.021
0.023
0.189
1.452
0.234
0.165
3.985
1.285
0.025
1.033
1.935
0.756
0.072
0.538
0.64
0.869
0.445
0.8
2.737
1.382
0.567
0.047
0.652
0.766
0.077
0.936
1.617
3.791
2.892
1.078
0.567
2.836
0.041
0.752
1.448
0.11
0.046
0.057
0.031
0.958
1.68
2.973
1.114
1.383
1.26
0.066
2.126
0.191
0.104
6.231
1.801
0.083
3.0
2.609
2.405
2.241
1.127
1.882
0.1
0.829
2.609
1.299
0.343
0.096
0.751
1.061
0.702
0.886
1.747
1.4
0.521
3.224
0.619
0.976
0.951
0.578
4.926
1.313
0.018
0.073
3.157
1.408
0.091
0.133
0.054
0.109
0.262
1.704
1.097
0.269
1.552
0.027
0.072
3.549
0.21
2.874
1.092
0.079
1.457
0.096
0.16
0.071
0.073
1.064
0.031
2.279
0.155
0.024
1.559
0.166
0.383
0.033
0.013
0.215
1.311
0.971
0.594
3.035
2.64
0.03
0.512
2.502
1.613
2.764
1.244
0.235
0.453
3.637
1.266
1.769
1.118
0.086
0.284
1.573
1.434
0.041
2.44
0.016
4.171
0.087
3.467
1.022
0.047
0.961
0.349
1.381
2.732
0.257
6.309
0.228
1.282
0.07
0.041
1.552
0.038
4.459
5.753
1.784
2.595
0.127
0.188
3.472
0.067
0.042
1.191
3.674
0.721
1.179
0.939
2.396
1.092
0.069
0.291
0.752
1.37
0.044
1.311
0.153
2.997
0.973
2.766
0.822
0.073
0.029
0.215
0.112
0.176
0.052
2.077
1.732
0.052
0.104
0.368
3.332
0.431
0.101
0.861
1.569
2.528
0.964
0.65
1.714
0.504
0.032
1.546
0.071
3.438
0.161
1.191
0.121
0.02
0.184
2.286
0.123
0.115
1.346
2.374
0.475
1.134
1.478
0.815
0.881
0.741
0.788
0.321
0.076
2.831
0.981
0.964
0.912
0.115
1.644
3.508
0.778
0.078
0.181
2.225
1.293
2.98
1.547
1.735
0.077
0.539
0.486
1.984
0.209
0.435
0.946
0.036
0.171
3.499
0.083
5.128
0.111
1.347
0.124
0.03
0.778
1.257
1.441
0.113
0.333
0.192
3.674
0.299
0.077
1.774
1.507
4.128
0.314
3.346
1.874
0.907
1.786
1.29
1.094
3.163
0.06
1.499
0.454
1.409
4.005
0.053
0.136
2.535
0.189
0.042
0.093
1.528
0.188
0.405
0.811
2.776
0.192
1.264
0.106
1.026
0.077
0.146
1.414
0.049
0.746
2.773
0.117
2.274
4.374
2.201
1.821
4.883
0.468
1.076
1.475
2.971
2.243
0.94
0.97
0.025
0.027
0.042
0.888
0.953
0.868
1.465
0.048
0.274
0.131
0.122
0.551
1.184
0.895
1.773
1.197
1.974
0.364
0.041
0.102
5.667
0.31
3.101
0.878
2.739
3.174
1.155
3.184
0.244
1.231
0.604
0.257
0.032
1.306
2.334
0.057
3.38
0.1
1.355
0.498
0.695
0.773
1.421
1.102
0.267
0.268
1.581
0.957
4.613
2.494
0.62
2.924
2.006
2.128
0.916
1.835
0.195
0.028
1.097
1.595
0.124
2.598
1.108
0.06
1.094
0.086
1.377
3.097
0.058
1.06
1.11
0.891
0.026
2.347
1.627
1.263
2.817
0.047
0.171
1.105
0.047
0.753
1.166
0.269
2.844
1.769
0.977
1.741
0.125
0.762
0.948
0.131
0.105
2.598
0.604
0.127
6.566
1.823
0.076
0.415
1.939
0.72
0.087
3.009
2.41
0.927
0.265
0.108
0.124
2.189
0.073
0.693
1.892
1.413
0.061
1.449
0.969
0.312
0.116
2.566
2.989
1.194
2.281
4.678
1.096
0.068
1.011
0.091
0.916
0.055
0.077
3.578
0.137
0.894
0.268
0.098
1.17
0.125
0.077
0.566
0.031
0.124
4.405
0.045
1.095
0.558
0.265
1.556
0.187
4.775
3.589
0.046
0.085
0.051
0.023
0.287
1.026
0.529
0.764
0.198
0.087
4.72
0.76
4.541
0.026
2.496
2.892
0.33
0.193
0.163
0.565
0.79
1.573
0.704
0.054
2.222
0.165
1.179
1.679
0.036
0.089
0.992
0.084
0.131
0.486
2.492
0.359
1.004
3.337
0.161
0.142
1.199
0.777
0.128
0.068
0.418
0.938
0.938
1.858
1.613
0.941
0.181
0.292
1.797
3.252
0.113
0.786
0.044
0.118
3.706
0.108
0.612
0.1
0.058
0.856
0.703
0.05
0.049
2.289
2.04
0.111
0.7
1.131
0.061
1.207
0.255
0.032
4.878
0.036
5.148
0.985
1.412
0.58
0.804
0.106
0.413
2.134
0.115
4.85
3.255
1.024
2.295
4.705
0.902
0.289
0.075
0.097
1.42
1.594
0.218
3.115
5.268
1.113
0.558
2.984
5.431
3.226
1.886
1.091
0.968
3.323
1.018
0.074
4.697
0.171
0.192
0.058
1.384
0.155
0.051
2.003
0.084
0.151
0.026
0.177
1.737
0.879
3.904
1.039
0.146
0.367
2.112
0.096
2.076
0.268
1.07
0.084
1.627
0.532
2.684
1.308
1.312
0.239
0.025
0.694
0.089
0.111
2.032
0.07
0.188
0.043
0.032
0.074
0.164
0.719
1.61
2.813
0.087
0.236
0.037
0.117
1.574
1.043
0.046
0.271
0.101
1.113
1.32
1.829
1.641
0.991
0.413
1.007
0.048
0.375
0.063
6.985
1.118
0.614
0.047
0.161
4.037
2.253
1.953
2.101
1.145
0.052
0.662
0.939
1.596
4.032
0.129
1.898
0.11
2.487
1.083
0.063
0.948
0.076
0.038
0.072
0.146
2.267
4.746
0.203
2.243
0.064
0.912
7.295
1.134
0.187
0.133
0.457
1.085
0.032
1.814
0.121
0.112
0.248
3.222
4.078
0.066
5.285
0.411
1.132
5.451
0.533
0.41
1.435
1.042
0.113
0.052
2.37
2.103
2.708
1.536
1.981
0.181
0.946
0.889
0.071
0.089
0.024
0.039
0.042
0.755
0.088
0.643
2.46
0.095
1.338
1.661
1.133
3.319
0.798
1.351
0.081
1.685
1.165
2.139
0.027
2.836
0.968
0.931
3.194
2.633
0.043
0.144
0.37
3.335
7.005
0.274
0.128
0.026
0.741
0.07
1.147
0.459
0.151
2.511
0.492
0.094
0.853
0.379
2.463
0.096
0.315
0.171
0.047
0.673
4.421
0.171
0.023
1.012
1.685
2.72
0.06
2.061
0.095
1.161
0.922
0.924
1.459
0.045
0.044
1.831
3.645
0.095
1.821
0.076
0.128
0.893
0.06
0.604
1.003
2.562
0.124
0.098
1.045
1.324
1.014
0.14
2.303
0.058
4.39
4.087
0.079
1.37
0.763
0.848
0.26
1.666
1.563
3.605
0.108
1.299
5.768
0.518
4.718
1.977
1.265
0.904
2.065
0.035
0.158
0.878
1.914
0.086
0.71
1.265
4.753
1.228
0.469
4.765
0.087
3.22
7.321
0.194
4.307
2.747
0.081
1.339
1.667
0.324
0.909
1.871
1.387
6.32
1.151
0.134
3.809
2.693
0.703
2.399
1.793
0.491
0.04
1.822
1.58
0.047
0.463
0.222
1.199
0.908
2.302
0.053
0.979
0.09
0.016
0.181
0.057
0.524
1.328
2.842
0.49
1.259
0.073
0.381
3.964
5.146
0.022
0.035
1.178
2.275
0.042
1.249
0.698
0.039
1.514
1.212
0.611
1.691
0.061
1.28
1.196
4.114
0.026
1.923
3.438
0.345
2.377
0.793
1.228
2.431
1.23
0.981
0.173
0.025
0.044
2.759
0.743
5.777
2.838
0.686
4.387
0.196
2.222
0.209
0.172
0.097
0.589
0.024
0.033
0.05
0.156
0.059
0.056
1.007
2.908
0.031
0.182
0.156
0.986
1.35
1.018
0.898
0.831
2.58
0.113
0.059
0.934
1.178
0.076
0.041
0.039
0.064
2.176
0.605
0.521
1.002
0.067
0.041
0.029
0.626
0.04
1.754
0.042
2.559
2.194
1.089
1.046
0.059
1.415
2.957
0.057
0.581
0.776
0.025
1.151
0.999
0.91
2.923
2.131
1.758
0.24
0.409
0.532
1.44
0.073
0.332
1.22
0.799
2.311
0.079
0.757
0.064
0.042
0.036
2.307
2.616
0.832
0.162
1.043
0.055
0.587
0.025
4.417
1.39
0.175
0.978
0.042
0.915
5.266
0.318
1.139
0.704
1.377
1.678
0.124
0.03
0.993
0.044
2.674
0.106
2.613
3.228
0.933
0.272
0.044
0.861
0.455
0.063
0.766
2.579
1.463
0.091
1.225
0.029
0.042
4.183
0.038
0.043
1.121
6.972
0.151
0.028
1.052
0.772
0.309
1.49
3.469
2.811
0.944
0.516
2.538
0.108
2.284
0.074
0.214
0.903
2.101
0.079
1.463
0.462
0.073
0.117
0.494
1.116
1.24
0.304
2.0
0.847
0.164
2.259
1.35
0.936
0.21
2.525
0.078
2.083
0.138
1.834
0.048
1.148
0.717
2.941
4.157
0.148
0.994
5.568
0.154
5.394
0.042
1.53
2.351
1.685
0.03
1.645
2.092
0.064
0.929
0.774
1.296
2.932
0.282
0.462
3.377
3.321
0.204
3.588
0.075
0.028
0.327
0.13
2.04
0.034
0.146
1.18
1.533
0.742
0.054
2.559
5.464
0.072
3.099
0.423
0.149
0.059
1.576
2.526
1.055
0.536
2.928
0.038
1.03
0.957
1.701
1.78
0.422
1.28
1.959
1.216
0.224
0.65
1.521
0.67
1.054
0.141
3.521
1.357
0.025
2.293
3.315
1.275
0.279
0.038
0.103
1.478
3.362
3.307
0.705
1.58
1.234
1.769
0.052
0.321
2.238
0.072
0.07
0.341
3.423
2.326
0.157
1.032
0.156
2.694
4.839
1.003
0.037
0.017
1.117
5.482
2.103
0.969
0.039
0.061
4.023
3.723
5.293
0.539
0.163
1.64
0.021
0.317
1.73
2.218
0.067
3.416
0.029
0.98
0.618
5.253
0.105
0.126
1.522
0.328
1.606
1.316
3.842
3.0
0.086
1.414
4.446
0.11
0.356
1.575
0.179
2.787
0.036
1.9
0.759
1.624
0.129
0.132
1.47
0.137
2.353
0.592
0.039
0.147
0.026
0.773
1.079
1.082
0.844
0.886
2.855
0.11
0.651
0.801
3.321
3.659
2.806
0.581
0.652
0.542
3.644
0.038
0.072
7.141
6.571
1.49
0.803
0.531
1.695
0.079
1.344
0.041
3.106
0.164
0.169
0.902
0.338
2.584
1.462
2.381
0.246
0.635
3.464
1.708
0.631
0.746
0.255
0.305
1.488
2.446
0.19
0.233
2.72
0.028
1.821
0.107
0.862
1.726
0.329
1.012
0.455
0.578
1.015
0.044
1.687
4.235
0.754
0.08
0.237
0.182
0.061
0.343
0.103
0.237
0.148
1.137
2.165
2.118
1.399
0.737
0.952
0.122
1.393
3.174
4.897
3.555
2.218
1.801
1.178
0.116
1.792
1.776
1.529
0.357
1.697
0.798
2.67
5.038
2.808
5.081
2.5
1.256
1.289
3.203
0.194
0.916
0.618
1.644
0.195
0.039
0.035
0.034
0.088
1.683
0.205
0.203
4.096
4.401
1.006
2.117
0.045
3.54
0.583
0.93
1.166
0.1
0.044
0.388
0.073
0.057
0.038
3.284
2.839
1.647
0.066
1.401
0.026
0.027
0.142
0.303
3.752
1.308
0.158
0.214
1.274
1.225
1.657
1.479
1.621
0.515
1.06
7.067
0.07
0.096
0.081
0.821
0.066
2.039
3.799
0.159
0.371
0.951
0.066
2.12
4.554
0.112
1.311
1.151
2.326
3.325
0.181
0.618
0.055
0.197
1.639
0.79
4.323
0.052
3.964
0.03
0.606
0.096
1.109
0.095
1.354
3.117
0.229
0.217
0.164
0.201
1.41
0.783
1.376
0.104
0.014
0.083
0.192
4.136
0.046
0.039
1.928
1.086
0.037
1.062
6.098
0.038
0.319
3.806
5.63
3.723
1.605
0.189
0.408
0.184
0.098
1.156
1.948
1.588
0.06
0.045
2.081
1.827
1.246
0.035
1.025
0.15
0.039
0.271
0.181
1.619
1.769
1.431
1.051
1.045
0.138
2.556
2.761
2.889
0.076
2.368
0.685
0.053
0.088
0.463
0.56
1.578
1.985
0.045
0.202
0.768
2.769
0.983
1.152
0.036
0.064
0.171
1.186
0.439
0.095
0.316
0.128
1.711
0.839
0.857
1.162
1.219
2.211
0.349
1.048
0.117
0.027
0.025
3.082
0.074
0.236
0.04
0.562
0.049
0.121
1.056
1.152
0.107
1.025
1.214
2.673
0.155
1.031
4.777
2.249
1.506
1.334
2.3
0.107
0.186
0.085
2.457
2.633
7.104
0.096
0.821
1.519
5.311
0.046
1.384
0.039
0.23
1.179
0.312
2.365
0.054
0.052
2.304
0.101
0.587
1.747
0.393
1.183
0.076
3.011
2.876
1.298
0.071
2.34
2.898
2.985
3.002
0.108
0.797
0.129
3.321
1.554
0.112
2.91
0.241
2.974
0.834
1.071
1.63
2.123
1.664
1.17
1.204
2.733
2.392
0.177
3.685
2.429
0.203
0.083
1.02
1.869
0.234
1.108
0.157
0.174
0.096
0.85
1.793
3.065
2.324
1.727
0.073
0.044
0.844
1.876
0.02
0.114
1.013
0.981
1.111
1.5
0.816
0.054
0.229
0.26
1.071
1.23
1.715
0.08
0.048
1.723
0.047
0.095
1.119
0.075
1.236
0.292
0.065
0.286
0.968
1.264
0.023
1.054
0.923
1.944
0.053
2.731
1.189
0.128
2.953
0.299
1.572
1.135
0.031
3.184
0.059
0.137
1.226
0.997
0.038
0.419
2.851
2.127
1.005
1.628
2.051
1.145
0.916
1.416
0.054
1.266
0.684
1.113
1.165
5.979
1.843
0.142
0.09
0.968
0.136
0.101
3.734
1.151
1.614
0.562
0.249
1.631
0.05
2.858
1.559
1.16
0.993
0.16
0.642
0.291
0.082
1.006
2.427
0.201
1.451
1.54
0.718
1.798
0.164
0.393
2.265
0.452
0.155
1.716
0.784
1.882
0.057
2.575
2.372
2.371
2.363
0.36
0.637
0.046
2.166
0.021
4.811
0.183
0.213
0.249
0.332
2.355
0.044
0.906
2.73
0.168
0.941
0.758
1.584
1.01
0.102
0.266
0.816
1.136
2.587
1.575
0.608
2.08
0.036
0.064
0.693
1.014
0.062
1.604
3.927
0.062
1.338
1.748
1.706
0.231
0.218
0.023
0.563
0.21
0.711
0.863
1.121
6.276
0.963
1.258
0.389
5.542
2.941
1.082
0.212
0.055
5.726
0.136
0.07
1.291
2.445
1.911
1.283
0.741
4.565
0.126
1.943
0.049
0.059
0.25
0.062
0.094
8.294
0.117
1.617
1.752
1.928
0.758
0.688
5.238
1.225
0.173
0.044
0.831
0.126
0.328
1.194
1.415
0.026
1.053
0.842
0.098
0.025
1.107
4.787
0.761
0.038
0.033
1.207
0.083
0.945
3.078
0.04
1.219
2.936
3.898
1.529
0.341
0.101
0.626
0.181
0.125
0.717
0.879
0.336
0.052
0.537
0.031
0.717
0.073
3.647
0.89
2.508
0.027
0.114
0.421
3.282
0.378
0.061
0.858
0.04
0.026
0.13
2.519
5.41
0.66
0.126
0.035
0.312
0.142
2.382
1.627
0.021
1.07
1.104
1.686
0.078
0.067
1.396
0.862
2.214
2.275
0.163
2.059
1.39
0.108
0.832
0.081
0.922
0.62
1.742
2.141
1.296
2.555
0.012
1.737
1.497
0.591
0.087
0.49
0.119
1.837
0.031
0.969
2.173
0.054
0.03
0.429
1.674
1.16
0.061
0.053
0.059
0.461
2.113
1.087
0.782
2.906
0.305
1.728
0.02
0.076
1.389
1.26
2.423
0.042
0.79
1.081
0.114
1.559
3.525
6.358
0.039
0.077
1.196
0.5
0.291
0.924
0.43
0.962
2.24
3.424
0.04
1.738
1.166
0.135
0.108
0.115
3.588
0.518
1.189
0.067
0.102
6.053
2.786
1.025
4.542
0.147
1.391
0.036
2.601
0.139
1.535
0.18
0.841
1.698
0.878
0.076
0.92
2.761
2.245
1.121
3.411
1.626
2.515
1.584
0.944
0.588
0.059
0.08
0.014
0.061
1.025
0.179
2.396
1.185
0.327
1.303
0.031
0.038
0.045
0.401
0.445
3.841
0.104
0.042
1.599
0.384
0.112
0.08
0.243
0.753
1.04
2.129
5.12
0.11
1.663
0.023
0.043
5.921
4.782
0.97
1.702
0.041
0.017
0.045
3.927
1.251
0.144
0.884
0.098
1.227
1.192
0.019
2.533
3.334
0.126
0.642
2.054
0.708
1.087
0.094
1.363
1.31
0.153
0.117
0.866
1.218
0.088
2.289
1.159
0.071
5.164
2.292
1.939
1.002
2.078
0.088
0.328
0.22
0.192
2.095
0.161
0.913
0.953
1.268
0.279
0.107
1.165
0.792
1.285
0.698
2.02
0.789
0.386
1.206
4.747
1.053
0.238
0.13
1.005
0.351
0.127
0.776
0.248
0.985
3.88
1.055
0.994
0.267
2.083
2.749
0.314
0.137
1.945
1.449
2.937
0.087
0.049
1.435
0.056
1.002
6.291
0.665
2.315
2.061
0.172
0.027
1.626
2.057
0.034
3.721
0.096
1.656
1.611
1.035
0.546
1.197
1.258
9.267
0.089
1.763
0.927
5.463
0.248
2.019
0.155
1.058
1.056
0.127
1.073
2.387
0.266
0.058
0.976
2.386
2.381
0.038
0.179
1.855
0.184
0.9
1.766
0.088
0.356
2.9
0.032
1.11
0.159
0.786
1.258
1.461
1.132
3.53
2.237
2.467
3.986
0.155
2.319
0.18
2.779
0.08
1.285
0.036
1.603
1.987
0.103
1.148
0.109
1.46
1.887
2.336
1.497
0.143
0.427
1.711
1.298
0.752
3.5
1.562
0.317
0.195
0.039
0.058
0.044
6.679
0.105
2.414
0.076
0.08
0.077
0.326
2.156
3.237
0.095
0.197
0.227
2.065
0.906
0.27
0.108
2.286
6.015
1.757
0.584
0.171
0.099
0.992
0.33
2.079
1.387
0.061
2.144
6.042
0.247
0.976
0.911
0.792
0.057
0.546
1.284
0.246
0.879
1.326
0.1
0.195
0.958
0.117
0.093
0.059
1.62
0.069
0.024
1.26
0.168
0.92
0.871
4.299
1.287
0.898
0.086
1.036
1.491
0.159
0.05
0.113
0.182
1.216
0.136
1.231
2.083
0.031
3.9
1.248
0.082
0.098
1.091
0.177
0.724
0.106
2.193
1.629
1.383
0.399
0.05
2.089
0.472
3.181
1.689
0.127
2.043
0.643
1.241
0.15
0.698
0.523
0.383
1.375
0.115
1.56
0.11
2.109
0.78
1.577
0.117
2.145
1.006
5.639
0.068
3.563
1.557
0.037
1.684
0.078
1.233
2.684
0.836
0.274
0.686
0.311
0.826
1.212
1.139
5.31
1.901
0.047
0.299
4.059
0.828
2.584
0.241
1.134
0.079
0.105
2.627
0.117
2.251
3.818
0.355
0.09
0.482
0.866
2.301
4.389
1.02
0.033
1.188
0.818
2.222
2.209
0.05
0.516
1.925
1.198
0.755
0.251
0.4
1.279
0.09
3.294
0.136
0.079
0.099
0.162
1.323
3.887
2.471
0.048
0.19
3.911
0.031
1.143
0.116
0.263
1.501
0.161
0.629
1.691
0.18
5.086
0.179
0.047
0.151
0.062
0.174
1.015
0.714
2.768
0.023
0.494
2.197
0.035
0.175
0.377
0.732
1.388
4.917
0.025
0.857
0.164
1.416
1.072
0.243
1.451
4.227
0.951
2.361
3.064
4.395
1.7
3.301
0.052
2.808
2.118
0.581
0.023
1.125
0.736
1.576
0.117
0.211
0.081
0.93
1.173
0.053
0.135
2.204
0.886
0.294
2.529
2.79
1.085
0.071
0.032
1.647
1.316
0.844
1.472
0.793
0.291
3.354
4.376
1.143
0.106
0.069
0.931
0.071
1.583
0.043
1.091
0.391
4.064
1.128
0.846
0.962
0.061
0.027
3.068
0.072
0.097
1.399
0.066
0.058
0.061
0.105
0.173
0.172
0.152
0.222
3.203
0.037
0.829
0.171
0.059
0.082
2.473
4.334
0.058
0.976
1.215
0.074
0.028
1.222
0.764
0.238
1.071
0.115
1.156
1.178
0.671
0.145
1.696
1.278
1.405
3.836
1.126
1.125
2.387
0.43
0.159
1.611
1.962
0.415
1.776
1.341
0.077
10.395
1.558
0.644
2.679
0.835
0.075
1.174
0.836
2.111
1.271
0.325
2.238
1.205
0.221
3.292
4.937
2.39
0.657
0.141
2.771
3.875
0.763
0.085
3.704
0.31
3.462
1.045
0.059
1.411
0.041
1.968
0.227
1.039
0.905
0.038
0.083
2.013
1.11
0.106
0.254
0.351
0.079
0.575
2.701
0.647
2.811
1.111
1.726
0.916
1.444
0.483
0.347
3.613
0.013
1.84
0.169
0.302
0.982
0.828
4.163
1.496
0.286
0.629
2.725
1.346
1.121
2.069
1.967
2.267
3.228
1.848
0.08
0.038
0.055
0.062
0.469
2.539
0.558
0.711
1.723
0.04
0.021
1.396
0.261
2.486
1.185
0.045
0.208
2.252
1.448
1.544
0.155
0.05
5.265
0.047
2.014
0.085
3.171
0.248
1.962
0.044
0.064
1.816
0.046
0.039
0.147
3.854
0.083
1.816
0.531
0.184
0.727
1.736
0.05
0.121
0.085
2.231
0.765
0.021
1.054
0.048
1.648
2.699
0.065
2.478
0.267
4.279
1.555
0.076
0.467
1.063
0.17
0.145
0.111
0.781
0.993
0.84
0.067
4.033
1.483
2.56
0.361
4.178
2.134
0.572
0.132
1.913
0.143
1.912
0.817
0.471
1.083
0.097
3.711
1.123
4.281
0.222
1.316
5.056
1.308
0.243
1.073
0.807
0.068
0.032
0.105
2.251
0.964
2.21
1.688
0.142
1.232
1.228
0.673
0.094
0.064
0.072
0.681
2.33
1.345
0.375
0.027
3.273
0.1
1.208
0.069
3.362
0.048
1.367
2.097
1.22
0.093
0.083
3.198
1.45
2.779
0.054
3.503
0.298
0.24
0.077
1.415
0.233
0.124
2.438
3.724
1.527
1.857
2.987
0.181
0.561
0.072
0.128
0.032
0.038
0.103
1.39
0.165
2.772
1.132
1.74
1.237
2.343
0.041
0.241
4.159
0.063
0.03
0.078
0.074
5.764
2.286
0.133
2.286
0.173
0.862
0.056
0.018
2.275
1.887
0.87
0.529
0.106
2.812
0.52
0.92
2.184
0.279
0.821
2.022
0.774
0.757
0.173
0.111
1.391
0.678
0.24
3.935
1.506
1.744
0.895
2.62
0.036
0.088
0.485
1.449
1.151
0.041
1.072
0.093
0.743
0.459
1.53
2.416
0.068
2.433
1.374
1.463
2.277
5.125
3.707
0.866
2.931
0.538
1.53
2.257
0.095
2.563
2.305
0.146
0.03
0.548
0.289
0.772
0.023
0.06
4.724
1.303
0.084
1.142
4.706
0.905
4.487
0.5
0.645
1.231
0.139
0.054
0.114
1.339
0.142
1.994
0.262
0.287
2.989
0.051
0.976
1.553
4.069
0.056
0.388
1.341
0.074
1.176
1.268
2.489
1.026
1.13
0.15
1.108
0.091
1.124
0.101
0.975
0.073
0.625
0.851
5.45
6.125
1.285
0.186
0.922
1.735
1.125
2.169
2.533
0.045
0.1
3.761
0.794
0.91
1.309
1.296
1.342
5.279
3.902
1.756
0.954
0.041
0.049
0.05
1.457
1.048
0.06
0.477
0.113
0.966
0.921
0.059
0.025
1.548
0.844
1.279
0.484
1.465
0.759
1.749
0.22
0.124
1.951
0.079
0.047
0.098
1.292
7.21
0.849
0.617
2.136
0.416
2.3
1.265
0.88
1.183
2.551
0.172
0.554
0.049
0.06
0.732
0.037
1.179
0.438
1.931
1.347
2.164
0.054
0.704
0.236
0.11
1.071
0.227
1.009
0.205
1.027
2.459
0.127
5.009
0.082
0.109
0.919
0.251
0.352
1.62
0.331
1.402
0.194
0.104
4.635
2.284
1.932
2.52
0.157
2.678
1.449
0.958
1.078
0.178
4.686
0.857
0.13
1.287
0.129
0.153
1.861
1.21
0.161
1.705
0.127
0.059
2.733
0.333
0.082
0.316
4.037
0.852
1.946
0.201
0.061
0.901
0.116
0.945
0.135
2.326
0.961
0.046
1.222
3.566
1.064
2.141
0.994
0.07
0.869
0.02
0.03
0.829
3.069
0.927
1.645
1.281
3.423
0.137
0.376
0.093
1.149
0.12
0.677
0.982
0.029
0.132
1.567
1.949
0.288
0.157
0.194
0.04
0.07
0.028
1.095
0.818
0.759
0.9
0.583
2.914
0.794
0.181
0.949
0.094
2.838
0.075
2.898
0.197
1.157
0.432
1.058
1.099
1.506
0.061
0.872
0.228
0.447
0.025
0.09
0.466
5.55
3.245
0.752
2.06
0.063
0.116
0.519
6.197
1.823
1.291
0.76
0.119
0.531
5.875
0.074
1.29
0.037
1.388
3.849
2.16
3.483
0.161
0.085
1.478
1.684
5.56
0.832
0.054
2.19
1.764
0.089
0.202
0.856
2.029
3.654
0.073
0.089
0.032
0.133
1.501
0.488
0.026
2.313
0.248
3.855
0.107
1.726
0.181
1.968
0.67
1.302
0.037
1.133
0.178
2.22
4.305
1.509
1.125
1.909
1.166
0.153
0.037
0.837
0.533
1.544
0.043
0.147
0.074
0.133
0.094
0.097
0.083
0.161
1.991
1.088
1.152
3.347
0.102
2.704
0.068
0.098
0.027
0.198
1.085
0.104
1.109
0.032
0.93
0.291
4.388
0.745
2.104
0.179
2.486
0.137
1.098
9.761
1.359
1.364
0.365
2.296
2.348
1.058
1.741
3.0
0.124
0.08
1.226
1.897
0.72
4.887
1.703
1.422
1.863
2.639
4.143
0.038
0.025
1.413
1.281
0.204
4.559
0.062
3.211
3.204
2.175
0.054
0.063
0.038
1.032
0.102
0.624
0.067
0.04
0.637
0.059
0.087
0.887
1.531
0.073
0.088
0.069
0.707
0.096
0.056
5.006
2.449
0.932
1.386
1.822
0.098
3.123
0.765
0.906
1.115
4.528
2.386
1.079
0.17
1.413
0.233
1.833
3.27
0.175
0.565
0.891
0.057
6.164
0.258
0.054
0.264
1.095
0.063
1.014
0.748
0.132
3.251
0.16
0.115
1.492
1.282
2.461
0.079
0.656
3.665
4.989
0.127
4.811
0.038
2.344
1.239
0.18
0.16
1.953
0.214
3.092
1.283
0.453
1.803
0.033
0.047
0.183
2.205
1.177
2.092
3.739
0.034
1.248
2.101
3.408
1.262
0.836
1.088
2.608
4.479
2.914
0.062
2.234
0.282
1.792
0.317
0.706
2.082
1.504
0.959
1.264
5.822
0.041
0.06
0.22
2.241
3.989
0.103
3.286
0.284
0.136
0.804
0.383
0.593
0.097
4.992
0.033
2.243
0.219
0.061
1.548
0.018
3.689
1.217
0.47
5.426
4.612
0.718
0.175
0.113
0.938
4.089
1.086
0.082
4.343
2.961
2.203
1.385
1.566
0.092
0.78
0.022
0.035
2.636
0.769
1.798
0.921
0.045
0.238
3.297
0.488
1.469
2.037
1.486
2.02
0.106
0.05
0.065
0.347
0.879
0.074
1.701
2.424
0.196
1.063
2.264
1.371
1.073
4.93
0.075
0.033
1.943
2.302
3.588
0.051
0.2
1.238
1.776
1.24
2.306
0.917
0.876
0.208
5.254
1.676
2.309
1.79
0.096
0.02
0.036
0.654
0.766
0.352
1.085
0.692
0.312
0.38
0.436
3.454
0.394
1.881
0.275
0.5
0.789
0.947
0.837
0.032
0.138
1.191
1.199
1.086
0.045
2.156
0.2
4.466
0.606
2.927
3.278
0.151
0.051
0.859
0.665
1.207
0.211
0.948
1.362
0.198
0.175
0.471
0.033
0.461
0.13
0.053
0.126
0.142
0.901
1.125
1.567
0.066
0.038
0.556
0.745
0.167
3.835
2.39
0.022
2.347
0.716
2.197
0.356
0.062
0.942
0.977
3.779
3.377
0.173
1.144
0.052
2.363
0.104
0.018
1.187
1.391
0.28
0.731
0.796
6.232
1.833
2.909
2.137
0.051
2.205
0.688
1.478
2.613
5.878
0.032
0.158
0.038
0.511
0.062
0.079
1.031
1.995
0.971
0.753
3.608
0.226
0.224
1.151
0.783
3.973
2.797
1.005
2.056
2.909
0.029
1.168
0.088
0.059
0.077
4.181
5.125
0.17
0.14
4.595
0.028
0.038
2.891
1.204
0.157
2.015
1.7
0.159
0.163
0.155
8.053
1.459
0.028
2.973
0.348
1.34
0.22
0.19
0.28
0.045
2.373
1.469
0.591
0.882
1.438
4.037
0.194
0.838
1.045
1.354
3.352
0.035
0.029
2.074
0.437
1.536
1.788
0.267
2.913
0.614
1.107
0.05
1.617
1.507
4.099
2.836
1.161
0.968
0.031
0.05
1.771
0.023
0.669
2.581
0.082
1.77
1.332
4.644
0.281
0.254
0.847
0.223
3.691
0.253
1.3
0.924
0.08
0.093
0.142
0.03
1.765
0.025
1.369
6.09
0.395
3.686
0.106
2.44
1.257
0.037
1.388
3.458
1.801
0.084
0.126
0.123
0.063
5.495
2.053
3.936
1.337
0.049
3.066
1.646
1.426
0.156
0.458
0.717
0.172
0.164
0.042
0.235
1.047
1.742
3.426
1.088
3.083
0.133
0.063
0.195
1.575
0.307
1.796
0.707
8.554
0.15
1.957
2.303
0.13
0.069
0.087
0.152
1.149
0.04
0.141
0.968
0.059
0.145
0.343
0.078
0.455
0.193
0.081
1.114
1.042
0.039
1.902
0.212
1.464
1.305
0.498
2.011
2.01
3.204
0.04
1.987
1.265
0.886
0.242
3.952
1.144
0.5
0.705
1.303
1.086
0.226
3.726
0.146
1.597
0.124
1.054
0.044
0.845
1.465
0.048
0.064
2.529
1.033
0.67
0.137
0.959
0.339
8.07
1.212
0.749
3.028
1.688
0.127
0.063
1.77
0.037
1.472
1.499
0.074
0.053
1.574
0.771
0.869
0.612
0.865
0.303
0.114
1.043
0.056
0.763
1.994
1.225
2.261
1.765
0.695
3.461
1.053
0.123
0.283
1.239
0.037
3.152
0.875
2.662
2.215
0.207
1.055
0.037
0.986
0.07
1.39
1.267
1.536
2.614
3.349
0.704
0.124
1.028
0.906
0.736
1.702
1.355
0.098
1.358
1.905
0.689
0.266
0.652
0.056
0.03
0.788
3.385
2.443
5.177
0.049
0.248
0.311
3.713
0.049
0.059
1.393
0.543
2.519
0.27
0.348
0.961
3.08
1.705
1.059
1.983
0.048
2.916
1.667
1.148
2.352
1.018
0.121
1.956
0.773
1.978
0.317
0.36
0.987
0.276
0.511
1.269
0.14
0.081
1.114
0.126
0.123
0.807
1.322
0.475
1.932
2.169
0.51
0.425
0.53
0.605
0.033
0.04
1.068
5.539
0.793
0.854
0.071
2.359
0.107
1.959
1.839
0.167
1.009
1.987
0.247
4.261
2.127
1.631
1.032
3.977
1.088
2.466
0.189
0.068
0.76
0.042
0.104
0.045
1.12
0.281
0.541
1.032
1.035
0.07
2.541
1.235
1.82
0.922
1.939
2.133
1.226
1.236
4.036
0.096
0.451
0.088
1.138
0.822
3.298
0.412
1.019
0.984
0.078
2.592
3.0
3.252
0.251
2.916
5.229
0.034
0.716
0.042
0.032
0.039
0.115
0.015
0.079
5.502
0.081
1.151
0.411
1.33
1.234
0.019
0.362
0.952
0.04
0.12
0.19
0.062
1.226
1.035
0.139
1.828
0.296
0.916
0.5
2.006
0.074
0.05
3.235
2.061
0.429
0.433
1.017
0.082
2.425
0.114
0.055
0.175
0.301
0.045
1.204
4.184
0.792
1.77
0.25
0.018
1.329
2.735
0.946
0.176
5.748
2.484
0.209
1.678
1.148
3.53
0.258
0.087
1.476
0.131
4.727
0.105
0.268
0.977
0.132
0.099
0.102
0.068
0.938
0.029
2.427
3.067
1.353
0.273
3.666
1.222
5.831
0.775
6.314
1.472
0.761
0.511
0.02
0.979
4.456
4.705
0.401
1.771
0.763
0.021
1.097
1.368
0.398
4.386
0.686
0.068
1.232
1.164
1.01
2.72
0.858
0.095
2.823
0.325
0.903
3.809
0.399
0.023
1.79
1.537
2.486
4.452
0.101
2.03
0.167
1.516
0.403
1.021
1.271
0.037
2.394
3.113
0.174
0.279
0.17
0.097
0.351
0.06
0.073
0.074
1.12
0.063
1.38
2.126
0.929
0.074
1.402
0.055
0.221
3.987
2.246
1.477
1.061
0.384
0.092
1.338
0.057
1.229
0.365
0.037
7.325
0.731
2.281
5.633
2.661
4.038
1.655
7.362
0.224
1.795
0.42
0.616
0.055
7.746
0.16
0.709
0.162
0.691
0.941
2.853
1.23
0.056
0.17
3.563
0.52
0.045
1.043
0.142
0.039
0.057
0.106
1.45
1.027
4.265
4.192
1.953
0.51
0.636
1.121
1.708
2.194
2.59
1.478
3.141
1.286
0.408
0.422
2.39
0.057
1.758
2.45
0.122
0.308
3.694
0.177
1.895
0.118
0.386
3.205
1.936
0.89
0.776
2.175
1.167
1.459
0.277
2.167
0.9
0.467
1.125
2.124
0.043
0.249
1.772
1.3
1.104
0.088
5.481
10.459
1.943
1.2
2.111
0.387
0.193
2.077
0.145
0.039
1.246
0.888
2.645
4.747
1.368
0.222
0.314
1.353
0.716
0.032
0.097
0.172
0.12
2.016
2.674
3.104
0.542
1.115
1.763
0.344
0.188
0.036
1.354
0.103
2.361
1.1
0.12
0.047
0.401
0.147
3.097
0.661
1.209
1.216
0.228
1.553
1.339
0.06
0.044
3.969
0.281
2.673
4.736
3.69
2.595
0.846
0.131
0.049
0.037
0.062
0.158
2.157
1.033
0.696
0.038
1.859
0.032
0.037
0.126
4.524
1.712
2.975
0.204
10.662
3.386
0.149
0.117
2.187
1.527
1.439
0.579
0.135
0.864
0.081
0.74
1.815
0.173
0.603
0.915
0.056
3.133
0.08
1.555
3.907
0.058
0.187
0.572
2.304
0.373
1.074
2.271
0.098
0.06
0.152
1.565
1.196
0.058
0.075
2.382
4.146
1.943
4.796
1.755
1.618
0.394
0.307
6.76
0.038
0.056
0.609
0.304
2.604
0.954
0.154
8.939
2.179
6.207
0.046
2.939
1.873
0.107
1.058
2.412
0.061
1.401
1.128
0.861
0.231
2.341
1.476
0.888
1.356
1.179
0.393
1.066
7.169
0.023
0.054
1.125
1.307
1.533
2.571
0.026
1.672
0.029
1.006
0.25
1.996
0.167
1.422
1.143
0.333
0.048
1.95
1.747
0.236
0.076
1.381
1.512
0.718
2.924
2.479
0.641
0.557
0.202
0.185
0.176
0.681
0.881
1.354
1.235
1.013
2.513
1.522
0.43
2.99
1.308
2.767
0.942
0.153
1.612
3.745
2.917
0.925
0.215
1.206
0.392
3.441
1.013
1.071
0.031
0.303
0.209
0.091
0.057
1.254
2.322
0.074
0.935
2.111
3.024
0.138
0.188
0.182
0.263
0.992
0.806
0.156
0.176
1.049
0.093
0.945
0.05
4.035
1.132
0.081
5.073
0.053
0.072
2.564
0.123
0.104
0.105
1.038
1.31
0.064
5.155
1.073
0.571
9.187
3.209
1.127
3.904
1.025
0.169
1.438
0.087
6.71
1.348
0.943
2.082
2.627
0.03
2.268
0.241
1.533
0.016
6.886
0.435
0.917
1.067
1.012
4.569
1.204
0.125
0.05
2.633
3.429
3.997
0.919
0.047
0.899
3.365
0.271
2.283
2.482
0.681
0.236
0.072
1.102
2.537
0.031
0.026
2.604
0.043
0.132
0.028
1.427
1.753
0.1
3.438
0.119
0.086
2.079
0.064
0.298
2.342
2.146
0.799
1.352
1.594
0.089
0.195
0.071
0.711
3.475
1.589
0.031
0.211
1.561
1.738
2.421
0.054
0.094
0.031
1.329
0.084
0.053
0.098
0.757
2.033
0.95
0.066
2.031
0.882
0.817
1.092
3.51
1.098
1.891
3.387
2.263
1.382
0.103
4.322
0.045
4.669
4.734
1.557
1.22
2.141
0.048
9.882
3.126
3.849
7.577
2.963
1.323
0.17
0.08
2.607
0.76
2.907
1.444
0.297
0.808
0.381
1.979
0.132
1.85
2.051
0.756
1.121
1.389
0.108
0.155
1.156
2.061
0.12
2.606
0.908
0.059
0.145
0.037
3.583
0.048
2.688
0.071
1.835
0.116
5.552
0.09
1.894
1.341
4.31
0.058
0.439
0.033
0.232
1.063
0.231
4.3
3.138
1.566
0.259
0.174
0.09
0.861
0.128
0.879
0.66
2.148
0.081
1.04
2.635
0.786
0.84
1.686
0.022
0.812
0.039
0.163
2.319
0.329
1.667
0.038
0.523
1.363
1.236
1.761
0.861
0.045
0.07
2.68
1.25
0.615
0.181
0.088
0.061
1.825
1.096
1.127
0.09
0.794
2.514
1.478
0.104
0.07
0.088
0.035
0.055
0.848
1.57
0.259
1.309
0.901
0.081
0.051
0.06
1.662
0.747
1.788
0.038
2.079
0.038
0.412
2.345
3.045
0.946
6.72
0.084
0.235
0.023
4.855
0.451
0.121
0.333
0.045
0.076
0.702
3.533
0.115
1.418
2.47
0.062
0.231
0.048
3.412
1.054
0.117
3.658
0.166
0.083
0.08
1.631
2.878
0.085
1.594
2.589
0.862
0.846
1.94
1.096
1.717
2.505
1.826
0.02
1.14
0.203
0.048
0.481
1.727
3.454
0.76
0.04
1.297
2.573
2.024
0.882
0.224
3.946
1.378
2.844
1.217
0.069
0.02
0.082
0.08
1.822
0.117
0.072
0.134
0.643
0.047
1.303
1.655
3.015
0.121
0.21
0.871
1.58
0.146
2.58
1.068
1.701
0.257
5.737
0.246
0.968
0.845
0.244
2.36
0.898
2.626
2.607
1.061
0.062
2.934
0.939
2.867
0.818
0.097
0.02
0.19
1.612
0.182
0.248
2.306
2.979
10.121
1.105
1.723
0.076
8.613
0.107
1.05
2.98
1.596
0.751
1.375
0.043
0.035
0.994
1.103
0.08
0.283
0.112
1.843
0.933
1.492
0.497
3.8
1.248
1.005
0.696
0.725
1.048
0.563
0.219
0.649
1.583
0.035
0.102
0.072
0.844
2.191
1.749
2.085
0.145
0.435
0.243
0.148
0.551
2.142
1.038
0.672
1.88
0.062
0.027
0.267
0.097
0.082
1.208
0.519
0.182
0.114
0.048
0.095
0.588
0.345
2.374
0.094
1.754
0.125
0.042
4.226
4.214
0.467
1.185
1.015
0.077
0.077
0.063
0.997
0.016
3.187
3.244
0.161
0.851
0.027
1.207
1.337
4.243
0.492
1.82
0.275
0.096
0.634
0.433
1.918
2.698
2.46
1.092
0.123
1.952
2.106
1.73
0.04
0.366
1.675
0.071
0.04
0.08
0.737
0.058
0.152
0.052
2.873
0.06
0.077
0.153
0.588
0.618
2.455
7.522
1.347
0.515
1.667
2.459
2.261
0.664
0.084
0.465
0.566
0.884
1.791
0.047
1.259
1.572
4.638
2.693
4.476
1.183
0.051
0.047
0.061
2.736
0.016
0.068
0.605
3.917
1.008
0.751
1.571
2.535
0.04
0.057
0.955
3.698
0.028
4.649
1.748
2.49
0.192
2.198
0.696
0.562
0.276
2.275
1.177
2.39
0.021
0.137
0.026
2.355
0.833
1.382
0.954
1.442
0.075
0.089
0.013
6.888
7.588
1.971
0.052
0.218
0.202
1.182
0.16
0.063
0.161
5.302
0.186
0.072
0.175
0.885
0.771
0.064
2.285
2.781
1.45
0.141
2.99
2.756
0.275
4.813
1.866
3.38
0.119
1.843
0.13
1.04
1.985
4.078
0.54
0.724
0.783
1.67
1.571
0.245
2.347
8.27
1.722
3.325
1.36
0.802
0.027
2.905
0.11
0.567
0.174
1.476
1.258
0.03
1.343
1.544
0.474
0.637
0.896
0.173
3.886
1.686
0.998
1.589
0.605
5.175
0.072
1.751
1.423
1.806
1.95
0.09
0.969
0.107
2.076
3.744
0.097
0.134
1.19
1.923
0.088
1.641
0.834
1.869
0.059
4.505
0.839
0.062
0.084
0.254
2.518
0.697
2.459
3.186
1.467
0.913
0.066
0.074
0.756
1.4
0.722
1.017
1.266
2.058
0.784
0.309
1.485
1.365
1.284
1.19
5.124
3.326
2.209
0.517
0.908
1.393
0.047
0.085
1.093
0.018
0.795
0.079
2.169
0.027
1.802
0.039
1.886
0.906
0.059
3.764
0.91
2.373
0.068
1.094
1.54
0.034
0.74
1.409
2.141
3.703
0.108
1.05
0.759
3.67
0.05
0.247
1.968
1.533
2.759
4.046
0.853
1.066
2.244
1.073
0.02
0.203
0.058
2.078
0.069
0.117
4.552
1.869
1.27
0.22
0.518
1.067
0.208
0.191
0.117
0.948
2.532
1.099
0.068
2.658
0.793
0.065
0.116
0.068
4.803
2.113
2.561
0.213
0.086
0.131
2.526
2.078
0.074
0.199
3.494
0.926
0.206
1.085
2.917
6.55
0.018
1.523
1.248
2.026
0.196
0.889
0.131
1.474
1.751
3.503
1.13
0.897
2.838
1.257
0.161
0.742
0.147
1.421
0.068
1.866
1.254
0.523
0.063
0.039
1.761
1.265
1.923
2.755
0.102
1.423
0.711
2.736
1.003
0.161
3.695
3.095
1.809
0.069
0.045
1.603
0.439
1.789
0.053
0.662
0.094
5.318
1.071
0.257
0.087
2.195
0.188
0.135
1.748
0.074
2.364
0.067
0.362
1.229
0.729
4.801
2.154
0.248
0.18
0.084
2.406
2.732
2.546
0.746
0.089
0.613
0.93
1.664
0.064
0.175
0.809
1.636
0.199
0.146
0.857
2.022
0.037
0.226
0.056
0.017
1.273
0.175
0.978
0.88
0.063
0.97
2.19
1.743
0.252
0.942
2.32
1.042
0.06
0.2
1.492
1.089
2.606
5.046
3.873
0.935
0.229
0.025
1.49
6.006
0.052
0.054
0.475
1.16
3.243
0.059
0.711
1.727
4.83
0.065
1.467
0.47
0.141
1.262
0.385
1.185
0.025
0.742
3.759
0.807
0.09
1.735
0.116
0.968
1.916
1.346
0.235
0.016
1.11
0.443
0.114
0.324
1.594
2.079
2.462
1.122
0.051
3.623
2.52
2.42
0.089
0.036
2.454
0.029
1.197
0.29
0.416
1.67
1.191
0.983
2.995
0.129
0.074
0.083
0.737
1.164
0.233
0.088
1.755
1.633
0.145
2.462
2.226
0.158
0.654
3.214
1.325
2.104
1.936
3.089
0.186
2.965
1.991
0.125
0.17
0.108
0.521
4.261
0.058
0.851
0.976
1.699
0.172
3.951
1.53
0.143
0.03
0.092
0.068
0.817
1.097
2.112
0.993
8.619
2.764
0.851
1.929
5.563
3.55
0.041
0.019
0.849
1.325
0.039
0.02
3.595
0.97
1.764
1.088
0.966
0.985
0.025
0.054
3.067
1.07
1.907
0.814
0.638
0.553
1.153
1.143
0.307
1.434
1.505
0.047
0.353
0.072
0.074
3.765
1.423
0.178
5.304
0.08
0.996
3.641
2.591
5.622
2.104
0.082
0.049
2.737
2.135
1.14
0.061
2.158
2.017
0.099
0.207
0.834
0.053
2.071
0.936
0.077
0.991
1.499
5.402
0.888
0.365
0.098
1.878
0.133
0.791
0.37
0.883
0.076
1.816
0.032
0.819
1.355
0.81
0.032
0.121
1.077
1.55
2.516
1.834
3.328
0.101
0.936
0.989
0.294
0.105
2.4
3.866
3.709
0.061
2.456
2.459
0.177
1.242
3.278
1.18
1.495
1.292
0.218
1.053
0.425
0.111
0.65
0.083
0.819
0.123
0.191
2.166
2.687
1.519
0.112
0.058
4.912
5.393
1.056
0.08
0.074
0.037
3.413
0.521
0.047
1.669
2.3
0.38
3.011
0.014
0.979
3.232
0.045
3.003
1.379
1.297
0.07
0.065
1.118
0.175
1.088
2.236
0.329
1.155
0.076
0.114
1.339
0.156
1.069
0.077
0.158
0.181
0.158
4.101
1.302
0.178
0.042
0.472
0.941
0.103
2.124
1.637
3.738
0.108
0.891
2.183
2.391
1.101
0.065
0.098
2.212
0.071
3.574
2.414
2.68
0.941
0.241
1.574
1.232
0.149
0.04
0.067
2.106
2.023
1.432
1.396
3.015
2.056
2.147
0.368
1.844
1.904
0.096
3.41
0.077
0.07
0.708
0.179
3.035
0.024
1.253
0.924
0.019
1.002
0.831
0.082
1.183
0.236
0.333
0.125
2.611
4.797
0.126
2.726
1.638
1.897
0.037
1.245
0.05
1.477
2.069
0.898
2.901
0.039
2.606
2.573
2.029
2.287
1.596
0.196
1.89
0.085
0.035
4.832
1.625
0.173
0.104
6.328
1.641
1.828
3.199
0.077
1.044
0.136
0.021
2.318
1.457
0.056
0.096
0.132
4.276
0.131
0.849
0.075
1.295
0.122
0.032
2.059
0.591
0.825
1.641
0.932
0.599
1.713
0.193
0.274
0.241
3.685
1.137
1.386
4.481
2.013
0.666
0.465
0.078
0.112
0.123
0.638
0.741
0.046
3.077
2.327
1.276
0.048
1.39
0.059
2.96
5.184
0.027
0.029
2.291
0.021
0.04
0.037
0.169
1.629
0.099
0.411
1.092
0.089
0.042
0.274
0.065
1.362
5.974
0.171
0.695
0.096
0.248
0.964
0.104
0.982
0.016
0.142
0.351
0.069
1.963
1.206
1.995
0.348
0.113
0.576
4.131
1.004
2.754
1.832
0.102
0.052
4.399
1.339
0.375
0.082
1.62
1.218
0.033
2.672
0.227
1.364
1.426
0.054
0.127
0.08
4.376
0.919
1.869
0.867
0.071
0.197
1.3
0.155
2.792
1.087
2.705
1.082
1.83
1.269
1.967
0.818
1.6
1.571
1.572
3.031
2.311
0.434
1.21
2.01
2.619
0.09
0.205
0.053
0.136
0.033
0.643
1.119
0.15
2.135
1.66
1.054
0.163
2.236
3.962
0.249
0.099
0.071
0.965
1.499
0.108
0.085
0.573
0.731
1.934
0.218
7.242
0.011
1.038
0.038
0.931
0.082
0.49
0.128
2.264
1.809
1.029
0.063
1.468
3.929
0.148
1.645
1.075
0.046
2.329
1.676
1.743
0.278
0.13
0.554
1.126
0.194
0.077
5.904
2.216
0.045
1.333
0.918
1.418
1.02
0.114
0.152
0.094
0.103
0.065
1.286
1.361
3.119
2.825
0.941
3.766
0.069
0.31
0.718
0.087
0.555
3.226
0.08
1.083
1.903
0.106
1.384
3.089
2.785
6.344
0.112
0.047
0.114
0.654
0.076
0.141
1.378
0.959
0.783
2.919
3.161
0.027
1.276
1.404
1.223
5.965
2.73
0.226
0.078
0.747
3.663
3.134
0.022
0.809
1.154
1.415
3.855
0.504
1.053
0.047
0.957
2.896
0.03
0.038
0.94
3.646
0.714
4.205
0.826
2.176
1.501
0.026
2.79
1.251
0.035
0.085
4.197
1.301
0.093
3.964
1.394
0.873
4.113
0.228
0.085
1.199
0.084
1.843
0.728
1.04
1.146
2.578
1.521
0.995
1.895
0.123
0.066
4.709
1.57
2.448
3.099
1.174
4.497
0.08
1.472
0.956
1.085
0.82
2.16
4.534
1.09
1.257
0.122
1.396
0.056
0.088
1.591
3.373
0.076
3.731
0.124
0.078
0.323
0.12
0.79
1.368
0.347
2.931
1.231
1.147
1.302
0.073
3.755
4.116
0.419
2.784
0.071
1.652
0.171
0.337
0.266
1.501
3.27
1.131
0.121
0.143
0.957
0.101
0.059
0.041
1.176
0.045
0.354
2.095
2.639
0.506
1.626
0.85
0.066
0.075
0.134
0.231
0.489
2.263
1.547
1.104
0.082
1.622
2.417
0.086
0.039
1.343
1.581
2.918
0.108
0.874
0.039
0.015
2.429
0.919
0.259
0.892
1.563
0.719
1.237
0.665
1.248
0.129
1.154
0.938
1.282
2.559
2.086
0.089
0.085
0.065
1.081
5.987
0.236
1.351
0.264
0.611
0.115
0.785
0.774
1.038
0.317
2.05
4.28
1.57
1.98
0.331
0.756
0.418
0.172
1.648
6.358
0.12
1.135
1.848
0.827
1.138
0.645
1.135
1.303
0.337
1.202
0.355
0.207
2.779
6.146
2.737
0.035
1.698
0.147
0.021
0.095
2.518
0.349
3.137
3.087
0.782
1.151
0.647
1.822
1.624
0.06
1.314
0.043
0.128
1.223
1.821
1.617
0.048
0.38
0.069
0.627
1.06
0.162
0.14
0.08
1.021
0.025
0.1
4.821
0.042
0.085
1.703
2.252
0.046
0.119
0.905
1.227
2.482
2.128
1.113
0.059
3.447
0.047
0.113
3.16
1.145
0.144
1.78
3.555
1.093
0.123
2.96
1.192
0.748
0.109
1.013
0.121
0.899
1.054
0.074
1.088
0.25
0.029
0.645
2.436
3.821
0.351
3.399
0.083
1.821
0.145
0.865
1.335
0.853
0.265
0.041
0.192
0.097
0.046
2.18
0.998
4.245
0.09
0.022
1.202
4.285
1.581
0.069
0.359
0.037
0.55
0.064
2.645
0.11
0.16
0.964
0.713
0.09
0.993
0.195
0.035
1.031
0.878
0.854
0.082
1.485
0.027
0.491
1.808
0.282
0.101
3.641
1.069
0.139
0.088
0.023
0.03
0.275
0.013
0.324
0.473
0.139
0.733
0.986
1.546
0.296
1.125
0.713
0.197
2.586
0.058
1.669
3.699
3.333
1.247
0.977
1.568
2.206
0.049
2.495
0.035
0.285
1.238
2.124
0.13
1.632
2.048
0.082
0.094
0.913
2.092
0.134
1.126
1.965
0.067
1.449
2.796
2.374
0.031
4.604
1.485
0.783
0.121
1.849
1.474
0.119
1.254
2.019
1.38
0.806
0.058
0.224
0.356
0.078
2.764
0.159
1.187
0.093
0.992
3.322
0.683
2.471
0.031
0.668
0.145
0.184
6.331
1.564
1.808
1.31
1.208
1.358
3.573
2.272
0.069
0.941
2.601
3.534
1.777
1.186
0.093
2.221
2.24
2.752
1.484
0.199
0.91
0.895
0.133
0.1
2.796
0.901
0.036
3.266
0.233
1.244
3.073
1.02
3.827
9.634
0.454
0.543
1.922
1.884
1.647
0.201
1.858
1.237
0.32
0.323
1.579
0.987
0.084
1.483
2.614
1.722
1.058
0.118
0.112
1.129
2.452
2.437
0.486
1.125
1.47
4.097
2.219
1.344
0.095
5.543
1.312
0.126
0.946
1.221
0.283
0.75
0.061
1.439
3.963
0.961
0.204
2.608
0.32
0.771
0.422
3.059
1.146
2.774
1.046
0.228
0.145
2.159
0.747
1.441
1.781
1.019
2.054
0.671
0.033
0.059
0.094
4.133
0.066
0.108
2.697
0.613
1.755
0.028
1.869
0.147
0.065
0.73
1.242
0.047
1.224
0.983
0.079
0.374
0.071
0.038
0.841
0.326
2.401
0.69
0.066
1.075
2.021
0.291
1.232
0.839
0.239
0.879
2.952
0.129
1.4
0.509
0.058
0.609
1.923
0.246
0.212
0.104
2.231
5.484
0.199
0.716
0.89
0.041
0.154
0.07
2.268
3.119
0.114
0.251
0.029
1.04
0.063
0.017
0.323
0.267
0.185
1.17
3.304
3.398
1.389
2.574
1.293
0.123
0.343
0.143
2.677
0.323
1.61
0.054
0.096
0.294
1.747
0.83
1.317
0.107
3.133
0.364
0.044
5.617
0.114
1.393
0.077
0.12
0.13
1.123
0.14
0.116
0.678
1.182
2.876
2.159
3.206
3.603
0.248
2.375
2.55
0.168
5.305
1.991
0.166
0.856
0.937
3.262
1.835
1.187
3.35
6.821
1.331
0.949
0.513
0.717
0.134
2.815
0.147
0.466
2.835
1.166
0.052
0.082
1.322
3.588
4.488
0.424
0.125
0.41
1.353
2.68
0.09
1.032
0.13
1.5
0.041
3.462
2.379
0.049
3.324
1.177
0.751
1.484
0.042
3.37
0.137
0.807
0.08
1.294
0.295
0.122
1.198
2.929
0.195
1.022
1.507
1.271
2.308
1.043
1.505
3.89
0.053
0.935
1.514
1.402
0.187
1.814
1.045
1.298
0.034
2.357
2.15
0.279
0.778
0.303
0.066
0.292
0.755
0.621
1.496
2.423
1.834
0.119
0.128
0.046
0.033
1.358
0.115
0.163
0.118
1.434
1.364
1.008
0.029
0.102
2.352
0.966
0.064
1.271
2.891
2.536
0.729
1.629
0.729
2.061
0.4
4.87
3.063
0.303
0.577
0.518
0.358
1.08
1.588
0.76
2.118
2.771
2.462
1.063
0.773
0.073
0.352
1.961
4.61
1.017
0.276
0.62
1.678
0.815
0.813
0.174
2.522
2.953
1.104
1.098
3.279
1.258
1.5
0.946
0.549
1.427
0.112
2.298
0.175
0.059
0.066
0.171
0.372
1.03
1.545
1.956
0.026
0.11
1.885
0.538
3.782
0.246
0.455
0.992
0.611
3.06
0.409
0.025
5.306
3.088
0.049
1.19
1.098
0.179
4.981
0.084
1.912
3.103
0.468
0.065
1.849
0.081
0.175
2.427
0.617
1.687
1.459
1.912
0.027
6.794
0.054
0.292
0.148
0.825
0.111
0.036
3.112
2.583
2.558
1.529
1.429
3.233
0.274
0.06
1.417
4.313
0.07
0.059
0.052
1.174
0.147
5.49
6.854
0.171
0.989
0.109
2.242
1.869
3.08
0.044
1.159
0.851
0.867
0.666
0.129
1.527
1.127
0.895
4.272
1.961
1.51
1.929
0.717
1.178
3.679
1.465
0.351
0.145
1.274
0.639
0.227
1.561
2.52
1.26
2.235
0.033
0.182
1.767
0.066
4.051
0.284
0.902
1.848
1.138
0.135
1.499
0.036
0.426
0.884
0.243
0.111
2.198
1.389
0.837
0.104
0.032
1.784
1.25
1.533
0.9
1.806
1.215
0.069
0.043
2.38
0.667
0.975
0.114
1.368
1.384
0.023
0.183
1.33
0.032
2.288
0.077
3.807
4.709
0.879
0.378
0.14
0.605
0.523
0.051
0.054
0.031
1.705
0.039
2.172
0.81
0.962
0.864
0.052
1.066
2.282
2.271
0.069
1.011
0.217
1.167
1.441
2.855
1.626
0.053
0.04
3.797
0.316
1.232
1.034
0.185
0.058
1.192
0.33
1.103
4.365
0.215
1.658
1.277
0.037
0.079
0.056
10.93
0.025
0.144
0.107
1.408
4.038
3.005
0.885
0.191
0.041
0.023
0.49
0.045
1.699
3.008
0.331
1.116
0.121
1.5
1.635
2.333
0.072
0.051
0.033
1.441
0.029
1.471
0.886
0.087
4.158
0.686
1.435
1.031
0.206
0.838
2.525
2.623
1.043
0.682
1.95
0.818
1.707
2.378
1.109
1.31
0.116
0.454
2.193
0.098
1.357
0.122
0.114
0.16
0.191
0.096
2.448
1.665
1.155
0.065
2.995
0.937
0.912
0.998
2.067
2.806
0.459
1.848
1.32
0.108
1.782
1.573
0.042
0.896
1.939
0.462
0.107
2.027
0.058
1.37
1.115
1.407
1.073
1.099
0.055
1.918
2.716
1.135
3.963
0.274
1.831
4.15
1.529
0.103
1.175
1.152
0.852
0.83
0.09
0.078
0.996
2.157
5.412
0.506
0.08
1.853
2.929
2.314
0.443
2.332
5.003
1.746
0.983
1.273
0.028
1.077
4.363
0.065
0.225
0.023
4.345
0.583
4.344
0.205
1.652
3.846
1.259
3.01
0.275
1.272
0.181
0.137
0.261
0.098
0.403
0.054
1.845
1.002
2.787
0.451
1.368
0.205
2.648
0.662
0.036
0.043
0.112
0.471
2.203
1.492
0.071
0.089
0.996
0.179
3.706
1.707
1.12
1.864
2.5
0.825
0.197
0.377
0.374
0.048
0.17
2.764
0.863
0.032
0.025
1.535
3.305
1.349
0.295
1.488
1.982
0.244
8.562
2.344
1.123
1.802
0.781
0.389
2.909
1.76
1.657
5.821
3.373
1.12
0.154
3.588
1.434
0.127
0.593
0.946
1.595
0.122
0.065
1.154
1.868
0.137
1.879
1.376
7.831
2.016
1.247
2.84
0.08
0.706
2.734
0.028
0.819
1.08
3.58
1.879
0.42
19.149
0.013
1.437
1.741
0.108
0.087
0.861
0.043
0.172
0.059
0.458
1.086
0.028
0.46
1.028
1.085
0.058
0.489
1.622
2.149
2.024
1.49
1.61
2.857
0.499
0.167
0.264
0.117
1.143
0.035
1.716
0.093
0.051
0.081
0.068
1.528
1.064
0.34
1.47
0.957
0.223
0.126
0.097
3.182
0.049
0.036
0.073
2.623
2.07
3.208
0.084
0.612
2.401
1.05
0.7
0.04
1.152
1.13
3.862
3.805
1.305
0.118
0.836
4.14
1.335
1.4
1.066
0.598
1.229
0.038
0.648
1.57
2.04
3.987
0.696
3.638
0.212
1.886
2.239
1.336
0.869
0.194
0.018
0.227
0.774
1.638
0.042
1.554
0.146
0.078
0.243
2.259
2.01
2.004
5.549
1.09
0.482
0.058
2.508
0.047
0.133
0.055
0.101
0.942
0.218
0.285
0.119
2.588
0.032
0.074
3.262
4.514
0.71
0.21
0.883
2.701
1.882
0.27
0.026
0.274
3.691
0.062
0.667
6.475
0.128
1.18
4.788
1.188
3.029
3.642
0.072
0.078
1.155
0.311
1.19
0.164
1.111
0.109
0.192
0.036
1.426
0.735
1.041
1.688
2.306
0.051
3.26
0.072
1.709
0.109
0.137
1.48
1.452
0.225
1.597
7.704
5.133
0.708
0.947
0.088
0.188
0.769
1.011
0.089
0.031
0.186
1.327
2.904
0.109
0.031
1.125
1.129
0.25
0.094
1.82
0.019
1.973
0.121
2.763
0.014
0.691
1.529
0.045
0.867
5.512
1.813
1.475
0.037
9.751
0.306
0.432
4.123
2.485
0.875
5.084
1.758
0.06
1.075
3.207
0.212
1.905
1.547
0.028
0.401
0.48
0.042
2.092
2.709
2.224
0.052
2.301
0.065
1.313
0.103
1.087
0.075
0.11
1.082
0.042
1.711
5.741
0.048
1.358
1.119
0.707
0.777
6.099
1.303
0.108
0.426
0.176
0.047
2.808
0.014
0.032
0.044
0.017
0.192
1.244
0.28
3.092
1.191
0.126
0.362
0.034
0.575
0.078
4.106
1.815
1.707
0.093
0.182
0.135
0.088
2.893
0.671
1.004
2.428
1.315
0.059
1.114
0.048
0.132
0.189
1.546
4.095
2.709
0.169
0.089
0.328
1.418
0.062
0.107
0.721
0.106
0.166
0.191
0.41
0.254
1.595
0.424
0.835
2.435
0.156
0.884
2.893
0.164
1.186
1.556
2.172
5.988
0.104
2.45
1.54
1.613
1.188
1.647
0.057
0.076
1.215
2.497
0.292
0.887
0.118
0.532
0.947
0.025
0.094
0.017
1.278
0.05
0.841
0.094
2.469
1.146
1.659
4.668
0.618
0.109
1.194
1.389
0.046
0.037
0.035
0.078
0.038
1.491
2.873
1.107
0.312
1.007
0.04
0.062
0.967
0.254
0.332
2.399
0.058
1.167
0.132
1.279
0.054
4.079
0.026
0.915
0.104
0.089
1.693
0.041
0.535
0.253
1.782
0.089
0.237
1.538
0.347
0.061
0.274
3.9
1.566
1.796
0.527
0.437
2.004
0.53
0.068
2.884
0.697
1.648
0.316
3.17
1.152
0.129
0.055
0.088
1.574
1.223
1.497
0.075
1.561
0.027
3.035
1.004
0.975
1.034
0.134
1.484
0.735
0.062
0.275
0.181
0.17
1.278
7.397
0.086
0.986
0.235
6.269
1.98
1.448
0.288
0.119
0.095
0.025
0.189
0.028
0.129
3.866
2.793
3.985
0.148
5.447
0.113
0.037
1.117
0.037
0.089
1.383
1.583
1.255
1.001
0.58
0.138
0.037
0.141
1.674
2.452
0.622
1.211
0.11
0.228
0.05
0.075
5.479
0.304
1.895
0.027
2.437
1.106
0.704
1.857
0.808
0.404
1.214
1.132
4.184
0.179
0.346
0.042
0.283
1.343
2.265
0.202
0.042
0.056
0.093
0.028
0.785
0.115
1.463
0.019
2.828
0.044
0.532
0.273
0.815
3.849
0.943
1.96
0.051
0.046
1.15
0.045
0.1
2.245
1.082
1.05
0.036
1.183
1.38
0.074
0.165
0.119
0.97
3.927
0.404
0.88
1.002
0.14
0.066
1.235
0.092
1.681
6.768
2.253
0.838
0.054
0.109
0.228
0.032
3.896
0.045
0.248
1.981
0.018
1.057
1.91
0.036
0.046
0.037
6.742
1.091
2.598
1.281
0.082
0.032
0.273
1.503
0.169
3.213
0.16
0.924
0.058
1.475
1.396
1.643
1.376
0.337
1.299
0.05
0.825
0.864
0.083
0.242
0.386
0.437
3.032
0.067
0.671
1.047
0.244
1.155
2.822
0.717
8.612
5.609
0.802
1.383
0.132
2.387
0.209
0.858
0.117
1.253
4.129
0.33
2.069
0.861
0.951
0.101
0.237
0.043
1.31
0.916
1.292
0.116
0.069
0.045
0.036
1.743
0.973
1.357
0.065
0.176
0.416
1.5
0.915
2.263
1.797
6.538
1.679
0.317
3.624
0.053
1.618
0.056
0.525
0.994
0.924
1.213
1.781
0.076
0.079
0.908
2.699
1.234
0.102
2.321
0.472
0.212
3.363
4.112
0.072
1.422
0.072
0.152
1.908
0.628
0.658
2.343
0.034
0.084
0.023
2.977
2.206
1.327
1.315
1.106
0.106
0.158
1.17
0.287
0.033
4.949
0.066
2.416
2.729
0.123
0.695
0.067
0.072
0.063
1.397
2.892
1.907
0.502
0.32
1.979
0.19
0.078
1.27
0.1
0.055
2.152
1.156
1.219
0.087
0.08
0.042
1.803
0.895
0.959
2.264
0.191
0.056
0.075
1.827
1.108
0.033
1.156
0.719
1.753
3.26
0.125
3.28
0.155
0.197
1.292
0.156
1.415
0.924
1.358
0.224
0.055
1.246
1.191
0.022
0.659
0.601
0.083
1.173
0.055
0.049
1.895
0.515
0.043
0.044
0.882
0.551
1.589
1.297
2.932
0.064
1.783
0.307
0.152
1.37
2.343
1.589
3.329
0.201
0.438
1.054
0.893
6.531
0.888
0.362
1.455
0.272
0.283
1.523
0.283
4.948
0.137
0.029
0.048
1.06
0.442
1.354
0.846
2.879
0.306
0.028
0.149
0.052
1.884
1.4
1.465
0.682
0.124
0.754
1.663
1.203
0.611
1.707
1.005
1.489
1.076
2.072
0.252
1.629
0.318
0.175
0.262
1.319
1.964
0.109
4.651
1.98
0.937
0.073
0.148
0.934
3.677
0.24
1.032
1.891
0.064
1.131
1.923
1.465
2.135
1.568
0.145
0.051
0.089
0.466
1.962
1.155
0.325
2.308
0.082
1.914
1.873
1.656
0.258
1.605
0.829
0.098
1.621
0.43
1.198
1.152
0.172
0.129
0.784
8.917
1.076
0.091
0.416
0.652
1.22
2.551
2.633
2.886
0.181
1.275
1.013
0.351
2.175
0.071
7.023
1.025
5.568
0.073
2.315
1.534
0.059
1.412
0.079
0.013
0.155
1.799
1.663
0.16
0.938
0.054
1.105
0.084
0.107
3.088
0.051
1.121
2.747
0.334
1.198
1.429
1.101
0.123
0.042
0.176
0.044
2.685
1.087
0.027
0.031
5.94
0.043
0.177
0.188
1.031
5.621
3.612
6.61
0.094
1.524
0.868
2.506
5.419
1.575
2.618
0.097
1.328
0.061
0.13
3.831
1.659
0.807
1.949
0.196
0.034
0.186
0.094
4.476
1.422
1.278
1.758
0.196
4.043
2.468
1.022
1.584
0.624
0.053
1.167
2.028
0.082
0.904
1.328
3.012
5.933
0.128
0.726
0.959
0.047
0.053
1.601
0.374
0.114
0.08
0.802
0.051
3.354
0.7
0.349
0.467
0.275
0.217
1.148
1.634
1.748
1.311
7.071
1.243
2.104
0.858
0.06
2.419
2.735
0.701
0.074
0.415
0.277
0.655
0.045
1.259
1.251
0.363
0.164
2.493
2.28
2.723
3.779
1.552
1.181
2.452
3.416
2.453
1.387
0.075
6.148
0.164
0.035
0.087
0.045
1.133
0.062
0.454
0.904
0.038
2.85
0.84
2.883
1.235
1.193
0.11
0.057
2.721
1.769
0.023
1.148
4.728
0.066
2.641
2.847
0.526
0.043
0.647
0.074
2.706
3.126
0.138
0.089
0.852
1.035
0.05
0.026
0.186
1.705
5.724
0.049
0.141
0.176
1.42
1.089
4.325
1.275
3.359
0.166
1.173
4.23
0.451
1.377
1.03
0.039
1.977
0.044
0.08
2.276
0.306
1.88
4.941
5.929
0.847
4.356
0.124
1.846
0.759
1.259
1.322
0.352
0.129
2.565
0.18
0.235
0.575
1.589
1.623
2.122
2.874
0.12
0.491
1.886
4.471
0.097
1.519
0.925
0.161
0.472
0.319
0.131
0.12
2.361
1.507
1.009
2.513
0.04
0.058
0.192
2.324
0.028
0.046
1.616
1.657
1.353
1.175
0.181
2.496
0.058
4.037
0.254
0.135
2.935
0.071
1.289
0.08
2.459
1.765
4.632
0.258
0.033
1.254
0.201
0.241
0.026
0.133
0.12
0.124
