x,y,theta
-0.10399993809915199,0.5041092803686018,-1.77491754263423
-0.10055004640196205,0.5020826444064415,-1.7101156514109788
-0.09400877366285401,0.49060442825564,-1.621644342682844
-0.0983871618338732,0.47229606586534906,-1.5891844666309929
-0.06996923545154633,0.4436244695954598,-1.5242282899392487
-0.06110281009923328,0.4083986900466125,-1.4879709695108487
-0.003395218641381114,0.3224349071437686,-1.8526600074890915
0.04159893701777197,0.19971551316574654,-1.787090821831857
0.062929653336476,0.0007552249611322658,-1.7748016746418946
-0.24649954012548397,0.0005935007069453407,-2.203952429560106
-1.008675513281576,0.011361759661304769,-2.7586670496981776
-2.4925327540316444,0.9855757840257612,2.4510051035348983
-5.483850075253442,0.8995688412998353,-2.8935188067034394
-10.787519240289427,0.49109750561511856,-1.5043104737981832
-23.188930321729853,0.12164670646110722,-2.916598736911436
-48.79038214488238,0.8261531893811707,2.227891132351157
-95.42536181615436,0.9983881392009624,1.9003581495183646
-115.81459305606919,0.9708969529043365,2.684230055017113
-115.81827076636363,0.9725405505861032,2.7026467245195853
-115.81920845504526,0.9667299342994228,2.787891514940701
-115.82993590326535,0.9706758348815057,2.602874760767106
-115.8229912624744,0.9857160418326715,2.7257672413788585
-115.84693845401516,0.9984767842329128,2.738964184289097
-115.88850900129037,0.9944426139591515,2.7545310342390454
-115.97812974476336,0.9865244311807173,-3.1315249939584913
-116.17246124585002,0.9620221732951614,2.2347933151616717
-116.77853645881733,0.9879534766857019,2.9043674496282677
-117.08914600730195,0.07343232764348546,-2.1432354947002348
-119.4649710603199,0.20870993637463714,2.4848654777550543
-120.72731080644007,0.9960880948501162,1.025773025522012
-126.73241694026588,0.2840144626625674,2.422832639392693
-137.5766738267194,0.015624826151611858,3.100434267037981
-157.0566391064329,0.9991377502528287,1.9220876392699164
-209.91028451389786,0.9861245265686911,2.788674338468055
-233.0600356253763,0.7276419937624699,1.518291319864594
-233.06620085086905,0.7334733511920245,1.5070116959521371
-233.0639682788398,0.7358513236478174,1.5823659000093713
-233.06919034548255,0.7525566409585311,1.3728873322715884
-233.07327358108577,0.7765435014951682,1.3095671315693789
-233.05502585076596,0.8250864330156742,1.5130220787583264
-233.02165111168077,0.9105964039106338,1.5624532761441676
-232.99722211179778,0.9980206339877592,1.8178936479149472
-233.14151014524057,0.9926590369402674,2.3706661722463487
-233.7744362160786,0.9658748446235578,2.656373849399797
-234.74582821304466,0.9348619198832245,2.9010789061346216
-235.77325031950372,0.006997170380990328,-1.3786745487416001
-237.81948230724137,0.002586255154021678,-1.7433463982032975
-243.90618850277392,0.5252170899674904,-2.1882021980470325
-251.86935640566023,0.9993782256660162,2.1336413433346415
-282.7339256333883,0.5195533258614344,-0.5545346706512944
-332.5557339072476,0.8896842001665421,2.5834672519548008
-353.1914475654288,0.3637966847319714,-2.5809087151633197
-353.1920200066265,0.36925317981051714,-2.584877125939662
-353.19102417308665,0.3716950898600524,-2.6256760469519387
-353.19053020325526,0.3679679586352361,-2.560912821709357
-353.2094227142145,0.3819150735899111,-2.665526415716229
-353.20671046073505,0.37197748014254983,-2.7924547147993213
-353.24436076275794,0.3430976501358941,-2.8843483080742485
-353.35296310059454,0.2963347047433504,-2.8010970721266513
-353.6021391225859,0.3093372484688949,2.733748399961385
-353.90112859495235,0.5352396078501869,3.1257388066720733
-354.4602539343708,6.060390034850344e-06,3.0100647007146026
-354.92522264060193,0.6892005428308671,-1.3906859197347434
-356.21129288851137,0.0021672072485794105,-2.928435639204492
-362.5899313938646,0.9964454094843985,1.4714469844669233
-372.4288415951542,0.7360322274129513,2.551543666059933
-394.8376353419873,0.57635895908473,-2.710341361352463
-444.68992488137906,0.9575033293833911,2.913898207452873
-466.5948981297598,0.548755218177538,2.117099470193141
-466.5999522915177,0.5502880706775269,2.1280618143751315
-466.59588007661296,0.5500382842606207,2.15309345137757
-466.5988508239229,0.563436332081273,2.149685355630866
-466.59759502015436,0.5767387609272484,2.29688464372898
-466.6001315474211,0.613152505608945,2.091820543550935
-466.6042699533291,0.7452055126199802,1.8429550003645163
-466.61242421962555,0.9006407064635984,1.0114581478584856
-466.37064442172374,0.9834244700357908,0.4841557879047089
-465.94053720589244,0.9860715073893889,1.5815722149067417
-466.8364140584349,0.996949858088833,2.4997900850781427
-468.07178213582625,0.010229841757440196,-2.5627974262442343
-471.81762236127906,0.7565598809508955,-2.9853911105608786
-477.782590068296,0.13694827100353524,2.443070283633011
-489.55115490996525,0.34918227749641273,-2.090393011263409
-512.6004054979542,0.0030052152836081304,-2.5675991874812767
-566.7807080857267,0.9995434939465029,2.87728862550758
-589.016926954638,0.7581157715895994,-2.555090618473057
-589.0105367575645,0.7533405512248529,-2.5684085635584752
-589.0146265868531,0.7526221920220357,-2.546713145983756
-589.014521535385,0.7620095625850634,-2.5711495052153173
-589.0341686585837,0.7466667581701937,-2.5727865458915873
-589.0706696210225,0.715616422714803,-2.647480206896767
-589.0818327285639,0.6431652086504428,-2.4307512107150977
-589.1225588818535,0.5218101719362868,-1.8994810804078759
-589.271474963135,0.2308377104133607,-2.6339167861374877
-589.7392633191382,0.0018326952346123938,-2.201727372330407
-590.5628934114337,0.003493009388451082,-2.5971789474969835
-592.6399881405152,0.2903411582373621,2.575592702881421
-595.8182515300256,0.228623997225866,-2.576130126052269
-602.5083091438645,0.9987243502704163,2.2929990948001997
-615.610976322381,0.48038181358609294,-2.4941178569278537
-640.9278434441135,0.8714742897492296,3.1322960151610157
-665.3209057256486,0.8349741338815878,-2.545109305198937
-685.8928018875698,0.35724433338757894,2.0831766049544385
-685.8946177543818,0.3650137281143485,2.0922535222933423
-685.8972753801291,0.36630636862121385,2.115283114284038
-685.8864519207171,0.37009043119385565,2.145666311323046
-685.8972865525909,0.3807985608138981,2.2256709296098975
-685.9026220740536,0.45584184079753076,2.007962538825213
-685.9298940022234,0.49015569392830244,2.2397254520590444
-686.0346288367028,0.5508694414342568,2.2073613278991795
-685.8501472231796,0.8266208750397573,1.5006761569036753
-686.0632151292757,0.999240342952288,1.8210702425584344
-686.8784851382301,0.9342386102558967,3.043109215250836
-688.9672192341885,0.9977575733666072,2.7156880726745998
-692.4777557180673,0.6019191217388389,2.2798357366307007
-697.1994597341809,0.2898147190467558,2.1508132634978736
-704.9416746202464,0.09265191727479134,-2.3557664007724215
-730.7846271174121,0.9855922126288569,3.101689525224499
-781.7387940002963,0.03223389886042053,-2.679798900683455
-803.4262145333054,0.003913264039897821,-1.9018056547872426
-803.4290119951969,0.003913264039897821,-1.8959070294912015
-803.4285890262989,0.00038057828532055745,-1.9988523372757665
-803.4279556741476,0.0014211440222196034,-2.050242547663949
-803.4329233931545,0.011332309161257053,-2.122299906445225
-803.4640233999472,0.009183017515405525,-2.1891326820142796
-803.5210445578922,0.005635299430411978,-2.2852659907093313
-803.6279829465077,0.0028589358163780333,-2.4540106822990815
-803.9460299895776,0.025808440948037165,-2.7272600987157296
-804.4653821122848,0.11010727155025032,2.821405854539675
-805.5390210235789,0.0030711119148909144,-2.683505042353716
-807.2676306913004,0.015915411683743948,-2.903857354183637
-810.3302849960473,0.9837105732338487,2.3055922542946874
-817.2950614502533,0.0011933425868087837,-2.8200181164243783
-831.5079736452132,0.6133023592901395,-2.674898125786044
-856.5001565462833,0.9947045521669835,2.9155400743912203
-902.6497275445721,0.9751675250620727,3.0883825246653718
-919.6079405852303,0.6934327994900397,-3.001484890636315
-919.6044108970125,0.694613765582834,-2.9698046240291633
-919.6031013305844,0.6921464138465572,-2.93267391821235
-919.5969789988347,0.674385800961217,-3.0356482857481697
-919.6217681311932,0.6698554918238415,3.1285989515908597
-919.6231348677474,0.6646874199412546,3.1088091457026756
-919.6759537275246,0.6262399963884812,-2.9654567842903647
-919.719482176176,0.5714003197360131,-2.769804764336931
-919.9870818818647,0.5553758039157297,-2.910891641451957
-920.3021173364488,0.564037833975821,2.1718239796894903
-920.8298653962573,0.9938142815352323,2.2171701378023503
-922.5162824290561,0.5086199829292035,-1.8095004870339622
-924.4461061611,0.14849570945077192,-1.4857777902907234
-926.079728123434,0.9929277967143358,1.6896647453403775
-931.322606827472,0.9789745837144875,3.1123241674404696
-945.3684462467276,0.00470535272854972,-2.38578318221398
-987.8926685539437,0.4312220185429844,2.050473705525942
-1005.0475841781796,0.4526160939298575,2.550489938144919
-1005.0421837969607,0.4558382080127589,2.6654094907021513
-1005.0448018463499,0.4495296586380134,2.7005686675908604
-1005.0715765286689,0.4514777475674672,2.550222548287378
-1005.0741259521707,0.459257294576202,2.6007858307971645
-1005.0813320619344,0.4735143706472871,2.5444071315859462
-1005.1092078559508,0.5535492563629952,2.3539948613127475
-1005.1445839612951,0.6456460465972822,2.096669532570898
-1005.239578794505,0.9414890496714798,1.6735561037180222
-1005.182271825122,0.9952246616836712,0.9337883218924965
-1004.9358319751245,0.9994964611525564,1.063280508728976
-1005.5684413074192,0.9697151040294187,-2.711510202611324
-1008.9116063144753,0.4026518230546481,2.438818710835969
-1015.2979005019581,0.0015629265603667578,-2.438855836675639
-1027.2936855679843,0.03675294560560189,-2.537844298955197
-1053.0195303195267,0.9956708412364339,2.3055796970544336
-1103.4588013883874,0.0005307637827751629,-2.6098012052151334
-1119.7443362593174,0.019988854576414115,-2.9307031531289938
-1119.7511694898055,0.015307775043194702,-2.957342609202771
-1119.7575755470161,0.021895189375216458,-2.9414385876361875
-1119.7710579190823,0.011445914931522772,-3.049627673833981
-1119.7813857857082,0.006238995132661299,-3.0323093573892566
-1119.8158536795258,0.01185604988360003,-2.897682994704647
-1119.8890602360907,0.007518466599222531,-2.672454786905021
-1120.020168586133,0.008018932021321142,-2.4973314466734164
-1120.3773095573035,0.053915969507434505,2.9959636764796187
-1121.1473488575411,0.00370462505455498,-2.902651644463348
-1122.2054986363742,0.003756043325147837,-2.4916697416217044
-1124.014497107076,0.06938983245164428,3.0774507550561436
-1127.5456668256584,0.6800399997584401,2.8292716388942445
-1133.1290055537725,0.8059867320739488,2.6911610127921737
-1146.216063479891,0.18647295417404977,-2.221250714118628
-1169.685259212127,0.13354443858602982,-3.0989800313005804
-1213.4390068913308,0.9842098888644129,3.0037689622619848
-1233.874273804654,0.8301345618170476,-2.482041869267431
-1233.8641954906664,0.8265257388534976,-2.461026231599949
-1233.8741585439475,0.8187688893683699,-2.3969796998186563
-1233.865988888732,0.815131070854219,-2.3829104116693194
-1233.8650559463617,0.8123763415602434,-2.2954929440318668
-1233.8692648473886,0.7865719405404382,-2.1930860475564202
-1233.9021672927156,0.7227847013492372,-2.5926784859363923
-1233.9036578052273,0.6137776345638183,-2.8373782165479806
-1234.0535111496715,0.4415453254438536,-2.25930565295216
-1234.2241636681413,4.0678916818151934e-05,-2.052060175158134
-1234.670507886504,0.009300951251003352,-1.4905676156783578
-1236.422214348811,0.0069920222211777155,-2.5397675167685203
-1239.7694528956388,0.18689704842146515,2.065870226622046
-1243.5037391468256,0.018722710703911363,3.0758161287545907
-1256.0214671147376,0.28909193001781774,2.9376024857293705
-1282.2277122984374,0.5262131788211282,-1.8172516621046084
-1328.6694248838633,0.45416980710448085,-2.027106731074635
-1348.0175305707862,0.9987237943788265,2.501207747185603
-1348.0108276463366,0.9994002111512258,2.5128837163694406
-1348.0075713510755,0.9994002111512258,2.4895861038221216
-1348.0162639384691,0.995699675724077,2.379880066336481
-1348.0168962266619,0.9939925093816845,2.2681683743300107
-1348.0473770352903,0.9989952292962113,2.0876307478945115
-1348.0356837275974,0.9842783132174229,2.03503103482209
-1348.1616188494745,0.9937987740766117,2.161247498497155
-1348.3391638347262,0.980972141199795,2.8328442106782825
-1348.7998643678056,0.9801861860311699,2.9166022898878303
-1350.0395799460218,0.7917561137148528,-3.1383949514508753
-1351.2385700680677,0.009483959803992893,-2.7381198553224078
-1354.331678231278,0.0002019205302342137,-2.636836268950079
-1361.2367853581957,0.5112412344965741,-2.9049533222851767
-1375.5363824005715,0.9973170061217853,1.8543806117869597
-1403.7397563660218,0.0047927371185613995,-3.042790254276915
-1455.0606697420783,0.9875114604144707,2.6763142572290644
-1478.2511735738535,0.995354565323465,2.5095473182308297
-1478.247044236305,0.9974591660187316,2.48986183125467
-1478.2616762077555,0.992184779284429,2.5487838087596293
-1478.2864066784289,0.9911982849477426,2.430706636852415
-1478.310929042862,0.998807807343509,2.128628912803677
-1478.3480630123333,0.9991716994638247,2.299739923128172
-1478.404016104302,0.9891678248832557,2.404973843168152
-1478.491627828156,0.9965748328928599,2.249749909487875
-1478.6179340223139,0.9895137842912511,2.221618110660465
-1479.1736932477052,0.9571842320712503,-3.099145519447404
-1479.0932280692534,0.13897513970693046,-1.045147882656587
-1480.3313541657074,0.44245080799150044,1.9079039036680623
-1483.6171236525197,0.9005653984402453,-2.546403848547691
-1488.715407149298,0.9855135937142995,-3.0799255343706773
-1500.1491899143127,0.022534536928438948,-2.5859821241956764
-1522.7924725323817,0.27799937468045655,-1.1612112429133057
-1570.3392991487842,0.9922403537914702,1.9939151426155108
-1593.0421310924917,0.9922810556627871,2.332102749081045
-1593.046530518083,0.9970104011031821,2.4021997472101138
-1593.0632059547481,0.9950325240058081,2.3465953590844073
-1593.062511255885,0.9978549759813665,2.3223178282903234
-1593.0606834286516,0.998967789039798,2.592321842740102
-1593.0823129886444,0.9995858160430425,2.1750591535424215
-1593.1270320527735,0.9894388016928233,2.3130377878533537
-1593.169047921445,0.9951650811948008,2.7124136909016965
-1593.4769569875427,0.9976872812035578,2.6683651001379456
-1594.036079548599,0.982087043993545,3.0771003357839746
-1595.213004329746,0.9961711799031888,2.6321084000527204
-1596.5077961961636,0.809782150776588,-2.4894412402625368
-1599.0326995251073,0.005261413234645466,-2.0143647417079302
-1603.327789905147,0.9985693668082544,2.973182860481579
-1614.8825928361027,0.0006352728867432857,-2.459058321777027
-1637.8049979178015,0.99475403087751,1.2327378498880117
-1685.655951874533,0.031183172198548662,-2.8333542532990053
-1702.2592273550479,0.22787512055882922,-1.8377061226706888
-1702.263398618502,0.2199926984437216,-1.8582267747182406
-1702.2591018502105,0.21579775771801404,-1.8659005957220085
-1702.2555799196005,0.21030964003971706,-1.8421451711077952
-1702.2371096357626,0.18385487955320212,-2.151239711540293
-1702.2224031255857,0.15732279458029697,-2.167275107795774
-1702.3182454213015,0.137475697648132,-2.7211812830979802
-1702.4613475217411,0.052708192353487116,-2.693372907747198
-1702.6275613778057,0.00424248944420455,-2.320825112911678
-1703.0672623171104,0.00034708128756786834,-2.822907423084485
-1704.38183647936,0.009259325312691259,-3.076126396069479
-1706.3020883381744,0.015400548630197233,-2.5371974760187848
-1708.8459942186007,0.5435759471817834,-1.9333585583732456
-1716.0663347320265,0.7265560957428107,2.9479684328962357
-1728.7157995098592,0.011953143173320696,3.120364300666779
-1750.7987851389935,0.00031652552732319163,-1.6956089893629096
-1798.7959520708293,0.9870842397389427,2.566766811846934
-1814.2038973889075,0.4646133669470745,-2.076811577369347
-1814.203810663092,0.4598834424911122,-2.136961275258969
-1814.2052112980539,0.45355964100785706,-2.1121996132808927
-1814.197015671077,0.44373945257340275,-1.9720613186588982
-1814.1966988436025,0.39942065761790985,-2.0476491339682603
-1814.2236301355392,0.32626047495005994,-2.469892009277394
-1814.2599164140886,0.29160377445430324,-2.908517138363763
-1814.3616206175313,0.30292795003155465,2.97274848188873
-1814.484451950053,0.5026850185277421,2.396545336268109
-1814.6886770638607,0.9810625575929633,2.1755614626122775
-1815.4091214321131,0.9901826024851529,2.322325757441332
-1817.6207992064485,0.999982879345625,2.535027468547568
-1819.9241127438365,0.9936594456582188,2.178267822853371
-1827.1058204188098,0.9980152167338124,1.95195295610295
-1840.5770984010232,0.02303457508736812,-2.8519028997257014
-1866.185369926553,0.9743786596220488,2.703664731105425
-1912.890553966811,0.9860032720407425,2.4157940148434056
-1931.8893891978125,0.9981659281447662,1.9646835423838196
-1931.8856732857014,0.9981659281447662,1.9615736484420667
-1931.8900570285239,0.9992312071048212,1.948296992668694
-1931.9006060422812,0.9884227737110434,2.1152515086848096
-1931.9233352905853,0.996655669753026,2.0133281994176286
-1931.9585137418835,0.9905128035271359,2.2088966345609293
-1931.9832081209652,0.9992559383705565,2.2182276490923813
-1932.0966169209837,0.9999094364155042,2.598208380158705
-1932.3460084799249,0.9907230515747874,2.6249581013112078
-1932.7843341950368,0.9976027402444886,2.4355068027552687
-1933.5020104532641,0.9883350713007251,2.8986138002850135
-1935.0077385544446,0.14693992278600712,3.0652733021889844
-1938.7673042999281,0.6749161478585708,3.042292976390163
-1942.3341832693943,0.9912496171189676,2.6776184475129226
-1956.8204558433567,0.0069321731389788005,-2.5254268967887086
-1977.645678147308,0.0041116761323846925,3.0494108124629262
-2019.4401707598338,0.010197490037005544,-2.297366424400967
-2040.9799845059838,0.08692202043129711,2.8913829864071445
-2040.9786540297753,0.08845497082798534,2.860911843288574
-2040.981398943956,0.0967718245784385,2.9946241365740756
-2040.9902719767963,0.0938944520658986,2.946286715669217
-2041.0313562657168,0.12615421360072981,2.7855118833142907
-2041.109972403209,0.13381098808093456,2.7435672635992727
-2041.147380657171,0.2100031408859397,3.0921277477404745
-2041.2667689694833,0.20379964268285625,-2.8634664574759254
-2041.5315652057945,0.09591867879379397,-2.632796503711946
-2042.144781140617,0.004808542616761574,-3.0007610491099177
-2043.2657862950207,0.0025932591609967946,-2.9362920128726424
-2045.5667650359128,0.061164152852191886,2.683441251619076
-2049.2856623185844,0.01155006839243021,-2.455269112202568
-2056.4656768858604,0.98599340551137,2.7373642830006784
-2069.7179762841793,0.0031768097491608684,-2.7379410837599147
-2092.0225104586807,0.0046322109107416005,-2.3809038379568817
-2142.745556149404,0.9985427305436104,2.9880391690704196
-2165.1992015273404,0.9334754848495501,2.8728246106169726
-2165.1995189663357,0.9344461030593963,2.7904596449323797
-2165.2129511835287,0.9293625931872477,2.8732675395092304
-2165.201048275203,0.9442288290384874,2.8432464479854396
-2165.2191278781415,0.9252178948639607,2.7398658997060394
-2165.258176047748,0.9514767769952336,2.7078810599394654
-2165.3116728959676,0.9968938946736768,2.7391694785762866
-2165.466036758934,0.9965143535185951,2.295736756588143
-2165.6960063160654,0.994048056340349,2.3384529219587087
-2166.2672359892854,0.9970451428332432,-3.1350185181637724
-2167.387236030825,0.9934832680384584,2.672529745622551
-2169.512138117031,0.8610722927663008,-2.8285920617966873
-2172.7634352787577,0.1462920882022252,2.7387742183994606
-2179.2265111041083,0.028442735962277418,-2.280775395414538
-2193.0771333175508,0.8401278508171888,2.643725661336637
-2219.3367851110347,0.15919664175194775,-1.9610947920479516
-2270.57366538417,0.2936261458313437,2.165760974591814
-2292.4620651039286,0.5390116787467737,-2.469711619772854
-2292.4629922615,0.5372649964202852,-2.5238938809196285
-2292.473099233496,0.5414602876699112,-2.508966600016255
-2292.477039818361,0.5486752300923491,-2.4542574279649947
-2292.4792670719085,0.5334337510009517,-2.4512220238886857
-2292.477488857372,0.5055032635118697,-2.2684655898083577
-2292.48545181158,0.4520338297975142,-2.2285440832943912
-2292.5068370937115,0.3263561545304694,-2.0489028760019496
-2292.6875867479957,0.15939289709748197,-2.427583676953415
-2292.9120706661406,0.018887471968352634,-1.848500830975195
-2293.773609446974,0.3190005046590072,2.194466293712747
-2295.521425227166,0.9850181498288212,-3.0495800869708027
-2298.0435019409874,0.999282609417501,1.3154136300980035
-2302.6540621008517,0.16348635350869248,-3.027829290248895
-2310.919676615793,0.0006380491555964293,-1.6464188172155771
-2335.6709026179083,0.0018547602013316393,-2.3036668394187276
-2374.572093142724,0.0013890085678916128,-2.44334224164711
-2396.655227031621,0.9945903437173567,2.690948025450961
-2396.6585458696873,0.9993933146064716,2.691939775238108
-2396.6716132874694,0.9918290715507597,2.7336385287609186
-2396.683167450982,0.9953562192954072,2.718844459232786
-2396.7043577102136,0.9938190532403997,2.895907175183372
-2396.740815895601,0.997556211348945,2.673254071614852
-2396.785421738684,0.9882728728365574,2.3818165301439373
-2396.8489299790654,0.9973425499963702,2.323224411979754
-2397.164721045978,0.9878481469900745,2.922701137285804
-2397.889046538194,0.9937106006658525,2.5366105349101016
-2398.9728129075506,0.8433019575211226,-2.5457649233453385
-2400.4469166909116,0.012886415371507837,3.126766499046367
-2404.3492289636356,0.7705334371750645,3.1107917433701093
-2411.041559239869,0.005139443010467367,-2.333955405682427
-2421.1830824060594,0.4790994213908012,-3.1137275161633493
-2447.263470381185,0.09003949839034318,3.1345150384905374
-2496.4490922915184,0.09026489446454579,2.5173661887982535
-2515.633206310184,0.9389330337020538,2.0977415149559375
-2515.6261627450476,0.9377091539826917,2.120988333821855
-2515.616683865254,0.937179728235523,1.9886818352653508
-2515.6232976461656,0.9565142383195222,2.070808840063198
-2515.624481636946,0.9732122509394516,2.0350064709412754
-2515.6534702364256,0.994153603906149,2.1969272571442024
-2515.7031016010274,0.9946940788017432,2.504359524057433
-2515.790661598032,0.9852752043921305,2.3843385441499843
-2516.139695196518,0.9709590135037653,-3.0564712242057803
-2516.6371718748765,0.6736244699972816,-2.1786685193782627
-2517.151143610323,0.06042580943358593,2.4328020988775805
-2517.4377031936306,0.9992100874396608,2.6255737125645098
-2520.9695022633123,0.9954948119554751,-2.9474798126224777
-2526.0473827585433,0.9878076684987008,-3.00438356489717
-2537.6656296215892,0.1663171159477267,2.538608249306918
-2563.028514423108,0.9983862318219783,2.7829486951608926
-2608.3235684264223,0.867784822712847,-2.5902182548658437
-2634.935370793103,0.007340480974363069,-2.175453625818618
-2634.9356992269713,0.005591913858249273,-2.1882041338776252
-2634.9415250947927,0.005682719447473153,-2.130274880418861
-2634.9329041225906,0.0016130609547925596,-2.0640117246273055
-2634.9283512256347,6.526620342361792e-05,-2.298029910061765
-2634.9621301950174,0.0015797335819570212,-2.6841154159362857
-2635.0279335662203,0.006496246299614724,-2.7065452336487685
-2635.1654535709376,0.011493960879447734,-2.6244746036232693
-2635.409871496589,0.001457295443853891,-1.9523106861506123
-2635.944097990418,0.12076628647388916,3.0356654730396917
-2636.9046888901776,0.0042906845777264686,-2.311793490454228
-2638.915773793501,0.5626959691156795,-3.0052822315350247
-2642.0052696903226,0.8294839716237545,2.5227091731739186
-2646.5579312632676,0.5068917875987312,2.642205357725957
-2654.282696716883,0.006540171239431756,-2.6656535143891746
-2671.6894505334644,0.9988512758418713,2.7518162214754343
-2714.1961862799853,0.9992388070598038,1.1170849538120855
-2736.079704989252,0.0015980998306428544,-2.1054554988478786
-2736.0787961888145,0.001409230192382236,-2.171886411994095
-2736.076231761692,0.00488561985757459,-2.1023254223891246
-2736.073904707043,0.0007869932132092072,-2.1279531723160545
-2736.0961013980927,0.0009074755214510616,-2.32902305706854
-2736.1565990783815,0.0013767116848773854,-2.43558046086782
-2736.268233965842,0.011203532588934206,-2.6313914886887297
-2736.317860875842,0.006957828670279075,-2.5272365342117946
-2736.568038226113,0.0012669918201247588,-2.398835326966096
-2737.099791655595,0.05468463762684807,3.12331043859505
-2737.5149420209323,0.9986112119787859,2.3355949354028276
-2738.999607826069,0.5655649027319376,-2.0632194919217888
-2741.885971112147,0.8279158585525598,2.402436473961151
-2748.0333317870363,0.9969322416869278,2.1954871994775793
-2752.0031463432033,0.004681411498986564,-2.6171319408200264
-2779.027422331344,0.7481123636559243,2.9280192808255947
-2829.6650617566634,0.9525614443746849,3.014942694694673
-2848.9590213370175,0.9609822476840006,2.3978102365538927
-2848.9590532691273,0.9588666476661164,2.3700005719784265
-2848.9616557136487,0.9656765259143466,2.365605020937144
-2848.968228702055,0.9765998479757223,2.428312441448293
-2848.980728924963,0.984499606500169,2.463989573573219
-2849.004164503459,0.9948315774543597,2.7155573791679384
-2849.0759267742847,0.9962284211146748,3.028540221969796
-2849.2297950294915,0.9678284447890667,2.8964904775365152
-2849.479166152992,0.9894250035218675,-3.096006810954825
-2849.9937383243264,0.9590347895701787,2.8660720785482035
-2850.875752181648,0.9937284640974083,2.571844143111707
-2852.5179494460267,0.0470712991483899,-2.157152693479522
-2855.3176723274755,0.9777896621504601,2.9067744602239145
-2861.811476457798,0.9986765486342996,2.758742736167857
-2874.967724294601,0.9735646502702084,-3.0715066815432834
-2896.9984966871216,0.0766602850918566,2.5035653002327454
-2943.856498877106,0.1964811608046858,-3.038273571084342
-2964.296497685106,0.869176505899571,2.794874834665878
-2964.293177798904,0.8698735514213503,2.8399984348967493
-2964.292365029509,0.8701875131088631,2.8134170420219933
-2964.295442090427,0.8660391152862515,2.8822329733747774
-2964.2908110347275,0.8828141539962907,2.920058389613655
-2964.312883921585,0.8815405967580503,2.979802910082819
-2964.354220144491,0.8394897892552851,3.054316388800789
-2964.4726153934903,0.8124788915635857,-2.999442920189766
-2964.7446700192,0.7218937864975498,-2.933722189466012
-2965.1485301122425,0.4216755656272347,-2.8158331048716474
-2965.783418314404,0.778811051220247,-1.9476495447583544
-2966.913052643065,0.44120997559501585,2.7253449784452064
-2969.7979985007605,0.30573295731568434,2.720337272476515
-2975.8156515943756,0.9898004601362036,1.407181496841547
-2988.665333159212,0.9868085187609644,3.1403244846575156
-3014.7988239266842,0.5925440761544861,2.631033897837364
-3059.9333313550874,0.9922749216897362,2.569377008367539
-3081.7522247068646,0.003554135828772427,-2.1767919847468904
-3081.749877761729,0.0016362113569922464,-2.1998012082994496
-3081.761695099777,0.0017852557276407121,-2.3185050902966675
-3081.7656418921515,0.00818468421527595,-2.249360144288008
-3081.7842596633286,0.0019236691679860455,-2.4523641791808846
-3081.7917741661586,0.010449903757312034,-2.2842848717932602
-3081.7987667424277,0.0007889935874790263,-2.1792911307559515
-3081.919952340861,0.0032255627346396798,-1.7552740449864288
-3082.001911224085,0.0007881527272699503,-2.4532184558613315
-3082.6568064655316,0.023949666914241458,-2.6670595010075577
-3082.971080298072,0.8278235710212196,1.7902525191096714
-3084.068289622744,0.999642433371922,2.3359781996280784
-3087.536377749507,0.9962066217065498,2.6874800603279194
-3095.346786055976,0.577114451159049,2.680187152092289
-3107.2098021612205,0.9037719827041153,-2.4723706729405652
-3128.858312648878,0.9978131955058481,2.6350667282862794
-3176.567116008596,0.00914733398948742,-3.1260097065325625
-3199.0313351986642,0.7191835728724929,3.1306855155579427
-3199.031406767231,0.7135072359148414,-3.0854044739529876
-3199.0412599938595,0.7155183585729078,-3.107117713915232
-3199.0379962064076,0.7115609949622437,3.095100386198771
-3199.054717532103,0.6894243346854785,2.9745693374372806
-3199.1043299516023,0.7049957460013332,2.9437892121471494
-3199.158699654083,0.6753926245050588,-3.0730788126461372
-3199.3151363310953,0.6972772087767565,3.1081344305349656
-3199.483893906821,0.8234572617314816,2.242085963180126
-3199.69076321184,0.9973665231609928,2.4584467746254353
-3200.712225201027,0.7948513055827007,-2.8260890368031637
-3202.1439079224256,0.010353850705583588,-2.682271325847515
-3205.404123331077,0.23921209078278835,2.997210090174887
-3211.002303511879,0.0012342461165260885,-1.775519259682005
-3217.8154581475765,0.9131215501212836,3.1345328675015063
-3241.1337690321748,0.005199006232006728,-2.2624589380932205
-3292.7483335461975,0.021075766875543415,-2.6887324555559533
-3317.930725604776,0.009505380030012976,-2.7867332694087645
-3317.932763858976,0.010137319176255294,-2.801520773021142
-3317.9297230032103,0.00745675903367889,-2.873678481518691
-3317.9538639905677,0.01696505438520449,-2.7004235563952537
-3317.979882875815,0.025050344300602587,-2.746358707074057
-3318.0083273740556,0.0050937874824304105,-2.6336359434217265
-3318.0695896556617,0.001125388056566124,-2.5609167769990266
-3318.2515868245823,0.005157509443834402,-2.4481035845205645
-3318.577596198125,0.045925381117415,-2.5877609573800306
-3319.0875881413845,0.011200194081955467,-2.9434332153797094
-3319.459095351973,0.608989334644262,1.6571462287027572
-3320.897402005589,0.3263277439513685,-1.2916733426767137
-3323.8087782799307,0.44834542193712673,2.8282838353044646
-3331.066705933985,0.9938561450697713,2.579269566124805
-3346.066265495239,0.9680285396290261,2.7834091537211982
-3371.530509448181,0.9620394783209458,2.828109393981877
-3421.0014841069374,0.0016502681557081314,-2.13174001773429
-3444.8873702783503,0.5736584886539955,-2.779811045239165
-3444.8870495840256,0.5737628843382614,-2.7963941398609022
-3444.8877278684918,0.5647939356286791,-2.754990837202047
-3444.8830676608545,0.5652512190427201,-2.7493464617693677
-3444.889244084729,0.5651010071571011,-2.7388190768942966
-3444.9120488102667,0.5437413792325406,-2.7341282084024017
-3444.943077637802,0.4814055540534696,-2.515469077844138
-3444.971532854316,0.4202080879458431,-2.6997900788298423
-3445.165146914902,0.27456061466714204,-2.2944241096078124
-3445.3121986915144,0.006196874365115098,-1.8195172543407239
-3446.0839012222173,0.2631576434867099,1.6013451326960526
-3447.1415643280993,0.9125533236444853,-2.868311103368595
-3449.6163875028587,0.0038090870834764576,-2.4392723301574866
-3455.6689170109703,0.10726917411349843,-3.00662831523908
-3467.4064683266356,0.9853853983894889,2.760870908510052
-3487.407678298028,0.991890864510935,-3.1103232313373166
-3539.324449829125,0.9957000640086144,1.7299652412588857
-3563.4427856601474,0.997968469615248,2.089854044044534
-3563.441415122179,0.9967403218841712,2.069870362020823
-3563.4416184449087,0.9986006757049325,2.0448607992437005
-3563.453083587076,0.9986006757049325,2.0236017319471884
-3563.4652780410847,0.9976763197902279,2.1521351909282522
-3563.497314231389,0.9900102861128811,2.226561503679073
-3563.582377818502,0.9985134649229336,2.480542194584652
-3563.6707176262335,0.9961008988343719,2.617672140645471
-3563.9272914010307,0.9866129381104709,2.7041532119551057
-3564.348346240701,0.9878127873667554,3.022780448319864
-3565.662582765737,0.9991249443536699,2.9879691145992275
-3567.5474289190515,0.7468409876780598,-2.405262186442398
-3570.5844357104656,0.9587687538055708,2.854709071826359
-3576.4064822428595,0.0005583813062658984,-2.248531910441448
-3589.7004708567797,0.004700895193049042,-2.6224886353631587
-3608.706258283433,0.002778428035993849,-1.9757422997268812
-3664.44080218747,0.07500679696592708,-3.101417296464456
-3685.827017271213,0.9695886018130645,2.747157555189558
-3685.820962675345,0.9691894820162871,2.6234944272282554
-3685.8235736126476,0.9670267293426049,2.6423836287181377
-3685.840085835031,0.9694703023225862,2.860069665390986
-3685.8584021126885,0.9746455553003324,2.779375906338405
-3685.9155424882993,0.9888859199769752,2.825749915576802
-3685.9847123723407,0.9928224089952522,2.719706510288458
-3686.1288695829317,0.9992096853819022,2.9236808831159244
-3686.35443057576,0.9809222036339976,2.7191975407060305
-3686.8849218715172,0.9974981304624476,-3.1282900098756334
-3687.8482676923218,0.8982816062347757,3.101566695181498
-3689.761880344015,0.7312092399595879,-2.089485995633851
-3693.023936911187,0.9192954644584892,-3.0441153580793574
-3698.6255755077977,0.6543774586447,-2.419744578960076
-3711.255549168784,0.0050570931007951885,-2.7576084450945992
-3736.3364466047155,0.9824295402815593,-2.780364431981912
-3783.403075087991,0.8229244472776127,1.8285478892217597
-3801.3144063052036,0.15015494869788262,2.2543152173714525
-3801.320373147666,0.1518379970388822,2.161633977423987
-3801.3242962588674,0.16300476983836837,2.152711487721411
-3801.324329225117,0.1671205580501682,2.1119300013824702
-3801.3419513511258,0.1955509698432697,2.2314033133993476
-3801.3499469667067,0.24703366507785227,2.076374654983816
-3801.344173419367,0.3812512158096173,1.894559179310022
-3801.3778476297784,0.41920086415780994,2.295046455040181
-3801.461815103881,0.677986929771143,2.085426135339011
-3801.7262388524455,0.9968922628057645,2.4023907486341454
-3802.5273137432155,0.9962981798107713,2.216628880218517
-3803.6844633107708,0.012562433047133267,-2.58478469734038
-3807.1586164282535,0.192129671205599,-2.9753302164362476
-3810.3961556087816,0.16740635604386545,2.927546302598821
-3822.092880372507,0.0004435099287988262,-2.3511929758542984
-3848.1006869795187,0.0028778027993485644,-1.9407602052106403
-3893.488727019423,0.00019037631725710982,-1.2951235741932756
-3917.539974200092,0.9871357247795012,2.5741931188757157
-3917.5451650258856,0.9871888237976835,2.584686763361537
-3917.5518805055767,0.9938764857321541,2.5464075187662925
-3917.5463004802195,0.9975802222234306,2.549532784030079
-3917.5626084923124,0.9865269321299684,2.5099899790937066
-3917.577268612366,0.992666731875924,2.2475448308131876
-3917.6260304666625,0.9856182319775056,2.343792042505675
-3917.736530014099,0.9827761557706318,2.3211021097801616
-3917.9819185246815,0.9950861815125213,2.2262646750491033
-3918.4220757448966,0.991984149081841,2.5784239925884522
-3919.3364052616967,0.9853640120248186,2.6172421227424216
-3921.3766171252987,0.9013492425518081,-2.644215852399164
-3924.297675904014,0.008189474015211697,-2.994843165006629
-3929.945049446566,0.9959163835402357,2.229492690264035
-3938.8602281428225,0.8476559256337309,-0.345978580403981
-3959.083967816009,0.36978544164862914,1.9074194543027323
-4003.799357259877,0.9994147532365667,2.395643367757603
-4022.962370388406,0.9785850522244163,-2.7235946005271
-4022.964486417532,0.9821084448122247,-2.7117924197026384
-4022.9647353937467,0.974955869234863,-2.574846637408881
-4022.9725153455465,0.967629460271608,-2.6426508025912443
-4022.982182156434,0.9784453647724193,-2.800328767104792
-4023.0355369072636,0.9677261117562715,-3.005615045473634
-4023.087614968256,0.9563604336019027,-3.1193908496136946
-4023.224712674168,0.8414274079026846,3.0642452380641405
-4023.488251859072,0.9887950076664404,2.5463546271202677
-4024.006760042432,0.9938518768991021,2.7759848546768
-4024.959777942175,0.9885883302385257,2.7896571057621475
-4027.276858291688,0.9921978617051594,2.384951334592931
-4030.906005499193,0.039604902698875705,3.112515175405049
-4036.7079777551885,0.38824917329433917,2.711898330511561
-4050.2572849655917,0.07826655661489546,-2.6742401548733143
-4075.5468867497234,0.36947718757341347,2.3871844981288692
-4125.840447489184,0.34271770810944113,2.3165867472454407
-4146.258187469629,0.018209584638432287,2.9806264192156426
-4146.258954174359,0.022059557904061628,3.018355437273696
-4146.261678020694,0.025418304154532792,2.9608230964993822
-4146.268675783266,0.016787324717688575,3.0156826694288945
-4146.271620949455,0.013321229508511074,2.887800353718257
-4146.310164713504,0.0309306559075597,2.828935257843362
-4146.38082773636,0.02386670559080914,3.004433126668185
-4146.540365240395,0.11348426860908441,1.7750500081994183
-4146.560200224006,0.4541041398758413,2.050227946530544
-4146.835394224034,0.9934632972694624,2.6222751448249895
-4147.808632783776,0.7195681272115418,-2.432752746351859
-4148.926700646035,0.9808618948791212,1.5367022787966853
-4151.053671250387,0.9941227895700033,2.3346892645362356
-4157.537546549451,0.5250382028441365,-2.7868823218666527
-4165.615457150894,7.916629358289441e-05,-2.302886155441479
-4191.039470307953,0.9998017942029276,2.7894230574755543
-4241.896854620018,0.9865019795237431,3.1338546549513655
-4263.216742993001,0.9991063810526912,2.207330222059862
-4263.215680689392,0.9991063810526912,2.187471364311522
-4263.224681437033,0.9930107196606254,2.151838376195898
-4263.225822256146,0.9915004630929355,2.197578148284009
-4263.23288942256,0.9998585979313603,2.336209997177731
-4263.27519480027,0.9986963977783614,2.0111348439525383
-4263.304895895469,0.9955299578310125,2.0183483951294994
-4263.353661791453,0.9983973831238842,2.387059684759505
-4263.63378797093,0.991616296409801,2.523099765150296
-4264.144556868346,0.9938152575315804,3.0675138115875065
-4264.285782492275,0.0006090205069743644,-1.7036842347522991
-4265.47162796502,0.07168628447558609,2.9821852933332798
-4269.013569132273,0.9940011825837748,2.4318634205942002
-4275.311665961792,0.9954879660928215,3.0200915331209846
-4289.621990754355,0.0009532130871672401,-2.3656160243881605
-4316.854080740266,0.8400903970941637,2.7432610045519805
-4361.7828781039125,0.6274636505514497,2.411382273759134
-4381.853105405259,0.03167154248774683,-2.9436181459385873
-4381.855078529033,0.03686640067422187,-2.904065109302719
-4381.871740741805,0.0369431274763594,-2.8407653341712806
-4381.877939085766,0.027130826608590876,-2.8463392105470167
-4381.9121854638015,0.027939183711096084,-3.049667683605181
-4381.972287766707,0.009170591860778309,-2.8733350597152367
-4382.059070902413,0.024043650484253967,3.0095699956599313
-4382.223799820398,0.008333567593700165,-2.897070627042771
-4382.514701024668,0.0006790186093674156,-2.489322846304798
-4383.112726940228,0.0182826382287123,-2.93293270656651
-4383.87198663935,0.7303667833008711,2.1960945370613407
-4386.029789293175,0.9767483424895305,2.5499401483624737
-4389.662928952935,0.5506626117923732,-1.7696819133631063
-4395.6518021256325,0.9990467633969299,2.1399347559312245
-4408.987714746913,0.2530477662040355,2.435560039054126
-4436.468702753862,0.9891391740229548,2.42344522469719
-4486.155267191059,0.008526135707271187,-2.208278562676658
-4509.372998304144,0.8745589303015031,2.861376340445645
-4509.379893205252,0.88105734825395,2.844561627576062
-4509.385827015389,0.8799693037012587,2.948086612043644
-4509.399750585422,0.8802662642723404,3.0417696470796214
-4509.404611945844,0.8729524117743444,-3.0782877527029937
-4509.450692345612,0.859388851542971,-2.829011363876766
-4509.494386407138,0.8251661685220326,-2.619599404076946
-4509.5992434003165,0.7306960407504209,-2.182099056523382
-4509.627957552795,0.4858701964533262,-1.7164828800151817
-4509.192825515212,0.18678009458207856,-0.3464414751583309
-4508.98722505823,0.023618029030701985,3.034172134191606
-4510.605580689414,0.9849670755482275,2.3711043366580284
-4513.834258384905,0.41366621031555983,2.842492867098745
-4520.403883193131,0.8042860002771133,2.6103958110463097
-4524.897405397658,0.9766763366604172,2.7789936134422923
-4547.845703448684,0.369760558475338,-0.026342461172055742
-4581.373112056243,0.9990204098812253,3.0165419020026585
-4600.895885900625,0.8266989405000793,2.4049766412691174
-4600.894507186088,0.8306006461855262,2.4089217051938663
-4600.893067676113,0.8404459594619023,2.392861254772983
-4600.905538529572,0.8499503296707692,2.4798933890972066
-4600.8857288861645,0.8841697600652689,2.4550247095468105
-4600.9035871313545,0.8899215341601813,2.3792453248093466
-4600.969911213983,0.8985046096372067,2.217891530689881
-4601.02135104834,0.9902100011046572,1.8397995818237582
-4601.070400271801,0.9996500861542839,2.904031017043133
-4601.505487535959,0.6767952806092872,-2.132609201378491
-4602.169920577613,0.0132616950083508,-2.595691646144649
-4602.984221265464,0.9654732348277789,0.4146604431512184
-4606.265913944492,0.9558608888204008,2.856201549918814
-4612.697633939166,0.008886943917079636,-2.5636103171388216
-4625.580183671869,0.006109872936067901,-2.773521288702944
-4651.543405333561,0.19267074783775623,2.6373941713457105
-4697.986928671329,0.016265388243192666,-2.4576175657605623
-4721.280950297929,0.8891004107225249,2.808376784745038
-4721.288132242526,0.885810481258305,2.8631990614223195
-4721.28485935457,0.8820283415223932,2.740654192795975
-4721.292476522272,0.890524064361516,2.8371873284895974
-4721.315715669094,0.8926580571673789,2.932837589535997
-4721.337520740013,0.8917781294540382,2.7823616837975385
-4721.392044896036,0.8885140616134604,2.8784768724873544
-4721.609186611753,0.8984838894885038,2.962187253516399
-4721.912047501691,0.8384772867614747,-2.5116347604301996
-4722.198534115926,0.40778209161554274,-3.050916137705862
-4722.751825361204,0.9959710119653987,1.8404212939410556
-4724.951809647921,0.954834041310003,2.5333292949976496
-4727.88301410244,0.3874494390687508,3.0688302401304064
-4734.716651173431,0.9565163842176457,-2.975027020354209
-4748.503373883918,0.08048913701977388,-2.2474507680931155
-4776.253646751734,0.016037473139576947,-2.6694037433936932
-4821.816624155546,0.02421058299537568,-3.1222010036069867
-4841.321074045541,0.7209475099626877,2.9271943331788712
-4841.323557978897,0.7209801752547808,2.9076268329205543
-4841.334132296566,0.7266560355385476,2.8913549701740573
-4841.356564144294,0.7370637212930019,2.797674269544239
-4841.366479869257,0.7447840856284353,2.943344685690212
-4841.3758732780125,0.7430775688470532,2.657644828005232
-4841.428953987916,0.7654929033719083,2.211483112297664
-4841.429758762664,0.9020247341049031,2.215112715104395
-4841.619740842026,0.9939364737736084,2.017351278333475
-4842.125890614141,0.9809117908543838,2.9835963694631005
-4843.0411493154625,0.9905369331356431,2.5645978722121274
-4844.438462628077,0.06103047455199753,2.7974241634766486
-4848.007914192367,0.8365163978249369,-3.014124452605799
-4855.225194439178,0.017404148644374406,-2.352586559899226
-4867.968837065582,0.8512806785370107,1.426457862262346
-4893.09797976106,0.9897012696424509,2.485459249438719
-4942.505821229104,0.005813714219736265,-2.6553133937195548
-4961.206909695367,0.009980945383480998,2.804951230289305
-4961.207010987635,0.006596853812354717,2.834209868807843
-4961.21026670363,0.007683187467101805,2.756594496662105
-4961.234031571364,0.022295551163246555,2.753279071779289
-4961.239663328506,0.019443825280361437,2.8177121183119676
-4961.283845255442,0.03705812082242211,2.717352356916212
-4961.324351703826,0.04522348144142947,2.630524153486154
-4961.5104369329365,0.09375668239412317,2.9768569066359305
-4961.82236297072,0.17471388264373686,-3.1289523853739567
-4962.287440484307,0.29902562163324076,2.803292523204947
-4962.96446009747,0.7805929824205531,-2.9799201428499282
-4963.500903168262,0.012471505655944248,-2.8155903593513
-4966.4050818793985,0.654443627475712,-2.727404067021583
-4971.465848704444,0.017743718768997843,-2.632466605642321
-4985.294120081833,0.2978035070513274,2.9475493782063973
-5009.599884554777,0.00466053787828335,-2.0228760140068007
-5046.95074087434,0.992499755445798,2.3690715965771307
-5071.34044994779,0.015851417322336595,-2.6341805686635182
-5071.342210385551,0.01731717155750816,-2.6631863146556536
-5071.33646953563,0.012940025340589613,-2.641048312209259
-5071.349009138222,0.008279389931569476,-2.4973246805253573
-5071.362348986817,0.026138666250229172,-2.6242755666564612
-5071.403226014096,0.011407448159196884,-2.8141438187892387
-5071.501782351641,0.012491079400396923,-2.985586047522987
-5071.6535269494925,0.0036980714721418107,-2.574641450390568
-5071.988514091314,0.017328257322485222,-2.9562556991603617
-5072.326448959752,0.30925463305388273,1.654132397710578
-5071.16332190579,0.7907109486153588,0.2080859537893227
-5068.0613256389715,0.9965687808256495,0.9389101448728274
-5069.958364018551,0.7278723224696473,-3.0274129089467845
-5077.285405192161,0.9704101302832933,-2.9999993142557577
-5090.917107577113,0.0014440592357688178,-3.0763933106781503
-5116.781417157391,0.009805455886582095,-2.439630297313268
-5165.051542981209,0.9566468003571887,-2.6976096616098855
-5178.121587321159,0.05503457840227187,-2.8527462146568876
-5178.120858693005,0.050327863984349526,-2.8157806298179047
-5178.119493881254,0.05029045954227232,-2.701391997951059
-5178.1223556628365,0.04000744906566661,-2.6875361824921984
-5178.127801335826,0.036352445632224575,-2.619246748961392
-5178.14899825903,0.02574237490177622,-2.8736730075403094
-5178.2359622900485,0.015767674780817267,-2.7359962461226686
-5178.388679076231,0.008514514549886616,-3.10707133991688
-5178.737744844408,0.07040764984280694,2.9490327685533746
-5179.160707291913,0.2821016416633216,2.5559246529447037
-5180.158056427301,0.1879313772781769,2.6631203015979903
-5181.507982575073,0.9872963844728163,2.9476320703299645
-5183.825976563528,0.037550066561195555,3.139495570234022
-5190.991263568105,0.5551202197697538,-1.5404066804474872
-5204.655149722048,0.9986315861722739,2.5578243097351105
-5230.197167878551,0.002549498907941647,-2.7700126978017723
-5281.213401502756,0.003667352106826425,-2.428612304762089
-5303.857690614075,0.4931801983134923,2.6206259488192787
-5303.859575766723,0.4972833245661772,2.6116909343043204
-5303.8627674156405,0.49879245986003024,2.6838411431887224
-5303.878086081108,0.49988480900434534,2.5409321344621727
-5303.895784416283,0.5274246238257895,2.578268860582684
-5303.912528472201,0.5648077605586918,2.5235819510679125
-5303.953725324523,0.5778940353956947,2.2855230559652604
-5303.922844799868,0.6833600964972085,1.9044174970940126
-5304.007065435919,0.8949813170796443,2.19879332883282
-5304.391482118803,0.9975419615634562,2.3130677322616098
-5305.286008123542,0.44078816438103,-2.588024291363141
-5306.601054379528,0.8120019138163358,2.7954084749494204
-5309.231447345953,0.8505823476750778,2.3192254617886796
-5315.550637370318,0.03003358645971985,2.615201540206453
-5326.422378913031,0.011394637013788806,-2.6971402326153675
-5351.679583347361,0.999680373882175,2.034671419996231
-5404.199702431992,0.1044418767774889,3.1124506835658643
-5426.321638218843,0.019119634368639945,2.9944808551355075
-5426.322064327188,0.010927635124633397,2.9791914665218595
-5426.321286729648,0.01113145508726989,2.848173181539998
-5426.322948178072,0.018829986408918878,2.723107134476434
-5426.331450240014,0.02844713707408449,2.63230501663325
-5426.35282947874,0.04875717156586483,2.674478897811813
-5426.382355445979,0.05701799723637272,2.572218557228636
-5426.444396382573,0.1749141360177249,2.4216767995960833
-5426.571161835384,0.3540345910404385,2.169333396073376
-5426.757859164872,0.776715619757256,2.852657498098652
-5427.279391941128,0.9951914536146901,2.338202395432745
-5428.215312223857,0.11359488518537172,-0.7381287845505189
-5431.287025906702,0.0032199113154663603,-2.231217183555384
-5434.720378759862,0.05854133974477293,2.6964375818478317
-5449.185314181667,0.18912716854963044,-2.9984390996603807
-5473.108540708451,0.07592853117243757,-2.7890866579990248
-5527.090872441119,0.9722600471125484,2.833702799346403
-5549.1544027148475,0.997188674277972,2.413482552203444
-5549.1540376798985,0.997188674277972,2.3900924891407254
-5549.151752955782,0.9949977633469734,2.3752107060212193
-5549.15584543979,0.9970857740260693,2.4148158323073226
-5549.2025843047495,0.9974600971901268,2.399471730175975
-5549.217903205864,0.9973842247796846,2.231093108125881
-5549.303895312193,0.9913164198263112,2.311930623106001
-5549.383039890021,0.9975974240105242,2.354656353993862
-5549.6204511413125,0.999029888739205,2.424857617134988
-5550.2277177635315,0.9122181983904356,3.0081340164759283
-5551.242613308046,0.6982662719651288,-2.399558765086807
-5551.933996069309,0.003682441799929845,-1.5573925117060756
-5555.521675911841,0.951635290220366,-2.8632120866008464
-5559.913813573035,0.003550229293990944,-2.1350069494297546
-5573.36241299107,0.0021066792162692267,-3.0446817687844305
-5596.220628078373,0.2419562697402634,-2.2788737624279536
-5642.7784786629,0.9988818235946468,1.1378985136741973
-5664.50190112048,0.002660895454523307,-2.5261746266657097
-5664.506521001349,0.0030190320963144877,-2.422707895037401
-5664.5126260373945,0.008429012425357842,-2.405013128375493
-5664.522562113642,0.009731486087205074,-2.375576806014716
-5664.540686395061,0.017173623369715882,-2.474521454659631
-5664.571671331723,0.024516776926569138,-2.6098606782210636
-5664.649894797318,0.01989774894186512,-2.4075800595029118
-5664.877488441525,0.004036780875546948,-2.900766295436555
-5665.1730854594725,0.06568198423611817,3.1184046311545677
-5665.632667879726,0.2435499535425282,2.611655510935707
-5666.3489745195475,0.9149086079023051,2.8581331429749977
-5668.251748725446,0.47850209997822873,3.0729094758442965
-5671.437655831213,0.11045155917165463,2.705101834964381
-5677.652257596558,0.9702296643686019,3.120921615965372
-5692.954095142355,0.627877554668068,1.9437305258025814
-5721.073257707852,0.8008167601214629,-2.6593618711367446
-5771.727357620245,0.008224583651178528,-2.4447839537925344
-5792.03025703073,0.9896434183950708,2.7234215823945185
-5792.038249287149,0.9916257408658481,2.651911177854327
-5792.050352688854,0.9923398954133539,2.7064678792094705
-5792.06312730184,0.9876048720587097,2.73000760693229
-5792.077510348141,0.9988374623570546,2.7844355414929405
-5792.102348616045,0.9787116799821517,2.657363056553349
-5792.160748602065,0.995798555787546,2.2684748132888863
-5792.198349328545,0.998443618893641,1.9044244494858047
-5792.302812189202,0.996108126380623,1.8977660180466325
-5792.447801858277,0.9973694782382374,1.8647425125523256
-5793.466382669526,0.873252769988472,-2.6056348003978043
-5795.2557366084975,0.6492898669136152,-2.5706531835461934
-5797.366225693581,0.9910182233901169,0.5431260251418193
-5802.922008112853,0.8058002182669471,-2.6090425692753665
-5816.065784028401,0.009576529565865802,-2.55488414693289
-5842.952852279521,0.0006184166716690573,-2.2031125118367765
-5892.327129055414,0.9890575730710215,2.097678671326073
-5914.411632252756,0.7924248909665546,-2.3770456470101937
-5914.40346313337,0.7905122164948931,-2.32593499834642
-5914.408955307058,0.7793129792069706,-2.39705322684867
-5914.415919873464,0.7721041169067471,-2.471469217186817
-5914.393287563172,0.7715014146171987,-2.338116824448977
-5914.436833638141,0.7628589021917306,-2.3260802807541134
-5914.4784881651185,0.7017280960200419,-2.3117532456604906
-5914.537751188055,0.6289353725191291,-2.1547471061034247
-5914.449666080136,0.3467602600655939,-1.4070873436144493
-5913.949059557339,0.0034550850227640963,-0.7718293555267475
-5914.48960363913,0.00035938652970876866,-2.246327471528822
-5916.522793913508,0.2704817903450864,2.843556046667887
-5919.684341935453,0.02946942215745857,-3.0376133925937854
-5926.421931123198,0.3468286083617719,2.789851130222395
-5939.601311964871,0.9955304616753501,2.3717646181647485
-5964.959678935326,0.9974804494418164,2.6262109983984674
-6016.046823479611,0.22600167783593308,2.0812894934191526
-6035.850195805396,0.1273647063801568,-2.301728038780587
-6035.851518791873,0.1237028112610228,-2.265547127162204
-6035.853419644269,0.1126475227907911,-2.1897835883446497
-6035.865662701991,0.11150453981644963,-2.3416194457169324
-6035.879396681018,0.10734057793522189,-2.3459547070867637
-6035.9062764036335,0.061875020166330785,-2.3883477213767272
-6035.940755757,0.030052705345906164,-2.8516139893919226
-6036.132906432301,0.006234023285080223,-2.9221941794955
-6036.391176136014,0.003086427108047394,-2.614006736892533
-6036.8427792293405,0.0013493251903911175,-2.2743771857267236
-6037.698688124447,0.007306185466662786,-3.0383247270113776
-6039.758323005828,0.7596949552308727,2.812315630253077
-6043.028547855944,0.08109183732981685,-2.204145800645415
-6048.910122207636,0.47076615915354086,-1.881907906712951
-6060.72263581237,0.001645917659269788,-2.383036633477781
-6084.601162903037,0.01627090771767423,-2.7268001289942854
-6134.200898998363,0.004155589796454364,-2.709709049286269
-6154.2278612341825,0.0027089045536288895,-2.4460573002192048
-6154.231531061669,0.0027089045536288895,-2.54431274132209
-6154.251980716992,0.0033453216793270166,-2.542841657581768
-6154.274421112777,0.016606520253583133,-2.526433181669297
-6154.293776553411,0.023466336102920204,-2.5298449781521843
-6154.330719934639,0.002328100231502295,-2.588435746776248
-6154.40350349591,0.003754787858415702,-2.4074345183604353
-6154.580657687518,0.007901212656608805,-2.0820228563564918
-6154.764084546671,0.017672412976593267,-2.5606848805062707
-6155.327007251106,0.0006477301772215413,-2.3212757625160947
-6156.407057147177,0.0011708971385462235,-2.8397627251764304
-6158.360288026712,0.01741832256484848,-2.837483894084965
-6162.19789323768,0.9274259848750486,-2.77914544009621
-6167.001568851111,0.007757669233486757,-2.2664324295395217
-6181.327677769875,0.556265411837463,-3.035239339084537
-6202.7185752365785,0.9951646611734164,2.5762871611301605
-6247.028117754586,0.002274497183419608,-1.5364532924872933
-6264.816512962095,0.9925712755018413,2.5209775644885664
-6264.8207634102355,0.9894709629678851,2.4905657475692102
-6264.827185553482,0.9932342847250163,2.5199892346980395
-6264.84366183407,0.9967554440623594,2.5522101819303202
-6264.847657680494,0.9800827598700044,2.477261345870457
-6264.864868759394,0.9899572425856887,2.827781896433449
-6264.929409843173,0.9923948951692284,2.357937533023115
-6265.127898586076,0.984106912627039,2.641528198568528
-6265.487083315038,0.9918398446564717,2.3386727708248918
-6266.063074163397,0.9675051615264808,-2.8876602489660304
-6266.558464235702,0.5107453678773196,-2.635409891384258
-6268.741029736396,0.012202961410645937,-2.3939299397416463
-6271.5442195762225,0.01889681355518571,-2.8833402282619756
-6277.167109984462,0.19406080624097255,2.7120957389000964
-6291.486220253208,0.000806519769442852,-2.091434176307005
-6315.889288080734,0.000254124596972289,-2.9163388943030735
-6360.217426312161,0.1377336130624748,-2.4554474146917227
-6382.5849702913165,0.6033442562223721,-1.740966873403032
-6382.581000236991,0.5997131119410759,-1.7739868050375196
-6382.579454015031,0.5884382813308942,-1.8741999813972914
-6382.5793962113175,0.5856701508526855,-1.907155597175323
-6382.5806225272245,0.5545963013376853,-1.9500868653819206
-6382.6113243975415,0.5334100662437901,-1.8280670254779519
-6382.582953004054,0.4652694390640246,-1.6017261136247463
-6382.529307824514,0.2926531869617838,-1.4043614763288457
-6382.475997837013,0.006489308358300171,-1.5662238584297887
-6382.94012376745,0.0008320028149391267,-2.958953432873051
-6383.951624823244,0.002850536999311268,-2.7556283683972365
-6385.464329890854,0.9922104698579859,2.5413265486538155
-6387.438118274293,0.955225942789624,3.1196142903577284
-6394.5628343794115,0.29963598148492954,-3.1260201158119947
-6400.750658421751,0.21377209945776035,-1.0719269462170944
-6428.594840500284,0.8523866732346626,-2.9436625971290047
-6478.0646831250715,0.9948405211373321,3.062072805089839
-6499.177896149287,0.0015789168319127027,-2.766514032921411
-6499.182598136806,0.0015789168319127027,-2.7705370316899915
-6499.190477183154,0.0022760627557321545,-2.8118633688267325
-6499.171317848932,0.003699112681271526,-2.70551383990827
-6499.208615698121,0.016828356652093805,-2.6782004933371306
-6499.239169560984,0.017952180302985926,-2.694767621890685
-6499.309328947868,0.01716358020202611,-2.819931802897607
-6499.383814707848,0.012738154050261455,-2.359975974554417
-6499.640906684835,0.0014705403032549112,-2.2503774248581574
-6500.121671189557,0.007821459070154762,-3.118635705608103
-6500.915977071264,0.3497993746498669,3.1137940685954053
-6501.79761938718,0.9980966716408064,2.6437299642363534
-6505.105916631746,0.9978171289865471,2.78643649163359
-6510.400813286545,0.6569462491358041,2.885339234139737
-6522.551312741766,0.9814048680290023,-2.9719631907255373
-6550.201378208262,0.8291950073511409,-2.683035426180746
-6599.226409935779,0.008274962942056567,-3.047706255918303
-6619.7765240812705,0.733781995391253,-2.790941626096065
-6619.7845343016725,0.726948134910439,-2.7924778745360235
-6619.779818955017,0.716658637705151,-2.743718079628133
-6619.780379771498,0.7076785461399292,-2.793727614264225
-6619.793893520716,0.6850062893678139,-2.8567785509875505
-6619.827161684484,0.6845782445106441,-2.7658787019656548
-6619.868776253364,0.6933873109454272,-2.7029407289504364
-6619.966672210041,0.6889734537757366,-3.127529075399264
-6620.117300213586,0.8342310696679264,2.890119078474827
-6620.597463444692,0.955680772400645,-3.0050711207148755
-6621.73643148888,0.9937497504972965,2.3333880562858518
-6622.5136331787335,0.9996804462885603,2.381271004611799
-6626.064724389558,0.769396179474297,2.3069177854580207
-6632.0068800704385,0.008894540208242561,-2.57436380232877
-6644.571417855138,0.9897897480917228,2.6246473648227324
-6665.148452123036,0.8899894599362412,-2.9305196965422025
-6704.788934531457,0.962715258753609,2.0918821951964297
-6724.697398358344,0.001251696323873414,-2.7171995136886915
-6724.702928499266,0.0019638532418001743,-2.730318620494749
-6724.700921382437,0.010853102226686352,-2.7704843532473853
-6724.728790573247,0.01058118798034749,-2.6894775045943216
-6724.750007372673,0.009934452279223327,-2.5166905986004795
-6724.748999562244,0.0007984932231255785,-2.833478537583489
-6724.80662957761,0.021734361622252694,-2.9414763063388456
-6724.930161171786,0.024897583060708363,-3.0530799738853536
-6725.2122041570055,0.023965006684912762,-2.625055556821829
-6725.545841321475,0.0025200490710308157,-1.9438768964626567
-6726.215840439163,0.0016477102889605787,-2.886478828980519
-6728.312242579214,0.005123670450702509,-2.1752927091504657
-6731.521515851088,0.9602769434398932,-3.090464609049997
-6735.678662915396,0.9937086970986038,3.0312951491740296
-6747.899918539833,0.9639883368024279,2.942915390897177
-6776.01419272247,0.01291463541139974,2.556081835463992
-6826.523242251802,0.9922380004039617,2.5483805049021058
-6841.527627844331,0.5804785696921685,-2.838035456566123
-6841.527942377301,0.5765353633368644,-2.857299224332923
-6841.530599969798,0.5737171041119329,-2.814187742982852
-6841.533494202252,0.5561835607380976,-2.7104309677629104
-6841.550638524884,0.547860290970104,-2.5068053879192846
-6841.577347923769,0.5128681800207638,-2.472040968407159
-6841.633914097471,0.47112435815897585,-2.6484197115813926
-6841.730509591063,0.4495341147862092,3.064292846617322
-6841.920708827794,0.4472084696372473,2.9390167506193494
-6842.307387878607,0.7254529267514502,2.0790181964683496
-6843.214723615392,0.6323754313662172,-2.3663380484533496
-6844.776898314411,0.0015062920310688955,-2.637627934730425
-6848.707195997968,0.007768638961114735,-2.296431086994855
-6855.589574584653,0.9949271663364578,2.049791046231073
-6869.410958523533,0.9942063491302089,2.338307758047433
-6894.31152111745,0.6241562382686078,1.5228898754266282
-6941.197556668275,0.02416443700679637,-2.8808194779815266
-6956.10821524281,0.8606251075935201,2.692608120768412
-6956.115097450314,0.8625953000012228,2.6307705736566014
-6956.115277385242,0.8472733549719841,2.6203687058187644
-6956.118681893392,0.8435303016322553,2.6331030287985797
-6956.12781565619,0.86080382039366,2.582629108994528
-6956.166701890107,0.8960415387083459,2.6073064080799107
-6956.266222214764,0.9518146699066362,2.4515256972233317
-6956.411734877215,0.9992298314244488,2.600052019814079
-6956.6418830057555,0.9793481434895838,2.5368166984769696
-6957.021066992885,0.9986023901650921,2.7733697326954623
-6957.8861727343565,0.9809389154679161,2.7552449421234586
-6959.316028199902,0.431029890417772,-1.231574291143166
-6961.309444452243,0.9999841098798492,2.5066946072758824
-6967.007155265518,0.986871683168763,2.7803627667597537
-6981.55265312695,0.007728427345381632,-2.7413311911039915
-7008.819081987576,0.36055926461669596,-2.524583972277175
-7060.44980277013,0.21338812357608894,-2.004090133596118
-7084.716418966194,0.9796917036907263,2.8493349876148812
-7084.712091378397,0.9849463455305411,2.8379869807489193
-7084.7185218740915,0.9763350965990224,2.7339143222895395
-7084.738975402877,0.9939135673015163,2.709801216946337
-7084.771716842173,0.9992609174639253,2.8542226857422603
-7084.819272529252,0.9945490568578685,2.9391592010231324
-7084.84454154728,0.9888188208661375,2.617448856249453
-7085.011403330311,0.9805376963331257,-3.099631356101358
-7085.349935619029,0.8981115223962151,3.083609769539976
-7085.8619398675555,0.6858141855789927,-2.9429380071372595
-7086.4945181618905,0.9967956267900036,2.263504040663612
-7088.432126201396,0.44017938342964036,-2.5455383091289385
-7091.637856815229,0.8854902181113261,2.597637325365902
-7098.090883675111,0.997803665776616,2.6729511284171226
-7111.649360946858,0.023990715286234542,-3.0237506904955422
-7136.291037850829,0.008088839680091834,-2.5892234535348093
-7191.021815311111,0.02957475556094381,2.685772805838539
-7213.312539132525,0.0037050389947080025,-3.073887302663176
-7213.309276227515,0.0037050389947080025,-3.076505132613055
-7213.31713262718,0.01357191803155814,3.078638014413354
-7213.333797963353,0.012039464880565821,3.0486030696703956
-7213.357305879273,0.0066913877724562275,-3.050160524781552
-7213.4077239298795,0.011166460867139736,3.1033324059486675
-7213.466293499859,0.04417038349924948,-2.977573682552218
-7213.625211970786,0.02559800319812127,-2.8631463900471177
-7213.859642141077,0.09402697254915379,2.918391117216471
-7214.204685216094,0.18393405401657512,-2.9169921982532934
-7214.7821281489,0.07363469084652279,-2.146219825333111
-7216.43327460781,0.27197189431854174,2.891834629801405
-7218.09363504654,0.9985203103848371,0.7776564739904996
-7223.538935932434,0.9604750620810143,2.7578659265968852
-7237.563889002412,0.14421049454893867,2.6268699661482255
-7264.256023213463,0.4296536548166591,3.14138842783784
-7308.800282546038,0.9745912402077391,2.911432364007224
-7330.712640508291,0.002823178068344895,-2.548082736934614
-7330.7133701017465,0.0036668328620516936,-2.5074799172862905
-7330.718556006939,0.0046611655145891145,-2.4595944445718723
-7330.737766028789,0.007236810983790886,-2.4408653568786853
-7330.748964823393,5.355243915826141e-05,-2.5073813627629997
-7330.818734969299,0.002989476351462775,-2.358454103023532
-7330.834648020923,0.004657476266401969,-2.718696633940729
-7331.0028679996785,0.05019868936367726,-2.8306895894167745
-7331.293276305876,0.009991251054538873,-2.756157609161062
-7331.804726234103,0.003818966729592258,-2.700338642338481
-7332.767833454761,0.25313116119850626,-2.1456164226557717
-7334.714998411834,0.0012132158273141962,3.1257842239133478
-7337.828290512056,0.2579731395519223,-1.3942163448732068
-7343.728293657314,0.011873764144106676,-2.5003448171000855
-7355.332945674972,0.9959583975990651,2.3706118695728726
-7379.056011699121,0.005139434766652509,-2.146695568713334
-7430.859548566177,0.34318221231664964,-2.7313001912549764
-7451.029283036752,0.9543034188029582,3.018492691955114
-7451.0245717891175,0.9675109199290528,2.9778444586088764
-7451.041808435339,0.964430694714826,2.976261975010745
-7451.051319055557,0.9577094880127239,3.0595213310860387
-7451.06391946833,0.9303412851598333,-3.0531019031582898
-7451.092468214871,0.9515255341102002,3.0594926419321746
-7451.15821780503,0.9660419524911655,3.119976094487507
-7451.270970806862,0.9599281846111841,-3.098486267630035
-7451.643310071244,0.9618233267952552,2.9664272697197216
-7451.962257866586,0.400766991263105,-2.437869169692741
-7452.8553529260735,0.06762268427710677,2.703863330037624
-7454.381439403372,0.2411649871904895,2.075491857820274
-7456.94908108674,0.011311359352354802,3.094940209126287
-7464.154689719303,0.011659629953706825,2.8601929994785102
-7476.766904289001,0.005178991979387223,-2.898278076866355
-7504.60641045912,0.9860263980310269,2.8556892450717513
-7554.644946222886,0.999605117729413,1.887631158702277
-7575.077516874371,0.573876625857504,2.9925606694423763
-7575.080533419934,0.5818656486474669,3.0396237524223526
-7575.072906486774,0.5849604563655395,3.0231073902457606
-7575.091032703173,0.5960136380314311,2.964911680891923
-7575.109880275512,0.6016101982543627,2.8806429649743794
-7575.130613794534,0.6109528983587147,2.755943976394068
-7575.138186096506,0.6299978982606644,2.8365408621438712
-7575.218437351041,0.6350158185319745,-3.036287917037873
-7575.366043239553,0.5234709997144303,-2.3004303961454577
-7575.557303587386,0.1527546590698652,-2.805962879985152
-7576.554860437436,0.16934409656099983,2.844329021334139
-7577.717491737796,0.8431879732795067,2.5835366729250264
-7581.388085663544,0.9952595847942002,2.5348964509505008
-7587.642622128778,0.023842276630996615,-3.0442233775445517
-7599.486039343532,0.011299892297364313,-2.1681122599187006
-7614.402424818698,0.9925936624002624,2.9094476687081023
-7666.359985250462,0.8993173001409255,-2.7573139021751807
-7685.354199511699,0.8600537660308827,2.524472836610297
-7685.354880607042,0.8708527062320693,2.5776715357576307
-7685.362206387868,0.8883012316308998,2.5387499793423114
-7685.350032987371,0.9050109088140135,2.474424949948432
-7685.380244310541,0.8993055774258223,2.534662963018751
-7685.400023608906,0.9316920600767113,2.582831570170713
-7685.446887397454,0.9563337631444118,2.9090624997104353
-7685.638046359208,0.9200880960027423,-3.05569857319443
-7685.856067788391,0.7993932999753671,-2.131195670651682
-7686.0024368311815,0.27109973484820127,-2.256029066443932
-7687.014286287575,0.034777191208478005,2.873070031728206
-7688.082540286651,0.5388502069155385,-2.646032768705343
-7691.573057474132,0.6701617387705189,2.448945577422549
-7698.324198170588,0.017833396899672355,-2.936654752584976
-7711.099966844129,0.9971148194430982,2.2632162600963612
-7732.768300578844,0.8685054430404073,-2.550109222655468
-7781.60346178191,0.1001657390851919,2.966988538764854
-7789.669975546504,0.7305747321279872,-2.9001146622475344
-7789.67219664945,0.7306622371331197,-2.988726711873865
-7789.669302081135,0.7131023079673183,-2.976563954383711
-7789.670452010448,0.70782960102186,3.103134972468318
-7789.697975092347,0.7042663018754433,2.8749979638667984
-7789.721169913983,0.7364154771557486,2.530619068640254
-7789.789885589824,0.7481368535266513,2.824112766147146
-7789.864331482347,0.8761922527757903,2.7489614716546766
-7790.101981149519,0.9892188373093936,1.951087944008945
-7790.4444459386095,0.9972065499521594,2.3525426883056255
-7790.843586121628,0.9998546120836328,1.4631912313687723
-7792.530612187222,0.7327776846278121,-2.395055642101572
-7795.276807324558,0.9978089024071326,1.8016057724179335
-7801.614002218696,0.024780012059781614,-2.2715304566067305
-7814.355209872743,0.006095128327059286,-2.5390679853246305
-7823.5147580626835,0.3836034319171847,-1.9153653751456832
-7877.7981455402805,0.9807626973823462,1.9940371474623628
-7900.29691335042,0.999950213331381,2.4974404512142456
-7900.296364774765,0.999950213331381,2.492006963718456
-7900.301039152363,0.999950213331381,2.49482326454382
-7900.314762749612,0.9902456468043415,2.449208258833937
-7900.347464588668,0.99795512013777,2.4445985031759534
-7900.376257279967,0.9998321018650853,2.4516047534310967
-7900.428505737693,0.993253135836037,2.599408483605025
-7900.60640551429,0.9874858903811266,2.842630984528771
-7901.0170363537945,0.9949073956690753,2.829473397910773
-7901.6033512168,0.866549829779619,-2.732695353617143
-7902.113553687749,0.28797399431532517,-2.7866007558835557
-7903.866292728585,0.0005711464243785597,-2.21084334598792
-7908.304640425067,0.008584940824272594,3.0609275649163994
-7915.4619169874795,0.08193416830093828,-2.7178469520778514
-7924.450295783715,0.011435665619606995,-3.0598546180645267
-7950.825732775418,0.9961595747029667,2.464014693825768
-8002.382381626389,0.48198032397864254,2.9440716768981385
-8021.0137832961345,0.007661855540311465,-2.5246449713230974
-8021.018177442628,0.006611706001122243,-2.4907433951283977
-8021.016154009007,0.0037367420965065674,-2.474563074049522
-8021.0381716915645,0.0006021019710757696,-2.524580579053773
-8021.039687521429,0.010331844973704702,-2.3873914960984934
-8021.06231163425,0.02627026103273436,-2.6304077194195226
-8021.142891628679,0.0015856635118567282,-2.211654456145432
-8021.296293258691,0.002811939191052802,-2.298436453552548
-8021.585768478009,0.000800140308589701,-2.4431553609455787
-8022.209693878398,0.04069665331522331,2.832478131469432
-8022.970519079129,0.3275017472186801,3.0860738965634305
-8024.493783201177,0.9729209572687298,-3.0904125106557463
-8027.949626517789,0.038136779616771324,-2.189200337547839
-8035.176422520441,0.3408661137198432,-2.4617517972393284
-8048.938211096755,0.9999538807935634,2.432281558921753
-8069.812978671115,0.027425880967517,2.4180903615346816
-8115.720026032819,0.002572258003371238,-2.0176066486361806
-8140.058042024413,0.8126428570353512,-2.168066175886611
-8140.055508748323,0.8053069098411584,-2.181048075448883
-8140.0510592732935,0.8045093797265609,-2.1152860679619048
-8140.0374444617955,0.7974472041824909,-2.0759032824587424
-8140.05655865569,0.7463325523881084,-2.152372330507634
-8140.050968904831,0.7182862431329833,-2.002408336789758
-8140.042814453238,0.6127770781558789,-2.392557765209543
-8140.036941918996,0.6011890028505845,-2.2453201608955826
-8140.085252387845,0.3751715247816456,-1.8728263761591026
-8140.530086139991,0.011375183956605184,-2.596835100765888
-8141.487310017473,0.15525480929474203,2.618814169632655
-8143.1135466638125,0.4454669862955206,1.846698285432086
-8145.7059976818555,0.002178331143398908,-2.5046907658164423
-8147.874783995539,0.6831178840451122,-2.447404858820736
-8156.079099926652,0.2203690172771342,-2.6157364855188963
-8178.048166374782,0.9841920192083811,2.9856139419025265
-8216.769529721996,0.9878388427037148,3.106178557499973
-8235.637288384049,0.9837818486236719,2.083615123678493
-8235.632811965113,0.9837205635231311,2.06848057896449
-8235.637688432922,0.977413706442148,2.084112559538447
-8235.639045347923,0.9815894876189089,2.0209692163244988
-8235.644109334788,0.9860089073451498,2.2068716585003854
-8235.695748671358,0.9678704818513516,2.414949183450071
-8235.769074105834,0.9759253026799034,2.8991418438579277
-8235.992019876785,0.9473902850332541,2.7783891048398797
-8236.247759231434,0.9773815167336574,2.550572805754987
-8236.654218921216,0.7491359038862835,-2.5661385630571116
-8237.172413322913,0.014162874481006333,-2.5250306083588216
-8239.581123167512,0.09447610322087954,2.575190416974987
-8243.068137731429,0.9920694952812372,-3.0427705504453324
-8248.650614617576,0.999321625206474,2.3462323564379908
-8260.966103152796,0.04319586510397117,-2.8881972447962716
-8287.240511248836,0.9961328460877626,1.5746733972864249
-8337.315355134584,0.025705577790938638,2.922574727552556
-8352.285550211083,0.975116673993218,-3.054725544021327
-8352.28705724554,0.9669386207270798,-3.04761158781591
-8352.298555189189,0.9747397498544146,-2.8921380039873754
-8352.320021279322,0.9824553774364365,-2.9704362755095284
-8352.340645956856,0.9835535287691662,3.0979060395150206
-8352.378883367843,0.9915781826764521,3.076716158373501
-8352.466555860135,0.9852279385394108,3.011193792900027
-8352.600414692377,0.9621298146083376,2.8664882420670015
-8352.969577248214,0.9672001175271625,-2.73852299901259
-8353.359327869726,0.9701041608592187,3.0348702227354964
-8354.316082231726,0.7705530247214012,-2.2715488520923866
-8354.831671421525,0.747928808679952,2.1625215271797273
-8357.93571952086,0.5029589772081359,-3.025046300244544
-8363.931377380994,0.44895208058188374,-2.2077327558663318
-8375.636429573411,0.8137806712771986,-2.800535748185502
-8401.466583783444,0.766083825932813,-2.340497212785021
-8434.742070612516,0.0003822730711507183,-2.159735410912338
-8454.437185913275,0.4772415994230435,-2.6307149390860287
-8454.4423096758,0.4777674146518526,-2.6467078238202606
-8454.456502131605,0.46393550168608266,-2.6661572749177043
-8454.472826326613,0.46712386067439166,-2.7462445899786543
-8454.475263182425,0.47002366865657597,-2.7080777145238843
-8454.495905088053,0.462478838423328,-2.793369045286386
-8454.522428944176,0.45607593824363213,-2.7133526884320496
-8454.624514329626,0.34130264896317314,-2.135076661155639
-8454.66648200289,0.12326434336998583,-2.3191408206761968
-8455.128052768872,0.007626655721480631,-2.3016641163376237
-8456.375296777458,0.023351726786203408,-3.0697613935840806
-8458.149389777145,0.0020861522429092075,-2.5059132100412898
-8461.648958785587,0.9997288976756129,2.2936086856981213
-8466.102511216994,0.0829102940240374,-2.839367079510665
-8477.510291450899,0.49903068896394975,-1.1997725540869173
-8493.950165288164,0.010059139279416582,-2.4459215060187156
-8545.389491676455,0.009927898415627731,-2.1858784644571823
-8555.262876248378,0.9909935573740272,2.021259196900159
-8555.267636059389,0.9886238657809021,2.0600619131959776
-8555.278260771633,0.985011431111267,2.1194947287440566
-8555.274898538566,0.9999954524818356,2.0993996041779237
-8555.2992552311,0.997868355810748,2.3132319890200463
-8555.317552357863,0.9992339559355691,2.2507897125374736
-8555.433713770424,0.9749294214971082,2.5128743271672693
-8555.658830236538,0.9846569806903958,2.4219046683576817
-8555.964198686057,0.9983384161816118,-2.970087653287371
-8556.512592147594,0.898873587653777,-2.8238336726076185
-8557.65742818077,0.99631238970244,3.0738924144574282
-8559.218580076054,0.0007687432631534267,-1.760719761628188
-8562.9000150709,0.10826205208948976,3.0595117709833737
-8568.358580322927,0.02041036324248319,2.9209975506596306
-8579.455312462538,0.1530613036491079,-2.4731603154993
-8596.535283012083,0.001537308984272606,-2.864932590078552
-8648.433179218337,0.9988820662051617,1.7061391554490797
-8673.932055759042,0.0024378534769653095,-2.3880145736208127
-8673.939512684146,0.003879310173164988,-2.3761827949850507
-8673.9477572419,0.004405836163700938,-2.39531693516912
-8673.946838395399,0.023225262499209986,-2.4586190793018776
-8673.97633913451,0.004171978043245617,-2.587886812550262
-8673.993943157182,0.0037770065893440907,-2.498072306101832
-8674.030524717631,0.010525766983595345,-2.574310148126885
-8674.146542363615,0.053464261891854076,-2.722558595552342
-8674.39730492479,0.12122132066135947,2.5472954979617963
-8674.898147563097,0.3209907219840328,-3.0019777319934464
-8675.609547421738,0.021157488603271567,2.127152146544465
-8677.429510724152,0.11994577215784347,3.0711055199951254
-8681.701375164432,0.6983178802403635,-2.622732150474745
-8689.446772064188,0.9704521026249865,2.7796407582410794
-8703.199762554257,0.04027794050841843,-1.986578470502658
-8729.847127034134,0.9587714967061183,2.8519463682049873
-8783.478746320385,0.001343354343311118,-2.7705243270965294
-8800.748479124564,0.010900097830730428,-0.4718374632289799
-8800.751689579638,0.008198347144904129,-0.4342569794701032
-8800.743974262698,0.0007053932235034166,-0.5633550753879986
-8800.72672022439,0.010253351513756306,-0.4867983551821209
-8800.715628536815,0.0035333184482862308,-0.6903323607362886
-8800.690013241197,0.0014731363082282675,-0.8344336375729102
-8800.623719442285,0.0034188964217082415,-0.9102995116830881
-8800.62661944386,0.0009081354998265352,-1.740236559713437
-8800.623246790145,0.00041759232875492616,-1.5547002273976016
-8800.958274957997,0.0007647626405379816,-2.254418613267999
-8801.745548486673,0.5404444974019852,2.632716879021289
-8803.49968815845,0.9991117552176177,2.31747262148051
-8806.026906754061,0.9849381577388979,2.4984427531193667
-8812.044166975458,0.9961655118916796,2.0262363408851947
-8821.661423869065,0.9979244569999632,1.9257711842537217
-8840.559289439092,0.9997345036304585,2.3741836321719587
-8885.082281238607,0.8127435068463332,-2.7019849738531256
-8906.12498152461,0.2679815629150792,2.334334877876615
-8906.127583831178,0.26840395181856963,2.3458385365711907
-8906.134861036498,0.2702171569161129,2.346268622276506
-8906.127775258212,0.2822706025231974,2.214583023515212
-8906.1123166855,0.28808382421675893,2.2539864015026367
-8906.141238172451,0.3168700300009391,2.3287168936448257
-8906.134557266625,0.39722787806563564,2.0790163162109074
-8906.089202667878,0.5782210952021895,1.5309153289524149
-8906.00061688764,0.9167722753563987,2.1079648454813276
-8906.486259461659,0.9904021954377303,2.8537319424450907
-8907.54388704628,0.8786592624799842,-3.0416021584400625
-8909.112099016409,0.9693250801166333,2.8641616442449793
-8910.870770414987,0.9329567375285787,1.7153321668501231
-8917.38164674996,0.9956168963546989,2.7159881711517038
-8928.587481842731,0.0028930613255434947,-2.2323719075261694
-8953.391795849502,0.003525068967241498,-2.7639089711432065
-8991.574958967412,0.9993813098579706,2.620016949929674
-9015.109769684244,0.5684970377208006,-2.3451489562763457
-9015.110762987777,0.5642014785826109,-2.346583519158127
-9015.116388869063,0.5612347308151331,-2.2811183816265386
-9015.124920860419,0.5370050063951345,-2.236347742580245
-9015.150380742141,0.5257188206192849,-2.017275718415744
-9015.152918529455,0.5036280201094357,-1.9776291118908358
-9015.151413000316,0.4916626457212105,-2.6904730526463125
-9015.285010447538,0.4276960713916011,-2.388617595485977
-9015.39859192612,0.3223792426247869,3.1250168371344422
-9015.963968266702,0.28133188102345624,-2.9375814726781826
-9016.861472488274,0.006018317662168658,-1.999640559229869
-9018.351444097525,0.9890069098441676,2.9013781416903477
-9021.552063574698,0.996921783310716,2.457184068295997
-9028.351156091017,0.41770846719033367,-2.4925364702853994
-9035.477722715976,0.0036495177808002935,-2.893226244709566
-9058.99826432795,0.4867894322945411,2.059188036882281
-9102.719782692193,0.9990138319127935,1.2879029944965321
-9122.549159297509,0.9940839232198515,2.7558012752932832
-9122.547429297,0.9998080372333159,2.7104958941200135
-9122.561623029116,0.9998080372333159,2.715328872186655
-9122.580174034243,0.9977084026552704,2.630547527829787
-9122.635172689845,0.998647649439623,2.574820930640194
-9122.660079329411,0.9976350014069011,2.7209990628432106
-9122.745890464383,0.9879199539505575,-3.016183988073988
-9122.906691689674,0.9747834590507707,3.1182294368711627
-9123.249806925325,0.9863011981039499,2.8520276630760213
-9123.729620906375,0.9609773185322912,-2.9986026144601263
-9124.311849171718,0.1918415025903989,-1.8616165762654626
-9125.850041307855,0.11142553941496373,2.520916265387605
-9128.535496174507,0.009075255136961198,-3.108984612255838
-9133.764234028647,0.807471779794409,1.4926157692486939
-9148.275909842276,0.3553215612259058,-1.0766912898391592
-9170.729730142599,0.02084535253964333,-3.025512296166481
-9206.391601044888,0.0045867246960569815,-1.9028539345166664
-9228.787131394218,0.5671137828176348,-2.5767199964178453
-9228.789276464893,0.5680234576405023,-2.613256393465049
-9228.783811614747,0.5673859118243919,-2.5970077244551297
-9228.777212013467,0.5559226994951197,-2.6083108205322345
-9228.783984246507,0.5624858237026467,-2.567192466667973
-9228.774350971626,0.5406939234759103,-2.5553547867378192
-9228.787099299005,0.5212566101843487,-2.4585119655211587
-9228.774554390187,0.40595686270002956,-2.051864168169686
-9228.81715342406,0.19905793430672494,-3.0056925297224844
-9229.26522203455,0.23942442339256753,2.7047923728198295
-9229.989816726498,0.6988656657588631,2.756696768347318
-9231.292880337787,0.013686321611154899,-2.598625536105878
-9234.260298558815,0.5349433428145672,-1.8615462682782586
-9240.710538486706,0.9758518443171873,1.865036635433281
-9253.020568127746,0.9265387010184555,1.9944384332333875
-9276.448869689111,0.18900029760789785,-2.494947278506831
-9321.424395988237,0.08197108476374387,2.87890531321732
-9340.95456356628,0.16389351693920895,2.6639610700773186
-9340.964042270052,0.16352576571254954,2.730715612459404
-9340.96119626526,0.16134887132556025,2.801803983747609
-9340.977505985888,0.16399269014665385,2.9515271552351665
-9341.005732719615,0.16616130233684864,3.1207620562320546
-9341.036240125904,0.15955783814645966,-3.0063496777545047
-9341.100845705427,0.10875392257120577,-3.008204263735535
-9341.252859245444,0.12972788422316073,-3.1046403572409553
-9341.55902996163,0.06942865914431408,-2.8435842225188037
-9342.050514668997,0.022270677800924357,2.934515144649783
-9342.856064962456,0.49890927588813894,2.6165422891884837
-9344.517653482788,0.21357376582557977,-2.57325456484683
-9348.26408999801,0.016151227016911684,-2.6819891954970356
-9353.907810417606,0.002646944933089951,-0.9257646283949681
-9366.708904270507,0.024867684798079423,-2.58306240634067
-9390.672246131162,0.9995894320057587,2.889812431532132
-9445.39820477627,0.0222078547688932,-3.0142648709176765
-9467.173449206142,0.8661927791813444,2.4607345233304585
-9467.174569606015,0.8613414143334858,2.4553321039605445
-9467.185153568787,0.8601826566102623,2.421020013297568
-9467.188851632054,0.869923644453269,2.460698487868717
-9467.192723441438,0.8779388800117002,2.6906044620995733
-9467.255996296319,0.8908518758116059,2.6345540531677933
-9467.352778452247,0.9223055597322063,2.6979362280194543
-9467.447439694917,0.9463783882704296,2.3552973603683736
-9467.63346169414,0.9776540442533533,2.6287752945368954
-9468.174958973665,0.893457654755435,-3.043106004645556
-9469.115386980562,0.6299631202206412,-2.8305272983161824
-9470.207486535508,0.9985017954104519,1.7760492604178966
-9473.764572422564,0.9991407210859917,2.2669238221553902
-9480.333551986174,0.7265353577845814,-2.3519182370378813
-9492.01922819301,0.9443161894059858,2.8587502903876985
-9512.733179054474,0.2110859945503118,-2.600686423874408
-9565.332779979435,0.04301601607274378,2.896808923690534
-9587.920830389166,0.00701294819831427,2.9635306719259873
-9587.920009825568,0.0041623158903687,3.0209406339017484
-9587.920728959229,0.0029978403355220263,3.0493966862941164
-9587.910990303342,0.0006071472265343899,2.99620976777896
-9587.938328265735,0.0006535185118458318,2.966815061200136
-9587.959599506434,0.016168532900227947,2.853518577435869
-9588.02655836007,0.07135231593595477,2.7516724063945732
-9588.208321080507,0.11454224954447312,2.916698116406188
-9588.468715599773,0.1069638064995344,-2.5768948210660416
-9588.942753561829,0.07052957498238968,-3.1103933096320437
-9589.78791711946,0.13342489187814563,-2.8701103261601713
-9590.821412274274,0.4567100451603867,-2.8542856824229923
-9594.2198898854,0.19286221877814144,2.7466665167003192
-9601.518445382508,0.10397802565018319,2.954021952225073
-9612.044862437167,0.9834887870634186,0.16023418087662655
-9631.682341619597,0.061732021715502766,-2.7568430479091526
-9677.673888529,0.002708490348756126,-2.4228313065628626
-9685.399167072845,0.996796528015608,2.0818725131239884
-9685.39315116211,0.996796528015608,2.0638795568034816
-9685.392598529423,0.9902487598653106,2.161526190887879
-9685.407156191015,0.9834389986141755,2.1736004013084482
-9685.420050564986,0.9984730274130835,2.2616588569768954
-9685.438279491073,0.9996989356924773,2.0368432802558862
-9685.465141535307,0.9998312265968549,2.1774372888008475
-9685.600472400436,0.994605067422335,2.385847027673993
-9685.864731534963,0.9667859407042704,2.8848231801590156
-9686.511229808208,0.9843862879924461,2.621811848724489
-9687.247598382164,0.9983076286548822,2.1112718367889665
-9689.134971404796,0.6158358122368862,-2.6200492733874627
-9692.32462435434,0.7653352367442534,2.43959071596145
-9699.930405051497,0.9951206210442066,2.8202362113080213
-9714.289366634424,0.8726504393353878,-2.7028646883971867
-9737.377440929034,0.45765051918059213,2.089701497357666
-9790.605299440645,0.8498755532630162,-3.1011478519593445
-9809.344569745543,0.7907765604813284,2.6057173558415787
-9809.342397685814,0.7830721705494833,2.638601443790794
-9809.337284888434,0.7886092479357679,2.5528907262670515
-9809.34426234491,0.7884410908542543,2.3874517418420176
-9809.366704630549,0.7945833126337384,2.392126408000724
-9809.412260149751,0.8297704656902335,2.2541403744374824
-9809.47525229836,0.874060296858558,1.9073849470245197
-9809.526385436871,0.9912381917670824,2.0173686373922015
-9809.700982210277,0.9947470676195046,1.812147608848374
-9809.985939270495,0.9908893645129256,2.6362998764906873
-9811.051035838587,0.9118916166441949,2.6967217908735224
-9812.714130251366,0.5081010679339419,-2.1110383851814674
-9816.962179330634,0.014128460725243843,-2.920725483933872
-9824.469113710584,0.9931635436870534,1.945932456239169
-9834.428276093116,0.02063129037840347,-2.425487166894842
-9854.565048745071,0.007080793921447184,-2.0131039070859478
-9889.11384079829,0.9934642225584646,2.462771078348138
-9910.184607084826,0.010983754492655472,-2.801702686814298
-9910.178818205384,0.010685158742085137,-2.7408713648899647
-9910.179595909924,0.0026587166800854357,-2.730078337068004
-9910.194101421417,0.006865099295135513,-2.7233927087795156
-9910.215240659376,0.00543123868955819,-2.700073251882828
-9910.244959542211,0.004688519955207007,-2.750514908369994
-9910.265483634254,0.004264344692733271,-2.8986451486287725
-9910.413112951539,0.010658945851015893,-3.044518361538389
-9910.76583632128,0.12519711504821893,2.5821273109825116
-9911.115034845452,0.2268692949933988,-2.8795044341252636
-9911.79147766856,0.8301318819897893,2.7479929742736013
-9913.485913882165,0.9893240018993783,2.512276593940383
-9914.07079739272,0.022177132532332194,-2.59031992415585
-9920.801669356142,0.00055674854631853,-2.505951890889804
-9923.110212644315,0.9933627173289608,2.212004990385042
-9950.786042696442,0.9847545476481204,2.5904523956770245
-9998.834433363529,0.9289728919071774,2.785747917294276
-10018.965139082447,0.0028568491747991125,-2.577223973427364
-10018.963435659542,0.002983444409375899,-2.6345503328109765
-10018.952636925525,0.0024667706108442897,-2.6504756645959358
-10018.95747021398,0.005220670616388324,-2.6862258153803498
-10018.97387354728,0.004814532694524577,-2.54696361946956
-10018.986563528078,0.013634556338110965,-2.283846228198372
-10019.026295832673,0.0018825287939742083,-2.167606020373213
-10019.124886037016,0.013035349828720823,3.075081379029543
-10019.376750776124,0.0010870419131017415,-2.665664793078291
-10020.01861835348,0.19185215855728927,2.734036055222564
-10020.97330971652,0.003900983622106449,-2.7940484125998104
-10022.761630925756,0.17783172648322307,2.723001130704535
-10025.510864209087,0.06010629400187335,-3.029631494691871
-10032.384033154176,0.0010040986895651777,-2.402204320481413
-10045.229177612522,0.22402487093914858,2.54590076397103
-10062.408042076822,0.051710082513616286,2.7710293613429506
-10102.27165268602,0.9962431102986743,2.8529899754437302
-10121.867018704974,0.007013145091740296,-2.2853200326825105
-10121.869601583066,0.007641480754297505,-2.3267455656194818
-10121.86657323053,0.0038783684410848883,-2.375877710337439
-10121.87570554757,0.0031669997271210606,-2.4608731947729403
-10121.886314185725,0.0002972416269064206,-2.5771146931581126
-10121.907462653608,0.014850483501774373,-2.5833229559940123
-10121.95585520876,0.00019107359436854304,-2.66293576569409
-10122.04412360155,0.003730293951499404,-2.4995536392343514
-10122.256790366508,0.001556113315244747,-2.534170346054154
-10122.864613364758,0.02816505989522312,-2.470322412928552
-10123.883066903694,0.06063118508648415,-3.083867395045182
-10125.289391070535,0.33086107572881396,-2.532343872402878
-10128.187361411407,0.938691251886441,3.0880445764992643
-10134.76277249067,0.8938707073980479,-2.8973026997520814
-10149.966289536227,0.005596873522816758,-2.52234863654645
-10171.858274924276,0.0026400500821865593,-2.4539897987619885
-10220.013588227075,0.9967215172012462,2.5967212265512263
-10230.38536231211,0.9882075527772717,2.8215126311451524
-10230.38227563204,0.991801236123103,2.7663924817559193
-10230.376095787733,0.9942393476798933,2.88335522140558
-10230.374548881664,0.9934307843648204,2.848064381889011
-10230.397605199418,0.9990381163338061,2.824986339923006
-10230.468501152798,0.9871438070389363,2.7548131651253946
-10230.581469958102,0.9762225703758068,2.738924422872925
-10230.7766429342,0.9809319841431605,2.838774543307606
-10231.076949196242,0.9205428416914563,-2.891820235733992
-10231.014939690618,0.4732380611439193,-0.9890572357193275
-10230.457086725077,0.0007695199762741621,-1.5402128469399663
-10232.338658544908,0.01633005229969378,-2.566573479001501
-10236.675787539605,0.18407011667598647,2.6603255078318533
-10244.71780066203,0.9943910539002365,2.8682409236310775
-10259.30677592534,0.05035118672803291,-2.9680985540198748
-10283.17473316963,0.983488644992268,2.4332673261971234
-10336.479538285357,0.022234401483547904,3.092969800359686
-10361.10273037286,0.9309299574715918,-2.757494658671398
-10361.104064151943,0.9327714901297005,-2.795841177915149
-10361.108357795376,0.9454098660453731,-2.7829103985485055
-10361.117327158285,0.9461740914094352,-2.80540623680652
-10361.128572247415,0.9517391982026888,-2.688310018937806
-10361.167220382216,0.9360894054156899,-2.7363610973626
-10361.20743818045,0.8937871464020193,-3.103597392742778
-10361.348473050733,0.9184442664095122,2.813725013469547
-10361.708100403775,0.9750253023249662,2.8828057790510027
-10362.18591116372,0.9873086846805024,2.6870907390414818
-10363.220753012889,0.9999091424746119,2.8350724273634293
-10364.886412573347,0.44044714726620227,-2.596379260674906
-10367.670164500561,0.0005351378221615127,-1.8265776527226083
-10374.59592048985,0.9974861098173281,2.303898069452954
-10387.566353569217,0.004009728168063531,-2.7456566270220075
-10411.842802927013,0.006510478403716257,-1.7562221691626045
-10463.070677362322,0.9980995985356353,3.0417129108968712
-10482.267084886254,0.7024836292963806,2.861141836214232
-10482.26935383102,0.7077654439699946,2.8212546093591646
-10482.277664630095,0.707809250882958,2.8252130989733972
-10482.279033301453,0.7177600480165274,2.7487969267787316
-10482.275939707113,0.7129886822022472,2.7481615102245573
-10482.300510666297,0.7232779615245343,2.635015688930409
-10482.354350678397,0.7460498460002798,2.332424510171596
-10482.481886177404,0.7672658485031314,2.62401496413303
-10482.624329852586,0.9998576585182191,2.276005768985174
-10483.056216551415,0.8987709878891845,-3.122520053521651
-10484.107275609496,0.9407725674118882,2.890024099435667
-10485.699183509114,0.013285506643265409,2.859394721835768
-10488.084662791725,0.03936526305320163,-2.0332279585110142
-10495.107355931412,0.005466646700506842,-2.2610777972664624
-10509.69630745207,0.00776137494612708,-2.423991381373595
-10533.623722270428,0.747760152330771,-2.9258960382646557
-10576.428526128702,0.9941241727749054,1.551696879083912
-10598.389283431308,0.0030122373891549193,-2.3639712623083593
-10598.39232591839,0.002043016854767111,-2.3141624816307935
-10598.408829323753,0.002043016854767111,-2.287102542077597
-10598.428737195922,0.006246210951397576,-2.256286383379608
-10598.451852112757,0.0014657387446037127,-2.1899262260406553
-10598.465227456682,0.0013977030276345749,-2.3138683537374587
-10598.543249645294,0.006087010954829388,-2.7212982402015213
-10598.684331115255,0.002749347580023193,-2.5933213733062055
-10598.837943872066,0.0012822430315463061,-2.288545015555617
-10599.44227513757,0.018028746115159512,2.7299123057471384
-10599.661646379938,0.8991742614777156,1.1764356375301226
-10600.528991400464,0.9949331337437414,2.505411072420028
-10603.960346576685,0.569041710110411,2.5169115148103876
-10610.098311438089,0.0017828495875429437,-2.5128160307691965
-10621.831443496285,0.995214387250914,2.261824252829566
-10649.526374291236,0.9932755971234049,2.86526068563356
-10695.724870681302,0.005404761924825969,-2.241104529568978
-10719.02343094826,0.035242057556586916,-3.10552208127602
-10719.024837514962,0.03465705436138775,3.125757841838624
-10719.02287983357,0.04010062452946156,3.086299503391963
-10719.033477154804,0.02603415462956833,3.062286765514589
-10719.028368823989,0.02672851122780802,3.1078682778177624
-10719.069654192826,0.04960474535871294,-3.029426215763088
-10719.11009651221,0.053127196963889164,-3.002990098853912
-10719.24755701706,0.003898148533784081,-2.9956098152998987
-10719.520796064457,0.09162080566410136,2.5057810069329243
-10719.784600211033,0.5049893280524491,2.782158224457188
-10720.430314840743,0.3911269715656899,-3.0024137741569326
-10722.433294763452,0.01697088870756811,-2.5794692714461225
-10725.81008690816,0.09989513552583794,2.5939063787269836
-10729.967982313536,0.3912513029128196,-2.436540871057522
-10743.197151327005,0.3079519038216573,-2.6098750139873936
-10765.134464341687,0.008108698913502618,-2.42683176711942
-10819.854369823268,0.0075428314269288515,-2.260960823436146
-10841.565383189794,0.9968656406045021,1.6756580043277962
-10841.558171495282,0.9982673458272323,1.680110295873268
-10841.559478103674,0.9960359494201271,1.752960731716244
-10841.573663089055,0.9977236467722509,1.7497040426652575
-10841.574138770024,0.9997329603734529,1.6458942183101035
-10841.560623468347,0.9952115633825732,1.7183567306728014
-10841.583233163039,0.9977265524347031,1.3475581009132167
-10841.533087149426,0.9996515876582904,1.6344833616558958
-10841.604368338822,0.997813044709746,2.234622906016514
-10842.231095110064,0.9397519542904327,-2.7016237460434196
-10843.353254986712,0.9186526525360315,-3.1240700236097365
-10845.23891876403,0.7133613987297216,-3.028235616936677
-10848.507925059754,0.7043244003302723,3.003759069832043
-10855.385690413346,0.7223778387316137,-1.4126053611995932
-10866.197042951835,0.2741260216127447,-2.6083875367240306
-10895.317632959595,0.6605359081274634,2.06210055170315
-10942.582341507583,0.4529125561249141,-2.9550026779217697
-10963.371707339764,0.9527594732993666,-2.542369769453694
-10963.372607058269,0.9448365127003959,-2.543410963955489
-10963.37323502513,0.9406150469632548,-2.4584766460368748
-10963.370716601385,0.9359711024426733,-2.397044450129759
-10963.4007551822,0.9017037139378816,-2.170423619932002
-10963.397387541378,0.9001890310565758,-2.44459984594021
-10963.451781237949,0.8742118920678038,-2.7168225982480783
-10963.575724286637,0.8299818575359827,-2.5633834018348662
-10963.69789228853,0.6701459265655234,-2.849416612899727
-10963.998602270394,0.505718490333935,-2.5675620607784495
-10964.695532568905,0.6184127052291151,2.6687061668161185
-10966.179600010757,0.8142934931655061,-1.7115522085777777
-10968.041084065802,0.9962672810918761,2.5672356208226095
-10974.754737692121,0.41911756874846035,-2.81980998820934
-10988.435271640454,0.0894414903926076,-2.950820257909229
-11007.310674725792,0.9839078157822562,2.9275512437226805
-11055.79481050606,0.07005566638595305,3.0803038512965113
-11078.998500770134,0.08327709131803213,2.277412416454954
-11079.00044665342,0.07785147877334621,2.284499707017904
-11078.990644492394,0.08025737995226528,2.366212779171292
-11079.000156969456,0.09615221905546484,2.352159154980379
-11079.003799286218,0.10813259845439017,2.2144310154773903
-11079.035723648996,0.1434472041564647,2.3957401394315436
-11079.099119349794,0.17466144605400807,2.1316195139715006
-11079.147607812614,0.31654241541448885,2.3859302680113306
-11079.284623523203,0.5163884800922889,2.5730342872410317
-11079.57553847511,0.5030746044108245,-2.977060670010987
-11080.390717884113,0.2986052979123015,-3.041850974419272
-11082.46325930428,0.03065868403782854,-3.10532424775096
-11084.998457536973,0.004413633856007102,-3.0677866287110906
-11090.298112240807,0.9996346182995017,2.7292509521204256
-11101.03299817876,0.37973582890086366,-2.3133334456399477
-11125.304177195645,0.9853871437964525,2.7192192136624094
-11175.343039188541,0.7456230993783639,2.5097682188105956
-11198.833558674709,0.9699834352336165,-2.9365088559286234
-11198.835132092629,0.9741308433009137,-2.967211559226468
-11198.858065280458,0.9683296772679596,-2.877334358588592
-11198.875456454936,0.9692112635150584,-2.721120311266327
-11198.888958592963,0.9529821517853287,-2.6242614564651445
-11198.896684996624,0.8874496027457616,-2.126675079380081
-11198.902641730154,0.8451230579176655,-1.8853543387644343
-11198.882914697622,0.6287522261382243,-1.715589688779751
-11198.906660296572,0.29422643654295244,-2.4251700845915605
-11199.295214020463,0.0013161476890999454,-2.935685395276438
-11199.9134612859,0.02595206038430946,-2.8615323217382573
-11201.837644304453,0.000900169615234613,-1.3199317153661279
-11204.083251020793,0.004898044189804614,-1.6891909714759883
-11209.724088817464,0.0012489379969535818,-1.8960418693023362
-11223.538796554598,0.4750297331232647,-2.4346406879670286
-11250.227486406886,0.1619489173129114,-2.7042450419274684
-11300.013027312616,0.956118002743638,-2.8640472550439937
-11308.791112964245,0.35479150980265967,-1.3158466147152057
-11308.792970338944,0.35336692817636856,-1.2711276865102967
-11308.781983313214,0.3440046799305473,-1.2447676526305875
-11308.766264742217,0.3457462218049187,-1.198273703894748
-11308.756283627376,0.31619069104119585,-1.2295706749198962
-11308.714842668924,0.2778898194338578,-1.2235119798886533
-11308.661128553355,0.2526385836099546,-1.6088424223896833
-11308.715253421213,0.0006786153887132444,-1.8414827606910051
-11308.835863110378,0.007558582223700127,3.133750455411474
-11309.283692391238,0.3090461315260892,2.4493502457049114
-11308.59741227035,0.9989003452374252,1.4783482861927677
-11310.664672034858,0.860597838507911,-2.1373628421670743
-11311.364325311642,0.0031386398845018844,-1.8078863323141277
-11316.944938139484,0.6396231482089264,2.9506481051938565
-11327.061243143331,0.9995389795051897,2.3347391418452297
-11349.59349748257,0.0012433649869447044,-1.2852604169220065
-11389.4177856937,0.640809576374519,-2.339555931304499
-11405.5278285954,0.34097297051271913,-3.0781138173124334
-11405.526063145897,0.3498498401831179,3.1252611812870104
-11405.527741165663,0.3542619851107643,3.06795213429036
-11405.544232572503,0.35222206677603685,3.096134250695064
-11405.56091123105,0.3655230185786426,-3.0458851732124805
-11405.570661185873,0.3569323958672859,-3.110420908840345
-11405.603816258928,0.3722695801985439,-3.0569086707628945
-11405.649708374567,0.3723006960101432,-2.7858520818379944
-11405.740392584008,0.40813380637004953,-2.946841139743925
-11406.001324838191,0.0009302918371022961,-2.7086466076335576
-11407.131823931362,0.023929645484479265,-3.139683471157354
-11409.13200885187,0.28748716092192733,2.6073308742881665
-11412.708935810097,0.016506188593814128,-2.5276513910961813
-11418.307924393815,0.9991519181922464,0.8264668229361227
-11427.794150644557,0.2967118159734603,-2.5356268838414295
-11451.049492293796,0.012041148962716365,-2.816243248063371
-11505.273017807136,0.9918571706239151,2.6379559605181857
-11523.965524257648,0.002490537124031236,-2.3746394251263574
-11523.9623331953,0.002490537124031236,-2.412917715084277
-11523.97031695506,0.0046406911317662175,-2.320637620307008
-11523.97262398897,0.012474716897673807,-2.3569585702340587
-11523.970458807875,0.008873234416871312,-2.441426799993753
-11524.01690604053,0.000301334518189084,-2.9635824988500707
-11524.08098622078,0.005036029441311936,-2.911148489067013
-11524.235639413808,0.006838665262520979,-3.107446199743271
-11524.494039974978,0.011171002552834835,-2.6626266879797074
-11525.05286408937,0.006048891833233609,-2.7172692042227866
-11526.045769905715,0.3179931144936491,2.1906586054304524
-11527.329723651146,0.15554433476717774,-2.8309931905961183
-11530.90014259066,0.5725548072613503,2.166753819604283
-11537.083568320175,0.1639542949316182,-2.365126329701422
-11543.920749283332,0.0006885787082719008,-2.3808273472342787
-11567.88444541974,0.9976287136567651,0.23055954786874588
-11620.450926723495,0.9962248574952683,2.5478677126109526
-11644.568147511081,0.9946240162825237,1.985204396560956
-11644.56669859666,0.9972582049054157,1.9800529470320072
-11644.573158910782,0.9937021558013842,2.0761672380053176
-11644.56636824136,0.9977540201111048,2.2711127248322223
-11644.589149436606,0.9996722954642645,2.3819096382877785
-11644.620186825918,0.9968281837901337,2.1405796334286027
-11644.740487155555,0.9937752965468739,2.5082761216459994
-11644.811384665234,0.9814932976508016,2.2465181665270366
-11645.089965158139,0.9789118224734582,2.3246531798269414
-11645.600972820992,0.9898046167697575,2.657164691106022
-11646.736149214883,0.9294489517685981,-2.741652466909779
-11648.38248940846,0.9960029712614477,2.1006849715390423
-11650.494782501597,0.9973503560998099,1.515646857391908
-11656.254762948487,0.33965496257367106,-2.2189476379347357
-11669.889416116099,0.9957979124431916,2.4617257872537577
-11691.329730012845,0.6178755777746898,-3.0090070021329893
-11736.92821798923,0.9993635537910053,0.48459157679202924
-11755.22881209741,0.43530734220836415,2.1720865213679144
-11755.230032484713,0.42985921378270275,2.1941059991061698
-11755.235863666207,0.42685255601209426,2.2368988894535047
-11755.229479448504,0.44370852708746406,2.1878325250933948
-11755.233720678334,0.46046295092542877,2.108003058416953
-11755.187925100414,0.5039754968805644,2.2852740874936215
-11755.201854208797,0.527244289194781,2.3762724218268483
-11755.186222522447,0.6968037330636329,2.2746048427402616
-11755.426025344497,0.8994932728592812,2.6177710835762724
-11755.8883959477,0.9325432723261885,-2.886137448557028
-11756.097977103178,0.2811708311299563,-1.280244601093855
-11757.65185585312,0.19752231897127465,2.245749501884287
-11760.46695000035,0.001272080674300003,-2.486240295131557
-11767.4572931307,0.00046782788618929694,-2.058811763493572
-11778.038862657802,0.9964647317428607,3.053484059041489
-11803.468467464654,0.9921675576154707,1.6379447851768498
-11853.830975185514,0.9934535620878466,-3.0824081350439494
-11876.101179543153,0.4558660368629641,-3.0581667421346945
-11876.10698361891,0.4601550353187009,-3.0640604450087134
-11876.11394913352,0.45994079316998165,-3.0280866056784466
-11876.106835475242,0.4721522130499461,-3.1207315663396504
-11876.123709973775,0.4710142018282087,2.8244011834932135
-11876.157869750508,0.4930171022834435,2.6416796725577907
-11876.179678240786,0.556489860809266,2.7840055850533822
-11876.238205489257,0.6158555631591592,2.5690479221638682
-11876.420129666645,0.6944323440509574,2.9844809000959795
-11876.814953526027,0.8220161819599043,-2.895342989467436
-11877.61202778128,0.5411727048621644,-1.87321231419369
-11878.803382076214,0.0005631121045385072,-2.7335921204344547
-11879.64919921041,5.205041649864184e-05,-2.2024943780577924
-11886.602277535092,0.8009816683132935,2.6226130777457595
-11901.03640520079,0.947880194478234,2.9921961264875065
-11924.349370413243,0.9925400571283967,2.0349516316841703
-11960.2984621149,0.02112290619195858,2.925851007452028
-11983.907352611095,0.9991590333318883,2.2359045142358323
-11983.90615080914,0.9991590333318883,2.255881996046117
-11983.910247057667,0.9929588834178649,2.2469327800279704
-11983.9196472072,0.994917513351723,2.314873424531516
-11983.930085370952,0.9946735322966884,2.2419122835274674
-11983.937377550274,0.9918813386744267,2.29772249529882
-11983.955543162476,0.9923196599989283,2.1121609269315
-11984.108032022697,0.9706476173046614,1.9833015051560743
-11984.268407169104,0.9919035560089764,2.749042117595046
-11984.753608885481,0.9969135143613495,2.1257865955538806
-11985.605728748349,0.26435305563386813,-1.4804436418496283
-11987.53306058944,0.2689740554661419,2.331536471482927
-11991.402923369471,0.9831284468269132,3.0848156166405776
-11995.225451300174,0.9376830385859515,-2.9459431470040474
-12007.835306999834,0.564814664135425,-2.0606735304840145
-12034.952216302634,0.01025472091779055,-2.5725761093185304
-12083.031702671644,0.9942534469588585,1.57948434468745
-12106.26655103814,0.2531695676989903,2.400482594818312
-12106.263229673354,0.2549554406193299,2.402721369661233
-12106.27832706163,0.26102877579210654,2.469279033372354
-12106.276176981599,0.27844530860578826,2.5116420837934355
-12106.310366054871,0.3084988868021922,2.7182263060658745
-12106.32188716766,0.34501211005509547,2.742964299972866
-12106.373671426216,0.295547173191585,-3.1054368444309897
-12106.547280098044,0.35394100722984534,3.010277503310924
-12106.687509706055,0.5187167929091258,2.4594578957022586
-12106.733830853274,0.8871054512503224,-2.973807024534796
-12107.525959239907,0.7063669136718087,-2.046599614411758
-12108.099243682946,0.012803951121944346,-2.9541685039240386
-12111.221874242598,0.9998365344393566,2.226655630670562
-12117.091255282134,0.7648494572008591,-2.7264671188787526
-12128.729526018551,0.9918698137364937,2.6841956610315503
-12151.486066193214,0.9840639080828212,2.0760540217946755
-12200.892978248252,0.9922999801697142,2.007632435156543
-12223.914266226468,0.0004248079866449681,-1.9440598909352496
-12223.912863217309,0.006190052247753722,-1.9348217995708819
-12223.917187694193,0.001748594192986883,-2.007170958762519
-12223.92879191474,0.0011842086754630492,-2.043825852788234
-12223.932823334664,0.000356974279417277,-1.966415503997891
-12223.955151681239,0.0035957165012260673,-1.9464405127331137
-12223.985241832816,0.0006303473520931323,-1.9543638050380978
-12224.03599538885,0.004842027245142247,-1.7487533595151186
-12224.211413814228,0.004653636736600898,-2.4812572281777
-12224.934421679463,0.00933811314204865,-2.976012950825476
-12226.142506323557,0.09756224630717954,2.6751683591427797
-12227.360173664116,0.3676943270793538,-1.8931226774975618
-12230.428243747787,0.6991228553157286,2.2907782767510687
-12237.15087333103,0.02986116784344219,-2.729012941203699
-12249.080372374106,0.0011298084541519998,-2.2617184882885257
-12272.727801479175,0.0008667559840271882,-2.215639195886432
-12318.723270563838,0.04960650222183717,0.12721006291888814
-12337.244793908147,0.9950587279641974,2.839279162256055
-12337.24427732621,0.9940783693144826,2.852591421697211
-12337.247297512777,0.9987111587848136,2.843975506154295
-12337.261862241878,0.9883829385939882,2.908736735874463
-12337.287191435093,0.9877197825714862,2.883966356359972
-12337.358546192901,0.9804692487208725,2.6704679650294683
-12337.447398053298,0.9863405258458827,2.3534583148977024
-12337.570829489712,0.9857734984836708,2.6674534845685898
-12337.767236027554,0.9710134777911211,2.573126658554239
-12338.435083803006,0.9336781667871237,3.077291798375512
-12339.532966749983,0.9910590154903417,2.9792006920415997
-12341.779057542013,0.5732799748260758,-2.13855851416203
-12345.046188543916,0.011781887405794646,2.9204445529651863
-12350.749860058546,0.9014981009254397,-2.814337004218428
-12362.068027142855,0.40462729611269355,2.234482368035099
-12386.537084558437,0.025108533926690914,-2.8217096429816033
-12435.115364731213,0.9994269150119723,2.6671624054933147
-12457.537068418049,0.9992237335968721,1.8933152933358288
-12457.533501830643,0.9990820973055234,1.88860995592864
-12457.551739018856,0.9927633183511101,1.9720412908855485
-12457.56204233958,0.9968538440029262,1.8770365945742213
-12457.55423155566,0.9971063345433736,1.7653927823052697
-12457.584384891836,0.9976889925936089,1.7801430686344553
-12457.635567383297,0.9943006092794939,2.2335221173619537
-12457.73546128247,0.9986488781162518,1.8542514104999128
-12457.741422725514,0.9738601293228812,2.0700374320908033
-12458.191819386675,0.9982301939136708,2.3512562150556784
-12458.386194201405,0.9986379810866273,1.1330839818483085
-12460.259216020027,0.7633976622056454,2.6469923895304017
-12463.066996624804,0.016304612674169983,-2.6902607646695187
-12470.488559915591,0.9954734713669134,2.428287456591459
-12483.31973930372,0.0008147905627424318,-1.9314307144903677
-12508.093265233854,0.004978754661974016,-1.8745334358930423
-12558.221566386483,0.332390996656102,-3.0168300925594718
-12568.820298663228,0.1373502158091853,-2.8767051557105234
-12568.825487289836,0.14295967029455953,-2.8925588990275983
-12568.831549524926,0.14600051060783573,-2.928452744928508
-12568.835990914804,0.16026659652446734,-3.0051595965295417
-12568.866552025562,0.16450388921534786,-2.9939648749794223
-12568.918410706001,0.1781527355945751,-2.7871703043767915
-12568.919214174382,0.1808301178461952,-2.640573938735343
-12569.063165573354,0.11307693009026504,-2.566917522357958
-12569.326763343224,0.006372405340062714,-2.8967873770121346
-12569.655607477538,0.005400492976998812,-2.076234072239165
-12570.616526102733,0.008606593509510206,-1.558166514409458
-12571.31651394372,0.9866609921496546,1.220709960856592
-12574.669164495062,0.000233715447464063,-2.3367186336827985
-12581.017861918464,0.13961837126187654,3.0433646682423356
-12594.588219877995,0.9964658544693329,2.846338846379245
-12620.128426945024,0.9936837020846018,2.3801847867537447
-12668.781493494016,0.018109064829033225,-2.2539051215888803
-12691.494397566083,0.9993122912940225,2.283915043257638
-12691.504459585482,0.9993122912940225,2.258186178406481
-12691.510962519626,0.9930384430748569,2.2930852002007605
-12691.530850273808,0.995134224409516,2.3394531554778375
-12691.555603664865,0.9913117150952883,2.4064917557013237
-12691.586499051347,0.998146729260278,2.152723087762718
-12691.658440391218,0.9980286126475071,2.337103997359929
-12691.726517881589,0.9951684336495198,2.0064497437247333
-12691.960990553376,0.9946347259729972,2.6721293901323016
-12692.536785601038,0.9504854240376515,-2.4446089301991902
-12692.787919520482,0.0007902446898875545,-2.3805765923178903
-12694.345361194288,0.49843183675578717,0.6372519399609198
-12691.325399711106,0.9956096424355387,2.2667947801385715
-12698.06703069464,0.014186263509817727,-2.659735008751729
-12710.891999740568,0.0006390286113871373,-2.4829656097987107
-12737.489703498559,0.6124194046932576,-1.567835705180632
-12784.509309907326,0.9041755802668684,-2.7224762836694
-12807.273515369177,0.9945796675093455,2.212744842310795
-12807.276317082311,0.9924961115728154,2.192102829586954
-12807.269189156194,0.9940813186036492,2.206792378856825
-12807.282960444816,0.9973798908384025,2.1147412580030878
-12807.268609440818,0.992953454702504,2.259368464073752
-12807.26510534542,0.9998651004711141,2.0812622137152736
-12807.290350853806,0.9974534678995309,2.224060350302972
-12807.39771279695,0.9916241696664712,2.3151632351204654
-12807.702224019004,0.9958516076947208,3.065790595068724
-12808.259839614871,0.9709753976947851,2.9988144816402826
-12809.335083739259,0.6533823644633916,-1.937795014077423
-12810.592054535031,0.9494435189564036,1.954340562848393
-12813.65235298531,0.0007906775298732096,-2.1047710752375535
-12821.05614643386,0.5591136364831587,-2.814356708945575
-12832.919635102307,0.9137030814577692,1.526839615372789
-12853.879975356014,0.5861811086124478,-2.8551659607753903
-12897.97817098708,0.909555480664027,1.6159207128451563
-12913.783222211558,0.47990327734794463,1.746245929329218
-12913.779989716446,0.4801110922070978,1.7779387926137726
-12913.772178621366,0.4963583777470756,1.8176699441400048
-12913.77011919658,0.5152935413877116,1.8599441853036458
-12913.756176071862,0.5449117932153085,1.9072549110287476
-12913.75780274983,0.5929498403436185,1.8612005478354599
-12913.75105084367,0.677269617916107,2.011085376470744
-12913.745087567546,0.8413642371453733,1.9041003123739628
-12913.932025138749,0.9948071056717509,2.559356942940573
-12914.391192839212,0.9803226805542975,2.8020227032412457
-12915.51909467827,0.9792694040985523,2.7181434904024204
-12917.019376833216,0.9998158695012924,2.119287026389256
-12919.65086617785,0.8388620249593457,-2.136390615144385
-12925.212214932688,0.0010541243275026238,-2.8289546235310508
-12937.607101525178,0.9968521983526322,2.7916313973863076
-12964.471974681584,0.003009346254456668,-2.4856650515619956
-13011.539880009988,0.23248327972192848,-0.08543631277229347
-13029.533976557366,0.07016738403250015,-3.1031160306391814
-13029.535291368738,0.06700060576082181,3.1273898714792185
-13029.530166686809,0.07210484727342983,3.071653044819663
-13029.546363573982,0.05859036227911404,3.1350152437872856
-13029.545002276009,0.06239023957875191,-3.0340722501510844
-13029.620601078956,0.042427290356901154,-2.9136929846981157
-13029.66067809807,0.0005397728325887158,-2.405071256290872
-13029.781571575055,0.0023152979988021903,-2.647884722998871
-13030.077335512937,0.05061928240792521,-3.1200823727553164
-13030.583359019294,0.10711611798721143,2.2007012119935165
-13030.799404657735,0.9945015431926902,2.1654765743659414
-13032.724956448403,0.9905845127477284,2.4847898033608207
-13036.034436629388,0.9978028010771886,2.167206108738986
-13044.006313192805,0.9995494038973198,2.418274114242233
-13055.538132122872,0.9994334796172417,1.6749024165175754
-13072.33173046856,0.003443457783747455,-2.1927488052486166
-13112.185439145123,0.5441876463204437,2.4399800431996006
-13133.13613122549,0.9906013258140702,3.005390444017679
-13133.138127091599,0.9953674175769825,2.9552545097669114
-13133.156607524717,0.9976317638979462,3.020203804424902
-13133.168324130093,0.9831548322947274,3.134527659775328
-13133.196536659463,0.9810657738242249,3.096180031962298
-13133.23320054675,0.9989065204287406,3.137409600148228
-13133.293130808224,0.9693396210385905,-2.56521519625898
-13133.383988532329,0.8431891425136688,-2.2943832489262324
-13133.236756942673,0.6482891233793362,-1.3261569079260653
-13132.502750205527,0.3056452177951864,0.18965217706788895
-13130.670013863326,0.5106998200630369,-0.4366757145487554
-13127.562386726931,0.24881814435244212,0.44419808557406215
-13129.281260328407,0.8509167026925416,-2.246161717094503
-13134.559924297198,0.00030724337071017264,-1.7122603514371972
-13145.606414164225,0.9790122281685115,2.7637631922079198
-13168.479173754535,0.009181114392619063,-2.6267039112162895
-13217.231367685934,0.0003609054581645817,-2.094956930162997
-13239.121490071988,0.05180563179988591,2.9624461357387926
-13239.121627930366,0.04836563636628766,2.963477120909893
-13239.124865311001,0.03739207463901523,2.989727563061523
-13239.137975288388,0.03143349153822034,3.017307691036647
-13239.1510324416,0.03676847774213025,3.1390981458891005
-13239.214458163866,0.03390316539554697,3.0683179839179644
-13239.307053818511,0.000861289581266754,-2.93383533182025
-13239.41610821239,0.02474969010137849,-3.1257938411452377
-13239.740131629127,0.05395891817113073,3.1083158771186117
-13240.074107166698,0.4210279150268627,2.6132335237357296
-13240.85554410505,0.976733054343331,-2.607898029156928
-13241.206318543102,0.0238043622441898,-2.40494518682447
-13245.103938953753,0.39716239868332553,1.4287771092264183
-13251.078212692692,0.002201499381548463,3.037493157664956
-13264.536772723774,0.004540241667008351,2.6501520777247594
-13282.288618531553,0.005164432769214081,-2.471883463192647
-13331.057016112914,0.008314048940221789,-2.7052208535101974
-13353.48362810425,0.99469628380078,2.982866099435869
-13353.483300421645,0.9967394612757627,2.947822766699126
-13353.486740415716,0.9952197763940916,2.9474145444144817
-13353.509588822633,0.9795533300542497,3.0002978486747667
-13353.515604532558,0.9842446288910518,2.977128360518658
-13353.55920345456,0.9809471360758086,2.6840421043942584
-13353.649798349461,0.9953737255185504,2.7037736450324505
-13353.778752631386,0.9960815723241365,2.5734828886074865
-13354.167151604563,0.9938433886858873,2.9766185638642355
-13354.618825021918,0.9670804468660398,2.5787441962693993
-13355.427385979088,0.6295930755368435,-2.21633654340475
-13356.288297179697,0.04137342911552152,0.028600978398377386
-13355.57186576657,0.002314520633244163,-2.3605571751250536
-13360.661356675095,0.48207624593811255,0.25019202031889076
-13367.550139098394,0.7808896882992761,1.6893269865930565
-13381.485098611272,0.01771312590065849,-1.8998607641562508
-13428.566427601369,0.6481586809936782,3.072707757323279
-13454.602320064385,0.944363116036248,3.0914305828364963
-13454.599132645288,0.9426322862972375,3.0722094976355923
-13454.598473349804,0.9405481223343309,3.1164687845295207
-13454.595677506979,0.944541131601023,3.1150972544493785
-13454.6193129183,0.9443199463149198,3.085697709655494
-13454.648641395179,0.9633408332440749,2.994708401873398
-13454.691577373193,0.922117916532798,-2.8048897640573225
-13454.79379154658,0.7986045463033719,-2.847834564284564
-13455.047226694749,0.8038966016861168,-2.891053163469142
-13455.287390784846,0.4004323737627194,-2.5965090937638564
-13456.293701824967,0.19349245311842245,2.786312870961021
-13457.456648738833,0.9982860941915472,2.3608166378157165
-13460.653286145556,0.8393311287812701,2.8887968128535757
-13468.221674855646,0.14470478751306556,-2.955614917493696
-13480.845939164426,0.9995894529490948,2.073976937081465
-13504.420720133423,0.0016964933668893035,-1.9524073757696792
-13556.9376144405,0.09597551429199049,2.716305823089759
-13578.115090248786,0.45379210402239883,2.724040244938534
-13578.117980984773,0.4515025963151606,2.676707283788181
-13578.12694788368,0.459915127904599,2.6390885047166854
-13578.14059823949,0.46374385319082223,2.698506262531577
-13578.16685082919,0.48173607394290857,2.9148084006217427
-13578.183388941923,0.5212245935977498,2.7034799726647343
-13578.231959502347,0.5773899171161153,2.510299647408334
-13578.329173636308,0.66230620104041,2.642465837879689
-13578.409063616475,0.6976788110875651,-3.0985812132575576
-13578.86648712311,0.8987827045704289,-3.0534464574014626
-13579.659773448482,0.8673081354297393,2.474313316025456
-13581.376313610343,0.7810711723113596,2.8226344150016622
-13584.544692748284,0.45510843099004666,-2.6187125237684015
-13591.129303916347,0.6608998857016427,3.0463557151762295
-13603.215139360855,0.9969560024659015,2.0442677741570305
-13625.986561344136,0.0056080744469966075,-2.5054008564581203
-13680.76337333819,0.9985776696180629,2.0861831315706283
-13703.260970595407,0.059030428879013816,-3.0956592509383247
-13703.259294653808,0.04856963863699388,-3.1385748253484658
-13703.254568270153,0.05282687416459831,-3.060555848418696
-13703.260923906804,0.05276789206642143,3.1317234699683842
-13703.261460046986,0.05554941283633987,3.035256648625869
-13703.285281701095,0.06409353182821335,2.774402080031468
-13703.345905216853,0.08517844717899137,2.6419167176763043
-13703.482139660262,0.12113803994662743,2.6321887723972583
-13703.712591976851,0.22894985676364515,2.586195638488358
-13704.003667451792,0.5996840285518269,2.7181839476912657
-13704.597611279707,0.13114094319689962,-2.3319806598467716
-13706.661713471005,0.13595761618218138,2.8437618262677304
-13708.47628551013,0.9301949278966792,3.059937084606668
-13715.17147416837,0.9874494747756483,2.4895090059747327
-13727.854305647517,0.972053879689325,2.8987726705723356
-13744.431467567878,0.13074031266732436,0.272365549423073
-13791.660943104946,0.7655104756461996,2.2814235024538725
-13811.297822791646,0.6137824282153176,2.058379473980052
-13811.301729131164,0.6261887128107297,2.0603886328226793
-13811.302623228568,0.6239015670324375,1.98184497439145
-13811.290826381513,0.6388434701519526,2.174882961258329
-13811.29429735492,0.6500202131331981,2.0269707138838005
-13811.310787887052,0.6990788742779434,1.8906934669617872
-13811.333814535106,0.7521349736616393,2.029049267302134
-13811.38883756046,0.8619843877984027,2.0789217531951536
-13811.63148581399,0.9572474325296995,2.8993234069737293
-13812.146936406603,0.9562908621285078,3.094733037437245
-13813.424470328553,0.9641356805948467,2.8630518300514307
-13815.543997592007,0.9255176610554007,-2.8077007680338113
-13818.264218843371,0.9911060161581698,2.188848877465455
-13825.129344494359,0.9675735710687049,-2.6141107210324224
-13837.555060849907,0.0657812931158153,2.609456346651414
-13865.234522150262,0.9156219269799293,3.0009417517918138
-13910.166509800638,0.9074496021302244,1.3608844997395861
-13933.715232923083,0.6492858885729631,1.675731864536611
-13933.719432419812,0.6484489027519175,1.6904850182336038
-13933.723867795317,0.6454927492934254,1.591476452603807
-13933.703244850278,0.644622582183006,1.5204033057046802
-13933.685585532658,0.6719650459426084,1.580237251250015
-13933.652098108647,0.6896020662202133,1.856876011987227
-13933.621034872338,0.7507626587575238,1.9592836199306038
-13933.631898552876,0.9162790839066517,1.9581876521462362
-13933.636728459927,0.9969705978197957,1.7012218483345416
-13933.884402501046,0.9960632266634445,1.8759201408115374
-13934.77245599484,0.9957582270562049,2.531324069215003
-13936.167837594761,0.0049299227504632,-2.5307273150831784
-13939.999549753007,0.6463696022247396,-2.247688048194073
-13946.204270374192,0.9860128040135558,-3.088770198989027
-13957.465295903412,0.013134026517285347,-2.323510118503319
-13982.973261730394,0.9376561720256754,-2.6287204499594785
-14028.145087433213,0.09672792417656872,2.3953954904023433
-14050.144758444425,0.30073303178416155,2.6539559470300667
-14050.155341482045,0.3080646880200474,2.702774174046783
-14050.154603365045,0.3124184100824711,2.828464484807416
-14050.149082655544,0.3163367349578549,2.7108450357077354
-14050.160283764797,0.3496337498514477,2.570298801764216
-14050.125933474614,0.3758568717023055,2.6014836526769223
-14050.142125839502,0.4238170938589742,2.270778579747235
-14050.10586020328,0.6262379616195287,1.584104418522351
-14049.927857995595,0.8417293701955124,1.5188971978413655
-14050.101695007736,0.9950319248737302,2.2460339716762494
-14051.424438699953,0.9999526085990909,2.664616331111519
-14052.875933522451,0.9930186288714088,2.510036463596374
-14056.03818155871,0.4143679192640985,2.339015942255066
-14061.914843922941,0.9936371917630973,2.2684955243126055
-14075.603866234896,0.01867363762630768,-2.7507180593141736
-14101.835018333793,0.9968612381107703,1.3935063537454067
-14152.403232561299,0.0031199599560013534,-1.5464420970612176
-14173.298187451135,0.011227173489474322,-2.4510510595922974
-14173.298996276144,0.002706240574207909,-2.470858951843578
-14173.300454078608,0.0018189065649219687,-2.5221325008146858
-14173.298407462817,0.004769724482519585,-2.5797457377200055
-14173.335295764942,0.0038780991223942023,-2.595224250479543
-14173.341902898936,0.009772990488050262,-2.6797521747349955
-14173.363918665511,0.000849904938644014,-2.365467295807758
-14173.487144259429,0.0012542965319421462,-2.5595905908965526
-14173.772282818993,0.005763201614643155,-2.6946599632927444
-14174.275804887588,0.2335651821480644,2.541172595666932
-14174.76697630588,0.9746902691581236,2.97047284318203
-14176.684051824319,0.568632833835374,-2.9316692666205655
-14180.303482397048,0.9935977918237041,2.996784411580637
-14186.036824597179,0.03340458840768312,-2.818431011101029
-14198.341203857099,0.9993788874237,2.626161813735383
-14218.816976567005,0.9798627969563682,2.7730628568882763
-14266.643182873637,0.027547384641028183,3.0280086670722364
-14286.451468792264,0.4319800599631845,-1.3861701553281938
-14286.445936757142,0.4325471655234552,-1.3436457370771226
-14286.442670936376,0.42853048001824595,-1.2584932359960397
-14286.438684088258,0.41233198098739254,-1.1110962351607614
-14286.41841256966,0.40540991692139466,-1.249195884016068
-14286.372927735809,0.3731937901490463,-1.4757378220284243
-14286.386596684328,0.3228419526227349,-1.6262072268944314
-14286.315162253388,0.19437970706944052,-1.5902191336172709
-14286.312803882802,0.002014211394613596,-1.8801240421772667
-14286.865158762133,0.012343370733227135,-3.003232938125893
-14288.090022853483,0.12953251639550462,2.934639424159097
-14289.981975645656,0.6371413665094463,-2.9135144832176163
-14293.536839788632,0.00406684964188671,-1.9040003219006352
-14300.883666850801,0.0018372441338232169,-2.2641966067602812
-14316.081063357648,0.9545905829583755,2.974526421575833
-14342.199903421402,0.32276569356514523,2.2756353246756227
-14393.029166959048,0.9946895612564022,2.5785042367862836
