x,y,theta
-0.20957180091148872,0.6104981157410238,-0.9658499560017928
-0.20903949578957265,0.6067771899290497,-1.0309980120599174
-0.2081848671944865,0.6030857752992318,-1.1072530437384334
-0.2047568112353342,0.5673801640864479,-0.916272777669632
-0.17079984883729193,0.5526697724178672,-0.9064545125583607
-0.11376892359123494,0.5407635515827949,-0.614271468053524
-0.03284190947763359,0.4822545914801253,-1.2258703165314808
0.14387057477558374,0.3651680760504298,-0.7311233957847323
0.5128587825285704,0.1710188212367048,-0.3993489278581719
0.9059254344626521,0.0034887297534981166,-1.3427740894703717
0.4223462335120153,0.017042534280409225,-2.6296589959638488
-1.2184544881359258,0.010432536422963115,-2.8575288541681023
-4.7845602578678115,0.9547760423032887,2.9327956715888437
-11.24332312203755,0.9979886551813852,2.6076088367114334
-22.218615310544195,0.09293897200913807,3.1225430845893545
-47.05841575712128,0.18890059925716793,-2.943276541767547
-90.45245331495823,0.0019135448457176013,-2.35347485468919
-111.95469820749328,0.012012536420888797,-2.984690379329679
-111.96497027769027,0.010008688110416412,-2.967680447719018
-111.98239710540693,0.015708960853791698,-2.8552035846719233
-111.99087381537662,0.02032447671674049,-2.7371266907453835
-111.98849068095359,0.008521953922751136,-2.8153932913821453
-112.02625683682193,0.001694279867771873,-2.7726407876975494
-112.08284673635258,0.02182744420673697,-2.874978924524237
-112.21977103488022,0.06886635439095455,2.4151641780998707
-112.50255226749691,0.1722586494674922,2.7034451981939025
-112.71534809230916,0.7379081471008362,2.182453220225211
-113.32839995786435,0.7061014148136631,-1.9324534708620085
-115.30070491517827,0.006981180629034233,-2.8742982028976205
-118.2336025463531,0.582856391859963,-2.449458239809918
-124.82838054118021,0.007516009088815376,-2.340588686115855
-137.30972221150554,0.6378141455390692,-1.9654655129124554
-161.53704973712078,0.9991254725526582,2.164995361637976
-201.73868925080816,0.9962606311661693,2.337010959074595
-216.5090007238283,0.9891400947117421,2.6102536079896534
-216.5105470255988,0.9924301646411882,2.6726056887567005
-216.51405608550846,0.9979818877733684,2.67481302573906
-216.52167151138403,0.9911843674773461,2.6750676675223737
-216.5582045535956,0.9974050932614225,2.770107715674678
-216.60803126224025,0.995338167849462,3.0852881832394363
-216.68108904172004,0.9882516116954465,3.045151719799108
-216.79091220797525,0.9930022950875217,-3.0609890210375355
-217.06174027040845,0.9926789699894817,2.752334244726586
-217.56428107471353,0.9870747432680486,3.048932506740192
-218.38715024785242,0.28246782894645783,-1.5456269730291428
-219.42096942372385,0.9953385873187784,1.3279534101376997
-222.10812783497758,0.12687668137071265,-2.064661591209664
-229.71259098559602,0.0012296697185119809,-3.069397357516614
-240.98050243455813,0.0821885307038914,-1.476427136377128
-265.3732193510536,0.8135066455191323,-3.017377381906923
-316.4880335481407,0.0028069741524090167,-2.7637877441483227
-340.0297794112433,0.7192605881557675,-1.902574607968407
-340.02405847212526,0.7162131889716936,-1.8944822671974733
-340.0304389672146,0.7101017421567276,-1.8336314823948723
-340.01992164129734,0.7037179577361687,-1.8274570190268473
-340.0178821118128,0.6831218020250999,-1.5844206327123513
-340.03728170656797,0.6478535604986088,-1.4842781516004881
-340.0368437080743,0.6282749744848273,-1.463953382521266
-339.9588582722129,0.47712311975387744,-1.6003560786810356
-339.88747403932956,0.11012035938848337,-2.196246521077319
-340.34071840307496,0.0026423511820628954,-2.389257015606715
-341.3515506016708,0.1348485791290062,-3.0460391583032482
-342.9831162902036,0.9940769546287735,2.5774865623933065
-346.5907221807985,0.24161766452471004,-2.940339072610054
-352.67481989386516,0.4194387232353289,2.7894185195893577
-366.4135767178409,0.8378207504723179,-2.5619467227772916
-393.14787148346636,0.43171125197290594,2.2414982200713753
-443.1695420401338,0.8325162868235326,-1.9622794322232882
-464.83026038073103,0.03192592393706489,-3.060216556728033
-464.841823569486,0.03229045270490094,-3.0062520182794916
-464.8434421282605,0.03710618832078013,-2.8879692092255937
-464.8655937878587,0.025392235337786593,-2.960706774209732
-464.90043859575314,0.01622648928813249,-2.8558510653935487
-464.9509348985772,0.014186490556881454,-2.738014120954193
-464.9745889882999,0.01329865100467666,-2.618470683408169
-465.1311055692634,0.003683932147095611,-2.479848568348096
-465.3687057394111,0.007364701291006319,-2.5421630318431467
-465.8993272735121,0.015865200473443364,3.1012183694301267
-466.9664838783345,0.004904112129210528,-2.877779774917884
-468.78807206448715,0.002061004260943538,-1.7441362677275332
-470.3745881029564,0.9995152236640708,2.2833565668236533
-476.15279123964217,0.1548015181887494,2.3960120267815412
-489.05105009146155,0.0029461219778051497,-2.619795304999028
-512.247417679028,0.9385564174307983,-2.8420347134465422
-561.4618747960627,0.9984463327248028,1.3025863142979341
-583.3453307397444,0.01495467932532526,-2.8515234366298627
-583.3475424587174,0.015011847859740076,-2.869153195087745
-583.3570427592371,0.016844356257798676,-2.751252389481926
-583.3653988792049,0.008846175845231525,-2.7523338155184334
-583.3838549316281,0.0005367070913199675,-2.891677591950286
-583.4154163846348,0.004627084686014629,-2.948072105441944
-583.471726432801,0.012242068353677207,-3.0777412429604873
-583.6424241592848,0.050550551123389256,-3.136098027514029
-583.9508049856264,0.014514329607313784,-2.9978702989997825
-584.3515415946067,0.31040525112312706,2.766901517040381
-585.101706402807,0.12383975430047829,2.95787949477627
-587.0211292827202,0.9154475637675017,2.9833950103996436
-587.5279934136144,0.20207799578817692,-1.9080547180791723
-595.8863790556828,0.018343646600227817,2.863781091717243
-609.7189816778921,0.36692124798831244,2.332813510851892
-636.2858457103554,0.0044843638123693574,-2.99590306682136
-679.2676362320245,0.23037447252031706,2.37329953949469
-693.1052885080305,0.3057939166641281,-2.6881049311813143
-693.1020509862199,0.3084557206236791,-2.6062725853378104
-693.107024292332,0.29690442329503935,-2.5796595498830834
-693.1258669835478,0.2905938023101173,-2.521794646450442
-693.1485917496022,0.2737006226093343,-2.453832795156632
-693.19365221232,0.21736448988633472,-2.438539495768993
-693.2454924849675,0.19483608258096696,-2.5650243088335127
-693.402327936322,0.09298087797656035,-2.8793933750546197
-693.6223697376394,0.0012795548876754284,-2.470484814683971
-694.1366775854517,0.08152916466606444,2.9666740716998152
-694.5448489221332,0.7593791125270968,0.5289031980388845
-691.416754038694,0.9976367202781095,1.072344113974065
-694.1161557737212,0.0005346272966893608,-2.46486941972417
-700.2322437933104,0.6720424879509864,-2.3138289727078956
-711.312764198075,0.997040129595496,2.559586465528618
-738.0435698345673,0.058740318270566236,2.920387884183974
-783.1592286313299,0.6303291623665056,0.4284753674895425
-805.0017232647394,0.5907473507490564,-2.1284595023085564
-804.998543122127,0.5858238777293917,-2.1612206562506695
-804.9960969695286,0.5873845579651609,-2.2265505123287794
-805.0021977958239,0.5978417039664072,-2.315827150985729
-805.0094463417348,0.5978039101370869,-2.0924857140330544
-805.0265863684385,0.5577844482561835,-2.282495518585366
-805.0259094628705,0.4871009819742989,-1.817264027901316
-805.006715083074,0.30416318651087804,-2.039443587554607
-805.1327767962243,0.06326083351780434,-2.5462106090271797
-805.4662995226545,0.009492569466053442,-3.034966309381602
-806.6665986055046,0.19097538825562707,2.9665685699547364
-807.7501684009992,0.9875804630821032,1.8288871384998693
-810.4375090001154,0.0048243555549149775,-1.7533216366641227
-817.9150976232906,0.337758337412422,2.6908072226136923
-831.7110228016807,0.00477196735470435,-2.122723223928512
-860.881177165974,0.12269070850030023,-2.985293856435677
-912.087958737073,0.21550129619503028,-2.1611739263651017
-936.5708925668288,0.007081031787096117,-2.529989815037001
-936.5682433706315,0.007081031787096117,-2.475562211792609
-936.5853671421382,0.0020924086042340023,-2.4728976008829435
-936.5893344183334,0.004491304481666705,-2.611664145815489
-936.5906642945373,0.003552854169782015,-2.5492446404982427
-936.5807044072034,0.0016334391323669776,-2.3713796284564856
-936.6743711168759,0.011904642682497628,-2.4470007287012407
-936.785907010459,0.006893743553491833,-2.4926403860422925
-936.9924030062602,7.028735613710704e-05,-2.016214525342653
-937.3431001519788,0.006883841492615044,-2.3714265752345507
-938.4210923464724,0.04367672909113753,-2.750429268557872
-940.1917914097854,0.006992171200622146,-2.4756007424619373
-943.4437078925105,0.9927285177760391,2.0320953584003636
-949.5099655734795,0.8304119283265163,-2.537303484075441
-959.8938202139204,0.00036636738949390353,-2.613642602966401
-987.3196896746247,0.8992403311103329,2.3213492809418224
-1030.6361647131143,0.0032293637990577443,-2.8076656175766357
-1054.019213548956,0.9289634148610438,1.5466049278443794
-1054.02093188536,0.9347050035127461,1.5246160274575624
-1054.0197207111626,0.9361034224999065,1.5256679240445576
-1053.9998613480293,0.934421839218852,1.524449470872466
-1053.9956179329952,0.9675574168754791,1.5404520413237082
-1054.0278793722046,0.9996620174821436,1.6259207444265966
-1053.9933093401064,0.9956170321583699,2.004135151904748
-1054.0287018676543,0.9995651484407435,1.9924057170075562
-1054.1643158501172,0.9992670847278299,2.209071183126161
-1054.6254414827522,0.996259971199463,2.1903517070748784
-1055.620934611572,0.8708428131934153,-3.0655203197096124
-1057.169559009676,0.0007153894823684719,-2.260618537779051
-1059.748477137618,0.9951029954809024,2.601239648402827
-1067.8643485703935,0.008581329824264652,-2.7165863924671085
-1080.6105558641686,0.9894037394629925,2.7762936522558075
-1107.0863081118848,0.8651855814175434,-2.7022212063164677
-1157.2611737344293,0.9954478574985719,2.3233988201079994
-1180.8190545373052,0.9817525261717099,1.8105509661143664
-1180.8125039712725,0.9816013594559827,1.7260202647323881
-1180.8089455811164,0.9902293588047991,1.7777641584776918
-1180.8199172721188,0.9989441187506535,1.8615753997039803
-1180.8166223138646,0.9929057754799957,2.1527029940406557
-1180.8148155144256,0.9841078894188011,2.252619506646867
-1180.926536277157,0.99381865523955,2.6962093306681147
-1181.0416333131552,0.9973525127748687,2.388488088422145
-1181.1991281564976,0.9975150365100818,2.506419869024593
-1181.6214283440468,0.9957154617665375,2.9137113165989614
-1182.5602038580482,0.7423295001315714,3.0882154543259714
-1184.8004783291246,0.9453451506555355,-3.0012616635748413
-1187.6433735101564,0.004176980653687615,-2.4963562949304703
-1195.734250201825,0.08869260936736646,-3.0248550994886148
-1207.7350581893993,0.9945128291764298,2.2092352948754224
-1228.8164487804397,0.9717166627430996,2.977743828553942
-1278.711113231433,0.9219843077577047,2.9855339763737394
-1302.1572357739137,0.6127500871037644,-2.0674035530296946
-1302.1539124524647,0.6114191407809911,-2.082433931672016
-1302.1574839561974,0.6141649573766679,-1.9576423898994866
-1302.1716532806486,0.5985317072154783,-1.9292273380850071
-1302.1762662065678,0.5512814747004318,-1.8732185281926874
-1302.174632470351,0.5127314759954128,-1.5331170067851214
-1302.1533327790587,0.4226115933858653,-1.8455686885832612
-1302.1414351900385,0.26666690201557514,-2.0299659442977322
-1302.2230606621597,0.020618391900494512,-2.11775391116058
-1302.7780434557023,0.00769585477484341,3.1066387624484646
-1303.43539669641,0.7803064471849523,1.5921463359801864
-1304.1712420240426,0.9882982051008513,1.7569263704464007
-1308.1164459624013,0.97515278670716,-3.0509743345442204
-1313.8933447833917,0.000592735259555094,-1.6412481717697818
-1326.1143704402368,0.9953862341776792,3.0595022858735277
-1345.9775214400504,0.9913382335980613,3.077825817245209
-1392.3733853398612,0.13278689672048768,3.043060674740638
-1405.820638305544,0.0039080301140635015,-2.2046985895588938
-1405.815040155255,0.002529542430732114,-2.190352793833394
-1405.8123497370618,0.0004694318603167356,-2.2422992315124888
-1405.811967945948,0.0004694318603167356,-2.2437628484549204
-1405.828738068105,0.0063514899193335755,-2.331530397257316
-1405.8753974433534,0.014009112392794043,-2.7078099629547348
-1405.99315915919,0.018449197671918268,-2.7424799519855694
-1406.1801128113016,0.0005705261661393293,-2.8937138718646116
-1406.4374135138214,0.0038639925881121164,2.9748167700459582
-1407.011045855387,0.03486185620757732,2.9617091226472416
-1408.1293626574811,0.27812449449500837,1.7943516681957075
-1408.9188107862783,0.9988799451581755,1.9413941483764887
-1412.2869320112022,0.0004307860764123035,-2.157630415104433
-1418.6152230843834,0.05168804679103283,-2.4236902136644836
-1427.1494879146662,0.9881398562782339,2.739815393518123
-1451.9569214783041,0.26261598636941036,-3.0279249538007336
-1498.937692934116,0.9924408766994215,2.714390666957213
-1517.037611127941,0.8187058903330655,-2.7595120647868563
-1517.0354784332824,0.8209335404219428,-2.8151843513277606
-1517.0340588407275,0.8158787332313111,-2.871825794502881
-1517.046152705221,0.8144565512161783,-3.046166369904852
-1517.0825621215313,0.8281737438229597,-3.0035770176535297
-1517.1063223532171,0.8247880886127967,3.0908789010629842
-1517.1884682725406,0.855181134058045,2.6823438472067496
-1517.3275866314573,0.8966268015876107,3.120560722574039
-1517.539500449398,0.9894663307779848,2.5938668620741296
-1517.8961167543794,0.9997708339718153,2.2759107855587537
-1518.6967942609897,0.9984483383165331,2.2321702458871897
-1520.1335485022398,0.9841621775066248,2.628993483750598
-1523.7205404196122,0.06916927153407007,2.484121220868781
-1528.597841375637,0.10069520041913306,-2.4377512055720376
-1541.1630718898887,0.45418937208557475,-2.189929966173429
-1564.4394546064946,0.7604011374050671,2.93491807992028
-1616.8108271461601,0.16553460398777045,2.3365539964461126
-1639.5361064049366,0.005314177104367128,-2.651520986276722
-1639.5349871275398,0.003005266214234556,-2.745029659802761
-1639.5426499018563,0.006485208044481098,-2.7911458299956196
-1639.5566771523854,0.0002310567837287672,-2.68819943507758
-1639.5671180732588,0.014661265919561189,-2.631993529025829
-1639.580750033245,0.0008133179230484016,-2.479886359379058
-1639.6730057163697,0.013066643962607647,-2.8143114681648
-1639.8703558639068,0.0002573806654770682,-2.823200714651018
-1640.0979782516306,0.03203151371023026,-2.4419624570344216
-1640.674424180552,0.2008867885516422,2.774173039336824
-1641.3045869822115,0.584107379990811,1.9899024101605836
-1642.7492751924378,0.33509930973516344,-1.989728319316281
-1646.4551896610476,0.9897595359189844,2.2520634385727396
-1651.4477957182858,0.9692671348179003,2.725273120313851
-1663.4360733510662,0.996739956004073,2.2946468667132507
-1691.757035205544,0.012274112648008838,-1.702648048363084
-1745.0404384922965,0.01836766861837049,3.0984005180117435
-1763.3580444706315,0.02236277191288791,-2.6884343628739313
-1763.3653887213204,0.015135677282301675,-2.7261792692418565
-1763.3665701982318,0.010675702901709938,-2.7028111371539
-1763.3823998306477,0.010045530523657397,-2.8176907745545576
-1763.4048769509852,0.004482042752757519,-2.974672153487422
-1763.437410267032,0.04657872164527865,-3.0007266692300774
-1763.540878860316,0.021725353400968036,-2.7108113243145224
-1763.6967676176205,0.009341092875525326,-3.023612109260755
-1764.0242482335238,0.025874731009731256,-3.087886526116139
-1764.7222717324858,0.1531876021578248,2.0317457649811077
-1765.0900948256756,0.9930804865303359,2.542870197097203
-1767.1655184150768,0.9892800138820022,2.9144869741330712
-1770.3944117835865,0.3460778322709473,-3.037219575948649
-1776.429203948975,0.0014711503096479855,-1.7910605808881837
-1789.2327905873306,0.5219566838273512,1.6322362267116102
-1813.4006181125867,0.956932588454908,-2.983477197219881
-1864.281857692764,0.9984218480774464,0.767973520162359
-1888.120779042715,0.9870817125911504,2.4687270584762153
-1888.1277933908264,0.991105938390387,2.4191267437257338
-1888.129621236479,0.9999099901722118,2.4499821602730414
-1888.135698019703,0.9964324484422764,2.375861071783792
-1888.163409573406,0.9971368906101687,2.3349775770454944
-1888.1888283642747,0.9997749114836905,2.1891006921979272
-1888.2584503328958,0.9879215476531756,2.6238194974383173
-1888.4640653126132,0.9991601325200881,3.1355696702250535
-1888.731858253574,0.9993344659590785,2.456968215555987
-1889.1143147847204,0.9794859911883783,3.039865569385885
-1889.4743837535848,0.01221562369639309,-2.4923077057289182
-1889.3739830498557,0.9900235510190456,2.3822429515213326
-1892.186133569657,0.0023977891678758556,-2.299363867376183
-1898.3688608410232,0.7542758049888197,-2.106972579848126
-1906.9735269346004,0.7261056182232556,2.8319260519485123
-1926.7789652803372,0.034940632711299366,3.087595271814516
-1978.121334692674,0.9217802568778803,2.2581013242419097
-1982.740119219792,0.7387544882785119,3.0126554615590306
-1982.7427020755952,0.7348677282342668,2.990046534397184
-1982.7462492519946,0.7344907082204878,2.9894345614785864
-1982.754433207627,0.7452065462628639,3.0727889560400996
-1982.7725329148868,0.7417102698637137,3.08638293154371
-1982.76712784739,0.7228252903048638,2.9544559128499195
-1982.8463803464954,0.7035671635166209,2.9041039492155063
-1982.9787228108942,0.796539232923278,2.695508604284292
-1983.2493964099533,0.9326183003167812,2.2487020755996596
-1983.686461062284,0.9919122791162324,1.759401710660189
-1984.4464287977937,0.9589437322318226,2.974000870977526
-1985.088584295644,0.3976765752799343,1.9967451913908842
-1989.3634000059205,0.006074654556236934,-2.6323921721595607
-1996.418813629983,0.8481570483964611,2.978076734091564
-2004.646820429384,0.5117049599955223,-2.3775086926063045
-2030.1288739719782,0.03376176380967356,-2.7787948308184482
-2078.7675057382257,0.8444025144780526,2.6785472031848006
-2102.142934866738,0.3427888024798812,-2.859442952760592
-2102.139509993206,0.3410254980382239,-2.8451716571649666
-2102.143594636251,0.3482512132363008,-2.8103624878476205
-2102.1442697054326,0.36546950151476015,-2.7658129966561598
-2102.171835017755,0.33327130503422214,-2.5977539124693116
-2102.2039555128285,0.291837948281961,-2.701132643536615
-2102.2596546948275,0.2834060305644722,-2.7726404316030604
-2102.343894124147,0.24971524226727654,-2.4148632569909045
-2102.512084830308,0.0019737089853851713,-2.5841624788180275
-2103.13733885243,0.02015591859336803,-2.6021491151634915
-2103.7063099370052,0.38315055602561976,1.2490868901542242
-2104.661293820628,0.7193552956529138,-2.9995699307287453
-2107.6159191760676,0.2529517789798883,-2.416244786501738
-2114.9559058789187,0.43259263427579653,2.0214935164060686
-2125.5875377252505,0.993888439150066,2.8796076403041058
-2145.445227984868,0.9952328061637441,2.230482046253922
-2190.5434171534507,0.7564322026433971,-2.863728927413662
-2214.4165299537076,0.9304574758731156,3.097783270877372
-2214.4164495344044,0.9317133267373425,3.075809403055308
-2214.4161740154195,0.9343648009147258,-3.131284182491143
-2214.4318728155017,0.9321115513144476,-3.109642832147462
-2214.4567614349094,0.9223036221516607,-3.0668553026347025
-2214.4731905853796,0.8735707534163837,-2.930336995388975
-2214.5007660096344,0.8635117888170345,-2.755780196264008
-2214.613358957892,0.8013626106933107,-2.663065816934264
-2214.649507175669,0.5018544412852223,-2.1832231710155625
-2215.0359193323834,0.27375627107440115,3.0030137250075537
-2215.859743109733,0.707309055860871,2.9011074194604127
-2217.5406542968276,0.6336763143938117,-2.3474218705270875
-2219.6039489615914,0.5638258516198251,2.5086089115062418
-2226.682785214673,0.026040351547369056,-3.060172751114264
-2235.714829298915,0.038152346765595146,-0.9405020214512145
-2258.2868075894917,0.3360199474830291,2.2510534955680432
-2295.1305015224316,0.8599435475044351,-3.1260893842368134
-2318.044239165055,0.5087500287280063,-2.308976130456675
-2318.0384093344455,0.4977922444796817,-2.354609548271077
-2318.0395660887625,0.49826354615314244,-2.3309022815167926
-2318.046851110851,0.49081753498588854,-2.4638924262194712
-2318.0610135963548,0.5019353304076368,-2.362072494555005
-2318.0595837777473,0.487532678065261,-2.443117895993406
-2318.0550744047905,0.40584493649240055,-2.2257953452932715
-2318.128352334389,0.21153344197514146,-2.424914002883308
-2318.3373196451103,0.003963260767377351,-2.8851180141534414
-2318.824800080345,0.0008142171523089861,-2.2900537800039262
-2319.9964339004796,0.08631983034413193,2.6719560073715085
-2321.1179193017597,0.9905235077952135,3.056186093148428
-2324.5977591298724,0.001508934728631296,-1.9249407051152247
-2331.828635543022,0.9963067320876744,2.7966679393880662
-2343.0636491303158,0.00546656853391566,-1.968154540522344
-2367.411674118067,0.9219369282308908,2.453797085364595
-2411.4610029069745,0.997480475810852,2.253544397692541
-2435.321175429675,0.8114868960318481,-2.528755312725515
-2435.3253829725995,0.8115933559326792,-2.4385005582121573
-2435.323210981276,0.8029347161589191,-2.4967775381788764
-2435.313520861527,0.8073328090169989,-2.4572162919791123
-2435.3322172074027,0.789944749020528,-2.479914076713256
-2435.336811380781,0.7880110429140365,-2.4152965805216384
-2435.333172110687,0.6997955098340298,-2.724313737610085
-2435.337210778799,0.6441875957648738,-2.9620806960524857
-2435.5120719407923,0.5934207545309129,2.9573048475779533
-2435.86722123094,0.5454987761388623,-2.8988054993131107
-2436.5949568055535,0.29554224465254525,2.8182356698730615
-2438.364989112246,0.818272596710976,-2.428621913624973
-2441.3797236407077,0.0012249620957653945,-1.027260757805395
-2447.226549207729,0.2666121053132585,-2.193134398137703
-2459.777137894528,0.4486783953346532,-2.9716141912448006
-2487.0858188839297,0.4193666587546751,-2.6360441797377376
-2530.3808323764088,0.9455995585882367,-2.7144658575588276
-2549.438696287632,0.0059421753885524,-2.536046132091613
-2549.4407257020453,0.011090519102979816,-2.5451297355808666
-2549.4382902702355,0.005338696866113624,-2.5240603651420934
-2549.441990962477,0.0010007472503703475,-2.615650247724798
-2549.4543704265434,0.007656392645353856,-2.5139459968223092
-2549.515575462997,0.0018120077099794756,-2.5711202578553354
-2549.6014386809243,0.025361747329567117,-2.657047978879948
-2549.7533322419945,0.011938631485829989,-2.303862862510604
-2550.0219226803206,0.013122689676794258,-2.8473262661356236
-2550.464897931702,0.07016321025893084,-2.6512626721867383
-2551.543644197942,0.09891927682739698,2.7866423060766046
-2553.2757611692123,0.996239743439467,2.6325250958638673
-2556.594105752547,0.023286131499620923,-3.004773431525902
-2563.5695458592318,0.02942362954174657,-2.188424974815897
-2576.577946395469,0.011264697740954527,-2.926685078565258
-2596.712489403477,0.0830073718265416,2.2059668383913262
-2643.1969558882956,0.0006339303496759119,-2.114588667696042
-2668.5292573433503,0.5663453004717006,-2.909650095036209
-2668.5243259993626,0.5654647006286775,-2.8788931339280923
-2668.5289246700586,0.5567122128170445,-2.870851326927263
-2668.539961245649,0.5540191336719584,-2.9978290533739833
-2668.527091783725,0.5512790365639506,-2.711391202009108
-2668.5487665842898,0.5149943774659302,-2.4105839762729286
-2668.563987563735,0.47486577753987114,-1.832274036772116
-2668.4835585956907,0.3427760958873506,-1.683102169555729
-2668.641630432583,0.010659867247336427,-2.2136967852211296
-2669.203790351697,0.007416250136752083,-2.6954368252086907
-2670.163817333877,0.002400299322586714,-2.413505374784925
-2671.415256988037,0.9994145697522957,2.3859254554490876
-2675.3816383874014,0.1614520556587063,-2.659321365654002
-2680.9923074048033,0.9903977922802889,2.2136691940762256
-2692.718447504028,0.9935246537322361,2.5166756382650597
-2718.1220287491137,0.9994796489614384,2.127860624770485
-2769.4910721664087,0.9977298638904427,2.1100243874566793
-2789.9318949357007,0.005929442726275868,-1.1719075395996261
-2789.928413992762,0.0012432293584841844,-1.1130225178056614
-2789.9214257187195,0.0012432293584841844,-1.069273805460441
-2789.926660546284,0.0012432293584841844,-1.0184886963037618
-2789.9176275913633,0.004996707782320434,-1.11231268478037
-2789.869768129244,0.0033400551097865832,-0.8721787420126477
-2789.805716583683,0.013211111956789607,-0.6531300133741458
-2789.696024886292,0.005668958469096162,-0.3848245086635895
-2789.4776964301277,0.0007610499328662645,-0.7567249067365109
-2789.5632899741704,0.01786739836027361,-2.407221291762168
-2790.517901721853,0.037273412534646715,-2.7303058861165854
-2791.887387087714,0.99758006652912,3.090740986629692
-2795.2622593693013,0.0025101074436294536,-2.5274577072181135
-2802.313562453988,0.9984586831614789,2.8769665255941694
-2809.079486521861,0.00030725102786466904,-2.695829909120861
-2829.170884307064,0.02516482646044957,-2.935284447130172
-2882.2370745922403,0.36150135506028974,3.072181016045869
-2906.123763886887,0.7206320068079003,-2.8852889982589276
-2906.127734210874,0.7209415550544304,-2.8557915778665497
-2906.124623903333,0.7146389230533333,-2.7932277873626576
-2906.128185969085,0.7131337415814958,-2.6837059529686043
-2906.149748465258,0.7066461970309199,-2.617568097575881
-2906.1643126996646,0.7000808258979878,-2.3460157283864587
-2906.179750707769,0.6580027792481274,-2.2857546067452605
-2906.1941494399516,0.5704357920705123,-2.3194465744752804
-2906.261478879624,0.31601233843769483,-2.201612458573866
-2906.6023564043703,0.006316494765385935,-3.1035784408477536
-2907.5375423996593,0.02616829869008624,2.981936165669568
-2907.1998419993124,0.9994480669351267,1.7302180991679013
-2910.800148030179,0.0004975935894047905,-2.445252841681773
-2918.9257639509788,0.4717973411871067,-2.665084094735505
-2931.1428005463686,0.9942126840546137,-2.9964261775037375
-2954.3904911224668,0.0034712976215006573,-2.807641087548953
-2992.0388246472057,0.35732307015028003,-1.6759300221622564
-3012.690415666241,0.0033206878373296623,-2.3608073756321897
-3012.687921361857,0.002223192166433657,-2.3040769280003395
-3012.698023452144,0.002223192166433657,-2.369325461587697
-3012.7017657712818,0.0035985479817501323,-2.2672668847902235
-3012.688663101538,0.0017057688415222426,-2.1883941663866002
-3012.690082275952,0.0015173398628313475,-2.456890886666934
-3012.754786995059,0.00482294834813666,-2.632113677142421
-3012.8860902204424,0.00022061717389821982,-2.5031511068354755
-3013.047115598704,0.010390002097533591,-2.9479521280565173
-3013.5147813877074,0.03179140183398671,3.0983711227415114
-3014.473028415443,0.04085237221907882,-3.105871547137135
-3015.5201456217205,0.9901713984702878,2.245808134785473
-3019.3912113532774,0.9922564806516214,2.6079595872223873
-3025.1655208253724,0.9939027590208442,2.387022843988129
-3035.537239366463,0.9989759892847485,-3.054102726189551
-3060.312496287709,0.27173450225418244,1.7519078517119064
-3111.0561000990224,0.005604627887851772,-2.2587709370974225
-3130.761311606808,0.996581700038697,3.0213571296420643
-3130.762340824251,0.9952748516948479,2.9757043512607018
-3130.7593744854535,0.9918070830996926,3.0671883369949455
-3130.7759428692534,0.9973586679173562,-3.0866751442880638
-3130.8102303143346,0.9823005923377283,-3.024691114127081
-3130.858374657075,0.9934138784866703,-2.7890542092647372
-3130.9576052137327,0.965151544623499,-2.7588220302119164
-3131.099658335261,0.9385096510983257,-2.7172640786823825
-3131.187999243614,0.9329823452406206,2.378244500704044
-3131.6867220238146,0.996843057039123,2.6098862811321633
-3132.5768042579334,0.3010932801134053,-2.8556696582062067
-3134.4233186065594,0.3157427185605075,3.021159307134811
-3138.5513160774935,0.07270838818346757,3.0162673675758382
-3146.511331783475,0.783330474464632,-2.042333551714853
-3157.029928421622,0.8718538019362148,-2.2098653434730156
-3179.9565341145035,0.9770990035758789,2.607592722985183
-3227.2705026264866,0.9665975508252556,-2.8045078354898987
-3249.2919825457316,0.07383218340445019,-3.096432538714051
-3249.287133741986,0.07267213600990548,-3.034989606984804
-3249.29897853692,0.07412288043896069,-3.0798754984995145
-3249.2903069437443,0.08187140898834551,-3.0330159062698288
-3249.2971229403443,0.0815399342110191,-3.0695683457312497
-3249.3161971988543,0.090085599605788,3.099661604058644
-3249.3776642368252,0.09107857785013598,2.9905111275360383
-3249.4652111926553,0.152063512061091,3.0739344210769817
-3249.805125539831,0.22969004390778902,2.594222700754144
-3249.9328100593625,0.6390745548159569,2.051904175855192
-3250.762193835517,0.5685108983349967,-2.017485143147626
-3252.063601699377,0.1868342526370515,2.231759918136026
-3254.7368253970294,0.588646289508889,-2.8880256627789693
-3256.8638968474415,0.9999114103953619,1.3596008818756493
-3268.0306674319763,0.0031532960912321923,-1.7319956578130773
-3294.110001577958,0.7701010866099386,-3.053714069582356
-3336.2718101935716,0.997404495828131,2.7395647925427715
-3360.573745269965,0.019977446778287992,-2.935751467787058
-3360.5786027041945,0.026907783226834875,-2.971488007911653
-3360.5905109543314,0.016621309635231916,-2.901494502626714
-3360.6202021259655,0.0030495633087303537,-2.994153637314435
-3360.6439935152493,0.005026481408677747,-2.7433663804162354
-3360.678949176276,0.005679798688485184,-2.642684579633562
-3360.7783037445356,0.012708243540155175,-2.052832768245289
-3360.8221928414555,0.010507165658909641,-1.8227418132064948
-3361.0466209812434,0.0028003932795100618,-2.743691495546462
-3361.4144214759103,0.37619192648186006,1.8663402254790888
-3361.9657271503384,0.7193718924625507,-2.823478684335439
-3363.486552269727,0.006358856109013152,-2.4480171229580727
-3364.076911584971,9.13102176075065e-06,-1.9438807899041533
-3371.055239527111,0.5923367840011986,2.0732606927793444
-3385.44085447395,0.1565210639906068,-2.100658833828363
-3409.5516709263397,0.53566945798374,-0.6406705127347108
-3454.632993790718,0.9434799409452754,-2.6812806121372454
-3480.4589405027473,0.10984109334761638,3.0862173301134
-3480.461757504605,0.1085536477636852,3.0567036274051906
-3480.4760019234454,0.11050286856402806,3.1182261726051355
-3480.4798705108274,0.1133037560127094,3.056553212683248
-3480.5231732984357,0.09943316211321689,2.985127461652713
-3480.565136317706,0.1026152289230938,3.007434546720253
-3480.62931050361,0.13640521045388943,2.8219174955815713
-3480.760684064616,0.08216230459513683,3.0944736648666193
-3480.9972411603767,0.008813677588741043,-2.7158243159374686
-3481.5692561773253,0.15346020984422276,2.539651323527277
-3482.4275809293827,0.001453626653779155,-2.631559401802103
-3484.110083690317,0.029017976900922494,-2.780703946905421
-3487.775215569946,0.8090175755263996,-2.7925222993653636
-3494.75525817998,0.9735525308220191,-2.47425928915671
-3507.8286211894883,0.8606138323994993,-1.8548467834689948
-3533.7991006097022,0.9041675204119104,-2.9808399294583223
-3574.794137577461,0.9974859742000516,0.9425531588796723
-3593.5563748493805,0.8026729976086856,-2.8933492707653303
-3593.5602563120074,0.8010744149926093,-2.9534703406714247
-3593.5574024619655,0.795441882126692,-3.0370598100489796
-3593.5677735588097,0.802900083372856,-3.0203799375944924
-3593.562821108097,0.843258573697518,-2.923930007655362
-3593.609919122673,0.8420065457593348,-2.8815177482063863
-3593.6300699835824,0.8271547879636907,-2.967640652572498
-3593.7698318743464,0.8485414885109722,3.1195991188209415
-3594.054526930026,0.6851251788187276,-3.027952072876008
-3594.3258243170326,0.9809254827273571,2.0512501875253157
-3595.158071852414,0.8129442739532005,-3.0335824214307494
-3595.7472888398484,0.00824848600984973,-2.928246960301892
-3598.1288562918135,0.9901125417794805,3.019401443618344
-3605.357295958993,0.010293524614544945,-2.932672550320426
-3619.3070096658425,0.13873237141273081,-2.6923658574010343
-3645.1827542641718,0.013677499001145815,-2.8707941974283533
-3678.6888905276633,0.9598583788862888,-3.104765011698061
-3695.3863638904763,0.2301442741600951,2.6442323903836407
-3695.382285745829,0.23349406501170628,2.597806030752678
-3695.3831231700783,0.2358308681039832,2.5256511900648846
-3695.39918566463,0.23450421146192754,2.5171294528407477
-3695.393583960894,0.2705297206757227,2.643293701900511
-3695.419627098622,0.2649204633455699,2.6541115432283746
-3695.4593086067603,0.30837649345069607,2.680314338367581
-3695.513853922175,0.39562089529105976,2.1838628081237683
-3695.574635435434,0.7252985113809176,2.594160032046397
-3696.0892232525885,0.7995689339575881,-2.7769698358686616
-3696.3802517815907,0.002320826759869874,-2.138370864113925
-3696.5554335003744,0.012885203872632083,-1.7117762353487518
-3699.9143721699133,0.6059940333407215,2.060587715861235
-3705.9923022273106,0.9001597677695997,2.1696990663828117
-3716.7805399747517,0.023958804243966396,-3.052229209363001
-3744.8474561022017,0.00039587292571819114,-2.049985464929588
-3792.937734406482,0.16766130240531157,2.900477109088138
-3813.067089827067,0.006058990277635096,-2.7098803537403184
-3813.0713149723265,0.003483868386632026,-2.8060393993637383
-3813.0719145565668,0.00449562709478606,-2.656980894771973
-3813.0967109178814,0.014680628518251469,-2.7058960627713704
-3813.107904615741,0.0009983988016072287,-2.563755353402487
-3813.148888449574,0.003096148267930113,-2.509059045491884
-3813.214504618166,0.0013609663944685211,-2.7892445458034714
-3813.375057319218,0.004972492849133343,-2.8163117570433376
-3813.606942597022,0.0060456734193720715,-2.1038241443686894
-3814.054281560152,0.013811520856832588,-2.4586897657830744
-3815.0692838240443,0.00953890286128056,-2.3193754858028157
-3816.0389281569933,0.9985466841423576,2.4432572145179083
-3819.7399192774405,0.9984760559375657,2.7823964183205856
-3827.982207704022,0.08370678013335359,2.3076167076724996
-3839.776862625386,0.4434566078710667,-2.9061756968508816
-3862.8330196717734,0.9054916267526628,-2.9641715459279165
-3911.5504296528798,0.9973839466467298,2.884215619171357
-3933.0254744756126,0.977028899641379,-2.8846550747567576
-3933.0245568787855,0.9771569103905716,-2.8737078212677747
-3933.024939537767,0.974493057782788,-2.791551644536553
-3933.037896009766,0.9699431277042673,-2.827057010827334
-3933.0366575648186,0.9600530744541207,-2.8375517628072284
-3933.0570266644163,0.9538698907621272,-2.672392791029227
-3933.1463963272868,0.9589140582548932,-2.926053538513926
-3933.2714550149703,0.9907960023605967,2.9463199089549237
-3933.6030992430183,0.9926090254953986,2.954186136061943
-3934.091512067136,0.997890884653561,2.726367343608228
-3934.7651077176106,0.37428592391475446,-1.4684625438783974
-3935.83173125484,0.42914915577125723,2.648204444400861
-3937.6947702771536,0.003394668688174668,-1.600689966044378
-3944.4085600539556,0.7367847222279236,-2.9976879815207034
-3954.347456480523,0.997343467863017,1.9572466626237013
-3978.6308912882473,0.2649746077115575,-1.725489220651419
-4023.6236320146895,0.43114834653258266,-2.898594293900574
-4046.2455626839724,0.005773978254574553,-2.148600561372914
-4046.24216099163,0.0037450035045574997,-2.145827334556983
-4046.2344207394535,0.0037450035045574997,-2.0404271663551374
-4046.253373841816,0.0031766428865300797,-1.9080790989313063
-4046.2435654123587,0.0030507810572100403,-1.9340475693228645
-4046.248891692894,0.0025005520797719213,-2.000037619470777
-4046.281619137472,0.006162991850775058,-2.233059707973418
-4046.376004842101,0.007414001809698641,-2.120387898434324
-4046.6432467110785,0.00045963491781837295,-3.1026735406817005
-4047.1932709367934,3.89258428652395e-05,-2.3720142372935284
-4048.246275724045,0.3869860449256897,2.490599192818495
-4049.9598730444422,0.986155359109955,2.6906576111640312
-4053.222968377442,0.7550219452984558,2.075887510418033
-4060.790829183203,0.002887803033351043,-2.114849829373067
-4071.44708908971,0.9903957736588292,1.9719501865380078
-4083.6175729215324,0.006797339087553622,-2.5404135030304036
-4126.979843607114,0.26918003331078383,-2.63056122597614
-4146.180149611369,0.01103522557445309,-1.7858522516885895
-4146.17976843945,0.01054487869509004,-1.7723308059123557
-4146.1737548736,0.0034860837830564245,-1.8566178334016468
-4146.180535732606,0.009872023723924997,-1.81429876835975
-4146.200902088001,0.002048238683157669,-1.8495149707839116
-4146.211836188164,0.012672050196480291,-1.9756934718164052
-4146.253544026031,0.008877548138898933,-2.3729242293628374
-4146.47259822131,0.003824402454553221,-2.8194887893353404
-4146.72030472941,0.00030910569120824434,-2.6686153721452106
-4147.330081980886,0.04274573131084735,2.9639198205134942
-4148.313721295242,0.03950850993362755,-2.6856229803071874
-4150.530508514168,0.001269457780400044,2.9872235517547328
-4154.329376372391,0.001635567351968586,-2.309499522204095
-4161.387218823116,0.8879949780264261,-2.765825133388037
-4174.949259294901,0.8499820684555935,-2.8181007152576973
-4198.463848745676,0.3214431908520486,2.577364838784394
-4241.953039428874,0.007548737449676175,-2.742000973211165
-4268.256247397799,0.0426890868165737,2.6376372500888996
-4268.257120620633,0.03871264764635769,2.688314266699111
-4268.265688024616,0.04807281881250343,2.731129590982431
-4268.284272575405,0.051311360491144084,2.836834884407505
-4268.292863359147,0.054380371591598066,2.9893506468380675
-4268.299458337202,0.056785708450900696,-3.019394590911429
-4268.369004985249,0.05190370442447512,-2.938723938335142
-4268.516383496599,0.019347725505246872,-2.741795149816294
-4268.823625329371,0.01808981516733468,2.8972062321049536
-4269.402919320663,0.08507424538620655,-2.4347334418160447
-4270.206074253584,0.00042612258793651883,-2.537573353072743
-4272.321085286277,0.08115725823425209,2.985158059762787
-4275.394350633119,0.05700329671583071,-2.609572782533304
-4282.594702760359,0.9973400076875081,1.5119111463162351
-4296.60665921487,0.9913581001583598,2.6626691301543772
-4325.550929997524,0.9568874869419625,-3.0118206463294364
-4379.24737391499,0.9841732868496231,2.9301075222276562
-4398.121755637585,0.48006810824214674,2.579057497935942
-4398.124959686257,0.4836550081316093,2.548117909120431
-4398.125645508238,0.4934254479370471,2.4819269320789026
-4398.126314703916,0.4981310596508031,2.5210511322995455
-4398.125638829716,0.5114077756859534,2.3864385845384177
-4398.143682434419,0.5350897595069259,2.3182583502752223
-4398.204026372033,0.5307150073736978,2.420343583303243
-4398.303879637515,0.6494026252889757,2.5237992001927
-4398.489686458698,0.7248370268085524,-3.115472228060187
-4398.447199436477,0.1864921420275563,-1.38409040740386
-4399.012368946238,0.0076058448903254475,-3.051091797433963
-4400.731664234553,0.765145698795284,3.099747360207097
-4403.891524262218,0.004411469502092559,-2.5998954957735227
-4409.832045904298,0.997482348821416,1.3227782438541489
-4425.479222773055,0.011583146677586247,-2.736193945305349
-4452.066352296845,0.46421677427672026,-2.897987621402681
-4500.900999370712,0.1649318321849338,2.646970636336139
-4524.466872788263,0.007463824253858147,-2.2315862311361547
-4524.465538918355,0.005583360191125841,-2.222018537502851
-4524.483240884216,0.003995891431806611,-2.246708774858907
-4524.48613139385,0.0024322407228626513,-2.275740876693474
-4524.498892658492,0.0011953657376602696,-2.1586535507032427
-4524.53688752992,0.0056766129817889845,-2.121411065686903
-4524.556319377927,0.0005468232734509922,-2.202922503966028
-4524.593943376552,0.001520180075306042,-2.154643488652286
-4524.6908268973,0.002666889900415567,-1.9226437604267168
-4525.134851739093,0.058180078728417566,-3.044327984201219
-4525.947145829646,0.0005338983136462864,-1.7453943121934525
-4527.603928922467,0.0785264132755381,2.6983244909172495
-4530.747739778186,0.0009998655501958689,-2.7739366108145465
-4538.141120287053,0.41496545872103546,2.7930940418445154
-4544.834660980507,0.9928244852767713,2.346345193233713
-4560.229244554712,0.6232974144870742,2.335903733741344
-4612.695546379915,0.006297017961392069,-2.456838671399366
-4631.844366010507,0.09798729441833627,2.6166915092163627
-4631.852977643089,0.09018007165064976,2.6533686791042816
-4631.853210067491,0.09663141410486138,2.6821009902154804
-4631.864520968164,0.11321328024929601,2.7607428228203146
-4631.8773843051285,0.1230287695177213,2.980749900197054
-4631.900353987439,0.12430809564214838,3.0793309009701435
-4631.96238034702,0.11626889179016371,2.996027679326845
-4632.115714186283,0.21356609878540148,2.623559867494654
-4632.130669263672,0.5524132410173328,1.6840689760442746
-4632.059978949689,0.9991959837538206,1.6708996412175905
-4632.782966806658,0.9973099641516467,1.7575533406470747
-4634.165295727499,0.32103229126611477,1.977898241305378
-4637.057036024491,0.8707832856525675,-2.786083361993483
-4639.896817148348,0.9998952194314447,2.568827695323275
-4652.483707307302,0.9943773303024209,2.093338174152377
-4676.219114145093,0.9794501200017648,2.8845410702542322
-4726.300491809434,0.7162794702761354,-1.9465152914581523
-4746.469684181729,0.01994720609384498,2.922399928552238
-4746.480374920548,0.016222461851029723,2.96871797222955
-4746.4906232762,0.016280047339803323,3.082163550871739
-4746.497092546208,0.009481914238247822,2.9928119239268938
-4746.517272481987,0.022874394914080495,2.949671763477437
-4746.601214158032,0.04613346972820908,2.9592449776944125
-4746.668915454457,0.06395075101785962,2.575962599193378
-4746.738126819508,0.18566173725936772,2.4845470494300326
-4746.863474548357,0.2736738267235313,2.514543118078562
-4747.324150991446,0.10463431540025395,-2.4394864080668284
-4748.316221788408,0.006838433841899654,-2.2850373818309473
-4749.951313954627,0.7555793259319558,2.310564009489614
-4753.836503136709,0.7872982778602232,-1.9352969038502759
-4757.845621923318,0.5728531674998866,1.7054287087755045
-4771.2079665195,0.3784415319611864,2.530507921621971
-4797.018278622841,0.057534783414893084,3.008852564773557
-4847.090935822573,0.9982474518771263,2.2684926569615778
-4870.530636529597,0.9941431332400745,2.38763828050676
-4870.531782017905,0.9892333064078428,2.3993251482970726
-4870.537478739586,0.990151043874391,2.520350724963743
-4870.5427348611265,0.9867425308398055,2.508777834288093
-4870.567085863166,0.9743715140393696,2.567947187526177
-4870.606544601552,0.9915388646195251,2.4555665080349396
-4870.712515911787,0.9924676025931709,2.7269601194522988
-4870.912329701803,0.9950180565049163,2.6753526041384
-4871.285813828786,0.932053298082075,-2.7782082304661353
-4871.796341952752,0.8234106702262982,-2.7831380817607436
-4872.432970264139,0.752762864588977,2.3364868871395172
-4873.674171827134,0.9863145972982261,2.288970134120432
-4877.050607806772,0.915702596318597,-3.089057677103958
-4884.372132230382,0.0478303960851574,2.758848117890894
-4897.615735607511,0.9104904383925179,-2.926691654167592
-4923.411476822214,0.22186263700184447,2.3417327725851766
-4965.182271831018,0.5044242401505112,1.6937576731863224
-4987.306061963498,0.986227351245897,2.6683734910032086
-4987.306671179969,0.9799031285121529,2.6396702263127665
-4987.3073031036065,0.9729403364524836,2.612149905183731
-4987.302088563682,0.9723774063514679,2.6436002886862537
-4987.301774423971,0.9932015054259856,2.6883304372438293
-4987.35988756454,0.9986917200581694,2.7938630100988764
-4987.437158171739,0.9999834670597876,2.450806675421954
-4987.520705891581,0.9987610788213647,2.7641263846385424
-4987.786099060784,0.9978381950309917,2.1470662926421005
-4988.060844416905,0.6781296965917114,-1.9810791635355425
-4987.136063297241,0.004085553831955645,-0.13067089559981415
-4987.800201899578,0.13033131341091103,-2.691188009014064
-4992.178116383677,0.03736061475031174,-2.83802140427055
-4997.461152054124,0.07199861876914727,-1.920201871783875
-5004.279318451386,0.31331730327513174,-2.008350863466322
-5032.123593780245,0.25694907709471304,2.9820304072914237
-5082.312305750182,0.08931561880302999,2.7679223339501124
-5106.789941221368,0.03566426588165495,2.8233005371400015
-5106.786610351163,0.03742281292365816,2.7594950058331937
-5106.792519056002,0.04294951323359893,2.695205638212837
-5106.788923070105,0.046691864035080924,2.6879496283197577
-5106.813798867151,0.061380651009899145,2.816182005969357
-5106.858870264421,0.06945452726574249,2.5749618056226513
-5106.894186817654,0.13386958733618745,2.6220160738161775
-5107.02500819336,0.16837913868747265,2.701148082885717
-5107.17666991728,0.24484952906870602,2.8778182569659716
-5107.236363401108,0.7076392357676725,2.4327290467311427
-5108.08654907068,0.5283645094442577,-3.135944294026424
-5108.805541145763,0.9962509545375994,0.7738031120450306
-5110.5931451910365,0.005679046763590663,-0.8202666961812977
-5114.074909923515,0.18893239337642515,-1.912116508285444
-5120.07562938698,0.002728168387233324,-2.661236299129182
-5145.682842912433,0.22922995901957768,2.558382322971429
-5193.151835552439,0.8379120965170848,-2.9311282386788053
-5216.302257476843,0.9979063606618666,2.677360413057537
-5216.306417371325,0.9979063606618666,2.6303970541425254
-5216.31176759739,0.9987976221025511,2.6651487450272047
-5216.314302040369,0.9994415890287609,2.37115945490348
-5216.314387721871,0.9982645252035687,2.3115293603347604
-5216.353480881446,0.9963868834888167,2.2574478704856826
-5216.398157416727,0.9967135779827967,1.8159393384000762
-5216.45734370133,0.9965046465317124,1.7006031322520414
-5216.52488079053,0.9975808824495657,1.8615268992452387
-5216.786526172562,0.9931707155620588,2.472245392625469
-5217.985386607578,0.9979681997856895,2.678159207995085
-5220.186173717626,0.9959650865216719,2.175443293090926
-5224.045388746818,0.002399290437281956,-2.1512142619013175
-5231.604295758628,0.2690727173406776,-1.7070894528947167
-5245.620077145196,0.9172420717346391,-2.589663980977608
-5270.796705117565,0.21225114327745256,2.4653145987062697
-5307.548501352745,0.8902020053721269,-3.057068575005412
-5323.428488178269,0.11411068504995182,-0.8400186124856153
-5323.423359401267,0.11279835402904431,-0.6949986458581239
-5323.422945526059,0.10344253041687054,-0.7081538580150166
-5323.406295334975,0.09717731789342637,-0.8034995921565038
-5323.391274193677,0.08320626349616964,-0.7942358794433337
-5323.35129696798,0.05501386637701728,-0.5138627065892631
-5323.326615773441,0.03137153045114601,-0.7797152788819854
-5323.242409269018,0.004130379023978879,-0.9643408133750295
-5323.038438341441,4.404063642428086e-05,-0.9366451142112147
-5322.998775823198,0.0030728007903988294,-1.7293557129480615
-5323.7954974906415,0.06069607674160278,3.1316102402911348
-5325.292453113468,0.686064300967552,2.011459804863615
-5328.253726331998,0.003551708338536072,-1.531447571723399
-5335.010216368059,0.07632724386708721,2.8392127025892417
-5348.2902690573665,0.016467232095439262,-2.8060450378324275
-5375.002218238538,0.38789093825279813,2.8045504205817
-5422.054732498178,0.011397113569008252,-2.582363028502963
-5445.126395841765,0.30939789110857513,-2.661679462966352
-5445.120745585184,0.3122086490202874,-2.621254630560052
-5445.120055154835,0.3145482301238368,-2.5100993203759887
-5445.127433536346,0.3121285537210958,-2.367586885187754
-5445.130772092814,0.3010263331013445,-2.379117491645274
-5445.140295680329,0.265829707402079,-2.293043893464634
-5445.200932900793,0.24986884760862052,-2.512147592297891
-5445.18694127342,0.16483698050704548,-2.3771666493212837
-5445.447127106281,0.0030164717985725073,-2.975386600154673
-5446.058602249174,0.005201058661003897,-2.6072442031698246
-5447.107490169532,0.028383564668703346,-2.7274962486531114
-5448.518395557339,0.7272686249746694,3.0713657226114
-5451.741929693188,0.9959699871502505,2.3191453937117554
-5457.12243271956,0.26989974258008315,-1.5184862062582372
-5469.088384545333,0.9781354655074366,2.862716480441934
-5492.392043072421,0.06145855587565933,-1.8591166552377982
-5539.0643616615125,0.0033406190251093924,-2.321354782392916
-5554.783216611968,0.010663662535866869,-2.296240393208599
-5554.788664713875,0.004166710545184002,-2.2765867103875848
-5554.772158832199,0.007593544775053859,-2.3483831860856
-5554.797753416788,0.0011233902715423133,-2.3099662023581047
-5554.818010206221,0.008727564268330159,-2.2483832214996924
-5554.8555750794085,0.025610476070232414,-2.399196432932145
-5554.854152440472,0.018307571950804815,-2.340834567930316
-5554.938325415265,0.005017368066207949,-2.667854084664211
-5555.0596245091965,0.00018219199139251014,-1.408597479140936
-5555.502226625197,0.010693322011833319,-2.569293419700998
-5556.7715471737565,0.008930449108424502,-2.710448682849738
-5558.071341106234,0.0014981164724324543,-2.0194843047188935
-5562.100479773472,0.9921948425133854,2.433788891511705
-5568.004409821819,0.9830488003118144,-3.1094420238647
-5581.642571953889,0.9876560227692689,3.036950029087567
-5598.66541505008,0.565886086312817,-0.517484240325417
-5640.418953190195,0.0028664709385950757,-1.9767535325412369
-5664.1135954757,0.9920006970217701,2.2977016047349945
-5664.10920762074,0.9957346149379016,2.3160671336592396
-5664.112494615092,0.9975215726029241,2.221194428554493
-5664.109390117143,0.9961779776640696,2.4015089064260717
-5664.1287071923625,0.9996890156629431,2.277773229446237
-5664.172835311196,0.9920227077744708,2.386650548300631
-5664.239438314022,0.9927638295318086,2.5291785173272316
-5664.433853308977,0.9939271614350185,2.9681228703789735
-5664.687916381391,0.9981821948296634,2.998522284900411
-5665.304167977408,0.9275392202108119,3.138073890927755
-5666.518049837417,0.973129324389608,3.0915250419615763
-5667.493403637406,0.005645511656938395,-1.5648744377822135
-5670.991825071897,0.9003410453925021,-2.6389355292607437
-5676.490743551701,0.0006810315863333195,-2.3439184309214887
-5690.026338571629,0.9883195665215002,2.5838487142468676
-5713.956501368655,0.7844127095806349,-3.1142039036932134
-5766.09223169427,0.0034478262016993484,-2.7834003252206223
-5786.712203334482,0.1547433472062471,-2.2810258235245455
-5786.711853264407,0.13921732421754135,-2.3128117769297756
-5786.716146086781,0.12858441989687808,-2.267217800976799
-5786.717967708822,0.10895681182966407,-2.1640109629397073
-5786.732750171365,0.08967387518486909,-1.9089644275623472
-5786.75718656053,0.045476270354509137,-2.015858698170099
-5786.737117718732,0.00393626661162708,-1.7249697744935628
-5786.7391313957005,0.0017374670606278507,-1.7499034402813272
-5786.81051937873,0.0018696760027736095,-2.278055618492902
-5787.061432522679,0.0029975851633712355,-2.545824409312072
-5788.036028268357,0.008693626288171514,-2.9091486046577026
-5789.653691271386,0.3746233921017686,-2.788085867826782
-5792.806837995717,0.9855854176839776,2.5877543389007
-5800.727303665882,0.007995075011743067,-2.240275163265284
-5811.3285786950155,0.07391361755297363,2.831748747888379
-5832.366602853992,0.020843357999068134,-2.781740122512872
-5876.584854749422,0.10023219839877484,-1.9128417059751899
-5896.4659944037085,0.005896262069146544,-1.8061071882830564
-5896.47172120296,0.005896262069146544,-1.8617708220894804
-5896.467606517812,0.004184537660801908,-1.8942140539001215
-5896.466589531591,0.00032962905920734314,-1.9986868235133946
-5896.46741159808,0.0009775737678226883,-2.1427066216153055
-5896.489604325901,0.004614233485037627,-2.230106222458531
-5896.512823143469,0.01779075361445978,-2.115008133863458
-5896.6401542350395,0.001464381933105209,-2.059909946001626
-5896.905090164774,0.0018213908745816506,-2.246938851190884
-5897.070690845844,0.014492290805566986,-1.8150446364654995
-5897.511114491675,0.006514192766388708,-1.9708697033385305
-5899.734922086844,0.4001149533346559,2.271910078565048
-5902.566293243406,0.00029651138022040633,-2.3974072015568395
-5909.353716505047,0.000331916091236532,-2.832577442076882
-5914.394790156025,0.16290353014942938,-0.17448966803621246
-5936.947374290677,0.9985443161938877,1.6968446805804636
-5980.070790637808,0.022036207233510064,-2.057657091012249
-5998.103949565318,0.974429617121297,2.6465276169436827
-5998.104825427407,0.9740130169850393,2.743683684128235
-5998.105853157536,0.9655136371045723,2.7924073717932005
-5998.111258220098,0.9782850934571008,2.821879298443715
-5998.162466444167,0.9943091816974753,2.7415292036447454
-5998.179479542461,0.9980101066555297,2.754465314234354
-5998.269922897636,0.9955995076339085,2.3938991206359397
-5998.291605134214,0.9992950444331625,2.2328401175232884
-5998.440360312232,0.9880858531496411,2.2876000566967782
-5998.521781229302,0.9973605283577123,1.475537708173201
-5999.496158791506,0.7679981277589395,-2.8952987136798867
-6000.942184720352,0.0002373275635622037,-2.1427863717347777
-6003.547519097111,0.9546834249834764,-2.2167019471397906
-6002.297790738316,0.9945770301086958,1.4089826192665358
-6015.06845847683,0.3979298457049841,-3.0713637401855562
-6042.935696376517,0.7036785835700149,1.8647243158702116
-6095.076628586294,0.995241805493165,2.0634192329117216
-6116.929136047606,0.3030596627996079,2.9665755835746577
-6116.928986253656,0.30280528585915834,2.9158110587979973
-6116.9250236798425,0.3087778881135742,3.004710345905613
-6116.936552374901,0.3128095657997126,3.1149881566313766
-6116.93967149316,0.32196733688675483,3.1107081232765603
-6116.968107419554,0.29194712136571166,3.02943592459075
-6117.048149661763,0.3025490393592749,3.0979185952781236
-6117.1422033209465,0.34746227470300334,2.5951275418228104
-6117.19223545463,0.30085530241070263,3.0110078381802197
-6117.567157595795,0.6619273527846677,2.006587655638814
-6117.744208792479,0.004604552577139797,-1.997351247783474
-6119.529097709208,0.1496786581635643,2.8811474313106196
-6122.690630382922,0.0032111945578420353,-2.422646428735976
-6127.039069169073,0.965637026479653,-3.0367046898971704
-6138.09372031554,0.625112772544762,1.3665751859676414
-6157.700892492784,0.986116429561116,3.1305788623203474
-6196.524541178538,0.009030459665895777,-1.9425795097925291
-6217.547553658427,0.0017466095129046425,-2.7061575399503783
-6217.558830177448,0.006498962701285052,-2.6528525286084883
-6217.56539629627,0.006450962587593894,-2.6565852590880676
-6217.567801579298,0.01099084034541076,-2.590254013120259
-6217.57833082652,0.006156307093553419,-2.7001703907196424
-6217.643349008352,0.008531787152520863,-3.006236088396132
-6217.716040671575,0.0029713176023462573,2.9615068622911203
-6217.8298285585,0.10472724798973362,2.665374126645421
-6218.046716750373,0.37547733739483213,2.8775614660737823
-6218.320402408945,0.12959837611995897,-2.0817141969392132
-6219.239604396419,0.049570302640652146,-2.6673302543354773
-6220.997365480236,0.010034120632546027,-2.1991598145961126
-6224.872713156237,0.03858508845826915,-2.5396520932728444
-6232.86317310424,0.027503876884160863,-2.707372695960934
-6246.945714480347,0.9763966097827926,-3.050735028481841
-6271.026680673059,0.9486340123687769,1.6069698781407435
-6317.444968879744,0.343635347856558,-1.7450953423063758
-6341.616525110057,0.0210491896299665,-2.7471600599649912
-6341.618223706533,0.027459193103984092,-2.7540620007437275
-6341.616944596452,0.02791376187867742,-2.7511471251717037
-6341.615924046347,0.022532536287151714,-2.7444376755962776
-6341.614191784257,0.026370459435342622,-2.6737438732111767
-6341.641101320127,0.05135824109879139,-2.8246144772269663
-6341.686652018131,0.0020854628552744083,-3.1296100924060912
-6341.816369534281,0.0452356123762834,2.6054347393136688
-6341.975815773843,0.20329594950406446,2.469363117501283
-6342.187877138312,0.6228932412378373,2.8106951432100775
-6342.966306705814,0.9901473121167647,2.612654459802517
-6343.786662150849,0.008162540649316806,-1.8129470861309784
-6347.846374358484,0.05170130270237539,-3.0877954812697483
-6354.452814945588,0.08404192046945311,-2.9246557233050403
-6366.96348602324,0.8233745467221687,2.8295743763330297
-6389.728902166563,0.9879618566903368,2.9118591993611442
-6434.308743711228,0.9284852493009496,2.182102748572591
-6458.623111591609,0.9645048724898517,-3.1337450781484595
-6458.625047729093,0.9635488848028906,-3.1283352798789252
-6458.627475249871,0.965388384192241,-3.0828102093021457
-6458.620028943188,0.9544633641320652,-3.037317825526423
-6458.655703566988,0.9875471256261296,3.000683100191935
-6458.68167825364,0.9819171696845298,2.8344160502529707
-6458.776080011167,0.9997949258104394,2.3864007542850025
-6458.926524896011,0.9928389188561031,2.1038801352687457
-6459.155983553425,0.9953959378914486,2.331647109712435
-6459.868624767557,0.9996792489179661,3.0404659198636255
-6460.983979632182,0.797760530050766,2.8462496574523017
-6462.282306837422,0.0026906201372770226,-2.5446180553924287
-6466.026016431829,0.0024082249015658797,-1.866674491886729
-6471.898884506953,0.17657680428664468,-2.108098800793165
-6483.5221338169285,0.5029727293549384,3.1093975134475897
-6505.409234329693,0.005507761715904251,-2.1507783663967905
-6553.975335643445,0.003133598809455631,-2.2774016143909694
-6575.455057082664,0.9511715651289938,2.4909461645331135
-6575.469473963725,0.9583340420627182,2.4355738761511017
-6575.472725517877,0.9640099123207015,2.399526302252738
-6575.479070449448,0.9699901554707046,2.232250756056944
-6575.497718287267,0.9968013511955024,2.3578337296438274
-6575.525701722483,0.9920875672221775,2.807914558371875
-6575.5831166376265,0.9804262041420988,2.83696108624868
-6575.687773672243,0.9989055676379909,2.47120512300385
-6575.896304789952,0.9887994628775945,2.267293466378254
-6576.536751690639,0.9289492579273677,-2.9058806761064364
-6577.155955747547,0.4603112007687378,2.6594349794071466
-6578.816522623368,0.9937159402346963,1.8515916177394356
-6579.964754613914,0.05814896612466554,-0.20641080017449154
-6582.408198529801,0.6701572155403859,0.03232535586669405
-6593.572974212038,0.004993089856073355,-1.7701040202480187
-6614.493858284874,0.0029318809032060134,-0.3685719254868407
-6660.7772945988445,0.00663184212735049,-1.7658923689902588
-6680.432171065009,0.010173614892477697,-3.0431465719681636
-6680.428738561053,0.009416487858096763,-3.0769105222161293
-6680.437187328596,0.01608562784268691,-2.973319780313339
-6680.447443264822,0.01076825659952561,-2.9701405843929067
-6680.465902549261,0.02236393939990193,-3.0058798884107274
-6680.496125403175,0.016709530785620135,-3.1310021238480057
-6680.575003755467,0.01738191476047407,2.5624066207638183
-6680.730825484269,0.10549498101450688,2.1998060900257013
-6680.878668472288,0.3138176701639155,2.4701150133648238
-6681.092412217712,0.6921547475342601,2.1810208215590414
-6681.828506843826,0.9836514805647282,2.800966013381224
-6683.02914826557,0.9966770093657566,2.053818122772693
-6686.497689871736,0.03647048432883274,3.137929319421743
-6691.677455199362,0.9951682840172499,1.9300988856590857
-6705.78253964384,0.43624019427839705,1.8953520502765446
-6730.75271910653,0.9049815524589018,-2.664951651994512
-6781.765784724333,0.48864350958718195,2.669841818725571
-6804.371820750028,0.006408975789093529,-2.1308905518353014
-6804.3719222683285,0.0055721016521108006,-2.15291732154198
-6804.381123418546,0.004779413901521943,-2.233577636120018
-6804.394567113424,0.012863075191807202,-2.3219041705408623
-6804.390833910301,0.0042447036189910475,-2.3259703418384823
-6804.417145822202,0.020138091489110242,-2.3976915678034665
-6804.509713686739,0.00843401965421357,-2.458741385797355
-6804.649934127777,0.020410337569924678,-2.5662886322206626
-6804.895803791925,0.00868758134166325,-2.179912395564012
-6805.412204357077,1.1063546328368788e-05,-1.8867076439718051
-6806.388326006057,0.1972958414182465,-3.140123216837587
-6807.255890667825,0.301540770407065,-2.9093969937611077
-6810.226663104347,0.09432862095717794,-2.6290237937867285
-6810.8374373484,0.9937920712626253,2.5449024016831707
-6823.734518021302,0.20558059071158763,2.228549789275551
-6847.787944259991,0.035809014271071096,-2.331158907753475
-6892.314419362406,0.0003981249804561875,-2.066660631009878
-6914.764542293862,0.9950567062732615,2.446476021190545
-6914.766215242398,0.9937086032825018,2.4877367670312296
-6914.763536128373,0.9902984434242038,2.5188131131620084
-6914.771721322956,0.9897353727079261,2.5325438716376008
-6914.824885916993,0.9882106137077278,2.5913713544192944
-6914.86788433718,0.9908942368897464,2.7231583962696337
-6914.947849898046,0.9944022148402694,2.2507692072482524
-6914.9747543525955,0.9980112963741857,2.104640264363388
-6915.047470603232,0.996631091675626,2.1144684612141997
-6915.581478767157,0.9999417336466399,2.434459511548205
-6916.831418215116,0.9911993669117889,3.063287866947965
-6918.039484979317,0.001139593897224829,-2.118571757112134
-6922.234059153831,0.033115526850968316,-2.739204189073129
-6927.145680070476,0.9874430714383636,2.869245672815307
-6939.392519772122,0.0005035034232106309,-2.324103869808878
-6964.038258816971,0.9917106502003491,2.140467171784156
-7017.421466822837,0.24122571303401352,-1.498015742393797
-7039.163785610698,0.9993550123342172,2.8996940201450077
-7039.165299583243,0.9993550123342172,2.8950291799091588
-7039.166420384569,0.9931769485187776,2.9123336617586766
-7039.173914974318,0.9912077560859814,2.7547533690745034
-7039.1733101282625,0.9976254427755245,2.7651595138423453
-7039.25207960513,0.9955893724124562,2.7515867411018817
-7039.296309316267,0.9979536467755062,3.0186236594391254
-7039.396889868698,0.9860249670922112,2.877416583613172
-7039.604709311424,0.9957761911296692,2.5916521394052507
-7039.883616523452,0.6908070909108622,-2.1602036231301223
-7040.614228815804,0.46993865746168934,-2.573663325856096
-7042.376489609621,0.0010364369931638428,-2.6933015936378113
-7043.58317584462,0.7333947957695555,-1.7241607999748874
-7049.437021465371,0.9849541333346821,2.477206895992035
-7063.567590707614,0.9865139735160067,-2.865340615931205
-7089.6251998736025,0.7098559670324953,2.7590030488314996
-7137.631764434663,0.4218963389784683,-2.784264135152322
-7159.965201708,0.9168294520454577,-2.700489288216662
-7159.9665881828205,0.9170202711799308,-2.725708989333842
-7159.977544214726,0.9189864651776068,-2.7199320321735
-7159.9828134112495,0.925417798565372,-2.7203726327368205
-7159.9960859715975,0.9150530606391578,-2.612477586543069
-7159.984481071865,0.8999706683885232,-2.553521322596381
-7160.052803177175,0.7684081625723289,-2.2145349786479374
-7160.096624133408,0.7196318973473341,-2.89272697313096
-7160.321790197664,0.5324817316631055,-2.486361851560253
-7160.512067356192,0.27147553264384516,-3.069115822043219
-7161.03647205171,0.9911036898655219,2.517828621318216
-7162.626652854406,0.9977146819823777,2.1113065657467196
-7162.747432261722,0.003150079890206747,-2.0414395243108663
-7158.859630155785,0.008908976205979437,-0.40556266280373476
-7172.107633587564,0.985183969905046,2.6527173541253006
-7201.527053021985,0.008529142083153075,-2.7323544442723366
-7254.6777970983085,0.9990583946526774,2.3988611386898864
-7278.029304729762,0.5587903197841656,2.4417941420132028
-7278.032864601578,0.5504525585624125,2.4497722921474736
-7278.028027187504,0.5523711440322301,2.3975153017895785
-7278.044902253819,0.5464734955811766,2.3807071491073977
-7278.027402635231,0.5653757043254565,2.3194872089264793
-7278.027945014864,0.6118085227170954,2.0863810396789244
-7278.036842594871,0.6674557486103138,2.030981289218455
-7278.074009729482,0.8485704310194548,1.8388885868742388
-7278.023451711621,0.9909023097411381,2.216338316345185
-7278.404548761663,0.9976844213348517,2.353689854320633
-7279.167331774593,0.9972622221952464,2.7518638272594567
-7281.458789311371,0.7889315243358649,-1.8976351599241317
-7283.391096063553,0.9899113776743851,2.045629292151821
-7289.091140769639,0.44639481541837744,2.1103143678714495
-7299.687648365758,0.1905626363313678,-1.6993517686277484
-7325.273876501548,0.901949851867222,3.07779264942433
-7374.599588614166,0.06378847007275447,-2.5920876090887113
-7397.203418077863,0.004672445016612221,-2.7093707882065865
-7397.209221783837,0.010940181795993976,-2.6831442857221814
-7397.212823345183,0.01098479974783695,-2.77121003166047
-7397.232211311944,0.0029503883291714886,-2.6087560503720684
-7397.241090349193,0.004834236421019796,-2.6388969245059704
-7397.294842551484,0.006675398163269293,-2.838284430639195
-7397.396741322969,0.00015819825349031838,-2.5239947951938833
-7397.439582469716,0.0101010290500173,-2.551399153706911
-7397.666190211878,0.020568880615653234,-2.131194124491653
-7398.18992092384,0.06649544914591886,2.872662011360293
-7399.358838080037,0.02560250692658654,3.1022566883670954
-7401.598634844159,0.2366504595228402,2.521727727832877
-7404.940662779814,0.9050961526494572,-3.0267018967392003
-7411.472177628795,0.031413278184668054,-2.7574653546247885
-7416.221254965809,0.998355123811819,1.2201060251860723
-7442.532589866817,0.9917087526094727,2.3386945944586017
-7492.458064590625,0.9741533402649448,2.8025884341085803
-7513.685542262542,0.027760464515198445,-2.817590753216056
-7513.68068016421,0.023445223693972433,-2.7023403300692848
-7513.686344280889,0.023244458352501045,-2.667430698077039
-7513.7174304299715,0.020909564179970946,-2.7123035485599503
-7513.72125152993,0.007623105030149485,-2.6309108426514665
-7513.745660435035,0.010800509778152329,-2.729948787552598
-7513.808940139461,0.0029181157102884975,-2.8299004984733287
-7514.015973892909,0.06356533702583735,2.9134342754480045
-7514.338504178016,0.03887173583341609,-2.8825858996145164
-7514.891922497432,0.02324492948019987,-2.92548398519598
-7515.709363760449,0.6252408713839723,1.616615678930974
-7515.827743748829,0.9988012626325615,2.0568122959924393
-7519.241192247133,0.032948931790842136,-2.6584556370800856
-7525.742071585201,0.3814297492470866,-2.1065780322820027
-7536.9320470095645,0.6626757368654286,-2.8874819914591585
-7558.002247770374,0.02454558812920382,2.843952946485235
-7604.55754301813,0.015293351385334594,-2.7821204911360407
-7624.125095615474,0.975929711955907,-2.9516652341614047
-7624.127556652691,0.9663578368919642,-2.94446334089892
-7624.132807877101,0.966826200037714,-2.8571314019287057
-7624.1345612306395,0.9753566691192413,-2.838284309635387
-7624.169740429344,0.9565295700838428,-2.925617672761766
-7624.212981301733,0.9359344022687343,-2.8358117197445964
-7624.291367486412,0.88005099039178,-2.6248929275583
-7624.400254748282,0.7490213905029453,-2.9536259660077
-7624.555069245315,0.6387740013258859,-2.142991775045227
-7624.539062967203,0.005546605588687888,-1.9339878473394667
-7625.367865473746,0.00817954696428894,-2.6422375800145583
-7627.1076584713,0.5472335336828852,2.5277347100119876
-7630.32368380325,0.6951527590161941,-1.9105845522422158
-7635.779365673682,0.0012413148774344724,-1.747928946776671
-7647.626495818843,0.9788587201534634,3.0244475444261996
-7666.657474076852,0.19808222243225415,-2.2998436868006547
-7707.7318540644255,0.00024977139890486517,-2.669436763803899
-7730.9882257984345,2.6498176598885922e-05,-2.605699969233682
-7730.993359081207,0.0035509793231962303,-2.713337856363935
-7731.002402738717,0.005246865338495491,-2.605871905396615
-7730.9924336891745,0.0006399714469110403,-2.5570899566359078
-7731.027858062153,0.0029373688018954486,-2.6117691104926903
-7731.0719304061995,0.01798633323941929,-2.6927006788437624
-7731.171438141778,0.03360373873525204,-2.6492626891505062
-7731.31350904188,0.013918871662906528,-2.4719786946023197
-7731.489406703503,0.00014031714809746142,-1.48248423081699
-7731.891454636255,0.003878195705297776,-2.1681492267082296
-7732.847621915938,0.039171110655259175,2.4548799575084654
-7734.772113546112,0.018759345955118134,-3.026559929645951
-7738.6471051162,0.9705364488782479,2.9370156011927326
-7745.9384940966875,0.007899381604363855,2.95779960603424
-7759.015703435951,0.9879415954978179,2.522366205229307
-7780.03741469862,0.006550602016169966,-2.7689292959993117
-7830.942536424586,0.025559128525973043,-2.616109736365928
-7849.842730437617,0.2669568326235229,3.0451764059799107
-7849.8490191097635,0.2607148921609682,2.971438942932723
-7849.851551495393,0.25713136610771115,2.892827463475782
-7849.863681578537,0.2539165651058281,3.020179889675343
-7849.870338707344,0.2676963446870768,2.8146964466944535
-7849.899963260732,0.28017606057511846,3.0300753099470583
-7849.943102068553,0.28547821575465593,-2.6442174156833893
-7850.048373862313,0.18089792702118093,-2.786376454820169
-7850.297527471828,0.0010109195982738223,-2.2997548499689073
-7850.734120056093,0.006237321160300096,-2.6202389308770075
-7852.048377464369,0.14773792556342205,2.6761974722583455
-7853.451475157163,0.9985644129321141,2.950570998126347
-7857.746304829842,0.938291499579788,-2.699035256512133
-7865.3192106298975,0.8767352801416324,-2.7865809901496466
-7878.015731448829,0.3038955981112949,2.5439494721944858
-7904.623145248645,0.3998942753255241,2.6043566802622546
-7954.718051396789,0.2128110917201349,-2.4250385371785876
-7976.031075542049,0.9901586728569574,2.5742925480893097
-7976.033522538077,0.9852963890994653,2.5055972462802343
-7976.040455472666,0.9850529672690744,2.3517334904359393
-7976.0572569386095,0.987510520374337,2.4544195587197466
-7976.077394708498,0.9985574415765924,2.2279342607153776
-7976.0931853828215,0.9982005218576641,2.3751038006905976
-7976.137155121082,0.9711175985855327,2.3724190575125252
-7976.218346551032,0.9874567132478846,2.45134732387233
-7976.505433858646,0.9973807712802717,2.898661211456247
-7976.93176674501,0.8413453079617353,-2.6502037613191964
-7977.845252442867,0.8774217705555153,-3.0153893757988017
-7979.250735684022,0.08936038920863765,-2.5860083172259745
-7982.258186139939,0.997437658427437,2.3284642647261933
-7988.678838926856,0.881040645337473,-2.733179113448566
-7999.997364273234,0.049335881122882945,2.469507397728485
-8023.677899969245,0.9259670712832413,-2.535812774730938
-8077.149628008519,0.27680795908165845,-2.804317891855078
-8099.792434867558,0.26315758705064435,-1.7138636702193746
-8099.787769105404,0.25748475129789417,-1.7527737369617038
-8099.778501419394,0.2571536365950181,-1.6881353728791268
-8099.75423615256,0.2502050524115704,-1.6656147382136204
-8099.73057302401,0.23409894955091867,-1.548217110863623
-8099.715712465517,0.1875661967345835,-1.6972849548560107
-8099.709027499651,0.1011883961116965,-1.5830310817710993
-8099.790538398791,0.006115329658541621,-1.7764631065293397
-8100.019728061901,0.001485746252458983,-2.1872779335283448
-8100.610951739709,0.037677137940786955,3.0327987166772754
-8101.291803690885,0.48248803376826255,2.2493019126485088
-8102.184793095513,0.9890039123809862,3.0547208536707418
-8106.205923530861,0.00043944992937855216,-3.1116511230290067
-8114.446842133995,0.28082145314423296,-2.898720366223119
-8126.580512561682,0.9944937935530825,2.4581690353569137
-8148.558050589935,0.011539372651029648,-1.977294886715844
-8188.261803419016,0.1551300401838877,-1.439006730298189
-8211.056358181802,0.0026321237329883494,-2.4037040478405376
-8211.06272138749,0.0026321237329883494,-2.443144531055843
-8211.078512581083,0.009030155771982877,-2.4661071535930077
-8211.097659389377,0.006634941209228981,-2.3808486594206424
-8211.112005540375,0.010443185438575735,-2.2048546791974064
-8211.114915717995,0.0010766665297572916,-2.3168081253866477
-8211.167593632363,0.007237541595255728,-2.4497281468195498
-8211.17343556363,1.8301762500243148e-06,-2.061725090935738
-8211.41036689476,0.032605385598237314,3.1333496196900983
-8211.845112477293,0.248514817800812,1.599024188403419
-8212.288654762251,0.9380566471703116,3.077653377963699
-8214.355023310727,0.9877036159163938,2.5724752420270844
-8217.051118413481,0.25405822420177276,1.9937864149933437
-8220.7614293054,0.9951100056191258,0.17083908995559716
-8227.806061935797,0.0012541094162843184,-2.0081035264969276
-8254.961642226268,0.027632439374102622,3.0041202915854477
-8309.194225387218,0.00021303166634039424,-2.778756090010738
-8333.251019429616,0.0034322871786313207,-2.7700867438661803
-8333.257857495435,0.0034322871786313207,-2.710689764492231
-8333.250922268739,0.015205680126027583,-2.6727952258632635
-8333.272668481435,0.006400822294869183,-2.6310466980927307
-8333.28895248504,0.00606987542104027,-2.7751470491954624
-8333.333290129456,0.0292414140606419,-2.802013573942725
-8333.423355496441,0.0036980472992950326,-2.968273158410708
-8333.56773574626,0.04204705509506894,-3.0112464527898566
-8333.868539154735,0.004465528038619,-2.9451646186971865
-8334.328905953756,0.016062595324391863,-2.9645409469328965
-8335.237971314938,0.40643078467658417,2.7287251964236674
-8337.066472422233,0.9829880818195501,3.1358504510707323
-8340.539057583164,0.8112937217208583,2.1667941331984153
-8347.87323675195,0.9955306214669665,-3.1079210223020457
-8360.750835684352,0.9814282564053367,-2.9629930666685453
-8387.223337427708,0.005131528572355903,-2.3755319405351862
-8439.889147448594,0.7817852515089941,2.285958514207934
-8462.956514108222,0.9986892722982487,1.7279562108103095
-8462.964940254378,0.9970973358689695,1.7279973416809336
-8462.971018311977,0.9973715580606678,1.7781076259433588
-8462.965808920138,0.9966835056693766,1.9467933326451154
-8462.995836290453,0.9955062428939269,1.9009131643376858
-8463.032103410356,0.9949840276935651,1.766709021355175
-8463.071918758033,0.9956521136151321,2.3907704607255322
-8463.148795859257,0.9933062198293603,2.028214546659602
-8463.317612336805,0.9906175996269377,2.622310805350377
-8463.758419593223,0.9998599989222983,2.377371588833949
-8464.72479505634,0.9981832938053364,2.5041417481431507
-8467.11074416766,0.9947547756211707,2.6381222509572595
-8470.898161414469,0.002770237938513633,-2.5277591341584174
-8477.18901544438,0.9540017062201668,-3.082321424791278
-8490.321926998544,0.9883049296014358,2.372497457182421
-8515.887894280993,0.47993850435349267,2.5998950476319873
-8565.400745959263,0.9980180639001479,2.2260615704302857
-8586.825856656795,0.9885304549398267,2.59000963585361
-8586.830274727628,0.9905206870127803,2.643135145764818
-8586.823753869536,0.9869702833291559,2.7149448139141885
-8586.824609474217,0.9882313330631987,2.741865367819395
-8586.84139660596,0.9901398323134865,2.808682270611608
-8586.874661771633,0.9898102226693134,-3.120643785159322
-8586.983441366874,0.9914729902527522,3.066508750754675
-8587.13998627355,0.9921551937927285,2.412833375092702
-8587.477062492208,0.9970230018960637,2.486715970877704
-8587.983353774469,0.9944742854962689,2.61716797246583
-8589.24230780322,0.9973083038578501,2.613026283900018
-8590.85340446855,0.982910206831225,2.553922076122147
-8593.823187909666,0.22371906433407723,-1.7394857670671993
-8599.78767012834,0.0002762927202389378,-2.3593402884316634
-8604.511205980289,0.0026897890925144125,-1.7531051190909823
-8624.433718421482,0.20331413861783082,-0.33949951500754993
-8662.172844280818,0.48096267880391985,2.7724295412942546
-8686.928851868195,0.9981184585385712,2.5903001321372026
-8686.929902223848,0.9941831194773693,2.527070932120777
-8686.939040895055,0.9963271464901491,2.5732325155592957
-8686.939940932332,0.9849154714862874,2.5618497439142285
-8686.968020150929,0.9829748566791083,2.6386660081647095
-8686.984993538215,0.9994754724533378,2.604774796347396
-8687.011149978212,0.9951821425447266,2.3384151747553314
-8687.128587113328,0.9966350273074407,2.4233430257612634
-8687.378211807252,0.9821236486249093,2.618322347193322
-8687.92039645738,0.9997455108291956,2.587878563735284
-8688.7295280649,0.9870829050066464,2.699189724551994
-8690.881166659,0.9975237566300154,-2.9406545241203954
-8694.245926765974,0.7370684624543655,-3.0428824941881802
-8700.89378019174,0.33857173575374394,2.2944204147453586
-8710.888475522965,0.9995590619221206,2.3759821956937177
-8735.097663167136,0.707111163097054,-1.7745040497722042
-8780.66967647671,0.93825691816341,-3.1384274412042004
-8804.166380572364,0.9928490120177376,2.6332660567633397
-8804.166864099549,0.9912301473926882,2.626492859583177
-8804.179154655365,0.9982391961758552,2.667440381289551
-8804.200129082188,0.9992894809648695,2.686282721992381
-8804.236721823252,0.9992106022876401,2.942575016066823
-8804.287819442501,0.9995358826569809,2.884373820841594
-8804.312224863725,0.9765554888580067,2.6459735931131263
-8804.384096795506,0.9904473274706701,2.4281211642206557
-8804.52489551851,0.9942620622525301,1.5151390593979945
-8804.686194210051,0.9943322175750551,2.473332352054623
-8805.843909252855,0.9366990887370075,2.9368064574989026
-8807.211804453926,0.7472122860450355,2.724187096529729
-8810.738199765921,0.9773330072694077,-3.1244153075015046
-8818.737163445358,0.2275579914675857,-2.9822646415690053
-8828.902168623115,0.004252133464979109,-2.0867700465951073
-8856.485459642226,0.8819045268901032,-3.082054113740208
-8906.336807981923,0.0022164250886819174,-2.2969534092260444
-8922.019418696655,0.4804395216903958,-1.9771588876179214
-8922.02309730858,0.47349727544327785,-1.9944357752590947
-8922.023096042236,0.470885578966056,-2.005122211595114
-8922.027053347736,0.46814615364726786,-2.0195233227100533
-8922.015775244048,0.4563572414103851,-1.898062877648257
-8921.996703522518,0.42478981078179934,-1.6602066453403759
-8921.96674820495,0.36102858534851695,-1.422144127225032
-8921.920414300952,0.2535864943721544,-2.123304862740581
-8922.07596741641,0.040230922937011936,-2.501924713981501
-8922.2294570581,0.006185895673046839,-1.4823773884904063
-8922.916959516357,0.018637770075463352,-2.6297693571028393
-8925.102273603039,0.04129688132837928,3.065867898072378
-8928.94424898435,0.2806962326590823,2.3369749166749507
-8927.87516355327,0.5850083247097991,-0.20315515126647288
-8936.358928702684,0.9864749741659136,2.8745065711586584
-8958.492671837561,0.9504516478384833,-2.902424488712767
-9006.096856271928,0.018631693703680525,-2.913318850388665
-9023.027272884032,0.6385165179211467,-2.675730682476069
-9023.033681644249,0.6310223798403426,-2.6525174075636535
-9023.031063949007,0.6325111283786501,-2.57939842642268
-9023.043281758117,0.6409877896842253,-2.5702885690024893
-9023.069615301392,0.6462328909383107,-2.626902910492425
-9023.053752740878,0.5995772322332583,-2.592817116043964
-9023.0699274579,0.5755066522067239,-2.2170897217218086
-9023.10539609078,0.45508828587141864,-2.4553988013584087
-9023.17621040539,0.1569788746018274,-2.0768115310793185
-9023.35872319287,0.0016988114524531049,-2.3383074788645866
-9024.27306263516,0.1816140823156355,2.667824093794958
-9025.22817089204,0.001248925328027737,-1.4422475035944136
-9028.338839185659,0.9907918454431428,3.0461551987034996
-9036.742275562925,0.9927556599736245,2.5220833482567944
-9038.745108187088,0.24780926019872607,-1.4074537935622238
-9068.142663408637,0.9598171761702651,2.867227139511007
-9110.689617612421,0.9717760576317519,3.0226511987854146
-9132.67216828156,0.993214086050782,2.350624690784082
-9132.666294270542,0.9970286007366876,2.367740591965223
-9132.668187467933,0.9852832240610266,2.301963973442543
-9132.671723493686,0.9922959699271189,2.293836703900226
-9132.692726338031,0.9980750910021213,2.106416744620102
-9132.727255687643,0.9981494061337498,2.377838373489686
-9132.803492286124,0.9896193678614952,2.6915348280672973
-9132.953277532453,0.9892937947868241,2.3868074060266853
-9133.09951430239,0.9915335687079977,2.742285605794141
-9133.588619568322,0.9813855944426619,2.64964621879337
-9135.039121605607,0.9934512679710543,3.0745835978046525
-9136.676749320293,0.16956676394726608,-2.921267486902302
-9139.976420409015,0.9899178687531426,2.4147102756732988
-9146.965758840757,0.878499659552559,2.784337642839878
-9160.187382515502,0.44553858615089326,2.577784345613793
-9182.08900731387,0.5523898794392255,-3.0261506796460456
-9229.58634042042,0.11356090998417155,2.5772996485957975
-9250.414924203764,0.9993109147809311,2.36747607438671
-9250.419334054845,0.998885773068022,2.3435471808127044
-9250.41764471452,0.998885773068022,2.446026184041214
-9250.429409066042,0.9936548898113022,2.3501239439480432
-9250.438939593398,0.9945806418551522,2.259443345293654
-9250.450050017304,0.9987270411183398,2.4635710544903455
-9250.479242547128,0.9972817129642829,-3.0991127582867852
-9250.632459560062,0.9949768280171313,-3.065590628323007
-9251.006599640035,0.9702123095652511,-2.8425950157458955
-9251.577130203243,0.8651711577491982,-2.8129447721585
-9252.486917597105,0.9980709412445493,1.7600016403522734
-9254.050364048755,0.9701751355905003,2.762731159481059
-9256.532286049043,0.0030335750692619683,-2.1148276774798167
-9263.201342838856,0.0006691464954395763,-2.571337296172141
-9276.17606574895,0.9982875063169757,2.5578673504510965
-9300.613464590375,0.9924860950975226,2.821842288795591
-9346.405859636146,0.5894100237295787,2.9363416689752473
-9368.911712891484,0.9985522402370267,2.677378308350196
-9368.914020063787,0.9985522402370267,2.6988428146834273
-9368.925933756966,0.9935121846419882,2.588691834702333
-9368.936446104228,0.9951835585244734,2.478628020587572
-9368.935906486777,0.9927940238674099,2.4304135209952147
-9368.948110428568,0.997497607155157,2.446423077012189
-9369.033366194632,0.9975476022727914,2.311134524854655
-9369.179725393855,0.9998888217150264,2.343941004504556
-9369.541297262153,0.9687892161215561,2.9673685579420948
-9369.90178961577,0.6618919218653854,-2.748203670029048
-9370.489544779175,0.22596450418224395,-2.8501979277688845
-9372.353461813005,0.4685730562933268,2.473380559059967
-9375.97845489255,0.00013506454860883344,-2.1810835381809293
-9383.476503445961,0.003942675772660514,-2.883569267342889
-9395.464484286229,0.9998245660715864,2.349114459184441
-9420.84985469996,0.052090450538073714,2.6556449464411322
-9469.385425216302,0.9963739902248829,2.4611024337168814
-9491.440814215595,0.02828022619962272,-2.867845377111
-9491.438019502079,0.03758355040272088,-2.8251221431048825
-9491.437712308621,0.036860926608697865,-2.8300028207861896
-9491.447017301116,0.03537079254204763,-2.8327929508880754
-9491.489917201134,0.03977311072390563,-2.8161036227802674
-9491.551616807184,0.07965276645727574,-2.7933104473143255
-9491.642452932214,0.045856278951156036,-2.608390943716209
-9491.779986647969,0.009912280925009904,-2.7629621191163625
-9491.956737117664,0.16947398820002535,2.050460744188097
-9491.649182570622,0.714662984849848,1.8182568805016794
-9492.359700125373,0.9986924545081032,2.5306271989458216
-9493.909309599789,0.07510152436890427,-2.9162116234952897
-9497.639328708385,0.9949400285952534,2.7504011900680885
-9504.596782220442,0.949208207510732,-3.042301509753588
-9518.382757864023,0.9238622603178708,3.0395498254997486
-9541.014476582586,0.9979725619252652,2.5699407070245455
-9589.959823279698,0.7725045589411957,1.3869647415354418
-9608.296548287022,0.01220867189146835,-2.391120129800642
-9608.297769516395,0.010662644010583004,-2.4207552604445217
-9608.304690965133,0.025282344004507462,-2.3639752098693974
-9608.315412833448,0.021871743589042394,-2.240807208858269
-9608.301566250952,0.006399230303905956,-2.3485598749851166
-9608.335096379626,0.001468883587059717,-2.4440364605812914
-9608.38918443115,0.013827974705767318,-2.5770259959445667
-9608.561434626814,0.012441724255435532,-2.7887412463551398
-9608.767989325634,0.010690365063907534,-2.3228245861226022
-9609.361332071201,0.0515707163458418,-2.7239097856803616
-9610.10195184821,0.01506730613439218,-2.09976702931817
-9611.186454688434,0.00038588574961395043,-2.196051051332394
-9615.445493145378,0.03235350572628723,-2.750943235813155
-9618.682664666543,0.10837861850149247,2.6373353057335702
-9629.878125519159,0.4021367160991481,2.154792810836322
-9650.495851958189,0.5739160997617073,2.9229111762634075
-9703.327187845684,0.9354040432946777,-2.6676176223451322
-9727.308653178501,0.9925940515157443,2.8019454931077155
-9727.313227084232,0.9956536816519327,2.711026664733378
-9727.312861602035,0.9966362862872139,2.7144844859666675
-9727.338723652254,0.9993621353348129,2.7513306567933196
-9727.362863682118,0.9879774682005303,2.9888287762552057
-9727.376676716616,0.9592168435978112,3.004973598447047
-9727.504020782646,0.992342584821235,2.7605628218868805
-9727.56153186804,0.9976778908057891,2.453553735764631
-9727.744874989268,0.9982399859451707,2.363895010977892
-9728.072284821306,0.9988710012281095,2.430618664098372
-9729.135699839706,0.9560601426016018,2.9939197353619544
-9730.669119784445,0.9982239042023963,2.5879524695263463
-9733.836756706984,0.5954211887647519,2.270898420667753
-9739.659188533718,0.000707011467161919,-2.6675289842560552
-9754.457936465062,0.005660988024369706,-2.1511890237541453
-9776.653564589096,0.007942834782922233,-2.3346605109533045
-9825.038976508575,0.044097861298485905,-2.907403968547528
-9847.768202123463,0.006795895756127872,-1.5898760955392706
-9847.76694347623,0.006795895756127872,-1.6457837310366035
-9847.76909135866,0.003350864587789913,-1.6168881565714133
-9847.755840592532,0.004949171805090362,-1.581924324036052
-9847.791718297962,0.01109086892242113,-1.6836361137792624
-9847.755113209783,0.006912445926633861,-1.87785287611121
-9847.754039952113,0.002564078169354349,-1.7460937652371322
-9847.927198256468,0.02465301756385434,-2.401320265362587
-9848.1833725552,0.017274931925205708,-2.8623901930913322
-9848.371213166483,0.3912313452313962,1.8312850054779979
-9848.830757600364,0.9939156865288832,2.842901162539163
-9850.410242466034,0.9953511532951171,2.481596496488317
-9853.765127618371,0.009738718268325739,-2.413123004883075
-9857.906683201369,0.7786335941795733,-3.003929812987627
-9870.006839350506,0.9654923857948552,2.9189098672682787
-9897.066886588289,0.024344681511016663,2.81398158638609
-9945.10013631324,0.9910600013398931,2.4731237570120594
-9967.418498757967,0.9804368578891685,2.686192293991785
-9967.423643953904,0.979793618760038,2.7307920701396746
-9967.419139210177,0.9871351946548264,2.686507946559029
-9967.429235435353,0.9892924741510201,2.6384973735746584
-9967.44397372252,0.9980954080654197,2.6217783099089402
-9967.444497437322,0.995192752167682,2.5954311791461544
-9967.487875642359,0.9944331525647171,2.586179625534296
-9967.589339675496,0.9956228383108124,2.3690068000459696
-9967.891521926076,0.9933732901053397,2.6385574211598906
-9968.505643993156,0.9701927276457398,-2.5298202708703394
-9969.714633855967,0.8579578178420133,-2.909147222355612
-9971.65356949723,0.9896019875126075,3.131332523587824
-9975.948227197392,0.9886545785852129,2.4967135208575915
-9981.958473078503,0.10611618836015474,-2.7360135474815026
-9994.759285334998,0.006294156507920241,-1.7896995214759206
-10019.086256745793,0.005205553330048157,-2.073138493112768
-10059.030087499385,0.002537134952007027,-2.1914177726917785
-10080.078980245064,0.005231902013126297,-2.3289264000075365
-10080.076816863619,0.007096615362280961,-2.329095455701094
-10080.080360170496,0.0014463306770495306,-2.3771164303823484
-10080.078157038937,0.001712970404610252,-2.351567074474653
-10080.097903528665,0.009962285399850248,-2.5283239568941065
-10080.154478431105,8.417693799133092e-05,-2.7203154581076308
-10080.176073619863,0.0032446955383972657,-2.8263662197986466
-10080.286521441678,0.01005575653334842,-2.556681213332672
-10080.64196967774,0.02221152791877243,-2.534166788808608
-10081.13011345859,0.007496064153819482,-2.5392154846604464
-10082.089839018681,0.034290594692330166,-3.0646700218552922
-10083.982019796253,0.39753831757441327,1.9524960303590957
-10087.154457362469,0.0010930002324516137,-2.264829410134195
-10093.28799765417,0.025861388461809402,-2.6678733425935253
-10107.251528106064,0.17262265250562817,2.4393107488243118
-10133.597145889606,0.9099201498443588,2.758599179186981
-10168.59620896896,0.1686672222931164,3.0975621072898543
-10190.027297977258,0.9637321009192323,2.424674657594207
-10190.03112645445,0.9662532512214699,2.374313441377132
-10190.026696499819,0.9759935280441541,2.3429549557420692
-10190.030308314079,0.9861366794282822,2.426671790100875
-10190.050514585697,0.9823910387818887,2.7270239193848713
-10190.10872646569,0.996020402234121,2.6670543732497904
-10190.164501461493,0.9847747754710617,2.5864029062455156
-10190.248801581743,0.977602024094635,3.0652878345923193
-10190.493685618922,0.8650342954106662,-2.126045036242912
-10190.752118090455,0.4237957931911143,-2.6542923203048097
-10191.575961536075,0.12117194008499933,-2.752507633053705
-10193.526773881096,0.5208465880786546,2.0370960328619976
-10195.504117600054,0.9989967435724941,1.0011920764005913
-10201.602719781937,0.6328968640331043,-2.8014805031095236
-10212.65855050319,0.9503685203821108,3.0117710969614233
-10236.705288086443,0.519822702807737,1.7287896824695812
-10280.877142996278,0.07308285449112409,-2.734508961151348
-10303.576765620015,0.9895966246414374,2.555222180357026
-10303.581360400987,0.9896189595380744,2.5891374818876445
-10303.585088336284,0.9903936788960765,2.6228086031758835
-10303.581499709693,0.9909086208702248,2.5719743410138465
-10303.58510783466,0.9953831435243717,2.529268646174545
-10303.630962262601,0.9963386995799752,2.9030812375682338
-10303.678796874992,0.99435522693074,2.8653487819619503
-10303.803953774628,0.9924795560056029,2.358365451291471
-10303.849888330778,0.9997218492007615,1.900863271711894
-10304.190710868055,0.9936917714650173,2.7712951712953426
-10304.95241675969,0.9953991706297287,1.860744479732248
-10306.30148830374,0.7485811467828046,-2.820337029443204
-10309.031189050218,0.6517665515052318,-1.8978851552095173
-10314.985276654828,0.07478064178559875,2.363622142896096
-10329.515937409928,0.011676504154011556,-2.212796179741654
-10355.880036644498,0.7782527512995613,1.2309902492612723
-10407.059195959286,0.6940379882659655,-1.2427521018257013
-10426.061561864815,0.21805213093966247,-2.613183266414715
-10426.06470166419,0.2198551202733167,-2.592320093309497
-10426.062814727462,0.22236080817633774,-2.675560181545324
-10426.069969464234,0.20452659988648955,-2.535707313385525
-10426.071435110536,0.20304744361040405,-2.7758766866825666
-10426.089412431813,0.18483428763024962,-2.772205836747042
-10426.095955325676,0.16547058702623782,-2.4248267509037613
-10426.151585156042,0.09488552441792619,-2.975189414531623
-10426.474256783522,0.021444992799412727,-3.0146500133772993
-10427.12835620826,0.023358464841129252,3.080922505554562
-10428.13311394775,0.04904235148158957,3.0819458071536907
-10429.70788778483,0.9974439214286775,2.5843723781638204
-10432.533210622632,0.9816316445389881,2.730270288178545
-10434.577727132288,0.014040040866191468,2.9384790417355653
-10447.330194071894,0.552636330845718,-2.744011367234143
-10474.521783123733,0.9961702487988064,2.1034582230581247
-10517.887946265348,0.013441047833167349,-1.8073662297433657
-10539.274465854549,0.9299273552022795,-2.6784508290688027
-10539.271409322524,0.9309763591685011,-2.706097514515616
-10539.280468610781,0.9233838182121286,-2.6740775126183634
-10539.28324561703,0.9168908726943803,-2.68122783673551
-10539.29539500798,0.9056157484507107,-2.67603457027428
-10539.30962009512,0.8863838868066899,-2.9802054222029706
-10539.37976367201,0.8850409822027452,3.013294179478666
-10539.525521901027,0.8916801012761109,-2.6139863271599326
-10539.67733903119,0.7752610460157713,-2.048914551628645
-10539.702300526951,0.35049334617682815,-1.3502453105083907
-10538.234405260131,0.3120507402323896,0.6537525842925329
-10535.616902934536,0.9893432801384612,0.9477212003106361
-10537.071083951809,0.9827867051560079,2.827555378243959
-10538.301986518005,0.9966758443106266,1.67863609164882
-10550.299950657803,0.9885597841110036,2.288962140792883
-10577.020564288889,0.0031954228398955314,-3.022234465424369
-10620.158982856796,0.694425501934051,2.2613047545515474
-10637.562369641115,0.003056575616025571,-2.2680798390945984
-10637.558289229608,0.003056575616025571,-2.2695856920093616
-10637.559144402334,6.765553360308014e-05,-2.1991717754697353
-10637.555278435468,0.005107576081360299,-2.329247456733168
-10637.550281367383,0.0018477320062693235,-2.4451164391961013
-10637.562990320223,0.001837303756241959,-2.1966214228280405
-10637.607057099003,0.0018212254607724307,-1.9733962486389547
-10637.654192459126,0.022539547094122238,-2.424051167175479
-10637.85350460929,0.0010068142871926759,-2.2670229634695835
-10638.357351507835,0.009159930611526508,-2.649947711958269
-10639.557734922459,0.0025793239190444106,-2.8178342700830994
-10641.060789678064,0.592571147212694,2.2943645735628433
-10643.409858874213,0.9998939677485983,2.241285220395417
-10640.63987467511,0.2890090782395639,2.4924212260496743
-10650.011767877471,0.9904726630317366,3.002377109357502
-10677.867501973567,0.5212822571071791,-2.1137760196539084
-10726.9313139668,0.12904283097836225,-2.3199043074972128
-10750.018494153208,0.005970761116682815,-2.300457511580365
-10750.028974739884,0.0049649185230802055,-2.3413543536435095
-10750.037050738429,0.0025852554143079402,-2.4092595500451846
-10750.048078790243,0.0014402125608042984,-2.3753370442161623
-10750.050120646038,0.0029046958096154442,-2.480889273244616
-10750.090681425689,0.001026425818556043,-2.568973863731747
-10750.130920214797,0.012278691985172466,-2.7184194767843755
-10750.254976077502,0.004302613065921989,-2.4494146876874736
-10750.425315008324,0.0047933272656548054,-2.609595488124722
-10750.886246844346,0.32003167531689297,2.7645624252650185
-10751.619570238709,0.21757437112944314,-3.06112220155061
-10752.564668929264,0.17764257129983452,-1.337323037608918
-10755.45539804791,0.9948657517781646,1.9383124629988435
-10761.39802987357,0.9726660527865213,-3.039463616115513
-10772.023640607882,0.6333414549743245,-1.0579727528304828
-10793.1942533698,0.9992408362177945,2.1664290793692036
-10839.916171448993,0.9368726395442593,1.8846154885234316
-10859.719108640627,0.7347146804954304,-2.884744118372612
-10859.722474594371,0.7370611525739491,-2.8828829081409295
-10859.733724805596,0.7405501887702304,-2.93119232366547
-10859.732233880182,0.7309011210062066,-2.926318253115686
-10859.725586109475,0.7281633569139457,-3.085303260178022
-10859.753825405141,0.7280456578977761,3.0599891029877337
-10859.778929815702,0.6878636226682731,-2.8724498837594816
-10859.869479008748,0.6464743960374786,-2.363061539223092
-10859.868289462387,0.4288614646697977,-2.1318945061030217
-10860.014286823403,0.0023076136950268443,-1.2962853110133357
-10859.574176001548,0.0011646232286184532,-2.131634392438792
-10860.922023543428,0.9765087550804133,2.9976499223327844
-10863.520965236883,0.9740915750511366,2.9919398344014585
-10868.619907264138,0.00020391321835831538,-2.3753171622744453
-10881.228003545828,0.9782260031626927,-3.0486026047163466
-10905.067543625131,0.8286528477881532,2.0114742539289665
-10950.85390225587,0.21399711936876703,1.7960286455500514
-10967.500190381928,0.6089323271108695,1.8759123565358973
-10967.502525214508,0.6082184603512086,1.8499753935886663
-10967.503692408627,0.6131920680368377,1.86692689268326
-10967.488789069615,0.6169064049343512,1.86996207033763
-10967.485360446575,0.6313720985711325,1.823816385511929
-10967.47633860347,0.6624353358704564,1.9181239928178169
-10967.493475614774,0.7578339004260329,1.8508259940377645
-10967.465922489315,0.8810487970330447,2.1339901673188635
-10967.740838042488,0.9968693777466534,2.4453248546377875
-10968.205354304895,0.9990681867460827,2.268517449103406
-10968.654506073755,0.9990278958365404,2.472928585656132
-10970.08600117027,0.46601948257545805,-2.1488984633656476
-10974.17991290475,0.011303572456105795,-2.5903524607144255
-10981.540398027779,0.9378294430277423,-3.1198256108442255
-10992.596006759719,0.4054394461921564,2.047041574911095
-11017.269824740426,0.9989345479270548,2.5482230718783807
-11062.91177994216,0.03392432989345363,2.7593222121862198
-11082.916634969404,0.03446346730129189,-2.953484586032845
-11082.916907568528,0.02858076705720167,-2.9651188219401083
-11082.92010444512,0.03618696597690643,-3.0591445502891133
-11082.946605006367,0.04159091288944398,-3.007058078102522
-11082.949399170533,0.0272347602397967,-2.996046925664652
-11082.990914716316,0.042679560773467205,3.068334372002396
-11083.05043783107,0.08239408827126471,-3.134498580662584
-11083.195896891579,0.05764126939767793,-2.723949825014615
-11083.485354635779,0.0052740724215818635,-2.590360254108523
-11083.72642999644,0.0012550176982657575,-2.0733273056876884
-11084.647478591756,0.01263409276854666,-2.5115286206898744
-11086.256753324158,0.002279843686816289,-2.436571456345357
-11089.867428562724,0.9784250884128063,-3.002238107099081
-11097.766115110564,0.20189621326913712,2.612709642133403
-11108.476682196482,0.9326368092392391,-2.769595032917632
-11132.927513214132,0.9979545959684207,2.4116664656845757
-11184.108501779641,0.9853375435729418,-2.944620561443398
-11207.898628682917,0.9910988598174021,2.4035811786695387
-11207.893544974524,0.9870524927549549,2.3930755122508494
-11207.88517726128,0.9807332127236124,2.4549761615326045
-11207.907805903522,0.9928242945161888,2.3157635311255245
-11207.93187286861,0.9970369940946304,2.6947558986425584
-11207.9945729543,0.9979405522553415,2.78803043872618
-11208.090697903363,0.9654025319805845,2.511786604356903
-11208.149999782992,0.9991549646818939,2.5763751990029915
-11208.349424578262,0.996406060734314,2.8701793967504097
-11209.01170342045,0.9353080064028912,-3.05997427110629
-11209.45200280471,0.01359020846225439,-1.9761355819438002
-11210.886898235685,0.0022710741966046237,-1.8158788553008904
-11213.286627931764,0.021310599548526602,-2.51938699549891
-11218.847439506175,0.00468237785411996,-1.9297700326664613
-11230.974494325517,0.6524783749516041,1.7675628517112418
-11254.694470270308,0.7919555732945013,2.9634320659503874
-11295.132526072455,0.933063772264229,2.867963651782711
-11312.809369356126,0.9951495976798446,2.712834831324879
-11312.803097212176,0.9985171635976223,2.7172432984246173
-11312.798213148853,0.9985171635976223,2.7298045439718095
-11312.809749320975,0.9932722549735461,2.816105576127491
-11312.823698255554,0.9920869138777445,2.8245361692935607
-11312.850822275212,0.9946255453955195,2.888883552698039
-11312.97149012694,0.9930579961714198,2.8306007065407757
-11313.160045082339,0.9937843745559072,2.681481858589912
-11313.422428327458,0.9980603364136723,2.479934108722123
-11313.871257671472,0.9703319513365375,2.6920971767997877
-11314.801328542897,0.6114081824765751,-2.395392350332496
-11316.413491819001,0.004611449139751643,-2.5644274703548358
-11319.932388836552,0.018964701657958757,-2.749794781464825
-11326.793771289007,0.8837710517367675,-2.904804247020439
-11335.817928111728,0.9803488955544011,2.51588614781745
-11361.967446160132,0.9897830090100115,2.689756590561913
-11406.484751524518,0.008221297900796216,-2.3775258710279905
-11430.410500003525,0.9915669497533148,3.024970385249569
-11430.415816467728,0.995142913378442,3.0191186307216853
-11430.413165169384,0.9980909549836574,2.9753435963632473
-11430.420442261882,0.9972043948873242,3.037793764162794
-11430.454720763053,0.9917325045273376,3.0191660187007097
-11430.483981393025,0.9739457327143184,2.6679522321685667
-11430.545754905976,0.9959368480351168,2.6375110599801364
-11430.681928676326,0.995337766825417,3.0246602042527453
-11430.992713415559,0.8568832165726027,-1.8506350367961883
-11430.728709947538,0.3059126541945627,-2.145522466213374
-11431.206486513556,0.002190648740898093,-1.890615994236031
-11433.206647292287,0.006929688211173647,-2.546854569749843
-11436.550264737736,0.9846757999976155,2.605943173927817
-11443.74762884277,0.8651813718914653,-2.9307940675906687
-11451.860649399105,0.938372614718455,-3.0919091257822644
-11476.12378340098,0.012194993373136197,-2.6133082800724914
-11530.55839861924,0.003939858423604156,-2.1099638404439385
-11553.999476916679,0.9515782315688877,-2.915412619922619
-11554.002399703164,0.9518462939715581,-2.8404233226383435
-11554.01019590899,0.947865041652118,-2.979135015438587
-11554.011957571442,0.9492145268364109,-3.005575003035721
-11554.020708932469,0.9429934947149334,-3.0090441380679063
-11554.02323860271,0.9479049340471962,-2.865961945024165
-11554.058736550114,0.9156182325636536,-2.5495266792694204
-11554.116948297074,0.7633002363765,-2.035730901161974
-11554.139546882298,0.49064848666823835,-1.7804270033136909
-11554.24662005199,0.00820533443724045,-2.2022092286904305
-11555.312396609694,0.0347757303301531,-2.474329824004616
-11556.936969391621,0.9921146586143507,2.4693253414147875
-11561.107966236672,0.34939862377616926,-2.0899130758864173
-11566.631053828396,0.7672402300699841,-3.1070583160796987
-11578.14177001626,0.9966328385693489,2.373565128927007
-11600.662408951292,0.9980417462760285,2.728049121005734
-11652.128741685296,0.972530070128681,2.9084988294307834
-11672.12611716417,0.3634094794531942,1.7315817645849645
-11672.120631874564,0.36061821194167076,1.7294239330883876
-11672.116055095199,0.37557623402002493,1.640715646300361
-11672.109963880062,0.3834860173267653,1.7831300351361943
-11672.105600689845,0.36683480749561,1.8742455082149565
-11672.105305024079,0.38496077870016804,1.9686096546633705
-11672.079927848576,0.44952765117852406,1.6080279801275408
-11672.009602996372,0.5911769835032011,2.16987239904131
-11672.167745273884,0.702607361159385,2.4582947905490418
-11672.685104609887,0.9941283743703608,2.537030230614773
-11673.749415648224,0.9962012167527663,2.471957965767734
-11675.53926956426,0.5542910536021488,-2.6317449155487664
-11677.623452988779,0.9795247273472554,2.4005003553462574
-11685.906687426648,0.0013118461760087228,-2.2019503438817534
-11695.788618633755,0.6373332158394703,-2.736728431898595
-11721.618559647399,0.9965653796172976,2.070572648782435
-11765.755811186938,0.0031402228519519446,-1.4226666762182387
-11775.326162239644,0.4394837451470142,2.810610434226759
-11775.331508580502,0.43886590789590696,2.892793226648843
-11775.334526880091,0.4412775792060055,2.9537179434949703
-11775.34699732049,0.43428593912163194,2.993611255781488
-11775.382733371069,0.4508184733433025,3.102956052440037
-11775.396579971724,0.4566309533690783,2.904155415861781
-11775.48337767319,0.4639520466509274,2.9622464736620575
-11775.573536934373,0.45826616249048047,3.0083248071580266
-11775.716414930055,0.44484634275037005,-2.979017693489478
-11775.89773526817,0.8324983755069816,2.0952082547030573
-11776.698511994164,0.9955749277056917,2.15454133595218
-11778.300604167574,0.9897744052388184,2.467459521443784
-11781.704141902148,0.005960150087364557,-2.6546600392795145
-11788.411205206638,0.2885943707541328,-1.4903756058429796
-11802.789948863647,0.7919331742172916,1.8705425133658098
-11826.790675775184,0.9981953013034519,1.7321961786884454
-11878.859563980259,0.6140281609881275,2.121176786219003
-11901.569997274592,0.004785908862866001,-2.361175283611173
-11901.570250939496,0.004610210117953484,-2.3445869034521998
-11901.577077068223,0.00448692659644812,-2.4017727612609097
-11901.601738406956,0.003453735064273992,-2.41875529166319
-11901.6229855978,0.0010423286280114748,-2.442102264947056
-11901.67969335063,0.004981375518658163,-2.358296731050018
-11901.804219963382,0.00034431286785281895,-2.2473332830978485
-11901.952669413573,0.002624792719007935,-2.4618630994286255
-11902.188958185627,0.013026875494166484,-2.751264671333425
-11902.733637656675,0.00228849830301421,-2.323565645074873
-11903.760764308294,0.10738265797600274,2.5632069562748363
-11904.565795664195,0.00033074823016339405,-2.518504818043491
-11907.649592277885,0.9787761254163664,2.8782707313192173
-11914.542285381047,0.0020725321266167897,-2.1424846451080892
-11929.259585753402,0.962223590270765,-3.1144826925606317
-11959.055490013307,0.912729936815828,2.290789065544783
-12001.09135432184,0.006420125647662513,-2.4008786412485112
-12018.71437088431,0.8778689842473203,2.7178686389715514
-12018.716991925015,0.8863850776320654,2.7330797476332753
-12018.725672574104,0.8921784417307291,2.707963994995314
-12018.74513123105,0.8975404946411166,2.60137882513515
-12018.745702587363,0.9100473149757351,2.5957656181489774
-12018.805193400496,0.9363745811036672,2.536334016442364
-12018.881117727518,0.9959115496058623,2.737974962810708
-12019.03358343767,0.9523540880701953,-3.0857697164278295
-12019.227173581437,0.9447040677386908,2.823810769740626
-12019.776302273416,0.9950547405343522,2.126847538214685
-12020.782790171797,0.9965442113282592,2.828222440387866
-12022.396605471655,0.5675878727292674,-2.829888809170074
-12022.501249787032,0.9964256025027303,2.534512821481594
-12029.293460269853,0.4731771876456095,-1.6768596176118407
-12042.479198399262,0.5171770521357506,-2.401650770659103
-12068.515344103622,0.17253080557044295,-2.3166929966710965
-12121.397183257099,0.7987951043898736,-2.8540963909549006
-12145.823694045424,0.9903520739667673,2.656209645879761
-12145.823006474391,0.9942818820977494,2.708163194456665
-12145.829719341198,0.9840356038288334,2.654921755729477
-12145.835053195773,0.9915128722421753,2.7646710785217152
-12145.85282472273,0.9997014940551845,2.5622471545964505
-12145.888248833662,0.990706569122882,2.6599407801047796
-12145.989654401903,0.9970727661217454,2.340202860585743
-12146.065457463574,0.9999204578518676,2.0495251096299913
-12146.284499432835,0.997689585563474,2.338586195099735
-12146.891679047212,0.9881037006237693,-3.0541183081924244
-12147.83905237993,0.7501370700124731,2.4997821652821663
-12149.488962778516,0.999749312350693,1.7482690184516194
-12152.614711032144,0.9981448077016142,2.8194410670883716
-12159.513502687934,0.9997056367946507,2.534099534078143
-12171.50485889851,0.20129525121236602,2.7909868797045547
-12195.43008243487,0.9996065673193466,2.3254147375466996
-12245.04742343435,0.41333367653142267,1.849991484721352
-12260.466855905917,0.9933659424188398,0.611532332222195
-12260.480151028292,0.9933659424188398,0.5832168529806743
-12260.474300605816,0.9945359993591623,0.5858543665461493
-12260.456356366078,0.9947035089418088,0.6004448525562012
-12260.446733288793,0.998609952274845,0.7003203105570868
-12260.418605816629,0.9994420382538689,0.7449343193305484
-12260.322275051742,0.9919050073235105,0.8625121864608261
-12260.224357290206,0.9991959496408854,0.9852380563187584
-12260.066791167812,0.9971955798143278,0.6220181228570074
-12260.136038746505,0.9988613489579635,2.5256433824845566
-12260.94751892884,0.9892948498861764,3.0334336613362813
-12263.239405781973,0.9366718235005551,2.7801103912363576
-12266.819369320609,0.965028447511484,-2.792531258783942
-12273.956688618619,0.00181492238767713,-2.470587477888945
-12286.785312982534,0.0032458414352159763,-2.6597108022536164
-12313.277220113505,0.2363595328484525,2.351148990782553
-12364.39062617752,0.28050170366712424,2.364152494075811
-12389.074632910484,0.18853253723712624,2.787479254410771
-12389.079008660361,0.19318169645342856,2.749898413842942
-12389.079151177644,0.18605781282209166,2.742696956107146
-12389.094192783392,0.1921903739126992,2.8107723719939495
-12389.115083228642,0.17857380755218505,2.954505863518376
-12389.109882800047,0.17394761205613485,2.8917176652775893
-12389.182172911402,0.1396870621558817,-2.988367690409134
-12389.290243067977,0.19337779162134355,3.064503795558486
-12389.52314937231,0.2848335699015895,2.822604493173097
-12389.937041548064,0.09447893402084659,-2.836971589823203
-12391.070496125429,0.050408705673468085,2.6081546235338937
-12392.834772378324,0.9973479875980779,3.1014059778112015
-12395.851950771763,0.0029594661248054568,-2.7812526307409775
-12402.55737794112,0.6853936774744526,1.6323744866138696
-12415.492701015557,0.000347665534369486,-2.026216797743444
-12436.59129912274,0.5367217861250696,-2.726330825344483
-12486.18178456413,0.9957657621321104,2.8966755181072443
-12503.797248164408,0.008279312968476595,-2.686938772591159
-12503.806062849731,0.0009496129093611314,-2.6163953708476555
-12503.797994509912,0.0002848838196564308,-2.6586582068862405
-12503.806860741633,0.006370069404940901,-2.631865638241284
-12503.816763780394,0.010746242742149543,-2.7916372583966917
-12503.852542983304,8.506279793721381e-05,-2.808866037766403
-12503.955025092273,0.002850378140901976,-2.908666177184558
-12504.128162766123,0.057079034262069346,2.831517064750278
-12504.296979117362,0.2379221494363585,2.7342545860294205
-12504.304884759367,0.8213442200745192,2.7986916127087067
-12505.219811728646,0.9772645653267481,3.1365608197227965
-12506.922916655585,0.003427798085717523,-2.818093196828259
-12510.328932651495,0.0014404265335258317,-1.9261603171494168
-12516.101514632688,0.992491304724184,2.8890626458615216
-12527.686104763307,0.06281313626386335,2.655374320274582
-12552.164020271568,0.08997144437360327,-2.395063849541772
-12599.836144389823,0.10616219654226862,-2.422299286847722
-12624.406039798505,0.9934230087650039,2.622565934714724
-12624.411021942467,0.9928458376917435,2.627648661794396
-12624.417444545734,0.997868717583312,2.564225218128902
-12624.422859089356,0.9963570779001523,2.5958848134235755
-12624.443084445413,0.9974548341292426,2.6389534388185787
-12624.50593219414,0.9944752160511913,2.7271846748206254
-12624.588132940004,0.997176202503639,2.361770157267019
-12624.688285877357,0.9991001146640307,2.2802404461280226
-12624.839397573709,0.9928757433533673,2.4713050641162555
-12625.28594322851,0.8769180053484708,2.9828779421060787
-12626.128063104941,0.999135227083387,2.374933817744223
-12628.384876793243,0.6998893016502957,-2.8881106143761284
-12630.5883424569,0.8199275797394736,0.03330084055125493
-12623.828164660343,0.0031222368493841975,-2.5631499337440893
-12635.640964256618,0.9941742013517773,2.5114302493835616
-12659.765537002173,0.002141960499458586,-2.1435700199580707
-12700.843260092117,0.9911783139189382,2.372981842566557
-12721.309188280593,0.003641531129761506,-2.2508723453753094
-12721.309689417354,0.0036451174165339,-2.173118628384444
-12721.323268161786,0.0011747089836084087,-2.2054944120882745
-12721.330704436954,1.0132215217036186e-05,-2.221174062354347
-12721.332578224534,0.01741495349809842,-2.3026330977701783
-12721.370994942072,0.004511901613906458,-2.618213252457146
-12721.434359177956,0.05117311359230406,3.0802080557919034
-12721.577225943302,0.07292771799558483,-2.883633516840741
-12721.82922044576,0.038306888773277384,2.9051107350251115
-12722.341527197112,0.04462046058076338,-2.528587212025297
-12723.192367444222,0.025777339619854754,2.8572252395917985
-12725.395348167956,0.0063781029007470465,-2.80553540672273
-12727.540401505923,0.9950983784420845,2.381302699784017
-12730.025042190939,0.0010367040241795187,-2.307286604202464
-12742.267292002822,0.3669557563466346,-1.6341822151034275
-12767.388734968492,0.0855163795569599,2.833813811087336
-12811.239859462323,0.003976844180531522,-2.4313583377615533
-12833.370684203399,0.9943360063344842,2.3624704579532416
-12833.366027446871,0.999730164528791,2.332715719295358
-12833.389112856337,0.9993661381286476,2.304903480464434
-12833.380142137958,0.9987248821354886,2.2783761814936607
-12833.382061301158,0.9931358402264558,2.4441174486682185
-12833.393009701405,0.9878827678003193,2.5978675077812197
-12833.455413668828,0.9978633850949531,2.669957870566538
-12833.56524114999,0.9985533013937986,2.6552224922414656
-12833.904859920121,0.971347777855854,2.7698121715399395
-12834.423145620958,0.9054658593489909,2.9495692647440492
-12835.774610278027,0.9934164124285875,2.397322694462275
-12838.023756795565,0.9991681221149032,2.544111416339554
-12841.15938175362,0.07621153467379124,-3.053986095092686
-12847.824383722687,0.0023003366827545747,-2.5924020327375823
-12858.592937082542,0.9909126148573697,2.1907650336631663
-12880.248857832916,0.9980568678898158,1.9759859041264143
-12933.762343485449,0.01102317174577774,-2.0953442314458828
-12954.79532040762,0.050657501209547595,2.3778485743146778
-12954.801321223964,0.06026079555841111,2.369169700027328
-12954.802683678032,0.05282455105575415,2.4051598228056177
-12954.796904959241,0.04781905491272666,2.423973704051763
-12954.809178562282,0.05068936433416315,2.28791565606393
-12954.843200260764,0.11113038071218699,2.1550229610418974
-12954.841554530387,0.1616206123511803,2.35407683523429
-12954.908537889049,0.3179848663086999,1.6618565914918815
-12954.742314011472,0.7326847619238809,1.498928157360118
-12954.78203841083,0.9995653728815819,2.1747151567188983
-12955.636381507558,0.9988935974116181,2.28093672603762
-12957.682999790222,0.9781407697848298,2.6227641223795057
-12961.373012998129,0.0542732938024336,-3.0629493203391287
-12968.16619082522,0.27255506827416903,1.6673821979221497
-12980.895232493214,0.9914110061245536,2.679710526463948
-13006.06015292235,0.9973524833950315,2.5111179051082786
-13051.066664440908,0.006879957547232767,-2.592682094772405
-13070.934070827241,0.2640821829342165,-1.6730707300656167
-13070.927383484846,0.26118472509887003,-1.7353215556491464
-13070.928579626652,0.26307202883330033,-1.7225873099160007
-13070.928012238059,0.2456738050125053,-1.8832794325754079
-13070.943663839324,0.2193345339880785,-1.8158040623690805
-13070.949207123773,0.18752702607370297,-2.193199852228645
-13070.92038633534,0.16737391454491096,-2.296348139032792
-13071.032094954377,0.04157280567261515,-2.652540878660644
-13071.300499114863,0.03993027299785226,2.5425851822742214
-13071.562791001816,0.42143760032322963,2.050931412481983
-13072.2771120523,0.9821101122057737,2.788073591958412
-13074.166856757383,0.12751618660432099,-2.707493516846075
-13077.178131027664,0.49526208419963774,-2.5750956273777055
-13082.722157353903,0.34776772445340204,-1.947113124019285
-13094.260688393188,0.1805569542067227,-2.0396370020490298
-13120.0747554865,0.9995478805132602,2.1965575130206574
-13164.058746908902,0.0024328001067516576,-2.9211090242105646
-13185.817591728184,0.7121593809089237,2.700853419470466
-13185.816915476005,0.7155769769129077,2.7813317684471333
-13185.813000700775,0.7147701650473479,2.6597172928630854
-13185.800601642932,0.7264887086619347,2.704379738064752
-13185.828897046104,0.7479625046850807,2.96652481326195
-13185.849411327876,0.7143483147618261,3.0970150312513454
-13185.915699075413,0.6748178126564568,-3.025382927125952
-13185.963522883703,0.6627812731232045,-2.7940677061957007
-13186.184136260401,0.6687844244982104,2.502112632240527
-13186.458497618643,0.9964480399005267,1.7024176601271774
-13186.523168053951,0.9920097238350792,1.6847691971190155
-13188.476151095043,0.9888807184729338,2.857192350911376
-13191.16797362346,0.8087457862655839,2.3847658899581
-13196.068932564733,0.9996049337087484,2.691187468109261
-13207.073868502112,0.43748437182576105,-2.561179703546146
-13232.831212511366,0.9814544707428984,-2.6956730304500787
-13269.29121837962,0.9986640393125539,2.4288579383392843
-13294.281515495053,0.5547658729014251,-2.404711022737959
-13294.277374809497,0.5612453859305235,-2.307900880162501
-13294.275815972458,0.5650620827300814,-2.3408536519580254
-13294.28814473406,0.5624754386102546,-2.3199790939970177
-13294.269163869696,0.5511324027211253,-2.1491097919090874
-13294.262272737751,0.5207999621625102,-2.002186702102221
-13294.273288066435,0.49282711925629047,-2.226849149785441
-13294.39798235773,0.394348764971195,-2.7286926885936174
-13294.40478364305,0.15136887634212493,-2.301844136128486
-13294.969767749752,0.001611342584530065,-2.9343535327433297
-13295.849176846035,0.35882445661061696,2.0707965626218137
-13297.547456133618,0.9821418626124512,2.5131932938603656
-13300.050372474781,0.002951563222282563,-1.9568635602818425
-13306.018985804461,0.38315394323041824,-2.426598936648551
-13318.241590802934,0.443061770561801,2.5888097117650553
-13340.598323700357,0.00943686123957758,-3.052615294901885
-13391.842857771417,0.49393083863989967,2.9098389259683746
-13411.151500482109,0.9971455925622237,2.367295263357036
-13411.147775138565,0.9971455925622237,2.4001444567754
-13411.147319010923,0.9957107201902575,2.436901649220168
-13411.160727867957,0.9974674262037908,2.3829241352629573
-13411.188827525342,0.9962152085890197,2.299455917544668
-13411.223278179183,0.9998543886890727,2.3373802589230497
-13411.277332092643,0.9987005723473408,2.3580538857170827
-13411.337377440177,0.9982837032019029,1.9742243127153678
-13411.50590462843,0.9991709920511802,2.2564923999350572
-13411.979383649383,0.9981597547840895,2.1773996334495678
-13412.772165067576,0.9162177110893571,-2.4419390479122174
-13414.272584612532,0.0019990531798645917,-2.3590379905567493
-13417.624394933375,0.9985955639266046,2.269885967491451
-13424.153900889234,0.5000932617936361,-2.2000719369962125
-13438.369289908997,0.979220930862186,-2.8839753383761
-13462.489793482295,0.004839353403931693,-2.803852317840951
-13511.889688674302,0.9985925838669683,2.3403824277732177
-13529.160983968435,0.3473444496399825,-2.2359116701442
-13529.162480309016,0.3448888861479485,-2.2223816968174743
-13529.163911056306,0.3383769972765659,-2.1943609024371664
-13529.187204696533,0.3291345356368904,-2.1530674920186543
-13529.202957452657,0.29720633086145526,-2.2467877841885535
-13529.203754316814,0.25630350351180564,-1.8497182528639837
-13529.160438969582,0.18263311498554755,-2.0021012953138664
-13529.243469630715,0.05603036867663085,-2.001639554193155
-13529.574511648621,0.008991809466464967,-2.4650340461537126
-13530.107757214788,0.1287417674777165,2.2510559536540704
-13530.680627161164,0.41880575248403407,3.121384177146062
-13532.17897960755,0.016078859716659656,2.940400435672
-13536.326962828003,0.9083596582788795,-2.681829373060424
-13543.500986658919,0.05362048404191383,-2.95003568153242
-13554.651733512674,0.0720512858328579,-3.067564802722321
-13578.459754474288,0.3950292568273683,-2.596137607885234
-13629.376089677029,0.12405416478057518,2.6852425257457586
-13650.109154461434,0.01861229404894761,2.9994780670836585
-13650.114991350967,0.01462271130862608,-3.1372228020836186
-13650.114717612445,0.0006941702194980396,-3.1411886451400814
-13650.128565963903,0.0032256611770951848,-3.054604487174595
-13650.151641279983,0.008328786060053469,3.075625955367549
-13650.170778323502,0.0071558353443556405,3.090195369998714
-13650.23836858433,0.00742845827123783,-2.4304834408393146
-13650.31869079256,0.01077490341222483,-2.671850202699304
-13650.622462710136,0.020572686538691334,-2.918264767996969
-13651.239868667368,0.05212216978859845,-2.6178076143625777
-13652.4071619567,0.014732756258028615,-2.8697550198024695
-13654.032564488783,0.0005149016869441613,-2.941499231489043
-13657.540028957474,0.5062432734060721,-2.872984991577424
-13664.396273299373,0.0913708003187606,2.9423783707622917
-13675.156949964594,0.9788695568026471,3.0014145807448243
-13700.401669583563,0.9165475055392392,2.267484112810516
-13748.261063057027,0.34178660532318417,1.793769387487636
-13762.284747676998,0.00028586094838221844,-2.4046411733808237
-13762.286505923748,0.006178661837392304,-2.3834829652253546
-13762.28826293514,0.004385342570822532,-2.3815087603416365
-13762.296283903852,0.004977529732128288,-2.369510647359489
-13762.335650613155,0.007985134133539013,-2.3330510656414862
-13762.334673652193,0.01676129144912763,-2.579184011678061
-13762.415770879754,0.007338671863901044,-2.482242860333367
-13762.529056566813,0.03144099132263827,-2.4982198960011606
-13762.816787397427,0.028140057723612607,-2.9890219061100955
-13763.517245904468,0.0005801928630750864,-2.470331931361362
-13764.36643179948,0.005519343756258798,-2.2076106438570897
-13766.470592797677,0.07797188179660974,2.3382883786679693
-13768.15136445483,0.9874301244277688,2.883116051924894
-13774.961704352534,0.003058388930611662,-2.31196557251359
-13785.776584216366,0.04668609518586609,-2.8532782196362927
-13811.099845180355,0.038972801693670275,2.8926671124758787
-13849.95651064695,0.3388360112498756,-3.101269076269794
-13861.767133895934,0.9968518558420925,2.211414480911894
-13861.75859794798,0.9942024664615629,2.2452164011616915
-13861.761097089737,0.9968444899634981,2.298865421471337
-13861.75358992517,0.9899959543056732,2.298606403394272
-13861.769169782669,0.9986622591776984,2.4292543908886195
-13861.811552038656,0.9983770652343191,2.385825753131524
-13861.865079739277,0.9996981233331799,2.084428131086252
-13861.991641500868,0.9955913080050085,2.1952663778374806
-13862.265629287998,0.9473456383052942,-2.950452699609876
-13862.439286795883,0.5553982334671338,-1.7605405289930174
-13862.866304734289,0.007722308451552525,-2.3128882603046734
-13864.402305723497,0.00016264558830978836,-2.3296955524763936
-13866.51418839239,0.7545628834232674,1.7881922820509288
-13872.923185195756,0.3655681518858909,2.3595049149912795
-13883.512045605992,0.00423247403064642,-2.7302743285408564
-13903.108652322091,0.9897534393234924,2.969490746872328
-13955.872351204727,0.0025546694241254313,-2.2104481483656677
-13977.17309660479,0.9987967976768585,2.391214536459941
-13977.181745696002,0.9987967976768585,2.401852023533852
-13977.199565262888,0.9995125823414144,2.467345776545689
-13977.217110105983,0.9945571896191251,2.384428594820273
-13977.250276513321,0.9885439012508817,2.3601606827403323
-13977.289503705673,0.9955213074156637,2.4158258535054067
-13977.399886617679,0.9966389304325428,2.627134512674581
-13977.538901416006,0.9890025901045284,2.608583880438413
-13977.771218521359,0.9936699361182105,2.8052070332647077
-13978.3833952873,0.8524611284664319,-2.2575870375236655
-13978.907262403018,0.03318971039102493,-2.7691400309991225
-13980.958448908279,0.2031560429195383,1.9314725314287333
-13983.662437094888,0.993029941028445,2.6000213740690334
-13989.692333093284,0.973301611053563,-2.88942407843363
-14003.58857440173,0.8121739405687286,-2.7782960455047965
-14028.518779246035,0.9978773563426955,2.0354582258028273
-14070.238141869422,0.4217021276468257,2.904047738025495
-14087.429371621552,0.9985429389721157,1.3224774633534837
-14087.426673140651,0.9983381144147752,1.3720889507553675
-14087.419208200743,0.9917960850064504,1.3405885609282464
-14087.415101543475,0.9872232632651602,1.193862020754299
-14087.404440224866,0.9993269843554684,1.2217708228600603
-14087.39693847776,0.9985392967376336,1.3528954153362678
-14087.376878625038,0.9948761608879665,1.6694511802473002
-14087.355115564314,0.9956824560459849,1.6457936432799816
-14087.480874292463,0.9945905826999331,2.0783447017276027
-14087.766063569965,0.9901408369815736,2.7623394528499556
-14088.73186330498,0.714766298529895,-1.9959999924484604
-14090.410158807794,0.004785900030431658,-1.9399819930773492
-14093.634997394729,0.004824157054498202,3.009227337566867
-14100.05886682048,0.4462742412840234,-2.7560786838869933
-14112.496717008866,0.9997411144631255,2.3199811430665473
-14137.662086293647,0.3958648493969117,2.638282326175224
-14191.03556322399,0.9983675884082277,2.080777627952756
-14209.445444985355,0.013395346898961671,-2.3506086781141615
-14209.452164480042,0.015019012613426246,-2.375068026978784
-14209.461673551046,0.017008969458742088,-2.274458981233972
-14209.470447077634,0.006117988090880303,-2.3016725618273215
-14209.467397355183,0.007163078932741422,-2.4251755308234637
-14209.471848423822,0.0021194998916920843,-2.4974653230015833
-14209.503903928005,0.001645444345999424,-2.3193624815514826
-14209.631012906886,0.04027601593504436,-3.002998845457492
-14209.877391380276,0.0013095872202445926,-2.2540426371125606
-14210.344592242123,0.04433120537639081,-2.730405593053606
-14211.410984333104,0.004053171146059153,-2.7291026381030004
-14212.54299123439,0.6182352926366725,-2.369605337513249
-14215.517513767856,0.996004786707646,1.73193411224831
-14220.987527962507,0.0012802798335613229,-2.290946621784468
-14234.7124779545,0.7587614085883866,-2.472430989128136
-14256.764937934504,0.0010149437862098797,-1.3392216456631787
-14308.179594533025,0.003526191492280257,-2.8092327154008614
-14332.134069551474,0.9773281631556047,2.162662108559238
-14332.138916358392,0.9813180734620733,2.210640403708055
-14332.135869589407,0.9791460691773363,2.2385526908296054
-14332.146637092008,0.9891517219916298,2.2119315154352837
-14332.187730044776,0.9940369171162817,1.9890992914464078
-14332.2283357505,0.9980550599514136,1.8844123850922383
-14332.218367264693,0.9853615910610242,1.829288891444084
-14332.27862840182,0.9978682239816712,1.7067282962035177
-14332.3472509314,0.9873683868891806,2.0894967458376428
-14332.64844965899,0.9895490879331339,2.0830795198964402
-14333.674936026779,0.997466332013713,2.446319367834585
-14335.645874537131,0.46944813339004626,-2.50570272160365
-14338.450934029574,0.029478022330571445,-3.0546497687927006
-14345.106244300874,0.9609431060073638,3.0196735719985064
-14358.155598338395,0.9608486408647686,-3.1073441065254905
-14384.063066416615,0.8850561107980945,-2.8058139474997295
-14433.893833169352,0.9945337429293498,-3.0492081802980713
