x,y,theta
-0.16899797659427007,0.26667255273164486,0.8214590097186543
-0.1670822902096534,0.2733673073028795,0.8584386841619391
-0.1566134054437017,0.26450384979420877,0.8341207859570554
-0.14365208891732997,0.26302111192750394,0.8549203629884552
-0.12483373877612564,0.28143349786513294,0.6388453399048859
-0.07977488736470104,0.29554144880264294,0.7162151366444047
-0.010646045202373108,0.39586212556285666,0.8699135177823019
0.17208964091899992,0.4844051307264818,0.9118873173107209
0.5165807828912766,0.6327383069971955,1.1356391007679196
0.7301786956846794,0.99546855387816,1.8654325789119834
0.40534847813749775,0.9997190168500116,1.950297780682182
-1.178205831718232,0.9980477529624661,2.3266292556493653
-4.738867199809292,0.9962440178997862,2.3994529305161576
-8.817327914243894,0.9065547272325389,-2.8166447926273577
-22.37686129630986,0.496291230003528,2.2093769516742414
-44.683722291967975,0.00954440320624504,2.988692586335966
-89.94324815163618,0.8520563665364489,2.5406309360898938
-113.01287183082457,0.9639450787758537,-2.9535592157672794
-113.01277776012338,0.9661504173922797,-2.955678188950885
-113.0146183914689,0.9619083630392474,-3.0379740248377636
-113.02865541520279,0.9470037394246841,-2.7884081234753624
-113.06450159314781,0.9240722965701118,-2.7074154374668455
-113.06586687829092,0.9167612309508789,-2.5771907566634495
-113.11132608604542,0.8855025374710674,-2.492219543668602
-113.21900889470145,0.783488634550121,-2.524564124869579
-113.24947342068569,0.5852264835624496,-1.996724947706004
-113.39278884853495,0.050157297847485134,-2.5480778520400125
-114.4709895097137,0.007949771333872235,-1.9523990050054347
-116.45147737571108,0.002720020221532991,-1.8132035316872102
-119.29121984935759,0.9276018713976402,2.9467513538080663
-125.5498025996265,0.9051665509094524,2.9390701122700857
-138.7437304745648,0.8572052422008362,2.0099086574101026
-165.4519311448861,0.06362081362180518,-2.7691256676485505
-205.6292966384448,0.9051559674193782,3.020409283420073
-227.29511322804618,0.010603527036786332,-1.9708130557525099
-227.29719613455623,0.013441350695727852,-1.9576840962649744
-227.29097417201368,0.004041842307666413,-1.9392005023533778
-227.298934068749,0.0052050083596735025,-1.9643296183513344
-227.29591702559136,0.00794959161736509,-2.1070615463162436
-227.31952280479007,0.011964707493475783,-1.9426186333448936
-227.36565581273743,0.005380666615828766,-2.5161671992193133
-227.54148337981454,0.0013943056718856957,-2.4936566994054266
-227.87335863349634,0.016152599654738965,2.9177619505860424
-228.50579337130318,0.01359151192527587,3.108260720487987
-229.60751653538895,0.35621353803019934,2.382170771797238
-231.0900363463216,0.1720606432653411,-2.6197716258866586
-234.17201673258018,0.9102508878472593,2.935888442017019
-241.86868223406103,0.025780530045919906,2.981983394278428
-254.98699793215485,0.0024716503362317115,-2.1472912100063
-275.79129153306343,0.002698708074792952,-2.7358764186922726
-330.5978376555119,0.9954725202831114,2.4856264711157294
-350.99402884101863,0.029026393603913316,2.915146145937481
-350.98792794763796,0.021902066865771702,2.9515594898552218
-350.99650593125665,0.023118807049468667,2.9721945964555454
-351.0061169766659,0.023326515403525254,3.008202837248856
-351.02739661511856,0.04721896599746381,2.935988918440051
-351.028707556298,0.05839998590702557,2.7676723259215734
-351.05665698598096,0.16556592844966556,2.478356943310236
-351.1203222896348,0.27853233154346224,2.3766745816538766
-351.2129689060769,0.4700562962025357,2.192490198188165
-351.4466908305213,0.9247252958984661,2.0729774476817635
-352.1920686270528,0.9954625152675561,-3.027186815953138
-354.1246640211764,0.9756627216892813,3.0990843174830616
-358.85808577871717,0.999641880978461,2.3661413862088043
-366.1595323927873,0.03447238774897832,-2.9896280571193965
-379.64427442048753,0.8967223617589861,-2.3948194883881273
-399.2323883255164,0.9977518369005183,1.7571906803886588
-445.3423830733857,0.004456123104061033,-1.495332190240573
-468.55884482227736,0.6278254646877033,2.0579551457600456
-468.55606288338146,0.6302007156267508,2.103201914089584
-468.5649570762815,0.6348247643897713,2.0917446243317617
-468.5748170520207,0.6437273130613331,2.0808103111669816
-468.5856333835242,0.6496328556384233,2.16244511651864
-468.55350305102206,0.6614116734033089,1.8814511784307193
-468.5553027507086,0.7068914128065334,2.408940834566284
-468.65134347824045,0.7951434100305879,3.011997798720248
-468.8731340520822,0.8380263081019456,-3.083648479429711
-469.304174646397,0.8190930459479911,2.570460108439379
-470.1241379303747,0.9949730016670578,2.1008651019234765
-471.79309275641305,0.40531360568157593,-1.441526658586974
-475.69506706659604,0.2657269058777718,1.7334694654757508
-482.7420639261316,0.6180614552171297,-2.490041493300874
-494.5819973018467,0.9293267198582018,2.7144547617637915
-519.298400707296,0.0021211128016091615,-2.277708597753164
-566.088490180826,0.9990529866657052,1.188553525797622
-581.993023150628,0.8482489571890862,2.5499163889563885
-581.9887900486592,0.8550844764032177,2.5518665695129243
-581.9909599960428,0.8668350637364431,2.646024732096987
-581.9956632581501,0.8660227265901816,2.577186195044729
-582.0062479578291,0.8917829651608716,2.8235674456294078
-582.0358790949057,0.887175442108517,2.760776342031134
-582.168358920187,0.9064666755324998,-3.124814810696333
-582.3078752314942,0.8625666298185771,-3.1312854694227577
-582.5020833557797,0.8890251116307978,-3.049244115635107
-582.9522841035833,0.8158938147306499,-2.5811066610344975
-583.7820174640959,0.016687789878848596,-2.891506491955218
-585.1537333288345,0.8869182464449418,3.0760305648552144
-588.5814054991337,0.2338100128970673,-2.8931391128927495
-595.515976875105,0.11380269144721866,-2.1210088817638404
-604.2728781016583,0.9854121046068911,2.7439510908717377
-627.5179713260536,0.2904886585798737,-2.734812659117506
-674.2850810780405,0.9875782485912811,3.0344076481951774
-697.4165804219259,0.9970647210387141,1.811632883576011
-697.4169728781136,0.9980723037839506,1.8093357121225866
-697.41826415259,0.9980723037839506,1.850562923783615
-697.4412768162507,0.9955266040518018,1.9911012630182023
-697.455662599403,0.9954806280754369,2.2173983498918712
-697.4651569206898,0.9912151030476553,2.3199688540119876
-697.5213595458728,0.9918039340301186,2.4806884604852035
-697.6815800849939,0.9817235873558816,2.826236588130703
-697.9345292639356,0.9801971460675097,3.016989583506561
-698.5503254701853,0.9939437275678993,2.8821303220159464
-699.8623398617113,0.9817220129153297,-2.817958054972653
-700.5311130919828,0.0660328011547251,3.030581345571149
-702.4461202005369,0.9761764634830208,2.881610936069336
-708.3490623735394,0.8211153152344172,-2.584188410611002
-722.0752432281781,0.0333701611838225,2.8111177986511127
-747.7580857467241,0.37109134386567566,2.854093762360158
-788.7940118957322,0.9878477912561522,3.0145616256125276
-810.7331840030403,0.00173059619232096,-2.5302282074294973
-810.7380109527143,0.0015749346544816048,-2.5145691740909246
-810.7355891963779,0.0015749346544816048,-2.5070248894096476
-810.7441989547298,0.009027729984583163,-2.4290399819656567
-810.7322678444391,0.0020824522574879128,-2.710732629204135
-810.8016824779583,0.007820137374526411,-2.6921874002457047
-810.8579717801334,0.025612353112190792,-3.0737446378495297
-810.984072205947,0.0028383231475539294,-2.635447401339419
-811.334800206628,0.015429033167438285,3.053879950540182
-811.8777462379983,0.19902024630532908,2.5402830977538873
-812.2553919540471,0.8673530923823964,2.417592545649314
-814.2797663321518,0.989113073387401,2.8218852145310027
-817.3439943903987,0.7247177065676081,2.7849781841320107
-824.7927056256257,0.3346851811378976,3.135688175988278
-832.954315051091,0.7996989055362108,-2.650178883100744
-857.1388531090714,0.26970933774090994,-2.8997054962996236
-901.3400298078707,0.00535614970922873,-2.8120494153725444
-927.135750511358,0.9257604174899747,-2.8275564636905703
-927.132083020132,0.9206378932424307,-2.7803654617667606
-927.135883743034,0.9247669295786339,-2.871522964075086
-927.1249051891244,0.9343780966901927,-2.9883163880360337
-927.1391572290381,0.946407016121994,-2.742587372372658
-927.1807172722038,0.9324350548268444,-2.681256996178773
-927.2521996722778,0.8877565166506659,-2.8985700844168094
-927.362593013316,0.866005671469859,-3.0749567357333687
-927.5509507525256,0.9552409974094959,2.592425663404523
-927.9786648343114,0.9976129333393974,2.6587567920671615
-929.2165943480364,0.9705779044167441,-2.961170517671065
-930.7875654634569,0.00631373637632037,-2.7254540956690168
-934.1753414407397,0.9225982321644045,1.9179662264674677
-939.5907933301997,0.9601396951307306,1.915317088484704
-950.6324426814632,0.3585270612890662,-2.4560691635520087
-977.962060783739,0.9865728247268384,2.257891424399637
-1019.3266530656608,0.8867989352006903,1.1587371685724568
-1041.0046235878506,0.45367226987274833,-2.471332330497221
-1041.010497579805,0.45419611739935517,-2.4625484961327953
-1041.0114984780714,0.43867722675931403,-2.3957825968605833
-1041.007810671123,0.4211462645858861,-2.3044053922981633
-1041.0023904299007,0.4132287724237933,-2.332077064670433
-1040.9948523638332,0.40319572529605163,-2.440246957022976
-1041.0240949927222,0.3807190588467076,-1.9862631936728483
-1040.9763321363191,0.17501169655564,-2.0617049949521307
-1041.0777198343997,0.005962222031765165,-2.7084277477235363
-1041.8103417423122,0.008771422253889556,2.819378900830638
-1042.3694048150498,0.9371133756686416,3.0788058984601
-1043.9456174056268,0.1758328963636542,-2.6334451331255977
-1047.7190729844315,0.023056965264996947,-3.099322473853822
-1054.133527535062,0.9982147169133578,1.9942739735716186
-1067.0392271690082,0.9929454053366107,2.9426932913548294
-1089.1940547979427,0.0009292832180721822,-2.604987950030628
-1138.0793231633372,0.9979412000869691,2.593629710658746
-1151.9832040051422,0.9347032418304332,-2.539982849632241
-1151.982329362744,0.9417257899472311,-2.481560297178333
-1151.9826960117732,0.9476168143193905,-2.555962551214972
-1151.995736397468,0.9445888261670126,-2.551888946201783
-1152.022633010999,0.928452160171749,-2.5577246084734844
-1152.0370596218133,0.9006611020398071,-2.38864834479347
-1152.0741087229094,0.8299784300737372,-2.2426312532335366
-1152.1193886845376,0.6976330876640161,-2.510010871273832
-1152.2652866747012,0.4930161879031824,-2.461268196777468
-1152.5768016280313,0.28481605723094855,-2.398831800563105
-1153.7378721543967,0.01790551690608682,-2.8400886275771655
-1155.6808231702728,0.024454206636223726,-3.0318368732670855
-1157.9799081551846,0.022282193231761505,-2.653253024185193
-1165.834836310565,0.005286413871027954,-2.616574858624873
-1177.9508605521212,0.006864778651494818,-2.444391134609488
-1203.486762802281,0.00025691565735632034,-2.1676060919548092
-1256.069406234368,0.16597182734790744,2.3896372885592516
-1278.0905447874284,0.11217385257262075,2.5583520440138035
-1278.0837126332362,0.11168540833753779,2.522671908896177
-1278.0968866076048,0.11386406270653326,2.529568732451068
-1278.1130173172753,0.1225682450425773,2.4761866819919183
-1278.1246210608126,0.11033195695294014,2.654505407096371
-1278.1751106903425,0.1448448643916734,2.574791987505547
-1278.1949399198058,0.2171822239311928,2.903703908895089
-1278.2699952953587,0.20732206302504935,3.011119320901402
-1278.6116945696722,0.27893868047462633,3.0203687431014608
-1278.9190942838936,0.4400653429343117,2.435170477367584
-1279.2866225914397,0.9723872267543086,2.6087096376674257
-1280.485498462163,0.0017362052472003969,-1.828464109964924
-1283.2183754461485,0.3577521215072437,-1.2928914978175596
-1289.4786297274247,0.9963206314439109,2.9764050436665457
-1300.0770023048913,0.0005343376763799362,-2.4646559857616883
-1317.119332336759,0.006092617958018193,-2.0961257863917955
-1368.4839728957322,0.9862296122287274,1.9958432245378104
-1390.259598850084,0.035801313171641036,-2.7765215085293518
-1390.255939577564,0.039008628635902154,-2.801685005158487
-1390.2634694850924,0.03783527982774344,-2.791072062935091
-1390.2780799416248,0.03549381466085842,-2.7050754532026033
-1390.294573356031,0.02790081253660532,-2.691590109989341
-1390.3093082274693,0.021002555032283328,-2.85200372052042
-1390.3352034449904,0.0010401298935566162,-2.5126891054539984
-1390.4436013503505,0.003370270434338969,-2.3377582855914594
-1390.6781507245573,0.016366724432817364,-2.5368074654263197
-1391.1568570345357,0.004856391175999089,-2.3696228507550843
-1391.8956259859976,0.003655489243587746,-1.9541495063198908
-1393.1571137847661,0.5798131017579536,1.6296448045876666
-1396.5299142160661,0.6592741744067783,-2.4518410655204526
-1403.033032604099,0.5803298676041891,3.0320061519089334
-1415.5977717754135,0.9975343503851763,2.7281283686846205
-1443.1798523359807,0.005653676214278674,-2.519624811674663
-1484.4486857105724,0.3167336393257436,2.6951529735457527
-1505.491823682362,0.975989917823477,3.0094900427239004
-1505.500682331374,0.9826320203083547,3.0596505856444907
-1505.50032870535,0.9729955617461327,3.0594255022306998
-1505.5089938209521,0.9694391774420055,3.020918516879597
-1505.526736926302,0.9730687988890295,2.8256281699646717
-1505.572046568478,0.9743302692390715,2.7846704266824887
-1505.594584159329,0.9605788782188448,2.854558576236335
-1505.6760255589502,0.9986803966960855,2.472932438667838
-1505.864463466654,0.989557738570792,2.5355939019948464
-1506.4658994449119,0.9998311538216179,2.740384537056226
-1507.5180803917995,0.9350861640614138,-2.5923195275454987
-1507.392628371117,0.008326114349085173,-2.4940765031901746
-1510.064777586248,0.43488704894449093,-1.1986395007381694
-1515.3412495761202,0.0034663838220095463,-2.7632396184831873
-1528.2461619948726,0.48962530615302724,1.3723589640782379
-1546.1671233244879,0.4135134110399727,-2.56591382719295
-1601.6547528358021,0.4071651100623785,-3.0797345799796885
-1623.1323345250842,0.9990346006206693,2.4722411769222266
-1623.134716505956,0.9981848805273387,2.4969078878575877
-1623.1345351891382,0.9990311328107768,2.5037908320350883
-1623.1480848047909,0.9985805122124027,2.660729937391295
-1623.1583105073428,0.9993611285913675,2.826491498418976
-1623.1725647708784,0.9954468504526504,2.6191446236484595
-1623.266047152733,0.9768424377325459,2.952983313907419
-1623.4427619263174,0.9742742666512806,2.5677339938669252
-1623.7428397509514,0.9350920256605658,-2.6708122658531845
-1623.6366099035986,0.2699280750245026,-1.2657372630841826
-1623.2493473321736,0.00011613351339694153,-1.3462810834331063
-1621.1639101656008,0.9997219813310149,1.6524745023509393
-1623.805668894791,0.0009263361601816885,-2.124725784901769
-1629.3353908379302,0.02118778492174002,-1.9467192328524503
-1637.8099191421898,0.9993470579917438,2.2298809448288193
-1661.990854332236,0.9989653700035036,2.074860055360409
-1710.0377369656273,0.00624220409606303,-2.1162576285412626
-1734.0413407512583,0.008614474209597534,-2.372519251661631
-1734.045381874331,0.004827035769847783,-2.3033553687247155
-1734.058241643268,0.0026207906428719163,-2.340490931588363
-1734.0575512415949,0.00602117517071765,-2.267323821134095
-1734.0740480327645,0.002987520452466243,-2.2492307935800566
-1734.066643186131,0.004856465897083516,-2.113367558031651
-1734.128111144723,0.0021062213491078673,-2.215205960330412
-1734.2191316575388,0.002956121857380002,-1.8967077804872574
-1734.3114192879434,0.005929793258174414,-2.3369115621125993
-1734.7980184599705,0.004302177768702018,-2.696772832909729
-1735.3274724759135,0.5221778769044761,1.2856893946876102
-1736.4286307489258,0.6886524659402293,3.120232178328724
-1739.095770306646,0.9945285269957743,2.386454691460461
-1746.2020952225819,0.008804856254019057,-2.7213428171233454
-1760.5938258988933,0.16627697333848832,2.937173945044986
-1780.3628320806217,0.9953236875774435,2.2939314878364847
-1821.111915251907,0.993301410797232,2.121463689113475
-1845.237649237039,0.6497948613864404,2.3708963742951834
-1845.2370929975975,0.6474886551215439,2.333553480480794
-1845.2460196796437,0.6519814573802989,2.281571572075473
-1845.2618243019435,0.6672784599719386,2.3346754222410713
-1845.2724844530303,0.6786324648483905,2.5501299338388863
-1845.2861886465087,0.6907148058194982,2.8093707348463894
-1845.2982286186534,0.7390183596985974,2.3731494897350176
-1845.4000582962585,0.8481212170277024,2.8569464897741064
-1845.7098558989824,0.830056660345211,-3.128848185470364
-1846.0523272574503,0.7354600504453387,-1.9553788953240956
-1846.683164042035,5.1080652026734476e-05,-2.559542447994049
-1848.7041740756706,0.008859635753955236,-2.8773766629545086
-1852.3664532307441,0.9792784127131204,3.0407441307215173
-1858.1107388334742,0.0028068947181474,-2.357128631925353
-1871.2209689719039,0.7008257467678977,2.525630767176618
-1895.9078980311322,0.5033353664941128,1.458808685262463
-1937.4512083171962,0.9882292954952406,2.152301285694757
-1961.2109953311874,0.41076890140957223,2.634495551230554
-1961.2133202190494,0.41432634092045906,2.630237622885245
-1961.2146014342725,0.41359258235393864,2.669685915678455
-1961.2200047314457,0.41351095502496305,2.4558162904250693
-1961.2317956148247,0.4155291951734898,2.1246124042998957
-1961.27143930198,0.44950642355744974,2.3475492391415838
-1961.314448214943,0.5222612534383644,2.3109887175329087
-1961.357728078436,0.6107062854426392,1.952192227684721
-1961.4545118881724,0.9287147481929172,2.429007932185513
-1962.1859185609592,0.9573698859560217,-3.119718502247828
-1962.9018396712377,0.9966616716627561,1.8966211992529702
-1965.1510434460909,0.9298432877676799,2.670329094657175
-1967.6778704926562,0.006157648648310651,-2.6014344513232954
-1974.3471910052242,0.9810140485756631,2.5727610564684777
-1985.410443877327,0.00275284761007563,-2.9242353082205033
-2011.8913583694666,0.2508983332957173,-3.1345420052080195
-2051.928372533478,0.006252352395138565,3.0580287946108973
-2074.2977544045684,0.03902356754002141,-3.0189317060126672
-2074.303287770271,0.044479498147256345,-2.9835092702594745
-2074.303629305079,0.053584650692281674,-2.9656430226635466
-2074.3141790007826,0.05493017652875345,-2.9118561005079493
-2074.3269916099453,0.054943081853881796,-2.8979858050108316
-2074.3680909199006,0.0725915191988515,-3.0457867020083156
-2074.457114987739,0.0183137376218439,-2.778444947646311
-2074.59122965744,0.0043948219095840055,-2.463685630964576
-2074.7262370757544,0.008813830762871547,-2.517261400653461
-2074.9855748368236,0.0027720330438580497,-2.0077482425727085
-2075.716637470641,0.005872837438898252,-2.109242187326353
-2076.909611317344,0.003662881317668797,-1.9891219247485579
-2079.979259944847,0.030435567871515627,-2.620372021778296
-2086.000490595517,0.5052282965141864,2.583331599379724
-2098.734199047322,0.0029964721203706115,-2.005729631892585
-2128.2049109340637,0.9992139823764579,1.86196179445741
-2167.6951668308693,0.7023350916274667,3.0230263660330188
-2190.7475985020546,0.7378362792004739,-2.9616276098475995
-2190.750151705096,0.7439344874368483,-2.963652794015351
-2190.753182238519,0.740933513672468,-2.990027930676954
-2190.7638509067638,0.7516718748248088,-2.988252579636876
-2190.776612886796,0.7295073389041447,-2.8272785813209014
-2190.821201452163,0.7501907348459708,-2.7376181283622785
-2190.8407619904083,0.7010858972315267,-2.385264823689602
-2190.9281993556933,0.6093490428797093,-2.4564956602532595
-2191.0745083515044,0.4051882478521389,-2.448418908499612
-2191.3368986121977,0.0013217758024025045,-2.674588436716495
-2192.281678568982,0.19230301595323335,1.8480098690682851
-2192.8379320074278,0.877540140211102,-2.7226409041590793
-2195.3991520259456,0.9983303644650299,1.8097134196985811
-2202.3195722242986,0.9853217293156306,2.8056794478922384
-2211.866834204665,0.0014337479093137744,-2.407636933188842
-2236.327676503716,0.9764027199907311,3.082043605970421
-2284.7056857699163,0.3188069045404646,2.351461301166241
-2301.362918427324,0.44631987262873274,0.5124811074896365
-2301.3596615941306,0.4430321436384699,0.5006050788820602
-2301.358385998791,0.4515555083152,0.523702018377298
-2301.3496323995655,0.4595589719070115,0.5832454579923407
-2301.3207670920397,0.4467816865790675,0.650943893666287
-2301.278044458124,0.43206672841952326,0.7030243070685875
-2301.214622860218,0.47031026036727624,0.42028897947645394
-2301.009487697238,0.4525860126310399,-0.14405057026992818
-2300.5382536963352,0.46369447801819047,-0.005675740470313162
-2299.9552150958934,0.9576439667638995,1.0680621125076684
-2300.230559374502,0.9655921626947183,-3.0122327548680725
-2302.0339832782392,0.19692588630255628,-3.0187890767881105
-2305.746349670554,0.9504886492948843,2.821553230634394
-2313.104526589172,0.6381169799131635,-2.9044449334544833
-2324.7227983080443,0.03989265942899967,3.134169394813428
-2351.104882578415,0.004626909439349731,-2.7921470680185134
-2387.112996248838,0.024889277227767972,-2.978912247440675
-2409.7275422314992,0.9721658151960326,3.006031935530361
-2409.734179861158,0.9785072765858268,2.9656819188600085
-2409.7370082461257,0.9730670033048278,2.966841049078438
-2409.767067880093,0.9778707627224958,2.862597650929585
-2409.792454108845,0.9888532322071754,2.8485448044589603
-2409.8422888475397,0.995130549377379,2.838314246964626
-2409.911275966726,0.9961662323721513,3.131626249137362
-2410.0745412203873,0.940775318254127,2.7044988983644807
-2410.374628180205,0.9995722276571676,2.757196107588312
-2410.87988047269,0.8931006455614753,-3.0518248360249536
-2411.291299709221,0.004401758486399305,-1.2607257845906532
-2412.9523038915727,0.3947835278986031,-3.0742122697405887
-2415.6738946480687,0.0014827278230506976,-2.4369815050843777
-2421.3674652517557,0.9859975271674227,-2.8921062655067034
-2432.757970607967,0.998597104161204,-2.9513562555814192
-2453.4156735702472,0.5800145054129993,3.130566786651432
-2503.1563350552574,0.9562201242822032,-2.332657286970232
-2524.8221014543556,0.0020825974876758596,-1.5390049523520606
-2524.813217217539,0.0020825974876758596,-1.570303569274667
-2524.813766964697,0.0020825974876758596,-1.484932562232785
-2524.8074341509528,0.0010522614301763165,-1.5262143525046818
-2524.8084123220137,0.0050899221743030635,-1.6224111748501795
-2524.8278440560844,0.001419781269729854,-1.4793728066538876
-2524.8156482509216,0.006729434088882647,-1.9830741547780284
-2524.9252050940117,0.00017655688299596651,-2.2944341522390808
-2525.090364744646,0.003335256401891463,-2.070788500346019
-2525.5593209543304,0.026077364425515726,-3.109996268508569
-2526.500337294876,0.36852672606331355,3.0449156894690788
-2527.842970133714,0.9933877383157834,-3.1174667799774127
-2531.244373616714,0.9953034011491589,2.8148371528053016
-2536.4540187640337,0.5166180885397317,-2.3785247214654843
-2545.367311569516,0.005895585701874752,-2.2623914452977374
-2569.1206365431126,0.9683204313677367,2.7503022049212316
-2623.328830440024,0.7595839767681902,2.442441351733663
-2645.8180474177875,0.33156725481225624,-2.3760653763806148
-2645.8218927964967,0.3247538534597433,-2.4101564889115985
-2645.8288776588497,0.32264963452167483,-2.478356124403247
-2645.829615275024,0.29726938439903416,-2.4894049696870932
-2645.8547715606805,0.27428965816844925,-2.4063038369911625
-2645.847840000613,0.25855560453933357,-2.234320754836632
-2645.811143315071,0.1761913107302667,-1.873242788939465
-2645.8300462441275,0.024034035139623114,-2.144471750244629
-2646.151183031887,0.013317730209933962,-2.8250817112361264
-2646.7052234886864,0.0111908607259353,-2.539447875952531
-2646.920672543006,0.0004116770293983549,-1.3249789225941868
-2648.160863612542,0.7311190177376776,2.0905560093507685
-2651.8581947660014,0.7925939642621077,-2.7264138855408713
-2656.637008508954,0.0013216617189374265,-2.460725213276401
-2669.02436566062,0.527108659518491,-3.028233020475376
-2695.722088482775,0.7531595317248692,-2.4823549089796377
-2742.416835520335,0.03733660032255334,-3.0507369106538853
-2760.1009094896863,0.9996288999067275,2.0451012282426113
-2760.1021150949,0.9963741246664366,2.0586096262942988
-2760.094689239037,0.9953621466123502,1.9775934593970046
-2760.1022502658384,0.9934537076304478,2.138699456404513
-2760.11335203076,0.994227538670142,2.0731954030489916
-2760.172506265594,0.9988331791359244,2.108465583471596
-2760.236814001773,0.998177039754018,2.614237095537151
-2760.3829887311103,0.9989668458841295,2.5597646306284947
-2760.637764180794,0.9947110203770939,2.627583050066585
-2761.383870176326,0.9966124656152621,2.4829549583941093
-2762.284209915343,0.9428361116184112,2.7909118454665567
-2764.5794853314037,0.9978353428875588,2.6121473737092717
-2767.811461750776,0.013887122718767644,-2.123553393291672
-2774.0381563711258,0.004923898315146148,-2.763939452163751
-2786.060516319178,0.42796985088704587,-2.637209904377958
-2812.8886124369546,0.11449295734777758,-2.890727663030387
-2862.0657503702487,0.9876325524402084,2.3489054016881834
-2885.2515228307793,0.7197164829101331,2.440449888628846
-2885.250234755411,0.7168117037677817,2.397598868395953
-2885.250358059762,0.7262192256368921,2.3101959470947806
-2885.2468609464663,0.73492683245099,2.3420403282242255
-2885.2455352581796,0.7565601613683652,2.431210384164789
-2885.2654751776363,0.8070973117014633,2.459999927008062
-2885.3141343156085,0.8179574026028665,2.214004689248428
-2885.4068325042927,0.9357502743782034,2.317206223695308
-2885.658230232071,0.9973491145503831,2.505434516819001
-2886.291455543581,0.9998589174148123,2.5522501868740752
-2887.4129988629124,0.8343421261326021,-2.47291745153739
-2888.658177653344,0.6370186450144673,1.7167648202081898
-2891.7852774158223,0.9644862512766169,-2.8740140294432197
-2897.440527952936,0.9964539778208189,2.344773483672361
-2910.1396360263457,0.0015989727880575861,-1.7208382898092813
-2927.319330909275,0.9901642563925817,2.9099470463374635
-2972.163635735519,0.9996065405807169,2.247930365805983
-2992.4631133895205,0.00426343279370053,-1.7852870418422897
-2992.4589818271247,0.008402889156812594,-1.8723334001849776
-2992.471788766626,0.0006536371379788873,-1.9442304490786233
-2992.4746138694927,0.0006536371379788873,-2.0484639872469907
-2992.4754532887196,0.007739916957353252,-1.934253783959242
-2992.498730028005,0.0006974974973231619,-1.9909870818141275
-2992.470786584053,0.005616835751396479,-1.7935588920859409
-2992.5170455601747,0.003620135391174493,-1.8422397850046424
-2992.605699141388,0.00439496163827545,-2.232822003986539
-2993.1907726846175,0.004201824001617337,-2.548842586509896
-2994.023367492138,0.33463297755956567,1.831575873720661
-2994.8127318809547,0.8958106392318038,-2.676168137119168
-2997.151925329334,0.9466258308223753,2.941935954866315
-3002.55259329482,0.7925749864187376,2.2228102325252452
-3015.9277918528323,0.17884041558969155,-2.9420109794087232
-3040.2155588498995,0.016186378838839725,-2.425490049845147
-3089.182279426905,0.9964923500025872,1.5355602855498427
-3106.267858955845,0.07825421757171247,-2.3206736798359615
-3106.2646680326825,0.08282079887201381,-2.318762337180993
-3106.2626547917457,0.08164074995888809,-2.3845535275119616
-3106.2640140673325,0.0561235770522429,-2.3476780304135474
-3106.2745305253907,0.036383718649657774,-2.3067246890294677
-3106.291325763591,0.009623523652011091,-1.9952483419048337
-3106.3371705241393,0.009286982639182973,-2.5648260886904173
-3106.4480154801563,0.0014423980821782886,-2.389539352984316
-3106.582196710259,0.008111554899191875,-2.1909052391588615
-3106.995217882194,0.0026176604007199776,-2.45759475328827
-3108.17328419179,0.02731829565067848,-2.9231134864756614
-3109.9763294273334,0.3550485074373553,2.846949109354118
-3112.6915286810845,0.6571730993494511,1.5890795852898965
-3120.2021187822274,0.8295311498128777,-2.6127191201843947
-3131.1143291581834,0.0016866402375168951,-2.082539855523654
-3157.6157749710733,0.003548028968053662,-2.778828746117287
-3209.5856559469485,0.0023261667739534735,-1.8290568868458592
-3231.887484386183,0.004016710725660948,-2.6355190220334777
-3231.899552313362,0.004016710725660948,-2.653521591622755
-3231.905465419621,0.0015095065331155464,-2.618928263904274
-3231.922181980094,0.004638849912498677,-2.6099455696885108
-3231.923184486573,0.0007732262057039293,-2.698158978024381
-3231.9507754459473,0.007241597333806359,-2.4829447684999564
-3231.976948481523,0.0008550625533750669,-2.270228044239722
-3232.140082529569,0.012858936991303627,-3.0467165040448685
-3232.432180786274,0.05948715880741989,2.7448708718003836
-3232.552052866557,0.5047929820187712,2.354068000809322
-3233.196756358532,0.9941592036797117,2.3966789789791525
-3234.678817128699,0.9975942965934785,2.1655643386145726
-3237.1046084210425,0.011808588019048513,-0.9510179882804897
-3242.0920665564536,0.41004933556664463,2.227345109219911
-3255.2005403308326,0.9937647775621864,2.615810625658785
-3273.253393636151,0.01260307758247087,-2.3615804275348484
-3314.2967749089566,0.002184533568071235,-2.2541588692773225
-3338.326867156433,0.3460931053630634,-1.9675401697743224
-3338.3294563773093,0.3459788388892713,-2.0169050135283184
-3338.3280686574067,0.3404673658927992,-2.029911133901205
-3338.32654473118,0.3285876123955551,-2.174374256297113
-3338.3005120770126,0.3164315988258099,-2.0835975681004566
-3338.3129464485332,0.2763407162972622,-2.1418703614428867
-3338.3254694905318,0.18915474327009377,-2.487137096474436
-3338.4606285952664,0.12227063865656268,-2.5683151367586112
-3338.7584041395653,0.09933184803391107,-2.80362511708258
-3339.307234835876,0.08318214910793643,-2.5123561130463066
-3339.6404483678175,0.7825575887459654,1.0279687052772886
-3341.1754025667324,0.8848756933418521,-2.6732282117786967
-3345.6029853738187,0.9800046785204976,2.3309625307369073
-3354.103681173738,0.9665300791965837,-2.687636579372899
-3365.149038827056,0.27750758882423004,2.0026338022338823
-3391.175469664701,0.9988048538202711,3.1227441318809506
-3439.9124598803087,0.9069877534238385,-2.7882868685171593
-3460.4281733210137,0.8464523004050303,2.456543550146691
-3460.433278101788,0.8444251504757687,2.387575791272427
-3460.4329996800193,0.8568531303627597,2.340004223782673
-3460.425851691319,0.8505220530588725,2.2243024542478516
-3460.447201271456,0.8614480604995672,2.3464894394401075
-3460.444341484176,0.8853968843467632,2.433752939954486
-3460.4871178967283,0.947460635446834,2.03918866003535
-3460.5784020097763,0.9955585022050896,2.471304317300598
-3460.845340636049,0.9657410657255213,-2.7809660714950044
-3461.227561601101,0.6355674893428713,-2.4007433711051926
-3461.834157579129,0.4107320850238472,2.77249281710471
-3462.6968008903823,0.010772924970010245,-2.8456077670456827
-3466.8100317600324,0.04054194114125184,-2.9422439452263056
-3473.8818376421223,0.8867153020087707,2.6879951239598077
-3485.107890936159,0.011195173186903266,-2.553406217776509
-3511.5019592020726,0.005750617510200078,-2.413655704682808
-3557.966004872024,0.9996288216237845,1.9367523276894811
-3580.0145876708534,0.1535932755734909,3.0046228916442193
-3580.0170878564304,0.15149964600003435,2.972094978001522
-3580.0280105076567,0.14746832251514191,2.947375702437898
-3580.0474008830083,0.14908176359398279,2.9622187014349297
-3580.058719339341,0.14893625166930582,2.9679365145422114
-3580.0663349314045,0.1361674668531399,2.8679741820116798
-3580.135858314041,0.14418641425436807,2.830150106039409
-3580.2517471413835,0.21728649487142676,2.517314748689097
-3580.4076136181393,0.4326915389238897,2.688621533845475
-3580.6538038176404,0.24953006372422493,-2.0528667844460107
-3581.3759961081355,0.0020507237058242775,-2.732876218509384
-3583.009195365352,0.6355765949537286,2.2991318802984004
-3585.2932548390627,0.011608637129701749,-2.3547038927053268
-3592.550929222964,0.7507162999583031,-2.729168680349772
-3605.847072286022,0.9999778448506943,2.6261862219806513
-3630.2112643977525,0.5043625496912469,2.7240113758527587
-3671.5113746487523,0.018130689591092562,-3.05774430260605
-3693.829200975826,0.9979672117721692,2.023850258677985
-3693.818666289987,0.9979672117721692,2.0800901429258873
-3693.825218296339,0.9979672117721692,2.1452259590826044
-3693.835595439893,0.996453762830443,2.2166976536515524
-3693.8493592632676,0.9904770598877882,2.4284086811891026
-3693.8850177862114,0.9968935302229613,2.2121029220761903
-3693.9598024357642,0.9979998270732257,2.3280249111936993
-3694.08741508777,0.9990909770452979,2.51927452104031
-3694.3721202051825,0.9778170422096787,3.0722129840521664
-3694.892781151569,0.8715581376969038,-2.6115049520682243
-3695.1017896133612,0.00800234381840274,-2.0959220416739774
-3697.172712803572,0.004832334179662075,-2.5955026303192867
-3699.3872569818127,0.050287513231473784,-1.8408076134483384
-3705.00400317968,0.41072332680939255,3.0321867494502435
-3721.07516669156,0.018568243192781966,-2.8884979002004134
-3744.7352201686704,0.0027695467559570343,-2.55090536014075
-3793.3403730796545,0.0019847901631980316,-2.5246183713353827
-3815.72620711189,0.9979252829833339,2.6409015865719576
-3815.7274652384194,0.99654055065041,2.649059306427098
-3815.7346793921442,0.9995700112349537,2.5958706001974345
-3815.725045393716,0.9995700112349537,2.5423778099620122
-3815.719081280577,0.9874666654341793,2.6110115993225147
-3815.7737511557257,0.9899635845893817,2.451028793960865
-3815.851564405658,0.9889471802242599,2.157717903333559
-3816.0083001289254,0.9949179503011394,2.6590375171494482
-3816.2709180773036,0.9399320030640558,-2.701700659655961
-3816.317550921078,0.34266923099309027,-1.422628010054206
-3816.5245955248324,0.020863641972527484,-2.8526379981324497
-3818.6541669723106,0.2982999935434677,-2.6868365992412584
-3823.207955033513,0.18663193349095605,2.7291794796846576
-3830.847432774993,0.0016509411676902989,-2.478462536926379
-3840.4773647933343,0.12538232102069796,-2.634219957627825
-3863.0132801016684,0.21447485152704115,1.980408854223703
-3912.2702662465636,0.5311987775466245,2.2986047343232094
-3930.758620708382,0.4728355922254723,1.7116102108378266
-3930.7539567680856,0.4794679777291037,1.6816137586989957
-3930.74959430528,0.48461607803408985,1.6296164607722732
-3930.753748426912,0.49953553934760986,1.626834923595677
-3930.7368020735444,0.5103028435419975,1.4605883570186622
-3930.731968197158,0.5476619500014116,1.357463255241992
-3930.668546248224,0.6185874660079994,1.527190322428666
-3930.5885513360913,0.7899431949055371,2.0105667433461623
-3930.7803089883273,0.9688275000752846,2.379485852356046
-3931.2621421074805,0.9934118081500446,2.541441909426066
-3932.328601215569,0.9986335376606685,2.979486048728755
-3933.750728276712,0.0018039211257015906,-1.6468491329895276
-3936.8202767008142,0.697492812973531,-3.037713542657801
-3943.8940269458567,0.8736970333901688,2.1828227808578404
-3957.1278835791663,0.3088041779953929,-2.0405195297774426
-3982.5035615949805,0.9980809783811487,2.4369331337423343
-4032.671005563748,0.9971757158486076,2.973078984147838
-4055.4224388216885,0.19423756976427983,2.7232916219995946
-4055.41777590777,0.19747520183607176,2.660679154319986
-4055.4247190910773,0.1976932323841175,2.663878707912832
-4055.4301088021107,0.20982400184187086,2.7163915999599926
-4055.4398688972333,0.20047739625346325,2.6481791457957593
-4055.50903525866,0.20244537624507108,2.642316393043319
-4055.578760766271,0.2598079181543857,2.7163467402168404
-4055.6263550061776,0.28941175737004454,2.4793727358522144
-4055.652835836275,0.45442942852219226,2.6112827206987586
-4055.971917189379,0.528574122092028,3.090292938878094
-4056.464130648644,0.07576878945344691,-1.718936633220065
-4058.060789372362,0.019787078857286866,2.957696938242419
-4058.808025647626,0.996608626169794,1.9098314852174
-4063.9620083531017,0.020947415681457582,-3.1061742916871258
-4069.507076977062,0.9977476466708005,2.616091928862666
-4089.2079531381323,0.9977853214687458,2.1078988262703904
-4141.983806079897,0.7188766854743333,2.6231265029723243
-4161.474286522928,0.3613792213744582,1.797281852261797
-4161.469969075758,0.35443366549196037,1.8370851112895368
-4161.470197449645,0.35982689788545713,1.8570313030514347
-4161.463889311689,0.3649747135394216,1.9300054570450627
-4161.45902671249,0.39277861045774437,2.0777785952335
-4161.47164985938,0.43907685324884,2.1706137601966233
-4161.461860048367,0.48216561808221803,2.071124785778996
-4161.4727646253195,0.6124741121443833,1.78585683124553
-4161.560157578983,0.9155359539369917,2.1076423878667523
-4161.769252334381,0.9916804249104394,1.9716549131066392
-4162.900372477191,0.9288208219356209,-2.600656261807191
-4163.974652218662,0.9712913939393766,2.2296122021209452
-4168.012681335878,0.9929328776599312,2.4663778273509775
-4176.618522424356,0.9327749441030058,2.807814027457855
-4188.167878223355,0.26148087947288523,-2.973448355025367
-4215.479453209685,0.9348568481531725,-2.746042635512968
-4263.536530466264,0.34633189583239116,2.362921438816869
-4285.278403975477,0.0035139466621022433,-2.5839284320287526
-4285.277343274028,0.0008306153254471174,-2.639003986966511
-4285.285437186852,0.006873394707195927,-2.6528971389581053
-4285.297579039877,0.013733417629080083,-2.6970801722263986
-4285.315043098704,0.004130332430773884,-2.4319575453466147
-4285.33469981941,0.031045281061267534,-3.031178061702882
-4285.409034447066,0.018540691363227994,2.9548264566182354
-4285.559226545019,0.013655991077675386,-3.1157567096379672
-4285.820062383803,0.005956603658578745,-2.394945816578049
-4286.33726350263,0.03636547018147,3.113830465891887
-4287.272821790011,0.07905966408429169,2.864324667728879
-4289.258115163614,0.003971317756665458,-2.6429016206133333
-4293.536364635946,0.3293653113588143,2.6300500628699037
-4299.257509836527,0.9965169804755973,1.7867924164746185
-4311.456312849789,0.9992948384758067,1.9011853492102126
-4331.071315501267,0.06768613563680889,-3.033324157087113
-4382.674328726132,0.7686014636347339,-1.2456620700373273
-4401.019140644357,0.0030177757697709504,-2.19184648101126
-4401.018055346631,0.0021865489376829217,-2.257102049441906
-4401.0210083903485,0.005408714290189181,-2.241507969646374
-4401.025620404825,0.0012436334145894917,-2.1750159041922617
-4401.035412209693,0.0015495903094456236,-2.31204165205188
-4401.06181758558,0.002641487781106927,-2.347160792570737
-4401.130829420392,0.0027700891587572555,-2.5536952229804566
-4401.24913149926,0.02137770138754428,-2.8211876314376103
-4401.552150816352,0.006007456029659126,-2.4747371261771236
-4401.82946975837,0.004831522094700127,-1.4705482384787951
-4402.589437325337,0.005441581007653278,-2.512107419485643
-4404.828000302489,0.3013507990697622,2.6942883137208007
-4408.339906670293,0.8124322308179847,-2.976057952774059
-4414.107550620179,0.0007854991742065288,-2.041412728521758
-4421.191554364555,0.1477611508488369,-1.9944004536948052
-4445.75606035508,0.9951201142323612,2.799449798815232
-4494.428889452248,0.5258644623905799,1.9335097322492647
-4515.094930158732,0.806094053585488,2.087868206690503
-4515.093849005617,0.8111830258284954,2.1570169311702294
-4515.094361483186,0.8199583326908714,2.1174072679661
-4515.097163593323,0.8145529258367635,1.9991550267609455
-4515.106079349307,0.8287769377491978,2.2241268004754007
-4515.124548008314,0.8548754358643276,1.9207975941069746
-4515.128256386455,0.9514074769054468,1.8076683176707178
-4515.193460787921,0.9939495221207825,2.3220910344936794
-4515.507147025398,0.9970166973076025,2.4331244193369983
-4515.808364303337,0.9983699677028475,2.3468210877892624
-4516.812987430892,0.6424805264339083,-1.355150006015113
-4515.692965024397,0.00035851788153143925,-2.754815424409975
-4518.665607811522,0.08858981380979966,3.1147000168091274
-4525.456035789592,0.3561102773469489,2.2308085310220704
-4536.225823262324,0.22218440581977417,2.3700516165035674
-4565.027992818692,0.9934505931967774,2.668042493304979
-4617.938695853887,0.10532342561437041,2.566885985609031
-4631.782959103913,0.7437837703763341,1.8182144914170753
-4631.784627898913,0.7483668684145989,1.8048429669326644
-4631.786426672293,0.7548838671242109,1.7813825982592029
-4631.7867884371735,0.7685322153930905,1.746121625226234
-4631.792154157864,0.775830612193272,1.755678617605036
-4631.8123517237,0.7753162384739142,1.9142273087222295
-4631.833607028831,0.8672464643914345,2.1203284034876653
-4631.8745879892485,0.9970580962456405,1.8942852230513179
-4632.016547916525,0.9957143051499938,1.8914653413499014
-4632.369588600149,0.9884402855692443,2.408595571738582
-4633.198990896296,0.9955148476249582,2.977516180099917
-4634.946330804054,0.593569692786862,-3.1139296909267924
-4637.287906765257,0.9936821581917663,2.36201016657951
-4644.314894430126,0.010939859661745792,-3.0651040843747523
-4655.356235386042,0.006118188479516962,-2.421133257615767
-4673.468810664163,0.01789467144573317,-2.862460897912029
-4720.338084433091,0.9910065560663293,2.584094708420464
-4740.993906306289,0.19629983977093857,2.505416349561944
-4740.998004981485,0.19382467373891302,2.5645597089681464
-4741.007470591655,0.2014554331664217,2.5362701850546845
-4741.0249197440235,0.20008827139279506,2.53338034450055
-4741.029149920401,0.21364780109947637,2.582047156579806
-4741.050774306344,0.20932842622649567,2.780758438424031
-4741.148180996556,0.2236439283296721,-2.8574227201490414
-4741.216028264017,0.23338351813760846,-3.0707406419469985
-4741.411376234138,0.30236922453005527,-2.94427424787504
-4741.772826285393,0.4103974489627539,2.483978623490409
-4741.770626862526,0.9969450279270549,2.638500830890523
-4742.502052482319,0.005660324820905238,-1.148983532617913
-4737.073704726777,0.11607343397134157,-0.9873885977872332
-4743.08151696531,0.39431013263673803,2.8235913241260153
-4757.016981823444,0.7640369053045104,-2.174834047135522
-4782.57456992899,0.9983187470847166,1.502639985335625
-4822.074771030549,0.9951622419851793,2.2987317220044297
-4836.811248534887,0.012120950519536664,-2.5892279962858535
-4836.818607555234,0.01305321484927503,-2.5603399182868647
-4836.83065398202,0.014092335689183388,-2.52327236884934
-4836.835692429977,0.006349112773880653,-2.572752841336418
-4836.857251727177,0.002055487918794966,-2.4976942032830287
-4836.896387452328,0.022776240169811234,-2.7209451703040113
-4836.9545252285025,0.00904142873199051,-2.767280258549639
-4837.101218593022,0.013815358266259762,-2.705680780353934
-4837.438606569463,0.010370783579841157,-3.0932856334062016
-4838.003358617834,0.0037131237332970533,-2.4301890190746853
-4839.060336454946,0.3692421968480261,2.414898243079465
-4840.562840626229,0.9922034381636362,2.2801032920989357
-4844.020901883978,0.0002860455558444761,-1.869257878668479
-4849.3531739848395,0.9991962656412477,2.7315879715748945
-4858.707778499655,0.9962768094872236,2.3156231687795703
-4883.970673948425,0.03267139439259606,-3.087767702532557
-4933.787234884685,0.9848820696199344,3.0494623742581304
-4957.809208139157,0.0019115916090637953,-1.4596918360691724
-4957.817510847295,0.00327838528959844,-1.4108270311777467
-4957.81546839271,0.0035206289101976564,-1.4084754933147816
-4957.814024024346,0.004187041256818563,-1.4676353045580772
-4957.834745519116,0.013533631457023085,-1.5087512341986329
-4957.859747025002,0.0009867586609645668,-1.5935202245401403
-4957.865911896318,2.251154296542112e-05,-1.500444900565023
-4957.903180575272,0.008512503018955973,-2.002023707251497
-4958.227209949316,0.005416009460302905,-2.408154123183188
-4958.565586742136,0.005358199412738713,-3.045171348164747
-4959.424045291456,0.17645302495610202,2.2650934725217313
-4957.656779828114,0.8733091465106728,-0.44843832341366197
-4958.190835138013,0.011935267765935233,-2.620568883803111
-4965.133671973528,0.3276777754779438,2.304617199693242
-4964.841607087545,0.011962008919835785,-2.1245498838584624
-4987.584297536221,0.008898581248044546,-2.9557727570850796
-5032.210413375166,0.010030375228528506,-2.084878756956182
-5052.348725446753,0.5551299955049676,1.9328945156343371
-5052.3510774300885,0.5600838169198274,1.8605985655113253
-5052.3553283772435,0.5611296022862572,1.95984520388319
-5052.331643955082,0.5722764689234839,1.867222527473544
-5052.336803375946,0.5994572579977537,1.9135146420697646
-5052.352629964527,0.6431248694803418,1.8442944506411232
-5052.34041456936,0.6852667309167093,2.3384711661984223
-5052.390555055502,0.8218155791729237,2.185147639988653
-5052.580193388584,0.9916836795236447,2.477733531689905
-5053.047383482885,0.9991783331885703,2.977928273524923
-5054.224741519217,0.9429265530312138,-3.11201038609546
-5056.159069071234,0.9830564082436921,2.575538586307111
-5058.799595418631,0.3144692652006576,2.228485969700012
-5064.547580331598,0.8945277201448651,2.6403700482481636
-5075.761598376407,0.5946840991641664,0.004748562214904606
-5094.333237368083,0.11661631876470492,-2.6081605691490766
-5147.031555570438,0.4883252880499927,2.7940387464595737
-5166.13328388456,0.9983790483020721,2.334462269748088
-5166.140940074618,0.9983790483020721,2.2961116478504335
-5166.1350286761635,0.9983790483020721,2.31513569448588
-5166.146369774685,0.9982347736535953,2.421446149797527
-5166.1724132466115,0.9990048933953659,2.5740705635443764
-5166.226112362608,0.9984687383793044,2.734866010056683
-5166.278174210544,0.9941044277704192,2.977974194973731
-5166.441147319262,0.9550649129313366,-2.6577066090314276
-5166.701359212617,0.9164829606462671,-3.027675308063485
-5167.152678912675,0.9965667494579143,2.4708380846613984
-5168.134821628653,0.9999800921875011,2.42771039433003
-5169.920565916836,0.7120796085591579,-2.499549969984614
-5173.283300674906,0.9994590719940845,2.451381809640237
-5178.902953170776,0.9950648961018993,2.074060335145216
-5190.220846316307,0.1603540311672537,2.419350240109554
-5210.670213177606,0.9413558983167314,2.6878187240423417
-5257.258488372785,0.07932332955700717,-2.6816272603199764
-5277.730317710696,0.4933954819094988,-1.3770423013359394
-5277.73962644223,0.4840566462403112,-1.3884913750066952
-5277.735313736344,0.4676012955996836,-1.2976758736433407
-5277.728798928528,0.47017461127114263,-1.3199245314750956
-5277.70640683293,0.4491283461964117,-1.390155942991791
-5277.7114286041415,0.4162914179782709,-1.324450809998033
-5277.617161659824,0.35770095338491664,-1.5254629071297894
-5277.535630777696,0.20686269456773548,-1.256694872373899
-5277.5033937410835,0.0010381916406391575,-1.645353337006605
-5277.637304401087,0.0005880474673895895,-2.305083292764783
-5278.582947789296,0.003142720837537091,-2.450743692611754
-5279.818423545362,0.9977802593068674,2.5100914255138003
-5282.878504623024,0.000663334386423902,-1.8500769039368439
-5290.417591324092,0.8739209658741852,-2.776832290072244
-5303.58393631555,0.9877384346195074,2.7478417418478527
-5325.896153767613,0.9964113323719058,2.603774157341558
-5375.42936056567,0.6837750434774977,-2.6613758632372666
-5396.607351608592,0.984486332981095,2.468942005473429
-5396.609241331157,0.9926786960292607,2.506522472219963
-5396.6070839345675,0.991704236981695,2.4874813346326095
-5396.614719251662,0.9990675281271908,2.459566444976815
-5396.6407739260285,0.997285439418852,2.342967221738295
-5396.678171719657,0.9950748589034749,2.5588857402779333
-5396.765258198128,0.998553530019299,2.8172987259195397
-5396.962762876453,0.9526564503981388,-3.0457664364133663
-5397.2488580998115,0.9516412680671329,3.081505263945859
-5397.758707524423,0.978206618096865,-2.654573345675482
-5398.442763591248,0.7325065848302894,-3.0706561284303016
-5399.584449592161,0.9965299485237297,2.2044320081241864
-5403.144076369048,0.08259329141084092,2.671121412595335
-5409.671226845166,0.004649222622979552,-2.8505189540934484
-5410.540200841536,0.0037275608426660116,-1.1077211693176947
-5427.06666310353,0.3908501639816644,2.9127214801364687
-5471.850216932107,0.9971852759253628,2.6658343573124963
-5490.539162904235,0.9806937779074928,2.5518152121427065
-5490.543240943223,0.9860162759206994,2.5805039501816296
-5490.5481985516835,0.9902450089499999,2.636909352371047
-5490.540788705579,0.9884742527678692,2.5813848109511746
-5490.544919925926,0.9942272973509864,2.5982800525631475
-5490.586669246387,0.9963057575601232,2.5585012516556107
-5490.587746005718,0.9989300264915615,2.6982894796570065
-5490.787206403902,0.9640626902489131,-3.016996035425025
-5490.99085754904,0.8516135383050624,-2.738942993388418
-5491.403592519798,0.8475739839699421,3.0225278592948177
-5492.219345792884,0.08993991090549963,-2.6752321812035946
-5492.593560571137,0.9821384034772177,3.0963817696651077
-5496.743019034422,0.9956534237334218,2.2532759772452895
-5504.077817512882,0.03980853455210409,-2.6291002923346376
-5514.81949056142,0.9988693641636321,2.9785898347952156
-5537.133109570655,0.9956175627154867,2.4593172965887966
-5586.756689884619,0.9857788840708015,-3.112875575562828
-5610.570863732612,0.07299576234557031,-2.397155085325655
-5610.5702712047305,0.08423363932894211,-2.427534885090042
-5610.570579902679,0.06977616092403702,-2.445441889549267
-5610.577108063827,0.08021776504436523,-2.5152724817702388
-5610.587700846873,0.06532451475315044,-2.365391284435668
-5610.593008596631,0.05263622994811768,-2.536325679887753
-5610.657646322414,0.002388216738974285,-2.288706578886574
-5610.765528378349,0.021816078729350208,-2.7146491387394867
-5610.966140545288,0.002570503502685349,-2.6343478233683455
-5611.310970376681,0.000845882791953665,-1.9974923673729181
-5612.2342524589685,0.29515585290016927,-3.070230531091112
-5614.513766462942,0.012188409196534996,2.885493054997326
-5615.274227848982,0.8778548609385021,-2.808834507763259
-5620.232262563477,0.6883354347195721,1.7646415181805555
-5632.105937031961,0.9823102954360634,-2.949189636912185
-5657.746761011677,0.005055619801344613,-2.621641426704614
-5708.450187306221,0.8882461297775867,-2.6785240175087646
-5730.886935898465,0.9876753611435475,2.0971051319175746
-5730.879461509948,0.990536172395635,2.01850966778845
-5730.877798869498,0.987611614809865,1.9760214677633456
-5730.889781036302,0.994056728485463,2.0394177820847688
-5730.902441849931,0.996982037495368,2.1507381144531514
-5730.922303339189,0.9982108640861498,2.0685149207645113
-5730.931767761949,0.9978074662530755,1.9053776257826769
-5731.0232019620025,0.9916689698283241,2.343927147088243
-5731.225588255038,0.9915056453757782,2.7733843928500814
-5731.593652784597,0.9974706644298778,2.126527107942069
-5732.299007076426,0.9958349856866059,2.5419784350348253
-5734.791715316052,0.9953191107646255,2.64297347526968
-5737.260579555484,0.5105838119301707,2.0279630488856037
-5743.925683043409,0.7183633771902951,3.021196834453823
-5755.623805629869,0.050825889364098285,2.7101959913556843
-5780.36322815527,0.006656141623659569,-3.0325451472165783
-5831.780590568352,0.009143684800483996,-2.167055390265495
-5854.969872538835,0.013799343722123094,-2.7165988330919486
-5854.974131893576,0.01408783878838747,-2.757105388734161
-5854.981099100007,0.013769261568726494,-2.72223527800232
-5855.001057050034,0.019458183434512232,-2.6594066773978557
-5855.000966950964,0.00977795464738606,-2.5200214481865797
-5855.048341238818,0.0017346743944817444,-2.379794716369224
-5855.069185620218,0.008359933197784377,-2.6000209893338155
-5855.172905493936,0.0009115697655628281,-2.5944240974812205
-5855.498005809391,0.0007213909741314965,-2.5725548080655933
-5856.056511868226,0.008385245853545024,-2.3845731044098994
-5856.93718470076,0.0071576393653516365,-2.722419600209739
-5858.894653082198,0.06683349353480254,3.104481181002498
-5861.629614125767,0.6104873186182794,1.8432730552426078
-5866.818166358932,0.93256911086928,2.668146382923517
-5880.250300047665,0.34042145478970703,-3.0713447387952737
-5893.719966676207,0.9910694746941663,2.7210888296859395
-5943.837351840138,0.0038809294884960465,-3.1145214120544837
-5959.667161849743,0.7793356327715873,2.143822703546645
-5959.680247185249,0.7833565574609168,2.1498377788531204
-5959.679952563053,0.7821054381242964,2.141278496632026
-5959.698798071703,0.7826912081446982,2.233408559334956
-5959.701747151152,0.7889534906678569,2.207154975259309
-5959.709444534609,0.8242009352193878,2.2331285874441633
-5959.7203760269485,0.8857564621117182,2.366784169593034
-5959.847118915578,0.9523156839338007,2.9972423292131687
-5960.1091306301405,0.993957345528945,2.734579651581031
-5960.597086702022,0.9945876495350806,2.9067364743032
-5961.695271327335,0.9866476790523968,2.494238711250232
-5962.652091045361,0.013909763935405764,-2.2912232504493883
-5965.974593766012,0.8155472744537827,2.6937379930878693
-5972.120746410018,0.0014704474935895058,-2.5489069360796224
-5984.189790599396,0.7581046921502231,-2.449965232352549
-6007.823678837106,0.45921733300250306,-1.452335794581328
-6052.947305307408,0.997309035027795,2.306210607466955
-6078.025759050363,0.024776457073999197,-2.6835055791790503
-6078.031596450174,0.02861416953619466,-2.6901390636845672
-6078.044095649132,0.031198245177035223,-2.630987121003689
-6078.066060152393,0.0053257305893392335,-2.6268466478837897
-6078.093139372127,7.734253712044918e-05,-2.59142001276521
-6078.106665493884,0.004536532161808373,-2.3262744801111754
-6078.153124768906,0.0045448347735627045,-2.7523265586035257
-6078.316512860156,0.0011119874537971846,-2.893592756462858
-6078.6347644872285,0.003775947564570921,-2.324494238604116
-6079.050572312362,0.0004022613574146168,-2.870230418759725
-6080.329855586771,0.013626544882102666,-2.5917095195428037
-6082.368792627481,0.18284589480058014,2.4695170674205356
-6084.316431332571,0.9974702367412724,1.7272119339299818
-6090.02046332335,0.9529996468588136,2.156951420260752
-6103.012501841531,0.011041357868069054,-3.126651419177645
-6127.911062477812,0.01106724162023688,-2.71206291717793
-6156.731060680672,0.9960646032691219,2.3107113087758524
-6176.714126561303,0.4437711890796393,-1.9906111093890357
-6176.720365141515,0.43607467766379854,-1.990358690382626
-6176.723119553108,0.4232804243545168,-1.9848250986821054
-6176.732444078909,0.42327619968725333,-2.09124464585463
-6176.728105170017,0.400864730202829,-2.0445592350298374
-6176.714033197625,0.36802202481007773,-2.0150847603050046
-6176.724027838779,0.3024889632776833,-2.0389701735872503
-6176.746406473842,0.18329770154670583,-1.822292536899278
-6177.022789901408,0.024532230302600173,3.0110766847136343
-6177.668461873236,0.004232805665528102,2.8370756437736553
-6178.659021587854,0.0028384014073245577,-2.5325315570621116
-6180.770239397716,0.7797512042415953,2.3991990825691634
-6184.420101217569,0.6728458341027873,-2.710114474672822
-6190.123330402623,0.005125394174467191,-2.4806555540148993
-6203.405454015406,0.19695348331517723,-2.565516521210133
-6225.543188506318,0.9902829766943637,2.7190798106100402
-6275.25607974025,0.9853140517370003,3.1126983072052266
-6296.64629990121,0.004085402667944491,-2.436394159588187
-6296.650146759671,0.006520446854055108,-2.462789426097107
-6296.670148779937,0.001376618364023057,-2.370544477471087
-6296.680203501592,0.004158874224929191,-2.3193469529107262
-6296.714604461718,0.006149173635191844,-2.3220654170341795
-6296.756229267073,0.0011270515292979158,-2.1059446297016557
-6296.750823745599,0.007040198217306999,-2.1297070979390886
-6296.815512399989,0.008118313967527234,-1.855939550892127
-6296.99040895736,0.02999401862738502,-2.7617085445683474
-6297.538077125344,0.008280721101466415,-2.9715417213545026
-6298.8094219569,0.006521611736626139,-2.5186825027914117
-6299.6591260775895,0.9056091526343485,1.2582514431847969
-6302.327332166673,0.5945557843063536,-2.4616140015923875
-6308.353550229205,0.9965474550070428,1.8922557297356262
-6319.914074241362,0.3159665138197935,-2.968587268328177
-6344.151568311546,0.033133213406609636,2.867264129287375
-6382.66493414908,0.5327730584367371,-2.353334566730896
-6404.027475890009,0.4408140812215845,1.9824273534475427
-6404.029682953781,0.4463021458414604,1.9284959471485825
-6404.026559552038,0.4430139497065453,1.9721501729989424
-6404.022611864596,0.4650903532943494,2.11990615162014
-6404.02618849577,0.4878436490808587,2.1649400038414868
-6404.030831024599,0.531793449867795,2.0599048349724765
-6404.030531983386,0.6345563883967822,2.04724430076919
-6404.061544008204,0.779208993888945,2.1601925000203934
-6404.113501614839,0.9968971090789843,2.0238953656427947
-6404.540355320062,0.9998671063279828,2.56041710518671
-6405.079254514091,0.9755946883259105,3.1040517398958496
-6406.44390431851,0.008526748601239108,-2.3850392336072486
-6409.915697777199,0.9988942910082154,1.0396645458859863
-6411.1997530368335,0.9840963750397982,0.5918199089057152
-6422.810808064491,0.010026136279227736,-2.706430454400635
-6445.810005509294,0.2330859315708758,2.538337650805163
-6489.042800041816,0.6502763008245922,-0.023713316420127306
-6503.757915890694,0.9367725817375665,2.5804745851600677
-6503.7594951330275,0.9381008718840835,2.5933389490370313
-6503.770477503025,0.9395104406398418,2.574823571119226
-6503.76856337025,0.9525548583843293,2.5174852026356698
-6503.767437288278,0.9841769288809568,2.6818588158978836
-6503.779684817733,0.9793537290781914,2.8755682580018966
-6503.844143847559,0.9964234925614658,2.60651836377734
-6503.885856599742,0.9947253897532818,2.386636000961042
-6504.130100957597,0.9776651034801738,-2.944753735345265
-6504.737378209134,0.9982391606927207,2.7455241639709573
-6504.940428628441,0.002520402167277608,-2.7798892381957327
-6506.3808326455455,0.0005316313107226766,-2.5553347843023437
-6509.674598545444,0.578622147054835,-2.5986408337636577
-6515.77358874977,0.9997987043855937,1.7188642597614452
-6524.85053239849,0.031232043515287987,-0.5133469321048203
-6551.977676481539,0.9878405837200216,-3.0100451606623113
-6603.646952156238,0.003613838365556965,-2.3598064061897865
-6620.454686808436,0.9995340799158378,-2.931069533724706
-6620.448360299428,0.9993370070319885,-2.948379421560519
-6620.448032447621,0.9993370070319885,-2.9333616874930732
-6620.453425559846,0.9999263891256488,-2.86327426593842
-6620.451942385228,0.9855605693577839,-2.839741626213485
-6620.490075929343,0.9745220103969235,-2.8674734446722674
-6620.5750711749815,0.9446983763685624,-2.987650479303584
-6620.721472520394,0.8831721028645255,-2.751883021273673
-6620.835421335171,0.8219651443163261,2.623257371092448
-6621.094419460461,0.9956591875136974,2.1037031425888806
-6621.656554492227,0.9988679116113593,2.3122747153781154
-6623.6001605735755,0.9804782173557371,2.8200304166720667
-6627.077276788298,0.0026021199366156236,-2.482090389672831
-6634.128816212227,0.30498228051086057,2.906559703529667
-6646.759217280065,0.00015244640870482602,-2.685065532166859
-6673.599186128561,0.4032748020231929,2.3548525497661075
-6725.163891174682,0.36192562343200924,2.0387030392335364
-6744.532121016469,0.0034853591998698667,-2.925495481781359
-6744.530380125438,0.0020220602969845845,-2.9036085595203422
-6744.541936441155,0.0037452174224718205,-2.83406735177724
-6744.534589898296,2.4647334852613122e-05,-2.801631755465227
-6744.542831456721,0.0006209641897773669,-2.632103878966532
-6744.567957969542,0.020201896519304922,-2.59546690572956
-6744.596419115417,0.007933414667139347,-2.746000624418108
-6744.794346947732,0.0006539043491760913,-2.7734922651949523
-6745.154616933765,0.016246375092649572,-2.7880153835771146
-6745.462455033741,0.3472192442349543,2.1334350841398555
-6746.131929754666,0.9446216538649942,3.0126099142521987
-6748.229475703964,0.5159555259107462,-2.947124657289926
-6751.253200901938,0.00023900740330793833,-2.46723151689832
-6757.030582965198,0.8447849353265764,2.6798533022633855
-6770.141035791067,0.6592268320322657,2.9237515407481354
-6796.499487957442,0.04865862694472813,-1.8914125103137047
-6830.554423359788,0.2406961660010447,-2.6675541917959786
-6853.591560852812,0.004557061467683903,-1.3772660608543565
-6853.5861551817225,0.0005460042053215587,-1.375501715061077
-6853.589289320007,0.0005460042053215587,-1.315564892253654
-6853.5848217873645,0.0005460042053215587,-1.4570794074408524
-6853.56845719599,0.007095175950204113,-1.329692974116947
-6853.570590200618,0.008885647038934739,-1.3595461542712661
-6853.548255741945,0.004340891826542578,-1.5899902193831432
-6853.488728575405,0.003559693209351052,-1.7492759536585825
-6853.546960573834,0.00042328177141667117,-1.5436578407346926
-6854.030121846094,0.06287799991630216,2.7323003765954734
-6854.628660928095,0.7372341581724957,2.4307546520230954
-6856.841836652932,0.8196619796195764,2.974535036915576
-6859.254682599704,0.00986420575406894,-2.6017895173124836
-6865.787094071019,0.0254138635976878,2.5422202580295723
-6873.462213931287,0.9965711018966948,1.6171408405002499
-6894.963079343093,0.004125227490595787,-1.0441755848352114
-6943.810940104142,0.9846535460297313,2.873146157342447
-6964.265485362623,0.006955763879692805,-1.8634739003594554
-6964.271270216485,0.00596708603345155,-1.9938340971800268
-6964.270980351038,0.003829531230477073,-2.0496657199186257
-6964.28570345964,0.0019035519227756162,-1.9083156511767945
-6964.286439062788,0.0007347848151156543,-1.9050551782295357
-6964.322982293011,0.0038780697523149487,-2.141185124484131
-6964.374052152467,0.0047718631148611764,-2.6462978900445266
-6964.5538933635335,0.0031012437156371425,-2.2819451633675594
-6964.822036722127,0.008847026549285061,-2.6327571964781997
-6965.419435792094,0.03332240964457542,-3.134676896561099
-6966.473325717382,0.006205324324478991,-2.691549602501915
-6968.526296770706,0.010919362589495234,-2.928011115429627
-6970.894620269857,0.000736685740773963,-1.939319903039834
-6977.416688353125,0.5807645284925823,2.3609407082893235
-6989.613354356179,0.009379148442998086,-1.6165841151041078
-7014.144723876048,0.6256083338214828,1.9477299259154037
-7061.985030186737,0.9453620697508958,2.9668502714260025
-7085.2146639310195,0.26556166331085035,-2.6402041813585244
-7085.20384751153,0.2694338953084164,-2.657066668148214
-7085.20375706572,0.2671321762211911,-2.7054775609565036
-7085.217366598922,0.2597378946985455,-2.6843000526371874
-7085.23072453361,0.24951049199671715,-2.6668398138326106
-7085.27693779814,0.21835395749187997,-2.60771541923712
-7085.334120601282,0.18606446554706568,-2.851261311971873
-7085.4667051896395,0.09364820386687975,-2.875204881027407
-7085.693740225102,0.0007911480995027149,-1.879783910967165
-7086.15549410086,0.017212957549557876,-2.9948556405461524
-7087.251010092377,0.09479377551465605,2.7861892684728256
-7088.836208141333,0.8520159506414937,2.9203037815635016
-7092.563879731746,0.9978917633293221,2.8605527541284044
-7099.238787862587,0.9992139259673148,2.1158244316581865
-7105.030156163507,0.9988180326330668,2.1551281656880237
-7129.754195188246,0.940128244375548,2.1254614889124452
-7180.7265632282615,0.9796729139633655,2.9442163576542324
-7204.650664262937,0.9984744569068035,2.7607490427654096
-7204.655603652484,0.9977656675215221,2.7926405247705812
-7204.6647087450565,0.9977656675215221,2.778487410129202
-7204.673079221617,0.9997833494856925,2.67833976310029
-7204.662974720575,0.9952220689331424,2.62079672401073
-7204.6872861824795,0.9868736482965057,2.8851061646949248
-7204.716160040424,0.9888865692081344,-3.1191569832200594
-7204.872542657961,0.9127905029337523,-2.769829447852358
-7205.07597601726,0.6192784629125787,-1.8647175153758642
-7205.259799827511,0.17359832966724692,-2.388854047864932
-7206.374005731752,0.07575591115822057,-2.847221006286789
-7208.590240336814,0.06920661838128427,-3.0701135945619042
-7211.610420318346,0.999760642553053,2.874285985835085
-7217.979335567281,0.00441740018693138,-2.078673994249271
-7229.1843818094,0.9997887398614758,2.638228624351572
-7257.747043872814,0.4168125289627421,2.7220997214276057
-7306.69567860783,0.44266068657019714,-2.9519637248413724
-7329.478079435808,0.9602622013593156,2.6689300968769816
-7329.489016861004,0.9585731971962581,2.6636186993882536
-7329.494424062388,0.9623454906767602,2.6378034840772937
-7329.509707491474,0.967438330645365,2.5940889613311944
-7329.535243679802,0.9712315515724658,2.6045950005669427
-7329.56815232181,0.9785959749556791,2.5680508753314637
-7329.600781938457,0.9918424325343216,2.2802853898734003
-7329.7083881807575,0.9980147817282157,2.3236111029658995
-7329.8825183581,0.9997056025612789,1.9843056645934913
-7330.111638974129,0.9923188082953462,2.58795193096298
-7331.081661937617,0.8622665709588535,-2.404851770514457
-7332.153896854594,0.0014589439700992614,-2.459640837348078
-7328.202766905773,0.18291621031956792,0.07353509699233518
-7332.341242870959,0.009327867620034593,-2.6506668258757795
-7345.434881247432,0.813889021812654,2.959348486042896
-7369.4676970731025,0.0008335559728908288,-1.9584192303290502
-7414.1074758657205,0.006445838234182355,-3.010510953055865
-7430.778434453234,0.001299200173201876,-2.105696522231551
-7430.782436423751,0.001299200173201876,-2.0856280244487615
-7430.792203279945,0.001299200173201876,-2.1061393087737685
-7430.805101452555,0.0011105370623402785,-2.129169410042403
-7430.811164363228,0.012344652677067587,-2.020734078697006
-7430.833443337864,0.0053647222503798945,-1.8768408944489883
-7430.872711688485,0.0013148335971312325,-1.907535618032712
-7430.871283479919,0.0005662447387647441,-2.588946269451504
-7431.116275702469,0.005370537863089395,-2.2878495941521213
-7431.447394975416,0.00029290943882637286,-2.106891202146683
-7432.472578419288,0.16296090549812703,3.0313749704334025
-7434.3675781563925,0.04582844350992609,-2.6711633798627252
-7437.562766282294,0.0989985058495332,2.720195517494016
-7443.963694026428,0.48069703032245975,-2.093106772957506
-7458.404742766205,0.005596271847742071,-2.737943353443156
-7481.3439105373245,0.17407198880128236,2.562862427776615
-7533.763026714529,0.9897680120682986,2.33829801934829
-7555.277743391134,0.5919089907192154,2.2674942139851275
-7555.275193465727,0.5949928267831952,2.281522080905418
-7555.274954515826,0.599029225826662,2.330005905429367
-7555.274175900276,0.6146145190719496,2.1982148387580622
-7555.279497025053,0.6328258471550839,2.0064116506111267
-7555.278207629633,0.6605232694612829,1.7908632906715356
-7555.275730489408,0.7445635797679472,1.6339556175310532
-7555.224914746744,0.9333825702273354,1.6702752976749515
-7555.277863799822,0.9990937954220426,2.1312943531871227
-7555.488715691812,0.9395359047500026,2.9385448419990396
-7556.259042878942,0.994357024145655,1.872709419269615
-7557.573467759067,0.34892114620182973,2.712893453288828
-7561.167924640962,0.0015315248795895711,-2.923462004365807
-7568.254806692492,0.9401357177266714,2.758676604667029
-7578.792936014687,0.550217372931965,2.0885755774465515
-7602.576022806768,0.998653782865759,2.3203046192733856
-7642.2875216023185,0.8391361982068302,-2.8321791921412385
-7662.303856479452,0.810967001176311,-1.7595922328562696
-7662.307638722669,0.8063919999157019,-1.7317826200273672
-7662.3065686400805,0.7971911842241753,-1.7055806637380004
-7662.303394032084,0.777949643537547,-1.6910408564147108
-7662.308348792869,0.7467493087259991,-1.6496352843001183
-7662.306870455783,0.7045392372542052,-1.5294573050236369
-7662.243080788477,0.590304467957408,-1.458327219948807
-7662.09414626794,0.42700462487973306,-1.177311968232212
-7661.848400490367,0.0901448479089133,-0.603588064292778
-7661.553838813119,0.0124498713106211,-1.2598040844566938
-7662.001422675063,0.005555190573720019,-2.8849927935982853
-7663.9577138324585,0.004363938749451473,-3.1399225371375485
-7667.73709811948,0.37277486122791725,2.902415294937348
-7673.854970102952,0.017479210961116903,2.847688976630975
-7688.507145945181,0.7156756092274055,2.214341303025643
-7711.850151401346,0.005649044507189155,-2.735848685056289
-7762.186648005907,0.0025981370720905774,-2.897875952458934
-7783.654411734017,0.0027935962761479714,-2.4212247892930114
-7783.658496931834,0.003926049840353496,-2.3458794900075883
-7783.658461328757,0.012722865838863529,-2.318594276907435
-7783.66329229303,0.002934763783419298,-2.2396542066110934
-7783.642739023339,0.008754942886133914,-2.276291644882439
-7783.672593074126,0.022694923559003363,-2.422354778601384
-7783.735122514801,0.003591514814403305,-2.0098202975101103
-7783.931003887948,0.0003305920943047684,-2.3930454744226357
-7784.140771482312,0.00688246978550594,-1.9759994519108055
-7784.5707325547055,0.0014406259337564802,-2.5254068218216537
-7785.534645123415,0.31611616230470163,2.423890688946477
-7786.522667661124,0.967244204461933,2.9674167608842072
-7790.060791125671,0.8943033372723697,1.9744649499063822
-7796.677793366825,0.9995224352611831,2.4593182011587915
-7809.370874227244,0.015310316101454571,-2.5263822359278767
-7831.803382541853,0.004124424520103184,-1.9100716914683968
-7877.693269131442,0.49310618646605814,2.6325390583408375
-7896.618815972498,0.006218318711507384,-1.8595948800744182
-7896.622768803545,0.004813397490144307,-1.81251915472387
-7896.623523496238,0.005486570600553458,-1.7701310039017233
-7896.638633655328,0.0018417691237226346,-1.7887281744947643
-7896.6458419501705,0.0059658386883675195,-1.7923127838221056
-7896.651678201752,0.006022114522878021,-1.8925569829204298
-7896.68595227966,0.0001854763380606903,-2.049617801961271
-7896.814463472904,0.004900534564128165,-2.5019713948790803
-7897.01373738452,0.1568769772824553,1.9849282459397015
-7897.206616357286,0.7059621256813594,2.1743205970717128
-7898.196408635185,0.9998906837390095,2.793594493518899
-7899.534031418365,0.004639296141801778,-1.7223264134959755
-7901.630493807449,0.9766390521730944,3.1274994192394114
-7906.227969715881,0.9949216485309939,2.782702035474647
-7919.941821816701,0.02623490137412946,-2.5526398934567163
-7946.563105304484,0.996383387446656,2.8711429086767275
-7990.366300096793,0.7208055742653848,2.633094153224029
-8008.72456779322,2.4264367420998544e-05,-2.6993831691564996
-8008.724161114889,0.0008184210113717936,-2.6951299751756888
-8008.728565288849,0.0013967562923930571,-2.715560393231742
-8008.730412522433,0.0013967562923930571,-2.666777478193809
-8008.74265720793,0.005582758791568656,-2.7334102070574224
-8008.757265232155,0.014647522707064813,-2.734919450189827
-8008.8429222873365,0.010707512317004338,-3.1051528300235165
-8008.996108870168,0.013533528188226817,3.063637086936418
-8009.331040814467,0.026603283819964844,2.868884793404903
-8009.594931731692,0.4316980734779813,2.115246140321359
-8010.116889402543,0.9802666294202377,-2.550135731591082
-8011.521147349241,0.02918837078797977,-2.4869098598348875
-8014.878000874382,0.9997213869637632,-3.122389416058713
-8019.963278472473,0.9909944475797718,2.7717379743452417
-8033.608920846203,0.5266726253445648,-2.9174483040422183
-8058.172147902328,0.7982662635669865,3.075838203666052
-8111.063707232321,0.012403143312550234,-2.4500995602380633
-8125.263436624729,0.999356656802618,2.517082713515115
-8125.270355872177,0.9985856713691658,2.478556131618105
-8125.272395348333,0.9976914856757022,2.455351325408178
-8125.289286409297,0.9977047471451101,2.504101855508675
-8125.31222341475,0.988739664019163,2.584488460767485
-8125.342167036531,0.9824444161794997,2.566941589022708
-8125.448425908111,0.9750007464829729,2.634482825347007
-8125.623958101703,0.9888997819068074,2.9101988298585324
-8125.849413058445,0.9877191514826822,2.6482853221687392
-8126.258999280457,0.9996787559529414,1.8031667843097594
-8127.111584113579,0.9975690849431911,2.465358442062154
-8129.007343094677,0.990141892714017,2.5925962105719353
-8129.499899227426,0.14195381225234494,-1.3391235602216693
-8136.320955775208,0.9870001461810567,3.05473854524743
-8149.468074787115,0.9990864085793615,2.20209092469982
-8173.945497971868,0.6031987339437994,-2.4147593349817025
-8214.29609568574,0.9686735001913842,3.0441960464260758
-8237.768310452533,0.9231417247654563,-2.9614890258864732
-8237.771861433806,0.9234381948861178,-2.997065813546508
-8237.787872603878,0.9349291325245126,-2.907061693217276
-8237.781666965802,0.9256017732043585,-2.9264362190425968
-8237.808780521686,0.8970971897698965,-3.116487330452654
-8237.855760944696,0.9139835065051318,-3.101769680459035
-8237.924513267706,0.8898453215991664,-3.0709660901878335
-8238.040460440063,0.9394796968572401,2.8376515245999556
-8238.246320003755,0.9945839096574757,2.569731673128384
-8238.596129335258,0.7507343065443599,-2.199612534342462
-8239.157664120303,0.1373810341626834,3.032519223394022
-8238.849394444427,0.994602234421573,1.870589372257399
-8239.62116245476,0.003556126361668881,-1.8884543152716318
-8245.316401483924,0.057225834082579995,-2.8328083307440783
-8256.876444065369,0.9914672164307533,2.308704710795949
-8283.406355848418,0.896090998681706,-2.0930060724392083
-8335.386381369408,0.04703790503197848,-3.1005757557533067
-8354.278069938584,2.1322138062796273e-05,-2.4647512302856645
-8354.285037303785,0.00032272722233097294,-2.483268623639005
-8354.296411301126,0.006947658676652398,-2.4914071227043384
-8354.292319206115,0.0012400393373265348,-2.571491174677495
-8354.308439732513,0.0008317396368115345,-2.7215194144976698
-8354.367664182106,0.006326668574655365,-2.7863422842042183
-8354.42139235379,0.0023815412683723357,-2.6657110316035624
-8354.530997409232,0.0114884158134842,-2.3824018471494535
-8354.781058868626,0.02257284800247734,-2.7049884854303765
-8355.347114989701,0.11554426310381541,2.734085588934139
-8356.463051929053,0.029785606554269446,-2.9363546916149046
-8358.515322556696,6.243588490280382e-05,-2.3999147688277285
-8362.320311618787,0.9908363327301615,3.0280832821971924
-8367.135553547037,0.9700732667719533,2.9341001059407583
-8381.196290843129,0.9893467367823825,3.1157407850280396
-8403.983140754699,0.9825929790930953,3.0260957178815833
-8445.91842386038,0.8939039973435514,2.8691906303657415
-8460.473704015945,0.22841714340174915,2.372468346568822
-8460.473898384449,0.22900286856538954,2.403248659945878
-8460.470985060776,0.2329321213194611,2.3839184528151325
-8460.46607257844,0.24834276793670085,2.3753059223484616
-8460.484941147866,0.2886766919975477,2.661699357567336
-8460.473920618566,0.29008231899927767,2.7876034714208187
-8460.507271402823,0.3039002936450884,2.8417481331726355
-8460.565912100581,0.3578414935304462,2.517531530487835
-8460.63361105213,0.7292478364844072,1.6871877695631632
-8460.838949746365,0.9828598115211148,2.4545970135422586
-8461.677293060402,0.992615017311175,2.772786028694817
-8463.40391594934,0.299667138522472,3.064384236108787
-8466.57390703243,0.9962917890042106,2.6713780319561256
-8473.48167464337,0.06076075306668652,2.6759323150718846
-8488.50776565353,0.9961182210895528,2.6571743816182707
-8511.822911352405,0.2883249901007998,2.824939908730906
-8562.70292546981,0.003712973274326641,-2.875178084766508
-8584.133142896728,0.001686699347141509,-2.223460240769583
-8584.141992785477,0.010064688117492403,-2.241790909083537
-8584.139363527356,0.0038435039829680666,-2.2364882047409425
-8584.151402389818,0.0032982370654232505,-2.2077936278228028
-8584.15699820178,0.011937430565531818,-2.3448047618068086
-8584.193401348755,0.004488965515413824,-2.4330636704088278
-8584.31130473883,0.0012242730345879407,-2.216333719505458
-8584.36974413111,0.0033215894405838114,-2.321653465713237
-8584.53098627301,0.005705913107051318,-2.577473130103027
-8585.014694643822,0.025321978488961342,-2.691535278109749
-8586.05512717659,0.0010043943684901499,-2.011978256721059
-8586.708608620496,0.9904974954574735,2.6413756019469172
-8588.21996458172,0.0027952636240185322,-2.4176855404200404
-8594.069414665146,0.564970908777569,-2.174851690054321
-8603.819624957641,0.0011126681661168167,-2.0309034949990368
-8626.600856341583,0.0050508505162105395,-2.6776654863537823
-8672.16419462256,0.008730092827641235,-1.881312959820051
-8694.566872814832,0.23790868813741806,2.4122490583919056
-8694.57062610622,0.2432387124121961,2.3774378054867515
-8694.57355645346,0.24050064908474575,2.354986632454347
-8694.564373099445,0.24917359609730538,2.2796478976089602
-8694.562696308003,0.24866717790189313,2.1168379331792986
-8694.58056071749,0.2766689895397579,2.2207292909949237
-8694.65799770959,0.3203531329867165,2.6105350097011115
-8694.659776114479,0.432946091663229,1.679869239003799
-8694.589095543115,0.7693508467060541,1.9618694617472814
-8694.959331526989,0.9926914256128829,3.1168580006844593
-8695.732544634111,0.9950130823685223,2.166422297961036
-8697.72208947996,0.9904159255808308,1.5515343348705422
-8701.314397583299,0.006151683792301271,-2.118283956524209
-8707.133528443834,0.6828772772171727,2.0931372911804207
-8721.424932608286,0.9955118979154005,2.7773921110124373
-8742.30897075762,0.001063541768084401,-2.6020453354820066
-8789.20057013156,0.9981359119906703,2.0000774429627803
-8807.489288542962,0.5521173428657964,2.8097436530500746
-8807.498797270762,0.5429468842905987,2.789359420941019
-8807.496747899982,0.5395718891575391,2.7706572149929496
-8807.502556715808,0.5443623889395138,2.8086201749055704
-8807.512385254155,0.5625928709326767,2.8391038899170598
-8807.532386574087,0.5621541945594862,2.8333276361025463
-8807.533957758586,0.5906006585483882,2.760047218574379
-8807.672013523816,0.6543116101919151,2.3934817821486707
-8807.672994207514,0.905107033610094,2.2274398374482276
-8808.002858454944,0.9989403307093302,2.0141485798843775
-8808.610360695546,0.9720256686793876,2.552447588335964
-8810.090484204482,0.166946821101918,-1.6640865870011732
-8813.839226218282,0.029437410613667975,3.132236119830714
-8821.642867825674,0.9900867635268276,1.987123007140915
-8833.203864245226,0.21522595109332007,-2.2077094462167137
-8856.297818481627,0.0016679427002896834,-2.343411864474352
-8902.478208039782,0.011272242802879435,-2.9204173724728624
-8923.474616242138,0.9868270653036065,3.089075127857692
-8923.47305294047,0.9811380566634867,-3.128609148455663
-8923.47968378625,0.9809935351515753,3.130952949827578
-8923.48397670297,0.9854542556805594,-3.121280769703446
-8923.490254934444,0.9778531647618536,3.000113951289066
-8923.528559325587,0.9784086070463375,2.695767184638191
-8923.59925114321,0.9946894840226845,2.9967414441245417
-8923.788078393936,0.9105883084376468,2.9291445302930086
-8924.194893595568,0.9639301099792253,-3.1056998609616295
-8924.485355139674,0.62828716389058,-2.994675906447816
-8925.35642362365,0.9434437929306921,-2.860353981243529
-8926.240508695224,0.0011927649037607102,-2.742629587723919
-8928.906486194623,0.0006761426699520971,-2.1393983891413986
-8929.609664220716,0.0011124019339833016,-2.1910197741711874
-8942.811662388007,0.6647411971658954,2.2906382176710007
-8968.11693335133,0.9979390923286647,2.938966670712759
-9011.224620037556,0.7722732151482271,2.4687106127078495
-9028.377599077503,0.4358865918867182,-2.0213818715796226
-9028.377084971762,0.4386971007873108,-2.0649041266941923
-9028.37564373865,0.43250536674612994,-2.0687017271175234
-9028.370157552214,0.42027972265028396,-2.090784070281769
-9028.3547887918,0.4085520854334024,-1.9494924882310047
-9028.35461938681,0.35009285283636443,-2.08263201777914
-9028.368269031907,0.27090506456997027,-2.2354150824431813
-9028.475920700936,0.20042923416996336,-2.514093354445353
-9028.553335176353,0.0006963397771801575,-2.428962912858725
-9029.108622277916,0.003432074973590034,-1.620126181331802
-9030.251360043774,0.00684036629370929,-2.636276363729415
-9031.330078307943,0.0001506488492855852,-2.165538796897429
-9034.022889483718,0.9846017062697386,3.0901930974960834
-9039.291989670457,0.9932389208957187,1.8531636519035537
-9051.58448933438,0.0009471306874924486,-2.8882762158519695
-9076.180929415399,0.911212610240521,2.6839351307478623
-9127.816885400827,0.9986677389032421,2.989524538572619
-9147.57982649406,0.009121059690052818,-2.690510921767391
-9147.580890274312,0.0077563319973080825,-2.7074478987462727
-9147.58832871821,0.00964584309761702,-2.652910231175779
-9147.612764345264,0.006006768718822918,-2.6424808639756177
-9147.607126953377,0.005767113500964049,-2.5156444998756644
-9147.644859883478,0.005077715298254732,-2.381528485082614
-9147.69776632203,0.006826058864670002,-2.453500067349489
-9147.824605597376,0.006805123946068641,-2.1841561608288673
-9148.084136030664,0.0012770960946039045,-2.4591113942015492
-9148.438282867115,0.01608942053110575,2.9796738081520164
-9149.199771389414,0.2743371689328274,2.297364442536413
-9150.462845159587,0.9584157313245366,-2.965932652165484
-9153.51367255967,0.0005449695023806718,-2.301393447295263
-9160.187861558681,0.5656270222157489,-2.7224808587083085
-9171.487009416789,0.002684986688187242,-2.504384809566609
-9197.222273136285,0.004253937750488214,-2.0541783452955915
-9242.948354637834,0.9929327838233816,2.9011057896577537
-9265.391485075499,0.9992775366076289,2.7700741352486986
-9265.39066230664,0.9992775366076289,2.821075409442587
-9265.395640842962,0.998285098335659,2.844999573103988
-9265.407287760823,0.9990995080267989,2.9587773224078315
-9265.43107813404,0.9976417942038551,3.0179225806152035
-9265.492456084256,0.9985096689652831,2.6844003538403047
-9265.58573417868,0.9991084526783474,2.872856739351903
-9265.720189416828,0.9602558640242541,2.8969032968572703
-9265.98242119661,0.9319558526216355,-2.9308499514821045
-9266.461744970624,0.9670131164010691,2.7389906788685767
-9266.819896143246,0.4689455698973694,-1.2016784109322542
-9268.343054749683,0.008324194548310458,-2.165377409318338
-9272.304978125801,0.031979071169404925,-2.7605839335632596
-9280.430779725864,0.8275497459828071,-2.649227056876338
-9292.704499740492,0.08820008867639544,2.842341387523904
-9315.805541904592,0.001557742352196193,-2.1448985734566874
-9368.359594822063,2.0280406105922235e-05,-2.63708262082248
-9390.715227820716,0.999676870123561,2.2434715043211444
-9390.718093691514,0.999676870123561,2.202674379230297
-9390.716657072253,0.999676870123561,2.1197329803907063
-9390.713671998616,0.9909366631917589,2.0136887586752055
-9390.730258206098,0.9981698917375736,1.9191805206283066
-9390.789715600458,0.9929339230274282,2.176887266203618
-9390.849521196484,0.9864110287050883,2.3769585525146475
-9390.928913582246,0.9972663957292182,2.265841619953127
-9391.120274754168,0.9946521509632346,2.0971111775978075
-9391.305698120963,0.9958430236145769,2.683004502164744
-9391.751469063403,0.20587011404971306,-1.9436940885778256
-9393.642140479551,0.0589266015879803,-2.8462382967354443
-9397.187535666968,0.9755293846999763,2.4699964358024094
-9403.312211006632,0.6885168514448105,-2.8675870521145566
-9417.442449890934,0.026029289093648815,2.4819181985084784
-9437.598195760585,0.8800038978565179,2.7522370882095917
-9483.329985767843,0.7834898459219521,-2.9649815669620563
-9508.601727497127,0.21099420864354934,-2.3203984769364374
-9508.605794422021,0.21436794977961343,-2.365585926124956
-9508.603848873703,0.212793596289426,-2.4959071068284073
-9508.607372023273,0.1920796315546794,-2.533438034913707
-9508.619318644856,0.17309836867366696,-2.4269855404058434
-9508.599178049712,0.16290323524642583,-2.463903822600916
-9508.660124009612,0.12095719131918457,-2.7603834901707724
-9508.79854056896,0.13510047135782396,-2.7848063216348926
-9509.095750498827,0.0024322850444949288,3.1414325807577246
-9509.592578442742,0.011583027897206617,-2.9436310383312168
-9510.700828205288,0.04926842069952121,-3.1098987808934124
-9512.177220288282,0.00028784122783984643,-2.1576556695003717
-9515.654018901807,0.9743831689822146,2.8114190711643996
-9521.97318781823,0.9965589936141649,2.262718497758396
-9533.783789914358,0.8311020699310014,2.2897095152303004
-9558.885075516302,0.9470694716572234,-2.8970842937568624
-9607.11371100282,0.023539850501191756,-3.137220577430815
-9630.71521866922,0.4982817940920034,2.121698265311908
-9630.711339926973,0.4984047464104111,2.052462418174679
-9630.712632598788,0.5151526941045562,2.0329355994156053
-9630.701393759196,0.5143815730920545,2.0222339303510672
-9630.683207657445,0.5160012586358259,2.0691777978555583
-9630.712261741575,0.546272504288627,2.0631509452721506
-9630.717889636067,0.6191648684726274,1.9435536767500183
-9630.717309165442,0.7511178140788236,1.8295038197586155
-9630.818072405564,0.9918587867142088,2.3936045325960693
-9631.3381663629,0.9809680286772108,-3.078270410263866
-9631.348482253243,0.0012699826747278936,-2.485773923409998
-9633.007345318209,0.08638948917213975,2.685444814628446
-9635.94126478374,0.5256435678989958,-1.8364419597067183
-9642.53970254291,0.6180846549564263,1.1141283920854343
-9654.139717560092,0.9974525432111973,1.9166890916723798
-9681.925716637303,0.7316523292142364,-2.875756001644145
-9733.454614985852,0.32853839441052535,2.8536232418637013
-9754.733173268904,0.9935877166502818,2.34363879257994
-9754.736040963437,0.9908230210693427,2.3445507703405095
-9754.745099500547,0.9923807183502055,2.2644732892415167
-9754.757021946354,0.9958856201270652,2.214278688290089
-9754.769999168739,0.9955217865318414,2.211189419924489
-9754.776216090495,0.9915979875069103,2.107382032100986
-9754.788382518162,0.9928736421353785,2.4228853101759658
-9754.830112851183,0.9939675173936667,2.52616044366402
-9754.962414428172,0.9874205478777379,2.547737810700707
-9755.467508168647,0.9979531180404475,2.299447666044946
-9756.13015913085,0.9976377267633824,2.4671329473723187
-9757.819740678302,0.9981084647661849,2.189995928968713
-9760.979708605893,0.008971355006584891,-2.946769631487539
-9766.295406179814,0.8405205099998466,-2.931810452304962
-9777.961836525059,0.00822143010530248,2.963907662636273
-9801.321922575595,0.17944885307821717,2.9868552472009426
-9841.318955193196,0.9915966125633986,-2.6712769800592557
-9859.725702867654,0.9882556411035779,2.0605204799193677
-9859.722598274926,0.9852649699848537,2.0704177437871696
-9859.721036114837,0.9922907631428206,2.09673877690034
-9859.751676377105,0.9918371881825945,2.050581760420039
-9859.745294360477,0.9875904756352243,2.149797875874998
-9859.762709421622,0.9998312877423904,2.2253124039514764
-9859.792723467881,0.9965037785412457,2.1021289225949946
-9859.893196869154,0.9990935316711428,2.3048457924995596
-9860.195860208456,0.9941116252101864,2.819420089821283
-9860.784909517492,0.9907877559749726,2.478478749358766
-9861.700624818164,0.8718311925044653,2.3074966721079075
-9863.24281191305,0.9942061235208072,2.18198546169256
-9866.777550421279,0.006209291798359682,-2.899380300853294
-9874.973808740597,0.014403434644349108,-2.577856740100704
-9886.87739148937,0.7100947343205131,-2.7883150755828163
-9911.575767159833,0.002786928723659286,-2.6500846650231993
-9962.214804146013,0.03502812045039871,-2.852289090461899
-9982.746168791933,0.687107422715655,2.5426744503173637
-9982.743566889962,0.685695518070693,2.512179291424472
-9982.752876047549,0.6924248094833448,2.3842949563876363
-9982.748983463473,0.713306296932629,2.543234256290094
-9982.755700756072,0.7188967260789718,2.745131407543882
-9982.778011479373,0.7336797958719861,2.598627970978189
-9982.834994496827,0.7825288773230755,2.345445335096464
-9982.9059096737,0.9102479621205067,2.2776655172891385
-9983.028035638097,0.9991667940922642,1.9850125445669269
-9983.550411005426,0.9969072747106577,2.87430425874756
-9984.070197648987,0.41213293874260787,-1.9234172261899471
-9984.809591774047,0.011665187317142585,-2.175621896648674
-9987.811842517516,0.9678126553374113,-3.0831108057450147
-9995.204974355005,0.4480460034277675,2.125590271115386
-9998.369222131292,0.9984956133031498,1.1268191862387216
-10024.048153315714,0.8374049141173769,2.932762077041909
-10071.798092660882,0.001590554074059805,-2.0235787026959824
-10092.441333414577,0.9997879040215862,2.9590415051348327
-10092.447305826772,0.9997879040215862,2.9523558230068705
-10092.473783988531,0.9955261483496574,3.0145860898451105
-10092.484329075498,0.990002204762441,3.076225403085129
-10092.489066407867,0.9987036200646474,3.0756815822133694
-10092.520208009912,0.9906801461632064,-2.9742036333060327
-10092.553946175223,0.9419147593278665,-2.8491132979454283
-10092.578052790377,0.8068975681707249,-2.3311612634972954
-10092.592681226462,0.4156712561267823,-1.9864608811505864
-10092.751635114768,0.006802660944839643,-2.9936677317037934
-10093.459432749936,0.6501687873745059,-3.0742772827478873
-10094.57307728023,0.47716701777807724,-3.042987726813814
-10097.362823426407,0.08956934807227412,2.7538934188806863
-10099.598732393106,0.019833325682256056,-2.997882782779472
-10103.084358571414,0.9884030694780627,2.0171467702795134
-10124.49527951066,0.536269458461574,-2.7671001377270024
-10173.55926535329,0.40338185528694415,1.9950133456284087
-10196.377440701432,0.1868872870700611,2.7874287456083584
-10196.37880914993,0.18593949913381594,2.8324080583263793
-10196.390056307217,0.1826308033682846,2.823488804870145
-10196.385468994382,0.2045049933495779,2.7933101654216674
-10196.408776250233,0.2016502674392884,2.985009279802327
-10196.425766660042,0.20445489857890167,2.831749565808458
-10196.489874913783,0.22529915811367887,3.0234532398844696
-10196.611704143195,0.2623223599196863,-2.926697265282064
-10196.7694528613,0.30852337895067544,2.405134982471398
-10196.581725303064,0.9671902073715525,1.4981748007072389
-10196.662726794113,0.9862246591345146,2.847344929429264
-10198.96018989566,0.6820264272533847,-2.818398581692147
-10201.97461674966,0.9923161745816383,-2.8983641586223627
-10208.931002930747,0.29995193908493106,-2.8865443714091343
-10221.566900778349,0.9720738725439936,3.0787840362476295
-10248.779285045828,0.9916896980990253,2.7429357217091397
-10299.576164071024,0.6142943730283528,2.0283682973781714
-10322.11159706863,0.9988793073261872,-3.1278912607829152
-10322.116205484072,0.9974498317824663,-3.139632078434451
-10322.126612483526,0.9917473945990812,3.024621249872741
-10322.12589498163,0.9859488779926027,2.9401326471034945
-10322.133798319095,0.9689908798721006,2.9612671970095903
-10322.166918594356,0.9645174408983715,3.0317506244729344
-10322.279160739621,0.9987676877362531,3.088573089194064
-10322.391725534595,0.9484178455708312,3.113327066937331
-10322.691826890372,0.7988218892213282,-2.675912301601926
-10322.975495522074,0.48424729000422173,-2.8244110198521155
-10323.279039168114,0.007826931880358573,-2.306070406727529
-10324.627832653392,0.9999969035040926,2.276877140236114
-10327.333711146024,0.12044716835242457,-1.5087028138324383
-10333.209824056361,0.1978154007476005,3.1347357177483834
-10346.58806730208,0.38747589282768413,2.3090016724799387
-10362.726454405563,0.8768063705472482,-2.5369584070310647
-10411.704485505586,0.0015092673744927128,-2.397881883366634
-10428.146739658321,0.1517159231688408,-2.193817130865039
-10428.14819466412,0.1534649311348479,-2.2239116811582913
-10428.154439443177,0.1464147748596899,-2.164025970879361
-10428.171998204074,0.14533345777830678,-2.2360762293384857
-10428.176009480863,0.11706573772339514,-2.2060910298531304
-10428.172211039571,0.11161064105115916,-2.5095774559277833
-10428.214813520333,0.08390607135035538,-2.094630115769046
-10428.240274238147,0.016363318327812276,-2.1194072612579284
-10428.4106249004,0.006101511199969639,-2.6277562873597917
-10428.911667011005,0.04557207627900151,2.7848467381063164
-10430.092004328524,0.000290289803980646,-2.7097011472690276
-10431.782461344232,0.7544787549254878,1.5850659373470233
-10433.850975509957,0.008288547562567113,-1.671864324860596
-10439.781916660633,0.8758057270253896,2.7595660729995357
-10453.912044391054,0.3675580935314944,-2.3946671205333327
-10478.849038457909,0.0007700165094106795,-2.1504749089084423
-10523.312249709923,0.989443375510358,2.672567678556521
-10547.552510173595,0.004346325319608631,-2.3378238791793136
-10547.547835658484,0.005484470190561932,-2.309060828503182
-10547.54196608351,0.0061539545739873,-2.211868137622795
-10547.537355851993,0.004600264573881228,-2.077874749290803
-10547.574813769104,0.0017164595599914528,-2.2235451880807444
-10547.578348890593,0.0004592823566263553,-2.012445032416944
-10547.607267075704,0.006560181409965695,-2.238404470966916
-10547.694658036964,0.012298891978321803,-2.215178092194646
-10548.080544677858,0.012634711641756918,-2.470395926369565
-10548.723642766949,0.00011966912723610401,-2.699758287189457
-10549.822740021456,0.16941628180496127,2.579682050439258
-10549.731591952303,0.9994945737027584,2.2167364755419356
-10553.466723948019,0.2943227668150461,-3.1101247976803035
-10558.493892529328,0.5547667028281057,3.0638938811646765
-10569.073378966532,0.050147038434274475,-3.051912294115454
-10590.595907885674,0.015138707894668858,-3.0376065251769053
-10629.074212346834,0.48500032656953507,-1.9518071351616142
-10652.140946233103,0.9571099779297454,-2.8802273380171735
-10652.144545176672,0.9508712851730525,-2.94742280861698
-10652.156824843494,0.9603851643890217,3.0991983347793477
-10652.16476044977,0.9469108411590579,3.108915421914542
-10652.171305934582,0.9330736508705636,2.9167580330296907
-10652.212526487392,0.9573599987743118,2.681282660113393
-10652.306471875945,0.9997897355296412,2.109199882864619
-10652.408453560724,0.9955909835556279,2.5371238785621015
-10652.658781355389,0.988582584790527,2.4234149612566664
-10653.149728752684,0.998893223149112,2.6401884580506643
-10654.489455404297,0.9916374729194537,3.024533374826511
-10656.417747474825,0.9832475617676254,2.4921605381468215
-10659.729376399478,0.5078197707053448,2.409557525799526
-10666.565214194708,0.03129232280655545,-2.836924891580942
-10679.86309682953,0.5977884988859901,-2.516448658151986
-10700.887179908708,0.012293876344420907,3.027604545048548
-10753.999911548048,0.0017175349332733852,-1.858817898378771
-10770.589308354358,0.21793986664363674,2.4805570610546868
-10770.588630288636,0.22141071012461488,2.5232741438219186
-10770.587173359196,0.22194104466953143,2.383821337031666
-10770.594224419956,0.22399905046679885,2.3722982079662405
-10770.59391068769,0.24764182582651836,2.43855918228825
-10770.599871461945,0.24181439633962912,2.3554102640351298
-10770.668662939603,0.308945054044155,2.163629416535608
-10770.662743053594,0.528588954499049,1.890225215938643
-10770.700035113341,0.8284226811741854,2.3040527477262422
-10771.32742308203,0.8932510662623262,-2.806938075575183
-10771.999347257464,0.5344596706451623,-2.357031038173416
-10773.441416009675,0.00571147366567306,-2.641589792753198
-10776.065538458775,0.9939744765373554,2.534493156083503
-10783.31314743134,0.9966240601054833,2.737860067713086
-10794.923934285369,0.9990858792859062,2.2859282250114337
-10818.317600841568,0.41409685535529417,1.7828142859486205
-10866.03464082147,0.7523556157617377,-2.691140176448692
-10885.740950764315,0.9992504946985282,2.3048635297880686
-10885.733968034325,0.9961030388536953,2.278095592233898
-10885.741397772219,0.9961030388536953,2.357175766805666
-10885.74212620034,0.9866508351591121,2.43002362168054
-10885.768546272398,0.9994146117020651,2.256761513120784
-10885.777850351804,0.9911640040068939,2.3210271680239867
-10885.853385101651,0.9955081430257675,2.644113877299991
-10885.972702587882,0.9927134073053061,3.0010708222706786
-10886.162948291161,0.813554192546099,-1.9910276923152523
-10885.94496179655,0.10817625614996504,-1.8924015130506588
-10887.024021637075,0.07855093220034623,-2.82189005212065
-10887.961606311155,0.9985520807973968,2.0455567332911464
-10892.037329852892,0.6467384518092137,2.3646813486643454
-10897.147219310273,0.0007819125950877881,-2.09052590820461
-10906.82934178117,0.12286950663159746,-1.6444210124255032
-10933.371095418204,0.0005175754250115088,-2.6146806647315883
-10983.141392108437,0.2507622788891158,1.531069280486241
-11007.628032070139,0.3736531605778793,-2.588675455732403
-11007.632134060002,0.37570045561508086,-2.5852683903675175
-11007.633900184042,0.37473339221615143,-2.623029066082941
-11007.636235266058,0.37296389653937145,-2.5701971901144174
-11007.641437916329,0.3707329802661946,-2.6132948180462274
-11007.65617050983,0.37224681572132595,-2.4330116580946233
-11007.628862847407,0.3316863642553594,-2.31406685965705
-11007.640294126102,0.2436846588311645,-2.1733112734783946
-11007.894202227459,0.1322298064079152,-2.585429961654124
-11008.235869469241,0.005731324017186329,-2.0506577249602183
-11008.927329783262,0.0038466722899878607,-2.6252280508467583
-11010.43973713356,0.9990824247024807,1.5903675871120209
-11013.597305515617,0.2782458477794274,-2.0445332821512867
-11016.009397274875,0.39669611931890325,3.1010708020631146
-11029.390954524697,0.14286478583515766,-2.6269674713243836
-11053.724500247532,0.9875687953108674,-2.7792264000035494
-11102.129866406134,0.5189659420531286,2.8258194137942514
-11121.486067491162,0.5570503958634974,-2.247925307714638
-11121.49042757669,0.5595444242938988,-2.192020047003695
-11121.496248305577,0.5591019685000332,-2.089661263121655
-11121.488538030506,0.5751609395066114,-2.054076138789882
-11121.499294769148,0.5444168838852222,-2.12245833664362
-11121.510183153961,0.5476954095606213,-2.130048113869901
-11121.524291316637,0.48621000102309464,-1.937114249002124
-11121.571676109688,0.2996305940410858,-1.7194477737574072
-11121.6459844408,0.042214985759861455,-2.3322946047511315
-11122.110993238419,0.00937146466785976,-2.993830685858919
-11122.916914940975,0.004961922545219835,-2.346702519680988
-11124.72811471381,0.5101075348802458,2.8290247227246734
-11127.622319932689,0.004013891578240717,-2.541032800357434
-11134.760601486903,0.9580281537085296,2.9173553879825125
-11152.099859926193,0.7011555811146192,-2.827387500068168
-11174.631134919355,0.28542603640224096,2.4181714701149843
-11227.709934957025,0.8218254899263302,2.65780353644897
-11251.042551859102,0.1284207148713095,-2.8704747482161665
-11251.044772595473,0.1319291476612352,-2.9581525490704474
-11251.051497196106,0.12333506286766917,-2.916364357466773
-11251.061876047594,0.11804489524559379,-2.9939835370431664
-11251.105578705416,0.1341565187437893,-3.0842332322907593
-11251.160029594399,0.12620765778438503,-2.9219245984433644
-11251.216163420622,0.08205501582773783,-2.854898795223378
-11251.341644174536,0.009708567286513786,-2.897614863053367
-11251.694321791556,0.08875949096947934,2.7126151573097648
-11252.312336421975,0.1709549130502688,3.063764536761985
-11252.800969108343,0.7996186692467265,2.6605104099128596
-11253.397698766388,0.9901768159954983,0.7699603154996542
-11255.833268771312,0.0061503320781755135,-2.2970768680813465
-11262.983566551158,0.526497898698807,3.0210091452189065
-11273.06369833532,0.0006170731538166132,-2.551816958888034
-11301.010202807076,0.9987180453433718,3.047320526002574
-11352.970028596863,0.2859666162985946,-2.3634005652989605
-11373.944460286686,0.9794049847594579,2.1965147228078887
-11373.94093574442,0.985151316348349,2.204963201061531
-11373.951332474015,0.9882938586888524,2.1936995294661727
-11373.961186591943,0.9842607333541766,2.286505137881165
-11373.961585417319,0.990606250867608,2.1320134574336267
-11374.01776717182,0.9948904895503673,2.2926292475004937
-11374.074739030146,0.9985839183761627,2.5142001141285144
-11374.198013912328,0.9951553288655937,2.569140942882113
-11374.376052266161,0.9859609232610492,1.4690517422343108
-11374.987058398105,0.9877468087327435,2.737683483207202
-11375.860340034886,0.6446137773925587,2.7286259772203127
-11377.985693023908,0.9839760695358116,2.4770820374587093
-11379.878199717672,0.06946178847844164,-3.0365499537653076
-11382.621378698821,0.7827708737359886,0.4919153535682641
-11394.994171273329,0.9916919335180766,2.347629159482798
-11417.618011216457,0.994656285549176,2.245566727357108
-11472.65173538951,0.6708366862540331,-2.5260634555625785
-11496.44660684421,0.0021747538041151883,-2.5374112410765495
-11496.451994205841,0.002568615308996578,-2.513984198335452
-11496.460375030818,0.00358895532342426,-2.5490803295969555
-11496.449706157844,0.007692992412759203,-2.612351162222673
-11496.478823738318,0.01981914743907627,-2.711520852223128
-11496.501343402299,0.0001555308663961615,-2.6756197443371077
-11496.589158497922,0.013928844524532349,-2.805728011767899
-11496.749694332928,0.010875045218309124,-2.9332411566106176
-11497.02639155592,0.1135296204615878,2.9129817529322466
-11497.168060661974,0.5271219189791062,2.3035111211608026
-11497.8340222191,0.9944329409537693,2.268359793470852
-11499.680792476836,0.9996154128943557,2.987107801604351
-11502.757719849142,0.002371691817780537,-3.0136096433205846
-11509.517611242794,0.9897467894092711,2.707040378927818
-11520.919983958567,0.0037946272940760106,-1.9536686660857365
-11546.962414438554,0.6315338273931086,-2.3467552980918667
-11597.450077070374,0.00023149805504831238,-2.9345822155370644
-11617.304564207356,0.1101775606237424,3.0003603545819626
-11617.31361085291,0.09866213734364827,2.992999446071238
-11617.32099050332,0.09980611226694883,2.995137806123056
-11617.327792266728,0.09367059867075903,3.1199761909598243
-11617.359692617036,0.08650650138813545,-2.9060551703526634
-11617.385852121313,0.05066777897347977,-2.96580812475974
-11617.457967798253,0.029218385351354622,-2.8927924281467563
-11617.571522252027,0.030319865738582828,-3.0446322368464322
-11617.823209459097,0.055729672450213055,3.118193916671176
-11618.33953650053,0.19290609710337503,1.941099722003516
-11617.290615104388,0.9915617306006289,1.2095870494541066
-11618.607091342054,0.0892452269755901,-2.8107021671171255
-11620.508973888866,0.010549623000851632,-2.7919246849402097
-11626.70079245291,0.9838495500571203,2.881410368359843
-11639.132642243141,0.9791819325001565,2.450972462329057
-11665.509258296215,0.9759819012879055,2.3970319336500108
-11714.152360265576,0.02602747250272175,2.847045654332776
-11737.225058078764,0.9760262948917753,-3.023326789946055
-11737.238293593298,0.9760162811751141,-3.026527721104734
-11737.247860239211,0.9736171723793692,-3.1282726916910066
-11737.246601699613,0.967057245183634,-3.0421906766225715
-11737.276231940497,0.948753168681882,-2.8498606631682164
-11737.314916623269,0.9327964439231831,-2.7937571520169038
-11737.406223586651,0.9214275348044714,-2.861894062379901
-11737.472620221786,0.8995326053007671,3.043324603492252
-11737.634226972512,0.6706847776559661,-2.116160756666289
-11737.616236485606,0.0360882670662871,-1.9218584104102057
-11738.500488209622,0.11120197625653608,2.5981234082610696
-11739.908837846177,0.9880465186501967,3.0397158843946395
-11742.320185910688,0.8971517213639222,-2.5699673566947494
-11745.184442174812,0.9956289807643528,2.6729914062681708
-11753.809705967562,0.6885382518028818,-3.1075371437981243
-11785.118616249205,0.9950082740819545,2.328246695415098
-11833.479656806556,0.39628129972873527,-2.916291590320974
-11855.86842802019,0.9708792948779392,2.406789303497221
-11855.869633116443,0.9729228742402333,2.3485745803181173
-11855.869253928271,0.9766701825765012,2.320355178375614
-11855.882192985657,0.9931363610071482,2.419825117428383
-11855.916948072527,0.9851509450221869,2.1860114536178497
-11855.947457355534,0.9970963935514097,2.1361633842132486
-11856.022230220698,0.9908139637644852,2.3783916500835005
-11856.146017565574,0.9881039282483693,2.529031300111324
-11856.423655266188,0.9986606260479624,2.6758059663534777
-11856.933901868759,0.9979131018546944,2.518794986424786
-11857.849401455309,0.6858639537695987,-1.9203651782225457
-11859.360825436068,0.0020619922520171818,-2.753684217122488
-11862.985439882405,0.44581536235375135,2.803835899596054
-11865.264243891248,0.0021734852339016387,-2.3607181821169534
-11876.91741050528,0.27317203516354116,2.911253863222041
-11897.127188475994,0.9959275220307648,2.2854974828404124
-11941.712170976063,0.010600729621421183,-2.619339009794937
-11964.901191671388,0.016415078878861757,-2.62602700035731
-11964.909796289097,0.011264868207287941,-2.671718320443504
-11964.910770628718,0.015368999598197335,-2.62542544705738
-11964.930738799554,0.029741288189651605,-2.6114060773571492
-11964.942963528934,0.01034558028168375,-2.678844212269901
-11964.985205329895,0.0037500278370692975,-2.7564293852712054
-11965.116357874515,0.023863287508778266,-3.140780400185564
-11965.206708384954,0.02383190641572465,2.605317062446468
-11965.416737722517,0.22723380888404587,2.2728778850612272
-11965.354851663966,0.6556113593449495,2.1821923635262834
-11965.376286640256,0.9976062141024828,1.4914530585973482
-11967.172048532591,0.9989364035250006,2.717712919164681
-11970.9181267591,0.8341322681671618,-2.2210543144425414
-11977.731861466162,0.9003628303627738,-3.0334167767271345
-11987.172133515998,0.9808363549767494,2.725121827437272
-12011.574544479865,0.0020469499808418467,-2.6039161334787218
-12059.081046567797,0.991499582733158,2.4505178487176327
-12079.000923596548,0.8783131234103332,0.45290455346788105
-12079.001100187194,0.8736883754412894,0.4265130383199165
-12079.001920009638,0.8754782752974698,0.48480967304119726
-12078.99255540881,0.8780281362382214,0.48019887470238976
-12078.95054027459,0.8791475733021494,0.593809224854458
-12078.875140946258,0.8621135979532547,0.9037817019908267
-12078.800788852785,0.9368944042631254,0.49070922509429105
-12078.655458747873,0.9949904167557376,0.8317059187850102
-12078.525053022582,0.9989221142489587,1.7212522752943933
-12078.86400701294,0.9972564593535481,2.219699350146712
-12079.790863588785,0.9954944818130179,2.3972007697019233
-12081.618025827482,0.7103722434324462,-2.342455487458453
-12084.900914422331,0.9566470833108974,-2.8103361401372386
-12089.660885729149,0.9996324320561706,1.5780247890099401
-12102.892166268824,0.005105196943701009,-1.337717884698364
-12126.387078097772,0.005573233328182745,-2.192574018352463
-12176.893451465256,0.8771064344104409,-2.8842207600679055
-12192.220393399479,0.9939309353472254,2.316430578192703
-12192.224043823779,0.9934235107701073,2.337095214302061
-12192.228417996403,0.999735080253707,2.2295415377338212
-12192.232090096555,0.9995399218651067,2.238882813312176
-12192.243288712229,0.991081840290272,2.2933507649760427
-12192.244672036562,0.9999892768035091,2.3786955765602134
-12192.314402246642,0.9834715710964195,2.594977850044649
-12192.390844533133,0.9984110731867724,2.5109492006097485
-12192.587501051605,0.9927326788711817,2.034524506866795
-12193.006570380654,0.845991071199121,-2.391452006884215
-12193.582088056408,0.006194339311452086,-2.91424898695407
-12195.64013713371,0.00497901050528185,2.7983846707494955
-12198.454452555849,0.19958416314703886,-3.0512697304898984
-12201.62672410121,0.9967544228050303,1.569128022834816
-12215.578929859748,0.7009261810493588,1.9561509358344917
-12242.533612940433,0.9949506801625113,-2.982765582863597
-12291.718466883169,0.9892896979238247,2.3136039988780848
-12311.986402816792,0.8950483870969966,2.948118082287688
-12311.980063402263,0.8957681225883295,2.880109147547331
-12311.982210103748,0.9053535799872804,2.932731078651435
-12311.982040039675,0.9130026104472232,2.7671383241051606
-12312.004419041546,0.9034991802219192,3.088664056488227
-12312.053944478677,0.8975766854572687,2.962112564805217
-12312.115135868788,0.9287983071376128,2.7658537504852907
-12312.29864938798,0.9908808051916014,2.5092398870308594
-12312.511248685032,0.9895528263184363,2.356231663140079
-12312.932985304356,0.9858537349010347,2.7870029116840858
-12313.879224151491,0.9988867207420686,2.0220594796999407
-12315.980860515892,0.7287778249662749,-2.1234489595179213
-12318.543134649342,0.9863791602347366,-3.0692132628221467
-12326.381845171307,0.00476219269212171,-1.952151720284867
-12337.853277888917,0.004528576299746544,-1.905180816567025
-12365.106555386978,0.20751986553514892,2.03399549952894
-12402.83951665984,0.9862939717948984,2.6948572411547094
-12422.750318697794,0.9986421805554936,1.9716569058826892
-12422.751597715103,0.9986421805554936,1.9610582654362112
-12422.754362309915,0.9959843738838136,2.0015705462086366
-12422.753566555599,0.9988245342024348,2.0559020584784644
-12422.76343860168,0.9988245342024348,2.053941421426199
-12422.796159986781,0.9941707357926995,1.966178524551501
-12422.820247309362,0.9994414040265637,1.8571341774145305
-12422.94292749196,0.991158884474351,2.1271668866472133
-12423.086867621216,0.9977667165823196,2.5345746578093955
-12423.64781853307,0.9941868621423158,2.7584857408272727
-12424.850354165674,0.9958862213665376,2.603417750709152
-12426.30622126426,0.015099679514796361,-3.044346476877771
-12428.43244012994,0.9966646508277979,2.535000166680172
-12435.529498900269,0.2940083841695689,2.7990988250888105
-12446.290760270873,0.9930764470877723,2.584530359005063
-12472.885722486904,0.5488199230869893,3.0932139640398315
-12524.777124588221,0.9875812769455515,1.9722430569502318
-12546.958202377904,8.987595962738591e-05,-1.938954392336408
-12546.964036099944,0.0005133704536282638,-2.008677307686409
-12546.972673766117,0.0005133704536282638,-2.0059439561809334
-12546.980293341947,0.0005023880620615043,-2.1042676564560874
-12546.990633092195,0.0065416703984045015,-2.1091407738184578
-12547.001321324538,0.0040929943549738975,-2.1775400922326837
-12547.036623246164,0.0006339869142019446,-2.1702521377552295
-12547.152745066183,0.007556617711981507,-2.778519653442947
-12547.392838528152,0.0358279602484113,3.003280440440755
-12547.818686007928,0.2678797464052648,3.066271656971555
-12548.617691599553,0.08318533885155782,-2.419827637668867
-12549.697377580214,0.9993696019615199,1.6421131509977043
-12552.045774412289,0.05458844735250519,2.9896193939780895
-12558.16668301341,0.9936760588474816,2.7624356037005677
-12569.043396341984,0.006031437466149148,-2.1163492257436
-12585.281776182,0.0014810819713030692,-2.683406461095187
-12631.811957340937,0.7003399189076245,2.1203270558988105
-12656.735356350771,0.9964450137528942,3.0439498277019235
-12656.732523561557,0.9945079924816022,3.014826797751901
-12656.734206597528,0.9891521827097529,2.914010060740557
-12656.747546579749,0.9832244888086471,2.8976378082543963
-12656.77291876505,0.980574045774923,3.0628498366954915
-12656.831357323646,0.9869143322290025,-3.0371465938236857
-12656.899565079006,0.9592481480215521,-2.9875018815725007
-12657.075133180619,0.8852200998266799,-2.5880075100692994
-12657.262359237415,0.8124664025296057,-2.5084158703517
-12657.568467978434,0.48061257746097896,-2.29862577207855
-12658.290126516977,0.0845934395616487,-3.028178322521519
-12659.842289770337,0.7670500452136986,2.672640193745071
-12663.114951770563,0.001973721914300703,-2.8224848607016852
-12670.122012184072,0.995782997439108,2.345589674570988
-12682.393433933417,0.36024891671026893,2.276182601699145
-12703.886090756783,0.030606691209553304,-2.7937042683379434
-12755.0922045353,0.521860131576263,-2.780583758185843
-12775.083284924167,0.986735317896173,3.071669451616483
-12775.087884982293,0.991189643673732,-3.13683555048601
-12775.099657342656,0.9883734019613372,-3.118831455898746
-12775.108637584804,0.9933352416414835,-3.10753663427227
-12775.114361515938,0.9990584463637714,2.973896765381328
-12775.157758551903,0.9906671998952126,2.885903230810971
-12775.284365091347,0.967472567350588,2.6889939388869584
-12775.431698610302,0.9860061157208883,3.116225876201071
-12775.82832218685,0.9993008833390796,2.518594434874231
-12775.946995006312,0.990516153432211,1.9875118353517296
-12776.627748265673,0.9821300304972276,3.0918954150744398
-12778.749398102726,0.9946137099584038,2.24622342758858
-12781.683723573578,0.009053501149300428,-2.3203786291200603
-12789.221552090066,0.9894854943818123,3.0875349467848547
-12801.88981236785,0.001940155255227247,-1.9621132648182826
-12823.127749283361,0.19072428812696787,3.121218266185621
-12878.750080604646,0.14859281230479368,2.964711064537042
-12901.781577157546,0.27246324737191413,2.8914787502341266
-12901.784847458266,0.27492550705351065,2.929464060109888
-12901.784705487573,0.276971990423313,2.8767353229093917
-12901.806399799263,0.27793289439689206,2.808294180323548
-12901.808523845157,0.28408684407954626,2.819076908443318
-12901.842966778988,0.3233080051633643,2.690633474030795
-12901.914432300879,0.3908774521842258,2.62440970990575
-12901.999255932164,0.5449941040644912,2.4510255198660484
-12902.171037206044,0.7415280034835607,2.413669719203723
-12902.489615744535,0.8956692114306344,2.5305624561938487
-12903.537349354,0.998166371458681,3.0904067010670415
-12905.563621248653,0.9916649363198353,3.1400897401637113
-12909.350501642368,0.9983567305099281,2.2541355918411217
-12915.593316961009,0.2627525894427013,-2.190233093598387
-12929.201789494697,0.9801940948857338,2.9888901443656284
-12953.183254132544,0.04331358641712157,2.911520194313283
-12994.020749923884,0.19969602914700596,1.715775972111369
-13014.400870096506,0.2341134122832821,2.8889184629210503
-13014.39244635936,0.23543021782985615,2.848608739583682
-13014.404387119863,0.24437248792857405,2.9669311354542653
-13014.428710200968,0.24840949511491833,3.038760029181905
-13014.427574276559,0.2394587342979796,2.987052872551655
-13014.462915023683,0.23737668988180283,2.8201668532977795
-13014.504976812923,0.27579501129650463,2.5276015135805636
-13014.537107255463,0.4083174175504944,1.8771173343112437
-13014.666148011129,0.6259194905740654,2.466101889813018
-13014.999411953335,0.981994329322959,2.7427919677882677
-13016.05271907581,0.6091663226038433,-2.9301281861652066
-13017.503973659776,0.007058228525760364,-1.8958645115835044
-13021.13406957557,0.013761683769063449,-3.0916189184321157
-13027.998075483527,0.003441613760894921,-2.373892588685504
-13041.899162225085,0.9945481858081855,3.11554584878449
-13066.405399019051,0.03024144912064027,-0.9699283783088157
-13115.274459420034,0.9972361103397833,2.1371063142870828
-13137.366189333474,0.722275286856735,1.7751960089177299
-13137.364957177266,0.727868702709348,1.753725244878229
-13137.370276680616,0.725296562866116,1.8166559843903052
-13137.36977799783,0.7429423094616079,1.7855878994234882
-13137.351831781281,0.7599134512915304,1.9353661024878503
-13137.353478830368,0.80231133398446,2.100622872293541
-13137.385816726397,0.8815609561686868,2.3942659102920114
-13137.555554540904,0.9509332164692401,3.090911643281302
-13137.781408438319,0.9721189397114917,2.3627378263117667
-13138.207403879447,0.9921581335654786,2.554077908304121
-13139.274445562289,0.8230150832392018,-1.892347498621117
-13140.497386052868,0.876411950198446,2.1191219239533456
-13143.263676972263,0.013207439957779519,-2.3979763076579217
-13149.211903549045,0.752309553976673,1.5881115565235664
-13160.283836939396,0.009262364170832905,-2.4261400262275283
-13175.961203958905,0.870961875123254,-2.957254644118143
-13218.738035606228,0.9292443863595045,-2.9285774798273674
-13242.914827461307,0.01912208563700814,-2.688115372691889
-13242.915103409683,0.019967458055900573,-2.6515275171058534
-13242.926707098954,0.020207833579770258,-2.596814629756621
-13242.934840166195,0.007505766108160762,-2.5711106884718276
-13242.963858010973,0.007844010377253656,-2.521505490797939
-13242.968274280647,0.0010897040119351078,-2.5569817065733815
-13243.006462789372,0.007624298407228536,-2.460295730280315
-13243.118127193757,0.008053638333066066,-1.6555416412243087
-13243.241474255434,0.004347332990711429,-2.206854824927422
-13243.622637876686,0.010454250484551626,2.9127931311263096
-13243.550303911705,0.9933155949416989,1.7701682393931337
-13245.636059261724,0.9042779773970534,-2.318234053329395
-13246.366344312306,0.5207620300893347,2.426100265125627
-13247.304672147562,0.9995239806737153,1.9795192215552913
-13255.766508884759,0.7142246324507144,1.3639355839202194
-13280.425157794796,0.012587172317247479,-2.1907164541495883
-13329.753111960412,0.7575008951515446,1.876923710465098
-13351.64685139328,0.9922679048581958,2.444850192074865
-13351.64392976014,0.9926470677281151,2.4639912685014274
-13351.645145365279,0.9984764366773825,2.4088644219772597
-13351.639541474371,0.9987697768683588,2.3992971012663906
-13351.650424628788,0.9924685884144037,2.44186226310858
-13351.66586257923,0.9940986467433166,2.3972216393137664
-13351.701724123435,0.9921703236325216,2.7707008015805332
-13351.83918645987,0.9907290038410473,2.8303682478978676
-13352.19062933329,0.9657208957705165,-3.0012071871192805
-13352.640179853843,0.8179665361619993,-2.8800473297853375
-13353.30720235487,0.4284824362083291,-1.892391618420853
-13354.386145393433,0.7673805840219621,1.1852605253587098
-13354.98999200984,9.266380980621665e-05,-2.1602948995177105
-13360.459547772316,0.9662438133330895,2.9224301193354645
-13369.911854616754,0.9966970325261876,2.0198473839808084
-13395.033223578712,0.9790587039011674,2.8731823088589206
-13436.115607083631,0.23594607743511295,2.4474326048123753
-13458.323230934837,0.9992380839857434,2.2797691491557472
-13458.325459779802,0.9992380839857434,2.3027675687912668
-13458.337934277237,0.9992380839857434,2.2689989315994143
-13458.338104108945,0.9974974634033602,2.083742091936686
-13458.354154695211,0.9956728546598118,2.288398990651041
-13458.39267320961,0.990134319842644,2.430495606988673
-13458.463857089731,0.9992545810845074,2.8137914874114713
-13458.680618001541,0.9897977574494576,2.9358212900581613
-13458.889508605293,0.8713514184767014,-2.433532784149903
-13458.851116228041,0.3002524349961594,-2.3091884436622485
-13459.769274237464,0.024455176809517917,2.578603809584279
-13460.935681007722,0.997321574566007,2.206516544218455
-13464.429395064346,0.9988929212968674,2.5626385273433776
-13469.423298081672,0.16248440027529087,2.5139979476252012
-13481.914660220647,0.999171632382248,2.2791242015666864
-13508.187038071721,0.00296742644073504,-2.1366049388710606
-13554.006268180729,0.9922125922203986,2.6069757853317395
-13576.901342268357,0.13297287385861317,-1.8675246752106507
-13576.903479611545,0.1242264054769316,-1.8593804938258667
-13576.896193961908,0.11483758303552961,-1.8618968323914709
-13576.902464275468,0.10670131458579817,-1.9964459828197632
-13576.91006304544,0.11856089970908144,-1.910272556223138
-13576.966001475106,0.11087802797936314,-1.915519079603704
-13576.961184456699,0.014664530215568383,-2.0697453957330527
-13577.052248089482,0.007457890154875025,-2.4243489004803664
-13577.257632314111,0.00031808747243975517,-2.5464184335015076
-13577.767300567852,0.05618105114371068,-2.7854752215308145
-13578.801669418546,0.0393483403163246,2.9793293638315443
-13580.49890013511,0.6222102303437808,2.9547191957882752
-13583.36732745599,0.0023125309612760866,-2.3405356337254535
-13590.939706940257,0.4624542647743848,-2.449905500146576
-13604.590943532758,0.9525996216577413,3.0132484677658216
-13625.049211862555,0.08146264129653018,3.1234540983821226
-13676.659777029417,0.9136554019451034,2.749190247399641
-13698.178757328014,0.3785058473806353,2.2526801646681562
-13698.179390537985,0.38360257891255084,2.2508470971714143
-13698.17709336065,0.38505557333736384,2.2743346128430835
-13698.176454160575,0.38887488382561447,2.214003495721406
-13698.17602047223,0.40401920497223714,2.114840564914452
-13698.18833640498,0.4398136173914526,2.033329539970138
-13698.163183669374,0.5344059914033511,1.802849696051
-13698.119306809385,0.6725749745029526,1.8266720319177479
-13698.240477035926,0.913977840894916,2.2407513747194354
-13698.764629957112,0.8954184119961914,-2.6479171179181313
-13699.31111068656,0.055881484833792676,-2.723743451208352
-13700.99606690785,0.513562250070736,2.22286515358644
-13703.57478175625,0.9994762278061492,1.5043066530455675
-13708.818188649793,0.32965714992891554,2.4008228757533026
-13712.294997850637,0.9576530387453704,2.452523634062823
-13737.115162195276,0.7249153457047338,-2.788786868607449
-13790.910822298936,0.001941126936099577,-1.7747851227398388
-13809.816886862836,0.0010940815953697292,-2.1190610808092383
-13809.82560304416,0.0010940815953697292,-2.1318584706728156
-13809.841606301281,0.0010940815953697292,-2.0381424271399555
-13809.840286847395,0.0026601540351189838,-2.1469540112247136
-13809.86241327595,0.006812009694600401,-2.0665492983219886
-13809.879387803083,0.0019000728857270475,-1.7664551924982828
-13809.93569168595,0.005340974244244617,-1.9958939532436726
-13809.913806322818,0.0022771633885120346,-1.8208265707250486
-13809.964715562623,0.003702917440417717,-2.2742098280285816
-13810.423634564288,0.003231409081963542,-2.2576097993924304
-13811.400162003105,0.00031248767170941294,-2.7238064921584164
-13813.575163601361,0.022410156238369693,3.10507908317037
-13816.699852593152,0.3733219486178467,-1.9181388625670381
-13822.972841575454,0.5471058143064713,1.769204938613564
-13835.0031376819,0.982354570919656,0.836866739570258
-13856.100378486733,0.06948791135171992,2.645665546310795
-13904.633902289257,0.6200024458732817,2.2339401141880657
-13927.488892744825,0.3759442874388388,2.7254912067461934
-13927.487418464518,0.3788002722111007,2.6894034246217657
-13927.491119651811,0.3757240306834439,2.664427127501261
-13927.49565569754,0.3836702522305064,2.6321639767010048
-13927.507478844782,0.40456922920805816,2.8642838880902914
-13927.54999122557,0.3899107175649516,3.089153276422259
-13927.623517739596,0.3671577807622341,2.8045924644016473
-13927.762689346926,0.4226726148363148,2.8510161840995822
-13927.985485183033,0.4282076162291501,-3.059818711443537
-13928.290799640652,0.2846589972150748,3.0196720551982175
-13929.282298925882,0.1014689205897175,2.8484389339833687
-13930.404508928457,0.9942214981778553,2.4173867498495714
-13933.500577100476,0.6627304676317473,-3.0819043430165607
-13941.222913483361,0.004576612981722071,-2.8277488098309087
-13954.144261559753,0.998798441354191,2.755467796810393
-13978.249023100674,0.990242798868968,2.0195910846792398
-14029.685540109791,0.15063833615897335,2.420536996611858
-14051.884051080948,0.9247226942816198,-2.6869456142872568
-14051.88595081376,0.9234376123757485,-2.6583076976010047
-14051.895676928018,0.917340110421672,-2.6444270313700153
-14051.905925592526,0.9053950822714194,-2.6427256669552124
-14051.911303135552,0.9191102155531656,-2.613984472665103
-14051.944101980705,0.9116145170132897,-2.849509057534736
-14052.035516902351,0.8759240202370934,-2.598924570051184
-14052.197494512135,0.8349175703236557,-3.0501482428425457
-14052.41363788229,0.6124073614425822,-2.1100842645011375
-14052.664670825245,0.20744822555990752,-2.1253949902719103
-14053.705726830342,0.00185398305566317,-2.623710077790007
-14055.772369550772,0.14045234145144567,-2.70860204826936
-14059.112091288533,0.994512635518738,2.337331284185338
-14066.05536336946,0.47453610034771876,3.111315889984268
-14079.148935613464,0.28677696664907143,-1.9277881761585438
-14102.667616178549,0.52877344629832,-2.0552482481253533
-14149.691377810457,0.996909285491219,2.4175836307934873
-14164.262936842386,0.857933119330414,2.4495124222921847
-14164.263777019783,0.852180847943576,2.3679880657084524
-14164.267420739781,0.8594746946111881,2.4461708005920553
-14164.270211356587,0.8688093216895479,2.523036096731853
-14164.282168391434,0.8891582640608205,2.5123038577886447
-14164.314572987927,0.9375234217663703,2.4151529260149704
-14164.377467056274,0.9766874670058686,2.6090016160144227
-14164.464593786084,0.9917958682742812,2.601532047444575
-14164.698705444518,0.9918771661346903,2.8704846335970746
-14165.095955328956,0.747212400932185,-2.443670100001577
-14165.838366136124,0.5190214736146873,2.0503577582691204
-14167.276655175883,0.7386420107659021,-2.695816581792849
-14170.589634599482,0.014852788960548159,-2.782355561748929
-14176.380096760095,0.0007403347565328399,-1.33089400819127
-14186.271418590719,0.014136330524284643,-2.4463633451247007
-14212.734369560998,0.9855152809442874,-2.9935576257569805
-14264.75722336798,0.03469783141792306,-3.1161300785535526
-14286.00817221493,0.7523062507127971,1.4023979032036387
-14286.006114598691,0.7511471781038155,1.3543787980155768
-14286.014417622308,0.7386880005288204,1.3143580999497297
-14286.01017157856,0.7563258021839473,1.2744189366796688
-14285.989088648163,0.7739000673275976,1.302663485862893
-14285.981381261165,0.8518949959827561,1.1642732227872257
-14285.879271851894,0.8694520077261045,0.738275489580364
-14285.754142447971,0.995480134728461,1.3824225276761863
-14285.802435146481,0.9981103931247873,2.2716978792553544
-14286.392428496089,0.997853649921053,2.807991531401975
-14287.454552483718,0.8699277249832383,-2.9477443053826216
-14288.648842736497,0.0035429468722487046,-2.5350743445551656
-14292.17049110136,0.09128109348151993,-2.17794246126404
-14298.729601663046,0.17247783941968553,2.2623657636835546
-14312.763950708808,0.8333263370770266,-2.9811861552005294
-14339.642673514541,0.4103692563847023,-2.8849493475364545
-14388.946105081443,0.4194289375211935,-2.2092332056148565
