x,y,theta
-0.01043677634624602,0.31944159821268886,-0.793056145295854
-0.008612194362713068,0.3220437715672391,-0.8278149486249937
-0.01991953054869918,0.3131458077238936,-0.8398223781745906
-0.006682757241086376,0.3093099352601043,-0.7914178114027473
0.010173406486632256,0.30941315718977624,-0.9445303981950621
0.03269356723197156,0.31758621540029847,-0.6136522006703631
0.11991984752605832,0.26650622315744876,-0.8265834938693009
0.29325740030610115,0.14717351389527436,-0.8143603003878663
0.41657971397199056,0.0022899386871442304,-1.3561876374089152
0.1487341073535377,7.870668702159066e-06,-2.4492257241247843
-0.46222610759097793,0.5570837170990083,1.1032750364533328
-0.9719935563772891,0.9945759449266519,2.1171737051460626
-4.4078736910934735,0.007267898931000009,-2.6636230064149857
-10.219554720235903,0.9918800416850916,2.573051269173506
-22.464099653936028,0.9996770152106561,2.206329014305659
-47.93336786838769,0.00988018249925283,-0.2323681361682275
-101.84424497350082,0.9811218639563364,2.2614512099258945
-115.15657382792453,0.0040839012241175076,-2.0501632777508014
-115.16172939050554,0.006964760847825419,-2.1518267873178094
-115.15719677315921,0.0016755640165761563,-2.132483085111805
-115.16634266360587,0.0007652611873482462,-2.0304770266735663
-115.18419607026556,0.0007652611873482462,-2.14247890992541
-115.20883065769767,0.012094633279564787,-1.9725484798131863
-115.30229833400108,0.01882190884602703,-2.1640734837678437
-115.44148468149179,0.011986162577148152,-2.3325377642247154
-115.63826139800919,0.002847901277600296,-2.2226407259017735
-115.82269135684066,0.0017438720090229226,-1.919662763846382
-116.83972722439002,0.017207805207136856,-2.955773878094925
-118.89010254126924,0.009798385846976308,-2.9335923369516044
-120.69390118868957,0.31833457277546834,-3.0259547510110654
-128.65798463433558,0.965531990991775,2.6274971386946397
-143.34651547849688,0.9906634774328049,2.3857433769292307
-170.60207849025343,0.0007721357710759055,-2.762027226241628
-222.02572055563215,0.9908892154782357,3.1323038359796325
-241.7704019180133,0.0014267262996597758,-1.8502562690567284
-241.77311759182894,0.0014267262996597758,-1.782234863037743
-241.77608711788238,0.0014267262996597758,-1.8240155131527453
-241.7799077603032,0.006270777945228274,-1.9687029500738598
-241.78269714245687,0.01135667110269311,-1.9555540229723771
-241.79272118752974,0.004921100159563862,-2.2433607513082197
-241.86845446350017,0.00907516773412395,-2.7887842475213787
-242.04394790263296,0.008647629091790052,3.071780113736102
-242.27055969963124,0.011262966964233938,-2.7079039427379357
-242.80714865409692,0.0073845507386604975,-2.6673723616586202
-243.52312605329465,0.6144356250362046,0.9658778686750722
-242.35846453971135,0.9745207449060362,2.742003644299274
-244.67922197335676,0.8190472249079686,1.563186927663855
-251.8229011004128,0.331382901538109,-2.8156554937958043
-264.33773024284835,0.0745082678912324,-2.651624373145233
-291.7172075317398,0.9924110522014506,2.69358705251698
-337.62752840833343,0.7523512261320106,2.1072240525709063
-357.36559198342786,0.24356894732170573,-2.354513301140967
-357.3585763375939,0.24279971665142508,-2.367473939450106
-357.36752067443246,0.2363646786897719,-2.30156067595083
-357.38910757378943,0.22927663575077908,-2.331547177118217
-357.38075171001515,0.21045829978298272,-2.342473000581741
-357.3845597723591,0.1775735613010346,-2.540134116943363
-357.42133883873544,0.08435682189701481,-2.6643513426844336
-357.51660552870123,0.0005482943602750508,-2.2118787398364232
-357.68946812375293,0.004090939796977277,-2.2948011878369146
-358.2284793768203,0.018218823363698247,2.967321871382337
-358.85386258810905,0.4926335136292115,1.820606962387389
-359.9909736459468,0.23771650449294812,-2.3045179110138103
-362.7995091091156,0.9791790144392454,2.8908811328865145
-370.3008781821961,0.002665029259290973,-2.2912717866956824
-382.57154872766705,0.9805613232517438,2.4557170407555633
-409.4659275039775,0.9972934514856477,2.1770572308443032
-459.5422499040008,0.5508791573831736,2.6417203763334403
-480.0970040170025,0.9991317070595327,2.394402968629281
-480.0998069688185,0.9991317070595327,2.38705040638224
-480.10878094229713,0.99341437635635,2.281327612395952
-480.12434317793605,0.99848749193196,2.2814597583881486
-480.14162585497354,0.9951519004479884,2.4570203125043353
-480.1798506447185,0.9991473805071728,2.480807921006866
-480.2978526012186,0.9986264630152344,2.848883418111644
-480.4594520828236,0.9869703784841298,2.6849748919610246
-480.7016233514015,0.9963592735326863,2.406571118383874
-481.282553997474,0.9971921793905245,2.6986854912588694
-481.7960435541104,0.9954539077154395,1.820170253026519
-483.88542410341137,0.995863045878711,2.3145516468330474
-487.71020584466197,0.9874290624730938,2.6266687539469125
-495.3025227767435,0.003964856876700418,-2.5543664913874764
-507.3192337080074,0.4891224175729831,-1.9519914202948603
-533.5482210903456,0.7020505131784469,1.5927077514125134
-579.2681151477831,0.9959217402905148,0.31564856713893663
-600.6355471139905,0.008724857169274156,-2.3239862695996245
-600.6307930896422,0.006999495493945563,-2.331706437452671
-600.6348132919719,0.0020396567222282684,-2.2559790503555357
-600.6354605155566,0.0055800360316144,-2.23837937024819
-600.6534515124107,0.009730312825360018,-2.2051744377962095
-600.6821079325982,0.003370889955640077,-2.121662474651123
-600.6881935232955,0.001385103829095351,-2.0906189756239626
-600.721221765425,0.0036611503924971443,-2.2860091945377685
-600.9844235672767,0.032545378800294435,3.051783489043964
-601.6296246727164,0.08608638405784683,2.9700418365998082
-602.7968808031947,0.021318933908285237,-3.0717915503244426
-605.2764455054984,0.12029199208856442,2.9084566083778665
-607.9351040286103,0.6933137792703435,-1.7290570666885166
-610.6574103103666,0.0015718993663945665,-1.7439521955303212
-623.0976616426093,0.007587823381656089,2.947771873000174
-647.1174780411699,0.9932823949181203,2.635816774895437
-694.6586982143747,0.05960907230730917,-2.7983371828390537
-720.3190911179117,0.015305350999831921,-2.5944494710335158
-720.3206329943594,0.013481000670751295,-2.534374356692562
-720.327490533228,0.000725935306804675,-2.453549399043695
-720.3397373886983,0.0068142743491229965,-2.4537975649409947
-720.3507976269187,0.01427433658220366,-2.435797624227021
-720.358475205515,0.0010457483033730313,-2.6753418267424967
-720.4191233117666,0.035735972414685443,3.1205721862652336
-720.5445091832422,0.06932170948153672,-3.1415882255808283
-720.7852546748682,0.008222156974911793,2.9285422022107914
-721.4759667154859,0.007430728701031125,-2.775217725226462
-722.734663701698,0.015437011783213871,-2.9142793031964644
-724.7286594565371,0.0044134402260014235,-2.4323668626238275
-728.3813624296346,0.9168446930217561,2.9081945305214862
-734.4786286946354,0.36813730057348765,2.8597255518489577
-747.2298167477932,0.0008721410046985292,-1.7572196301986416
-771.3497197018194,0.013243514109675322,-2.2109004613759162
-819.5412188867585,0.9985845012190986,1.6037216291419512
-839.0105189682466,0.0031001071813131246,-2.2993404642289303
-839.0115415138117,0.0031001071813131246,-2.235565381301306
-839.0222128201802,2.1676080093605563e-05,-2.2756801830425277
-839.0283530874741,0.005766401967655084,-2.1931610740983714
-839.0252518968632,0.0032502988603779247,-2.2786625261084166
-839.0587738042946,0.0045799820472679185,-2.330977058882461
-839.1072513906265,0.002323853010855351,-2.3909633797095866
-839.245869551114,0.0013168351853879473,-2.366904782892353
-839.4659202934222,0.004521885432561561,-2.9408964342171844
-840.1322944565013,0.004166336810132646,-2.406574631571938
-841.2687950956652,0.05994110844351717,2.8063169155258256
-843.3681641963616,0.40594853226334465,1.8048033803350334
-846.1421566716449,0.6730392805923924,-2.2804204289898204
-852.4965804796437,0.0022315666360228194,-1.9776876993982204
-863.4634084360001,0.6189196305380605,-1.5140779931363226
-883.9853874539467,0.9814469874805319,2.963183519566935
-931.9716108445414,0.22363312278754624,-3.0510053220535904
-952.9705725825269,0.0013943229553054514,-2.0958521136614507
-952.9677687077955,0.00569114218223462,-2.1343369544374657
-952.973589885911,0.015604343057773532,-2.144607783694605
-952.9697630776295,0.009240848396887259,-2.148366090229074
-952.9870349196277,0.009870941683796932,-2.2937392641092247
-952.9857504248117,0.0010907908119672412,-2.430172350912777
-953.0273389425109,0.0027322055064252534,-2.237169943590306
-953.1169079525964,0.01675836563219585,-3.031227367865671
-953.4062845286579,0.12351511378767134,2.687680972250355
-953.5605352366938,0.44158645539729174,1.8879419333786283
-954.128917073416,0.8910610209897132,-2.7519771800744772
-955.4881127448358,0.0031200390724659896,-2.1415387535156505
-959.5421848087294,0.0019788120040056673,-2.2782583968332077
-964.9104289408269,0.04886217619755671,-2.65503262245799
-976.2244964688012,0.0007658815071343809,-1.6978858910782488
-998.0086886491622,0.10674970009476954,2.77258808356825
-1049.9930941060688,0.0015112263949017424,-1.9610597719797211
-1071.5802676917265,0.8925140981993822,-3.0817583575293668
-1071.5784936051225,0.90243555386376,-2.999864408043227
-1071.5789093455382,0.8988547780489172,-3.090442005143585
-1071.5893026715873,0.8999485905527762,-3.1202810230631255
-1071.5981317848982,0.9247578784463297,3.0016121906273527
-1071.6152708303275,0.9330355364197328,2.780568397322604
-1071.6698443738487,0.986095187676844,-3.1049571193711936
-1071.8368153530055,0.9987595410321647,3.115619026639049
-1072.15767355963,0.9234885770996263,3.0390956263308606
-1072.7224583491948,0.8027318327606879,-2.4489421510205185
-1073.1933591545094,0.010126548700931038,-2.262291411031852
-1075.2033263543192,0.011423196453510157,-2.3356545702466134
-1078.519140984769,0.9087706901291035,2.65762717646383
-1084.093930797105,0.9890668946983122,1.682209232873645
-1093.107049905207,0.9786122020469461,2.2291516395319597
-1121.72871832615,0.9876300814580157,2.8583971298307915
-1165.906137104268,0.6473336011917196,-3.083661363613973
-1190.408613094289,0.0009863172833109936,-2.8093289646188313
-1190.4172299741215,0.0011908043487810559,-2.8110487526365513
-1190.421928392493,0.0011908043487810559,-2.807315219362867
-1190.4345156480122,0.0021316922370315395,-2.938702518399509
-1190.4486087455298,0.006642544942210765,-2.869052892633725
-1190.480405102974,0.007100012720179738,-2.5540095064775272
-1190.5330267067343,0.002202023912382398,-2.3189119334668757
-1190.5856887435295,0.0013955274000568279,-1.7866037749087447
-1190.7583123302031,0.0009512116820463877,-2.7792859157859007
-1191.039289264406,0.004397860753216276,-2.0255244418173612
-1192.0253304203748,0.00099891955278983,-2.3601227736417525
-1193.3858464660987,0.002887261200488921,-1.7687653173988043
-1196.9423467150843,0.020323585653259646,-2.6872306700932964
-1202.686377155365,0.005395454780228525,-2.832327119630345
-1215.5204895254778,0.768125086705603,1.796131130078237
-1236.5204045010973,0.7976177127647041,2.388482335528469
-1287.4618920387895,0.9998894484489467,2.540581028071789
-1308.6444699837464,0.002342366994134629,-2.926853780302753
-1308.6488737943853,0.002342366994134629,-2.87450451899445
-1308.6587679534732,0.004045560864283603,-2.8851836099932777
-1308.6630603119281,0.007460626594092835,-2.8406557183774224
-1308.6783060195896,0.002477985496722913,-2.8959439249780963
-1308.6995543887135,0.05392244137473839,-3.000182706063737
-1308.8408491719867,0.01974566390773525,-3.114777930434296
-1309.0326861420565,0.050841796516810235,2.667866813413019
-1309.0951327376347,0.27937390770050097,1.9433132338311943
-1308.6546938150964,0.9926740887539339,1.1018138637876786
-1309.0719973680764,0.9610008256708811,-2.852955711320079
-1310.620612622409,0.1267450830221986,2.593194226669568
-1314.23257160221,0.7089898162503276,-2.635174338579753
-1320.2152782699136,0.9999598931463421,2.868327180223212
-1327.7117178577776,0.4349239465557382,2.648297211813004
-1352.0407478640132,0.6309966446774624,2.0098895821209206
-1394.8027213900616,0.014842416242070663,-1.002406036675529
-1411.2719374409014,0.0007906025087422747,-2.365624436695976
-1411.2747557808889,0.0007906025087422747,-2.402407088420779
-1411.2694835527525,0.0013666563746123634,-2.4290682426437433
-1411.2904419758215,0.003048795812346239,-2.4130009819354727
-1411.2826550535813,0.0011023197065524555,-2.35506888468098
-1411.2911735307705,0.014155325052677817,-2.1605875323624635
-1411.3504734070398,0.002622897992639588,-2.2316672610594006
-1411.460542470149,0.0038470449268026077,-2.0303821834548064
-1411.6237012276172,0.002419039533330329,-2.9677107592192273
-1412.1000833067312,0.012454824755189036,-2.9036913845576455
-1413.0346494643875,0.0035607398671355524,-1.7206165892364864
-1414.413022411361,0.9990918394744158,2.2571335451894923
-1417.9512895143907,0.9946349765390695,2.41255295641039
-1425.7645562959913,0.9857473451610965,3.0491815274844924
-1439.4282610388093,0.9775651196804666,2.502353648191872
-1464.0696755028343,0.31284709237364555,-2.9911182171767026
-1513.7750890056661,0.9952050873169838,2.5651312744554744
-1531.9116472932906,0.04182921631518941,-2.780509313548548
-1531.912715628416,0.035518344819610595,-2.7207336115420775
-1531.9160054556282,0.044411915246255707,-2.7384777245382432
-1531.92086890398,0.03411782609990005,-2.6612648945531143
-1531.93174432017,0.03996951388184047,-2.694754251594044
-1531.9588057352673,0.009409130122610394,-2.9606643324798703
-1532.0334694649496,0.006169527277410608,-2.9097201377115005
-1532.1377810959696,0.006223972274129621,-2.537740293640344
-1532.3954314893392,0.012382266413872568,-2.660370270403404
-1532.9322701680999,0.24190228009053094,2.836845062536674
-1533.4651077969156,0.4740764228826166,-1.9004431118522016
-1535.187415854689,0.4646399193205432,2.6480660247002064
-1537.9831684411258,0.0022957449694391728,-1.9658411037099814
-1544.9264887808756,0.9999359515763736,2.201976587688997
-1557.6102435910084,0.9597101077657324,2.94407023139836
-1571.0675675125594,0.0018105540163044973,-2.597183154578377
-1625.6684562996168,0.9998334566960416,2.6115953261608276
-1645.7907917941752,0.6249649890605224,-2.565221873241284
-1645.7923258181777,0.6254489937086992,-2.557695701046839
-1645.7883080997078,0.6282247374786065,-2.511413846285756
-1645.8024090740857,0.6088669267257042,-2.5153443557490407
-1645.798985479023,0.5812746215382456,-2.4701286903688344
-1645.8097460168117,0.5643575328268765,-2.2586791757471705
-1645.8343116720641,0.528531761402805,-2.394153144699994
-1645.9102161127962,0.4163190412480701,-2.901097053442605
-1646.1155458354363,0.38951953150031865,-2.7848343896436556
-1646.4276662489688,0.4898633948720414,2.6856696910605375
-1647.1337861526981,0.19895493387523513,-2.53541266466655
-1648.8302652673287,0.19687112749597482,-2.9697024330850565
-1652.3368648384376,0.4381331068416886,-1.6004887212621366
-1657.664968236726,0.9949036279628554,2.0490236715138543
-1671.2956389784647,0.0023378730713377836,-2.0791336361830512
-1694.817863047245,0.9995519723486644,2.3970394713730556
-1741.291449212281,0.49343340140194497,2.0391834680878356
-1759.7159993865205,0.8087382827449447,-2.8296373907809835
-1759.723946764097,0.8036283659342691,-2.863130688832269
-1759.734142944708,0.7961284974242617,-2.851286708575356
-1759.7410775557958,0.793251772751469,-2.869588996048912
-1759.7634001048295,0.7776639678777285,-2.6936321173754636
-1759.815920357744,0.7523828540916732,-2.4944909949056076
-1759.856261353292,0.6695559442561494,-2.3384705018151086
-1759.9284757784517,0.5460099395411359,-2.7582356822648904
-1760.0534709549513,0.4964092669525753,-2.9448191418804965
-1760.405995479394,0.5956583511552312,2.9208711870151216
-1761.4198197977285,0.9854236188705722,-3.0760084916378414
-1763.1503695995877,0.9909498364472192,2.458358395521623
-1766.6964793297766,0.1844569465828107,-2.9953878311316418
-1773.1476992412242,0.008781097358186959,-2.811599899012584
-1785.225206116296,0.9884767201624737,3.089759298493684
-1813.0996856667543,0.016631670578080245,-2.351659527804285
-1864.7171446289678,0.9989345440532635,2.781594684721676
-1885.1500528226143,0.0056700173978923305,-1.778741852685264
-1885.146603440913,0.003460135702875711,-1.8138366647807367
-1885.1496835412559,0.003460135702875711,-1.8460398489499104
-1885.1731415707563,0.0032808840001976084,-1.7382155045566254
-1885.1884812595954,0.0021851659492039405,-1.7291986249677804
-1885.1949464382096,0.0009309150522822116,-1.8652082233427498
-1885.1950155287586,0.009477543620847146,-1.8113740334200379
-1885.2199361492617,0.0007280149471931452,-1.9943035678525252
-1885.3650803300757,0.006396277330255608,-1.9343446762765077
-1885.6354137393137,0.0003642230804671255,-1.7093990005386273
-1886.4924134772543,0.004735566438285496,-2.331385260703605
-1887.9243619199924,0.684871605693882,-2.192857607273647
-1889.2075857686064,0.9714308208880184,1.9871729539158105
-1896.5564820567415,0.29889704423442126,2.027157460685574
-1908.9130450513026,0.2791276636094123,1.305038906588286
-1930.7276073234939,0.022985937642001325,-2.5800469980262593
-1982.5517278592658,0.9703864295882282,2.695549164610675
-2004.7977339117815,0.006826503920915601,-1.7225104444424422
-2004.8062864898423,0.006826503920915601,-1.7267353891948392
-2004.8152500091937,0.012860031588672695,-1.8878985329783913
-2004.8144462651076,0.015763730375481618,-1.8807113563736675
-2004.8080909837117,0.011714365572365847,-1.774870629862867
-2004.8168763987017,0.003622672791152486,-1.804000657658428
-2004.8197416365483,0.0006252270593628529,-1.8598521324767106
-2004.8461093924209,0.0051461381914531205,-2.257463463373326
-2005.0977376923752,0.0032034201665684784,-2.778780136858528
-2005.78850516081,0.072828607568414,2.6325032465857934
-2006.2907147956762,0.9990331053017507,2.513955207609756
-2008.3742376043929,0.9704272461786767,3.0064458935447647
-2011.7371131935238,0.9478979620360097,-3.0828540363840737
-2017.7469262420773,0.06964805658629705,-2.6914627361677383
-2030.984880249027,0.004316505000631111,-2.409912335956061
-2058.417750226903,0.9305973943050402,-2.874489841175334
-2108.3477860702765,0.5361212864144264,2.9199514700493943
-2125.8590124148454,0.9778265264364593,2.533403467666343
-2125.865109440642,0.9747453171276943,2.4731529592253008
-2125.882185228812,0.9773194515632238,2.4697815730630355
-2125.88576709507,0.9775143124994226,2.515017629350707
-2125.8977940982686,0.9760674517235748,2.637747019988103
-2125.9242731359063,0.9867315562649013,2.7397264944784006
-2125.9397521117257,0.9987606292823276,2.7539091338324013
-2126.124301336312,0.971938762318736,-2.7758091688377213
-2126.378695927693,0.8892030547788439,-3.07140506588582
-2126.6135537424448,0.5325030794496455,-1.9628047575697114
-2127.538705451245,0.046612611958630354,2.982318888066933
-2129.185501995158,0.49151812717492305,2.756993909691518
-2132.3602961911274,0.9414703199536079,3.086286704125408
-2137.4310169340815,0.00828403953964166,-2.3850460310238213
-2148.0951990572335,0.012803414978885102,-2.676216798073786
-2171.920280769558,0.9928748316455254,2.4340484739215205
-2211.156816142342,0.004560403546524204,-2.661060338104665
-2231.578868248663,0.6745585575469271,-2.1498963563365003
-2231.5724972864346,0.6706484498715974,-2.0986511578224527
-2231.574948227835,0.6753679044663283,-2.063787255633388
-2231.5790394705323,0.6714978882654243,-2.0337355971260873
-2231.5762852157623,0.6438045455655309,-2.087913318605932
-2231.5684605691436,0.6132989386327083,-2.0147178642915957
-2231.5879121843486,0.5006733387654543,-1.9413325103441526
-2231.5936040204447,0.3027017785904985,-1.9521921233725217
-2231.6407643800753,0.10292177604123297,-1.4743502742361216
-2232.026402733497,0.0008071811140355671,-2.234846616102143
-2232.970116989216,0.009803325543541597,-2.6699317986862834
-2235.0002914220386,0.02417638165611827,-2.5199407848848256
-2237.445674751902,0.9834554093585169,2.608667005993464
-2243.8089744045415,0.004099567897856682,-2.191896618652875
-2255.290715391264,0.03430934760266295,-2.7128559038828572
-2279.3117900174925,0.13801593609582682,2.7457082754194584
-2326.9014183788836,0.9568248845859251,2.277309689799548
-2350.1293841292154,0.6831334234099005,-2.7852039038813667
-2350.1290303973237,0.6790519243145565,-2.734524151921736
-2350.133592963224,0.677635329260388,-2.738405243830822
-2350.140229881597,0.6863685288099979,-2.7730430586050927
-2350.1438254756804,0.6777904258667122,-2.611851913666472
-2350.176872564302,0.6636852053685847,-2.624893762410231
-2350.1802241466553,0.614496468040393,-2.690312650441561
-2350.27891029163,0.5859092683137337,-2.8872428871464857
-2350.420712141874,0.4537190828652915,-2.571091781968056
-2350.7156573921775,0.1800532580608704,2.7088143184432045
-2351.2196418489143,0.8446128170701486,1.424199089755331
-2351.743383989443,0.9904944715176517,3.117844731113255
-2355.6974997602388,0.9995086487361626,1.6445804324458102
-2362.517707979831,0.09416777646360351,-1.6453918744896507
-2376.460360944904,0.4553284058465608,2.838481638874793
-2401.0696120558323,0.9975627403359696,1.616331965067027
-2449.167333079321,0.10561188718764064,-2.8233105890819474
-2471.8798063222607,0.9829900910251187,2.9424246698189114
-2471.889826620456,0.9855688496077754,3.0321687224198417
-2471.8985995631274,0.9888771117313195,2.9559410105817516
-2471.9111497817325,0.9927869808210814,3.0810614156772287
-2471.9313324755803,0.9920233142636625,3.136787548290913
-2471.980757766351,0.9810396988282859,3.042325643042423
-2472.0636813039523,0.9621385387685049,2.919665920947166
-2472.20901841926,0.9291867720851957,-2.8987626394552914
-2472.453575778907,0.8139573854200642,-2.1422036590534597
-2472.1034787427825,0.27082923266062975,-0.7270714061812411
-2472.153196518345,0.0012661626003251144,-2.1017757711977345
-2473.1819777573905,0.007357974777870016,-2.5951823099017126
-2476.009065691471,0.4366507976091083,-1.9572181761790193
-2482.5978060753837,0.004196205136746685,2.6446338139408248
-2493.836670116705,0.018522029138537406,-3.13496135998699
-2517.5033050722154,0.9879722856187402,2.6318603501792435
-2563.204162209234,0.9705416164209602,-2.635188093593038
-2586.6273948511757,0.002045978150376574,-2.7667092209587643
-2586.635859671638,0.00017889905058651886,-2.778048635744357
-2586.634215781342,0.005232543726477821,-2.799412465307736
-2586.640085604983,0.0024713147804675747,-2.7964983301881694
-2586.651867495386,0.012448807898929132,-2.651261462399222
-2586.657174444278,0.012726993171082985,-2.4782630645046178
-2586.7096332315036,0.002687300994319736,-2.325077721826894
-2586.8181387592817,0.004729387919030322,-2.223737885795147
-2587.142076655848,0.0040077463623506854,-3.0882527535206097
-2587.6331722324035,0.16231220054463474,3.134824300140046
-2588.648570242414,0.010522639519689063,-2.510147721074264
-2590.2408893521215,0.5007406779030562,1.0412101284495545
-2593.306311197366,0.452962552457426,2.8793008615204165
-2600.8304067615886,0.004180420846990009,-2.6965217396300165
-2612.1091010737387,0.9999158412846864,1.793248907736439
-2636.631482159873,0.956767709556763,2.7845104593049887
-2685.000987985797,0.24935898413704957,3.053015824341202
-2707.944688672034,0.7323924487599639,1.0354225354070064
-2707.9486855715045,0.7407024257038182,0.993108837575372
-2707.9454437529384,0.7415640664879276,0.8835809452357228
-2707.9426555350715,0.7253153323463276,0.8024182449811512
-2707.9252272682074,0.7394077339597125,0.7147287144865642
-2707.898398837143,0.7952218793101331,0.818386877930966
-2707.8301292887145,0.8554417961101186,1.048932921044111
-2707.7002733375066,0.9985847957040092,0.9552138723839549
-2707.426317428965,0.9982885322067011,0.8639027846723115
-2707.381968450831,0.9998021232711697,2.070560039141517
-2708.59039633125,0.9998910901100883,2.620931366685072
-2709.7500899389242,0.02905608553397161,-3.088711818580034
-2713.0190888930974,0.9731403706852766,2.561905254319857
-2719.125658752242,0.08064514761386034,-2.87409704742598
-2728.4627603335803,0.996077367867045,3.0230579697840305
-2749.023267666735,0.04258254725215717,-3.0850272827083014
-2787.187224347077,0.273141996688251,-3.039117898697667
-2807.241476322919,0.6698574768826511,2.4354521579421267
-2807.2452987372435,0.6752682262410025,2.440417291120747
-2807.24443246086,0.6733454283015119,2.3213386837883165
-2807.2504075786937,0.6806320586670258,2.286724695516174
-2807.2569669594127,0.6904173460132268,2.2990320458856637
-2807.2623418213666,0.7003019482767547,2.6705497251995984
-2807.3132754705807,0.7298399814297591,2.732649212493339
-2807.4299704029795,0.8343378203198325,2.580433920600993
-2807.6417121037966,0.9246421142407703,2.111212650062111
-2808.149878433114,0.9603154101572527,2.980509252312597
-2809.1245304251233,0.996409200424914,2.336226676173064
-2811.571399356305,0.911283497660977,-2.5611215622320374
-2814.5914965565107,0.019887286436164178,-2.7734391619520866
-2819.5006425993665,0.9988145208163344,0.8286464862947938
-2832.7444674654157,0.3746892990877213,3.0743754871565834
-2858.120581141918,0.1809140345390737,2.9546662902952665
-2899.0793452084185,0.6634550847198738,-2.8400796989407104
-2920.353808414144,0.8694711509989762,-2.728179973038614
-2920.3603668877445,0.8621012446521179,-2.736933167039511
-2920.3537486588357,0.8620274966164203,-2.6415603236029455
-2920.361377572521,0.8595782704977606,-2.7324551229859675
-2920.3605346958807,0.8411509968543166,-2.8264898917145262
-2920.39546199839,0.8452964844604275,-2.527866425325187
-2920.506862752079,0.8339600551382087,-2.650210552629776
-2920.5338355545614,0.7993230461898879,-2.472959602362503
-2920.641972715907,0.5282934458448444,-2.271387286024639
-2920.7966608293223,0.07287133885134409,2.968163201658772
-2921.6387867178264,0.0010834948899225956,-2.343669921659004
-2922.7433109516132,0.9996889382111899,2.6772592516589704
-2925.362966995015,0.93516076337657,1.7460824313703176
-2930.6437874646895,0.0019140861046465616,-1.7024245405922604
-2944.4287744631715,0.8557653116995105,2.2684014421398473
-2962.927421248603,0.4753551758804483,1.690561285804134
-3010.8385038245615,0.021425554156062523,-2.58015524562356
-3030.4491372153025,0.018308368523103188,-2.344083343647983
-3030.4510051883835,0.01440609200720131,-2.324300131413008
-3030.4626727738414,0.019997253310183236,-2.382088892181037
-3030.4790852062247,0.005432903470643653,-2.4656037553760557
-3030.514463549029,0.004384353905236925,-2.288555896348723
-3030.5642135418784,0.00030911145013305587,-2.1433376599347
-3030.606200813446,0.0007867808749324782,-2.2471560997762046
-3030.676571793851,0.005235485640760164,-2.5925707971325993
-3030.941692190367,0.0037004081182175352,-2.0077708387762274
-3030.9415390656723,0.0021567784576820076,-0.9913184571465372
-3031.263061756338,0.0034150506912365604,-2.4798373435238794
-3033.0258213894526,0.9943055712406623,2.6415779690089796
-3036.075137209978,0.8217283052444128,-3.127973139999572
-3043.5394314254536,0.8816457773024027,2.991129731452707
-3057.76932104739,0.743832958498084,-2.6475162881790872
-3074.9437865431146,0.9965618488818688,2.489083365162543
-3122.395336515663,0.516098107134619,2.4797520804540403
-3144.707140760586,0.8880295461617859,-2.597451458725037
-3144.705584712202,0.8783242443237126,-2.6251921405954444
-3144.705396374768,0.8775153470181161,-2.688030125431913
-3144.723471038214,0.8755059184070707,-2.497016409804973
-3144.7508392421587,0.8557410670299157,-2.488263369351659
-3144.7596902699256,0.797441899124845,-2.258528221379204
-3144.8186745749294,0.7424421844450815,-2.2427896433411147
-3144.873894345032,0.6459876264322492,-2.224432592521957
-3145.0254847490432,0.4354015599477064,-1.9977548891261292
-3145.1771534547156,0.0023533039555453366,-2.051746162153816
-3145.830188422001,0.005871245724608751,-2.449987570994742
-3147.4273696131654,0.1490124046331207,2.845709802780622
-3150.557438697855,0.7874293277965753,-1.9640771467492997
-3156.9331144342163,0.9839820192199228,3.043101938784659
-3170.3897855147634,0.014402923401064928,-2.4832303760976
-3195.7362544375883,0.002694465347871456,-2.153422516683774
-3245.075441946642,0.9122415505703765,1.3845970983786096
-3265.4970575270336,0.005236027243322148,-2.397514100758478
-3265.4953950792647,0.008762779794083415,-2.329106671491241
-3265.503700115379,0.0034357325614830254,-2.3338035965412787
-3265.513153461663,0.002735128183860548,-2.2610357446274407
-3265.513509480637,0.001463774045811939,-2.422098495362999
-3265.549323874337,0.0009394655189120858,-2.350589692157789
-3265.6163038210366,0.0023182360533173805,-2.251447475154826
-3265.727994312425,0.021692214031797184,-2.3659796022934754
-3265.931317454362,0.004327902450482087,-2.5008617103557067
-3266.496902145811,0.007206896402597667,-2.426491682754352
-3267.3291643946736,0.38753066205267533,1.480365898164627
-3268.283811731195,0.9215613837161937,-3.0209681298237547
-3270.755868547287,0.8628369058904797,3.0926878804438083
-3276.6241831642596,0.00018712885384118672,-2.0414751270937654
-3287.843399746878,0.027416624124299932,-2.178358961490036
-3313.706706183873,0.9947357406827221,2.6248070793707576
-3366.765591438403,0.008880062528574248,-2.9629538425293087
-3393.6292890180953,0.0067534831665374264,-2.8267473558728593
-3393.635211899927,0.0028997506231858215,-2.7971632126408426
-3393.64687901192,0.003870781478342548,-2.7309803087552447
-3393.648062032538,0.006632704900057348,-2.9055392065653316
-3393.6647849113265,0.004471137648844105,-2.8431828723139043
-3393.6805000765107,0.005547477824051721,-2.94345047020909
-3393.7663834391115,0.010456122465728909,-2.9031009270649815
-3393.9226928551407,0.0020895837477006144,-2.6740988983536713
-3394.122525911746,0.007570064849592018,-2.4957009419741025
-3394.688289003816,0.028135078249874327,-3.0167421103869807
-3395.897767126188,0.013467314515601316,-2.8019823498553595
-3395.6719703285053,0.9925664870686373,0.8030339579215218
-3398.3680781310277,0.9937184974135247,2.095651886953819
-3405.012965135716,0.9988353982274281,2.1253334705151907
-3410.8050857554085,0.4206999017693297,-2.28461711536584
-3435.59672809077,0.9931112433170854,-3.0871803725406686
-3487.205408778636,0.9995772043984542,-2.9223266725846364
-3508.5543546934923,0.7997028270772559,-2.683237775454662
-3508.5562288023343,0.7926547221414688,-2.7260771547649862
-3508.5508241846005,0.794216224791029,-2.7042034951810305
-3508.5429877898255,0.7781978525015438,-2.6715040205759513
-3508.547162257356,0.7694244666189167,-2.599054049589379
-3508.575229785313,0.7471215309243722,-2.799024638669997
-3508.6251464383495,0.7124980980175356,-2.878705209956637
-3508.7440305261175,0.6912419647477257,2.9226215384794
-3509.0614496294384,0.7185821353772084,2.9620511791855852
-3509.5399066784607,0.9895979884097621,2.5315430202101643
-3509.98040638344,0.24913267883858822,-1.61168684169399
-3511.3958337775566,0.9764926857564159,2.7049933271025317
-3515.7287577121933,0.9072560350804256,3.120845664495951
-3523.0752983785696,7.307830947919473e-05,-2.483101566317184
-3535.4886034705196,0.964100785794903,2.5261338285653583
-3563.960657806256,0.1489767651510434,2.557631765598071
-3608.5977340703685,0.6789121095646923,-2.816313067597054
-3617.6131750648033,0.9981462594613502,1.9736781687733105
-3617.6097439603777,0.9981462594613502,1.9119156495430367
-3617.611501178573,0.9981462594613502,1.9471704240261403
-3617.603779694299,0.9999752948268151,1.9204117198458182
-3617.612979124235,0.9935481030973786,2.0357877217193288
-3617.633492131732,0.998077181872145,2.0839323098006197
-3617.683944843835,0.9946444391737488,2.257821258327409
-3617.766921149652,0.9968581517382746,2.625401575478918
-3617.982670815697,0.9983311875684265,2.560821127923166
-3618.525394167183,0.9911838738902627,2.6214346784544844
-3619.6302896578322,0.9304238281163347,-2.961497803352792
-3620.937116830928,0.702263728516666,2.4677960974394004
-3624.5699374014325,0.9955845036124894,2.161294368646301
-3631.3258596649084,0.9952598785332196,2.2758520730155887
-3644.6118410184554,0.9864104015091303,2.4130373057992855
-3668.4973867200124,0.999617474156552,2.6378944888820817
-3721.6041295749087,0.013494329894161997,-2.920952274802967
-3744.7728561245394,0.19822468883340502,-1.605803406818523
-3744.7712482670627,0.18854449268264786,-1.6693652048276344
-3744.77981212836,0.1811031932009715,-1.6092892530573093
-3744.7759590449864,0.17005777957986465,-1.7041954383843319
-3744.783129996218,0.1593952972863699,-1.5041342063541843
-3744.7852636026805,0.12522830814116387,-1.8336752285620304
-3744.8436405345988,0.08492504242071476,-2.250430185556329
-3744.911153855351,0.008319281656651786,-2.184243806124363
-3745.2164210045567,0.023659109984600985,-2.8615455537499606
-3745.8122668671735,0.047831708829880935,-3.020965062595999
-3746.9729946379407,3.664003058694541e-05,-2.7775705815473732
-3748.5871222532055,0.975742388040966,2.8039867101287754
-3751.729089910024,0.2703673507593193,2.430949076079859
-3758.557408523017,0.9956210773150695,2.505522705529441
-3771.278203614565,0.013268824210133064,-1.9270128461705283
-3797.5009090306544,0.1036121874783444,2.9166261392225845
-3845.4243518884246,0.9850829647843095,2.6885375150604194
-3863.5719272369893,0.0013626135960525365,-2.31890029306879
-3863.5743888667453,0.0013626135960525365,-2.4290666173687057
-3863.5782825446986,0.0035983028442784417,-2.45023012559759
-3863.5979682317943,0.004023345957408001,-2.3563352363841443
-3863.5916331259746,0.006235710848555365,-2.0899649698710254
-3863.591315599626,0.004406703365903507,-2.1696530919296957
-3863.592334923532,0.000576958908369911,-2.335084343658596
-3863.786323079365,0.012330492089074267,-2.226382623831701
-3863.8962048295957,0.012842902288743971,-2.7667799784638323
-3864.379634845086,0.0035690352525154234,-2.0975672072274754
-3865.426817212781,0.02325121221919389,3.099445812111979
-3867.583327320513,0.002624639907140628,-2.9023960380837486
-3870.846617785799,0.9215556919141121,-2.6410645028644613
-3876.244437951905,0.0015871669298105902,-1.5704062979654312
-3888.0521013374328,0.3975810731552164,-1.9556658445626482
-3912.984572030234,0.0859191663171722,3.0509017842002795
-3962.2931374585355,0.9849208716468554,2.6933484216970296
-3983.564610566276,0.0017096786317553725,-1.9312531909145136
-3983.558014102254,0.0017096786317553725,-1.941956497371689
-3983.5651373842347,0.0017096786317553725,-1.9596801194161562
-3983.575667079686,0.009171382307795246,-1.9627705119381034
-3983.5651102183047,0.0006689748698025268,-2.083614635393353
-3983.588677365014,0.007838811685394811,-2.3764777173566918
-3983.638428129402,0.006217199879447525,-2.747250648761491
-3983.8023681871937,0.010112351931563927,-2.93968434839109
-3984.058590297807,0.008542113152525484,-2.0900488423354613
-3984.529987255172,0.00561662388719618,-2.505895834098723
-3985.2934251325264,0.3457898662951841,1.9874120554335182
-3986.984583485577,0.9986350184794912,1.9125137040329676
-3988.818456439274,0.1120533970652681,-1.2213713807801727
-3995.0237852911337,0.938336304272755,-2.9002065776823756
-4002.02813747758,0.6253149357373127,2.375179713400235
-4027.523902012859,0.971354311751668,2.280705310567564
-4073.709748610583,0.8452568126003301,-2.212837258798
-4094.3061409329625,0.008169442134122192,-2.7487184217152976
-4094.3145043297322,0.002737135026613314,-2.703351591418109
-4094.315088512369,0.003398246591214165,-2.666349553015126
-4094.3269050088848,0.009442693523889443,-2.765113251516983
-4094.3625401725203,0.007354967027649987,-2.579259555158834
-4094.3820376758495,0.0005906476361135467,-2.507017197812739
-4094.471836013932,0.002416899305062682,-2.4358935422136265
-4094.4818740491796,0.012027823511327928,-2.1410475642608295
-4094.5966700952067,0.0018202517751056799,-2.740148417265247
-4094.9929970894796,0.002002428338417888,-2.8022740903716934
-4095.7268367349066,0.0019242365348545454,-2.773042408582086
-4098.063798489978,0.0499492816496606,-2.98978545079909
-4101.598726552985,0.9974748572018266,2.8341012676915067
-4107.779329867381,0.9924008982446617,2.754980516117425
-4120.82672275199,0.9859747581845175,3.0804628913479846
-4139.560456839211,0.9782623973105355,-3.017483130326057
-4187.230108743259,0.9809440194501092,2.956463030997729
-4205.28651909275,0.996334110059081,2.7979596972398797
-4205.282852174621,0.9992220323027184,2.7627099165946802
-4205.292343815976,0.9971489555203694,2.853144316714774
-4205.312675222591,0.9979165335774707,2.873382076480919
-4205.317391363071,0.987184203283574,2.9819373461106586
-4205.389515408507,0.994477078215809,2.8917485768974203
-4205.446615750043,0.9899542458528978,2.998815851375026
-4205.620022645125,0.9753196302163729,-3.0738125167492796
-4205.92672460982,0.9036360180067343,3.0161253597270967
-4206.373655318343,0.9871186039657602,2.6112317323111336
-4207.338611105479,0.9382910022187024,-3.1215053788946765
-4208.884365699905,0.05012890854693884,-3.0042318685958067
-4213.007522334463,0.7039394070430357,2.519100606056787
-4218.830192935504,0.988989750456024,3.019241106659263
-4231.42564573197,0.8617010762166264,-2.929189914477465
-4256.567701764933,0.6094338452436184,-2.130402713170223
-4297.819553003794,0.9669345783784872,2.4711116910245874
-4321.236079340633,0.009269794197056808,-2.8465747097437615
-4321.229114798572,0.005806676270294964,-2.900000447604694
-4321.232021515973,0.0055295700808481365,-3.0196350946401584
-4321.248590196696,0.019693687096203442,-3.1253941193043024
-4321.276277935988,0.04151619496396827,-3.0754581794260143
-4321.338326618817,0.03349307488938801,-2.869360427353206
-4321.411926682874,0.01826968563756644,-2.4263685231617487
-4321.581880178809,0.009791950238453757,-2.1442276132942566
-4321.775908859332,0.01873898692152738,-2.0692370337786863
-4322.173080191956,0.0005912519008759665,-2.667507957877909
-4322.990056740733,0.5582844408097837,2.0607354746958197
-4324.392115551475,0.9254477339238038,2.374661059143728
-4328.131890121398,0.9983613754885059,2.550068960109436
-4334.058040904529,0.20091989978261637,-2.606412881412587
-4347.41774448559,0.002266987441481866,-2.2387191418571857
-4368.742467206593,0.14568635748108397,-1.6905297914042097
-4412.0727543739,0.1988451600680563,-2.0239508520415606
-4434.189547183516,0.97353768200234,-2.8130344142525074
-4434.18978258623,0.9749815452699397,-2.7434525988996
-4434.189174166142,0.9667874679839407,-2.8275950670701913
-4434.219607985226,0.9544293372774464,-2.755836251138689
-4434.243106919347,0.9301087907193776,-2.616605988598618
-4434.257239840507,0.912309680538924,-2.6835895483550747
-4434.298503872021,0.8357360851685218,-2.610205753818982
-4434.423583560682,0.8396911919333885,-2.6249579561930885
-4434.556791467743,0.6843725422867675,3.0461260118085605
-4434.896109283994,0.3330032751302778,-2.990583780920874
-4435.57910038033,0.007361848913960398,-2.9050690576904032
-4437.139712198496,0.3379511581514283,3.018516130674679
-4440.246100188679,0.0006903540511522714,-2.724047712895928
-4446.139011078155,0.019589625675390857,-2.3525701807758046
-4457.906233419655,0.009184607223086066,-2.4900707603513803
-4482.64216881857,0.024476103883758073,-2.6822330509700096
-4518.22016516528,0.9950636420196737,2.4136748320961594
-4539.918321417318,0.0006041343841370931,-3.044727835465827
-4539.909676497291,0.008592664444274176,-3.1054449868557223
-4539.914048286795,0.003063634640174823,-3.0180895464535977
-4539.930935372817,0.005001719212059065,-3.1314369144401653
-4539.962437324693,0.004853447911372743,3.1127792722651932
-4539.992263883996,0.01780034330492109,2.769278973030728
-4540.062753306492,0.019166060949517512,2.7208167039680067
-4540.18619151745,0.11104467487909998,2.6308100560741057
-4540.399716839185,0.04662565662926102,-3.0899287072783186
-4540.804224697031,0.2683751358518698,2.179618248053619
-4541.318063128541,0.8768755607798479,2.5286957445632563
-4543.234747806532,0.995342378277866,2.032168588612347
-4546.0404083325775,0.8115739083048075,2.04992238328777
-4552.956514338092,0.2503461999342986,2.6090579201686213
-4563.080073529981,0.9954643829900421,2.108101838971667
-4586.485264612892,0.9980079016080363,2.3253015716115604
-4635.9853206280295,0.8390186618966359,-2.6870925448174416
-4646.843288607297,0.4929060308566213,2.6397226156977194
-4646.855725087249,0.4913180576496638,2.612244550028823
-4646.855468987723,0.49360040955098544,2.670436532343868
-4646.875849797715,0.5188338573743205,2.575445537996952
-4646.901772956495,0.5108741998484493,2.47711440231134
-4646.910727578121,0.5253208581208152,2.4628920575924393
-4646.961160534969,0.5854837503846775,2.722181618727017
-4647.074286628432,0.7143778533921167,2.7250964299253333
-4647.260909131429,0.7323849856525111,2.993421081305387
-4647.6940123692475,0.737906951171891,-3.0317895064371543
-4648.438020782045,0.9901707351819802,2.3722603016080663
-4649.9428522578555,0.12512348869277476,-1.8644599867880238
-4652.618788001048,0.01803335481024089,-2.6643669035490514
-4658.968020466968,0.2374942716855728,2.4909247489808752
-4668.9921725022505,0.003765861345519175,-1.7427698012215282
-4686.437549114132,0.11444543991567993,2.725093866822485
-4735.23175160855,0.9907027243161288,2.7161190351289184
-4759.0467714749075,0.0036053606347828593,-2.195196414014745
-4759.0492624433955,0.0036053606347828593,-2.211166628876236
-4759.045526679543,0.0032210452985304227,-2.1632885045606463
-4759.060411514679,0.0020743119566771044,-2.0991577189429234
-4759.072866729818,0.0014798836860650446,-2.1157334053717323
-4759.048151818585,0.0034570998192765055,-1.9051705414686997
-4759.0892151099,0.0023656523222745657,-1.9898456345437165
-4759.168661608617,0.0010927531211342176,-2.1225552731711232
-4759.266880254449,0.010863196521842158,-1.5894500173493862
-4759.1988821391815,9.475702096474817e-06,-1.9384126971200404
-4759.955180044947,0.018066710004562597,-2.9581672226866247
-4761.465208278574,0.9802868739021158,-2.997403816390443
-4765.186720341583,0.0004679000794842788,-2.9636914891129833
-4766.99773851824,0.09625199591206593,-2.6592788080106304
-4779.096709002314,0.4931441600206895,-2.344751535877877
-4801.090053269622,0.06526635628265602,3.1284157330312974
-4844.709551508767,0.02600474979573157,-2.4178125420188765
-4866.120586254227,0.9978700084570736,2.727746555586264
-4866.121220463617,0.9989872745633809,2.7282963495796535
-4866.129473032858,0.998098920911801,2.6679527857133793
-4866.13413496108,0.9966179241420968,2.6717544799795316
-4866.154262612168,0.999001967112017,2.687257464839793
-4866.169543516313,0.9924707716387059,2.4667747833900258
-4866.238720982268,0.9958157026368015,2.5259434441645734
-4866.357924184206,0.9879468272529788,2.5363308407033953
-4866.645365169825,0.976728839558954,2.5419311484744203
-4867.050330349141,0.9978707315017843,2.778671902254498
-4868.203639341559,0.9967623912600194,2.0143041803881765
-4869.465525002141,0.0032869200837250525,-1.4496990538661216
-4872.800374470861,0.9433969312616381,3.037406137668084
-4878.568387759736,0.01044686270454001,-2.369253400648361
-4890.435894497776,0.9954203321257165,2.5709271255352615
-4914.54702283851,0.004765655733287251,-2.4528461254310296
-4964.709172638458,0.36453860833270496,2.1902718769219867
-4986.231845264738,0.35292090989797775,2.731636090784244
-4986.234614386608,0.353907893437155,2.6452147498866676
-4986.228143532906,0.3579420255649314,2.686899115730532
-4986.248927419124,0.35332734189384135,2.6945417100191627
-4986.265385782714,0.38005541512195273,2.5815095209878427
-4986.2600893825465,0.41073493628485724,2.459428646284568
-4986.212917017608,0.49225431976678163,2.2894690275732508
-4986.317544576285,0.6898273948487076,2.0901734033412254
-4986.346876840873,0.9847604442637037,2.088232080834455
-4986.705023450161,0.9999595582066769,2.379820065731357
-4987.621150040897,0.8636016681155915,-1.9276502005756238
-4988.571540684568,0.552331166647014,2.261514456082093
-4991.212574914101,0.6304421465043863,2.889478870604526
-4996.338072773162,0.9725806619479458,2.4174999728485567
-5006.4373195377475,0.8773049143407516,2.716597329639372
-5032.811462237649,0.7418010879835947,-2.43469389443137
-5079.773065145294,0.9839683620675214,1.1240603830583416
-5098.2680417010915,0.8488941893031088,-2.830664417775523
-5098.2678866308215,0.8313271972818641,-2.860532273631949
-5098.274754542844,0.8245978983284987,-2.9390138717224987
-5098.281530493791,0.8376994053794657,-2.9770837561774717
-5098.292931594776,0.8303173885456403,-2.88091298796105
-5098.301543877281,0.822126359945052,-2.581737434657548
-5098.314592595346,0.7963118438710998,-2.5216068749614906
-5098.392599162004,0.6943559913503404,-2.564359056857799
-5098.591053971998,0.4827239461274023,-2.483666948997074
-5098.821991736525,0.38250792411419177,2.0837171741369964
-5098.708758134972,0.9960543500682784,2.661487518845486
-5100.883099165381,0.816477804407016,2.802124688604943
-5103.934402710267,0.9850104645499586,2.768243124342426
-5110.203635226184,0.9929504000131413,2.6890452498841313
-5125.735719413033,0.9215928251037269,-3.058248404893042
-5150.2745258317245,0.044085675188370546,-2.9334052655370617
-5191.294227987461,0.2057354803708957,2.7880426989302327
-5213.654177184978,0.15596430733159133,2.639397846108194
-5213.648669416386,0.15574241613421133,2.6315948758960133
-5213.647625290069,0.1567336279616949,2.580395928446892
-5213.643862118599,0.16633670326467143,2.474336405047328
-5213.651689768774,0.18735613222153866,2.4011915411410314
-5213.688905832359,0.23657320728194112,2.506475320158607
-5213.759712216112,0.2874679184437911,2.6842932750770725
-5213.844269026118,0.29997768999851787,-2.974258503886203
-5214.075374390731,0.060966722851535864,-2.341953103797144
-5214.70971848753,0.020039317725902034,-2.9504785831487186
-5215.798361210131,0.007404512830169007,-2.5174055219164515
-5217.820149822553,0.05923360279354598,2.7846524500281973
-5221.588123567324,0.9207625694703205,2.6201914049659756
-5227.140322508398,0.9917754121453436,1.9265116521226062
-5240.024561416544,0.9918990946149856,2.3552821987604196
-5266.036795834992,0.01641291470525342,-2.840549714246151
-5317.536691347493,0.07346756934301735,-2.5557196096534867
-5340.448763313594,0.013787612492582608,-2.782927815407551
-5340.439234626901,0.018540395648926036,-2.77724340008104
-5340.439823755475,0.01242315005229952,-2.708047957044771
-5340.451449374106,0.02015697600622296,-2.8214115400046333
-5340.464165841283,0.01756324911218967,-2.7335974349600183
-5340.493004711501,0.0013630307093082453,-2.4950890945628053
-5340.529133701551,0.0066961021694286246,-2.993972436603434
-5340.64615745105,0.033725694017312915,-2.581843842439419
-5340.942391479538,0.013578582552210334,-2.5953757591779083
-5341.533437474949,0.015271947149509118,2.9147800331439004
-5342.3053813636325,0.48537561123461975,-3.0799777462919087
-5343.95509986994,0.016955124573749723,2.9763882569681916
-5347.24890968023,0.8756810617512466,2.8372278900108814
-5353.645477485214,0.9849836867433053,2.4044613194668374
-5364.7111549670735,0.2848574625996558,2.665346345205487
-5386.891582866723,0.6966258310138546,-1.865936311663386
-5435.00485397549,0.0037546776898428743,-1.6819948323590095
-5453.175646339983,0.010256447695635516,-2.370648837992874
-5453.175618399727,0.009288673483784931,-2.2968070768472084
-5453.18796269214,0.0032907981331863224,-2.2548588740858455
-5453.190902381627,0.0034038788866036637,-2.2856786285758544
-5453.2023457987525,0.007228635574171076,-2.153293419217156
-5453.227127471342,0.010226428373325925,-2.2221136285325214
-5453.250968733859,0.0020484514846729677,-1.9069064733080476
-5453.351927170184,0.004566468556542045,-2.3872911970612614
-5453.593967801194,0.006929483527275482,-2.591280235131391
-5454.218324911379,0.08287798201958935,2.737027239501865
-5455.103320243626,0.016177864584160703,-2.2554250048382483
-5456.945741442228,0.22212379144434188,2.5092954039187036
-5460.502493938292,0.9581168215742096,-2.9669598937231676
-5467.069020282906,0.7134492804208532,2.8599765831991704
-5481.165260478632,0.27182844160100994,2.852148900102433
-5505.595061040595,0.17996312405407291,2.9148459968067186
-5552.807276449549,0.006763960598450761,-2.5672282193293787
-5578.154625112805,0.5521224123537396,1.884008366732382
-5578.164668867418,0.5545302682969159,1.9177365753127598
-5578.169013509824,0.5671945358700851,1.8877654756355113
-5578.167782339023,0.5724717388874945,1.7555691431357054
-5578.185380854069,0.5839854291496902,1.7809619174088978
-5578.178049326008,0.6128221131226135,2.020352144085649
-5578.1583817880655,0.6980804532251412,1.8271276946792945
-5578.2299928510365,0.8261046259152103,2.0338589933373665
-5578.556473149932,0.941700331024107,2.857219591986759
-5578.968539043708,0.9927632894441262,1.7865007133265287
-5579.254322174993,0.988260039771606,1.6919913517549325
-5581.349630999683,0.9048884861736561,2.8204152917499403
-5584.346549093115,0.9019068137357524,2.9233580692893675
-5590.477243031599,0.48375522745536564,-2.0306426958857626
-5603.19947638058,0.007320030022541735,-2.6431512097511844
-5626.092262144533,0.5129578694252995,2.132345605621631
-5670.016978756449,0.014695085975055009,-2.587367785650148
-5693.651329482285,0.0018399202531295643,-2.1448761587830116
-5693.651348341062,0.0017194820627513103,-2.1117323163442707
-5693.6594048461875,0.0019556619175306596,-1.9979168542234698
-5693.658398684494,0.0006561806023755922,-1.8118949757116405
-5693.665249835445,0.0024734974209681872,-1.9728852652618438
-5693.68251093487,0.0014898026065685538,-2.0575979674268585
-5693.749540239779,0.005480180692300182,-2.109093046832227
-5693.872834996115,0.004014623441917961,-2.512065359188019
-5694.055457942296,0.00890285857926574,-2.95507008282458
-5694.6063675459,0.1556748290815423,3.132380727845998
-5694.676745789759,0.997274312810211,1.5074029715268829
-5696.429597547614,0.9963653647060924,2.0892039880497997
-5699.832205635877,0.8339993942689852,2.879511774627723
-5706.679711630378,0.7209932124302346,-1.9002268293322473
-5718.455179325777,0.197284994419511,2.898868210855559
-5744.961254010433,0.9986430899865004,2.652610618422396
-5783.429796481892,0.08181621458735384,-0.978277607561095
-5803.264678434934,0.7285156404492475,2.2833136798451203
-5803.27468516739,0.7407409412038748,2.2702872086604113
-5803.277821577177,0.7523784006779091,2.3865899010915816
-5803.283309711353,0.7480544042718168,2.4145742097190706
-5803.290718772258,0.7665709349282226,2.4216767378595705
-5803.292841677228,0.786491368995323,2.8069397798394764
-5803.345542156968,0.7756459295434293,2.239602046502057
-5803.432563316742,0.9554563999614559,2.2711680262003924
-5803.61823385176,0.9953531279659458,2.807011776002672
-5803.988638526072,0.9850107257203533,2.4945106937151795
-5805.071378788555,0.6713802377858149,3.097093712906638
-5806.192892495055,0.982979649897389,2.643605585834935
-5808.6622359179155,0.9170058468393075,3.05044849802311
-5814.671218240999,0.9975324686420877,3.0624146586800247
-5828.234666526614,0.001793559510188995,-2.4214348477411947
-5853.573403412196,0.03072966968876471,-2.8528741028453535
-5902.397880185219,0.6203209307074408,-2.152202252722419
-5924.275703917402,0.0006115890513858511,-2.146660699707779
-5924.282111773399,0.0006115890513858511,-2.171125743803137
-5924.294301339999,0.0006115890513858511,-2.045631366401913
-5924.301373403699,0.0006115890513858511,-2.0085649111552755
-5924.307097484402,0.004008533002676638,-2.119679097109018
-5924.338463698578,0.00240301088538451,-2.081683604797872
-5924.394171928719,0.0040463692113613375,-2.0118955047987566
-5924.430109946582,0.00041841849257596986,-2.2939406456471922
-5924.622378188697,0.0025661716756761573,-2.162746462097397
-5925.0531885175915,0.02788059486526648,-2.608030551341323
-5925.897495032381,0.42760442022201167,3.0647711675149534
-5927.699999728412,0.4075421797866287,2.4837618105347143
-5931.1821568415435,0.7880814584990875,-2.973258224558825
-5937.209654533753,0.0032283373036616565,-2.86732370039497
-5950.634756617589,0.04768159575314623,3.0955691586982983
-5965.369039962406,0.0026527688947224426,-1.5178187291690683
-6013.0029922499425,0.9673738710152514,2.812624137213671
-6033.8054071492,0.02366979242807562,-2.7207102887359578
-6033.804928980386,0.019493376297136832,-2.746061195940744
-6033.803410041979,0.007665004353076545,-2.7073843337531556
-6033.8266550673625,0.01379244536973281,-2.90134096826421
-6033.856571938432,0.0046848753573187525,-3.113433967590505
-6033.8968143267975,0.03150251612493422,-2.9852379260490296
-6033.957090658207,0.015393832629447872,2.9939372577725667
-6034.103219762516,0.05399092161960368,2.9393885032003366
-6034.394474047407,0.16691885712553314,2.84512548706984
-6034.667370182238,0.5309985451346646,-2.569501790368538
-6035.086913111803,0.99821207586877,2.3159856062432986
-6036.512583601313,0.5167549452860954,2.983962472792725
-6039.7765517412045,0.5813409661007075,-2.683115825539453
-6043.66716234428,0.009330574700948151,-1.1535101125947929
-6055.532389070816,0.9008067797019323,-2.980228541964136
-6081.412903371119,0.36337939698928085,-2.991178775252544
-6120.995039495055,0.18354809762310317,2.3852599965214107
-6141.940550236317,0.994660542637425,2.6643984757464168
-6141.941874630461,0.9977524549353936,2.5888826947770784
-6141.936995243016,0.9975067497646323,2.5783057028144887
-6141.939263685707,0.995536133441521,2.6073906507247973
-6141.9631550204285,0.9993610476679481,2.6934457092561157
-6142.018951695309,0.9887126697107216,2.6808781128327626
-6142.094759490034,0.9986732199846945,2.45880173819808
-6142.2415938460645,0.9994328838590019,2.475748899549812
-6142.3838261725805,0.999632719108365,2.4039975431275096
-6142.859268816122,0.9524722215487178,2.8633012965748783
-6143.296297820327,0.3466192792041528,-1.5206342507530715
-6144.603014996245,0.9987990377382726,2.3270824511692147
-6148.216474135564,0.015598228123809541,-3.0863445559791285
-6152.908133640231,0.30335720480356776,0.09978128125972141
-6162.386096894697,0.8918819299939951,-2.342215520540414
-6189.661139221386,0.00511509793625424,3.0599630349349036
-6235.980397648175,0.9975984618066356,2.5239852305701866
-6258.915885856832,0.015916877700801198,-2.475655685681846
-6258.918911049429,0.01374667535936486,-2.4904875525459444
-6258.925623148511,0.014892655612841038,-2.5105377486511102
-6258.937752061417,0.008483092324081152,-2.4303559829520114
-6258.956844248389,0.0033090617113820386,-2.6324463204860593
-6258.967085998297,0.010141168777335053,-2.7322193778655457
-6259.102958953109,0.0007682625339563527,-2.4537146366529754
-6259.245126018955,0.00789182503471428,3.0744295149360497
-6259.590898808616,0.1404350242585037,2.7114484435476545
-6259.671989617133,0.7816083688378005,2.3882169145258514
-6260.590135968919,0.6741363726261946,-2.1803053781439803
-6260.769659157358,0.6947303576496294,1.679255384362432
-6263.929684683946,0.004718328582895983,-2.8064340841643345
-6271.422163991399,0.9739497843196139,2.531459935354624
-6286.347470743811,0.3937464817063332,2.335948021352104
-6307.920328239091,0.9948639161976568,3.008615627591282
-6347.715790392445,0.944020717035873,-2.8281349557591815
-6370.182976591768,0.9335125234261956,-2.615641984806514
-6370.182652051505,0.9316932474415226,-2.5602602400166887
-6370.184202822572,0.9345068558829642,-2.5536529789188775
-6370.172610655954,0.9378616009989278,-2.5858704952485962
-6370.1910673425455,0.9432717649897144,-2.5385207814176107
-6370.212378530782,0.9570301737639406,-2.257601417427377
-6370.254357938243,0.9131901947207381,-2.26344376472301
-6370.330187830136,0.8158682596756474,-1.8498093319174034
-6370.132689769706,0.5038321781204469,-1.7868010392806988
-6370.120078698669,0.01850180486471261,-2.349353765191099
-6370.952736757021,0.25682633019996337,-2.796225857752569
-6372.485272248764,0.9974019032721207,2.4959680959693227
-6376.058209077136,0.97947201901156,2.63128143208821
-6383.386097900929,0.3235985838443664,3.0831823796488482
-6397.96854662377,0.7866737620485464,-2.9425427180753503
-6419.701882192021,0.9955606786946646,2.5950554397225236
-6462.469626538237,0.4638073282179192,-1.9825113411355992
-6483.379032722212,0.998044499349231,1.3969063731030795
-6483.373365470954,0.998044499349231,1.4296910274865944
-6483.375524791491,0.9927707818420702,1.5641350362628463
-6483.367930934986,0.9935613351739542,1.6632851983554238
-6483.381902300994,0.9984588855321277,1.2746869839312414
-6483.365054791155,0.9996513888620988,1.468934879465042
-6483.340429753944,0.9990157253653478,1.045175638322493
-6483.254288066932,0.9974761659383408,1.3131833381213092
-6483.237511112794,0.9991859736099318,1.6788576535211508
-6483.416011998642,0.9989809728101532,1.9966133776057902
-6484.427802738459,0.6825961010245378,-1.973342237803875
-6485.903389761763,0.03369066174947478,-3.036167841302081
-6488.8789129167135,0.838021258525807,-1.6850187450598477
-6495.4109423099335,0.992763974642268,2.2427050828432025
-6509.085143534933,0.11945735619475013,-2.6819361648874076
-6535.172147516542,0.05645823095259899,-2.938850830744603
-6574.390788984617,0.024902344069181015,-2.804514736389648
-6595.988047785312,0.9869655808149029,2.883502694131942
-6595.989055605774,0.9891071843665991,2.8808308021195765
-6595.992618897936,0.9790545362879735,2.888011840006916
-6596.015229287327,0.9833364706968208,2.7467889247660775
-6596.047245354903,0.9991488037171401,2.8312213277176737
-6596.077631382996,0.9926613321193577,-3.1248724073181187
-6596.187686561617,0.9904947644681782,3.002187257596235
-6596.331467921972,0.8941955232254272,-2.40393710425564
-6596.531958484248,0.6776438778261223,-2.2366012778822615
-6596.984668482549,0.2972718276441475,-2.5248288697292303
-6597.765116830593,0.005908029363850931,-2.962318058902487
-6600.030521880509,0.0032028290585874204,-2.5671765771789796
-6603.5747003557335,0.1003123506752037,-2.7312714362192176
-6609.410601534404,0.9944781762781789,2.3042818054896266
-6619.463258052746,0.04399658198139717,-2.859088454593627
-6639.924472575771,0.853705708366352,-2.5659592400583504
-6690.979876467322,0.9983351463481903,2.8125974631748285
-6709.231725775104,0.9843150522650853,2.8089910519875643
-6709.23751250854,0.9810433314824122,2.731651321172925
-6709.2431727407675,0.9743873583972938,2.7999693376265427
-6709.236526470681,0.9830989367300329,2.770788427602981
-6709.260201577545,0.986857128753698,2.7626314228869413
-6709.289016336799,0.9975609367430662,2.8587517503819413
-6709.378933113799,0.9904984927818917,3.093264987875677
-6709.558439421755,0.9793811335572213,2.8603855982395423
-6709.84464401975,0.9978130298734904,2.9938756512798737
-6710.520728654597,0.9949987510852382,3.029584160247543
-6711.735424326414,0.9786145046494131,2.7681116384691045
-6713.547320172562,0.8568689884003743,3.0952715989079023
-6717.336526620527,0.7212799325115241,-3.1136966431669597
-6721.338488168052,0.9114865529878514,2.569884169658744
-6734.160802904992,0.991562769716073,2.3596673105487973
-6756.230583313015,0.9945292428368727,2.1881406452737817
-6800.118113632757,0.8946313234665688,2.4934466987835746
-6816.8416034926295,0.0005233151633999428,-2.0493230274404217
-6816.840762684865,0.0034349728126255594,-2.060888431338987
-6816.835147583285,0.00014914427403371578,-2.10737683780752
-6816.837244469685,0.00014914427403371578,-2.0578997449856486
-6816.849503659689,0.00600934173092096,-2.140291057606841
-6816.88946592886,0.01416300470271428,-2.2801343257893336
-6816.9094234121885,0.006958474954311323,-2.0902285444519344
-6816.966543360195,0.007629291533561488,-2.827561021392319
-6817.263727619783,0.010747773327943154,-3.106816729353918
-6817.9162475603625,0.14311228557344144,3.076522084542754
-6818.61682356214,0.6504822291982105,2.720196487998714
-6820.293250794117,0.9856237718697012,-3.1163833036399087
-6823.193341747621,0.665742491037275,1.7595484733115123
-6829.2691527453435,0.5934766498589742,-2.8629092965692164
-6837.113462498068,0.007365415847745127,-2.6460395847986984
-6863.526104793072,0.9996109448329915,2.621916240986196
-6909.641221130505,0.006255354036101876,-2.6733841989588
-6931.24230546028,0.9985951553125905,2.354566327618185
-6931.243448078622,0.9991957665963348,2.4336923950401683
-6931.240703388315,0.9991957665963348,2.460128288160792
-6931.236075252185,0.9991790963544366,2.4077382740161806
-6931.239314346856,0.9962742005742712,2.5438835057202542
-6931.3048528458985,0.9925069337342532,2.561886580310774
-6931.350664967232,0.9986628519902299,2.637854161470914
-6931.510170236315,0.9911756103702569,3.0061877557413457
-6931.683299165866,0.9731068800095614,-3.047905371583877
-6932.400766650208,0.5895193422656018,-2.1231156314792528
-6932.90876874929,0.0008949911514955365,-2.584262824905796
-6934.663909804753,0.6953686474674874,3.0369511993016376
-6937.2894305099735,0.015431203479960522,3.135045581275257
-6944.0775527713095,0.073427551519781,2.852324372017854
-6956.511898471829,0.0010173198344736612,-2.6332345707592237
-6980.157664957291,0.9978644958044738,1.891394004670392
-7034.493633007014,0.0656678260223803,-2.9349234538091116
-7052.261252180689,0.9739739690056659,2.8381652408735683
-7052.26243014123,0.974453266359759,2.897062818256689
-7052.27093545319,0.9752262902992869,2.82035903005431
-7052.275292836254,0.9777207074073699,2.6683281769046188
-7052.323234950212,0.9928710240842313,2.7885884816634903
-7052.373071455309,0.9984706890228133,2.8147494981806265
-7052.457960928361,0.9917682328517542,2.7224342529800083
-7052.667472679842,0.9911634538481277,2.903194638057668
-7052.963425336526,0.9173357946221212,-3.1141756179057536
-7053.398726701489,0.6783540270566049,-2.7256211793942215
-7054.009464448602,0.5379576124536685,2.9589548524088087
-7055.510053839598,0.010099760123097486,-2.8454424210343863
-7059.743141898502,0.06281656609965078,3.038555418240515
-7065.6662730773105,0.9952646580387476,-3.072605179171207
-7077.546982455891,0.00020876212593608744,-2.045891612495995
-7098.907795629485,0.9757179051754806,2.6734732379925275
-7146.8077715728095,0.0002789554488096741,-2.5161327052845794
-7165.796498059712,0.7481254374821174,2.8694657407088595
-7165.791363636346,0.740281432194293,2.8417059969981384
-7165.8013788505095,0.7494416956045352,2.7689903666971754
-7165.812687309807,0.7511164601385337,2.6989380223879387
-7165.809761048227,0.7721114670286829,2.6799019399712947
-7165.819569796508,0.782545302300965,2.8646805533240203
-7165.890908485039,0.7936297295894527,2.905943257336526
-7165.996084550161,0.7691376855435399,2.9920985017630706
-7166.254545134533,0.7264113224456958,-3.085782972719165
-7166.761959691321,0.8485827188291623,-2.840406379273423
-7167.155084130638,0.17218319703762308,-1.035516714848372
-7168.057481817722,0.003602178967925358,-2.4854391471396107
-7171.668981051272,0.9893608593222507,3.091163071031266
-7176.172241148301,0.009635202195517067,-2.5235881964808984
-7190.01507335408,0.2541409503032959,-2.7065165400643503
-7215.777276832246,0.06364784687396427,3.096157800885667
-7257.857174413156,0.009234232864189023,-2.496245057280544
-7281.71835646072,0.999135461520516,-2.88173667381015
-7281.726359032156,0.999135461520516,-2.8864210025109194
-7281.73808282659,0.995495781899761,-2.8642400509691885
-7281.743917746168,0.9975549676654349,-2.853244752941449
-7281.764338724991,0.9931132128182981,-2.896694706716749
-7281.83091521119,0.9890827613958248,-2.9562855593777186
-7281.864324793346,0.9562059911968656,-2.8897595041020874
-7282.0209472027,0.9221614279991713,-3.0897115476434984
-7282.256075067522,0.8452619015582944,-2.8311562340577447
-7282.372046108028,0.3004914858648252,-1.6092362844096206
-7283.083708338811,0.0003841062767175756,-2.1857159792051384
-7284.663611211315,0.0027259433986174145,-1.9118117790354077
-7288.083356615615,0.021368242954180446,-2.9187757233064033
-7293.939025599326,0.9964038899493316,2.501819963390097
-7301.1839561470115,0.9680995271269113,2.7624207035830555
-7324.631686166737,0.45348921619270544,-1.7140575007900958
-7370.777492882757,0.9969571005754725,2.243244668029301
-7395.561306544235,0.9963526851476888,1.8783348155856405
-7395.564214549163,0.9935567940074224,1.9174688768143682
-7395.560295183401,0.9981053822730974,1.8863921777896042
-7395.5429748919905,0.9994682087825179,1.9248340733026748
-7395.537392627249,0.9983829759600652,1.9608911922260015
-7395.555260003727,0.997079248717597,2.1401523134082048
-7395.564721305768,0.999874252708509,2.2831933364785915
-7395.633699365704,0.99040022983216,2.248047381021184
-7395.771158680181,0.9865088047515645,1.9393142881872212
-7396.181133703037,0.9925205005285813,2.7731717568156338
-7396.837363716782,0.9972886767165081,2.2397996434647123
-7398.260301585981,0.11899124624933274,-3.0059954520714127
-7398.687820414738,0.9971625936684891,1.4760264520202009
-7403.942164098509,0.9827498371397705,2.3947004483091154
-7416.877864133145,0.003736810981178475,-2.2760076509904397
-7441.6535554663415,0.4411300517360759,1.720557855507252
-7492.563964064903,0.9886134859341423,2.7859266367053817
-7512.7606935319745,0.9942645414382285,1.8930355629813427
-7512.7589777668245,0.997146802196143,1.936857431309928
-7512.753194325848,0.9903049162360206,1.9078366793158406
-7512.75949384801,0.9993153150063555,1.7734233344267452
-7512.757169403607,0.9998403944143669,1.7841205232662514
-7512.810280172066,0.999076236027159,1.430530048827836
-7512.812163743372,0.9996676588485426,1.2810778034182695
-7512.733585370724,0.9968365536025586,1.3343012460238466
-7512.594539663553,0.999431551439097,1.4520890459849953
-7512.721006206372,0.9956153806023699,2.208824369398008
-7512.971565758567,0.14255569227930476,-2.1350019280455657
-7514.868537839351,0.07455058311377172,-2.9035739622073957
-7518.305815043955,0.03385637621575783,2.6354225016801145
-7525.158501502691,0.010134072615442994,-1.8361338332155548
-7532.864303732565,0.967191390976704,-2.710174809553746
-7554.4207443833275,0.33626808927000185,-2.3617899861668294
-7603.305688049866,0.8456503380586343,-2.801211709493428
-7620.693344944831,0.011155939474631454,-2.1489911577635876
-7620.695286730428,0.006426407026191808,-2.163640714913511
-7620.6959457957255,0.006426407026191808,-2.168562740676722
-7620.696649656959,0.00521277062298178,-2.149889577069051
-7620.6999636367445,0.01415893337948657,-2.1784781770820647
-7620.715266392315,0.004767195828626588,-1.8306393239510348
-7620.725894185256,0.0064213494238834655,-2.1256293152669583
-7620.884427674698,0.006262389175372449,-2.04603600863336
-7621.087159772347,0.022762119477477617,-2.6614373005876786
-7621.565771398842,0.21985508413763077,2.377407185227651
-7622.226300354414,0.9972438680537424,3.0440155245001588
-7623.017289861793,0.005233853076078778,-1.2969442333090213
-7625.326060363324,0.9655631614075977,2.9514289101780484
-7631.471950522828,0.08711594798098336,-2.536965435348987
-7643.954133290121,0.021540196844071307,2.3364084018204903
-7667.298875755334,0.4458510076879282,2.25380002659253
-7712.733024513784,0.009213111475791153,-2.180174234971866
-7734.021499080213,0.24946544676600504,2.5144829417736396
-7734.019214337416,0.2517234104095942,2.575394422189495
-7734.03396315321,0.25408023848586486,2.5464253154929075
-7734.01321771479,0.24620245910986935,2.438640125359532
-7734.029144557581,0.2533855203388869,2.5131009821643913
-7734.0752252973625,0.28332841740559145,2.3880835778459355
-7734.044175001209,0.2904868790188843,2.3162919850916106
-7734.147186243658,0.4425606373009237,2.0338487358368162
-7734.162322124859,0.7584242256307259,2.5312369498970737
-7734.261799598326,0.9988439427448678,1.2387931263005525
-7734.871678103401,0.9794309334400807,-3.116805212237333
-7736.344933583273,0.021110597501519585,2.910375076315992
-7739.468242082088,0.0012281042586721198,-1.4813786272389562
-7743.537573816718,0.03500976138976829,2.9384651356751146
-7758.005051171139,0.0023361978565155516,-2.4096298729125896
-7786.065409431676,0.9418025386363643,3.122195787046514
-7837.617388086391,0.9967550754239418,2.2748392916280906
-7860.678699033519,0.7932698178185809,2.9736737857118314
-7860.686100926147,0.7989048470183233,2.9301786296799657
-7860.690447500918,0.8044137078095734,2.958817009055581
-7860.702806574336,0.806178361277944,3.0471132739506492
-7860.716871054671,0.8199396816581269,2.857693804041565
-7860.719320417643,0.8242884331230736,2.9192436909522836
-7860.77490119956,0.848092698718229,-2.97990953457904
-7860.8831536343705,0.8467692301936102,-2.5103080632058083
-7861.018035816319,0.5737233729617669,-1.958762447318499
-7861.311045124502,0.35152341590637504,-2.954429382788149
-7861.890011284535,0.0031788470124665736,-2.1283003648287173
-7864.024125056859,0.008155425359343469,-2.650539033678503
-7867.396270610814,0.9977678832705202,2.270874855649831
-7874.244947538286,0.9964502177376143,1.915631228629592
-7885.643822415348,0.030131542837306614,2.881977261459534
-7912.773702356049,0.9910220799561072,1.907142463776868
-7963.461377776413,0.3594877314104911,-1.9483851556181946
-7985.840761767337,0.02753198565709691,2.971881887491497
-7985.834909664292,0.02280948364754115,2.9228308667927907
-7985.832261705817,0.01670821450048684,2.984253019680148
-7985.831288732387,0.03417562392415243,2.9398042316512116
-7985.846918451551,0.03197840695852707,3.020002983042952
-7985.888852962962,0.0399105807755394,-3.128681742314378
-7985.970381215139,0.03729200680242236,-2.9902079460953432
-7986.1452386839255,0.01269899094120477,-3.1041832879449744
-7986.365461302552,0.09779586474630562,-2.9566872051353683
-7986.789128936325,0.0020607578566677704,-2.5365563436055143
-7987.7235689220715,0.4184407596641548,1.6421516843975397
-7987.665059463243,0.215195159411499,-1.600584942518522
-7986.856290822435,0.9736512172342474,2.8476131704080743
-7993.542911381144,0.8575219508029217,3.0775635948565796
-8006.523400518337,0.9557182041739579,-3.1302005372530957
-8033.4994382428295,0.5344126810742196,2.8172921059114664
-8076.412095813898,0.05620138574289463,2.328703937300668
-8096.5228953859305,0.006138202469580122,-2.438729631003087
-8096.529218944181,0.005535556631888654,-2.4650118668208663
-8096.540866753324,0.0031068401516611073,-2.5278161384671596
-8096.565729961599,0.0026399554500299636,-2.395982388726978
-8096.571177013084,0.01161768649448703,-2.406356536101108
-8096.554271350807,0.013642496402910164,-2.701393087295234
-8096.641350954874,0.020571432967093916,-3.136230805083645
-8096.75467122614,0.000865349321956711,-2.680092732463834
-8097.017022800902,0.003262149413055477,-2.2911677926899268
-8097.547303920408,0.05604159187080725,2.901880298742091
-8098.562395396318,0.061735508713756715,2.959648756907768
-8100.138209628247,0.33149647937258125,-2.7907645395021943
-8102.341325720409,0.0019137526929483583,-2.765721632133772
-8106.534586354548,0.004427739787168497,-3.0536189754524434
-8119.984574282333,0.15702346128016875,2.955293709109225
-8147.271681043923,0.6962102504302836,2.8285710487412814
-8192.950598266805,0.16184030198155216,-3.042705638338745
-8211.57862934665,0.9950179417630324,2.629511284800742
-8211.58386561465,0.9955338024739707,2.6518370801988116
-8211.577849103174,0.9952008283100636,2.618091347232112
-8211.573729301315,0.9844127092041524,2.538388344225785
-8211.575278237451,0.9961151111424766,2.3839519104937885
-8211.595096775933,0.9994866896768942,2.753003059540294
-8211.691769881323,0.9743326242670405,-3.0538573700319662
-8211.795091975737,0.9960830843447299,2.7932619219331976
-8212.015120024518,0.9954652064816214,2.2318700897786616
-8212.493000517532,0.9866984634281665,2.9837121027199007
-8213.509488371246,0.7800213863250741,-2.8120784574534503
-8214.128921917434,0.00508661450820323,-2.380434039291306
-8216.121624396756,0.9985653748560148,2.198001594616432
-8222.863096965832,0.9873052694121575,-3.1238998171218224
-8233.499908709815,0.4064511770998009,1.54292636859764
-8260.667615040287,0.0030335795139050407,-3.0218449417136224
-8307.094180273789,0.7055984971963356,1.944186786398686
-8330.448696520303,0.5068989768976806,-2.174191584670922
-8330.447233055389,0.5058388019430667,-2.217043670484484
-8330.453316095936,0.5075248350731053,-2.276532123205477
-8330.44798561862,0.4958157555604887,-2.401147492173989
-8330.455841812669,0.49355933369569843,-2.438206402936217
-8330.488073444965,0.4650075928317894,-2.3212117822989873
-8330.467079750588,0.4852504271529009,-2.970761698834151
-8330.584209459543,0.4676349365325923,-2.77274375412268
-8330.838585979966,0.5172814893873974,2.7502697241491365
-8331.06998479354,0.8504050261746151,-3.1130515493836715
-8331.89255283397,0.5227264983733834,-1.897831423864463
-8333.432415529576,0.3058135675199588,2.9982176646055336
-8337.040081235018,0.8648364220812403,3.116226374380312
-8343.122451255836,0.38494660422563626,3.0300822779695036
-8352.39396560974,0.0016757454518824513,-2.3240927038570454
-8380.311911243058,0.0031206988391105426,-1.858402845883366
-8429.90487051316,0.03402594580220897,3.119129708648657
-8449.814564324624,0.9994736088762413,1.6450376115103786
-8449.819549363996,0.9969397134706245,1.6279561970396337
-8449.819290741538,0.9968472551755682,1.4912403270677625
-8449.83396331835,0.9886127335007567,1.4734147430571243
-8449.833081571307,0.9945495729538963,1.4720931106610173
-8449.848974179546,0.9911572203088341,1.732797338721717
-8449.873110014714,0.9989415283963369,1.627055321145563
-8449.892608218377,0.9991433379607085,1.6027363876002836
-8449.881727187947,0.9980318326105194,1.5418055464225127
-8449.868646391813,0.9992559550992279,2.1371081866991606
-8450.696860811466,0.9500669010557404,-2.6982663825402895
-8452.278525207556,0.9977792267949089,1.7972791501034333
-8455.289651014938,0.4651229867158596,-1.3048857153609246
-8461.597478185638,0.9534633347680341,-3.038214202113114
-8473.803640760974,0.9994368508733299,1.6644434985654524
-8499.091430032202,0.9227340440275601,-2.825014654419271
-8550.10895067075,0.9940113416025727,2.780226322982636
-8568.481126137593,0.9896689036838144,2.311169739050822
-8568.485690560476,0.9916739533396624,2.378240775362328
-8568.485392455414,0.9935166437423926,2.3702245534113775
-8568.49042210053,0.987907961690342,2.2617748412085543
-8568.497957535528,0.9922233434540245,2.4982741662841406
-8568.509831139447,0.9999042433375399,2.468979498717678
-8568.60559002646,0.9978411793125359,2.543268312048088
-8568.730818188813,0.9892982220103337,2.705197346589581
-8568.98742589091,0.9968327308040794,2.57630792879615
-8569.504333724923,0.9123514630823999,-2.4758980163128723
-8569.76254872732,0.0029834347391937007,-1.9591249165510325
-8570.923018389114,0.062023999831292725,2.4926935600095135
-8574.012446697869,0.13120873640156744,2.66620982307653
-8578.690625418525,0.9866079638965917,2.3941340582496897
-8589.725692065505,0.014936137196578141,-1.7169924214793206
-8613.408244061515,0.763431456994369,-2.5975616267852892
-8664.631737039863,0.9864111609379372,2.39438722701754
-8683.213295584395,0.9675033254411841,3.085835649340888
-8683.214543289612,0.9743813706407872,3.059067050252226
-8683.210492369099,0.9640511056759584,3.081935695100313
-8683.22285914649,0.975247649778106,-3.1331416730877777
-8683.250769837408,0.9880334254368405,-2.98338390974725
-8683.296850876655,0.9707235829868283,-2.8685190357774606
-8683.379695754536,0.9896950034078056,-2.7347914139898424
-8683.513764685855,0.9079067879422994,-2.7469162830813216
-8683.758897271384,0.6611829499957459,-2.4407382978155927
-8683.890547634242,0.17108860478185248,-2.3538823471685704
-8685.019980903064,0.02409777347101392,3.100611480882841
-8686.456255973731,0.7908884292279144,2.278482859798112
-8688.680606910044,0.9999357587574513,2.254554473811546
-8692.166599026576,0.9946208400030021,2.4567363847281687
-8703.54191526563,0.03263163561513601,2.97293740827328
-8726.627178124985,0.01233696746054906,-2.9130774994061803
-8775.83634850056,0.9957317934733037,0.926887610516629
-8799.688131480754,0.4061678698000736,-2.3097240705516513
-8799.68389803851,0.40775652446379396,-2.3460313963227963
-8799.677257741001,0.41811907246503077,-2.462711141073066
-8799.683572701953,0.41194648664979777,-2.47851792019021
-8799.67946718541,0.3840238321237273,-2.4746954571485342
-8799.679319434477,0.35362922192573415,-2.2501048133265997
-8799.687517453487,0.27064627828660076,-2.1559040118102786
-8799.700656748259,0.11769830190374973,-2.46579369804375
-8799.928246092046,0.05959504194324252,2.9816503678136126
-8800.396429201168,0.315741142191641,2.4104999345951033
-8801.010378241277,0.9987482844080082,2.029074827821483
-8802.656643803408,0.9758447306609485,-2.8247635967212683
-8806.69327356107,0.9967178411601453,2.99412875399749
-8812.362278902243,0.6820025329985341,-2.148574785238289
-8823.631963187288,0.5438217965385684,-2.7339302459080037
-8848.9470365089,0.0013165774818374477,-2.2899954100234394
-8899.359160145406,0.7120220643539324,-2.963849139955214
-8920.790485805905,0.1369537439949142,2.833512966171739
-8920.79367129081,0.13367532998431134,2.82342298015986
-8920.811461770405,0.14141332691630537,2.7812622310313495
-8920.812189216795,0.1571645377238604,2.995983975909466
-8920.831491413304,0.13942926634821337,3.0317145807341745
-8920.861735524064,0.13849979787914904,2.9569920532254734
-8920.947452631493,0.12059959098325612,2.7644703300397575
-8921.136170050084,0.16726056847468881,2.504953798621848
-8921.288246321275,0.3337168575440756,2.4608374421151415
-8921.488195683874,0.31268105114150174,-2.173922150694872
-8922.339415674584,0.03466439066155263,-2.6680592876695353
-8924.077637029073,0.712392436514867,3.0013963480427037
-8927.419876425021,0.9790017610958008,2.3051419618469655
-8933.443010012048,0.01140668726140982,-2.4291067188899396
-8941.005884127433,0.9891583621588161,1.8602830849279544
-8960.648246814597,0.9930538095256379,1.3306917508653804
-9014.789963068291,0.006413984129453848,-2.9659782574155944
-9035.13119616177,0.9954321794320581,1.5848886191965423
-9035.134911731699,0.9954321794320581,1.615678222747385
-9035.140750227845,0.9910934396731089,1.4831857534888373
-9035.13558870178,0.9978305676084083,1.4672962049680818
-9035.128742670908,0.9955860085558313,1.5179408302534396
-9035.11733261553,0.9955966559106886,1.6025811517991544
-9035.137547645832,0.9919352159846221,1.6475923117102003
-9035.266737159474,0.9980349354934538,2.2856780075630443
-9035.42510435589,0.993746502064924,1.9511294804107742
-9035.863364033701,0.956827419537667,-2.984125100714532
-9036.789847254138,0.6364789009870964,-2.897146325065632
-9037.936811297908,0.12586863728661593,2.836781437350713
-9042.139520455516,0.010514096130282893,-2.826050246097451
-9048.8686618323,0.8863245937859483,-2.342620654168805
-9060.573992592377,0.9214460210732505,-2.867689890258104
-9082.470159692111,0.999684195242209,2.185886716085548
-9132.531387324158,0.14876364611149778,3.02705942565289
-9155.549954865914,0.9782200223791998,3.1045413029077604
-9155.543617023064,0.9822689592385522,3.0375172780274013
-9155.536609761955,0.9756716870765693,3.0661158752628292
-9155.526074295329,0.9804182465248952,3.025962151673392
-9155.541750812903,0.980194332923319,3.0211492986716664
-9155.57715729969,0.9537506912647954,-3.0918022494511135
-9155.611188997798,0.9960407354765632,2.749503227384955
-9155.758300359277,0.9225798822099476,2.9709924660694984
-9156.044888420603,0.9722360269101427,3.112523445284216
-9156.510885706697,0.7615100063166587,-2.969685024264172
-9156.722163690534,0.05083296903945878,-2.33282878904293
-9158.276815544543,0.33637729846001774,-3.001514715956438
-9161.291670798119,0.7509236303272713,-2.718889231321127
-9166.781055881722,0.02222205209856569,-2.7546382749059757
-9166.535549699136,0.004181182808886639,-3.062773824836479
-9195.063520418193,0.2006599605827391,-2.385694617778045
-9243.431626861482,0.3306683237379097,-2.780707242834423
-9260.829840760889,0.7610640795397692,-2.6872769045760054
-9260.82844705912,0.7561269537964248,-2.7144372829537082
-9260.83445498931,0.7495622221532136,-2.8935824283103875
-9260.859965134863,0.7506503512343587,-2.993657767831303
-9260.881050764758,0.7659786459489564,2.947063777691909
-9260.89821028012,0.8024246940768569,3.136889769787297
-9260.940674184922,0.7971704224795617,2.9109207708131297
-9261.020650579716,0.7976883886515935,-3.0869505634387697
-9261.251286096774,0.7445020608331167,2.867350206588
-9261.71820318226,0.9988876594839341,1.8903987922788819
-9261.693894658054,0.9987240860728743,2.275526992596375
-9262.224855242273,0.003514755896308146,-1.3664068722878904
-9266.200900107153,0.04889399694723518,2.8063271853513765
-9271.45310873439,0.5739098026766778,-2.6748321413137126
-9283.35735239438,0.9112286151392855,-2.9409915582585984
-9308.407787198996,0.007853952459374664,-2.774190162019405
-9361.276644168105,0.01158860793360133,-2.7278223988983896
-9384.440759598941,0.055677896237014746,2.9905296817620766
-9384.441207766264,0.06193485048210588,2.9420711044304264
-9384.460793265387,0.05739682948444137,2.950161866714473
-9384.457853813905,0.06549468309721997,2.871693036046846
-9384.475911320906,0.05410143865981642,2.828620363570222
-9384.525719029045,0.07517615902397223,2.521656149505773
-9384.50877051622,0.13770374449997638,2.6969721516062037
-9384.624404397378,0.2296149147406047,2.752597196393924
-9384.935050111371,0.20004925940221674,2.4714323257603557
-9385.147436245254,0.6467580027181491,2.950561732585933
-9385.76707862154,0.7624656406620048,2.3821075782780943
-9387.696564029837,0.7957671638489877,-2.6436212018683145
-9391.275689752236,0.9044125017268271,-2.47744061389508
-9397.016352776354,0.03188989881221815,-2.9083916688039904
-9409.006519757007,0.016322114790617126,2.927914937067248
-9433.183691184875,0.7755125374799696,2.766371211523829
-9474.604389845415,0.04513362968633334,2.824405142786727
-9495.42106135053,0.891350885401299,3.066916200141648
-9495.422845692148,0.8793081198016868,3.028840126157088
-9495.420132853538,0.8834625434945139,3.133469780021356
-9495.430473476332,0.8897692501367123,-3.1330458729949013
-9495.462366203174,0.8940507336471848,-3.124129939258502
-9495.502327739146,0.8901116155686424,3.0221365135937246
-9495.579715652084,0.9740737789057383,2.8538121244336434
-9495.73548400185,0.9990989191643596,2.523497653878662
-9495.904949494552,0.9996368292715736,2.1691287152031142
-9496.341961496968,0.9976843298004915,2.4251810467292163
-9496.803944595758,0.3380130484103758,-1.607665564200453
-9498.06563514915,0.007165613337384805,-1.9389927680230583
-9501.060645124344,0.7442123694153275,3.1058739739427637
-9505.249401346147,0.996341979940831,2.942090040130762
-9516.584051840839,0.007379501083561291,-2.484654782982732
-9539.898716595997,0.9954157143800533,2.310031271251657
-9586.21825893874,0.9435123920695109,-2.979626247417641
-9606.225781656613,0.29534780530211513,-2.7455578025928467
-9606.22838727684,0.287551165603064,-2.757688279567886
-9606.242219207059,0.27617581336782554,-2.820142239056855
-9606.244848955805,0.2806770770127006,-2.908440447600679
-9606.235172416635,0.2833574028339802,-2.885904670414217
-9606.253162300103,0.24428941878428906,-2.7213009791576073
-9606.303220842206,0.20483871281756416,-2.319312736467851
-9606.418470892408,0.13042671451237967,-2.867524813670212
-9606.737451289942,0.0019940094409499143,-2.4393182669179705
-9607.304685293648,0.006205778784748079,-2.8892289781344775
-9608.208774779036,0.0008132508014229538,-2.3108666827543853
-9610.290810355957,0.003541422858560043,3.0819024543659683
-9614.31147994151,0.7894161484524364,2.5690822405951153
-9620.472322257674,0.6930737237959727,1.2181673931781258
-9627.730400397215,0.4449335985310867,0.6886928880205891
-9651.130823468664,0.9894924202625546,2.4725152043335266
-9705.020549590568,0.13939757942361658,-2.9119541396988424
-9725.404539929767,0.4192603272906275,-2.5187235722065258
-9725.407764030906,0.4164236416049701,-2.5460638078272755
-9725.413624016473,0.4137568795833228,-2.5351299485719667
-9725.409748903112,0.4270734397473021,-2.430479214579486
-9725.417719229534,0.419035377527584,-2.3441854103938313
-9725.427908195257,0.38194500901454986,-2.261083195269761
-9725.446882907057,0.2907974839136034,-2.556642548603041
-9725.44877130013,0.09872802085799838,-1.6022730204574862
-9725.199537666009,0.007193255929214084,-0.7123091003067445
-9724.646881767107,0.1053534407863582,0.20772461081286941
-9723.60567451925,0.24623842376644373,0.8515014351466723
-9723.792254476779,0.9552018227136018,3.0995060552780878
-9727.800427210665,0.3125590681756968,2.0465932650170755
-9729.387223140993,0.9964616933776768,1.8040372792535928
-9738.611382327445,0.0022580262834170787,-1.4210503155560077
-9765.986979254107,0.9835347249386756,2.0350539710725375
-9811.776374199377,0.98770892888639,2.2489971687022994
-9834.447706214958,0.3932838104569968,-2.2028552819504914
-9834.44825419358,0.3937640222015412,-2.1498703652031477
-9834.443260259797,0.3905345915995336,-2.142883840606603
-9834.435883608718,0.3873564963832398,-2.1413032507257044
-9834.432319624155,0.3677750240429951,-1.9021456681999975
-9834.407164264187,0.3541388938814218,-1.5837898775179289
-9834.38081605028,0.223813359305336,-1.535267896943951
-9834.326430217181,0.055627142856847556,-1.5703816837950286
-9834.432435305876,0.003471547208929192,-2.2164787677241526
-9834.934881470235,0.00025045797290034963,-2.841845087120254
-9835.891543006346,0.26015277939138626,1.836056259076516
-9836.886539179583,0.9856324498064263,2.845310616601375
-9840.560725328327,0.9555623703015956,-2.691530050147841
-9845.288892061393,0.5113551860861479,2.5874180550865944
-9855.732235059135,0.9194328816648676,1.8024283174822848
-9880.774473661337,0.9752524424048598,2.880064035012171
-9931.630135047417,0.9993559474082027,2.332586408670421
-9952.41461103527,0.9989794359653951,2.8989020629401736
-9952.4119360052,0.9986531198322872,2.928249638941507
-9952.422028028694,0.9974155151884914,2.8927073836734065
-9952.443877829292,0.996286694805896,2.9818283913338286
-9952.479926489917,0.9911347736170566,2.9854218554053684
-9952.529987500398,0.9963213250691169,2.957145342622642
-9952.606763456184,0.975862871649024,3.0575237430563362
-9952.758230713076,0.9655939405805226,3.084812884747361
-9953.079949647492,0.8847504807373742,-2.7481107019227498
-9953.083318702063,0.38562312811749194,-1.1934501744474215
-9952.979412870047,0.002177682983132196,-2.4523122568073843
-9954.95115722537,0.00016230795682503803,-2.7920290418250584
-9958.790765401684,0.0009148837445905622,-2.4754702295414477
-9965.083331645266,0.9465028817731128,-3.003954258598388
-9977.63501951188,0.00022502022519194347,-2.792318077146764
-10000.280514144206,0.4090122584765119,2.4649106042196784
-10046.705932524055,0.914397650768455,-3.0773921029080378
-10072.142940894191,0.7937206261883712,3.107399094401056
-10072.141936687503,0.7959489755943678,3.101899204161457
-10072.149635004535,0.7943398321397507,-3.126276900825598
-10072.152847112544,0.7888548274258452,3.0970350132278526
-10072.164502085767,0.7927153305947351,3.0549692394662005
-10072.184959584894,0.7536353088426043,-3.038978236456409
-10072.274229755283,0.7752801796785546,-2.5846462966441868
-10072.354695085165,0.7208461577482219,-1.8780681136392918
-10072.39693296346,0.5010868843269314,-1.978717393436776
-10072.565375362516,0.0008286210359547061,-2.816166329128499
-10073.32580244863,0.5326786072702648,2.0401731404237964
-10074.956495049511,0.9861142146028238,2.3973254552619814
-10078.876334701674,0.9564728480625476,3.076532003884129
-10085.067603473031,0.9991345556781462,2.1392958045579125
-10099.243396686126,0.9977486072418226,2.6404683997711436
-10122.954566846283,0.8642434683853715,-2.8362969871128345
-10171.292058490259,0.010860493243474838,-2.9211393776411696
-10192.902369050784,0.30863847283864765,-2.8126125563540447
-10192.900801536303,0.30985152176297653,-2.7751907249814987
-10192.906689561381,0.29774055856549086,-2.823919541921243
-10192.921619008852,0.30268125389151146,-2.800820581974971
-10192.945550371136,0.29190637890923843,-2.9375921467208213
-10192.952190877331,0.2933112349442032,3.0547641742965226
-10193.046291009086,0.2700859603902791,-3.0596515578455232
-10193.150270692542,0.2690380560752096,-3.0829124868741933
-10193.274386802248,0.07974021848518702,-2.6644420577916885
-10193.854024836503,0.015153995450056388,-2.9510502511059706
-10195.173206707394,0.08112445149092992,-2.6096902920511633
-10196.858831531199,0.5290991529680593,2.943028079548391
-10199.887311710801,0.00320444317306033,-1.6807040569171292
-10202.363467223006,0.5773106797930436,0.4841122202684627
-10215.890109168431,0.6442486243182896,-2.3243254468461756
-10237.975379744543,0.9625793957198899,-3.0817698235857898
-10277.93946147762,0.9360059739127976,3.068653387552339
-10298.737482804672,0.036374222224752964,-2.8962507812163647
-10298.738375390287,0.03913663329089486,-2.8761386295516704
-10298.739541504805,0.04229322770771461,-2.894524961373269
-10298.74647050015,0.037288766700379276,-2.9601848000334843
-10298.769933783322,0.04264687696445821,-2.871757910760533
-10298.810480203887,0.041332182918618614,-2.933349014201394
-10298.902642904173,0.024376349096391588,-2.9799905534406936
-10299.069392919879,0.060865061353454444,2.902285807778476
-10299.387967159448,0.012097429703630315,-2.7752210827090322
-10299.881600095116,0.07965930612003988,-3.0416631632567728
-10300.507611173076,0.7028864112988467,2.2548814607303314
-10301.834676830516,0.2857937635901663,-2.1625178110308387
-10305.160084334339,0.0010218547411514746,-1.941509933576198
-10312.082600721984,0.9891253223572624,2.585471529340886
-10322.432334055553,0.992877504919372,2.3739533075770574
-10346.287059546354,1.7993869852414275e-05,-2.221962143579768
-10400.4073499176,0.31698528210595417,-1.0597591261198955
-10417.246659864024,0.0034846608936105576,2.8135495663776986
-10417.250609927369,0.005284334305610278,2.732238404759233
-10417.25866551583,0.002635082497021943,2.624031036196852
-10417.25645364254,0.007821835945640492,2.6165126616124166
-10417.289269808443,0.024710233602237973,2.506034962740028
-10417.301529130404,0.051614749309776525,2.373683409125805
-10417.356612915572,0.07732817724084956,2.1487767459127847
-10417.388072543297,0.21374509588275548,2.3504816329142546
-10417.568365622084,0.3730956708023956,2.652488742536848
-10417.962229949275,0.6552793978652919,2.348030587403076
-10418.637315231557,0.9865555058903308,2.8859284844437534
-10420.349287579862,0.024028120602099846,-2.4578744412398916
-10424.784148292012,0.2597715479855957,-3.088460883279169
-10431.135769770537,7.668257887098566e-05,-2.534350700021255
-10443.33816527195,0.9962205896532411,2.46898180960112
-10468.76918662697,0.33623245279454334,-2.1994008889712493
-10521.624654977144,0.739070735216337,-2.94833542994505
-10543.308969314081,0.007277265026844965,3.0145123235825224
-10543.310937772629,0.007708974683455793,3.0495500170060046
-10543.319336213257,0.011244133261407144,3.0888471683530696
-10543.318744185393,0.008195806051810535,3.108807941673213
-10543.333945759776,5.685056448814611e-05,-2.9751575755762563
-10543.362173854428,0.022585175893224098,-2.96199013170458
-10543.446207083365,0.013987438111417677,-3.098547747027178
-10543.589896172803,0.00818885840555122,-3.098332860781011
-10544.00623893933,0.0013854619112393263,-2.7589042819262604
-10544.558244915896,0.03910114688689931,-2.664816217469064
-10545.209325191901,0.007113199332615522,-2.491866682609709
-10547.099508775962,0.19673311924968068,2.637929175249843
-10549.995912953804,0.4895423798089875,-2.6371830159399217
-10556.602949561602,0.01503344380600033,-2.1712463914499756
-10570.129948031376,0.9850506127484241,3.139802038594439
-10595.451833619842,0.00013193887625152691,-2.3708068398202258
-10645.31324662882,0.00046256728938058947,-2.327625238161387
-10668.346382065483,0.04354039965789181,-3.075204295657933
-10668.357855564032,0.04262018108106199,-3.0646666126228768
-10668.359465522071,0.04484106806989169,-3.068691006731459
-10668.379177473078,0.03726453041623554,-3.1179525546033857
-10668.40249900106,0.03915272192038775,-3.1388087375097364
-10668.407796986225,0.03203066692788357,-3.030652225470166
-10668.47296025515,0.08793316097417186,2.8814155367815424
-10668.556408882565,0.1772125013639451,2.709970305603794
-10668.72803449138,0.30771385251704336,2.560875187859896
-10668.952480138902,0.5541726183921185,-2.967193211630256
-10669.44352489035,0.7285619328969665,1.8033209808797572
-10670.85178557215,0.9998695655083237,2.4315878163285767
-10672.873191438985,0.00016339375148277657,-2.0624916259480184
-10680.205825801393,0.9918049564317273,-2.860856166415839
-10689.004402707238,0.0025142804505868368,-2.4850500442511154
-10716.697434600568,0.55022228143497,2.9039500581402837
-10768.709786972617,0.8727525634324658,-1.9265899550078671
-10782.10608851708,0.9867041123569926,3.0231073652003886
-10782.113052448665,0.9750972904332786,3.0312749007813586
-10782.130259742655,0.9769583205559016,2.9497938385824245
-10782.135830907471,0.9737061229173329,2.8759072774102012
-10782.140743696207,0.9795674444743346,2.7854426118896445
-10782.200010742608,0.9933506364052813,2.6581731300398825
-10782.250973475666,0.9819282375634134,2.668930166415678
-10782.402116739007,0.987554041464264,2.8658745127879435
-10782.701183178855,0.9885713909906075,2.8428794819677297
-10783.312323874216,0.884885679585566,-3.1163855832862417
-10784.381768518893,0.6314161904207799,-2.9151547250279717
-10785.24649315833,0.9682599310746931,-3.069754355009997
-10788.974512043511,0.43194999316039184,-2.1894877511410478
-10795.010425144706,0.9909713618363694,2.1190528564454594
-10810.601105594185,0.49525363974082476,3.12568243558321
-10831.841442327339,0.9954364975862862,2.7591513350463455
-10880.37630684437,0.3227370660694529,2.6342454493637266
-10904.606601154559,0.017381860489439932,-2.7523703076115345
-10904.613660690433,0.020157258042302166,-2.7312312808729318
-10904.621309430879,0.015263148920238372,-2.671005526995905
-10904.636078570345,0.004458556912109278,-2.598398976829353
-10904.641394310733,0.006964925175379181,-2.7008128789197254
-10904.683297930873,0.015590940208538032,-2.7552925699501625
-10904.751273139751,0.006004594867058606,-2.4152708547493744
-10904.879665607285,0.009210005630189824,-2.285724525875932
-10905.00548742829,0.00039332929020684314,-1.85693752425769
-10905.216202223388,0.0019138506247616824,-2.209621122894748
-10906.323987658523,0.007564080393869802,-2.7166112439765295
-10907.36137346876,0.7226402116971334,1.111124664473019
-10911.3951110778,0.9469102926247154,3.041304321862601
-10918.687668018787,0.9993675053444226,2.3055703254713054
-10931.682480277246,0.06374614964183273,3.140485967379732
-10959.249914722528,0.9003322776979983,-2.9655712068618327
-11005.389605223616,0.25871778271772095,-2.8888910984623806
-11028.301486094468,0.395481705713023,2.5883597529897724
-11028.30605696192,0.40384771716174866,2.638252327998801
-11028.302891387022,0.4015019885298431,2.4973208461973684
-11028.31162273352,0.4170384650890163,2.3879477237864517
-11028.307887394745,0.44593604258554065,2.287265790507785
-11028.331302527176,0.4692399970701721,2.3964845176841134
-11028.376850782051,0.5103488656574732,2.6261860461468576
-11028.512703446744,0.5183611417945481,2.8084299884011727
-11028.648038643745,0.6088007613445245,2.6613107215390297
-11028.865855543194,0.3579197039849515,-2.805715513196224
-11029.48265106576,0.016096037520991705,-3.1370064821017736
-11030.84546092164,0.9079079937289969,-3.061645055188171
-11033.801126556558,0.42973503245399924,2.549832408386571
-11039.304473276743,0.9867100049164943,2.522469863205661
-11054.175024784628,0.9888136486904638,2.8179329789091163
-11079.40354108063,0.8918602757557715,2.332641548259149
-11127.965892112452,0.0019385134186792508,-1.8755877000781855
-11149.741708907177,0.9930509806548415,2.3004284066730953
-11149.746066064048,0.9914454621831178,2.338384582313222
-11149.748243043236,0.9878551447584206,2.39343891188265
-11149.76552087396,0.9967538286428063,2.473408647380986
-11149.760109751442,0.9819682086251259,2.4279687173805584
-11149.789228681026,0.9811395117491539,2.1735206639258635
-11149.820413434258,0.9856665357159056,2.4520124441943363
-11149.979771080156,0.9867965877984308,2.8121506000075467
-11150.33567594685,0.9892769753425501,2.9077368968382906
-11150.879949007995,0.9128353875541028,2.8953626389704414
-11151.741704858776,0.6825987513648668,3.1239098254517916
-11152.953639404834,0.9412812351630233,2.792617899449171
-11156.86885859296,0.1511254281767408,-2.5684951425510136
-11163.019216786608,0.005193691804629735,-2.6389214287095393
-11175.922860110191,0.18023185601694275,-1.9210707498416686
-11199.68719799436,0.5824785712415049,3.0374564241096333
-11245.766908620662,0.013970418532771136,-2.505117458875324
-11269.031971665081,0.01839353537720837,2.2006049895352886
-11269.027711230674,0.017828511076361048,2.204566475228452
-11269.028480518868,0.016853088982107092,2.178624103205914
-11269.04135141478,0.038250762791554746,2.118522627574132
-11269.060816096518,0.054335951789041194,2.0903809344824396
-11269.057062591717,0.11822675029784713,1.9453532147798205
-11269.090536177506,0.18242909693478127,2.0140072655288
-11269.083133269147,0.27588862064618325,2.3950747109817048
-11269.238579563045,0.4314413264756316,2.693335968722833
-11269.632663861805,0.29507863536804724,-2.594407120225327
-11270.613355481635,0.0040715006904169385,-2.223218392160284
-11272.240820200504,0.0006319575370244118,-2.1425447355978386
-11274.863105343156,0.05807186610243113,-2.5271270695949046
-11281.850956710727,0.7928391391745913,-2.6997371612766057
-11294.018745259926,0.013392720258444058,-2.6739117875479557
-11318.88739371075,0.5767561683059396,-2.160917835604626
-11366.553074864956,0.00027698387094462367,-1.5955462116449595
-11392.584431491783,0.9980062741522806,2.689612221691254
-11392.589228012686,0.9987479727631738,2.6999948797665354
-11392.594578802516,0.9975320603448875,2.711504301213197
-11392.612850496082,0.9779060073763608,2.8400963553233485
-11392.610708478851,0.97501075985559,3.027550649684632
-11392.657578311,0.9842313438782548,2.9497029419956453
-11392.749033100208,0.9964898532676308,2.5478707427657827
-11392.888968205214,0.9832162872669483,3.1087477499838556
-11393.161056270395,0.7948385837535553,-2.2053223073758708
-11393.590812629129,0.7657889840437907,2.8147383262533836
-11394.570263743693,0.6471899513321215,-2.884065214354269
-11396.138796125866,0.5745036314179334,-2.689243759360693
-11400.187380270283,0.9890135787003568,3.047465960570971
-11407.479541221937,0.8822506143345932,-2.639743219045096
-11419.967461565875,0.07941383935472134,2.8146626828251486
-11446.822563380729,0.011897325019070856,-2.4639510649692955
-11501.119059206188,0.773490215611269,3.0705794797251613
-11523.072664074158,0.0014030015327281568,-2.309178665519395
-11523.078274320533,0.0014030015327281568,-2.2961906507455607
-11523.077565306432,0.0026030055409658206,-2.293265061682835
-11523.072531219417,0.0026030055409658206,-2.3632013872342292
-11523.09015186409,0.009940561933978758,-2.4220729193767037
-11523.093612413935,0.018516152267667046,-2.5308479476711176
-11523.146017676268,0.008260427767641113,-2.6950975059124778
-11523.321502890876,0.007029659261400841,-2.552424040472742
-11523.655394471634,0.09605512280123323,2.7983513104945583
-11524.15618413252,0.1866848028226067,-2.9239590548114514
-11525.167920797068,0.02014784190814632,-2.6289220452345363
-11526.92675142116,0.6825813851452867,2.9120990946612784
-11530.83970230272,0.9960601232525088,2.7970975908795026
-11538.556727852167,0.018706271929811415,-2.7202045039821354
-11545.112852391447,0.9960723016666652,2.4739938551674374
-11570.20919144064,0.9971326724832422,2.2128048406577143
-11617.67862028665,0.40710998823003436,-2.832352842750376
-11637.619682138878,0.03844849930833469,2.7578211743094077
-11637.624290544236,0.03399972166267115,2.8520776475574916
-11637.634455921585,0.028013203831790318,2.7882605129500453
-11637.63151204875,0.04041362029311794,2.7523556392868667
-11637.644158779853,0.051365677589814876,2.921164364645806
-11637.664945118098,0.05163634439344137,2.990752008820829
-11637.752310307375,0.09896950894644434,2.89972547686326
-11637.850408257722,0.13964568778408024,2.9335765216086767
-11637.978213793964,0.28812499449562745,2.4903897797550183
-11638.180269973513,0.5195820920781435,2.938808291859181
-11638.943726695123,0.716487101551527,2.5776866045791937
-11641.151889285657,0.9111835223070475,-2.5453011861540924
-11643.459162688396,0.9974294020627756,2.081526219339704
-11651.393113900462,0.01789014071672333,-2.2975233235980737
-11662.518261449097,0.4934315096000354,2.9436044457540103
-11688.926607735928,0.38759384442190764,2.1816482131192156
-11736.434457131596,0.00566581358186031,3.0494984312435776
-11754.357920021801,0.9948775779704726,2.6916766655925617
-11754.361788288428,0.995350056986497,2.639566776325923
-11754.370220473886,0.9915307844307526,2.6892235050856392
-11754.378311490129,0.9851594822668707,2.609395375153417
-11754.386767576127,0.9878049231135411,2.6028396139617147
-11754.416398852643,0.9919779709298274,2.5485905761979657
-11754.508485042948,0.9988365173084877,2.3932193136257993
-11754.659974486045,0.9964538312291884,2.891399448067025
-11754.824833908762,0.9811383937457806,2.197935365270821
-11755.361269178224,0.997278693377365,2.6230073483801988
-11756.368261751266,0.6938707204550685,-3.121186623499688
-11758.160683281552,0.5254385007902488,-1.9455809117492815
-11761.869847685324,0.19435551586409938,2.2713527362612496
-11768.584408336728,0.06014034225134549,-3.0274436769433395
-11778.987561035092,0.9754300682893178,-3.137757811220613
-11805.442082986005,0.9975210936221938,2.2224796492236436
-11847.295900190118,0.6321260968982185,1.4649767869381014
-11863.908514434484,0.00045274697020826005,-3.099462416749306
-11863.911355177232,0.000793693228029759,-3.084208473168974
-11863.9143301038,0.0024465839888257127,-3.0881534792026275
-11863.940377158617,0.004965378829998581,3.0351747502250657
-11863.971119565751,0.010697171246033086,2.751816697943468
-11864.008380564484,0.03720333868832032,2.499511058942878
-11864.043466518931,0.053481656933776045,2.6857538323315175
-11864.166896791896,0.20351480625124235,2.353337283266713
-11864.363615444667,0.14530621955071016,-3.1015998596708276
-11864.908686753151,0.08039288050732954,-2.0507855410375226
-11865.884402435113,0.01202975770843278,3.080339484343379
-11867.978821726996,0.1977214576030693,2.30162977388143
-11870.334099768339,0.011554455745635274,-2.21946664136613
-11876.223361245979,0.9889257463263639,2.4617996946921608
-11886.653157048084,0.997194188150902,2.3904675697635867
-11906.80280768485,0.0030464569285946997,-2.577864343508615
-11961.866234797826,0.9730438932051907,2.764537890597831
-11974.377180942809,0.98870427423944,-3.1367182132654188
-11974.380043891197,0.9886003115288016,-3.123412716693181
-11974.397019976446,0.9831790611487982,-3.054896269598925
-11974.409124510963,0.9803584543430952,-3.097073757211568
-11974.445389157014,0.9688235025455578,-2.613679818732129
-11974.464126771642,0.9411804147814397,-2.493885365624023
-11974.50331836377,0.8602776743005552,-2.517093529317261
-11974.57022282856,0.7020959601229189,-1.9496194865514311
-11974.553085319896,0.39127925908224437,-1.954512368127216
-11974.382405365825,0.0027787891885745326,-1.100718997426855
-11974.967079284097,0.01798266132904984,-2.91997735798186
-11976.377340915747,0.9872988113881158,2.90607792980929
-11979.313771725943,0.41765400202904696,1.9312280338384786
-11984.628676593258,0.21563958427163904,-1.6272929790925068
-11996.358243776705,0.03907959794060978,3.0303638165077746
-12023.579519252602,0.020269557389635123,-2.529545579073076
-12078.319529770011,0.008642254883444318,-2.3891950732228002
-12101.310783493163,0.40615702778318574,2.746791018303198
-12101.321557904334,0.4053878479941841,2.7788164130137325
-12101.320036655814,0.40073056298843546,2.799872492682775
-12101.309333074169,0.3986594731506276,2.8315364985372904
-12101.313463616127,0.39657343036716647,2.893863049905411
-12101.312152090282,0.4057381526536823,3.0822707491227597
-12101.399986839897,0.40711820963502005,-3.10641101792892
-12101.569477010804,0.36959148794886876,-2.684197524929011
-12101.651304437246,0.23646344707940684,-2.8004998462018964
-12102.035669276374,0.1795745433394416,-2.8067739467018327
-12103.044962152366,0.061968968124684595,-2.7686391929150838
-12105.085818020043,0.01934799054921527,-2.247885862717248
-12107.200285356706,0.251456184182358,-0.8928014264026389
-12112.39448177574,0.764779985620004,-2.5315374704846616
-12123.803633928535,0.0025701575325311576,-2.431245844316183
-12143.662474649793,0.01113453316593582,-2.391870033612536
-12174.593405334623,0.5804651672686292,-2.6888090129476137
-12196.612627479599,0.9672256286304969,3.0819949989745226
-12196.611576547702,0.9675204748398931,3.0549076035099354
-12196.624719409383,0.9750043575048563,3.0986693625751816
-12196.639672301164,0.9688705536420823,-3.0686915422999963
-12196.643941465916,0.9797064165350436,-3.0331137506589463
-12196.666977184303,0.9893152412035083,3.133151163823819
-12196.697785190576,0.9432791314563913,-2.6693819004716217
-12196.77969371481,0.895581854023449,-2.802520085551177
-12196.998650850639,0.7950865574128829,3.0217400565652577
-12197.430736299944,0.7275109905729358,2.9293007239882636
-12198.221599618375,0.9256560087929099,-2.298455568115633
-12198.845186676066,0.024435337935923007,-3.0741844283661655
-12202.92564473273,0.004331511004194127,-2.5307426275497646
-12207.737774108857,0.8402503841081936,-2.717726109339263
-12216.053276148285,0.0019105138557122493,-2.310664857128031
-12244.492494411865,0.013628252775457829,-2.4776427627811364
-12290.349589413305,0.8128093091164137,-2.8442761552298044
-12310.560874512308,0.010800281132280716,-2.6970682818831597
-12310.557303634985,0.01030187008498726,-2.7322332070143043
-12310.554331052968,0.007587964245330035,-2.745448516006446
-12310.558261982296,0.019421183433467364,-2.847767511491515
-12310.585509080493,0.0025717403088506606,-2.8154625308116823
-12310.59963322665,0.0011562984883877873,-2.6964099455751507
-12310.617186255335,0.0006465499402732605,-2.5342706804901187
-12310.788900707563,0.017055489181884376,-2.6774549515051085
-12311.09060724042,0.07822930547401392,2.976074184449642
-12311.644201712592,0.014662772398868665,-2.5433682329928207
-12312.81567042726,0.016551744754786823,-2.922583536870091
-12314.816632835205,0.004452606692874347,-2.459741335044523
-12318.017312112492,0.8645163017867477,-2.8235832152031657
-12324.659942235323,0.9312653235209185,2.942431984132117
-12336.095902259016,0.7661468208516147,-2.339504591931151
-12362.424821425331,0.032174689243206225,2.9789321823142583
-12411.64346379111,0.999506718069044,2.3472618101308775
-12430.23075067301,0.42542248750268125,-2.6867392495081877
-12430.234245498053,0.42908811273827435,-2.726526226337
-12430.240011927062,0.42466219052902954,-2.7639692237394535
-12430.227719293085,0.42443066330984647,-2.738416933775843
-12430.227605589514,0.40446125461485377,-2.7192643370887595
-12430.220550187358,0.3981318674553572,-2.8645564421697784
-12430.244693398712,0.42990128463697225,-3.1144843370924304
-12430.339945985603,0.5030722110111115,3.0081485257977008
-12430.431527110692,0.3320874024353324,-2.711407400966669
-12430.730215821679,0.09741986075232492,-2.6182340987048147
-12431.628687189155,0.06218854906751424,2.632713227466599
-12433.061697382209,0.0003082781173640234,-2.1298845260849304
-12436.701291884649,0.9868407434899694,2.709911732424965
-12441.431636219784,0.4287535246296179,-1.474396036342137
-12452.085123979814,0.005046918979955424,-1.203875257132645
-12473.536037530786,0.9981936621544489,2.529681766416987
-12520.514443427734,0.5504280196866146,1.8666432390920473
-12538.470176084204,0.012865608939014516,-3.048913227146398
-12538.485053109574,0.014183205778016149,-3.0307481941951298
-12538.495125356994,0.02087515297020022,-2.9762734296936095
-12538.507975120872,0.019469731094522467,-2.8875419191653813
-12538.530515018654,0.025335877016514706,-2.7244071221663475
-12538.555622876225,0.008392552770938304,-2.731108364463286
-12538.652155169011,0.013174743611614827,-2.9303332254384555
-12538.785722701425,0.018749564668252724,-2.610695030863804
-12539.16472434806,0.052253391804745586,2.8482734017205047
-12539.31503070051,0.43791194526786825,1.4982251015783108
-12539.666502016287,0.986164839181165,2.517306388578387
-12541.369335335768,0.988866186423381,-2.7698365130078746
-12545.413115398425,0.647223910246098,-1.863050988626072
-12550.463399010903,0.5140490173212248,-3.1156869897388377
-12564.131712729792,0.016176658860577564,-2.853456236898106
-12590.456089977266,0.03500731129419766,-3.1203976873691075
-12643.287936637475,0.9050438026131566,2.9297564416267647
-12664.954567520937,0.008470156764216986,-2.1629624565795984
-12664.959408340012,0.0005062269139903958,-2.0695165932548165
-12664.96544833984,0.004409431844107011,-2.0977059480252
-12664.969039858128,0.0017285803831703687,-2.04245803302976
-12664.962068515626,0.005657904358925999,-2.07807304399133
-12664.98816153094,0.00032553603221672513,-2.0093611910584412
-12665.045794539712,0.002601600289255503,-2.0301541658282294
-12665.171108493838,0.0005062286063004004,-2.709129306779426
-12665.42919347132,0.00555338523153531,-2.8973909040160826
-12666.055815015487,0.010296439553528148,-2.8440124746754645
-12667.224041275487,0.13185921049183946,-2.9458781180924216
-12668.181990956968,0.9988054205946901,2.2416105381282776
-12670.950450390197,0.9955577738178056,2.2223690344936458
-12677.360504631682,0.977796069966695,1.995300044086619
-12686.603097786598,0.01703534009549266,-2.9889250033405785
-12712.333806771883,0.9982867329166664,-3.0340103529274156
-12759.005529182828,0.0879161789989566,3.0695434327601827
-12776.925978255851,0.4773315606224995,-2.1795237119220694
-12776.927620171773,0.47504650997557285,-2.137358853989565
-12776.926427097791,0.4739714074059802,-2.166231636064353
-12776.926229398801,0.46071479296517914,-2.2631127221533016
-12776.930227444678,0.43422240779149207,-2.2754857712367453
-12776.950955211661,0.4174992951451658,-2.1176174495310067
-12776.947624871707,0.3303458713712913,-1.8324204741011738
-12776.985905114205,0.14995758045797086,-1.806036244802253
-12777.18356356762,0.002809703575789635,-1.6216459121920734
-12777.536392081856,0.012577414016016121,-2.700703967544121
-12778.21220223108,0.5102600859964683,2.9892066481966157
-12778.906484125562,0.9975724376029269,1.465791046848672
-12781.962522052232,0.9865897889456643,2.9205107326067345
-12788.78726627485,0.0017371066486330845,-2.2691933605523302
-12799.91381007311,0.005840683596077235,-2.914469155463025
-12824.942184609607,0.9862147719337517,2.647551157490696
-12876.6377201787,0.9902076746149234,2.5135196691262554
-12899.195661769723,0.46771106644446897,3.0927818602929777
-12899.200617243721,0.4700847842398461,3.0754842426738236
-12899.200129058654,0.4722882351855981,3.0487375122787554
-12899.204791393824,0.47231372643145386,2.9751801754218006
-12899.223974348752,0.4590520036866674,3.085609431451309
-12899.244690079273,0.43141400489722104,-3.0089687047820965
-12899.295102553038,0.418137316248295,-3.132976552015087
-12899.389806668309,0.5059034025247688,2.6371673068446135
-12899.595751718884,0.6357594301383287,3.0688081287680022
-12899.98956583468,0.42911076726975816,-2.265858609276948
-12900.611117128772,0.0771932307178429,2.9692622170367597
-12902.188443996927,0.28938021053562624,-2.470161043573333
-12905.70404925355,0.9892050139633395,2.764636621424409
-12911.393943362487,0.016321724671014587,-2.090008847465942
-12922.221962407015,0.0025250808781526295,-2.2501685973320806
-12947.05488789205,0.021226440197449063,3.0054418599179433
-13000.319738018936,0.2837683376330118,-3.064699158529183
-13021.202190318925,0.9652376289467279,2.7201792706555725
-13021.20836545813,0.9696219131568103,2.755249439900025
-13021.2026786778,0.9756455477483603,2.6979151025816
-13021.226303964171,0.9722855467947706,2.7229334599722694
-13021.270392422794,0.9850489481868173,2.8211003655107945
-13021.324001634859,0.9866481096512882,2.8608197628839154
-13021.417850202934,0.9881358489034124,2.880695831361013
-13021.493398143582,0.9940345497990328,-3.1361352768174564
-13021.77732186631,0.997474869477824,2.7127726901027316
-13022.413377633002,0.9539215996822902,-3.018842536986933
-13023.509261129097,0.9951044426996979,2.347356203798668
-13025.587175639894,0.7995503661349501,2.8711364719800914
-13028.848713535737,0.00031680021245556394,-2.069760732068721
-13035.68892243684,0.7412412444527221,2.92172008466947
-13046.000275206095,0.9993559073152003,1.905450554411753
-13069.784494443797,0.9858450680109805,1.8861411596887177
-13124.57013262366,0.9906184783634538,2.9893461290302064
-13137.923383601252,0.008808653923371353,-2.0311951932746313
-13137.924028087444,0.011477374271415706,-2.072522096283953
-13137.930422878811,0.0011570622896229662,-2.0577918832311792
-13137.93380441,0.004539891176205794,-2.0028566247793687
-13137.953078736837,0.0017426626998610008,-1.9135112524089137
-13137.946526423028,0.0025095524064778175,-1.5868893414953043
-13137.992363779851,0.0034970069847289377,-1.8675225120630878
-13138.07167494643,0.0020561969822284333,-2.3745044609093817
-13138.262403119423,0.0004828384520245443,-2.568982998655622
-13138.86110671488,0.01591664617898513,-2.475880423526349
-13140.060034733044,0.021141317390351192,-3.0777814914833033
-13141.73538737034,0.9603368942857252,-3.0633769892559113
-13146.231741860138,0.6553332508369915,2.593239721079831
-13153.371200710317,0.9859700059971535,2.6480771200482733
-13167.391659051222,0.07851989384832343,-3.0435236156587324
-13195.474919269178,0.9970413739543379,2.189667823241507
-13243.854030496037,0.13302546972111093,2.8405934527937013
-13265.839720926382,0.02567956256559635,3.0774669286410807
-13265.848694122911,0.02506607891683784,3.0724162115714346
-13265.852497821528,0.02161950819769476,2.985118758966749
-13265.86010176238,0.02269501120015695,2.938574981531322
-13265.878358621037,0.04230664260054385,2.7874962595478454
-13265.921836291644,0.06689161788796785,2.461497454361057
-13265.94269470907,0.12205185636228533,2.243165871256897
-13266.066241904156,0.2660991944235782,2.447096020882176
-13266.21320044986,0.3840051246284844,2.3378909581527205
-13266.458495916126,0.650081838501699,2.9352124406470264
-13266.958631386155,0.12773810391950216,-3.086132383411402
-13268.420226102215,0.6333367150585884,2.4684507016130492
-13272.189906464318,0.9991708988104652,2.077706387976857
-13278.239924975418,0.9944063653713874,3.0490535121528426
-13289.931147849344,0.0132146909415661,-2.35831906436433
-13313.880793781387,0.0067705444051024575,-2.6663098751757666
-13358.34075884233,0.9991780903512918,2.8143394065584806
-13382.86260412596,0.6763500736395541,-2.746799390634599
-13382.861757547218,0.677579637299488,-2.722638669369098
-13382.8590850109,0.6779489099728498,-2.740456319309623
-13382.87703081702,0.6843649924081151,-2.80320608997747
-13382.883419256976,0.6832928125757346,-2.791771293316278
-13382.89694928345,0.6932179698958789,-2.8202029546252176
-13382.910447494964,0.6613598226121363,-3.018268235771884
-13382.98946067029,0.5928730233336079,-2.0084106311959204
-13382.909677229225,0.2407684340160758,-2.0258047472269816
-13383.327114489182,0.08476315175182085,-3.062886942162795
-13384.229401580431,0.017524841920243506,-2.910595333781574
-13385.751888457004,0.9969319688203596,2.743026671791031
-13389.633464033444,0.27875871976695593,2.4998645287114094
-13397.2027292094,0.9979773723729498,2.3549866224106317
-13410.130858273018,0.0005402865114012218,-2.312810502599326
-13436.011845239394,0.9234613172793911,3.131255513074956
-13488.018488146909,0.3322815604665935,-2.5381297469221478
-13510.781420745867,0.5396427411476412,-3.0925347547351
-13510.784247165084,0.532799815339796,3.1320600124104985
-13510.789492608557,0.5248366408041703,-3.082001073958362
-13510.794356549446,0.5442705467097377,3.1349311178035872
-13510.8175389853,0.5564172012874381,-2.9615602151095533
-13510.81732739703,0.5460777277526634,-3.0316732540972073
-13510.903269463888,0.5881625983855696,2.8001847748801936
-13511.046134486813,0.5919231188657923,-2.915354523481596
-13511.233180848107,0.5524015944779134,3.105951049385064
-13511.488432855787,0.7619752977753176,2.842847213584804
-13512.091124189852,0.9954215082718404,2.026157730020844
-13513.789065855179,0.8287990622727858,-1.9885311069783473
-13515.781038529514,0.9774085183438763,0.7051188267577886
-13520.339339898788,0.3434730995128811,-2.7230387403305705
-13532.52028450819,0.9926051124836477,2.612930380953978
-13558.627647220284,0.8141025059070711,2.350684483220566
-13603.381122266277,0.9967130757544526,2.872256195898782
-13624.709186755148,0.11374240993210268,2.7583144402166857
-13624.71158962521,0.1104982023754972,2.713018919509584
-13624.704885629066,0.1165567469549307,2.674644632812752
-13624.708504565147,0.11023689573001165,2.6892793320372936
-13624.709728046488,0.12021630357197127,2.5771687418027813
-13624.71386868803,0.13496377344386207,2.2750433866634268
-13624.691369229748,0.1935425674900326,2.0523238295019137
-13624.69410481317,0.35262707023381157,1.428216910043182
-13624.553198790403,0.6599220357600105,1.3552823951787722
-13624.653219495802,0.9871036250575654,2.5147332088919416
-13625.836437549808,0.9554144924932867,-2.7723315156384327
-13627.483990615847,0.12685819254044522,2.9217540482440825
-13630.031505709514,0.8052616878770953,2.8673969591801125
-13636.282921379401,0.9483985082164825,-2.859894761767282
-13650.447335198754,0.9923272770150829,2.246829095729634
-13665.955510290381,0.00044890616694512103,-1.8332818987782398
-13712.845189778258,0.9918321378733658,2.8878819862112346
-13729.627449277512,0.35253989075014663,2.8393107054305053
-13729.627070688815,0.3517589054171327,2.8348135224710553
-13729.629179492116,0.35510275103015887,2.866402267434454
-13729.63300817229,0.36262978765901394,2.969627764066292
-13729.64046224722,0.36020979336757386,-3.007503310747399
-13729.651559460874,0.3673319426420697,-2.884010772301394
-13729.698062952231,0.36357699458938636,-2.8186431663140823
-13729.798155069377,0.2788119784314617,-2.5221975204172793
-13730.066742388983,0.10821272804088558,-2.8822579918384026
-13730.624679503802,0.28551379402966365,2.623569397180564
-13731.191797659016,0.657643615879019,-3.0537208595763743
-13732.9299139671,0.9034421176275409,-3.0549896050078225
-13735.870634849076,0.045376395114593335,-2.87439327402635
-13742.026706833094,0.7459932614942046,2.517372300254544
-13750.786861193597,0.997127817191383,2.1425205044672424
-13774.179649923472,0.05056513167992821,-2.8662998648669378
-13817.260072223957,0.0012377897582431878,-1.9274008790552233
-13840.753193504364,0.003307649494891861,-2.268959334871788
-13840.746459369202,0.004944744837941374,-2.276356923622761
-13840.750909810022,0.004944744837941374,-2.3409884388027207
-13840.758659516052,0.01042661654010519,-2.4599612533275983
-13840.74853610724,0.014372920498391971,-2.293350368081736
-13840.760477876747,0.002082665186232708,-2.357644105684857
-13840.803479759783,0.0014846345415535013,-2.33813715266835
-13840.926883594599,0.0029972685680497717,-1.8350677189034112
-13840.953822666515,0.00014198655161648554,-1.8160115248163655
-13841.214613687567,0.005970171262590097,-2.335399200594765
-13842.255470955448,0.2826249156248374,3.0670125901145644
-13843.641166626716,0.8980336253461375,-2.6414836923488725
-13847.01545265798,0.5759994583906577,-2.4334627843023213
-13854.078060399988,0.4796358388627879,2.940996124218964
-13867.050552633344,0.8510598914293115,2.752123402903072
-13891.566574689468,0.3538812798651895,2.9156043091481827
-13940.579630789245,0.4121878689863655,-1.5916941600846326
-13964.151202412686,0.21875684586729097,2.8951742939100953
-13964.146976536807,0.22242157433471418,2.8340717758180665
-13964.142232515962,0.2181320098272406,2.836580845121407
-13964.16787288302,0.21285867747198894,2.8450560528638817
-13964.199264255223,0.25972065131906724,2.8737945524828508
-13964.249791689139,0.26120621181688497,-2.9322296123137486
-13964.307854195034,0.2231940698833856,3.0483822793206095
-13964.353854096686,0.3189793551090127,2.1763400183653774
-13964.528463974866,0.546630312362069,3.1105991373240194
-13964.89985029598,0.5332432638609453,-2.461732659177095
-13965.437416090783,0.5068869651500386,2.4666570302179327
-13966.342592096615,0.005533168308039274,-2.4408541347127786
-13969.114023685233,0.9997209175289059,1.9534137821357875
-13974.935307377338,0.1474338812821443,-1.8200096459955055
-13987.444192489414,0.7170856949782581,-2.0685186834648825
-14012.200198597197,0.00010647873853848972,-2.795504541193725
-14058.491800017302,0.0023762543082537623,-1.8778155430733285
-14077.494605089765,0.6954854641476274,2.2668524253983477
-14077.502326121285,0.6987633638706532,2.3429757119372727
-14077.49898614396,0.7031054998255006,2.282058573720999
-14077.52440323189,0.7114822071729283,2.3151024151353656
-14077.517087789538,0.7084036606312096,2.315684644080541
-14077.542646154636,0.7759213896608632,2.289418618031993
-14077.574338221904,0.7891103955464347,2.7716616186640257
-14077.73544543829,0.9211596828548924,2.4085652068540195
-14077.753055838717,0.9793464704694436,2.140989240829674
-14078.134859116728,0.9955314466937427,3.0838540711284974
-14079.331251888287,0.8781058290376929,-2.8305657086552607
-14080.550589529747,0.5818114638559885,2.5011167269734678
-14083.591078766534,0.4075631947104864,2.8622256371644745
-14089.460613345427,0.23870423271958993,2.2016488158758616
-14102.699302447068,0.9979064077524187,2.712706610186773
-14128.708224089361,0.3185433271215225,-1.7139119911888283
-14173.057454256204,0.6188464313744543,-2.8502725129643864
-14192.012301034543,0.9847448083347691,2.6239048875062547
-14192.011002842824,0.9833666977849592,2.640627960478847
-14192.019775046027,0.973541572855251,2.6483302397958965
-14192.0319146227,0.9606881603059856,2.612042282201033
-14192.033485249063,0.9536050191934764,2.5962869304557934
-14192.067317193407,0.9774329911348563,2.3877255701139264
-14192.167756041132,0.9985870711564425,2.255723110739611
-14192.249814894394,0.9951962767127979,2.020455133697502
-14192.59749142877,0.9835528961886636,2.7119478967543094
-14192.749244425087,0.5811273663875968,-1.0172561935091031
-14191.787072412813,0.004586501631414436,-1.5785443651154751
-14192.68144714985,0.024369222295181764,-2.9373205813073393
-14196.129915615666,0.8514367935059556,2.950348298964121
-14202.239691146347,0.9963551953594485,2.6331722266727713
-14215.941133087379,0.0177117123144618,-1.0850649921124664
-14243.629297817164,0.009275876380988176,-2.457625071172597
-14293.825980797968,0.6210421483055685,-2.705691047053836
-14314.031906993594,0.4870134821631795,2.1015184565174785
-14314.027753574306,0.4850477822873233,2.0986100138068053
-14314.032703718101,0.4941782253906028,2.112675451676415
-14314.03287933325,0.5161434204138585,2.23425701656927
-14314.039477116115,0.5316971494486511,2.2417211372769863
-14314.047788076405,0.5536217370300586,2.1496961006484456
-14314.04177472418,0.5832192247106393,1.860127404034274
-14314.002574467766,0.7342795964251885,1.473450826360346
-14313.934568810979,0.998301387010261,1.5488083257030683
-14314.074051924857,0.9902783545594948,2.1959983379555643
-14315.303433864838,0.9927254032788563,-3.0967325958539185
-14316.670685958534,0.0035836373774645776,-3.010621999048142
-14320.462773083442,0.6406622257428074,-2.4976716973056208
-14316.691674281954,0.998886230376571,0.5324155571707045
-14328.973162452723,0.7507739582267128,-2.0965362882083696
-14353.462575410096,0.0023190124402769187,-2.5978496549306476
-14393.10155070985,0.005738755559587204,-2.0972593328898896
-14414.95149478016,0.4512220009112461,2.883792403125165
-14414.953799205818,0.45840903590604426,2.8619801985358135
-14414.95408473473,0.45973306030829447,2.8802644484929782
-14414.959841785747,0.46037770325706995,2.7144684574387874
-14414.985798505859,0.4494124182923961,2.7063561764977253
-14415.017510615404,0.4581110075391371,2.649202782537598
-14415.060115664417,0.5734083188344071,2.035824627884514
-14415.047587554725,0.739273311873519,2.3497394527373174
-14415.184230233863,0.8874214740231158,2.4315301904289237
-14415.648623075833,0.9969004365122196,-3.1376578168635367
-14416.419088538876,0.79564156449926,-2.135858104176676
-14417.743286637186,0.0015421328705440673,-2.7225699998264794
-14420.871918041023,0.0027656096202369005,-2.31078355193151
-14424.694349532818,0.9971210224444851,2.3108530601714907
-14437.922566066418,0.08284169606402302,2.5424525150801145
-14461.869280668678,2.9419883464091743e-05,-2.317452354289409
-14512.378195821706,0.0018788029742144326,-2.0745814318723275
