x,y,theta
-0.22676025521697854,0.6470806873745245,1.4257527103282808
-0.2183949642728602,0.6582975460175643,1.3719966995777906
-0.20813915357480733,0.6622359670959611,1.350222243371788
-0.1835706033015325,0.6814206506976975,1.4936200951441716
-0.19293600073182207,0.704704820347204,1.5766065726527216
-0.1595299367453264,0.7159677526889844,1.5030272458340344
-0.06880721581996786,0.7445199275729331,1.348843547570417
0.06845508758200243,0.8667746915999195,0.7891681080791573
0.3917754490443348,0.9996718897617645,0.3162890400276046
0.7702824734402204,0.9999252186075898,1.058635052463262
1.4293118435642638,0.9997885642933133,1.5165706025174508
0.1987644857123005,0.33307331178704014,-0.8653309977146835
-2.0671929066980606,0.0017829374273992463,-1.3210726852804422
-6.70813661365506,0.26369862435797925,-3.0804501696539655
-15.700544198848608,0.09450973004355326,-2.33311511205829
-33.16583797911238,0.9343551997619829,-2.7265066689207247
-82.90649333440619,0.9997664057231885,2.1936183309849318
-100.6332330593863,0.6558781908117789,-2.6016871169540488
-100.63464517955843,0.6422533527677069,-2.5656457461376947
-100.64161818669282,0.6315492854548636,-2.6058354797900565
-100.64836894417121,0.6316350333209962,-2.6601373276060327
-100.67914058187506,0.6321022452147305,-2.6328653995143756
-100.72083654546591,0.6200142492624419,-2.472402545178694
-100.77557142851396,0.5671507760175264,-2.1175026259895366
-100.79384713921671,0.4588791000607511,-2.4342834336051498
-100.90624902033946,0.30835114594491386,-1.4029915214758233
-101.14575505208224,0.011292516704217022,-2.5333201785383044
-102.08309863169006,0.14545920882615673,2.8041170834590208
-103.75491092836545,0.9962753272140968,2.4223757224887184
-107.5692064218316,0.40881894537891955,3.022966657721666
-114.2317822821228,0.2595816130138677,2.672128445475856
-128.40534826696853,0.9995959261612521,2.4950776298878274
-152.9695306653862,0.008214046907300326,-3.0181722290288096
-204.58312072251888,0.0030674308540053798,-1.8162561513563615
-220.98074638876608,0.9937619338941538,2.9214026062970273
-220.98649603178757,0.9903455188812685,3.0005975166219025
-220.99328182743395,0.9944942161094107,3.029827370897589
-221.0291475707185,0.9854836427540822,3.114634447655921
-221.0491837983225,0.9872835478003151,3.0079704292866545
-221.06007986070702,0.9551571418475968,2.828369286040772
-221.1146582391788,0.9558394053271922,2.7405132815633504
-221.221052322952,0.9989496361394105,2.648301555312049
-221.48095859827112,0.9688401161008153,-2.992820631508028
-222.09395206291984,0.923563461406412,-2.8549302147304747
-222.63757845514502,0.09819468140328667,2.873297590251962
-224.29901925915496,0.9932270206940591,2.3747431447417373
-227.51085675967872,0.005234573458123054,-2.3815236975615677
-234.4801833113884,0.11029519620332523,2.6487284998123712
-244.65118743959025,0.9806230789884242,2.9270553674714375
-268.88691353730565,0.09678622028889945,-2.142506408200441
-323.0813833257628,0.727366995674718,1.5038721337052952
-347.7944725004822,0.2786723926428392,-1.5997620166353166
-347.7883971474941,0.2823746577944113,-1.6056200326430063
-347.7871353849579,0.27933673171582746,-1.6322301396838776
-347.80364599456504,0.27021848760858314,-1.7329171284011087
-347.79927329177116,0.24825026858581914,-1.8959276135929735
-347.8269385229912,0.21714751927779657,-1.656549485091761
-347.7923684704783,0.13263622257221072,-1.6178403957190866
-347.84158422931165,0.048051389926343904,-2.2080682756052044
-348.0855526095622,0.0175184469243805,-3.0355889981169097
-348.58183587303364,0.2814943480402178,2.640372545773751
-349.4248993971445,0.9876492927299461,2.751757737461274
-351.4907016505203,0.7334305124698067,-3.103234537896056
-354.8907018144589,0.9735741712084525,2.446576671730373
-362.7837174127441,0.9810174278718888,3.0854176659155055
-377.74062376165165,0.022027523959267246,-3.1128919925101206
-402.6639029978176,0.04084995157889365,-2.9885558883391004
-456.1314189493511,0.046439647488753726,-3.1271391676794233
-476.09815640532094,0.9971827820572912,2.2604174925482283
-476.1030579090602,0.9961790086273309,2.207985691583615
-476.09986860189457,0.9965971531452237,2.248455759063839
-476.1186981478371,0.9951895067784655,2.2931598672400995
-476.14631284231524,0.9995410057549766,2.067260386638088
-476.16625239165,0.9884505132447939,2.023145118945574
-476.23560163525525,0.9996560084492486,1.9852990872099756
-476.23914786673464,0.9966260479149687,2.2034221381063537
-476.6075961920691,0.9981801766958144,2.2642942634639676
-477.1061267330212,0.9381129332984928,3.079771941031332
-478.17294914410337,0.708523778594383,-2.5367291367181406
-479.8428712488064,0.15767348940645903,2.501931825996526
-482.8740923687964,0.24023544844184203,2.3877269429611765
-489.2669371191333,0.6976198242111673,2.503914695897265
-502.12747427540125,0.01554132768887695,-2.596900329047992
-528.0222820083882,0.012941234704459044,-2.8139278633724376
-577.9647676509429,0.8901786056970564,2.800243943349109
-600.763142884097,0.9980375216921089,2.429667257168079
-600.765793019432,0.9964218806223442,2.4281427889093763
-600.7784743933026,0.9950608881074486,2.4172946618405025
-600.791444955144,0.994705811961565,2.4217828197051094
-600.7919697916233,0.9819723174158499,2.5539783307180626
-600.8097372366209,0.9973302161403453,2.4244199616490416
-600.9158677899924,0.9954897337531544,2.3690566783447427
-601.0200969283721,0.9992589511913295,2.2662706392759056
-601.1912343091559,0.9940292160997128,2.7932322577686524
-601.7367451156455,0.9419085251116389,-2.5911832684950977
-601.8335974301685,0.0005792080557474651,-2.916634315636078
-603.6722171695742,0.010210651512679707,2.9862085761233956
-605.9186393490056,0.035573348086685955,2.9888827390848647
-611.3595091580764,0.010084306471744027,-1.6482953643450022
-624.4849759366612,0.09102807565109558,-2.830203330743859
-653.9340902057778,0.9938597422681511,2.3160950037207275
-701.9281992942557,0.9998417414629189,2.5679280580921358
-723.8432154733925,0.15321884854520013,3.0663385224837647
-723.8496719936461,0.15062887293483332,3.0128581895475683
-723.8507491290875,0.14119598426610186,3.0447819608285567
-723.8716290357611,0.141701544754919,-3.1207249683337457
-723.8890328849851,0.1504517422532721,-2.9490831787326934
-723.9127638362033,0.15138628816455613,-2.9445383289145757
-723.9625375484719,0.15284213524460097,-2.8314194212029595
-724.0442469509171,0.11936189683579645,-2.6436268318263525
-724.3443235590613,0.024768675827115075,-2.7420675176062903
-724.8250683486287,0.013771934736116827,-2.8023667225992313
-725.8794510667726,0.003736147006878213,-2.9949738991432926
-727.72556179187,0.04721411403269347,-2.9594218690878096
-732.101113880947,0.1691889289442191,2.8804124798346535
-739.4991419324411,0.02032769081694962,-2.762708010252809
-750.4208694451391,0.8859005704748119,-3.0986522901339084
-776.0187949995716,0.9657975335100906,2.8934847626389537
-823.9041728418957,0.012649032305126547,-2.6896252685500848
-846.572103439891,0.0020928264407065137,-2.6127906149392968
-846.5770768328757,0.012099735554831218,-2.6239039893191802
-846.5752882684161,0.016273410629213416,-2.6654786928610905
-846.5932117374427,0.008595289503528631,-2.655554230781754
-846.6137237773981,0.0032797720084860532,-2.72801400812904
-846.6889095328695,0.007620960171121024,-2.6567385186961303
-846.7665964767856,0.003463095222460422,-2.595206612597756
-846.9492624928581,0.013090023793032073,-2.9616691637930996
-847.115870635502,0.036884723068941055,-2.766542401634115
-847.6210196570106,0.006729942415955726,-2.533633290040006
-848.7481506423846,0.23141452484410088,2.526330026548342
-850.4780244954247,0.9960708810189509,2.7387694209383984
-853.8068258602934,0.0008135896537505339,-2.421747943589316
-855.2188324680722,0.5798230272649816,-3.014586114935054
-868.8796908105311,0.9152444294965215,-2.6476613123475237
-893.4662984564326,0.99726478019957,2.4810378507218402
-938.1784296933771,0.004186180513747716,-1.636206022141419
-964.3707068347915,0.8458297447077678,-2.762127418087514
-964.3697144058218,0.8443652175960402,-2.844961946774383
-964.3706997098093,0.8367900236496207,-2.6900525759177114
-964.3877104478179,0.8351664653613884,-2.6032818276658265
-964.397498230662,0.8442387546101402,-2.4788482168494923
-964.3936960312868,0.8281232896123496,-2.6048803812595964
-964.4306089707844,0.7563488203505033,-2.010395497757786
-964.4774741919289,0.5721487619986022,-2.586314196675102
-964.5551580310706,0.41897474432231885,-2.178182910675246
-965.0414345619081,0.00874284800472046,-2.6522855134027696
-966.038514440131,0.13097790875037588,-3.0539132160648363
-968.0147573004647,0.004100368481829735,-2.4960194406420295
-971.7022525509166,0.009967616181795171,-2.6881687845940303
-979.1211913102991,0.9972234882475489,2.2162576404275116
-992.2870408626541,0.9953538658519592,2.336097286351677
-1019.1839692374091,0.9960170005816174,2.5987028140697355
-1064.0104006433305,0.00022702927717509333,-1.9506538113412797
-1086.1886857623983,0.0025273535823983825,-2.1925290942648803
-1086.1899987883535,0.0025273535823983825,-2.2647730373278843
-1086.1973338337566,0.0019572848424036526,-2.2336360557719015
-1086.1851683244217,0.0018836384817398203,-2.2319077051151464
-1086.1961295633444,0.0006686592164296158,-2.0498457905123235
-1086.229317271792,0.005512039939099436,-2.1008000571359537
-1086.2763193381315,0.0012705713795668847,-2.4488060370737874
-1086.4027792603144,0.00776050476476436,-1.8349773571322514
-1086.4936223493085,0.0042663103664495085,-2.2496662347927243
-1087.0132542902,0.006934034055381282,-2.321740763922248
-1088.2179590583987,0.13221608432071016,2.234648906738979
-1089.2201889226994,0.9929411462949579,-3.07537971044837
-1093.2255515751951,0.4788967787425357,-2.919213281894893
-1099.523635447512,0.9773095084064682,-3.1082212216333023
-1111.5229055649852,0.09389055059136582,2.823031154861936
-1138.0485873019413,0.48500693303357395,2.945147605908895
-1188.417399097815,0.8329643357751915,1.4237951830281093
-1209.0722493753512,0.8906593952944069,-2.948083964367353
-1209.0598863471039,0.8896389994107721,-2.9445355748919457
-1209.0746778517635,0.88921408857542,-2.8977715483565563
-1209.0797544265915,0.8716098041601533,-2.8691741941605446
-1209.0945880941922,0.8673720188359958,-2.6369654743323823
-1209.1308219241832,0.852297164437436,-2.5818852099846255
-1209.179408953151,0.8314060589552461,-2.6970274065260678
-1209.220649148392,0.7288662991154152,-2.4340850274283063
-1209.245178557961,0.45342649930192735,-1.6097787686541807
-1208.772177962442,0.00030598703366013693,-1.1950920862933179
-1209.7341262260843,0.004154520425265384,-2.779098491344782
-1208.5667539474239,0.9902217749743986,0.9296544075637723
-1205.8375504402845,0.998430005213721,2.149711298079371
-1213.6253454592727,0.003101990934040504,-2.225102630265168
-1221.7979984439553,0.9662464246389262,2.8634306721193337
-1240.419417661594,0.9848086631434243,2.601671987582547
-1286.0052010985185,0.9936714216230753,2.9980932953151456
-1303.0711818531963,0.002350706691680162,-2.7287934882484004
-1303.0669684277802,0.0033727886862991475,-2.7563887687473847
-1303.0724685659031,0.0024474835968365865,-2.7246512692820195
-1303.083508472533,0.008270249476737395,-2.6609673180255693
-1303.0957324915212,0.0029470936072592737,-2.7287267585247963
-1303.0933853197773,0.004011463166235007,-2.6502816994446157
-1303.1265595417315,0.003666485178901515,-2.3418720507676016
-1303.2552448724489,0.00201415471528427,-2.467363813745982
-1303.530996203226,0.0021278454492785373,-2.5587167757058906
-1303.9400460365446,0.004059916506749536,-1.0399121666855207
-1304.3264164801878,0.004691978356857636,-2.6458101516618826
-1305.9360732787472,0.8088059689835135,2.1133129318676094
-1308.2964498889153,0.001909183440080068,-2.6624967656780116
-1315.960978443518,0.8789707077501552,-2.7175175552856325
-1327.9440024483279,0.005469823957678217,-2.7397466112207183
-1353.4190612141997,0.004921950246458158,-2.001339462714024
-1404.1904968304455,0.0013942504611990977,-2.5203086500603886
-1427.4193556162695,0.9977319207272318,2.7607819933249855
-1427.4239565782004,0.9977319207272318,2.7328918271391487
-1427.429658297248,0.9977319207272318,2.567304136320675
-1427.4544765678208,0.999604990020511,2.5858246060370664
-1427.4825996552674,0.997319381738073,2.567963097047162
-1427.5298753159782,0.9845075060869427,3.060785192979318
-1427.596834169473,0.9439852961744524,-3.1064215570783684
-1427.6918478608416,0.9566390749924227,2.7193434622040975
-1427.9993801306111,0.9972971549680318,2.2621061112105654
-1428.5478897333285,0.9986274092711483,2.457178350196097
-1429.5880206951658,0.9874063941366178,2.503462473227981
-1431.389493832248,0.6037965642796015,-2.716029507958438
-1434.198360364878,0.9913247675347489,1.415395746983986
-1441.4601466782894,0.0027016858269983857,-2.0152485397055777
-1456.0524609504466,0.07713350397188853,2.657142666218075
-1477.1778266236545,0.9955867991324966,2.2224986990841584
-1528.2245541120708,0.0032590833878750674,-2.3386168052925522
-1548.5895315544246,0.010406953956008822,-2.6273011116215423
-1548.596866694773,0.010318686131272835,-2.631516368578383
-1548.5903154983596,0.009345690299834227,-2.583197531575088
-1548.6054089528743,0.00603017859100299,-2.4980248808475625
-1548.6400247481008,0.0012495564530309168,-2.6222709836565303
-1548.681932100308,0.0003201374710239032,-2.3774658273752203
-1548.724840547559,0.0028898582970323513,-2.5319482218488067
-1548.8116168415024,0.0016716108078175642,-2.208490604114566
-1548.9682092983976,0.015820695861956516,-2.8004770033029813
-1549.5490328375963,0.034443215985516994,-2.9671924740518443
-1550.683622695523,0.009427737219655119,-2.5547861045726012
-1551.022672603056,0.9991286250406548,2.3859678835336346
-1555.2103279096643,0.9568693662823423,-2.711989476789558
-1561.2957811942847,0.9933911174981839,2.518389242431537
-1572.8473825622639,0.0638534901511415,-1.948185360750797
-1599.0394526333744,0.01151938297625604,-2.3751772995491613
-1641.1251683114504,0.9994594644494718,1.9147184012254037
-1661.8971459137128,0.5589979071844207,2.959221754417051
-1661.8967302824628,0.5567287188284401,2.922048304365945
-1661.910023660875,0.5434547237125958,2.9773462813775957
-1661.9043836117148,0.5449508472065971,2.952983872168927
-1661.921620245707,0.560088627767675,2.930520162233571
-1661.9664272925868,0.572716733436797,2.8220147957002784
-1661.9749629651778,0.608515858335188,2.8003508321601362
-1662.0742345187923,0.6635191938363896,2.4059012596464324
-1662.193609145015,0.8604870977805722,2.889129299640439
-1662.7332646066493,0.9861940406202053,3.016088873056643
-1663.1868322059497,0.21270159748186956,-2.0153576302269474
-1665.3215060014463,0.0024762461061395664,-2.509765029140315
-1669.1139742945452,0.9953209965778762,2.6832975838336264
-1677.135198645128,0.31829134680599225,2.8667555940535383
-1691.2216205874754,0.9305604696320938,-2.5180190929144777
-1717.171722624131,0.00109912602383332,-2.149638370780892
-1761.6027906291831,0.2031508741389699,-2.9028122893167536
-1784.532205306649,0.17175039955328691,2.181864249324553
-1784.537327627862,0.17704407644934927,2.1720619243197827
-1784.5458920766298,0.18932179323889195,2.112602962572879
-1784.5612726811976,0.2099701995860442,2.092510152047346
-1784.5438950648188,0.22986482947808615,2.154997430478403
-1784.5379809342735,0.24516224803524997,1.9615786100072121
-1784.5729521417759,0.3103318463973353,1.9429144986330424
-1784.5323955754975,0.47612750093448913,1.6702300136903814
-1784.5184625569143,0.8398581321815874,1.4830084568845274
-1784.6289686919174,0.9966469367546754,2.114154346198575
-1785.481647832198,0.9850084031939264,2.5363805882372805
-1787.3722687569607,0.9951823702708243,2.717257865511291
-1789.6032418216696,0.43883250677786617,-2.7505738676873714
-1796.5722692460422,0.9963536533235298,2.245624496248814
-1810.2760019519862,0.9806919899101406,3.0120774450375265
-1835.3314829762965,0.9969706521886761,2.253882557790199
-1885.4615032164445,0.10068008540187036,2.696777800241774
-1907.1972419728115,0.0109932729819807,-2.7408498888951915
-1907.2053114309429,0.01631185064508902,-2.689214914915315
-1907.212744946612,0.01972683070439568,-2.705157882777951
-1907.224091270822,0.012649198116107586,-2.7154702472527896
-1907.2474110392977,0.004809420728749757,-2.6177355034817205
-1907.3050295241974,0.029276121423329544,-2.719094445557578
-1907.3926493948607,0.003291621147818874,-2.5759789270703743
-1907.4805506773414,7.424017178102272e-05,-2.5895377864408187
-1907.8593224857646,0.005318034484055318,-2.785588241127551
-1908.3288578592274,0.11072634906448046,3.0276555460744667
-1909.1989928905505,0.0010089913225829928,-2.0561345879174824
-1910.4105153240525,0.585973315515128,-1.4882896738460232
-1912.531327433792,0.9113015146812031,-2.9864578147287455
-1917.635350047711,0.09970426139662508,-2.822665858828076
-1930.9406863176898,0.9935280130304311,2.001283785058595
-1954.427148514097,0.9912631989049859,2.1040621473676673
-2002.4916970619597,0.002350231932347061,-2.2232756244261247
-2024.7632235328463,0.9673491357036603,-3.1285822367383815
-2024.7687312245957,0.9643378923846864,-3.0910996121260266
-2024.774418320415,0.9489547804671418,-3.068452215824469
-2024.7782737063324,0.9584990336031831,-2.9523845419595856
-2024.801943466436,0.9495375662501307,-3.0468537651501766
-2024.8430880065664,0.9258610071208858,-2.911880054760523
-2024.907028972552,0.9129485715059973,-2.8608590394655016
-2025.0783343420421,0.9538610204256143,-3.0564240097163524
-2025.3561802154131,0.9928436016544784,2.827927096343287
-2025.9674085346142,0.9413354450126884,-2.8928353658435713
-2026.5989780301131,0.20900588377776763,-2.5722478034895127
-2028.2749441474,0.023773303681093552,-2.919993156562672
-2031.6804688324846,0.03135920166070475,2.929431623478356
-2036.8612557444515,0.00818004817782145,-2.5904560056968298
-2048.3081201900623,0.776567208995741,-2.5503043360971267
-2073.4809951016814,0.0011929370344903308,-2.3548766674888997
-2118.227761225275,0.0038758384613675747,-2.426043866087844
-2137.3385704173684,0.0011672888941913397,-2.6273039735567187
-2137.3437918718873,0.0011672888941913397,-2.671822684729519
-2137.344241441469,0.009992684137056791,-2.7196176096813662
-2137.361193189603,0.005636920066146431,-2.6459598624584935
-2137.38214970345,0.005457486132318268,-2.7192037863232668
-2137.403537021782,0.013489427527888355,-2.673531705686786
-2137.460355087166,0.008820974646251313,-2.364160831740433
-2137.5472773098986,0.0007165567844717987,-2.180423127142361
-2137.694925338429,0.008758225898071598,-2.715733356958435
-2138.2905236498436,0.051473248208227775,-2.676530866509185
-2138.5550305827505,0.933333924930838,1.783200710286434
-2140.2515142293973,0.6968538659183737,-1.362261637224733
-2141.98616219256,0.9949536808114479,1.7389922492967385
-2147.79479550674,0.563770872154591,2.1909984018088204
-2158.9181877766937,0.018015969575414865,-3.0967183286887874
-2184.5045889905437,0.9877399559861468,2.713506141162103
-2219.723844016113,0.030838491281632185,-2.6419565564526195
-2240.2364358531477,0.0032699935285802374,-2.434458115495682
-2240.2357078620603,0.0032699935285802374,-2.410862050516312
-2240.23719853631,0.00859939911241224,-2.3659198922841784
-2240.2345050637614,0.00606724108432222,-2.3640251717141245
-2240.247851818658,0.0023778961885614477,-2.362173530585694
-2240.2743508604244,0.00612861613386638,-2.607647294754054
-2240.370003990384,0.041242196141360266,-2.8216309388429273
-2240.5461617026713,0.09440326843320936,2.6884451352297
-2240.810819340724,0.27262377804021765,2.60462330159398
-2241.1278188492556,0.39144226494890483,2.4697157566299435
-2241.6825837168285,0.8446916710304706,2.1015739131732722
-2243.124055913015,0.5444241102654791,2.913018854073033
-2246.31263747803,0.3994044858493804,-1.68314541130068
-2252.4913243149394,0.9956973760552772,2.2410228301896584
-2265.180622405684,0.012666886171771074,-2.89359332670293
-2285.0330750298126,0.010363334837042822,-2.9923715162601177
-2333.8155371454736,0.0009245783584554404,-2.0255253681605367
-2355.804794884623,0.9598423233644311,2.784386635902594
-2355.810817146889,0.9644111519623565,2.7246848392313394
-2355.8125512798833,0.9661795342983809,2.6931326201860335
-2355.813618394204,0.9826306035536785,2.6002646839603853
-2355.8340569566853,0.9965242182863093,2.489260015130319
-2355.864107589282,0.9984040716959642,2.185149495879582
-2355.8775302927006,0.9952698596465317,2.274077779776322
-2356.0481892725456,0.9981213037860469,2.5371564134708837
-2356.3112073343646,0.9919646007225582,2.8359836210672764
-2356.9365760614023,0.7455177798563746,-2.266769936836376
-2357.2290453961027,0.0011160455228234598,-2.649998368350441
-2359.386633634272,0.004878008257335118,-2.9280566387478526
-2362.6377832273097,0.47040634946885473,2.3568158808488544
-2369.2663059281062,0.009426918212022241,-2.723068327559593
-2380.4681697701194,0.46220419762370396,-2.8234342868142965
-2404.478779830872,0.01935727121407876,2.4922600193403994
-2449.438284693736,0.0032673283418823704,-1.9730423218362418
-2457.0754643173555,0.0003095395570451866,-1.1351503218554262
-2457.0692038018865,0.0003095395570451866,-1.1326216400455786
-2457.056044603162,0.0003095395570451866,-1.0569034696062305
-2457.0601544345764,0.001093290467605664,-1.104830337292194
-2457.0220949032528,0.0003078052441469973,-1.275531128612234
-2457.0021020584754,0.006260873460686711,-1.082068950797039
-2456.9681212866963,0.00033548449102683816,-1.181425718728643
-2456.928528953241,0.008621164512168331,-1.1854673319302858
-2456.9283013079403,0.002019810217855628,-1.782644531605452
-2457.2581495659642,0.011016171298500126,-1.9942730072007424
-2458.3017484429647,0.1491615007398171,3.0184568680955843
-2459.379719327331,0.9963628289366179,1.951503284496292
-2463.4925329553694,0.2150197144772489,2.731380744649047
-2467.883883768295,0.48219378560195014,1.8559163221688575
-2479.784761965787,0.9936584266938815,2.7313743010295255
-2505.6844681232637,0.9929916498183476,2.095550907127638
-2553.292468456656,0.2595270379399812,2.2187060156362186
-2576.392622961767,0.0007490730952743163,-2.426249110379139
-2576.3923153407563,0.0025981390918154235,-2.366105164145841
-2576.390103907742,0.010630758047005254,-2.41834296503679
-2576.417567386462,0.009209791360689041,-2.3992198799492668
-2576.4650856319963,0.013650264460127588,-2.4266969986116367
-2576.4932606994694,0.00010397875970536959,-2.3133426458392576
-2576.5538832019674,0.023237519791043833,-2.2246961677334185
-2576.6296411275544,0.0014314007506458777,-2.5378569139599807
-2576.900478785895,0.011317373292667243,2.883373898566613
-2577.460155054938,0.07788996360035373,2.9867927132082244
-2577.811859569321,0.9347202037189889,1.9040708098111168
-2579.87381788017,0.9024508011293363,3.1208301198391926
-2582.916648242834,0.9972611789650626,2.1729034145219526
-2589.7205861857597,0.667307033231935,-2.2593188228122276
-2602.241178804862,0.28884286717796537,-2.8357183415069476
-2624.9458282531286,0.004018111080032327,-1.3082884982642675
-2668.7178574272366,0.9990054654118036,-3.139117392919019
-2678.1281475004293,0.00902487248719069,-2.523284246360336
-2678.1353357208277,0.001358524104948613,-2.5147632593084595
-2678.1326763813813,0.0023712093499775383,-2.5065955555352932
-2678.13711940075,0.005790860723383248,-2.4058588542126644
-2678.16499893916,0.00018908482367829718,-2.2481194668589914
-2678.223063478624,0.011837889483216232,-2.542325499828604
-2678.295236168836,0.017063752835447726,-2.5231933787056957
-2678.433495283493,0.00031312526715386645,-2.544749400141546
-2678.613716883448,0.006807544226732923,-1.7246606950204246
-2678.939645652604,0.01739398411600808,-2.8266382304471387
-2679.988172251336,0.013826426833708994,2.8690133896783037
-2680.9895194342034,0.9752074667706336,-2.952922287859817
-2677.6907171324015,0.0017309464284088328,-1.2198537078994243
-2684.0195534624545,0.020461731764093938,-3.050790426526906
-2694.9325842695935,0.8928377128441788,-3.0287991333769604
-2723.453129664793,0.8661401380625989,1.7990380694755839
-2776.4571636469545,0.7778585654763855,-2.8589261583184173
-2797.9923234555463,0.020741040308555857,2.985392972400815
-2798.002426018842,0.02437038378489522,2.9602304450739014
-2798.019774910943,0.02774482865847833,2.962334370338871
-2798.025921366825,0.019240407098420127,3.1229263794545705
-2798.0500985267754,0.028509739588425367,-3.1050141882790983
-2798.125938389875,0.06172325913198481,3.053650661463138
-2798.2054761651425,0.08234357660397718,3.07552255720812
-2798.3163061349705,0.02558478434841211,-3.0956091022546057
-2798.5237520990195,0.003627617467070001,-2.9155461706033168
-2798.8842541175127,0.2858359044527575,2.0664417245127282
-2799.441704434138,0.8493142254241977,-2.641431898120022
-2800.521235279809,0.746399952871116,2.3749721845206553
-2803.3272111341075,0.00016141362934783107,-2.524646448413204
-2808.632977908992,0.005304242709850881,-2.0241325792524245
-2818.171251345291,0.004626067085968235,-1.8488900953136542
-2836.73092224152,0.005378037223608725,-2.5481981897015458
-2877.3138064526843,0.3453984704304561,2.688903459606017
-2896.7976597919937,0.7216500629270948,-3.0104647345628455
-2896.7965115259453,0.7212303604361483,-3.030718216975054
-2896.7945520177573,0.716235983913961,-3.038239638369303
-2896.8024938583785,0.7021839773897651,3.0286304607908683
-2896.8296459700773,0.6901520193188323,3.1395602052415743
-2896.8488898192695,0.7101507257634038,-3.0004691530199024
-2896.8927077838744,0.7523349937424116,2.94581080455439
-2897.0484888215346,0.7720893470911299,3.0616150407295954
-2897.309268083059,0.9893517054688773,2.478826919000535
-2897.903261281489,0.9810054477376051,2.8860633930550748
-2899.043318938546,0.9793775455389675,3.133382268036457
-2900.6271262699497,0.0019985725601555735,-2.4051984629413465
-2904.2226483393524,0.994310527176552,2.430227332158613
-2909.8145682938257,0.9981256084380571,2.5754917036490133
-2920.75793236845,0.0014386035062635308,-2.0410966838993287
-2948.412587849069,0.9923093365920479,3.019628342005139
-2986.7143966281105,0.0021599571899966665,-2.4004110487212547
-3004.3391035503064,0.002089548971918812,-2.3230098025553607
-3004.3442729022195,0.004585111778663694,-2.3338900049290037
-3004.341209255951,0.0013618891302113853,-2.3472305329829073
-3004.3486140883088,0.003750490082624047,-2.2922184765598215
-3004.361894098972,0.002085820628733922,-2.300845990181484
-3004.399446595926,0.008813661006381772,-2.193728869423417
-3004.410220303917,0.0022494157722469984,-2.033130856892104
-3004.427492489628,0.012028116417766,-1.995677124047465
-3004.65315587066,0.00956515982108078,-2.4255229978742934
-3005.1519844152667,0.0034684529646930124,-2.4213608274242646
-3006.0519598705596,0.10859537726458594,-2.958872414916992
-3007.1782911162913,0.9814437930288449,2.927613363040357
-3010.817817049149,0.9993801488228296,1.881523731314629
-3017.8761781849657,0.9573381795952567,-3.1217826613252297
-3029.63784232136,0.25554443030562896,2.0103741373343222
-3051.483416479523,0.0052271945040508845,-2.7376356117360467
-3083.6172030477214,0.9964991530852595,1.8337165588438173
-3106.6961651839138,0.9387191903703055,-2.735439060885877
-3106.694125599178,0.9530580624332767,-2.7206480067326066
-3106.6945579219023,0.9473847228069253,-2.7081886025374247
-3106.7078655237774,0.9185447723409911,-2.7491600258018987
-3106.72080109096,0.9102022814423936,-2.6546291568121774
-3106.7362222147653,0.9275839955437756,-2.746097021307332
-3106.8172698131775,0.8760703254583001,-2.6466264571366045
-3106.962101602199,0.8182138298118886,-2.9877109870799528
-3107.157492903451,0.8494426858950487,2.6689330731236094
-3107.5026286047355,0.9839598629194708,2.18357605639594
-3108.259545798499,0.9987418161979082,1.9994232670953567
-3109.251621061621,0.18907044326650368,-2.5521490432961764
-3110.6855309657117,0.01333752274130361,-2.796739403035421
-3116.3126988740933,0.6900048079216047,1.891922406172795
-3128.791588676556,0.9440320898932988,-3.0841875937561904
-3153.1086642201976,0.9870869649782742,2.82051204649109
-3200.194815778846,0.9847531682074133,2.4920756275731986
-3224.204377695437,0.9173975547099252,-2.649769067688285
-3224.2037315643292,0.912585181872444,-2.6905668874865816
-3224.2015191707437,0.9138226232571629,-2.7173211706827884
-3224.208619549814,0.9040279284509813,-2.6472232116292296
-3224.238650159883,0.9024275792033153,-2.7328010920997046
-3224.2531275634483,0.9085883558484086,-2.9369815956336884
-3224.3257428444986,0.9108787986748341,2.6378884428551146
-3224.470754478249,0.9898236843464454,2.8800323337070193
-3224.733559331525,0.9140567941203585,-2.9800649868916937
-3224.981688614774,0.5365946616677224,-2.358655471187066
-3225.2110939059517,0.0010891632997430466,-2.5026877912634453
-3227.1854584023317,0.5267739990697246,1.4863755405941932
-3230.302966574542,0.9916191245623925,2.365177024646659
-3237.078373979364,0.033810921206814656,-3.0769440236264045
-3245.6816794318174,0.9985093423385958,1.822469850076108
-3265.008390309669,0.698538183442208,2.7060369634821413
-3313.147773841538,0.9954095002762074,2.6150574914679616
-3335.6807077865074,0.003143534386478157,-1.7988872997748504
-3335.6826881485827,0.006878354009629793,-1.8635575184523383
-3335.6937205150084,0.004827304689136026,-1.8272700947679674
-3335.6816324342217,0.0071473656556744125,-1.748650870307069
-3335.677505867749,0.0007680030143268702,-1.7643763481561388
-3335.707688871714,0.0031446567251120477,-2.024278467216422
-3335.7365927900646,0.00036157069741341377,-2.1419223973523684
-3335.870302070141,0.00011247533442700249,-2.574955380107286
-3336.1669444460485,0.02377743908666817,-3.0161467315053514
-3336.5509615003307,0.3001087566725996,3.0602843327022216
-3337.2050090763537,0.8431227954698566,2.5344525314470303
-3338.615578811431,0.9902849973421698,2.090617530266554
-3342.29319994222,0.9546982429339853,-2.9927027839451146
-3348.303799928343,0.0002663292861320841,-2.5591969359199225
-3358.943127122408,0.020888213105403106,-3.081294527306684
-3385.682146655544,0.059403505425159785,2.6736714579387755
-3435.3937792642346,0.20596031830473668,-2.9042411958015224
-3457.3216874938025,0.4064222629275754,-3.1298144522114675
-3457.319141197124,0.4034420419603022,-3.1265544828161973
-3457.3178061989656,0.3997976930491782,3.087343712871161
-3457.3107529449726,0.39890043295123717,3.099430035205053
-3457.31786293654,0.40111991308812994,-3.1033465659904853
-3457.327226240681,0.4195294871363918,2.763111755107248
-3457.3737947785544,0.4274946604032173,2.6995722490981375
-3457.4422812079324,0.4535446913201832,2.8943191306190545
-3457.6709775636186,0.529468596000219,2.749421827003749
-3457.9897768549913,0.7841218283058542,2.505367103406413
-3458.795858667094,0.9940410532468283,-2.8367709103232364
-3460.3220236868747,0.016629394148335593,-2.922887175459424
-3464.407868495147,0.6043210393002287,2.3031106520956417
-3470.2911801775085,0.7370728419574208,2.0922384750813237
-3481.259222363051,0.011147859463713692,-2.7948939477073402
-3504.938681766485,0.006924900400287486,-2.693820686242539
-3553.6568774755046,0.7542713008192927,-2.1445122118669917
-3576.8862697797213,0.9955962061684654,1.9954436059154004
-3576.8856856301904,0.9977217661038776,2.0044394535400976
-3576.89596075605,0.9977339391094914,1.9881361198610108
-3576.8856621939904,0.9981329668026155,2.077783803675752
-3576.9238844449465,0.9985566813789515,1.99247704329309
-3576.9501794092653,0.9919574971240755,2.2797967074320944
-3576.9687449088133,0.9979404918077671,2.257191463490023
-3577.0582961950104,0.9989795636704619,2.011367076024131
-3577.2141172789134,0.9981400032611317,2.496285915477504
-3577.766463725924,0.9997253402329057,2.920848278973039
-3578.307610045709,0.9979119823462053,2.326170891262686
-3580.1672080654484,0.996315987625942,2.4141359593838683
-3583.74282959492,0.15213316397302717,2.5264066923847377
-3587.9650613502354,0.008007981740357491,-2.1733887104728837
-3602.121969299918,0.974580935048283,2.651641800161988
-3629.116867095975,0.003609227954686615,-2.380036796644922
-3686.239666860018,0.9856706931511942,2.9701228320890785
-3708.191352575224,0.03819425642700721,-2.443337677862133
-3708.1909926672756,0.038814033243235124,-2.5056329505162607
-3708.1890684267764,0.0287435761757591,-2.4929932811604765
-3708.1833650944454,0.0209168862065062,-2.396866281384663
-3708.2102048848333,0.007858163261816315,-2.3780228051142944
-3708.25294530837,0.01755707471107915,-2.251079710388158
-3708.33848200985,0.002353497178674154,-2.5224917083537104
-3708.490285589567,0.011905153536778963,-2.92889032974246
-3708.7288303645814,0.003071424044237366,-2.7062290572071874
-3709.3292268356486,0.02580362485316323,-2.779752204725966
-3710.448122665624,0.001293953709959792,-2.7695159633743773
-3712.722709596323,0.0489181718467205,2.8423476732452997
-3716.8763166887097,0.0060100834595056005,-2.5707794015947263
-3723.9073447275982,0.009267265546292957,-2.803216200128906
-3736.600334489691,0.11248605418659892,2.964744128886183
-3760.392621889101,0.9953974397315447,-3.0470383527755796
-3809.2761767175475,0.9466898849491083,2.8892934634306933
-3832.8426168261517,0.03100282246871645,-2.3672438435874157
-3832.8467286765713,0.02828039215865808,-2.3508559122860304
-3832.8538084949787,0.023401014205417677,-2.3628551694723297
-3832.8627542339577,0.020198549529982974,-2.416052092305059
-3832.8655036789446,0.0032203976499269875,-2.1485016634493865
-3832.885021984673,0.0071597336899150935,-2.5141436241047703
-3832.944929266908,0.008463893413589173,-2.5725732790373907
-3833.0536040635793,0.00031501028623363023,-2.522741972492018
-3833.2710760600794,0.006942972949532923,-2.6954113183031754
-3833.851938162936,0.005164317151278871,-2.8300899541868327
-3834.852702538728,0.32986829846495686,1.8137630195675225
-3834.453628677827,0.9979862060187435,2.4453960096187544
-3837.2787876851203,0.007423253730234326,-2.224612190539552
-3842.629006132124,0.941906914473806,0.652370972782844
-3851.671850578972,0.025987333180977776,-2.7567364158223935
-3876.765236943235,0.01321420285345043,-2.8239127222580267
-3908.4255543355684,0.08813048156341399,-2.8490967714265603
-3931.8493923502597,0.01204952830234131,-2.95117385342767
-3931.855789179883,0.012154264067516234,-2.923013169320668
-3931.859982795906,0.003525073871257612,-2.9329236742967035
-3931.8730112366893,0.0013082372981366355,-2.9299923938679124
-3931.885192517854,0.018561345749995455,-3.083087796325872
-3931.9375224094115,0.0313397430437895,-3.053926090174318
-3932.0031875826717,0.018307039026581512,2.919844764077645
-3932.164776361837,0.05090682176207678,2.8240610241237514
-3932.345603646207,0.09804101718260197,2.8700362584476267
-3932.890219460457,0.2216270347846625,2.8726620501422193
-3934.1796906581135,0.023454559113561754,-2.9913840360323167
-3936.411836264975,0.0007950469386154616,-2.301856871028924
-3935.6296477124697,0.002653891913852547,-2.6858865559324743
-3943.3796136924584,0.013819758952324648,-2.2660216647471207
-3942.796987420453,0.1531535575609429,-2.4973793119162964
-3967.458576074646,0.4448518473857636,3.120508800698521
-4016.8422834215203,0.7840765321537485,2.4824294022983953
-4039.329906295835,0.14995692337979002,2.58426149106314
-4039.3324340125027,0.15820985421427597,2.60346043017105
-4039.3263848841552,0.15950836457758197,2.6337481429177076
-4039.3277799687658,0.15944090672788586,2.6741168764935086
-4039.353629488072,0.16838907231206568,2.8704355715710594
-4039.3744111196625,0.16451580250122036,2.7250805616869354
-4039.4615308301736,0.1679179968316381,2.9247852114734165
-4039.606239557602,0.24225577674831475,2.771934221352427
-4039.760082660323,0.3406143221725867,2.4579186374771282
-4039.7804881385764,0.8583616130025252,1.8791119701087577
-4040.6697441127394,0.9574174414705102,3.1102911046944266
-4042.020128493189,0.32981518612383626,2.8070547704968476
-4045.1105739435548,0.6313760961836681,-2.789624941302266
-4051.9981989100042,0.9928789026540193,1.8122071050925497
-4065.733042839753,0.665078801566524,2.5792387942669315
-4088.939762121656,0.002318867923447565,-2.506736753206711
-4141.210897084998,0.3993847376800922,-3.13972431057016
-4164.7005383621445,0.2658941060120728,3.0027759897273913
-4164.70227712244,0.27093344274759246,2.981226702253182
-4164.704634225789,0.2635930332232021,3.032568021093711
-4164.6885289561105,0.28410421119273677,2.9190936245219063
-4164.710789494942,0.29306710644953293,2.840908428346723
-4164.753722908893,0.3003023009951694,3.092594423508011
-4164.81278481006,0.27827032080144143,3.134978497945095
-4164.933956236437,0.3006947343713115,2.6773777111215127
-4165.008292012308,0.6274337057525122,2.200874505421358
-4165.507074434555,0.9981317811745469,2.4786649680520902
-4166.687441718586,0.9499064161436038,3.052848844032482
-4167.856365610114,0.002060828340637911,-1.554377970343168
-4171.668032786729,0.009547209650247463,-2.9435628864684538
-4178.621098404885,0.9354063334962557,-3.069916518708053
-4193.12073216851,0.012849648630110488,-2.813972510010668
-4218.644859134989,0.054751094688723745,-2.9130575747143075
-4265.4199745062015,0.8119043297858647,-2.767744462568864
-4285.327051850304,0.007765923684828257,-2.592238922004918
-4285.329188141233,0.0030120013994539576,-2.5941659780578155
-4285.339785652511,0.003678679743618169,-2.5233593261613008
-4285.345539664627,0.0011540402838672362,-2.3908055017195005
-4285.370997314914,0.006735536784221317,-2.392586248726103
-4285.379687239006,0.005532213610373421,-2.361679864998581
-4285.447028150266,0.000616672388702595,-2.7282978450417397
-4285.605971514725,0.008202577827565831,-3.089529428155988
-4285.900651547541,0.22100993963919602,2.6457951344733486
-4285.97042937742,0.6931755916454969,2.0786242607247347
-4286.0285702104475,0.9948148374547233,2.2646434223709324
-4287.931046371967,0.35272160901703387,-2.918221155945492
-4289.856092266264,0.014357825569450176,-2.4778173553671854
-4295.952511063368,0.14108336502318733,3.038113553685167
-4307.714875145564,0.374737561217845,1.8834211407178252
-4330.199826249792,0.6684510367881906,-3.1119738324923563
-4379.626317401316,0.005518109427500196,-2.1754322495029066
-4399.852722045593,0.025271796081389977,-2.7560430658162125
-4399.858490465382,0.02428075988841004,-2.809528777028585
-4399.854845689931,0.026690180783895543,-2.7964469182885834
-4399.862990089688,0.03343358819285139,-2.854270903891316
-4399.89655404022,0.04746692844875317,-2.951354683336467
-4399.934980798435,0.02204280501729921,-2.717670835800839
-4399.975368274865,0.005234515528351944,-2.2859660555862273
-4400.026373694456,0.007989619011295189,-2.6195433712606375
-4400.303728367844,0.016588193167875378,-2.579089121608947
-4400.7691110992955,0.11295470200496545,2.9379461277456826
-4401.772679827344,0.23184394192046753,2.7047493331410095
-4403.074678505528,0.9968049255872687,1.9663860785820493
-4406.277003742825,0.2559365378982834,-2.563114323722126
-4412.884076103485,0.16596064466455338,2.6814001391652944
-4424.0722427870305,0.9996307887176334,2.46937166256261
-4442.655034386167,0.07043588885603215,-2.2532608912566308
-4492.60433701467,0.9992408584919167,2.075691817708167
-4516.551133101626,0.00029317556392754725,-2.7535450504670957
-4516.558151799124,0.003890819441327135,-2.7612125514595705
-4516.568152315771,0.008575942825947156,-2.81136903533914
-4516.582363700975,0.002855834926345542,-2.8510897539036786
-4516.578244055104,0.0035870878525055415,-2.9836589665522384
-4516.642910315583,0.012863099178357644,-2.8570955550042023
-4516.689893858343,0.00373057923662992,-2.6559841298028077
-4516.818751529571,0.01084493421086355,-2.299333706219985
-4517.149722764754,0.017585186377310665,2.97067525306932
-4517.709096248337,0.0002807601465113778,-2.24867396420199
-4518.720580949724,0.08493299442828361,2.7446700330058977
-4520.035970454191,0.9720148812674095,-2.9627273204888955
-4524.5716792812145,0.9880717870642733,2.858550076600218
-4531.934794820733,0.059132647302741,2.9780844008220644
-4539.783279907071,0.37270511318474225,-2.4469122163874455
-4564.735760093449,0.0037150406137214926,3.0757005089579446
-4612.469229573978,0.011236821831828319,-2.1399215356168275
-4633.823460485948,0.0006859209103921081,-1.917356952333711
-4633.826022429344,0.0035410437554489814,-1.9390618368816335
-4633.831187276125,0.0040644579240739385,-1.9592425624898109
-4633.83676952119,0.00023135441848721365,-2.2440106297161817
-4633.861476814766,0.003919297183618161,-2.2442344241598913
-4633.883742226788,0.005114258916146341,-2.165545300483082
-4633.895555718613,0.00427932042132583,-2.154908442956678
-4634.064544464883,0.004836259039472319,-2.582856206024511
-4634.314553715133,0.013151712112375261,3.0617182533668252
-4634.843708899597,0.0724352368204891,-2.8909643161829064
-4636.034462152981,0.027993834967990867,-2.529757160344034
-4637.782431616827,0.0014162653370641516,-2.8387820726586503
-4640.4066628734645,0.007189677992698187,-2.231240331449051
-4647.150235351649,0.0005187220357472317,-2.9804437347155046
-4659.870193965825,0.004425583660815637,-2.198208212084311
-4687.492205611043,0.00537900502185293,-2.282649571212262
-4740.709788393473,0.010648005958216779,-2.7110275007548967
-4761.110060651787,0.0012254866340957815,-3.0957194505276027
-4761.106120713409,0.008053872166252408,-2.9864420442921027
-4761.116868508859,0.0011866881273877726,-3.0955690319516567
-4761.118454018599,0.015963415154764977,-2.9430231693319104
-4761.130451414196,0.0016484207016863746,-3.0084773511543847
-4761.1525846202585,0.002101790616725421,-2.9135574536957285
-4761.238548514859,0.0056236365593234205,-2.6985244989394848
-4761.372165966628,0.02917912402671706,-2.5847750232821034
-4761.754297665456,0.00021577782048880006,-2.157310844977572
-4762.084196201586,0.0002754379651007072,-2.482547083480872
-4762.459510623918,0.002397776908585906,-2.2965332345646443
-4764.357787799936,0.008238697286044922,-1.921353416783986
-4767.609523143116,0.9959242177685931,2.472957462388643
-4775.973129705342,0.5198578585889873,-2.1396417159205017
-4787.72703031511,0.9953351392431123,2.7055918114604927
-4810.921236852968,0.730757297111389,-2.90182927354531
-4859.955867163594,0.9542464836079824,2.8685135518032716
-4884.959694667507,0.005825380585028605,-2.096364381024767
-4884.966364265553,0.0007479407574229754,-2.111996189146904
-4884.971486806341,0.0007479407574229754,-2.031080540951544
-4884.98548484811,0.001175051967837965,-2.045676218417277
-4884.988597369969,0.0005377910421549359,-1.959877520788039
-4884.980623376895,0.005022850722786092,-1.681183205986508
-4885.013212845787,0.0003705972036120653,-2.1800110982611716
-4885.0557420240875,0.0012781246455210186,-2.590465941598524
-4885.3079942113745,0.003428207323679354,-2.7755809520178776
-4885.814188784481,0.0016915643787040165,-2.5415298306055845
-4887.05249534439,0.08633938447658458,3.08304904628986
-4888.3747987121615,0.5078467265426239,-1.9841827880370384
-4890.443766741494,0.4177034871342547,3.1237119615241102
-4896.841385652094,0.009329770759836339,-2.5960909892519353
-4908.737671471356,0.026482865378388492,-3.090104129758086
-4934.493015263587,0.9962879368869957,2.4518665922444285
-4980.142652328539,0.24248782498281513,2.553950898740891
-5002.284342644051,0.8419844269647512,2.196550323413261
-5002.28522945473,0.8493239069783948,2.207699511917321
-5002.279881601928,0.8525934738358147,2.1970457988567054
-5002.293207792937,0.8665380992176328,2.1835514568754872
-5002.305877237448,0.8910904100089002,2.232015653780426
-5002.323405055622,0.9266996405481843,2.168827773030099
-5002.364935314767,0.9997383766916971,2.4286528016288766
-5002.463297342695,0.9933466305296464,2.972698362438374
-5002.73373055914,0.9322469648181148,2.835947566579893
-5003.304148196514,0.9870975539906314,2.5567337854406773
-5003.867238623965,0.999176505116288,2.2257147662653916
-5005.81846078687,0.9903136059436136,-3.1324030201190034
-5008.861676866373,0.014745084657759406,-2.3265922583459417
-5015.294437696943,0.9998159880056456,2.1975973480501843
-5027.23474793628,0.34126016027687583,2.8920543513778547
-5046.680938390228,0.8148530539800569,2.5359041756494545
-5097.237972516172,0.008993208445993404,-2.7236451677554
-5119.5043707405575,0.024934708353839666,-3.1062840689366533
-5119.506299739009,0.027715279166330015,-3.056000838850041
-5119.5111226777,0.030769480575092108,-2.9985048196030726
-5119.5344010041745,0.019334469956387455,-3.0320537042514952
-5119.532969726543,0.001012655228921076,-3.002376325846142
-5119.567169381106,0.012677376848491238,3.039586952854682
-5119.6377384761245,0.015823487920984626,-2.8592622791098057
-5119.811145144571,0.030366208330228208,-2.8170113568424267
-5120.135085277694,0.011209603237287216,-2.7269565363183568
-5120.811225978797,0.004655954614434255,3.000945188098651
-5121.1903071951965,0.9934088343523374,2.209265223876451
-5123.195451884349,0.6891577616924648,2.448241921211615
-5126.808520945752,0.38500447235298413,2.325872936539893
-5133.336741293751,0.001533536855227793,-2.614363646958036
-5147.103603637842,0.1840466318470996,-2.9287718392575584
-5173.218669491945,0.9922629478280052,2.2413558302103214
-5224.83099863569,0.9934042760143733,3.1220024694484128
-5242.337932888144,0.011342398228361729,-2.369779796830659
-5242.336834259821,0.0038158470209391677,-2.369244993010567
-5242.3378032537985,0.008394919570315339,-2.3526135134972455
-5242.344612287338,0.003912159305273779,-2.533296679617424
-5242.344641734336,0.012908691112516243,-2.4327426775807375
-5242.395996803377,6.350566006568022e-05,-2.2680159108111813
-5242.432068488149,0.0009204095059171936,-2.1409038286202886
-5242.44400053116,0.004733774637510436,-1.6866802401654564
-5242.412139394457,0.0021453819480133276,-1.2680570698383145
-5242.52782281592,0.005687916698398422,-2.444162495527174
-5243.411839285374,0.0006926028950777206,-0.7363498199334284
-5243.661969827891,0.9827785192912735,1.7473882653015433
-5246.9553758608,0.9997628658197275,1.9172053138817393
-5252.984617946422,9.883705335694305e-05,-2.198909169583581
-5260.7672163934385,0.012491917439543768,-3.1152520502317786
-5283.733682304394,0.39681391743643674,2.5043101415239235
-5336.480402102398,0.6317905194371884,2.2768273777279475
-5356.360310817574,0.015365186308235915,2.859067354952865
-5356.367318691787,0.02320551658716139,2.8022488671916896
-5356.377984981,0.019037090799045885,2.8108667367924625
-5356.381967639926,0.026635411477322294,2.9106133093921285
-5356.411511793049,0.028299786161604,3.087742218552439
-5356.43788072993,0.040341414135897605,3.107015326801915
-5356.524508862706,0.03948285850697495,-2.998771217992703
-5356.667722822069,0.0008026022899647949,-2.928479636765129
-5356.929107299008,0.09283929615874166,2.871625211190228
-5357.430172841332,0.33167965143017264,2.2747974023683515
-5357.922359902403,0.9901151420547373,2.7934999391491644
-5359.399065265411,0.09175672348144506,-1.5149630726157108
-5362.337599863437,0.002061300444021358,-1.1890069646949386
-5368.266644997831,0.8218085715534609,2.2046860096551413
-5380.050190874018,0.9118837566034879,-2.4081256088705625
-5402.481808916614,0.30061785619889175,-2.9585673044847427
-5450.248328580196,0.9460393294196439,-2.659890049635107
-5471.124697861899,0.09479148391211381,-3.110184863746367
-5471.123893708056,0.09153674461063065,-3.030459251223055
-5471.12970662306,0.08890008665184589,-2.9809628873304375
-5471.14348222915,0.06956049015498118,-3.0382330254735685
-5471.150453762127,0.07645831421741352,-3.0098372880524265
-5471.181728288716,0.08892808224903526,-2.8818108604204085
-5471.293401573902,0.08329224895070042,-2.6047987380747255
-5471.439838301189,0.0657947462331518,-3.0403107613504443
-5471.701868819122,0.15834764646747718,2.635050742760791
-5472.0033328301915,0.5336538859611647,2.16233005900893
-5472.876581299351,0.9906558642042355,2.7165264445605377
-5475.03560562661,0.8706528776518463,-3.081438287980794
-5478.119467729645,0.9794839883327969,1.9786218279349699
-5484.920132875809,0.9976317947182203,1.6372848840015708
-5496.469747884252,0.12247083384889913,-2.6185363185469925
-5520.048050331618,0.001195471434129821,-2.566406192440871
-5554.711899637217,0.009381494890056826,-2.8767239285428103
-5577.960972742929,0.41983770133186565,-2.552339307712266
-5577.957773239524,0.42074801019634456,-2.5179011886756566
-5577.948726185004,0.41845731893541266,-2.5639710706755
-5577.965032288451,0.40189937327893094,-2.5573659242141127
-5577.982424127374,0.4042222331282475,-2.534806426755408
-5578.020692672087,0.3878906775167158,-2.5585921234883453
-5578.032608333545,0.3509230782926425,-2.0804341018353063
-5578.035879726457,0.31348229062016925,-2.5774762592177227
-5578.199849494814,0.2725213389741443,-2.3216344700859284
-5578.4136205756195,0.002480260939795156,-1.1854356688153522
-5578.901169201361,0.051481385287267756,-3.1219903830968034
-5581.104119297639,0.005584449061233881,-2.8912890830340667
-5584.361607096925,0.9895231202012073,2.8086533437416223
-5591.441450768163,0.8324536219132119,-1.9896076754197896
-5602.277894621907,0.14260628249672305,-2.544728588709236
-5620.943185539461,0.9927602214323896,2.739160015023094
-5671.752533021517,0.034295942910697014,2.914796362162468
-5695.6844792920365,0.2894762109401069,-3.1361844756449435
-5695.691057589347,0.294949711714846,3.113950526726315
-5695.699172018359,0.291306144470211,3.042490752182019
-5695.706541167645,0.32288096988406767,3.0146242057686052
-5695.727094111989,0.3180961034288067,2.981470481734938
-5695.749562428855,0.3348461771128661,3.0406014394688263
-5695.829545443826,0.3153230644886439,3.1327656011030074
-5695.8821854141015,0.3556014296105989,-3.1118094317664102
-5695.869445182374,0.196980644756914,-2.3235428633726456
-5696.459943325454,0.04742604556172943,-2.812822606666371
-5697.107186095809,0.7596871164045886,1.7448160059231421
-5699.053075372034,0.8949165985660301,2.98141001573501
-5702.02368790322,0.9969349404390899,2.0936716962343276
-5709.231427021689,0.9987656473433798,2.8435472886030873
-5720.784251492563,0.010738623178603706,-1.2404369316582908
-5746.330223069299,0.3600811551047372,-2.0443857060880344
-5791.730508291696,0.5479983606294345,2.1398920310036793
-5816.593949024272,0.9865338431405785,2.682161426082903
-5816.597829920987,0.9911996165138498,2.6220180898327
-5816.584872340159,0.9961528759615775,2.6442886665963146
-5816.5958894807045,0.9890566435386764,2.7273372119298234
-5816.639695200611,0.9961958507813691,2.757657997970986
-5816.675051101811,0.9858653280525366,2.7066011054977857
-5816.746287086285,0.9944411776080276,-2.940472664719724
-5816.891922207036,0.9368882772028185,-2.709183412453426
-5817.180300182712,0.9394671886233301,-2.551563456193944
-5817.780440460069,0.7899925839039316,-3.0044801490981605
-5818.731924604091,0.7977021847698816,-1.8612083908355974
-5819.370993234791,0.9007277317863922,2.6023746272102777
-5822.6318310990055,0.4272458632083468,3.0469094959181184
-5829.008312022174,0.9959534928029943,2.598717464234406
-5841.203250568656,0.060064754916484046,-3.0108290525899624
-5866.950240628436,0.015415865147298353,-2.6164435569336475
-5910.878927977672,0.0021270435477480525,-2.6588680107544485
-5929.789610379253,0.9916627703140785,-3.139529722817524
-5929.788365212401,0.9926099777790334,3.0769396224306487
-5929.794124629497,0.9881125188391944,3.0938308023939767
-5929.814535423961,0.995505455477341,3.11168511203622
-5929.838058076,0.9928774117380286,2.9404839494060244
-5929.888613957561,0.9875407906647738,3.0808313376461385
-5929.984319223879,0.9983653830000274,2.766979674301047
-5930.1381699713165,0.9524715513492915,-2.9300185688061506
-5930.392679058774,0.9992011821247571,2.568847134411297
-5930.743231274422,0.9960178751614678,2.1749125006113257
-5931.919451224555,0.928146080935769,-2.9976389554805305
-5933.442260494767,0.9769576009125315,2.9735014196408276
-5936.794189186995,0.00241553997989612,-2.579304003548493
-5943.230876461353,0.7711064716309445,-3.0674143215074445
-5955.835050185697,0.006198575224832886,-1.4427629900836416
-5983.308547823767,0.0008469506528815058,-2.4576161794222484
-6031.162142829818,0.2157577477630016,2.5099633512721677
-6055.9778994842145,0.06789002949573707,-2.376494998756733
-6055.975388976217,0.056773207163202805,-2.4448491967159813
-6055.976207879259,0.051093390840389,-2.3491917513703733
-6055.987932444517,0.0423286096427217,-2.2170720453971007
-6055.995491659587,0.0008844488625900269,-2.2094260101095577
-6056.032853184532,0.02036097338938398,-2.290736659845126
-6056.074726802686,0.009315000532054103,-1.8035420471920949
-6056.125564711004,0.00454461018613134,-1.7535768276526162
-6056.273137393623,0.013302523972589743,-2.024798861363755
-6056.555323971132,0.002319022727256731,-2.802513092980186
-6057.497531082141,0.0015503120074890847,-2.4010963448529035
-6059.086598878796,0.0009522455707465884,-2.410888910484763
-6062.174898908783,0.997970698581613,2.7296794181970165
-6067.185806414007,0.06511513810174253,-2.869244089138925
-6077.2578002296905,0.9874282144601646,2.498438347006477
-6099.303478968498,0.5236167677001416,1.9780621786888295
-6148.831626770942,0.486640537221557,-2.9632466145204237
-6154.06877558867,0.007753604711477065,-2.6517637290014062
-6154.0723875291305,0.007753604711477065,-2.6492453554923
-6154.079398347542,0.003987379539496737,-2.619310008803461
-6154.098118449087,0.0025430147099237124,-2.522978737003867
-6154.119358620373,0.00036375841405045586,-2.6410773612617207
-6154.150597604351,0.0007111667516513289,-2.9193726867162977
-6154.2007591075035,0.03145977172311418,-2.870754282526352
-6154.364503344729,0.016211350693276533,-2.091150924814422
-6154.580670257746,0.006054422751246422,-2.172021044881259
-6154.90460676281,0.156938792816299,2.538690810748733
-6155.480972624123,0.9843613774734784,2.12826895969334
-6157.395367326878,0.9725623874728319,-3.0694398716524907
-6160.319141382323,0.01422963690080652,-2.3631641091878706
-6167.551973722735,0.8113078043227006,-2.4040640356614036
-6180.838257090082,0.002506744638990333,-2.2857667706639733
-6205.092885230581,0.015148958596062419,-2.5490432096523556
-6253.451735056388,0.9865453874542841,3.0312765474357333
-6272.962560528317,0.9566557870184921,2.318120135346444
-6272.965929526216,0.9586502555379895,2.3147807806498726
-6272.980071622047,0.9663401856305616,2.4677725401392063
-6272.990037831223,0.9619331388991581,2.50412049766539
-6273.006704757057,0.9749389314671489,2.404499918380554
-6273.037601225246,0.9950560667865198,2.763487547687024
-6273.115178604972,0.9864240991285517,2.523000765395012
-6273.249885589083,0.9944581504916048,2.0771070195917147
-6273.584499112698,0.9801046393294951,2.374838360635631
-6274.064650496146,0.9971695650661971,2.513033803280793
-6275.159068865196,0.9021368952412384,-2.2748131878991207
-6276.710933529093,0.006690282892903944,-2.8418870559599716
-6280.884595586937,0.2347364415278602,2.220574591781819
-6284.870690068676,0.011116346327240052,-2.0330323205992684
-6297.30283448411,0.2554552557410425,2.6667130113107653
-6326.53723112417,0.1605948168996032,-3.0279633255798197
-6377.364770030853,0.011057884203489465,3.0614601232571026
-6398.150899068802,0.5194733086338112,1.7371345394952096
-6398.151107819599,0.5152730033137926,1.8256066203044652
-6398.151058586247,0.5224733207062949,1.8214189831011378
-6398.150205355514,0.5286469720310641,1.8178892559435411
-6398.156236955537,0.5272925811587552,1.957853495225324
-6398.15423491503,0.53483001314608,1.8166179915494194
-6398.128474973072,0.6148806033599855,1.3253151891655959
-6398.061250551551,0.7969725121131185,0.9068912314403663
-6397.688615541949,0.9728541128315137,0.9169687421672927
-6397.191812592228,0.9924979426718753,1.3705897190539007
-6397.621876151498,0.48587377445762686,-1.3403520595337501
-6398.640895792736,0.6076086216016044,2.7483891047170825
-6401.421728377005,0.7870700711281822,2.3154466706376162
-6407.566911551234,0.5073950466204311,2.840359731971205
-6420.187942093478,0.0027349049033993395,-2.4255061797824897
-6443.810528604997,0.008505840936657998,-2.5122423525596234
-6493.6250858639905,0.7999972844789254,2.9775334877173956
-6514.379206993876,0.9892606595979389,2.731490018669618
-6514.382381917015,0.988582024874172,2.7826572740089084
-6514.394379147302,0.9814054120447818,2.7545739645282694
-6514.401502393851,0.9911310898870529,2.6772601436313153
-6514.413612214014,0.9849125283128136,2.790823090754243
-6514.443728739485,0.9958584000824813,2.731329920587476
-6514.526448128448,0.9945399764870219,2.764103044269037
-6514.674060726043,0.995884654961357,2.8786114087474957
-6514.840571257209,0.9965337628260257,2.8476238296924326
-6515.4289206681215,0.9965783952986851,2.901989447346427
-6516.585413981503,0.9639145402086003,2.909803226961772
-6516.691263481014,0.49958693080212546,0.7391311505518248
-6518.23810816299,0.4928391280954655,-2.884227948053052
-6524.336981573414,0.9969419609278763,2.1218613565150104
-6534.991673356023,0.9841420459446859,2.122419327362582
-6561.033045532418,0.35855834641248274,-2.4312487501316107
-6602.940070935143,0.10483893694077212,2.723643638222762
-6626.105721738599,0.8324308231125067,2.976540508508558
-6626.109237267555,0.8296743002661332,2.9890075246011802
-6626.121442551598,0.8369135933699832,2.976178735390741
-6626.131371995055,0.8350265102243126,2.9168358805298435
-6626.151230962704,0.8313975531464223,2.9465791455307944
-6626.167076376769,0.8090335488902184,3.010533321974414
-6626.229372600897,0.8551921078752653,2.66684774124632
-6626.333121172704,0.9085224280308266,2.9839418455278235
-6626.601837286526,0.9268770293028596,3.054660246367411
-6626.879181881725,0.5771583353017674,-1.736491516172236
-6627.161551703087,0.04736302531669788,2.8835496823207727
-6628.437325117471,0.7673775926084841,-2.1544924516198587
-6631.283117711667,0.986305754288528,2.0696686022044357
-6637.394667815938,0.9990437964702266,-3.101298627738911
-6650.339448193338,0.9567216951701967,2.0057745254013595
-6673.566154421297,0.006771695314533062,-1.7838586944543882
-6719.164317754957,0.5964619014816449,-2.7172211584665495
-6739.995508876401,0.0013569292019382133,-2.682241864694201
-6740.003399738496,0.0013569292019382133,-2.5757426110317407
-6740.005492509687,0.006487072704174585,-2.4704902792452548
-6740.018063924984,0.009193562637140603,-2.505533562384276
-6740.040989729564,0.01567350919053598,-2.395405525285378
-6740.058819614935,0.009317135774620348,-2.513972934978664
-6740.09005709868,0.0017467381661039573,-2.138866733488266
-6740.258998536033,0.006283058655747744,-2.637579419393594
-6740.478360221483,0.004115436524697415,-1.8601843818241062
-6740.932112937018,0.00019238740794611658,-3.0779783167812473
-6741.822787268794,0.4814445906452192,2.626578841470508
-6742.602516457793,0.002679525735258422,-1.4783383930003438
-6744.871003482718,0.9991283573852726,2.7561270184121236
-6751.406522037106,0.3870233869747812,2.213956706682593
-6762.919714721783,0.9997521415900047,2.2489124474411595
-6790.9998968024565,0.18871753255045698,2.5386797283084466
-6838.368392176128,0.7678904951406098,1.2718040256993524
-6862.337250604409,0.006568019154298974,-2.635724858535226
-6862.3421179647075,0.0033658800620604383,-2.640466906456698
-6862.340530374575,0.0014167849880552886,-2.6601261925726414
-6862.367027655821,0.009975405939185302,-2.66484350228395
-6862.407127393553,0.019782002173499895,-2.6497397614119818
-6862.430954311289,0.004286709184610843,-2.8435707620978774
-6862.5369425974895,0.006978356157719101,-2.6800144182867887
-6862.708130819074,0.0012937123105372737,-2.852303598048987
-6863.101185752322,0.0602499083848892,-3.0357057994906476
-6863.6106527147695,0.08643409826290852,2.6362434333436333
-6864.48026626209,0.36528016572904737,2.868236774410075
-6865.828582770025,0.987466753989968,2.5500857677962943
-6868.465010876477,0.36363821397592694,1.8253842466953314
-6873.882430147033,0.9993423437582496,2.3225732005310267
-6887.04731583192,0.5591629783968552,-3.1103672207691107
-6910.76048791726,0.9988014070583698,2.1426866937655635
-6952.874429356078,0.00664640520185784,-2.493681144633957
-6974.687248790639,0.009533576748140968,-2.559927043315916
-6974.699226726658,0.01014957590967932,-2.604522333720222
-6974.703631675166,0.009076656524729915,-2.581762908172157
-6974.698109852676,0.0003132454850080311,-2.5430880068039428
-6974.71494721423,0.007707206784528277,-2.734351093921932
-6974.7154775461995,0.013400452674333145,-3.0838971525486083
-6974.803125413539,0.005566163751388568,-3.0988649652342475
-6974.868764562277,0.07932464969745734,2.841710995129068
-6975.143701790932,0.1176159367277964,3.075330667807264
-6975.477834580103,0.329333725361147,1.7527800394050264
-6976.087416126721,0.99731491977672,2.462615664607453
-6977.726226978256,0.472794601029892,-1.9323259748829194
-6981.0670824578665,0.9890072793687751,2.4852096732627533
-6986.100355084829,0.18425867467567225,3.020751028006618
-6997.855225280781,0.9304855558521472,2.8455305143415597
-7017.384331941231,0.9790417434737283,2.538526851219568
-7066.766720421058,0.94991858774123,3.0413765833767314
-7089.850376851957,0.00036193025753628516,-2.785113172887059
-7089.847753791199,0.00036193025753628516,-2.8025301884001266
-7089.857053644735,0.00036193025753628516,-2.7373604093129296
-7089.847445174983,0.005870430030843389,-2.736246967556696
-7089.880518793445,0.004340824677204895,-2.752945227369227
-7089.90826870974,0.00489959309985305,-2.700523220242577
-7089.955459832525,0.005059398277985079,-2.8751607152326533
-7090.139538069638,0.0035409951090713053,-2.875805632555822
-7090.322012963298,0.02991392452273658,3.0389992662824064
-7091.018331331769,0.026003889529878584,2.8112878016234557
-7091.478283563996,0.6038203312166747,-2.7150658345626564
-7092.643638285993,0.0016446548917570694,-1.8856501172900342
-7096.4947547330075,0.6644002944767343,2.820421424612359
-7103.253459970353,0.986564129506321,2.777383576281945
-7116.20291812866,0.9904101885514691,2.266561671506131
-7139.015131921153,0.5133123573577855,2.138466539014532
-7189.395236815225,0.9105440946887987,-3.1195250156931813
-7208.030548415546,0.9668135909138195,3.000295052858162
-7208.03375912026,0.965742445558267,2.9680137591917592
-7208.031500269265,0.9682500337897162,2.958832961073827
-7208.032630854158,0.9824936195771925,2.9848642020346006
-7208.06263324954,0.9822267333240843,2.9746730044163865
-7208.075525861851,0.9961022086196114,2.9641740725402883
-7208.146278584874,0.9818015040743773,2.5811305365891517
-7208.327772980387,0.9732128097748678,2.735949255511743
-7208.557963307799,0.9960137584698047,2.6371102457386506
-7209.086087928976,0.9997110924138035,2.3526237978972846
-7209.959577443217,0.6555269702606035,-2.1684620223313025
-7211.576062197525,0.0005127545303637206,-2.246077425447058
-7214.857916531709,0.9439294281104155,3.1271159044473054
-7222.404324238742,0.9775969372194355,2.413450324735713
-7235.562501653807,0.012093159835332785,-2.320996201411661
-7257.250030775725,0.9992665492360595,1.5473285440014237
-7307.308506259176,0.9918028300164664,2.8765159387541868
-7330.741579701956,0.9740894389050712,3.132437094505642
-7330.743819636004,0.9768408260039806,-3.09700498567714
-7330.747644871306,0.9786272285955843,3.1404270737635045
-7330.74768198007,0.9630958487506627,3.0528603580606184
-7330.7731804257155,0.9710982262256362,2.9215661299120406
-7330.818272585079,0.9927191498582523,2.7857229381982336
-7330.857952491979,0.9824800791339584,2.839228550643716
-7331.034381237226,0.9852514577701645,3.116722179058903
-7331.337202385636,0.99994299599184,3.022731826498317
-7331.960558748214,0.9867428335937126,2.3945069567630597
-7333.045126013464,0.854221673524338,3.1302585935480494
-7334.919296793617,0.7295538183416184,-2.663407073788551
-7338.365523222461,0.32603460953946495,1.7545629330837826
-7341.680098043092,0.9946288895063199,2.7549605349577746
-7355.309607874994,0.9799888333757415,2.786562179483047
-7374.813927098402,0.9970874055893485,1.7016266014392745
-7426.677563434118,0.9984414054079568,2.175872172239389
-7449.56744664051,0.0058915067560307115,-2.604175280150732
-7449.571223122607,0.0036648577217536327,-2.573975878487524
-7449.570939999698,0.008429311024330848,-2.520886712812525
-7449.582022997211,0.015212142534852586,-2.4533790175823538
-7449.5935397428775,0.019619547536769935,-2.5716423790757674
-7449.642460412574,0.004864241018326663,-2.645116199273013
-7449.6880529821365,0.0039136882290228565,-2.8915839730339665
-7449.802852739609,0.06420445526965415,3.1398784153802213
-7449.991803365053,0.005458651408696974,-2.9236000974725376
-7450.644450148514,0.11144550578418204,-2.778666126547104
-7451.771152547404,0.009660714183775633,-3.025335761838016
-7453.364168112992,0.9986015918927446,2.463148961319982
-7455.977140251284,0.565332003939276,-1.8062595170740667
-7461.017219249884,0.5924865541501981,3.0245786268029597
-7474.556277033442,0.037371259226023947,-2.7780678223529947
-7498.6708085004575,0.9773701181263857,2.8095431240298714
-7547.184036692084,0.9998937121906306,3.0140044717930854
-7569.271769328325,0.0035533893122394406,-2.675168677171171
-7569.273867593142,0.00025555965824829293,-2.672169757641686
-7569.273888300518,0.00025555965824829293,-2.600739972527875
-7569.26624368726,0.0039049076315638863,-2.4733895590629964
-7569.275551952464,0.0006479410010819002,-2.620713376861772
-7569.315178663422,0.003728360332668002,-2.606543346032948
-7569.3697546941075,0.011183593878723164,-2.8538765304031974
-7569.459479892767,0.00013168424765168905,-2.818704368423328
-7569.717617862089,0.0015206996810402712,-2.962394348988477
-7570.212575277009,0.18611536920149246,2.4922020349497274
-7570.815361618747,0.5543224182648973,-3.0657214158209287
-7572.464862012723,0.049242480134090945,2.693260056212477
-7575.577563517423,0.9904052760904652,2.504259346794365
-7581.845861685533,0.8845989475408867,2.095142349748814
-7594.966631297428,0.004786355390912492,-2.6621444325536943
-7617.130656989203,0.1140507569485942,2.6316286694420503
-7666.88023127919,0.8510486137374849,-2.759892037429753
-7686.039056002235,0.19740702432491747,-2.528867607445636
-7686.0382039830565,0.19975621814280659,-2.5181598698537697
-7686.041333127903,0.19972564592965486,-2.4737480488729413
-7686.042708070277,0.19390344329262268,-2.659721131305523
-7686.024850484419,0.1709843396842788,-2.956904671914762
-7686.065269316924,0.17392090183919268,-2.7158054953351427
-7686.11365951327,0.16560839128084742,-2.894393027818043
-7686.2632877119995,0.1435604197069286,-3.0728909478178967
-7686.381639767559,0.0069103669708358365,-1.7449039269022082
-7686.865353520022,0.054917046688446935,2.822386808584284
-7687.795885366732,0.014327278876826114,-2.987746956936384
-7689.721362795398,0.7709184402852968,2.148614242699236
-7692.381980960288,0.7087904604615479,2.3395796944106335
-7699.150671298332,0.9359380762961274,3.0447962599048015
-7711.998904231112,0.756943538229271,2.77140679515259
-7738.729081564998,0.9970919378518849,2.8782051142320624
-7793.417146704879,0.00041762537843415513,-2.1843149480390407
-7813.0080700046365,0.4948045491972738,1.8895270493639913
-7813.003875670566,0.49883095206474615,1.93065463563702
-7813.00279325018,0.5150691340731075,2.010097474284124
-7813.006557633245,0.5195115173350076,2.0593786490527783
-7813.004210800529,0.5228374107622588,2.196460116316911
-7813.010039398306,0.5661374983746489,1.9876076921132952
-7812.999973780821,0.6211052581789226,1.8484360062313154
-7812.933179058628,0.7783554079271533,1.561415461984514
-7812.874896009725,0.9993525133629623,2.2397111010231843
-7813.534982955202,0.9867577993637202,2.6680430955675405
-7814.76037653374,0.969340850412436,2.812694835160724
-7816.4143553744325,0.9991436824775498,1.5379936054797723
-7819.29063088479,0.9853668393369873,1.3477155621122847
-7825.368307469273,0.9993349256476837,2.7549663362795727
-7835.58631822274,0.9977173850309542,2.57364936749471
-7860.573024901125,0.06809696490798374,2.280268600147508
-7907.210995129011,0.21315464241849277,-3.031392918173999
-7929.29305735177,0.9920300049580613,2.772714925967037
-7929.293840157386,0.9889095588688077,2.776499633182297
-7929.304320236913,0.988873898330056,2.838756861660271
-7929.3172949350355,0.9861252119015017,2.9143223534872202
-7929.326704531452,0.9877924030050005,3.087158131757459
-7929.3761632541255,0.9940979208603762,2.9101998938392093
-7929.43222870802,0.9998014670896215,2.4310674582428486
-7929.53542978721,0.9709752791162025,2.2321009718176406
-7929.842559514753,0.9884724401453495,2.984270534107587
-7930.329344368242,0.9698607346783352,-3.0496805012445307
-7931.159249727011,0.9977957896543769,2.1219628113479363
-7933.262717632517,0.7909080827544376,-1.9426812194259067
-7934.928447395936,0.016741341218752277,3.0856150599855594
-7941.0575203805365,0.9961554174821631,2.9371458075355497
-7952.765407875755,0.022287122859074176,-3.116396462943957
-7975.722185026652,0.9960595926593526,2.312392713213974
-8022.388597954489,0.04799748202539912,-2.990904585557475
-8040.903693607439,0.9860495072469916,2.4533235923847894
-8040.9082271370235,0.9835623773881915,2.498251841343764
-8040.905782044607,0.9906445308579254,2.5184304591856144
-8040.912204086571,0.9981274737244062,2.468795732286239
-8040.963834144575,0.9931545292721952,2.345343247266144
-8040.996416913598,0.9899934943510494,2.4575952905896568
-8041.048775054049,0.9919582566526471,2.328639396649149
-8041.072099329171,0.9973258076758398,1.73460616775421
-8041.108967530255,0.9959694561512511,1.8936762629001178
-8041.4468996355445,0.9937528794524683,1.8716473689888868
-8042.24546524705,0.9771901002189347,-2.7772005861668325
-8044.335704938718,0.9988179762721057,2.7926434692729947
-8043.140856027045,0.06460730977188645,2.7193240500965636
-8050.510657918126,0.06651284266783607,2.919397018557495
-8059.977821039578,0.9758530325760159,2.296478762701722
-8082.964787296673,0.9740318493742663,-2.9848336645514912
-8129.785036129498,0.09333578554318557,3.067193500958199
-8149.80945392537,0.9961658035643984,2.1004704375100074
-8149.813416862871,0.9961658035643984,2.1142079251836066
-8149.815588463023,0.9986314229592043,2.149464164440336
-8149.831334562717,0.9941902052122445,2.2428291974856327
-8149.835845078702,0.9973014183290723,2.1044213039493957
-8149.85373312099,0.9991796530894356,2.124529488545205
-8149.899504283414,0.9914606814859582,1.9859776550918564
-8150.001882529214,0.986417773821118,2.4991251614154404
-8150.265976202549,0.9985554446665215,2.5473669450040095
-8150.675676167608,0.995206251120764,-3.0673029682718838
-8151.437127916765,0.8257698651962183,2.9109539862181872
-8152.701895433684,0.24169760227264125,-1.9560361143894418
-8154.607620243985,0.15170693299693325,-2.0591122340393055
-8161.2187142166795,0.9970541050264715,2.2575923071965107
-8170.751965574529,0.9841491775832941,0.5858892798645909
-8192.493878052466,0.004271002161036825,-2.5102804810411925
-8239.396822896784,0.13451068692363416,2.1762660719647045
-8263.114561653721,0.13861989296574367,-2.505859874397563
-8263.117840017603,0.1357900835398981,-2.481658131676075
-8263.121737884021,0.13166260045605296,-2.4946467864548953
-8263.124736362739,0.12955656990474357,-2.2717024062983406
-8263.12582798726,0.11860632902694962,-2.339412858095327
-8263.163415659852,0.07557202875508211,-2.508840552984521
-8263.209367948417,0.007699598498830119,-2.3692668036646114
-8263.255170397295,0.0014565800115601182,-2.552891654201976
-8263.525621009758,0.0006517318198075526,-2.101171736549105
-8264.012590838129,0.00246097128995491,-2.5722274612723552
-8265.102887412935,0.1367942208448552,2.9655198410219388
-8266.371462338084,0.9356318595457339,-2.8047888432628008
-8268.893766543266,0.755278813171699,2.2193334340814097
-8275.63619349799,0.9833196315670245,2.749228261189362
-8289.215677490287,0.7307250437001532,2.6397138153311417
-8313.37966391139,0.2843412114838408,-3.0954648993940372
-8362.320786155233,0.2841576275556155,2.318889787328395
-8376.240731343523,0.998721319446282,2.9923219558650915
-8376.247559715513,0.997178903203349,2.966090345480027
-8376.247951121642,0.9989615334028612,2.96595559632505
-8376.251096756587,0.9982383613728352,2.8378895931329797
-8376.273036293369,0.9934766486176058,2.9365811966696658
-8376.311690149312,0.9830674050103839,-3.1055253112245613
-8376.409786238059,0.9624768586977213,-2.8864445888134624
-8376.412740820671,0.8574098235815018,-2.2719321180819865
-8376.630055644886,0.713188520563877,-2.0932233410093346
-8377.035195757122,0.6184957819068402,2.727624401877728
-8378.008534048278,0.9847429951206546,2.9983849515980268
-8380.335596410903,0.9872018628202512,-3.0885149396895013
-8383.42649937301,0.014787335197572426,-2.3802605151142187
-8389.347018979104,0.03846157086518329,-2.811739278091428
-8401.754893593135,0.5007876920116575,-0.24300174009396436
-8420.869775000827,0.8856255852827066,-2.021804478315766
-8463.438487148107,0.9924781958358183,2.337643312840971
-8478.426349880065,0.003303119780679204,-2.3979436160982
-8478.429476975543,0.0011736881572010016,-2.479128648294248
-8478.4333293219,0.0004974476163291053,-2.4418376478299533
-8478.450500646783,0.003272280927405207,-2.2752386852393034
-8478.468371632149,0.009551458332746935,-2.5536897306312536
-8478.477248349865,0.012065682138612392,-2.7533927929549087
-8478.594851086516,0.017839192501504356,-2.8612879019921986
-8478.791682110052,0.0014464499135809234,-2.9300603397446046
-8479.103711340831,0.10603781303733852,2.965860874391624
-8479.508989288503,0.3653893706963131,2.9378190687994863
-8479.673820785598,0.9951699840797137,1.3566377127616782
-8480.045481144189,0.1338166403824091,-0.9505277661375064
-8482.677706135777,0.5373047782852254,2.042943953197444
-8487.489345502026,0.13465560309518512,3.0671448624677105
-8498.654652919318,0.0018877376470349243,-2.938699085902685
-8523.303451799524,0.00844354444953088,-3.015325423482989
-8564.579343278383,0.9920581019049677,2.463194530684583
-8584.050258064452,0.9983528506067649,1.5823035740227311
-8584.050330086488,0.9986613327795271,1.555595371941374
-8584.053841471246,0.9967662065989887,1.5040800884777132
-8584.06296717265,0.9967662065989887,1.4940028038632498
-8584.053151271248,0.9981685945842,1.592454687785163
-8584.027071341252,0.9949996251549776,1.766486887070819
-8584.071942251203,0.9924280364667053,2.0545926725207604
-8584.14711788577,0.9941403212043306,2.058382391261299
-8584.38144860036,0.9997501197299976,2.6496028698595495
-8584.955754470331,0.9758787882078178,3.065510644712334
-8586.058910073341,0.9516684090541963,2.82472219218499
-8587.639729889725,0.16827036222573993,-3.0418479733482893
-8589.928726382968,0.49987868488309467,1.72280136868119
-8596.65221133977,0.011339550768878444,-2.6292511833642047
-8610.952314016446,0.046453290534274584,2.7882004403329876
-8637.263990585172,0.999488064974044,2.8163476489483985
-8685.599394562225,0.5825260095239992,3.1151131747220084
-8708.25891672927,0.9927171248284249,1.9237969802264683
-8708.258821270743,0.99076472929482,1.9670177697907443
-8708.256228255399,0.9949259714131723,1.9307301304058084
-8708.262428719412,0.9952080063227928,1.8350742797888913
-8708.259712006155,0.9998311149357546,1.8470582570902128
-8708.269665838912,0.994887227469367,2.156999871529255
-8708.31181708362,0.9923834782612114,1.6068458299803945
-8708.357877490553,0.9906329785744193,1.9979284219586742
-8708.493472612854,0.98773354937362,2.664789589345599
-8708.999748744816,0.9911267903643071,2.6949278875766254
-8710.072298467001,0.9967467207401746,2.3876713003309504
-8712.155809017335,0.9969436375433515,2.9780289738953343
-8715.240413136491,0.9940309320556671,2.979135951746329
-8722.371496027286,0.0081573209975014,-2.7076037577625107
-8735.671896291558,0.9673788120430116,2.8139116252323815
-8759.884724125803,0.979363507766221,2.8368934191829194
-8808.810705410833,0.0015050339607703047,-1.632462511580128
-8831.624740262227,0.013129030971471858,-2.8400810295799648
-8831.620040521255,0.012699076409720754,-2.8569546737158342
-8831.632961804658,0.011859274496304669,-2.810467396479382
-8831.63690917229,0.010017546805225076,-2.6849530595010034
-8831.649491314703,0.0007191810673594944,-2.6216341500157085
-8831.707423325493,0.011815699557128374,-2.8388207766433373
-8831.827402844847,0.015076393817685267,-2.7836464927398357
-8831.995489800547,0.04697611655586846,3.095145416840669
-8832.279746536826,0.1413037642327868,2.3732931336493657
-8832.60272316947,0.5202384896080177,2.645188918319838
-8833.417479589998,0.854343134124824,-2.7823802465760044
-8835.133644750045,0.0017826928395914062,3.1363810579991824
-8838.52686948787,0.7345338702263421,-2.6465326305542627
-8845.178975367324,0.00055165647916188,-2.6293243175018546
-8858.057802189554,0.0049595398209582005,-2.711770984734448
-8880.856984131378,0.13910810415289726,2.655346998024248
-8932.990454892868,0.7777340135141111,-2.3010918340482642
-8950.77834110173,0.745242767271635,1.1918125248356848
-8950.775850171627,0.7461336906070941,1.1456019578372842
-8950.772778937699,0.7490743920097681,1.1411979321949524
-8950.760180275258,0.7640123726280621,1.1750479394369524
-8950.738306884043,0.7856870858238669,0.9671077729603672
-8950.692110207721,0.8028874396248523,0.8793699565898168
-8950.613841317085,0.8978799178857739,0.5752496287099538
-8950.511811187793,0.9897840798151507,0.9666642854349599
-8950.374373926215,0.9917347318286454,0.9531726126274718
-8950.222106491825,0.9901309748496822,1.773915706891481
-8951.046374008303,0.9952455469828108,2.5673113725981365
-8952.959490873378,0.9880237243744484,3.0410042282924703
-8956.4861291034,0.022463044680671018,-1.4734730198707684
-8963.591233077706,0.9971789712120717,2.812219912616623
-8975.436499461122,0.025779406195507004,-2.6666837623626978
-9001.312486630577,0.44312640512816526,-2.445786868228107
-9054.982920707187,0.43896321918722236,2.291331427240504
-9072.030472396775,0.8356006884889411,3.0212179454682087
-9072.02723338093,0.8412575920696685,2.933591350612912
-9072.033010239253,0.8424290519314295,2.956526029819969
-9072.033131339862,0.8473853834675477,2.977485518292829
-9072.04980255876,0.8605030968707551,2.952652659734486
-9072.091556190588,0.8590355129126986,3.0476615090956827
-9072.120516413172,0.8129558608735327,-2.8439339647320327
-9072.30594616317,0.8099869259198658,-2.9892925034456574
-9072.482203752,0.5673260630714771,-2.356365684044448
-9072.802517100245,0.41219860217851156,2.2138383677417295
-9073.011222331032,0.9988152413447757,2.0534054951636023
-9075.10469926085,0.7286842031408882,-3.066693310363059
-9077.981877262777,0.004960005023891859,-2.414420249932785
-9085.277048529018,0.2798566667651156,1.7811258217788577
-9096.443064514579,0.006303630941565977,-2.848267342323789
-9119.893293954043,0.9978449096822619,2.561229897236198
-9168.623493752462,0.020382324500562918,-2.4013463995225295
-9191.858777465235,0.0023935190538065597,-2.5551348184714873
-9191.85602805435,0.004364365043703648,-2.668063014213668
-9191.85792955987,0.004562615846629848,-2.634088916772814
-9191.852831340022,0.0049177234555599055,-2.7116907616468002
-9191.876991170138,0.005496726376160311,-2.7348593836212367
-9191.909444359677,0.011602215538002085,-2.969305740441787
-9191.953456706327,0.026893056367475746,-2.9233671051646817
-9192.067356281617,0.008025321801630979,-3.040108993568969
-9192.436615645873,0.04259560575174594,-2.8307877863811544
-9192.947394603127,0.0006320509724039003,-1.88752774109056
-9193.607449304813,0.008757256012298077,-2.2937256692023147
-9195.039043984116,0.9818053142180827,-2.969722306074515
-9198.112040578351,0.12412441409037245,2.3127271921752293
-9201.833377853038,0.8842277876898927,-2.7463614684181348
-9213.140944617797,0.9860836476043385,2.41230310589786
-9239.268742263224,0.01161003214455933,-2.7670551200076354
-9287.3870927551,0.27051586583904774,2.7839144312036144
-9310.966994885574,0.5394284173211004,2.809375881520735
-9310.963043952344,0.5369256494995369,2.7850352483701517
-9310.969886694356,0.5410414885741356,2.7943512272060698
-9310.98461465031,0.5341666688297108,2.7540222678878017
-9310.973053615862,0.5244490195763987,2.685177592340831
-9310.994693022241,0.5133976903637414,2.9337157052124923
-9311.06244088727,0.5694124162064714,2.6609585530265214
-9311.125629009875,0.5856329170878177,-2.768360947550409
-9311.316152612279,0.4511164648166984,-3.1178698056866243
-9311.724288251327,0.6031720544232396,2.3344406744509456
-9312.468289456534,0.9966097371631173,2.251194733402567
-9313.783682359193,0.0010451690880682542,-1.9323320070481456
-9317.702407557743,0.20357364461337502,2.4394749926605037
-9322.938777582167,0.6310457432688534,-2.735590395164125
-9335.237347496,0.9721549610214946,-3.0030611800177085
-9362.80827498942,0.550910628798961,-2.7521026193251714
-9409.056319144458,0.0028162879715152183,-1.5941948117797944
-9425.444333431764,0.8147979597821114,1.6415097043756441
-9425.446951806223,0.8172161421820767,1.6856451762839235
-9425.43918304499,0.8251446833443045,1.6840944932892983
-9425.444235398722,0.8351116244697345,1.7883811663036564
-9425.419996866409,0.8617061590194917,1.7344605685201353
-9425.406875431285,0.8934178936056981,1.629964498008671
-9425.396492758007,0.9741798402917342,1.5950913370624935
-9425.375625642615,0.9931891466348002,1.4338237407646952
-9425.382411705063,0.9987364115892077,1.8186205245877023
-9425.696276682385,0.9982617766895073,2.2486251441703002
-9426.632948004752,0.9636247668483874,-3.133738843822483
-9427.47021886204,0.003862592084470113,-2.241221238175701
-9430.452311775718,0.0008819793153702271,-1.659368540388326
-9436.845266202992,0.003315066040142136,-2.4525825473477134
-9450.459016808245,0.022290673537342195,3.0343691584421695
-9473.906385484855,0.531478018594847,-2.2621107056943317
-9510.123927875315,0.0005710464492131376,-2.6988672945867975
-9530.346363792762,0.9988666691422179,1.6685472243959794
-9530.34235148215,0.9955415749164133,1.6757149802747513
-9530.347068850017,0.9976148401241192,1.724606435984339
-9530.357204222268,0.992672818455116,1.7791894127141044
-9530.354539670458,0.9950375318476671,1.9227805708371228
-9530.383052690724,0.9979203039092307,2.0685511408513957
-9530.408920528256,0.99652074763322,1.9053070115920319
-9530.50266996173,0.9961208535668921,2.4252416574204485
-9530.887263392357,0.9812805418491195,3.091684718751142
-9531.416004280341,0.8930349535482832,2.963359579041435
-9532.318197371853,0.9225650091842672,-2.8508384785204344
-9534.687350034326,0.9751059825704262,2.9785622572050965
-9538.072707556361,0.9753946461551426,2.6272071437730524
-9545.760807905152,0.009662213220207352,-2.7744147307174423
-9558.183913039617,0.40894822127407077,-2.1445504222487095
-9583.336033784728,0.9833719822883356,2.7257947076454547
-9626.909543294709,0.8858228852200668,3.06482730800058
-9649.667384916916,0.0029989683150206756,-1.5271686870373509
-9649.659780712607,0.00014818327513646778,-1.5268892664949616
-9649.652135359876,0.0008085203759363238,-1.541296606787906
-9649.663108955605,0.002594681056402747,-1.4283833922114546
-9649.658553711746,0.013033897429333897,-1.3983354796893548
-9649.652172545255,0.0033661215028088494,-1.7287786148538424
-9649.636380022317,0.002875269933698104,-2.044729899241661
-9649.727403107207,0.0011260638331303955,-2.397096121537835
-9650.011420719056,0.0007561743007929557,-2.1217889924010045
-9650.629084266306,0.047271257744705295,-2.9683738398379957
-9651.905256604177,0.0027049796594967946,-2.9265071483021012
-9654.379111457556,0.2970049318449784,2.3439179851295737
-9658.059396079092,0.05617849924595805,2.826301666285879
-9657.977930562589,0.9949880335851731,3.002370837368897
-9672.162644045451,0.9937166853812066,2.852625079010748
-9695.453278635034,0.9951060752837488,1.9548340659315482
-9744.123881156222,0.9995203767896595,2.371156998742439
-9767.582105127074,0.04028461200145421,2.7748013525158557
-9767.584299771346,0.041431274302324815,2.8137948226920866
-9767.58797566916,0.047683364650102394,2.873746568830226
-9767.606813323891,0.05015831367297346,2.837000402478812
-9767.607887987948,0.07313054891961222,2.8078403283801787
-9767.651239452256,0.09837830993210599,2.863875340632852
-9767.718661345418,0.09724283243769974,3.089535197617958
-9767.824792460282,0.1533364809130975,2.6795561728135757
-9768.021268042954,0.378728029582162,2.9701935783670628
-9768.23580194847,0.763128463190386,2.2825366100073694
-9769.149806548003,0.9959561115101729,2.939442349284114
-9770.736566343963,0.01742396250368736,-2.199952530673051
-9773.637682755994,0.6608985402491654,3.00667512353818
-9781.650014647292,0.0036616829651804003,-2.7980089622537054
-9791.601234410007,0.9748281291675794,-2.6701587216111373
-9817.01519266216,0.42281433172872324,2.3863010695145377
-9868.768628541871,0.0020094818780423767,-2.8709322298129467
-9891.195964741963,0.2976030274138843,-1.8058038804845473
-9891.195069311987,0.2959509758885721,-1.789622099030185
-9891.198319159657,0.29923421692557295,-1.8396714809009915
-9891.193106624343,0.2880215219088629,-1.7701602560465484
-9891.189638664828,0.27664726181108446,-1.9014042401873863
-9891.196078513583,0.23754657627171671,-1.8880590213850952
-9891.211187179597,0.19251513170218532,-2.001600578382942
-9891.267780088214,0.05835812901821169,-1.9208201623755787
-9891.359855102091,0.005795613681409485,-2.4389694182949504
-9892.060453821723,0.009138245779655045,-2.3415828869925295
-9893.008122787689,0.2415319424350846,2.70937483001682
-9894.4394198784,0.9709141398934273,3.0372685172361953
-9897.889384168975,0.9971699190285576,2.871497940049597
-9904.85176976783,0.005654427881318129,-2.5286935479447057
-9918.847516979773,0.10849167286049836,3.0329059257562783
-9932.681306389444,0.9959575472182249,1.5503144490827498
-9980.806065515393,0.4746694000418736,2.124691047573817
-10005.846012140073,8.097778234949214e-05,-2.167142689892147
-10005.850532258155,8.097778234949214e-05,-2.1729863356149384
-10005.857868073697,0.0026035262223565014,-2.274284890955004
-10005.870703486235,0.0026035262223565014,-2.371700848794798
-10005.866525718022,0.0019301014760349285,-2.46904221713721
-10005.891443745837,0.005165841513418709,-2.649992641134967
-10005.991031074256,0.005660556445539613,-2.317362639437411
-10006.10428578879,0.004610426265503863,-2.523768528217483
-10006.41408880503,0.006454795197801488,-2.7415058193716932
-10006.918896069725,0.010258208002297998,-2.9228212802374136
-10007.94799053203,0.0025152017255060362,-2.3970571082732097
-10010.073235126101,0.0010332494415837652,-2.290790962900602
-10013.689170442083,0.6374855449515738,1.0949707985307935
-10019.112657759379,0.9963937994724129,1.7891352076561127
-10032.831656253345,0.07247351574879428,-2.337598173099785
-10059.033904991196,0.9900926567636684,3.010143226665196
-10106.239106695968,0.01255194909674692,3.074699564270455
-10129.109114924395,0.329905338469247,2.074858031034198
-10129.105604018014,0.3259435325325167,2.0393236593958965
-10129.111137103384,0.34287767142370157,2.0522008187617047
-10129.126035918303,0.3576151337016116,2.116122789227994
-10129.102104944077,0.3748117852874936,2.173715421847678
-10129.117261479807,0.4012319076138222,2.4469002685631285
-10129.162853109674,0.44590555580552854,2.5158170607584527
-10129.234738606858,0.5838051232119715,2.701374295044854
-10129.42112334364,0.7001302210100305,2.7849779797930623
-10129.935430517522,0.6186126509631774,2.7965395674088764
-10130.271006120374,0.091091232207596,-2.170842997368562
-10132.350297982619,0.011293118401831868,-2.538206134130088
-10136.352101197246,0.006104749031082473,-2.406233450559182
-10142.766613998461,0.3818513905001877,-2.6269261100124606
-10156.226049696317,0.4990067518990061,-1.522498083442853
-10183.84032908456,0.01606815661440077,-3.0131472521932676
-10228.724441486456,0.9988358022712006,2.2276022184106914
-10240.464286278298,0.9932851224124292,2.106488840289771
-10240.461807594796,0.9908015840654479,2.0918230668241833
-10240.459526801775,0.9920817412265531,2.1623210376182076
-10240.472618610323,0.9964540561102724,2.2349699975064246
-10240.50523913459,0.9997173114291874,2.2588473210010536
-10240.525439265293,0.9983912876586216,2.4246259179498546
-10240.677879161638,0.9955299900244039,2.707539126028067
-10240.802246631774,0.9954672421427143,2.49788925110657
-10241.063238332992,0.9909289855278203,-2.7064715470778724
-10241.68852788104,0.9204151526781937,2.8496706530737885
-10242.527224179144,0.5809131118986047,-1.326301926893847
-10243.3785339769,0.1759076765361234,2.2342410442832774
-10246.348746570658,0.91304249552792,-2.476949814511894
-10251.475333296285,0.003322933756722943,-2.6906707826781933
-10261.283088622484,0.9995096669270948,1.0153286014053586
-10289.415711912316,0.49458403334608536,-2.3878818526801884
-10341.812881250671,0.0033601153137044074,-1.9969970475356669
-10366.551302272557,0.9900717488408176,3.001342912473346
-10366.551997928214,0.9885504116823942,2.9219588264849614
-10366.547104815136,0.9877821872809899,3.0185685798947173
-10366.554089777954,0.9941572399920441,-3.1392207239349723
-10366.594368912174,0.997835348717684,-3.126134118542491
-10366.631715179621,0.9973766232814183,-3.0622484124059546
-10366.709801974106,0.986634164413835,-2.8047747637430414
-10366.771799316863,0.835608842224948,-2.3517523951790404
-10366.749863278486,0.5574980163008154,-2.0581811008508506
-10366.922203581335,0.0007142155871262181,-1.8803298012956318
-10367.158430390497,0.0006155919869189207,-1.6413133071216854
-10368.659053558475,0.9355875446252396,2.895888023599113
-10371.724178939909,0.503641182830554,1.6764505141670698
-10377.67701981051,0.00228513299135567,-2.909933155984324
-10388.968875524724,0.005018997848854519,-2.1583956434937694
-10409.081850421102,0.9641028709729526,2.9736547373076068
-10450.131095513469,0.9896433818753663,2.547845464002817
-10463.929327446116,0.4966547466576275,-2.336968391159269
-10463.934771794686,0.491398975855904,-2.4065775646591585
-10463.936770094144,0.4912438775161112,-2.449196799112815
-10463.961370563642,0.48791778661434704,-2.449358555771738
-10463.939567487654,0.4987763784010968,-2.413049396074507
-10463.96103579741,0.48254322649360415,-2.553437492029379
-10463.977651495308,0.4025884176212977,-2.6074072197866
-10463.989004090572,0.34134630286303225,-2.2129967460277506
-10464.104203435552,0.009975013392578731,-1.964784240376057
-10464.2374874017,0.0004967081351988638,-1.6937645727262878
-10464.00782556202,0.0012325638332332878,-2.230464793864386
-10466.327409062504,0.035917883040878916,-2.535241653101835
-10469.081028981795,0.9998159915304226,1.948217637888714
-10472.68321014935,0.9981318568830002,1.8963036205414134
-10486.803187146817,0.742729630451886,2.7590308204741074
-10509.111823470661,0.21640257080902905,-1.2720963196994721
-10559.93125421598,0.0026185529900151477,-2.6828856432164665
-10573.813136961497,0.22041095938167493,-2.72732784066377
-10573.812918532245,0.21593660825946911,-2.7493504707159837
-10573.815063318332,0.2169342633756425,-2.882498841644309
-10573.819749220242,0.2063701625320271,-2.9720547953595036
-10573.836347993209,0.21424992631785014,-2.9988022378615744
-10573.831301105438,0.21812997337101817,-2.941981368511839
-10573.856005652207,0.21312780950377105,-2.5249868758853857
-10573.918451184776,0.13427127444833062,-2.6659944173783647
-10574.102443400927,0.012259793007754982,-2.866303920621566
-10574.720479187832,0.004981318343619975,-2.7900803797872364
-10575.701114660576,0.11503314928584883,2.355961292161055
-10576.970588297745,0.024086131563564178,-2.930866572507696
-10580.776472921601,0.9748797439368923,2.907422435888388
-10588.063497255935,0.9549041224699657,3.0405818156797064
-10599.806084321097,0.8689289608591678,2.295796896638933
-10625.328501399277,0.055501978096427484,-2.509323607559788
-10673.349213356747,0.0017194870325036816,-1.8615300946561932
-10696.042419728945,0.9991604294817114,2.3896051427579836
-10696.040579101551,0.9950070729806588,2.3965244732794115
-10696.043103621618,0.9941915281855431,2.3683930199892966
-10696.034001532169,0.9933921593456775,2.339602864424963
-10696.033950905485,0.9972290705009493,2.3705967777008334
-10696.094541972085,0.9949234985943619,2.297298637687831
-10696.174385521288,0.9984671106639779,2.1536845652426058
-10696.261486733823,0.9938441406888251,2.0629653783812936
-10696.35316969238,0.9832973741903507,2.5931861341316047
-10696.788049208133,0.9872553488169793,2.4229515526050402
-10697.701804488006,0.99903411940643,2.0518976333556713
-10699.373778352365,0.8508999350068657,-2.5607556009146104
-10701.773558740826,0.9969333885911931,2.7796787324967145
-10706.562151547385,0.024703123982423032,-2.5916375720152436
-10719.725385670965,0.8099926391538047,-2.452895046948418
-10745.056583455998,0.014721577314623584,-2.3569212478042667
-10797.67270887072,0.41770103005544423,-1.5940176384398355
-10819.498475567385,0.008465923928815275,-2.421800708615135
-10819.505299483271,0.0063083708226649455,-2.4031121001963074
-10819.510830303805,0.004588073864739529,-2.3713047245582834
-10819.51536521041,0.010303969777611454,-2.324683538163901
-10819.543781804454,0.010106418531400926,-2.5654688173691516
-10819.573578284917,0.0002721894004136976,-2.5545333787877125
-10819.65865581637,0.022875755935585305,-2.767466471207873
-10819.819167560978,0.05784945259381981,-3.09767689193778
-10820.0244599973,0.16086209211024305,2.050227107194745
-10820.03806229845,0.7561236580439448,1.4733443830499038
-10820.775610113418,0.9902199831246855,2.2804713846800677
-10822.541776765956,0.7688628752845159,-1.8464396698269747
-10825.479928838786,0.003206947487565444,-2.697649527006232
-10832.563321801776,0.0032179504638023466,-2.455775887714502
-10841.823968726358,0.9137519992581294,-2.9241304709535867
-10866.210011367175,0.8151222224814038,-2.889390572878419
-10917.59085274367,0.5536348248058458,2.3614940598293668
-10939.48605356384,0.0019034240826600749,-2.2452378695669704
-10939.491785024358,0.0019034240826600749,-2.258806584937658
-10939.502280633345,0.004698234681245444,-2.3343224800327373
-10939.507878242894,0.0022975972290019513,-2.279255008711773
-10939.527669189129,0.0006364473548445431,-2.1732173199639684
-10939.554117217698,0.007124970099891485,-2.219105367893991
-10939.57810798655,0.0027107015054117717,-2.092798519487841
-10939.750463955457,0.016633465643699136,-3.087907182949609
-10939.998237089872,0.107589034359697,2.7790003920808397
-10940.264537031757,0.3796250233900056,-3.1155307828487757
-10940.944598398988,0.49623859636811335,2.7295624926394417
-10942.622005850273,0.7572087533922549,-3.060768634185
-10946.10601454418,0.004360044481372057,-2.0986705017950427
-10952.157530344517,0.17764242591551851,-1.9381115485146814
-10962.93502708974,0.0031353374213771747,-0.8448281515821394
-10983.44489172308,0.02061306856167276,-2.6537943126764683
-11025.092369666032,0.9012034183041502,3.028287410455121
-11045.57963402742,0.0019503750281647226,-2.6329281672543368
-11045.577849367446,0.0019503750281647226,-2.6352275557467633
-11045.585765726077,0.0008841599609720899,-2.6067201614431235
-11045.593883478365,0.00018239247040604135,-2.5011440528605964
-11045.604630062287,0.018931748747287813,-2.4331828760873626
-11045.632634569254,0.004552484085966331,-2.3578613666007495
-11045.673703664952,0.043702860530474175,-2.202391308193802
-11045.742134547554,0.003283068068405715,-2.495604223808172
-11045.981460197112,0.025712030357083412,-2.1191807476294398
-11046.429166444967,0.003945394464397537,-2.4734830269442853
-11047.186659833636,0.013083845484667816,-1.4373633614161359
-11049.25017828349,0.005230906772839762,-2.951442988809061
-11050.631142088647,0.4584834102466485,-2.47231854246959
-11058.191722472078,0.9901684342627104,2.590689140400638
-11066.80335494502,0.999594245761745,2.672925425403977
-11089.043584054343,0.996055885564451,-2.6723228552672422
-11138.581251490372,0.9357751286379334,1.5494762748491544
-11164.294965605044,0.02684493100913672,-2.9102711724653156
-11164.284982906249,0.03105624393724547,-2.9219578562510367
-11164.29290262514,0.01524645701919514,-2.9306369799826255
-11164.29752274506,0.00875255026006637,-2.96161041994529
-11164.312665596819,0.003942095448215215,-2.9161077788476724
-11164.346527349557,0.006616429376177348,-2.8821054980157346
-11164.3911565448,0.0058941072033961515,-2.75414763632342
-11164.626828403594,0.015387539553380859,-3.023335639806173
-11164.9175669335,0.06885364905733624,2.7138419220387746
-11165.340299865215,0.35323877333337694,2.6660318837506694
-11166.115139145611,0.16602081208377467,-2.899616960015676
-11167.82839534932,0.0017926855812563777,3.0948812700524133
-11170.655112232353,0.011505230775668814,-2.387383625905361
-11176.735113662618,0.5225290790330055,2.5467668840310154
-11190.945755551003,0.003191075906673361,-2.0129020100653587
-11217.131823120866,0.16467005059613604,2.2111183806407926
-11259.657296284293,0.9995338099056079,2.7701884097195624
-11280.605912435702,0.3975048692899278,-2.379766333259331
-11280.604808401213,0.39218784496024894,-2.325828684486959
-11280.599041843558,0.3792867147967337,-2.332582873648962
-11280.61363284729,0.3660609444074695,-2.400920533726187
-11280.632406649082,0.3484560685840384,-2.530500165531511
-11280.647082937345,0.35891033021292074,-2.3043257685030976
-11280.651660289792,0.2778273121750106,-1.9005726911956524
-11280.667224033812,0.11201325001191668,-2.2905666466901784
-11280.884099954505,0.002085674307110273,-2.3203767623391527
-11281.332369297808,0.021875904198920465,2.7622064781652194
-11280.759921056928,0.99944079671383,1.2878823216103958
-11282.274593237316,0.9503926513130544,-3.0094622452106443
-11285.201463475008,0.005400557120932811,-2.493541853079866
-11292.372251402112,0.48460865027595007,-2.2208598298513644
-11305.421077370984,0.10693202986860798,3.0324901305137164
-11326.38182329608,0.9985481696910075,2.2994141810623008
-11372.347715264275,0.5037030747824378,2.9567960932456963
-11392.697010847578,0.9751911107751945,2.08181505990033
-11392.69441494118,0.9766870707708369,2.009985405414774
-11392.689559778873,0.9859276323943077,2.0348552297273095
-11392.699613213532,0.9933406538148154,2.076865534881712
-11392.704996228074,0.9994021464512987,2.1158485710519237
-11392.7270586504,0.9974828640834499,2.3469228946427965
-11392.79160906019,0.993259830086128,2.2828239529487
-11392.883785158738,0.9917870242822253,2.662448944830878
-11393.22365157154,0.8510164673823499,-2.805136704198454
-11393.536078295101,0.3695194896217063,-2.34999073474497
-11394.1917456702,0.0006344026905085757,-2.14485394418685
-11395.82332626874,0.9374121780119395,2.9126244071793144
-11399.046490881981,0.012433301331531742,-2.3563158014357497
-11406.025961025962,0.5693667483550461,2.790977498769351
-11420.185219869292,0.04861146048834305,2.936640172187735
-11445.988702183235,0.005555447734046799,-2.790441576139649
-11493.415121973514,0.9870228008240592,2.8090837788050713
-11515.557473601843,0.0029986908866370503,-1.7223870477237035
-11515.560595384712,0.004203655249608318,-1.715343580444966
-11515.563029138671,0.0038267221486559997,-1.7473726337395454
-11515.552511077485,0.013744964580724663,-1.8142189433463733
-11515.556062378599,0.0016631374443635016,-1.9170385183118983
-11515.547822703804,0.0058101679705064736,-1.9427568025984725
-11515.605717718934,0.000799654264427323,-1.961554635751595
-11515.68369330392,0.0014080177408619015,-1.8869069260388873
-11515.956316206133,0.0033568015514679195,3.133441166959855
-11516.231610238432,0.33381350372609203,1.1182810495648834
-11514.752520245967,0.9987446429705451,1.088773116467924
-11514.665098283367,0.9924621656177766,2.8167986333238897
-11517.833665250027,0.24718044210734402,-2.9127782034519485
-11523.989002505978,0.3679712957876096,2.680832848472634
-11532.143849281376,0.0015540982791676183,-0.8449137587541653
-11558.322790722246,0.07838878520174584,3.0504517214815685
-11593.446100159053,0.9974235693169009,2.569638899318348
-11608.376432860101,0.180190715407201,-0.4137386761326658
-11608.370318753909,0.17052529725612542,-0.4076337239275776
-11608.362786465696,0.16788256084244818,-0.39405294272637814
-11608.357797047844,0.1595410457563236,-0.45849988780823736
-11608.336411983933,0.1629177671276535,-0.6273740471865872
-11608.260672641596,0.1566858243337907,-0.6287819501936398
-11608.201406201099,0.14165648716049728,-0.9677966898161192
-11608.029617212998,0.009414863188628166,-0.9574393393780101
-11607.892240872316,0.006079597467852051,-1.2353959561709527
-11607.972833291202,0.0009319450243055287,-1.7664809484067436
-11608.316714330975,0.002006091951900334,-2.4016547856555643
-11610.693561948254,0.06920297675252937,2.9821848272443514
-11614.2476848353,0.9991885717204618,2.5371258927056086
-11621.705558876798,0.4132285945762243,2.490099095676112
-11633.835239500635,0.37252000341275326,-2.5335017066039796
-11657.490530060768,0.9953798963819095,2.3395314128107145
-11706.255199529141,0.9985757786670697,2.395921677591341
-11730.498100640098,0.001848188491685744,-2.063343871833273
-11730.490913815338,0.001848188491685744,-2.087251320697644
-11730.492517198745,0.010161819829970062,-2.1456603060022146
-11730.520830625957,0.001949481468190498,-2.1910114158536005
-11730.536383341101,0.002578563441496388,-2.4002206402342283
-11730.591803304098,0.001159326323061567,-2.3477442531452852
-11730.62992396958,0.002231743698811146,-2.262866785807784
-11730.706062880645,0.006987069036838265,-2.5457916781618355
-11730.965237660243,0.011091781450215358,-2.9182644630944714
-11731.434012532054,0.0297319055577524,-2.9832187108434427
-11732.617287003299,0.0024661524625534956,-2.1921831634393216
-11734.118303511346,0.3734674799369976,2.901068292373063
-11736.747666100426,0.005396234252299187,-2.628938605774791
-11744.433425807822,0.02444393424616497,3.0797157499701875
-11755.614930763213,0.011817801940468007,-2.984656039236955
-11774.445550520228,0.005024887466670602,-1.3263059817172187
-11822.743861171606,0.28082205649353037,1.735179932335912
-11842.899794021949,0.013970709287656239,-2.8700204557188425
-11842.901616286152,0.011592447529415956,-2.8302399729550825
-11842.90095343588,0.0005611794675058372,-2.8965693433302326
-11842.920738144509,0.0043708028002702164,-2.9172427714948674
-11842.924495037763,0.004817104354184839,-2.969668653109496
-11842.983851774408,0.02424492366285875,-2.874831388534356
-11843.083683358747,0.0013350725373909153,-2.744138653940021
-11843.321996661642,0.04905325274436982,-2.9486076352985107
-11843.541084033204,0.009565065594403946,-2.7937305812053626
-11844.218186666038,0.004068329498910824,-2.418032641271264
-11845.424036506289,0.0008358340047245017,-2.9903281929407877
-11846.915949276592,0.6096260668515797,1.7561841288792257
-11848.665710845182,0.34261801929734703,2.9715440174964876
-11855.219385024513,0.3875432987117667,-1.4391208035252556
-11868.411524689765,0.010244474201165272,-2.28944135327947
-11889.929900946627,0.013907269536135778,-2.4888443682303834
-11942.104395139122,0.0015743182744406346,3.067162199747676
-11964.553594183208,0.33043819994039,-2.739402921811446
-11964.547508892058,0.3309326919196927,-2.7014694907528187
-11964.553340101818,0.31880792355529247,-2.589460070117718
-11964.541844573561,0.31705753621637406,-2.540388298451074
-11964.535199170403,0.3156275938973693,-2.4862121348016
-11964.573948563233,0.29200431722007497,-2.572223810349557
-11964.58479329505,0.2389780351979701,-3.0951398714421585
-11964.670999035365,0.2556893302357636,2.7361275776334617
-11964.818346690026,0.2571886150880504,-3.103443069115389
-11965.261939901948,0.06636659394456311,-2.4910581215083476
-11966.263256527565,0.0031176961620981375,-2.60021976950688
-11968.521821706257,0.08764800178522239,2.900492920104055
-11971.90233519317,0.8398776421360213,-2.6936069766963127
-11977.81844807442,0.1652297239824268,2.6683929690567485
-11989.460496440344,0.5744641063152491,2.3744635780801486
-12001.661842509817,0.09146692170953041,-1.6055987422501397
-12039.941312650491,0.6328350977986745,-2.6691247833672884
-12059.682245210586,0.6709683748026445,-2.1917633772889715
-12059.685168849915,0.6668202983608602,-2.195334728052483
-12059.682287909112,0.6699831433727025,-2.120440455780104
-12059.672421555786,0.6733417518384697,-2.0389962225721985
-12059.678613438839,0.656317583638399,-2.019630547281949
-12059.68281302461,0.6126085862634634,-2.063971639745742
-12059.695374346788,0.5355503628115325,-1.914500365778641
-12059.625228789084,0.3828787402635411,-1.3864155941356406
-12059.356769740114,0.1836155139179481,-0.5014109619626006
-12059.037432138692,0.0024422713875087865,-0.8652921294611571
-12059.535795860636,0.00263671578544778,-2.9757299463038063
-12060.22372647285,0.9969469411080512,1.4644689939574809
-12063.674467541674,0.41436442617913793,-1.7853987369177329
-12069.532469452195,0.20189670568891496,-2.8525908297182747
-12083.014138004657,0.9233806546701967,3.0187540994427344
-12108.690893067684,0.9801872762583652,2.6226668107319036
-12153.170680189995,0.005703286077606601,-2.500717260419048
-12171.85770589448,0.8508887968900506,-0.5190477578020118
-12171.850787199315,0.8500591659109323,-0.5442435244238926
-12171.840728957652,0.8413406407099722,-0.592867837009877
-12171.830629671293,0.8347751922900021,-0.6467467749605422
-12171.806110845218,0.8542185059414797,-0.633290675721828
-12171.77340762523,0.8249226542307948,-0.6656887819456001
-12171.696925367234,0.7693223013764526,-0.40654228539381654
-12171.504204964302,0.7139929708560689,-0.9033157363597439
-12171.240816638101,0.46947299218296995,-1.9512295289483697
-12171.454091986836,0.00020302464907028103,-2.4654013824921397
-12172.557169844902,0.17109725900688405,2.947242259998572
-12173.758664480007,0.9998048981565868,2.247056877457301
-12177.54801013602,0.9992640990801681,2.368689202458234
-12184.215101843634,0.5771100229953648,2.918434837585279
-12196.534096776184,0.004269690886405268,-2.6631182669543714
-12221.463905742587,0.9734243242607886,3.035393590088212
-12265.263291091467,0.5486932060543857,1.5466890081476397
-12287.095752829833,0.009140316351482429,-2.214793207278507
-12287.097027471997,0.006717729830608594,-2.1874805405430036
-12287.108615413868,0.0019566730784250125,-2.1793117474518104
-12287.106732184766,0.0011885115897478985,-2.2285573803613796
-12287.106573835003,0.0036811504550036045,-2.3168077105494085
-12287.13207286825,0.005099203207388233,-2.3588365719840274
-12287.2356033058,0.012778374360788849,-2.7986247599701124
-12287.360003006874,0.0026263649911533286,-2.683532437629864
-12287.700520461889,0.004357773222468471,-2.546614333654233
-12288.10529353383,0.003074823214471725,-2.3222759618331317
-12289.262227234034,0.3425204576166683,2.756151928036532
-12291.138483729717,0.05365812358299391,-2.9782977751168054
-12293.464504290248,0.008019638939513006,-2.409143103102621
-12299.486142323945,0.05241047575773968,2.757082678880094
-12311.259812708693,0.9841087573376217,2.3324823260280727
-12333.177513628374,0.9906173613495409,2.7729734976126785
-12384.094913880996,0.7646768210479811,-2.7664257729176387
-12407.515462623765,0.13483843103845367,-2.666747954126887
-12407.513359369654,0.13207681581013908,-2.717198606451803
-12407.52538660776,0.11861764809036868,-2.7970852162183175
-12407.531117657854,0.1226797730232083,-2.9216226948306594
-12407.536721082055,0.10651048103254404,3.0021140978201455
-12407.55921667249,0.08772854988268267,3.031228085896598
-12407.614948426413,0.09086774979636389,2.9679881811108046
-12407.7940945995,0.10922488982401304,2.7256028865128474
-12407.987862629107,0.2624691060728793,2.1589788692331844
-12408.172625624033,0.7307198819877234,3.116281358317221
-12408.864673553666,0.32890815650783845,-2.264907454675053
-12409.041240179495,0.9999749663467924,1.263772414106925
-12410.684228695074,0.994004574854791,2.435542976912094
-12416.667814093558,0.9993136631000601,2.5431533883143533
-12425.198147397918,0.43456430815666697,2.767615226210305
-12452.1018872222,0.9953914348352801,2.39375646125535
-12499.19375199416,0.8344603747489124,1.0606653561475134
-12515.450624586789,0.001849307231762954,-3.077611385061603
-12515.449242338786,0.001849307231762954,-3.106935367649358
-12515.451821423003,0.0003695564288995763,-3.0719105171752026
-12515.468383181485,0.002352334223734996,-3.0739361720813982
-12515.500185206343,0.00806422421907849,-3.126386761484209
-12515.517858511359,0.026592163236783997,-3.088212471532711
-12515.66078962245,0.005350023529930564,-2.602648213634635
-12515.800836442766,0.024585526478552916,-2.8437808970527634
-12516.137586941706,0.03719809350209798,2.56612859907397
-12516.456608846405,0.281844045403374,1.9812986777609822
-12516.782270737447,0.9974089699143083,2.122598529312418
-12518.26380926151,0.9960806280812101,1.88366908742125
-12521.441283785154,0.11925697962826294,-2.996029006067424
-12528.82951612065,0.007071897572905016,-2.915325466703626
-12542.140002966427,0.788859469221868,2.9220490976438818
-12564.344946839305,0.9014332092624374,-2.6701632197656835
-12614.684311384404,0.0018736625850826164,-2.10794520841954
-12629.473252995525,0.0005371497777814402,-2.131931290243886
-12629.474198773609,0.0013499818249994152,-2.175538870757998
-12629.474721011014,0.0013499818249994152,-2.0470212247843613
-12629.480067556582,0.002014872766324484,-2.182704475306271
-12629.48693831547,0.0014334536004431695,-2.083024797828786
-12629.517197395822,0.0021671895972651713,-1.96832686186672
-12629.57863974851,0.0009620759462956095,-2.2174472335551547
-12629.678096912483,0.0032930672120640905,-1.9918737631106866
-12629.87182470538,0.00488196129169148,-1.522841549393603
-12630.03437811383,0.0067717898003279205,-2.350414182228155
-12630.75459618456,0.012059498969671074,-2.7485032473147455
-12632.824363312053,0.0009903069876787116,-2.601515865507837
-12634.479997007327,0.9987229821536706,2.214364878512143
-12640.753331685875,0.00835426055493178,-2.3286912443626333
-12653.747488035951,0.3202240201927856,-2.2688247727848188
-12678.983312315424,0.22792449985910077,-1.456537747964385
-12721.462697897538,0.966654586213674,2.4718615515007905
-12741.585461966879,0.010045128046155408,-2.6046735519329167
-12741.587191829138,0.01534213840749999,-2.6763085408580136
-12741.583633095039,0.009524724728730543,-2.732332476726275
-12741.59872792381,0.01409551042608807,-2.910834077499594
-12741.624295116173,0.018319796868203432,-2.882784502868958
-12741.690635297467,0.0014534007950834143,-2.6583006486893277
-12741.76259675247,0.01842837102661739,-2.7571433997002517
-12741.92209983048,0.014684905504866586,-3.105232276678232
-12742.210427511953,0.12643976806966942,2.3045998653391493
-12742.216338208164,0.5372581553527486,1.9896852900778246
-12742.849317020753,0.9850834793089351,2.7690273012900626
-12744.266165887695,0.21725225247283075,-1.4777820455998625
-12747.121211976988,0.00161017008676497,-2.4100884198115766
-12753.977149812332,0.10336315979615458,-2.8988252640202425
-12764.539476103993,0.0010375954574750965,-1.68023856436338
-12783.808823167588,0.06341853565411468,3.0077162176234324
-12831.684099663658,0.9213913018656958,-2.5210956789826735
-12855.636294277723,0.9404977681248571,-3.0624544769816593
-12855.644223048386,0.9432513911561996,-3.0067267119745438
-12855.655607327877,0.942385976861807,-2.995815918305242
-12855.649175603807,0.9420365002025732,-3.110116143125973
-12855.65840602118,0.9401133005036828,3.0587237412919723
-12855.699974246118,0.9153840688619103,2.950193645301784
-12855.773047422386,0.9355169313808265,3.084029068236001
-12855.960044650037,0.9315935107186663,-2.8527505744718833
-12856.209697561848,0.6779683250891416,-2.2615008987229364
-12856.46839613605,0.31536378936957166,-2.9897311787283134
-12857.219585259587,0.45385152569806186,-2.9714178381326772
-12858.684207721624,0.16079029097271744,2.580766459297074
-12860.947550127801,0.9866785428810733,1.7639461117836746
-12866.53620143718,0.4823974930938531,-0.9480405244975669
-12872.609486688581,0.0133905450517265,-3.079097401069969
-12889.020750902766,0.0007898729696302902,-0.9242172725071445
-12935.416502442211,0.13985124773278076,-3.035736690987129
-12957.929091723914,0.1647400675179225,2.156228861968769
-12957.93049115071,0.1719783895336337,2.102059577526001
-12957.940881112521,0.1679247276093003,2.0847078405804282
-12957.942976584462,0.16891799020508017,1.907561443869218
-12957.944270999718,0.18617780980266724,2.1223335294263146
-12957.931127624375,0.18615367949030087,1.896670603350885
-12957.878351429,0.24265711327192674,1.875825623179879
-12957.853745123504,0.5064421949244402,2.0738580432634075
-12957.731648436518,0.8193405933761629,2.1779454595366774
-12957.973704408114,0.9996315624276527,2.1541456638476113
-12958.125455948079,0.23406959628240873,-0.5629946797849383
-12955.671420298211,0.007764457522811826,-1.98434408420874
-12958.812178973762,0.3887015689908176,-3.0744354933659954
-12966.110380284345,0.9518932580854066,-2.4676305378518655
-12978.96437565981,0.972894472150538,-2.9125483799585385
-12999.81005565087,0.0032923294363011012,-2.33547546776904
-13042.607562804227,0.0012885299999697176,-2.905634902755123
-13062.15878626169,0.008750760810693143,-2.800140563083383
-13062.155369181932,0.007517826097162885,-2.7454324887778085
-13062.157530669849,0.000959108178110932,-2.734828494965048
-13062.168501067821,0.0031157561428688907,-2.665176738694534
-13062.196378401126,0.005092942755862612,-2.518386092298296
-13062.258232176628,0.003300111351945848,-2.518822477876972
-13062.384357439074,0.0018510998856358773,-2.88118447880529
-13062.520395598569,0.002182705429615981,-2.641665188497942
-13062.824804342677,0.04832554007508887,-2.76152672052576
-13063.339830549921,0.021583659817433952,2.9711044822348978
-13063.616719066169,0.86310664779294,2.074608818433857
-13064.542478100017,0.13272480438777856,-1.6496413187583705
-13068.227388040272,0.9927193487093254,2.504813449718144
-13073.864883644912,0.0029387588014653954,-1.9876068421891104
-13086.152748982298,0.4337233798826323,-3.033253999997403
-13107.73356649822,0.008535319230437962,-2.6597153159946862
-13155.60950006929,0.45421569597896433,2.865510682006013
-13176.720027699219,0.8788647980483927,-2.692199331395244
-13176.723479032917,0.8797770194088881,-2.773276468195206
-13176.72992732655,0.8769734845220384,-2.7377085269736203
-13176.756165534982,0.8819096882752216,-2.777317395030084
-13176.787719549438,0.8696761863024497,-2.969575840592643
-13176.828284977826,0.8359957138752511,-2.7237146873470492
-13176.882109441718,0.7884930639828178,-2.0856968327777246
-13176.895658194902,0.6821500521243753,-1.6493226850149694
-13176.820935263724,0.37906037643859675,-2.0925878002768785
-13177.2195935278,0.04183561973536888,-2.4674083979454537
-13178.264856584603,0.06925809560937432,2.418877819396527
-13179.678749525057,0.8327285197227778,-2.819725096326718
-13182.408322731162,0.9947710639036019,2.5499449375541534
-13188.646868510736,0.08200763634782042,2.945546168113954
-13200.757766471565,0.5603975278357495,-2.240135703307402
-13224.884324372839,0.9971754429296048,2.6750510928352416
-13244.203225508101,0.8754076568310235,2.4153929908817577
-13266.077671790621,0.053991847786182406,-3.0074012627837905
-13266.08069991669,0.05558241458707655,-3.0236104331271805
-13266.088144030367,0.059330526911780555,-3.098121606190387
-13266.092147109837,0.07268629355956287,-3.0458216962625304
-13266.091532212926,0.07491601720348157,-3.082584577330614
-13266.100461238131,0.07086022938719046,2.691271380583469
-13266.152799417794,0.12957060330121298,2.531859295414921
-13266.25516295701,0.24871368360058355,2.225035970755381
-13266.435230571155,0.5835205723975987,2.1184769867063054
-13266.788817868248,0.8750488310180645,2.7597191002201518
-13267.636378368972,0.9937628418329431,2.269348166797159
-13269.183989160136,0.9988188185395233,2.1728998258608554
-13272.930052047768,0.9462786528493965,2.8738484967754205
-13279.499646123855,0.9923365006576474,2.8345508128112904
-13291.46448961164,0.5330981197281318,-2.900994263616673
-13313.081885505566,0.0015362648648322742,-2.339083675761609
-13365.383982521027,0.24727179712885236,2.458682186837896
-13389.171667349905,0.16069793232787957,-2.741071761061641
-13389.178787092422,0.1578551885592676,-2.7748156401037862
-13389.183006284302,0.1567029616746095,-2.7952686492269687
-13389.193548075651,0.16709087407603063,-2.725070199754421
-13389.198919217595,0.144835742910537,-2.5993439919013865
-13389.214134890964,0.12724578119026891,-2.8192866958622766
-13389.237454527127,0.07848501608232444,-2.7700642169427163
-13389.334674947384,0.07560245447699392,-2.927585274502873
-13389.72065223316,0.06784270399946446,2.8135688167776927
-13389.875423523343,0.42787950159034105,2.2500894627892256
-13390.16983156501,0.9923666279350611,3.014382791917157
-13391.940886086753,0.4297894285449137,-2.6883317220730563
-13394.06656259197,0.986039167483262,0.4056945699782295
-13396.24082459599,0.0029391291753558084,-2.210611226927819
-13409.957192673191,0.8474038871898588,2.9325302637737387
-13435.666368945755,0.9752941862476799,3.020580707942182
-13483.786296828212,0.2511726319490343,-2.5295880722520008
-13508.695008798239,0.07296005611842016,3.058235049607262
-13508.697635000493,0.06871003174509438,3.0729478391762566
-13508.706543269278,0.0763203876572685,-3.120276636127949
-13508.717739920725,0.07720129166712691,-3.0569987344382565
-13508.72641675992,0.08868307105727313,2.8147597728704685
-13508.776633935526,0.1098224704520035,2.769402779052829
-13508.813066079218,0.13761394384639147,2.2152035432362096
-13508.91648112792,0.21536955879053785,2.281833552654491
-13508.935729992882,0.5139130453014568,1.7048873254247283
-13509.139422716704,0.9911489569155979,2.9520191616239924
-13510.21271550375,0.8415661634393523,3.0429192280351263
-13511.416007523367,0.2253582067691061,2.658129901362943
-13512.554751567235,0.2817133114544511,-2.8885697899861764
-13518.43359275948,0.6672154877777747,2.7856413685981787
-13531.046196715553,0.958835342585413,-3.0767289061127716
-13550.401353439413,0.02237706898369307,3.0458337945225464
-13600.312376332313,0.08438566824234624,2.560943375591423
-13619.367407072206,0.8501086846177015,0.3086460960564956
-13619.364933116436,0.8512742626113794,0.3670351688478286
-13619.37071122108,0.8533931823349895,0.431196853726882
-13619.358307115483,0.8584307664734299,0.5484853249508692
-13619.330231075744,0.856718855276729,0.7079381716212874
-13619.299326360859,0.8678266726710568,0.8011796552539714
-13619.24676570519,0.9123791314100401,0.4220255656175982
-13619.066130952111,0.9189382565034903,-0.17949321714855282
-13618.771863350597,0.8859064583596541,0.12720411063498416
-13618.375223933055,0.9964275051477338,1.2318470332747182
-13619.198778871678,0.9909920569070674,2.6868347526673695
-13620.729125475174,0.09258442826718405,-1.711552718187417
-13622.492866899252,0.24173738432510475,-2.6912287975344333
-13628.086008907878,0.9848870553623625,2.100088863939015
-13640.539794335,0.553558769790648,2.353327070582538
-13664.314208902979,0.5330414849188698,2.745667935348205
-13704.327891594721,0.010019647464002171,-2.9467298796525956
-13726.974344361986,0.7557795620276538,2.907547701733847
-13726.971379914668,0.7544176985461917,2.9137395848671197
-13726.97204824463,0.7579637364437478,2.82629389168494
-13726.975079864218,0.7660191891406527,2.8123480193069685
-13726.99347623542,0.7493621134807101,2.973740136702605
-13727.02685798252,0.7589152297235704,3.122514891416394
-13727.096397766954,0.7352190092521775,-2.833210729792709
-13727.262646736424,0.6755932432808639,-2.6731884699681827
-13727.52440707604,0.7758046534595594,2.9274414728070646
-13727.941910607069,0.6869274483578531,-2.583870701367627
-13728.655829562269,0.7652864871054101,2.84192177535175
-13730.035465187482,0.0021616809763249437,-2.262961449755725
-13733.996033499743,0.9954420243222067,-2.5236627680968255
-13740.183387608775,0.9946811285980492,2.8420057737502056
-13752.106787103148,0.9947513145130586,2.207062983287109
-13772.052977974567,0.008908501690353753,-2.4875450069973484
-13818.452395526994,0.0035633270311702216,-2.1535420922109894
-13842.66805263592,0.6193821203120675,-2.4011865809325
-13842.670458543189,0.6282907900130621,-2.465268778917105
-13842.67369839989,0.6321004563976405,-2.450344333038748
-13842.668815719408,0.6303994675654087,-2.6256731198763426
-13842.697552975964,0.6230585197263101,-2.7030372302239507
-13842.715080011338,0.6372682864934782,-2.8319765964261436
-13842.732643393103,0.6047099892766898,-2.7692339124130823
-13842.833525140617,0.5552232625926511,-3.0157797146405603
-13843.058869704804,0.5053478543742166,-2.7346349381950765
-13843.399540189288,0.28746522047877016,2.9678464007922507
-13843.797468777188,0.9957916145905714,2.3128180906287312
-13846.05943960682,0.6582103480339193,-2.5323184612052865
-13849.552574903802,0.03605188283251541,-3.0344769860508207
-13857.054469721255,0.002114703841831108,-2.5187414758244056
-13871.750361805023,0.9950184903731801,3.017501537347968
-13896.895650873237,0.9877514628502034,2.390932328628148
-13942.221897317202,0.0449792230158234,-2.4231031630045834
-13960.2911698744,0.9942956750047939,2.623722550998055
-13960.29564237007,0.9934857031526428,2.6323515978025185
-13960.295917983087,0.9965964399190981,2.5809349511784063
-13960.30949787453,0.9952709158913235,2.5553121036688538
-13960.328515859592,0.9920422278639263,2.648844135601638
-13960.355169421464,0.9998233876649322,2.264047425575656
-13960.41546133554,0.9984878274259412,2.506152881029724
-13960.5508592801,0.9994337604872431,2.5904541577148166
-13960.908278742956,0.9831940929270305,-2.8991181517817917
-13961.238019499755,0.5837345927226258,-2.6556110075594455
-13962.085026221072,0.5046052188571345,-2.5561860703915036
-13963.467925657513,0.43851117987618143,-2.9275395171364367
-13966.992469895233,0.9483183170805258,-2.8065097886439903
-13973.892675961066,0.0070435775887020095,-1.8468568635439493
-13987.194954177756,0.9988558473837464,2.115517740416096
-14011.26291706419,0.4157946557460604,-2.719974581798947
-14056.179938564961,0.012084183731011975,-2.3374045155482497
-14073.85599331941,0.010101785792159382,-1.8108170315842562
-14073.853520841982,0.014481801231400509,-1.8074768930230694
-14073.846225732488,0.01193187649089848,-1.7298688407681866
-14073.854536134122,0.0017784926635038287,-1.776945663773767
-14073.85777924045,0.002826062024251839,-1.6981536923544023
-14073.826738966009,0.0031576677867894026,-1.8384957219481697
-14073.858205808863,0.004735188511942531,-1.9126386218814395
-14073.903826077958,0.0014944229041391481,-1.817316359544543
-14074.031142991507,0.008715770532774416,-1.832374774053807
-14074.459982532044,0.013981995383952228,-2.091974000743606
-14075.376799806983,0.09103018555100277,2.9905327076137223
-14076.958506494153,0.1855109713563108,-2.8833118890093985
-14080.224268709904,0.9607089389756654,2.9194296497256804
-14088.0437974709,0.9950805161023997,3.0038607063859084
-14099.14342820987,0.005893914753646142,-0.935869950716675
-14126.009046430478,0.9344439927338545,-3.064412721710669
-14166.706329493458,0.9941634798795053,1.8065201254566823
-14188.057498985414,0.05452446788454044,-2.959929145719912
-14188.059536856956,0.05325985420270933,-2.9969164580911203
-14188.066543593828,0.05582734867832352,-3.0304274629369385
-14188.064835280928,0.050394386533415464,-3.088029912450423
-14188.084838718742,0.043505210695730115,3.140594938670562
-14188.10836741025,0.060344393167050966,-2.963920929420937
-14188.168080645155,0.06861371089104142,3.1116114149148366
-14188.247381360137,0.12234697410357052,-2.9291531562840034
-14188.508843365045,0.07049031240393346,3.09506276044317
-14188.94364555905,0.3229261285602224,2.680084723522895
-14189.662390737994,0.43252818326095255,-2.037353135066101
-14191.194095785184,0.42423634816252387,1.7540246521107425
-14194.226757465394,0.013331691815716563,-3.0888932674527916
-14200.105607697315,0.996515939230994,2.7061460162295425
-14211.90226853419,0.004457888373899598,-3.0324438418530577
-14239.688220252703,0.6782401059614258,-2.623722504475011
-14291.397179187996,0.34041752807969866,2.7679597644967506
-14315.644951781054,0.08028465410582038,-2.274642753758033
-14315.64322574835,0.08014549151277682,-2.231311149394466
-14315.644372797471,0.08415487102779966,-2.226084382196893
-14315.65059827808,0.09663471062059262,-2.3123235068492303
-14315.668964396436,0.07710456784549573,-2.2709155691571343
-14315.70113723471,0.05947237084877635,-2.3342607463953624
-14315.786081635337,0.025613206198489863,-2.580289318158845
-14315.998611032413,0.010045822280777791,-2.5520043685212723
-14316.21172277877,0.0009100572735604576,-2.286179301746286
-14316.640236481495,0.0011536653356909383,-2.421607526618574
-14317.482509747879,0.0019558498439007873,-3.102295320144836
-14319.840162152119,0.0010291341304856944,-2.5427334394209917
-14323.113375263709,0.9962123534289158,2.3821486964308374
-14329.884729551737,0.9995073540890508,2.470540956546847
-14343.85500732291,0.9091660240327395,-2.559965081340764
-14370.427118141097,0.3984184018653952,-2.2933476807050406
-14416.736194828398,0.14069013972030034,2.5498537285747354
